MAE,RMSE,R2
145.43958746946544,220.78511110305428,0.9680365442934965
