,actual,catboost_prediction
2025-04-02 19:00:00+00:00,150.01,124.41953793039093
2025-04-02 20:00:00+00:00,185.7,127.84073072341195
2025-04-02 21:00:00+00:00,140.0,155.01247112372624
2025-04-02 22:00:00+00:00,73.09,135.3698180479055
2025-04-02 23:00:00+00:00,76.64,100.65127180021739
2025-04-03 00:00:00+00:00,72.26,94.71949624625188
2025-04-03 01:00:00+00:00,72.05,91.4167365974447
2025-04-03 02:00:00+00:00,78.95,92.05106921518932
2025-04-03 03:00:00+00:00,102.82,104.1398082674917
2025-04-03 04:00:00+00:00,141.51,131.3509901664364
2025-04-03 05:00:00+00:00,165.94,153.92591469581373
2025-04-03 06:00:00+00:00,133.3,147.96939507946766
2025-04-03 07:00:00+00:00,79.11,110.5072388289274
2025-04-03 08:00:00+00:00,41.38,69.1745566534997
2025-04-03 09:00:00+00:00,6.98,39.08219821403331
2025-04-03 10:00:00+00:00,7.62,16.26200965707929
2025-04-03 11:00:00+00:00,7.75,15.260131876381593
2025-04-03 12:00:00+00:00,34.66,19.64748745577444
2025-04-03 13:00:00+00:00,98.75,64.64123514813961
2025-04-03 14:00:00+00:00,43.96,107.65207006137007
2025-04-03 15:00:00+00:00,111.89,83.61457948579366
2025-04-03 16:00:00+00:00,146.51,137.52476377840767
2025-04-03 17:00:00+00:00,195.91,175.00157036591318
2025-04-03 18:00:00+00:00,185.07,189.87150294374135
2025-04-03 19:00:00+00:00,143.87,157.5603026427745
2025-04-03 20:00:00+00:00,115.56,139.80355809219031
2025-04-03 21:00:00+00:00,106.49,113.96340071759262
2025-04-03 22:00:00+00:00,111.1,101.34354274325909
2025-04-03 23:00:00+00:00,106.13,104.01548644595636
2025-04-04 00:00:00+00:00,106.69,98.73294282132551
2025-04-04 01:00:00+00:00,106.76,98.52762202058568
2025-04-04 02:00:00+00:00,110.09,99.12493373589551
2025-04-04 03:00:00+00:00,116.21,112.79765709293471
2025-04-04 04:00:00+00:00,157.53,130.6612402455931
2025-04-04 05:00:00+00:00,184.66,159.89434603643085
2025-04-04 06:00:00+00:00,141.75,159.52459626169588
2025-04-04 07:00:00+00:00,96.62,115.50917317095222
2025-04-04 08:00:00+00:00,97.05,81.30695743702682
2025-04-04 09:00:00+00:00,101.05,80.74950119668829
2025-04-04 10:00:00+00:00,78.0,88.28646150590976
2025-04-04 11:00:00+00:00,67.45,71.19249001909839
2025-04-04 12:00:00+00:00,72.0,68.95349559055815
2025-04-04 13:00:00+00:00,78.0,87.06284561447289
2025-04-04 14:00:00+00:00,55.0,90.13545371583189
2025-04-04 15:00:00+00:00,110.35,89.2077186186683
2025-04-04 16:00:00+00:00,131.75,133.89060421645507
2025-04-04 17:00:00+00:00,178.74,161.64190699189373
2025-04-04 18:00:00+00:00,169.59,176.3079076803596
2025-04-04 19:00:00+00:00,138.32,144.86325089086867
2025-04-04 20:00:00+00:00,137.16,126.7012828298145
2025-04-04 21:00:00+00:00,112.65,121.97354299312428
2025-04-04 22:00:00+00:00,124.51,110.04664335560372
2025-04-04 23:00:00+00:00,117.36,114.8997959787878
2025-04-05 00:00:00+00:00,113.5,110.93152086178992
2025-04-05 01:00:00+00:00,110.9,109.1833956116829
2025-04-05 02:00:00+00:00,110.34,109.13321196202095
2025-04-05 03:00:00+00:00,113.63,112.96767327964574
2025-04-05 04:00:00+00:00,120.58,124.18539032369104
2025-04-05 05:00:00+00:00,116.55,123.81169691872279
2025-04-05 06:00:00+00:00,102.2,107.04128842645916
2025-04-05 07:00:00+00:00,57.79,86.70197150060224
2025-04-05 08:00:00+00:00,0.66,55.129793353304876
2025-04-05 09:00:00+00:00,0.04,10.065426540459924
2025-04-05 10:00:00+00:00,0.04,11.391827524570004
2025-04-05 11:00:00+00:00,0.04,11.13133816115625
2025-04-05 12:00:00+00:00,0.04,13.004724615648328
2025-04-05 13:00:00+00:00,10.0,32.54209424433945
2025-04-05 14:00:00+00:00,13.26,48.098157556485475
2025-04-05 15:00:00+00:00,106.02,67.03780221377573
2025-04-05 16:00:00+00:00,141.42,134.5327657433152
2025-04-05 17:00:00+00:00,165.0,173.14191763391915
2025-04-05 18:00:00+00:00,134.61,166.78900929939806
2025-04-05 19:00:00+00:00,109.64,124.909043616292
2025-04-05 20:00:00+00:00,108.99,115.83131735344634
2025-04-05 21:00:00+00:00,98.2,113.74693191664163
2025-04-05 22:00:00+00:00,82.93,103.01806667536833
2025-04-05 23:00:00+00:00,62.18,86.26245270463576
2025-04-06 00:00:00+00:00,64.25,71.14480427668434
2025-04-06 01:00:00+00:00,70.54,73.6410028543616
2025-04-06 02:00:00+00:00,72.49,77.04994937878902
2025-04-06 03:00:00+00:00,80.34,79.70840489932337
2025-04-06 04:00:00+00:00,79.59,91.49240473023687
2025-04-06 05:00:00+00:00,81.13,74.53310450303175
2025-04-06 06:00:00+00:00,34.67,56.10601782757787
2025-04-06 07:00:00+00:00,0.1,16.7882256797148
2025-04-06 08:00:00+00:00,0.0,-3.268241304436941
2025-04-06 09:00:00+00:00,0.0,-4.007597878735567
2025-04-06 10:00:00+00:00,0.0,-2.246088756035874
2025-04-06 11:00:00+00:00,0.0,-2.10255766836994
2025-04-06 12:00:00+00:00,0.0,0.8806445143809754
2025-04-06 13:00:00+00:00,0.0,10.291436399509124
2025-04-06 14:00:00+00:00,1.12,14.945377792702445
2025-04-06 15:00:00+00:00,75.15,43.28880476697205
2025-04-06 16:00:00+00:00,141.13,113.70280462268826
2025-04-06 17:00:00+00:00,153.3,161.40770531631273
2025-04-06 18:00:00+00:00,144.9,146.6918443086374
2025-04-06 19:00:00+00:00,125.67,122.71150961108204
2025-04-06 20:00:00+00:00,114.51,115.4967653197572
2025-04-06 21:00:00+00:00,102.15,103.08225965055911
2025-04-06 22:00:00+00:00,89.64,94.79774203804638
2025-04-06 23:00:00+00:00,88.28,85.31620363516919
2025-04-07 00:00:00+00:00,84.66,83.35848862538322
2025-04-07 01:00:00+00:00,86.88,79.75303183664545
2025-04-07 02:00:00+00:00,88.6,87.9992439585439
2025-04-07 03:00:00+00:00,102.06,100.24806601939923
2025-04-07 04:00:00+00:00,132.39,137.10789984866156
2025-04-07 05:00:00+00:00,176.94,155.880647073625
2025-04-07 06:00:00+00:00,144.41,165.7638326007933
2025-04-07 07:00:00+00:00,108.67,115.52048482739849
2025-04-07 08:00:00+00:00,84.64,74.95340797053777
2025-04-07 09:00:00+00:00,64.81,60.85102658358397
2025-04-07 10:00:00+00:00,44.5,58.333086084389635
2025-04-07 11:00:00+00:00,46.34,44.12729994655842
2025-04-07 12:00:00+00:00,61.1,50.07598710416586
2025-04-07 13:00:00+00:00,85.0,72.47813141918557
2025-04-07 14:00:00+00:00,94.13,92.11967505971117
2025-04-07 15:00:00+00:00,116.7,107.85548603898826
2025-04-07 16:00:00+00:00,166.99,136.48153763240634
2025-04-07 17:00:00+00:00,229.99,185.202752465849
2025-04-07 18:00:00+00:00,199.39,202.1864930355018
2025-04-07 19:00:00+00:00,153.29,160.2633583426837
2025-04-07 20:00:00+00:00,130.01,126.30551024323624
2025-04-07 21:00:00+00:00,112.57,114.48675377416333
2025-04-07 22:00:00+00:00,95.06,102.35833031055785
2025-04-07 23:00:00+00:00,90.1,90.42255792290864
2025-04-08 00:00:00+00:00,90.91,91.632269506431
2025-04-08 01:00:00+00:00,92.68,91.61979618790218
2025-04-08 02:00:00+00:00,94.77,94.08478665259922
2025-04-08 03:00:00+00:00,110.59,102.1433900582427
2025-04-08 04:00:00+00:00,153.29,128.68429672128624
2025-04-08 05:00:00+00:00,180.97,159.28265675411137
2025-04-08 06:00:00+00:00,136.77,162.0072119444971
2025-04-08 07:00:00+00:00,91.31,111.12654443738535
2025-04-08 08:00:00+00:00,67.02,78.29012150030002
2025-04-08 09:00:00+00:00,71.33,56.808048414082904
2025-04-08 10:00:00+00:00,47.59,61.45389406519499
2025-04-08 11:00:00+00:00,43.43,52.13645207123919
2025-04-08 12:00:00+00:00,56.46,55.5252901458492
2025-04-08 13:00:00+00:00,85.0,82.18503874835605
2025-04-08 14:00:00+00:00,108.7,98.43135036113809
2025-04-08 15:00:00+00:00,112.85,125.3960353316389
2025-04-08 16:00:00+00:00,197.66,145.4085556399777
2025-04-08 17:00:00+00:00,262.7,221.42043953445358
2025-04-08 18:00:00+00:00,250.43,232.01215079272131
2025-04-08 19:00:00+00:00,153.3,170.21431492436102
2025-04-08 20:00:00+00:00,128.33,130.8924171149503
2025-04-08 21:00:00+00:00,112.67,115.9081207751818
2025-04-08 22:00:00+00:00,117.95,112.39936945069064
2025-04-08 23:00:00+00:00,112.99,115.28113366500983
2025-04-09 00:00:00+00:00,108.69,113.21939334819368
2025-04-09 01:00:00+00:00,107.47,109.71356941953002
2025-04-09 02:00:00+00:00,113.57,110.5646481291969
2025-04-09 03:00:00+00:00,129.24,127.27028745426155
2025-04-09 04:00:00+00:00,164.02,158.77698345993664
2025-04-09 05:00:00+00:00,177.5,165.58864325684382
2025-04-09 06:00:00+00:00,122.51,149.03027548389383
2025-04-09 07:00:00+00:00,93.66,96.24585429911421
2025-04-09 08:00:00+00:00,85.48,64.72822794897455
2025-04-09 09:00:00+00:00,64.38,62.256335525380294
2025-04-09 10:00:00+00:00,15.16,53.27748248220743
2025-04-09 11:00:00+00:00,17.86,18.97551676868801
2025-04-09 12:00:00+00:00,60.0,29.69074189697365
2025-04-09 13:00:00+00:00,80.0,80.95898414550953
2025-04-09 14:00:00+00:00,108.69,99.82381656567136
2025-04-09 15:00:00+00:00,138.66,122.11254067738753
2025-04-09 16:00:00+00:00,210.52,171.08667931479914
2025-04-09 17:00:00+00:00,308.0,240.99810153584437
2025-04-09 18:00:00+00:00,302.32,250.0418824705597
2025-04-09 19:00:00+00:00,203.13,178.68707458616532
2025-04-09 20:00:00+00:00,175.0,173.66905209183852
2025-04-09 21:00:00+00:00,119.96,141.53752818391018
2025-04-09 22:00:00+00:00,114.56,111.93370057748436
2025-04-09 23:00:00+00:00,114.16,108.81117027891699
2025-04-10 00:00:00+00:00,109.65,107.65461392732817
2025-04-10 01:00:00+00:00,97.83,105.54869850984093
2025-04-10 02:00:00+00:00,107.37,98.46668047299536
2025-04-10 03:00:00+00:00,122.83,117.65630662533172
2025-04-10 04:00:00+00:00,153.3,152.9087539978837
2025-04-10 05:00:00+00:00,177.67,159.3853803571067
2025-04-10 06:00:00+00:00,138.19,141.8868491636808
2025-04-10 07:00:00+00:00,63.55,94.10337974648272
2025-04-10 08:00:00+00:00,46.34,45.80850701185092
2025-04-10 09:00:00+00:00,37.15,27.8127251517962
2025-04-10 10:00:00+00:00,16.66,23.848854834730574
2025-04-10 11:00:00+00:00,2.48,18.288134972248116
2025-04-10 12:00:00+00:00,0.09,10.763310719531773
2025-04-10 13:00:00+00:00,9.64,31.83562544927429
2025-04-10 14:00:00+00:00,68.08,48.64611495865981
2025-04-10 15:00:00+00:00,94.01,104.05658848936508
2025-04-10 16:00:00+00:00,117.24,141.65849327591215
2025-04-10 17:00:00+00:00,165.35,164.3220352068425
2025-04-10 18:00:00+00:00,174.89,175.10103578965905
2025-04-10 19:00:00+00:00,136.67,151.10358213566462
2025-04-10 20:00:00+00:00,128.63,127.89762600562506
2025-04-10 21:00:00+00:00,110.12,115.67011958549661
2025-04-10 22:00:00+00:00,79.33,105.968574472088
2025-04-10 23:00:00+00:00,75.56,84.45728270588211
2025-04-11 00:00:00+00:00,67.4,83.23818393165811
2025-04-11 01:00:00+00:00,68.44,74.7592272738211
2025-04-11 02:00:00+00:00,76.37,78.8172584303606
2025-04-11 03:00:00+00:00,85.56,98.62081116816633
2025-04-11 04:00:00+00:00,110.93,117.00493420820165
2025-04-11 05:00:00+00:00,112.0,131.34543112419647
2025-04-11 06:00:00+00:00,70.32,100.22062352311262
2025-04-11 07:00:00+00:00,62.57,47.144276454740165
2025-04-11 08:00:00+00:00,11.29,47.909975504891236
2025-04-11 09:00:00+00:00,0.28,12.993673823104828
2025-04-11 10:00:00+00:00,0.04,6.828887151930957
2025-04-11 11:00:00+00:00,0.04,5.185205098145957
2025-04-11 12:00:00+00:00,1.87,10.154428860074518
2025-04-11 13:00:00+00:00,5.0,27.215412842666098
2025-04-11 14:00:00+00:00,47.06,37.176929656278006
2025-04-11 15:00:00+00:00,95.0,75.84064229501803
2025-04-11 16:00:00+00:00,150.7,119.3106094576467
2025-04-11 17:00:00+00:00,215.2,172.43495167387056
2025-04-11 18:00:00+00:00,206.31,203.40041232036248
2025-04-11 19:00:00+00:00,171.23,160.5429965623096
2025-04-11 20:00:00+00:00,145.87,137.4808864553875
2025-04-11 21:00:00+00:00,110.02,121.82043421454618
2025-04-11 22:00:00+00:00,111.15,104.64420403224389
2025-04-11 23:00:00+00:00,107.8,104.38237816668644
2025-04-12 00:00:00+00:00,104.08,102.97630600429315
2025-04-12 01:00:00+00:00,102.09,100.39525773285996
2025-04-12 02:00:00+00:00,102.98,99.67169522157991
2025-04-12 03:00:00+00:00,103.88,103.32807858045607
2025-04-12 04:00:00+00:00,111.07,112.45267291460883
2025-04-12 05:00:00+00:00,106.49,108.33149667369374
2025-04-12 06:00:00+00:00,98.42,90.19181852927974
2025-04-12 07:00:00+00:00,68.98,69.12737013071376
2025-04-12 08:00:00+00:00,20.19,49.09623113744004
2025-04-12 09:00:00+00:00,0.04,15.576570128683201
2025-04-12 10:00:00+00:00,0.04,3.097663667049005
2025-04-12 11:00:00+00:00,0.04,4.095421302232268
2025-04-12 12:00:00+00:00,0.04,5.735325330782487
2025-04-12 13:00:00+00:00,0.04,16.51356104420293
2025-04-12 14:00:00+00:00,8.44,24.65566672314614
2025-04-12 15:00:00+00:00,90.21,50.03846140352789
2025-04-12 16:00:00+00:00,121.21,133.17200799923023
2025-04-12 17:00:00+00:00,195.49,156.90785209907972
2025-04-12 18:00:00+00:00,206.96,184.66291141133476
2025-04-12 19:00:00+00:00,153.3,165.2288706435959
2025-04-12 20:00:00+00:00,135.86,128.21239847710575
2025-04-12 21:00:00+00:00,111.64,117.72476631642509
2025-04-12 22:00:00+00:00,106.59,105.41697266205065
2025-04-12 23:00:00+00:00,85.01,98.85512000226655
2025-04-13 00:00:00+00:00,64.29,81.07602578707424
2025-04-13 01:00:00+00:00,66.39,72.26435241347752
2025-04-13 02:00:00+00:00,66.22,75.1415081430738
2025-04-13 03:00:00+00:00,96.64,79.73688134496338
2025-04-13 04:00:00+00:00,95.97,99.2901077208723
2025-04-13 05:00:00+00:00,95.0,84.8106011603081
2025-04-13 06:00:00+00:00,13.19,75.96840156351121
2025-04-13 07:00:00+00:00,8.43,12.898999714573534
2025-04-13 08:00:00+00:00,7.0,6.414333258279029
2025-04-13 09:00:00+00:00,5.0,6.4811646823741
2025-04-13 10:00:00+00:00,5.0,5.783422491031246
2025-04-13 11:00:00+00:00,0.21,6.345869705036122
2025-04-13 12:00:00+00:00,5.0,7.442264548234874
2025-04-13 13:00:00+00:00,16.32,22.617224932479573
2025-04-13 14:00:00+00:00,74.0,41.33513469002972
2025-04-13 15:00:00+00:00,111.3,94.56801931330213
2025-04-13 16:00:00+00:00,135.33,141.28813766204144
2025-04-13 17:00:00+00:00,216.0,165.2882646750328
2025-04-13 18:00:00+00:00,216.0,194.98922984758556
2025-04-13 19:00:00+00:00,153.3,172.2235917618383
2025-04-13 20:00:00+00:00,129.0,133.9911252867768
2025-04-13 21:00:00+00:00,111.51,119.45194684014217
2025-04-13 22:00:00+00:00,91.7,106.53102948988277
2025-04-13 23:00:00+00:00,87.47,94.62670959170362
2025-04-14 00:00:00+00:00,85.75,80.85564568019072
2025-04-14 01:00:00+00:00,86.09,80.2779459811293
2025-04-14 02:00:00+00:00,88.89,81.62284882600459
2025-04-14 03:00:00+00:00,107.44,100.28456345334996
2025-04-14 04:00:00+00:00,124.44,126.4539344359293
2025-04-14 05:00:00+00:00,176.64,141.7619866369174
2025-04-14 06:00:00+00:00,144.23,158.1664687798896
2025-04-14 07:00:00+00:00,112.21,120.7727818578827
2025-04-14 08:00:00+00:00,103.48,93.62043989632626
2025-04-14 09:00:00+00:00,101.98,85.90109556083607
2025-04-14 10:00:00+00:00,100.04,88.01923647866448
2025-04-14 11:00:00+00:00,92.6,92.17788716667397
2025-04-14 12:00:00+00:00,89.18,94.73468512927849
2025-04-14 13:00:00+00:00,95.0,104.55434660344216
2025-04-14 14:00:00+00:00,111.32,111.97676626698947
2025-04-14 15:00:00+00:00,112.52,133.1903210022218
2025-04-14 16:00:00+00:00,182.87,145.17182539895467
2025-04-14 17:00:00+00:00,222.24,214.34343671623142
2025-04-14 18:00:00+00:00,218.85,209.89079093258925
2025-04-14 19:00:00+00:00,173.64,172.95437772281437
2025-04-14 20:00:00+00:00,141.5,144.3045089502195
2025-04-14 21:00:00+00:00,110.65,122.19037163007137
2025-04-14 22:00:00+00:00,83.12,106.3173379065592
2025-04-14 23:00:00+00:00,98.61,86.19563236086245
2025-04-15 00:00:00+00:00,91.74,97.33927951583311
2025-04-15 01:00:00+00:00,84.98,95.13406490738663
2025-04-15 02:00:00+00:00,87.16,86.92893781079957
2025-04-15 03:00:00+00:00,96.19,97.86876935996517
2025-04-15 04:00:00+00:00,115.3,125.14839429989958
2025-04-15 05:00:00+00:00,125.03,147.55621158213427
2025-04-15 06:00:00+00:00,111.19,132.81884431537478
2025-04-15 07:00:00+00:00,112.33,108.36545365776503
2025-04-15 08:00:00+00:00,99.29,103.41478279933825
2025-04-15 09:00:00+00:00,95.48,95.60900694830627
2025-04-15 10:00:00+00:00,100.45,92.25592385062964
2025-04-15 11:00:00+00:00,94.76,94.9117654003771
2025-04-15 12:00:00+00:00,94.75,93.18048089871479
2025-04-15 13:00:00+00:00,99.47,104.98048309289642
2025-04-15 14:00:00+00:00,108.69,113.46657526417147
2025-04-15 15:00:00+00:00,108.2,121.74407650761474
2025-04-15 16:00:00+00:00,113.66,147.91390995739127
2025-04-15 17:00:00+00:00,150.77,160.0431741703138
2025-04-15 18:00:00+00:00,153.2,169.54727811235824
2025-04-15 19:00:00+00:00,116.14,146.7080801012878
2025-04-15 20:00:00+00:00,114.74,114.217406188071
2025-04-15 21:00:00+00:00,102.23,108.24982462674951
2025-04-15 22:00:00+00:00,101.35,99.86231736504347
2025-04-15 23:00:00+00:00,100.37,98.86640291548606
2025-04-16 00:00:00+00:00,98.61,98.33985066230306
2025-04-16 01:00:00+00:00,94.76,96.35866788225054
2025-04-16 02:00:00+00:00,99.42,96.66938272252933
2025-04-16 03:00:00+00:00,105.85,107.18615003909589
2025-04-16 04:00:00+00:00,126.9,127.0260616349506
2025-04-16 05:00:00+00:00,135.6,142.90926755432335
2025-04-16 06:00:00+00:00,109.94,126.15716652873309
2025-04-16 07:00:00+00:00,53.88,98.74283369043557
2025-04-16 08:00:00+00:00,11.2,50.139238124368376
2025-04-16 09:00:00+00:00,3.0,17.834907636353236
2025-04-16 10:00:00+00:00,0.04,11.801651493123472
2025-04-16 11:00:00+00:00,0.04,9.251499346567599
2025-04-16 12:00:00+00:00,0.04,15.194489148097148
2025-04-16 13:00:00+00:00,11.57,34.824299484708135
2025-04-16 14:00:00+00:00,63.49,57.772946679157585
2025-04-16 15:00:00+00:00,96.36,93.86661942081895
2025-04-16 16:00:00+00:00,118.4,133.8754195442723
2025-04-16 17:00:00+00:00,165.33,158.8043727211988
2025-04-16 18:00:00+00:00,167.99,166.94602392567202
2025-04-16 19:00:00+00:00,122.64,137.96377386949962
2025-04-16 20:00:00+00:00,110.4,119.91071940795267
2025-04-16 21:00:00+00:00,98.59,106.36505321075788
2025-04-16 22:00:00+00:00,91.55,95.18718805729259
2025-04-16 23:00:00+00:00,86.36,92.88791469145377
2025-04-17 00:00:00+00:00,84.87,82.39264773209466
2025-04-17 01:00:00+00:00,84.06,81.5935739516187
2025-04-17 02:00:00+00:00,85.79,83.51294109630564
2025-04-17 03:00:00+00:00,94.83,92.34463569749063
2025-04-17 04:00:00+00:00,110.75,118.85486784100775
2025-04-17 05:00:00+00:00,123.48,122.39901644284818
2025-04-17 06:00:00+00:00,90.37,112.51916725667239
2025-04-17 07:00:00+00:00,51.64,67.15547288388778
2025-04-17 08:00:00+00:00,27.56,33.82433432670618
2025-04-17 09:00:00+00:00,14.81,15.132780834594783
2025-04-17 10:00:00+00:00,8.99,17.070056167825655
2025-04-17 11:00:00+00:00,5.11,13.941595398024802
2025-04-17 12:00:00+00:00,12.78,11.313415837612226
2025-04-17 13:00:00+00:00,73.76,35.17720033973056
2025-04-17 14:00:00+00:00,89.64,82.90220678037
2025-04-17 15:00:00+00:00,101.89,105.84555104413104
2025-04-17 16:00:00+00:00,115.84,121.18692260749175
2025-04-17 17:00:00+00:00,133.88,143.19194609339183
2025-04-17 18:00:00+00:00,125.47,141.70906398196567
2025-04-17 19:00:00+00:00,113.95,115.7935493936957
2025-04-17 20:00:00+00:00,111.92,105.11491499535649
2025-04-17 21:00:00+00:00,96.89,99.57446072145927
2025-04-17 22:00:00+00:00,90.14,88.10063452720831
2025-04-17 23:00:00+00:00,81.53,85.43006797486919
2025-04-18 00:00:00+00:00,78.41,74.057253948447
2025-04-18 01:00:00+00:00,78.0,73.88793723371197
2025-04-18 02:00:00+00:00,78.96,75.82057537797455
2025-04-18 03:00:00+00:00,78.41,82.21607596833192
2025-04-18 04:00:00+00:00,80.72,91.88204086197119
2025-04-18 05:00:00+00:00,85.74,84.17525755876221
2025-04-18 06:00:00+00:00,86.99,65.04522346902054
2025-04-18 07:00:00+00:00,45.0,58.660982094230775
2025-04-18 08:00:00+00:00,25.0,31.145328516035462
2025-04-18 09:00:00+00:00,9.79,14.246473518954005
2025-04-18 10:00:00+00:00,5.0,8.84652771327039
2025-04-18 11:00:00+00:00,5.0,5.366513804124281
2025-04-18 12:00:00+00:00,10.13,7.551017710495387
2025-04-18 13:00:00+00:00,45.2,39.43381015527426
2025-04-18 14:00:00+00:00,80.13,64.09151102876994
2025-04-18 15:00:00+00:00,94.63,95.3490231006922
2025-04-18 16:00:00+00:00,108.69,117.53205652309343
2025-04-18 17:00:00+00:00,129.59,135.40246071358976
2025-04-18 18:00:00+00:00,139.68,137.50855709244897
2025-04-18 19:00:00+00:00,120.66,123.87751771121631
2025-04-18 20:00:00+00:00,111.51,113.10400744140046
2025-04-18 21:00:00+00:00,104.03,101.83838668356431
2025-04-18 22:00:00+00:00,94.0,97.13916924515036
2025-04-18 23:00:00+00:00,83.87,90.0996949624012
2025-04-19 00:00:00+00:00,88.45,80.73848440604966
2025-04-19 01:00:00+00:00,86.62,87.4116819432792
2025-04-19 02:00:00+00:00,89.06,85.01404642905906
2025-04-19 03:00:00+00:00,95.5,92.56249615501056
2025-04-19 04:00:00+00:00,100.2,96.55299789062062
2025-04-19 05:00:00+00:00,96.54,89.52874915736145
2025-04-19 06:00:00+00:00,25.0,72.41225862636837
2025-04-19 07:00:00+00:00,20.0,10.511697391961022
2025-04-19 08:00:00+00:00,12.5,8.493457349672866
2025-04-19 09:00:00+00:00,9.88,7.16298965113026
2025-04-19 10:00:00+00:00,12.73,10.645957642187412
2025-04-19 11:00:00+00:00,13.33,12.647083189135927
2025-04-19 12:00:00+00:00,25.0,17.543484613946674
2025-04-19 13:00:00+00:00,18.3,37.4239498967642
2025-04-19 14:00:00+00:00,0.2,44.07225239319945
2025-04-19 15:00:00+00:00,69.95,43.621888573914234
2025-04-19 16:00:00+00:00,113.43,98.6748572378737
2025-04-19 17:00:00+00:00,145.06,144.297437913064
2025-04-19 18:00:00+00:00,175.37,154.51767570414796
2025-04-19 19:00:00+00:00,138.23,147.95005862478604
2025-04-19 20:00:00+00:00,117.5,125.48665015448852
2025-04-19 21:00:00+00:00,100.67,108.07827173866755
2025-04-19 22:00:00+00:00,110.67,98.15562225112717
2025-04-19 23:00:00+00:00,98.48,103.88047003661718
2025-04-20 00:00:00+00:00,96.13,93.30258147757428
2025-04-20 01:00:00+00:00,99.07,92.54268703071517
2025-04-20 02:00:00+00:00,98.4,95.98544413187935
2025-04-20 03:00:00+00:00,97.53,98.18365626171982
2025-04-20 04:00:00+00:00,98.18,98.65740943217165
2025-04-20 05:00:00+00:00,81.51,85.9929450618763
2025-04-20 06:00:00+00:00,10.43,57.55544940700345
2025-04-20 07:00:00+00:00,1.04,8.872434664489234
2025-04-20 08:00:00+00:00,12.36,-0.019233335924667472
2025-04-20 09:00:00+00:00,2.94,9.769225497209959
2025-04-20 10:00:00+00:00,0.01,3.957102375296813
2025-04-20 11:00:00+00:00,0.0,1.143163683359802
2025-04-20 12:00:00+00:00,0.0,5.690038533613517
2025-04-20 13:00:00+00:00,0.0,17.53036456278413
2025-04-20 14:00:00+00:00,0.0,25.406763867619148
2025-04-20 15:00:00+00:00,65.28,40.86828667144168
2025-04-20 16:00:00+00:00,107.21,108.94590050803335
2025-04-20 17:00:00+00:00,113.73,139.9635023586917
2025-04-20 18:00:00+00:00,139.41,142.74533001523193
2025-04-20 19:00:00+00:00,130.5,129.549376568093
2025-04-20 20:00:00+00:00,121.52,119.4258238450003
2025-04-20 21:00:00+00:00,111.21,115.31764353519152
2025-04-20 22:00:00+00:00,107.29,109.80725502944031
2025-04-20 23:00:00+00:00,99.58,99.8803083876002
2025-04-21 00:00:00+00:00,95.14,95.31586309504566
2025-04-21 01:00:00+00:00,94.99,92.51739212428993
2025-04-21 02:00:00+00:00,98.54,93.35704118397257
2025-04-21 03:00:00+00:00,97.98,107.76280410931959
2025-04-21 04:00:00+00:00,94.43,114.9492812377876
2025-04-21 05:00:00+00:00,88.1,106.94986207803395
2025-04-21 06:00:00+00:00,10.0,78.71798845836565
2025-04-21 07:00:00+00:00,8.44,17.94586616701592
2025-04-21 08:00:00+00:00,2.94,16.887312793637463
2025-04-21 09:00:00+00:00,2.93,13.464034960010181
2025-04-21 10:00:00+00:00,2.94,12.153233701014642
2025-04-21 11:00:00+00:00,2.94,14.817636018138487
2025-04-21 12:00:00+00:00,8.08,19.124254812035787
2025-04-21 13:00:00+00:00,25.0,36.97076506306912
2025-04-21 14:00:00+00:00,45.2,49.62547787094003
2025-04-21 15:00:00+00:00,80.0,71.65779795986708
2025-04-21 16:00:00+00:00,100.45,120.94712710703621
2025-04-21 17:00:00+00:00,121.13,144.5338327883
2025-04-21 18:00:00+00:00,139.23,150.3246848358002
2025-04-21 19:00:00+00:00,132.1,134.69305087400062
2025-04-21 20:00:00+00:00,122.77,122.8222938877519
2025-04-21 21:00:00+00:00,106.5,114.27096317561877
2025-04-21 22:00:00+00:00,97.3,98.83025684650562
2025-04-21 23:00:00+00:00,90.95,96.04186090623602
2025-04-22 00:00:00+00:00,88.34,92.59590932833612
2025-04-22 01:00:00+00:00,85.81,86.42331909538836
2025-04-22 02:00:00+00:00,86.54,81.49113189718136
2025-04-22 03:00:00+00:00,103.46,89.93167873673947
2025-04-22 04:00:00+00:00,123.91,110.47156964911622
2025-04-22 05:00:00+00:00,151.67,116.65070301203785
2025-04-22 06:00:00+00:00,110.82,110.53223495040933
2025-04-22 07:00:00+00:00,92.63,83.11019738307039
2025-04-22 08:00:00+00:00,50.01,68.41714966075106
2025-04-22 09:00:00+00:00,50.0,40.756109268705686
2025-04-22 10:00:00+00:00,30.4,46.47191826900129
2025-04-22 11:00:00+00:00,50.0,30.84790462237352
2025-04-22 12:00:00+00:00,71.74,55.45131089122759
2025-04-22 13:00:00+00:00,78.95,78.39470615294942
2025-04-22 14:00:00+00:00,86.08,85.35305842633417
2025-04-22 15:00:00+00:00,108.69,92.50744141894174
2025-04-22 16:00:00+00:00,146.0,119.17669483485537
2025-04-22 17:00:00+00:00,225.41,158.1337826661201
2025-04-22 18:00:00+00:00,253.12,200.11095685407756
2025-04-22 19:00:00+00:00,154.57,163.26967182679886
2025-04-22 20:00:00+00:00,129.96,127.17554094744999
2025-04-22 21:00:00+00:00,115.56,112.26810645523743
2025-04-22 22:00:00+00:00,110.3,105.39001247038726
2025-04-22 23:00:00+00:00,101.72,104.12217112787792
2025-04-23 00:00:00+00:00,100.13,100.61078553531095
2025-04-23 01:00:00+00:00,100.08,99.0558825042982
2025-04-23 02:00:00+00:00,104.37,99.9647075908546
2025-04-23 03:00:00+00:00,113.59,109.38900801017694
2025-04-23 04:00:00+00:00,137.46,127.3802527741196
2025-04-23 05:00:00+00:00,144.7,136.01883613594515
2025-04-23 06:00:00+00:00,110.25,109.22374680264853
2025-04-23 07:00:00+00:00,27.6,77.5454341089189
2025-04-23 08:00:00+00:00,21.71,14.535347324457646
2025-04-23 09:00:00+00:00,16.0,15.43614317212591
2025-04-23 10:00:00+00:00,19.39,16.580559447281914
2025-04-23 11:00:00+00:00,60.0,20.531130064512112
2025-04-23 12:00:00+00:00,87.06,58.798172381450456
2025-04-23 13:00:00+00:00,96.01,95.59691383197521
2025-04-23 14:00:00+00:00,102.77,108.01470220812598
2025-04-23 15:00:00+00:00,112.0,122.12153129668356
2025-04-23 16:00:00+00:00,139.97,143.13400218793726
2025-04-23 17:00:00+00:00,185.0,175.60722454570805
2025-04-23 18:00:00+00:00,211.97,187.8333605598275
2025-04-23 19:00:00+00:00,150.0,160.97890268710003
2025-04-23 20:00:00+00:00,113.45,128.97605997120317
2025-04-23 21:00:00+00:00,115.0,108.16724870309164
2025-04-23 22:00:00+00:00,98.65,107.65833632636817
2025-04-23 23:00:00+00:00,94.56,95.90552990385189
2025-04-24 00:00:00+00:00,92.5,94.99899767654139
2025-04-24 01:00:00+00:00,89.93,94.10705941897635
2025-04-24 02:00:00+00:00,93.94,93.4337606513075
2025-04-24 03:00:00+00:00,102.13,103.7990739463918
2025-04-24 04:00:00+00:00,111.44,118.02268901005769
2025-04-24 05:00:00+00:00,119.83,119.09773156362483
2025-04-24 06:00:00+00:00,117.76,107.73770169804718
2025-04-24 07:00:00+00:00,102.13,90.66481391145601
2025-04-24 08:00:00+00:00,93.13,75.47381869877583
2025-04-24 09:00:00+00:00,78.04,73.42416130276047
2025-04-24 10:00:00+00:00,76.74,66.35708871876805
2025-04-24 11:00:00+00:00,70.92,69.6051128466689
2025-04-24 12:00:00+00:00,77.95,73.1263531498928
2025-04-24 13:00:00+00:00,81.15,88.19398797427459
2025-04-24 14:00:00+00:00,86.81,95.48769787112478
2025-04-24 15:00:00+00:00,100.0,103.8640649790228
2025-04-24 16:00:00+00:00,125.93,123.86068358158312
2025-04-24 17:00:00+00:00,123.51,155.5632578766971
2025-04-24 18:00:00+00:00,158.33,144.37574820041993
2025-04-24 19:00:00+00:00,114.48,133.34117746755
2025-04-24 20:00:00+00:00,106.53,107.8394915830246
2025-04-24 21:00:00+00:00,93.1,102.91396747517804
2025-04-24 22:00:00+00:00,95.64,91.82405446170714
2025-04-24 23:00:00+00:00,84.16,92.41455308883249
2025-04-25 00:00:00+00:00,82.95,81.14796053967375
2025-04-25 01:00:00+00:00,84.68,81.23493248102831
2025-04-25 02:00:00+00:00,86.09,81.63328565410968
2025-04-25 03:00:00+00:00,97.81,88.72585122669363
2025-04-25 04:00:00+00:00,105.5,104.15927844226582
2025-04-25 05:00:00+00:00,113.39,109.2917062104838
2025-04-25 06:00:00+00:00,106.11,106.20830204418868
2025-04-25 07:00:00+00:00,50.03,89.55337540266248
2025-04-25 08:00:00+00:00,42.95,45.752226458088685
2025-04-25 09:00:00+00:00,73.98,39.51755623878802
2025-04-25 10:00:00+00:00,51.29,65.81948418903981
2025-04-25 11:00:00+00:00,50.67,49.51994995607535
2025-04-25 12:00:00+00:00,43.92,52.69646685321689
2025-04-25 13:00:00+00:00,65.54,58.89379000786013
2025-04-25 14:00:00+00:00,80.47,83.87918255557422
2025-04-25 15:00:00+00:00,85.76,92.2393573775629
2025-04-25 16:00:00+00:00,100.69,104.24468748289851
2025-04-25 17:00:00+00:00,116.68,121.89427988211398
2025-04-25 18:00:00+00:00,123.18,130.94246372402569
2025-04-25 19:00:00+00:00,109.63,113.64057566392313
2025-04-25 20:00:00+00:00,100.38,104.6397444002795
2025-04-25 21:00:00+00:00,92.09,95.34109768437895
2025-04-25 22:00:00+00:00,108.7,91.28704980785797
2025-04-25 23:00:00+00:00,94.22,100.13778242683317
2025-04-26 00:00:00+00:00,93.49,93.72814162075628
2025-04-26 01:00:00+00:00,91.85,93.78123033933647
2025-04-26 02:00:00+00:00,91.17,93.0804704679684
2025-04-26 03:00:00+00:00,99.07,97.96503752822063
2025-04-26 04:00:00+00:00,100.08,105.04845203754876
2025-04-26 05:00:00+00:00,97.61,97.2794119575301
2025-04-26 06:00:00+00:00,69.76,84.38165199892728
2025-04-26 07:00:00+00:00,34.45,56.23957690584385
2025-04-26 08:00:00+00:00,2.55,28.691352612460392
2025-04-26 09:00:00+00:00,0.04,9.089954060404253
2025-04-26 10:00:00+00:00,0.04,4.031439180352066
2025-04-26 11:00:00+00:00,0.04,3.594363641775999
2025-04-26 12:00:00+00:00,0.04,8.202928177765742
2025-04-26 13:00:00+00:00,0.04,24.024696085254817
2025-04-26 14:00:00+00:00,1.0,32.456006479165055
2025-04-26 15:00:00+00:00,57.7,46.520404824645595
2025-04-26 16:00:00+00:00,87.2,87.97411396418869
2025-04-26 17:00:00+00:00,111.16,114.2080119481571
2025-04-26 18:00:00+00:00,115.9,131.40315927928614
2025-04-26 19:00:00+00:00,95.53,112.95067835670605
2025-04-26 20:00:00+00:00,86.11,95.89946843047468
2025-04-26 21:00:00+00:00,73.58,83.37502266211322
2025-04-26 22:00:00+00:00,93.65,80.79143871509052
2025-04-26 23:00:00+00:00,68.89,92.26408731306931
2025-04-27 00:00:00+00:00,58.0,73.95855164023322
2025-04-27 01:00:00+00:00,58.7,63.17784591207881
2025-04-27 02:00:00+00:00,64.39,62.15855705081904
2025-04-27 03:00:00+00:00,67.27,68.36010330546287
2025-04-27 04:00:00+00:00,66.86,72.92013874830639
2025-04-27 05:00:00+00:00,62.52,61.51137061072713
2025-04-27 06:00:00+00:00,35.05,48.00186783171334
2025-04-27 07:00:00+00:00,0.04,20.678031590985753
2025-04-27 08:00:00+00:00,0.04,-0.23959689812284068
2025-04-27 09:00:00+00:00,0.04,2.6311705841588946
2025-04-27 10:00:00+00:00,0.04,2.230735098228166
2025-04-27 11:00:00+00:00,0.04,1.6604024389831409
2025-04-27 12:00:00+00:00,0.03,3.255828384905328
2025-04-27 13:00:00+00:00,0.04,14.176290952481423
2025-04-27 14:00:00+00:00,0.04,20.83504572915487
2025-04-27 15:00:00+00:00,18.36,32.51226613898636
2025-04-27 16:00:00+00:00,93.7,56.019947159010556
2025-04-27 17:00:00+00:00,110.5,110.02025750646773
2025-04-27 18:00:00+00:00,107.36,116.30988371314793
2025-04-27 19:00:00+00:00,100.67,94.45694188306297
2025-04-27 20:00:00+00:00,95.69,91.97656263957579
2025-04-27 21:00:00+00:00,92.61,87.7663068236514
2025-04-27 22:00:00+00:00,93.55,86.77264368640526
2025-04-27 23:00:00+00:00,87.96,85.59352205618089
2025-04-28 00:00:00+00:00,83.64,78.69801472889847
2025-04-28 01:00:00+00:00,86.69,74.92405836956645
2025-04-28 02:00:00+00:00,92.21,80.0480405023219
2025-04-28 03:00:00+00:00,100.5,100.0702524587646
2025-04-28 04:00:00+00:00,139.74,110.82837871774876
2025-04-28 05:00:00+00:00,96.5,114.79336708564439
2025-04-28 06:00:00+00:00,38.31,67.2121558492964
2025-04-28 07:00:00+00:00,12.78,21.036337490330837
2025-04-28 08:00:00+00:00,5.0,8.064340093874094
2025-04-28 09:00:00+00:00,0.0,9.388514559792114
2025-04-28 10:00:00+00:00,0.0,9.217300339657442
2025-04-28 11:00:00+00:00,0.0,10.562490948330094
2025-04-28 12:00:00+00:00,0.0,15.716236977354797
2025-04-28 13:00:00+00:00,0.0,23.660019913587533
2025-04-28 14:00:00+00:00,2.16,29.858556364108182
2025-04-28 15:00:00+00:00,73.32,36.17914723864054
2025-04-28 16:00:00+00:00,110.32,102.84888623793589
2025-04-28 17:00:00+00:00,109.86,132.77502870250294
2025-04-28 18:00:00+00:00,110.4,119.12994355707376
2025-04-28 19:00:00+00:00,104.08,105.41275665834712
2025-04-28 20:00:00+00:00,105.73,96.72447091435778
2025-04-28 21:00:00+00:00,97.01,90.87367173673485
2025-04-28 22:00:00+00:00,92.32,84.47008858972139
2025-04-28 23:00:00+00:00,88.35,83.19922397263815
2025-04-29 00:00:00+00:00,83.48,79.97320161199173
2025-04-29 01:00:00+00:00,81.22,75.8726254700936
2025-04-29 02:00:00+00:00,82.35,74.86804772904584
2025-04-29 03:00:00+00:00,91.99,85.60700292775576
2025-04-29 04:00:00+00:00,97.07,108.65811361564383
2025-04-29 05:00:00+00:00,58.2,94.89939317616174
2025-04-29 06:00:00+00:00,1.38,37.50531252832447
2025-04-29 07:00:00+00:00,3.0,-4.106341380635996
2025-04-29 08:00:00+00:00,0.01,-1.0665291360855917
2025-04-29 09:00:00+00:00,0.0,1.0968395141461542
2025-04-29 10:00:00+00:00,0.0,6.267110604940044
2025-04-29 11:00:00+00:00,-0.01,5.603517258740268
2025-04-29 12:00:00+00:00,-0.01,10.817707709180752
2025-04-29 13:00:00+00:00,0.0,22.046062915481116
2025-04-29 14:00:00+00:00,15.0,29.18473595495074
2025-04-29 15:00:00+00:00,78.35,46.29950776929813
2025-04-29 16:00:00+00:00,102.0,106.06209999512589
2025-04-29 17:00:00+00:00,107.41,129.48083345559772
2025-04-29 18:00:00+00:00,112.14,118.95069706394055
2025-04-29 19:00:00+00:00,108.82,103.8881515218542
2025-04-29 20:00:00+00:00,107.76,97.93467994474292
2025-04-29 21:00:00+00:00,98.76,95.97594514325971
2025-04-29 22:00:00+00:00,95.0,86.00030233120037
2025-04-29 23:00:00+00:00,90.08,85.41492393605392
2025-04-30 00:00:00+00:00,89.2,86.48075939064205
2025-04-30 01:00:00+00:00,89.46,86.23008802440876
2025-04-30 02:00:00+00:00,90.29,86.49416570605655
2025-04-30 03:00:00+00:00,89.71,95.2510908029779
2025-04-30 04:00:00+00:00,91.35,103.11017827084709
2025-04-30 05:00:00+00:00,48.79,80.12031389982288
2025-04-30 06:00:00+00:00,7.0,29.344722489647083
2025-04-30 07:00:00+00:00,2.99,-1.0370227805527463
2025-04-30 08:00:00+00:00,0.0,-2.004008068656475
2025-04-30 09:00:00+00:00,0.0,4.344960529460053
2025-04-30 10:00:00+00:00,0.0,2.7995175829605614
2025-04-30 11:00:00+00:00,-0.01,5.705794298454805
2025-04-30 12:00:00+00:00,-0.01,8.571917125156503
2025-04-30 13:00:00+00:00,-0.01,19.02163240102429
2025-04-30 14:00:00+00:00,4.41,26.37252379919026
2025-04-30 15:00:00+00:00,80.2,37.968959988798375
2025-04-30 16:00:00+00:00,129.35,105.09078368583305
2025-04-30 17:00:00+00:00,163.2,147.9282230187526
2025-04-30 18:00:00+00:00,163.2,147.9202856070985
2025-04-30 19:00:00+00:00,127.88,127.11340970170069
2025-04-30 20:00:00+00:00,107.12,107.92196012519543
2025-04-30 21:00:00+00:00,89.19,96.19240429463784
2025-04-30 22:00:00+00:00,99.63,86.37737250137258
2025-04-30 23:00:00+00:00,83.63,90.14021596985592
2025-05-01 00:00:00+00:00,80.19,78.1436665266208
2025-05-01 01:00:00+00:00,77.2,76.54081002454105
2025-05-01 02:00:00+00:00,80.71,76.50716118960158
2025-05-01 03:00:00+00:00,82.04,83.37190510356885
2025-05-01 04:00:00+00:00,81.97,83.70028784914525
2025-05-01 05:00:00+00:00,14.36,66.17262408651067
2025-05-01 06:00:00+00:00,8.77,11.568895718038789
2025-05-01 07:00:00+00:00,0.0,10.285792669648316
2025-05-01 08:00:00+00:00,-3.0,8.07491649418877
2025-05-01 09:00:00+00:00,-20.0,12.186800878463913
2025-05-01 10:00:00+00:00,-20.0,18.01706355050041
2025-05-01 11:00:00+00:00,-50.0,17.923793633704364
2025-05-01 12:00:00+00:00,-50.0,20.741116727188327
2025-05-01 13:00:00+00:00,-25.0,30.265000242774022
2025-05-01 14:00:00+00:00,-5.17,30.56439158323822
2025-05-01 15:00:00+00:00,7.54,40.59704461379947
2025-05-01 16:00:00+00:00,92.59,71.00152187507791
2025-05-01 17:00:00+00:00,85.95,123.21767387435247
2025-05-01 18:00:00+00:00,82.49,107.29424409714484
2025-05-01 19:00:00+00:00,96.04,82.84878457013676
2025-05-01 20:00:00+00:00,97.1,87.00526023420534
2025-05-01 21:00:00+00:00,86.5,87.14774967396099
2025-05-01 22:00:00+00:00,88.54,77.23629139931899
2025-05-01 23:00:00+00:00,73.03,78.13156668642543
2025-05-02 00:00:00+00:00,62.83,69.39584783837789
2025-05-02 01:00:00+00:00,62.38,61.13659309059854
2025-05-02 02:00:00+00:00,66.33,63.173201886472654
2025-05-02 03:00:00+00:00,76.6,77.9344209101407
2025-05-02 04:00:00+00:00,87.84,86.4702053816975
2025-05-02 05:00:00+00:00,79.75,75.20842269999073
2025-05-02 06:00:00+00:00,13.63,59.27006696569677
2025-05-02 07:00:00+00:00,7.0,2.057428975810751
2025-05-02 08:00:00+00:00,0.02,2.429362762270358
2025-05-02 09:00:00+00:00,0.0,3.399646936375433
2025-05-02 10:00:00+00:00,0.0,7.5692119136436276
2025-05-02 11:00:00+00:00,0.0,6.3499447352785126
2025-05-02 12:00:00+00:00,0.0,7.442231900134658
2025-05-02 13:00:00+00:00,0.0,15.788164983683345
2025-05-02 14:00:00+00:00,0.3,24.01216537718055
2025-05-02 15:00:00+00:00,69.83,25.819749549237486
2025-05-02 16:00:00+00:00,102.45,90.75272688403186
2025-05-02 17:00:00+00:00,125.54,114.03267757307854
2025-05-02 18:00:00+00:00,148.78,123.27872841367193
2025-05-02 19:00:00+00:00,123.13,114.42542787965264
2025-05-02 20:00:00+00:00,108.69,105.03104198115236
2025-05-02 21:00:00+00:00,98.46,96.94102304464751
2025-05-02 22:00:00+00:00,99.47,90.71033311326568
2025-05-02 23:00:00+00:00,95.16,91.56854897615676
2025-05-03 00:00:00+00:00,93.69,88.40453295235017
2025-05-03 01:00:00+00:00,91.95,88.04104790717103
2025-05-03 02:00:00+00:00,89.72,89.36308729372631
2025-05-03 03:00:00+00:00,89.89,91.50474462061854
2025-05-03 04:00:00+00:00,89.0,92.83225253232989
2025-05-03 05:00:00+00:00,74.93,80.12157150080728
2025-05-03 06:00:00+00:00,20.93,45.06899772116742
2025-05-03 07:00:00+00:00,12.59,3.539812801141892
2025-05-03 08:00:00+00:00,0.01,4.902630894398385
2025-05-03 09:00:00+00:00,0.0,3.271383221103605
2025-05-03 10:00:00+00:00,0.0,2.599272374009331
2025-05-03 11:00:00+00:00,0.0,3.665899363317834
2025-05-03 12:00:00+00:00,0.0,7.150843043592573
2025-05-03 13:00:00+00:00,0.0,16.245696334476605
2025-05-03 14:00:00+00:00,0.01,22.19890810998787
2025-05-03 15:00:00+00:00,29.46,34.654831286919816
2025-05-03 16:00:00+00:00,81.71,64.9913997915741
2025-05-03 17:00:00+00:00,94.9,106.55404757797089
2025-05-03 18:00:00+00:00,123.0,114.3649240385347
2025-05-03 19:00:00+00:00,103.17,113.18752110871236
2025-05-03 20:00:00+00:00,85.89,94.66335433524384
2025-05-03 21:00:00+00:00,85.11,78.42239317186508
2025-05-03 22:00:00+00:00,86.02,83.31330830535475
2025-05-03 23:00:00+00:00,52.0,78.78817513110496
2025-05-04 00:00:00+00:00,34.39,57.83533351048362
2025-05-04 01:00:00+00:00,21.14,42.24181838074125
2025-05-04 02:00:00+00:00,20.31,32.37718582810059
2025-05-04 03:00:00+00:00,48.58,34.02815677785381
2025-05-04 04:00:00+00:00,13.62,47.93917262800997
2025-05-04 05:00:00+00:00,7.83,17.863056209149292
2025-05-04 06:00:00+00:00,2.93,2.113025734056407
2025-05-04 07:00:00+00:00,0.0,0.8608926186105634
2025-05-04 08:00:00+00:00,0.0,-0.613627324246437
2025-05-04 09:00:00+00:00,0.0,2.8872187689772773
2025-05-04 10:00:00+00:00,0.0,2.4588752950284913
2025-05-04 11:00:00+00:00,0.0,4.683344662157978
2025-05-04 12:00:00+00:00,0.0,7.2177232426104325
2025-05-04 13:00:00+00:00,0.0,11.905619851090393
2025-05-04 14:00:00+00:00,0.0,13.122881585802787
2025-05-04 15:00:00+00:00,10.54,16.757594111296683
2025-05-04 16:00:00+00:00,83.59,52.45626407816678
2025-05-04 17:00:00+00:00,99.03,93.1473998331607
2025-05-04 18:00:00+00:00,109.01,105.86073729763064
2025-05-04 19:00:00+00:00,106.68,99.00222854756618
2025-05-04 20:00:00+00:00,100.1,92.41459576570718
2025-05-04 21:00:00+00:00,89.78,90.46281834115025
2025-05-04 22:00:00+00:00,69.71,84.93523856258412
2025-05-04 23:00:00+00:00,71.84,62.91905285721572
2025-05-05 00:00:00+00:00,65.71,65.78302336690294
2025-05-05 01:00:00+00:00,67.88,65.32169784904926
2025-05-05 02:00:00+00:00,70.04,68.70798177979438
2025-05-05 03:00:00+00:00,89.09,77.1021761532891
2025-05-05 04:00:00+00:00,106.8,108.45692971473628
2025-05-05 05:00:00+00:00,126.68,104.77687711184905
2025-05-05 06:00:00+00:00,111.0,110.6621379777056
2025-05-05 07:00:00+00:00,96.17,92.90281478252473
2025-05-05 08:00:00+00:00,88.21,75.14775179177397
2025-05-05 09:00:00+00:00,69.17,65.10996508473555
2025-05-05 10:00:00+00:00,50.0,56.173660872127456
2025-05-05 11:00:00+00:00,50.0,47.41303823335045
2025-05-05 12:00:00+00:00,58.85,51.7199153808223
2025-05-05 13:00:00+00:00,60.0,68.21144695286593
2025-05-05 14:00:00+00:00,80.25,71.16276920252
2025-05-05 15:00:00+00:00,96.71,85.21869469741496
2025-05-05 16:00:00+00:00,115.02,108.1751527000546
2025-05-05 17:00:00+00:00,139.02,127.16983571910731
2025-05-05 18:00:00+00:00,206.32,137.7439334986656
2025-05-05 19:00:00+00:00,130.45,152.5789326901271
2025-05-05 20:00:00+00:00,108.69,112.05270919109812
2025-05-05 21:00:00+00:00,98.27,98.57828693073483
2025-05-05 22:00:00+00:00,85.1,90.36490607420015
2025-05-05 23:00:00+00:00,78.85,79.60956704823343
2025-05-06 00:00:00+00:00,75.98,78.5133243755479
2025-05-06 01:00:00+00:00,74.84,78.07645032695373
2025-05-06 02:00:00+00:00,82.5,78.37492356679851
2025-05-06 03:00:00+00:00,95.12,87.73218759567258
2025-05-06 04:00:00+00:00,111.09,102.09038851455865
2025-05-06 05:00:00+00:00,122.59,111.99784334114122
2025-05-06 06:00:00+00:00,98.87,109.66856014850882
2025-05-06 07:00:00+00:00,82.2,82.91766497061529
2025-05-06 08:00:00+00:00,70.21,69.85982193324692
2025-05-06 09:00:00+00:00,65.45,63.36091801347288
2025-05-06 10:00:00+00:00,55.0,59.03690868938364
2025-05-06 11:00:00+00:00,31.39,50.42400460685974
2025-05-06 12:00:00+00:00,55.0,37.159879423738886
2025-05-06 13:00:00+00:00,77.18,70.32268874888814
2025-05-06 14:00:00+00:00,82.73,87.28089633485425
2025-05-06 15:00:00+00:00,101.79,92.01886840667206
2025-05-06 16:00:00+00:00,120.61,116.20284667356047
2025-05-06 17:00:00+00:00,147.99,137.61868395628073
2025-05-06 18:00:00+00:00,149.25,159.50360228669757
2025-05-06 19:00:00+00:00,131.78,124.44893598337387
2025-05-06 20:00:00+00:00,111.28,112.61455092218442
2025-05-06 21:00:00+00:00,100.45,99.80830826394669
2025-05-06 22:00:00+00:00,96.23,93.4405172535495
2025-05-06 23:00:00+00:00,90.55,89.36116952566991
2025-05-07 00:00:00+00:00,88.7,89.01705384040628
2025-05-07 01:00:00+00:00,91.04,85.46913888331486
2025-05-07 02:00:00+00:00,93.07,91.48304511523745
2025-05-07 03:00:00+00:00,102.38,95.921519242382
2025-05-07 04:00:00+00:00,126.23,110.06264855907254
2025-05-07 05:00:00+00:00,127.97,116.23147061906572
2025-05-07 06:00:00+00:00,87.65,99.89443517325259
2025-05-07 07:00:00+00:00,22.26,67.72728364454981
2025-05-07 08:00:00+00:00,15.0,17.840567856405528
2025-05-07 09:00:00+00:00,35.0,13.165493994814213
2025-05-07 10:00:00+00:00,18.79,26.589992081044215
2025-05-07 11:00:00+00:00,15.64,21.445881819062848
2025-05-07 12:00:00+00:00,22.49,21.555325373545358
2025-05-07 13:00:00+00:00,35.24,46.98412417026391
2025-05-07 14:00:00+00:00,50.58,61.52359924611201
2025-05-07 15:00:00+00:00,88.98,77.05695287838823
2025-05-07 16:00:00+00:00,113.69,115.54982546084452
2025-05-07 17:00:00+00:00,135.39,149.5833412529457
2025-05-07 18:00:00+00:00,165.52,147.9051652661644
2025-05-07 19:00:00+00:00,130.08,130.72633436168928
2025-05-07 20:00:00+00:00,110.9,113.4519391116392
2025-05-07 21:00:00+00:00,99.48,100.92928724397804
2025-05-07 22:00:00+00:00,99.35,94.64515508916736
2025-05-07 23:00:00+00:00,94.99,92.57825787889328
2025-05-08 00:00:00+00:00,94.87,89.8099714485461
2025-05-08 01:00:00+00:00,97.17,89.02408640466261
2025-05-08 02:00:00+00:00,95.86,90.99668299762732
2025-05-08 03:00:00+00:00,113.64,97.01877745403507
2025-05-08 04:00:00+00:00,127.34,115.7717071141553
2025-05-08 05:00:00+00:00,136.19,113.51319733246375
2025-05-08 06:00:00+00:00,120.74,100.48299980808785
2025-05-08 07:00:00+00:00,88.35,82.8514886717767
2025-05-08 08:00:00+00:00,45.03,60.485838233973226
2025-05-08 09:00:00+00:00,75.0,29.334643764962735
2025-05-08 10:00:00+00:00,59.68,57.54371079923611
2025-05-08 11:00:00+00:00,37.2,51.64368523960988
2025-05-08 12:00:00+00:00,30.0,37.78031224356178
2025-05-08 13:00:00+00:00,65.0,45.814297875823485
2025-05-08 14:00:00+00:00,92.2,77.17031834744881
2025-05-08 15:00:00+00:00,119.19,101.11484210908402
2025-05-08 16:00:00+00:00,145.23,127.9368766343433
2025-05-08 17:00:00+00:00,177.0,149.79424356666556
2025-05-08 18:00:00+00:00,222.3,167.23848645935507
2025-05-08 19:00:00+00:00,161.17,159.40754275658387
2025-05-08 20:00:00+00:00,145.25,122.18682619546736
2025-05-08 21:00:00+00:00,126.23,116.98181572872065
2025-05-08 22:00:00+00:00,101.34,112.3571391517181
2025-05-08 23:00:00+00:00,99.59,96.99500579633309
2025-05-09 00:00:00+00:00,96.66,94.96114413105722
2025-05-09 01:00:00+00:00,97.98,91.51020963163577
2025-05-09 02:00:00+00:00,99.86,91.98226592558933
2025-05-09 03:00:00+00:00,109.13,106.29879298816593
2025-05-09 04:00:00+00:00,134.47,117.57248395338294
2025-05-09 05:00:00+00:00,128.72,125.36462818751201
2025-05-09 06:00:00+00:00,94.37,106.70853081768392
2025-05-09 07:00:00+00:00,84.78,74.19080554233139
2025-05-09 08:00:00+00:00,54.23,60.33915941623097
2025-05-09 09:00:00+00:00,48.0,47.02031222691521
2025-05-09 10:00:00+00:00,48.0,44.9466301694746
2025-05-09 11:00:00+00:00,32.53,46.164525169634786
2025-05-09 12:00:00+00:00,10.0,38.90034797711749
2025-05-09 13:00:00+00:00,31.21,42.875707939833646
2025-05-09 14:00:00+00:00,73.31,63.12733105845011
2025-05-09 15:00:00+00:00,95.32,101.21824976575944
2025-05-09 16:00:00+00:00,128.39,122.45642328833848
2025-05-09 17:00:00+00:00,165.49,160.2469965799721
2025-05-09 18:00:00+00:00,191.34,169.66319303815274
2025-05-09 19:00:00+00:00,153.3,156.86261953292217
2025-05-09 20:00:00+00:00,134.33,129.49112074283994
2025-05-09 21:00:00+00:00,109.17,120.0402568474301
2025-05-09 22:00:00+00:00,119.98,105.74799198984869
2025-05-09 23:00:00+00:00,105.33,109.87707199495983
2025-05-10 00:00:00+00:00,101.13,102.15530620426887
2025-05-10 01:00:00+00:00,96.5,100.04314231513665
2025-05-10 02:00:00+00:00,100.67,96.17226772915814
2025-05-10 03:00:00+00:00,100.46,103.29990972085702
2025-05-10 04:00:00+00:00,97.61,105.18472030381639
2025-05-10 05:00:00+00:00,92.61,92.18037263565293
2025-05-10 06:00:00+00:00,71.18,74.27026464813967
2025-05-10 07:00:00+00:00,10.0,50.53130884881891
2025-05-10 08:00:00+00:00,2.94,5.085137643439779
2025-05-10 09:00:00+00:00,5.12,-0.5451841579446182
2025-05-10 10:00:00+00:00,5.0,2.486538269971561
2025-05-10 11:00:00+00:00,3.0,4.020032877435767
2025-05-10 12:00:00+00:00,5.52,7.6279301664290955
2025-05-10 13:00:00+00:00,5.11,25.249934151051747
2025-05-10 14:00:00+00:00,66.92,32.16355822818127
2025-05-10 15:00:00+00:00,94.61,85.38990549534877
2025-05-10 16:00:00+00:00,102.16,119.20518033718068
2025-05-10 17:00:00+00:00,120.78,132.93761734052214
2025-05-10 18:00:00+00:00,125.34,139.03971178548696
2025-05-10 19:00:00+00:00,133.69,118.6254935086403
2025-05-10 20:00:00+00:00,114.81,113.35952743001201
2025-05-10 21:00:00+00:00,97.67,103.98684197574609
2025-05-10 22:00:00+00:00,99.35,94.67701102129979
2025-05-10 23:00:00+00:00,98.05,92.93093578087483
2025-05-11 00:00:00+00:00,96.58,89.97911835458535
2025-05-11 01:00:00+00:00,98.54,88.57376072937399
2025-05-11 02:00:00+00:00,98.55,90.71520754703505
2025-05-11 03:00:00+00:00,98.54,93.01687558112246
2025-05-11 04:00:00+00:00,90.63,89.83300068488387
2025-05-11 05:00:00+00:00,67.78,79.90776288655297
2025-05-11 06:00:00+00:00,4.96,50.79731413106764
2025-05-11 07:00:00+00:00,0.04,2.863816122163456
2025-05-11 08:00:00+00:00,0.04,0.9135030541251581
2025-05-11 09:00:00+00:00,0.04,2.9059087329765703
2025-05-11 10:00:00+00:00,0.04,4.612256282065758
2025-05-11 11:00:00+00:00,0.04,4.2042297553899175
2025-05-11 12:00:00+00:00,0.04,6.785838672460031
2025-05-11 13:00:00+00:00,3.0,17.49275311488401
2025-05-11 14:00:00+00:00,42.64,32.657350321356844
2025-05-11 15:00:00+00:00,87.61,66.96976722070133
2025-05-11 16:00:00+00:00,129.98,101.66256618128196
2025-05-11 17:00:00+00:00,153.3,141.45482513746285
2025-05-11 18:00:00+00:00,184.0,152.75801769278308
2025-05-11 19:00:00+00:00,124.86,148.6605642205246
2025-05-11 20:00:00+00:00,110.68,116.11310591865406
2025-05-11 21:00:00+00:00,104.71,106.26803125785996
2025-05-11 22:00:00+00:00,102.17,100.55893967869021
2025-05-11 23:00:00+00:00,90.74,97.23520610194147
2025-05-12 00:00:00+00:00,89.06,89.78404839354909
2025-05-12 01:00:00+00:00,84.4,88.29794237049255
2025-05-12 02:00:00+00:00,88.17,81.53445812850808
2025-05-12 03:00:00+00:00,105.05,97.09931977227029
2025-05-12 04:00:00+00:00,155.92,115.91397088582052
2025-05-12 05:00:00+00:00,157.53,139.3444425947269
2025-05-12 06:00:00+00:00,120.18,125.15808615758348
2025-05-12 07:00:00+00:00,84.87,94.7750107529883
2025-05-12 08:00:00+00:00,48.26,63.56484995276699
2025-05-12 09:00:00+00:00,38.14,41.70009545585093
2025-05-12 10:00:00+00:00,55.0,33.93350503576971
2025-05-12 11:00:00+00:00,58.0,55.28283566949298
2025-05-12 12:00:00+00:00,57.22,65.10466088890038
2025-05-12 13:00:00+00:00,65.0,73.46294896109438
2025-05-12 14:00:00+00:00,83.33,85.5797359403712
2025-05-12 15:00:00+00:00,111.38,100.0308643705648
2025-05-12 16:00:00+00:00,178.22,140.9586170071406
2025-05-12 17:00:00+00:00,263.17,200.85768655805043
2025-05-12 18:00:00+00:00,361.77,253.05721709174748
2025-05-12 19:00:00+00:00,167.76,171.98560851173693
2025-05-12 20:00:00+00:00,163.22,129.68168889984975
2025-05-12 21:00:00+00:00,109.88,127.64178426120027
2025-05-12 22:00:00+00:00,104.56,105.29088588409935
2025-05-12 23:00:00+00:00,95.23,98.15691084434485
2025-05-13 00:00:00+00:00,94.31,92.51155620611256
2025-05-13 01:00:00+00:00,96.39,91.3763173877849
2025-05-13 02:00:00+00:00,99.34,93.48708811643696
2025-05-13 03:00:00+00:00,116.79,106.34186556407103
2025-05-13 04:00:00+00:00,137.26,133.73219001176446
2025-05-13 05:00:00+00:00,128.53,138.67629816134956
2025-05-13 06:00:00+00:00,100.45,114.58684369507309
2025-05-13 07:00:00+00:00,81.78,81.83678313978226
2025-05-13 08:00:00+00:00,29.44,59.41181459234758
2025-05-13 09:00:00+00:00,16.97,24.80120825529052
2025-05-13 10:00:00+00:00,26.74,23.487707113299777
2025-05-13 11:00:00+00:00,36.99,31.653818229103024
2025-05-13 12:00:00+00:00,39.3,44.47597123102172
2025-05-13 13:00:00+00:00,49.63,64.84908477462388
2025-05-13 14:00:00+00:00,87.95,88.38390629180816
2025-05-13 15:00:00+00:00,93.01,127.6992100197708
2025-05-13 16:00:00+00:00,115.26,143.9158887127085
2025-05-13 17:00:00+00:00,175.78,174.91649209974616
2025-05-13 18:00:00+00:00,321.14,197.18309552811706
2025-05-13 19:00:00+00:00,157.84,165.12338529225474
2025-05-13 20:00:00+00:00,128.54,135.02181828728013
2025-05-13 21:00:00+00:00,108.11,114.29599164028832
2025-05-13 22:00:00+00:00,113.82,102.65064555476856
2025-05-13 23:00:00+00:00,104.81,104.19594239994859
2025-05-14 00:00:00+00:00,104.18,98.07085696254742
2025-05-14 01:00:00+00:00,102.11,98.92515861932989
2025-05-14 02:00:00+00:00,102.13,100.91010182875618
2025-05-14 03:00:00+00:00,110.03,111.03937935365381
2025-05-14 04:00:00+00:00,138.55,129.54513196766845
2025-05-14 05:00:00+00:00,122.11,131.79231659622005
2025-05-14 06:00:00+00:00,99.74,103.13884518682805
2025-05-14 07:00:00+00:00,72.56,74.9304414574265
2025-05-14 08:00:00+00:00,9.92,51.81146178585843
2025-05-14 09:00:00+00:00,12.69,12.071404591726548
2025-05-14 10:00:00+00:00,17.79,15.957331169318152
2025-05-14 11:00:00+00:00,14.17,20.482335033774845
2025-05-14 12:00:00+00:00,15.82,28.069092986517006
2025-05-14 13:00:00+00:00,28.51,41.56415302136648
2025-05-14 14:00:00+00:00,60.4,55.73699368836769
2025-05-14 15:00:00+00:00,116.85,89.52861454412653
2025-05-14 16:00:00+00:00,153.3,140.69059234597864
2025-05-14 17:00:00+00:00,214.54,190.45182063149036
2025-05-14 18:00:00+00:00,353.1,248.6389782594934
2025-05-14 19:00:00+00:00,142.35,171.0899219817716
2025-05-14 20:00:00+00:00,116.67,119.35822622490537
2025-05-14 21:00:00+00:00,107.33,106.36364264590566
2025-05-14 22:00:00+00:00,105.02,103.43771038146551
2025-05-14 23:00:00+00:00,96.8,100.77935449895865
2025-05-15 00:00:00+00:00,94.76,97.4640017767411
2025-05-15 01:00:00+00:00,95.66,97.0441515998983
2025-05-15 02:00:00+00:00,98.04,97.40778555412695
2025-05-15 03:00:00+00:00,105.68,107.13695813374393
2025-05-15 04:00:00+00:00,126.61,120.19965769293255
2025-05-15 05:00:00+00:00,131.0,126.30394302978725
2025-05-15 06:00:00+00:00,99.71,113.45042629034924
2025-05-15 07:00:00+00:00,70.34,77.85136671265519
2025-05-15 08:00:00+00:00,13.62,48.510692559470485
2025-05-15 09:00:00+00:00,21.3,14.473982220648907
2025-05-15 10:00:00+00:00,18.32,20.53534999166976
2025-05-15 11:00:00+00:00,12.77,20.551157468929574
2025-05-15 12:00:00+00:00,35.0,21.540033282458666
2025-05-15 13:00:00+00:00,83.0,54.63085296673944
2025-05-15 14:00:00+00:00,82.0,93.49386491699747
2025-05-15 15:00:00+00:00,108.0,108.99237476622964
2025-05-15 16:00:00+00:00,109.87,146.06938059860028
2025-05-15 17:00:00+00:00,136.98,160.61557519406972
2025-05-15 18:00:00+00:00,166.49,159.47498334070787
2025-05-15 19:00:00+00:00,129.91,137.32911394355912
2025-05-15 20:00:00+00:00,113.27,118.32027273810391
2025-05-15 21:00:00+00:00,107.03,103.70158283249333
2025-05-15 22:00:00+00:00,100.04,99.8117431936033
2025-05-15 23:00:00+00:00,90.16,95.3523219297329
2025-05-16 00:00:00+00:00,87.42,91.56386281841607
2025-05-16 01:00:00+00:00,86.65,86.40771102793198
2025-05-16 02:00:00+00:00,90.49,87.88459948168526
2025-05-16 03:00:00+00:00,97.37,100.96602686787915
2025-05-16 04:00:00+00:00,111.1,117.55064386175128
2025-05-16 05:00:00+00:00,116.65,125.6634168553721
2025-05-16 06:00:00+00:00,108.81,111.32857532817333
2025-05-16 07:00:00+00:00,94.76,96.69712787991021
2025-05-16 08:00:00+00:00,88.15,81.5482041108439
2025-05-16 09:00:00+00:00,60.0,75.94427083629955
2025-05-16 10:00:00+00:00,44.69,55.82572823605172
2025-05-16 11:00:00+00:00,54.09,46.953451925896445
2025-05-16 12:00:00+00:00,60.0,56.592045876925866
2025-05-16 13:00:00+00:00,88.17,71.19703049217631
2025-05-16 14:00:00+00:00,93.23,94.49717001747257
2025-05-16 15:00:00+00:00,106.06,105.51354632240587
2025-05-16 16:00:00+00:00,153.29,118.47725181971131
2025-05-16 17:00:00+00:00,130.34,162.60065299606413
2025-05-16 18:00:00+00:00,196.33,144.37582596969315
2025-05-16 19:00:00+00:00,153.29,154.11608614790606
2025-05-16 20:00:00+00:00,116.86,125.83969770122839
2025-05-16 21:00:00+00:00,119.31,104.43214895177869
2025-05-16 22:00:00+00:00,94.21,107.26311556343497
2025-05-16 23:00:00+00:00,94.36,90.55354535562753
2025-05-17 00:00:00+00:00,89.47,92.38527449370389
2025-05-17 01:00:00+00:00,89.77,91.32662328686546
2025-05-17 02:00:00+00:00,91.05,91.78655084632415
2025-05-17 03:00:00+00:00,95.81,94.3605904682129
2025-05-17 04:00:00+00:00,92.68,98.04011310853036
2025-05-17 05:00:00+00:00,90.5,89.56067200056474
2025-05-17 06:00:00+00:00,60.43,76.16189207983795
2025-05-17 07:00:00+00:00,1.0,46.67189573023364
2025-05-17 08:00:00+00:00,0.0,8.21757777091915
2025-05-17 09:00:00+00:00,0.0,3.708916384996769
2025-05-17 10:00:00+00:00,0.0,3.8601520120130886
2025-05-17 11:00:00+00:00,0.0,3.0257865922938834
2025-05-17 12:00:00+00:00,0.0,6.4409997962074215
2025-05-17 13:00:00+00:00,0.0,26.05986131904251
2025-05-17 14:00:00+00:00,13.63,34.520108700593056
2025-05-17 15:00:00+00:00,57.37,55.757566004042744
2025-05-17 16:00:00+00:00,127.67,101.5214940260486
2025-05-17 17:00:00+00:00,157.11,145.71643037628473
2025-05-17 18:00:00+00:00,205.33,163.38617090190775
2025-05-17 19:00:00+00:00,169.51,156.16560258350222
2025-05-17 20:00:00+00:00,153.29,125.44607133055669
2025-05-17 21:00:00+00:00,147.21,123.07482791175427
2025-05-17 22:00:00+00:00,108.09,119.52604414679493
2025-05-17 23:00:00+00:00,102.45,102.14322460211768
2025-05-18 00:00:00+00:00,99.56,97.39294085420993
2025-05-18 01:00:00+00:00,98.38,96.76347159023794
2025-05-18 02:00:00+00:00,99.34,93.82237983626658
2025-05-18 03:00:00+00:00,99.0,98.37513922073845
2025-05-18 04:00:00+00:00,92.11,94.05060099462716
2025-05-18 05:00:00+00:00,87.99,77.15264951367072
2025-05-18 06:00:00+00:00,45.32,54.08932341887392
2025-05-18 07:00:00+00:00,8.56,24.427122748292447
2025-05-18 08:00:00+00:00,0.0,7.413749592492522
2025-05-18 09:00:00+00:00,0.0,2.208745220339779
2025-05-18 10:00:00+00:00,0.0,4.147226519404086
2025-05-18 11:00:00+00:00,0.0,6.6157523296579654
2025-05-18 12:00:00+00:00,0.0,9.023691018089991
2025-05-18 13:00:00+00:00,0.0,18.294055363780373
2025-05-18 14:00:00+00:00,0.0,24.985498109728383
2025-05-18 15:00:00+00:00,25.34,29.60852518196782
2025-05-18 16:00:00+00:00,96.02,73.19113307654874
2025-05-18 17:00:00+00:00,131.0,134.7151323244103
2025-05-18 18:00:00+00:00,153.3,156.33725046569157
2025-05-18 19:00:00+00:00,132.39,133.4899670299548
2025-05-18 20:00:00+00:00,120.04,120.85247112352855
2025-05-18 21:00:00+00:00,105.82,115.6102564994512
2025-05-18 22:00:00+00:00,112.56,101.61058070505776
2025-05-18 23:00:00+00:00,105.98,106.20663965453099
2025-05-19 00:00:00+00:00,99.06,100.08618444164327
2025-05-19 01:00:00+00:00,95.88,95.0974196018831
2025-05-19 02:00:00+00:00,105.75,95.27449190751827
2025-05-19 03:00:00+00:00,118.57,111.31866971851215
2025-05-19 04:00:00+00:00,139.58,133.69406367958027
2025-05-19 05:00:00+00:00,135.16,139.24915333285776
2025-05-19 06:00:00+00:00,89.3,113.49119568024369
2025-05-19 07:00:00+00:00,65.0,69.0988299230419
2025-05-19 08:00:00+00:00,20.03,49.462139415694224
2025-05-19 09:00:00+00:00,29.03,14.827824127831079
2025-05-19 10:00:00+00:00,12.77,24.641584299590335
2025-05-19 11:00:00+00:00,5.0,20.73041759760784
2025-05-19 12:00:00+00:00,8.0,17.929760154328875
2025-05-19 13:00:00+00:00,29.0,39.388997679299266
2025-05-19 14:00:00+00:00,81.99,53.66504832872974
2025-05-19 15:00:00+00:00,105.36,97.18248053129707
2025-05-19 16:00:00+00:00,124.08,133.34400679206246
2025-05-19 17:00:00+00:00,153.29,168.27837486899168
2025-05-19 18:00:00+00:00,230.28,183.003090812296
2025-05-19 19:00:00+00:00,153.85,182.3095781084059
2025-05-19 20:00:00+00:00,136.23,133.9413062796158
2025-05-19 21:00:00+00:00,119.34,111.50947286334544
2025-05-19 22:00:00+00:00,121.89,108.49268625878507
2025-05-19 23:00:00+00:00,110.55,109.12452188251783
2025-05-20 00:00:00+00:00,107.96,104.70878082760105
2025-05-20 01:00:00+00:00,111.42,102.71608390780425
2025-05-20 02:00:00+00:00,123.84,108.78384281418948
2025-05-20 03:00:00+00:00,133.98,129.48778709778867
2025-05-20 04:00:00+00:00,145.25,140.090404541245
2025-05-20 05:00:00+00:00,134.4,134.81292982198434
2025-05-20 06:00:00+00:00,88.83,106.79891384519091
2025-05-20 07:00:00+00:00,31.61,67.63388153967134
2025-05-20 08:00:00+00:00,55.0,21.472786223539146
2025-05-20 09:00:00+00:00,15.99,42.7129197054808
2025-05-20 10:00:00+00:00,24.1,20.093899195864594
2025-05-20 11:00:00+00:00,26.34,25.874310407304918
2025-05-20 12:00:00+00:00,38.41,31.751089857885333
2025-05-20 13:00:00+00:00,63.22,52.636577684477984
2025-05-20 14:00:00+00:00,93.92,85.23343450355625
2025-05-20 15:00:00+00:00,109.38,111.09159874846492
2025-05-20 16:00:00+00:00,140.91,136.91570200540082
2025-05-20 17:00:00+00:00,242.78,175.47508960034077
2025-05-20 18:00:00+00:00,298.63,264.26509428824886
2025-05-20 19:00:00+00:00,176.41,175.93115581398047
2025-05-20 20:00:00+00:00,136.97,144.4783122106519
2025-05-20 21:00:00+00:00,114.82,116.66784798467529
2025-05-20 22:00:00+00:00,196.44,109.37386156535123
2025-05-20 23:00:00+00:00,180.16,150.30937993950516
2025-05-21 00:00:00+00:00,176.2,159.6591304923494
2025-05-21 01:00:00+00:00,181.11,157.97476057584834
2025-05-21 02:00:00+00:00,193.89,167.64545362760404
2025-05-21 03:00:00+00:00,221.78,178.21873658319427
2025-05-21 04:00:00+00:00,223.97,196.962314270486
2025-05-21 05:00:00+00:00,138.0,180.5324074572449
2025-05-21 06:00:00+00:00,89.44,114.22223100774725
2025-05-21 07:00:00+00:00,84.82,74.40475023199525
2025-05-21 08:00:00+00:00,42.22,62.68369807737223
2025-05-21 09:00:00+00:00,57.3,35.65427826299721
2025-05-21 10:00:00+00:00,50.0,54.342914223452055
2025-05-21 11:00:00+00:00,45.17,51.45051846144466
2025-05-21 12:00:00+00:00,60.96,47.7059218391218
2025-05-21 13:00:00+00:00,101.77,75.00752059447751
2025-05-21 14:00:00+00:00,117.33,111.7496460151652
2025-05-21 15:00:00+00:00,178.77,133.78222989228757
2025-05-21 16:00:00+00:00,226.18,192.8944886053487
2025-05-21 17:00:00+00:00,292.13,278.68503175010744
2025-05-21 18:00:00+00:00,355.0,313.85255412189065
2025-05-21 19:00:00+00:00,189.04,211.27933650273854
2025-05-21 20:00:00+00:00,158.0,158.80203751126496
2025-05-21 21:00:00+00:00,158.77,130.99437913068516
2025-05-21 22:00:00+00:00,104.93,141.66450317487906
2025-05-21 23:00:00+00:00,95.73,114.32768920494584
2025-05-22 00:00:00+00:00,89.78,105.0627989121449
2025-05-22 01:00:00+00:00,90.54,103.8470731356585
2025-05-22 02:00:00+00:00,90.65,107.21240038566896
2025-05-22 03:00:00+00:00,97.46,125.30508781517743
2025-05-22 04:00:00+00:00,117.39,129.9777314685857
2025-05-22 05:00:00+00:00,120.39,117.13949967753341
2025-05-22 06:00:00+00:00,92.0,100.40650431058374
2025-05-22 07:00:00+00:00,79.17,68.66247782747598
2025-05-22 08:00:00+00:00,50.0,49.6350397992353
2025-05-22 09:00:00+00:00,65.52,33.921638266807534
2025-05-22 10:00:00+00:00,40.89,50.40121420877715
2025-05-22 11:00:00+00:00,50.0,35.362605004538594
2025-05-22 12:00:00+00:00,65.01,52.37830809437429
2025-05-22 13:00:00+00:00,92.96,92.95574851749535
2025-05-22 14:00:00+00:00,88.99,109.85038783370514
2025-05-22 15:00:00+00:00,110.09,124.5232786932854
2025-05-22 16:00:00+00:00,123.79,159.028906665021
2025-05-22 17:00:00+00:00,132.38,185.47234691905925
2025-05-22 18:00:00+00:00,183.66,166.04506297253343
2025-05-22 19:00:00+00:00,137.35,156.96953423792212
2025-05-22 20:00:00+00:00,121.47,125.71114496654957
2025-05-22 21:00:00+00:00,115.61,119.60644236218155
2025-05-22 22:00:00+00:00,108.5,104.78329727696303
2025-05-22 23:00:00+00:00,99.49,99.64573374140952
2025-05-23 00:00:00+00:00,92.84,96.14119845451057
2025-05-23 01:00:00+00:00,92.53,91.42821244502778
2025-05-23 02:00:00+00:00,100.68,93.47371362790267
2025-05-23 03:00:00+00:00,116.43,101.99091617622719
2025-05-23 04:00:00+00:00,138.42,115.64897960332719
2025-05-23 05:00:00+00:00,145.0,130.48947786317757
2025-05-23 06:00:00+00:00,100.66,115.05050842189934
2025-05-23 07:00:00+00:00,65.0,85.2119113749149
2025-05-23 08:00:00+00:00,55.0,54.78056962126797
2025-05-23 09:00:00+00:00,55.0,47.58625453443422
2025-05-23 10:00:00+00:00,46.18,49.11777893889007
2025-05-23 11:00:00+00:00,45.37,45.111823506040935
2025-05-23 12:00:00+00:00,55.0,50.35265749757768
2025-05-23 13:00:00+00:00,77.37,74.11789025857121
2025-05-23 14:00:00+00:00,98.56,90.73192648742312
2025-05-23 15:00:00+00:00,99.63,110.88020160529547
2025-05-23 16:00:00+00:00,126.87,126.8156327926548
2025-05-23 17:00:00+00:00,149.76,142.98865509234108
2025-05-23 18:00:00+00:00,215.53,166.45748446231897
2025-05-23 19:00:00+00:00,151.61,163.46707853475164
2025-05-23 20:00:00+00:00,129.37,129.48993478019034
2025-05-23 21:00:00+00:00,112.54,118.93746409695922
2025-05-23 22:00:00+00:00,112.45,106.47054404523846
2025-05-23 23:00:00+00:00,98.89,105.79967998247167
2025-05-24 00:00:00+00:00,94.46,94.0916252319514
2025-05-24 01:00:00+00:00,89.91,93.38552338734087
2025-05-24 02:00:00+00:00,89.0,95.56198827233584
2025-05-24 03:00:00+00:00,89.0,98.4853350904439
2025-05-24 04:00:00+00:00,89.99,97.9441424771365
2025-05-24 05:00:00+00:00,78.2,90.62070041735775
2025-05-24 06:00:00+00:00,63.35,66.84904064591429
2025-05-24 07:00:00+00:00,12.26,49.20182059825322
2025-05-24 08:00:00+00:00,0.84,10.753234510137872
2025-05-24 09:00:00+00:00,7.69,1.5150057843407012
2025-05-24 10:00:00+00:00,8.44,12.538163832057236
2025-05-24 11:00:00+00:00,10.23,12.429693803656903
2025-05-24 12:00:00+00:00,14.8,20.989114819242403
2025-05-24 13:00:00+00:00,15.0,43.065645773346134
2025-05-24 14:00:00+00:00,55.09,49.52859837805768
2025-05-24 15:00:00+00:00,70.65,79.66908116188903
2025-05-24 16:00:00+00:00,95.39,107.95288549180987
2025-05-24 17:00:00+00:00,122.53,133.52912485191055
2025-05-24 18:00:00+00:00,176.7,160.71151456863797
2025-05-24 19:00:00+00:00,137.91,156.98704308855557
2025-05-24 20:00:00+00:00,130.29,128.94351001934655
2025-05-24 21:00:00+00:00,102.02,123.17174786312354
2025-05-24 22:00:00+00:00,89.02,101.20558437680245
2025-05-24 23:00:00+00:00,59.22,91.34649651563487
2025-05-25 00:00:00+00:00,25.92,67.96757501249344
2025-05-25 01:00:00+00:00,10.11,40.00270835272761
2025-05-25 02:00:00+00:00,8.0,33.801412430513
2025-05-25 03:00:00+00:00,6.41,27.9553883552408
2025-05-25 04:00:00+00:00,1.48,25.234563321212775
2025-05-25 05:00:00+00:00,1.41,11.114557630534435
2025-05-25 06:00:00+00:00,3.62,6.251559637547103
2025-05-25 07:00:00+00:00,3.51,3.833017143950144
2025-05-25 08:00:00+00:00,12.26,4.692667028452675
2025-05-25 09:00:00+00:00,21.64,15.334312970738921
2025-05-25 10:00:00+00:00,30.0,21.43362573854577
2025-05-25 11:00:00+00:00,17.77,25.76395988955825
2025-05-25 12:00:00+00:00,18.09,24.47981822952572
2025-05-25 13:00:00+00:00,30.0,37.56635826332369
2025-05-25 14:00:00+00:00,6.16,43.84993917745922
2025-05-25 15:00:00+00:00,17.52,41.63282698106565
2025-05-25 16:00:00+00:00,68.03,56.26437149483952
2025-05-25 17:00:00+00:00,100.9,102.25985622639988
2025-05-25 18:00:00+00:00,116.37,124.83892931375289
2025-05-25 19:00:00+00:00,103.56,108.1325935477843
2025-05-25 20:00:00+00:00,105.22,99.06740724577611
2025-05-25 21:00:00+00:00,96.25,95.50785911844733
2025-05-25 22:00:00+00:00,95.0,88.03365222311054
2025-05-25 23:00:00+00:00,87.64,82.9965452479496
2025-05-26 00:00:00+00:00,84.68,78.27122498852162
2025-05-26 01:00:00+00:00,83.54,74.37270719026182
2025-05-26 02:00:00+00:00,88.41,77.08375734237416
2025-05-26 03:00:00+00:00,98.55,93.57243140288983
2025-05-26 04:00:00+00:00,92.67,102.36084852775639
2025-05-26 05:00:00+00:00,79.55,89.51510965857227
2025-05-26 06:00:00+00:00,4.7,64.00002366207993
2025-05-26 07:00:00+00:00,4.31,4.823267812179935
2025-05-26 08:00:00+00:00,45.0,3.0471648765079067
2025-05-26 09:00:00+00:00,45.0,32.92204159861198
2025-05-26 10:00:00+00:00,33.87,38.5388075795955
2025-05-26 11:00:00+00:00,30.0,31.505614543368296
2025-05-26 12:00:00+00:00,19.84,30.37299349005015
2025-05-26 13:00:00+00:00,13.49,43.144617185240065
2025-05-26 14:00:00+00:00,5.0,47.84892538595014
2025-05-26 15:00:00+00:00,92.0,43.95939308968062
2025-05-26 16:00:00+00:00,129.69,117.72127748443746
2025-05-26 17:00:00+00:00,162.66,153.67806768960057
2025-05-26 18:00:00+00:00,240.25,175.42797378655317
2025-05-26 19:00:00+00:00,175.16,176.33335951289752
2025-05-26 20:00:00+00:00,144.21,139.42075608434345
2025-05-26 21:00:00+00:00,113.87,119.67301698811059
2025-05-26 22:00:00+00:00,105.78,107.1079312681104
2025-05-26 23:00:00+00:00,94.11,100.75872461944662
2025-05-27 00:00:00+00:00,87.61,94.74352680250675
2025-05-27 01:00:00+00:00,85.92,88.87662550071909
2025-05-27 02:00:00+00:00,89.02,89.50486667248302
2025-05-27 03:00:00+00:00,95.86,106.5060392314256
2025-05-27 04:00:00+00:00,111.66,111.58219975207915
2025-05-27 05:00:00+00:00,94.02,111.27652129933904
2025-05-27 06:00:00+00:00,62.59,80.70363010480743
2025-05-27 07:00:00+00:00,35.0,41.561375453729994
2025-05-27 08:00:00+00:00,4.51,21.618933546139843
2025-05-27 09:00:00+00:00,3.43,5.818704005901267
2025-05-27 10:00:00+00:00,1.32,9.30780744713536
2025-05-27 11:00:00+00:00,2.94,10.791091850820237
2025-05-27 12:00:00+00:00,8.43,13.671827393914882
2025-05-27 13:00:00+00:00,18.82,33.6042183790055
2025-05-27 14:00:00+00:00,61.0,46.13440573082414
2025-05-27 15:00:00+00:00,92.0,86.1373708117346
2025-05-27 16:00:00+00:00,117.2,134.12201920791108
2025-05-27 17:00:00+00:00,143.95,168.4711470404598
2025-05-27 18:00:00+00:00,218.84,180.59096919491253
2025-05-27 19:00:00+00:00,148.57,183.28896861877877
2025-05-27 20:00:00+00:00,118.86,130.08933706802299
2025-05-27 21:00:00+00:00,99.37,111.93388832749896
2025-05-27 22:00:00+00:00,92.02,107.44170274782377
2025-05-27 23:00:00+00:00,76.94,99.342123616431
2025-05-28 00:00:00+00:00,74.1,86.19947637485066
2025-05-28 01:00:00+00:00,69.61,83.92790455346275
2025-05-28 02:00:00+00:00,73.3,81.4287256200406
2025-05-28 03:00:00+00:00,84.18,103.3641322022803
2025-05-28 04:00:00+00:00,98.79,108.7341367226772
2025-05-28 05:00:00+00:00,102.78,102.06777493428751
2025-05-28 06:00:00+00:00,85.52,83.9593306647719
2025-05-28 07:00:00+00:00,21.36,61.194128542117696
2025-05-28 08:00:00+00:00,15.64,10.92779855245847
2025-05-28 09:00:00+00:00,18.01,11.766552608708068
2025-05-28 10:00:00+00:00,31.59,18.711673366604074
2025-05-28 11:00:00+00:00,27.06,30.948148528445955
2025-05-28 12:00:00+00:00,52.0,31.27245238696287
2025-05-28 13:00:00+00:00,59.56,69.226096211553
2025-05-28 14:00:00+00:00,76.13,80.62857874544413
2025-05-28 15:00:00+00:00,112.06,106.95667936156585
2025-05-28 16:00:00+00:00,130.9,144.7340828558715
2025-05-28 17:00:00+00:00,141.38,171.32477482539076
2025-05-28 18:00:00+00:00,172.95,182.2753141181521
2025-05-28 19:00:00+00:00,138.98,148.8674600273663
2025-05-28 20:00:00+00:00,124.41,126.30111520285858
2025-05-28 21:00:00+00:00,110.83,117.04187072401297
2025-05-28 22:00:00+00:00,96.74,102.738951395456
2025-05-28 23:00:00+00:00,92.31,91.75464303506445
2025-05-29 00:00:00+00:00,90.42,92.4749036385989
2025-05-29 01:00:00+00:00,89.99,93.26426944898756
2025-05-29 02:00:00+00:00,89.78,92.22343307021295
2025-05-29 03:00:00+00:00,90.25,97.54907111777192
2025-05-29 04:00:00+00:00,98.77,100.45710017889917
2025-05-29 05:00:00+00:00,82.37,97.2753240824599
2025-05-29 06:00:00+00:00,59.6,74.56948890201235
2025-05-29 07:00:00+00:00,30.0,46.63567634217631
2025-05-29 08:00:00+00:00,18.0,18.124447705849633
2025-05-29 09:00:00+00:00,2.94,15.693273749936509
2025-05-29 10:00:00+00:00,5.61,6.731653903003689
2025-05-29 11:00:00+00:00,10.53,13.853459844591072
2025-05-29 12:00:00+00:00,12.05,24.67614512384378
2025-05-29 13:00:00+00:00,19.75,40.93950058041543
2025-05-29 14:00:00+00:00,33.63,55.921555409133205
2025-05-29 15:00:00+00:00,82.45,74.80640441688337
2025-05-29 16:00:00+00:00,108.54,112.24672141767755
2025-05-29 17:00:00+00:00,110.03,137.48607831676196
2025-05-29 18:00:00+00:00,105.98,147.1306635217452
2025-05-29 19:00:00+00:00,104.1,109.64919716580782
2025-05-29 20:00:00+00:00,102.69,105.54136476423153
2025-05-29 21:00:00+00:00,85.68,100.38582308054058
2025-05-29 22:00:00+00:00,73.19,80.4250210409943
2025-05-29 23:00:00+00:00,57.81,75.2445168656892
2025-05-30 00:00:00+00:00,41.35,62.593512672562895
2025-05-30 01:00:00+00:00,33.95,46.72040288189821
2025-05-30 02:00:00+00:00,37.39,39.8123403321631
2025-05-30 03:00:00+00:00,57.25,49.70456551666682
2025-05-30 04:00:00+00:00,84.99,72.37563023483139
2025-05-30 05:00:00+00:00,64.0,84.92068174571088
2025-05-30 06:00:00+00:00,53.01,56.34970995448204
2025-05-30 07:00:00+00:00,29.13,39.93683153711754
2025-05-30 08:00:00+00:00,2.94,16.405422986997905
2025-05-30 09:00:00+00:00,2.94,5.300453637505768
2025-05-30 10:00:00+00:00,4.02,6.344768206831887
2025-05-30 11:00:00+00:00,0.77,6.548446409924523
2025-05-30 12:00:00+00:00,0.04,7.90654818051145
2025-05-30 13:00:00+00:00,0.12,20.71466677279635
2025-05-30 14:00:00+00:00,0.14,26.956176844135413
2025-05-30 15:00:00+00:00,29.2,33.06455678588779
2025-05-30 16:00:00+00:00,80.72,61.228895792693066
2025-05-30 17:00:00+00:00,58.04,100.64413233563606
2025-05-30 18:00:00+00:00,57.84,84.66733316292127
2025-05-30 19:00:00+00:00,51.52,66.01220598189035
2025-05-30 20:00:00+00:00,85.0,60.79842520022494
2025-05-30 21:00:00+00:00,85.0,75.57247774990594
2025-05-30 22:00:00+00:00,102.99,74.81850328118492
2025-05-30 23:00:00+00:00,81.09,86.4802720980283
2025-05-31 00:00:00+00:00,72.79,73.14030474379561
2025-05-31 01:00:00+00:00,59.21,66.95928452284119
2025-05-31 02:00:00+00:00,58.26,57.663912903866915
2025-05-31 03:00:00+00:00,45.9,58.45511874126167
2025-05-31 04:00:00+00:00,40.0,52.66650950499512
2025-05-31 05:00:00+00:00,10.0,40.57211226480793
2025-05-31 06:00:00+00:00,3.23,11.13217532517234
2025-05-31 07:00:00+00:00,1.0,-0.13090076674308193
2025-05-31 08:00:00+00:00,0.04,3.984341688238686
2025-05-31 09:00:00+00:00,0.04,2.359163280622795
2025-05-31 10:00:00+00:00,0.04,3.784529282076477
2025-05-31 11:00:00+00:00,0.04,3.757980628917977
2025-05-31 12:00:00+00:00,0.04,4.150750576448843
2025-05-31 13:00:00+00:00,0.04,11.953479352359366
2025-05-31 14:00:00+00:00,0.03,16.287825171082986
2025-05-31 15:00:00+00:00,43.43,19.862463329499533
2025-05-31 16:00:00+00:00,84.02,61.91338250746499
2025-05-31 17:00:00+00:00,100.0,88.5555628749697
2025-05-31 18:00:00+00:00,127.83,103.05652316329633
2025-05-31 19:00:00+00:00,112.04,106.89080495393978
2025-05-31 20:00:00+00:00,117.49,100.66682394012754
2025-05-31 21:00:00+00:00,103.19,101.6516969454254
2025-05-31 22:00:00+00:00,98.69,93.11204886985134
2025-05-31 23:00:00+00:00,85.15,84.82784786231882
2025-06-01 00:00:00+00:00,79.58,74.39244046913674
2025-06-01 01:00:00+00:00,72.89,68.8088267775749
2025-06-01 02:00:00+00:00,69.74,63.73421744167574
2025-06-01 03:00:00+00:00,63.38,61.794448042105145
2025-06-01 04:00:00+00:00,34.87,52.75024234605358
2025-06-01 05:00:00+00:00,13.0,23.824006582424445
2025-06-01 06:00:00+00:00,2.4,9.609989723336312
2025-06-01 07:00:00+00:00,0.0,5.040086669734194
2025-06-01 08:00:00+00:00,0.0,5.071436343086816
2025-06-01 09:00:00+00:00,0.0,5.373025744844
2025-06-01 10:00:00+00:00,0.0,6.998949455683814
2025-06-01 11:00:00+00:00,0.0,6.0877920223683475
2025-06-01 12:00:00+00:00,0.0,8.231164867795457
2025-06-01 13:00:00+00:00,0.0,15.721625215129194
2025-06-01 14:00:00+00:00,0.0,20.33430477308434
2025-06-01 15:00:00+00:00,26.1,22.60305978680495
2025-06-01 16:00:00+00:00,88.36,56.31075935413776
2025-06-01 17:00:00+00:00,151.93,103.94628962709967
2025-06-01 18:00:00+00:00,139.79,147.68464243950342
2025-06-01 19:00:00+00:00,135.99,120.69395458278471
2025-06-01 20:00:00+00:00,110.54,116.59797636666752
2025-06-01 21:00:00+00:00,97.81,104.2621085758512
2025-06-01 22:00:00+00:00,93.62,93.10385363926441
2025-06-01 23:00:00+00:00,87.8,90.02503591585258
2025-06-02 00:00:00+00:00,82.44,84.31227245258069
2025-06-02 01:00:00+00:00,83.34,80.06939173714576
2025-06-02 02:00:00+00:00,96.45,81.20088247830358
2025-06-02 03:00:00+00:00,102.89,102.93693132661485
2025-06-02 04:00:00+00:00,111.63,107.61220913807776
2025-06-02 05:00:00+00:00,108.85,105.41476980980954
2025-06-02 06:00:00+00:00,92.5,92.33610946978163
2025-06-02 07:00:00+00:00,84.21,69.6683893601905
2025-06-02 08:00:00+00:00,49.21,57.061769672442765
2025-06-02 09:00:00+00:00,33.21,39.766588704287244
2025-06-02 10:00:00+00:00,20.0,33.81035302106841
2025-06-02 11:00:00+00:00,12.78,29.072420904635322
2025-06-02 12:00:00+00:00,11.0,29.11772171768554
2025-06-02 13:00:00+00:00,19.75,40.75548365518685
2025-06-02 14:00:00+00:00,60.0,44.28885804766351
2025-06-02 15:00:00+00:00,97.01,77.82918026304696
2025-06-02 16:00:00+00:00,157.48,129.09942996329647
2025-06-02 17:00:00+00:00,215.35,197.27467904453545
2025-06-02 18:00:00+00:00,260.95,229.29342500077965
2025-06-02 19:00:00+00:00,136.58,185.71928894307732
2025-06-02 20:00:00+00:00,115.29,121.80541128176883
2025-06-02 21:00:00+00:00,121.84,107.86379572270505
2025-06-02 22:00:00+00:00,117.47,113.80195635468313
2025-06-02 23:00:00+00:00,115.08,107.44936192887036
2025-06-03 00:00:00+00:00,106.53,107.01166126218538
2025-06-03 01:00:00+00:00,104.42,101.26927362152914
2025-06-03 02:00:00+00:00,106.45,102.37948950795422
2025-06-03 03:00:00+00:00,122.0,114.04679205415285
2025-06-03 04:00:00+00:00,140.46,129.4468049870677
2025-06-03 05:00:00+00:00,124.4,125.70683790013608
2025-06-03 06:00:00+00:00,85.26,102.06318505776622
2025-06-03 07:00:00+00:00,34.4,64.24176077830423
2025-06-03 08:00:00+00:00,5.83,22.74066553080155
2025-06-03 09:00:00+00:00,5.48,11.918868921335402
2025-06-03 10:00:00+00:00,6.72,16.166133523804163
2025-06-03 11:00:00+00:00,5.12,18.367729573418046
2025-06-03 12:00:00+00:00,3.35,17.58283297489409
2025-06-03 13:00:00+00:00,9.92,30.95835566399265
2025-06-03 14:00:00+00:00,45.22,46.72600568336044
2025-06-03 15:00:00+00:00,90.76,83.50044810517053
2025-06-03 16:00:00+00:00,143.72,131.55251030830598
2025-06-03 17:00:00+00:00,165.55,186.36409432386046
2025-06-03 18:00:00+00:00,251.65,197.8233979443019
2025-06-03 19:00:00+00:00,153.71,178.46384577764832
2025-06-03 20:00:00+00:00,121.36,126.52821362385508
2025-06-03 21:00:00+00:00,131.53,111.24183488669004
2025-06-03 22:00:00+00:00,119.95,115.56320441904252
2025-06-03 23:00:00+00:00,97.11,108.3462351326231
2025-06-04 00:00:00+00:00,88.57,95.05503640133358
2025-06-04 01:00:00+00:00,87.58,90.31581678327755
2025-06-04 02:00:00+00:00,93.67,90.10284284867421
2025-06-04 03:00:00+00:00,98.87,105.36572290149422
2025-06-04 04:00:00+00:00,101.45,112.48460890254768
2025-06-04 05:00:00+00:00,112.12,110.03989775792542
2025-06-04 06:00:00+00:00,48.4,97.4435310030083
2025-06-04 07:00:00+00:00,31.41,34.5118675041476
2025-06-04 08:00:00+00:00,12.78,20.754716259739
2025-06-04 09:00:00+00:00,12.1,13.153314450636984
2025-06-04 10:00:00+00:00,9.53,19.155965698895685
2025-06-04 11:00:00+00:00,9.69,18.263626263741187
2025-06-04 12:00:00+00:00,18.5,22.25308364474202
2025-06-04 13:00:00+00:00,51.48,41.24832364661272
2025-06-04 14:00:00+00:00,86.33,74.33081143053468
2025-06-04 15:00:00+00:00,117.59,104.1876274225301
2025-06-04 16:00:00+00:00,121.39,145.31003133527713
2025-06-04 17:00:00+00:00,213.95,172.08394737418027
2025-06-04 18:00:00+00:00,339.78,243.13129447880166
2025-06-04 19:00:00+00:00,248.01,188.65073624665376
2025-06-04 20:00:00+00:00,156.36,162.74864714624135
2025-06-04 21:00:00+00:00,128.71,130.35772206419472
2025-06-04 22:00:00+00:00,120.77,115.7610298448775
2025-06-04 23:00:00+00:00,108.77,105.72054198665
2025-06-05 00:00:00+00:00,100.02,102.63322675901287
2025-06-05 01:00:00+00:00,98.19,97.84200644557076
2025-06-05 02:00:00+00:00,101.21,95.8789365931136
2025-06-05 03:00:00+00:00,106.97,106.2984397385567
2025-06-05 04:00:00+00:00,111.48,110.09157179872277
2025-06-05 05:00:00+00:00,127.78,108.31364889580924
2025-06-05 06:00:00+00:00,101.93,102.27846413253366
2025-06-05 07:00:00+00:00,79.51,77.0289134917953
2025-06-05 08:00:00+00:00,66.34,53.54793314745227
2025-06-05 09:00:00+00:00,48.97,51.21528123511766
2025-06-05 10:00:00+00:00,20.41,42.07603544540345
2025-06-05 11:00:00+00:00,12.27,25.335567184549447
2025-06-05 12:00:00+00:00,8.52,25.349651144903746
2025-06-05 13:00:00+00:00,23.54,36.652680767888086
2025-06-05 14:00:00+00:00,79.07,59.282575171679355
2025-06-05 15:00:00+00:00,98.84,108.10171454209741
2025-06-05 16:00:00+00:00,138.32,131.656705729078
2025-06-05 17:00:00+00:00,175.51,193.11517532446962
2025-06-05 18:00:00+00:00,262.51,207.17957808047953
2025-06-05 19:00:00+00:00,135.53,191.99975373446222
2025-06-05 20:00:00+00:00,118.68,126.52996852795505
2025-06-05 21:00:00+00:00,117.87,114.5302537618277
2025-06-05 22:00:00+00:00,103.57,111.16358478948136
2025-06-05 23:00:00+00:00,120.2,98.29030387071319
2025-06-06 00:00:00+00:00,108.37,106.40999749421644
2025-06-06 01:00:00+00:00,102.2,98.10833200434547
2025-06-06 02:00:00+00:00,108.5,97.19756039862827
2025-06-06 03:00:00+00:00,98.25,110.70006421669511
2025-06-06 04:00:00+00:00,107.69,105.8701806853422
2025-06-06 05:00:00+00:00,98.9,105.77374940448784
2025-06-06 06:00:00+00:00,67.34,83.58973999931078
2025-06-06 07:00:00+00:00,8.44,52.59352581519117
2025-06-06 08:00:00+00:00,0.04,10.86396075985327
2025-06-06 09:00:00+00:00,1.98,2.6162811573240674
2025-06-06 10:00:00+00:00,12.73,10.81552318791907
2025-06-06 11:00:00+00:00,28.47,20.77705106138653
2025-06-06 12:00:00+00:00,24.7,32.52200862644369
2025-06-06 13:00:00+00:00,42.08,45.61884500454468
2025-06-06 14:00:00+00:00,82.1,70.37626606430072
2025-06-06 15:00:00+00:00,138.02,99.24551227183277
2025-06-06 16:00:00+00:00,209.72,160.6303608942713
2025-06-06 17:00:00+00:00,146.92,219.001618077232
2025-06-06 18:00:00+00:00,190.2,166.69336034871296
2025-06-06 19:00:00+00:00,136.97,148.394414564147
2025-06-06 20:00:00+00:00,125.37,116.79428514541688
2025-06-06 21:00:00+00:00,109.17,114.45929890894148
2025-06-06 22:00:00+00:00,103.83,106.86263782434457
2025-06-06 23:00:00+00:00,99.5,102.89298548793839
2025-06-07 00:00:00+00:00,96.12,98.2555870716661
2025-06-07 01:00:00+00:00,96.25,92.34912758959123
2025-06-07 02:00:00+00:00,91.51,94.523543156447
2025-06-07 03:00:00+00:00,90.21,91.93915384554737
2025-06-07 04:00:00+00:00,81.23,91.33125939443934
2025-06-07 05:00:00+00:00,80.58,72.57896537919689
2025-06-07 06:00:00+00:00,73.7,60.07380957182271
2025-06-07 07:00:00+00:00,59.48,47.925530659598195
2025-06-07 08:00:00+00:00,13.71,39.85718106247124
2025-06-07 09:00:00+00:00,9.44,14.533843132494766
2025-06-07 10:00:00+00:00,1.19,12.487364835821964
2025-06-07 11:00:00+00:00,0.04,8.513333379684923
2025-06-07 12:00:00+00:00,0.04,7.456682303595741
2025-06-07 13:00:00+00:00,0.04,19.194562537246938
2025-06-07 14:00:00+00:00,5.09,30.742566475538027
2025-06-07 15:00:00+00:00,89.21,63.3125872942812
2025-06-07 16:00:00+00:00,135.63,128.38097348351204
2025-06-07 17:00:00+00:00,182.64,164.36764151644942
2025-06-07 18:00:00+00:00,143.86,186.68909792078028
2025-06-07 19:00:00+00:00,120.44,123.97563910565495
2025-06-07 20:00:00+00:00,123.32,117.08616386059272
2025-06-07 21:00:00+00:00,118.45,115.3471526869044
2025-06-07 22:00:00+00:00,96.01,110.4312021313628
2025-06-07 23:00:00+00:00,88.63,94.02532033552666
2025-06-08 00:00:00+00:00,86.39,84.89421666257067
2025-06-08 01:00:00+00:00,84.11,80.01148023912108
2025-06-08 02:00:00+00:00,78.96,78.96360977699428
2025-06-08 03:00:00+00:00,65.93,76.32042483343822
2025-06-08 04:00:00+00:00,45.44,65.81625931398162
2025-06-08 05:00:00+00:00,4.01,38.69298016544252
2025-06-08 06:00:00+00:00,0.0,6.902627548030495
2025-06-08 07:00:00+00:00,0.0,-0.020918505090463668
2025-06-08 08:00:00+00:00,0.0,-1.328281960637014
2025-06-08 09:00:00+00:00,0.0,-0.12669576818200312
2025-06-08 10:00:00+00:00,0.0,2.8350252882803773
2025-06-08 11:00:00+00:00,0.0,2.453304054567184
2025-06-08 12:00:00+00:00,0.0,5.3263384168352985
2025-06-08 13:00:00+00:00,0.59,17.195953515205503
2025-06-08 14:00:00+00:00,14.45,24.923599141833492
2025-06-08 15:00:00+00:00,91.58,56.8423436103358
2025-06-08 16:00:00+00:00,157.8,116.44294128770053
2025-06-08 17:00:00+00:00,151.36,183.08711304567385
2025-06-08 18:00:00+00:00,177.62,159.6275691816552
2025-06-08 19:00:00+00:00,159.02,153.17588964839422
2025-06-08 20:00:00+00:00,124.71,129.49558523384965
2025-06-08 21:00:00+00:00,100.94,115.62017461893326
2025-06-08 22:00:00+00:00,99.12,98.32647480645254
2025-06-08 23:00:00+00:00,94.51,96.50638660584501
2025-06-09 00:00:00+00:00,87.49,91.14113450997175
2025-06-09 01:00:00+00:00,85.21,85.40442330564454
2025-06-09 02:00:00+00:00,87.33,87.97669372340556
2025-06-09 03:00:00+00:00,91.81,100.30543594232336
2025-06-09 04:00:00+00:00,93.32,104.46552188318282
2025-06-09 05:00:00+00:00,89.91,96.6792690713009
2025-06-09 06:00:00+00:00,63.08,80.62095170083754
2025-06-09 07:00:00+00:00,16.3,54.182071716589135
2025-06-09 08:00:00+00:00,9.85,16.58806369624979
2025-06-09 09:00:00+00:00,14.56,14.195351428339748
2025-06-09 10:00:00+00:00,12.57,23.271002801833518
2025-06-09 11:00:00+00:00,10.7,22.90594771526375
2025-06-09 12:00:00+00:00,13.87,26.206157343191492
2025-06-09 13:00:00+00:00,14.24,42.83955906825828
2025-06-09 14:00:00+00:00,10.0,46.95500276534945
2025-06-09 15:00:00+00:00,87.84,61.21811103543715
2025-06-09 16:00:00+00:00,122.93,135.55939527100097
2025-06-09 17:00:00+00:00,136.49,182.2636325517205
2025-06-09 18:00:00+00:00,153.75,174.27867420977054
2025-06-09 19:00:00+00:00,135.0,146.96209721014066
2025-06-09 20:00:00+00:00,124.85,120.49849822124756
2025-06-09 21:00:00+00:00,106.28,115.10284932622598
2025-06-09 22:00:00+00:00,89.91,99.59007780521578
2025-06-09 23:00:00+00:00,81.81,89.06022047106332
2025-06-10 00:00:00+00:00,71.07,82.35725833543253
2025-06-10 01:00:00+00:00,61.82,75.83541870555717
2025-06-10 02:00:00+00:00,56.22,68.89890306326777
2025-06-10 03:00:00+00:00,70.35,75.88603167871116
2025-06-10 04:00:00+00:00,81.73,86.29117368476254
2025-06-10 05:00:00+00:00,85.1,81.19262759739163
2025-06-10 06:00:00+00:00,86.14,61.14374620229191
2025-06-10 07:00:00+00:00,65.81,51.34110479264392
2025-06-10 08:00:00+00:00,23.09,49.708050954518384
2025-06-10 09:00:00+00:00,8.75,18.53614325834627
2025-06-10 10:00:00+00:00,11.5,13.419602647876545
2025-06-10 11:00:00+00:00,14.05,19.60717625599358
2025-06-10 12:00:00+00:00,30.39,26.061791496678794
2025-06-10 13:00:00+00:00,62.32,46.08977975116834
2025-06-10 14:00:00+00:00,89.13,72.29256980339287
2025-06-10 15:00:00+00:00,105.72,110.5788739215152
2025-06-10 16:00:00+00:00,134.92,138.5180062588452
2025-06-10 17:00:00+00:00,155.0,163.8160024522847
2025-06-10 18:00:00+00:00,179.55,177.19564195567608
2025-06-10 19:00:00+00:00,139.09,157.7985237065493
2025-06-10 20:00:00+00:00,102.18,119.79403012933487
2025-06-10 21:00:00+00:00,97.75,101.30793630002395
2025-06-10 22:00:00+00:00,81.11,92.56954362945545
2025-06-10 23:00:00+00:00,74.99,78.07743052101556
2025-06-11 00:00:00+00:00,68.99,76.49972388266163
2025-06-11 01:00:00+00:00,72.64,69.84218826988672
2025-06-11 02:00:00+00:00,73.35,73.26258904990853
2025-06-11 03:00:00+00:00,87.65,86.02785832739261
2025-06-11 04:00:00+00:00,109.64,93.06886502957596
2025-06-11 05:00:00+00:00,88.42,105.71624247672261
2025-06-11 06:00:00+00:00,82.32,71.24300832671398
2025-06-11 07:00:00+00:00,59.79,57.811292349226605
2025-06-11 08:00:00+00:00,20.0,39.13308446406664
2025-06-11 09:00:00+00:00,4.38,18.86633833369001
2025-06-11 10:00:00+00:00,8.36,10.075753284486652
2025-06-11 11:00:00+00:00,10.23,14.857994807667254
2025-06-11 12:00:00+00:00,15.07,23.566599330019372
2025-06-11 13:00:00+00:00,33.52,41.64276440360268
2025-06-11 14:00:00+00:00,79.2,63.00207535123866
2025-06-11 15:00:00+00:00,104.96,102.25345236965478
2025-06-11 16:00:00+00:00,141.78,129.83742521867538
2025-06-11 17:00:00+00:00,150.59,185.68903354472405
2025-06-11 18:00:00+00:00,219.16,197.1537951806717
2025-06-11 19:00:00+00:00,185.7,179.27710659491925
2025-06-11 20:00:00+00:00,123.18,146.192952908203
2025-06-11 21:00:00+00:00,103.67,112.04310216205926
2025-06-11 22:00:00+00:00,107.36,99.32906167317535
2025-06-11 23:00:00+00:00,90.0,98.72437216945374
2025-06-12 00:00:00+00:00,84.77,90.84769221603416
2025-06-12 01:00:00+00:00,85.12,82.60363427976466
2025-06-12 02:00:00+00:00,89.35,85.49855809957003
2025-06-12 03:00:00+00:00,96.89,103.59800930773281
2025-06-12 04:00:00+00:00,111.79,113.03645788154414
2025-06-12 05:00:00+00:00,79.62,109.24614154552674
2025-06-12 06:00:00+00:00,77.27,73.12383967058156
2025-06-12 07:00:00+00:00,36.67,56.21837153252558
2025-06-12 08:00:00+00:00,0.01,24.578439589905003
2025-06-12 09:00:00+00:00,7.0,1.9985508347433836
2025-06-12 10:00:00+00:00,13.95,14.428793623457281
2025-06-12 11:00:00+00:00,15.0,23.563814101371037
2025-06-12 12:00:00+00:00,31.86,26.435225044311835
2025-06-12 13:00:00+00:00,40.34,50.54351714851197
2025-06-12 14:00:00+00:00,63.75,65.74528997433282
2025-06-12 15:00:00+00:00,91.33,92.62421391785512
2025-06-12 16:00:00+00:00,130.91,136.02416286939524
2025-06-12 17:00:00+00:00,189.44,193.4492798625625
2025-06-12 18:00:00+00:00,220.26,235.14426703510253
2025-06-12 19:00:00+00:00,152.25,167.00664638911582
2025-06-12 20:00:00+00:00,127.74,124.01947606807914
2025-06-12 21:00:00+00:00,107.26,115.37280507154554
2025-06-12 22:00:00+00:00,111.99,102.15831583123307
2025-06-12 23:00:00+00:00,96.95,104.65084677085132
2025-06-13 00:00:00+00:00,91.54,93.2173030146393
2025-06-13 01:00:00+00:00,88.88,91.36255756758246
2025-06-13 02:00:00+00:00,86.82,91.92735287728132
2025-06-13 03:00:00+00:00,94.34,96.47717179454236
2025-06-13 04:00:00+00:00,101.36,109.22407569456007
2025-06-13 05:00:00+00:00,87.38,99.8471473786003
2025-06-13 06:00:00+00:00,76.04,74.48897914800516
2025-06-13 07:00:00+00:00,40.2,58.7100745134954
2025-06-13 08:00:00+00:00,8.44,26.99989693941444
2025-06-13 09:00:00+00:00,12.78,12.539303153446681
2025-06-13 10:00:00+00:00,15.0,20.561587217567066
2025-06-13 11:00:00+00:00,20.0,24.595317862328443
2025-06-13 12:00:00+00:00,30.91,30.26886828521964
2025-06-13 13:00:00+00:00,52.18,51.372813959388225
2025-06-13 14:00:00+00:00,76.93,73.64798717269817
2025-06-13 15:00:00+00:00,102.06,102.60089815304772
2025-06-13 16:00:00+00:00,122.36,143.3706437505686
2025-06-13 17:00:00+00:00,190.0,168.4411173016356
2025-06-13 18:00:00+00:00,175.94,202.80246323418163
2025-06-13 19:00:00+00:00,157.62,153.3193852999548
2025-06-13 20:00:00+00:00,132.13,128.94937471486867
2025-06-13 21:00:00+00:00,115.16,113.57867078913523
2025-06-13 22:00:00+00:00,110.51,108.44302916722667
2025-06-13 23:00:00+00:00,93.08,103.72351396312288
2025-06-14 00:00:00+00:00,87.33,91.89097703578331
2025-06-14 01:00:00+00:00,82.11,83.91919861975086
2025-06-14 02:00:00+00:00,70.44,80.70522242414063
2025-06-14 03:00:00+00:00,64.29,76.29756410665567
2025-06-14 04:00:00+00:00,52.0,71.95142928636909
2025-06-14 05:00:00+00:00,22.22,52.253084545823086
2025-06-14 06:00:00+00:00,8.43,16.57239579944786
2025-06-14 07:00:00+00:00,0.89,3.7884969615143973
2025-06-14 08:00:00+00:00,0.01,-4.269534440766677
2025-06-14 09:00:00+00:00,12.29,-3.3145640984828617
2025-06-14 10:00:00+00:00,10.57,14.174413478260647
2025-06-14 11:00:00+00:00,11.99,16.286216378417137
2025-06-14 12:00:00+00:00,17.04,19.517862228232914
2025-06-14 13:00:00+00:00,15.4,38.83235847102878
2025-06-14 14:00:00+00:00,13.22,47.42182086394698
2025-06-14 15:00:00+00:00,49.0,62.636383450199716
2025-06-14 16:00:00+00:00,90.75,99.94829977023988
2025-06-14 17:00:00+00:00,148.17,152.68031734755073
2025-06-14 18:00:00+00:00,180.24,173.29633659272545
2025-06-14 19:00:00+00:00,160.66,164.61249377936895
2025-06-14 20:00:00+00:00,148.93,130.36768421501768
2025-06-14 21:00:00+00:00,113.27,126.52154044411027
2025-06-14 22:00:00+00:00,92.84,107.28516301938392
2025-06-14 23:00:00+00:00,87.92,90.11620862978275
2025-06-15 00:00:00+00:00,86.24,83.7460484163062
2025-06-15 01:00:00+00:00,88.33,80.14026453562815
2025-06-15 02:00:00+00:00,90.32,84.55103038761655
2025-06-15 03:00:00+00:00,90.92,86.56330187847055
2025-06-15 04:00:00+00:00,80.79,81.00858870054229
2025-06-15 05:00:00+00:00,60.19,62.29827255917522
2025-06-15 06:00:00+00:00,9.4,38.90102906193282
2025-06-15 07:00:00+00:00,0.01,3.188738046703378
2025-06-15 08:00:00+00:00,0.0,-0.7934332569565186
2025-06-15 09:00:00+00:00,0.01,-0.6692630174008514
2025-06-15 10:00:00+00:00,0.01,2.2853396596837
2025-06-15 11:00:00+00:00,0.01,2.9055639393579327
2025-06-15 12:00:00+00:00,0.01,5.791737965387256
2025-06-15 13:00:00+00:00,0.01,17.741662421110448
2025-06-15 14:00:00+00:00,0.01,24.79226312585274
2025-06-15 15:00:00+00:00,78.56,33.059169593691124
2025-06-15 16:00:00+00:00,106.16,109.91658008496381
2025-06-15 17:00:00+00:00,136.0,147.30662825915596
2025-06-15 18:00:00+00:00,160.32,165.7073916760719
2025-06-15 19:00:00+00:00,145.61,154.23673246040494
2025-06-15 20:00:00+00:00,135.0,131.82747591082864
2025-06-15 21:00:00+00:00,126.26,118.05448651052636
2025-06-15 22:00:00+00:00,104.21,112.79910546272707
2025-06-15 23:00:00+00:00,100.88,100.0460808624207
2025-06-16 00:00:00+00:00,94.38,96.2104577297892
2025-06-16 01:00:00+00:00,88.33,91.27082465905849
2025-06-16 02:00:00+00:00,88.72,87.26077998329166
2025-06-16 03:00:00+00:00,102.66,103.00767398739617
2025-06-16 04:00:00+00:00,110.07,115.05540408332658
2025-06-16 05:00:00+00:00,122.89,113.03133745008206
2025-06-16 06:00:00+00:00,86.74,106.81765711619299
2025-06-16 07:00:00+00:00,36.08,68.0027566459496
2025-06-16 08:00:00+00:00,31.96,25.665550181435876
2025-06-16 09:00:00+00:00,27.03,28.108221698591734
2025-06-16 10:00:00+00:00,40.0,26.410256363707916
2025-06-16 11:00:00+00:00,40.14,38.51708182463493
2025-06-16 12:00:00+00:00,40.14,42.47074606482256
2025-06-16 13:00:00+00:00,61.1,56.16866096043131
2025-06-16 14:00:00+00:00,83.57,73.71898660485569
2025-06-16 15:00:00+00:00,94.43,97.30978756910233
2025-06-16 16:00:00+00:00,116.05,123.1446208922655
2025-06-16 17:00:00+00:00,129.96,160.09623962430655
2025-06-16 18:00:00+00:00,189.07,160.39253133759772
2025-06-16 19:00:00+00:00,159.66,163.31304708164137
2025-06-16 20:00:00+00:00,137.98,133.27871553812463
2025-06-16 21:00:00+00:00,120.3,122.5597123650477
2025-06-16 22:00:00+00:00,104.77,109.77038477001332
2025-06-16 23:00:00+00:00,101.83,99.87374334570976
2025-06-17 00:00:00+00:00,94.3,98.42319106450003
2025-06-17 01:00:00+00:00,93.81,92.50767142292037
2025-06-17 02:00:00+00:00,94.71,93.08392280863032
2025-06-17 03:00:00+00:00,102.51,105.367869826307
2025-06-17 04:00:00+00:00,117.31,112.20931312693486
2025-06-17 05:00:00+00:00,101.77,113.94983362920385
2025-06-17 06:00:00+00:00,87.57,89.56711479497311
2025-06-17 07:00:00+00:00,58.0,65.60071666692616
2025-06-17 08:00:00+00:00,6.22,40.84906004330996
2025-06-17 09:00:00+00:00,14.0,10.361008866307714
2025-06-17 10:00:00+00:00,13.73,22.061759996265977
2025-06-17 11:00:00+00:00,14.0,24.121269380917013
2025-06-17 12:00:00+00:00,24.63,28.173676624428907
2025-06-17 13:00:00+00:00,34.02,48.102515347863516
2025-06-17 14:00:00+00:00,74.18,63.463490239044845
2025-06-17 15:00:00+00:00,99.41,99.18687113411931
2025-06-17 16:00:00+00:00,122.0,131.35281341571888
2025-06-17 17:00:00+00:00,153.01,168.94843014149197
2025-06-17 18:00:00+00:00,244.33,181.55039420558475
2025-06-17 19:00:00+00:00,160.0,186.9455998120468
2025-06-17 20:00:00+00:00,145.0,127.39340741147471
2025-06-17 21:00:00+00:00,119.48,121.08537536062875
2025-06-17 22:00:00+00:00,112.83,107.84816476424058
2025-06-17 23:00:00+00:00,106.35,103.4868038504546
2025-06-18 00:00:00+00:00,101.33,102.49883697726484
2025-06-18 01:00:00+00:00,95.15,99.31915018591926
2025-06-18 02:00:00+00:00,96.42,97.76364023523638
2025-06-18 03:00:00+00:00,102.35,110.0310493193525
2025-06-18 04:00:00+00:00,111.3,117.51941714019576
2025-06-18 05:00:00+00:00,114.34,109.1758492942063
2025-06-18 06:00:00+00:00,86.07,96.2451041020697
2025-06-18 07:00:00+00:00,37.54,60.464175289428226
2025-06-18 08:00:00+00:00,21.97,21.22759309323571
2025-06-18 09:00:00+00:00,24.3,22.836887935853895
2025-06-18 10:00:00+00:00,25.0,27.019436403276544
2025-06-18 11:00:00+00:00,33.4,29.97482705712349
2025-06-18 12:00:00+00:00,45.0,40.99201672664175
2025-06-18 13:00:00+00:00,83.37,59.94733962709573
2025-06-18 14:00:00+00:00,91.48,95.12168410757747
2025-06-18 15:00:00+00:00,106.35,113.25826828569694
2025-06-18 16:00:00+00:00,135.0,142.30666099204473
2025-06-18 17:00:00+00:00,155.8,182.69327353664104
2025-06-18 18:00:00+00:00,176.15,188.3807208144992
2025-06-18 19:00:00+00:00,165.12,160.7978958659182
2025-06-18 20:00:00+00:00,135.47,133.62855359227467
2025-06-18 21:00:00+00:00,116.32,117.75955786873112
2025-06-18 22:00:00+00:00,113.66,108.11715360661393
2025-06-18 23:00:00+00:00,107.84,104.70811520240738
2025-06-19 00:00:00+00:00,103.5,104.19660739646658
2025-06-19 01:00:00+00:00,100.14,98.88240422063794
2025-06-19 02:00:00+00:00,98.26,98.4710982230493
2025-06-19 03:00:00+00:00,99.95,106.89731029205836
2025-06-19 04:00:00+00:00,98.58,110.2507180698519
2025-06-19 05:00:00+00:00,86.34,95.97116913473043
2025-06-19 06:00:00+00:00,48.67,73.7594088199314
2025-06-19 07:00:00+00:00,8.43,36.16319471690444
2025-06-19 08:00:00+00:00,0.98,4.193447001320209
2025-06-19 09:00:00+00:00,12.07,5.278855522530733
2025-06-19 10:00:00+00:00,14.88,21.30431120634971
2025-06-19 11:00:00+00:00,21.74,25.360324453707065
2025-06-19 12:00:00+00:00,40.19,32.2330912240335
2025-06-19 13:00:00+00:00,79.92,61.250786258157845
2025-06-19 14:00:00+00:00,86.61,95.10738252515193
2025-06-19 15:00:00+00:00,122.34,108.56953219951143
2025-06-19 16:00:00+00:00,163.88,158.2579068205913
2025-06-19 17:00:00+00:00,164.89,218.14907953748718
2025-06-19 18:00:00+00:00,184.8,200.48491471478167
2025-06-19 19:00:00+00:00,160.5,164.0852255726769
2025-06-19 20:00:00+00:00,150.0,135.201452130399
2025-06-19 21:00:00+00:00,130.64,126.868967000018
2025-06-19 22:00:00+00:00,116.31,117.62041585079396
2025-06-19 23:00:00+00:00,109.29,108.36086831834079
2025-06-20 00:00:00+00:00,106.88,109.44495133150656
2025-06-20 01:00:00+00:00,106.32,104.26863902757623
2025-06-20 02:00:00+00:00,104.26,102.39855490350499
2025-06-20 03:00:00+00:00,109.29,112.54230984192452
2025-06-20 04:00:00+00:00,119.99,115.93048620266988
2025-06-20 05:00:00+00:00,112.83,113.30973928932106
2025-06-20 06:00:00+00:00,101.18,94.35471212875666
2025-06-20 07:00:00+00:00,55.0,80.93275439545403
2025-06-20 08:00:00+00:00,13.63,45.82013873186371
2025-06-20 09:00:00+00:00,27.4,19.130003050025508
2025-06-20 10:00:00+00:00,50.0,28.997081304842354
2025-06-20 11:00:00+00:00,59.09,55.615127969910674
2025-06-20 12:00:00+00:00,102.9,62.801950021556166
2025-06-20 13:00:00+00:00,112.21,103.84695091016013
2025-06-20 14:00:00+00:00,112.56,114.60666840764031
2025-06-20 15:00:00+00:00,117.54,123.87750937824259
2025-06-20 16:00:00+00:00,124.93,143.02424076972883
2025-06-20 17:00:00+00:00,136.41,162.76392802178844
2025-06-20 18:00:00+00:00,166.21,161.04669506809728
2025-06-20 19:00:00+00:00,166.28,153.35512615815452
2025-06-20 20:00:00+00:00,137.05,139.1527044430569
2025-06-20 21:00:00+00:00,121.38,125.65378110282745
2025-06-20 22:00:00+00:00,119.37,115.95151616328053
2025-06-20 23:00:00+00:00,110.48,110.70147166582585
2025-06-21 00:00:00+00:00,108.15,106.07817735069008
2025-06-21 01:00:00+00:00,107.01,103.32726250043159
2025-06-21 02:00:00+00:00,108.62,101.55933666914524
2025-06-21 03:00:00+00:00,104.19,103.80025446007721
2025-06-21 04:00:00+00:00,100.69,100.21354411189567
2025-06-21 05:00:00+00:00,90.74,89.60746775293055
2025-06-21 06:00:00+00:00,75.93,77.63380790292116
2025-06-21 07:00:00+00:00,23.4,56.99425709892931
2025-06-21 08:00:00+00:00,5.45,17.203968407115113
2025-06-21 09:00:00+00:00,5.08,4.291529277012614
2025-06-21 10:00:00+00:00,13.77,8.536368399053742
2025-06-21 11:00:00+00:00,15.0,22.193485654902148
2025-06-21 12:00:00+00:00,20.0,30.285074927791555
2025-06-21 13:00:00+00:00,20.0,53.87373485156918
2025-06-21 14:00:00+00:00,20.0,60.71849060379117
2025-06-21 15:00:00+00:00,73.26,66.10298153287032
2025-06-21 16:00:00+00:00,115.69,106.16393657218488
2025-06-21 17:00:00+00:00,148.43,148.90466294416848
2025-06-21 18:00:00+00:00,186.43,172.4885782650341
2025-06-21 19:00:00+00:00,165.39,170.0845047664288
2025-06-21 20:00:00+00:00,141.25,139.9067369464472
2025-06-21 21:00:00+00:00,125.9,119.39161228596228
2025-06-21 22:00:00+00:00,108.97,115.91063875273821
2025-06-21 23:00:00+00:00,100.99,104.48767661121613
2025-06-22 00:00:00+00:00,96.33,96.30975051696817
2025-06-22 01:00:00+00:00,93.05,91.02715714699923
2025-06-22 02:00:00+00:00,90.84,94.06336954477723
2025-06-22 03:00:00+00:00,87.85,94.97383117105915
2025-06-22 04:00:00+00:00,73.72,82.501462282902
2025-06-22 05:00:00+00:00,15.99,58.057497772816916
2025-06-22 06:00:00+00:00,0.01,10.619054702376545
2025-06-22 07:00:00+00:00,0.0,-4.856382930422853
2025-06-22 08:00:00+00:00,0.0,-3.220902986720489
2025-06-22 09:00:00+00:00,0.01,0.46334074858458507
2025-06-22 10:00:00+00:00,0.01,2.580466552156281
2025-06-22 11:00:00+00:00,0.01,2.8056776659584273
2025-06-22 12:00:00+00:00,0.01,5.247065677597078
2025-06-22 13:00:00+00:00,0.01,17.14963699023619
2025-06-22 14:00:00+00:00,4.08,21.22030114463456
2025-06-22 15:00:00+00:00,21.29,40.53218184755143
2025-06-22 16:00:00+00:00,95.16,76.8357900325739
2025-06-22 17:00:00+00:00,118.83,137.1630416807994
2025-06-22 18:00:00+00:00,143.6,147.9605743251124
2025-06-22 19:00:00+00:00,137.96,139.14715338717255
2025-06-22 20:00:00+00:00,126.69,124.96801907724637
2025-06-22 21:00:00+00:00,101.63,120.99932979377857
2025-06-22 22:00:00+00:00,85.8,100.9020065822638
2025-06-22 23:00:00+00:00,82.44,84.80203627189462
2025-06-23 00:00:00+00:00,74.45,80.81628411832666
2025-06-23 01:00:00+00:00,75.06,76.3874965965299
2025-06-23 02:00:00+00:00,86.1,80.37722752130819
2025-06-23 03:00:00+00:00,106.19,99.10107254265297
2025-06-23 04:00:00+00:00,107.35,116.90189436186063
2025-06-23 05:00:00+00:00,87.08,105.32044245116393
2025-06-23 06:00:00+00:00,55.0,76.69588329501141
2025-06-23 07:00:00+00:00,35.49,41.39127513615719
2025-06-23 08:00:00+00:00,20.0,23.86309271871174
2025-06-23 09:00:00+00:00,35.0,17.213625865128947
2025-06-23 10:00:00+00:00,45.0,33.11673215193926
2025-06-23 11:00:00+00:00,55.0,44.8020446048551
2025-06-23 12:00:00+00:00,60.01,56.34034031022949
2025-06-23 13:00:00+00:00,69.01,72.66222033042058
2025-06-23 14:00:00+00:00,98.99,84.38125277804119
2025-06-23 15:00:00+00:00,139.0,110.9249076792839
2025-06-23 16:00:00+00:00,153.37,155.98644982299362
2025-06-23 17:00:00+00:00,163.01,187.9697006981103
2025-06-23 18:00:00+00:00,167.24,181.40171766687678
2025-06-23 19:00:00+00:00,154.54,153.81265560842627
2025-06-23 20:00:00+00:00,133.0,134.31659153291943
2025-06-23 21:00:00+00:00,132.87,119.54043607401869
2025-06-23 22:00:00+00:00,108.97,115.39331782164827
2025-06-23 23:00:00+00:00,104.46,104.91603873447187
2025-06-24 00:00:00+00:00,99.37,100.99872120439416
2025-06-24 01:00:00+00:00,95.62,97.95268271830565
2025-06-24 02:00:00+00:00,91.14,97.52393685737425
2025-06-24 03:00:00+00:00,104.78,107.17435282756557
2025-06-24 04:00:00+00:00,109.52,115.54260687978238
2025-06-24 05:00:00+00:00,110.35,105.06775288938341
2025-06-24 06:00:00+00:00,86.53,92.68154949778717
2025-06-24 07:00:00+00:00,56.31,63.90959869321324
2025-06-24 08:00:00+00:00,30.0,42.10005039235263
2025-06-24 09:00:00+00:00,21.46,20.718178749902734
2025-06-24 10:00:00+00:00,60.0,24.414194186592752
2025-06-24 11:00:00+00:00,85.0,55.02603355675001
2025-06-24 12:00:00+00:00,85.0,75.56548043627171
2025-06-24 13:00:00+00:00,37.95,88.41639389834901
2025-06-24 14:00:00+00:00,67.14,65.30488873698701
2025-06-24 15:00:00+00:00,112.67,97.32218138080938
2025-06-24 16:00:00+00:00,157.06,139.65859779926342
2025-06-24 17:00:00+00:00,191.15,190.12118317537534
2025-06-24 18:00:00+00:00,167.89,205.67307550300978
2025-06-24 19:00:00+00:00,161.0,151.61946253023564
2025-06-24 20:00:00+00:00,154.44,135.8216871913208
2025-06-24 21:00:00+00:00,144.26,133.50241747694972
2025-06-24 22:00:00+00:00,133.0,122.21837240629027
2025-06-24 23:00:00+00:00,116.02,115.52649559012048
2025-06-25 00:00:00+00:00,110.35,111.80092596139724
2025-06-25 01:00:00+00:00,109.01,106.82962105724111
2025-06-25 02:00:00+00:00,120.0,105.56643221986312
2025-06-25 03:00:00+00:00,116.53,123.89667789672478
2025-06-25 04:00:00+00:00,109.01,123.77573829164702
2025-06-25 05:00:00+00:00,111.89,110.18888115175648
2025-06-25 06:00:00+00:00,98.4,96.6427941967076
2025-06-25 07:00:00+00:00,60.0,77.75464031015619
2025-06-25 08:00:00+00:00,24.01,47.969619943565974
2025-06-25 09:00:00+00:00,30.4,20.211010460720715
2025-06-25 10:00:00+00:00,35.6,31.57817892566824
2025-06-25 11:00:00+00:00,20.0,42.36773843097717
2025-06-25 12:00:00+00:00,30.8,39.57294956252858
2025-06-25 13:00:00+00:00,44.41,56.174836438486636
2025-06-25 14:00:00+00:00,92.05,76.19568241845604
2025-06-25 15:00:00+00:00,113.15,112.22711790565378
2025-06-25 16:00:00+00:00,136.95,154.49934993454616
2025-06-25 17:00:00+00:00,179.6,200.2526306932483
2025-06-25 18:00:00+00:00,209.41,204.65054006400197
2025-06-25 19:00:00+00:00,248.76,179.06543999116616
2025-06-25 20:00:00+00:00,176.5,184.8125652528623
2025-06-25 21:00:00+00:00,133.3,149.17001620664755
2025-06-25 22:00:00+00:00,119.95,123.9918424634785
2025-06-25 23:00:00+00:00,108.86,113.4068942522572
2025-06-26 00:00:00+00:00,104.4,107.75931103386662
2025-06-26 01:00:00+00:00,102.19,103.71105029552545
2025-06-26 02:00:00+00:00,102.21,105.37627828257268
2025-06-26 03:00:00+00:00,108.86,115.14364950816399
2025-06-26 04:00:00+00:00,119.28,121.59563990238075
2025-06-26 05:00:00+00:00,120.99,117.87978654531128
2025-06-26 06:00:00+00:00,100.33,102.484786284552
2025-06-26 07:00:00+00:00,55.99,81.75353668203819
2025-06-26 08:00:00+00:00,37.7,50.25680601290567
2025-06-26 09:00:00+00:00,38.57,33.92990397838746
2025-06-26 10:00:00+00:00,70.65,41.20663833801527
2025-06-26 11:00:00+00:00,66.55,70.14079221162586
2025-06-26 12:00:00+00:00,65.8,72.69099300906962
2025-06-26 13:00:00+00:00,87.44,85.5378403801201
2025-06-26 14:00:00+00:00,101.7,103.57271375126845
2025-06-26 15:00:00+00:00,117.45,126.26448412968656
2025-06-26 16:00:00+00:00,153.29,173.96281908232928
2025-06-26 17:00:00+00:00,226.53,214.0554968324887
2025-06-26 18:00:00+00:00,237.36,249.84602485565003
2025-06-26 19:00:00+00:00,188.37,196.72657303828782
2025-06-26 20:00:00+00:00,150.72,162.93473866878145
2025-06-26 21:00:00+00:00,131.31,132.83767317332962
2025-06-26 22:00:00+00:00,125.0,123.56769439123678
2025-06-26 23:00:00+00:00,120.84,115.96390661518463
2025-06-27 00:00:00+00:00,117.0,113.22622317744218
2025-06-27 01:00:00+00:00,112.13,107.84657845872091
2025-06-27 02:00:00+00:00,110.34,106.50131056547161
2025-06-27 03:00:00+00:00,108.83,115.40434322724789
2025-06-27 04:00:00+00:00,108.87,121.41659728412577
2025-06-27 05:00:00+00:00,113.2,113.08296511696494
2025-06-27 06:00:00+00:00,99.18,102.22641684001198
2025-06-27 07:00:00+00:00,88.34,83.58990269143153
2025-06-27 08:00:00+00:00,79.23,73.18411997569152
2025-06-27 09:00:00+00:00,67.45,68.51451343057627
2025-06-27 10:00:00+00:00,54.95,69.63824385613532
2025-06-27 11:00:00+00:00,68.05,61.62711101089923
2025-06-27 12:00:00+00:00,75.96,78.82336705637454
2025-06-27 13:00:00+00:00,107.77,93.13195578465255
2025-06-27 14:00:00+00:00,115.0,119.01179003484611
2025-06-27 15:00:00+00:00,117.45,143.3769406680951
2025-06-27 16:00:00+00:00,149.68,162.44391682261795
2025-06-27 17:00:00+00:00,163.97,217.4952375912482
2025-06-27 18:00:00+00:00,177.5,195.5088280256828
2025-06-27 19:00:00+00:00,142.55,169.9128886196229
2025-06-27 20:00:00+00:00,130.05,132.57580912315746
2025-06-27 21:00:00+00:00,117.0,125.6631132221012
2025-06-27 22:00:00+00:00,101.75,113.21174894330237
2025-06-27 23:00:00+00:00,90.04,102.98039792076924
2025-06-28 00:00:00+00:00,88.39,95.59370164423382
2025-06-28 01:00:00+00:00,87.91,90.78417624200019
2025-06-28 02:00:00+00:00,70.87,88.12658313522707
2025-06-28 03:00:00+00:00,76.62,79.70897978034567
2025-06-28 04:00:00+00:00,75.64,82.2361000200512
2025-06-28 05:00:00+00:00,59.36,76.47962808101688
2025-06-28 06:00:00+00:00,27.8,52.50604438262934
2025-06-28 07:00:00+00:00,2.35,20.484512845441188
2025-06-28 08:00:00+00:00,0.01,7.470077691780034
2025-06-28 09:00:00+00:00,0.5,7.4171079977190715
2025-06-28 10:00:00+00:00,2.56,6.219106995342713
2025-06-28 11:00:00+00:00,10.0,14.248016466285279
2025-06-28 12:00:00+00:00,10.0,30.2047688512057
2025-06-28 13:00:00+00:00,4.78,51.05135780446713
2025-06-28 14:00:00+00:00,31.42,45.46484245037573
2025-06-28 15:00:00+00:00,101.73,72.53803684360558
2025-06-28 16:00:00+00:00,108.45,126.15669874599901
2025-06-28 17:00:00+00:00,113.41,143.0204089042402
2025-06-28 18:00:00+00:00,125.89,142.54892313550323
2025-06-28 19:00:00+00:00,127.19,124.05519687721511
2025-06-28 20:00:00+00:00,120.07,117.34262772578383
2025-06-28 21:00:00+00:00,103.5,110.59222856630456
2025-06-28 22:00:00+00:00,95.07,98.75164476120227
2025-06-28 23:00:00+00:00,89.42,90.75691941405083
2025-06-29 00:00:00+00:00,89.66,88.55917321186121
2025-06-29 01:00:00+00:00,86.82,89.1889118348063
2025-06-29 02:00:00+00:00,85.22,81.75107270474349
2025-06-29 03:00:00+00:00,85.3,77.98904995411746
2025-06-29 04:00:00+00:00,86.35,77.93416608659962
2025-06-29 05:00:00+00:00,40.6,62.12678288108131
2025-06-29 06:00:00+00:00,6.19,21.80380110270994
2025-06-29 07:00:00+00:00,0.1,-1.9185939542557549
2025-06-29 08:00:00+00:00,0.0,-0.5003535780444395
2025-06-29 09:00:00+00:00,0.0,2.233610596901059
2025-06-29 10:00:00+00:00,0.0,4.743119483993297
2025-06-29 11:00:00+00:00,0.0,3.2097664092897276
2025-06-29 12:00:00+00:00,0.0,6.403944933761792
2025-06-29 13:00:00+00:00,0.0,21.407795074237853
2025-06-29 14:00:00+00:00,1.04,23.236547209555553
2025-06-29 15:00:00+00:00,46.33,42.583668712371036
2025-06-29 16:00:00+00:00,92.84,80.60454237374333
2025-06-29 17:00:00+00:00,102.14,122.65254441119477
2025-06-29 18:00:00+00:00,111.98,124.18896962843952
2025-06-29 19:00:00+00:00,118.07,114.56876119125137
2025-06-29 20:00:00+00:00,113.73,112.96391016060004
2025-06-29 21:00:00+00:00,101.0,104.42710579028368
2025-06-29 22:00:00+00:00,98.73,96.72956448449105
2025-06-29 23:00:00+00:00,89.03,92.70768975003571
2025-06-30 00:00:00+00:00,85.03,86.71496946579923
2025-06-30 01:00:00+00:00,84.13,78.86301064640669
2025-06-30 02:00:00+00:00,86.22,81.4450057286253
2025-06-30 03:00:00+00:00,94.97,99.01037522636705
2025-06-30 04:00:00+00:00,99.87,108.62811454725235
2025-06-30 05:00:00+00:00,86.05,94.7780088129426
2025-06-30 06:00:00+00:00,43.83,66.27413771999524
2025-06-30 07:00:00+00:00,27.63,32.056357645632204
2025-06-30 08:00:00+00:00,33.56,17.652353646635305
2025-06-30 09:00:00+00:00,50.0,24.998688129870317
2025-06-30 10:00:00+00:00,41.18,46.392562912107266
2025-06-30 11:00:00+00:00,55.1,43.5417119073539
2025-06-30 12:00:00+00:00,63.41,59.491417468427
2025-06-30 13:00:00+00:00,105.25,77.10518863847395
2025-06-30 14:00:00+00:00,101.41,110.89627131735972
2025-06-30 15:00:00+00:00,108.31,118.70940007520643
2025-06-30 16:00:00+00:00,113.44,143.97216732561128
2025-06-30 17:00:00+00:00,178.94,155.99856433956052
2025-06-30 18:00:00+00:00,185.0,184.86023353439577
2025-06-30 19:00:00+00:00,175.01,162.74932996619975
2025-06-30 20:00:00+00:00,157.0,139.76353094170656
2025-06-30 21:00:00+00:00,122.65,128.40695799412376
2025-06-30 22:00:00+00:00,111.28,113.72537917441113
2025-06-30 23:00:00+00:00,100.31,105.48328808549265
2025-07-01 00:00:00+00:00,89.1,96.42096921959774
2025-07-01 01:00:00+00:00,88.46,90.16043663543746
2025-07-01 02:00:00+00:00,90.01,89.05944692413945
2025-07-01 03:00:00+00:00,102.39,102.75997082814341
2025-07-01 04:00:00+00:00,114.97,113.00519766210083
2025-07-01 05:00:00+00:00,107.11,109.35001252190919
2025-07-01 06:00:00+00:00,90.9,91.28254637364594
2025-07-01 07:00:00+00:00,86.34,76.50984852537906
2025-07-01 08:00:00+00:00,51.66,67.4826100428081
2025-07-01 09:00:00+00:00,63.7,48.93155637996547
2025-07-01 10:00:00+00:00,44.77,64.03295327696698
2025-07-01 11:00:00+00:00,43.92,53.758555768606215
2025-07-01 12:00:00+00:00,65.0,57.126127778419544
2025-07-01 13:00:00+00:00,78.28,84.65835572312338
2025-07-01 14:00:00+00:00,90.8,91.76169118967451
2025-07-01 15:00:00+00:00,115.0,110.23535196570532
2025-07-01 16:00:00+00:00,152.09,152.50783519968874
2025-07-01 17:00:00+00:00,243.56,215.43276594509035
2025-07-01 18:00:00+00:00,290.86,243.55694635536685
2025-07-01 19:00:00+00:00,215.0,211.74792451368123
2025-07-01 20:00:00+00:00,199.3,171.77707236791824
2025-07-01 21:00:00+00:00,137.81,152.13384614463433
2025-07-01 22:00:00+00:00,119.29,119.69245216484524
2025-07-01 23:00:00+00:00,102.8,110.68099026380303
2025-07-02 00:00:00+00:00,92.54,97.35877190972991
2025-07-02 01:00:00+00:00,92.08,91.07028242672266
2025-07-02 02:00:00+00:00,90.63,94.70835411445591
2025-07-02 03:00:00+00:00,99.44,105.11964589850338
2025-07-02 04:00:00+00:00,113.9,115.88721682679206
2025-07-02 05:00:00+00:00,94.99,110.82825100425579
2025-07-02 06:00:00+00:00,58.55,89.68972825906074
2025-07-02 07:00:00+00:00,33.95,51.07804715598054
2025-07-02 08:00:00+00:00,20.0,25.551742518516804
2025-07-02 09:00:00+00:00,15.99,16.76088429108509
2025-07-02 10:00:00+00:00,16.25,19.907510332364126
2025-07-02 11:00:00+00:00,30.0,25.768946363989116
2025-07-02 12:00:00+00:00,31.6,41.30659951261276
2025-07-02 13:00:00+00:00,55.03,59.00981839054333
2025-07-02 14:00:00+00:00,85.67,81.87066618239794
2025-07-02 15:00:00+00:00,115.16,106.92695866345616
2025-07-02 16:00:00+00:00,173.22,156.74205699543455
2025-07-02 17:00:00+00:00,190.4,254.10947123096082
2025-07-02 18:00:00+00:00,200.0,216.3395241887225
2025-07-02 19:00:00+00:00,158.31,187.5535568300252
2025-07-02 20:00:00+00:00,137.24,145.79848534496094
2025-07-02 21:00:00+00:00,112.48,120.52683298044339
2025-07-02 22:00:00+00:00,97.73,110.73609860219332
2025-07-02 23:00:00+00:00,89.34,95.6425689897085
2025-07-03 00:00:00+00:00,87.06,92.37765531514893
2025-07-03 01:00:00+00:00,78.93,87.32461489655834
2025-07-03 02:00:00+00:00,80.88,83.86827792842593
2025-07-03 03:00:00+00:00,90.88,93.11398217408586
2025-07-03 04:00:00+00:00,103.83,111.95079969283131
2025-07-03 05:00:00+00:00,91.34,102.17156572278897
2025-07-03 06:00:00+00:00,71.69,82.24032267097331
2025-07-03 07:00:00+00:00,16.24,52.78643295649749
2025-07-03 08:00:00+00:00,10.93,11.133518532342038
2025-07-03 09:00:00+00:00,10.01,6.327808023762145
2025-07-03 10:00:00+00:00,20.0,15.291637297541385
2025-07-03 11:00:00+00:00,25.0,25.45398384047317
2025-07-03 12:00:00+00:00,34.0,33.39505526812887
2025-07-03 13:00:00+00:00,72.56,58.793661485131764
2025-07-03 14:00:00+00:00,95.0,92.91797005972083
2025-07-03 15:00:00+00:00,118.08,115.1418891653598
2025-07-03 16:00:00+00:00,131.6,158.54659997881816
2025-07-03 17:00:00+00:00,156.06,194.40590082046998
2025-07-03 18:00:00+00:00,177.56,184.5713882841233
2025-07-03 19:00:00+00:00,159.69,155.10636422678527
2025-07-03 20:00:00+00:00,138.0,130.55407466298865
2025-07-03 21:00:00+00:00,117.08,119.15783045102285
2025-07-03 22:00:00+00:00,121.83,107.5350153777359
2025-07-03 23:00:00+00:00,108.56,112.55110747710143
2025-07-04 00:00:00+00:00,105.99,105.88124865996014
2025-07-04 01:00:00+00:00,97.22,99.19658970487654
2025-07-04 02:00:00+00:00,103.68,95.71117755247883
2025-07-04 03:00:00+00:00,109.52,109.00639095831946
2025-07-04 04:00:00+00:00,121.0,119.2620911454422
2025-07-04 05:00:00+00:00,94.0,110.28102494387421
2025-07-04 06:00:00+00:00,71.69,84.5247439107078
2025-07-04 07:00:00+00:00,32.36,54.021598504541856
2025-07-04 08:00:00+00:00,20.0,22.000963703824354
2025-07-04 09:00:00+00:00,10.17,12.519602451049394
2025-07-04 10:00:00+00:00,15.12,12.464043896713733
2025-07-04 11:00:00+00:00,17.62,22.662626155106267
2025-07-04 12:00:00+00:00,32.14,29.395500584955258
2025-07-04 13:00:00+00:00,60.0,60.48420423110532
2025-07-04 14:00:00+00:00,87.72,86.2307911416796
2025-07-04 15:00:00+00:00,123.32,107.09411720727898
2025-07-04 16:00:00+00:00,140.5,156.72365397922914
2025-07-04 17:00:00+00:00,149.04,181.28434390408654
2025-07-04 18:00:00+00:00,170.15,175.12921886642795
2025-07-04 19:00:00+00:00,154.48,142.66457850168524
2025-07-04 20:00:00+00:00,130.0,126.3476866481871
2025-07-04 21:00:00+00:00,114.48,117.13684765965293
2025-07-04 22:00:00+00:00,109.09,111.01840399019156
2025-07-04 23:00:00+00:00,102.71,106.29959399794186
2025-07-05 00:00:00+00:00,98.53,97.18211253665214
2025-07-05 01:00:00+00:00,94.76,92.38918309142862
2025-07-05 02:00:00+00:00,91.69,91.87821332617645
2025-07-05 03:00:00+00:00,87.24,94.61068415768901
2025-07-05 04:00:00+00:00,82.37,88.14231328186216
2025-07-05 05:00:00+00:00,45.55,68.21251521021597
2025-07-05 06:00:00+00:00,17.86,26.420285478030237
2025-07-05 07:00:00+00:00,3.34,2.419532091292808
2025-07-05 08:00:00+00:00,0.0,-3.934430064963209
2025-07-05 09:00:00+00:00,10.0,-3.8294727464351865
2025-07-05 10:00:00+00:00,20.77,12.38545832465735
2025-07-05 11:00:00+00:00,39.5,19.925304905980937
2025-07-05 12:00:00+00:00,44.03,34.49621121632306
2025-07-05 13:00:00+00:00,25.0,57.61652643417315
2025-07-05 14:00:00+00:00,85.34,51.88309896922004
2025-07-05 15:00:00+00:00,125.53,104.23636121105419
2025-07-05 16:00:00+00:00,171.7,141.77332186444335
2025-07-05 17:00:00+00:00,194.88,200.6694416721043
2025-07-05 18:00:00+00:00,180.81,196.53701574793536
2025-07-05 19:00:00+00:00,165.0,155.51294943223178
2025-07-05 20:00:00+00:00,138.12,128.9459862821526
2025-07-05 21:00:00+00:00,123.8,116.40797148649344
2025-07-05 22:00:00+00:00,109.37,114.90672451563877
2025-07-05 23:00:00+00:00,106.58,105.59336205933995
2025-07-06 00:00:00+00:00,93.64,97.39695474330996
2025-07-06 01:00:00+00:00,93.65,90.74276468039633
2025-07-06 02:00:00+00:00,93.14,91.991921836611
2025-07-06 03:00:00+00:00,88.27,92.02421446106763
2025-07-06 04:00:00+00:00,75.64,84.88684796060288
2025-07-06 05:00:00+00:00,74.61,62.37763920388285
2025-07-06 06:00:00+00:00,67.57,50.679582648404235
2025-07-06 07:00:00+00:00,26.0,42.55874133206555
2025-07-06 08:00:00+00:00,15.0,11.558097930886348
2025-07-06 09:00:00+00:00,15.0,10.583478648150319
2025-07-06 10:00:00+00:00,23.92,15.909266678013438
2025-07-06 11:00:00+00:00,30.6,21.51366708979137
2025-07-06 12:00:00+00:00,44.92,32.55038883504241
2025-07-06 13:00:00+00:00,66.06,58.82533510507285
2025-07-06 14:00:00+00:00,75.81,87.10044350352194
2025-07-06 15:00:00+00:00,100.8,98.2995091284772
2025-07-06 16:00:00+00:00,119.99,130.48798396552098
2025-07-06 17:00:00+00:00,167.0,157.89041331148835
2025-07-06 18:00:00+00:00,188.63,177.04061627059676
2025-07-06 19:00:00+00:00,154.25,168.66646503489824
2025-07-06 20:00:00+00:00,130.01,131.83955201548088
2025-07-06 21:00:00+00:00,113.26,125.24802355716614
2025-07-06 22:00:00+00:00,117.53,110.77608958824754
2025-07-06 23:00:00+00:00,105.0,109.61063619870308
2025-07-07 00:00:00+00:00,100.38,98.23932527565398
2025-07-07 01:00:00+00:00,97.3,95.4811265938735
2025-07-07 02:00:00+00:00,98.68,94.67356590161297
2025-07-07 03:00:00+00:00,108.7,117.84447745961407
2025-07-07 04:00:00+00:00,131.04,129.36467727269095
2025-07-07 05:00:00+00:00,134.66,128.01962283480495
2025-07-07 06:00:00+00:00,96.22,115.07013176758116
2025-07-07 07:00:00+00:00,86.59,82.27175707161982
2025-07-07 08:00:00+00:00,65.16,74.37776815093576
2025-07-07 09:00:00+00:00,82.77,66.04301486169751
2025-07-07 10:00:00+00:00,86.57,76.98585417362088
2025-07-07 11:00:00+00:00,82.19,84.71043869171854
2025-07-07 12:00:00+00:00,89.25,85.10304854311794
2025-07-07 13:00:00+00:00,94.52,104.94756617605148
2025-07-07 14:00:00+00:00,115.0,109.10068869097195
2025-07-07 15:00:00+00:00,126.0,141.41636336753433
2025-07-07 16:00:00+00:00,175.2,162.47408073203246
2025-07-07 17:00:00+00:00,180.0,225.2326460433639
2025-07-07 18:00:00+00:00,200.03,209.44399613585963
2025-07-07 19:00:00+00:00,158.77,185.8025604128075
2025-07-07 20:00:00+00:00,130.0,142.03051355998696
2025-07-07 21:00:00+00:00,113.76,123.0359596122282
2025-07-07 22:00:00+00:00,108.7,113.997703742014
2025-07-07 23:00:00+00:00,94.56,107.18317185771613
2025-07-08 00:00:00+00:00,90.19,94.08950631322867
2025-07-08 01:00:00+00:00,89.7,91.51921679959898
2025-07-08 02:00:00+00:00,90.16,93.19552548275136
2025-07-08 03:00:00+00:00,93.22,104.22224752308688
2025-07-08 04:00:00+00:00,111.78,122.00210075378283
2025-07-08 05:00:00+00:00,117.4,124.68371829655322
2025-07-08 06:00:00+00:00,75.44,106.8411439885003
2025-07-08 07:00:00+00:00,87.5,76.3067825635543
2025-07-08 08:00:00+00:00,84.84,76.63527922619801
2025-07-08 09:00:00+00:00,83.96,77.83292762750193
2025-07-08 10:00:00+00:00,70.94,79.01709762636884
2025-07-08 11:00:00+00:00,80.08,74.69353037302182
2025-07-08 12:00:00+00:00,76.02,84.88378043441813
2025-07-08 13:00:00+00:00,88.46,92.0692557356647
2025-07-08 14:00:00+00:00,104.36,107.6005551504424
2025-07-08 15:00:00+00:00,108.7,136.4057452300993
2025-07-08 16:00:00+00:00,163.98,155.82083121875536
2025-07-08 17:00:00+00:00,161.89,218.943673622463
2025-07-08 18:00:00+00:00,153.19,196.31666948851466
2025-07-08 19:00:00+00:00,144.36,148.29870608577872
2025-07-08 20:00:00+00:00,124.82,132.16861883347852
2025-07-08 21:00:00+00:00,102.83,118.14604845967423
2025-07-08 22:00:00+00:00,103.7,100.72783233332386
2025-07-08 23:00:00+00:00,93.7,96.31823243826508
2025-07-09 00:00:00+00:00,90.0,90.9987143261649
2025-07-09 01:00:00+00:00,88.71,89.95220179263086
2025-07-09 02:00:00+00:00,91.23,88.27160657812843
2025-07-09 03:00:00+00:00,107.06,99.94567307665244
2025-07-09 04:00:00+00:00,113.13,117.29454145362129
2025-07-09 05:00:00+00:00,114.4,113.3330829569224
2025-07-09 06:00:00+00:00,91.44,99.65925882378315
2025-07-09 07:00:00+00:00,55.91,83.85053905386171
2025-07-09 08:00:00+00:00,47.4,57.4246339948122
2025-07-09 09:00:00+00:00,43.28,49.54137413943289
2025-07-09 10:00:00+00:00,26.0,49.88501111428833
2025-07-09 11:00:00+00:00,18.81,36.06896541000425
2025-07-09 12:00:00+00:00,26.0,38.33749758292359
2025-07-09 13:00:00+00:00,51.21,52.03295095296636
2025-07-09 14:00:00+00:00,69.03,81.4431700225352
2025-07-09 15:00:00+00:00,87.77,99.02051307173276
2025-07-09 16:00:00+00:00,108.6,126.8558771847598
2025-07-09 17:00:00+00:00,120.74,153.83410137698826
2025-07-09 18:00:00+00:00,140.14,139.09339214351667
2025-07-09 19:00:00+00:00,128.36,125.25372391531069
2025-07-09 20:00:00+00:00,123.19,118.42360322804073
2025-07-09 21:00:00+00:00,104.64,107.88859047726234
2025-07-09 22:00:00+00:00,100.91,97.45515247184244
2025-07-09 23:00:00+00:00,95.73,93.04958493505166
2025-07-10 00:00:00+00:00,89.1,88.35328248207657
2025-07-10 01:00:00+00:00,84.1,85.55961900948094
2025-07-10 02:00:00+00:00,87.24,78.31093233280711
2025-07-10 03:00:00+00:00,98.25,92.45569922003386
2025-07-10 04:00:00+00:00,93.57,106.36235321800001
2025-07-10 05:00:00+00:00,72.44,93.76435909163106
2025-07-10 06:00:00+00:00,63.85,65.04056738648389
2025-07-10 07:00:00+00:00,26.35,52.441438002016426
2025-07-10 08:00:00+00:00,24.37,15.43085014332506
2025-07-10 09:00:00+00:00,30.0,11.372901433472435
2025-07-10 10:00:00+00:00,45.0,19.209743088788215
2025-07-10 11:00:00+00:00,38.75,37.709392901869094
2025-07-10 12:00:00+00:00,38.75,36.98767983769987
2025-07-10 13:00:00+00:00,55.84,50.66682609261116
2025-07-10 14:00:00+00:00,76.12,73.98785380428714
2025-07-10 15:00:00+00:00,89.9,91.89446915872242
2025-07-10 16:00:00+00:00,108.53,109.30231574599843
2025-07-10 17:00:00+00:00,126.88,132.63573856041228
2025-07-10 18:00:00+00:00,151.23,140.23763626189594
2025-07-10 19:00:00+00:00,143.43,136.27279150152734
2025-07-10 20:00:00+00:00,123.25,125.001738469906
2025-07-10 21:00:00+00:00,108.53,110.24498302090177
2025-07-10 22:00:00+00:00,104.04,103.70769702678257
2025-07-10 23:00:00+00:00,97.32,96.58698869430586
2025-07-11 00:00:00+00:00,92.22,91.34704937436427
2025-07-11 01:00:00+00:00,88.11,89.08090054466041
2025-07-11 02:00:00+00:00,88.87,87.50398869229056
2025-07-11 03:00:00+00:00,95.15,95.7395805914098
2025-07-11 04:00:00+00:00,104.2,104.1844806729828
2025-07-11 05:00:00+00:00,102.7,98.44740741634345
2025-07-11 06:00:00+00:00,90.1,86.44083179112974
2025-07-11 07:00:00+00:00,71.58,74.94579129567606
2025-07-11 08:00:00+00:00,41.89,58.68253584260057
2025-07-11 09:00:00+00:00,30.59,37.020586771296806
2025-07-11 10:00:00+00:00,55.0,30.862617455925914
2025-07-11 11:00:00+00:00,40.19,53.833395797734696
2025-07-11 12:00:00+00:00,32.04,45.145558839383966
2025-07-11 13:00:00+00:00,66.0,50.5461040217445
2025-07-11 14:00:00+00:00,93.61,84.67526046064044
2025-07-11 15:00:00+00:00,117.39,105.45859965838937
2025-07-11 16:00:00+00:00,138.61,127.72807823506008
2025-07-11 17:00:00+00:00,148.14,155.38308401139446
2025-07-11 18:00:00+00:00,142.19,163.62781778702788
2025-07-11 19:00:00+00:00,136.21,129.10526497541778
2025-07-11 20:00:00+00:00,133.14,123.52107460247178
2025-07-11 21:00:00+00:00,117.67,119.11133317621011
2025-07-11 22:00:00+00:00,121.04,109.70823557547239
2025-07-11 23:00:00+00:00,108.32,110.77180266457253
2025-07-12 00:00:00+00:00,106.56,105.74532550893238
2025-07-12 01:00:00+00:00,95.59,101.52692712921245
2025-07-12 02:00:00+00:00,102.54,94.96742937162333
2025-07-12 03:00:00+00:00,94.17,101.45015514881679
2025-07-12 04:00:00+00:00,88.48,95.92192060488351
2025-07-12 05:00:00+00:00,89.92,81.78152197885429
2025-07-12 06:00:00+00:00,81.66,77.83526834392882
2025-07-12 07:00:00+00:00,46.0,63.393764335326395
2025-07-12 08:00:00+00:00,18.19,28.521558764440158
2025-07-12 09:00:00+00:00,15.7,8.816784468979847
2025-07-12 10:00:00+00:00,23.48,13.845007013008484
2025-07-12 11:00:00+00:00,34.03,21.009517162450535
2025-07-12 12:00:00+00:00,37.31,31.15225770557069
2025-07-12 13:00:00+00:00,35.59,55.55471449426231
2025-07-12 14:00:00+00:00,52.0,61.82453094987579
2025-07-12 15:00:00+00:00,90.79,83.82006362477966
2025-07-12 16:00:00+00:00,103.03,124.71534424749393
2025-07-12 17:00:00+00:00,108.41,141.1970500620885
2025-07-12 18:00:00+00:00,127.28,130.52368186533803
2025-07-12 19:00:00+00:00,130.3,124.42952500674075
2025-07-12 20:00:00+00:00,124.99,123.55487068960952
2025-07-12 21:00:00+00:00,118.63,116.93881054788814
2025-07-12 22:00:00+00:00,113.94,113.3192381195267
2025-07-12 23:00:00+00:00,107.14,108.1726393587494
2025-07-13 00:00:00+00:00,105.43,101.25817181497476
2025-07-13 01:00:00+00:00,103.55,100.3226387697661
2025-07-13 02:00:00+00:00,100.56,99.67184579998025
2025-07-13 03:00:00+00:00,96.96,96.91557253160923
2025-07-13 04:00:00+00:00,91.97,92.63300755705106
2025-07-13 05:00:00+00:00,77.05,83.01212192089983
2025-07-13 06:00:00+00:00,18.19,58.755155499638875
2025-07-13 07:00:00+00:00,8.44,5.1638976785820745
2025-07-13 08:00:00+00:00,0.0,-2.9283041746283516
2025-07-13 09:00:00+00:00,0.01,-1.0702228872569322
2025-07-13 10:00:00+00:00,0.0,3.087569841021093
2025-07-13 11:00:00+00:00,0.0,3.551539567163985
2025-07-13 12:00:00+00:00,0.0,5.669004465658162
2025-07-13 13:00:00+00:00,0.0,17.23857700253606
2025-07-13 14:00:00+00:00,2.23,27.39005333595489
2025-07-13 15:00:00+00:00,67.75,40.22868506808503
2025-07-13 16:00:00+00:00,105.87,98.76772262995004
2025-07-13 17:00:00+00:00,114.11,137.5761931409825
2025-07-13 18:00:00+00:00,125.58,136.6396621937426
2025-07-13 19:00:00+00:00,128.6,124.37795665261469
2025-07-13 20:00:00+00:00,126.94,118.26711284804564
2025-07-13 21:00:00+00:00,116.15,117.40444875167788
2025-07-13 22:00:00+00:00,113.03,110.34320618967602
2025-07-13 23:00:00+00:00,101.6,105.11339265516901
2025-07-14 00:00:00+00:00,94.79,101.48934436166157
2025-07-14 01:00:00+00:00,90.93,95.61518339587346
2025-07-14 02:00:00+00:00,93.59,98.05807367350201
2025-07-14 03:00:00+00:00,105.6,107.70416245180864
2025-07-14 04:00:00+00:00,115.83,127.09039565994455
2025-07-14 05:00:00+00:00,116.02,123.06136656612367
2025-07-14 06:00:00+00:00,90.51,103.19854214998408
2025-07-14 07:00:00+00:00,82.68,80.78919855176615
2025-07-14 08:00:00+00:00,45.2,65.07252855520592
2025-07-14 09:00:00+00:00,28.29,43.207590307996085
2025-07-14 10:00:00+00:00,38.29,33.029390421695936
2025-07-14 11:00:00+00:00,49.67,47.520140164904205
2025-07-14 12:00:00+00:00,58.76,60.136048992891105
2025-07-14 13:00:00+00:00,75.36,75.08788744126542
2025-07-14 14:00:00+00:00,105.8,96.73486270959883
2025-07-14 15:00:00+00:00,116.02,117.08639475152351
2025-07-14 16:00:00+00:00,132.81,147.89150168076998
2025-07-14 17:00:00+00:00,172.57,167.21240262335945
2025-07-14 18:00:00+00:00,238.17,179.75999739757015
2025-07-14 19:00:00+00:00,186.71,182.85542847359173
2025-07-14 20:00:00+00:00,130.45,147.86434811317207
2025-07-14 21:00:00+00:00,116.56,116.86693989254083
2025-07-14 22:00:00+00:00,107.11,110.18803409862306
2025-07-14 23:00:00+00:00,100.14,102.28151006210642
2025-07-15 00:00:00+00:00,90.57,98.03738943628908
2025-07-15 01:00:00+00:00,86.75,91.46627950856893
2025-07-15 02:00:00+00:00,85.59,87.08016688556829
2025-07-15 03:00:00+00:00,91.75,95.91091854333553
2025-07-15 04:00:00+00:00,108.25,114.3291980744662
2025-07-15 05:00:00+00:00,93.91,113.45858690218921
2025-07-15 06:00:00+00:00,86.73,86.42536450643112
2025-07-15 07:00:00+00:00,80.03,75.80176965183865
2025-07-15 08:00:00+00:00,27.03,65.42293857502426
2025-07-15 09:00:00+00:00,10.01,26.323538710306238
2025-07-15 10:00:00+00:00,18.17,24.369100401188746
2025-07-15 11:00:00+00:00,49.45,32.85934788311731
2025-07-15 12:00:00+00:00,55.78,60.792759044661295
2025-07-15 13:00:00+00:00,83.02,79.43600312452133
2025-07-15 14:00:00+00:00,105.75,100.75852747006921
2025-07-15 15:00:00+00:00,116.53,119.7040942005827
2025-07-15 16:00:00+00:00,127.6,148.42245973012035
2025-07-15 17:00:00+00:00,158.15,180.07841315133612
2025-07-15 18:00:00+00:00,168.85,182.00902509565196
2025-07-15 19:00:00+00:00,148.44,150.17272681671923
2025-07-15 20:00:00+00:00,119.88,123.23664695441705
2025-07-15 21:00:00+00:00,108.25,106.96194716990735
2025-07-15 22:00:00+00:00,97.0,102.66357365265534
2025-07-15 23:00:00+00:00,90.49,93.96328992670239
2025-07-16 00:00:00+00:00,83.51,90.81738880621859
2025-07-16 01:00:00+00:00,79.9,79.3829904919505
2025-07-16 02:00:00+00:00,80.29,82.07619534319306
2025-07-16 03:00:00+00:00,86.05,88.13951098701752
2025-07-16 04:00:00+00:00,104.11,98.6584329988604
2025-07-16 05:00:00+00:00,98.25,103.09572663559547
2025-07-16 06:00:00+00:00,71.69,86.91993171608041
2025-07-16 07:00:00+00:00,41.05,62.323769254187525
2025-07-16 08:00:00+00:00,25.99,36.139261527675316
2025-07-16 09:00:00+00:00,22.71,25.491931469694734
2025-07-16 10:00:00+00:00,50.01,29.256692114830102
2025-07-16 11:00:00+00:00,89.37,52.326917917356056
2025-07-16 12:00:00+00:00,93.99,87.16316025868232
2025-07-16 13:00:00+00:00,103.35,98.49131791710312
2025-07-16 14:00:00+00:00,107.87,109.40304184575166
2025-07-16 15:00:00+00:00,111.23,118.39749791302519
2025-07-16 16:00:00+00:00,128.59,145.81876606201075
2025-07-16 17:00:00+00:00,150.0,161.98192330727002
2025-07-16 18:00:00+00:00,161.12,164.49542326010027
2025-07-16 19:00:00+00:00,148.46,142.40231483757606
2025-07-16 20:00:00+00:00,143.72,125.97573544442895
2025-07-16 21:00:00+00:00,125.0,121.64838122848388
2025-07-16 22:00:00+00:00,120.0,111.9852012119567
2025-07-16 23:00:00+00:00,120.34,107.91913919351373
2025-07-17 00:00:00+00:00,111.64,108.68241258050644
2025-07-17 01:00:00+00:00,110.0,103.76194401108742
2025-07-17 02:00:00+00:00,108.32,103.45157068442403
2025-07-17 03:00:00+00:00,111.02,110.12930743070311
2025-07-17 04:00:00+00:00,120.0,116.18035821858537
2025-07-17 05:00:00+00:00,125.53,113.37883640626232
2025-07-17 06:00:00+00:00,105.92,108.24082775561543
2025-07-17 07:00:00+00:00,93.1,88.55935610496964
2025-07-17 08:00:00+00:00,85.0,80.46835749539034
2025-07-17 09:00:00+00:00,77.07,72.19220286450005
2025-07-17 10:00:00+00:00,70.17,72.46140611129792
2025-07-17 11:00:00+00:00,63.0,73.5159386849408
2025-07-17 12:00:00+00:00,63.0,71.65400133944195
2025-07-17 13:00:00+00:00,68.99,80.74834448852737
2025-07-17 14:00:00+00:00,104.37,91.45663169164226
2025-07-17 15:00:00+00:00,115.0,115.7689339061385
2025-07-17 16:00:00+00:00,123.04,142.06474481752736
2025-07-17 17:00:00+00:00,141.33,150.26972472160858
2025-07-17 18:00:00+00:00,153.49,153.58720372546762
2025-07-17 19:00:00+00:00,135.81,143.1381455535208
2025-07-17 20:00:00+00:00,125.08,123.90886564852866
2025-07-17 21:00:00+00:00,114.18,117.56288205193738
2025-07-17 22:00:00+00:00,108.28,111.40271652033101
2025-07-17 23:00:00+00:00,99.67,106.4749526356538
2025-07-18 00:00:00+00:00,96.61,99.79668919765192
2025-07-18 01:00:00+00:00,95.59,95.47041168578865
2025-07-18 02:00:00+00:00,96.58,96.3468607525603
2025-07-18 03:00:00+00:00,105.87,102.48282865442076
2025-07-18 04:00:00+00:00,116.22,114.70647793777314
2025-07-18 05:00:00+00:00,115.09,118.88927402150613
2025-07-18 06:00:00+00:00,108.43,109.54128140704113
2025-07-18 07:00:00+00:00,87.25,96.10438175336637
2025-07-18 08:00:00+00:00,70.27,79.28823522897989
2025-07-18 09:00:00+00:00,81.99,67.17759220175381
2025-07-18 10:00:00+00:00,80.0,76.5094386158955
2025-07-18 11:00:00+00:00,73.02,75.57861833452048
2025-07-18 12:00:00+00:00,71.2,74.38228646318245
2025-07-18 13:00:00+00:00,72.68,80.21093741926727
2025-07-18 14:00:00+00:00,104.26,88.05544118428179
2025-07-18 15:00:00+00:00,108.79,116.64801707488729
2025-07-18 16:00:00+00:00,129.0,138.55662355282428
2025-07-18 17:00:00+00:00,141.86,156.1993824328797
2025-07-18 18:00:00+00:00,166.84,151.13118891831516
2025-07-18 19:00:00+00:00,163.35,140.35669843197616
2025-07-18 20:00:00+00:00,132.25,133.2526917813157
2025-07-18 21:00:00+00:00,126.24,122.7554869854093
2025-07-18 22:00:00+00:00,129.87,120.23632703393746
2025-07-18 23:00:00+00:00,129.87,120.77406302393838
2025-07-19 00:00:00+00:00,120.0,120.57665913241595
2025-07-19 01:00:00+00:00,110.76,111.16567198932667
2025-07-19 02:00:00+00:00,105.52,106.69005380746111
2025-07-19 03:00:00+00:00,105.12,104.5166313360171
2025-07-19 04:00:00+00:00,103.9,107.6473567634042
2025-07-19 05:00:00+00:00,95.89,102.00793599924697
2025-07-19 06:00:00+00:00,76.65,89.05892908156922
2025-07-19 07:00:00+00:00,51.11,68.3776828114747
2025-07-19 08:00:00+00:00,10.0,48.398480912760476
2025-07-19 09:00:00+00:00,3.9,16.990056336287765
2025-07-19 10:00:00+00:00,0.01,12.925281369672362
2025-07-19 11:00:00+00:00,0.46,12.231087214516535
2025-07-19 12:00:00+00:00,3.28,15.438220911522606
2025-07-19 13:00:00+00:00,40.0,36.36544111762525
2025-07-19 14:00:00+00:00,65.28,67.92759039558213
2025-07-19 15:00:00+00:00,104.22,93.15719559311076
2025-07-19 16:00:00+00:00,130.0,129.59905336133951
2025-07-19 17:00:00+00:00,140.74,158.94536591666798
2025-07-19 18:00:00+00:00,151.25,158.7265495611275
2025-07-19 19:00:00+00:00,165.66,148.0059453281649
2025-07-19 20:00:00+00:00,138.01,137.5139127152135
2025-07-19 21:00:00+00:00,131.4,128.11366426662056
2025-07-19 22:00:00+00:00,112.77,123.74431902745194
2025-07-19 23:00:00+00:00,107.19,114.01680676332123
2025-07-20 00:00:00+00:00,110.33,105.46932119289305
2025-07-20 01:00:00+00:00,104.86,106.99407684976865
2025-07-20 02:00:00+00:00,98.57,101.21732128878706
2025-07-20 03:00:00+00:00,100.28,97.52276805239681
2025-07-20 04:00:00+00:00,94.59,101.98525538971666
2025-07-20 05:00:00+00:00,74.59,85.43284351032432
2025-07-20 06:00:00+00:00,70.17,60.604889605608875
2025-07-20 07:00:00+00:00,37.01,49.50083058355267
2025-07-20 08:00:00+00:00,7.45,17.70359336706929
2025-07-20 09:00:00+00:00,1.93,5.384113081647797
2025-07-20 10:00:00+00:00,0.0,5.040156687543302
2025-07-20 11:00:00+00:00,0.0,2.9622291482973537
2025-07-20 12:00:00+00:00,0.01,5.014102599045216
2025-07-20 13:00:00+00:00,8.43,19.35479700583035
2025-07-20 14:00:00+00:00,70.81,42.19499727267237
2025-07-20 15:00:00+00:00,106.74,90.05624359574905
2025-07-20 16:00:00+00:00,117.72,126.35471424692521
2025-07-20 17:00:00+00:00,134.98,147.99737011028037
2025-07-20 18:00:00+00:00,141.86,151.05413961440956
2025-07-20 19:00:00+00:00,140.0,135.82230177262016
2025-07-20 20:00:00+00:00,132.25,124.07626514670467
2025-07-20 21:00:00+00:00,131.24,124.27188696912056
2025-07-20 22:00:00+00:00,116.82,118.45561247739096
2025-07-20 23:00:00+00:00,112.99,107.12769879650936
2025-07-21 00:00:00+00:00,105.9,107.47837217811403
2025-07-21 01:00:00+00:00,97.9,101.80786468132553
2025-07-21 02:00:00+00:00,93.17,96.6828584944014
2025-07-21 03:00:00+00:00,106.84,108.06358821439159
2025-07-21 04:00:00+00:00,119.61,126.90476250924623
2025-07-21 05:00:00+00:00,120.0,122.00499748799348
2025-07-21 06:00:00+00:00,111.46,111.31984067092783
2025-07-21 07:00:00+00:00,97.18,98.0090817160191
2025-07-21 08:00:00+00:00,88.78,84.61480358815689
2025-07-21 09:00:00+00:00,86.29,81.1199287332555
2025-07-21 10:00:00+00:00,85.06,80.71403519727335
2025-07-21 11:00:00+00:00,85.58,82.61678506827054
2025-07-21 12:00:00+00:00,78.22,84.56235678248052
2025-07-21 13:00:00+00:00,80.06,88.1139335349294
2025-07-21 14:00:00+00:00,103.95,96.2943442061512
2025-07-21 15:00:00+00:00,110.3,118.363464551526
2025-07-21 16:00:00+00:00,152.82,150.95191257634053
2025-07-21 17:00:00+00:00,213.53,196.34364394163754
2025-07-21 18:00:00+00:00,200.73,230.0422976144217
2025-07-21 19:00:00+00:00,155.74,183.93563173409015
2025-07-21 20:00:00+00:00,129.88,137.371973512397
2025-07-21 21:00:00+00:00,110.0,126.98167795170212
2025-07-21 22:00:00+00:00,114.4,111.76697398475922
2025-07-21 23:00:00+00:00,110.0,112.64761116875188
2025-07-22 00:00:00+00:00,105.29,108.39650280235774
2025-07-22 01:00:00+00:00,103.67,102.38626725841395
2025-07-22 02:00:00+00:00,103.48,104.10974115522178
2025-07-22 03:00:00+00:00,105.29,118.84773612924721
2025-07-22 04:00:00+00:00,110.71,128.0615410913779
2025-07-22 05:00:00+00:00,109.43,118.73653289334158
2025-07-22 06:00:00+00:00,99.67,107.78958949181992
2025-07-22 07:00:00+00:00,96.56,94.57148277238676
2025-07-22 08:00:00+00:00,84.21,87.41275519330694
2025-07-22 09:00:00+00:00,71.06,76.47214848660587
2025-07-22 10:00:00+00:00,54.94,73.99035327275253
2025-07-22 11:00:00+00:00,44.1,65.75600338767286
2025-07-22 12:00:00+00:00,49.17,60.7388232260345
2025-07-22 13:00:00+00:00,80.58,77.19538038624844
2025-07-22 14:00:00+00:00,110.0,98.84454993238222
2025-07-22 15:00:00+00:00,110.0,126.65802556588328
2025-07-22 16:00:00+00:00,158.4,163.6715493121111
2025-07-22 17:00:00+00:00,195.85,221.92842672705714
2025-07-22 18:00:00+00:00,222.87,223.63763099167042
2025-07-22 19:00:00+00:00,170.0,194.30545857358533
2025-07-22 20:00:00+00:00,144.66,132.8980194167946
2025-07-22 21:00:00+00:00,117.0,123.31273826787915
2025-07-22 22:00:00+00:00,119.53,111.07131142143797
2025-07-22 23:00:00+00:00,114.35,111.54410570494332
2025-07-23 00:00:00+00:00,108.48,107.56616358259802
2025-07-23 01:00:00+00:00,108.48,103.56531625246589
2025-07-23 02:00:00+00:00,109.51,107.25685356966142
2025-07-23 03:00:00+00:00,114.2,115.2951643798115
2025-07-23 04:00:00+00:00,109.33,125.23668794746726
2025-07-23 05:00:00+00:00,110.0,113.69176683389132
2025-07-23 06:00:00+00:00,96.5,104.22629006444626
2025-07-23 07:00:00+00:00,85.01,86.43567335386072
2025-07-23 08:00:00+00:00,81.34,75.08650031409198
2025-07-23 09:00:00+00:00,80.0,74.423600114745
2025-07-23 10:00:00+00:00,80.93,75.69583442522836
2025-07-23 11:00:00+00:00,81.74,80.58142317581547
2025-07-23 12:00:00+00:00,90.0,82.90307938800198
2025-07-23 13:00:00+00:00,108.48,101.64153512452407
2025-07-23 14:00:00+00:00,117.26,118.50388814604365
2025-07-23 15:00:00+00:00,182.61,127.19133616388294
2025-07-23 16:00:00+00:00,283.2,233.21609818451753
2025-07-23 17:00:00+00:00,313.52,328.33627480243103
2025-07-23 18:00:00+00:00,327.62,312.1482310684187
2025-07-23 19:00:00+00:00,229.91,232.98952740703123
2025-07-23 20:00:00+00:00,175.24,181.55007701570423
2025-07-23 21:00:00+00:00,138.67,142.92680887770868
2025-07-23 22:00:00+00:00,120.67,121.3029619884642
2025-07-23 23:00:00+00:00,120.0,112.98819136527115
2025-07-24 00:00:00+00:00,108.86,117.50269408010656
2025-07-24 01:00:00+00:00,107.09,110.72421995752023
2025-07-24 02:00:00+00:00,105.76,109.1014023176945
2025-07-24 03:00:00+00:00,105.47,121.1510288518042
2025-07-24 04:00:00+00:00,110.65,123.0795100719504
2025-07-24 05:00:00+00:00,115.31,114.37107219091777
2025-07-24 06:00:00+00:00,110.75,104.90771333694944
2025-07-24 07:00:00+00:00,96.57,98.730644152485
2025-07-24 08:00:00+00:00,90.36,87.15643937914965
2025-07-24 09:00:00+00:00,85.6,86.31931729540696
2025-07-24 10:00:00+00:00,83.3,82.51315874899899
2025-07-24 11:00:00+00:00,89.87,83.55445780053711
2025-07-24 12:00:00+00:00,95.15,95.84154417869189
2025-07-24 13:00:00+00:00,99.99,107.11915678181217
2025-07-24 14:00:00+00:00,108.47,125.51218932024446
2025-07-24 15:00:00+00:00,116.44,155.81729861056363
2025-07-24 16:00:00+00:00,211.14,215.82544759885536
2025-07-24 17:00:00+00:00,350.0,311.20657932533226
2025-07-24 18:00:00+00:00,392.98,353.8061741402362
2025-07-24 19:00:00+00:00,222.58,295.97716336445524
2025-07-24 20:00:00+00:00,164.13,179.31936992775124
2025-07-24 21:00:00+00:00,120.13,133.09688902806303
2025-07-24 22:00:00+00:00,115.0,112.30446433055698
2025-07-24 23:00:00+00:00,108.5,109.26233762831389
2025-07-25 00:00:00+00:00,104.31,104.83305758955368
2025-07-25 01:00:00+00:00,103.17,100.6099160811618
2025-07-25 02:00:00+00:00,103.83,101.36001689631188
2025-07-25 03:00:00+00:00,111.0,113.42625119067253
2025-07-25 04:00:00+00:00,116.59,130.12371129672096
2025-07-25 05:00:00+00:00,113.08,117.16637124069166
2025-07-25 06:00:00+00:00,112.94,110.44351392828088
2025-07-25 07:00:00+00:00,100.38,97.60998372942612
2025-07-25 08:00:00+00:00,98.63,89.4854301901377
2025-07-25 09:00:00+00:00,88.0,88.20089849979577
2025-07-25 10:00:00+00:00,87.44,86.55795556055556
2025-07-25 11:00:00+00:00,89.31,87.39470775659662
2025-07-25 12:00:00+00:00,90.38,96.46651483014966
2025-07-25 13:00:00+00:00,101.26,107.658242629667
2025-07-25 14:00:00+00:00,115.0,130.8459423767524
2025-07-25 15:00:00+00:00,132.96,166.751716924797
2025-07-25 16:00:00+00:00,267.91,231.5999544597837
2025-07-25 17:00:00+00:00,388.29,367.62106891949395
2025-07-25 18:00:00+00:00,410.5,382.3764598152955
2025-07-25 19:00:00+00:00,177.21,308.84593462465836
2025-07-25 20:00:00+00:00,163.74,161.2172873172415
2025-07-25 21:00:00+00:00,122.78,132.95464073916474
2025-07-25 22:00:00+00:00,116.7,116.55043487046504
2025-07-25 23:00:00+00:00,108.5,110.69676076660161
2025-07-26 00:00:00+00:00,118.23,109.1366240028936
2025-07-26 01:00:00+00:00,108.5,111.98023228389891
2025-07-26 02:00:00+00:00,106.56,104.4107291801671
2025-07-26 03:00:00+00:00,102.97,104.66197698584892
2025-07-26 04:00:00+00:00,103.76,103.01571295793623
2025-07-26 05:00:00+00:00,101.04,91.8554905138568
2025-07-26 06:00:00+00:00,89.58,88.15208533348238
2025-07-26 07:00:00+00:00,86.26,75.58361166701849
2025-07-26 08:00:00+00:00,82.59,65.04230183537594
2025-07-26 09:00:00+00:00,60.0,65.1387075629149
2025-07-26 10:00:00+00:00,68.76,56.70817074492621
2025-07-26 11:00:00+00:00,65.67,67.11939728712173
2025-07-26 12:00:00+00:00,65.99,73.73026258167003
2025-07-26 13:00:00+00:00,78.97,88.49415565350355
2025-07-26 14:00:00+00:00,105.1,97.22676966498668
2025-07-26 15:00:00+00:00,142.09,121.66081183475916
2025-07-26 16:00:00+00:00,142.38,202.90554663167939
2025-07-26 17:00:00+00:00,174.09,234.6906777278467
2025-07-26 18:00:00+00:00,215.53,223.64778934626787
2025-07-26 19:00:00+00:00,182.13,185.65221115284675
2025-07-26 20:00:00+00:00,129.16,158.11622647038854
2025-07-26 21:00:00+00:00,109.77,123.6328601212316
2025-07-26 22:00:00+00:00,105.34,108.22500685109544
2025-07-26 23:00:00+00:00,108.46,102.7482595840667
2025-07-27 00:00:00+00:00,108.09,106.9694212549779
2025-07-27 01:00:00+00:00,96.88,105.43545418145901
2025-07-27 02:00:00+00:00,103.19,97.02632940849958
2025-07-27 03:00:00+00:00,101.08,104.35827179335465
2025-07-27 04:00:00+00:00,93.2,103.11533812242445
2025-07-27 05:00:00+00:00,84.11,88.93141835904906
2025-07-27 06:00:00+00:00,77.6,72.63507631254464
2025-07-27 07:00:00+00:00,41.37,66.80505537628908
2025-07-27 08:00:00+00:00,36.22,39.01729730263777
2025-07-27 09:00:00+00:00,33.17,33.68420731830716
2025-07-27 10:00:00+00:00,46.48,38.64844199170989
2025-07-27 11:00:00+00:00,15.04,50.946733319872536
2025-07-27 12:00:00+00:00,8.85,33.11476884012079
2025-07-27 13:00:00+00:00,23.13,40.86678138976478
2025-07-27 14:00:00+00:00,74.54,64.30419224711662
2025-07-27 15:00:00+00:00,92.44,104.15366641864532
2025-07-27 16:00:00+00:00,148.89,123.31227275083057
2025-07-27 17:00:00+00:00,176.92,178.40750221354588
2025-07-27 18:00:00+00:00,171.02,190.07741837021536
2025-07-27 19:00:00+00:00,163.58,152.77823940330293
2025-07-27 20:00:00+00:00,148.89,134.52123232159323
2025-07-27 21:00:00+00:00,119.0,129.39132822880364
2025-07-27 22:00:00+00:00,105.05,112.1560240256794
2025-07-27 23:00:00+00:00,93.68,102.79017046735899
2025-07-28 00:00:00+00:00,88.62,94.41711027883386
2025-07-28 01:00:00+00:00,85.0,88.48886706971687
2025-07-28 02:00:00+00:00,82.73,86.60967923509904
2025-07-28 03:00:00+00:00,92.94,93.68357331891681
2025-07-28 04:00:00+00:00,108.46,111.27628672746323
2025-07-28 05:00:00+00:00,116.42,114.71776141571243
2025-07-28 06:00:00+00:00,117.0,108.83248517505419
2025-07-28 07:00:00+00:00,110.76,100.22302766092662
2025-07-28 08:00:00+00:00,103.07,97.56069423598278
2025-07-28 09:00:00+00:00,93.46,92.71900620897259
2025-07-28 10:00:00+00:00,86.99,90.87169081047938
2025-07-28 11:00:00+00:00,82.69,87.47529395219928
2025-07-28 12:00:00+00:00,79.18,85.30326565727569
2025-07-28 13:00:00+00:00,87.77,90.99734470997237
2025-07-28 14:00:00+00:00,98.29,101.77015591591065
2025-07-28 15:00:00+00:00,111.56,115.55861983190519
2025-07-28 16:00:00+00:00,208.98,165.5421830107722
2025-07-28 17:00:00+00:00,178.72,263.839817826675
2025-07-28 18:00:00+00:00,192.99,210.39652722296677
2025-07-28 19:00:00+00:00,169.6,176.32275230192064
2025-07-28 20:00:00+00:00,124.6,141.47740690530964
2025-07-28 21:00:00+00:00,105.1,118.41945162771754
2025-07-28 22:00:00+00:00,111.67,102.75341998057749
2025-07-28 23:00:00+00:00,105.1,104.16304726284372
2025-07-29 00:00:00+00:00,101.78,100.14692991431914
2025-07-29 01:00:00+00:00,97.78,98.61751121975125
2025-07-29 02:00:00+00:00,93.71,95.25750026166256
2025-07-29 03:00:00+00:00,103.99,101.306660938035
2025-07-29 04:00:00+00:00,120.0,115.36431106914895
2025-07-29 05:00:00+00:00,108.46,119.77283508781585
2025-07-29 06:00:00+00:00,95.16,105.66138029097137
2025-07-29 07:00:00+00:00,83.64,91.65145458124728
2025-07-29 08:00:00+00:00,70.68,77.83026680344443
2025-07-29 09:00:00+00:00,57.0,71.3451545790701
2025-07-29 10:00:00+00:00,56.16,63.261254742045395
2025-07-29 11:00:00+00:00,60.0,66.34695150875702
2025-07-29 12:00:00+00:00,68.66,68.7696456601217
2025-07-29 13:00:00+00:00,85.0,89.76348947901693
2025-07-29 14:00:00+00:00,93.71,98.02426039155802
2025-07-29 15:00:00+00:00,111.61,114.22556267857951
2025-07-29 16:00:00+00:00,155.9,165.48509426663207
2025-07-29 17:00:00+00:00,148.89,198.298154241573
2025-07-29 18:00:00+00:00,159.85,183.8679368743082
2025-07-29 19:00:00+00:00,167.63,152.00311398245847
2025-07-29 20:00:00+00:00,125.0,138.07842986082878
2025-07-29 21:00:00+00:00,105.2,115.66596256615277
2025-07-29 22:00:00+00:00,97.09,105.57892790868323
2025-07-29 23:00:00+00:00,93.01,95.76584189004606
2025-07-30 00:00:00+00:00,89.16,92.84639658446255
2025-07-30 01:00:00+00:00,88.1,89.7594571706457
2025-07-30 02:00:00+00:00,88.89,88.39348769856049
2025-07-30 03:00:00+00:00,99.03,100.61627552295369
2025-07-30 04:00:00+00:00,108.47,113.77483482068195
2025-07-30 05:00:00+00:00,104.61,109.59180662227725
2025-07-30 06:00:00+00:00,88.88,95.53081075609673
2025-07-30 07:00:00+00:00,66.32,82.6537389286089
2025-07-30 08:00:00+00:00,25.0,66.78995998688075
2025-07-30 09:00:00+00:00,32.53,32.02178790288046
2025-07-30 10:00:00+00:00,24.79,43.04998053478495
2025-07-30 11:00:00+00:00,17.69,38.451524092437
2025-07-30 12:00:00+00:00,10.7,43.329593443698116
2025-07-30 13:00:00+00:00,50.0,52.13649623158521
2025-07-30 14:00:00+00:00,71.59,79.54239535978654
2025-07-30 15:00:00+00:00,111.06,117.28992723478706
2025-07-30 16:00:00+00:00,170.36,179.54977193088467
2025-07-30 17:00:00+00:00,183.77,233.8282775489908
2025-07-30 18:00:00+00:00,223.94,219.1835118092389
2025-07-30 19:00:00+00:00,178.4,205.30470442227718
2025-07-30 20:00:00+00:00,135.33,156.31515853303287
2025-07-30 21:00:00+00:00,102.97,120.33330213518424
2025-07-30 22:00:00+00:00,101.31,101.16815414969948
2025-07-30 23:00:00+00:00,102.92,101.47650936004445
2025-07-31 00:00:00+00:00,90.37,98.21146960588086
2025-07-31 01:00:00+00:00,82.88,91.79344925375108
2025-07-31 02:00:00+00:00,78.26,83.27036780982169
2025-07-31 03:00:00+00:00,93.7,93.07526719830217
2025-07-31 04:00:00+00:00,104.89,114.05980100971111
2025-07-31 05:00:00+00:00,101.29,111.35211649432105
2025-07-31 06:00:00+00:00,93.86,98.49959925300234
2025-07-31 07:00:00+00:00,83.43,86.14635001557605
2025-07-31 08:00:00+00:00,73.26,70.57962670395135
2025-07-31 09:00:00+00:00,72.99,67.5656804176493
2025-07-31 10:00:00+00:00,63.23,69.82817492143514
2025-07-31 11:00:00+00:00,50.29,66.65903473947434
2025-07-31 12:00:00+00:00,63.03,64.75662721953434
2025-07-31 13:00:00+00:00,79.1,78.36606081867714
2025-07-31 14:00:00+00:00,98.46,92.24983213739279
2025-07-31 15:00:00+00:00,101.56,113.5261860271246
2025-07-31 16:00:00+00:00,148.77,132.88679221762843
2025-07-31 17:00:00+00:00,136.61,179.47072729114672
2025-07-31 18:00:00+00:00,130.56,164.86120560548656
2025-07-31 19:00:00+00:00,103.25,134.68433483615766
2025-07-31 20:00:00+00:00,148.77,107.25097626970279
2025-07-31 21:00:00+00:00,103.88,124.13067029685723
2025-07-31 22:00:00+00:00,105.8,100.39086688414791
2025-07-31 23:00:00+00:00,99.26,99.44229123625703
2025-08-01 00:00:00+00:00,91.62,96.67391964275839
2025-08-01 01:00:00+00:00,87.87,91.38377558350885
2025-08-01 02:00:00+00:00,93.38,85.90551052791285
2025-08-01 03:00:00+00:00,100.5,99.78919199925117
2025-08-01 04:00:00+00:00,103.56,110.06925293868339
2025-08-01 05:00:00+00:00,92.99,101.00973553620418
2025-08-01 06:00:00+00:00,65.0,84.49230024275104
2025-08-01 07:00:00+00:00,67.9,59.71255568383765
2025-08-01 08:00:00+00:00,63.93,58.61036033046419
2025-08-01 09:00:00+00:00,41.3,56.70682137055762
2025-08-01 10:00:00+00:00,40.0,38.46804576291785
2025-08-01 11:00:00+00:00,51.3,39.930013456912945
2025-08-01 12:00:00+00:00,51.44,57.618339611083314
2025-08-01 13:00:00+00:00,52.03,69.40967470465922
2025-08-01 14:00:00+00:00,74.29,76.39923543408331
2025-08-01 15:00:00+00:00,108.5,97.14699398277918
2025-08-01 16:00:00+00:00,115.0,141.44911439006287
2025-08-01 17:00:00+00:00,150.23,163.88029698746337
2025-08-01 18:00:00+00:00,160.91,175.51694663873832
2025-08-01 19:00:00+00:00,150.23,136.84765967311597
2025-08-01 20:00:00+00:00,136.84,136.02076619754772
2025-08-01 21:00:00+00:00,112.34,119.88796735559944
2025-08-01 22:00:00+00:00,112.9,106.88130678353268
2025-08-01 23:00:00+00:00,101.13,103.81919017796413
2025-08-02 00:00:00+00:00,96.78,100.63057988456926
2025-08-02 01:00:00+00:00,90.6,93.54512504978311
2025-08-02 02:00:00+00:00,89.74,94.11826182043211
2025-08-02 03:00:00+00:00,89.38,96.04593379956069
2025-08-02 04:00:00+00:00,88.0,96.62292297556715
2025-08-02 05:00:00+00:00,83.26,79.57979677587409
2025-08-02 06:00:00+00:00,60.23,63.34481297416964
2025-08-02 07:00:00+00:00,13.62,46.63815420293403
2025-08-02 08:00:00+00:00,5.0,11.394081864989076
2025-08-02 09:00:00+00:00,0.01,-0.3774679181580325
2025-08-02 10:00:00+00:00,0.01,2.3856588033392256
2025-08-02 11:00:00+00:00,0.0,3.2171575053471884
2025-08-02 12:00:00+00:00,0.0,6.142979326712492
2025-08-02 13:00:00+00:00,0.0,22.89052196726948
2025-08-02 14:00:00+00:00,5.61,34.86861030830684
2025-08-02 15:00:00+00:00,63.73,59.5206034627102
2025-08-02 16:00:00+00:00,95.54,104.61890449701023
2025-08-02 17:00:00+00:00,136.42,143.46446698118157
2025-08-02 18:00:00+00:00,180.0,163.90716590473434
2025-08-02 19:00:00+00:00,149.71,164.86765840275655
2025-08-02 20:00:00+00:00,121.04,130.338754017225
2025-08-02 21:00:00+00:00,96.53,111.97734603041191
2025-08-02 22:00:00+00:00,95.14,98.04436115339172
2025-08-02 23:00:00+00:00,78.06,95.08066214449238
2025-08-03 00:00:00+00:00,79.38,81.13406076196044
2025-08-03 01:00:00+00:00,81.7,81.56145395624128
2025-08-03 02:00:00+00:00,85.86,83.09256703449735
2025-08-03 03:00:00+00:00,86.25,85.83589787319467
2025-08-03 04:00:00+00:00,80.72,84.73788633249997
2025-08-03 05:00:00+00:00,26.23,71.83986834703995
2025-08-03 06:00:00+00:00,6.16,17.85572643156746
2025-08-03 07:00:00+00:00,0.0,-0.45031616462244983
2025-08-03 08:00:00+00:00,0.0,-7.257411182564084
2025-08-03 09:00:00+00:00,0.0,-5.619317166162716
2025-08-03 10:00:00+00:00,0.0,-2.362022751749322
2025-08-03 11:00:00+00:00,0.0,0.35581710801005784
2025-08-03 12:00:00+00:00,0.0,4.480150641884407
2025-08-03 13:00:00+00:00,0.0,20.396268420440165
2025-08-03 14:00:00+00:00,5.0,27.22041855355195
2025-08-03 15:00:00+00:00,84.0,45.8102111515379
2025-08-03 16:00:00+00:00,123.08,113.88559597814192
2025-08-03 17:00:00+00:00,115.44,159.62636421724022
2025-08-03 18:00:00+00:00,157.4,149.48813210426326
2025-08-03 19:00:00+00:00,130.1,150.56976272059904
2025-08-03 20:00:00+00:00,114.94,125.04763707298338
2025-08-03 21:00:00+00:00,91.46,108.3551418202385
2025-08-03 22:00:00+00:00,85.16,92.97419777266532
2025-08-03 23:00:00+00:00,85.41,82.29826744348108
2025-08-04 00:00:00+00:00,82.73,79.28474460876173
2025-08-04 01:00:00+00:00,77.95,79.11898262572362
2025-08-04 02:00:00+00:00,75.99,79.31636237250905
2025-08-04 03:00:00+00:00,87.21,94.87808813386249
2025-08-04 04:00:00+00:00,93.77,106.81447570531718
2025-08-04 05:00:00+00:00,101.39,103.43026393125032
2025-08-04 06:00:00+00:00,88.23,98.36073644026229
2025-08-04 07:00:00+00:00,71.7,79.00933911258304
2025-08-04 08:00:00+00:00,63.07,65.44428503066146
2025-08-04 09:00:00+00:00,50.24,60.582482759166226
2025-08-04 10:00:00+00:00,14.71,56.32519986349364
2025-08-04 11:00:00+00:00,4.05,32.48824135249711
2025-08-04 12:00:00+00:00,0.66,25.388532421575135
2025-08-04 13:00:00+00:00,30.0,34.928646251554255
2025-08-04 14:00:00+00:00,65.9,54.9478768360358
2025-08-04 15:00:00+00:00,124.35,92.88460052603422
2025-08-04 16:00:00+00:00,147.75,177.65198479182266
2025-08-04 17:00:00+00:00,191.82,197.16894907944985
2025-08-04 18:00:00+00:00,215.81,213.57352135660386
2025-08-04 19:00:00+00:00,136.27,178.98667958605677
2025-08-04 20:00:00+00:00,122.22,118.31483979175576
2025-08-04 21:00:00+00:00,88.64,112.24482467932162
2025-08-04 22:00:00+00:00,95.99,90.31464678816732
2025-08-04 23:00:00+00:00,90.82,94.50033486912423
2025-08-05 00:00:00+00:00,90.76,94.38307386382868
2025-08-05 01:00:00+00:00,92.75,92.65773764381868
2025-08-05 02:00:00+00:00,89.52,93.78193297802255
2025-08-05 03:00:00+00:00,93.29,102.71273065481238
2025-08-05 04:00:00+00:00,99.9,110.30680449054829
2025-08-05 05:00:00+00:00,94.23,104.65385620254102
2025-08-05 06:00:00+00:00,73.82,89.30711396496645
2025-08-05 07:00:00+00:00,3.82,66.9220502749042
2025-08-05 08:00:00+00:00,0.0,12.323150976300184
2025-08-05 09:00:00+00:00,0.01,5.109185247653798
2025-08-05 10:00:00+00:00,0.01,9.898389335828014
2025-08-05 11:00:00+00:00,5.11,13.158827154975512
2025-08-05 12:00:00+00:00,5.0,19.534380559505365
2025-08-05 13:00:00+00:00,8.43,29.869594386483143
2025-08-05 14:00:00+00:00,64.87,48.65102572325718
2025-08-05 15:00:00+00:00,103.95,105.40508785427656
2025-08-05 16:00:00+00:00,121.03,159.79332341387655
2025-08-05 17:00:00+00:00,148.71,175.4814986101978
2025-08-05 18:00:00+00:00,180.18,177.26912446837946
2025-08-05 19:00:00+00:00,135.13,155.29417434101788
2025-08-05 20:00:00+00:00,123.27,115.60384668892296
2025-08-05 21:00:00+00:00,88.83,108.7551309347408
2025-08-05 22:00:00+00:00,77.04,87.08946755917825
2025-08-05 23:00:00+00:00,87.07,77.0082258222083
2025-08-06 00:00:00+00:00,86.45,81.66058609855057
2025-08-06 01:00:00+00:00,77.58,79.38224421789863
2025-08-06 02:00:00+00:00,72.91,77.35696442675055
2025-08-06 03:00:00+00:00,82.26,84.55790214367157
2025-08-06 04:00:00+00:00,96.7,97.11603247255167
2025-08-06 05:00:00+00:00,98.03,97.20743076331448
2025-08-06 06:00:00+00:00,83.98,80.4386142185448
2025-08-06 07:00:00+00:00,27.83,53.354332057932226
2025-08-06 08:00:00+00:00,0.01,9.631781246059802
2025-08-06 09:00:00+00:00,0.98,-2.5394154225351997
2025-08-06 10:00:00+00:00,4.99,1.7997265285231094
2025-08-06 11:00:00+00:00,4.91,7.324061859051156
2025-08-06 12:00:00+00:00,3.13,10.87838053540061
2025-08-06 13:00:00+00:00,27.27,23.973959043777015
2025-08-06 14:00:00+00:00,86.62,50.4639252872215
2025-08-06 15:00:00+00:00,98.76,104.1834536527511
2025-08-06 16:00:00+00:00,107.91,132.6700934283989
2025-08-06 17:00:00+00:00,122.5,154.24745620635625
2025-08-06 18:00:00+00:00,123.0,154.69554430800088
2025-08-06 19:00:00+00:00,112.67,120.83715377647242
2025-08-06 20:00:00+00:00,110.0,110.35448505158244
2025-08-06 21:00:00+00:00,101.26,98.97530184656515
2025-08-06 22:00:00+00:00,97.45,91.81955888819317
2025-08-06 23:00:00+00:00,94.97,87.92437232260073
2025-08-07 00:00:00+00:00,88.1,90.06611694102955
2025-08-07 01:00:00+00:00,80.67,81.95611414415025
2025-08-07 02:00:00+00:00,84.32,75.90164392444558
2025-08-07 03:00:00+00:00,71.97,85.45508658038085
2025-08-07 04:00:00+00:00,78.85,82.57255618979977
2025-08-07 05:00:00+00:00,59.43,78.06874971338425
2025-08-07 06:00:00+00:00,15.08,47.35668491938132
2025-08-07 07:00:00+00:00,0.0,8.657886345117333
2025-08-07 08:00:00+00:00,0.0,-2.795847566963886
2025-08-07 09:00:00+00:00,0.0,0.24860637282543507
2025-08-07 10:00:00+00:00,0.0,3.1840684863379067
2025-08-07 11:00:00+00:00,0.0,4.041903745775613
2025-08-07 12:00:00+00:00,0.0,8.710174189996849
2025-08-07 13:00:00+00:00,0.01,23.126583427324334
2025-08-07 14:00:00+00:00,38.72,37.33414062203944
2025-08-07 15:00:00+00:00,85.19,66.24207472230243
2025-08-07 16:00:00+00:00,121.03,109.75687672418515
2025-08-07 17:00:00+00:00,164.68,152.42991121180717
2025-08-07 18:00:00+00:00,172.23,156.0958158555984
2025-08-07 19:00:00+00:00,131.0,124.48314396115559
2025-08-07 20:00:00+00:00,110.0,110.7206700093908
2025-08-07 21:00:00+00:00,101.28,100.59974572672778
2025-08-07 22:00:00+00:00,94.14,97.21038842284722
2025-08-07 23:00:00+00:00,90.1,88.02927889918934
2025-08-08 00:00:00+00:00,86.25,89.650404358351
2025-08-08 01:00:00+00:00,83.09,78.33615728228837
2025-08-08 02:00:00+00:00,81.33,81.23558991415902
2025-08-08 03:00:00+00:00,91.3,87.37391592755164
2025-08-08 04:00:00+00:00,88.87,102.28128320520851
2025-08-08 05:00:00+00:00,72.31,87.97469601495985
2025-08-08 06:00:00+00:00,10.0,52.8382698564002
2025-08-08 07:00:00+00:00,0.0,10.553622331419234
2025-08-08 08:00:00+00:00,0.0,-2.7596722648665946
2025-08-08 09:00:00+00:00,0.0,-4.595318291365743
2025-08-08 10:00:00+00:00,0.0,0.21611928121728852
2025-08-08 11:00:00+00:00,-0.01,3.2992445771865846
2025-08-08 12:00:00+00:00,-0.01,7.525476261567562
2025-08-08 13:00:00+00:00,0.0,25.111466779008012
2025-08-08 14:00:00+00:00,10.49,33.09435029442764
2025-08-08 15:00:00+00:00,86.26,58.72951443849618
2025-08-08 16:00:00+00:00,140.73,119.85549451756418
2025-08-08 17:00:00+00:00,153.13,175.68724949254528
2025-08-08 18:00:00+00:00,154.51,168.39161342221962
2025-08-08 19:00:00+00:00,143.38,129.3811301416704
2025-08-08 20:00:00+00:00,125.88,118.5667375612534
2025-08-08 21:00:00+00:00,109.16,111.4957058457491
2025-08-08 22:00:00+00:00,102.87,101.81632879159585
2025-08-08 23:00:00+00:00,102.32,94.69622362393173
2025-08-09 00:00:00+00:00,101.61,96.62381758888881
2025-08-09 01:00:00+00:00,98.7,97.19751144149672
2025-08-09 02:00:00+00:00,98.59,92.08851485231745
2025-08-09 03:00:00+00:00,97.53,94.38903401958387
2025-08-09 04:00:00+00:00,83.94,93.70456621796933
2025-08-09 05:00:00+00:00,61.82,66.87106398811058
2025-08-09 06:00:00+00:00,-0.01,37.17528444566402
2025-08-09 07:00:00+00:00,-0.95,-6.411051628141394
2025-08-09 08:00:00+00:00,-1.0,-9.451234658254293
2025-08-09 09:00:00+00:00,-1.0,-6.249021186237854
2025-08-09 10:00:00+00:00,-1.0,-1.5008877729869425
2025-08-09 11:00:00+00:00,-1.0,0.1261350791991731
2025-08-09 12:00:00+00:00,-0.88,5.602681189800165
2025-08-09 13:00:00+00:00,-0.46,22.055590475062104
2025-08-09 14:00:00+00:00,0.0,30.224676135657532
2025-08-09 15:00:00+00:00,76.49,42.99680632092348
2025-08-09 16:00:00+00:00,149.74,111.9607232033884
2025-08-09 17:00:00+00:00,124.9,173.13223297524172
2025-08-09 18:00:00+00:00,131.66,146.6309669571385
2025-08-09 19:00:00+00:00,133.92,121.32253413061912
2025-08-09 20:00:00+00:00,117.73,118.23730296717059
2025-08-09 21:00:00+00:00,95.18,108.07214968528527
2025-08-09 22:00:00+00:00,84.7,92.3511494142754
2025-08-09 23:00:00+00:00,83.02,79.40464774140861
2025-08-10 00:00:00+00:00,82.78,77.77416847885698
2025-08-10 01:00:00+00:00,77.58,77.71168331197444
2025-08-10 02:00:00+00:00,80.25,77.20245970603202
2025-08-10 03:00:00+00:00,83.2,79.08455259125643
2025-08-10 04:00:00+00:00,81.51,79.22226874629774
2025-08-10 05:00:00+00:00,30.89,58.22357315945477
2025-08-10 06:00:00+00:00,-0.1,25.189428862722124
2025-08-10 07:00:00+00:00,-2.89,-2.2458540713733726
2025-08-10 08:00:00+00:00,-10.0,-3.8779175924491085
2025-08-10 09:00:00+00:00,-12.92,-3.8254831452752285
2025-08-10 10:00:00+00:00,-10.0,3.6963364802861634
2025-08-10 11:00:00+00:00,-6.1,4.897449300578359
2025-08-10 12:00:00+00:00,-3.11,9.134138766411851
2025-08-10 13:00:00+00:00,-3.03,21.939554388482065
2025-08-10 14:00:00+00:00,0.0,23.538371499724732
2025-08-10 15:00:00+00:00,36.8,34.3989829595929
2025-08-10 16:00:00+00:00,97.42,80.50578922360228
2025-08-10 17:00:00+00:00,121.9,124.72658983756536
2025-08-10 18:00:00+00:00,138.32,141.18107082041107
2025-08-10 19:00:00+00:00,121.04,122.34517592476739
2025-08-10 20:00:00+00:00,106.75,108.36784327629482
2025-08-10 21:00:00+00:00,98.21,96.19601567295032
2025-08-10 22:00:00+00:00,99.81,91.05854913479504
2025-08-10 23:00:00+00:00,91.69,90.93427451397322
2025-08-11 00:00:00+00:00,87.28,88.98404068719557
2025-08-11 01:00:00+00:00,84.83,81.7817489665338
2025-08-11 02:00:00+00:00,92.9,80.6009232892866
2025-08-11 03:00:00+00:00,104.03,102.77903410030085
2025-08-11 04:00:00+00:00,95.0,116.2969147185212
2025-08-11 05:00:00+00:00,71.7,94.71797134417817
2025-08-11 06:00:00+00:00,0.0,57.786357922854606
2025-08-11 07:00:00+00:00,0.0,1.5752479218889732
2025-08-11 08:00:00+00:00,-0.01,1.583292663567363
2025-08-11 09:00:00+00:00,0.0,1.6258230715616833
2025-08-11 10:00:00+00:00,0.0,6.189646406845654
2025-08-11 11:00:00+00:00,0.0,9.487084201453811
2025-08-11 12:00:00+00:00,0.0,13.48290989412375
2025-08-11 13:00:00+00:00,9.0,25.864785613329133
2025-08-11 14:00:00+00:00,58.97,41.21360378239336
2025-08-11 15:00:00+00:00,97.2,81.67568199219859
2025-08-11 16:00:00+00:00,143.19,136.75289394248716
2025-08-11 17:00:00+00:00,183.56,188.65466984260263
2025-08-11 18:00:00+00:00,209.47,202.75447658739176
2025-08-11 19:00:00+00:00,140.53,166.39725519750127
2025-08-11 20:00:00+00:00,108.87,113.77384633968921
2025-08-11 21:00:00+00:00,96.0,96.8279987772544
2025-08-11 22:00:00+00:00,93.0,91.1146114943238
2025-08-11 23:00:00+00:00,89.67,87.2511763623258
2025-08-12 00:00:00+00:00,85.41,89.45623172984051
2025-08-12 01:00:00+00:00,83.6,81.7236431171323
2025-08-12 02:00:00+00:00,83.78,80.39964646725927
2025-08-12 03:00:00+00:00,79.61,89.85930558823588
2025-08-12 04:00:00+00:00,80.0,92.96188637300605
2025-08-12 05:00:00+00:00,67.49,78.482829239194
2025-08-12 06:00:00+00:00,0.0,48.40722242930069
2025-08-12 07:00:00+00:00,0.0,-7.66153044050543
2025-08-12 08:00:00+00:00,-0.1,-7.629592858331733
2025-08-12 09:00:00+00:00,0.0,-4.651942935213896
2025-08-12 10:00:00+00:00,0.0,0.012084822528294126
2025-08-12 11:00:00+00:00,0.0,2.854266401487621
2025-08-12 12:00:00+00:00,0.0,6.4270030992418015
2025-08-12 13:00:00+00:00,0.01,17.442076894253816
2025-08-12 14:00:00+00:00,73.15,28.791434006156962
2025-08-12 15:00:00+00:00,109.06,100.84588991539314
2025-08-12 16:00:00+00:00,141.32,140.959517937077
2025-08-12 17:00:00+00:00,174.87,182.57316686300578
2025-08-12 18:00:00+00:00,187.78,183.354900256128
2025-08-12 19:00:00+00:00,137.78,157.3864623149446
2025-08-12 20:00:00+00:00,109.84,108.35225508215355
2025-08-12 21:00:00+00:00,98.17,96.9138149981467
2025-08-12 22:00:00+00:00,89.52,89.29224732149478
2025-08-12 23:00:00+00:00,90.0,88.01655715518086
2025-08-13 00:00:00+00:00,86.24,86.95009098278555
2025-08-13 01:00:00+00:00,84.32,80.48183720290237
2025-08-13 02:00:00+00:00,84.6,80.12190650732468
2025-08-13 03:00:00+00:00,86.87,87.09820799623321
2025-08-13 04:00:00+00:00,88.14,97.79116165722291
2025-08-13 05:00:00+00:00,79.6,87.29794125239647
2025-08-13 06:00:00+00:00,0.0,56.98251671072332
2025-08-13 07:00:00+00:00,-0.1,1.1447300227750645
2025-08-13 08:00:00+00:00,-1.58,-3.4730299921285166
2025-08-13 09:00:00+00:00,0.0,-3.624986773134026
2025-08-13 10:00:00+00:00,0.0,1.1219066388379701
2025-08-13 11:00:00+00:00,0.0,4.766482375438557
2025-08-13 12:00:00+00:00,0.0,9.092926042002048
2025-08-13 13:00:00+00:00,0.0,23.155271463206446
2025-08-13 14:00:00+00:00,72.95,37.242504805513875
2025-08-13 15:00:00+00:00,96.64,96.13020697925452
2025-08-13 16:00:00+00:00,138.47,130.8965868942351
2025-08-13 17:00:00+00:00,240.13,184.74527728192106
2025-08-13 18:00:00+00:00,200.0,213.02965772256215
2025-08-13 19:00:00+00:00,142.35,146.2598258888429
2025-08-13 20:00:00+00:00,120.43,111.34552549762249
2025-08-13 21:00:00+00:00,106.27,102.47698405971305
2025-08-13 22:00:00+00:00,96.2,95.01202655442523
2025-08-13 23:00:00+00:00,92.0,89.87428816761917
2025-08-14 00:00:00+00:00,88.45,91.5698770037258
2025-08-14 01:00:00+00:00,87.69,86.03807184424817
2025-08-14 02:00:00+00:00,88.05,87.21678175729218
2025-08-14 03:00:00+00:00,96.7,94.53883451566273
2025-08-14 04:00:00+00:00,101.16,109.79147799458589
2025-08-14 05:00:00+00:00,86.29,94.2393077217477
2025-08-14 06:00:00+00:00,69.8,65.46120820385836
2025-08-14 07:00:00+00:00,0.01,46.88041276039354
2025-08-14 08:00:00+00:00,0.0,-5.601986209181462
2025-08-14 09:00:00+00:00,5.0,-3.582982624462886
2025-08-14 10:00:00+00:00,5.0,5.854290551071017
2025-08-14 11:00:00+00:00,15.99,8.570226216321487
2025-08-14 12:00:00+00:00,54.9,25.382599013939952
2025-08-14 13:00:00+00:00,69.43,66.60395359036268
2025-08-14 14:00:00+00:00,78.99,86.498212222085
2025-08-14 15:00:00+00:00,101.71,100.34267176841816
2025-08-14 16:00:00+00:00,141.99,144.92277943219526
2025-08-14 17:00:00+00:00,250.0,216.47606383464313
2025-08-14 18:00:00+00:00,278.77,250.4900302033122
2025-08-14 19:00:00+00:00,157.46,181.42266995027612
2025-08-14 20:00:00+00:00,122.93,126.2066129642212
2025-08-14 21:00:00+00:00,105.95,109.98430105493435
2025-08-14 22:00:00+00:00,99.43,97.6421212607809
2025-08-14 23:00:00+00:00,98.35,94.8328860078428
2025-08-15 00:00:00+00:00,92.86,93.63963400788
2025-08-15 01:00:00+00:00,88.75,90.96373696937054
2025-08-15 02:00:00+00:00,90.78,90.12772781328394
2025-08-15 03:00:00+00:00,94.8,103.20552802940517
2025-08-15 04:00:00+00:00,83.49,110.05326760146164
2025-08-15 05:00:00+00:00,67.92,84.18773798022573
2025-08-15 06:00:00+00:00,0.0,52.656650067271784
2025-08-15 07:00:00+00:00,-0.1,-5.606758257226943
2025-08-15 08:00:00+00:00,-0.1,-6.1871568925701865
2025-08-15 09:00:00+00:00,0.0,-4.6564052079789064
2025-08-15 10:00:00+00:00,0.0,0.241420997015382
2025-08-15 11:00:00+00:00,0.0,1.846403217505923
2025-08-15 12:00:00+00:00,0.0,4.249051552608336
2025-08-15 13:00:00+00:00,0.0,27.147710279876122
2025-08-15 14:00:00+00:00,39.5,30.190406727483065
2025-08-15 15:00:00+00:00,84.59,74.77216524772425
2025-08-15 16:00:00+00:00,105.57,120.50571903532946
2025-08-15 17:00:00+00:00,96.06,164.58633803802735
2025-08-15 18:00:00+00:00,99.35,139.9558163403271
2025-08-15 19:00:00+00:00,96.62,107.50344075243947
2025-08-15 20:00:00+00:00,96.4,95.87867563378886
2025-08-15 21:00:00+00:00,95.79,91.26948848108923
2025-08-15 22:00:00+00:00,83.73,89.85343590213412
2025-08-15 23:00:00+00:00,83.4,76.63038205820564
2025-08-16 00:00:00+00:00,83.92,79.87733430236636
2025-08-16 01:00:00+00:00,77.04,79.7662301201457
2025-08-16 02:00:00+00:00,77.96,79.10104521560203
2025-08-16 03:00:00+00:00,74.47,80.07614786212253
2025-08-16 04:00:00+00:00,65.0,76.91499072713934
2025-08-16 05:00:00+00:00,0.0,62.3872809269653
2025-08-16 06:00:00+00:00,-0.39,9.285293170583387
2025-08-16 07:00:00+00:00,-5.0,3.8437589615996615
2025-08-16 08:00:00+00:00,-5.0,-2.3210358759762073
2025-08-16 09:00:00+00:00,-3.64,-1.5231258540588613
2025-08-16 10:00:00+00:00,-2.0,2.069033975584574
2025-08-16 11:00:00+00:00,-1.0,6.2554837993674255
2025-08-16 12:00:00+00:00,-0.1,10.056656436438502
2025-08-16 13:00:00+00:00,0.0,19.288693399887364
2025-08-16 14:00:00+00:00,0.01,23.405786573539345
2025-08-16 15:00:00+00:00,84.46,40.78222957377817
2025-08-16 16:00:00+00:00,77.12,103.49718405236536
2025-08-16 17:00:00+00:00,83.93,98.9035738957166
2025-08-16 18:00:00+00:00,91.28,92.82104696418497
2025-08-16 19:00:00+00:00,91.66,89.22384557547616
2025-08-16 20:00:00+00:00,104.07,89.6178462792716
2025-08-16 21:00:00+00:00,89.78,94.86028152866973
2025-08-16 22:00:00+00:00,90.08,86.82403419004731
2025-08-16 23:00:00+00:00,83.78,87.01093399176781
2025-08-17 00:00:00+00:00,84.31,77.74815970755203
2025-08-17 01:00:00+00:00,83.27,76.79984854935802
2025-08-17 02:00:00+00:00,83.76,77.87821367126926
2025-08-17 03:00:00+00:00,85.11,79.99633347786161
2025-08-17 04:00:00+00:00,85.08,82.04294602526559
2025-08-17 05:00:00+00:00,67.08,65.88045840437645
2025-08-17 06:00:00+00:00,0.0,53.373037245947614
2025-08-17 07:00:00+00:00,-1.0,-0.7758212500346815
2025-08-17 08:00:00+00:00,-0.7,-3.904326251547843
2025-08-17 09:00:00+00:00,-0.04,-3.4396853909196636
2025-08-17 10:00:00+00:00,0.0,1.4737628538815954
2025-08-17 11:00:00+00:00,0.0,3.340931655489044
2025-08-17 12:00:00+00:00,0.0,6.11050283266097
2025-08-17 13:00:00+00:00,0.65,18.802662040328457
2025-08-17 14:00:00+00:00,65.0,21.770018533219954
2025-08-17 15:00:00+00:00,99.32,76.73132773388767
2025-08-17 16:00:00+00:00,99.48,108.6531224527106
2025-08-17 17:00:00+00:00,111.8,121.757037800087
2025-08-17 18:00:00+00:00,128.66,124.81482670045247
2025-08-17 19:00:00+00:00,116.61,113.62877890791012
2025-08-17 20:00:00+00:00,119.67,104.6912345203567
2025-08-17 21:00:00+00:00,153.08,108.40991395318602
2025-08-17 22:00:00+00:00,90.58,120.0277846892624
2025-08-17 23:00:00+00:00,85.69,92.99953997382859
2025-08-18 00:00:00+00:00,83.21,81.63190261398361
2025-08-18 01:00:00+00:00,81.52,79.68979697064552
2025-08-18 02:00:00+00:00,86.61,84.33170392097219
2025-08-18 03:00:00+00:00,97.25,102.67431971080092
2025-08-18 04:00:00+00:00,114.7,119.41187578661251
2025-08-18 05:00:00+00:00,121.03,112.86888971823248
2025-08-18 06:00:00+00:00,84.62,105.63366191789093
2025-08-18 07:00:00+00:00,56.89,67.0723792566736
2025-08-18 08:00:00+00:00,44.87,49.94788797682841
2025-08-18 09:00:00+00:00,45.93,41.66965444120815
2025-08-18 10:00:00+00:00,20.04,44.21648702397488
2025-08-18 11:00:00+00:00,14.23,29.968889643688044
2025-08-18 12:00:00+00:00,18.34,32.15952472751198
2025-08-18 13:00:00+00:00,54.57,43.462949743825746
2025-08-18 14:00:00+00:00,74.54,70.66376417120969
2025-08-18 15:00:00+00:00,114.76,100.3155113918658
2025-08-18 16:00:00+00:00,113.88,144.35263526081198
2025-08-18 17:00:00+00:00,182.32,164.65168837707176
2025-08-18 18:00:00+00:00,212.78,201.33832802606764
2025-08-18 19:00:00+00:00,125.21,170.09269409587162
2025-08-18 20:00:00+00:00,106.81,115.08710423022866
2025-08-18 21:00:00+00:00,99.9,111.98463750573663
2025-08-18 22:00:00+00:00,100.5,99.04404305305042
2025-08-18 23:00:00+00:00,93.67,97.0868338465325
2025-08-19 00:00:00+00:00,87.14,91.41500285342795
2025-08-19 01:00:00+00:00,85.09,85.26231448523106
2025-08-19 02:00:00+00:00,88.51,85.32586578354514
2025-08-19 03:00:00+00:00,100.78,96.49186637541418
2025-08-19 04:00:00+00:00,109.42,119.12743478213832
2025-08-19 05:00:00+00:00,108.64,113.30534430476311
2025-08-19 06:00:00+00:00,91.16,95.33062430800771
2025-08-19 07:00:00+00:00,81.57,73.91430045499763
2025-08-19 08:00:00+00:00,67.09,59.01409063993073
2025-08-19 09:00:00+00:00,43.23,51.494862071225995
2025-08-19 10:00:00+00:00,28.71,40.029484293465174
2025-08-19 11:00:00+00:00,35.0,28.474246381919627
2025-08-19 12:00:00+00:00,41.28,40.23547490802106
2025-08-19 13:00:00+00:00,72.47,57.91777096066967
2025-08-19 14:00:00+00:00,92.09,86.06119629569604
2025-08-19 15:00:00+00:00,108.64,112.63832956357652
2025-08-19 16:00:00+00:00,128.03,136.524803660464
2025-08-19 17:00:00+00:00,177.48,177.92787651031807
2025-08-19 18:00:00+00:00,178.08,190.22984765033783
2025-08-19 19:00:00+00:00,117.16,146.58825568320637
2025-08-19 20:00:00+00:00,105.3,105.2245117928872
2025-08-19 21:00:00+00:00,98.41,102.82876157791648
2025-08-19 22:00:00+00:00,96.74,95.46385363544852
2025-08-19 23:00:00+00:00,91.94,94.01718322749133
2025-08-20 00:00:00+00:00,86.46,92.54502667747852
2025-08-20 01:00:00+00:00,84.5,84.32288444115774
2025-08-20 02:00:00+00:00,88.31,84.43356935095218
2025-08-20 03:00:00+00:00,97.23,98.79471400571799
2025-08-20 04:00:00+00:00,108.72,111.98838338505733
2025-08-20 05:00:00+00:00,107.85,111.29542941711314
2025-08-20 06:00:00+00:00,87.6,94.72395059790784
2025-08-20 07:00:00+00:00,35.35,71.32547398008694
2025-08-20 08:00:00+00:00,13.62,29.554271233297527
2025-08-20 09:00:00+00:00,35.0,14.155177384239892
2025-08-20 10:00:00+00:00,15.37,31.203075660273228
2025-08-20 11:00:00+00:00,15.99,23.13107094244613
2025-08-20 12:00:00+00:00,40.0,27.133214229586784
2025-08-20 13:00:00+00:00,59.45,58.03957409020735
2025-08-20 14:00:00+00:00,77.78,77.1877875848318
2025-08-20 15:00:00+00:00,103.15,94.91403414616863
2025-08-20 16:00:00+00:00,116.18,129.75510028004916
2025-08-20 17:00:00+00:00,133.17,166.59609699039356
2025-08-20 18:00:00+00:00,135.79,157.2268998728703
2025-08-20 19:00:00+00:00,117.1,122.80925414539655
2025-08-20 20:00:00+00:00,108.72,106.65200624822586
2025-08-20 21:00:00+00:00,100.68,101.48284951475287
2025-08-20 22:00:00+00:00,95.38,95.17315159501256
2025-08-20 23:00:00+00:00,85.0,91.58496193356044
2025-08-21 00:00:00+00:00,83.94,80.65229032116622
2025-08-21 01:00:00+00:00,86.46,80.16861623509135
2025-08-21 02:00:00+00:00,87.34,84.42842718492341
2025-08-21 03:00:00+00:00,102.39,95.73178446715913
2025-08-21 04:00:00+00:00,110.04,114.95101937571647
2025-08-21 05:00:00+00:00,111.07,109.09696956450826
2025-08-21 06:00:00+00:00,84.43,94.79453297339768
2025-08-21 07:00:00+00:00,54.12,60.62420893931842
2025-08-21 08:00:00+00:00,20.0,40.929613823312835
2025-08-21 09:00:00+00:00,25.99,16.195598726491966
2025-08-21 10:00:00+00:00,16.0,23.24967980103922
2025-08-21 11:00:00+00:00,31.0,20.377049051764175
2025-08-21 12:00:00+00:00,57.69,38.044930584480625
2025-08-21 13:00:00+00:00,80.0,67.86481756099604
2025-08-21 14:00:00+00:00,94.18,87.77821044331611
2025-08-21 15:00:00+00:00,108.75,104.74187735060323
2025-08-21 16:00:00+00:00,125.65,127.13236033864374
2025-08-21 17:00:00+00:00,138.58,160.18976935015402
2025-08-21 18:00:00+00:00,142.9,154.49242081917734
2025-08-21 19:00:00+00:00,115.74,126.44107831785391
2025-08-21 20:00:00+00:00,102.03,107.23525629471587
2025-08-21 21:00:00+00:00,97.21,96.67956261147046
2025-08-21 22:00:00+00:00,87.16,89.85727652153832
2025-08-21 23:00:00+00:00,79.21,81.94760390610408
2025-08-22 00:00:00+00:00,75.65,77.92316542131414
2025-08-22 01:00:00+00:00,74.01,76.23597498013356
2025-08-22 02:00:00+00:00,73.11,76.98951302382335
2025-08-22 03:00:00+00:00,83.62,84.83197260167202
2025-08-22 04:00:00+00:00,102.93,92.82433569787462
2025-08-22 05:00:00+00:00,104.36,101.02096437127543
2025-08-22 06:00:00+00:00,60.95,86.14041806480466
2025-08-22 07:00:00+00:00,20.0,46.798720718026175
2025-08-22 08:00:00+00:00,11.95,19.047206337041672
2025-08-22 09:00:00+00:00,41.3,12.131958239353338
2025-08-22 10:00:00+00:00,15.95,34.904991891773264
2025-08-22 11:00:00+00:00,5.25,18.77512250487443
2025-08-22 12:00:00+00:00,1.52,12.479688392135003
2025-08-22 13:00:00+00:00,5.92,33.19736612260593
2025-08-22 14:00:00+00:00,47.39,43.11553921092643
2025-08-22 15:00:00+00:00,71.65,76.18831358801253
2025-08-22 16:00:00+00:00,92.91,103.39027489721009
2025-08-22 17:00:00+00:00,103.82,120.25792410614368
2025-08-22 18:00:00+00:00,112.74,115.01388779113185
2025-08-22 19:00:00+00:00,107.33,103.23822691052808
2025-08-22 20:00:00+00:00,102.93,96.0714537842904
2025-08-22 21:00:00+00:00,94.37,93.04722100568671
2025-08-22 22:00:00+00:00,95.33,88.5348076067539
2025-08-22 23:00:00+00:00,89.32,86.62233074942704
2025-08-23 00:00:00+00:00,87.14,85.53829784790058
2025-08-23 01:00:00+00:00,84.57,79.99320918781078
2025-08-23 02:00:00+00:00,84.7,76.88963663502398
2025-08-23 03:00:00+00:00,85.01,79.38015644134884
2025-08-23 04:00:00+00:00,86.43,83.7552234305603
2025-08-23 05:00:00+00:00,86.74,75.72036883308391
2025-08-23 06:00:00+00:00,70.6,65.6059788007524
2025-08-23 07:00:00+00:00,0.02,51.51180780050056
2025-08-23 08:00:00+00:00,0.01,-4.273917838490689
2025-08-23 09:00:00+00:00,3.34,-2.455206355687153
2025-08-23 10:00:00+00:00,1.35,5.6636152169738665
2025-08-23 11:00:00+00:00,0.07,8.298504594652172
2025-08-23 12:00:00+00:00,0.41,7.983047338621617
2025-08-23 13:00:00+00:00,3.52,20.476814865536042
2025-08-23 14:00:00+00:00,16.34,29.45051764533008
2025-08-23 15:00:00+00:00,94.18,51.37834196498052
2025-08-23 16:00:00+00:00,124.66,101.6945409790359
2025-08-23 17:00:00+00:00,134.8,132.3324329055656
2025-08-23 18:00:00+00:00,147.95,128.98046101705333
2025-08-23 19:00:00+00:00,120.16,122.00493999046533
2025-08-23 20:00:00+00:00,111.16,108.85608747280573
2025-08-23 21:00:00+00:00,105.85,103.19617343456224
2025-08-23 22:00:00+00:00,100.5,99.32227334700266
2025-08-23 23:00:00+00:00,95.11,94.02789835904437
2025-08-24 00:00:00+00:00,93.84,89.6030019608231
2025-08-24 01:00:00+00:00,91.44,87.86166510267248
2025-08-24 02:00:00+00:00,90.4,89.07472122087549
2025-08-24 03:00:00+00:00,90.5,92.07883636156009
2025-08-24 04:00:00+00:00,90.0,94.48082196530791
2025-08-24 05:00:00+00:00,84.73,78.18041350108027
2025-08-24 06:00:00+00:00,20.99,54.513006782131015
2025-08-24 07:00:00+00:00,1.52,8.034366611825817
2025-08-24 08:00:00+00:00,-0.01,-0.5372553587145319
2025-08-24 09:00:00+00:00,-0.07,-0.9173178525099672
2025-08-24 10:00:00+00:00,-1.0,3.5148691173018562
2025-08-24 11:00:00+00:00,-1.0,4.092099887782325
2025-08-24 12:00:00+00:00,-0.79,8.360410342371708
2025-08-24 13:00:00+00:00,-0.1,20.624068519202666
2025-08-24 14:00:00+00:00,0.0,25.98613097851377
2025-08-24 15:00:00+00:00,70.35,43.19645836989025
2025-08-24 16:00:00+00:00,102.1,100.50599047005808
2025-08-24 17:00:00+00:00,110.34,127.29459520157575
2025-08-24 18:00:00+00:00,117.2,131.02831870750242
2025-08-24 19:00:00+00:00,114.32,111.43114143110395
2025-08-24 20:00:00+00:00,107.5,108.50864832230323
2025-08-24 21:00:00+00:00,100.52,111.40328301270408
2025-08-24 22:00:00+00:00,95.28,96.88035466762166
2025-08-24 23:00:00+00:00,87.03,90.35334783151802
2025-08-25 00:00:00+00:00,82.86,83.05036469824311
2025-08-25 01:00:00+00:00,80.34,78.76052539003457
2025-08-25 02:00:00+00:00,81.22,80.35133093234231
2025-08-25 03:00:00+00:00,100.31,93.67317399859144
2025-08-25 04:00:00+00:00,112.77,121.3163327654231
2025-08-25 05:00:00+00:00,121.75,117.20471321548459
2025-08-25 06:00:00+00:00,98.51,103.60020149280894
2025-08-25 07:00:00+00:00,81.35,76.59858387032637
2025-08-25 08:00:00+00:00,45.46,61.69696859768098
2025-08-25 09:00:00+00:00,35.02,38.535713795454654
2025-08-25 10:00:00+00:00,10.0,36.27126333376549
2025-08-25 11:00:00+00:00,5.93,24.976390250829738
2025-08-25 12:00:00+00:00,8.43,24.39947772401983
2025-08-25 13:00:00+00:00,25.2,39.356523201192175
2025-08-25 14:00:00+00:00,67.62,48.06924751471877
2025-08-25 15:00:00+00:00,89.74,88.0229762953024
2025-08-25 16:00:00+00:00,111.97,116.61471489528489
2025-08-25 17:00:00+00:00,154.17,152.83316295904132
2025-08-25 18:00:00+00:00,190.55,175.3135619602281
2025-08-25 19:00:00+00:00,136.69,145.99179748307898
2025-08-25 20:00:00+00:00,115.04,115.01780005687529
2025-08-25 21:00:00+00:00,105.15,106.0673690281565
2025-08-25 22:00:00+00:00,104.79,100.60406891288142
2025-08-25 23:00:00+00:00,101.58,97.88500048654956
2025-08-26 00:00:00+00:00,98.86,97.45495347256369
2025-08-26 01:00:00+00:00,97.48,93.78091848504488
2025-08-26 02:00:00+00:00,99.62,95.12673541775028
2025-08-26 03:00:00+00:00,102.71,111.45841251653117
2025-08-26 04:00:00+00:00,120.36,121.4885328202086
2025-08-26 05:00:00+00:00,109.61,119.3714735549532
2025-08-26 06:00:00+00:00,57.91,95.21356857316297
2025-08-26 07:00:00+00:00,46.6,50.426788760015185
2025-08-26 08:00:00+00:00,15.99,35.50654257017034
2025-08-26 09:00:00+00:00,26.65,11.747913464144744
2025-08-26 10:00:00+00:00,16.0,21.335816725287444
2025-08-26 11:00:00+00:00,26.28,20.662366428903525
2025-08-26 12:00:00+00:00,38.05,29.712253290612352
2025-08-26 13:00:00+00:00,73.77,55.81110482493946
2025-08-26 14:00:00+00:00,90.52,92.5307683994697
2025-08-26 15:00:00+00:00,109.87,109.28663420698484
2025-08-26 16:00:00+00:00,130.09,133.55023989519927
2025-08-26 17:00:00+00:00,186.99,185.6260103508068
2025-08-26 18:00:00+00:00,184.04,203.6163413363515
2025-08-26 19:00:00+00:00,125.61,146.54274410174534
2025-08-26 20:00:00+00:00,109.78,113.07883327860057
2025-08-26 21:00:00+00:00,100.02,105.59059026766708
2025-08-26 22:00:00+00:00,99.75,98.1132722584461
2025-08-26 23:00:00+00:00,90.32,98.218712696541
2025-08-27 00:00:00+00:00,86.85,90.97381390803096
2025-08-27 01:00:00+00:00,88.34,85.29672614793486
2025-08-27 02:00:00+00:00,91.55,92.99478800864797
2025-08-27 03:00:00+00:00,99.42,103.6710846025279
2025-08-27 04:00:00+00:00,109.92,120.48429268611613
2025-08-27 05:00:00+00:00,89.55,108.53139873028792
2025-08-27 06:00:00+00:00,46.02,76.50155547075214
2025-08-27 07:00:00+00:00,8.44,26.241525363077514
2025-08-27 08:00:00+00:00,0.0,-3.3166163583824755
2025-08-27 09:00:00+00:00,0.01,-7.066454175777409
2025-08-27 10:00:00+00:00,0.01,-2.6498043387168764
2025-08-27 11:00:00+00:00,0.01,2.6603186518973416
2025-08-27 12:00:00+00:00,3.43,7.809563987576723
2025-08-27 13:00:00+00:00,25.99,35.36932301648875
2025-08-27 14:00:00+00:00,81.8,56.44458100686265
2025-08-27 15:00:00+00:00,107.04,100.78796445813865
2025-08-27 16:00:00+00:00,131.08,135.17509748754532
2025-08-27 17:00:00+00:00,209.97,179.37935459365426
2025-08-27 18:00:00+00:00,186.51,196.72750490975244
2025-08-27 19:00:00+00:00,126.85,146.44122923378998
2025-08-27 20:00:00+00:00,113.63,109.52598491647986
2025-08-27 21:00:00+00:00,103.57,102.67662296613224
2025-08-27 22:00:00+00:00,97.15,97.22164001850288
2025-08-27 23:00:00+00:00,92.08,90.14056504675048
2025-08-28 00:00:00+00:00,88.06,92.82037359481683
2025-08-28 01:00:00+00:00,88.3,87.34384100660284
2025-08-28 02:00:00+00:00,87.67,85.99825257132103
2025-08-28 03:00:00+00:00,90.0,96.55804134591749
2025-08-28 04:00:00+00:00,104.69,110.0969952347854
2025-08-28 05:00:00+00:00,86.14,98.00072041317225
2025-08-28 06:00:00+00:00,15.0,57.3806245313813
2025-08-28 07:00:00+00:00,0.0,4.8707653064356435
2025-08-28 08:00:00+00:00,0.0,-8.893076314635834
2025-08-28 09:00:00+00:00,0.0,-6.538499398371869
2025-08-28 10:00:00+00:00,0.0,-2.0279570230106856
2025-08-28 11:00:00+00:00,0.0,0.9193069567943724
2025-08-28 12:00:00+00:00,0.0,7.610204988885926
2025-08-28 13:00:00+00:00,0.01,24.245163885292172
2025-08-28 14:00:00+00:00,61.59,42.298055480197235
2025-08-28 15:00:00+00:00,118.73,92.5279240515931
2025-08-28 16:00:00+00:00,147.91,146.70153493575881
2025-08-28 17:00:00+00:00,173.04,186.23044602032286
2025-08-28 18:00:00+00:00,146.29,170.03805743996344
2025-08-28 19:00:00+00:00,121.05,121.22705952896862
2025-08-28 20:00:00+00:00,106.03,107.75334455579525
2025-08-28 21:00:00+00:00,91.22,99.26618129049619
2025-08-28 22:00:00+00:00,85.27,89.24024837433814
2025-08-28 23:00:00+00:00,86.39,78.86328283751062
2025-08-29 00:00:00+00:00,86.14,79.34820777421555
2025-08-29 01:00:00+00:00,86.77,80.03083328889994
2025-08-29 02:00:00+00:00,88.52,84.00342156683719
2025-08-29 03:00:00+00:00,97.51,95.19448042571034
2025-08-29 04:00:00+00:00,109.35,112.97199793498923
2025-08-29 05:00:00+00:00,91.38,105.37306587067022
2025-08-29 06:00:00+00:00,71.4,73.16681847101489
2025-08-29 07:00:00+00:00,0.01,43.96688182961255
2025-08-29 08:00:00+00:00,0.0,-6.549197227396206
2025-08-29 09:00:00+00:00,0.0,-4.51414106868603
2025-08-29 10:00:00+00:00,0.0,-1.0421884056957822
2025-08-29 11:00:00+00:00,0.0,2.6794980644205566
2025-08-29 12:00:00+00:00,0.01,7.9735800833397406
2025-08-29 13:00:00+00:00,40.0,25.40497010956598
2025-08-29 14:00:00+00:00,91.72,61.74247507073207
2025-08-29 15:00:00+00:00,113.53,108.95219575353715
2025-08-29 16:00:00+00:00,130.53,145.78365863473564
2025-08-29 17:00:00+00:00,153.6,162.48671228405743
2025-08-29 18:00:00+00:00,149.83,154.9230857027101
2025-08-29 19:00:00+00:00,121.27,127.3707378202139
2025-08-29 20:00:00+00:00,101.98,111.00368308483311
2025-08-29 21:00:00+00:00,98.81,97.63008981609724
2025-08-29 22:00:00+00:00,94.21,94.06936567732762
2025-08-29 23:00:00+00:00,88.75,89.92812534073595
2025-08-30 00:00:00+00:00,86.19,85.29355814062103
2025-08-30 01:00:00+00:00,85.46,81.21764605863328
2025-08-30 02:00:00+00:00,86.37,81.49792617598565
2025-08-30 03:00:00+00:00,91.79,83.70687941198298
2025-08-30 04:00:00+00:00,92.44,97.32284872005458
2025-08-30 05:00:00+00:00,94.47,87.65564162407813
2025-08-30 06:00:00+00:00,88.36,77.23990156964415
2025-08-30 07:00:00+00:00,26.0,64.24154495066274
2025-08-30 08:00:00+00:00,0.0,12.901972973732157
2025-08-30 09:00:00+00:00,5.23,-3.794516178356133
2025-08-30 10:00:00+00:00,0.0,3.3769654124670296
2025-08-30 11:00:00+00:00,0.0,2.7761726366300365
2025-08-30 12:00:00+00:00,0.0,5.972719978164292
2025-08-30 13:00:00+00:00,9.38,21.897068696983553
2025-08-30 14:00:00+00:00,56.63,47.785680459709255
2025-08-30 15:00:00+00:00,100.89,86.37271424571233
2025-08-30 16:00:00+00:00,121.03,126.36605954577084
2025-08-30 17:00:00+00:00,127.24,149.3269385477711
2025-08-30 18:00:00+00:00,128.58,146.15506642891353
2025-08-30 19:00:00+00:00,114.96,119.26503707787712
2025-08-30 20:00:00+00:00,101.05,106.19563168730355
2025-08-30 21:00:00+00:00,86.3,98.00192229648707
2025-08-30 22:00:00+00:00,83.17,82.1335717351901
2025-08-30 23:00:00+00:00,79.01,79.85766396896247
2025-08-31 00:00:00+00:00,81.3,79.84966113714111
2025-08-31 01:00:00+00:00,78.31,80.37657910957071
2025-08-31 02:00:00+00:00,75.04,80.1892771887789
2025-08-31 03:00:00+00:00,68.99,79.82327030662685
2025-08-31 04:00:00+00:00,69.54,77.70977722044358
2025-08-31 05:00:00+00:00,65.91,65.859034271174
2025-08-31 06:00:00+00:00,22.31,54.43387273941218
2025-08-31 07:00:00+00:00,0.0,10.820530353812828
2025-08-31 08:00:00+00:00,-1.0,-3.2224298207033257
2025-08-31 09:00:00+00:00,-0.01,-2.4124227301155656
2025-08-31 10:00:00+00:00,-0.1,2.4789156440078557
2025-08-31 11:00:00+00:00,-0.98,3.4213548724344776
2025-08-31 12:00:00+00:00,-0.6,6.8715947757172415
2025-08-31 13:00:00+00:00,0.0,19.406593912114218
2025-08-31 14:00:00+00:00,27.24,25.3506850690449
2025-08-31 15:00:00+00:00,85.69,54.444976748646454
2025-08-31 16:00:00+00:00,115.64,103.5656128289929
2025-08-31 17:00:00+00:00,133.25,130.664074130437
2025-08-31 18:00:00+00:00,130.57,132.31204105302228
2025-08-31 19:00:00+00:00,113.31,114.16184090575719
2025-08-31 20:00:00+00:00,101.77,103.54774173189236
2025-08-31 21:00:00+00:00,94.93,96.28231024777917
2025-08-31 22:00:00+00:00,88.39,89.72399962214423
2025-08-31 23:00:00+00:00,87.67,84.19793652545087
2025-09-01 00:00:00+00:00,86.63,83.02843382216953
2025-09-01 01:00:00+00:00,85.65,82.10829499839456
2025-09-01 02:00:00+00:00,87.37,81.15000522266692
2025-09-01 03:00:00+00:00,97.67,94.44975914443523
2025-09-01 04:00:00+00:00,116.93,120.9388899543449
2025-09-01 05:00:00+00:00,122.24,122.27415616482617
2025-09-01 06:00:00+00:00,108.43,110.69698756530084
2025-09-01 07:00:00+00:00,81.51,87.6841823036959
2025-09-01 08:00:00+00:00,13.8,57.535617163722264
2025-09-01 09:00:00+00:00,40.0,14.845476435234104
2025-09-01 10:00:00+00:00,40.0,36.523537911464345
2025-09-01 11:00:00+00:00,23.36,39.5858472782638
2025-09-01 12:00:00+00:00,39.69,31.959203284470306
2025-09-01 13:00:00+00:00,70.84,52.699065329795175
2025-09-01 14:00:00+00:00,83.47,81.57764856169887
2025-09-01 15:00:00+00:00,110.84,98.73236611516262
2025-09-01 16:00:00+00:00,165.6,145.3818730325472
2025-09-01 17:00:00+00:00,225.31,197.5626117481376
2025-09-01 18:00:00+00:00,204.66,213.954336087529
2025-09-01 19:00:00+00:00,138.01,153.72705728251464
2025-09-01 20:00:00+00:00,108.99,117.0465961391976
2025-09-01 21:00:00+00:00,99.49,104.1444480667763
2025-09-01 22:00:00+00:00,89.92,97.15552449275248
2025-09-01 23:00:00+00:00,85.27,91.95048181709316
2025-09-02 00:00:00+00:00,87.59,86.59802068910733
2025-09-02 01:00:00+00:00,88.12,87.61494124676952
2025-09-02 02:00:00+00:00,90.46,91.53733050801752
2025-09-02 03:00:00+00:00,99.6,100.32117053580127
2025-09-02 04:00:00+00:00,121.85,123.6563370172327
2025-09-02 05:00:00+00:00,139.21,125.19427028723484
2025-09-02 06:00:00+00:00,65.06,108.56084525238411
2025-09-02 07:00:00+00:00,26.0,58.42366386661182
2025-09-02 08:00:00+00:00,12.78,16.420621690486513
2025-09-02 09:00:00+00:00,15.33,11.668658331948933
2025-09-02 10:00:00+00:00,22.09,19.05771095906006
2025-09-02 11:00:00+00:00,44.89,27.101677157301054
2025-09-02 12:00:00+00:00,71.59,49.79900267650851
2025-09-02 13:00:00+00:00,77.11,87.37895722297792
2025-09-02 14:00:00+00:00,96.36,94.59569230632269
2025-09-02 15:00:00+00:00,115.89,118.03255166112714
2025-09-02 16:00:00+00:00,166.95,159.0105220640912
2025-09-02 17:00:00+00:00,286.05,235.97371189385154
2025-09-02 18:00:00+00:00,242.78,254.57809299848472
2025-09-02 19:00:00+00:00,130.38,160.78146448137687
2025-09-02 20:00:00+00:00,110.89,108.86897567289066
2025-09-02 21:00:00+00:00,108.08,105.11288128000197
2025-09-02 22:00:00+00:00,102.94,100.26276089737817
2025-09-02 23:00:00+00:00,84.06,95.91969506439341
2025-09-03 00:00:00+00:00,80.84,84.14533416240133
2025-09-03 01:00:00+00:00,75.39,84.73837449001022
2025-09-03 02:00:00+00:00,79.33,85.92168870388781
2025-09-03 03:00:00+00:00,95.98,95.5696349597857
2025-09-03 04:00:00+00:00,117.01,124.07162344121465
2025-09-03 05:00:00+00:00,117.8,117.78656086116773
2025-09-03 06:00:00+00:00,88.09,95.00259471242845
2025-09-03 07:00:00+00:00,77.41,63.23802701692077
2025-09-03 08:00:00+00:00,16.0,49.54848362948536
2025-09-03 09:00:00+00:00,8.23,14.751580272342636
2025-09-03 10:00:00+00:00,6.2,12.643121935192596
2025-09-03 11:00:00+00:00,6.12,16.871824933904207
2025-09-03 12:00:00+00:00,10.05,23.770817660190772
2025-09-03 13:00:00+00:00,53.89,45.16557347471036
2025-09-03 14:00:00+00:00,91.62,83.57773382558238
2025-09-03 15:00:00+00:00,144.95,126.48956328826354
2025-09-03 16:00:00+00:00,172.76,187.6888620357946
2025-09-03 17:00:00+00:00,198.5,225.73108486496469
2025-09-03 18:00:00+00:00,171.04,210.95914485969723
2025-09-03 19:00:00+00:00,149.98,135.99258934652545
2025-09-03 20:00:00+00:00,129.0,119.10024903847099
2025-09-03 21:00:00+00:00,108.43,113.41402176759073
2025-09-03 22:00:00+00:00,101.38,102.81535820734763
2025-09-03 23:00:00+00:00,97.29,97.05681679080875
2025-09-04 00:00:00+00:00,88.2,91.6849830539656
2025-09-04 01:00:00+00:00,83.79,85.29281944739239
2025-09-04 02:00:00+00:00,79.97,81.53034130857785
2025-09-04 03:00:00+00:00,97.67,91.94913683763686
2025-09-04 04:00:00+00:00,119.17,117.6049071094891
2025-09-04 05:00:00+00:00,120.65,115.55404333566709
2025-09-04 06:00:00+00:00,78.36,99.45247682097136
2025-09-04 07:00:00+00:00,71.09,57.568772196612485
2025-09-04 08:00:00+00:00,39.5,45.71641341735527
2025-09-04 09:00:00+00:00,5.79,21.78696654212672
2025-09-04 10:00:00+00:00,3.2,10.17453717653791
2025-09-04 11:00:00+00:00,3.22,9.316595421522393
2025-09-04 12:00:00+00:00,32.1,12.90249017083029
2025-09-04 13:00:00+00:00,65.18,52.95692367507591
2025-09-04 14:00:00+00:00,94.15,89.28577464343564
2025-09-04 15:00:00+00:00,126.54,123.0642042475645
2025-09-04 16:00:00+00:00,178.63,164.57054525099937
2025-09-04 17:00:00+00:00,292.09,218.02141184903866
2025-09-04 18:00:00+00:00,241.63,234.434106887964
2025-09-04 19:00:00+00:00,132.69,159.01562977607475
2025-09-04 20:00:00+00:00,118.36,115.50086986873649
2025-09-04 21:00:00+00:00,107.87,104.36749811623665
2025-09-04 22:00:00+00:00,98.23,98.61859829516982
2025-09-04 23:00:00+00:00,85.91,89.075241418198
2025-09-05 00:00:00+00:00,83.29,83.21502859560633
2025-09-05 01:00:00+00:00,82.38,81.32299863047464
2025-09-05 02:00:00+00:00,82.4,82.67530853216729
2025-09-05 03:00:00+00:00,94.54,92.48174135523317
2025-09-05 04:00:00+00:00,115.23,117.76786628481523
2025-09-05 05:00:00+00:00,128.27,110.79097705221528
2025-09-05 06:00:00+00:00,78.0,102.37615401477403
2025-09-05 07:00:00+00:00,0.0,55.43163877100042
2025-09-05 08:00:00+00:00,0.0,-3.1634007887895734
2025-09-05 09:00:00+00:00,0.0,-3.0948996269297027
2025-09-05 10:00:00+00:00,0.0,4.285899403132333
2025-09-05 11:00:00+00:00,0.0,5.683403920684086
2025-09-05 12:00:00+00:00,0.01,8.220749686347645
2025-09-05 13:00:00+00:00,72.66,27.167370708492157
2025-09-05 14:00:00+00:00,96.76,94.80301586295403
2025-09-05 15:00:00+00:00,129.17,122.3221582072251
2025-09-05 16:00:00+00:00,167.37,174.61376419720727
2025-09-05 17:00:00+00:00,192.79,192.92940418114
2025-09-05 18:00:00+00:00,166.17,191.51899179137973
2025-09-05 19:00:00+00:00,139.98,135.35095597030744
2025-09-05 20:00:00+00:00,146.01,116.56978654368949
2025-09-05 21:00:00+00:00,111.7,120.74333869954125
2025-09-05 22:00:00+00:00,102.67,103.23172279003714
2025-09-05 23:00:00+00:00,102.96,96.66265117559708
2025-09-06 00:00:00+00:00,102.81,98.13379239341882
2025-09-06 01:00:00+00:00,102.1,96.259971606608
2025-09-06 02:00:00+00:00,101.2,97.94014466704945
2025-09-06 03:00:00+00:00,102.03,102.21851234669718
2025-09-06 04:00:00+00:00,96.25,111.59317746633637
2025-09-06 05:00:00+00:00,91.71,98.11797650853295
2025-09-06 06:00:00+00:00,77.4,76.97512436490072
2025-09-06 07:00:00+00:00,0.0,50.315652201430254
2025-09-06 08:00:00+00:00,0.0,-10.281883712260054
2025-09-06 09:00:00+00:00,0.0,-8.594060336366113
2025-09-06 10:00:00+00:00,-0.02,-2.4403933252177694
2025-09-06 11:00:00+00:00,-0.86,-0.024689596249203305
2025-09-06 12:00:00+00:00,-0.99,3.6271047138033055
2025-09-06 13:00:00+00:00,-0.01,23.278612899080414
2025-09-06 14:00:00+00:00,46.01,35.12998617032413
2025-09-06 15:00:00+00:00,119.96,90.9006781348248
2025-09-06 16:00:00+00:00,178.64,157.2870085666121
2025-09-06 17:00:00+00:00,190.01,195.95597119213707
2025-09-06 18:00:00+00:00,177.21,185.2880085098297
2025-09-06 19:00:00+00:00,178.89,146.32913977851499
2025-09-06 20:00:00+00:00,150.0,139.99716952368703
2025-09-06 21:00:00+00:00,93.07,122.08257094980402
2025-09-06 22:00:00+00:00,86.01,91.80423301472027
2025-09-06 23:00:00+00:00,78.93,85.24525011371341
2025-09-07 00:00:00+00:00,75.0,84.01948576146926
2025-09-07 01:00:00+00:00,77.44,81.1554674634453
2025-09-07 02:00:00+00:00,76.98,82.17102467732553
2025-09-07 03:00:00+00:00,76.77,82.4659745627338
2025-09-07 04:00:00+00:00,75.38,83.16188807572455
2025-09-07 05:00:00+00:00,51.8,72.58496813191068
2025-09-07 06:00:00+00:00,0.0,38.6629626062693
2025-09-07 07:00:00+00:00,-0.1,-8.294110415461233
2025-09-07 08:00:00+00:00,-4.0,-7.977055060270459
2025-09-07 09:00:00+00:00,-5.0,-8.068863394255118
2025-09-07 10:00:00+00:00,-5.0,-2.2312736337838714
2025-09-07 11:00:00+00:00,-5.0,-0.9519032870188084
2025-09-07 12:00:00+00:00,-5.0,2.2099613913478606
2025-09-07 13:00:00+00:00,-3.0,14.917117976342666
2025-09-07 14:00:00+00:00,0.01,26.148969865536642
2025-09-07 15:00:00+00:00,95.4,58.140196704681415
2025-09-07 16:00:00+00:00,111.22,141.25212922557384
2025-09-07 17:00:00+00:00,147.08,147.02284582973854
2025-09-07 18:00:00+00:00,143.15,155.1725359681296
2025-09-07 19:00:00+00:00,131.65,130.1749272852981
2025-09-07 20:00:00+00:00,115.72,122.24565123801786
2025-09-07 21:00:00+00:00,95.58,105.03792998157046
2025-09-07 22:00:00+00:00,87.38,91.50395007877886
2025-09-07 23:00:00+00:00,87.5,83.89844515138779
2025-09-08 00:00:00+00:00,86.84,83.97006497672147
2025-09-08 01:00:00+00:00,86.97,83.22491478068504
2025-09-08 02:00:00+00:00,88.54,84.992268015847
2025-09-08 03:00:00+00:00,100.45,96.47283814008973
2025-09-08 04:00:00+00:00,128.69,126.31119111926941
2025-09-08 05:00:00+00:00,146.09,130.63761245247574
2025-09-08 06:00:00+00:00,61.93,116.9583582105858
2025-09-08 07:00:00+00:00,12.77,43.25756661209125
2025-09-08 08:00:00+00:00,11.91,5.670277701991708
2025-09-08 09:00:00+00:00,13.62,7.596921776958212
2025-09-08 10:00:00+00:00,15.08,16.4781296592587
2025-09-08 11:00:00+00:00,40.0,22.846180233227344
2025-09-08 12:00:00+00:00,55.0,45.7610216744434
2025-09-08 13:00:00+00:00,81.38,73.74509196059904
2025-09-08 14:00:00+00:00,103.2,93.84931088170939
2025-09-08 15:00:00+00:00,136.03,121.76080683307202
2025-09-08 16:00:00+00:00,220.44,173.02283001974163
2025-09-08 17:00:00+00:00,367.9,268.9325461646798
2025-09-08 18:00:00+00:00,311.98,291.3729878135706
2025-09-08 19:00:00+00:00,148.52,176.54514123338208
2025-09-08 20:00:00+00:00,150.89,120.05539476733604
2025-09-08 21:00:00+00:00,136.13,120.60445438094641
2025-09-08 22:00:00+00:00,108.3,114.46058903577206
2025-09-08 23:00:00+00:00,104.39,102.12948301376855
2025-09-09 00:00:00+00:00,103.18,103.30191404873918
2025-09-09 01:00:00+00:00,102.54,103.25243616169615
2025-09-09 02:00:00+00:00,102.5,106.01541799404521
2025-09-09 03:00:00+00:00,110.44,115.89741486238732
2025-09-09 04:00:00+00:00,182.87,145.15749620123447
2025-09-09 05:00:00+00:00,216.17,177.99726957846448
2025-09-09 06:00:00+00:00,88.23,153.21827057656307
2025-09-09 07:00:00+00:00,58.73,66.99664390246107
2025-09-09 08:00:00+00:00,20.02,39.1801101533963
2025-09-09 09:00:00+00:00,13.63,11.474167126022593
2025-09-09 10:00:00+00:00,12.78,14.010743880566068
2025-09-09 11:00:00+00:00,16.0,15.634985066478478
2025-09-09 12:00:00+00:00,55.0,30.716565968034573
2025-09-09 13:00:00+00:00,78.83,80.27907120420879
2025-09-09 14:00:00+00:00,108.3,100.95894231547577
2025-09-09 15:00:00+00:00,153.3,137.38729344059823
2025-09-09 16:00:00+00:00,243.63,222.68889622819364
2025-09-09 17:00:00+00:00,392.05,352.5265504403883
2025-09-09 18:00:00+00:00,241.83,341.14092314712525
2025-09-09 19:00:00+00:00,151.0,164.6904628824767
2025-09-09 20:00:00+00:00,137.83,125.72764147806681
2025-09-09 21:00:00+00:00,129.25,121.07078419292503
2025-09-09 22:00:00+00:00,100.11,115.32424030957381
2025-09-09 23:00:00+00:00,96.14,97.60677543029873
2025-09-10 00:00:00+00:00,94.18,96.1302257925941
2025-09-10 01:00:00+00:00,94.55,95.96248128897632
2025-09-10 02:00:00+00:00,93.78,96.80866391884632
2025-09-10 03:00:00+00:00,102.19,107.55963501502168
2025-09-10 04:00:00+00:00,130.4,141.31635807227258
2025-09-10 05:00:00+00:00,210.33,147.25325550046304
2025-09-10 06:00:00+00:00,100.95,149.53659915183232
2025-09-10 07:00:00+00:00,57.01,80.49676693627127
2025-09-10 08:00:00+00:00,67.0,41.10039951727748
2025-09-10 09:00:00+00:00,41.0,49.62000452849652
2025-09-10 10:00:00+00:00,51.69,34.29068005564338
2025-09-10 11:00:00+00:00,56.42,47.5165282030965
2025-09-10 12:00:00+00:00,56.68,59.034021155198644
2025-09-10 13:00:00+00:00,93.77,77.47883971831251
2025-09-10 14:00:00+00:00,115.27,116.82860664215686
2025-09-10 15:00:00+00:00,145.01,149.77205933953363
2025-09-10 16:00:00+00:00,184.21,214.4492587132815
2025-09-10 17:00:00+00:00,272.86,264.2812386106365
2025-09-10 18:00:00+00:00,174.25,241.44570937571638
2025-09-10 19:00:00+00:00,134.85,142.97469085906488
2025-09-10 20:00:00+00:00,117.19,123.96263494118216
2025-09-10 21:00:00+00:00,99.29,112.35405427004288
2025-09-10 22:00:00+00:00,87.8,99.04678093880605
2025-09-10 23:00:00+00:00,84.94,86.31233683987125
2025-09-11 00:00:00+00:00,83.89,83.41471756289519
2025-09-11 01:00:00+00:00,82.82,82.50927675893597
2025-09-11 02:00:00+00:00,91.81,83.82675071959763
2025-09-11 03:00:00+00:00,131.64,103.06111739515251
2025-09-11 04:00:00+00:00,152.93,150.43164246750942
2025-09-11 05:00:00+00:00,163.01,159.5488835989505
2025-09-11 06:00:00+00:00,118.63,133.0655636918027
2025-09-11 07:00:00+00:00,107.74,95.59353670508712
2025-09-11 08:00:00+00:00,78.29,86.58905844487681
2025-09-11 09:00:00+00:00,78.83,66.22058305823386
2025-09-11 10:00:00+00:00,84.33,71.58322562989656
2025-09-11 11:00:00+00:00,80.89,75.94480774787795
2025-09-11 12:00:00+00:00,76.63,78.08913052874215
2025-09-11 13:00:00+00:00,101.16,90.56562704843138
2025-09-11 14:00:00+00:00,153.29,117.50599807477387
2025-09-11 15:00:00+00:00,167.12,160.73711371781286
2025-09-11 16:00:00+00:00,215.9,200.0571228987464
2025-09-11 17:00:00+00:00,232.83,265.6297228094709
2025-09-11 18:00:00+00:00,164.2,218.08406790892025
2025-09-11 19:00:00+00:00,148.64,135.42546639575053
2025-09-11 20:00:00+00:00,147.93,130.5444712316464
2025-09-11 21:00:00+00:00,129.1,124.19133939818454
2025-09-11 22:00:00+00:00,96.92,117.19331628719586
2025-09-11 23:00:00+00:00,89.46,94.75703020010052
2025-09-12 00:00:00+00:00,84.28,91.90874232263022
2025-09-12 01:00:00+00:00,83.42,82.40394636741102
2025-09-12 02:00:00+00:00,86.02,84.28248151622074
2025-09-12 03:00:00+00:00,138.17,100.33703555691032
2025-09-12 04:00:00+00:00,166.36,156.90596752703178
2025-09-12 05:00:00+00:00,165.87,160.27614281921947
2025-09-12 06:00:00+00:00,121.91,134.34916551436154
2025-09-12 07:00:00+00:00,94.51,102.99060003239342
2025-09-12 08:00:00+00:00,61.2,78.16999737775448
2025-09-12 09:00:00+00:00,50.93,54.57439491498343
2025-09-12 10:00:00+00:00,41.99,53.246087216050796
2025-09-12 11:00:00+00:00,50.0,45.99129974193451
2025-09-12 12:00:00+00:00,60.0,61.92305385203251
2025-09-12 13:00:00+00:00,83.71,84.25657621345042
2025-09-12 14:00:00+00:00,122.13,107.41993397777625
2025-09-12 15:00:00+00:00,159.17,151.79549733347986
2025-09-12 16:00:00+00:00,174.06,203.33546119472263
2025-09-12 17:00:00+00:00,228.79,216.24448985958844
2025-09-12 18:00:00+00:00,166.13,208.40147414679694
2025-09-12 19:00:00+00:00,120.78,137.28624391702243
2025-09-12 20:00:00+00:00,116.07,123.94581618762574
2025-09-12 21:00:00+00:00,97.15,115.30747419698918
2025-09-12 22:00:00+00:00,94.59,97.62806593041834
2025-09-12 23:00:00+00:00,79.2,94.8597915018296
2025-09-13 00:00:00+00:00,69.39,83.00357919361949
2025-09-13 01:00:00+00:00,71.06,76.85019807173859
2025-09-13 02:00:00+00:00,79.4,78.34946717045858
2025-09-13 03:00:00+00:00,83.14,90.4984814619927
2025-09-13 04:00:00+00:00,91.76,99.27300839226365
2025-09-13 05:00:00+00:00,79.69,98.38975184761404
2025-09-13 06:00:00+00:00,68.21,69.34462614208472
2025-09-13 07:00:00+00:00,2.89,49.149154707663186
2025-09-13 08:00:00+00:00,0.0,-1.7715702134250648
2025-09-13 09:00:00+00:00,0.01,-5.860809478674099
2025-09-13 10:00:00+00:00,0.0,-1.1902484519547727
2025-09-13 11:00:00+00:00,0.0,-0.1732795154584892
2025-09-13 12:00:00+00:00,0.0,4.975056307265447
2025-09-13 13:00:00+00:00,0.01,24.8812877312794
2025-09-13 14:00:00+00:00,69.83,41.74546280396427
2025-09-13 15:00:00+00:00,120.32,108.66882395831999
2025-09-13 16:00:00+00:00,128.37,159.87995904582323
2025-09-13 17:00:00+00:00,144.37,167.60065491655456
2025-09-13 18:00:00+00:00,128.25,144.5313179176507
2025-09-13 19:00:00+00:00,108.58,118.5161069222168
2025-09-13 20:00:00+00:00,100.76,106.16738061181867
2025-09-13 21:00:00+00:00,89.93,92.24939868958091
2025-09-13 22:00:00+00:00,83.21,86.5819593324879
2025-09-13 23:00:00+00:00,74.01,75.66026634558901
2025-09-14 00:00:00+00:00,75.53,73.7135060658295
2025-09-14 01:00:00+00:00,80.53,75.68972455908256
2025-09-14 02:00:00+00:00,82.35,77.4187859111062
2025-09-14 03:00:00+00:00,87.63,78.41777043190325
2025-09-14 04:00:00+00:00,91.78,87.66324324756931
2025-09-14 05:00:00+00:00,97.87,81.14548395435854
2025-09-14 06:00:00+00:00,0.01,66.7414532414023
2025-09-14 07:00:00+00:00,0.0,-7.50374414465108
2025-09-14 08:00:00+00:00,-0.1,-7.768380603765991
2025-09-14 09:00:00+00:00,0.0,-5.452435598135963
2025-09-14 10:00:00+00:00,0.0,-1.7078379882545676
2025-09-14 11:00:00+00:00,0.0,1.123104038923401
2025-09-14 12:00:00+00:00,-0.01,4.455450491973167
2025-09-14 13:00:00+00:00,0.0,20.25691412499023
2025-09-14 14:00:00+00:00,20.0,36.293776751256715
2025-09-14 15:00:00+00:00,94.62,68.40585923833237
2025-09-14 16:00:00+00:00,126.16,120.62619477866586
2025-09-14 17:00:00+00:00,159.56,148.90598196483086
2025-09-14 18:00:00+00:00,126.55,150.55000289462015
2025-09-14 19:00:00+00:00,91.49,112.91725337202907
2025-09-14 20:00:00+00:00,78.16,91.38194191393214
2025-09-14 21:00:00+00:00,63.9,79.27792188446318
2025-09-14 22:00:00+00:00,75.97,68.67188987159159
2025-09-14 23:00:00+00:00,46.7,75.79490708530305
2025-09-15 00:00:00+00:00,51.95,54.845742083396914
2025-09-15 01:00:00+00:00,49.29,58.627582244438074
2025-09-15 02:00:00+00:00,52.21,58.14949847745373
2025-09-15 03:00:00+00:00,85.33,74.52864385945419
2025-09-15 04:00:00+00:00,142.22,113.55136199176164
2025-09-15 05:00:00+00:00,155.18,140.4624620549684
2025-09-15 06:00:00+00:00,106.98,116.13222350224478
2025-09-15 07:00:00+00:00,61.05,79.01656088863666
2025-09-15 08:00:00+00:00,11.95,41.40037683605793
2025-09-15 09:00:00+00:00,0.01,11.12322487298627
2025-09-15 10:00:00+00:00,0.01,6.944440757185816
2025-09-15 11:00:00+00:00,0.27,9.088995630652704
2025-09-15 12:00:00+00:00,10.1,13.059252698462558
2025-09-15 13:00:00+00:00,31.24,44.4098436775315
2025-09-15 14:00:00+00:00,88.26,58.41201213333704
2025-09-15 15:00:00+00:00,159.82,118.84320682369156
2025-09-15 16:00:00+00:00,219.74,213.26527443589768
2025-09-15 17:00:00+00:00,275.16,296.02884380531964
2025-09-15 18:00:00+00:00,187.96,244.33695851700037
2025-09-15 19:00:00+00:00,177.48,144.09106519456142
2025-09-15 20:00:00+00:00,150.17,140.0510834694819
2025-09-15 21:00:00+00:00,138.45,123.32008555762047
2025-09-15 22:00:00+00:00,108.49,114.33486049605193
2025-09-15 23:00:00+00:00,105.1,100.13128865099125
2025-09-16 00:00:00+00:00,88.41,99.70122153993893
2025-09-16 01:00:00+00:00,85.62,85.73889102678561
2025-09-16 02:00:00+00:00,87.04,83.85765937886643
2025-09-16 03:00:00+00:00,108.49,98.27621385487004
2025-09-16 04:00:00+00:00,149.34,144.61042859590668
2025-09-16 05:00:00+00:00,132.31,156.6526487496085
2025-09-16 06:00:00+00:00,82.81,106.8663131635519
2025-09-16 07:00:00+00:00,16.0,61.42649078351786
2025-09-16 08:00:00+00:00,0.0,8.896662432791729
2025-09-16 09:00:00+00:00,0.01,-3.0255605742225384
2025-09-16 10:00:00+00:00,0.01,0.34426666672302986
2025-09-16 11:00:00+00:00,1.0,3.5616205380588895
2025-09-16 12:00:00+00:00,45.0,13.35367281142834
2025-09-16 13:00:00+00:00,70.0,64.30176789499434
2025-09-16 14:00:00+00:00,116.02,95.17217617415172
2025-09-16 15:00:00+00:00,181.48,154.0431821042914
2025-09-16 16:00:00+00:00,221.37,231.84685710041182
2025-09-16 17:00:00+00:00,324.79,333.4439651900208
2025-09-16 18:00:00+00:00,167.89,249.18187221403008
2025-09-16 19:00:00+00:00,143.12,137.61636406629816
2025-09-16 20:00:00+00:00,129.21,124.22858078775486
2025-09-16 21:00:00+00:00,101.59,119.19704486137272
2025-09-16 22:00:00+00:00,88.87,98.45348966414201
2025-09-16 23:00:00+00:00,77.88,90.11260725907255
2025-09-17 00:00:00+00:00,77.06,83.8254270767429
2025-09-17 01:00:00+00:00,76.13,83.84420424178344
2025-09-17 02:00:00+00:00,76.22,84.80071407807915
2025-09-17 03:00:00+00:00,97.6,93.17496514075192
2025-09-17 04:00:00+00:00,121.03,132.31267109462382
2025-09-17 05:00:00+00:00,126.86,138.26111003357008
2025-09-17 06:00:00+00:00,112.65,115.25768648234562
2025-09-17 07:00:00+00:00,93.7,89.74419754866527
2025-09-17 08:00:00+00:00,68.7,76.234588502101
2025-09-17 09:00:00+00:00,43.63,53.906684088774966
2025-09-17 10:00:00+00:00,15.02,42.586996350899355
2025-09-17 11:00:00+00:00,13.6,25.36051044771513
2025-09-17 12:00:00+00:00,15.1,30.257626436043722
2025-09-17 13:00:00+00:00,47.62,56.03470364533297
2025-09-17 14:00:00+00:00,85.69,90.32850197108374
2025-09-17 15:00:00+00:00,108.82,127.52255738280773
2025-09-17 16:00:00+00:00,183.54,166.02308530399165
2025-09-17 17:00:00+00:00,232.3,228.45983276048253
2025-09-17 18:00:00+00:00,159.89,184.73492019127062
2025-09-17 19:00:00+00:00,108.63,125.80303683101911
2025-09-17 20:00:00+00:00,101.96,103.68952153311066
2025-09-17 21:00:00+00:00,84.96,95.61666921706541
2025-09-17 22:00:00+00:00,58.02,75.63816901914132
2025-09-17 23:00:00+00:00,50.06,57.192232219218525
2025-09-18 00:00:00+00:00,39.22,56.07645360048423
2025-09-18 01:00:00+00:00,39.5,43.352354859696206
2025-09-18 02:00:00+00:00,50.27,43.398596671301576
2025-09-18 03:00:00+00:00,77.56,71.45741761984726
2025-09-18 04:00:00+00:00,114.68,110.96656082400324
2025-09-18 05:00:00+00:00,103.53,124.29189922403387
2025-09-18 06:00:00+00:00,14.11,86.33440056762598
2025-09-18 07:00:00+00:00,0.0,9.723683167664888
2025-09-18 08:00:00+00:00,-0.01,-3.2983944440538835
2025-09-18 09:00:00+00:00,0.0,-3.0167063007035324
2025-09-18 10:00:00+00:00,0.0,1.398122701622782
2025-09-18 11:00:00+00:00,0.0,3.7568454743880295
2025-09-18 12:00:00+00:00,0.0,7.68371913050963
2025-09-18 13:00:00+00:00,0.02,21.18318289207231
2025-09-18 14:00:00+00:00,56.76,42.029743497413975
2025-09-18 15:00:00+00:00,131.64,98.95141064795563
2025-09-18 16:00:00+00:00,156.2,166.2474773661566
2025-09-18 17:00:00+00:00,204.27,179.94068888368034
2025-09-18 18:00:00+00:00,154.8,172.17287580467988
2025-09-18 19:00:00+00:00,108.66,119.0284563571724
2025-09-18 20:00:00+00:00,104.23,101.92196142457709
2025-09-18 21:00:00+00:00,88.2,95.71090945925616
2025-09-18 22:00:00+00:00,74.09,78.50131506818123
2025-09-18 23:00:00+00:00,71.96,65.53480211550028
2025-09-19 00:00:00+00:00,71.15,67.6335715370362
2025-09-19 01:00:00+00:00,70.86,67.26013180385971
2025-09-19 02:00:00+00:00,70.86,71.47272290740148
2025-09-19 03:00:00+00:00,91.16,87.91231151540367
2025-09-19 04:00:00+00:00,117.94,124.46404471534466
2025-09-19 05:00:00+00:00,138.15,121.34891515328252
2025-09-19 06:00:00+00:00,0.01,96.4861934900689
2025-09-19 07:00:00+00:00,0.0,-4.870906979939178
2025-09-19 08:00:00+00:00,-1.0,-5.1644038439598035
2025-09-19 09:00:00+00:00,-1.86,-3.9129440503912747
2025-09-19 10:00:00+00:00,-1.0,-0.8262724392813539
2025-09-19 11:00:00+00:00,-1.0,1.7326654419923955
2025-09-19 12:00:00+00:00,-0.62,6.8439120605584804
2025-09-19 13:00:00+00:00,0.0,23.562629231621628
2025-09-19 14:00:00+00:00,79.1,30.833201264969574
2025-09-19 15:00:00+00:00,115.79,117.14911078315382
2025-09-19 16:00:00+00:00,242.1,151.73822614813605
2025-09-19 17:00:00+00:00,188.66,223.4060450044547
2025-09-19 18:00:00+00:00,142.59,172.03445597381125
2025-09-19 19:00:00+00:00,108.42,106.23070365417689
2025-09-19 20:00:00+00:00,101.78,94.78602799079971
2025-09-19 21:00:00+00:00,80.61,90.13687102889318
2025-09-19 22:00:00+00:00,82.68,76.90674870069988
2025-09-19 23:00:00+00:00,83.36,74.92924248199974
2025-09-20 00:00:00+00:00,79.53,75.03724495010471
2025-09-20 01:00:00+00:00,79.41,74.53647806863654
2025-09-20 02:00:00+00:00,79.36,75.5232630144707
2025-09-20 03:00:00+00:00,85.27,78.7476304236708
2025-09-20 04:00:00+00:00,93.69,89.87642762082122
2025-09-20 05:00:00+00:00,84.13,84.4267658585102
2025-09-20 06:00:00+00:00,0.0,51.47283882697336
2025-09-20 07:00:00+00:00,-1.0,-9.19481913106381
2025-09-20 08:00:00+00:00,-1.0,-10.084329507067622
2025-09-20 09:00:00+00:00,-1.29,-7.804833114237482
2025-09-20 10:00:00+00:00,-8.35,-1.2184218858809004
2025-09-20 11:00:00+00:00,-9.74,-0.4830365489877124
2025-09-20 12:00:00+00:00,-4.32,3.200728313005385
2025-09-20 13:00:00+00:00,0.16,16.107984945488468
2025-09-20 14:00:00+00:00,31.11,32.88448139728429
2025-09-20 15:00:00+00:00,103.96,77.53309106076986
2025-09-20 16:00:00+00:00,157.07,141.20285390664904
2025-09-20 17:00:00+00:00,163.96,164.84451961392745
2025-09-20 18:00:00+00:00,121.04,138.1711821746037
2025-09-20 19:00:00+00:00,94.2,103.48757977968266
2025-09-20 20:00:00+00:00,77.92,87.49227730829737
2025-09-20 21:00:00+00:00,50.29,74.61634297127961
2025-09-20 22:00:00+00:00,45.92,54.061073735293846
2025-09-20 23:00:00+00:00,24.74,46.03660222718345
2025-09-21 00:00:00+00:00,10.15,27.840338926760097
2025-09-21 01:00:00+00:00,10.15,21.021236237030166
2025-09-21 02:00:00+00:00,8.53,23.141744315873083
2025-09-21 03:00:00+00:00,25.0,21.29775222908377
2025-09-21 04:00:00+00:00,4.41,35.484877616807154
2025-09-21 05:00:00+00:00,5.23,9.739143612829224
2025-09-21 06:00:00+00:00,0.0,-1.6783598836453564
2025-09-21 07:00:00+00:00,-1.0,-5.37310102111428
2025-09-21 08:00:00+00:00,-2.0,-4.516683259210879
2025-09-21 09:00:00+00:00,-9.92,-3.6271210526819857
2025-09-21 10:00:00+00:00,-14.66,2.0742167752280807
2025-09-21 11:00:00+00:00,-14.79,3.5668876335082587
2025-09-21 12:00:00+00:00,-3.17,5.566355116110316
2025-09-21 13:00:00+00:00,-0.69,18.742049344197895
2025-09-21 14:00:00+00:00,9.47,19.711775303154567
2025-09-21 15:00:00+00:00,92.47,55.886999677591234
2025-09-21 16:00:00+00:00,106.13,118.20215446815222
2025-09-21 17:00:00+00:00,119.55,129.6343919172633
2025-09-21 18:00:00+00:00,115.64,113.96402612831051
2025-09-21 19:00:00+00:00,100.24,94.41146357396167
2025-09-21 20:00:00+00:00,99.17,83.3251767514593
2025-09-21 21:00:00+00:00,86.44,80.50373605335763
2025-09-21 22:00:00+00:00,79.47,69.4702863125998
2025-09-21 23:00:00+00:00,75.89,64.18194613078124
2025-09-22 00:00:00+00:00,72.88,66.90414039132905
2025-09-22 01:00:00+00:00,71.77,61.92125079174852
2025-09-22 02:00:00+00:00,71.95,64.89305511283125
2025-09-22 03:00:00+00:00,86.17,79.33502255603324
2025-09-22 04:00:00+00:00,116.03,110.92274533245018
2025-09-22 05:00:00+00:00,127.38,123.45251190782803
2025-09-22 06:00:00+00:00,25.85,100.68673332933481
2025-09-22 07:00:00+00:00,0.0,15.438832195566306
2025-09-22 08:00:00+00:00,0.0,-0.0141121792343597
2025-09-22 09:00:00+00:00,0.0,2.4062123524666106
2025-09-22 10:00:00+00:00,0.0,6.6733690085312105
2025-09-22 11:00:00+00:00,0.0,10.602520553050496
2025-09-22 12:00:00+00:00,5.0,14.771514776596973
2025-09-22 13:00:00+00:00,30.66,35.93551315710147
2025-09-22 14:00:00+00:00,89.59,56.840569523735596
2025-09-22 15:00:00+00:00,126.02,120.5574485722869
2025-09-22 16:00:00+00:00,143.26,162.08126039454052
2025-09-22 17:00:00+00:00,247.33,180.7643119962053
2025-09-22 18:00:00+00:00,145.93,203.52468714740337
2025-09-22 19:00:00+00:00,114.07,124.07404134637855
2025-09-22 20:00:00+00:00,108.44,104.90169333812031
2025-09-22 21:00:00+00:00,93.41,104.01465806537011
2025-09-22 22:00:00+00:00,82.03,89.97794692218052
2025-09-22 23:00:00+00:00,81.23,82.10373253688613
2025-09-23 00:00:00+00:00,80.28,81.96106422331111
2025-09-23 01:00:00+00:00,80.13,82.56515540817861
2025-09-23 02:00:00+00:00,83.59,82.87359918585956
2025-09-23 03:00:00+00:00,100.25,94.60739182088582
2025-09-23 04:00:00+00:00,124.06,132.57661173398063
2025-09-23 05:00:00+00:00,167.82,132.30468658746912
2025-09-23 06:00:00+00:00,95.45,116.15934669286845
2025-09-23 07:00:00+00:00,40.0,69.65720007201499
2025-09-23 08:00:00+00:00,10.22,22.903548400912598
2025-09-23 09:00:00+00:00,10.0,8.649132151071854
2025-09-23 10:00:00+00:00,10.1,13.756731651902285
2025-09-23 11:00:00+00:00,11.95,19.123481593012386
2025-09-23 12:00:00+00:00,42.0,24.562321331498154
2025-09-23 13:00:00+00:00,92.48,60.879444875973206
2025-09-23 14:00:00+00:00,112.8,110.12443979177262
2025-09-23 15:00:00+00:00,162.06,147.30001451852772
2025-09-23 16:00:00+00:00,188.29,197.34760480983294
2025-09-23 17:00:00+00:00,363.6,255.40817627025768
2025-09-23 18:00:00+00:00,202.1,228.6813893711482
2025-09-23 19:00:00+00:00,131.36,147.73446140718062
2025-09-23 20:00:00+00:00,121.03,109.67130614753864
2025-09-23 21:00:00+00:00,98.88,101.9967456528916
2025-09-23 22:00:00+00:00,86.55,88.52803825322047
2025-09-23 23:00:00+00:00,79.67,79.87851685081205
2025-09-24 00:00:00+00:00,79.3,84.36762744093039
2025-09-24 01:00:00+00:00,79.53,84.42040382792251
2025-09-24 02:00:00+00:00,89.73,85.7040910391907
2025-09-24 03:00:00+00:00,133.86,101.87674538565685
2025-09-24 04:00:00+00:00,149.99,153.2421692199478
2025-09-24 05:00:00+00:00,134.91,149.40104270974155
2025-09-24 06:00:00+00:00,100.98,110.0125198507595
2025-09-24 07:00:00+00:00,70.24,78.54993941794851
2025-09-24 08:00:00+00:00,15.99,48.597574757249646
2025-09-24 09:00:00+00:00,15.06,8.747819993884676
2025-09-24 10:00:00+00:00,12.78,14.553073670443297
2025-09-24 11:00:00+00:00,15.09,15.824086715067182
2025-09-24 12:00:00+00:00,44.78,28.69466585037793
2025-09-24 13:00:00+00:00,95.38,71.20614523321068
2025-09-24 14:00:00+00:00,107.54,113.67345895176274
2025-09-24 15:00:00+00:00,168.83,143.37721149399366
2025-09-24 16:00:00+00:00,206.93,213.1665401392286
2025-09-24 17:00:00+00:00,266.0,250.18591485456204
2025-09-24 18:00:00+00:00,156.59,204.46339104348328
2025-09-24 19:00:00+00:00,112.99,122.39236014671593
2025-09-24 20:00:00+00:00,93.45,106.20983560514777
2025-09-24 21:00:00+00:00,86.59,90.31831349814138
2025-09-24 22:00:00+00:00,72.46,81.75567903948141
2025-09-24 23:00:00+00:00,79.17,71.91872041170203
2025-09-25 00:00:00+00:00,79.45,78.67974646207314
2025-09-25 01:00:00+00:00,79.56,78.49779142818
2025-09-25 02:00:00+00:00,79.58,83.42460602051685
2025-09-25 03:00:00+00:00,80.0,98.38876834761825
2025-09-25 04:00:00+00:00,108.89,116.92852668205904
2025-09-25 05:00:00+00:00,128.9,119.97868291036241
2025-09-25 06:00:00+00:00,124.72,104.27602640837853
2025-09-25 07:00:00+00:00,48.78,92.94648294291895
2025-09-25 08:00:00+00:00,16.0,34.62920495236091
2025-09-25 09:00:00+00:00,41.95,9.158364359895046
2025-09-25 10:00:00+00:00,40.0,31.379218384142973
2025-09-25 11:00:00+00:00,42.4,35.82564747050745
2025-09-25 12:00:00+00:00,55.93,45.99815492613979
2025-09-25 13:00:00+00:00,92.48,78.10658064717478
2025-09-25 14:00:00+00:00,104.08,109.70137647436351
2025-09-25 15:00:00+00:00,121.83,135.22301442973043
2025-09-25 16:00:00+00:00,128.17,163.35883056942436
2025-09-25 17:00:00+00:00,141.97,164.06298546883988
2025-09-25 18:00:00+00:00,123.54,135.00692090766609
2025-09-25 19:00:00+00:00,110.01,107.44628988860424
2025-09-25 20:00:00+00:00,100.37,99.64068191872333
2025-09-25 21:00:00+00:00,81.09,91.12271241289349
2025-09-25 22:00:00+00:00,78.48,74.92568507423962
2025-09-25 23:00:00+00:00,75.2,73.50878084551789
2025-09-26 00:00:00+00:00,73.18,76.22063368650487
2025-09-26 01:00:00+00:00,73.26,72.70021031480357
2025-09-26 02:00:00+00:00,75.4,73.94667960093417
2025-09-26 03:00:00+00:00,82.71,83.47009392090725
2025-09-26 04:00:00+00:00,113.01,101.15154649615718
2025-09-26 05:00:00+00:00,106.73,127.4512569118345
2025-09-26 06:00:00+00:00,88.0,99.02828263692598
2025-09-26 07:00:00+00:00,86.12,68.33698751126741
2025-09-26 08:00:00+00:00,94.81,61.31883965487677
2025-09-26 09:00:00+00:00,98.71,72.64434881676384
2025-09-26 10:00:00+00:00,94.5,78.79762533150347
2025-09-26 11:00:00+00:00,30.0,80.85071605779456
2025-09-26 12:00:00+00:00,46.6,35.27685458589525
2025-09-26 13:00:00+00:00,57.81,62.46180062504986
2025-09-26 14:00:00+00:00,102.19,79.61512178529884
2025-09-26 15:00:00+00:00,112.37,116.98438278914158
2025-09-26 16:00:00+00:00,123.6,132.98324766320243
2025-09-26 17:00:00+00:00,132.44,135.6475941571399
2025-09-26 18:00:00+00:00,119.61,124.71025051871665
2025-09-26 19:00:00+00:00,106.21,104.56924290523168
2025-09-26 20:00:00+00:00,96.9,96.45296597222296
2025-09-26 21:00:00+00:00,89.9,86.66023742735352
2025-09-26 22:00:00+00:00,84.88,83.51929345872384
2025-09-26 23:00:00+00:00,84.62,75.5680194292098
2025-09-27 00:00:00+00:00,84.45,78.01923063295939
2025-09-27 01:00:00+00:00,84.49,78.31821689379373
2025-09-27 02:00:00+00:00,87.8,78.3192548109533
2025-09-27 03:00:00+00:00,91.77,83.35355425909512
2025-09-27 04:00:00+00:00,88.72,100.58627942407074
2025-09-27 05:00:00+00:00,102.4,89.82908448720048
2025-09-27 06:00:00+00:00,83.61,89.17336323516024
2025-09-27 07:00:00+00:00,79.34,66.15381682107177
2025-09-27 08:00:00+00:00,45.0,61.30860286762133
2025-09-27 09:00:00+00:00,80.19,36.960482765374024
2025-09-27 10:00:00+00:00,64.16,65.8905908624173
2025-09-27 11:00:00+00:00,37.61,57.91150121720818
2025-09-27 12:00:00+00:00,51.02,37.06970549088594
2025-09-27 13:00:00+00:00,82.49,64.01329272567608
2025-09-27 14:00:00+00:00,98.32,87.2514261160235
2025-09-27 15:00:00+00:00,111.2,107.0710674499134
2025-09-27 16:00:00+00:00,132.09,130.15986023026565
2025-09-27 17:00:00+00:00,147.5,140.06711478176982
2025-09-27 18:00:00+00:00,125.8,128.27738358770134
2025-09-27 19:00:00+00:00,112.87,105.87392454656168
2025-09-27 20:00:00+00:00,106.42,97.74902480253081
2025-09-27 21:00:00+00:00,100.52,91.73543832189179
2025-09-27 22:00:00+00:00,100.09,90.26691748812118
2025-09-27 23:00:00+00:00,97.9,90.75725376609216
2025-09-28 00:00:00+00:00,92.79,90.81350805028836
2025-09-28 01:00:00+00:00,91.94,88.35971215816875
2025-09-28 02:00:00+00:00,92.98,89.13886836926488
2025-09-28 03:00:00+00:00,93.56,90.24630115651803
2025-09-28 04:00:00+00:00,95.91,93.20315306888355
2025-09-28 05:00:00+00:00,101.13,93.21223696595884
2025-09-28 06:00:00+00:00,94.76,93.42140445299611
2025-09-28 07:00:00+00:00,91.61,85.96344706392466
2025-09-28 08:00:00+00:00,85.47,81.58147738192379
2025-09-28 09:00:00+00:00,50.0,74.15232582339999
2025-09-28 10:00:00+00:00,17.6,52.13736569938774
2025-09-28 11:00:00+00:00,50.0,30.227250150311164
2025-09-28 12:00:00+00:00,98.0,55.232537335600426
2025-09-28 13:00:00+00:00,85.93,96.6308991567888
2025-09-28 14:00:00+00:00,126.09,87.87295325334574
2025-09-28 15:00:00+00:00,162.02,127.95274223912715
2025-09-28 16:00:00+00:00,154.54,152.6679864117657
2025-09-28 17:00:00+00:00,194.22,156.27132782862836
2025-09-28 18:00:00+00:00,167.12,158.6444821545655
2025-09-28 19:00:00+00:00,147.14,127.85505689317267
2025-09-28 20:00:00+00:00,136.07,121.38614135612102
2025-09-28 21:00:00+00:00,99.2,114.63312977393007
2025-09-28 22:00:00+00:00,94.09,96.60636427907455
2025-09-28 23:00:00+00:00,92.09,91.73461068272684
2025-09-29 00:00:00+00:00,91.31,92.00881198758358
2025-09-29 01:00:00+00:00,91.65,92.0163447037832
2025-09-29 02:00:00+00:00,91.62,93.37665660027491
2025-09-29 03:00:00+00:00,101.87,101.48766763940142
2025-09-29 04:00:00+00:00,173.38,123.19675974353491
2025-09-29 05:00:00+00:00,275.65,171.47251760139198
2025-09-29 06:00:00+00:00,168.4,183.8818839435224
2025-09-29 07:00:00+00:00,116.8,127.43952227837336
2025-09-29 08:00:00+00:00,92.06,96.61695757639015
2025-09-29 09:00:00+00:00,87.66,80.32029180007359
2025-09-29 10:00:00+00:00,81.39,80.13262821176593
2025-09-29 11:00:00+00:00,80.03,79.33468900074652
2025-09-29 12:00:00+00:00,79.86,86.91467465062141
2025-09-29 13:00:00+00:00,91.02,95.91980631400801
2025-09-29 14:00:00+00:00,107.41,118.93924763268566
2025-09-29 15:00:00+00:00,172.3,143.21189547763908
2025-09-29 16:00:00+00:00,348.5,198.8928668056604
2025-09-29 17:00:00+00:00,425.83,342.1037289653485
2025-09-29 18:00:00+00:00,174.28,253.1685844816846
2025-09-29 19:00:00+00:00,135.64,137.82343349098133
2025-09-29 20:00:00+00:00,118.18,120.32643161573188
2025-09-29 21:00:00+00:00,106.84,107.80119003018329
2025-09-29 22:00:00+00:00,100.55,99.62313213672226
2025-09-29 23:00:00+00:00,95.59,96.78289173447475
2025-09-30 00:00:00+00:00,96.83,94.71221914100192
2025-09-30 01:00:00+00:00,98.28,95.24338201137516
2025-09-30 02:00:00+00:00,98.28,96.17370829006666
2025-09-30 03:00:00+00:00,111.39,103.91876026355715
2025-09-30 04:00:00+00:00,165.38,139.47502751796281
2025-09-30 05:00:00+00:00,265.96,188.2779832740447
2025-09-30 06:00:00+00:00,209.23,196.51641466223367
2025-09-30 07:00:00+00:00,92.03,151.20130897192968
2025-09-30 08:00:00+00:00,84.64,78.18319745657344
2025-09-30 09:00:00+00:00,71.01,65.35558452431837
2025-09-30 10:00:00+00:00,54.21,63.012644765599546
2025-09-30 11:00:00+00:00,76.05,54.42885293690607
2025-09-30 12:00:00+00:00,90.0,78.80300250270787
2025-09-30 13:00:00+00:00,98.31,107.90823980883866
2025-09-30 14:00:00+00:00,146.8,114.7374345143361
2025-09-30 15:00:00+00:00,212.52,194.09617909094473
2025-09-30 16:00:00+00:00,355.79,304.672386497902
2025-09-30 17:00:00+00:00,367.91,403.2673722407898
2025-09-30 18:00:00+00:00,194.54,266.01141341910613
2025-09-30 19:00:00+00:00,142.88,152.54367197011274
2025-09-30 20:00:00+00:00,126.3,121.83330055405438
2025-09-30 21:00:00+00:00,108.33,114.44837320229182
2025-09-30 22:00:00+00:00,97.2625,103.0968788356321
2025-09-30 23:00:00+00:00,89.005,93.04524342952092
2025-10-01 00:00:00+00:00,91.255,90.78570069528479
2025-10-01 01:00:00+00:00,92.7225,91.95999959705355
2025-10-01 02:00:00+00:00,90.89,94.76329749438267
2025-10-01 03:00:00+00:00,100.0975,106.91135477060791
2025-10-01 04:00:00+00:00,127.5,135.88341437243537
2025-10-01 05:00:00+00:00,174.97,164.79739202305285
2025-10-01 06:00:00+00:00,137.0425,166.54691010655833
2025-10-01 07:00:00+00:00,104.6625,113.40419168177087
2025-10-01 08:00:00+00:00,87.205,86.70895616395171
2025-10-01 09:00:00+00:00,85.34,73.211105730122
2025-10-01 10:00:00+00:00,85.0,72.04580224803661
2025-10-01 11:00:00+00:00,84.83,77.90976578603525
2025-10-01 12:00:00+00:00,94.0225,84.29223152286127
2025-10-01 13:00:00+00:00,102.9975,110.35813680196358
2025-10-01 14:00:00+00:00,114.0675,131.5901925898314
2025-10-01 15:00:00+00:00,153.6025,166.15564258659958
2025-10-01 16:00:00+00:00,252.29,227.53412366847627
2025-10-01 17:00:00+00:00,321.545,286.14797040805695
2025-10-01 18:00:00+00:00,155.4975,227.06412526174424
2025-10-01 19:00:00+00:00,117.315,128.00109476862866
2025-10-01 20:00:00+00:00,99.5325,109.26118521867258
2025-10-01 21:00:00+00:00,91.485,95.95231074947688
2025-10-01 22:00:00+00:00,92.4275,90.40399659991962
2025-10-01 23:00:00+00:00,89.5175,89.99861201712145
2025-10-02 00:00:00+00:00,89.0325,89.71740316254318
2025-10-02 01:00:00+00:00,93.085,89.77701166937256
2025-10-02 02:00:00+00:00,94.625,91.88574793587692
2025-10-02 03:00:00+00:00,98.2,100.32471418038298
2025-10-02 04:00:00+00:00,131.14,119.70167318492668
2025-10-02 05:00:00+00:00,185.455,155.53923718431253
2025-10-02 06:00:00+00:00,155.4225,181.5323812700277
2025-10-02 07:00:00+00:00,136.88750000000002,139.649494883945
2025-10-02 08:00:00+00:00,134.04,119.11520633355464
2025-10-02 09:00:00+00:00,108.355,115.56853286310405
2025-10-02 10:00:00+00:00,99.855,102.36622914352871
2025-10-02 11:00:00+00:00,96.0,99.07779762796883
2025-10-02 12:00:00+00:00,94.195,96.7704840556419
2025-10-02 13:00:00+00:00,102.4575,114.36023340192466
2025-10-02 14:00:00+00:00,144.9225,126.14954991088537
2025-10-02 15:00:00+00:00,140.9125,158.7828019284272
2025-10-02 16:00:00+00:00,176.35000000000002,170.3095950154279
2025-10-02 17:00:00+00:00,185.7525,212.42963860195127
2025-10-02 18:00:00+00:00,133.835,161.16794531136662
2025-10-02 19:00:00+00:00,110.2825,113.245495003401
2025-10-02 20:00:00+00:00,104.2425,101.65289125272844
2025-10-02 21:00:00+00:00,91.3775,95.28018959234117
2025-10-02 22:00:00+00:00,80.5775,88.3858880073933
2025-10-02 23:00:00+00:00,73.905,77.63234605161541
2025-10-03 00:00:00+00:00,75.105,76.63513540892579
2025-10-03 01:00:00+00:00,76.8175,76.92218305715573
2025-10-03 02:00:00+00:00,79.8925,80.67112805533064
2025-10-03 03:00:00+00:00,94.6525,88.2721502055922
2025-10-03 04:00:00+00:00,128.585,116.40006318390664
2025-10-03 05:00:00+00:00,146.005,139.3705261038107
2025-10-03 06:00:00+00:00,103.2,127.17866034431655
2025-10-03 07:00:00+00:00,61.4375,88.60477116068024
2025-10-03 08:00:00+00:00,53.5475,59.113223589469115
2025-10-03 09:00:00+00:00,50.0475,55.175995289390215
2025-10-03 10:00:00+00:00,21.78,56.16158974310419
2025-10-03 11:00:00+00:00,32.995,28.89770433066802
2025-10-03 12:00:00+00:00,39.9975,42.09873999311766
2025-10-03 13:00:00+00:00,45.8125,69.80739467816689
2025-10-03 14:00:00+00:00,95.7725,85.51650367139999
2025-10-03 15:00:00+00:00,127.6425,121.05010355809996
2025-10-03 16:00:00+00:00,133.1725,146.28193606673682
2025-10-03 17:00:00+00:00,130.78,144.95420637796087
2025-10-03 18:00:00+00:00,134.7225,123.33268275596197
2025-10-03 19:00:00+00:00,119.935,109.45344048878002
2025-10-03 20:00:00+00:00,123.52,102.09146735988926
2025-10-03 21:00:00+00:00,103.7425,103.61947067916161
2025-10-03 22:00:00+00:00,102.1325,92.39598133350648
2025-10-03 23:00:00+00:00,90.32,92.27710250979551
2025-10-04 00:00:00+00:00,85.6675,90.19978654810073
2025-10-04 01:00:00+00:00,82.2325,81.6640843517354
2025-10-04 02:00:00+00:00,87.6525,81.3363358636461
2025-10-04 03:00:00+00:00,99.7225,87.81005876036292
2025-10-04 04:00:00+00:00,111.0425,107.26404033303722
2025-10-04 05:00:00+00:00,144.9725,111.98084714770941
2025-10-04 06:00:00+00:00,108.735,112.54053583934243
2025-10-04 07:00:00+00:00,33.945,82.31107084708874
2025-10-04 08:00:00+00:00,0.0025,20.26098571516016
2025-10-04 09:00:00+00:00,0.955,1.5587267233433693
2025-10-04 10:00:00+00:00,0.2875,2.9923338888074795
2025-10-04 11:00:00+00:00,1.7625,4.095207254206855
2025-10-04 12:00:00+00:00,24.692500000000003,10.773185783111472
2025-10-04 13:00:00+00:00,62.77,47.999662399435095
2025-10-04 14:00:00+00:00,93.74,87.57705494300842
2025-10-04 15:00:00+00:00,156.22750000000002,118.12751464059089
2025-10-04 16:00:00+00:00,225.2675,163.19725095848312
2025-10-04 17:00:00+00:00,208.5675,201.0416503172753
2025-10-04 18:00:00+00:00,185.0275,167.73783379263753
2025-10-04 19:00:00+00:00,147.33249999999998,140.22675194536035
2025-10-04 20:00:00+00:00,118.375,119.90926109536417
2025-10-04 21:00:00+00:00,106.9025,106.7679880013901
2025-10-04 22:00:00+00:00,56.0,99.904020902853
2025-10-04 23:00:00+00:00,42.8675,65.1286466902354
2025-10-05 00:00:00+00:00,68.48,54.473869120595865
2025-10-05 01:00:00+00:00,63.5225,74.52834353368786
2025-10-05 02:00:00+00:00,79.1075,73.38223492655413
2025-10-05 03:00:00+00:00,83.13,85.9434635282476
2025-10-05 04:00:00+00:00,82.5325,92.15807418871529
2025-10-05 05:00:00+00:00,74.145,82.4097790575421
2025-10-05 06:00:00+00:00,21.7975,61.691872995477
2025-10-05 07:00:00+00:00,-1.5025,10.134229544048509
2025-10-05 08:00:00+00:00,-2.2525,-2.786967069569556
2025-10-05 09:00:00+00:00,-2.5925,-3.4016360965391357
2025-10-05 10:00:00+00:00,-2.91,0.11104890736862671
2025-10-05 11:00:00+00:00,-3.0075,1.593496321994536
2025-10-05 12:00:00+00:00,-3.265,7.040504143593608
2025-10-05 13:00:00+00:00,-0.5,30.114794164677505
2025-10-05 14:00:00+00:00,49.6125,40.469221015951945
2025-10-05 15:00:00+00:00,128.845,106.55322639703738
2025-10-05 16:00:00+00:00,152.61,164.10963932626854
2025-10-05 17:00:00+00:00,151.3075,168.3981630900412
2025-10-05 18:00:00+00:00,140.70749999999998,150.6694436787535
2025-10-05 19:00:00+00:00,122.82,122.477544396738
2025-10-05 20:00:00+00:00,113.6125,112.99376547915304
2025-10-05 21:00:00+00:00,85.7025,103.56175544222154
2025-10-05 22:00:00+00:00,92.46,76.14030416026657
2025-10-05 23:00:00+00:00,77.43,84.02911878937786
2025-10-06 00:00:00+00:00,60.3175,78.0142190532018
2025-10-06 01:00:00+00:00,68.1225,62.690659598974776
2025-10-06 02:00:00+00:00,83.225,75.95131862423571
2025-10-06 03:00:00+00:00,117.0375,95.14323997105657
2025-10-06 04:00:00+00:00,174.1925,148.4527088670193
2025-10-06 05:00:00+00:00,237.2125,193.86688191980966
2025-10-06 06:00:00+00:00,200.3925,204.78637675936005
2025-10-06 07:00:00+00:00,136.95,165.57322028977416
2025-10-06 08:00:00+00:00,105.9175,114.5081225132126
2025-10-06 09:00:00+00:00,95.9975,97.09446379962199
2025-10-06 10:00:00+00:00,88.955,92.72640838205989
2025-10-06 11:00:00+00:00,81.5225,92.27941834838697
2025-10-06 12:00:00+00:00,79.86500000000001,86.681715411581
2025-10-06 13:00:00+00:00,79.08,100.84112724387477
2025-10-06 14:00:00+00:00,130.6525,107.65372905310454
2025-10-06 15:00:00+00:00,194.69,159.83262228462155
2025-10-06 16:00:00+00:00,240.0025,232.22370778141726
2025-10-06 17:00:00+00:00,239.0725,274.7763298384509
2025-10-06 18:00:00+00:00,174.6975,206.10539145247168
2025-10-06 19:00:00+00:00,118.975,140.05881949472206
2025-10-06 20:00:00+00:00,120.17,111.76028254018266
2025-10-06 21:00:00+00:00,106.44,107.36621906122126
2025-10-06 22:00:00+00:00,96.595,98.64021615736348
2025-10-06 23:00:00+00:00,93.745,92.14455406620229
2025-10-07 00:00:00+00:00,87.225,88.88082836789516
2025-10-07 01:00:00+00:00,85.51,83.84513612231186
2025-10-07 02:00:00+00:00,86.035,82.9172051029442
2025-10-07 03:00:00+00:00,93.51,95.19709668952268
2025-10-07 04:00:00+00:00,128.135,136.39788446000784
2025-10-07 05:00:00+00:00,109.6625,166.99810094082028
2025-10-07 06:00:00+00:00,94.5075,124.1732535973052
2025-10-07 07:00:00+00:00,33.8125,89.5749396315951
2025-10-07 08:00:00+00:00,51.5,39.10928605957855
2025-10-07 09:00:00+00:00,5.8,54.781596252786585
2025-10-07 10:00:00+00:00,14.505,27.368269305874065
2025-10-07 11:00:00+00:00,33.8,36.10265851188517
2025-10-07 12:00:00+00:00,58.0075,54.389234628339764
2025-10-07 13:00:00+00:00,64.005,86.3897037879038
2025-10-07 14:00:00+00:00,96.635,110.45825590524741
2025-10-07 15:00:00+00:00,140.3675,140.37569406730435
2025-10-07 16:00:00+00:00,202.995,181.34261451114435
2025-10-07 17:00:00+00:00,194.23,215.19160079182853
2025-10-07 18:00:00+00:00,146.39999999999998,175.2651943535563
2025-10-07 19:00:00+00:00,123.2425,122.6468749321221
2025-10-07 20:00:00+00:00,107.4225,109.49354877693568
2025-10-07 21:00:00+00:00,97.4825,96.8560112805514
2025-10-07 22:00:00+00:00,92.9775,89.52071292773752
2025-10-07 23:00:00+00:00,88.4375,87.17386594329918
2025-10-08 00:00:00+00:00,87.56,87.85657266012608
2025-10-08 01:00:00+00:00,87.4825,85.72476376524193
2025-10-08 02:00:00+00:00,91.0075,87.1729721732504
2025-10-08 03:00:00+00:00,99.3175,98.78271997492394
2025-10-08 04:00:00+00:00,116.5625,126.34457444074386
2025-10-08 05:00:00+00:00,162.885,135.4720540139247
2025-10-08 06:00:00+00:00,165.2825,140.23490035278098
2025-10-08 07:00:00+00:00,116.6325,122.40014497697004
2025-10-08 08:00:00+00:00,90.1075,91.04404883126844
2025-10-08 09:00:00+00:00,88.39750000000001,79.84498293619535
2025-10-08 10:00:00+00:00,88.3625,82.7401449733351
2025-10-08 11:00:00+00:00,87.8425,83.80243941916447
2025-10-08 12:00:00+00:00,89.03,87.62161045476063
2025-10-08 13:00:00+00:00,98.87,101.01169457633685
2025-10-08 14:00:00+00:00,127.465,110.86690384676679
2025-10-08 15:00:00+00:00,156.41,146.65153382584438
2025-10-08 16:00:00+00:00,196.135,179.59246049639776
2025-10-08 17:00:00+00:00,198.125,208.06488531158325
2025-10-08 18:00:00+00:00,152.16500000000002,171.76038688824354
2025-10-08 19:00:00+00:00,123.9375,126.20705128835903
2025-10-08 20:00:00+00:00,109.85,110.51802972602229
2025-10-08 21:00:00+00:00,99.3125,101.1108299516561
2025-10-08 22:00:00+00:00,97.59,95.12178754063284
2025-10-08 23:00:00+00:00,93.4725,91.83176118169585
2025-10-09 00:00:00+00:00,94.25,92.47140623600562
2025-10-09 01:00:00+00:00,92.8325,94.23977579211763
2025-10-09 02:00:00+00:00,95.505,94.30879665594298
2025-10-09 03:00:00+00:00,107.4125,102.50234636027892
2025-10-09 04:00:00+00:00,133.515,123.67373833276385
2025-10-09 05:00:00+00:00,167.9875,153.87276383412876
2025-10-09 06:00:00+00:00,118.72,151.797478341601
2025-10-09 07:00:00+00:00,73.2175,103.34948012266109
2025-10-09 08:00:00+00:00,46.3075,64.17877982699467
2025-10-09 09:00:00+00:00,0.0075,42.26751604244218
2025-10-09 10:00:00+00:00,0.0,7.827011915189459
2025-10-09 11:00:00+00:00,0.0,13.005954177233775
2025-10-09 12:00:00+00:00,11.84,21.795043855914813
2025-10-09 13:00:00+00:00,41.3775,57.417942649223335
2025-10-09 14:00:00+00:00,126.1,88.64361827950601
2025-10-09 15:00:00+00:00,169.7525,158.397652291605
2025-10-09 16:00:00+00:00,183.54,191.13461507656822
2025-10-09 17:00:00+00:00,191.195,201.87411554359386
2025-10-09 18:00:00+00:00,170.85500000000002,171.47279948508412
2025-10-09 19:00:00+00:00,166.47,128.7172847229767
2025-10-09 20:00:00+00:00,152.41,126.40654692867766
2025-10-09 21:00:00+00:00,119.84,115.63691602779522
2025-10-09 22:00:00+00:00,91.15,105.33956412190334
2025-10-09 23:00:00+00:00,87.635,90.1844676028623
2025-10-10 00:00:00+00:00,82.6275,86.82503701594797
2025-10-10 01:00:00+00:00,82.985,84.12945664623031
2025-10-10 02:00:00+00:00,87.87,84.87571548394695
2025-10-10 03:00:00+00:00,134.11,100.0635400570846
2025-10-10 04:00:00+00:00,188.7375,155.2124338484086
2025-10-10 05:00:00+00:00,200.6425,188.51251176510328
2025-10-10 06:00:00+00:00,130.23,160.9275936655093
2025-10-10 07:00:00+00:00,78.565,97.2924296417025
2025-10-10 08:00:00+00:00,63.7275,48.40127806714614
2025-10-10 09:00:00+00:00,33.4975,44.36001799308467
2025-10-10 10:00:00+00:00,30.79,28.588022909878376
2025-10-10 11:00:00+00:00,49.795,31.204650079460052
2025-10-10 12:00:00+00:00,79.0025,58.035607298736224
2025-10-10 13:00:00+00:00,93.8325,88.49961039100143
2025-10-10 14:00:00+00:00,142.4175,118.98970031757436
2025-10-10 15:00:00+00:00,195.1525,165.32561151383072
2025-10-10 16:00:00+00:00,243.325,205.94982886394595
2025-10-10 17:00:00+00:00,242.2325,221.26103748096676
2025-10-10 18:00:00+00:00,197.045,196.85072150262715
2025-10-10 19:00:00+00:00,160.32,157.45748041976222
2025-10-10 20:00:00+00:00,136.02,136.72956137900056
2025-10-10 21:00:00+00:00,108.1175,120.52645695238449
2025-10-10 22:00:00+00:00,97.115,102.9902323842532
2025-10-10 23:00:00+00:00,89.4475,95.13384041745272
2025-10-11 00:00:00+00:00,88.315,92.39842697438206
2025-10-11 01:00:00+00:00,85.2925,89.22220627635843
2025-10-11 02:00:00+00:00,83.695,87.5822036069235
2025-10-11 03:00:00+00:00,85.5025,95.71084624659588
2025-10-11 04:00:00+00:00,90.265,107.30877795957466
2025-10-11 05:00:00+00:00,96.7525,110.39319406580682
2025-10-11 06:00:00+00:00,68.68,91.47599909563533
2025-10-11 07:00:00+00:00,-0.2725,53.51616751632278
2025-10-11 08:00:00+00:00,-0.0275,-0.530157655737014
2025-10-11 09:00:00+00:00,-0.16,-0.8340962046994491
2025-10-11 10:00:00+00:00,-0.1,3.8269646456286353
2025-10-11 11:00:00+00:00,-0.0525,4.053630051378974
2025-10-11 12:00:00+00:00,0.0,12.561350383440413
2025-10-11 13:00:00+00:00,20.28,36.19813527658343
2025-10-11 14:00:00+00:00,90.46,73.27659133190349
2025-10-11 15:00:00+00:00,119.5125,142.47636905640326
2025-10-11 16:00:00+00:00,145.9775,165.62506144396582
2025-10-11 17:00:00+00:00,135.3825,172.1703528839042
2025-10-11 18:00:00+00:00,122.6475,142.00566467285614
2025-10-11 19:00:00+00:00,114.425,118.55505640801836
2025-10-11 20:00:00+00:00,108.39,107.05750609264959
2025-10-11 21:00:00+00:00,95.235,98.95008600753519
2025-10-11 22:00:00+00:00,82.5925,85.65352407947546
2025-10-11 23:00:00+00:00,90.175,69.37879488847341
2025-10-12 00:00:00+00:00,89.08,87.13810055935892
2025-10-12 01:00:00+00:00,87.7575,86.10154119133794
2025-10-12 02:00:00+00:00,88.765,82.60752859969874
2025-10-12 03:00:00+00:00,89.7075,87.80916964282089
2025-10-12 04:00:00+00:00,89.605,94.71584760534273
2025-10-12 05:00:00+00:00,89.795,86.44383529718118
2025-10-12 06:00:00+00:00,21.4275,74.52668081881853
2025-10-12 07:00:00+00:00,-1.62,10.982370014770481
2025-10-12 08:00:00+00:00,-0.505,-4.480717211543606
2025-10-12 09:00:00+00:00,-0.1,-2.994011156890224
2025-10-12 10:00:00+00:00,-0.1,1.483888409801807
2025-10-12 11:00:00+00:00,-0.05,3.484107579604597
2025-10-12 12:00:00+00:00,0.0025,7.716928447186234
2025-10-12 13:00:00+00:00,41.765,25.954699111065267
2025-10-12 14:00:00+00:00,97.2375,64.76609597808765
2025-10-12 15:00:00+00:00,139.2825,120.80697351478022
2025-10-12 16:00:00+00:00,172.225,156.37615648398756
2025-10-12 17:00:00+00:00,179.0475,167.8829346263761
2025-10-12 18:00:00+00:00,169.735,163.8160302009644
2025-10-12 19:00:00+00:00,127.4275,133.41314952089053
2025-10-12 20:00:00+00:00,109.975,116.75029984775352
2025-10-12 21:00:00+00:00,94.6275,103.5804853053162
2025-10-12 22:00:00+00:00,96.42,93.49531116893205
2025-10-12 23:00:00+00:00,92.8275,92.89596415078859
2025-10-13 00:00:00+00:00,93.71,92.60891707560981
2025-10-13 01:00:00+00:00,94.775,93.21550091873881
2025-10-13 02:00:00+00:00,100.05,96.87714066235597
2025-10-13 03:00:00+00:00,107.4625,112.4433995251396
2025-10-13 04:00:00+00:00,186.5875,146.08415487687142
2025-10-13 05:00:00+00:00,263.065,204.4643189025909
2025-10-13 06:00:00+00:00,193.74,213.2218699872049
2025-10-13 07:00:00+00:00,91.99,151.30568966520508
2025-10-13 08:00:00+00:00,80.57,85.21478864921562
2025-10-13 09:00:00+00:00,34.4975,75.44407353173867
2025-10-13 10:00:00+00:00,65.0,47.60086304481035
2025-10-13 11:00:00+00:00,81.2075,76.38080475055284
2025-10-13 12:00:00+00:00,90.2,86.53498255622623
2025-10-13 13:00:00+00:00,101.8175,106.70389328775718
2025-10-13 14:00:00+00:00,205.245,127.57279514905021
2025-10-13 15:00:00+00:00,265.065,227.71159034326047
2025-10-13 16:00:00+00:00,373.5675,297.48315773186357
2025-10-13 17:00:00+00:00,379.9925,379.20765074293803
2025-10-13 18:00:00+00:00,318.0075,304.05506157127223
2025-10-13 19:00:00+00:00,225.2675,195.6208112285525
2025-10-13 20:00:00+00:00,138.7125,170.6551150266772
2025-10-13 21:00:00+00:00,120.69,116.10946724012678
2025-10-13 22:00:00+00:00,110.515,107.44730568170866
2025-10-13 23:00:00+00:00,104.8625,104.00903149078532
2025-10-14 00:00:00+00:00,101.2675,101.83702148711453
2025-10-14 01:00:00+00:00,101.7225,100.51041992436103
2025-10-14 02:00:00+00:00,103.4875,104.16758253682335
2025-10-14 03:00:00+00:00,114.6475,114.75247682007304
2025-10-14 04:00:00+00:00,206.5575,156.3112018075104
2025-10-14 05:00:00+00:00,286.855,229.71692787857347
2025-10-14 06:00:00+00:00,105.925,223.7750398345648
2025-10-14 07:00:00+00:00,42.975,87.44099583262965
2025-10-14 08:00:00+00:00,38.7025,42.63040355300711
2025-10-14 09:00:00+00:00,0.0025,34.2258746635862
2025-10-14 10:00:00+00:00,0.005,17.00902009902768
2025-10-14 11:00:00+00:00,17.865000000000002,19.022444983102744
2025-10-14 12:00:00+00:00,55.0075,42.88149047014693
2025-10-14 13:00:00+00:00,61.785,82.61079828039789
2025-10-14 14:00:00+00:00,177.8875,111.18194248593124
2025-10-14 15:00:00+00:00,300.005,258.9875328293263
2025-10-14 16:00:00+00:00,462.6975,436.2028294046466
2025-10-14 17:00:00+00:00,478.9125,441.7976317969325
2025-10-14 18:00:00+00:00,290.27750000000003,334.24473976935013
2025-10-14 19:00:00+00:00,242.615,187.4208712820454
2025-10-14 20:00:00+00:00,152.77,163.55270797449833
2025-10-14 21:00:00+00:00,128.0275,120.3066676888648
2025-10-14 22:00:00+00:00,121.37,106.7509768632216
2025-10-14 23:00:00+00:00,116.265,104.89941554767887
2025-10-15 00:00:00+00:00,111.1125,102.26510663433989
2025-10-15 01:00:00+00:00,107.6975,101.080245595865
2025-10-15 02:00:00+00:00,111.155,105.67862722048034
2025-10-15 03:00:00+00:00,134.13,122.51069529173735
2025-10-15 04:00:00+00:00,200.41,185.48817699411572
2025-10-15 05:00:00+00:00,325.605,264.70704823381595
2025-10-15 06:00:00+00:00,217.31,250.46217987688254
2025-10-15 07:00:00+00:00,98.045,168.32926444175507
2025-10-15 08:00:00+00:00,80.8175,75.66782605619593
2025-10-15 09:00:00+00:00,37.3225,67.47447322291403
2025-10-15 10:00:00+00:00,37.76,41.63161340221299
2025-10-15 11:00:00+00:00,55.6575,44.684988445179414
2025-10-15 12:00:00+00:00,79.35,63.82721269005691
2025-10-15 13:00:00+00:00,92.605,94.75905415285304
2025-10-15 14:00:00+00:00,195.1475,142.93985795745115
2025-10-15 15:00:00+00:00,271.9075,275.11681016054524
2025-10-15 16:00:00+00:00,346.0875,334.58500045481776
2025-10-15 17:00:00+00:00,311.425,375.28399043951015
2025-10-15 18:00:00+00:00,274.67,295.22226387984944
2025-10-15 19:00:00+00:00,234.095,204.28046893799626
2025-10-15 20:00:00+00:00,129.0875,182.05193754123934
2025-10-15 21:00:00+00:00,108.05,117.86451652312677
2025-10-15 22:00:00+00:00,109.0125,106.4942216261033
2025-10-15 23:00:00+00:00,103.5425,108.65605829366102
2025-10-16 00:00:00+00:00,95.8275,101.41897521335493
2025-10-16 01:00:00+00:00,96.425,94.14750962114194
2025-10-16 02:00:00+00:00,98.5425,97.39630673069777
2025-10-16 03:00:00+00:00,113.8175,108.6374902579215
2025-10-16 04:00:00+00:00,166.9675,150.23532474167197
2025-10-16 05:00:00+00:00,286.1575,207.97076286344276
2025-10-16 06:00:00+00:00,155.0175,225.34331580051688
2025-10-16 07:00:00+00:00,116.1225,122.90520284494124
2025-10-16 08:00:00+00:00,89.39,93.63120675823133
2025-10-16 09:00:00+00:00,87.36500000000001,77.08373401325214
2025-10-16 10:00:00+00:00,87.38499999999999,75.04242141585787
2025-10-16 11:00:00+00:00,88.53,79.33925504267276
2025-10-16 12:00:00+00:00,86.95,88.30673955247283
2025-10-16 13:00:00+00:00,98.31,105.03249438841837
2025-10-16 14:00:00+00:00,142.97,133.0223473386137
2025-10-16 15:00:00+00:00,203.8975,187.97118502770093
2025-10-16 16:00:00+00:00,196.51,239.15130238395756
2025-10-16 17:00:00+00:00,182.905,216.54836151031378
2025-10-16 18:00:00+00:00,178.82,180.5942386938052
2025-10-16 19:00:00+00:00,135.77,156.9666491518866
2025-10-16 20:00:00+00:00,125.3925,124.84526682628885
2025-10-16 21:00:00+00:00,105.6625,112.76951405998923
2025-10-16 22:00:00+00:00,99.5975,101.61312864564547
2025-10-16 23:00:00+00:00,92.865,96.56293074494684
2025-10-17 00:00:00+00:00,92.3825,91.08878180093848
2025-10-17 01:00:00+00:00,91.985,91.24316600290109
2025-10-17 02:00:00+00:00,93.89,92.76486423170064
2025-10-17 03:00:00+00:00,105.785,109.82369425717164
2025-10-17 04:00:00+00:00,137.3675,144.44239742197493
2025-10-17 05:00:00+00:00,148.23250000000002,172.33103242377237
2025-10-17 06:00:00+00:00,157.175,152.27112099447334
2025-10-17 07:00:00+00:00,129.02,138.03444188880115
2025-10-17 08:00:00+00:00,119.1825,116.08271466738582
2025-10-17 09:00:00+00:00,100.58,109.01838180097788
2025-10-17 10:00:00+00:00,91.9225,96.82823643203099
2025-10-17 11:00:00+00:00,92.68,94.82737648000003
2025-10-17 12:00:00+00:00,99.5025,99.25630393950662
2025-10-17 13:00:00+00:00,130.0025,112.17971555195457
2025-10-17 14:00:00+00:00,162.365,152.18924367118916
2025-10-17 15:00:00+00:00,165.79500000000002,182.74628747187165
2025-10-17 16:00:00+00:00,194.315,187.74848283310035
2025-10-17 17:00:00+00:00,176.7625,203.09470503342544
2025-10-17 18:00:00+00:00,162.225,171.78397306483052
2025-10-17 19:00:00+00:00,150.01,144.26252225703425
2025-10-17 20:00:00+00:00,136.7,137.28235909839765
2025-10-17 21:00:00+00:00,108.305,120.19022531854756
2025-10-17 22:00:00+00:00,108.085,105.97351561724876
2025-10-17 23:00:00+00:00,100.28,103.77315212178799
2025-10-18 00:00:00+00:00,95.78,100.6953783154857
2025-10-18 01:00:00+00:00,92.2775,96.95961721144464
2025-10-18 02:00:00+00:00,91.665,96.31705158923936
2025-10-18 03:00:00+00:00,102.8575,98.00885601744874
2025-10-18 04:00:00+00:00,146.2875,115.26099703382296
2025-10-18 05:00:00+00:00,170.04500000000002,146.80304833841984
2025-10-18 06:00:00+00:00,142.54,153.06080514476383
2025-10-18 07:00:00+00:00,108.085,128.35468691513552
2025-10-18 08:00:00+00:00,88.7025,106.14077523531051
2025-10-18 09:00:00+00:00,82.75999999999999,86.17199518826918
2025-10-18 10:00:00+00:00,73.7425,78.86701998316433
2025-10-18 11:00:00+00:00,47.557500000000005,75.59766637851232
2025-10-18 12:00:00+00:00,72.4175,61.24561987843727
2025-10-18 13:00:00+00:00,85.36,94.83526190631994
2025-10-18 14:00:00+00:00,139.1775,110.52455771442928
2025-10-18 15:00:00+00:00,164.1875,155.36275741549332
2025-10-18 16:00:00+00:00,185.8475,178.56199577341488
2025-10-18 17:00:00+00:00,185.6575,189.14498161645753
2025-10-18 18:00:00+00:00,164.7375,166.11038010356432
2025-10-18 19:00:00+00:00,123.9675,138.59002341831516
2025-10-18 20:00:00+00:00,108.45,118.27859786644851
2025-10-18 21:00:00+00:00,94.995,105.09199382504121
2025-10-18 22:00:00+00:00,92.96,95.57186497184901
2025-10-18 23:00:00+00:00,90.175,95.97231509200688
2025-10-19 00:00:00+00:00,87.6625,94.38221609913512
2025-10-19 01:00:00+00:00,87.71000000000001,88.7215795469788
2025-10-19 02:00:00+00:00,88.955,89.31048293490554
2025-10-19 03:00:00+00:00,90.5525,96.57300768339515
2025-10-19 04:00:00+00:00,98.6025,107.83981077056352
2025-10-19 05:00:00+00:00,105.8175,112.4271829379572
2025-10-19 06:00:00+00:00,97.9325,104.6110385042036
2025-10-19 07:00:00+00:00,85.45750000000001,88.93139156832382
2025-10-19 08:00:00+00:00,74.7175,72.02341181532351
2025-10-19 09:00:00+00:00,73.9225,66.8395546957468
2025-10-19 10:00:00+00:00,38.2425,69.21518708781218
2025-10-19 11:00:00+00:00,47.1125,37.97923725563197
2025-10-19 12:00:00+00:00,58.0,55.80418886316514
2025-10-19 13:00:00+00:00,72.74249999999999,77.1520408322382
2025-10-19 14:00:00+00:00,111.845,102.3693529078252
2025-10-19 15:00:00+00:00,148.5675,142.09420419271066
2025-10-19 16:00:00+00:00,180.74,176.7954658812327
2025-10-19 17:00:00+00:00,200.375,196.38246002603606
2025-10-19 18:00:00+00:00,182.3425,182.60708177784693
2025-10-19 19:00:00+00:00,138.2025,153.27388815863455
2025-10-19 20:00:00+00:00,129.395,119.68117845687368
2025-10-19 21:00:00+00:00,101.435,112.53472893362472
2025-10-19 22:00:00+00:00,89.16,99.7814338376082
2025-10-19 23:00:00+00:00,81.665,93.1290392613656
2025-10-20 00:00:00+00:00,80.0125,84.75718911437036
2025-10-20 01:00:00+00:00,79.9775,84.81946586850235
2025-10-20 02:00:00+00:00,87.695,87.3889698560835
2025-10-20 03:00:00+00:00,123.9675,100.14528379123945
2025-10-20 04:00:00+00:00,230.3725,160.83780074453105
2025-10-20 05:00:00+00:00,293.01,250.6683847270799
2025-10-20 06:00:00+00:00,146.045,225.50658992971523
2025-10-20 07:00:00+00:00,110.29,130.98542037097658
2025-10-20 08:00:00+00:00,86.175,103.81246334486814
2025-10-20 09:00:00+00:00,80.6575,79.54759474564247
2025-10-20 10:00:00+00:00,78.3175,80.95263165720797
2025-10-20 11:00:00+00:00,83.525,85.64531909554023
2025-10-20 12:00:00+00:00,87.6325,92.84423284568132
2025-10-20 13:00:00+00:00,107.5125,111.53764490805167
2025-10-20 14:00:00+00:00,186.7875,157.06829183806866
2025-10-20 15:00:00+00:00,276.21,212.55227296627075
2025-10-20 16:00:00+00:00,360.7025,269.8086431258498
2025-10-20 17:00:00+00:00,336.0875,301.69993482515815
2025-10-20 18:00:00+00:00,287.64,256.98545608288725
2025-10-20 19:00:00+00:00,221.1075,205.6128143317166
2025-10-20 20:00:00+00:00,157.9275,189.08543094420776
2025-10-20 21:00:00+00:00,127.53,128.77072825217326
2025-10-20 22:00:00+00:00,119.0175,114.11987372801983
2025-10-20 23:00:00+00:00,91.155,109.49097338211075
2025-10-21 00:00:00+00:00,88.0675,97.93879856830526
2025-10-21 01:00:00+00:00,86.27250000000001,94.09732791102996
2025-10-21 02:00:00+00:00,90.57,94.88249471178676
2025-10-21 03:00:00+00:00,129.29500000000002,117.38453893072271
2025-10-21 04:00:00+00:00,241.90000000000003,195.7976320711853
2025-10-21 05:00:00+00:00,305.6575,302.5211735630668
2025-10-21 06:00:00+00:00,228.655,227.60724905619594
2025-10-21 07:00:00+00:00,154.635,185.77502138322987
2025-10-21 08:00:00+00:00,128.5725,123.56353096441775
2025-10-21 09:00:00+00:00,113.2625,106.94516914048336
2025-10-21 10:00:00+00:00,103.45,100.09593961208255
2025-10-21 11:00:00+00:00,93.6025,97.20210217774573
2025-10-21 12:00:00+00:00,103.0975,97.9086618266538
2025-10-21 13:00:00+00:00,133.89499999999998,120.95527524298997
2025-10-21 14:00:00+00:00,195.9175,187.8358623579705
2025-10-21 15:00:00+00:00,227.0075,259.61999446206073
2025-10-21 16:00:00+00:00,246.53,323.9318611527493
2025-10-21 17:00:00+00:00,214.96,321.21236245941884
2025-10-21 18:00:00+00:00,171.97,238.35747456444565
2025-10-21 19:00:00+00:00,147.4025,174.02465286845782
2025-10-21 20:00:00+00:00,127.7575,140.0340506622769
2025-10-21 21:00:00+00:00,99.53,123.41876775704735
2025-10-21 22:00:00+00:00,96.3575,105.86994439284666
2025-10-21 23:00:00+00:00,96.02,98.5779402300193
2025-10-22 00:00:00+00:00,96.8625,98.43624323624348
2025-10-22 01:00:00+00:00,95.82,98.61085947603513
2025-10-22 02:00:00+00:00,95.435,99.95100369457876
2025-10-22 03:00:00+00:00,108.2725,118.52372071194876
2025-10-22 04:00:00+00:00,172.065,165.66185882498218
2025-10-22 05:00:00+00:00,181.9175,218.22916871539678
2025-10-22 06:00:00+00:00,144.2875,199.398207573271
2025-10-22 07:00:00+00:00,127.125,139.04800625376632
2025-10-22 08:00:00+00:00,108.63,123.64426453022143
2025-10-22 09:00:00+00:00,95.6575,105.07566435123607
2025-10-22 10:00:00+00:00,92.7075,93.27742393154034
2025-10-22 11:00:00+00:00,92.0775,91.29039427432524
2025-10-22 12:00:00+00:00,98.9075,98.2600559140628
2025-10-22 13:00:00+00:00,119.7725,116.54581355846402
2025-10-22 14:00:00+00:00,157.27499999999998,157.05256185383962
2025-10-22 15:00:00+00:00,200.6625,194.26038366432832
2025-10-22 16:00:00+00:00,283.4925,243.8436262012536
2025-10-22 17:00:00+00:00,269.89750000000004,272.4158550400853
2025-10-22 18:00:00+00:00,184.58,221.09844587602217
2025-10-22 19:00:00+00:00,140.84,167.28452109058233
2025-10-22 20:00:00+00:00,129.61249999999998,125.99476653564548
2025-10-22 21:00:00+00:00,115.0875,116.1649384373225
2025-10-22 22:00:00+00:00,108.555,105.92832178392047
2025-10-22 23:00:00+00:00,107.39,103.3308715508002
2025-10-23 00:00:00+00:00,100.6,103.38865123081703
2025-10-23 01:00:00+00:00,93.7,99.6301433789769
2025-10-23 02:00:00+00:00,92.3375,96.9365786341328
2025-10-23 03:00:00+00:00,119.6125,107.33990102957608
2025-10-23 04:00:00+00:00,137.51,155.47352809331613
2025-10-23 05:00:00+00:00,145.475,180.9668084431753
2025-10-23 06:00:00+00:00,136.6175,146.70353557567114
2025-10-23 07:00:00+00:00,119.355,121.6042394260417
2025-10-23 08:00:00+00:00,89.95,99.0511530937255
2025-10-23 09:00:00+00:00,66.7675,82.53280435464127
2025-10-23 10:00:00+00:00,49.52,71.14672293576444
2025-10-23 11:00:00+00:00,55.0,58.85077365533901
2025-10-23 12:00:00+00:00,73.875,68.52065171978947
2025-10-23 13:00:00+00:00,105.115,103.67862923335962
2025-10-23 14:00:00+00:00,139.1375,138.24112039775292
2025-10-23 15:00:00+00:00,136.59,178.4135526323755
2025-10-23 16:00:00+00:00,146.1675,173.5276616608793
2025-10-23 17:00:00+00:00,137.5125,169.55271931928334
2025-10-23 18:00:00+00:00,139.7,143.32252833186033
2025-10-23 19:00:00+00:00,141.725,121.65323554284132
2025-10-23 20:00:00+00:00,100.265,120.44895301178079
2025-10-23 21:00:00+00:00,80.9325,97.96326509100818
2025-10-23 22:00:00+00:00,62.9525,81.34671330417908
2025-10-23 23:00:00+00:00,50.6175,72.59141628756787
2025-10-24 00:00:00+00:00,42.17,64.79259250398204
2025-10-24 01:00:00+00:00,47.595,51.53010767409904
2025-10-24 02:00:00+00:00,55.4375,58.31409999249691
2025-10-24 03:00:00+00:00,73.7475,77.4415586447402
2025-10-24 04:00:00+00:00,108.81,107.79659987321904
2025-10-24 05:00:00+00:00,130.2875,127.02794632640071
2025-10-24 06:00:00+00:00,93.8875,126.62462295596343
2025-10-24 07:00:00+00:00,37.815,85.76276362993515
2025-10-24 08:00:00+00:00,0.0,33.004430358913154
2025-10-24 09:00:00+00:00,0.0,3.1111563040549015
2025-10-24 10:00:00+00:00,-0.025,4.721507753576901
2025-10-24 11:00:00+00:00,-0.1,8.246850576967248
2025-10-24 12:00:00+00:00,-0.025,15.526625009211386
2025-10-24 13:00:00+00:00,0.0,40.458903803257996
2025-10-24 14:00:00+00:00,81.80000000000001,53.50843332939378
2025-10-24 15:00:00+00:00,120.7025,115.32655430514114
2025-10-24 16:00:00+00:00,137.64249999999998,142.7934497571044
2025-10-24 17:00:00+00:00,145.22,146.91823394533486
2025-10-24 18:00:00+00:00,121.3375,136.87630760055686
2025-10-24 19:00:00+00:00,108.4,110.762199036671
2025-10-24 20:00:00+00:00,107.9125,101.18214477596428
2025-10-24 21:00:00+00:00,88.41,96.72808615154932
2025-10-24 22:00:00+00:00,81.9075,82.28983390335878
2025-10-24 23:00:00+00:00,76.605,73.83158127882919
2025-10-25 00:00:00+00:00,74.7,75.82272960894215
2025-10-25 01:00:00+00:00,79.2575,74.57567826434907
2025-10-25 02:00:00+00:00,83.2375,78.8401860985835
2025-10-25 03:00:00+00:00,94.845,83.68517704101276
2025-10-25 04:00:00+00:00,117.86,106.44951337039225
2025-10-25 05:00:00+00:00,125.065,129.37032041982536
2025-10-25 06:00:00+00:00,100.7525,109.41999508501966
2025-10-25 07:00:00+00:00,59.6,73.4184081068088
2025-10-25 08:00:00+00:00,46.815,46.58023302172576
2025-10-25 09:00:00+00:00,11.8,38.46233862318559
2025-10-25 10:00:00+00:00,0.1275,16.151557509221647
2025-10-25 11:00:00+00:00,0.3475,6.62277832852719
2025-10-25 12:00:00+00:00,31.335,13.03074271644698
2025-10-25 13:00:00+00:00,73.29249999999999,53.76344056930559
2025-10-25 14:00:00+00:00,108.415,98.00432454295476
2025-10-25 15:00:00+00:00,152.555,134.77775023276132
2025-10-25 16:00:00+00:00,216.195,166.20589760171404
2025-10-25 17:00:00+00:00,195.34,198.49091979187776
2025-10-25 18:00:00+00:00,157.21,168.3991765031336
2025-10-25 19:00:00+00:00,150.39,125.87626692381322
2025-10-25 20:00:00+00:00,117.86,122.87939405971674
2025-10-25 21:00:00+00:00,103.5175,106.25911284561606
2025-10-25 22:00:00+00:00,90.58,94.4695333963866
2025-10-25 23:00:00+00:00,71.745,91.54501772100485
2025-10-26 00:00:00+00:00,62.015,75.57205739633963
2025-10-26 01:00:00+00:00,60.9075,67.63370469178268
2025-10-26 02:00:00+00:00,56.05,65.7668349878231
2025-10-26 03:00:00+00:00,61.4625,63.87343739236523
2025-10-26 04:00:00+00:00,63.385000000000005,61.96471320483704
2025-10-26 05:00:00+00:00,63.6875,63.87983415072348
2025-10-26 06:00:00+00:00,52.7675,59.70339513407478
2025-10-26 07:00:00+00:00,0.0025,38.54167689242934
2025-10-26 08:00:00+00:00,0.0025,-3.788024773239698
2025-10-26 09:00:00+00:00,0.01,-1.3329873082853965
2025-10-26 10:00:00+00:00,2.01,0.38295984591556476
2025-10-26 11:00:00+00:00,8.895,5.73871127885478
2025-10-26 12:00:00+00:00,14.837500000000002,19.62998957789854
2025-10-26 13:00:00+00:00,73.3075,51.035247227154755
2025-10-26 14:00:00+00:00,114.305,99.70333856772818
2025-10-26 15:00:00+00:00,140.0075,139.23346142797985
2025-10-26 16:00:00+00:00,146.6225,164.61599039579426
2025-10-26 17:00:00+00:00,136.9125,161.6760256575005
2025-10-26 18:00:00+00:00,121.93,139.17149757867406
2025-10-26 19:00:00+00:00,115.25,118.68992086780293
2025-10-26 20:00:00+00:00,95.9075,104.41606704268419
2025-10-26 21:00:00+00:00,66.97749999999999,90.66304234905104
2025-10-26 22:00:00+00:00,36.4125,70.64662839414325
2025-10-26 23:00:00+00:00,62.385000000000005,44.268477030310464
2025-10-27 00:00:00+00:00,34.4725,60.831365718040686
2025-10-27 01:00:00+00:00,32.5675,34.576956087615756
2025-10-27 02:00:00+00:00,37.2075,36.58683707859619
2025-10-27 03:00:00+00:00,50.7075,49.8998602729293
2025-10-27 04:00:00+00:00,91.0025,93.02351669723092
2025-10-27 05:00:00+00:00,110.52,137.36924504017838
2025-10-27 06:00:00+00:00,89.8375,118.03451317026507
2025-10-27 07:00:00+00:00,78.1825,84.87846367587309
2025-10-27 08:00:00+00:00,52.475,65.11286950436607
2025-10-27 09:00:00+00:00,65.5275,47.382838503665724
2025-10-27 10:00:00+00:00,27.0,65.34975901871066
2025-10-27 11:00:00+00:00,19.5,34.507950534158496
2025-10-27 12:00:00+00:00,37.795,34.827266817609626
2025-10-27 13:00:00+00:00,83.375,69.30844057959938
2025-10-27 14:00:00+00:00,124.8875,110.95149309105715
2025-10-27 15:00:00+00:00,204.78,159.08606115163522
2025-10-27 16:00:00+00:00,224.41,212.51191810756114
2025-10-27 17:00:00+00:00,182.48,216.82079008444077
2025-10-27 18:00:00+00:00,188.695,179.3557936572258
2025-10-27 19:00:00+00:00,174.6275,159.58572051464398
2025-10-27 20:00:00+00:00,132.44,131.5559508695361
2025-10-27 21:00:00+00:00,108.3875,108.80325392401278
2025-10-27 22:00:00+00:00,101.0725,101.62007453777649
2025-10-27 23:00:00+00:00,87.7575,93.59811172388544
2025-10-28 00:00:00+00:00,84.3675,83.42781451570616
2025-10-28 01:00:00+00:00,81.9975,80.32125617014378
2025-10-28 02:00:00+00:00,81.0375,80.59150002818434
2025-10-28 03:00:00+00:00,82.8925,89.53406868278735
2025-10-28 04:00:00+00:00,99.465,112.65210552600095
2025-10-28 05:00:00+00:00,102.095,136.40147126774198
2025-10-28 06:00:00+00:00,101.85,112.60401266837988
2025-10-28 07:00:00+00:00,67.5125,90.85624077749043
2025-10-28 08:00:00+00:00,33.73,51.25791624074034
2025-10-28 09:00:00+00:00,0.0575,27.305118637583305
2025-10-28 10:00:00+00:00,0.305,6.643876231815241
2025-10-28 11:00:00+00:00,30.0,10.99193495470925
2025-10-28 12:00:00+00:00,58.99,41.317678526500316
2025-10-28 13:00:00+00:00,62.685,86.47588256324974
2025-10-28 14:00:00+00:00,131.645,112.02852178985287
2025-10-28 15:00:00+00:00,174.76749999999998,176.04171751553338
2025-10-28 16:00:00+00:00,196.515,198.55081760107822
2025-10-28 17:00:00+00:00,211.345,203.98805704910865
2025-10-28 18:00:00+00:00,192.695,191.64693708936983
2025-10-28 19:00:00+00:00,150.18,157.99095140214112
2025-10-28 20:00:00+00:00,125.3825,126.13977319056752
2025-10-28 21:00:00+00:00,110.7775,112.1638655695696
2025-10-28 22:00:00+00:00,106.4825,104.62034189601566
2025-10-28 23:00:00+00:00,83.285,98.83957540065498
2025-10-29 00:00:00+00:00,83.13499999999999,86.16778253661789
2025-10-29 01:00:00+00:00,78.185,86.46858009650198
2025-10-29 02:00:00+00:00,75.685,87.18508124648329
2025-10-29 03:00:00+00:00,86.075,93.31149533995409
2025-10-29 04:00:00+00:00,113.395,111.80849653788162
2025-10-29 05:00:00+00:00,127.635,135.98956316109957
2025-10-29 06:00:00+00:00,110.9325,121.9570915648618
2025-10-29 07:00:00+00:00,100.2,91.64549099714083
2025-10-29 08:00:00+00:00,71.7825,73.67456941650852
2025-10-29 09:00:00+00:00,5.225,56.180382258950274
2025-10-29 10:00:00+00:00,5.55,12.731051270874403
2025-10-29 11:00:00+00:00,49.6775,19.77423067206189
2025-10-29 12:00:00+00:00,77.39750000000001,65.2718289279218
2025-10-29 13:00:00+00:00,89.0475,96.1113755013333
2025-10-29 14:00:00+00:00,127.635,122.47103045510862
2025-10-29 15:00:00+00:00,221.195,173.61765573674927
2025-10-29 16:00:00+00:00,160.9425,232.49016574128404
2025-10-29 17:00:00+00:00,140.33249999999998,188.00562469589258
2025-10-29 18:00:00+00:00,146.2975,149.5030924026817
2025-10-29 19:00:00+00:00,150.54500000000002,129.0772574709283
2025-10-29 20:00:00+00:00,137.98250000000002,125.3830011080694
2025-10-29 21:00:00+00:00,122.9025,115.97891620916704
2025-10-29 22:00:00+00:00,108.1675,109.75352775337797
2025-10-29 23:00:00+00:00,97.8275,100.97304637033578
2025-10-30 00:00:00+00:00,83.5525,95.59902529364504
2025-10-30 01:00:00+00:00,83.5875,82.71827927288692
2025-10-30 02:00:00+00:00,80.5825,84.1190376761845
2025-10-30 03:00:00+00:00,90.1675,93.02187870916228
2025-10-30 04:00:00+00:00,139.8,117.00772151631115
2025-10-30 05:00:00+00:00,151.275,150.01622863996747
2025-10-30 06:00:00+00:00,130.68,133.68022420594434
2025-10-30 07:00:00+00:00,96.1375,106.45795624673731
2025-10-30 08:00:00+00:00,40.6525,74.4867946082901
2025-10-30 09:00:00+00:00,0.01,31.286229255290152
2025-10-30 10:00:00+00:00,15.755,8.125012279097703
2025-10-30 11:00:00+00:00,66.32249999999999,24.331024607782552
2025-10-30 12:00:00+00:00,88.19,76.50257066256307
2025-10-30 13:00:00+00:00,115.9775,103.80556075125156
2025-10-30 14:00:00+00:00,156.82,139.36681889581843
2025-10-30 15:00:00+00:00,199.5525,187.07369676326573
2025-10-30 16:00:00+00:00,191.645,196.6367100530004
2025-10-30 17:00:00+00:00,177.73250000000002,185.159458393442
2025-10-30 18:00:00+00:00,175.645,162.25111855320847
2025-10-30 19:00:00+00:00,134.12,148.24682738361966
2025-10-30 20:00:00+00:00,116.155,117.44144456801833
2025-10-30 21:00:00+00:00,108.37,109.46776569279527
2025-10-30 22:00:00+00:00,96.595,100.50357317750235
2025-10-30 23:00:00+00:00,103.235,92.22554315603064
2025-10-31 00:00:00+00:00,91.5125,97.11189870436374
2025-10-31 01:00:00+00:00,87.48750000000001,90.68536444027173
2025-10-31 02:00:00+00:00,87.475,83.94986870147383
2025-10-31 03:00:00+00:00,93.755,91.86075372699062
2025-10-31 04:00:00+00:00,116.5825,114.17083436801511
2025-10-31 05:00:00+00:00,136.9025,137.53420057660938
2025-10-31 06:00:00+00:00,127.2175,127.40219189333841
2025-10-31 07:00:00+00:00,113.735,106.22033198744393
2025-10-31 08:00:00+00:00,87.045,93.701764984511
2025-10-31 09:00:00+00:00,79.8825,73.58106201929205
2025-10-31 10:00:00+00:00,78.3575,73.09048682563414
2025-10-31 11:00:00+00:00,80.0975,76.44870690721606
2025-10-31 12:00:00+00:00,88.75,81.38854158054808
2025-10-31 13:00:00+00:00,119.1,100.8153714947563
2025-10-31 14:00:00+00:00,183.5525,139.0681407124352
2025-10-31 15:00:00+00:00,250.465,197.56328652320377
2025-10-31 16:00:00+00:00,287.0,221.89720664238266
2025-10-31 17:00:00+00:00,273.4925,235.58951522054562
2025-10-31 18:00:00+00:00,250.78,212.68878914540295
2025-10-31 19:00:00+00:00,184.865,170.8320144825909
2025-10-31 20:00:00+00:00,140.5425,146.5393018496789
2025-10-31 21:00:00+00:00,137.51749999999998,118.0816786600491
2025-10-31 22:00:00+00:00,101.95,113.5643903536544
2025-10-31 23:00:00+00:00,113.9125,100.44817835341219
2025-11-01 00:00:00+00:00,88.52,105.38846245912119
2025-11-01 01:00:00+00:00,78.67999999999999,88.59095063013964
2025-11-01 02:00:00+00:00,75.5375,85.72813577983354
2025-11-01 03:00:00+00:00,78.7775,86.50236541332255
2025-11-01 04:00:00+00:00,90.2075,95.46685000239545
2025-11-01 05:00:00+00:00,105.31,112.72526616896312
2025-11-01 06:00:00+00:00,73.99,109.4256076731937
2025-11-01 07:00:00+00:00,55.3125,75.76900329588352
2025-11-01 08:00:00+00:00,42.52,55.634138222114316
2025-11-01 09:00:00+00:00,18.3,44.09389231357537
2025-11-01 10:00:00+00:00,15.7575,30.98762446569657
2025-11-01 11:00:00+00:00,21.015,28.229945060083836
2025-11-01 12:00:00+00:00,30.6225,37.0406257611923
2025-11-01 13:00:00+00:00,65.1875,68.29849301481521
2025-11-01 14:00:00+00:00,92.17,123.8467384766562
2025-11-01 15:00:00+00:00,159.435,160.20863306318006
2025-11-01 16:00:00+00:00,131.7625,191.50673641192606
2025-11-01 17:00:00+00:00,123.8175,174.65706805548712
2025-11-01 18:00:00+00:00,116.68,152.66889528609252
2025-11-01 19:00:00+00:00,140.735,128.5615150434041
2025-11-01 20:00:00+00:00,140.2,126.41770740650362
2025-11-01 21:00:00+00:00,109.22,122.78306735675443
2025-11-01 22:00:00+00:00,90.2375,103.78673722498395
2025-11-01 23:00:00+00:00,82.9175,92.14146992526568
2025-11-02 00:00:00+00:00,78.725,78.95979586152481
2025-11-02 01:00:00+00:00,76.255,77.17041723862593
2025-11-02 02:00:00+00:00,76.315,76.09628901962583
2025-11-02 03:00:00+00:00,77.38,78.09616722039651
2025-11-02 04:00:00+00:00,79.565,81.4114905695253
2025-11-02 05:00:00+00:00,83.62,84.48992198836773
2025-11-02 06:00:00+00:00,80.1375,72.48472673660493
2025-11-02 07:00:00+00:00,80.9125,60.6954020038212
2025-11-02 08:00:00+00:00,22.8425,57.04772493720384
2025-11-02 09:00:00+00:00,6.779999999999999,15.241197813262005
2025-11-02 10:00:00+00:00,14.71,12.256374504300396
2025-11-02 11:00:00+00:00,26.7925,21.64239678556511
2025-11-02 12:00:00+00:00,56.01,29.214487785031295
2025-11-02 13:00:00+00:00,95.985,75.07929834557338
2025-11-02 14:00:00+00:00,122.6825,112.23116080223704
2025-11-02 15:00:00+00:00,125.0025,149.00163330168283
2025-11-02 16:00:00+00:00,128.6625,145.09954241064597
2025-11-02 17:00:00+00:00,139.9325,141.66805580435434
2025-11-02 18:00:00+00:00,134.0275,128.69397313617657
2025-11-02 19:00:00+00:00,136.805,121.25521887412363
2025-11-02 20:00:00+00:00,105.245,120.3071718064577
2025-11-02 21:00:00+00:00,101.7875,97.70731240258908
2025-11-02 22:00:00+00:00,89.09,94.46342211738052
2025-11-02 23:00:00+00:00,86.52,86.74743050446558
2025-11-03 00:00:00+00:00,79.2525,76.96896618384008
2025-11-03 01:00:00+00:00,81.4525,75.27161415938878
2025-11-03 02:00:00+00:00,81.1575,77.303730911501
2025-11-03 03:00:00+00:00,84.3125,83.05326213828037
2025-11-03 04:00:00+00:00,96.1375,95.52252025494175
2025-11-03 05:00:00+00:00,122.635,113.50172591659012
2025-11-03 06:00:00+00:00,127.73250000000002,117.581850928833
2025-11-03 07:00:00+00:00,85.945,107.16482566538502
2025-11-03 08:00:00+00:00,58.19,72.22516123689324
2025-11-03 09:00:00+00:00,26.7925,57.90120535906688
2025-11-03 10:00:00+00:00,48.97,36.36010368100891
2025-11-03 11:00:00+00:00,78.7925,56.81688255469645
2025-11-03 12:00:00+00:00,87.2975,81.80264621924606
2025-11-03 13:00:00+00:00,108.5075,101.69911389224549
2025-11-03 14:00:00+00:00,158.4025,131.2008783186709
2025-11-03 15:00:00+00:00,209.5625,175.818639532308
2025-11-03 16:00:00+00:00,167.2,203.6593579909133
2025-11-03 17:00:00+00:00,234.035,174.3885403873736
2025-11-03 18:00:00+00:00,224.225,189.86872003914223
2025-11-03 19:00:00+00:00,162.5775,172.3401673052278
2025-11-03 20:00:00+00:00,137.405,125.33955478943227
2025-11-03 21:00:00+00:00,122.13,114.29167742952413
2025-11-03 22:00:00+00:00,97.4525,110.35779214758944
2025-11-03 23:00:00+00:00,92.095,93.41810410879815
2025-11-04 00:00:00+00:00,82.7775,92.16874749215415
2025-11-04 01:00:00+00:00,82.65,82.80380918071839
2025-11-04 02:00:00+00:00,82.655,84.2437500182843
2025-11-04 03:00:00+00:00,87.1425,88.82770945126461
2025-11-04 04:00:00+00:00,116.6475,102.24208614568889
2025-11-04 05:00:00+00:00,166.335,134.17165807169323
2025-11-04 06:00:00+00:00,135.0075,157.72775092433187
2025-11-04 07:00:00+00:00,115.0025,116.28273261239191
2025-11-04 08:00:00+00:00,98.4575,98.65180617445498
2025-11-04 09:00:00+00:00,90.465,87.55819329917713
2025-11-04 10:00:00+00:00,88.5325,88.91850332412267
2025-11-04 11:00:00+00:00,95.995,87.67586223343648
2025-11-04 12:00:00+00:00,89.42750000000001,98.06896544963993
2025-11-04 13:00:00+00:00,111.1975,108.65336028031322
2025-11-04 14:00:00+00:00,197.4475,143.20934388417675
2025-11-04 15:00:00+00:00,240.23,215.85486780749238
2025-11-04 16:00:00+00:00,189.865,222.31413652500805
2025-11-04 17:00:00+00:00,271.4,212.16322922895478
2025-11-04 18:00:00+00:00,208.25,223.2874291004176
2025-11-04 19:00:00+00:00,157.98749999999998,165.74476402332414
2025-11-04 20:00:00+00:00,118.6725,131.67318331729413
2025-11-04 21:00:00+00:00,108.355,110.38780392399477
2025-11-04 22:00:00+00:00,94.0525,100.80266383219222
2025-11-04 23:00:00+00:00,93.885,91.6371512546623
2025-11-05 00:00:00+00:00,88.9825,91.71805468778317
2025-11-05 01:00:00+00:00,88.4425,89.88328224852506
2025-11-05 02:00:00+00:00,81.64750000000001,88.34181159703283
2025-11-05 03:00:00+00:00,84.35249999999999,89.837772735502
2025-11-05 04:00:00+00:00,102.2025,104.21364048456648
2025-11-05 05:00:00+00:00,122.5425,135.28979364118084
2025-11-05 06:00:00+00:00,146.4675,137.27642075843178
2025-11-05 07:00:00+00:00,123.5075,131.8903355285335
2025-11-05 08:00:00+00:00,107.5175,108.96231773609532
2025-11-05 09:00:00+00:00,104.5225,97.93181434291478
2025-11-05 10:00:00+00:00,96.175,96.65616668070396
2025-11-05 11:00:00+00:00,91.8425,92.36805468675911
2025-11-05 12:00:00+00:00,93.7975,97.06097087744193
2025-11-05 13:00:00+00:00,108.1375,112.472567194693
2025-11-05 14:00:00+00:00,135.1125,143.43224516794905
2025-11-05 15:00:00+00:00,225.8025,178.19132823381392
2025-11-05 16:00:00+00:00,190.45,212.9489550840161
2025-11-05 17:00:00+00:00,190.0,192.70219405645466
2025-11-05 18:00:00+00:00,190.08,174.7639713762359
2025-11-05 19:00:00+00:00,157.8025,159.69302548068387
2025-11-05 20:00:00+00:00,117.015,131.9427538240551
2025-11-05 21:00:00+00:00,111.31,107.30790080900496
2025-11-05 22:00:00+00:00,105.1,101.45651940289889
2025-11-05 23:00:00+00:00,93.0,96.55536598340618
2025-11-06 00:00:00+00:00,93.0,92.68372776094049
2025-11-06 01:00:00+00:00,93.0,92.88664687957488
2025-11-06 02:00:00+00:00,95.7375,93.43725649422763
2025-11-06 03:00:00+00:00,96.985,100.22090255871997
2025-11-06 04:00:00+00:00,105.1,117.28983416592064
2025-11-06 05:00:00+00:00,145.98250000000002,133.73204335798096
2025-11-06 06:00:00+00:00,144.785,147.44520635520178
2025-11-06 07:00:00+00:00,120.365,130.43070809973548
2025-11-06 08:00:00+00:00,102.83,105.22671619816158
2025-11-06 09:00:00+00:00,98.0,93.90434704977125
2025-11-06 10:00:00+00:00,94.75,90.91075909437454
2025-11-06 11:00:00+00:00,94.4075,92.49812734552631
2025-11-06 12:00:00+00:00,94.13,97.34236480689796
2025-11-06 13:00:00+00:00,105.2125,112.81804644246975
2025-11-06 14:00:00+00:00,162.4525,134.75170471674514
2025-11-06 15:00:00+00:00,243.55,186.9085738021883
2025-11-06 16:00:00+00:00,241.81,216.45849603372835
2025-11-06 17:00:00+00:00,207.7475,212.06189486572123
2025-11-06 18:00:00+00:00,200.6425,188.72476851940354
2025-11-06 19:00:00+00:00,151.65,162.31909698432094
2025-11-06 20:00:00+00:00,127.59,127.65450468883526
2025-11-06 21:00:00+00:00,117.7025,115.11900421115638
2025-11-06 22:00:00+00:00,106.46,105.58844866953353
2025-11-06 23:00:00+00:00,93.0175,100.55669943432594
2025-11-07 00:00:00+00:00,91.46,93.46939313296033
2025-11-07 01:00:00+00:00,92.49,92.3039633629381
2025-11-07 02:00:00+00:00,93.3625,93.54724901284345
2025-11-07 03:00:00+00:00,94.435,100.58445914449968
2025-11-07 04:00:00+00:00,104.895,111.35945019532112
2025-11-07 05:00:00+00:00,160.4725,135.22647244443323
2025-11-07 06:00:00+00:00,173.8975,154.39114863378563
2025-11-07 07:00:00+00:00,128.0025,144.8497854470616
2025-11-07 08:00:00+00:00,110.11,109.76188706413916
2025-11-07 09:00:00+00:00,96.005,98.88546958051717
2025-11-07 10:00:00+00:00,97.98,91.8772991581504
2025-11-07 11:00:00+00:00,92.455,94.89127028777835
2025-11-07 12:00:00+00:00,94.78,96.81450690698597
2025-11-07 13:00:00+00:00,120.22,115.00717315891326
2025-11-07 14:00:00+00:00,216.305,161.229422814671
2025-11-07 15:00:00+00:00,275.315,244.23353965225027
2025-11-07 16:00:00+00:00,339.4775,272.80060035033625
2025-11-07 17:00:00+00:00,154.005,283.1016349134354
2025-11-07 18:00:00+00:00,149.78,173.72934991576096
2025-11-07 19:00:00+00:00,131.1275,140.48559217894478
2025-11-07 20:00:00+00:00,113.5,126.27957693143436
2025-11-07 21:00:00+00:00,108.92,114.4701880967339
2025-11-07 22:00:00+00:00,101.445,105.6176032152528
2025-11-07 23:00:00+00:00,103.81,100.20789261775386
2025-11-08 00:00:00+00:00,100.6025,98.94277364474726
2025-11-08 01:00:00+00:00,98.455,96.65566349183106
2025-11-08 02:00:00+00:00,96.9175,93.82188667661028
2025-11-08 03:00:00+00:00,98.635,94.44783854502332
2025-11-08 04:00:00+00:00,101.3925,101.8377676402887
2025-11-08 05:00:00+00:00,104.7975,117.8690422217954
2025-11-08 06:00:00+00:00,111.615,121.22662655352607
2025-11-08 07:00:00+00:00,112.4825,108.97610652228428
2025-11-08 08:00:00+00:00,109.3425,98.74517936266793
2025-11-08 09:00:00+00:00,102.64,93.96085362029876
2025-11-08 10:00:00+00:00,102.54,91.93267587190499
2025-11-08 11:00:00+00:00,98.8475,93.27069321898313
2025-11-08 12:00:00+00:00,102.59,95.45804333298234
2025-11-08 13:00:00+00:00,104.455,117.20303946683987
2025-11-08 14:00:00+00:00,122.1325,139.9352302377634
2025-11-08 15:00:00+00:00,147.9525,166.4907867081479
2025-11-08 16:00:00+00:00,138.725,167.27893276387866
2025-11-08 17:00:00+00:00,134.3175,140.4691503116794
2025-11-08 18:00:00+00:00,132.51999999999998,130.99351098522607
2025-11-08 19:00:00+00:00,125.1225,124.87939908552872
2025-11-08 20:00:00+00:00,115.4825,118.01229780058276
2025-11-08 21:00:00+00:00,108.0,106.62426132779768
2025-11-08 22:00:00+00:00,98.16,101.44896714571061
2025-11-08 23:00:00+00:00,97.985,93.69723722508958
2025-11-09 00:00:00+00:00,96.495,94.72164748099715
2025-11-09 01:00:00+00:00,95.0375,93.56414633200298
2025-11-09 02:00:00+00:00,93.4225,93.88111672113048
2025-11-09 03:00:00+00:00,94.0025,93.07248202475907
2025-11-09 04:00:00+00:00,93.865,96.80877404241812
2025-11-09 05:00:00+00:00,91.5725,99.88364196080454
2025-11-09 06:00:00+00:00,94.115,99.46165450737439
2025-11-09 07:00:00+00:00,100.8275,95.53853702397709
2025-11-09 08:00:00+00:00,100.2925,91.84192487237641
2025-11-09 09:00:00+00:00,98.2125,87.97569712501101
2025-11-09 10:00:00+00:00,100.625,88.67419996283512
2025-11-09 11:00:00+00:00,101.0675,93.55940411696
2025-11-09 12:00:00+00:00,103.1725,102.32879416940335
2025-11-09 13:00:00+00:00,105.1,108.3622225336618
2025-11-09 14:00:00+00:00,112.285,118.13771378130274
2025-11-09 15:00:00+00:00,126.2225,129.2505452074777
2025-11-09 16:00:00+00:00,132.48250000000002,133.6648548946535
2025-11-09 17:00:00+00:00,129.6975,136.02784717586852
2025-11-09 18:00:00+00:00,130.54500000000002,124.08649072655136
2025-11-09 19:00:00+00:00,123.6675,119.45801814321369
2025-11-09 20:00:00+00:00,112.5375,109.9685108403171
2025-11-09 21:00:00+00:00,105.1,102.2463155435635
2025-11-09 22:00:00+00:00,94.6525,94.93866161714459
2025-11-09 23:00:00+00:00,92.0425,90.43916906283219
2025-11-10 00:00:00+00:00,90.665,89.71046372721527
2025-11-10 01:00:00+00:00,92.205,90.05845581552055
2025-11-10 02:00:00+00:00,91.5025,92.17502391360819
2025-11-10 03:00:00+00:00,91.385,98.0637153971742
2025-11-10 04:00:00+00:00,96.8625,104.5979056382971
2025-11-10 05:00:00+00:00,118.925,113.20091866341002
2025-11-10 06:00:00+00:00,142.8975,123.99323690377365
2025-11-10 07:00:00+00:00,141.6375,129.0072955371714
2025-11-10 08:00:00+00:00,114.435,122.68106685093132
2025-11-10 09:00:00+00:00,105.5075,106.69076090080753
2025-11-10 10:00:00+00:00,105.1,103.29402628309485
2025-11-10 11:00:00+00:00,104.4025,108.05595024256115
2025-11-10 12:00:00+00:00,116.2925,109.35177053891825
2025-11-10 13:00:00+00:00,146.505,123.88042659014975
2025-11-10 14:00:00+00:00,171.01,156.596912373709
2025-11-10 15:00:00+00:00,183.26,177.58197096090072
2025-11-10 16:00:00+00:00,164.325,184.07288410937744
2025-11-10 17:00:00+00:00,155.015,169.70438456595622
2025-11-10 18:00:00+00:00,142.1625,155.48859253797573
2025-11-10 19:00:00+00:00,140.7825,127.07220828197005
2025-11-10 20:00:00+00:00,115.0375,122.2406904959076
2025-11-10 21:00:00+00:00,112.09,105.58855298801275
2025-11-10 22:00:00+00:00,99.4825,101.03309342609387
2025-11-10 23:00:00+00:00,91.8625,95.6469764222575
2025-11-11 00:00:00+00:00,91.015,92.51526108333431
2025-11-11 01:00:00+00:00,87.38,92.03261073408893
2025-11-11 02:00:00+00:00,90.895,87.41164831348131
2025-11-11 03:00:00+00:00,91.79,97.74597156612109
2025-11-11 04:00:00+00:00,107.5975,107.11605278775082
2025-11-11 05:00:00+00:00,151.8,132.32898614736328
2025-11-11 06:00:00+00:00,146.5025,144.76530509233476
2025-11-11 07:00:00+00:00,123.9025,128.57678592254248
2025-11-11 08:00:00+00:00,91.01,104.19352118294515
2025-11-11 09:00:00+00:00,66.0075,83.92931408362571
2025-11-11 10:00:00+00:00,54.09,72.84903784496909
2025-11-11 11:00:00+00:00,85.1425,69.88139912398213
2025-11-11 12:00:00+00:00,94.8275,92.93543185366988
2025-11-11 13:00:00+00:00,109.1675,115.20914988513432
2025-11-11 14:00:00+00:00,129.41750000000002,145.632252020997
2025-11-11 15:00:00+00:00,142.10500000000002,165.30230262260048
2025-11-11 16:00:00+00:00,161.78,158.70390943365837
2025-11-11 17:00:00+00:00,143.3325,172.59659303093474
2025-11-11 18:00:00+00:00,149.2225,146.59852755262105
2025-11-11 19:00:00+00:00,127.265,135.57651780106485
2025-11-11 20:00:00+00:00,120.965,116.3046576041826
2025-11-11 21:00:00+00:00,115.0975,109.9965433776337
2025-11-11 22:00:00+00:00,104.8775,105.29703716817703
2025-11-11 23:00:00+00:00,104.73,99.14810164480778
2025-11-12 00:00:00+00:00,94.6825,100.53773111030986
2025-11-12 01:00:00+00:00,92.5525,94.54856681089595
2025-11-12 02:00:00+00:00,94.9675,94.85344458108793
2025-11-12 03:00:00+00:00,98.7625,99.37528276050196
2025-11-12 04:00:00+00:00,111.56,109.466486958906
2025-11-12 05:00:00+00:00,152.6125,135.23001218837484
2025-11-12 06:00:00+00:00,152.32,149.74474629094567
2025-11-12 07:00:00+00:00,123.9325,131.45293774088117
2025-11-12 08:00:00+00:00,91.515,102.70275961040959
2025-11-12 09:00:00+00:00,63.81,80.96135014343052
2025-11-12 10:00:00+00:00,66.325,64.33601052527736
2025-11-12 11:00:00+00:00,81.6825,78.35537138872675
2025-11-12 12:00:00+00:00,93.055,88.9971225292668
2025-11-12 13:00:00+00:00,110.57,106.35936288113672
2025-11-12 14:00:00+00:00,156.7825,135.16064525716706
2025-11-12 15:00:00+00:00,239.995,176.48687070113036
2025-11-12 16:00:00+00:00,261.9725,212.97878381922013
2025-11-12 17:00:00+00:00,245.5875,214.46641885551492
2025-11-12 18:00:00+00:00,235.7725,212.55210740815184
2025-11-12 19:00:00+00:00,181.7625,171.57113568567377
2025-11-12 20:00:00+00:00,127.545,152.04373656365516
2025-11-12 21:00:00+00:00,125.1775,115.87312032580907
2025-11-12 22:00:00+00:00,108.3475,112.73384050824197
2025-11-12 23:00:00+00:00,113.29,103.30314490366477
2025-11-13 00:00:00+00:00,108.635,106.09610383811517
2025-11-13 01:00:00+00:00,105.1025,103.29275329607144
2025-11-13 02:00:00+00:00,104.6225,103.01247221912732
2025-11-13 03:00:00+00:00,104.79,108.2104802934904
2025-11-13 04:00:00+00:00,141.4925,123.89855466546943
2025-11-13 05:00:00+00:00,174.6475,163.6859028233954
2025-11-13 06:00:00+00:00,143.25,159.37850498285113
2025-11-13 07:00:00+00:00,114.8575,126.3437006189562
2025-11-13 08:00:00+00:00,84.955,92.06399523586784
2025-11-13 09:00:00+00:00,30.675,69.1029765170493
2025-11-13 10:00:00+00:00,8.2075,37.76726108620342
2025-11-13 11:00:00+00:00,56.82,30.973418335095772
2025-11-13 12:00:00+00:00,81.1375,76.57327414098529
2025-11-13 13:00:00+00:00,117.68,105.14023289463051
2025-11-13 14:00:00+00:00,194.3575,155.39909798169754
2025-11-13 15:00:00+00:00,289.115,243.22218210992352
2025-11-13 16:00:00+00:00,299.4675,295.35358927311836
2025-11-13 17:00:00+00:00,302.1425,289.8742691262595
2025-11-13 18:00:00+00:00,286.3025,257.93910259904544
2025-11-13 19:00:00+00:00,220.4175,200.2776936145971
2025-11-13 20:00:00+00:00,138.24,171.38085687980626
2025-11-13 21:00:00+00:00,122.8275,125.43744911109785
2025-11-13 22:00:00+00:00,119.745,114.05768648145876
2025-11-13 23:00:00+00:00,106.605,114.11436940955296
2025-11-14 00:00:00+00:00,105.14,106.27392434375037
2025-11-14 01:00:00+00:00,104.5,104.25084860462096
2025-11-14 02:00:00+00:00,102.1475,104.68765090352174
2025-11-14 03:00:00+00:00,101.2925,109.41506497879051
2025-11-14 04:00:00+00:00,127.0325,124.24693890405594
2025-11-14 05:00:00+00:00,135.47,167.32146747590423
2025-11-14 06:00:00+00:00,132.74,145.99058912078115
2025-11-14 07:00:00+00:00,127.785,117.74211407355935
2025-11-14 08:00:00+00:00,64.8675,103.8120914502725
2025-11-14 09:00:00+00:00,18.165,58.03042632186384
2025-11-14 10:00:00+00:00,8.790000000000001,29.09387065901622
2025-11-14 11:00:00+00:00,58.8175,25.48964871673101
2025-11-14 12:00:00+00:00,68.42,74.60637043052
2025-11-14 13:00:00+00:00,120.485,106.3528358950831
2025-11-14 14:00:00+00:00,174.95749999999998,170.69168571242008
2025-11-14 15:00:00+00:00,255.68,243.45158176742524
2025-11-14 16:00:00+00:00,196.935,302.10858345219253
2025-11-14 17:00:00+00:00,166.23,221.21678046256935
2025-11-14 18:00:00+00:00,155.735,175.4150027349387
2025-11-14 19:00:00+00:00,127.0375,149.0229440921491
2025-11-14 20:00:00+00:00,113.845,118.50544332299181
2025-11-14 21:00:00+00:00,111.52,111.10555096736455
2025-11-14 22:00:00+00:00,104.68,108.11318169214266
2025-11-14 23:00:00+00:00,115.16,101.87412065604511
2025-11-15 00:00:00+00:00,101.2375,109.08497466344112
2025-11-15 01:00:00+00:00,98.42,101.05832679476256
2025-11-15 02:00:00+00:00,94.19,96.91143090104559
2025-11-15 03:00:00+00:00,96.33,97.76560367279082
2025-11-15 04:00:00+00:00,102.915,107.1610725390657
2025-11-15 05:00:00+00:00,108.38,116.15190119076314
2025-11-15 06:00:00+00:00,107.575,108.81038323754031
2025-11-15 07:00:00+00:00,88.635,101.4369527002864
2025-11-15 08:00:00+00:00,52.89,71.72338458682114
2025-11-15 09:00:00+00:00,0.0025,44.45771453550326
2025-11-15 10:00:00+00:00,0.005,9.391919281442796
2025-11-15 11:00:00+00:00,42.28,13.709578957457154
2025-11-15 12:00:00+00:00,74.8175,61.11422487877482
2025-11-15 13:00:00+00:00,112.145,102.14183655952276
2025-11-15 14:00:00+00:00,134.0275,143.26496412769131
2025-11-15 15:00:00+00:00,179.2525,171.1511360144991
2025-11-15 16:00:00+00:00,160.0725,190.08554766084535
2025-11-15 17:00:00+00:00,145.335,163.75603793121456
2025-11-15 18:00:00+00:00,141.555,140.77778441201963
2025-11-15 19:00:00+00:00,125.84,123.95072335559846
2025-11-15 20:00:00+00:00,115.49,115.07224174392573
2025-11-15 21:00:00+00:00,113.8925,107.59290860544499
2025-11-15 22:00:00+00:00,108.0,106.03763093582127
2025-11-15 23:00:00+00:00,108.165,105.51548292769762
2025-11-16 00:00:00+00:00,100.315,104.11049699630878
2025-11-16 01:00:00+00:00,99.685,97.99372338654193
2025-11-16 02:00:00+00:00,100.68,98.72912447316378
2025-11-16 03:00:00+00:00,101.56,100.46523805032798
2025-11-16 04:00:00+00:00,104.5125,105.50498026027296
2025-11-16 05:00:00+00:00,105.1,109.17883385903086
2025-11-16 06:00:00+00:00,100.385,100.30403036015615
2025-11-16 07:00:00+00:00,86.925,87.6004863572222
2025-11-16 08:00:00+00:00,34.7725,67.85607307159125
2025-11-16 09:00:00+00:00,1.2575,32.60669841314861
2025-11-16 10:00:00+00:00,0.01,17.241003014314373
2025-11-16 11:00:00+00:00,18.02,15.253753598390645
2025-11-16 12:00:00+00:00,45.795,42.163081252482314
2025-11-16 13:00:00+00:00,98.5275,82.43755231068826
2025-11-16 14:00:00+00:00,121.0575,120.39258618941719
2025-11-16 15:00:00+00:00,142.41,148.72812443132787
2025-11-16 16:00:00+00:00,134.91,152.79284449396215
2025-11-16 17:00:00+00:00,127.4975,142.0018256275069
2025-11-16 18:00:00+00:00,120.775,127.2433689465358
2025-11-16 19:00:00+00:00,115.4275,113.64988776103112
2025-11-16 20:00:00+00:00,107.3725,107.3210285213033
2025-11-16 21:00:00+00:00,99.0625,101.85599060949595
2025-11-16 22:00:00+00:00,87.84,96.85386955132108
2025-11-16 23:00:00+00:00,90.975,87.06983041013359
2025-11-17 00:00:00+00:00,82.36,93.77039361891707
2025-11-17 01:00:00+00:00,76.0125,83.95008449273872
2025-11-17 02:00:00+00:00,74.62,84.19570544815315
2025-11-17 03:00:00+00:00,78.5675,87.79843093133184
2025-11-17 04:00:00+00:00,90.68,100.83536596421891
2025-11-17 05:00:00+00:00,108.905,118.37622555356063
2025-11-17 06:00:00+00:00,120.0025,125.15740905335493
2025-11-17 07:00:00+00:00,116.535,116.73846586269637
2025-11-17 08:00:00+00:00,99.9475,100.52145380324897
2025-11-17 09:00:00+00:00,29.8225,89.65625439565969
2025-11-17 10:00:00+00:00,0.0325,38.35102548796513
2025-11-17 11:00:00+00:00,19.75,21.292401015360667
2025-11-17 12:00:00+00:00,76.17,40.12475178883831
2025-11-17 13:00:00+00:00,106.27,100.62800969797621
2025-11-17 14:00:00+00:00,115.18,132.0371954963812
2025-11-17 15:00:00+00:00,121.3725,137.12441950027684
2025-11-17 16:00:00+00:00,118.91,138.59852578152825
2025-11-17 17:00:00+00:00,116.7,131.18611773245613
2025-11-17 18:00:00+00:00,110.7125,115.87376673790016
2025-11-17 19:00:00+00:00,103.1075,103.73127456995789
2025-11-17 20:00:00+00:00,93.75,94.58584331972456
2025-11-17 21:00:00+00:00,90.45,85.7841929166062
2025-11-17 22:00:00+00:00,81.1975,85.54048186846626
2025-11-17 23:00:00+00:00,83.47,75.12616704130986
2025-11-18 00:00:00+00:00,83.3075,79.73362245921805
2025-11-18 01:00:00+00:00,79.49000000000001,77.6576192040566
2025-11-18 02:00:00+00:00,78.295,79.151783863941
2025-11-18 03:00:00+00:00,81.2125,84.50857078349796
2025-11-18 04:00:00+00:00,84.325,93.78123356458815
2025-11-18 05:00:00+00:00,102.065,105.84528922077156
2025-11-18 06:00:00+00:00,117.41,117.06356999757357
2025-11-18 07:00:00+00:00,120.4225,112.12931413376518
2025-11-18 08:00:00+00:00,91.985,104.20302728100162
2025-11-18 09:00:00+00:00,85.915,77.21503517814958
2025-11-18 10:00:00+00:00,86.1425,72.0516609037396
2025-11-18 11:00:00+00:00,86.3325,78.80378012596934
2025-11-18 12:00:00+00:00,92.2825,85.03238338526566
2025-11-18 13:00:00+00:00,116.0175,103.52730374926546
2025-11-18 14:00:00+00:00,129.09,122.98663957562901
2025-11-18 15:00:00+00:00,135.66,134.29856478861333
2025-11-18 16:00:00+00:00,139.325,138.78336928760228
2025-11-18 17:00:00+00:00,136.905,134.53921709119714
2025-11-18 18:00:00+00:00,133.97750000000002,123.11160672110452
2025-11-18 19:00:00+00:00,125.3375,108.54161593548457
2025-11-18 20:00:00+00:00,112.4875,103.57477301916758
2025-11-18 21:00:00+00:00,105.2275,97.58148804149249
2025-11-18 22:00:00+00:00,89.3175,93.09037508167548
2025-11-18 23:00:00+00:00,87.225,85.44453225005307
2025-11-19 00:00:00+00:00,86.38,83.70289276376084
2025-11-19 01:00:00+00:00,84.8175,80.75102562246218
2025-11-19 02:00:00+00:00,84.525,82.19471180928683
2025-11-19 03:00:00+00:00,86.1825,87.03353895778027
2025-11-19 04:00:00+00:00,102.5975,92.92602344588681
2025-11-19 05:00:00+00:00,122.0425,122.38159249169851
2025-11-19 06:00:00+00:00,138.0975,134.07402251257656
2025-11-19 07:00:00+00:00,132.945,129.92646727304123
2025-11-19 08:00:00+00:00,110.0175,115.49120505344817
2025-11-19 09:00:00+00:00,105.3275,101.15765793555576
2025-11-19 10:00:00+00:00,103.0525,99.40519877292346
2025-11-19 11:00:00+00:00,109.8675,99.70360012730995
2025-11-19 12:00:00+00:00,116.1875,107.86435889125995
2025-11-19 13:00:00+00:00,127.22,121.6962528577478
2025-11-19 14:00:00+00:00,135.55,141.0308687541206
2025-11-19 15:00:00+00:00,147.6575,148.80296158402365
2025-11-19 16:00:00+00:00,145.6375,156.0176859885125
2025-11-19 17:00:00+00:00,134.64,150.68633784109915
2025-11-19 18:00:00+00:00,133.0275,135.79995581695738
2025-11-19 19:00:00+00:00,128.82,121.68478227228422
2025-11-19 20:00:00+00:00,120.4525,111.51603949835716
2025-11-19 21:00:00+00:00,107.9975,105.39882295684585
2025-11-19 22:00:00+00:00,91.885,97.70926258355155
2025-11-19 23:00:00+00:00,85.585,89.60131367118137
2025-11-20 00:00:00+00:00,83.96000000000001,83.01505937516984
2025-11-20 01:00:00+00:00,83.1075,82.16914601832386
2025-11-20 02:00:00+00:00,83.8025,82.75019589647277
2025-11-20 03:00:00+00:00,87.935,87.69705451639041
2025-11-20 04:00:00+00:00,101.535,101.72629297030534
2025-11-20 05:00:00+00:00,125.0025,126.96788276207458
2025-11-20 06:00:00+00:00,140.6825,130.93393330879212
2025-11-20 07:00:00+00:00,118.1525,127.68027298546741
2025-11-20 08:00:00+00:00,59.54,100.98547937234628
2025-11-20 09:00:00+00:00,15.0075,53.48561951752562
2025-11-20 10:00:00+00:00,0.0,27.746713457073312
2025-11-20 11:00:00+00:00,0.005,20.983198919659984
2025-11-20 12:00:00+00:00,66.1875,31.43569589166519
2025-11-20 13:00:00+00:00,109.31,101.39227211827425
2025-11-20 14:00:00+00:00,128.0725,134.89218586414913
2025-11-20 15:00:00+00:00,150.4975,153.60910920131502
2025-11-20 16:00:00+00:00,155.0025,160.58178610412062
2025-11-20 17:00:00+00:00,155.0025,158.57412879912886
2025-11-20 18:00:00+00:00,152.20999999999998,146.64897210328968
2025-11-20 19:00:00+00:00,129.6,132.019517695679
2025-11-20 20:00:00+00:00,118.9,114.52217659138597
2025-11-20 21:00:00+00:00,100.01,104.00907090333267
2025-11-20 22:00:00+00:00,87.775,92.31653239230351
2025-11-20 23:00:00+00:00,92.895,79.85495627293622
2025-11-21 00:00:00+00:00,92.2925,88.94154267996896
2025-11-21 01:00:00+00:00,86.92500000000001,88.42966566869907
2025-11-21 02:00:00+00:00,85.965,83.73031832106659
2025-11-21 03:00:00+00:00,85.19,86.60148374701635
2025-11-21 04:00:00+00:00,93.6975,94.59311072949468
2025-11-21 05:00:00+00:00,116.825,118.50299603695535
2025-11-21 06:00:00+00:00,129.54250000000002,121.78695594405212
2025-11-21 07:00:00+00:00,89.68,112.48384214307804
2025-11-21 08:00:00+00:00,40.58,71.92767007012384
2025-11-21 09:00:00+00:00,0.0025,30.188018237369675
2025-11-21 10:00:00+00:00,0.0,9.784983043313332
2025-11-21 11:00:00+00:00,16.255,13.750669997292661
2025-11-21 12:00:00+00:00,56.805,35.398482090246276
2025-11-21 13:00:00+00:00,94.8475,90.26081624609853
2025-11-21 14:00:00+00:00,105.0025,125.63337885652622
2025-11-21 15:00:00+00:00,158.65,136.93429865275942
2025-11-21 16:00:00+00:00,136.57,158.762311519391
2025-11-21 17:00:00+00:00,114.595,143.3632379543349
2025-11-21 18:00:00+00:00,112.4875,120.69231278472346
2025-11-21 19:00:00+00:00,108.82,105.34634305729476
2025-11-21 20:00:00+00:00,103.1,100.27675997248721
2025-11-21 21:00:00+00:00,93.05,94.22569129553429
2025-11-21 22:00:00+00:00,80.08500000000001,85.92867833830465
2025-11-21 23:00:00+00:00,86.14,76.5697184137639
2025-11-22 00:00:00+00:00,86.42,80.08809003674348
2025-11-22 01:00:00+00:00,86.5275,80.12259896475612
2025-11-22 02:00:00+00:00,85.255,80.58242626134208
2025-11-22 03:00:00+00:00,86.865,81.32235982057202
2025-11-22 04:00:00+00:00,86.1125,87.66246432055357
2025-11-22 05:00:00+00:00,91.9425,91.4133693509392
2025-11-22 06:00:00+00:00,97.2325,96.18197398506982
2025-11-22 07:00:00+00:00,36.615,82.30689897361171
2025-11-22 08:00:00+00:00,4.1825,27.30288513573099
2025-11-22 09:00:00+00:00,0.0,7.662840366919696
2025-11-22 10:00:00+00:00,0.0,8.90981661851525
2025-11-22 11:00:00+00:00,0.0,11.618851668040335
2025-11-22 12:00:00+00:00,22.3925,15.766332638116168
2025-11-22 13:00:00+00:00,69.91,57.642756731556815
2025-11-22 14:00:00+00:00,88.625,97.17231215445267
2025-11-22 15:00:00+00:00,109.7575,117.65925965008276
2025-11-22 16:00:00+00:00,109.455,127.96936350034505
2025-11-22 17:00:00+00:00,103.59,120.7834754248241
2025-11-22 18:00:00+00:00,101.64,104.52778470561128
2025-11-22 19:00:00+00:00,98.4925,93.35979935333408
2025-11-22 20:00:00+00:00,99.96,90.45135777380969
2025-11-22 21:00:00+00:00,88.92,89.39301320310724
2025-11-22 22:00:00+00:00,82.5025,82.77843107667093
2025-11-22 23:00:00+00:00,78.28,75.16579877369894
2025-11-23 00:00:00+00:00,74.35249999999999,77.21304984465661
2025-11-23 01:00:00+00:00,70.44,76.8384844670839
2025-11-23 02:00:00+00:00,63.23,74.63535210367868
2025-11-23 03:00:00+00:00,60.885,68.08317240745463
2025-11-23 04:00:00+00:00,68.865,67.07304623273478
2025-11-23 05:00:00+00:00,81.9675,78.2308422524947
2025-11-23 06:00:00+00:00,40.1425,78.08676562691505
2025-11-23 07:00:00+00:00,-0.05,36.690759948993914
2025-11-23 08:00:00+00:00,-1.275,5.886159250769424
2025-11-23 09:00:00+00:00,-3.235,6.587997534402703
2025-11-23 10:00:00+00:00,-2.94,7.796779483472662
2025-11-23 11:00:00+00:00,-2.1025,11.009960957590991
2025-11-23 12:00:00+00:00,-2.0,11.98782141650399
2025-11-23 13:00:00+00:00,0.725,38.1901248874331
2025-11-23 14:00:00+00:00,68.7525,52.43596677376061
2025-11-23 15:00:00+00:00,123.91,101.46928969247546
2025-11-23 16:00:00+00:00,136.7275,132.90303648936006
2025-11-23 17:00:00+00:00,136.73250000000002,131.81901706726822
2025-11-23 18:00:00+00:00,137.2525,121.20570205322375
2025-11-23 19:00:00+00:00,122.725,109.29726868089402
2025-11-23 20:00:00+00:00,106.2375,105.8846850268292
2025-11-23 21:00:00+00:00,95.635,93.72995896398504
2025-11-23 22:00:00+00:00,76.13,86.686955667825
2025-11-23 23:00:00+00:00,76.255,75.41849995460959
2025-11-24 00:00:00+00:00,71.58,75.93709778522826
2025-11-24 01:00:00+00:00,73.3275,70.96282098923938
2025-11-24 02:00:00+00:00,75.4125,73.4736869453792
2025-11-24 03:00:00+00:00,76.655,83.44024945276362
2025-11-24 04:00:00+00:00,93.77,99.27481383553645
2025-11-24 05:00:00+00:00,134.45,117.89324101566443
2025-11-24 06:00:00+00:00,116.855,132.7639478544485
2025-11-24 07:00:00+00:00,44.8975,101.19707778228675
2025-11-24 08:00:00+00:00,7.55,39.57799009844051
2025-11-24 09:00:00+00:00,0.0,10.397358063533474
2025-11-24 10:00:00+00:00,0.0,11.160594939805264
2025-11-24 11:00:00+00:00,0.0,15.282146325701987
2025-11-24 12:00:00+00:00,7.505,22.872312571941634
2025-11-24 13:00:00+00:00,80.185,48.69335551824483
2025-11-24 14:00:00+00:00,212.7025,112.2263911891685
2025-11-24 15:00:00+00:00,267.0875,211.370484773295
2025-11-24 16:00:00+00:00,266.615,230.92521984565678
2025-11-24 17:00:00+00:00,239.0,238.8982690106311
2025-11-24 18:00:00+00:00,205.2425,197.62420315568403
2025-11-24 19:00:00+00:00,177.98250000000002,149.9760364862044
2025-11-24 20:00:00+00:00,141.5375,134.95105630429964
2025-11-24 21:00:00+00:00,126.4125,112.64945089928875
2025-11-24 22:00:00+00:00,104.84,105.8284604264925
2025-11-24 23:00:00+00:00,104.02,97.46095994660915
2025-11-25 00:00:00+00:00,100.9525,100.82185875227319
2025-11-25 01:00:00+00:00,101.8425,98.83827618605059
2025-11-25 02:00:00+00:00,92.545,99.44987885721591
2025-11-25 03:00:00+00:00,102.15,100.38532514368904
2025-11-25 04:00:00+00:00,105.1,119.3609770951464
2025-11-25 05:00:00+00:00,129.57,136.4856809648827
2025-11-25 06:00:00+00:00,147.2775,136.98966614630314
2025-11-25 07:00:00+00:00,94.5025,125.97178272031758
2025-11-25 08:00:00+00:00,83.9425,87.74976500675083
2025-11-25 09:00:00+00:00,81.565,79.61988991657651
2025-11-25 10:00:00+00:00,56.985,82.99998658987656
2025-11-25 11:00:00+00:00,49.88,68.67557850814362
2025-11-25 12:00:00+00:00,68.6675,74.40386386233962
2025-11-25 13:00:00+00:00,89.7375,105.41991265290099
2025-11-25 14:00:00+00:00,121.225,135.20703455145286
2025-11-25 15:00:00+00:00,290.305,159.95814683435702
2025-11-25 16:00:00+00:00,132.17000000000002,241.37603991049627
2025-11-25 17:00:00+00:00,165.1825,156.03868219845114
2025-11-25 18:00:00+00:00,146.4875,154.15151591647225
2025-11-25 19:00:00+00:00,128.0275,131.83788327348853
2025-11-25 20:00:00+00:00,112.005,112.84950272310323
2025-11-25 21:00:00+00:00,97.355,104.81816942875479
2025-11-25 22:00:00+00:00,83.275,89.34083579751947
2025-11-25 23:00:00+00:00,84.725,79.04834066114417
2025-11-26 00:00:00+00:00,69.5275,81.38247852631406
2025-11-26 01:00:00+00:00,83.0725,74.21182327736324
2025-11-26 02:00:00+00:00,83.8075,79.45684632823293
2025-11-26 03:00:00+00:00,85.7025,86.12313221317649
2025-11-26 04:00:00+00:00,89.70750000000001,100.30991542887494
2025-11-26 05:00:00+00:00,112.235,121.91746703162174
2025-11-26 06:00:00+00:00,84.295,122.73429481193284
2025-11-26 07:00:00+00:00,70.0,72.86219300173684
2025-11-26 08:00:00+00:00,68.0975,60.91885728251262
2025-11-26 09:00:00+00:00,12.3925,62.910749455426895
2025-11-26 10:00:00+00:00,26.18,21.013296185581012
2025-11-26 11:00:00+00:00,51.905,33.07104904815007
2025-11-26 12:00:00+00:00,87.1175,71.687599416609
2025-11-26 13:00:00+00:00,62.815,107.07523348582635
2025-11-26 14:00:00+00:00,108.3925,105.98441536846764
2025-11-26 15:00:00+00:00,195.41,130.03200986093324
2025-11-26 16:00:00+00:00,195.0,180.19358004694158
2025-11-26 17:00:00+00:00,187.2775,178.40183429458472
2025-11-26 18:00:00+00:00,154.3225,157.32356992553792
2025-11-26 19:00:00+00:00,99.715,124.57994039692686
2025-11-26 20:00:00+00:00,96.325,96.57278961328072
2025-11-26 21:00:00+00:00,88.4675,87.90977001960238
2025-11-26 22:00:00+00:00,67.0075,81.04124855526771
2025-11-26 23:00:00+00:00,78.02000000000001,70.2976413986896
2025-11-27 00:00:00+00:00,82.685,75.08794591615813
2025-11-27 01:00:00+00:00,79.8175,76.96360115891308
2025-11-27 02:00:00+00:00,78.03999999999999,79.00750740765224
2025-11-27 03:00:00+00:00,81.91,81.6338130262351
2025-11-27 04:00:00+00:00,83.7175,94.35530589549768
2025-11-27 05:00:00+00:00,112.725,105.8612339154769
2025-11-27 06:00:00+00:00,103.1725,125.23949956906905
2025-11-27 07:00:00+00:00,101.54,105.36629454756377
2025-11-27 08:00:00+00:00,97.925,95.32706478840095
2025-11-27 09:00:00+00:00,89.89500000000001,87.00340537751026
2025-11-27 10:00:00+00:00,89.4025,86.64365684392422
2025-11-27 11:00:00+00:00,90.985,87.57460643763397
2025-11-27 12:00:00+00:00,89.795,97.0958479088008
2025-11-27 13:00:00+00:00,93.4025,105.13952901750693
2025-11-27 14:00:00+00:00,138.5775,113.05355339715088
2025-11-27 15:00:00+00:00,150.1875,153.2736959384321
2025-11-27 16:00:00+00:00,141.35250000000002,162.64306106478455
2025-11-27 17:00:00+00:00,135.7225,149.94777190305388
2025-11-27 18:00:00+00:00,134.0525,131.12263248462486
2025-11-27 19:00:00+00:00,120.995,113.93023860223606
2025-11-27 20:00:00+00:00,105.6475,105.50532200086168
2025-11-27 21:00:00+00:00,91.2275,96.68189021936121
2025-11-27 22:00:00+00:00,72.475,84.96942835300803
2025-11-27 23:00:00+00:00,86.5475,72.81076859775023
2025-11-28 00:00:00+00:00,71.655,81.38073065174045
2025-11-28 01:00:00+00:00,72.03,72.71820744706699
2025-11-28 02:00:00+00:00,79.8925,74.56998200834377
2025-11-28 03:00:00+00:00,74.835,84.91677647472123
2025-11-28 04:00:00+00:00,101.01,89.3424967042886
2025-11-28 05:00:00+00:00,119.88,121.58137959191839
2025-11-28 06:00:00+00:00,118.2725,129.66315302075034
2025-11-28 07:00:00+00:00,105.0825,120.65175220208006
2025-11-28 08:00:00+00:00,95.7875,100.82446593733164
2025-11-28 09:00:00+00:00,90.26,90.68760027939533
2025-11-28 10:00:00+00:00,88.7975,89.69573017398002
2025-11-28 11:00:00+00:00,88.51,86.47953630378277
2025-11-28 12:00:00+00:00,85.88,89.32265679002151
2025-11-28 13:00:00+00:00,97.11,92.90054562679623
2025-11-28 14:00:00+00:00,118.75,113.15785407498211
2025-11-28 15:00:00+00:00,137.2475,139.88457026106985
2025-11-28 16:00:00+00:00,135.245,143.92471677350878
2025-11-28 17:00:00+00:00,135.895,136.5801832017629
2025-11-28 18:00:00+00:00,134.67,125.62998404355034
2025-11-28 19:00:00+00:00,123.87,116.87482365468088
2025-11-28 20:00:00+00:00,113.1025,109.80259113415849
2025-11-28 21:00:00+00:00,110.2325,100.67344431015098
2025-11-28 22:00:00+00:00,93.585,97.73126554318927
2025-11-28 23:00:00+00:00,96.4025,88.6536074861304
2025-11-29 00:00:00+00:00,92.5375,91.82422322839793
2025-11-29 01:00:00+00:00,90.85,91.32799420707002
2025-11-29 02:00:00+00:00,90.2825,91.1591001583177
2025-11-29 03:00:00+00:00,91.625,91.48768047454838
2025-11-29 04:00:00+00:00,97.5375,96.70550011004875
2025-11-29 05:00:00+00:00,101.555,107.04471236888563
2025-11-29 06:00:00+00:00,112.93,109.41455156402442
2025-11-29 07:00:00+00:00,114.8525,105.5606198974941
2025-11-29 08:00:00+00:00,111.2275,101.41767567828595
2025-11-29 09:00:00+00:00,105.1,97.55469614690114
2025-11-29 10:00:00+00:00,102.2125,97.65058381353187
2025-11-29 11:00:00+00:00,101.51,97.14774626585647
2025-11-29 12:00:00+00:00,98.5175,99.83397575303212
2025-11-29 13:00:00+00:00,109.6475,103.31191515181139
2025-11-29 14:00:00+00:00,121.855,120.1792895621
2025-11-29 15:00:00+00:00,142.4875,131.99044294265505
2025-11-29 16:00:00+00:00,139.9,140.49550081212683
2025-11-29 17:00:00+00:00,138.4675,137.85791360804203
2025-11-29 18:00:00+00:00,135.915,128.86167046157283
2025-11-29 19:00:00+00:00,130.48250000000002,121.95693647402851
2025-11-29 20:00:00+00:00,117.415,118.47358018349482
2025-11-29 21:00:00+00:00,115.6975,106.96964710896738
2025-11-29 22:00:00+00:00,102.1375,103.06697675037167
2025-11-29 23:00:00+00:00,96.68,94.8771720299367
2025-11-30 00:00:00+00:00,93.4225,92.18984678591343
2025-11-30 01:00:00+00:00,87.43,90.74841027357435
2025-11-30 02:00:00+00:00,86.0625,84.62933494608966
2025-11-30 03:00:00+00:00,84.6875,82.09581009916262
2025-11-30 04:00:00+00:00,90.92,83.5434937493906
2025-11-30 05:00:00+00:00,94.0225,99.39097751703594
2025-11-30 06:00:00+00:00,95.6775,96.41739964145725
2025-11-30 07:00:00+00:00,94.235,92.43769878985083
2025-11-30 08:00:00+00:00,83.81,86.58430485278592
2025-11-30 09:00:00+00:00,45.0,72.62407336529162
2025-11-30 10:00:00+00:00,48.41,52.99674914574716
2025-11-30 11:00:00+00:00,58.75,57.91482010443947
2025-11-30 12:00:00+00:00,63.010000000000005,66.72147089607317
2025-11-30 13:00:00+00:00,102.2975,85.59958327744911
2025-11-30 14:00:00+00:00,110.41,113.79874436351675
2025-11-30 15:00:00+00:00,125.66,127.00653850613146
2025-11-30 16:00:00+00:00,127.49,136.7787655678813
2025-11-30 17:00:00+00:00,129.2175,135.2808683298875
2025-11-30 18:00:00+00:00,131.05,128.21854278594242
2025-11-30 19:00:00+00:00,129.9075,120.3623152165217
2025-11-30 20:00:00+00:00,120.725,116.06513710710446
2025-11-30 21:00:00+00:00,114.13,109.67926767905836
2025-11-30 22:00:00+00:00,98.5975,103.02129313368489
2025-11-30 23:00:00+00:00,100.2175,90.60893967421433
2025-12-01 00:00:00+00:00,99.59,94.04026392640245
2025-12-01 01:00:00+00:00,96.7025,94.22925135967243
2025-12-01 02:00:00+00:00,92.4725,93.09206536823429
2025-12-01 03:00:00+00:00,96.8525,97.17577313364364
2025-12-01 04:00:00+00:00,105.5725,107.95622389528907
2025-12-01 05:00:00+00:00,144.985,128.76244124144083
2025-12-01 06:00:00+00:00,138.60000000000002,143.19298814393804
2025-12-01 07:00:00+00:00,145.71,119.612738105749
2025-12-01 08:00:00+00:00,115.785,118.32688419532916
2025-12-01 09:00:00+00:00,42.0725,97.37146274300696
2025-12-01 10:00:00+00:00,52.2825,49.782671901010346
2025-12-01 11:00:00+00:00,69.165,64.48912526100358
2025-12-01 12:00:00+00:00,102.86,78.65659756333079
2025-12-01 13:00:00+00:00,148.95,116.17157161014131
2025-12-01 14:00:00+00:00,162.51,175.5762603666762
2025-12-01 15:00:00+00:00,253.335,182.45757714529745
2025-12-01 16:00:00+00:00,217.78,243.15219560411776
2025-12-01 17:00:00+00:00,238.4325,219.57031322808635
2025-12-01 18:00:00+00:00,216.29,206.55565552570778
2025-12-01 19:00:00+00:00,180.7525,178.5831398923832
2025-12-01 20:00:00+00:00,146.7925,153.62790611560087
2025-12-01 21:00:00+00:00,130.7775,127.67712610871921
2025-12-01 22:00:00+00:00,112.9225,112.2309826999609
2025-12-01 23:00:00+00:00,107.63,103.86396602191704
2025-12-02 00:00:00+00:00,104.05,103.69588529917777
2025-12-02 01:00:00+00:00,99.13,99.56241432948357
2025-12-02 02:00:00+00:00,94.7625,98.64595377122029
2025-12-02 03:00:00+00:00,97.8975,101.69991249864972
2025-12-02 04:00:00+00:00,103.2575,113.00867347322207
2025-12-02 05:00:00+00:00,132.5225,138.6943534224298
2025-12-02 06:00:00+00:00,137.3,145.78252781561687
2025-12-02 07:00:00+00:00,132.925,128.0634926953731
2025-12-02 08:00:00+00:00,94.2025,115.12746192265973
2025-12-02 09:00:00+00:00,79.3775,83.76739291749604
2025-12-02 10:00:00+00:00,83.65,73.54137734678724
2025-12-02 11:00:00+00:00,87.895,79.28396888897387
2025-12-02 12:00:00+00:00,104.1575,90.35439199997668
2025-12-02 13:00:00+00:00,135.1,126.00825588412414
2025-12-02 14:00:00+00:00,150.89249999999998,165.40823754993158
2025-12-02 15:00:00+00:00,206.25,195.57710078325266
2025-12-02 16:00:00+00:00,188.4275,213.24998620536417
2025-12-02 17:00:00+00:00,173.6275,206.61259529129916
2025-12-02 18:00:00+00:00,166.64,165.55809073121242
2025-12-02 19:00:00+00:00,150.265,146.74512421036815
2025-12-02 20:00:00+00:00,130.01999999999998,135.51994033758265
2025-12-02 21:00:00+00:00,120.1125,121.41170013112524
2025-12-02 22:00:00+00:00,105.0025,110.79832444324383
2025-12-02 23:00:00+00:00,104.0375,101.63396644850208
2025-12-03 00:00:00+00:00,103.6,100.55941372614713
2025-12-03 01:00:00+00:00,99.7075,98.83477314548315
2025-12-03 02:00:00+00:00,99.35,100.19077079729763
2025-12-03 03:00:00+00:00,102.265,105.3040465365952
2025-12-03 04:00:00+00:00,107.2825,114.69531020017584
2025-12-03 05:00:00+00:00,144.86,129.1480727039671
2025-12-03 06:00:00+00:00,183.4825,154.39698648239434
2025-12-03 07:00:00+00:00,185.6,178.5851470240544
2025-12-03 08:00:00+00:00,163.92000000000002,169.87466223058905
2025-12-03 09:00:00+00:00,142.44,143.17124357608225
2025-12-03 10:00:00+00:00,136.9775,128.75362383764121
2025-12-03 11:00:00+00:00,141.965,128.66982449777794
2025-12-03 12:00:00+00:00,144.8175,138.20614906099476
2025-12-03 13:00:00+00:00,173.5025,149.06247867449522
2025-12-03 14:00:00+00:00,185.48,176.73846657670143
2025-12-03 15:00:00+00:00,185.4975,200.21873094059217
2025-12-03 16:00:00+00:00,255.7375,198.45466887948453
2025-12-03 17:00:00+00:00,202.4125,234.9085518030942
2025-12-03 18:00:00+00:00,171.66,179.27541266573883
2025-12-03 19:00:00+00:00,145.19,141.38010959776008
2025-12-03 20:00:00+00:00,124.26,129.57982832807897
2025-12-03 21:00:00+00:00,119.4,115.33173588221791
2025-12-03 22:00:00+00:00,109.28,106.2113994548449
2025-12-03 23:00:00+00:00,100.29,102.9136017822211
2025-12-04 00:00:00+00:00,96.1225,98.70316709563149
2025-12-04 01:00:00+00:00,93.23,93.8983651547963
2025-12-04 02:00:00+00:00,93.2725,93.53916215276709
2025-12-04 03:00:00+00:00,97.22,99.14722678823685
2025-12-04 04:00:00+00:00,104.3225,108.59068427927528
2025-12-04 05:00:00+00:00,111.665,127.54695592557638
2025-12-04 06:00:00+00:00,117.6525,140.05638045142186
2025-12-04 07:00:00+00:00,117.65,135.4399481107715
2025-12-04 08:00:00+00:00,117.235,126.98870150122175
2025-12-04 09:00:00+00:00,108.3325,116.97462293297399
2025-12-04 10:00:00+00:00,104.815,115.52077356714513
2025-12-04 11:00:00+00:00,118.38,116.69592854340576
2025-12-04 12:00:00+00:00,116.8225,128.68769339119515
2025-12-04 13:00:00+00:00,138.495,136.3594802122968
2025-12-04 14:00:00+00:00,145.7425,160.7225833290502
2025-12-04 15:00:00+00:00,155.395,162.2775311761119
2025-12-04 16:00:00+00:00,147.88750000000002,171.22269346201531
2025-12-04 17:00:00+00:00,145.8725,150.61253297623338
2025-12-04 18:00:00+00:00,141.005,136.3779269508297
2025-12-04 19:00:00+00:00,128.97,121.13077088575162
2025-12-04 20:00:00+00:00,119.0025,114.98981202056733
2025-12-04 21:00:00+00:00,112.4,108.96905511668132
2025-12-04 22:00:00+00:00,100.585,101.42721670603152
2025-12-04 23:00:00+00:00,99.3,95.1638827523268
2025-12-05 00:00:00+00:00,97.485,93.81496311094625
2025-12-05 01:00:00+00:00,93.8025,90.04380292285583
2025-12-05 02:00:00+00:00,93.6,89.8448420468838
2025-12-05 03:00:00+00:00,98.2675,93.9451942577834
2025-12-05 04:00:00+00:00,104.25,105.59212044646448
2025-12-05 05:00:00+00:00,125.75,117.9967085043843
2025-12-05 06:00:00+00:00,143.5075,137.19948068090443
2025-12-05 07:00:00+00:00,149.7475,145.0382204258714
2025-12-05 08:00:00+00:00,155.07999999999998,147.17913594454495
2025-12-05 09:00:00+00:00,146.8725,145.65551074861347
2025-12-05 10:00:00+00:00,155.6275,138.65389178001476
2025-12-05 11:00:00+00:00,138.31,146.8565612384297
2025-12-05 12:00:00+00:00,137.955,133.56313654466183
2025-12-05 13:00:00+00:00,145.3075,139.93810676389208
2025-12-05 14:00:00+00:00,149.8775,148.9507266523656
2025-12-05 15:00:00+00:00,152.0975,151.27905015052917
2025-12-05 16:00:00+00:00,148.845,152.04887739270382
2025-12-05 17:00:00+00:00,142.0775,143.94144381012072
2025-12-05 18:00:00+00:00,128.205,127.631044327448
2025-12-05 19:00:00+00:00,113.175,117.29489244190962
2025-12-05 20:00:00+00:00,101.3125,105.45023784514969
2025-12-05 21:00:00+00:00,96.8975,96.87987849130349
2025-12-05 22:00:00+00:00,85.91999999999999,90.45858977133429
2025-12-05 23:00:00+00:00,83.2725,78.87910425756104
2025-12-06 00:00:00+00:00,79.64500000000001,80.61751900092653
2025-12-06 01:00:00+00:00,76.32000000000001,80.03839626065124
2025-12-06 02:00:00+00:00,78.7125,81.09396247265133
2025-12-06 03:00:00+00:00,81.905,82.25425447141919
2025-12-06 04:00:00+00:00,85.1,88.1343219771963
2025-12-06 05:00:00+00:00,92.1675,98.11547346623092
2025-12-06 06:00:00+00:00,103.58,109.64842835535796
2025-12-06 07:00:00+00:00,110.885,115.29870040014104
2025-12-06 08:00:00+00:00,109.45,115.44875565227031
2025-12-06 09:00:00+00:00,99.885,115.1353596785737
2025-12-06 10:00:00+00:00,98.1925,108.16932168441427
2025-12-06 11:00:00+00:00,98.195,103.53841887785201
2025-12-06 12:00:00+00:00,104.245,106.26671803293954
2025-12-06 13:00:00+00:00,111.2325,115.7709577792029
2025-12-06 14:00:00+00:00,118.82,129.59581484177582
2025-12-06 15:00:00+00:00,127.65,134.88137866808432
2025-12-06 16:00:00+00:00,123.9575,142.48069981438906
2025-12-06 17:00:00+00:00,122.135,134.21924051430554
2025-12-06 18:00:00+00:00,121.2625,124.97932868165692
2025-12-06 19:00:00+00:00,120.1875,109.26395157151813
2025-12-06 20:00:00+00:00,100.67,111.5587032989345
2025-12-06 21:00:00+00:00,94.715,98.01867942189953
2025-12-06 22:00:00+00:00,89.1275,91.1095142239702
2025-12-06 23:00:00+00:00,86.0725,87.7243638970467
2025-12-07 00:00:00+00:00,82.615,81.71180105506599
2025-12-07 01:00:00+00:00,81.74,79.52624749097717
2025-12-07 02:00:00+00:00,76.10499999999999,79.72788395085453
2025-12-07 03:00:00+00:00,77.7025,79.61303499949761
2025-12-07 04:00:00+00:00,78.0675,82.58212498380692
2025-12-07 05:00:00+00:00,81.62,85.75539425366885
2025-12-07 06:00:00+00:00,86.75,90.27709667991364
2025-12-07 07:00:00+00:00,88.3425,91.75677477588012
2025-12-07 08:00:00+00:00,90.94,88.19629479511968
2025-12-07 09:00:00+00:00,84.015,90.24141368899714
2025-12-07 10:00:00+00:00,83.575,78.57187568997747
2025-12-07 11:00:00+00:00,89.705,80.42461193625653
2025-12-07 12:00:00+00:00,94.0,93.5021040243605
2025-12-07 13:00:00+00:00,100.1575,106.9083218532862
2025-12-07 14:00:00+00:00,111.1375,115.70293646304867
2025-12-07 15:00:00+00:00,114.91,124.50952384050811
2025-12-07 16:00:00+00:00,108.505,124.94677046311884
2025-12-07 17:00:00+00:00,109.23,116.0851209171847
2025-12-07 18:00:00+00:00,113.1,113.60861787685931
2025-12-07 19:00:00+00:00,111.8875,109.86460093029523
2025-12-07 20:00:00+00:00,100.605,105.1961049030048
2025-12-07 21:00:00+00:00,90.61,96.26382400872761
2025-12-07 22:00:00+00:00,77.0925,91.41327160022983
2025-12-07 23:00:00+00:00,79.5475,80.27597592337591
2025-12-08 00:00:00+00:00,79.16,81.2497276416772
2025-12-08 01:00:00+00:00,72.37,80.58750948754866
2025-12-08 02:00:00+00:00,77.8275,76.0130176972894
2025-12-08 03:00:00+00:00,78.255,85.78981672643157
2025-12-08 04:00:00+00:00,84.85,93.0787998034001
2025-12-08 05:00:00+00:00,104.2975,108.41982133281837
2025-12-08 06:00:00+00:00,126.6225,124.94289007253158
2025-12-08 07:00:00+00:00,117.4425,127.34464533949998
2025-12-08 08:00:00+00:00,109.18,110.60369654541108
2025-12-08 09:00:00+00:00,92.5,100.32050246598925
2025-12-08 10:00:00+00:00,85.39750000000001,92.40681640557385
2025-12-08 11:00:00+00:00,83.7875,85.26129057057338
2025-12-08 12:00:00+00:00,85.045,89.35389464424583
2025-12-08 13:00:00+00:00,101.3025,103.23696044433817
2025-12-08 14:00:00+00:00,105.1025,126.45125777599137
2025-12-08 15:00:00+00:00,118.9575,132.54791219945048
2025-12-08 16:00:00+00:00,122.045,135.0943438215347
2025-12-08 17:00:00+00:00,120.6025,134.93584955811147
2025-12-08 18:00:00+00:00,122.92,129.47387878644426
2025-12-08 19:00:00+00:00,118.35,116.9501488012512
2025-12-08 20:00:00+00:00,104.925,111.2276806067135
2025-12-08 21:00:00+00:00,100.64,96.59564583899255
2025-12-08 22:00:00+00:00,89.1575,90.64944095208668
2025-12-08 23:00:00+00:00,82.82,85.52312460565147
2025-12-09 00:00:00+00:00,84.61,80.84234103478295
2025-12-09 01:00:00+00:00,84.2525,80.34480675240206
2025-12-09 02:00:00+00:00,83.815,81.35966463377757
2025-12-09 03:00:00+00:00,87.64500000000001,86.44848654514621
2025-12-09 04:00:00+00:00,97.605,98.35648501735363
2025-12-09 05:00:00+00:00,124.14,117.27968538605457
2025-12-09 06:00:00+00:00,121.715,140.83599529703102
2025-12-09 07:00:00+00:00,62.040000000000006,118.76409350922562
2025-12-09 08:00:00+00:00,40.25,71.36127762805515
2025-12-09 09:00:00+00:00,0.0,46.38599311158791
2025-12-09 10:00:00+00:00,0.0,22.499985663724686
2025-12-09 11:00:00+00:00,0.0025,21.404741727677646
2025-12-09 12:00:00+00:00,53.3925,27.053302111523962
2025-12-09 13:00:00+00:00,84.61,85.57330889211782
2025-12-09 14:00:00+00:00,111.19,107.95538403499012
2025-12-09 15:00:00+00:00,131.8725,143.6671961185944
2025-12-09 16:00:00+00:00,134.9875,151.61012663868348
2025-12-09 17:00:00+00:00,136.27,147.37638716025145
2025-12-09 18:00:00+00:00,137.475,133.0549950477216
2025-12-09 19:00:00+00:00,125.8,112.32948084736557
2025-12-09 20:00:00+00:00,120.0425,108.98544313729448
2025-12-09 21:00:00+00:00,108.21,107.81423188888127
2025-12-09 22:00:00+00:00,88.0175,97.66244619802197
2025-12-09 23:00:00+00:00,84.78,83.47152359786207
2025-12-10 00:00:00+00:00,83.6225,83.2365727095796
2025-12-10 01:00:00+00:00,81.89,81.43861654112114
2025-12-10 02:00:00+00:00,83.335,82.67497125312694
2025-12-10 03:00:00+00:00,85.465,88.26805645014554
2025-12-10 04:00:00+00:00,94.4875,95.15870997548114
2025-12-10 05:00:00+00:00,121.4875,127.64707095737415
2025-12-10 06:00:00+00:00,132.48,146.51629545259794
2025-12-10 07:00:00+00:00,111.545,124.55615933604713
2025-12-10 08:00:00+00:00,117.7675,100.79099241143429
2025-12-10 09:00:00+00:00,45.915,105.71620336597277
2025-12-10 10:00:00+00:00,46.6,57.49282257695914
2025-12-10 11:00:00+00:00,75.475,59.970068240586045
2025-12-10 12:00:00+00:00,97.91,84.92906225810796
2025-12-10 13:00:00+00:00,95.48,111.49803133087045
2025-12-10 14:00:00+00:00,127.6,126.15284482741441
2025-12-10 15:00:00+00:00,136.54500000000002,156.2989034505897
2025-12-10 16:00:00+00:00,137.085,158.83805200805543
2025-12-10 17:00:00+00:00,137.6575,148.3336318917065
2025-12-10 18:00:00+00:00,150.585,137.94410909195912
2025-12-10 19:00:00+00:00,148.60500000000002,126.7208157846586
2025-12-10 20:00:00+00:00,137.0325,126.63115046599296
2025-12-10 21:00:00+00:00,125.4925,116.95329327496114
2025-12-10 22:00:00+00:00,107.8075,108.44266272731716
2025-12-10 23:00:00+00:00,94.4225,99.75745992634845
2025-12-11 00:00:00+00:00,90.4475,92.76821199619228
2025-12-11 01:00:00+00:00,88.29249999999999,90.30019782133576
2025-12-11 02:00:00+00:00,88.27250000000001,88.30884774342098
2025-12-11 03:00:00+00:00,90.1925,93.01022636147093
2025-12-11 04:00:00+00:00,104.82,104.62506367131915
2025-12-11 05:00:00+00:00,122.6925,124.6295783063407
2025-12-11 06:00:00+00:00,114.005,133.6843795890959
2025-12-11 07:00:00+00:00,86.56,109.65952708505391
2025-12-11 08:00:00+00:00,56.095,86.46249852085955
2025-12-11 09:00:00+00:00,0.0025,54.195961502263984
2025-12-11 10:00:00+00:00,0.0,17.60642104404775
2025-12-11 11:00:00+00:00,36.8125,24.724004540235853
2025-12-11 12:00:00+00:00,103.84,54.091975907605075
2025-12-11 13:00:00+00:00,108.2325,114.31919172686592
2025-12-11 14:00:00+00:00,128.1,134.809614444966
2025-12-11 15:00:00+00:00,140.005,154.0541916361753
2025-12-11 16:00:00+00:00,133.14249999999998,156.9989084420966
2025-12-11 17:00:00+00:00,129.75,149.20504720016305
2025-12-11 18:00:00+00:00,130.2175,134.83341988015113
2025-12-11 19:00:00+00:00,126.9975,121.05550835721178
2025-12-11 20:00:00+00:00,118.45,118.9538514663127
2025-12-11 21:00:00+00:00,108.2575,111.49491919119558
2025-12-11 22:00:00+00:00,95.865,102.18424248837042
2025-12-11 23:00:00+00:00,96.19,92.25019622631771
2025-12-12 00:00:00+00:00,95.4625,94.44199693073216
2025-12-12 01:00:00+00:00,96.1075,94.3484667709115
2025-12-12 02:00:00+00:00,95.015,96.20342674961739
2025-12-12 03:00:00+00:00,94.5375,101.65851440579522
2025-12-12 04:00:00+00:00,101.3075,107.2782961376715
2025-12-12 05:00:00+00:00,128.14249999999998,128.0973605364144
2025-12-12 06:00:00+00:00,131.16500000000002,140.68363352182934
2025-12-12 07:00:00+00:00,134.95499999999998,121.53290850309646
2025-12-12 08:00:00+00:00,110.125,118.47897808481498
2025-12-12 09:00:00+00:00,78.9725,99.78693078967015
2025-12-12 10:00:00+00:00,61.165,80.3474576673427
2025-12-12 11:00:00+00:00,56.1925,68.13012303709708
2025-12-12 12:00:00+00:00,97.5375,75.05350385068651
2025-12-12 13:00:00+00:00,111.75,108.554622101391
2025-12-12 14:00:00+00:00,130.5675,133.1577268395916
2025-12-12 15:00:00+00:00,159.3625,148.8281999528466
2025-12-12 16:00:00+00:00,146.0025,160.09652115868863
2025-12-12 17:00:00+00:00,134.5625,152.61027650056386
2025-12-12 18:00:00+00:00,130.0,126.96368695281429
2025-12-12 19:00:00+00:00,123.59,116.1528922630953
2025-12-12 20:00:00+00:00,114.85,112.84647484573497
2025-12-12 21:00:00+00:00,108.265,104.71320038945939
2025-12-12 22:00:00+00:00,99.87,97.58537152064142
2025-12-12 23:00:00+00:00,102.09,92.92341598825223
2025-12-13 00:00:00+00:00,98.025,96.69299464215682
2025-12-13 01:00:00+00:00,94.4925,92.34885393043182
2025-12-13 02:00:00+00:00,90.1775,92.29035587739727
2025-12-13 03:00:00+00:00,90.8225,92.22673399911369
2025-12-13 04:00:00+00:00,95.755,98.12149325424524
2025-12-13 05:00:00+00:00,103.05,109.98897711591624
2025-12-13 06:00:00+00:00,110.9475,118.87896202919903
2025-12-13 07:00:00+00:00,112.2075,112.20922425434951
2025-12-13 08:00:00+00:00,79.09,103.60303003937975
2025-12-13 09:00:00+00:00,85.67,75.21014992086586
2025-12-13 10:00:00+00:00,84.25750000000001,78.93824958301198
2025-12-13 11:00:00+00:00,84.35,80.71296758607605
2025-12-13 12:00:00+00:00,87.6725,85.25955088183959
2025-12-13 13:00:00+00:00,95.3,98.51203387613765
2025-12-13 14:00:00+00:00,113.3325,116.1463899488069
2025-12-13 15:00:00+00:00,121.8,130.4178045283515
2025-12-13 16:00:00+00:00,122.2375,134.37835696799527
2025-12-13 17:00:00+00:00,119.9525,130.70569265886968
2025-12-13 18:00:00+00:00,120.765,123.8914025716388
2025-12-13 19:00:00+00:00,114.6025,113.87191850199297
2025-12-13 20:00:00+00:00,106.5375,106.76906672125747
2025-12-13 21:00:00+00:00,101.7625,101.36152472028625
2025-12-13 22:00:00+00:00,93.97,98.67607168041226
2025-12-13 23:00:00+00:00,91.8325,91.47218059167687
2025-12-14 00:00:00+00:00,91.5675,89.309395412377
2025-12-14 01:00:00+00:00,85.75,89.28808094004765
2025-12-14 02:00:00+00:00,81.85249999999999,80.80025961364552
2025-12-14 03:00:00+00:00,85.5975,79.256701474799
2025-12-14 04:00:00+00:00,86.3725,83.68156362986782
2025-12-14 05:00:00+00:00,87.3,90.244596416599
2025-12-14 06:00:00+00:00,90.455,94.88159748169048
2025-12-14 07:00:00+00:00,84.61,93.35951891761906
2025-12-14 08:00:00+00:00,89.0825,74.73923947229989
2025-12-14 09:00:00+00:00,67.4275,82.15366148339808
2025-12-14 10:00:00+00:00,83.1775,71.40782002884201
2025-12-14 11:00:00+00:00,85.2375,79.60802884646455
2025-12-14 12:00:00+00:00,70.03999999999999,84.75532018873719
2025-12-14 13:00:00+00:00,94.7375,88.1149533479497
2025-12-14 14:00:00+00:00,105.1,109.82463365559872
2025-12-14 15:00:00+00:00,117.5225,117.96729617986608
2025-12-14 16:00:00+00:00,120.5,122.45412529744226
2025-12-14 17:00:00+00:00,121.71,122.30991751658345
2025-12-14 18:00:00+00:00,121.3,119.31691733095535
2025-12-14 19:00:00+00:00,113.695,109.87070949683897
2025-12-14 20:00:00+00:00,103.27,104.55486173080878
2025-12-14 21:00:00+00:00,97.6025,97.97974983188998
2025-12-14 22:00:00+00:00,91.43,89.59902513770251
2025-12-14 23:00:00+00:00,87.365,87.80694167139237
2025-12-15 00:00:00+00:00,85.095,83.33517661524081
2025-12-15 01:00:00+00:00,85.1775,80.43146892466258
2025-12-15 02:00:00+00:00,84.8075,81.89963838465833
2025-12-15 03:00:00+00:00,87.46000000000001,87.98551337206644
2025-12-15 04:00:00+00:00,103.215,97.35733793023795
2025-12-15 05:00:00+00:00,155.47,117.99855064852551
2025-12-15 06:00:00+00:00,159.13,149.21438624271008
2025-12-15 07:00:00+00:00,133.0725,135.3043278429552
2025-12-15 08:00:00+00:00,125.555,114.45239868508497
2025-12-15 09:00:00+00:00,67.0775,104.06810614434004
2025-12-15 10:00:00+00:00,55.7575,73.5336157187462
2025-12-15 11:00:00+00:00,63.285,70.77075386338313
2025-12-15 12:00:00+00:00,84.0675,76.67649781802413
2025-12-15 13:00:00+00:00,92.315,96.30294708781989
2025-12-15 14:00:00+00:00,151.535,115.67448596801154
2025-12-15 15:00:00+00:00,174.78,171.56644572527688
2025-12-15 16:00:00+00:00,180.1225,183.85779333796586
2025-12-15 17:00:00+00:00,166.0025,180.5416345486927
2025-12-15 18:00:00+00:00,152.04500000000002,153.0745175626235
2025-12-15 19:00:00+00:00,147.66,125.56678801341596
2025-12-15 20:00:00+00:00,131.03,123.90933264598009
2025-12-15 21:00:00+00:00,129.1325,113.80470476256625
2025-12-15 22:00:00+00:00,107.2875,110.84152035826071
2025-12-15 23:00:00+00:00,102.8975,97.7922523124625
2025-12-16 00:00:00+00:00,96.9475,99.33743578033854
2025-12-16 01:00:00+00:00,96.105,95.64904310601113
2025-12-16 02:00:00+00:00,97.35,97.61155540936542
2025-12-16 03:00:00+00:00,99.2825,102.02798365666867
2025-12-16 04:00:00+00:00,127.1625,113.53488750277445
2025-12-16 05:00:00+00:00,176.0525,157.5924940445423
2025-12-16 06:00:00+00:00,193.9775,176.71965490138234
2025-12-16 07:00:00+00:00,138.34,163.26195057399514
2025-12-16 08:00:00+00:00,94.04,120.56795598381439
2025-12-16 09:00:00+00:00,79.1375,83.94669778934413
2025-12-16 10:00:00+00:00,78.71000000000001,74.82823195034982
2025-12-16 11:00:00+00:00,78.5275,77.20407974002907
2025-12-16 12:00:00+00:00,88.34,83.73234431292892
2025-12-16 13:00:00+00:00,121.0875,104.13775937920337
2025-12-16 14:00:00+00:00,170.8425,148.4287902765874
2025-12-16 15:00:00+00:00,231.59,184.01833966634376
2025-12-16 16:00:00+00:00,210.0025,231.69454799203567
2025-12-16 17:00:00+00:00,201.0925,212.36835169654407
2025-12-16 18:00:00+00:00,172.16,191.63703276972484
2025-12-16 19:00:00+00:00,139.015,140.4008146384312
2025-12-16 20:00:00+00:00,120.0025,125.16135890467942
2025-12-16 21:00:00+00:00,117.2575,112.68342005468202
2025-12-16 22:00:00+00:00,105.1375,104.22737838294606
2025-12-16 23:00:00+00:00,104.685,100.23633707616395
2025-12-17 00:00:00+00:00,97.4675,99.12826765766363
2025-12-17 01:00:00+00:00,97.1675,94.32660708247491
2025-12-17 02:00:00+00:00,98.485,95.55763322970274
2025-12-17 03:00:00+00:00,103.8375,100.65951563246266
2025-12-17 04:00:00+00:00,104.08,118.92263257458947
2025-12-17 05:00:00+00:00,135.5975,137.66529749712726
2025-12-17 06:00:00+00:00,152.86,155.38566601424762
2025-12-17 07:00:00+00:00,134.0225,135.39569329603444
2025-12-17 08:00:00+00:00,96.075,113.99960018904585
2025-12-17 09:00:00+00:00,81.22999999999999,84.06126862378915
2025-12-17 10:00:00+00:00,79.9625,77.23282969666958
2025-12-17 11:00:00+00:00,80.4525,81.86745289906077
2025-12-17 12:00:00+00:00,99.755,88.0180622413663
2025-12-17 13:00:00+00:00,120.3725,117.0265075036015
2025-12-17 14:00:00+00:00,137.44,149.9695999156603
2025-12-17 15:00:00+00:00,152.9875,178.40766392390563
2025-12-17 16:00:00+00:00,153.105,180.0228240013627
2025-12-17 17:00:00+00:00,182.4175,173.20170134150035
2025-12-17 18:00:00+00:00,177.0,179.32603955894842
2025-12-17 19:00:00+00:00,141.265,146.19541549786345
2025-12-17 20:00:00+00:00,119.7775,124.72345886654875
2025-12-17 21:00:00+00:00,119.7975,114.7273348547483
2025-12-17 22:00:00+00:00,110.315,110.2558633008901
2025-12-17 23:00:00+00:00,109.1,106.03583061234241
2025-12-18 00:00:00+00:00,106.56,107.98527734323771
2025-12-18 01:00:00+00:00,97.3975,103.16523662970266
2025-12-18 02:00:00+00:00,96.595,98.23669074853322
2025-12-18 03:00:00+00:00,106.4,105.04085150630752
2025-12-18 04:00:00+00:00,136.3825,117.58289274971904
2025-12-18 05:00:00+00:00,205.71,155.89744303641524
2025-12-18 06:00:00+00:00,213.6725,193.6516815591416
2025-12-18 07:00:00+00:00,135.2025,176.87042477570833
2025-12-18 08:00:00+00:00,128.9275,112.7904589133923
2025-12-18 09:00:00+00:00,96.4275,108.93444124292449
2025-12-18 10:00:00+00:00,95.4775,90.35003695044949
2025-12-18 11:00:00+00:00,97.6675,93.39184793357744
2025-12-18 12:00:00+00:00,114.7675,102.10958401766428
2025-12-18 13:00:00+00:00,127.225,126.34371813360764
2025-12-18 14:00:00+00:00,208.335,150.81543257311378
2025-12-18 15:00:00+00:00,275.985,221.46232916308273
2025-12-18 16:00:00+00:00,245.49,247.94628538517247
2025-12-18 17:00:00+00:00,262.845,248.1576841910935
2025-12-18 18:00:00+00:00,255.2475,230.2795791349957
2025-12-18 19:00:00+00:00,206.65,177.82740531335273
2025-12-18 20:00:00+00:00,159.14,159.66078527084633
2025-12-18 21:00:00+00:00,132.155,133.5971040084565
2025-12-18 22:00:00+00:00,113.9325,119.47726904873929
2025-12-18 23:00:00+00:00,109.2175,111.00882793692136
2025-12-19 00:00:00+00:00,106.66,109.47981780499588
2025-12-19 01:00:00+00:00,104.0925,103.5786304516204
2025-12-19 02:00:00+00:00,104.9975,103.92986127965726
2025-12-19 03:00:00+00:00,104.3225,112.8169434735046
2025-12-19 04:00:00+00:00,113.885,126.97810230632005
2025-12-19 05:00:00+00:00,147.6125,152.52744983978624
2025-12-19 06:00:00+00:00,162.5575,171.2057999711346
2025-12-19 07:00:00+00:00,140.3075,144.98292253248897
2025-12-19 08:00:00+00:00,127.4925,118.6805986038965
2025-12-19 09:00:00+00:00,92.85,106.50180571952929
2025-12-19 10:00:00+00:00,94.645,89.39042050276936
2025-12-19 11:00:00+00:00,102.2125,91.15257018660802
2025-12-19 12:00:00+00:00,115.2,105.85674339196535
2025-12-19 13:00:00+00:00,137.29,130.68501961732457
2025-12-19 14:00:00+00:00,178.4025,176.06079090111223
2025-12-19 15:00:00+00:00,216.5775,212.88449768162627
2025-12-19 16:00:00+00:00,154.29250000000002,229.17979144109512
2025-12-19 17:00:00+00:00,152.66,174.34678117270036
2025-12-19 18:00:00+00:00,163.6275,158.76059336163138
2025-12-19 19:00:00+00:00,141.55,150.19025726059806
2025-12-19 20:00:00+00:00,117.7175,133.6069986003792
2025-12-19 21:00:00+00:00,116.655,116.21502010320978
2025-12-19 22:00:00+00:00,111.0175,111.20024333835022
2025-12-19 23:00:00+00:00,98.4475,107.19978184107165
2025-12-20 00:00:00+00:00,94.47,98.05197704231165
2025-12-20 01:00:00+00:00,90.15,95.89543733962587
2025-12-20 02:00:00+00:00,88.77,96.09452662645427
2025-12-20 03:00:00+00:00,90.105,92.62261664693537
2025-12-20 04:00:00+00:00,91.5675,101.506212792941
2025-12-20 05:00:00+00:00,98.71,109.55306176653944
2025-12-20 06:00:00+00:00,106.625,118.64455619159126
2025-12-20 07:00:00+00:00,115.44,117.57254110676423
2025-12-20 08:00:00+00:00,117.1375,115.86094026888497
2025-12-20 09:00:00+00:00,112.52,110.58156562604326
2025-12-20 10:00:00+00:00,110.9925,108.04222234175748
2025-12-20 11:00:00+00:00,109.61,108.26039933975625
2025-12-20 12:00:00+00:00,112.06,112.13968725173564
2025-12-20 13:00:00+00:00,124.3675,123.80331106058802
2025-12-20 14:00:00+00:00,127.8825,145.08986790099746
2025-12-20 15:00:00+00:00,133.2125,145.4292989459557
2025-12-20 16:00:00+00:00,127.445,141.9753728534683
2025-12-20 17:00:00+00:00,126.4325,134.42836779255822
2025-12-20 18:00:00+00:00,122.37,129.97492547724414
2025-12-20 19:00:00+00:00,116.6025,118.66850150697023
2025-12-20 20:00:00+00:00,111.7825,110.35392144680752
2025-12-20 21:00:00+00:00,107.695,107.83931869032546
2025-12-20 22:00:00+00:00,94.465,105.84651777525126
2025-12-20 23:00:00+00:00,99.1125,93.68210161124948
2025-12-21 00:00:00+00:00,92.3225,98.40440531516856
2025-12-21 01:00:00+00:00,90.84,92.95364535991375
2025-12-21 02:00:00+00:00,90.85,93.7657824143893
2025-12-21 03:00:00+00:00,89.435,94.03144093321507
2025-12-21 04:00:00+00:00,90.7575,93.81508049779521
2025-12-21 05:00:00+00:00,93.8,95.78765379258053
2025-12-21 06:00:00+00:00,100.34,104.31150370316055
2025-12-21 07:00:00+00:00,103.345,109.56395586781088
2025-12-21 08:00:00+00:00,104.63,104.67881265565472
2025-12-21 09:00:00+00:00,106.1,100.9063067066017
2025-12-21 10:00:00+00:00,106.09,101.9874037929026
2025-12-21 11:00:00+00:00,106.9675,104.21116911529931
2025-12-21 12:00:00+00:00,106.2025,104.88295752930925
2025-12-21 13:00:00+00:00,108.57,113.7952222422807
2025-12-21 14:00:00+00:00,110.535,121.65324180980004
2025-12-21 15:00:00+00:00,118.2225,122.92205883655599
2025-12-21 16:00:00+00:00,121.2125,128.68150212094778
2025-12-21 17:00:00+00:00,121.565,126.2351400304769
2025-12-21 18:00:00+00:00,121.565,122.2338599195609
2025-12-21 19:00:00+00:00,117.2275,113.52072753644944
2025-12-21 20:00:00+00:00,116.775,107.70036085726379
2025-12-21 21:00:00+00:00,106.08,105.62220530642577
2025-12-21 22:00:00+00:00,95.9925,97.95136338099095
2025-12-21 23:00:00+00:00,90.9525,90.8643845482485
2025-12-22 00:00:00+00:00,88.5775,90.56209139185117
2025-12-22 01:00:00+00:00,88.36,85.79030091022267
2025-12-22 02:00:00+00:00,85.84,88.01182483293493
2025-12-22 03:00:00+00:00,89.3075,88.61735257457669
2025-12-22 04:00:00+00:00,97.595,103.77268626014836
2025-12-22 05:00:00+00:00,109.9425,119.59467009236491
2025-12-22 06:00:00+00:00,135.195,136.2809143658389
2025-12-22 07:00:00+00:00,125.06,140.4750174680542
2025-12-22 08:00:00+00:00,122.1,129.74460533465592
2025-12-22 09:00:00+00:00,119.4325,124.27205291329612
2025-12-22 10:00:00+00:00,118.3075,117.92170198971037
2025-12-22 11:00:00+00:00,116.7225,118.10809753277938
2025-12-22 12:00:00+00:00,117.2525,124.08635830071475
2025-12-22 13:00:00+00:00,122.6925,126.86993835224034
2025-12-22 14:00:00+00:00,139.1175,144.24506363020419
2025-12-22 15:00:00+00:00,145.0075,151.76689886281585
2025-12-22 16:00:00+00:00,151.0,155.09350165481817
2025-12-22 17:00:00+00:00,140.0075,153.93723663639327
2025-12-22 18:00:00+00:00,141.0,135.98232366890346
2025-12-22 19:00:00+00:00,121.5875,123.42738287427704
2025-12-22 20:00:00+00:00,118.675,115.34955058781111
2025-12-22 21:00:00+00:00,103.9475,109.92898892162881
2025-12-22 22:00:00+00:00,92.2175,98.57351875060145
2025-12-22 23:00:00+00:00,82.485,91.0917232506688
2025-12-23 00:00:00+00:00,83.625,82.13673888102753
2025-12-23 01:00:00+00:00,83.495,82.04208232404692
2025-12-23 02:00:00+00:00,82.03,81.92835259192171
2025-12-23 03:00:00+00:00,83.2525,87.15311506569964
2025-12-23 04:00:00+00:00,100.7,95.3320778462802
2025-12-23 05:00:00+00:00,108.2575,125.2767949393474
2025-12-23 06:00:00+00:00,130.9725,138.6257494966101
2025-12-23 07:00:00+00:00,142.5875,142.26005572928827
2025-12-23 08:00:00+00:00,122.91,131.79815836241676
2025-12-23 09:00:00+00:00,119.655,122.14154867265971
2025-12-23 10:00:00+00:00,102.58,116.07925571233385
2025-12-23 11:00:00+00:00,113.2975,106.09439273996335
2025-12-23 12:00:00+00:00,109.7,120.86840910570908
2025-12-23 13:00:00+00:00,121.31,132.01197257362315
2025-12-23 14:00:00+00:00,151.0025,152.2036603499934
2025-12-23 15:00:00+00:00,157.1825,173.2765532909067
2025-12-23 16:00:00+00:00,173.0025,175.75368308438527
2025-12-23 17:00:00+00:00,156.4925,174.6664799010664
2025-12-23 18:00:00+00:00,149.0,158.18275827854526
2025-12-23 19:00:00+00:00,130.0575,135.01789487361248
2025-12-23 20:00:00+00:00,112.0725,121.37952285119607
2025-12-23 21:00:00+00:00,112.79,107.49339364086185
2025-12-23 22:00:00+00:00,96.19,102.1389225378237
2025-12-23 23:00:00+00:00,95.3425,91.79316406041735
2025-12-24 00:00:00+00:00,88.0775,92.22949968539054
2025-12-24 01:00:00+00:00,85.92,87.05558437219592
2025-12-24 02:00:00+00:00,79.235,84.35216524225115
2025-12-24 03:00:00+00:00,80.0,86.89478981468542
2025-12-24 04:00:00+00:00,86.5025,93.50058080190067
2025-12-24 05:00:00+00:00,102.46,103.60251942089695
2025-12-24 06:00:00+00:00,114.6275,129.94616776682605
2025-12-24 07:00:00+00:00,139.10500000000002,134.0905762999645
2025-12-24 08:00:00+00:00,123.0025,140.16611241183233
2025-12-24 09:00:00+00:00,137.3275,129.96251898786872
2025-12-24 10:00:00+00:00,144.865,132.8904209780812
2025-12-24 11:00:00+00:00,152.845,140.1822032719334
2025-12-24 12:00:00+00:00,137.1675,152.20471600589735
2025-12-24 13:00:00+00:00,126.2925,148.745655699188
2025-12-24 14:00:00+00:00,116.0,152.77592201241166
2025-12-24 15:00:00+00:00,116.1525,139.46014337354293
2025-12-24 16:00:00+00:00,116.345,136.43242265008774
2025-12-24 17:00:00+00:00,98.1275,130.92029684976416
2025-12-24 18:00:00+00:00,98.1275,111.80399146554613
2025-12-24 19:00:00+00:00,91.16,100.20929675576062
2025-12-24 20:00:00+00:00,85.8575,93.11057917485738
2025-12-24 21:00:00+00:00,81.7,84.14768366822938
2025-12-24 22:00:00+00:00,67.405,77.69754193326044
2025-12-24 23:00:00+00:00,74.4925,72.0403570786613
2025-12-25 00:00:00+00:00,72.935,76.56155673386588
2025-12-25 01:00:00+00:00,78.5325,74.1420459154436
2025-12-25 02:00:00+00:00,70.22,79.50771115984631
2025-12-25 03:00:00+00:00,76.075,78.7156305157799
2025-12-25 04:00:00+00:00,79.4875,94.88566958830474
2025-12-25 05:00:00+00:00,81.6225,102.1760390437054
2025-12-25 06:00:00+00:00,83.725,103.59726152197081
2025-12-25 07:00:00+00:00,80.9975,95.05522352503596
2025-12-25 08:00:00+00:00,81.05250000000001,85.60368694901805
2025-12-25 09:00:00+00:00,78.3075,82.77382854310997
2025-12-25 10:00:00+00:00,76.19749999999999,85.29631726240206
2025-12-25 11:00:00+00:00,77.52250000000001,89.3173641563495
2025-12-25 12:00:00+00:00,81.2975,90.00272078255651
2025-12-25 13:00:00+00:00,86.75,95.94656246911424
2025-12-25 14:00:00+00:00,100.97,109.24353902153354
2025-12-25 15:00:00+00:00,105.14,123.4125914290311
2025-12-25 16:00:00+00:00,105.6,124.8627657278975
2025-12-25 17:00:00+00:00,107.1675,115.57139452989018
2025-12-25 18:00:00+00:00,109.345,111.34879242065851
2025-12-25 19:00:00+00:00,110.8475,111.97515662517513
2025-12-25 20:00:00+00:00,108.235,107.78044405864658
2025-12-25 21:00:00+00:00,105.0925,99.38591644074342
2025-12-25 22:00:00+00:00,96.37,96.63307904540663
2025-12-25 23:00:00+00:00,97.1,91.57985659357112
2025-12-26 00:00:00+00:00,91.0525,93.78190180878704
2025-12-26 01:00:00+00:00,85.8625,92.2552690842877
2025-12-26 02:00:00+00:00,83.2425,84.8371185033493
2025-12-26 03:00:00+00:00,83.0575,86.68953212312579
2025-12-26 04:00:00+00:00,83.725,90.12910510236883
2025-12-26 05:00:00+00:00,85.17750000000001,97.88129943721154
2025-12-26 06:00:00+00:00,95.1025,98.18614234600973
2025-12-26 07:00:00+00:00,99.305,102.6322247709426
2025-12-26 08:00:00+00:00,96.9725,98.10212307236691
2025-12-26 09:00:00+00:00,89.25,91.66210619880201
2025-12-26 10:00:00+00:00,84.9925,89.7417509097452
2025-12-26 11:00:00+00:00,82.3125,82.64095917177733
2025-12-26 12:00:00+00:00,83.2825,85.62121793805157
2025-12-26 13:00:00+00:00,93.7275,94.82366078480354
2025-12-26 14:00:00+00:00,111.655,111.17045035644065
2025-12-26 15:00:00+00:00,118.925,128.3620422410736
2025-12-26 16:00:00+00:00,122.295,126.21427054806553
2025-12-26 17:00:00+00:00,118.1775,124.59072491125465
2025-12-26 18:00:00+00:00,117.4275,117.85149195593233
2025-12-26 19:00:00+00:00,115.1025,110.16600654117548
2025-12-26 20:00:00+00:00,112.895,106.73643371523191
2025-12-26 21:00:00+00:00,109.225,104.23306050371758
2025-12-26 22:00:00+00:00,99.895,100.31789404710105
2025-12-26 23:00:00+00:00,96.98,93.68916151416508
2025-12-27 00:00:00+00:00,91.9675,92.86593771888684
2025-12-27 01:00:00+00:00,84.9825,90.91902517525111
2025-12-27 02:00:00+00:00,83.55250000000001,81.34349839935257
2025-12-27 03:00:00+00:00,84.9725,82.15252820587615
2025-12-27 04:00:00+00:00,84.10249999999999,84.93801298935034
2025-12-27 05:00:00+00:00,90.3825,86.12560832730261
2025-12-27 06:00:00+00:00,101.37,96.37801699476005
2025-12-27 07:00:00+00:00,101.5925,95.6523217082179
2025-12-27 08:00:00+00:00,90.775,86.39030791922298
2025-12-27 09:00:00+00:00,71.815,80.35133845439208
2025-12-27 10:00:00+00:00,68.79249999999999,68.14803513391253
2025-12-27 11:00:00+00:00,66.0525,70.4401809105321
2025-12-27 12:00:00+00:00,72.1925,75.43235074036353
2025-12-27 13:00:00+00:00,91.1475,86.24906401143235
2025-12-27 14:00:00+00:00,109.0175,109.21952677195829
2025-12-27 15:00:00+00:00,118.905,123.36433599971902
2025-12-27 16:00:00+00:00,123.3,130.23798991469337
2025-12-27 17:00:00+00:00,125.6025,130.30321033070624
2025-12-27 18:00:00+00:00,129.2725,122.88067359424794
2025-12-27 19:00:00+00:00,127.45,119.65672228465993
2025-12-27 20:00:00+00:00,108.05,114.77382270034752
2025-12-27 21:00:00+00:00,100.98,104.8523408456388
2025-12-27 22:00:00+00:00,94.01,98.65947293487176
2025-12-27 23:00:00+00:00,91.855,91.9004031694277
2025-12-28 00:00:00+00:00,86.6075,91.78219359555152
2025-12-28 01:00:00+00:00,84.14,85.591585461614
2025-12-28 02:00:00+00:00,82.6,81.67015381524769
2025-12-28 03:00:00+00:00,83.375,81.35020286318124
2025-12-28 04:00:00+00:00,86.4425,84.1850474244399
2025-12-28 05:00:00+00:00,88.72,90.01631082618431
2025-12-28 06:00:00+00:00,95.97,94.45694377893938
2025-12-28 07:00:00+00:00,90.8575,88.39153376335892
2025-12-28 08:00:00+00:00,74.6925,78.42043263492353
2025-12-28 09:00:00+00:00,17.05,63.7069373639341
2025-12-28 10:00:00+00:00,25.1,23.935190304488472
2025-12-28 11:00:00+00:00,29.4925,30.46516455557564
2025-12-28 12:00:00+00:00,60.245000000000005,36.585771618108254
2025-12-28 13:00:00+00:00,83.3275,81.21862947255447
2025-12-28 14:00:00+00:00,102.0975,97.78927231658677
2025-12-28 15:00:00+00:00,112.325,117.21517126954153
2025-12-28 16:00:00+00:00,114.7525,122.32402578189226
2025-12-28 17:00:00+00:00,115.39,121.329361278562
2025-12-28 18:00:00+00:00,110.1425,114.54377807621663
2025-12-28 19:00:00+00:00,105.01,109.09122522806322
2025-12-28 20:00:00+00:00,99.0275,102.21583635930048
2025-12-28 21:00:00+00:00,98.2825,96.85881666758758
2025-12-28 22:00:00+00:00,89.6275,90.73622935651636
2025-12-28 23:00:00+00:00,90.295,89.90773311513462
2025-12-29 00:00:00+00:00,86.9275,93.27966406522363
2025-12-29 01:00:00+00:00,84.745,86.93731043516982
2025-12-29 02:00:00+00:00,82.19,83.4402628507969
2025-12-29 03:00:00+00:00,84.015,86.83134176515222
2025-12-29 04:00:00+00:00,90.7925,95.26841261682443
2025-12-29 05:00:00+00:00,96.3325,110.10351837394523
2025-12-29 06:00:00+00:00,108.2725,116.78673155944274
2025-12-29 07:00:00+00:00,102.295,106.10946998887013
2025-12-29 08:00:00+00:00,79.8475,94.2092719328285
2025-12-29 09:00:00+00:00,70.3,74.67811057969435
2025-12-29 10:00:00+00:00,58.4,71.02297349864119
2025-12-29 11:00:00+00:00,75.1,67.53584683419207
2025-12-29 12:00:00+00:00,87.5725,83.66358234001203
2025-12-29 13:00:00+00:00,104.1175,98.74404832067937
2025-12-29 14:00:00+00:00,125.0,122.3231439434304
2025-12-29 15:00:00+00:00,151.7225,144.4009804095217
2025-12-29 16:00:00+00:00,145.06,156.31494697212207
2025-12-29 17:00:00+00:00,144.335,146.9885294445438
2025-12-29 18:00:00+00:00,146.99,132.77307166657627
2025-12-29 19:00:00+00:00,125.7,124.51179566185588
2025-12-29 20:00:00+00:00,121.605,110.62812286153287
2025-12-29 21:00:00+00:00,114.4,105.87939240808392
2025-12-29 22:00:00+00:00,90.0575,100.39825072563248
2025-12-29 23:00:00+00:00,94.7025,87.12410135629614
2025-12-30 00:00:00+00:00,81.6275,90.907840489894
2025-12-30 01:00:00+00:00,80.2525,80.26111124696524
2025-12-30 02:00:00+00:00,79.1425,79.47061223206242
2025-12-30 03:00:00+00:00,77.0725,83.51450814468697
2025-12-30 04:00:00+00:00,91.97,90.84062469988105
2025-12-30 05:00:00+00:00,104.855,106.12255733062042
2025-12-30 06:00:00+00:00,108.2725,113.95019434208572
2025-12-30 07:00:00+00:00,90.975,104.96416809351086
2025-12-30 08:00:00+00:00,90.49,80.66628469396713
2025-12-30 09:00:00+00:00,72.86500000000001,79.16162791983268
2025-12-30 10:00:00+00:00,40.565,67.32198657834019
2025-12-30 11:00:00+00:00,72.0425,53.64754466294171
2025-12-30 12:00:00+00:00,77.045,79.6122296494723
2025-12-30 13:00:00+00:00,90.2075,93.6322664655403
2025-12-30 14:00:00+00:00,111.095,116.69662310197238
2025-12-30 15:00:00+00:00,118.0,132.71594353932204
2025-12-30 16:00:00+00:00,122.21,131.26750724566782
2025-12-30 17:00:00+00:00,122.7675,129.66195032907785
2025-12-30 18:00:00+00:00,131.1225,125.04224469168327
2025-12-30 19:00:00+00:00,120.3175,118.54213528096899
2025-12-30 20:00:00+00:00,112.405,110.47323244731287
2025-12-30 21:00:00+00:00,109.45,105.50597756195458
2025-12-30 22:00:00+00:00,85.97749999999999,100.05185252880159
2025-12-30 23:00:00+00:00,86.31,79.69032370704882
2025-12-31 00:00:00+00:00,84.715,80.77003862569792
2025-12-31 01:00:00+00:00,80.24000000000001,78.80045000803366
2025-12-31 02:00:00+00:00,76.58,77.88964046172313
2025-12-31 03:00:00+00:00,74.9325,81.40150881425089
2025-12-31 04:00:00+00:00,77.3775,87.44776685832207
2025-12-31 05:00:00+00:00,81.9425,96.19653158049361
2025-12-31 06:00:00+00:00,87.7975,97.53785179183552
2025-12-31 07:00:00+00:00,96.825,95.05926252377157
2025-12-31 08:00:00+00:00,95.9475,93.34509917965832
2025-12-31 09:00:00+00:00,85.7475,91.84654334966734
2025-12-31 10:00:00+00:00,83.1825,80.50667094568523
2025-12-31 11:00:00+00:00,83.0475,84.30923386542152
2025-12-31 12:00:00+00:00,85.17,87.08272163280795
2025-12-31 13:00:00+00:00,99.9525,92.56428072979169
2025-12-31 14:00:00+00:00,124.65,111.47476342152177
2025-12-31 15:00:00+00:00,174.7725,133.9947970524148
2025-12-31 16:00:00+00:00,144.65,162.26448270365046
2025-12-31 17:00:00+00:00,141.145,138.13087781773848
2025-12-31 18:00:00+00:00,121.0,124.43817542874525
2025-12-31 19:00:00+00:00,113.6675,105.0600236345711
2025-12-31 20:00:00+00:00,111.2,102.09275421148925
2025-12-31 21:00:00+00:00,108.0025,99.93438891327261
2025-12-31 22:00:00+00:00,89.7275,94.46047129224772
2025-12-31 23:00:00+00:00,98.1,86.454021909316
2026-01-01 00:00:00+00:00,93.945,91.6021493119132
2026-01-01 01:00:00+00:00,88.0575,89.36036361498448
2026-01-01 02:00:00+00:00,77.9925,85.32428196703819
2026-01-01 03:00:00+00:00,72.0675,80.77734046277568
2026-01-01 04:00:00+00:00,70.27,80.30402937579686
2026-01-01 05:00:00+00:00,81.2375,83.971514181922
2026-01-01 06:00:00+00:00,67.225,82.59698473116663
2026-01-01 07:00:00+00:00,42.94,59.36981476312101
2026-01-01 08:00:00+00:00,34.345,36.10708453868119
2026-01-01 09:00:00+00:00,18.1125,24.105511098160477
2026-01-01 10:00:00+00:00,26.495,17.82700708017289
2026-01-01 11:00:00+00:00,28.2075,25.44657322477211
2026-01-01 12:00:00+00:00,36.2275,33.98775678469225
2026-01-01 13:00:00+00:00,57.2075,62.961786315164616
2026-01-01 14:00:00+00:00,100.845,86.21860377968775
2026-01-01 15:00:00+00:00,111.455,124.8445661201733
2026-01-01 16:00:00+00:00,120.0,125.5460808837329
2026-01-01 17:00:00+00:00,120.3175,130.52096648367692
2026-01-01 18:00:00+00:00,120.4125,120.1000804782557
2026-01-01 19:00:00+00:00,119.365,109.63673009919464
2026-01-01 20:00:00+00:00,115.0,110.06986615437484
2026-01-01 21:00:00+00:00,109.28,107.76756709586462
2026-01-01 22:00:00+00:00,97.375,101.72391394668313
2026-01-01 23:00:00+00:00,91.1075,90.6185211717019
2026-01-02 00:00:00+00:00,86.22,90.0307565437921
2026-01-02 01:00:00+00:00,78.39750000000001,79.597506890834
2026-01-02 02:00:00+00:00,76.865,77.53136316166479
2026-01-02 03:00:00+00:00,79.6475,80.02360752645285
2026-01-02 04:00:00+00:00,86.025,84.73849548896553
2026-01-02 05:00:00+00:00,105.4425,89.544876089529
2026-01-02 06:00:00+00:00,104.0525,102.56416694989166
2026-01-02 07:00:00+00:00,96.11,91.77662990339596
2026-01-02 08:00:00+00:00,91.0025,80.7955391953457
2026-01-02 09:00:00+00:00,85.465,79.15167944501542
2026-01-02 10:00:00+00:00,83.0075,72.69296821279463
2026-01-02 11:00:00+00:00,60.0,73.83464799876731
2026-01-02 12:00:00+00:00,82.2575,61.75190563801742
2026-01-02 13:00:00+00:00,92.85,84.39767503005208
2026-01-02 14:00:00+00:00,106.0125,102.42526942067471
2026-01-02 15:00:00+00:00,116.225,114.31336051398988
2026-01-02 16:00:00+00:00,117.9625,121.10237926403089
2026-01-02 17:00:00+00:00,116.28,123.34876649616555
2026-01-02 18:00:00+00:00,118.22,113.58476896284196
2026-01-02 19:00:00+00:00,114.9975,109.03920069341928
2026-01-02 20:00:00+00:00,103.55,105.66744921888363
2026-01-02 21:00:00+00:00,95.1825,97.23930213906709
2026-01-02 22:00:00+00:00,83.2675,89.91755443356968
2026-01-02 23:00:00+00:00,80.42750000000001,78.1793220406175
2026-01-03 00:00:00+00:00,80.03,79.6440654064391
2026-01-03 01:00:00+00:00,80.755,77.02986497617287
2026-01-03 02:00:00+00:00,79.805,76.71537828376361
2026-01-03 03:00:00+00:00,77.38,76.90661491511236
2026-01-03 04:00:00+00:00,76.2975,78.30992670001888
2026-01-03 05:00:00+00:00,79.305,81.73813500979
2026-01-03 06:00:00+00:00,83.9225,83.8005682154658
2026-01-03 07:00:00+00:00,90.69,78.82567041793295
2026-01-03 08:00:00+00:00,88.85249999999999,86.73464372134111
2026-01-03 09:00:00+00:00,85.185,84.21886765187944
2026-01-03 10:00:00+00:00,85.1075,77.02691907192153
2026-01-03 11:00:00+00:00,83.905,76.67708374041078
2026-01-03 12:00:00+00:00,80.465,80.43363084092132
2026-01-03 13:00:00+00:00,83.515,89.39736804018989
2026-01-03 14:00:00+00:00,94.865,94.23927942959759
2026-01-03 15:00:00+00:00,108.105,109.27473992069501
2026-01-03 16:00:00+00:00,111.725,116.73575141217067
2026-01-03 17:00:00+00:00,111.825,117.40281863542653
2026-01-03 18:00:00+00:00,109.0325,111.83845905136064
2026-01-03 19:00:00+00:00,103.1025,105.73508081261282
2026-01-03 20:00:00+00:00,96.035,96.81204450349401
2026-01-03 21:00:00+00:00,89.94,90.9931779736242
2026-01-03 22:00:00+00:00,82.27250000000001,87.26093416634671
2026-01-03 23:00:00+00:00,84.7525,77.63241625604437
2026-01-04 00:00:00+00:00,85.33,77.65296036456161
2026-01-04 01:00:00+00:00,85.0425,77.7511280158864
2026-01-04 02:00:00+00:00,83.915,78.56546306173485
2026-01-04 03:00:00+00:00,82.5575,76.98257781728414
2026-01-04 04:00:00+00:00,83.4075,77.03766022406403
2026-01-04 05:00:00+00:00,83.9575,77.28161657470548
2026-01-04 06:00:00+00:00,86.84,80.02622921163712
2026-01-04 07:00:00+00:00,88.4,79.25789828103412
2026-01-04 08:00:00+00:00,86.0175,75.49403427575075
2026-01-04 09:00:00+00:00,77.925,66.34017956359139
2026-01-04 10:00:00+00:00,60.0,67.40986771264494
2026-01-04 11:00:00+00:00,78.35,56.58546379321871
2026-01-04 12:00:00+00:00,86.2775,75.70280539514167
2026-01-04 13:00:00+00:00,93.055,88.5650144064328
2026-01-04 14:00:00+00:00,94.7925,100.12542027905545
2026-01-04 15:00:00+00:00,113.5125,104.13991437401464
2026-01-04 16:00:00+00:00,118.425,118.26410718577311
2026-01-04 17:00:00+00:00,121.18,122.66377043323209
2026-01-04 18:00:00+00:00,104.065,113.88997183419451
2026-01-04 19:00:00+00:00,102.855,100.78853234782777
2026-01-04 20:00:00+00:00,100.195,96.49214953956914
2026-01-04 21:00:00+00:00,96.565,94.38029740196194
2026-01-04 22:00:00+00:00,85.005,89.74546085652017
2026-01-04 23:00:00+00:00,26.225,80.11138138077858
2026-01-05 00:00:00+00:00,26.0075,36.92587084131533
2026-01-05 01:00:00+00:00,16.695,36.756713013728785
2026-01-05 02:00:00+00:00,27.0175,32.409399825745425
2026-01-05 03:00:00+00:00,52.67,43.106022439420386
2026-01-05 04:00:00+00:00,74.7725,75.87787090031895
2026-01-05 05:00:00+00:00,84.055,91.8466046165214
2026-01-05 06:00:00+00:00,87.805,94.45332330309074
2026-01-05 07:00:00+00:00,86.8125,90.40353327569771
2026-01-05 08:00:00+00:00,81.9425,83.4893072159781
2026-01-05 09:00:00+00:00,73.425,78.1894241759849
2026-01-05 10:00:00+00:00,76.325,71.82645619084073
2026-01-05 11:00:00+00:00,77.0625,79.81327038824158
2026-01-05 12:00:00+00:00,79.895,84.06013297814937
2026-01-05 13:00:00+00:00,79.1175,93.37734903165205
2026-01-05 14:00:00+00:00,87.7525,95.37733040997428
2026-01-05 15:00:00+00:00,96.9725,113.47214444903902
2026-01-05 16:00:00+00:00,105.2075,119.10101063725757
2026-01-05 17:00:00+00:00,95.6075,125.88437680872018
2026-01-05 18:00:00+00:00,93.915,109.43869433793503
2026-01-05 19:00:00+00:00,91.1,93.00274323222376
2026-01-05 20:00:00+00:00,87.9375,90.8325439005153
2026-01-05 21:00:00+00:00,84.705,81.17557971196035
2026-01-05 22:00:00+00:00,76.58250000000001,77.32939342183454
2026-01-05 23:00:00+00:00,84.13,69.837157948337
2026-01-06 00:00:00+00:00,84.42,72.37773713321525
2026-01-06 01:00:00+00:00,83.8575,72.49857487039802
2026-01-06 02:00:00+00:00,84.07,72.44007367261327
2026-01-06 03:00:00+00:00,87.11,77.16131855186464
2026-01-06 04:00:00+00:00,91.825,90.1056510938344
2026-01-06 05:00:00+00:00,91.915,98.33003527887773
2026-01-06 06:00:00+00:00,94.6925,95.66559316787303
2026-01-06 07:00:00+00:00,74.6025,86.50103185072965
2026-01-06 08:00:00+00:00,76.015,67.65246503647467
2026-01-06 09:00:00+00:00,67.8675,64.58475567246408
2026-01-06 10:00:00+00:00,67.4325,61.38005981081017
2026-01-06 11:00:00+00:00,68.715,68.47178697898121
2026-01-06 12:00:00+00:00,81.735,73.42372449793064
2026-01-06 13:00:00+00:00,85.9075,86.33239388362674
2026-01-06 14:00:00+00:00,86.0325,90.46023403050111
2026-01-06 15:00:00+00:00,90.685,92.9536801104776
2026-01-06 16:00:00+00:00,96.97,102.04122599367967
2026-01-06 17:00:00+00:00,94.79,102.2618588982903
2026-01-06 18:00:00+00:00,91.4675,93.73189328587847
2026-01-06 19:00:00+00:00,94.6825,87.43957082516489
2026-01-06 20:00:00+00:00,95.2425,87.46400033855504
2026-01-06 21:00:00+00:00,90.86,86.85852584076017
2026-01-06 22:00:00+00:00,86.4975,83.35154107785371
2026-01-06 23:00:00+00:00,83.9175,75.26850387718227
2026-01-07 00:00:00+00:00,83.53999999999999,77.09200069140985
2026-01-07 01:00:00+00:00,81.405,76.86524649067144
2026-01-07 02:00:00+00:00,81.2475,77.03009886866823
2026-01-07 03:00:00+00:00,84.6975,81.44686603716971
2026-01-07 04:00:00+00:00,87.7825,87.56581415949842
2026-01-07 05:00:00+00:00,116.56,93.78316662264335
2026-01-07 06:00:00+00:00,113.9925,112.47780764242334
2026-01-07 07:00:00+00:00,88.195,104.61139403095623
2026-01-07 08:00:00+00:00,83.8425,84.21870684578374
2026-01-07 09:00:00+00:00,76.7175,70.93536159320168
2026-01-07 10:00:00+00:00,65.0,71.685614708672
2026-01-07 11:00:00+00:00,74.725,70.620069380201
2026-01-07 12:00:00+00:00,86.9675,79.19470911952521
2026-01-07 13:00:00+00:00,109.18,93.21878998976206
2026-01-07 14:00:00+00:00,92.4825,114.10232646562004
2026-01-07 15:00:00+00:00,107.2975,110.7053184236406
2026-01-07 16:00:00+00:00,110.795,113.42702149050523
2026-01-07 17:00:00+00:00,94.34,117.71529110039768
2026-01-07 18:00:00+00:00,93.8725,97.78394720663232
2026-01-07 19:00:00+00:00,96.4375,88.07317680259624
2026-01-07 20:00:00+00:00,92.7775,90.52380279012192
2026-01-07 21:00:00+00:00,86.21,88.5997679380296
2026-01-07 22:00:00+00:00,84.69749999999999,79.65769990882933
2026-01-07 23:00:00+00:00,71.8375,80.50528297629626
2026-01-08 00:00:00+00:00,76.5775,72.8586853743387
2026-01-08 01:00:00+00:00,78.1275,76.51706198500312
2026-01-08 02:00:00+00:00,79.495,75.98198427502444
2026-01-08 03:00:00+00:00,80.08,79.07525184941838
2026-01-08 04:00:00+00:00,88.77000000000001,84.8660086495176
2026-01-08 05:00:00+00:00,97.82,98.74444016860413
2026-01-08 06:00:00+00:00,93.9875,98.97275979512398
2026-01-08 07:00:00+00:00,57.64,79.5876509683778
2026-01-08 08:00:00+00:00,17.2875,47.83833136948104
2026-01-08 09:00:00+00:00,0.0,20.14604379899005
2026-01-08 10:00:00+00:00,0.0,7.321116294563879
2026-01-08 11:00:00+00:00,0.0,8.80079666649209
2026-01-08 12:00:00+00:00,0.0525,15.803620908744918
2026-01-08 13:00:00+00:00,48.6225,35.94220471879443
2026-01-08 14:00:00+00:00,78.1825,70.28030962286695
2026-01-08 15:00:00+00:00,89.33500000000001,99.19775313491024
2026-01-08 16:00:00+00:00,115.7225,111.88460515805745
2026-01-08 17:00:00+00:00,116.745,124.79072705436842
2026-01-08 18:00:00+00:00,144.4375,117.21512494545638
2026-01-08 19:00:00+00:00,127.2,114.35949489779807
2026-01-08 20:00:00+00:00,104.3875,109.96268408196232
2026-01-08 21:00:00+00:00,99.645,100.88374742332923
2026-01-08 22:00:00+00:00,96.8275,97.45496769904409
2026-01-08 23:00:00+00:00,90.0,89.07091158810518
2026-01-09 00:00:00+00:00,89.32249999999999,88.195182787008
2026-01-09 01:00:00+00:00,90.0,87.18861652048273
2026-01-09 02:00:00+00:00,87.455,88.12998888984947
2026-01-09 03:00:00+00:00,92.06,86.78461064148792
2026-01-09 04:00:00+00:00,110.055,105.14741674731972
2026-01-09 05:00:00+00:00,128.36,124.17424851761888
2026-01-09 06:00:00+00:00,144.46,128.0751068589801
2026-01-09 07:00:00+00:00,107.5225,116.6643217824894
2026-01-09 08:00:00+00:00,82.085,90.8048927484785
2026-01-09 09:00:00+00:00,74.20750000000001,69.25960910321099
2026-01-09 10:00:00+00:00,79.9075,74.25264201922299
2026-01-09 11:00:00+00:00,83.0375,74.36782827860067
2026-01-09 12:00:00+00:00,100.385,80.60730266910045
2026-01-09 13:00:00+00:00,110.3875,101.02180458485407
2026-01-09 14:00:00+00:00,130.1875,112.49296276107141
2026-01-09 15:00:00+00:00,143.6125,132.46155998664284
2026-01-09 16:00:00+00:00,135.5625,147.0126987721946
2026-01-09 17:00:00+00:00,133.75,143.10553797737634
2026-01-09 18:00:00+00:00,130.0475,134.8977459503538
2026-01-09 19:00:00+00:00,126.4125,118.48684108981175
2026-01-09 20:00:00+00:00,126.18,113.17937564516106
2026-01-09 21:00:00+00:00,111.375,112.5804682427906
2026-01-09 22:00:00+00:00,97.0,101.12322927236549
2026-01-09 23:00:00+00:00,78.095,91.09321532726412
2026-01-10 00:00:00+00:00,80.5775,77.92806393385193
2026-01-10 01:00:00+00:00,80.905,79.22669754117463
2026-01-10 02:00:00+00:00,85.2375,77.82220428955232
2026-01-10 03:00:00+00:00,85.1375,78.42670294749445
2026-01-10 04:00:00+00:00,77.2375,83.95446077303222
2026-01-10 05:00:00+00:00,82.81,87.89538378148002
2026-01-10 06:00:00+00:00,105.5425,88.27845030603342
2026-01-10 07:00:00+00:00,89.9825,100.18243021453347
2026-01-10 08:00:00+00:00,86.9375,83.47581698647818
2026-01-10 09:00:00+00:00,62.815,78.25268094213254
2026-01-10 10:00:00+00:00,70.0,66.97041736367261
2026-01-10 11:00:00+00:00,68.58500000000001,72.31078941863422
2026-01-10 12:00:00+00:00,61.875,76.9226398989874
2026-01-10 13:00:00+00:00,69.795,81.54749797638675
2026-01-10 14:00:00+00:00,87.7,92.43136879466694
2026-01-10 15:00:00+00:00,108.8025,101.20809017584737
2026-01-10 16:00:00+00:00,124.7675,117.03720822767681
2026-01-10 17:00:00+00:00,114.1875,132.44690462963078
2026-01-10 18:00:00+00:00,110.855,117.72076108106707
2026-01-10 19:00:00+00:00,94.04,108.21713003612868
2026-01-10 20:00:00+00:00,86.3775,96.54697831851621
2026-01-10 21:00:00+00:00,83.1925,83.46820579612029
2026-01-10 22:00:00+00:00,63.57,75.90966800245828
2026-01-10 23:00:00+00:00,83.2325,68.57582606996185
2026-01-11 00:00:00+00:00,83.965,77.54696747192207
2026-01-11 01:00:00+00:00,82.1425,76.95552878699345
2026-01-11 02:00:00+00:00,84.72,78.56592663193443
2026-01-11 03:00:00+00:00,82.68,79.37044839948783
2026-01-11 04:00:00+00:00,82.26,79.12169573787742
2026-01-11 05:00:00+00:00,81.6025,81.25607896538702
2026-01-11 06:00:00+00:00,84.15,84.12533366400316
2026-01-11 07:00:00+00:00,76.6125,78.17063626749905
2026-01-11 08:00:00+00:00,52.625,72.49177714920813
2026-01-11 09:00:00+00:00,57.585,51.64464001631151
2026-01-11 10:00:00+00:00,76.9925,56.561736290889826
2026-01-11 11:00:00+00:00,95.35,74.64364153138673
2026-01-11 12:00:00+00:00,91.1975,88.37618705688152
2026-01-11 13:00:00+00:00,85.8975,96.79935742987819
2026-01-11 14:00:00+00:00,87.08,91.89471823632664
2026-01-11 15:00:00+00:00,115.7225,103.89421700247509
2026-01-11 16:00:00+00:00,121.735,128.65207584303195
2026-01-11 17:00:00+00:00,121.2625,132.04095414571856
2026-01-11 18:00:00+00:00,123.555,119.6494539959593
2026-01-11 19:00:00+00:00,112.83,109.97534340277679
2026-01-11 20:00:00+00:00,87.0025,101.24127432149174
2026-01-11 21:00:00+00:00,83.5575,81.20044977927556
2026-01-11 22:00:00+00:00,80.5325,73.57453092633699
2026-01-11 23:00:00+00:00,82.085,74.37365707770645
2026-01-12 00:00:00+00:00,80.6725,74.58900014361956
2026-01-12 01:00:00+00:00,84.5375,74.24635685093703
2026-01-12 02:00:00+00:00,79.4025,76.82954712488072
2026-01-12 03:00:00+00:00,81.2425,81.84692513414191
2026-01-12 04:00:00+00:00,83.9775,92.50436127627698
2026-01-12 05:00:00+00:00,101.83,96.61914565132514
2026-01-12 06:00:00+00:00,137.3275,111.44751484410293
2026-01-12 07:00:00+00:00,87.5925,119.83429822886492
2026-01-12 08:00:00+00:00,61.4225,74.66324977423562
2026-01-12 09:00:00+00:00,55.48,55.03014741195666
2026-01-12 10:00:00+00:00,14.8625,59.32891617607346
2026-01-12 11:00:00+00:00,27.865,32.72741224927756
2026-01-12 12:00:00+00:00,52.5,40.53554444611267
2026-01-12 13:00:00+00:00,61.115,75.81880732997116
2026-01-12 14:00:00+00:00,93.9475,82.33154503644808
2026-01-12 15:00:00+00:00,155.70749999999998,124.71741492616576
2026-01-12 16:00:00+00:00,161.86,170.32103035680208
2026-01-12 17:00:00+00:00,148.96,172.1825672423138
2026-01-12 18:00:00+00:00,150.0375,154.49207142004724
2026-01-12 19:00:00+00:00,150.0025,128.71432358359598
2026-01-12 20:00:00+00:00,142.2225,121.88631949576771
2026-01-12 21:00:00+00:00,104.395,117.28369374480492
2026-01-12 22:00:00+00:00,104.0675,96.10672857230767
2026-01-12 23:00:00+00:00,112.69,96.1730265391891
2026-01-13 00:00:00+00:00,105.2975,103.78361590871076
2026-01-13 01:00:00+00:00,110.15,99.26689565143533
2026-01-13 02:00:00+00:00,104.2625,104.48115662559032
2026-01-13 03:00:00+00:00,113.12,107.40271893467283
2026-01-13 04:00:00+00:00,117.0025,122.0432505867264
2026-01-13 05:00:00+00:00,125.88,134.52651024605535
2026-01-13 06:00:00+00:00,149.0075,136.45349500639557
2026-01-13 07:00:00+00:00,124.805,129.491938849357
2026-01-13 08:00:00+00:00,99.41,107.34380281562515
2026-01-13 09:00:00+00:00,89.345,89.71258656019928
2026-01-13 10:00:00+00:00,86.4,83.21916315932631
2026-01-13 11:00:00+00:00,84.9425,76.86605450416647
2026-01-13 12:00:00+00:00,86.7375,82.03010558449893
2026-01-13 13:00:00+00:00,97.635,91.63528674321154
2026-01-13 14:00:00+00:00,133.895,109.86175619057136
2026-01-13 15:00:00+00:00,255.39,163.18573544945468
2026-01-13 16:00:00+00:00,378.485,250.74912951137605
2026-01-13 17:00:00+00:00,371.47,331.40989050417437
2026-01-13 18:00:00+00:00,269.7175,302.6182309331342
2026-01-13 19:00:00+00:00,140.0,195.61074453957036
2026-01-13 20:00:00+00:00,134.805,116.95213442697344
2026-01-13 21:00:00+00:00,124.225,117.43507279654422
2026-01-13 22:00:00+00:00,118.02,109.68148936674181
2026-01-13 23:00:00+00:00,100.88,111.27728973296627
2026-01-14 00:00:00+00:00,108.2575,104.72822603996566
2026-01-14 01:00:00+00:00,107.02,110.99498699551508
2026-01-14 02:00:00+00:00,114.195,108.98163941744814
2026-01-14 03:00:00+00:00,94.975,126.66048847942656
2026-01-14 04:00:00+00:00,113.335,133.1300401472255
2026-01-14 05:00:00+00:00,131.0375,167.3859551832272
2026-01-14 06:00:00+00:00,150.0,169.2333388180049
2026-01-14 07:00:00+00:00,104.6625,143.14131052274774
2026-01-14 08:00:00+00:00,86.66499999999999,95.206693263067
2026-01-14 09:00:00+00:00,80.58,77.48674614490096
2026-01-14 10:00:00+00:00,75.9725,75.8432635892708
2026-01-14 11:00:00+00:00,75.59,79.97381321733079
2026-01-14 12:00:00+00:00,80.6975,86.36486155633841
2026-01-14 13:00:00+00:00,83.2675,102.70398359572614
2026-01-14 14:00:00+00:00,137.6275,132.55979104552677
2026-01-14 15:00:00+00:00,190.0,213.69773119936917
2026-01-14 16:00:00+00:00,283.0,256.9033718784215
2026-01-14 17:00:00+00:00,261.7475,314.0456157543068
2026-01-14 18:00:00+00:00,250.065,260.25154067379214
2026-01-14 19:00:00+00:00,165.2375,189.29034731292458
2026-01-14 20:00:00+00:00,140.2,140.64134120027086
2026-01-14 21:00:00+00:00,124.83,123.96692901079254
2026-01-14 22:00:00+00:00,119.6625,118.50341743415196
2026-01-14 23:00:00+00:00,112.69,111.55283456855886
2026-01-15 00:00:00+00:00,114.1425,108.81244943266142
2026-01-15 01:00:00+00:00,109.1875,109.05160563328114
2026-01-15 02:00:00+00:00,95.73,111.66717425258969
2026-01-15 03:00:00+00:00,94.7425,107.3437356454388
2026-01-15 04:00:00+00:00,116.34,123.02804485089301
2026-01-15 05:00:00+00:00,136.5,151.06498588622688
2026-01-15 06:00:00+00:00,151.0,161.12764725784695
2026-01-15 07:00:00+00:00,98.0275,130.57773219025904
2026-01-15 08:00:00+00:00,83.5975,82.62854857111532
2026-01-15 09:00:00+00:00,82.265,68.09085717164834
2026-01-15 10:00:00+00:00,71.3225,72.75569417730891
2026-01-15 11:00:00+00:00,74.695,70.92862301573257
2026-01-15 12:00:00+00:00,83.7475,79.19401182320686
2026-01-15 13:00:00+00:00,86.955,95.94486931337556
2026-01-15 14:00:00+00:00,116.8025,125.19863791817093
2026-01-15 15:00:00+00:00,169.4275,165.64430156631758
2026-01-15 16:00:00+00:00,260.78000000000003,210.0752816810527
2026-01-15 17:00:00+00:00,283.5675,288.6209242222262
2026-01-15 18:00:00+00:00,259.9775,277.1147908823022
2026-01-15 19:00:00+00:00,190.2675,194.06233787211204
2026-01-15 20:00:00+00:00,151.3625,160.5693304521786
2026-01-15 21:00:00+00:00,135.46,139.43183722296013
2026-01-15 22:00:00+00:00,119.2125,127.30036434347625
2026-01-15 23:00:00+00:00,121.5325,116.3431338039554
2026-01-16 00:00:00+00:00,122.375,121.22104650246567
2026-01-16 01:00:00+00:00,118.4125,120.1308403854051
2026-01-16 02:00:00+00:00,117.5375,116.67248028189482
2026-01-16 03:00:00+00:00,113.14,123.1732603363294
2026-01-16 04:00:00+00:00,121.5775,135.87397777295152
2026-01-16 05:00:00+00:00,139.145,162.23356600023718
2026-01-16 06:00:00+00:00,156.3775,171.52890612117034
2026-01-16 07:00:00+00:00,135.735,144.34612656625833
2026-01-16 08:00:00+00:00,91.115,113.74467404589446
2026-01-16 09:00:00+00:00,79.4525,84.2733295946071
2026-01-16 10:00:00+00:00,75.48,80.03553328749629
2026-01-16 11:00:00+00:00,77.3825,83.42571933039085
2026-01-16 12:00:00+00:00,83.7875,92.31356706671707
2026-01-16 13:00:00+00:00,97.4675,110.06791512248768
2026-01-16 14:00:00+00:00,144.9975,142.52267756648118
2026-01-16 15:00:00+00:00,182.0625,193.56723571337474
2026-01-16 16:00:00+00:00,203.3975,220.31501794846048
2026-01-16 17:00:00+00:00,180.805,228.616209623671
2026-01-16 18:00:00+00:00,176.1425,192.03592408084322
2026-01-16 19:00:00+00:00,145.085,158.74221369388871
2026-01-16 20:00:00+00:00,132.0975,134.54474321181527
2026-01-16 21:00:00+00:00,123.725,125.04218744464652
2026-01-16 22:00:00+00:00,99.0025,120.07533521268977
2026-01-16 23:00:00+00:00,101.26,101.60635474555544
2026-01-17 00:00:00+00:00,103.56,104.00350717002317
2026-01-17 01:00:00+00:00,102.5075,103.05024395874011
2026-01-17 02:00:00+00:00,97.6775,102.09561474421147
2026-01-17 03:00:00+00:00,92.245,98.74528338809017
2026-01-17 04:00:00+00:00,92.9225,99.2007089482295
2026-01-17 05:00:00+00:00,96.175,101.968412206579
2026-01-17 06:00:00+00:00,97.02,110.62548110885206
2026-01-17 07:00:00+00:00,94.5325,105.71277442141738
2026-01-17 08:00:00+00:00,78.3475,93.74484173002364
2026-01-17 09:00:00+00:00,78.5775,76.41156605540125
2026-01-17 10:00:00+00:00,84.83,78.8255683349933
2026-01-17 11:00:00+00:00,85.875,81.382319710346
2026-01-17 12:00:00+00:00,92.9,83.69448187267764
2026-01-17 13:00:00+00:00,92.4225,101.50951417861307
2026-01-17 14:00:00+00:00,96.5125,115.92588146650924
2026-01-17 15:00:00+00:00,104.425,122.36025976777998
2026-01-17 16:00:00+00:00,137.245,129.2622710449071
2026-01-17 17:00:00+00:00,120.59,150.23343407605273
2026-01-17 18:00:00+00:00,105.28,129.0965594812626
2026-01-17 19:00:00+00:00,93.67,103.68435258730159
2026-01-17 20:00:00+00:00,92.45,96.10592932455653
2026-01-17 21:00:00+00:00,95.955,95.68472092649318
2026-01-17 22:00:00+00:00,82.1875,87.74602197877064
2026-01-17 23:00:00+00:00,77.0,80.79303134599144
2026-01-18 00:00:00+00:00,88.4625,80.52612977495073
2026-01-18 01:00:00+00:00,84.4125,87.204688756461
2026-01-18 02:00:00+00:00,86.3325,80.41520878257634
2026-01-18 03:00:00+00:00,86.28999999999999,81.85554585173603
2026-01-18 04:00:00+00:00,97.725,83.28334669620249
2026-01-18 05:00:00+00:00,99.515,95.6660909846724
2026-01-18 06:00:00+00:00,115.92,98.06633769095158
2026-01-18 07:00:00+00:00,88.91,101.86533240358686
2026-01-18 08:00:00+00:00,79.445,81.44448700333413
2026-01-18 09:00:00+00:00,77.24000000000001,69.65213224769687
2026-01-18 10:00:00+00:00,86.265,77.11647442349276
2026-01-18 11:00:00+00:00,86.095,82.28953914783278
2026-01-18 12:00:00+00:00,78.8775,84.1681690042258
2026-01-18 13:00:00+00:00,84.025,86.38616311306104
2026-01-18 14:00:00+00:00,88.105,88.46540287839701
2026-01-18 15:00:00+00:00,100.4,103.0807625304232
2026-01-18 16:00:00+00:00,143.1125,116.06256541125401
2026-01-18 17:00:00+00:00,148.2075,143.3948345863965
2026-01-18 18:00:00+00:00,145.57,138.72277170724428
2026-01-18 19:00:00+00:00,117.8125,119.39480363975973
2026-01-18 20:00:00+00:00,91.4075,103.78657911150074
2026-01-18 21:00:00+00:00,91.6375,87.01797562699404
2026-01-18 22:00:00+00:00,80.52250000000001,88.30924552214982
2026-01-18 23:00:00+00:00,101.15,78.03432086608171
2026-01-19 00:00:00+00:00,99.7575,96.56336347041919
2026-01-19 01:00:00+00:00,97.8175,94.49511336520285
2026-01-19 02:00:00+00:00,97.3225,92.62366433825122
2026-01-19 03:00:00+00:00,97.29,100.03648388476728
2026-01-19 04:00:00+00:00,98.07,106.96862561136103
2026-01-19 05:00:00+00:00,92.7775,117.42365689194291
2026-01-19 06:00:00+00:00,97.2475,120.57187877695453
2026-01-19 07:00:00+00:00,94.0575,101.59719206163268
2026-01-19 08:00:00+00:00,87.795,92.36522770845403
2026-01-19 09:00:00+00:00,89.05499999999999,80.55811785631707
2026-01-19 10:00:00+00:00,88.615,89.01670554768901
2026-01-19 11:00:00+00:00,92.5325,87.0155575817253
2026-01-19 12:00:00+00:00,96.71,93.45544049856504
2026-01-19 13:00:00+00:00,93.9025,99.99359431950815
2026-01-19 14:00:00+00:00,126.5325,108.84895949095547
2026-01-19 15:00:00+00:00,144.7525,140.99710551273188
2026-01-19 16:00:00+00:00,152.2075,160.00461262987085
2026-01-19 17:00:00+00:00,154.1775,168.05823472365344
2026-01-19 18:00:00+00:00,162.4075,157.56326375198626
2026-01-19 19:00:00+00:00,145.16,139.90179262064888
2026-01-19 20:00:00+00:00,138.065,125.48352343224184
2026-01-19 21:00:00+00:00,97.745,115.02088449438197
2026-01-19 22:00:00+00:00,89.7125,91.05370004026001
2026-01-19 23:00:00+00:00,93.7225,91.10938932714352
2026-01-20 00:00:00+00:00,92.84,94.47488437903851
2026-01-20 01:00:00+00:00,90.425,92.54377980691349
2026-01-20 02:00:00+00:00,88.9225,93.03442044963903
2026-01-20 03:00:00+00:00,93.3175,95.96778572231865
2026-01-20 04:00:00+00:00,102.8675,104.59151570887965
2026-01-20 05:00:00+00:00,106.0675,117.97030901343585
2026-01-20 06:00:00+00:00,98.295,118.40225072795856
2026-01-20 07:00:00+00:00,92.6325,96.62905349883411
2026-01-20 08:00:00+00:00,85.6075,85.91508015951723
2026-01-20 09:00:00+00:00,88.745,78.89678914193874
2026-01-20 10:00:00+00:00,95.0125,88.26432480722916
2026-01-20 11:00:00+00:00,100.5425,97.04408964552042
2026-01-20 12:00:00+00:00,105.1,103.68977436768954
2026-01-20 13:00:00+00:00,100.04,113.0592397513722
2026-01-20 14:00:00+00:00,121.5275,123.29045479490782
2026-01-20 15:00:00+00:00,148.01,153.8142284387077
2026-01-20 16:00:00+00:00,155.76,186.95386035971748
2026-01-20 17:00:00+00:00,153.8775,193.19841813900194
2026-01-20 18:00:00+00:00,157.4125,171.46956090727844
2026-01-20 19:00:00+00:00,147.185,140.49459897769336
2026-01-20 20:00:00+00:00,138.635,132.06741713013014
2026-01-20 21:00:00+00:00,121.65,116.74601435400501
2026-01-20 22:00:00+00:00,114.4075,111.73520636314034
2026-01-20 23:00:00+00:00,124.385,104.3084093292761
2026-01-21 00:00:00+00:00,123.3,114.55074617524794
2026-01-21 01:00:00+00:00,122.2025,114.55070119204419
2026-01-21 02:00:00+00:00,115.8125,115.51395432171147
2026-01-21 03:00:00+00:00,118.0675,113.05079133639713
2026-01-21 04:00:00+00:00,130.0,124.36375452902944
2026-01-21 05:00:00+00:00,139.0525,139.39721988165746
2026-01-21 06:00:00+00:00,141.7175,144.47943344818916
2026-01-21 07:00:00+00:00,146.525,143.0315678794005
2026-01-21 08:00:00+00:00,146.01999999999998,150.22153373492083
2026-01-21 09:00:00+00:00,148.62,146.76588649210973
2026-01-21 10:00:00+00:00,135.7375,150.04219175842442
2026-01-21 11:00:00+00:00,138.3625,138.375931444416
2026-01-21 12:00:00+00:00,136.9775,142.0398877316147
2026-01-21 13:00:00+00:00,147.6025,140.92393489826344
2026-01-21 14:00:00+00:00,167.0,161.24126772645076
2026-01-21 15:00:00+00:00,176.51,186.3387761389026
2026-01-21 16:00:00+00:00,179.6275,199.4659467994287
2026-01-21 17:00:00+00:00,177.24,199.7939422904093
2026-01-21 18:00:00+00:00,179.65,184.36208229785404
2026-01-21 19:00:00+00:00,172.62,162.65349059772774
2026-01-21 20:00:00+00:00,159.9425,145.02111859509486
2026-01-21 21:00:00+00:00,146.525,135.77543828886607
2026-01-21 22:00:00+00:00,134.305,132.95026029094544
2026-01-21 23:00:00+00:00,127.07,128.7694795796769
2026-01-22 00:00:00+00:00,127.54,129.0584245234194
2026-01-22 01:00:00+00:00,128.075,126.53462614711756
2026-01-22 02:00:00+00:00,126.56,127.8932310421737
2026-01-22 03:00:00+00:00,130.83749999999998,129.4482810770393
2026-01-22 04:00:00+00:00,143.065,145.57782194384478
2026-01-22 05:00:00+00:00,160.0575,159.31191796934434
2026-01-22 06:00:00+00:00,166.48250000000002,184.91052787661093
2026-01-22 07:00:00+00:00,197.435,169.36807394923449
2026-01-22 08:00:00+00:00,155.255,183.5191884467593
2026-01-22 09:00:00+00:00,139.0,157.66325572147835
2026-01-22 10:00:00+00:00,141.7,145.65454583377007
2026-01-22 11:00:00+00:00,142.025,141.34542582617104
2026-01-22 12:00:00+00:00,143.4975,142.86814047217442
2026-01-22 13:00:00+00:00,159.085,151.63752586380835
2026-01-22 14:00:00+00:00,159.5,174.14195046407673
2026-01-22 15:00:00+00:00,185.615,184.77739486866642
2026-01-22 16:00:00+00:00,281.0475,214.1439749855997
2026-01-22 17:00:00+00:00,294.7925,283.9130393687836
2026-01-22 18:00:00+00:00,256.595,268.86956996746324
2026-01-22 19:00:00+00:00,176.15,205.83839457142324
2026-01-22 20:00:00+00:00,176.9375,160.53825849371717
2026-01-22 21:00:00+00:00,137.7,159.12638853310642
2026-01-22 22:00:00+00:00,143.2975,128.84772266491376
2026-01-22 23:00:00+00:00,140.0,134.8051119089975
2026-01-23 00:00:00+00:00,138.1775,141.26370655681836
2026-01-23 01:00:00+00:00,136.97,141.2611268023409
2026-01-23 02:00:00+00:00,137.105,140.91822891336295
2026-01-23 03:00:00+00:00,136.695,147.38087572960106
2026-01-23 04:00:00+00:00,139.3675,170.1391271452141
2026-01-23 05:00:00+00:00,164.3475,182.0313896904636
2026-01-23 06:00:00+00:00,187.7425,204.3954886304516
2026-01-23 07:00:00+00:00,194.8575,199.55966118681
2026-01-23 08:00:00+00:00,189.92,178.1704249769657
2026-01-23 09:00:00+00:00,171.7625,169.54125142412448
2026-01-23 10:00:00+00:00,115.0,154.6404721862784
2026-01-23 11:00:00+00:00,102.7675,120.28862084563595
2026-01-23 12:00:00+00:00,118.96,112.59440469784494
2026-01-23 13:00:00+00:00,119.7525,142.87196859862448
2026-01-23 14:00:00+00:00,169.0,166.0027542201845
2026-01-23 15:00:00+00:00,247.6525,212.7503598952062
2026-01-23 16:00:00+00:00,278.1825,276.34016724615685
2026-01-23 17:00:00+00:00,274.4725,289.8256909935553
2026-01-23 18:00:00+00:00,239.06,261.2949644740615
2026-01-23 19:00:00+00:00,202.405,188.95428959086388
2026-01-23 20:00:00+00:00,162.1375,175.63934645865027
2026-01-23 21:00:00+00:00,141.915,138.8440644220047
2026-01-23 22:00:00+00:00,135.91,127.70969238624423
2026-01-23 23:00:00+00:00,135.4775,127.7271909291408
2026-01-24 00:00:00+00:00,129.655,134.20620759856823
2026-01-24 01:00:00+00:00,127.7525,131.65530309665758
2026-01-24 02:00:00+00:00,127.3,129.60163873311623
2026-01-24 03:00:00+00:00,126.0375,133.2407175906814
2026-01-24 04:00:00+00:00,128.12,138.0249895218668
2026-01-24 05:00:00+00:00,129.6875,150.76434577331122
2026-01-24 06:00:00+00:00,143.14499999999998,156.67654237102076
2026-01-24 07:00:00+00:00,150.9,157.15574360636288
2026-01-24 08:00:00+00:00,136.5775,151.76044703294605
2026-01-24 09:00:00+00:00,111.1675,136.3073459351842
2026-01-24 10:00:00+00:00,130.23,112.11034299999005
2026-01-24 11:00:00+00:00,121.94,125.37504693850492
2026-01-24 12:00:00+00:00,119.085,127.10700723689747
2026-01-24 13:00:00+00:00,130.905,132.67896511860715
2026-01-24 14:00:00+00:00,140.4075,155.59173362570507
2026-01-24 15:00:00+00:00,142.9,179.27541491139644
2026-01-24 16:00:00+00:00,150.0975,182.1834838783376
2026-01-24 17:00:00+00:00,151.28,186.16519027214707
2026-01-24 18:00:00+00:00,148.2125,166.69030052298714
2026-01-24 19:00:00+00:00,144.51,143.56312619984018
2026-01-24 20:00:00+00:00,131.76999999999998,134.8571178234152
2026-01-24 21:00:00+00:00,131.19,124.8786355955611
2026-01-24 22:00:00+00:00,123.3325,124.99040904375858
2026-01-24 23:00:00+00:00,101.125,117.38367339740589
2026-01-25 00:00:00+00:00,102.155,102.8534505247236
2026-01-25 01:00:00+00:00,102.625,101.70936840428696
2026-01-25 02:00:00+00:00,104.3775,101.47068604211748
2026-01-25 03:00:00+00:00,103.0575,106.85917756262637
2026-01-25 04:00:00+00:00,103.655,111.15837586331892
2026-01-25 05:00:00+00:00,103.8725,113.34591241729376
2026-01-25 06:00:00+00:00,108.16,113.32262276951579
2026-01-25 07:00:00+00:00,120.0675,109.62540228478177
2026-01-25 08:00:00+00:00,113.5725,111.49884814251583
2026-01-25 09:00:00+00:00,128.29500000000002,105.3688313597066
2026-01-25 10:00:00+00:00,93.115,117.13223287680665
2026-01-25 11:00:00+00:00,74.0125,94.35569514154409
2026-01-25 12:00:00+00:00,76.22749999999999,84.6438270306443
2026-01-25 13:00:00+00:00,113.745,94.98599338181256
2026-01-25 14:00:00+00:00,128.315,121.79708537911766
2026-01-25 15:00:00+00:00,132.7225,132.8081327598988
2026-01-25 16:00:00+00:00,138.835,142.82173272666844
2026-01-25 17:00:00+00:00,124.4675,150.13558886783454
2026-01-25 18:00:00+00:00,96.86,132.92434472682697
2026-01-25 19:00:00+00:00,91.8125,100.25214420357686
2026-01-25 20:00:00+00:00,89.59,97.88374451497873
2026-01-25 21:00:00+00:00,51.8675,95.55696791903878
2026-01-25 22:00:00+00:00,68.025,71.94277448815643
2026-01-25 23:00:00+00:00,91.4125,77.89026814857283
2026-01-26 00:00:00+00:00,86.08500000000001,90.67306228057595
2026-01-26 01:00:00+00:00,85.4675,80.74347153444499
2026-01-26 02:00:00+00:00,85.705,82.64640335879668
2026-01-26 03:00:00+00:00,86.16,88.09806340401482
2026-01-26 04:00:00+00:00,88.7,96.35085899332432
2026-01-26 05:00:00+00:00,106.7625,106.26269582573165
2026-01-26 06:00:00+00:00,111.7725,118.41287638973277
2026-01-26 07:00:00+00:00,119.685,124.80292228893718
2026-01-26 08:00:00+00:00,106.465,126.08691979822098
2026-01-26 09:00:00+00:00,96.1075,118.28621476275033
2026-01-26 10:00:00+00:00,94.8425,117.1189025833248
2026-01-26 11:00:00+00:00,94.6725,109.63874754119104
2026-01-26 12:00:00+00:00,88.8325,108.1257019559664
2026-01-26 13:00:00+00:00,88.7825,110.61473051422287
2026-01-26 14:00:00+00:00,164.1025,115.81876495108592
2026-01-26 15:00:00+00:00,156.365,176.93034086734812
2026-01-26 16:00:00+00:00,126.64,169.1741284723499
2026-01-26 17:00:00+00:00,154.0075,148.37572095081862
2026-01-26 18:00:00+00:00,131.7375,153.15778526601204
2026-01-26 19:00:00+00:00,100.85,115.502822510002
2026-01-26 20:00:00+00:00,100.045,100.56971574155811
2026-01-26 21:00:00+00:00,102.3875,91.62431273107612
2026-01-26 22:00:00+00:00,93.895,93.87532048375668
2026-01-26 23:00:00+00:00,83.65,89.63485715755206
2026-01-27 00:00:00+00:00,84.14750000000001,83.07185495790081
2026-01-27 01:00:00+00:00,86.3775,83.66678484455173
2026-01-27 02:00:00+00:00,91.09,84.35627309648054
2026-01-27 03:00:00+00:00,85.1125,99.14541744908357
2026-01-27 04:00:00+00:00,94.1825,99.17461544557744
2026-01-27 05:00:00+00:00,145.97750000000002,117.75051995200816
2026-01-27 06:00:00+00:00,184.0,150.88403074516654
2026-01-27 07:00:00+00:00,192.96,162.63161655744287
2026-01-27 08:00:00+00:00,166.8125,157.53523908853387
2026-01-27 09:00:00+00:00,133.115,136.51148688128586
2026-01-27 10:00:00+00:00,105.395,124.00961355713363
2026-01-27 11:00:00+00:00,100.88,106.74266916761097
2026-01-27 12:00:00+00:00,98.43,107.4056096961733
2026-01-27 13:00:00+00:00,122.6975,109.48007186852995
2026-01-27 14:00:00+00:00,141.48250000000002,146.12567255330225
2026-01-27 15:00:00+00:00,170.0375,160.5020295159821
2026-01-27 16:00:00+00:00,223.73,182.50009853554874
2026-01-27 17:00:00+00:00,260.1975,231.54813087193233
2026-01-27 18:00:00+00:00,233.3775,231.1680984907154
2026-01-27 19:00:00+00:00,166.1,181.781485310082
2026-01-27 20:00:00+00:00,145.98,138.69535708479108
2026-01-27 21:00:00+00:00,103.04,129.25575931136004
2026-01-27 22:00:00+00:00,85.7025,102.3788321586259
2026-01-27 23:00:00+00:00,89.895,86.71692556027739
2026-01-28 00:00:00+00:00,86.9375,98.21648413209537
2026-01-28 01:00:00+00:00,85.8825,91.90224614936419
2026-01-28 02:00:00+00:00,84.69,90.08012953325428
2026-01-28 03:00:00+00:00,83.0375,98.23568306916934
2026-01-28 04:00:00+00:00,85.2175,113.97720082866039
2026-01-28 05:00:00+00:00,100.1275,129.62596749673259
2026-01-28 06:00:00+00:00,98.61,128.53121150369606
2026-01-28 07:00:00+00:00,84.8575,102.12096915137104
2026-01-28 08:00:00+00:00,80.9625,89.7683254636527
2026-01-28 09:00:00+00:00,66.4175,82.53872213471489
2026-01-28 10:00:00+00:00,62.1425,78.21704335562384
2026-01-28 11:00:00+00:00,84.42750000000001,76.98433486777114
2026-01-28 12:00:00+00:00,93.275,92.53485875696234
2026-01-28 13:00:00+00:00,108.27,121.23057055075279
2026-01-28 14:00:00+00:00,100.0575,144.9982066486185
2026-01-28 15:00:00+00:00,122.82,146.98456014654622
2026-01-28 16:00:00+00:00,148.2075,168.7346143550572
2026-01-28 17:00:00+00:00,151.79500000000002,176.3952166375103
2026-01-28 18:00:00+00:00,107.39,163.5079816571213
2026-01-28 19:00:00+00:00,95.995,111.86524220102783
2026-01-28 20:00:00+00:00,85.9175,101.38174732646662
2026-01-28 21:00:00+00:00,84.0675,83.95459938006437
2026-01-28 22:00:00+00:00,80.05,78.85313360231157
2026-01-28 23:00:00+00:00,64.9025,78.71928785758146
2026-01-29 00:00:00+00:00,79.8925,74.75561093822905
2026-01-29 01:00:00+00:00,84.6225,79.51087478189203
2026-01-29 02:00:00+00:00,84.745,81.51621477133962
2026-01-29 03:00:00+00:00,83.115,85.90097207502575
2026-01-29 04:00:00+00:00,109.28,94.83475049182312
2026-01-29 05:00:00+00:00,97.3325,125.88470243331192
2026-01-29 06:00:00+00:00,113.5925,111.19666040370848
2026-01-29 07:00:00+00:00,164.85500000000002,123.06483657292354
2026-01-29 08:00:00+00:00,104.6725,146.7220927847957
2026-01-29 09:00:00+00:00,94.0925,106.45449807618762
2026-01-29 10:00:00+00:00,98.405,100.2107387994556
2026-01-29 11:00:00+00:00,99.1225,102.20566968910646
2026-01-29 12:00:00+00:00,92.6875,96.7158763690756
2026-01-29 13:00:00+00:00,83.99000000000001,112.19777175136824
2026-01-29 14:00:00+00:00,96.3875,105.65559294687976
2026-01-29 15:00:00+00:00,98.9425,125.71039170032877
2026-01-29 16:00:00+00:00,114.0825,140.84420768584073
2026-01-29 17:00:00+00:00,134.73250000000002,145.92002486109598
2026-01-29 18:00:00+00:00,99.2025,139.0279237977947
2026-01-29 19:00:00+00:00,97.1025,100.01705420308323
2026-01-29 20:00:00+00:00,95.9475,96.38783157407741
2026-01-29 21:00:00+00:00,82.5575,92.84137879359412
2026-01-29 22:00:00+00:00,52.1025,80.61155056657566
2026-01-29 23:00:00+00:00,80.945,62.23094631202436
2026-01-30 00:00:00+00:00,78.455,79.68456179597871
2026-01-30 01:00:00+00:00,75.63,80.81563111198435
2026-01-30 02:00:00+00:00,85.39750000000001,81.99236280065739
2026-01-30 03:00:00+00:00,59.865,88.61512689586156
2026-01-30 04:00:00+00:00,93.4475,84.90138143746677
2026-01-30 05:00:00+00:00,94.585,116.48726630943037
2026-01-30 06:00:00+00:00,96.7675,110.31822444335339
2026-01-30 07:00:00+00:00,91.8525,100.84620011373961
2026-01-30 08:00:00+00:00,101.0025,86.67656578001785
2026-01-30 09:00:00+00:00,57.58,87.57432210461769
2026-01-30 10:00:00+00:00,38.9,57.54446476080109
2026-01-30 11:00:00+00:00,61.2575,40.45380686567724
2026-01-30 12:00:00+00:00,106.56,71.31681750821147
2026-01-30 13:00:00+00:00,103.8925,110.12950209848708
2026-01-30 14:00:00+00:00,94.025,121.18816340587114
2026-01-30 15:00:00+00:00,114.0675,134.1588578714792
2026-01-30 16:00:00+00:00,144.2825,152.9416459471588
2026-01-30 17:00:00+00:00,147.62,175.01672907122844
2026-01-30 18:00:00+00:00,140.8925,155.4061843655824
2026-01-30 19:00:00+00:00,145.0175,134.0226705213561
2026-01-30 20:00:00+00:00,119.975,126.89191443296352
2026-01-30 21:00:00+00:00,98.7125,111.28399326677598
2026-01-30 22:00:00+00:00,108.7,95.09419291976118
2026-01-30 23:00:00+00:00,97.07,105.89871210547669
2026-01-31 00:00:00+00:00,96.535,97.01055129190897
2026-01-31 01:00:00+00:00,96.8,97.02420492058792
2026-01-31 02:00:00+00:00,98.2775,96.33986969072126
2026-01-31 03:00:00+00:00,99.985,98.44630443291027
2026-01-31 04:00:00+00:00,100.94,104.87447046251522
2026-01-31 05:00:00+00:00,109.2675,108.50300927706702
2026-01-31 06:00:00+00:00,118.375,113.68398040926712
2026-01-31 07:00:00+00:00,125.2475,110.28407850092282
2026-01-31 08:00:00+00:00,101.9775,104.84261448489718
2026-01-31 09:00:00+00:00,87.6075,82.46666757377497
2026-01-31 10:00:00+00:00,65.9025,72.88465840223907
2026-01-31 11:00:00+00:00,68.2775,69.72768369917557
2026-01-31 12:00:00+00:00,84.85,81.21120558175966
2026-01-31 13:00:00+00:00,83.455,95.27398378812873
2026-01-31 14:00:00+00:00,89.015,98.66627042786742
2026-01-31 15:00:00+00:00,131.51,121.57824385455322
2026-01-31 16:00:00+00:00,148.345,151.61010980831938
2026-01-31 17:00:00+00:00,150.1975,170.87523895073633
2026-01-31 18:00:00+00:00,140.48250000000002,159.88053790908174
2026-01-31 19:00:00+00:00,126.66,130.91199912963538
2026-01-31 20:00:00+00:00,116.0875,118.4697818911429
2026-01-31 21:00:00+00:00,97.67,105.60640710705653
2026-01-31 22:00:00+00:00,102.685,99.51938790171269
2026-01-31 23:00:00+00:00,100.915,98.59259862288172
2026-02-01 00:00:00+00:00,97.625,99.44365376539284
2026-02-01 01:00:00+00:00,88.7425,95.02365693943334
2026-02-01 02:00:00+00:00,67.7075,88.18444520729011
2026-02-01 03:00:00+00:00,72.2525,78.56444740443078
2026-02-01 04:00:00+00:00,93.4875,81.23076808575834
2026-02-01 05:00:00+00:00,98.4075,98.06466958886767
2026-02-01 06:00:00+00:00,108.3975,102.67454233242013
2026-02-01 07:00:00+00:00,111.035,113.47994183921259
2026-02-01 08:00:00+00:00,108.205,107.91071109477943
2026-02-01 09:00:00+00:00,97.745,102.54743316414014
2026-02-01 10:00:00+00:00,94.4025,91.88425505612898
2026-02-01 11:00:00+00:00,101.5875,90.78241855681826
2026-02-01 12:00:00+00:00,91.6125,100.4980459467702
2026-02-01 13:00:00+00:00,90.245,101.8164848326077
2026-02-01 14:00:00+00:00,96.4,105.75065634980058
2026-02-01 15:00:00+00:00,115.8775,117.49450779000182
2026-02-01 16:00:00+00:00,126.125,136.64261219303503
2026-02-01 17:00:00+00:00,120.7025,141.9976880052015
2026-02-01 18:00:00+00:00,132.9925,127.021502526971
2026-02-01 19:00:00+00:00,118.0325,123.2065779079597
2026-02-01 20:00:00+00:00,102.27,111.65176275925234
2026-02-01 21:00:00+00:00,97.1575,93.95459780408706
2026-02-01 22:00:00+00:00,95.5025,93.1906210823575
2026-02-01 23:00:00+00:00,94.4425,94.03440329143106
2026-02-02 00:00:00+00:00,92.8825,93.0166740943035
2026-02-02 01:00:00+00:00,94.2925,92.19622018446157
2026-02-02 02:00:00+00:00,91.3675,93.63053511528342
2026-02-02 03:00:00+00:00,94.2275,98.161732921928
2026-02-02 04:00:00+00:00,113.4925,107.07338900441643
2026-02-02 05:00:00+00:00,113.67,128.59946648250892
2026-02-02 06:00:00+00:00,112.485,128.05283555907545
2026-02-02 07:00:00+00:00,95.4375,116.56612571457609
2026-02-02 08:00:00+00:00,95.5425,95.77003320369144
2026-02-02 09:00:00+00:00,96.77,93.69978828326967
2026-02-02 10:00:00+00:00,97.15,98.131138853489
2026-02-02 11:00:00+00:00,93.3575,100.56666218002228
2026-02-02 12:00:00+00:00,92.0875,99.84054175831628
2026-02-02 13:00:00+00:00,92.1575,105.9011758947819
2026-02-02 14:00:00+00:00,105.865,118.42491713874963
2026-02-02 15:00:00+00:00,157.0975,141.4607690973703
2026-02-02 16:00:00+00:00,218.3675,173.68840018370184
2026-02-02 17:00:00+00:00,228.17,216.52433712958324
2026-02-02 18:00:00+00:00,211.2475,202.11078848757924
2026-02-02 19:00:00+00:00,153.10750000000002,167.8765894735647
2026-02-02 20:00:00+00:00,144.52,131.85455876989843
2026-02-02 21:00:00+00:00,127.845,125.81443442468216
2026-02-02 22:00:00+00:00,108.1825,114.13473313647164
2026-02-02 23:00:00+00:00,102.7575,104.27546184701396
2026-02-03 00:00:00+00:00,101.895,106.11960724080377
2026-02-03 01:00:00+00:00,101.8,104.00715818894554
2026-02-03 02:00:00+00:00,100.19,106.80519995468336
2026-02-03 03:00:00+00:00,101.0725,110.79753313137272
2026-02-03 04:00:00+00:00,115.6375,123.4041038327069
2026-02-03 05:00:00+00:00,140.0,157.38773550585944
2026-02-03 06:00:00+00:00,151.825,161.59216961495605
2026-02-03 07:00:00+00:00,126.03,142.25395328335068
2026-02-03 08:00:00+00:00,94.1825,118.98418456037828
2026-02-03 09:00:00+00:00,89.4925,90.09704461874728
2026-02-03 10:00:00+00:00,83.75,93.75430843275888
2026-02-03 11:00:00+00:00,81.9525,87.54004580657131
2026-02-03 12:00:00+00:00,90.8025,91.10829491846931
2026-02-03 13:00:00+00:00,101.345,113.90486184476697
2026-02-03 14:00:00+00:00,125.0675,134.2041948134577
2026-02-03 15:00:00+00:00,155.0,172.5893794850743
2026-02-03 16:00:00+00:00,190.0725,207.4822261164462
2026-02-03 17:00:00+00:00,191.8675,231.6552065706565
2026-02-03 18:00:00+00:00,179.7425,208.08489076791517
2026-02-03 19:00:00+00:00,146.5,165.02423889924933
2026-02-03 20:00:00+00:00,134.7125,135.94725637209442
2026-02-03 21:00:00+00:00,112.1975,125.77915191619583
2026-02-03 22:00:00+00:00,105.86,108.18089372785896
2026-02-03 23:00:00+00:00,104.2725,103.67650984280365
2026-02-04 00:00:00+00:00,104.7475,106.44081555853867
2026-02-04 01:00:00+00:00,103.65,105.99627547261305
2026-02-04 02:00:00+00:00,100.9225,105.80839175607721
2026-02-04 03:00:00+00:00,103.8825,110.2057359365047
2026-02-04 04:00:00+00:00,105.97,120.52457927509505
2026-02-04 05:00:00+00:00,116.13,131.51474923637477
2026-02-04 06:00:00+00:00,122.2325,135.18473374960604
2026-02-04 07:00:00+00:00,98.2925,125.44897614871861
2026-02-04 08:00:00+00:00,91.95,95.37607193784461
2026-02-04 09:00:00+00:00,107.9175,88.56681943602666
2026-02-04 10:00:00+00:00,96.7025,97.45486164590528
2026-02-04 11:00:00+00:00,70.47749999999999,93.15901764612832
2026-02-04 12:00:00+00:00,76.795,81.83700919674537
2026-02-04 13:00:00+00:00,89.92,99.54676858543999
2026-02-04 14:00:00+00:00,54.655,116.28304061360286
2026-02-04 15:00:00+00:00,104.7575,99.01748360830166
2026-02-04 16:00:00+00:00,136.2925,134.0886556774144
2026-02-04 17:00:00+00:00,125.5275,157.2921559866494
2026-02-04 18:00:00+00:00,118.93,131.95749983477577
2026-02-04 19:00:00+00:00,101.4225,111.36694231234897
2026-02-04 20:00:00+00:00,91.8,97.8988993348088
2026-02-04 21:00:00+00:00,91.8825,91.1232931278252
2026-02-04 22:00:00+00:00,87.235,89.16380293039376
2026-02-04 23:00:00+00:00,72.345,81.75769168126
2026-02-05 00:00:00+00:00,87.2925,74.67960377210801
2026-02-05 01:00:00+00:00,89.7425,84.6635688606373
2026-02-05 02:00:00+00:00,90.5625,89.68034266233084
2026-02-05 03:00:00+00:00,92.2875,95.11208730259997
2026-02-05 04:00:00+00:00,92.805,102.57435823697274
2026-02-05 05:00:00+00:00,90.105,108.49104729968603
2026-02-05 06:00:00+00:00,91.57,105.71410700258821
2026-02-05 07:00:00+00:00,97.4975,98.9106477410104
2026-02-05 08:00:00+00:00,99.02,89.87713252679363
2026-02-05 09:00:00+00:00,94.925,97.89151871271474
2026-02-05 10:00:00+00:00,94.38,94.56972783265827
2026-02-05 11:00:00+00:00,94.255,92.44965704982079
2026-02-05 12:00:00+00:00,92.95,94.48245911993743
2026-02-05 13:00:00+00:00,90.8325,99.59647014707863
2026-02-05 14:00:00+00:00,92.2425,99.79734816315904
2026-02-05 15:00:00+00:00,98.5475,112.57148504148857
2026-02-05 16:00:00+00:00,138.7425,117.40950413853238
2026-02-05 17:00:00+00:00,146.0225,148.87414278540606
2026-02-05 18:00:00+00:00,149.1975,139.55323354538575
2026-02-05 19:00:00+00:00,130.94,126.63411557168594
2026-02-05 20:00:00+00:00,113.25,114.51537949560826
2026-02-05 21:00:00+00:00,95.235,101.85109450303534
2026-02-05 22:00:00+00:00,92.09,87.59687621720585
2026-02-05 23:00:00+00:00,96.7625,89.46823206142582
2026-02-06 00:00:00+00:00,94.1025,94.02173423290972
2026-02-06 01:00:00+00:00,95.9925,92.59526178363632
2026-02-06 02:00:00+00:00,98.7625,93.69324355348661
2026-02-06 03:00:00+00:00,98.4675,97.21226971277872
2026-02-06 04:00:00+00:00,98.3625,105.43998395143939
2026-02-06 05:00:00+00:00,124.2775,108.64151040998117
2026-02-06 06:00:00+00:00,117.495,118.52937714241827
2026-02-06 07:00:00+00:00,93.52,106.18659170873448
2026-02-06 08:00:00+00:00,85.935,91.50746174696458
2026-02-06 09:00:00+00:00,45.025,78.66758100174611
2026-02-06 10:00:00+00:00,66.4,53.45108074074268
2026-02-06 11:00:00+00:00,85.405,73.07494852397838
2026-02-06 12:00:00+00:00,95.1425,86.25558935799035
2026-02-06 13:00:00+00:00,92.2625,102.28374286265894
2026-02-06 14:00:00+00:00,59.0975,102.93718433632961
2026-02-06 15:00:00+00:00,102.44,82.84095852275917
2026-02-06 16:00:00+00:00,130.1,122.65393788375896
2026-02-06 17:00:00+00:00,137.155,142.56139451937193
2026-02-06 18:00:00+00:00,123.8525,137.94828311063551
2026-02-06 19:00:00+00:00,98.3125,117.83556605686216
2026-02-06 20:00:00+00:00,90.92,96.05023716285501
2026-02-06 21:00:00+00:00,91.3425,88.58691779946773
2026-02-06 22:00:00+00:00,92.975,89.45696982323938
2026-02-06 23:00:00+00:00,85.0125,88.73389014292123
2026-02-07 00:00:00+00:00,92.825,78.48064399933088
2026-02-07 01:00:00+00:00,92.76,87.61498102797272
2026-02-07 02:00:00+00:00,91.8875,89.17611707552265
2026-02-07 03:00:00+00:00,74.495,90.5044404185411
2026-02-07 04:00:00+00:00,72.7925,82.07349949635775
2026-02-07 05:00:00+00:00,88.0725,89.02226449599227
2026-02-07 06:00:00+00:00,79.6825,93.37457022239072
2026-02-07 07:00:00+00:00,52.0,71.24105153705061
2026-02-07 08:00:00+00:00,0.005,46.897398480754845
2026-02-07 09:00:00+00:00,0.0,7.2927494303669675
2026-02-07 10:00:00+00:00,-0.0125,11.073003474426287
2026-02-07 11:00:00+00:00,-0.0575,16.072751568964208
2026-02-07 12:00:00+00:00,0.0,20.01021098616596
2026-02-07 13:00:00+00:00,0.0025,38.11774959413026
2026-02-07 14:00:00+00:00,53.370000000000005,37.57380032299682
2026-02-07 15:00:00+00:00,114.665,91.8356192721164
2026-02-07 16:00:00+00:00,130.0,136.44865872926397
2026-02-07 17:00:00+00:00,128.0025,148.69738311162376
2026-02-07 18:00:00+00:00,122.1625,135.58275032106192
2026-02-07 19:00:00+00:00,105.395,111.64648020268838
2026-02-07 20:00:00+00:00,93.2675,101.6980300581478
2026-02-07 21:00:00+00:00,92.185,90.88090346307777
2026-02-07 22:00:00+00:00,90.9925,91.76431353306243
2026-02-07 23:00:00+00:00,96.7575,92.77451900579902
2026-02-08 00:00:00+00:00,97.8425,93.4654252059778
2026-02-08 01:00:00+00:00,99.5425,90.81842804096175
2026-02-08 02:00:00+00:00,97.8725,93.17624577831982
2026-02-08 03:00:00+00:00,94.805,90.77653016509949
2026-02-08 04:00:00+00:00,98.85,97.763254055317
2026-02-08 05:00:00+00:00,97.485,104.50104904944342
2026-02-08 06:00:00+00:00,93.115,96.22381741274643
2026-02-08 07:00:00+00:00,22.505000000000003,74.57160310087187
2026-02-08 08:00:00+00:00,68.415,17.470797880427668
2026-02-08 09:00:00+00:00,21.02,56.798213743370866
2026-02-08 10:00:00+00:00,15.5025,24.954795691751755
2026-02-08 11:00:00+00:00,8.6975,24.465962039004864
2026-02-08 12:00:00+00:00,29.7425,21.440016969398982
2026-02-08 13:00:00+00:00,100.6325,52.88743197293947
2026-02-08 14:00:00+00:00,105.495,101.88478997318964
2026-02-08 15:00:00+00:00,110.07,121.85322445987734
2026-02-08 16:00:00+00:00,131.435,129.85038180228617
2026-02-08 17:00:00+00:00,132.135,146.88850681972565
2026-02-08 18:00:00+00:00,127.2975,135.74247891331217
2026-02-08 19:00:00+00:00,122.84,117.71430274039318
2026-02-08 20:00:00+00:00,110.9875,114.05178714964947
2026-02-08 21:00:00+00:00,108.2025,106.11444785360867
2026-02-08 22:00:00+00:00,101.375,105.36399339603571
2026-02-08 23:00:00+00:00,100.0125,100.31249057558682
2026-02-09 00:00:00+00:00,98.8025,101.90094129531838
2026-02-09 01:00:00+00:00,99.24,101.45990575894827
2026-02-09 02:00:00+00:00,99.5875,104.73274784954879
2026-02-09 03:00:00+00:00,101.03,109.87447353523818
2026-02-09 04:00:00+00:00,108.2025,119.76975809946245
2026-02-09 05:00:00+00:00,130.585,135.28670253094066
2026-02-09 06:00:00+00:00,159.9975,146.38223810965522
2026-02-09 07:00:00+00:00,171.94,147.64615383938468
2026-02-09 08:00:00+00:00,161.565,144.98759637451354
2026-02-09 09:00:00+00:00,104.1875,139.01775301509826
2026-02-09 10:00:00+00:00,112.925,105.98712316959961
2026-02-09 11:00:00+00:00,105.0,112.69986053396865
2026-02-09 12:00:00+00:00,105.6275,112.72710215628867
2026-02-09 13:00:00+00:00,111.0,121.42001267748492
2026-02-09 14:00:00+00:00,131.2775,131.16383072563687
2026-02-09 15:00:00+00:00,161.845,154.28390771271637
2026-02-09 16:00:00+00:00,189.4525,191.85032910119585
2026-02-09 17:00:00+00:00,185.8175,213.0690204488189
2026-02-09 18:00:00+00:00,170.0525,198.47476624870188
2026-02-09 19:00:00+00:00,148.1,148.53065009347878
2026-02-09 20:00:00+00:00,140.4,139.01835969206675
2026-02-09 21:00:00+00:00,127.8,127.63396451454543
2026-02-09 22:00:00+00:00,108.2025,118.02311169619067
2026-02-09 23:00:00+00:00,101.845,105.68033920421264
2026-02-10 00:00:00+00:00,109.8375,102.80290606564058
2026-02-10 01:00:00+00:00,109.1025,107.96488048826228
2026-02-10 02:00:00+00:00,107.8475,111.49236455684445
2026-02-10 03:00:00+00:00,99.9625,114.46096904555387
2026-02-10 04:00:00+00:00,95.2525,121.14746215116106
2026-02-10 05:00:00+00:00,108.725,131.20532537216627
2026-02-10 06:00:00+00:00,118.73,142.82244847612174
2026-02-10 07:00:00+00:00,110.3075,135.90533110414998
2026-02-10 08:00:00+00:00,93.95,118.54077394120804
2026-02-10 09:00:00+00:00,90.385,93.86544666935421
2026-02-10 10:00:00+00:00,90.205,97.6119813641638
2026-02-10 11:00:00+00:00,95.345,98.08997491869545
2026-02-10 12:00:00+00:00,107.795,105.0541800085896
2026-02-10 13:00:00+00:00,111.7125,124.28032044692317
2026-02-10 14:00:00+00:00,124.0,139.15471522523674
2026-02-10 15:00:00+00:00,143.4275,160.20580818184715
2026-02-10 16:00:00+00:00,166.255,179.7728743683866
2026-02-10 17:00:00+00:00,162.285,193.71160417324484
2026-02-10 18:00:00+00:00,171.1,173.5645825836075
2026-02-10 19:00:00+00:00,139.3375,153.1627271788385
2026-02-10 20:00:00+00:00,122.705,128.22424936565602
2026-02-10 21:00:00+00:00,119.6775,120.97832653498324
2026-02-10 22:00:00+00:00,108.2025,114.92034108574674
2026-02-10 23:00:00+00:00,98.79,108.70499180130909
2026-02-11 00:00:00+00:00,94.87,106.24508343742947
2026-02-11 01:00:00+00:00,94.805,103.3740271818499
2026-02-11 02:00:00+00:00,94.535,104.59780497015629
2026-02-11 03:00:00+00:00,95.1675,107.89475668805744
2026-02-11 04:00:00+00:00,106.265,116.01524479391975
2026-02-11 05:00:00+00:00,118.0,129.84990690483997
2026-02-11 06:00:00+00:00,133.0,137.30037773045854
2026-02-11 07:00:00+00:00,112.3175,129.69033174705478
2026-02-11 08:00:00+00:00,99.29,105.3904407707616
2026-02-11 09:00:00+00:00,98.55,96.70641025782908
2026-02-11 10:00:00+00:00,59.9975,96.0746016666148
2026-02-11 11:00:00+00:00,88.88,70.58681625674404
2026-02-11 12:00:00+00:00,78.2325,99.63295778168862
2026-02-11 13:00:00+00:00,74.2175,98.97000166753996
2026-02-11 14:00:00+00:00,102.2125,101.22359631904958
2026-02-11 15:00:00+00:00,126.3475,125.22442881720791
2026-02-11 16:00:00+00:00,133.5925,149.77213236648024
2026-02-11 17:00:00+00:00,135.8025,150.72756802993993
2026-02-11 18:00:00+00:00,130.655,142.68381795358715
2026-02-11 19:00:00+00:00,123.555,117.66631076289207
2026-02-11 20:00:00+00:00,102.7425,111.33850520703118
2026-02-11 21:00:00+00:00,93.035,97.02842777366797
2026-02-11 22:00:00+00:00,90.855,88.31873823890794
2026-02-11 23:00:00+00:00,94.59,85.37772661251793
2026-02-12 00:00:00+00:00,96.1925,87.1615979716259
2026-02-12 01:00:00+00:00,94.7525,87.59628111519818
2026-02-12 02:00:00+00:00,93.2075,89.0470938997274
2026-02-12 03:00:00+00:00,91.01,92.72041748977861
2026-02-12 04:00:00+00:00,88.08,102.0172465561648
2026-02-12 05:00:00+00:00,106.77,101.27054516360668
2026-02-12 06:00:00+00:00,96.49,107.37361265504283
2026-02-12 07:00:00+00:00,78.5825,85.78695351073985
2026-02-12 08:00:00+00:00,58.75,70.06106992754464
2026-02-12 09:00:00+00:00,55.48,55.18587726632079
2026-02-12 10:00:00+00:00,26.525,55.70970539902699
2026-02-12 11:00:00+00:00,51.05,34.60052129119792
2026-02-12 12:00:00+00:00,90.595,63.0842427389788
2026-02-12 13:00:00+00:00,61.8575,102.25061727276562
2026-02-12 14:00:00+00:00,64.905,87.82217833828037
2026-02-12 15:00:00+00:00,93.0025,100.30298283710007
2026-02-12 16:00:00+00:00,95.4125,118.25783590241745
2026-02-12 17:00:00+00:00,103.845,119.27427741450231
2026-02-12 18:00:00+00:00,100.495,118.38822280734811
2026-02-12 19:00:00+00:00,95.0,104.46401498297841
2026-02-12 20:00:00+00:00,92.285,91.4588288770987
2026-02-12 21:00:00+00:00,90.505,86.64531484333355
2026-02-12 22:00:00+00:00,90.3275,85.55003459911231
2026-02-12 23:00:00+00:00,91.155,86.69692962956762
2026-02-13 00:00:00+00:00,91.415,89.1255144297858
2026-02-13 01:00:00+00:00,90.325,88.33537080559935
2026-02-13 02:00:00+00:00,89.965,89.80212605887027
2026-02-13 03:00:00+00:00,90.86,94.49795690306794
2026-02-13 04:00:00+00:00,91.91,100.73282286134813
2026-02-13 05:00:00+00:00,107.0,109.45540224244961
2026-02-13 06:00:00+00:00,118.5075,113.4310857823142
2026-02-13 07:00:00+00:00,94.05,110.44914304536118
2026-02-13 08:00:00+00:00,82.1375,86.92608108756261
2026-02-13 09:00:00+00:00,71.0375,71.50893254470233
2026-02-13 10:00:00+00:00,33.475,64.78491804024117
2026-02-13 11:00:00+00:00,44.375,38.5823559074711
2026-02-13 12:00:00+00:00,60.81,55.92244479747232
2026-02-13 13:00:00+00:00,88.72,69.9301385828683
2026-02-13 14:00:00+00:00,65.375,90.3011600349947
2026-02-13 15:00:00+00:00,95.6375,90.87688325379423
2026-02-13 16:00:00+00:00,126.795,112.0688631312563
2026-02-13 17:00:00+00:00,133.8875,136.19367568338976
2026-02-13 18:00:00+00:00,131.48000000000002,130.11479139336836
2026-02-13 19:00:00+00:00,118.1075,113.98924477088552
2026-02-13 20:00:00+00:00,96.41,103.88117125324837
2026-02-13 21:00:00+00:00,91.0075,92.1014864181436
2026-02-13 22:00:00+00:00,89.9775,89.58476504846122
2026-02-13 23:00:00+00:00,92.8675,87.47553000335068
2026-02-14 00:00:00+00:00,94.18,90.70770048402736
2026-02-14 01:00:00+00:00,91.7075,91.22690794518095
2026-02-14 02:00:00+00:00,88.94,91.1617171555888
2026-02-14 03:00:00+00:00,91.2325,87.38830553384454
2026-02-14 04:00:00+00:00,91.4575,91.8912832918669
2026-02-14 05:00:00+00:00,95.4875,98.10218312123692
2026-02-14 06:00:00+00:00,97.6075,93.4106981927341
2026-02-14 07:00:00+00:00,42.9075,84.34644340754099
2026-02-14 08:00:00+00:00,12.565,43.189355067877
2026-02-14 09:00:00+00:00,8.815,18.827279862970215
2026-02-14 10:00:00+00:00,5.935,14.835705652348338
2026-02-14 11:00:00+00:00,6.3725000000000005,15.582573570936944
2026-02-14 12:00:00+00:00,12.565,21.981585632927974
2026-02-14 13:00:00+00:00,63.615,47.10383589495319
2026-02-14 14:00:00+00:00,63.7475,83.89245514905089
2026-02-14 15:00:00+00:00,97.51,92.8314007007192
2026-02-14 16:00:00+00:00,107.0,116.73210702292516
2026-02-14 17:00:00+00:00,98.2075,122.85161499152099
2026-02-14 18:00:00+00:00,92.9475,106.62351210878288
2026-02-14 19:00:00+00:00,90.8725,92.42490716046592
2026-02-14 20:00:00+00:00,49.4275,88.42914188820208
2026-02-14 21:00:00+00:00,32.34,61.14509309331933
2026-02-14 22:00:00+00:00,48.4325,49.20818070215476
2026-02-14 23:00:00+00:00,2.505,56.35123304862748
2026-02-15 00:00:00+00:00,15.044999999999998,13.2998750691644
2026-02-15 01:00:00+00:00,5.9575000000000005,25.849943469706062
2026-02-15 02:00:00+00:00,0.01,22.319217518179755
2026-02-15 03:00:00+00:00,0.0125,18.807371956425797
2026-02-15 04:00:00+00:00,3.785,23.49348314673024
2026-02-15 05:00:00+00:00,3.8,26.890439725001613
2026-02-15 06:00:00+00:00,30.1425,25.107056348787594
2026-02-15 07:00:00+00:00,41.2875,30.477800659920135
2026-02-15 08:00:00+00:00,1.285,36.73188768703952
2026-02-15 09:00:00+00:00,0.0025,9.514804252434985
2026-02-15 10:00:00+00:00,0.0,8.547181816441395
2026-02-15 11:00:00+00:00,0.0,7.903843312397029
2026-02-15 12:00:00+00:00,-0.1,8.432788801473166
2026-02-15 13:00:00+00:00,-0.1,25.272582782840033
2026-02-15 14:00:00+00:00,0.0,35.03172929625215
2026-02-15 15:00:00+00:00,23.3375,43.394168352204645
2026-02-15 16:00:00+00:00,43.75,57.309493055058056
2026-02-15 17:00:00+00:00,74.31,69.13353388445277
2026-02-15 18:00:00+00:00,81.0625,85.43129770266367
2026-02-15 19:00:00+00:00,78.675,79.16243295562782
2026-02-15 20:00:00+00:00,77.495,72.1364405957622
2026-02-15 21:00:00+00:00,84.45,72.51758325889794
2026-02-15 22:00:00+00:00,83.64,72.18362948574645
2026-02-15 23:00:00+00:00,90.4275,70.99462886580807
2026-02-16 00:00:00+00:00,90.42,83.4431993601914
2026-02-16 01:00:00+00:00,88.725,82.58890783341712
2026-02-16 02:00:00+00:00,87.08,81.31845974206168
2026-02-16 03:00:00+00:00,88.3725,87.28383931396871
2026-02-16 04:00:00+00:00,80.7525,97.507835172486
2026-02-16 05:00:00+00:00,93.4075,100.01059486577148
2026-02-16 06:00:00+00:00,104.0925,103.74050367678848
2026-02-16 07:00:00+00:00,12.3975,99.79697400190108
2026-02-16 08:00:00+00:00,0.0025,23.370962753739235
2026-02-16 09:00:00+00:00,0.0,12.116827856901324
2026-02-16 10:00:00+00:00,0.0,16.16759093516434
2026-02-16 11:00:00+00:00,0.0,18.5171042261924
2026-02-16 12:00:00+00:00,0.0,21.1420921141726
2026-02-16 13:00:00+00:00,22.5075,34.55260389290565
2026-02-16 14:00:00+00:00,67.12,54.380508663465676
2026-02-16 15:00:00+00:00,126.65,94.77422398485535
2026-02-16 16:00:00+00:00,127.785,139.97892413763566
2026-02-16 17:00:00+00:00,127.8575,143.15194269514396
2026-02-16 18:00:00+00:00,122.065,133.8172399648884
2026-02-16 19:00:00+00:00,118.7,113.34936630591392
2026-02-16 20:00:00+00:00,92.9175,107.94502443390064
2026-02-16 21:00:00+00:00,95.145,89.52946989586408
2026-02-16 22:00:00+00:00,90.7225,88.12702990513262
2026-02-16 23:00:00+00:00,0.6499999999999999,89.24165870233526
2026-02-17 00:00:00+00:00,10.000000000000002,20.489196213012633
2026-02-17 01:00:00+00:00,0.01,30.52986211799778
2026-02-17 02:00:00+00:00,0.01,20.546852908711443
2026-02-17 03:00:00+00:00,0.01,30.91793939185429
2026-02-17 04:00:00+00:00,30.0075,41.520872727128264
2026-02-17 05:00:00+00:00,104.995,61.25194973752542
2026-02-17 06:00:00+00:00,115.125,117.13397789046849
2026-02-17 07:00:00+00:00,115.2125,107.47781073304226
2026-02-17 08:00:00+00:00,24.8675,95.34932911298725
2026-02-17 09:00:00+00:00,117.0275,22.33344561073737
2026-02-17 10:00:00+00:00,108.16,85.09295310905384
2026-02-17 11:00:00+00:00,39.07,95.10999918966351
2026-02-17 12:00:00+00:00,0.01,43.37149060061323
2026-02-17 13:00:00+00:00,0.01,32.51641177169357
2026-02-17 14:00:00+00:00,0.0025,50.56428072487378
2026-02-17 15:00:00+00:00,90.5475,67.99714554754436
2026-02-17 16:00:00+00:00,110.6,130.2869556456568
2026-02-17 17:00:00+00:00,125.975,141.85445711437438
2026-02-17 18:00:00+00:00,129.8675,139.494639553201
2026-02-17 19:00:00+00:00,108.16,117.26986569888061
2026-02-17 20:00:00+00:00,85.61,95.59445990319426
2026-02-17 21:00:00+00:00,71.16250000000001,78.26520559867734
2026-02-17 22:00:00+00:00,0.0075,72.74101073774678
2026-02-17 23:00:00+00:00,12.555,28.497670740009283
2026-02-18 00:00:00+00:00,12.56,20.244660540865212
2026-02-18 01:00:00+00:00,12.56,19.604536169144183
2026-02-18 02:00:00+00:00,16.6225,19.319723290244738
2026-02-18 03:00:00+00:00,15.06,28.57243607770897
2026-02-18 04:00:00+00:00,75.92,39.70749895064618
2026-02-18 05:00:00+00:00,108.14,100.0604922810524
2026-02-18 06:00:00+00:00,63.2775,103.12885081488774
2026-02-18 07:00:00+00:00,0.0025,55.14755883053334
2026-02-18 08:00:00+00:00,-0.0025,3.9864727703410665
2026-02-18 09:00:00+00:00,-0.1125,12.473625860044464
2026-02-18 10:00:00+00:00,-0.55,12.97751508975108
2026-02-18 11:00:00+00:00,-1.005,11.309993041221361
2026-02-18 12:00:00+00:00,-0.1,13.198250311711718
2026-02-18 13:00:00+00:00,-0.01,28.4468065935842
2026-02-18 14:00:00+00:00,0.0025,34.86273830933145
2026-02-18 15:00:00+00:00,88.53,50.677895465458406
2026-02-18 16:00:00+00:00,131.8625,115.71574475007634
2026-02-18 17:00:00+00:00,136.07999999999998,153.53770623541152
2026-02-18 18:00:00+00:00,134.14,137.71693404108316
2026-02-18 19:00:00+00:00,127.29,114.05398909134414
2026-02-18 20:00:00+00:00,116.6325,108.50590477796612
2026-02-18 21:00:00+00:00,106.4375,99.70884399385076
2026-02-18 22:00:00+00:00,93.325,93.39353804184799
2026-02-18 23:00:00+00:00,94.7875,84.13581303492234
2026-02-19 00:00:00+00:00,94.08,87.8054305418839
2026-02-19 01:00:00+00:00,91.825,87.47042997353373
2026-02-19 02:00:00+00:00,90.575,88.11021221202637
2026-02-19 03:00:00+00:00,93.9575,96.05711089987591
2026-02-19 04:00:00+00:00,94.8325,107.46041363799162
2026-02-19 05:00:00+00:00,116.44,116.0737749919495
2026-02-19 06:00:00+00:00,88.295,106.53061181999695
2026-02-19 07:00:00+00:00,28.5425,67.75152179168228
2026-02-19 08:00:00+00:00,0.0,17.93317217438785
2026-02-19 09:00:00+00:00,-0.0025,2.269221294672633
2026-02-19 10:00:00+00:00,-0.01,5.952916148789058
2026-02-19 11:00:00+00:00,-0.01,8.34997108813323
2026-02-19 12:00:00+00:00,0.0,14.05509183769911
2026-02-19 13:00:00+00:00,0.0025,26.845708114002022
2026-02-19 14:00:00+00:00,67.8425,35.70595997964533
2026-02-19 15:00:00+00:00,120.0,97.39227482535918
2026-02-19 16:00:00+00:00,120.0,137.06948288106676
2026-02-19 17:00:00+00:00,123.0525,136.06999131017182
2026-02-19 18:00:00+00:00,125.0,127.3500411857611
2026-02-19 19:00:00+00:00,114.8475,112.36103060755784
2026-02-19 20:00:00+00:00,99.565,103.58809846674498
2026-02-19 21:00:00+00:00,89.37,94.26725732523707
2026-02-19 22:00:00+00:00,87.06,88.28358039728016
2026-02-19 23:00:00+00:00,75.27,82.73144320983974
2026-02-20 00:00:00+00:00,78.325,76.19768668117983
2026-02-20 01:00:00+00:00,74.4,76.49903304399388
2026-02-20 02:00:00+00:00,55.035,74.38536995853019
2026-02-20 03:00:00+00:00,78.325,66.0126582149046
2026-02-20 04:00:00+00:00,92.9525,89.85971822696166
2026-02-20 05:00:00+00:00,97.855,106.60337712226101
2026-02-20 06:00:00+00:00,119.9575,95.75117847675651
2026-02-20 07:00:00+00:00,104.3925,96.07126247424013
2026-02-20 08:00:00+00:00,61.4925,82.49670376173253
2026-02-20 09:00:00+00:00,90.99,42.75139032440448
2026-02-20 10:00:00+00:00,0.515,69.72066325102968
2026-02-20 11:00:00+00:00,0.01,8.127430028982957
2026-02-20 12:00:00+00:00,0.01,15.647660390049666
2026-02-20 13:00:00+00:00,0.0125,33.96319298545676
2026-02-20 14:00:00+00:00,39.9025,41.92428890979308
2026-02-20 15:00:00+00:00,115.1425,78.72432847714994
2026-02-20 16:00:00+00:00,123.8425,130.3144050049571
2026-02-20 17:00:00+00:00,128.10750000000002,137.46198166936045
2026-02-20 18:00:00+00:00,118.0875,129.10146618059116
2026-02-20 19:00:00+00:00,106.1,109.48315420669616
2026-02-20 20:00:00+00:00,84.8825,96.92533106367381
2026-02-20 21:00:00+00:00,74.9875,78.31360522212002
2026-02-20 22:00:00+00:00,58.09,77.1490196395253
2026-02-20 23:00:00+00:00,57.975,62.98138187720299
2026-02-21 00:00:00+00:00,62.8625,62.80223497511024
2026-02-21 01:00:00+00:00,62.7975,65.23091148002389
2026-02-21 02:00:00+00:00,64.6125,60.80324296071588
2026-02-21 03:00:00+00:00,69.56,71.86398131243166
2026-02-21 04:00:00+00:00,72.61,78.98937184983203
2026-02-21 05:00:00+00:00,75.2775,81.52462611611267
2026-02-21 06:00:00+00:00,80.4975,81.57994231193919
2026-02-21 07:00:00+00:00,83.19999999999999,66.28479531110868
2026-02-21 08:00:00+00:00,0.0125,60.35675159249975
2026-02-21 09:00:00+00:00,0.01,6.1862353650101625
2026-02-21 10:00:00+00:00,0.01,5.487223105368514
2026-02-21 11:00:00+00:00,0.01,6.838078542710633
2026-02-21 12:00:00+00:00,15.5125,11.575218208898306
2026-02-21 13:00:00+00:00,52.095,38.36069567662467
2026-02-21 14:00:00+00:00,59.2125,66.28248903370216
2026-02-21 15:00:00+00:00,98.4675,86.12589235760944
2026-02-21 16:00:00+00:00,109.475,113.84692554874044
2026-02-21 17:00:00+00:00,113.865,121.98541640053203
2026-02-21 18:00:00+00:00,108.585,111.65386705883726
2026-02-21 19:00:00+00:00,102.045,100.42277670035307
2026-02-21 20:00:00+00:00,90.055,87.85221429829691
2026-02-21 21:00:00+00:00,81.2975,81.20008212138282
2026-02-21 22:00:00+00:00,71.3225,67.96674007118975
2026-02-21 23:00:00+00:00,61.24250000000001,60.88286322844185
2026-02-22 00:00:00+00:00,56.89,51.00356629605746
2026-02-22 01:00:00+00:00,55.865,48.12173634883092
2026-02-22 02:00:00+00:00,61.85249999999999,47.840488009317525
2026-02-22 03:00:00+00:00,69.0075,55.46893579685866
2026-02-22 04:00:00+00:00,64.8425,65.16011011236355
2026-02-22 05:00:00+00:00,61.0075,65.41415568892802
2026-02-22 06:00:00+00:00,39.995000000000005,52.19793252237885
2026-02-22 07:00:00+00:00,0.0,35.626446560008446
2026-02-22 08:00:00+00:00,-0.005,5.361890243520492
2026-02-22 09:00:00+00:00,0.0,5.167156883715407
2026-02-22 10:00:00+00:00,-0.005,6.321409023598832
2026-02-22 11:00:00+00:00,0.0,8.548390181815137
2026-02-22 12:00:00+00:00,0.0,11.11735263197626
2026-02-22 13:00:00+00:00,0.0,24.55058605142463
2026-02-22 14:00:00+00:00,0.0,30.414192236231372
2026-02-22 15:00:00+00:00,39.3075,41.13950489284517
2026-02-22 16:00:00+00:00,98.47,62.03365512833258
2026-02-22 17:00:00+00:00,100.6725,104.36175634772805
2026-02-22 18:00:00+00:00,96.5275,99.32321010907563
2026-02-22 19:00:00+00:00,90.3525,87.82624586786645
2026-02-22 20:00:00+00:00,78.08,83.6901801631351
2026-02-22 21:00:00+00:00,75.01,74.8458013509318
2026-02-22 22:00:00+00:00,34.2325,73.6281587483526
2026-02-22 23:00:00+00:00,48.2475,42.40117572592432
2026-02-23 00:00:00+00:00,48.5,49.88295561890608
2026-02-23 01:00:00+00:00,46.4625,47.682761932656376
2026-02-23 02:00:00+00:00,48.1625,48.602933729655504
2026-02-23 03:00:00+00:00,48.4575,58.38700255895972
2026-02-23 04:00:00+00:00,42.0675,64.96628759153973
2026-02-23 05:00:00+00:00,47.2575,63.76335060880626
2026-02-23 06:00:00+00:00,0.0,51.45564122693219
2026-02-23 07:00:00+00:00,0.0,11.079175067915969
2026-02-23 08:00:00+00:00,-2.3875,10.109848524455145
2026-02-23 09:00:00+00:00,-10.3775,9.766900410508825
2026-02-23 10:00:00+00:00,-23.7325,10.655002480990504
2026-02-23 11:00:00+00:00,-25.0,11.388905133261218
2026-02-23 12:00:00+00:00,-21.1525,16.848983940881013
2026-02-23 13:00:00+00:00,-1.025,26.315192090133024
2026-02-23 14:00:00+00:00,-2.2775,38.42357603292757
2026-02-23 15:00:00+00:00,44.795,49.59758087525667
2026-02-23 16:00:00+00:00,100.4175,80.17278539425487
2026-02-23 17:00:00+00:00,131.9275,119.33269637683131
2026-02-23 18:00:00+00:00,132.3775,129.1206377550098
2026-02-23 19:00:00+00:00,120.3825,115.15429943177782
2026-02-23 20:00:00+00:00,103.315,105.69773408567042
2026-02-23 21:00:00+00:00,90.835,93.28297451359155
2026-02-23 22:00:00+00:00,87.2425,81.97257125760443
2026-02-23 23:00:00+00:00,87.7025,66.60348972344306
2026-02-24 00:00:00+00:00,89.8725,74.94517921945021
2026-02-24 01:00:00+00:00,90.3325,81.9624487137913
2026-02-24 02:00:00+00:00,91.7125,83.51826775357054
2026-02-24 03:00:00+00:00,93.5825,89.87621126563985
2026-02-24 04:00:00+00:00,98.32,102.02304300976968
2026-02-24 05:00:00+00:00,112.725,116.13802197274673
2026-02-24 06:00:00+00:00,106.295,109.48363689786365
2026-02-24 07:00:00+00:00,0.005,89.07882837743828
2026-02-24 08:00:00+00:00,0.0,5.636983584644227
2026-02-24 09:00:00+00:00,0.0025,7.679647980289914
2026-02-24 10:00:00+00:00,0.0,10.494959984947144
2026-02-24 11:00:00+00:00,0.0,10.310096247518047
2026-02-24 12:00:00+00:00,0.0,13.38750115253849
2026-02-24 13:00:00+00:00,0.0,29.358293945825025
2026-02-24 14:00:00+00:00,46.0125,34.04416544254988
2026-02-24 15:00:00+00:00,115.1275,69.03886923221107
2026-02-24 16:00:00+00:00,110.1825,129.98807306265545
2026-02-24 17:00:00+00:00,112.0275,134.45359574331397
2026-02-24 18:00:00+00:00,105.9375,123.22333656459297
2026-02-24 19:00:00+00:00,92.065,101.91884906391448
2026-02-24 20:00:00+00:00,67.195,88.00341655237278
2026-02-24 21:00:00+00:00,50.35,67.13168780953177
2026-02-24 22:00:00+00:00,90.55,53.378189806687544
2026-02-24 23:00:00+00:00,32.395,79.77949220421601
2026-02-25 00:00:00+00:00,26.62,35.001721985487634
2026-02-25 01:00:00+00:00,40.9875,25.99003543502532
2026-02-25 02:00:00+00:00,68.03999999999999,39.72971570211527
2026-02-25 03:00:00+00:00,29.1125,70.18490738443309
2026-02-25 04:00:00+00:00,62.365,46.14173337737057
2026-02-25 05:00:00+00:00,86.885,87.39744251721282
2026-02-25 06:00:00+00:00,44.13,74.6017180270658
2026-02-25 07:00:00+00:00,9.175,34.027299057389584
2026-02-25 08:00:00+00:00,0.0,9.801350308106251
2026-02-25 09:00:00+00:00,0.0,1.660935630082804
2026-02-25 10:00:00+00:00,0.0,6.284071742176664
2026-02-25 11:00:00+00:00,0.0,8.558462478708663
2026-02-25 12:00:00+00:00,0.0,11.588613306669515
2026-02-25 13:00:00+00:00,0.0075,24.860455592301477
2026-02-25 14:00:00+00:00,3.0025,31.721242284371627
2026-02-25 15:00:00+00:00,84.16,56.74930411330821
2026-02-25 16:00:00+00:00,121.1,104.47802935282834
2026-02-25 17:00:00+00:00,144.0575,135.96350260247854
2026-02-25 18:00:00+00:00,139.6875,137.55037020868198
2026-02-25 19:00:00+00:00,125.655,116.53537059848594
2026-02-25 20:00:00+00:00,113.565,108.33799067933427
2026-02-25 21:00:00+00:00,94.4425,97.68996852192583
2026-02-25 22:00:00+00:00,83.60499999999999,86.60095378943151
2026-02-25 23:00:00+00:00,84.7175,71.90348860889326
2026-02-26 00:00:00+00:00,77.43,80.08374109729084
2026-02-26 01:00:00+00:00,73.9225,76.37354499319662
2026-02-26 02:00:00+00:00,73.8125,79.50548049492276
2026-02-26 03:00:00+00:00,73.145,80.6436161940171
2026-02-26 04:00:00+00:00,79.0875,93.32030213560819
2026-02-26 05:00:00+00:00,87.3325,102.9410254359393
2026-02-26 06:00:00+00:00,63.2525,74.81013241469157
2026-02-26 07:00:00+00:00,19.62,43.618689604719975
2026-02-26 08:00:00+00:00,-0.005,12.259628589756758
2026-02-26 09:00:00+00:00,0.0,0.23256562866373542
2026-02-26 10:00:00+00:00,0.0,2.7746072786926277
2026-02-26 11:00:00+00:00,0.0,4.8870853800739695
2026-02-26 12:00:00+00:00,0.0,9.846067038391084
2026-02-26 13:00:00+00:00,0.005,19.847415112822205
2026-02-26 14:00:00+00:00,0.005,35.095822959531475
2026-02-26 15:00:00+00:00,42.515,48.71616685761663
2026-02-26 16:00:00+00:00,94.525,86.01163909419752
2026-02-26 17:00:00+00:00,112.6725,124.1904039045614
2026-02-26 18:00:00+00:00,115.37,124.27987151276962
2026-02-26 19:00:00+00:00,111.815,110.4445415119691
2026-02-26 20:00:00+00:00,93.79,105.08814514150369
2026-02-26 21:00:00+00:00,89.61,85.4838742851898
2026-02-26 22:00:00+00:00,77.5875,82.88123455199772
2026-02-26 23:00:00+00:00,59.5975,70.80988233716403
2026-02-27 00:00:00+00:00,60.415,61.4135842782422
2026-02-27 01:00:00+00:00,61.8325,59.95990358877172
2026-02-27 02:00:00+00:00,64.455,59.97831422740177
2026-02-27 03:00:00+00:00,67.6275,72.53453677590782
2026-02-27 04:00:00+00:00,83.0225,85.87808249225733
2026-02-27 05:00:00+00:00,108.86,96.70036833915177
2026-02-27 06:00:00+00:00,75.86,99.85213986131619
2026-02-27 07:00:00+00:00,23.95,61.950138120554556
2026-02-27 08:00:00+00:00,8.352500000000001,17.9759996729139
2026-02-27 09:00:00+00:00,8.535,10.414619422509048
2026-02-27 10:00:00+00:00,0.3625,12.713364360047862
2026-02-27 11:00:00+00:00,0.4425,8.271380095160396
2026-02-27 12:00:00+00:00,2.0625,12.808523393313052
2026-02-27 13:00:00+00:00,12.56,28.441610495060957
2026-02-27 14:00:00+00:00,59.6625,40.83669042080875
2026-02-27 15:00:00+00:00,105.7175,80.28934618463126
2026-02-27 16:00:00+00:00,125.6775,127.69220537819467
2026-02-27 17:00:00+00:00,126.0025,138.7896468607117
2026-02-27 18:00:00+00:00,122.005,131.9606490518312
2026-02-27 19:00:00+00:00,120.0975,113.39872850757632
2026-02-27 20:00:00+00:00,99.7775,103.82104735582352
2026-02-27 21:00:00+00:00,93.6225,88.93087254777487
2026-02-27 22:00:00+00:00,85.42,81.13678983840019
2026-02-27 23:00:00+00:00,86.1075,67.38694546699087
2026-02-28 00:00:00+00:00,83.77250000000001,70.49602502781934
2026-02-28 01:00:00+00:00,80.97,67.14738234836425
2026-02-28 02:00:00+00:00,78.0625,67.13583356085238
2026-02-28 03:00:00+00:00,78.21,71.10017185336926
2026-02-28 04:00:00+00:00,78.63250000000001,78.88759473187949
2026-02-28 05:00:00+00:00,79.765,85.29159132812566
2026-02-28 06:00:00+00:00,41.17,74.7402564070722
2026-02-28 07:00:00+00:00,12.805,39.152005828398686
2026-02-28 08:00:00+00:00,0.015,11.832658430071845
2026-02-28 09:00:00+00:00,-0.01,2.3303000184118616
2026-02-28 10:00:00+00:00,-0.005,6.665069941161704
2026-02-28 11:00:00+00:00,-0.01,7.180823335259674
2026-02-28 12:00:00+00:00,-0.0025,10.189611539553525
2026-02-28 13:00:00+00:00,0.0,23.370681829898686
2026-02-28 14:00:00+00:00,0.01,34.67491069325801
2026-02-28 15:00:00+00:00,59.12,50.598714189108776
2026-02-28 16:00:00+00:00,99.01,92.62254739973936
2026-02-28 17:00:00+00:00,104.1175,118.0027363598653
2026-02-28 18:00:00+00:00,98.215,108.9815585732996
2026-02-28 19:00:00+00:00,87.925,93.58197905498724
2026-02-28 20:00:00+00:00,76.74000000000001,82.1538263240675
2026-02-28 21:00:00+00:00,70.18,75.4050672280769
2026-02-28 22:00:00+00:00,36.07,67.81877218932676
2026-02-28 23:00:00+00:00,15.31,44.0469365422568
2026-03-01 00:00:00+00:00,20.095,22.41526155659558
2026-03-01 01:00:00+00:00,19.79,24.552522033029504
2026-03-01 02:00:00+00:00,24.6275,25.36846812908115
2026-03-01 03:00:00+00:00,26.3575,30.021997653760266
2026-03-01 04:00:00+00:00,69.995,31.65221649197305
2026-03-01 05:00:00+00:00,69.67,65.36483594949048
2026-03-01 06:00:00+00:00,10.9575,50.27297538468983
2026-03-01 07:00:00+00:00,-0.0025,14.023879795231323
2026-03-01 08:00:00+00:00,-0.115,2.8025512684264413
2026-03-01 09:00:00+00:00,-0.285,3.0217152357601265
2026-03-01 10:00:00+00:00,-0.565,4.564477768251365
2026-03-01 11:00:00+00:00,-0.825,5.318475350194362
2026-03-01 12:00:00+00:00,-0.7875,7.11285798538951
2026-03-01 13:00:00+00:00,-0.265,19.952595664601176
2026-03-01 14:00:00+00:00,0.0025,27.986426842296623
2026-03-01 15:00:00+00:00,59.900000000000006,32.98194514891213
2026-03-01 16:00:00+00:00,93.3275,80.95738995322293
2026-03-01 17:00:00+00:00,96.4925,103.98969077784747
2026-03-01 18:00:00+00:00,100.8925,95.08672996153737
2026-03-01 19:00:00+00:00,101.7225,92.15367129098661
2026-03-01 20:00:00+00:00,93.1125,87.10202132593321
2026-03-01 21:00:00+00:00,86.3525,80.72712835540261
2026-03-01 22:00:00+00:00,76.855,64.18744683202304
2026-03-01 23:00:00+00:00,81.545,63.17294948701607
2026-03-02 00:00:00+00:00,77.07,67.06621544299004
2026-03-02 01:00:00+00:00,75.02000000000001,66.08498313374477
2026-03-02 02:00:00+00:00,75.58,66.7565231566777
2026-03-02 03:00:00+00:00,81.705,76.33145354526121
2026-03-02 04:00:00+00:00,100.235,92.12852699534633
2026-03-02 05:00:00+00:00,123.39,108.56982504259632
2026-03-02 06:00:00+00:00,106.085,105.55841826814253
2026-03-02 07:00:00+00:00,41.81,82.39408420450974
2026-03-02 08:00:00+00:00,0.0025,34.9472232934022
2026-03-02 09:00:00+00:00,0.0075,7.617810259243711
2026-03-02 10:00:00+00:00,0.0,10.845715338468978
2026-03-02 11:00:00+00:00,0.0075,14.410142820693423
2026-03-02 12:00:00+00:00,3.785,19.5072739209495
2026-03-02 13:00:00+00:00,41.8925,36.33665055725339
2026-03-02 14:00:00+00:00,78.24,62.40429941737983
2026-03-02 15:00:00+00:00,91.555,92.86875185807827
2026-03-02 16:00:00+00:00,145.3475,130.95817759933402
2026-03-02 17:00:00+00:00,160.31,164.43301289144048
2026-03-02 18:00:00+00:00,170.4675,162.0302606697129
2026-03-02 19:00:00+00:00,138.8525,140.7158913963556
2026-03-02 20:00:00+00:00,126.51,121.78966410391266
2026-03-02 21:00:00+00:00,107.33,115.170624368803
2026-03-02 22:00:00+00:00,94.3175,100.81173979906049
2026-03-02 23:00:00+00:00,91.79,93.15595043061296
2026-03-03 00:00:00+00:00,92.805,99.42361824292995
2026-03-03 01:00:00+00:00,92.0725,98.4205058569224
2026-03-03 02:00:00+00:00,91.66,102.24539457208091
2026-03-03 03:00:00+00:00,93.195,107.85613823090934
2026-03-03 04:00:00+00:00,109.3,121.04454107339728
2026-03-03 05:00:00+00:00,131.375,142.46599636220216
2026-03-03 06:00:00+00:00,102.0075,126.55021152023347
2026-03-03 07:00:00+00:00,109.805,78.87443278421247
2026-03-03 08:00:00+00:00,99.4625,76.77971112166696
2026-03-03 09:00:00+00:00,81.22,69.9563391375488
2026-03-03 10:00:00+00:00,58.16,62.81971304388922
2026-03-03 11:00:00+00:00,22.3425,49.62168297049409
2026-03-03 12:00:00+00:00,37.615,27.709653865683904
2026-03-03 13:00:00+00:00,67.41,49.830981420566715
2026-03-03 14:00:00+00:00,92.5675,84.3344454522078
2026-03-03 15:00:00+00:00,118.47,109.85348515525274
2026-03-03 16:00:00+00:00,151.315,142.06928560873644
2026-03-03 17:00:00+00:00,211.3225,171.38276293615678
2026-03-03 18:00:00+00:00,193.9225,191.39359447541742
2026-03-03 19:00:00+00:00,148.48000000000002,159.57903477619416
2026-03-03 20:00:00+00:00,131.45,130.41353555135981
2026-03-03 21:00:00+00:00,116.9125,114.44345804569824
2026-03-03 22:00:00+00:00,94.2525,107.10447263893388
2026-03-03 23:00:00+00:00,128.7475,88.64700365990129
2026-03-04 00:00:00+00:00,126.015,118.47075777221727
2026-03-04 01:00:00+00:00,131.56,116.69831872647426
2026-03-04 02:00:00+00:00,126.56,120.66866498578807
2026-03-04 03:00:00+00:00,115.135,123.07450493998138
2026-03-04 04:00:00+00:00,116.805,125.05088999954083
2026-03-04 05:00:00+00:00,139.055,133.64530475876293
2026-03-04 06:00:00+00:00,93.7925,126.33741568366526
2026-03-04 07:00:00+00:00,65.62,85.05946696107108
2026-03-04 08:00:00+00:00,26.9925,58.179625040185385
2026-03-04 09:00:00+00:00,0.0125,22.562765108862834
2026-03-04 10:00:00+00:00,0.01,6.378232327862634
2026-03-04 11:00:00+00:00,2.5675000000000003,9.406917400375505
2026-03-04 12:00:00+00:00,11.445,20.76608950955041
2026-03-04 13:00:00+00:00,13.802499999999998,50.51867294488612
2026-03-04 14:00:00+00:00,96.34,60.51396134888587
2026-03-04 15:00:00+00:00,97.025,123.8700554539717
2026-03-04 16:00:00+00:00,157.8675,149.0038192569246
2026-03-04 17:00:00+00:00,215.3925,202.7161659330401
2026-03-04 18:00:00+00:00,207.775,224.375414343475
2026-03-04 19:00:00+00:00,165.995,171.35987893378328
2026-03-04 20:00:00+00:00,151.19,140.48256206458538
2026-03-04 21:00:00+00:00,135.61,131.58720355509902
2026-03-04 22:00:00+00:00,123.585,116.87962767053608
2026-03-04 23:00:00+00:00,118.8525,119.01185568377845
2026-03-05 00:00:00+00:00,112.9125,121.71817105518919
2026-03-05 01:00:00+00:00,111.005,116.50263249536326
2026-03-05 02:00:00+00:00,112.8975,118.27203366268975
2026-03-05 03:00:00+00:00,114.0875,122.3455379445906
2026-03-05 04:00:00+00:00,127.475,134.4666648151817
2026-03-05 05:00:00+00:00,143.18,153.65257738847544
2026-03-05 06:00:00+00:00,108.5025,133.92487960112322
2026-03-05 07:00:00+00:00,105.6075,92.5961206324759
2026-03-05 08:00:00+00:00,98.555,86.72940521629212
2026-03-05 09:00:00+00:00,62.545,75.07059422150812
2026-03-05 10:00:00+00:00,24.1175,58.82452149511437
2026-03-05 11:00:00+00:00,10.945,33.025974049968724
2026-03-05 12:00:00+00:00,9.6125,31.115054707996293
2026-03-05 13:00:00+00:00,50.875,41.002820140390526
2026-03-05 14:00:00+00:00,92.9875,81.67883237625878
2026-03-05 15:00:00+00:00,100.35,114.14055179996986
2026-03-05 16:00:00+00:00,123.9775,149.32540682332814
2026-03-05 17:00:00+00:00,185.8675,164.77158212387553
2026-03-05 18:00:00+00:00,180.2,193.5818978250584
2026-03-05 19:00:00+00:00,157.9575,159.64311069676856
2026-03-05 20:00:00+00:00,146.565,138.93090893349984
2026-03-05 21:00:00+00:00,135.7825,129.83797745258025
2026-03-05 22:00:00+00:00,98.745,120.27562647691167
2026-03-05 23:00:00+00:00,109.1175,94.58416548186179
2026-03-06 00:00:00+00:00,111.1625,106.73546158344959
2026-03-06 01:00:00+00:00,114.5425,107.51845109208963
2026-03-06 02:00:00+00:00,115.2275,111.03062293393612
2026-03-06 03:00:00+00:00,121.9025,117.02111143334696
2026-03-06 04:00:00+00:00,135.5625,136.20291995810197
2026-03-06 05:00:00+00:00,140.87,143.7502175198368
2026-03-06 06:00:00+00:00,59.045,113.91846175495508
2026-03-06 07:00:00+00:00,22.37,51.06932514052873
2026-03-06 08:00:00+00:00,0.005,23.863587464605445
2026-03-06 09:00:00+00:00,0.0,2.6414792604156787
2026-03-06 10:00:00+00:00,0.0,4.681434200942434
2026-03-06 11:00:00+00:00,0.0,7.090014709630367
2026-03-06 12:00:00+00:00,0.0,11.900629701201709
2026-03-06 13:00:00+00:00,0.165,31.965827448878528
2026-03-06 14:00:00+00:00,46.0175,46.554990578415925
2026-03-06 15:00:00+00:00,126.6,94.8485474016156
2026-03-06 16:00:00+00:00,130.5875,169.42185097937931
2026-03-06 17:00:00+00:00,172.345,175.8229153132221
2026-03-06 18:00:00+00:00,170.64249999999998,183.60992863811686
2026-03-06 19:00:00+00:00,145.2325,146.45627864477413
2026-03-06 20:00:00+00:00,137.125,129.2798119059833
2026-03-06 21:00:00+00:00,128.94,122.40591276336738
2026-03-06 22:00:00+00:00,104.275,113.70991896880952
2026-03-06 23:00:00+00:00,136.0975,107.49351326788991
2026-03-07 00:00:00+00:00,133.025,126.36807654817366
2026-03-07 01:00:00+00:00,106.8525,124.44006409980668
2026-03-07 02:00:00+00:00,109.5675,104.74828007402822
2026-03-07 03:00:00+00:00,121.5125,111.51976553622221
2026-03-07 04:00:00+00:00,128.625,127.34676771284212
2026-03-07 05:00:00+00:00,135.315,130.69154122721883
2026-03-07 06:00:00+00:00,80.66499999999999,100.62811165418597
2026-03-07 07:00:00+00:00,12.05,52.48799097861695
2026-03-07 08:00:00+00:00,0.0,7.718410074945524
2026-03-07 09:00:00+00:00,0.0,-1.8911732034308102
2026-03-07 10:00:00+00:00,-1.965,4.762119736916603
2026-03-07 11:00:00+00:00,-2.8125,7.056854382344085
2026-03-07 12:00:00+00:00,-0.3525,9.881649632574735
2026-03-07 13:00:00+00:00,0.0,25.13237847245908
2026-03-07 14:00:00+00:00,57.355,30.38825654734974
2026-03-07 15:00:00+00:00,114.465,91.55237514665708
2026-03-07 16:00:00+00:00,113.5775,146.36670509454348
2026-03-07 17:00:00+00:00,150.01,150.20467108755582
2026-03-07 18:00:00+00:00,125.6425,164.6126000670515
2026-03-07 19:00:00+00:00,149.8275,121.44210244518202
2026-03-07 20:00:00+00:00,115.595,133.48473069349987
2026-03-07 21:00:00+00:00,132.6725,110.74271568263809
2026-03-07 22:00:00+00:00,97.3975,115.24811293544116
2026-03-07 23:00:00+00:00,98.12,95.74403776061317
2026-03-08 00:00:00+00:00,103.6725,96.96179066967231
2026-03-08 01:00:00+00:00,106.755,95.07710497174865
2026-03-08 02:00:00+00:00,134.7475,100.52090548346143
2026-03-08 03:00:00+00:00,118.9425,125.52955583436396
2026-03-08 04:00:00+00:00,128.8725,124.07542513749647
2026-03-08 05:00:00+00:00,135.2425,127.44683661078469
2026-03-08 06:00:00+00:00,112.4,104.6688646804911
2026-03-08 07:00:00+00:00,17.5025,77.08001107963014
2026-03-08 08:00:00+00:00,0.0,8.177089188249937
2026-03-08 09:00:00+00:00,0.0,-2.751362832742757
2026-03-08 10:00:00+00:00,-0.0025,1.4567978007023896
2026-03-08 11:00:00+00:00,-1.5625,6.1533173535936925
2026-03-08 12:00:00+00:00,-0.125,8.612626051251837
2026-03-08 13:00:00+00:00,0.0,24.37033720569775
2026-03-08 14:00:00+00:00,58.19,31.23265295845829
2026-03-08 15:00:00+00:00,92.1175,89.73301053301321
2026-03-08 16:00:00+00:00,147.6625,121.68682950574185
2026-03-08 17:00:00+00:00,156.7875,161.73140044114533
2026-03-08 18:00:00+00:00,146.825,151.24251258808619
2026-03-08 19:00:00+00:00,121.235,135.02620208780542
2026-03-08 20:00:00+00:00,94.1825,110.98131854664315
2026-03-08 21:00:00+00:00,109.8325,96.79748230894515
2026-03-08 22:00:00+00:00,94.0825,99.14267926641773
2026-03-08 23:00:00+00:00,104.24,88.47237016628975
2026-03-09 00:00:00+00:00,111.81,94.68845812781555
2026-03-09 01:00:00+00:00,106.105,99.97685026594823
2026-03-09 02:00:00+00:00,103.785,103.0580501902684
2026-03-09 03:00:00+00:00,106.5725,108.63301761047529
2026-03-09 04:00:00+00:00,97.47,131.36515770107428
2026-03-09 05:00:00+00:00,163.975,121.77690932667927
2026-03-09 06:00:00+00:00,59.7625,124.02362472928553
2026-03-09 07:00:00+00:00,0.005,42.299443767767954
2026-03-09 08:00:00+00:00,0.0,2.309953983387345
2026-03-09 09:00:00+00:00,0.0,2.0099133864654846
2026-03-09 10:00:00+00:00,-0.0075,8.035804152662479
2026-03-09 11:00:00+00:00,-0.01,10.613865104150776
2026-03-09 12:00:00+00:00,-0.005,15.1014811332616
2026-03-09 13:00:00+00:00,0.0,31.654619590656324
2026-03-09 14:00:00+00:00,15.0025,40.05354314335028
2026-03-09 15:00:00+00:00,59.8325,68.62668479782201
2026-03-09 16:00:00+00:00,124.2025,116.81409624290646
2026-03-09 17:00:00+00:00,212.2975,165.35265218348408
2026-03-09 18:00:00+00:00,218.06,204.52071858919825
2026-03-09 19:00:00+00:00,143.99,170.73577957463746
2026-03-09 20:00:00+00:00,104.8725,118.47456057419035
2026-03-09 21:00:00+00:00,152.13,97.5971654433003
2026-03-09 22:00:00+00:00,106.395,116.20580732813764
2026-03-09 23:00:00+00:00,89.6925,95.14708600838
2026-03-10 00:00:00+00:00,95.95,90.53905612906505
2026-03-10 01:00:00+00:00,89.07,90.54436455385678
2026-03-10 02:00:00+00:00,88.6575,90.70359654890638
2026-03-10 03:00:00+00:00,91.4375,95.08375181218526
2026-03-10 04:00:00+00:00,100.505,110.92986065127585
2026-03-10 05:00:00+00:00,102.6875,126.81406863087929
2026-03-10 06:00:00+00:00,32.0025,82.88199115810565
2026-03-10 07:00:00+00:00,21.6125,18.165976063430847
2026-03-10 08:00:00+00:00,0.0,9.614358038560113
2026-03-10 09:00:00+00:00,0.0,-3.087334607499315
2026-03-10 10:00:00+00:00,0.0,0.5679221938610226
2026-03-10 11:00:00+00:00,0.0,3.2360491132165237
2026-03-10 12:00:00+00:00,0.0,8.296599421280831
2026-03-10 13:00:00+00:00,0.0075,24.834519710666385
2026-03-10 14:00:00+00:00,27.375,33.336939733232626
2026-03-10 15:00:00+00:00,118.275,64.49629474138582
2026-03-10 16:00:00+00:00,189.8025,164.4769999832257
2026-03-10 17:00:00+00:00,215.4125,239.7998833412837
2026-03-10 18:00:00+00:00,200.0,231.94292864766695
2026-03-10 19:00:00+00:00,173.5025,167.72462885343495
2026-03-10 20:00:00+00:00,157.8425,137.4741688145739
2026-03-10 21:00:00+00:00,136.04,137.8321333743395
2026-03-10 22:00:00+00:00,107.81,117.09586102180141
2026-03-10 23:00:00+00:00,97.1,101.34717207110353
2026-03-11 00:00:00+00:00,89.2525,96.71210617904617
2026-03-11 01:00:00+00:00,85.505,93.74004781698592
2026-03-11 02:00:00+00:00,87.825,86.66428499708205
2026-03-11 03:00:00+00:00,94.1,98.44340077691827
2026-03-11 04:00:00+00:00,124.255,125.36380821104527
2026-03-11 05:00:00+00:00,136.57500000000002,147.6529828870109
2026-03-11 06:00:00+00:00,70.58,120.32627393056522
2026-03-11 07:00:00+00:00,13.625,51.70076652086331
2026-03-11 08:00:00+00:00,0.6425,6.569702158659737
2026-03-11 09:00:00+00:00,0.0,-5.569878037760361
2026-03-11 10:00:00+00:00,0.0,-0.5339382851474568
2026-03-11 11:00:00+00:00,0.0,2.802859620377319
2026-03-11 12:00:00+00:00,0.0,6.540833353019309
2026-03-11 13:00:00+00:00,5.307499999999999,25.245504530350615
2026-03-11 14:00:00+00:00,73.755,37.917291228813454
2026-03-11 15:00:00+00:00,148.43,114.32329295942503
2026-03-11 16:00:00+00:00,155.33749999999998,204.75725104793307
2026-03-11 17:00:00+00:00,215.5825,218.00350465375544
2026-03-11 18:00:00+00:00,215.5825,238.8267984899856
2026-03-11 19:00:00+00:00,209.6825,190.10204564626986
2026-03-11 20:00:00+00:00,162.185,174.74868196044687
2026-03-11 21:00:00+00:00,138.0,143.69781726350337
2026-03-11 22:00:00+00:00,117.015,124.3893331949624
2026-03-11 23:00:00+00:00,126.61,107.07809433975825
2026-03-12 00:00:00+00:00,121.25,119.16923415274049
2026-03-12 01:00:00+00:00,113.7275,112.6972793769029
2026-03-12 02:00:00+00:00,111.765,111.46240719923341
2026-03-12 03:00:00+00:00,122.845,120.98028507099963
2026-03-12 04:00:00+00:00,132.1175,154.5159923687569
2026-03-12 05:00:00+00:00,150.8375,155.85957045282464
2026-03-12 06:00:00+00:00,151.04,133.1424561736162
2026-03-12 07:00:00+00:00,84.9275,105.96966185463424
2026-03-12 08:00:00+00:00,22.97,57.67184940954978
2026-03-12 09:00:00+00:00,0.005,10.54027323257769
2026-03-12 10:00:00+00:00,0.0,-3.726229598560195
2026-03-12 11:00:00+00:00,0.0,-0.8416784169078255
2026-03-12 12:00:00+00:00,2.12,4.90968610308947
2026-03-12 13:00:00+00:00,26.3025,27.64007641514104
2026-03-12 14:00:00+00:00,85.97749999999999,65.12205262523248
2026-03-12 15:00:00+00:00,143.3725,119.90514722407046
2026-03-12 16:00:00+00:00,151.45499999999998,180.8544645157084
2026-03-12 17:00:00+00:00,190.43,209.1117838347546
2026-03-12 18:00:00+00:00,207.9325,216.5534544680601
2026-03-12 19:00:00+00:00,224.355,188.73324241848897
2026-03-12 20:00:00+00:00,161.655,187.99163161731906
2026-03-12 21:00:00+00:00,142.395,144.6779498251251
2026-03-12 22:00:00+00:00,123.5675,124.95407301392255
2026-03-12 23:00:00+00:00,119.2075,116.37359507552432
2026-03-13 00:00:00+00:00,104.5125,114.49352529065682
2026-03-13 01:00:00+00:00,102.085,103.17931318997353
2026-03-13 02:00:00+00:00,102.0875,104.78298230979826
2026-03-13 03:00:00+00:00,112.5,114.51115201431527
2026-03-13 04:00:00+00:00,134.32999999999998,143.9852307382374
2026-03-13 05:00:00+00:00,152.87,152.36776359280609
2026-03-13 06:00:00+00:00,137.2775,118.45171346680635
2026-03-13 07:00:00+00:00,33.3925,90.76930386843523
2026-03-13 08:00:00+00:00,3.195,16.86847585830344
2026-03-13 09:00:00+00:00,0.0,-0.8758326682472841
2026-03-13 10:00:00+00:00,-0.1,0.41393709368679765
2026-03-13 11:00:00+00:00,0.0,3.0809965470263023
2026-03-13 12:00:00+00:00,0.2675,7.251452984152849
2026-03-13 13:00:00+00:00,8.185,22.834373035776082
2026-03-13 14:00:00+00:00,67.6225,50.05315710169809
2026-03-13 15:00:00+00:00,89.24,110.17041385126865
2026-03-13 16:00:00+00:00,137.055,139.0794428412692
2026-03-13 17:00:00+00:00,168.3675,184.78898589727706
2026-03-13 18:00:00+00:00,153.0,186.99541536321487
2026-03-13 19:00:00+00:00,147.9525,156.72116137786315
2026-03-13 20:00:00+00:00,134.17,142.8702436208083
2026-03-13 21:00:00+00:00,124.99,122.86056007116976
2026-03-13 22:00:00+00:00,116.905,116.33023586422554
2026-03-13 23:00:00+00:00,114.7825,116.79487067194346
2026-03-14 00:00:00+00:00,110.285,109.49382196195234
2026-03-14 01:00:00+00:00,104.775,106.29260891599141
2026-03-14 02:00:00+00:00,106.76,102.70849999431906
2026-03-14 03:00:00+00:00,108.2975,108.83489109516513
2026-03-14 04:00:00+00:00,110.8775,121.81642354413933
2026-03-14 05:00:00+00:00,112.7025,119.56238663877497
2026-03-14 06:00:00+00:00,85.7,94.74004515198753
2026-03-14 07:00:00+00:00,1.25,52.735382839486604
2026-03-14 08:00:00+00:00,-0.0775,-1.0407576307667625
2026-03-14 09:00:00+00:00,-2.4725,-3.473972486500827
2026-03-14 10:00:00+00:00,-3.3375,0.8888328670318799
2026-03-14 11:00:00+00:00,-4.0525,3.4506265126044013
2026-03-14 12:00:00+00:00,-3.9925,9.896121778849576
2026-03-14 13:00:00+00:00,-0.625,24.2214446327107
2026-03-14 14:00:00+00:00,42.0125,37.02206105569013
2026-03-14 15:00:00+00:00,118.425,76.47802106930524
2026-03-14 16:00:00+00:00,142.16750000000002,147.51118059528687
2026-03-14 17:00:00+00:00,161.1,174.61704413884988
2026-03-14 18:00:00+00:00,169.83499999999998,169.47624848570342
2026-03-14 19:00:00+00:00,150.265,151.2961156221081
2026-03-14 20:00:00+00:00,137.4525,136.50224253583391
2026-03-14 21:00:00+00:00,135.2375,128.85730231897932
2026-03-14 22:00:00+00:00,128.04500000000002,119.62689879777378
2026-03-14 23:00:00+00:00,124.08,119.30755058307224
2026-03-15 00:00:00+00:00,126.655,117.59418708241253
2026-03-15 01:00:00+00:00,109.4475,116.56513253801418
2026-03-15 02:00:00+00:00,119.07,108.18702917974953
2026-03-15 03:00:00+00:00,124.06,117.3154843742341
2026-03-15 04:00:00+00:00,125.4225,129.1672722002646
2026-03-15 05:00:00+00:00,111.4,124.26945040160957
2026-03-15 06:00:00+00:00,85.0675,92.21691218589544
2026-03-15 07:00:00+00:00,0.0,53.9481799788323
2026-03-15 08:00:00+00:00,-0.0775,-4.5927067537594155
2026-03-15 09:00:00+00:00,-0.7825,-2.797841332375384
2026-03-15 10:00:00+00:00,-1.0025,1.557325971475251
2026-03-15 11:00:00+00:00,-0.33,3.8255967684798406
2026-03-15 12:00:00+00:00,-0.055,6.373693594014185
2026-03-15 13:00:00+00:00,0.0025,21.10182521048344
2026-03-15 14:00:00+00:00,29.01,29.98048784059442
2026-03-15 15:00:00+00:00,99.09,72.24283062952216
2026-03-15 16:00:00+00:00,137.22250000000005,138.45576220474865
2026-03-15 17:00:00+00:00,155.4925,174.450494651122
2026-03-15 18:00:00+00:00,151.9825,175.04555160198433
2026-03-15 19:00:00+00:00,154.9225,141.98018659364018
2026-03-15 20:00:00+00:00,131.15,136.12311847330906
2026-03-15 21:00:00+00:00,116.0025,126.41729592409366
2026-03-15 22:00:00+00:00,103.5975,114.98171151643638
2026-03-15 23:00:00+00:00,82.045,105.46629551241368
2026-03-16 00:00:00+00:00,78.605,93.78895429085117
2026-03-16 01:00:00+00:00,81.18,88.6152531690908
2026-03-16 02:00:00+00:00,65.5075,91.3161736727197
2026-03-16 03:00:00+00:00,83.6,97.43331901390737
2026-03-16 04:00:00+00:00,123.5975,118.77747765946945
2026-03-16 05:00:00+00:00,148.1075,152.91905431965185
2026-03-16 06:00:00+00:00,136.9425,125.22701135621841
2026-03-16 07:00:00+00:00,88.19,100.37077367005402
2026-03-16 08:00:00+00:00,44.655,68.6269363107829
2026-03-16 09:00:00+00:00,23.555,36.04126141092148
2026-03-16 10:00:00+00:00,15.9925,24.52865599985985
2026-03-16 11:00:00+00:00,25.85,25.32458099000523
2026-03-16 12:00:00+00:00,54.3,34.775605775023934
2026-03-16 13:00:00+00:00,77.73,72.27624845162102
2026-03-16 14:00:00+00:00,110.9525,88.74860652386181
2026-03-16 15:00:00+00:00,140.4575,121.51568458012085
2026-03-16 16:00:00+00:00,158.11,174.17184014073226
2026-03-16 17:00:00+00:00,167.76999999999998,198.94752422291538
2026-03-16 18:00:00+00:00,179.925,191.9338081876677
2026-03-16 19:00:00+00:00,161.6725,163.57417159381066
2026-03-16 20:00:00+00:00,137.38,139.0776351161614
2026-03-16 21:00:00+00:00,123.2575,128.7716593142189
2026-03-16 22:00:00+00:00,100.02,113.75277789494045
2026-03-16 23:00:00+00:00,111.9725,94.78018688721865
2026-03-17 00:00:00+00:00,104.2525,104.17006763372991
2026-03-17 01:00:00+00:00,107.5775,98.73166905286155
2026-03-17 02:00:00+00:00,108.7975,100.90010840485053
2026-03-17 03:00:00+00:00,111.6025,106.456682738882
2026-03-17 04:00:00+00:00,116.74,128.41949542943308
2026-03-17 05:00:00+00:00,126.18,134.0844824034418
2026-03-17 06:00:00+00:00,118.2075,117.9996445903038
2026-03-17 07:00:00+00:00,115.665,97.87404650933894
2026-03-17 08:00:00+00:00,80.2725,93.88620556387954
2026-03-17 09:00:00+00:00,80.785,68.70736348765486
2026-03-17 10:00:00+00:00,110.01,75.64885994047759
2026-03-17 11:00:00+00:00,104.6725,99.88962075922322
2026-03-17 12:00:00+00:00,106.895,98.63597744578908
2026-03-17 13:00:00+00:00,109.57,105.06195196813198
2026-03-17 14:00:00+00:00,126.5225,116.24289713803883
2026-03-17 15:00:00+00:00,130.37,140.4011449009662
2026-03-17 16:00:00+00:00,168.9975,154.22588311128126
2026-03-17 17:00:00+00:00,146.7925,187.1676752835287
2026-03-17 18:00:00+00:00,120.925,166.66295845501156
2026-03-17 19:00:00+00:00,132.92000000000002,126.67184148356206
2026-03-17 20:00:00+00:00,130.045,127.21483439716707
2026-03-17 21:00:00+00:00,111.6325,123.5648556733774
2026-03-17 22:00:00+00:00,107.3625,104.66726758302681
2026-03-17 23:00:00+00:00,96.7725,101.50449878386547
2026-03-18 00:00:00+00:00,96.0075,95.60101242945393
2026-03-18 01:00:00+00:00,95.105,96.01650429829543
2026-03-18 02:00:00+00:00,96.3325,96.30991761036485
2026-03-18 03:00:00+00:00,99.47,104.3806405943102
2026-03-18 04:00:00+00:00,107.6625,117.74413048457652
2026-03-18 05:00:00+00:00,129.27,131.47378523334572
2026-03-18 06:00:00+00:00,107.19,128.3364341134028
2026-03-18 07:00:00+00:00,104.0025,101.49014844222785
2026-03-18 08:00:00+00:00,82.0325,93.38525418399418
2026-03-18 09:00:00+00:00,37.8425,72.13135587578799
2026-03-18 10:00:00+00:00,8.6325,43.175095398754024
2026-03-18 11:00:00+00:00,7.8075,22.81350281666296
2026-03-18 12:00:00+00:00,11.52,26.267741133586895
2026-03-18 13:00:00+00:00,30.3,53.28134668631236
2026-03-18 14:00:00+00:00,66.365,67.63648322885578
2026-03-18 15:00:00+00:00,105.6525,105.24677640307269
2026-03-18 16:00:00+00:00,139.9425,135.56305235021463
2026-03-18 17:00:00+00:00,153.5625,162.62107867027245
2026-03-18 18:00:00+00:00,120.6175,154.10906959150205
2026-03-18 19:00:00+00:00,119.5175,118.41310630810226
2026-03-18 20:00:00+00:00,124.12,116.16353712951724
2026-03-18 21:00:00+00:00,127.38,113.45072199530344
2026-03-18 22:00:00+00:00,113.4,111.39581257556895
2026-03-18 23:00:00+00:00,92.9525,100.78718333296742
2026-03-19 00:00:00+00:00,99.8275,91.40314014794572
2026-03-19 01:00:00+00:00,106.325,95.24030909484546
2026-03-19 02:00:00+00:00,118.885,98.76527020418239
2026-03-19 03:00:00+00:00,129.1,114.47720558799435
2026-03-19 04:00:00+00:00,126.0025,133.3851886615538
2026-03-19 05:00:00+00:00,116.37,141.22697591991374
2026-03-19 06:00:00+00:00,96.1625,121.9012930421731
2026-03-19 07:00:00+00:00,87.55250000000001,89.99854773081037
2026-03-19 08:00:00+00:00,89.735,74.45737930858667
2026-03-19 09:00:00+00:00,60.05,75.56150590675057
2026-03-19 10:00:00+00:00,10.2975,53.87528629745648
2026-03-19 11:00:00+00:00,24.1725,24.16962441813878
2026-03-19 12:00:00+00:00,25.5975,31.713642475948447
2026-03-19 13:00:00+00:00,69.105,42.56487657723916
2026-03-19 14:00:00+00:00,94.31,84.21832867401284
2026-03-19 15:00:00+00:00,127.82,110.7659090245769
2026-03-19 16:00:00+00:00,137.425,142.67523675691373
2026-03-19 17:00:00+00:00,167.9175,159.3585011996142
2026-03-19 18:00:00+00:00,171.2875,160.36855103429133
2026-03-19 19:00:00+00:00,130.01,143.83677617336826
2026-03-19 20:00:00+00:00,113.145,122.24763348544357
2026-03-19 21:00:00+00:00,120.4025,109.6651656446846
2026-03-19 22:00:00+00:00,115.1425,109.27914153780546
2026-03-19 23:00:00+00:00,99.0775,102.58033887724191
2026-03-20 00:00:00+00:00,104.3975,97.17049448362798
2026-03-20 01:00:00+00:00,100.4175,98.70638864152869
2026-03-20 02:00:00+00:00,96.63,99.57289976523373
2026-03-20 03:00:00+00:00,95.575,104.74779844686599
2026-03-20 04:00:00+00:00,95.35,116.79176049698707
2026-03-20 05:00:00+00:00,107.9575,115.68768378959244
2026-03-20 06:00:00+00:00,86.6725,105.915784711243
2026-03-20 07:00:00+00:00,95.195,71.43948197452193
2026-03-20 08:00:00+00:00,60.085,72.2355341405611
2026-03-20 09:00:00+00:00,74.985,40.90727051290469
2026-03-20 10:00:00+00:00,84.83500000000001,58.08054806202348
2026-03-20 11:00:00+00:00,71.07,69.48204801292864
2026-03-20 12:00:00+00:00,71.26,69.88794797225958
2026-03-20 13:00:00+00:00,95.12,81.68489789410926
2026-03-20 14:00:00+00:00,127.63,100.89079194346775
2026-03-20 15:00:00+00:00,138.0075,140.13573921901556
2026-03-20 16:00:00+00:00,157.0775,156.7032979523613
2026-03-20 17:00:00+00:00,205.5125,178.26016717875353
2026-03-20 18:00:00+00:00,165.9375,194.72573608070203
2026-03-20 19:00:00+00:00,181.185,140.72457022822846
2026-03-20 20:00:00+00:00,132.0,150.10602253893805
2026-03-20 21:00:00+00:00,119.8675,120.4560480312429
2026-03-20 22:00:00+00:00,123.025,113.59058161508983
2026-03-20 23:00:00+00:00,136.4375,111.09051775478804
2026-03-21 00:00:00+00:00,108.485,122.56582419704486
2026-03-21 01:00:00+00:00,106.655,105.1228328792553
2026-03-21 02:00:00+00:00,138.31,101.84609786293386
2026-03-21 03:00:00+00:00,125.9125,123.34843763323896
2026-03-21 04:00:00+00:00,119.4025,120.27752003415789
2026-03-21 05:00:00+00:00,111.92,116.25616863895661
2026-03-21 06:00:00+00:00,107.3325,101.4227606846955
2026-03-21 07:00:00+00:00,57.3775,91.57296209142407
2026-03-21 08:00:00+00:00,0.0,42.7458676915152
2026-03-21 09:00:00+00:00,0.0,-2.1317323574044735
2026-03-21 10:00:00+00:00,0.01,3.5407264411585686
2026-03-21 11:00:00+00:00,10.2075,5.9183090553389235
2026-03-21 12:00:00+00:00,31.2875,25.553733524220036
2026-03-21 13:00:00+00:00,81.2925,58.48866748800003
2026-03-21 14:00:00+00:00,84.9675,100.38422075362521
2026-03-21 15:00:00+00:00,128.9075,117.26232884040019
2026-03-21 16:00:00+00:00,157.8775,163.25266254315886
2026-03-21 17:00:00+00:00,159.2625,187.70973156831093
2026-03-21 18:00:00+00:00,136.96,170.2593720509918
2026-03-21 19:00:00+00:00,140.135,137.6807876703449
2026-03-21 20:00:00+00:00,133.0075,129.0342205404131
2026-03-21 21:00:00+00:00,128.4325,124.06293626654099
2026-03-21 22:00:00+00:00,115.79,123.38200795273558
2026-03-21 23:00:00+00:00,102.8925,113.98001991572966
2026-03-22 00:00:00+00:00,100.5025,101.43339427301461
2026-03-22 01:00:00+00:00,100.27,97.24279938440557
2026-03-22 02:00:00+00:00,101.5975,104.39161898087397
2026-03-22 03:00:00+00:00,105.15,106.39509146045468
2026-03-22 04:00:00+00:00,104.53,110.97344967405056
2026-03-22 05:00:00+00:00,103.6675,106.22645033163442
2026-03-22 06:00:00+00:00,84.51,91.42032892957553
2026-03-22 07:00:00+00:00,0.0,59.13388356138836
2026-03-22 08:00:00+00:00,0.0,-5.02094125297927
2026-03-22 09:00:00+00:00,0.0,-6.321365001877751
2026-03-22 10:00:00+00:00,0.01,-1.8662663582720995
2026-03-22 11:00:00+00:00,0.01,2.8538859831807315
2026-03-22 12:00:00+00:00,1.825,11.755275738499805
2026-03-22 13:00:00+00:00,8.845,42.73556965740006
2026-03-22 14:00:00+00:00,62.4775,51.67327280212881
2026-03-22 15:00:00+00:00,96.17,102.61012009629113
2026-03-22 16:00:00+00:00,140.14,140.194467802649
2026-03-22 17:00:00+00:00,131.76,168.49964285735342
2026-03-22 18:00:00+00:00,178.8425,146.84656187166217
2026-03-22 19:00:00+00:00,178.6475,153.36431165227302
2026-03-22 20:00:00+00:00,144.8625,147.29211819224446
2026-03-22 21:00:00+00:00,154.7575,127.70556994282074
2026-03-22 22:00:00+00:00,133.185,131.76349644830847
2026-03-22 23:00:00+00:00,141.85750000000002,117.73695100458396
2026-03-23 00:00:00+00:00,134.5575,123.10920650616308
2026-03-23 01:00:00+00:00,131.8125,121.67342824905599
2026-03-23 02:00:00+00:00,129.5375,120.10267295333134
2026-03-23 03:00:00+00:00,146.0425,129.89394520074953
2026-03-23 04:00:00+00:00,163.6975,160.24663164183696
2026-03-23 05:00:00+00:00,186.4875,170.8027731975606
2026-03-23 06:00:00+00:00,160.6775,162.34493758644984
2026-03-23 07:00:00+00:00,113.005,121.38557237942138
2026-03-23 08:00:00+00:00,120.475,91.41332166633306
2026-03-23 09:00:00+00:00,99.8075,95.52862467177987
2026-03-23 10:00:00+00:00,81.4975,89.74198756963469
2026-03-23 11:00:00+00:00,95.9025,78.77785633187634
2026-03-23 12:00:00+00:00,117.005,95.94263100514888
2026-03-23 13:00:00+00:00,124.885,119.34594177811738
2026-03-23 14:00:00+00:00,136.6675,135.92646704714824
2026-03-23 15:00:00+00:00,155.5075,157.26828615722405
2026-03-23 16:00:00+00:00,191.8275,191.24343590677216
2026-03-23 17:00:00+00:00,223.6675,206.36892895682269
2026-03-23 18:00:00+00:00,224.63,223.80281668378456
2026-03-23 19:00:00+00:00,200.64,195.95029639593068
2026-03-23 20:00:00+00:00,169.9,169.56823580435744
2026-03-23 21:00:00+00:00,152.745,146.2558592265494
2026-03-23 22:00:00+00:00,142.8275,138.72402650387372
2026-03-23 23:00:00+00:00,146.24,130.672291653254
2026-03-24 00:00:00+00:00,132.5775,139.3910361057578
2026-03-24 01:00:00+00:00,116.42,129.58921479563662
2026-03-24 02:00:00+00:00,106.7125,118.05478554543706
2026-03-24 03:00:00+00:00,106.0125,116.86029157363797
2026-03-24 04:00:00+00:00,131.1725,131.1413879351428
2026-03-24 05:00:00+00:00,134.73000000000002,149.67434706444357
2026-03-24 06:00:00+00:00,115.5875,133.3125862791319
2026-03-24 07:00:00+00:00,100.085,105.60207722697837
2026-03-24 08:00:00+00:00,72.015,87.68166416842469
2026-03-24 09:00:00+00:00,29.3125,64.95054812353867
2026-03-24 10:00:00+00:00,17.39,37.237956600511225
2026-03-24 11:00:00+00:00,24.285,41.936612042170935
2026-03-24 12:00:00+00:00,51.24,47.67241820096717
2026-03-24 13:00:00+00:00,80.86,93.07138405517337
2026-03-24 14:00:00+00:00,95.095,112.31625468659907
2026-03-24 15:00:00+00:00,137.2475,127.96621080851597
2026-03-24 16:00:00+00:00,157.29,170.35324012439673
2026-03-24 17:00:00+00:00,159.5025,190.37727998956984
2026-03-24 18:00:00+00:00,153.1,173.23878280855783
2026-03-24 19:00:00+00:00,153.845,135.5993867115453
2026-03-24 20:00:00+00:00,159.0725,137.24011140374043
2026-03-24 21:00:00+00:00,124.1375,132.7399377520275
2026-03-24 22:00:00+00:00,112.55,114.06497436725661
2026-03-24 23:00:00+00:00,104.1825,106.45418965557124
2026-03-25 00:00:00+00:00,104.35,102.35637752907967
2026-03-25 01:00:00+00:00,97.205,99.76560592050205
2026-03-25 02:00:00+00:00,96.52,90.2580821585145
2026-03-25 03:00:00+00:00,108.14,96.58363728756706
2026-03-25 04:00:00+00:00,104.9275,115.91622267528682
2026-03-25 05:00:00+00:00,95.125,109.87016370187797
2026-03-25 06:00:00+00:00,39.48,84.60187674264293
2026-03-25 07:00:00+00:00,0.0025,34.61770452554511
2026-03-25 08:00:00+00:00,0.0,3.0678683745988167
2026-03-25 09:00:00+00:00,0.0,-5.792267545481451
2026-03-25 10:00:00+00:00,0.0,-1.1102904876413504
2026-03-25 11:00:00+00:00,0.0,2.391191211510602
2026-03-25 12:00:00+00:00,0.0,4.917276756695188
2026-03-25 13:00:00+00:00,0.0,22.573723429946355
2026-03-25 14:00:00+00:00,22.32,38.77457197964867
2026-03-25 15:00:00+00:00,107.04,70.07101081801707
2026-03-25 16:00:00+00:00,160.1075,141.8612178212318
2026-03-25 17:00:00+00:00,135.82,177.80445291941177
2026-03-25 18:00:00+00:00,158.4425,146.29217339915022
2026-03-25 19:00:00+00:00,158.685,140.30205859092817
2026-03-25 20:00:00+00:00,153.4525,137.96531447473598
2026-03-25 21:00:00+00:00,136.2025,129.66128243797863
2026-03-25 22:00:00+00:00,110.9725,117.30372842504228
2026-03-25 23:00:00+00:00,102.9425,104.0247011920323
2026-03-26 00:00:00+00:00,98.4225,99.34785426848379
2026-03-26 01:00:00+00:00,95.3175,93.76876791380457
2026-03-26 02:00:00+00:00,100.1775,96.05079599414483
2026-03-26 03:00:00+00:00,107.14,107.88889352009812
2026-03-26 04:00:00+00:00,131.945,121.71659251834899
2026-03-26 05:00:00+00:00,147.695,125.6532651507662
2026-03-26 06:00:00+00:00,124.12,115.3517095333515
2026-03-26 07:00:00+00:00,25.3325,87.56757889359184
2026-03-26 08:00:00+00:00,0.0025,10.893097011145088
2026-03-26 09:00:00+00:00,0.0,-7.0246417048236935
2026-03-26 10:00:00+00:00,0.0,-0.11162053598516763
2026-03-26 11:00:00+00:00,0.0,2.568907438054083
2026-03-26 12:00:00+00:00,0.0,8.15157380333656
2026-03-26 13:00:00+00:00,0.0075,26.64038525066755
2026-03-26 14:00:00+00:00,41.8725,32.94448965761971
2026-03-26 15:00:00+00:00,94.6925,82.93171139280908
2026-03-26 16:00:00+00:00,154.785,129.49701829482945
2026-03-26 17:00:00+00:00,136.11,175.61004592942155
2026-03-26 18:00:00+00:00,126.9675,155.9878711090866
2026-03-26 19:00:00+00:00,139.7,123.80243160601003
2026-03-26 20:00:00+00:00,133.99,122.31943832696108
2026-03-26 21:00:00+00:00,126.33,119.25050332412127
2026-03-26 22:00:00+00:00,115.445,114.14012487767246
2026-03-26 23:00:00+00:00,118.5425,102.7703012137365
2026-03-27 00:00:00+00:00,121.905,106.94127321813583
2026-03-27 01:00:00+00:00,117.3425,110.7781981995733
2026-03-27 02:00:00+00:00,117.8325,106.13824918392474
2026-03-27 03:00:00+00:00,120.2475,113.0598268232419
2026-03-27 04:00:00+00:00,137.03750000000002,127.17759044902314
2026-03-27 05:00:00+00:00,126.3475,134.31722038986382
2026-03-27 06:00:00+00:00,110.51,106.5218744854559
2026-03-27 07:00:00+00:00,87.0475,74.70870477311695
2026-03-27 08:00:00+00:00,7.007499999999999,51.43250927975359
2026-03-27 09:00:00+00:00,0.325,5.234051032132399
2026-03-27 10:00:00+00:00,5.5025,3.2173169941547144
2026-03-27 11:00:00+00:00,35.947500000000005,13.977197332555392
2026-03-27 12:00:00+00:00,41.05,39.30957213774457
2026-03-27 13:00:00+00:00,57.255,62.92457500797467
2026-03-27 14:00:00+00:00,103.05,79.41560671164669
2026-03-27 15:00:00+00:00,120.735,115.397416015756
2026-03-27 16:00:00+00:00,124.98,147.7330900592211
2026-03-27 17:00:00+00:00,123.8025,152.3065127418124
2026-03-27 18:00:00+00:00,127.57,138.89605759601207
2026-03-27 19:00:00+00:00,125.4975,126.57192417447
2026-03-27 20:00:00+00:00,124.705,117.83923865642167
2026-03-27 21:00:00+00:00,116.66,118.46743144476042
2026-03-27 22:00:00+00:00,106.0125,111.40671764036074
2026-03-27 23:00:00+00:00,95.135,107.74449791364933
2026-03-28 00:00:00+00:00,92.675,99.1822810116111
2026-03-28 01:00:00+00:00,90.4675,97.27245062006571
2026-03-28 02:00:00+00:00,90.3075,101.78195455816926
2026-03-28 03:00:00+00:00,92.105,102.65424826024949
2026-03-28 04:00:00+00:00,95.4075,106.58646741895691
2026-03-28 05:00:00+00:00,90.765,97.38835368934065
2026-03-28 06:00:00+00:00,80.27250000000001,89.26162940907523
2026-03-28 07:00:00+00:00,68.3,64.27865142579469
2026-03-28 08:00:00+00:00,45.0225,54.085066927105544
2026-03-28 09:00:00+00:00,17.5825,32.49325976932316
2026-03-28 10:00:00+00:00,7.99,16.729698388859177
2026-03-28 11:00:00+00:00,6.72,8.316943697689567
2026-03-28 12:00:00+00:00,7.9375,14.160416805565191
2026-03-28 13:00:00+00:00,21.0325,33.4434516431174
2026-03-28 14:00:00+00:00,57.69,56.65113387667944
2026-03-28 15:00:00+00:00,94.0775,88.69487262935326
2026-03-28 16:00:00+00:00,128.39,122.83921016849237
2026-03-28 17:00:00+00:00,143.625,150.9927304092452
2026-03-28 18:00:00+00:00,154.07,145.81466541016113
2026-03-28 19:00:00+00:00,145.725,136.18421271907536
2026-03-28 20:00:00+00:00,140.93,128.55023829386317
2026-03-28 21:00:00+00:00,127.41,122.51634199377791
2026-03-28 22:00:00+00:00,119.58,116.97655762676204
2026-03-28 23:00:00+00:00,116.2,107.21517341274318
2026-03-29 00:00:00+00:00,109.76,107.5036037620887
2026-03-29 01:00:00+00:00,108.0975,105.066429601328
2026-03-29 02:00:00+00:00,115.48,103.34346057998586
2026-03-29 03:00:00+00:00,111.5275,108.04447639825847
2026-03-29 04:00:00+00:00,110.025,108.97938992435625
2026-03-29 05:00:00+00:00,115.0025,99.50673637756353
2026-03-29 06:00:00+00:00,107.235,85.30430419383788
2026-03-29 07:00:00+00:00,0.0025,73.44198355837877
2026-03-29 08:00:00+00:00,0.0,-9.593429637021302
2026-03-29 09:00:00+00:00,0.0,-9.596165973868125
2026-03-29 10:00:00+00:00,0.0,-5.585400108512829
2026-03-29 11:00:00+00:00,0.0025,-3.0482492562586003
2026-03-29 12:00:00+00:00,0.0075,-0.30517720469373444
2026-03-29 13:00:00+00:00,0.3325,16.070434585566886
2026-03-29 14:00:00+00:00,22.5875,23.13509866788199
2026-03-29 15:00:00+00:00,92.3125,61.75226272747253
2026-03-29 16:00:00+00:00,106.8325,126.56821118468662
2026-03-29 17:00:00+00:00,127.8975,131.00546745377406
2026-03-29 18:00:00+00:00,134.6275,146.0078666896064
2026-03-29 19:00:00+00:00,141.575,132.2860044012242
2026-03-29 20:00:00+00:00,151.205,131.06847302307472
2026-03-29 21:00:00+00:00,138.625,137.88342739200735
2026-03-29 22:00:00+00:00,94.07,125.74016256431025
2026-03-29 23:00:00+00:00,92.1675,102.92962013960162
2026-03-30 00:00:00+00:00,79.6725,98.11770984150374
2026-03-30 01:00:00+00:00,74.35,86.1464730666498
2026-03-30 02:00:00+00:00,91.1125,87.58707846676134
2026-03-30 03:00:00+00:00,114.425,111.16736036130789
2026-03-30 04:00:00+00:00,159.57,146.1999543145698
2026-03-30 05:00:00+00:00,176.1625,159.91288006283602
2026-03-30 06:00:00+00:00,166.4125,151.59338895554785
2026-03-30 07:00:00+00:00,122.6275,114.88833252687346
2026-03-30 08:00:00+00:00,69.915,87.43181286630588
2026-03-30 09:00:00+00:00,13.3925,51.55658273386621
2026-03-30 10:00:00+00:00,0.02,15.54214457758627
2026-03-30 11:00:00+00:00,32.0925,9.751506102874515
2026-03-30 12:00:00+00:00,107.3775,45.11706870500616
2026-03-30 13:00:00+00:00,124.9975,115.61410388611081
2026-03-30 14:00:00+00:00,138.7175,133.15959553078042
2026-03-30 15:00:00+00:00,148.57,151.08564627994704
2026-03-30 16:00:00+00:00,180.0,173.86635906709827
2026-03-30 17:00:00+00:00,212.8825,212.07089421798509
2026-03-30 18:00:00+00:00,194.58,218.31751116512123
2026-03-30 19:00:00+00:00,177.3625,163.71114107349837
2026-03-30 20:00:00+00:00,141.18,160.41169440760953
2026-03-30 21:00:00+00:00,120.6225,131.70079525360245
2026-03-30 22:00:00+00:00,116.805,112.71299309537133
2026-03-30 23:00:00+00:00,107.2775,111.68202713165324
2026-03-31 00:00:00+00:00,104.62,100.6983778525362
2026-03-31 01:00:00+00:00,104.895,101.33937588786861
2026-03-31 02:00:00+00:00,105.9775,101.36491162195048
2026-03-31 03:00:00+00:00,126.3825,113.49936440922465
2026-03-31 04:00:00+00:00,161.235,153.2812180221097
2026-03-31 05:00:00+00:00,192.6325,166.92666548480798
2026-03-31 06:00:00+00:00,179.2375,171.64841565856034
2026-03-31 07:00:00+00:00,133.58249999999998,144.34971087160463
2026-03-31 08:00:00+00:00,113.6775,104.88627647964398
2026-03-31 09:00:00+00:00,97.895,88.9917466755706
2026-03-31 10:00:00+00:00,93.125,84.28013666840933
2026-03-31 11:00:00+00:00,92.4975,85.89175805520581
2026-03-31 12:00:00+00:00,97.8075,95.14659609352756
2026-03-31 13:00:00+00:00,98.2675,112.8944878044851
2026-03-31 14:00:00+00:00,123.525,116.23570325681709
2026-03-31 15:00:00+00:00,147.7975,145.63061073801867
2026-03-31 16:00:00+00:00,162.3425,171.47824423774873
2026-03-31 17:00:00+00:00,184.58,187.76716433306288
2026-03-31 18:00:00+00:00,183.525,187.96708764340644
2026-03-31 19:00:00+00:00,176.115,166.1552253032851
2026-03-31 20:00:00+00:00,158.8475,155.6722935748845
2026-03-31 21:00:00+00:00,149.615,135.17128965593292
2026-03-31 22:00:00+00:00,147.7375,130.45043296690457
2026-03-31 23:00:00+00:00,131.6875,126.54254549505814
2026-04-01 00:00:00+00:00,126.33,121.87399536448385
2026-04-01 01:00:00+00:00,129.4275,118.99129783644872
2026-04-01 02:00:00+00:00,136.93,122.93581213739034
2026-04-01 03:00:00+00:00,152.43,137.90090583493713
2026-04-01 04:00:00+00:00,188.6075,160.50094292296922
2026-04-01 05:00:00+00:00,222.6175,191.9601059263706
2026-04-01 06:00:00+00:00,199.9775,196.014983314328
2026-04-01 07:00:00+00:00,173.58,171.16901045909768
2026-04-01 08:00:00+00:00,144.52249999999998,142.11248692756115
2026-04-01 09:00:00+00:00,137.2525,121.5663667788607
2026-04-01 10:00:00+00:00,129.57,120.01501514256199
2026-04-01 11:00:00+00:00,122.89,117.2328993551642
2026-04-01 12:00:00+00:00,124.2275,114.3790533044864
2026-04-01 13:00:00+00:00,128.7775,120.29595412421
2026-04-01 14:00:00+00:00,152.6325,131.8633993183557
2026-04-01 15:00:00+00:00,159.06,153.04158872236172
2026-04-01 16:00:00+00:00,176.495,165.83037519389381
2026-04-01 17:00:00+00:00,188.94,189.54332926716222
2026-04-01 18:00:00+00:00,191.25,193.65775536866067
2026-04-01 19:00:00+00:00,167.1025,171.54673918785193
2026-04-01 20:00:00+00:00,153.3125,146.0024698768266
2026-04-01 21:00:00+00:00,134.345,138.10858106177162
2026-04-01 22:00:00+00:00,127.79,125.07865314565123
2026-04-01 23:00:00+00:00,118.995,119.97211520371232
2026-04-02 00:00:00+00:00,114.13,117.24839061049289
2026-04-02 01:00:00+00:00,110.1125,112.40120192294395
2026-04-02 02:00:00+00:00,107.995,113.01279136881658
2026-04-02 03:00:00+00:00,119.48,119.45341804529446
2026-04-02 04:00:00+00:00,153.82,140.33558066127466
2026-04-02 05:00:00+00:00,160.0075,174.4141548593338
2026-04-02 06:00:00+00:00,162.8775,159.84519753836904
2026-04-02 07:00:00+00:00,139.70999999999998,147.51006296413385
2026-04-02 08:00:00+00:00,129.3175,121.34102655108471
2026-04-02 09:00:00+00:00,119.2075,115.18093478552339
2026-04-02 10:00:00+00:00,119.5275,109.95312374227494
2026-04-02 11:00:00+00:00,105.77,111.78640886140431
2026-04-02 12:00:00+00:00,112.755,105.96938986121279
2026-04-02 13:00:00+00:00,125.3475,116.75882831579553
2026-04-02 14:00:00+00:00,139.10750000000002,131.14736008747184
2026-04-02 15:00:00+00:00,146.4525,145.11672369818922
2026-04-02 16:00:00+00:00,178.8425,159.13485803994934
2026-04-02 17:00:00+00:00,174.56,183.60157445982753
2026-04-02 18:00:00+00:00,173.7725,162.30516964536218
2026-04-02 19:00:00+00:00,164.74,149.83228754050356
2026-04-02 20:00:00+00:00,142.60000000000002,141.2071727310256
2026-04-02 21:00:00+00:00,130.95,126.74213049116429
2026-04-02 22:00:00+00:00,135.0,123.47004721582641
2026-04-02 23:00:00+00:00,122.6225,123.11796491665133
2026-04-03 00:00:00+00:00,120.56,120.65426253133997
2026-04-03 01:00:00+00:00,118.615,115.8917901943072
2026-04-03 02:00:00+00:00,121.85,116.18697348980915
2026-04-03 03:00:00+00:00,128.4525,127.94156554615341
2026-04-03 04:00:00+00:00,147.8125,148.9674057013157
2026-04-03 05:00:00+00:00,156.5375,152.61833300637386
2026-04-03 06:00:00+00:00,134.6225,147.15177637558298
2026-04-03 07:00:00+00:00,130.07999999999998,124.3665325081231
2026-04-03 08:00:00+00:00,104.9575,115.06147990928066
2026-04-03 09:00:00+00:00,107.8725,94.45718731592335
2026-04-03 10:00:00+00:00,95.8125,100.88723270691554
2026-04-03 11:00:00+00:00,96.8925,90.02230079174024
2026-04-03 12:00:00+00:00,93.6525,95.45542020963879
2026-04-03 13:00:00+00:00,91.8675,104.29753584311581
2026-04-03 14:00:00+00:00,99.76,109.2569325920087
2026-04-03 15:00:00+00:00,135.775,117.26961250026693
2026-04-03 16:00:00+00:00,167.1425,153.12725225949407
2026-04-03 17:00:00+00:00,175.5475,172.56645788562057
2026-04-03 18:00:00+00:00,170.1725,169.78132325676683
2026-04-03 19:00:00+00:00,161.0825,147.3263269136966
2026-04-03 20:00:00+00:00,158.755,141.20390266147308
2026-04-03 21:00:00+00:00,135.3775,140.34612276000303
2026-04-03 22:00:00+00:00,129.93,125.68643886239391
2026-04-03 23:00:00+00:00,112.29,122.64291078641136
2026-04-04 00:00:00+00:00,98.2575,112.48428294658487
2026-04-04 01:00:00+00:00,78.1325,100.7102567202197
2026-04-04 02:00:00+00:00,76.57249999999999,87.26472303987268
2026-04-04 03:00:00+00:00,94.9975,89.85877079400865
2026-04-04 04:00:00+00:00,109.735,106.73966747716423
2026-04-04 05:00:00+00:00,88.2575,109.41597592253405
2026-04-04 06:00:00+00:00,37.3525,83.4655873272142
2026-04-04 07:00:00+00:00,17.635,35.15016954169714
2026-04-04 08:00:00+00:00,5.4925,15.298065145289314
2026-04-04 09:00:00+00:00,2.36,6.355473380141717
2026-04-04 10:00:00+00:00,0.5599999999999999,7.111652180251852
2026-04-04 11:00:00+00:00,0.0,4.699195823341853
2026-04-04 12:00:00+00:00,0.0,9.11395691562835
2026-04-04 13:00:00+00:00,0.035,24.077568880387247
2026-04-04 14:00:00+00:00,11.985,32.31858515009381
2026-04-04 15:00:00+00:00,73.2925,62.76283540599735
2026-04-04 16:00:00+00:00,140.1125,113.80196114895615
2026-04-04 17:00:00+00:00,156.76,161.64935271981582
2026-04-04 18:00:00+00:00,147.63,155.10888543215017
2026-04-04 19:00:00+00:00,128.735,133.8622353111277
2026-04-04 20:00:00+00:00,104.67,124.26564995069816
2026-04-04 21:00:00+00:00,72.1525,105.55769250374972
2026-04-04 22:00:00+00:00,65.685,81.64683726453835
2026-04-04 23:00:00+00:00,60.685,79.97280880225603
2026-04-05 00:00:00+00:00,29.7575,63.17484110776749
2026-04-05 01:00:00+00:00,40.34,34.55904838341688
2026-04-05 02:00:00+00:00,22.695,48.32141962774662
2026-04-05 03:00:00+00:00,51.905,31.939861929068144
2026-04-05 04:00:00+00:00,56.102500000000006,62.6662830299411
2026-04-05 05:00:00+00:00,7.24,56.80790985662841
2026-04-05 06:00:00+00:00,-0.5249999999999999,4.614611297994031
2026-04-05 07:00:00+00:00,-6.545,-5.1924453852533645
2026-04-05 08:00:00+00:00,-24.495,-5.936461731023883
2026-04-05 09:00:00+00:00,-35.455,-1.5723269352369016
2026-04-05 10:00:00+00:00,-35.7825,1.7005035378247726
2026-04-05 11:00:00+00:00,-50.0,4.562798431901356
2026-04-05 12:00:00+00:00,-50.0,8.515299663418048
2026-04-05 13:00:00+00:00,-47.47,21.762021152661617
2026-04-05 14:00:00+00:00,-9.8625,29.241777528647873
2026-04-05 15:00:00+00:00,16.23,36.38225570235204
2026-04-05 16:00:00+00:00,85.11,71.18744183186786
2026-04-05 17:00:00+00:00,119.5725,112.5231057085621
2026-04-05 18:00:00+00:00,120.0,133.21487197919802
2026-04-05 19:00:00+00:00,120.825,115.99783952047112
2026-04-05 20:00:00+00:00,114.33,112.8809493386245
2026-04-05 21:00:00+00:00,97.4475,104.09936676419696
2026-04-05 22:00:00+00:00,79.3275,88.37044943638199
2026-04-05 23:00:00+00:00,77.97749999999999,75.1711756322259
2026-04-06 00:00:00+00:00,74.9525,70.3931322958887
2026-04-06 01:00:00+00:00,72.42750000000001,69.62558857641284
2026-04-06 02:00:00+00:00,83.5,71.32646915421869
2026-04-06 03:00:00+00:00,121.7775,88.25299706000193
2026-04-06 04:00:00+00:00,151.6325,147.65730869276737
2026-04-06 05:00:00+00:00,108.95,146.06896065774802
2026-04-06 06:00:00+00:00,11.9875,101.76845576954427
2026-04-06 07:00:00+00:00,-0.0725,21.37812597182669
2026-04-06 08:00:00+00:00,-10.255,9.111990297722159
2026-04-06 09:00:00+00:00,-17.8275,5.806673809614708
2026-04-06 10:00:00+00:00,-15.005,11.394241170436302
2026-04-06 11:00:00+00:00,-8.07,15.93835222920822
2026-04-06 12:00:00+00:00,-3.7125,23.518465295955124
2026-04-06 13:00:00+00:00,-0.8075,35.21236756950766
2026-04-06 14:00:00+00:00,-0.0225,36.981272730995954
2026-04-06 15:00:00+00:00,58.27,40.65086787233791
2026-04-06 16:00:00+00:00,158.7175,103.84810518604834
2026-04-06 17:00:00+00:00,167.2625,183.41998822239856
2026-04-06 18:00:00+00:00,163.0975,168.0235630165004
2026-04-06 19:00:00+00:00,145.655,138.60161777600354
2026-04-06 20:00:00+00:00,146.415,132.10569039377606
2026-04-06 21:00:00+00:00,122.12,125.87144311991251
2026-04-06 22:00:00+00:00,120.8025,115.1114793245231
2026-04-06 23:00:00+00:00,116.8775,107.15232645433296
2026-04-07 00:00:00+00:00,113.375,108.47696391146735
2026-04-07 01:00:00+00:00,109.75,107.02132111033046
2026-04-07 02:00:00+00:00,113.7025,107.95991738178024
2026-04-07 03:00:00+00:00,128.48000000000002,124.03760161164018
2026-04-07 04:00:00+00:00,154.9025,158.6107861867317
2026-04-07 05:00:00+00:00,158.115,152.44382696078964
2026-04-07 06:00:00+00:00,69.22,123.91969371617381
2026-04-07 07:00:00+00:00,2.11,47.75552654636144
2026-04-07 08:00:00+00:00,0.0,-1.7909761771293518
2026-04-07 09:00:00+00:00,-0.2725,1.2680215940885091
2026-04-07 10:00:00+00:00,-3.01,6.763378775431818
2026-04-07 11:00:00+00:00,-4.9975000000000005,7.860104092471815
2026-04-07 12:00:00+00:00,-3.44,12.410772365193651
2026-04-07 13:00:00+00:00,-0.5675,27.716518769415288
2026-04-07 14:00:00+00:00,4.405,30.590580277508266
2026-04-07 15:00:00+00:00,85.9475,41.470740001819806
2026-04-07 16:00:00+00:00,159.765,127.43549191242286
2026-04-07 17:00:00+00:00,178.59,185.22526113373942
2026-04-07 18:00:00+00:00,145.8,186.1448811033125
2026-04-07 19:00:00+00:00,145.51999999999998,131.4822745695549
2026-04-07 20:00:00+00:00,131.6075,134.46783931650134
2026-04-07 21:00:00+00:00,120.93,122.51415454399974
2026-04-07 22:00:00+00:00,110.305,112.30910415463092
2026-04-07 23:00:00+00:00,105.1,108.20240901232285
2026-04-08 00:00:00+00:00,103.6375,101.60051948236583
2026-04-08 01:00:00+00:00,107.135,97.93568073520197
2026-04-08 02:00:00+00:00,111.3475,108.51868626937198
2026-04-08 03:00:00+00:00,120.4,128.87970713143923
2026-04-08 04:00:00+00:00,139.2275,149.50834575476935
2026-04-08 05:00:00+00:00,134.82999999999998,145.86664834824253
2026-04-08 06:00:00+00:00,15.995,105.10452259797043
2026-04-08 07:00:00+00:00,-0.0025,8.099616714475744
2026-04-08 08:00:00+00:00,-0.105,-0.9582732311468476
2026-04-08 09:00:00+00:00,-1.8225,0.22797431742560548
2026-04-08 10:00:00+00:00,-6.88,7.780595674922708
2026-04-08 11:00:00+00:00,-8.4775,10.564151311287247
2026-04-08 12:00:00+00:00,-6.4625,14.808828901284599
2026-04-08 13:00:00+00:00,-1.1325,28.022252725858877
2026-04-08 14:00:00+00:00,11.99,33.3698424156062
2026-04-08 15:00:00+00:00,92.4175,59.82053664294105
2026-04-08 16:00:00+00:00,133.53,139.52221979084655
2026-04-08 17:00:00+00:00,162.925,172.95237368977757
2026-04-08 18:00:00+00:00,170.7375,168.26496950645793
2026-04-08 19:00:00+00:00,155.6325,140.39361529505803
2026-04-08 20:00:00+00:00,149.6825,133.0482829651073
2026-04-08 21:00:00+00:00,129.735,125.15433922292479
2026-04-08 22:00:00+00:00,122.8625,116.13167079092777
2026-04-08 23:00:00+00:00,115.68,111.73505565071443
2026-04-09 00:00:00+00:00,109.2675,111.04841477383563
2026-04-09 01:00:00+00:00,106.11,107.73389589039614
2026-04-09 02:00:00+00:00,109.22,106.08694273557643
2026-04-09 03:00:00+00:00,121.46,122.18038903219599
2026-04-09 04:00:00+00:00,148.7875,146.82290885410424
2026-04-09 05:00:00+00:00,147.58249999999998,145.69625444042146
2026-04-09 06:00:00+00:00,127.2375,120.6429891357795
2026-04-09 07:00:00+00:00,60.33,98.5035296412415
2026-04-09 08:00:00+00:00,0.0075,40.74107468006804
2026-04-09 09:00:00+00:00,0.0025,-0.5298032259609613
2026-04-09 10:00:00+00:00,-0.1275,7.225796678729765
2026-04-09 11:00:00+00:00,-0.15,9.312897701260312
2026-04-09 12:00:00+00:00,0.0,9.967046602493852
2026-04-09 13:00:00+00:00,0.04,25.489683753090148
2026-04-09 14:00:00+00:00,50.7,32.429906759213154
2026-04-09 15:00:00+00:00,116.6975,93.09368998721689
2026-04-09 16:00:00+00:00,159.285,154.58619056349985
2026-04-09 17:00:00+00:00,168.5075,189.4703557706972
2026-04-09 18:00:00+00:00,174.69,178.3320004583258
2026-04-09 19:00:00+00:00,158.615,156.72047305757098
2026-04-09 20:00:00+00:00,139.70749999999998,139.49492279071126
2026-04-09 21:00:00+00:00,126.91,123.36733343840986
2026-04-09 22:00:00+00:00,134.0575,123.47599968960085
2026-04-09 23:00:00+00:00,122.75,120.79689898221741
2026-04-10 00:00:00+00:00,117.455,120.44492737513379
2026-04-10 01:00:00+00:00,117.2475,113.38350028749299
2026-04-10 02:00:00+00:00,111.54,117.49695711964708
2026-04-10 03:00:00+00:00,115.355,122.52249872809438
2026-04-10 04:00:00+00:00,129.5225,140.1854094260339
2026-04-10 05:00:00+00:00,129.4275,136.61863046745458
2026-04-10 06:00:00+00:00,71.43,110.8441071439703
2026-04-10 07:00:00+00:00,-0.2775,57.390220461272605
2026-04-10 08:00:00+00:00,-9.0025,4.650711534037853
2026-04-10 09:00:00+00:00,-1.0,-0.3234669668966319
2026-04-10 10:00:00+00:00,-0.55,4.402247816114851
2026-04-10 11:00:00+00:00,-0.1,6.131272633061158
2026-04-10 12:00:00+00:00,-0.0575,10.335636366492551
2026-04-10 13:00:00+00:00,0.005,28.201923205199833
2026-04-10 14:00:00+00:00,115.0075,34.45638159307407
2026-04-10 15:00:00+00:00,138.735,132.42941766306845
2026-04-10 16:00:00+00:00,170.6325,166.82487448396193
2026-04-10 17:00:00+00:00,172.7825,196.91630221751063
2026-04-10 18:00:00+00:00,180.5,181.54111954550564
2026-04-10 19:00:00+00:00,187.2475,167.34931293937652
2026-04-10 20:00:00+00:00,150.3,156.85178588623302
2026-04-10 21:00:00+00:00,134.2375,132.27714202348366
2026-04-10 22:00:00+00:00,144.9325,123.37939044108204
2026-04-10 23:00:00+00:00,130.79250000000002,126.47030027707169
2026-04-11 00:00:00+00:00,122.645,123.18418235106266
2026-04-11 01:00:00+00:00,122.415,117.27097119781082
2026-04-11 02:00:00+00:00,124.7375,117.532237623024
2026-04-11 03:00:00+00:00,125.555,120.87588092432117
2026-04-11 04:00:00+00:00,123.77,129.5343087771088
2026-04-11 05:00:00+00:00,102.19,121.31158951095749
2026-04-11 06:00:00+00:00,75.0675,89.61419076442102
2026-04-11 07:00:00+00:00,22.325,62.58292620718508
2026-04-11 08:00:00+00:00,1.9325,26.720740057096407
2026-04-11 09:00:00+00:00,0.01,11.523628358430571
2026-04-11 10:00:00+00:00,0.0,11.440992137852163
2026-04-11 11:00:00+00:00,0.0,12.279100629148914
2026-04-11 12:00:00+00:00,0.0,15.866614110130314
2026-04-11 13:00:00+00:00,0.0075,26.895279542585556
2026-04-11 14:00:00+00:00,19.9575,47.64009018114609
2026-04-11 15:00:00+00:00,80.7875,84.0441618386657
2026-04-11 16:00:00+00:00,141.4025,129.75800817187755
2026-04-11 17:00:00+00:00,159.68,180.5367219263187
2026-04-11 18:00:00+00:00,166.57999999999998,179.56616671286855
2026-04-11 19:00:00+00:00,159.64249999999998,149.1882614763876
2026-04-11 20:00:00+00:00,140.815,136.64005157739484
2026-04-11 21:00:00+00:00,132.0075,121.95045701273872
2026-04-11 22:00:00+00:00,136.0425,120.09474159296308
2026-04-11 23:00:00+00:00,124.265,120.55585653714424
2026-04-12 00:00:00+00:00,120.715,119.2897192876627
2026-04-12 01:00:00+00:00,118.6275,116.42538894849409
2026-04-12 02:00:00+00:00,119.42,117.5783629042516
2026-04-12 03:00:00+00:00,117.55,119.88309425833066
2026-04-12 04:00:00+00:00,111.3525,121.09443352302671
2026-04-12 05:00:00+00:00,101.605,97.54380246174313
2026-04-12 06:00:00+00:00,57.64,77.96308569515844
2026-04-12 07:00:00+00:00,0.0,34.41533479714715
2026-04-12 08:00:00+00:00,-0.0025,-3.262560819248364
2026-04-12 09:00:00+00:00,-0.005,-2.8188448269799835
2026-04-12 10:00:00+00:00,-0.125,1.1404637846376602
2026-04-12 11:00:00+00:00,-0.2825,0.9635584777402926
2026-04-12 12:00:00+00:00,-0.175,5.237986354820265
2026-04-12 13:00:00+00:00,-0.0775,22.259995356282673
2026-04-12 14:00:00+00:00,23.8525,26.834492606866846
2026-04-12 15:00:00+00:00,85.1225,56.76409108653476
2026-04-12 16:00:00+00:00,126.9,112.98848578516795
2026-04-12 17:00:00+00:00,140.64,152.60007772756475
2026-04-12 18:00:00+00:00,143.445,146.7411089750925
2026-04-12 19:00:00+00:00,136.73250000000002,132.8988779566018
2026-04-12 20:00:00+00:00,130.6075,124.41040832665209
2026-04-12 21:00:00+00:00,121.0275,120.84223542592514
2026-04-12 22:00:00+00:00,117.13,114.67553422308076
2026-04-12 23:00:00+00:00,109.795,113.1722929944935
2026-04-13 00:00:00+00:00,108.1525,110.6529676920674
2026-04-13 01:00:00+00:00,108.99,108.46725549529297
2026-04-13 02:00:00+00:00,110.945,112.84413810430371
2026-04-13 03:00:00+00:00,120.6725,124.19351724658009
2026-04-13 04:00:00+00:00,136.865,147.87532067097897
2026-04-13 05:00:00+00:00,128.985,139.70576116707474
2026-04-13 06:00:00+00:00,115.665,114.72251366409945
2026-04-13 07:00:00+00:00,21.325,96.11854044632739
2026-04-13 08:00:00+00:00,0.0125,17.71514363745807
2026-04-13 09:00:00+00:00,0.005,2.590403839482775
2026-04-13 10:00:00+00:00,0.0,7.719987049785587
2026-04-13 11:00:00+00:00,0.0,9.096134975625262
2026-04-13 12:00:00+00:00,0.0,13.42574673351207
2026-04-13 13:00:00+00:00,0.005,30.115607027885062
2026-04-13 14:00:00+00:00,82.765,32.97227366843197
2026-04-13 15:00:00+00:00,134.7725,102.49878462009504
2026-04-13 16:00:00+00:00,149.9875,161.87773456013906
2026-04-13 17:00:00+00:00,140.2775,172.64186828656156
2026-04-13 18:00:00+00:00,149.8225,148.97025112127787
2026-04-13 19:00:00+00:00,150.0025,131.30586049591878
2026-04-13 20:00:00+00:00,141.79500000000002,132.18051529521475
2026-04-13 21:00:00+00:00,133.35500000000002,119.7478911452283
2026-04-13 22:00:00+00:00,121.03,119.26948504256978
2026-04-13 23:00:00+00:00,119.8975,113.03529143278553
2026-04-14 00:00:00+00:00,121.035,115.05018090333239
2026-04-14 01:00:00+00:00,118.67,114.57152886943231
2026-04-14 02:00:00+00:00,121.015,116.85402939414278
2026-04-14 03:00:00+00:00,130.8525,125.807348617461
2026-04-14 04:00:00+00:00,149.635,153.344278489498
2026-04-14 05:00:00+00:00,163.2775,154.78965519620084
2026-04-14 06:00:00+00:00,156.6525,134.20441736668127
2026-04-14 07:00:00+00:00,88.795,110.0118662925553
2026-04-14 08:00:00+00:00,44.0825,67.19401904761816
2026-04-14 09:00:00+00:00,102.81,38.47724575807055
2026-04-14 10:00:00+00:00,109.89,86.29772606651738
2026-04-14 11:00:00+00:00,107.32,95.16074726427833
2026-04-14 12:00:00+00:00,105.275,96.00056015069032
2026-04-14 13:00:00+00:00,124.8375,104.01736447975898
2026-04-14 14:00:00+00:00,133.1675,120.86516866746318
2026-04-14 15:00:00+00:00,145.69,140.11625339800793
2026-04-14 16:00:00+00:00,175.1975,160.62530857499416
2026-04-14 17:00:00+00:00,200.01,186.68272048863122
2026-04-14 18:00:00+00:00,189.855,194.41229814137188
2026-04-14 19:00:00+00:00,169.535,168.80159490380376
2026-04-14 20:00:00+00:00,151.05,141.23297427959025
2026-04-14 21:00:00+00:00,137.8875,135.06685476192393
2026-04-14 22:00:00+00:00,125.9275,123.44105641918472
2026-04-14 23:00:00+00:00,119.4425,119.98244251290176
2026-04-15 00:00:00+00:00,116.63,117.45698875170913
2026-04-15 01:00:00+00:00,119.37,114.91130783310851
2026-04-15 02:00:00+00:00,125.45,118.31702575555052
2026-04-15 03:00:00+00:00,136.41250000000002,132.91429276007787
2026-04-15 04:00:00+00:00,153.0025,156.69161875398115
2026-04-15 05:00:00+00:00,160.7475,164.36023314206977
2026-04-15 06:00:00+00:00,139.91,146.71189606674915
2026-04-15 07:00:00+00:00,122.6925,117.55450376780817
2026-04-15 08:00:00+00:00,121.4175,107.00477637307858
2026-04-15 09:00:00+00:00,106.48,107.6915709428014
2026-04-15 10:00:00+00:00,102.425,99.35347237397167
2026-04-15 11:00:00+00:00,79.99,97.76651164324636
2026-04-15 12:00:00+00:00,83.3325,84.36832686785205
2026-04-15 13:00:00+00:00,97.565,94.77239776800411
2026-04-15 14:00:00+00:00,117.635,108.93595641986627
2026-04-15 15:00:00+00:00,142.3625,126.48814150888437
2026-04-15 16:00:00+00:00,150.0,151.32871555971892
2026-04-15 17:00:00+00:00,145.10500000000002,172.89515725197072
2026-04-15 18:00:00+00:00,138.47,160.79545587207136
2026-04-15 19:00:00+00:00,155.185,135.92530293325532
2026-04-15 20:00:00+00:00,134.8025,141.12090866923015
2026-04-15 21:00:00+00:00,126.585,123.43770330437742
2026-04-15 22:00:00+00:00,122.7325,119.6138276066603
2026-04-15 23:00:00+00:00,120.765,114.86341934163583
2026-04-16 00:00:00+00:00,118.1325,114.28283223764012
2026-04-16 01:00:00+00:00,109.705,113.72487710156771
2026-04-16 02:00:00+00:00,117.3375,112.36901127165186
2026-04-16 03:00:00+00:00,127.18,120.740290364643
2026-04-16 04:00:00+00:00,143.805,141.87912355914304
2026-04-16 05:00:00+00:00,143.77,147.70356938232743
2026-04-16 06:00:00+00:00,114.235,129.50228738077686
2026-04-16 07:00:00+00:00,7.03,98.3509656350299
2026-04-16 08:00:00+00:00,0.0,20.72188950689126
2026-04-16 09:00:00+00:00,0.0,8.16099727099406
2026-04-16 10:00:00+00:00,0.0,11.125664189250259
2026-04-16 11:00:00+00:00,0.0,11.615768749804417
2026-04-16 12:00:00+00:00,0.01,15.408694170249788
2026-04-16 13:00:00+00:00,0.1375,37.068421629405265
2026-04-16 14:00:00+00:00,81.0875,48.19455169492993
2026-04-16 15:00:00+00:00,116.6625,110.75164294112362
2026-04-16 16:00:00+00:00,137.3525,145.56591943560016
2026-04-16 17:00:00+00:00,153.89,158.1411543017833
2026-04-16 18:00:00+00:00,165.69,152.96587963409783
2026-04-16 19:00:00+00:00,153.82,136.29264439185172
2026-04-16 20:00:00+00:00,137.9,127.4444921996755
2026-04-16 21:00:00+00:00,127.2475,114.58825368885428
2026-04-16 22:00:00+00:00,121.945,114.35194105761732
2026-04-16 23:00:00+00:00,115.58,108.96965759970678
2026-04-17 00:00:00+00:00,112.5325,106.30794280862463
2026-04-17 01:00:00+00:00,108.7375,104.38674795750359
2026-04-17 02:00:00+00:00,112.09,104.23476651967013
2026-04-17 03:00:00+00:00,119.71,117.34133861120193
2026-04-17 04:00:00+00:00,132.6325,128.51057880400182
2026-04-17 05:00:00+00:00,112.715,125.16301265789711
2026-04-17 06:00:00+00:00,8.7525,91.1873756567735
2026-04-17 07:00:00+00:00,-0.0025,8.923400894370928
2026-04-17 08:00:00+00:00,-0.1,-2.8811711819681136
2026-04-17 09:00:00+00:00,-0.0775,-3.538756899474066
2026-04-17 10:00:00+00:00,-0.1,0.8829847057195082
2026-04-17 11:00:00+00:00,-0.1,3.09329888018911
2026-04-17 12:00:00+00:00,-0.0775,8.168041722521252
2026-04-17 13:00:00+00:00,-0.0325,21.817411255207006
2026-04-17 14:00:00+00:00,0.0025,36.81561227472824
2026-04-17 15:00:00+00:00,103.455,46.9388520246692
2026-04-17 16:00:00+00:00,132.14249999999998,134.96021748486538
2026-04-17 17:00:00+00:00,152.1925,159.8099382119463
2026-04-17 18:00:00+00:00,152.0,154.46388980090933
2026-04-17 19:00:00+00:00,134.9625,129.4583812527298
2026-04-17 20:00:00+00:00,124.96,116.03370835475316
2026-04-17 21:00:00+00:00,113.59,109.98598448706132
2026-04-17 22:00:00+00:00,105.43,106.90673543122186
2026-04-17 23:00:00+00:00,112.6775,99.93146464001799
2026-04-18 00:00:00+00:00,112.0325,102.23247916612227
2026-04-18 01:00:00+00:00,100.525,99.07204877130467
2026-04-18 02:00:00+00:00,105.105,93.82163269656951
2026-04-18 03:00:00+00:00,113.995,103.04836661249294
2026-04-18 04:00:00+00:00,113.1225,109.09010643853168
2026-04-18 05:00:00+00:00,27.7225,91.6741940102987
2026-04-18 06:00:00+00:00,-0.2775,14.983513018494506
2026-04-18 07:00:00+00:00,-3.0,-2.006919571609842
2026-04-18 08:00:00+00:00,-6.175,-1.4871003444719122
2026-04-18 09:00:00+00:00,-6.91,-0.4141786125384499
2026-04-18 10:00:00+00:00,-6.9025,2.836826279062848
2026-04-18 11:00:00+00:00,-5.6075,3.5295888200404306
2026-04-18 12:00:00+00:00,-5.485,6.198337587758587
2026-04-18 13:00:00+00:00,-3.0,21.12538157389099
2026-04-18 14:00:00+00:00,-0.0025,38.34061781701304
2026-04-18 15:00:00+00:00,58.1775,56.65758148757595
2026-04-18 16:00:00+00:00,122.18,102.61301279021133
2026-04-18 17:00:00+00:00,133.565,153.89387116160077
2026-04-18 18:00:00+00:00,145.0875,145.62226039001473
2026-04-18 19:00:00+00:00,142.70749999999998,131.40783808188664
2026-04-18 20:00:00+00:00,133.135,124.50251372618344
2026-04-18 21:00:00+00:00,127.725,118.10126402728471
2026-04-18 22:00:00+00:00,118.1625,118.36248291787615
2026-04-18 23:00:00+00:00,113.3525,113.39605576835477
2026-04-19 00:00:00+00:00,110.4475,110.94688402900445
2026-04-19 01:00:00+00:00,109.6525,110.59484095496967
2026-04-19 02:00:00+00:00,108.11,109.5796468751949
2026-04-19 03:00:00+00:00,112.4925,112.42083170156229
2026-04-19 04:00:00+00:00,115.6025,112.55214273622654
2026-04-19 05:00:00+00:00,51.5125,93.37312980852806
2026-04-19 06:00:00+00:00,-0.0075,39.58294224647415
2026-04-19 07:00:00+00:00,-1.28,-3.969341766054953
2026-04-19 08:00:00+00:00,-4.5025,-3.052089265268563
2026-04-19 09:00:00+00:00,-2.7525,-2.789687743366329
2026-04-19 10:00:00+00:00,-3.5,0.9142333416429551
2026-04-19 11:00:00+00:00,-5.01,2.617673297140925
2026-04-19 12:00:00+00:00,-5.675,8.06272387071607
2026-04-19 13:00:00+00:00,-2.255,17.87075939901942
2026-04-19 14:00:00+00:00,11.7675,22.32073057685288
2026-04-19 15:00:00+00:00,80.475,48.771356513566744
2026-04-19 16:00:00+00:00,133.2525,113.61753046346966
2026-04-19 17:00:00+00:00,146.4275,161.32728068618192
2026-04-19 18:00:00+00:00,157.14,153.9762435190159
2026-04-19 19:00:00+00:00,143.4625,135.72239028766523
2026-04-19 20:00:00+00:00,120.9025,124.87408863922896
2026-04-19 21:00:00+00:00,112.545,115.403627369397
2026-04-19 22:00:00+00:00,107.2925,112.58040946588956
2026-04-19 23:00:00+00:00,107.225,106.78983874102948
2026-04-20 00:00:00+00:00,105.66,104.20443559273109
2026-04-20 01:00:00+00:00,108.7775,103.39179004565526
2026-04-20 02:00:00+00:00,105.61,107.30016451871721
2026-04-20 03:00:00+00:00,120.66,119.20735615209009
2026-04-20 04:00:00+00:00,166.825,143.547916062848
2026-04-20 05:00:00+00:00,140.0025,147.97739046235526
2026-04-20 06:00:00+00:00,84.845,114.39344492195434
2026-04-20 07:00:00+00:00,0.0075,57.75539782660083
2026-04-20 08:00:00+00:00,-0.055,2.7667307157179835
2026-04-20 09:00:00+00:00,-0.0025,6.015975342778987
2026-04-20 10:00:00+00:00,0.0,9.289130449661556
2026-04-20 11:00:00+00:00,0.0,11.841946238009243
2026-04-20 12:00:00+00:00,0.0,12.491120816734764
2026-04-20 13:00:00+00:00,0.13,27.69082717776449
2026-04-20 14:00:00+00:00,57.795,34.8291304594992
2026-04-20 15:00:00+00:00,108.57,86.8688705794729
2026-04-20 16:00:00+00:00,130.9725,142.56966085116707
2026-04-20 17:00:00+00:00,133.245,161.43724645859425
2026-04-20 18:00:00+00:00,131.6425,146.42707334709084
2026-04-20 19:00:00+00:00,139.9,121.53609632542943
2026-04-20 20:00:00+00:00,128.10750000000002,122.48493053538773
2026-04-20 21:00:00+00:00,124.715,113.98477158632983
2026-04-20 22:00:00+00:00,112.0,112.57359503953036
2026-04-20 23:00:00+00:00,110.125,105.93365532015727
2026-04-21 00:00:00+00:00,107.8325,108.73852949412331
2026-04-21 01:00:00+00:00,104.495,107.19508393106538
2026-04-21 02:00:00+00:00,105.8825,105.00533493702234
2026-04-21 03:00:00+00:00,117.205,120.31619812842625
2026-04-21 04:00:00+00:00,135.765,143.87212774326088
2026-04-21 05:00:00+00:00,137.8625,140.6332634653619
2026-04-21 06:00:00+00:00,80.4725,119.86528295297447
2026-04-21 07:00:00+00:00,0.0025,65.59629442021554
2026-04-21 08:00:00+00:00,-0.0075,1.321521777015647
2026-04-21 09:00:00+00:00,0.0,-1.8105379240217019
2026-04-21 10:00:00+00:00,0.0,4.155162939618464
2026-04-21 11:00:00+00:00,0.0,5.411121168406879
2026-04-21 12:00:00+00:00,0.0,10.105276231203177
2026-04-21 13:00:00+00:00,0.0,29.970540419257745
2026-04-21 14:00:00+00:00,54.36,35.43841519332753
2026-04-21 15:00:00+00:00,114.0725,94.79200376695889
2026-04-21 16:00:00+00:00,128.605,146.83759824736921
2026-04-21 17:00:00+00:00,140.01999999999998,159.77552175698168
2026-04-21 18:00:00+00:00,140.525,147.99144613834048
2026-04-21 19:00:00+00:00,147.5825,130.10942681872697
2026-04-21 20:00:00+00:00,130.1,128.59093668660395
2026-04-21 21:00:00+00:00,126.715,122.54358455586458
2026-04-21 22:00:00+00:00,118.3975,114.92036400210952
2026-04-21 23:00:00+00:00,115.4075,110.48633528715209
2026-04-22 00:00:00+00:00,113.11,111.65704530245576
2026-04-22 01:00:00+00:00,113.4925,109.29602086670079
2026-04-22 02:00:00+00:00,118.88,111.3737300686189
2026-04-22 03:00:00+00:00,129.97,132.27637343722483
2026-04-22 04:00:00+00:00,148.215,153.1335021623376
2026-04-22 05:00:00+00:00,137.1875,154.1133272405377
2026-04-22 06:00:00+00:00,126.3225,127.65885263976583
2026-04-22 07:00:00+00:00,92.2075,109.54587052341527
2026-04-22 08:00:00+00:00,39.81,78.70178626106406
2026-04-22 09:00:00+00:00,129.6675,42.043053516544944
2026-04-22 10:00:00+00:00,71.25,111.20571915644149
2026-04-22 11:00:00+00:00,44.23,68.41664642636319
2026-04-22 12:00:00+00:00,34.6425,52.77469545952356
2026-04-22 13:00:00+00:00,35.06,54.434757349263265
2026-04-22 14:00:00+00:00,74.05250000000001,60.640459438305896
2026-04-22 15:00:00+00:00,152.7775,106.23366706013272
2026-04-22 16:00:00+00:00,140.1425,165.40641427348672
2026-04-22 17:00:00+00:00,208.4975,160.16275201480022
2026-04-22 18:00:00+00:00,226.065,189.33110008456828
2026-04-22 19:00:00+00:00,136.8425,188.05398994314803
2026-04-22 20:00:00+00:00,123.6125,124.5111981648475
2026-04-22 21:00:00+00:00,118.0725,120.22129571989205
2026-04-22 22:00:00+00:00,145.7175,112.95835071083238
2026-04-22 23:00:00+00:00,122.2175,124.7399800114385
2026-04-23 00:00:00+00:00,110.26,117.02692045640032
2026-04-23 01:00:00+00:00,107.84,107.7582775033716
2026-04-23 02:00:00+00:00,114.6075,110.03953802727177
2026-04-23 03:00:00+00:00,121.075,125.25565982736296
2026-04-23 04:00:00+00:00,127.71,142.34728834489036
2026-04-23 05:00:00+00:00,127.06,136.2133923300885
2026-04-23 06:00:00+00:00,104.905,114.75052466632562
2026-04-23 07:00:00+00:00,39.81,83.78617755597946
2026-04-23 08:00:00+00:00,1.335,32.21140621252712
2026-04-23 09:00:00+00:00,0.0,18.63184591524255
2026-04-23 10:00:00+00:00,0.0,11.154459914103015
2026-04-23 11:00:00+00:00,0.0,8.614504430888815
2026-04-23 12:00:00+00:00,0.0,11.001202049209866
2026-04-23 13:00:00+00:00,0.0,22.874013465451952
2026-04-23 14:00:00+00:00,0.0025,39.74796587919785
2026-04-23 15:00:00+00:00,56.49,56.09138330470067
2026-04-23 16:00:00+00:00,133.0475,106.70689199365452
2026-04-23 17:00:00+00:00,187.4075,179.3219089135149
2026-04-23 18:00:00+00:00,186.3125,199.30406102253602
2026-04-23 19:00:00+00:00,179.855,158.35643092934427
2026-04-23 20:00:00+00:00,124.4725,148.94276090003206
2026-04-23 21:00:00+00:00,124.6775,113.69321125410693
2026-04-23 22:00:00+00:00,112.6,118.3809750564957
2026-04-23 23:00:00+00:00,109.445,107.81446278916984
2026-04-24 00:00:00+00:00,110.36,107.71255240321594
2026-04-24 01:00:00+00:00,109.93,107.48601835458642
2026-04-24 02:00:00+00:00,110.9525,109.9450144969922
2026-04-24 03:00:00+00:00,126.855,122.73140285309248
2026-04-24 04:00:00+00:00,136.57,141.38501487060248
2026-04-24 05:00:00+00:00,82.1575,125.68370804152029
2026-04-24 06:00:00+00:00,6.585,63.450795795149915
2026-04-24 07:00:00+00:00,-0.5275,8.560614668749821
2026-04-24 08:00:00+00:00,-5.0025,0.15456205105019194
2026-04-24 09:00:00+00:00,-4.2525,-2.5251468709852816
2026-04-24 10:00:00+00:00,-7.905,2.613008052968098
2026-04-24 11:00:00+00:00,-13.52,5.329744989289338
2026-04-24 12:00:00+00:00,-13.155,8.648872479323089
2026-04-24 13:00:00+00:00,-14.5225,23.07897607563126
2026-04-24 14:00:00+00:00,-0.155,28.854683388949155
2026-04-24 15:00:00+00:00,69.82249999999999,38.05236355008044
2026-04-24 16:00:00+00:00,121.34,115.4342014923967
2026-04-24 17:00:00+00:00,197.225,168.39415192816443
2026-04-24 18:00:00+00:00,159.4125,195.87873349550316
2026-04-24 19:00:00+00:00,185.855,152.79822106162857
2026-04-24 20:00:00+00:00,130.89249999999998,149.1384111228421
2026-04-24 21:00:00+00:00,127.1775,118.55279585570015
2026-04-24 22:00:00+00:00,107.955,112.1225841253758
2026-04-24 23:00:00+00:00,101.88,103.24571903154362
2026-04-25 00:00:00+00:00,98.7075,97.9075878022807
2026-04-25 01:00:00+00:00,98.19,94.75857931431318
2026-04-25 02:00:00+00:00,102.4375,95.06622091093968
2026-04-25 03:00:00+00:00,105.7525,107.02637555464176
2026-04-25 04:00:00+00:00,100.205,104.89241979006687
2026-04-25 05:00:00+00:00,71.265,70.63807911886799
2026-04-25 06:00:00+00:00,0.0025,41.26343002743923
2026-04-25 07:00:00+00:00,-1.0275,-9.798765115886539
2026-04-25 08:00:00+00:00,-7.725,-4.472056410876803
2026-04-25 09:00:00+00:00,-35.0075,-0.7798576546917957
2026-04-25 10:00:00+00:00,-48.9225,3.5672732365947297
2026-04-25 11:00:00+00:00,-50.0,4.580129746630206
2026-04-25 12:00:00+00:00,-50.0,6.199872060628806
2026-04-25 13:00:00+00:00,-50.0,22.86172779219595
2026-04-25 14:00:00+00:00,-18.815,30.721681814168093
2026-04-25 15:00:00+00:00,26.5625,41.95027748418286
2026-04-25 16:00:00+00:00,105.75,79.2056888882286
2026-04-25 17:00:00+00:00,149.6125,156.04773152995764
2026-04-25 18:00:00+00:00,163.975,165.17330626233235
2026-04-25 19:00:00+00:00,136.58249999999998,148.30648800638062
2026-04-25 20:00:00+00:00,119.6675,121.37306217907457
2026-04-25 21:00:00+00:00,110.26,113.40929062156444
2026-04-25 22:00:00+00:00,104.5,105.93801334479488
2026-04-25 23:00:00+00:00,100.355,102.69598711742002
2026-04-26 00:00:00+00:00,89.2625,98.7889535678196
2026-04-26 01:00:00+00:00,81.035,92.89794638411996
2026-04-26 02:00:00+00:00,83.2325,85.09292570814321
2026-04-26 03:00:00+00:00,94.7125,87.80927516068408
2026-04-26 04:00:00+00:00,82.6275,98.40311356161178
2026-04-26 05:00:00+00:00,25.675,63.305572846060315
2026-04-26 06:00:00+00:00,-0.585,16.078259377576558
2026-04-26 07:00:00+00:00,-6.4925,0.9849769753748774
2026-04-26 08:00:00+00:00,-28.1625,1.726007318200061
2026-04-26 09:00:00+00:00,-50.0,2.6827095339344282
2026-04-26 10:00:00+00:00,-50.0,5.841582938346349
2026-04-26 11:00:00+00:00,-25.495,7.047284827345621
2026-04-26 12:00:00+00:00,-12.5725,11.62097825308929
2026-04-26 13:00:00+00:00,-0.0775,24.955418736595036
2026-04-26 14:00:00+00:00,-0.7799999999999999,26.97019596222441
2026-04-26 15:00:00+00:00,9.5125,28.2123434381282
2026-04-26 16:00:00+00:00,94.2375,69.68325279597286
2026-04-26 17:00:00+00:00,109.7625,133.77736846015424
2026-04-26 18:00:00+00:00,106.5875,140.99773830062097
2026-04-26 19:00:00+00:00,116.5225,113.45456134649426
2026-04-26 20:00:00+00:00,122.9875,110.52582921721033
2026-04-26 21:00:00+00:00,125.545,111.59201576525102
2026-04-26 22:00:00+00:00,123.1725,111.15879816701019
2026-04-26 23:00:00+00:00,118.3575,112.72331508832309
2026-04-27 00:00:00+00:00,118.12,114.31521557500366
2026-04-27 01:00:00+00:00,118.6025,113.71906747241087
2026-04-27 02:00:00+00:00,123.01,114.36106705294046
2026-04-27 03:00:00+00:00,128.16,131.0713388546149
2026-04-27 04:00:00+00:00,147.785,147.019838903325
2026-04-27 05:00:00+00:00,95.37,131.4069910495557
2026-04-27 06:00:00+00:00,0.0075,74.32895251402766
2026-04-27 07:00:00+00:00,-0.78,2.1431631053505953
2026-04-27 08:00:00+00:00,-1.505,1.1438737725029284
2026-04-27 09:00:00+00:00,-0.1,1.1479711379201376
2026-04-27 10:00:00+00:00,-0.1325,5.377967509342511
2026-04-27 11:00:00+00:00,-0.83,8.869772116563325
2026-04-27 12:00:00+00:00,-0.1625,12.177690707244352
2026-04-27 13:00:00+00:00,-0.0025,26.10989524130602
2026-04-27 14:00:00+00:00,16.645,29.64552321374093
2026-04-27 15:00:00+00:00,114.5275,51.4134272455602
2026-04-27 16:00:00+00:00,127.1075,135.02525194432982
2026-04-27 17:00:00+00:00,114.965,152.2184470331034
2026-04-27 18:00:00+00:00,173.97,126.50927859444296
2026-04-27 19:00:00+00:00,153.755,136.53732588147457
2026-04-27 20:00:00+00:00,129.3525,125.45163595397666
2026-04-27 21:00:00+00:00,122.145,115.58550917936135
2026-04-27 22:00:00+00:00,118.1325,112.58869727501856
2026-04-27 23:00:00+00:00,114.205,107.66888288246207
2026-04-28 00:00:00+00:00,111.01,112.08206502785
2026-04-28 01:00:00+00:00,111.2175,110.29949492121754
2026-04-28 02:00:00+00:00,113.8275,114.0110188513516
2026-04-28 03:00:00+00:00,120.6425,126.44545830556578
2026-04-28 04:00:00+00:00,131.81,139.35103232698515
2026-04-28 05:00:00+00:00,86.14,124.26004187984685
2026-04-28 06:00:00+00:00,2.755,58.44784307571334
2026-04-28 07:00:00+00:00,-0.775,0.3434032023533291
2026-04-28 08:00:00+00:00,-2.1275,-4.096076800697347
2026-04-28 09:00:00+00:00,-0.7675,-5.658038573279214
2026-04-28 10:00:00+00:00,-0.99,-1.7422284107663586
2026-04-28 11:00:00+00:00,-0.5475,-0.5316918841618303
2026-04-28 12:00:00+00:00,-0.0775,3.138024284209365
2026-04-28 13:00:00+00:00,-0.0025,14.769525618969894
2026-04-28 14:00:00+00:00,13.565,24.129304940941125
2026-04-28 15:00:00+00:00,104.0325,67.76122315896606
2026-04-28 16:00:00+00:00,149.14,132.6347990641579
2026-04-28 17:00:00+00:00,148.5075,174.17586197896128
2026-04-28 18:00:00+00:00,117.905,163.9723238495908
2026-04-28 19:00:00+00:00,117.1325,119.46465588569576
2026-04-28 20:00:00+00:00,133.68,108.90426758425038
2026-04-28 21:00:00+00:00,127.37,115.67116695535785
2026-04-28 22:00:00+00:00,140.8625,113.9648150955114
2026-04-28 23:00:00+00:00,134.11,118.27525182696303
2026-04-29 00:00:00+00:00,133.13,125.82473807756828
2026-04-29 01:00:00+00:00,127.6275,124.61380054306707
2026-04-29 02:00:00+00:00,127.3025,124.66715448725998
2026-04-29 03:00:00+00:00,128.32999999999998,133.23760118680636
2026-04-29 04:00:00+00:00,159.4825,146.7003438193825
2026-04-29 05:00:00+00:00,127.6025,139.50751944956286
2026-04-29 06:00:00+00:00,70.2425,101.5681945367815
2026-04-29 07:00:00+00:00,0.0025,48.02687672264014
2026-04-29 08:00:00+00:00,-0.01,-4.748779793814975
2026-04-29 09:00:00+00:00,-0.0025,-2.006041422181795
2026-04-29 10:00:00+00:00,0.0,2.3911498507559372
2026-04-29 11:00:00+00:00,0.0,3.2056361494491057
2026-04-29 12:00:00+00:00,0.0,6.019396315048027
2026-04-29 13:00:00+00:00,0.0025,19.047168039060864
2026-04-29 14:00:00+00:00,68.9075,26.139247333200927
2026-04-29 15:00:00+00:00,149.5075,106.54924756970607
2026-04-29 16:00:00+00:00,146.7425,169.77926050218477
2026-04-29 17:00:00+00:00,194.1175,183.38298227527594
2026-04-29 18:00:00+00:00,169.8725,188.15955442809604
2026-04-29 19:00:00+00:00,172.97,129.56598457859297
2026-04-29 20:00:00+00:00,137.065,129.96561508634346
2026-04-29 21:00:00+00:00,140.3525,118.13903457629483
2026-04-29 22:00:00+00:00,119.1875,125.32738093426553
2026-04-29 23:00:00+00:00,112.935,111.92953138221822
2026-04-30 00:00:00+00:00,108.8775,113.02730091965479
2026-04-30 01:00:00+00:00,109.255,112.28239496189988
2026-04-30 02:00:00+00:00,114.39,113.34699921741553
2026-04-30 03:00:00+00:00,125.65,127.61931716238894
2026-04-30 04:00:00+00:00,133.3475,142.45389072610047
2026-04-30 05:00:00+00:00,121.525,128.7289278879593
2026-04-30 06:00:00+00:00,104.59,99.5126441135146
2026-04-30 07:00:00+00:00,43.695,68.93984814917613
2026-04-30 08:00:00+00:00,0.0175,26.697666618644078
2026-04-30 09:00:00+00:00,4.065,-3.0600817482214495
2026-04-30 10:00:00+00:00,1.0,5.640920404483921
2026-04-30 11:00:00+00:00,0.4875,8.05539200137055
2026-04-30 12:00:00+00:00,1.285,7.976883672785689
2026-04-30 13:00:00+00:00,0.68,27.66295533001886
2026-04-30 14:00:00+00:00,17.955,37.55316342377226
2026-04-30 15:00:00+00:00,114.3675,78.55058490981742
2026-04-30 16:00:00+00:00,125.235,137.9320748606156
2026-04-30 17:00:00+00:00,171.715,162.01108265664575
2026-04-30 18:00:00+00:00,157.64249999999998,162.8640722711041
2026-04-30 19:00:00+00:00,136.0025,140.85092115105482
2026-04-30 20:00:00+00:00,131.4125,113.79306145165634
2026-04-30 21:00:00+00:00,119.055,113.46073142715403
2026-04-30 22:00:00+00:00,113.8375,104.8217849602261
2026-04-30 23:00:00+00:00,109.84,103.47945926840967
2026-05-01 00:00:00+00:00,109.4475,103.78586467786832
2026-05-01 01:00:00+00:00,107.44,100.90015881426032
2026-05-01 02:00:00+00:00,102.6125,96.78327364854447
2026-05-01 03:00:00+00:00,99.2925,103.9967381396384
2026-05-01 04:00:00+00:00,71.795,113.69798169246539
2026-05-01 05:00:00+00:00,27.6525,67.47170934165278
2026-05-01 06:00:00+00:00,0.005,19.38736981392512
2026-05-01 07:00:00+00:00,0.0,-6.83909940218939
2026-05-01 08:00:00+00:00,0.0,-6.719631116567939
2026-05-01 09:00:00+00:00,0.0,-3.9406704147658047
2026-05-01 10:00:00+00:00,0.0,-1.4190107219871777
2026-05-01 11:00:00+00:00,0.0,0.5116983231651773
2026-05-01 12:00:00+00:00,0.0,4.521956629719426
2026-05-01 13:00:00+00:00,0.0,21.446872984109547
2026-05-01 14:00:00+00:00,0.0,28.50509068863542
2026-05-01 15:00:00+00:00,42.5025,54.97123141052633
2026-05-01 16:00:00+00:00,78.5525,80.31924668899768
2026-05-01 17:00:00+00:00,84.0325,115.68594321252758
2026-05-01 18:00:00+00:00,71.57,101.62627441041117
2026-05-01 19:00:00+00:00,79.51249999999999,80.37652940733769
2026-05-01 20:00:00+00:00,105.8475,82.87234603584835
2026-05-01 21:00:00+00:00,103.94,98.07135631229752
2026-05-01 22:00:00+00:00,103.3625,98.47007775926726
2026-05-01 23:00:00+00:00,105.55,96.24729196230052
2026-05-02 00:00:00+00:00,100.8575,97.47985686636966
2026-05-02 01:00:00+00:00,85.0,94.51506494085399
2026-05-02 02:00:00+00:00,91.4275,79.48947646745506
2026-05-02 03:00:00+00:00,99.205,88.06775205043269
2026-05-02 04:00:00+00:00,88.3,84.79867493833464
2026-05-02 05:00:00+00:00,18.02,58.44758915484826
2026-05-02 06:00:00+00:00,0.0,6.514574449933988
2026-05-02 07:00:00+00:00,-1.5275,-4.7316629732954425
2026-05-02 08:00:00+00:00,-3.9,-5.353864520469642
2026-05-02 09:00:00+00:00,-2.9725,-3.3443494005753394
2026-05-02 10:00:00+00:00,-3.9025,-0.7539972404161972
2026-05-02 11:00:00+00:00,-3.915,1.5912313099005075
2026-05-02 12:00:00+00:00,-4.4675,3.2016422982495953
2026-05-02 13:00:00+00:00,-0.52,14.891966300703174
2026-05-02 14:00:00+00:00,0.0075,20.764777363611685
2026-05-02 15:00:00+00:00,44.91,27.82149450710456
2026-05-02 16:00:00+00:00,124.7425,70.02523528482635
2026-05-02 17:00:00+00:00,128.5375,135.6980423631579
2026-05-02 18:00:00+00:00,132.33249999999998,128.18911775002735
2026-05-02 19:00:00+00:00,123.9375,115.87510279757984
2026-05-02 20:00:00+00:00,129.5625,111.8822098804082
2026-05-02 21:00:00+00:00,118.96,111.89288281372518
2026-05-02 22:00:00+00:00,114.5,107.60273440932843
2026-05-02 23:00:00+00:00,110.9375,105.32811342810864
2026-05-03 00:00:00+00:00,107.51,100.05059295626693
2026-05-03 01:00:00+00:00,109.6125,97.32660295851306
2026-05-03 02:00:00+00:00,108.635,100.5139500552814
2026-05-03 03:00:00+00:00,104.5075,100.8728258471916
2026-05-03 04:00:00+00:00,93.8,97.93781078610817
2026-05-03 05:00:00+00:00,54.8775,71.89217965270129
2026-05-03 06:00:00+00:00,0.0075,34.55618412382432
2026-05-03 07:00:00+00:00,0.0,-5.408729630140385
2026-05-03 08:00:00+00:00,-0.0575,0.9430218018083849
2026-05-03 09:00:00+00:00,-0.9575,6.035320211430417
2026-05-03 10:00:00+00:00,-5.2625,1.4575014295700441
2026-05-03 11:00:00+00:00,-9.9925,2.522854767162329
2026-05-03 12:00:00+00:00,-8.094999999999999,3.286255269248784
2026-05-03 13:00:00+00:00,-2.975,17.226420023299383
2026-05-03 14:00:00+00:00,0.0,23.784688968490016
2026-05-03 15:00:00+00:00,49.88,24.827160800688688
2026-05-03 16:00:00+00:00,122.48,93.3289314316075
2026-05-03 17:00:00+00:00,140.155,141.9323291570667
2026-05-03 18:00:00+00:00,137.2775,138.07061130023996
2026-05-03 19:00:00+00:00,135.60750000000002,121.55996362775596
2026-05-03 20:00:00+00:00,136.27249999999998,120.20315955544118
2026-05-03 21:00:00+00:00,138.185,118.01679316818728
2026-05-03 22:00:00+00:00,122.3275,119.67543620080978
2026-05-03 23:00:00+00:00,107.9825,115.62099365642328
2026-05-04 00:00:00+00:00,110.98,107.79621142896676
2026-05-04 01:00:00+00:00,106.7175,109.7266026364744
2026-05-04 02:00:00+00:00,110.9675,109.75475672786743
2026-05-04 03:00:00+00:00,124.84,124.83953807737211
2026-05-04 04:00:00+00:00,143.68,140.23781964395295
2026-05-04 05:00:00+00:00,119.245,125.02046631418071
2026-05-04 06:00:00+00:00,40.4325,88.19968819275485
2026-05-04 07:00:00+00:00,0.0025,25.516442563476943
2026-05-04 08:00:00+00:00,0.0,0.984526024052343
2026-05-04 09:00:00+00:00,-0.0075,3.559274210895552
2026-05-04 10:00:00+00:00,-0.01,7.363648521035614
2026-05-04 11:00:00+00:00,-0.055,10.336617351968485
2026-05-04 12:00:00+00:00,-0.005,12.303113253548162
2026-05-04 13:00:00+00:00,0.0025,26.258630288866698
2026-05-04 14:00:00+00:00,52.4525,30.912649707890267
2026-05-04 15:00:00+00:00,134.0475,79.11899620193876
2026-05-04 16:00:00+00:00,171.995,154.49644271724424
2026-05-04 17:00:00+00:00,220.765,192.5091303069172
2026-05-04 18:00:00+00:00,255.5875,211.82441070382163
2026-05-04 19:00:00+00:00,219.355,187.33769763382176
2026-05-04 20:00:00+00:00,163.22,165.08625368322626
2026-05-04 21:00:00+00:00,170.14,127.90240486626224
2026-05-04 22:00:00+00:00,162.425,126.79781538685555
2026-05-04 23:00:00+00:00,144.5,119.25200344105744
2026-05-05 00:00:00+00:00,125.07,127.91015049942206
2026-05-05 01:00:00+00:00,125.2125,116.51418990468864
2026-05-05 02:00:00+00:00,126.9875,121.84891883357685
2026-05-05 03:00:00+00:00,139.4075,135.7586273237172
2026-05-05 04:00:00+00:00,150.52,141.7351930540737
2026-05-05 05:00:00+00:00,121.6,131.33730301653145
2026-05-05 06:00:00+00:00,23.74,89.84750455361393
2026-05-05 07:00:00+00:00,-0.005,12.578301720655688
2026-05-05 08:00:00+00:00,0.0,-7.9972213942274095
2026-05-05 09:00:00+00:00,0.0,-7.377460490081205
2026-05-05 10:00:00+00:00,0.0,-2.642828037909112
2026-05-05 11:00:00+00:00,0.0,0.33699895901830246
2026-05-05 12:00:00+00:00,0.0,3.342589109207836
2026-05-05 13:00:00+00:00,0.0,17.977565916281335
2026-05-05 14:00:00+00:00,54.8125,27.043538661533944
2026-05-05 15:00:00+00:00,134.9925,95.41645501902764
2026-05-05 16:00:00+00:00,159.2125,182.92816214657023
2026-05-05 17:00:00+00:00,211.9675,221.21490807364953
2026-05-05 18:00:00+00:00,238.9475,227.00124601624032
2026-05-05 19:00:00+00:00,157.1175,190.41084337865252
2026-05-05 20:00:00+00:00,141.6175,139.44164450842476
2026-05-05 21:00:00+00:00,151.47,124.45095587140065
2026-05-05 22:00:00+00:00,164.94,132.14001688656433
2026-05-05 23:00:00+00:00,149.355,135.2973492759659
2026-05-06 00:00:00+00:00,149.3475,138.91412676853147
2026-05-06 01:00:00+00:00,157.9025,140.303301808175
2026-05-06 02:00:00+00:00,170.615,143.85588237707725
2026-05-06 03:00:00+00:00,175.7425,162.11376682132757
2026-05-06 04:00:00+00:00,167.415,180.63907909832278
2026-05-06 05:00:00+00:00,144.2425,141.50239075167184
2026-05-06 06:00:00+00:00,50.51,102.42801127137135
2026-05-06 07:00:00+00:00,1.2525,30.183075228397854
2026-05-06 08:00:00+00:00,0.0,-6.693250138985491
2026-05-06 09:00:00+00:00,0.0,-9.517295497552539
2026-05-06 10:00:00+00:00,0.0,-4.0771773118694625
2026-05-06 11:00:00+00:00,0.0,-0.7677910702844883
2026-05-06 12:00:00+00:00,0.0,2.4143167198658944
2026-05-06 13:00:00+00:00,0.0025,16.385512599709458
2026-05-06 14:00:00+00:00,61.34,34.124198775614516
2026-05-06 15:00:00+00:00,129.2575,105.5688785267087
2026-05-06 16:00:00+00:00,141.77,169.79142804684557
2026-05-06 17:00:00+00:00,179.58249999999998,193.05634473809235
2026-05-06 18:00:00+00:00,151.035,202.09647695386187
2026-05-06 19:00:00+00:00,159.505,138.27371518904513
2026-05-06 20:00:00+00:00,161.70749999999998,131.7888548808227
2026-05-06 21:00:00+00:00,156.76,133.237896313203
2026-05-06 22:00:00+00:00,127.0225,137.01713022829372
2026-05-06 23:00:00+00:00,121.555,120.7834967046003
2026-05-07 00:00:00+00:00,115.4025,124.1921394214721
2026-05-07 01:00:00+00:00,117.2725,118.301641122666
2026-05-07 02:00:00+00:00,137.5575,119.47001565979704
2026-05-07 03:00:00+00:00,156.9375,147.9057705477045
2026-05-07 04:00:00+00:00,145.5675,158.86799766088484
2026-05-07 05:00:00+00:00,146.0075,136.25253535866204
2026-05-07 06:00:00+00:00,119.2175,117.06796548482812
2026-05-07 07:00:00+00:00,26.0,91.23569421211874
2026-05-07 08:00:00+00:00,77.27000000000001,21.10834567582897
2026-05-07 09:00:00+00:00,114.195,58.0162486298733
2026-05-07 10:00:00+00:00,108.8425,89.30881062482524
2026-05-07 11:00:00+00:00,108.235,87.89077617427425
2026-05-07 12:00:00+00:00,105.975,88.90504258305222
2026-05-07 13:00:00+00:00,107.12,102.61696086804147
2026-05-07 14:00:00+00:00,115.56,105.34141548352186
2026-05-07 15:00:00+00:00,139.925,126.59270919742113
2026-05-07 16:00:00+00:00,153.085,145.00695954321895
2026-05-07 17:00:00+00:00,160.5125,176.29995065488038
2026-05-07 18:00:00+00:00,130.075,160.7138550135968
2026-05-07 19:00:00+00:00,122.9725,127.72811040194458
2026-05-07 20:00:00+00:00,119.335,119.21589728810169
2026-05-07 21:00:00+00:00,113.685,114.08411728624769
2026-05-07 22:00:00+00:00,138.84,109.23876622002794
2026-05-07 23:00:00+00:00,122.155,119.5596741467158
2026-05-08 00:00:00+00:00,120.1525,118.22723173798263
2026-05-08 01:00:00+00:00,121.2175,114.09819113510486
2026-05-08 02:00:00+00:00,123.935,117.8659910007988
2026-05-08 03:00:00+00:00,148.2,129.42700121747646
2026-05-08 04:00:00+00:00,147.1875,146.2725314360148
2026-05-08 05:00:00+00:00,137.8775,141.02425508725048
2026-05-08 06:00:00+00:00,144.04,123.73813893533134
2026-05-08 07:00:00+00:00,120.0075,117.94230998248784
2026-05-08 08:00:00+00:00,108.7225,102.52749216227863
2026-05-08 09:00:00+00:00,94.8675,98.20669624193309
2026-05-08 10:00:00+00:00,103.5075,87.89563708673481
2026-05-08 11:00:00+00:00,62.9125,94.48827848762612
2026-05-08 12:00:00+00:00,68.6125,66.79542262682538
2026-05-08 13:00:00+00:00,87.7825,78.26354606440503
2026-05-08 14:00:00+00:00,101.4125,96.30016995636149
2026-05-08 15:00:00+00:00,117.4525,111.88631809804197
2026-05-08 16:00:00+00:00,146.3825,125.87538164914407
2026-05-08 17:00:00+00:00,126.515,151.29718727505647
2026-05-08 18:00:00+00:00,120.12,123.15574011618533
2026-05-08 19:00:00+00:00,156.345,111.85830510440086
2026-05-08 20:00:00+00:00,157.9875,125.2733177522603
2026-05-08 21:00:00+00:00,154.12,127.63622980414787
2026-05-08 22:00:00+00:00,171.27249999999998,129.42047442777817
2026-05-08 23:00:00+00:00,166.29,133.33094905826002
2026-05-09 00:00:00+00:00,168.54,144.02797066926115
2026-05-09 01:00:00+00:00,147.2,143.38828100353498
2026-05-09 02:00:00+00:00,173.54,136.9044812399007
2026-05-09 03:00:00+00:00,172.79,159.84217661118913
2026-05-09 04:00:00+00:00,146.5125,148.39992915868717
2026-05-09 05:00:00+00:00,123.395,130.17561768265006
2026-05-09 06:00:00+00:00,106.015,112.57664790649324
2026-05-09 07:00:00+00:00,33.29,86.47010135245192
2026-05-09 08:00:00+00:00,0.0,25.789595926461217
2026-05-09 09:00:00+00:00,0.0025,1.2385843955231337
2026-05-09 10:00:00+00:00,0.0,5.181935494908942
2026-05-09 11:00:00+00:00,0.0,4.129527205670911
2026-05-09 12:00:00+00:00,0.0,7.973703217397841
2026-05-09 13:00:00+00:00,0.0,29.093402147191497
2026-05-09 14:00:00+00:00,29.97,39.59050555473874
2026-05-09 15:00:00+00:00,101.775,69.68627431294095
2026-05-09 16:00:00+00:00,146.3625,132.3075607288333
2026-05-09 17:00:00+00:00,187.54,169.48373928150818
2026-05-09 18:00:00+00:00,216.945,182.30359214132665
2026-05-09 19:00:00+00:00,185.7625,184.63257372177628
2026-05-09 20:00:00+00:00,164.8,167.32190402251604
2026-05-09 21:00:00+00:00,174.305,144.7552327571153
2026-05-09 22:00:00+00:00,162.025,149.13944020240658
2026-05-09 23:00:00+00:00,148.3775,139.75182133291784
2026-05-10 00:00:00+00:00,133.81,143.29056577199395
2026-05-10 01:00:00+00:00,131.7625,129.27498118070605
2026-05-10 02:00:00+00:00,134.4425,134.8053919388818
2026-05-10 03:00:00+00:00,140.0425,139.07395123719024
2026-05-10 04:00:00+00:00,122.64,124.2746953191759
2026-05-10 05:00:00+00:00,107.0625,105.62135570890567
2026-05-10 06:00:00+00:00,52.2225,78.10534678349472
2026-05-10 07:00:00+00:00,-0.0025,31.832377278611716
2026-05-10 08:00:00+00:00,-0.0175,-5.54833842054353
2026-05-10 09:00:00+00:00,0.0,-3.677795924379865
2026-05-10 10:00:00+00:00,-0.005,3.482689116957147
2026-05-10 11:00:00+00:00,-0.01,7.328056168216875
2026-05-10 12:00:00+00:00,-0.0025,8.79859865775704
2026-05-10 13:00:00+00:00,0.0,21.35271073205351
2026-05-10 14:00:00+00:00,28.9675,24.836454138929284
2026-05-10 15:00:00+00:00,110.5075,66.03932305543891
2026-05-10 16:00:00+00:00,140.04500000000002,139.87583632033028
2026-05-10 17:00:00+00:00,175.91,181.29454263866995
2026-05-10 18:00:00+00:00,151.0425,194.53447717566186
2026-05-10 19:00:00+00:00,129.47,154.37447796141234
2026-05-10 20:00:00+00:00,179.64499999999998,132.5319976566899
2026-05-10 21:00:00+00:00,158.725,161.05812502034948
2026-05-10 22:00:00+00:00,136.615,140.02178317086467
2026-05-10 23:00:00+00:00,119.485,127.49137717532503
2026-05-11 00:00:00+00:00,117.5975,119.0580169926603
2026-05-11 01:00:00+00:00,119.5875,116.90725930751371
2026-05-11 02:00:00+00:00,143.5675,124.33691424861743
2026-05-11 03:00:00+00:00,166.1125,155.93795697304313
2026-05-11 04:00:00+00:00,173.5775,177.24263735683718
2026-05-11 05:00:00+00:00,121.75,155.2762682539913
2026-05-11 06:00:00+00:00,106.62,105.06570497910042
2026-05-11 07:00:00+00:00,0.0075,79.83452007269068
2026-05-11 08:00:00+00:00,0.0,2.558432347260606
2026-05-11 09:00:00+00:00,0.0,3.1227431817519857
2026-05-11 10:00:00+00:00,0.0,7.287181367842507
2026-05-11 11:00:00+00:00,0.0,9.851937419272957
2026-05-11 12:00:00+00:00,0.0,14.344837551480964
2026-05-11 13:00:00+00:00,0.0,31.37410850565297
2026-05-11 14:00:00+00:00,76.94,33.11360166870017
2026-05-11 15:00:00+00:00,144.045,113.09130801428046
2026-05-11 16:00:00+00:00,162.3175,174.7375448091786
2026-05-11 17:00:00+00:00,166.0575,209.5963003140301
2026-05-11 18:00:00+00:00,149.345,187.67735899818322
2026-05-11 19:00:00+00:00,136.84,147.81119794491926
2026-05-11 20:00:00+00:00,124.1375,131.56947420789191
2026-05-11 21:00:00+00:00,166.38,120.68657139558405
2026-05-11 22:00:00+00:00,118.9875,136.86300905546398
2026-05-11 23:00:00+00:00,109.545,113.64678836548953
2026-05-12 00:00:00+00:00,109.6875,108.75967139140019
2026-05-12 01:00:00+00:00,114.3925,110.19805849078725
2026-05-12 02:00:00+00:00,127.7975,118.13459338639987
2026-05-12 03:00:00+00:00,157.4925,146.74951417542061
2026-05-12 04:00:00+00:00,154.0025,161.6778386843255
2026-05-12 05:00:00+00:00,105.6475,132.19172716731705
2026-05-12 06:00:00+00:00,52.3525,79.4456690981402
2026-05-12 07:00:00+00:00,-0.0025,33.19235086340052
2026-05-12 08:00:00+00:00,-0.0175,-5.071611283312137
2026-05-12 09:00:00+00:00,-0.015,-3.0244975914030476
2026-05-12 10:00:00+00:00,-0.08,1.0903255659818853
2026-05-12 11:00:00+00:00,-0.1,4.828048149206566
2026-05-12 12:00:00+00:00,-0.1,8.852180715822826
2026-05-12 13:00:00+00:00,-0.08,23.57658522133579
2026-05-12 14:00:00+00:00,0.0,37.25811624752241
2026-05-12 15:00:00+00:00,71.6925,51.49523663498891
2026-05-12 16:00:00+00:00,122.77,119.14596542277044
2026-05-12 17:00:00+00:00,151.20749999999998,157.5568347460554
2026-05-12 18:00:00+00:00,125.565,162.74075480116306
2026-05-12 19:00:00+00:00,129.7575,118.44813288462849
2026-05-12 20:00:00+00:00,122.83,114.9935987599175
2026-05-12 21:00:00+00:00,122.3525,119.24263472583687
2026-05-12 22:00:00+00:00,113.7,115.74989980874732
2026-05-12 23:00:00+00:00,115.8075,108.38300039573403
2026-05-13 00:00:00+00:00,113.265,114.0328040672261
2026-05-13 01:00:00+00:00,133.25,114.60405385494317
2026-05-13 02:00:00+00:00,138.4325,137.57501634077792
2026-05-13 03:00:00+00:00,148.0225,155.5391561909371
2026-05-13 04:00:00+00:00,154.54250000000002,158.89884397558188
2026-05-13 05:00:00+00:00,139.6325,138.54860403803872
2026-05-13 06:00:00+00:00,100.0025,101.82541723651488
2026-05-13 07:00:00+00:00,9.3675,64.58214639160026
2026-05-13 08:00:00+00:00,0.0075,-3.8884730096967814
2026-05-13 09:00:00+00:00,0.01,-7.841211643304689
2026-05-13 10:00:00+00:00,0.005,-3.4314241286619165
2026-05-13 11:00:00+00:00,0.0,-0.46759383895235374
2026-05-13 12:00:00+00:00,0.01,2.829776980787102
2026-05-13 13:00:00+00:00,13.005,18.230363762933962
2026-05-13 14:00:00+00:00,99.02,46.61414746891401
2026-05-13 15:00:00+00:00,120.94,115.60160154580616
2026-05-13 16:00:00+00:00,157.1275,142.3169140423029
2026-05-13 17:00:00+00:00,146.10750000000002,175.17675116442567
2026-05-13 18:00:00+00:00,134.4775,147.22083091294593
2026-05-13 19:00:00+00:00,149.64499999999998,125.41933444436216
2026-05-13 20:00:00+00:00,132.6725,128.63214219343723
2026-05-13 21:00:00+00:00,160.965,120.63724028956298
2026-05-13 22:00:00+00:00,126.285,126.05280329828062
2026-05-13 23:00:00+00:00,123.55,114.376171205433
2026-05-14 00:00:00+00:00,123.175,120.01772472928386
2026-05-14 01:00:00+00:00,131.345,122.60325474921598
2026-05-14 02:00:00+00:00,136.395,129.17218309674328
2026-05-14 03:00:00+00:00,136.9575,147.66140037672764
2026-05-14 04:00:00+00:00,141.9975,151.99533431389833
2026-05-14 05:00:00+00:00,121.2575,137.13863501506506
2026-05-14 06:00:00+00:00,107.96,102.60866935816446
2026-05-14 07:00:00+00:00,26.2475,68.9438159338861
2026-05-14 08:00:00+00:00,0.01,10.051848984288625
2026-05-14 09:00:00+00:00,0.0375,-5.0210593190006705
2026-05-14 10:00:00+00:00,0.0125,-0.3603438144841107
2026-05-14 11:00:00+00:00,0.01,2.7756967999937956
2026-05-14 12:00:00+00:00,0.005,6.269604639126783
2026-05-14 13:00:00+00:00,0.0125,22.641196727545008
2026-05-14 14:00:00+00:00,76.3125,51.980810459863434
2026-05-14 15:00:00+00:00,111.2525,113.56467875489633
2026-05-14 16:00:00+00:00,158.3675,146.88559535247595
2026-05-14 17:00:00+00:00,155.63,185.47084039901387
2026-05-14 18:00:00+00:00,172.4325,160.93507028588627
2026-05-14 19:00:00+00:00,142.99,141.6963927584221
2026-05-14 20:00:00+00:00,136.96,122.65675083187378
2026-05-14 21:00:00+00:00,135.99,123.48966188575251
2026-05-14 22:00:00+00:00,133.6,124.44824485492067
2026-05-14 23:00:00+00:00,126.2275,121.33037969683724
2026-05-15 00:00:00+00:00,123.4375,123.59882514029692
2026-05-15 01:00:00+00:00,124.4975,122.69934897465714
2026-05-15 02:00:00+00:00,131.9225,125.27761927524841
2026-05-15 03:00:00+00:00,134.76,141.67891927347424
2026-05-15 04:00:00+00:00,142.19,142.34707118036943
2026-05-15 05:00:00+00:00,127.695,131.60050615288193
2026-05-15 06:00:00+00:00,106.97,107.3450666639718
2026-05-15 07:00:00+00:00,0.0075,68.74063938826728
2026-05-15 08:00:00+00:00,0.0,-7.430765758667718
2026-05-15 09:00:00+00:00,0.0,-5.171018762092331
2026-05-15 10:00:00+00:00,0.0,-2.0578345342487125
2026-05-15 11:00:00+00:00,0.0,0.4926538909092244
2026-05-15 12:00:00+00:00,0.0,3.9580940256059023
2026-05-15 13:00:00+00:00,0.0,25.301701058727758
2026-05-15 14:00:00+00:00,26.012500000000003,43.3446244636753
2026-05-15 15:00:00+00:00,127.5225,72.81084296330621
2026-05-15 16:00:00+00:00,141.2375,154.65119520002747
2026-05-15 17:00:00+00:00,157.3425,165.3540851596383
2026-05-15 18:00:00+00:00,165.6,165.47130207276
2026-05-15 19:00:00+00:00,147.07999999999998,139.68768351784314
2026-05-15 20:00:00+00:00,144.0,132.8176779019859
2026-05-15 21:00:00+00:00,139.54,128.81176124144105
2026-05-15 22:00:00+00:00,127.3375,126.96626284544953
2026-05-15 23:00:00+00:00,125.9925,124.32273096855329
2026-05-16 00:00:00+00:00,125.7875,126.38393650026627
2026-05-16 01:00:00+00:00,121.575,123.97099798970928
2026-05-16 02:00:00+00:00,126.0,123.38586624256946
2026-05-16 03:00:00+00:00,113.72,130.71777201413192
2026-05-16 04:00:00+00:00,109.39,118.0893921215239
2026-05-16 05:00:00+00:00,104.075,101.43924589278544
2026-05-16 06:00:00+00:00,72.16,77.48676778024533
2026-05-16 07:00:00+00:00,7.47,43.891977644035094
2026-05-16 08:00:00+00:00,7.075,-0.7659519150654148
2026-05-16 09:00:00+00:00,11.125,0.729140885806487
2026-05-16 10:00:00+00:00,7.015,11.020880881456776
2026-05-16 11:00:00+00:00,7.39,9.747735572639371
2026-05-16 12:00:00+00:00,6.1525,11.31340128040047
2026-05-16 13:00:00+00:00,6.9275,30.523003476407666
2026-05-16 14:00:00+00:00,20.9975,31.601803942969894
2026-05-16 15:00:00+00:00,65.3425,63.848774587167
2026-05-16 16:00:00+00:00,109.475,111.24859343978798
2026-05-16 17:00:00+00:00,108.6425,145.93770520490227
2026-05-16 18:00:00+00:00,122.1875,133.48729723728525
2026-05-16 19:00:00+00:00,121.06,123.43356603275379
2026-05-16 20:00:00+00:00,123.9975,119.7790021490453
2026-05-16 21:00:00+00:00,129.855,122.45306090477756
2026-05-16 22:00:00+00:00,124.3325,124.65732858568042
2026-05-16 23:00:00+00:00,120.24,120.89439915818896
2026-05-17 00:00:00+00:00,117.8875,115.57050905398503
2026-05-17 01:00:00+00:00,117.1175,114.73033742012376
2026-05-17 02:00:00+00:00,111.455,114.63891246312875
2026-05-17 03:00:00+00:00,107.74,116.37760881556424
2026-05-17 04:00:00+00:00,100.84,104.93500197627527
2026-05-17 05:00:00+00:00,25.53,81.34595879413621
2026-05-17 06:00:00+00:00,-0.0025,12.608054278436086
2026-05-17 07:00:00+00:00,-0.055,-9.672676072680588
2026-05-17 08:00:00+00:00,-0.88,-9.232116683488783
2026-05-17 09:00:00+00:00,-0.3,-9.37311726129397
2026-05-17 10:00:00+00:00,-0.3,-5.8510839101609236
2026-05-17 11:00:00+00:00,-0.5,-3.74045335082468
2026-05-17 12:00:00+00:00,-0.2,0.5872079882274761
2026-05-17 13:00:00+00:00,-0.035,13.745896868354691
2026-05-17 14:00:00+00:00,0.0075,22.204024252675694
2026-05-17 15:00:00+00:00,94.9325,36.21486506379114
2026-05-17 16:00:00+00:00,136.715,123.60283063602056
2026-05-17 17:00:00+00:00,137.4675,159.87849026054008
2026-05-17 18:00:00+00:00,144.225,146.9968518898924
2026-05-17 19:00:00+00:00,146.325,126.70039817651664
2026-05-17 20:00:00+00:00,155.0475,133.22867879492003
2026-05-17 21:00:00+00:00,167.33,135.86550606778871
2026-05-17 22:00:00+00:00,125.8225,140.9382219330001
2026-05-17 23:00:00+00:00,123.4625,121.3360961659749
2026-05-18 00:00:00+00:00,129.21,121.8278286943225
2026-05-18 01:00:00+00:00,126.035,125.74762500392106
2026-05-18 02:00:00+00:00,125.105,129.93058447422675
2026-05-18 03:00:00+00:00,134.98250000000002,145.10257418406022
2026-05-18 04:00:00+00:00,133.6325,146.87264749686872
2026-05-18 05:00:00+00:00,108.565,123.45456433199473
2026-05-18 06:00:00+00:00,50.24,81.4913763631609
2026-05-18 07:00:00+00:00,0.0,31.49217026558142
2026-05-18 08:00:00+00:00,0.0,-5.127120972110589
2026-05-18 09:00:00+00:00,0.0,-3.0707504233992324
2026-05-18 10:00:00+00:00,0.0,0.6143688845694442
2026-05-18 11:00:00+00:00,0.01,3.9777968154750454
2026-05-18 12:00:00+00:00,0.01,7.793509730550269
2026-05-18 13:00:00+00:00,1.0075,21.131367385363376
2026-05-18 14:00:00+00:00,57.3,40.92533491965186
2026-05-18 15:00:00+00:00,131.8325,100.02403626254514
2026-05-18 16:00:00+00:00,167.975,167.60704854729562
2026-05-18 17:00:00+00:00,211.295,204.83523147498852
2026-05-18 18:00:00+00:00,247.88,206.92923079540196
2026-05-18 19:00:00+00:00,201.84,185.8014929951512
2026-05-18 20:00:00+00:00,161.6875,159.14152308208543
2026-05-18 21:00:00+00:00,152.925,144.557735212179
2026-05-18 22:00:00+00:00,151.8425,127.20506431503316
2026-05-18 23:00:00+00:00,137.965,125.18160852729773
2026-05-19 00:00:00+00:00,136.95,132.49658013182537
2026-05-19 01:00:00+00:00,136.95,130.90324409904412
2026-05-19 02:00:00+00:00,149.745,132.5835148017759
2026-05-19 03:00:00+00:00,154.7925,159.8301467896084
2026-05-19 04:00:00+00:00,172.6725,155.77553730415585
2026-05-19 05:00:00+00:00,122.0725,140.2883473547189
2026-05-19 06:00:00+00:00,118.2575,98.80707398171097
2026-05-19 07:00:00+00:00,104.5,82.57499011618643
2026-05-19 08:00:00+00:00,85.115,69.30843366144487
2026-05-19 09:00:00+00:00,87.09,56.90746221767739
2026-05-19 10:00:00+00:00,78.2075,66.44321221422118
2026-05-19 11:00:00+00:00,78.58,65.8448976732036
2026-05-19 12:00:00+00:00,87.2975,70.48048504163981
2026-05-19 13:00:00+00:00,98.4975,90.07331612265189
2026-05-19 14:00:00+00:00,110.6325,102.12493738199643
2026-05-19 15:00:00+00:00,136.33249999999998,125.52052688008297
2026-05-19 16:00:00+00:00,182.5125,154.22378080010282
2026-05-19 17:00:00+00:00,175.98,201.705253162249
2026-05-19 18:00:00+00:00,189.5125,176.88525218826004
2026-05-19 19:00:00+00:00,140.7725,164.91877730139677
2026-05-19 20:00:00+00:00,128.27,125.92704110801714
2026-05-19 21:00:00+00:00,142.95,121.87362692919997
2026-05-19 22:00:00+00:00,111.46,123.40572180797771
2026-05-19 23:00:00+00:00,106.87,107.8279297242037
2026-05-20 00:00:00+00:00,60.475,106.6227241886282
2026-05-20 01:00:00+00:00,13.14,73.05699207698375
2026-05-20 02:00:00+00:00,76.25,41.547808330253474
2026-05-20 03:00:00+00:00,105.3775,100.61429857901312
2026-05-20 04:00:00+00:00,78.14,120.97657537102725
2026-05-20 05:00:00+00:00,0.005,75.80577834227373
2026-05-20 06:00:00+00:00,0.0,4.356201753663271
2026-05-20 07:00:00+00:00,-0.01,-4.060717667936757
2026-05-20 08:00:00+00:00,-0.08,-6.333818661660274
2026-05-20 09:00:00+00:00,-0.0075,-4.983838025874803
2026-05-20 10:00:00+00:00,0.0,-3.1696223940393224
2026-05-20 11:00:00+00:00,0.0,0.1789674524894167
2026-05-20 12:00:00+00:00,0.0,4.668561998941769
2026-05-20 13:00:00+00:00,0.0,21.08837247928605
2026-05-20 14:00:00+00:00,27.6375,39.83422621886048
2026-05-20 15:00:00+00:00,109.8975,64.49111351468855
2026-05-20 16:00:00+00:00,139.625,145.35074320826027
2026-05-20 17:00:00+00:00,159.585,172.2534033616417
2026-05-20 18:00:00+00:00,193.155,169.95767867975806
2026-05-20 19:00:00+00:00,153.0625,155.12611754133655
2026-05-20 20:00:00+00:00,135.0075,122.41900050689972
2026-05-20 21:00:00+00:00,144.70749999999998,123.1240573600573
2026-05-20 22:00:00+00:00,127.465,118.79522961042898
2026-05-20 23:00:00+00:00,119.78,110.5792529004274
2026-05-21 00:00:00+00:00,116.41,111.63755425712401
2026-05-21 01:00:00+00:00,115.2375,107.29493442991468
2026-05-21 02:00:00+00:00,115.4325,112.00143211512291
2026-05-21 03:00:00+00:00,120.0,124.14383023121474
2026-05-21 04:00:00+00:00,116.29,126.08163067502909
2026-05-21 05:00:00+00:00,88.19,105.37510254815196
2026-05-21 06:00:00+00:00,26.59,67.68910815147008
2026-05-21 07:00:00+00:00,-0.005,8.452035953724533
2026-05-21 08:00:00+00:00,0.0,-9.183072771512343
2026-05-21 09:00:00+00:00,0.0,-7.138558538128137
2026-05-21 10:00:00+00:00,0.0,-5.459978332596393
2026-05-21 11:00:00+00:00,0.0,-2.7701176104230285
2026-05-21 12:00:00+00:00,0.0075,1.5699534968907471
2026-05-21 13:00:00+00:00,1.13,21.226870708410786
2026-05-21 14:00:00+00:00,76.745,34.55615828276122
2026-05-21 15:00:00+00:00,106.255,102.37842334669612
2026-05-21 16:00:00+00:00,155.8425,140.43548272454893
2026-05-21 17:00:00+00:00,168.6925,189.30630912876535
2026-05-21 18:00:00+00:00,208.795,180.8031421901025
2026-05-21 19:00:00+00:00,189.78,169.41642671331715
2026-05-21 20:00:00+00:00,163.515,156.8366237280921
2026-05-21 21:00:00+00:00,167.6325,131.96428105332075
2026-05-21 22:00:00+00:00,158.03750000000002,134.90969968307317
2026-05-21 23:00:00+00:00,140.2375,129.36878528664406
2026-05-22 00:00:00+00:00,132.6175,127.86681104657896
2026-05-22 01:00:00+00:00,132.9275,123.85125451572972
2026-05-22 02:00:00+00:00,136.765,124.50843653137245
2026-05-22 03:00:00+00:00,139.45,137.87004498005751
2026-05-22 04:00:00+00:00,142.4225,142.62613375162903
2026-05-22 05:00:00+00:00,104.465,122.31785828883842
2026-05-22 06:00:00+00:00,80.0525,80.38484237882989
2026-05-22 07:00:00+00:00,0.005,51.01785491316896
2026-05-22 08:00:00+00:00,0.0025,-6.705812630819111
2026-05-22 09:00:00+00:00,0.1025,-6.734614139625592
2026-05-22 10:00:00+00:00,0.01,-3.7603431961419744
2026-05-22 11:00:00+00:00,0.6499999999999999,-2.1068039191091827
2026-05-22 12:00:00+00:00,1.1,2.7519008986137408
2026-05-22 13:00:00+00:00,22.2275,26.520371697576834
2026-05-22 14:00:00+00:00,77.2075,53.18367716301435
2026-05-22 15:00:00+00:00,114.1325,106.61934952407036
2026-05-22 16:00:00+00:00,136.79500000000002,147.30186547899953
2026-05-22 17:00:00+00:00,136.245,169.28111094588712
2026-05-22 18:00:00+00:00,120.89,154.27474769715155
2026-05-22 19:00:00+00:00,126.8975,126.79414563356711
2026-05-22 20:00:00+00:00,147.5,125.85554446439536
2026-05-22 21:00:00+00:00,166.36,133.61838457045192
2026-05-22 22:00:00+00:00,118.4675,139.12629583699845
2026-05-22 23:00:00+00:00,128.3725,115.8002508213086
2026-05-23 00:00:00+00:00,131.32,123.68555058342592
2026-05-23 01:00:00+00:00,129.79,124.26247886236547
2026-05-23 02:00:00+00:00,127.8325,124.28759231790286
2026-05-23 03:00:00+00:00,125.61,123.27431989086848
2026-05-23 04:00:00+00:00,90.07,118.86430402241143
2026-05-23 05:00:00+00:00,71.9275,77.96279377220543
2026-05-23 06:00:00+00:00,0.005,49.30451641566579
2026-05-23 07:00:00+00:00,-0.0025,-5.841098344152442
2026-05-23 08:00:00+00:00,-0.3325,-2.5692326412284103
2026-05-23 09:00:00+00:00,-0.01,-6.294881644750461
2026-05-23 10:00:00+00:00,-0.01,-2.8234341166157435
2026-05-23 11:00:00+00:00,-0.01,0.21093249744185982
2026-05-23 12:00:00+00:00,-0.01,2.0365687090160236
2026-05-23 13:00:00+00:00,-2.085,15.825860246309006
2026-05-23 14:00:00+00:00,-0.27,31.171119994349525
2026-05-23 15:00:00+00:00,45.99,43.757957711552436
2026-05-23 16:00:00+00:00,135.4375,89.73989988833483
2026-05-23 17:00:00+00:00,157.38,148.02788311010642
2026-05-23 18:00:00+00:00,109.85,144.2565624921179
2026-05-23 19:00:00+00:00,119.655,104.32574054750329
2026-05-23 20:00:00+00:00,116.8225,110.23980543263244
2026-05-23 21:00:00+00:00,119.775,114.611931255618
2026-05-23 22:00:00+00:00,115.0625,109.8376416486488
2026-05-23 23:00:00+00:00,119.5325,109.19556466785316
2026-05-24 00:00:00+00:00,118.27,114.87145857144351
2026-05-24 01:00:00+00:00,118.7275,114.76299899497465
2026-05-24 02:00:00+00:00,116.6125,113.44663325080943
2026-05-24 03:00:00+00:00,115.6075,115.73446574108578
2026-05-24 04:00:00+00:00,0.0,105.71004478459048
2026-05-24 05:00:00+00:00,-0.0025,0.3656415939695705
2026-05-24 06:00:00+00:00,-0.0325,-8.233485379263271
2026-05-24 07:00:00+00:00,-4.2075,-9.091519404529805
2026-05-24 08:00:00+00:00,-3.5025,-5.8236515790320595
2026-05-24 09:00:00+00:00,-5.0,-5.320219802916284
2026-05-24 10:00:00+00:00,-4.3675,-1.6522361221390724
2026-05-24 11:00:00+00:00,-3.0075,-0.6503117536956609
2026-05-24 12:00:00+00:00,-2.4425,3.8071525080827087
2026-05-24 13:00:00+00:00,-4.45,16.49517833313628
2026-05-24 14:00:00+00:00,-1.95,26.594381112021708
2026-05-24 15:00:00+00:00,17.1825,37.1722294548799
2026-05-24 16:00:00+00:00,125.265,79.39884557100766
2026-05-24 17:00:00+00:00,137.64,156.10834573479335
2026-05-24 18:00:00+00:00,136.44,138.5290277934997
2026-05-24 19:00:00+00:00,114.6975,121.87886381912679
2026-05-24 20:00:00+00:00,120.9725,111.52611976725836
2026-05-24 21:00:00+00:00,120.24,114.67784488171596
2026-05-24 22:00:00+00:00,112.2025,111.61168425397103
2026-05-24 23:00:00+00:00,110.4225,106.23870553564204
2026-05-25 00:00:00+00:00,111.2,113.1967798667963
2026-05-25 01:00:00+00:00,110.305,113.48729862961119
2026-05-25 02:00:00+00:00,110.4075,114.82900656554426
2026-05-25 03:00:00+00:00,112.3825,126.79226661062253
2026-05-25 04:00:00+00:00,117.275,112.47002698128385
2026-05-25 05:00:00+00:00,65.2875,95.42675028009165
2026-05-25 06:00:00+00:00,0.005,51.703398132410214
2026-05-25 07:00:00+00:00,-0.005,0.5385858354808306
2026-05-25 08:00:00+00:00,-0.01,-0.20128162998420862
2026-05-25 09:00:00+00:00,0.0,-0.6407251335859883
2026-05-25 10:00:00+00:00,0.0,3.7573384872724773
2026-05-25 11:00:00+00:00,0.0,7.031945318943514
2026-05-25 12:00:00+00:00,0.0,11.625377668698121
2026-05-25 13:00:00+00:00,0.0,24.047544126361032
2026-05-25 14:00:00+00:00,16.482499999999998,32.4118207985574
2026-05-25 15:00:00+00:00,83.3825,50.90073967678083
2026-05-25 16:00:00+00:00,117.205,123.61580862829555
2026-05-25 17:00:00+00:00,128.3975,153.28195969687732
2026-05-25 18:00:00+00:00,130.04,151.797943127456
2026-05-25 19:00:00+00:00,131.785,126.13122529009814
2026-05-25 20:00:00+00:00,158.14,121.75646590490582
2026-05-25 21:00:00+00:00,147.6625,127.70871466048914
2026-05-25 22:00:00+00:00,124.9525,123.41740926840372
2026-05-25 23:00:00+00:00,125.28,114.179412907319
2026-05-26 00:00:00+00:00,124.3275,123.99717542322941
2026-05-26 01:00:00+00:00,125.1475,123.18250929587404
2026-05-26 02:00:00+00:00,122.7925,124.519008670946
2026-05-26 03:00:00+00:00,132.345,137.16160426410852
2026-05-26 04:00:00+00:00,140.3075,138.4157929713279
2026-05-26 05:00:00+00:00,111.38,110.01862560330875
2026-05-26 06:00:00+00:00,2.5025,82.31856093307752
2026-05-26 07:00:00+00:00,0.0,-1.9307286564718993
2026-05-26 08:00:00+00:00,-0.005,-4.899869848503528
2026-05-26 09:00:00+00:00,0.0,-3.0363258267109074
2026-05-26 10:00:00+00:00,0.0,0.5198270326909551
2026-05-26 11:00:00+00:00,0.0,4.096187727012818
2026-05-26 12:00:00+00:00,0.0,9.353570089960385
2026-05-26 13:00:00+00:00,0.0,24.19791835279335
2026-05-26 14:00:00+00:00,27.8925,28.004186888297113
2026-05-26 15:00:00+00:00,99.91,65.13553907330234
2026-05-26 16:00:00+00:00,132.54250000000002,132.3551814286681
2026-05-26 17:00:00+00:00,141.0425,170.72446980902606
2026-05-26 18:00:00+00:00,154.675,152.6482940127333
2026-05-26 19:00:00+00:00,160.54500000000002,132.00429040575827
2026-05-26 20:00:00+00:00,135.36,132.44953713223586
2026-05-26 21:00:00+00:00,169.115,120.6860737183023
2026-05-26 22:00:00+00:00,125.54,126.55863119869292
2026-05-26 23:00:00+00:00,126.1025,111.94364198932985
2026-05-27 00:00:00+00:00,125.46,117.6600326254043
2026-05-27 01:00:00+00:00,124.92,116.69279290284369
2026-05-27 02:00:00+00:00,125.935,118.85185396399704
2026-05-27 03:00:00+00:00,131.3625,132.52582771374466
2026-05-27 04:00:00+00:00,119.2325,125.93850956802552
2026-05-27 05:00:00+00:00,108.6475,97.68932638400707
2026-05-27 06:00:00+00:00,6.25,72.37156805240596
2026-05-27 07:00:00+00:00,-0.0075,-3.1128735131329393
2026-05-27 08:00:00+00:00,-0.01,-12.206002135475728
2026-05-27 09:00:00+00:00,0.0,-9.72735844450142
2026-05-27 10:00:00+00:00,0.0,-5.946543342492049
2026-05-27 11:00:00+00:00,0.0,-2.2411721754989173
2026-05-27 12:00:00+00:00,0.0,1.3434902429791293
2026-05-27 13:00:00+00:00,0.005,15.297248070549244
2026-05-27 14:00:00+00:00,40.98,26.724162865939675
2026-05-27 15:00:00+00:00,104.60750000000002,77.72398745116162
2026-05-27 16:00:00+00:00,177.3875,140.97589347457392
2026-05-27 17:00:00+00:00,228.53,212.57844874422904
2026-05-27 18:00:00+00:00,228.5325,225.8286473501667
2026-05-27 19:00:00+00:00,211.0075,190.86816300639654
2026-05-27 20:00:00+00:00,165.4875,165.17912217440087
2026-05-27 21:00:00+00:00,153.4525,141.7841892546418
2026-05-27 22:00:00+00:00,136.455,128.462560112403
2026-05-27 23:00:00+00:00,131.8625,120.25532957956673
2026-05-28 00:00:00+00:00,130.6125,130.6906905141996
2026-05-28 01:00:00+00:00,131.7875,130.41789020973735
2026-05-28 02:00:00+00:00,133.20999999999998,132.45857813266784
2026-05-28 03:00:00+00:00,137.76749999999998,143.06139880698333
2026-05-28 04:00:00+00:00,141.14,134.12446317846013
2026-05-28 05:00:00+00:00,117.72,119.70360698927765
2026-05-28 06:00:00+00:00,87.7525,86.57941784421618
2026-05-28 07:00:00+00:00,0.005,50.58444039206523
2026-05-28 08:00:00+00:00,0.0,-8.324784241243748
2026-05-28 09:00:00+00:00,0.0,-6.015055026930639
2026-05-28 10:00:00+00:00,0.0025,-1.8687883720000684
2026-05-28 11:00:00+00:00,0.0075,1.556066217030235
2026-05-28 12:00:00+00:00,0.0125,5.636941816977398
2026-05-28 13:00:00+00:00,1.3,20.685541142966542
2026-05-28 14:00:00+00:00,41.0,36.468195839579565
2026-05-28 15:00:00+00:00,104.4575,85.2991315968612
2026-05-28 16:00:00+00:00,131.8225,152.51849725476785
2026-05-28 17:00:00+00:00,166.805,191.72863080345172
2026-05-28 18:00:00+00:00,164.175,195.6229005533185
2026-05-28 19:00:00+00:00,128.5625,157.10357074614694
2026-05-28 20:00:00+00:00,136.54,130.0855755000335
2026-05-28 21:00:00+00:00,128.375,128.64863387203317
2026-05-28 22:00:00+00:00,125.84,123.39814938402849
2026-05-28 23:00:00+00:00,126.04,120.25686699681803
2026-05-29 00:00:00+00:00,128.585,124.01713489691956
2026-05-29 01:00:00+00:00,127.115,122.62711207361144
2026-05-29 02:00:00+00:00,126.4575,124.87822042255895
2026-05-29 03:00:00+00:00,126.1375,135.11460859251906
2026-05-29 04:00:00+00:00,125.505,133.75256962282555
2026-05-29 05:00:00+00:00,91.3975,107.26541264009114
2026-05-29 06:00:00+00:00,0.0025,66.89616819077078
2026-05-29 07:00:00+00:00,-0.0025,-12.902426555651829
2026-05-29 08:00:00+00:00,0.0,-12.553299460906487
2026-05-29 09:00:00+00:00,0.0,-10.689039670513921
2026-05-29 10:00:00+00:00,0.0,-6.050917894787716
2026-05-29 11:00:00+00:00,0.0,-3.7221074197618975
2026-05-29 12:00:00+00:00,0.0,1.2758162314683261
2026-05-29 13:00:00+00:00,0.0,15.794312094483004
2026-05-29 14:00:00+00:00,44.2725,29.10440539203998
2026-05-29 15:00:00+00:00,104.9125,82.1975101857627
2026-05-29 16:00:00+00:00,139.435,133.476751194807
2026-05-29 17:00:00+00:00,150.98000000000002,179.22052883895623
2026-05-29 18:00:00+00:00,159.115,168.7741299465726
2026-05-29 19:00:00+00:00,156.53,137.82024930744265
2026-05-29 20:00:00+00:00,141.21,138.71377921362492
2026-05-29 21:00:00+00:00,136.9825,128.52102586110124
2026-05-29 22:00:00+00:00,170.8825,121.45940167052703
2026-05-29 23:00:00+00:00,168.34,137.78869951473996
2026-05-30 00:00:00+00:00,166.84,152.93603627052232
2026-05-30 01:00:00+00:00,163.9775,146.2180825674466
2026-05-30 02:00:00+00:00,132.6675,143.38351680998034
2026-05-30 03:00:00+00:00,131.1525,130.00466109413452
2026-05-30 04:00:00+00:00,121.1075,117.35331984809535
2026-05-30 05:00:00+00:00,88.545,98.00764877612261
2026-05-30 06:00:00+00:00,4.79,57.28769947465217
2026-05-30 07:00:00+00:00,0.0,-2.270889365451751
2026-05-30 08:00:00+00:00,-0.01,-5.857702518928846
2026-05-30 09:00:00+00:00,-0.005,-6.0310003500455025
2026-05-30 10:00:00+00:00,-0.0425,-2.3488376446656787
2026-05-30 11:00:00+00:00,-1.1675,-0.6112234593525443
2026-05-30 12:00:00+00:00,-0.32,1.9576418374476532
2026-05-30 13:00:00+00:00,-0.01,16.041390891937155
2026-05-30 14:00:00+00:00,3.0075,21.66639375187573
2026-05-30 15:00:00+00:00,70.36500000000001,45.77139632606011
2026-05-30 16:00:00+00:00,157.0325,116.03722143366437
2026-05-30 17:00:00+00:00,175.715,187.4139817449948
2026-05-30 18:00:00+00:00,184.3675,177.5604112343335
2026-05-30 19:00:00+00:00,182.22,160.86739913887862
2026-05-30 20:00:00+00:00,155.0675,154.53198077766274
2026-05-30 21:00:00+00:00,148.32,130.84117707969799
2026-05-30 22:00:00+00:00,139.3275,133.9131338709123
2026-05-30 23:00:00+00:00,132.0475,129.63612827262637
2026-05-31 00:00:00+00:00,130.9325,135.76047427963084
2026-05-31 01:00:00+00:00,132.5075,134.7569191522301
2026-05-31 02:00:00+00:00,134.995,129.72434746829032
2026-05-31 03:00:00+00:00,130.855,133.87023079165573
2026-05-31 04:00:00+00:00,120.0275,113.99522887284974
2026-05-31 05:00:00+00:00,103.8675,97.81870223488909
2026-05-31 06:00:00+00:00,44.4675,72.77771243957584
2026-05-31 07:00:00+00:00,0.0,25.565817591077064
2026-05-31 08:00:00+00:00,-0.0075,-7.539480910010582
2026-05-31 09:00:00+00:00,0.0,-5.283901808002042
2026-05-31 10:00:00+00:00,-0.005,-2.46114265011866
2026-05-31 11:00:00+00:00,-0.01,-0.5208369890902986
2026-05-31 12:00:00+00:00,-0.01,2.7364995561470664
2026-05-31 13:00:00+00:00,0.0,18.816478158881807
2026-05-31 14:00:00+00:00,53.485,25.83915955111398
2026-05-31 15:00:00+00:00,104.1,76.40163492881405
2026-05-31 16:00:00+00:00,137.735,132.55503125854568
2026-05-31 17:00:00+00:00,147.495,179.10327899890754
2026-05-31 18:00:00+00:00,146.605,171.0973468776828
2026-05-31 19:00:00+00:00,143.905,145.52396576502997
2026-05-31 20:00:00+00:00,155.1275,135.0211582275595
2026-05-31 21:00:00+00:00,139.28,140.4737927775428
2026-05-31 22:00:00+00:00,136.3075,123.23288184218092
2026-05-31 23:00:00+00:00,133.35500000000002,122.78336098519844
2026-06-01 00:00:00+00:00,128.74,133.0826717389029
2026-06-01 01:00:00+00:00,126.45,129.56557894098557
2026-06-01 02:00:00+00:00,125.1525,131.53420146204775
2026-06-01 03:00:00+00:00,135.6025,139.99539135407628
2026-06-01 04:00:00+00:00,146.38,159.380951662389
2026-06-01 05:00:00+00:00,130.6575,153.64023176142942
2026-06-01 06:00:00+00:00,83.8775,138.10353564480403
2026-06-01 07:00:00+00:00,0.0025,99.21767209444432
2026-06-01 08:00:00+00:00,0.0,49.90786534451286
2026-06-01 09:00:00+00:00,0.0,50.97597771429092
2026-06-01 10:00:00+00:00,0.0,52.35988600761941
2026-06-01 11:00:00+00:00,0.0,52.76583070937146
2026-06-01 12:00:00+00:00,0.005,53.12677222858932
2026-06-01 13:00:00+00:00,11.0025,53.54244601802944
2026-06-01 14:00:00+00:00,110.3975,61.189710531463035
2026-06-01 15:00:00+00:00,134.85000000000002,132.58479947266963
2026-06-01 16:00:00+00:00,158.4325,158.87627226570223
2026-06-01 17:00:00+00:00,134.5325,179.26733640115114
2026-06-01 18:00:00+00:00,155.075,147.89942688132956
2026-06-01 19:00:00+00:00,170.0,136.8248724644954
2026-06-01 20:00:00+00:00,155.055,149.05779723414463
2026-06-01 21:00:00+00:00,154.9775,138.46662744730304
2026-06-01 22:00:00+00:00,139.76999999999998,133.59390071271693
2026-06-01 23:00:00+00:00,136.3,122.55891428287634
2026-06-02 00:00:00+00:00,132.865,136.36122825614586
2026-06-02 01:00:00+00:00,129.1225,133.2438457387782
2026-06-02 02:00:00+00:00,128.9525,134.97393696702207
2026-06-02 03:00:00+00:00,132.65,140.0804161460214
2026-06-02 04:00:00+00:00,138.96,162.07602700616562
2026-06-02 05:00:00+00:00,120.975,157.13072777109718
2026-06-02 06:00:00+00:00,91.835,128.3961600294577
2026-06-02 07:00:00+00:00,0.005,104.81551481336192
2026-06-02 08:00:00+00:00,0.005,56.32289322109898
2026-06-02 09:00:00+00:00,0.01,57.5586553902676
2026-06-02 10:00:00+00:00,0.01,58.44446818325103
2026-06-02 11:00:00+00:00,0.01,60.0110348148814
2026-06-02 12:00:00+00:00,0.01,53.240440976780235
2026-06-02 13:00:00+00:00,36.5075,53.39194878334652
2026-06-02 14:00:00+00:00,113.1875,84.70864070112066
2026-06-02 15:00:00+00:00,123.33,137.86622005750306
2026-06-02 16:00:00+00:00,148.38,154.59865456219268
2026-06-02 17:00:00+00:00,162.12,171.08744763300678
2026-06-02 18:00:00+00:00,162.4825,172.35612296242414
2026-06-02 19:00:00+00:00,143.305,149.94035145573372
2026-06-02 20:00:00+00:00,137.5325,133.68407863262152
2026-06-02 21:00:00+00:00,133.085,132.8714328214014
2026-06-02 22:00:00+00:00,125.415,120.87418573917596
2026-06-02 23:00:00+00:00,117.31,117.26667545052099
2026-06-03 00:00:00+00:00,115.1175,120.94859441992247
2026-06-03 01:00:00+00:00,113.9525,120.16699254486254
2026-06-03 02:00:00+00:00,114.4425,122.51839420778906
2026-06-03 03:00:00+00:00,120.495,131.66941646097533
2026-06-03 04:00:00+00:00,138.2775,144.31423694137044
2026-06-03 05:00:00+00:00,122.53,154.1938201514892
2026-06-03 06:00:00+00:00,93.7375,129.31542484057766
2026-06-03 07:00:00+00:00,12.505,103.82151535012551
2026-06-03 08:00:00+00:00,0.0025,59.43184913122441
2026-06-03 09:00:00+00:00,1.31,53.76022219148979
2026-06-03 10:00:00+00:00,0.01,56.64319868400507
2026-06-03 11:00:00+00:00,0.01,55.25747036638374
2026-06-03 12:00:00+00:00,0.01,50.51474075414971
2026-06-03 13:00:00+00:00,0.0125,52.471113260441186
2026-06-03 14:00:00+00:00,48.3625,72.60250669466299
2026-06-03 15:00:00+00:00,114.08,99.85661548310192
2026-06-03 16:00:00+00:00,130.3225,151.97740608572227
2026-06-03 17:00:00+00:00,140.0075,175.12557919526887
2026-06-03 18:00:00+00:00,147.51,169.90588650440142
2026-06-03 19:00:00+00:00,141.535,140.56176599426834
2026-06-03 20:00:00+00:00,129.545,131.1630410118851
2026-06-03 21:00:00+00:00,130.87,126.07722222751157
2026-06-03 22:00:00+00:00,116.235,122.83378009876415
2026-06-03 23:00:00+00:00,116.245,108.6807457258565
2026-06-04 00:00:00+00:00,87.2525,118.14379187346073
2026-06-04 01:00:00+00:00,109.97,97.98805315630273
2026-06-04 02:00:00+00:00,107.5225,117.28661674912236
2026-06-04 03:00:00+00:00,90.1375,129.19628610988002
2026-06-04 04:00:00+00:00,113.9725,129.65627999804056
2026-06-04 05:00:00+00:00,99.56,138.28329625170636
2026-06-04 06:00:00+00:00,80.24000000000001,114.7522915618593
2026-06-04 07:00:00+00:00,34.25,88.8071224180907
2026-06-04 08:00:00+00:00,9.94,58.35688872396172
2026-06-04 09:00:00+00:00,16.0,50.30152129461864
2026-06-04 10:00:00+00:00,15.9975,50.11817429440521
2026-06-04 11:00:00+00:00,25.945,49.665749413534854
2026-06-04 12:00:00+00:00,28.6,50.8070887232917
2026-06-04 13:00:00+00:00,9.975,55.896945962813504
2026-06-04 14:00:00+00:00,31.995,52.62248934702275
2026-06-04 15:00:00+00:00,84.61500000000001,77.95821091054418
2026-06-04 16:00:00+00:00,123.5175,111.026549904422
2026-06-04 17:00:00+00:00,164.4325,151.6671116334701
2026-06-04 18:00:00+00:00,193.1775,163.89565286720924
2026-06-04 19:00:00+00:00,179.79,155.866932250802
2026-06-04 20:00:00+00:00,170.6225,155.22296866781016
2026-06-04 21:00:00+00:00,175.185,138.13811023348933
2026-06-04 22:00:00+00:00,119.435,144.25408198323365
2026-06-04 23:00:00+00:00,124.1075,111.41431664374156
2026-06-05 00:00:00+00:00,113.2975,119.84223197312441
2026-06-05 01:00:00+00:00,120.17,114.91847974303653
2026-06-05 02:00:00+00:00,125.575,120.92391443210171
2026-06-05 03:00:00+00:00,168.335,131.0038143577512
2026-06-05 04:00:00+00:00,144.755,169.09998655821283
2026-06-05 05:00:00+00:00,125.17,148.34666248313624
2026-06-05 06:00:00+00:00,115.12,126.94379981273633
2026-06-05 07:00:00+00:00,97.8725,114.0513749661715
2026-06-05 08:00:00+00:00,88.87,101.53601531195778
2026-06-05 09:00:00+00:00,72.565,101.48993161820474
2026-06-05 10:00:00+00:00,54.85,83.11977488656305
2026-06-05 11:00:00+00:00,43.34,73.92561216849427
2026-06-05 12:00:00+00:00,32.0625,66.66676269663097
2026-06-05 13:00:00+00:00,46.4875,63.48343051918917
2026-06-05 14:00:00+00:00,78.76,71.52603264255733
2026-06-05 15:00:00+00:00,117.2375,103.0111864500343
2026-06-05 16:00:00+00:00,142.61,140.4762499154398
2026-06-05 17:00:00+00:00,157.5125,166.41911029616205
2026-06-05 18:00:00+00:00,179.0,173.20107640171113
2026-06-05 19:00:00+00:00,176.5425,174.44267457862395
2026-06-05 20:00:00+00:00,162.085,163.41803605894017
2026-06-05 21:00:00+00:00,146.8275,153.2032872096377
2026-06-05 22:00:00+00:00,143.2025,139.53633980376432
2026-06-05 23:00:00+00:00,135.7225,137.64915764539884
2026-06-06 00:00:00+00:00,136.315,137.4395711411521
2026-06-06 01:00:00+00:00,117.74,137.90500839918994
2026-06-06 02:00:00+00:00,139.23,123.36464090705151
2026-06-06 03:00:00+00:00,129.4225,148.5262776781563
2026-06-06 04:00:00+00:00,108.48,140.40444566214833
2026-06-06 05:00:00+00:00,84.5775,120.70874168095088
2026-06-06 06:00:00+00:00,31.775,94.65018503723348
2026-06-06 07:00:00+00:00,0.5025,58.17604038523757
2026-06-06 08:00:00+00:00,0.0,41.821121590618105
2026-06-06 09:00:00+00:00,0.01,45.77732714271373
2026-06-06 10:00:00+00:00,0.0,44.19853964718594
2026-06-06 11:00:00+00:00,0.0,44.191018294168174
2026-06-06 12:00:00+00:00,0.0125,45.10206032613908
2026-06-06 13:00:00+00:00,4.935,49.92134291552398
2026-06-06 14:00:00+00:00,49.8275,60.84899119621306
2026-06-06 15:00:00+00:00,83.8075,97.58507338303976
2026-06-06 16:00:00+00:00,128.8725,120.00240361658234
2026-06-06 17:00:00+00:00,131.4875,165.34467729436435
2026-06-06 18:00:00+00:00,133.935,161.67870229691846
2026-06-06 19:00:00+00:00,137.54,143.19663189777003
2026-06-06 20:00:00+00:00,131.81,138.82917199086435
2026-06-06 21:00:00+00:00,138.0075,129.8497535665914
2026-06-06 22:00:00+00:00,123.375,128.65871591948988
2026-06-06 23:00:00+00:00,115.435,119.53005046527966
2026-06-07 00:00:00+00:00,111.685,116.19345429579242
2026-06-07 01:00:00+00:00,113.15,112.20278736954377
2026-06-07 02:00:00+00:00,95.07,116.89299474291812
2026-06-07 03:00:00+00:00,56.6425,107.53214878340766
2026-06-07 04:00:00+00:00,20.9475,78.66828919673057
2026-06-07 05:00:00+00:00,0.46,49.95727480177641
2026-06-07 06:00:00+00:00,-0.0075,28.415528487913463
2026-06-07 07:00:00+00:00,-2.6475,32.52075134380978
2026-06-07 08:00:00+00:00,-4.995,36.19844682737357
2026-06-07 09:00:00+00:00,-1.73,36.778704467570805
2026-06-07 10:00:00+00:00,-1.0,39.3201757308031
2026-06-07 11:00:00+00:00,-1.9075,38.635225043634335
2026-06-07 12:00:00+00:00,-1.5074999999999998,37.97219861238598
2026-06-07 13:00:00+00:00,-4.6725,44.974440470577434
2026-06-07 14:00:00+00:00,-0.2825,50.72629495926107
2026-06-07 15:00:00+00:00,29.6975,60.72241114509892
2026-06-07 16:00:00+00:00,104.855,85.1587837155927
2026-06-07 17:00:00+00:00,117.3075,136.4081288987717
2026-06-07 18:00:00+00:00,120.19,133.56350242514085
2026-06-07 19:00:00+00:00,128.67000000000002,120.98466005131426
2026-06-07 20:00:00+00:00,136.86,129.04737470144423
2026-06-07 21:00:00+00:00,132.985,128.47961683633204
2026-06-07 22:00:00+00:00,136.7275,125.00441627136811
2026-06-07 23:00:00+00:00,130.06,120.24387571167254
2026-06-08 00:00:00+00:00,121.61,130.8885037650181
2026-06-08 01:00:00+00:00,117.4475,126.53636368732364
2026-06-08 02:00:00+00:00,116.59,118.42601641962969
2026-06-08 03:00:00+00:00,115.68,131.45589839160547
2026-06-08 04:00:00+00:00,124.6775,144.1206985408293
2026-06-08 05:00:00+00:00,81.4175,150.90082905387263
2026-06-08 06:00:00+00:00,48.58,106.23781043464817
2026-06-08 07:00:00+00:00,-0.01,78.51654957909693
2026-06-08 08:00:00+00:00,-0.01,57.04520697888907
2026-06-08 09:00:00+00:00,-0.01,58.01637235466572
2026-06-08 10:00:00+00:00,-0.005,59.58541874617953
2026-06-08 11:00:00+00:00,5.6425,58.734619072108174
2026-06-08 12:00:00+00:00,56.6525,63.918224561556514
2026-06-08 13:00:00+00:00,72.27,82.27803292323333
2026-06-08 14:00:00+00:00,98.8225,97.56640536586923
2026-06-08 15:00:00+00:00,125.0025,121.29485029690107
2026-06-08 16:00:00+00:00,157.235,152.51560145759842
2026-06-08 17:00:00+00:00,172.3275,171.21452065719888
2026-06-08 18:00:00+00:00,171.8375,171.77370029134352
2026-06-08 19:00:00+00:00,157.65,149.79555411675756
2026-06-08 20:00:00+00:00,137.435,144.85544720399272
2026-06-08 21:00:00+00:00,142.5325,129.95236190573942
2026-06-08 22:00:00+00:00,161.215,129.03566774033956
2026-06-08 23:00:00+00:00,129.3225,140.95883986798313
2026-06-09 00:00:00+00:00,136.5225,130.03918499303975
2026-06-09 01:00:00+00:00,131.8625,132.68859956755756
2026-06-09 02:00:00+00:00,148.84,132.12117901063533
2026-06-09 03:00:00+00:00,133.4075,157.01098545545437
2026-06-09 04:00:00+00:00,137.9975,160.84468894525634
2026-06-09 05:00:00+00:00,140.7875,151.36589417133868
2026-06-09 06:00:00+00:00,79.80499999999999,142.07012869455212
2026-06-09 07:00:00+00:00,3.1875,99.62108574626083
2026-06-09 08:00:00+00:00,-0.0075,56.09936516640285
2026-06-09 09:00:00+00:00,56.2825,57.277883696065174
2026-06-09 10:00:00+00:00,34.7475,82.96175844880375
2026-06-09 11:00:00+00:00,37.325,65.55200814505314
2026-06-09 12:00:00+00:00,41.27,66.83112708428307
2026-06-09 13:00:00+00:00,68.43,75.63246270008358
2026-06-09 14:00:00+00:00,93.015,105.47445880691546
2026-06-09 15:00:00+00:00,136.2,127.3954870246224
2026-06-09 16:00:00+00:00,161.2275,166.73090619391172
2026-06-09 17:00:00+00:00,184.515,189.53687574197818
2026-06-09 18:00:00+00:00,196.785,195.48691638595187
2026-06-09 19:00:00+00:00,189.1125,167.17926487610845
2026-06-09 20:00:00+00:00,174.64,160.587126696276
2026-06-09 21:00:00+00:00,170.635,142.9459658780711
2026-06-09 22:00:00+00:00,130.86249999999998,144.4513386074877
2026-06-09 23:00:00+00:00,121.7025,121.82505853451379
2026-06-10 00:00:00+00:00,117.3275,130.73325393873242
2026-06-10 01:00:00+00:00,119.935,121.2000673575394
2026-06-10 02:00:00+00:00,122.2675,129.65570951400895
2026-06-10 03:00:00+00:00,126.485,139.647126876486
2026-06-10 04:00:00+00:00,138.4175,155.72057024677153
2026-06-10 05:00:00+00:00,118.29,160.82811024417452
2026-06-10 06:00:00+00:00,36.8575,129.2738449101624
2026-06-10 07:00:00+00:00,0.0,72.13928917601704
2026-06-10 08:00:00+00:00,-0.01,54.57053909645468
2026-06-10 09:00:00+00:00,0.0025,55.565510280826814
2026-06-10 10:00:00+00:00,19.2325,54.55710888215553
2026-06-10 11:00:00+00:00,61.9125,61.920863014475486
2026-06-10 12:00:00+00:00,81.72,86.08933711659206
2026-06-10 13:00:00+00:00,78.1825,105.33920902359013
2026-06-10 14:00:00+00:00,113.0575,108.23617331464904
2026-06-10 15:00:00+00:00,136.82,143.10495895822572
2026-06-10 16:00:00+00:00,156.6275,168.88555207880393
2026-06-10 17:00:00+00:00,167.2575,190.00469425540953
2026-06-10 18:00:00+00:00,180.0,178.92761853451913
2026-06-10 19:00:00+00:00,173.105,170.25577017535622
2026-06-10 20:00:00+00:00,155.2025,154.3542365171383
2026-06-10 21:00:00+00:00,144.2275,144.15696143754965
2026-06-10 22:00:00+00:00,128.7775,126.47764450048173
2026-06-10 23:00:00+00:00,122.0525,117.56257966427842
2026-06-11 00:00:00+00:00,118.36,120.03035426934986
2026-06-11 01:00:00+00:00,119.84,119.7189308539843
2026-06-11 02:00:00+00:00,120.4875,122.67377997857342
2026-06-11 03:00:00+00:00,118.6075,130.06534222267413
2026-06-11 04:00:00+00:00,123.38,141.35770894884323
2026-06-11 05:00:00+00:00,121.2475,142.5908979820945
2026-06-11 06:00:00+00:00,106.55,126.7384323972861
2026-06-11 07:00:00+00:00,64.38,114.72831053344694
2026-06-11 08:00:00+00:00,36.5975,83.24558030129018
2026-06-11 09:00:00+00:00,35.9375,63.33545943370778
2026-06-11 10:00:00+00:00,33.47,60.470328409256936
2026-06-11 11:00:00+00:00,25.08,61.35509394940132
2026-06-11 12:00:00+00:00,24.2325,60.835702849234536
2026-06-11 13:00:00+00:00,40.9475,66.26545632356694
2026-06-11 14:00:00+00:00,81.3675,81.02119166345469
2026-06-11 15:00:00+00:00,109.9775,110.42932617905171
2026-06-11 16:00:00+00:00,137.0025,140.3127863151098
2026-06-11 17:00:00+00:00,160.0025,166.93136443485025
2026-06-11 18:00:00+00:00,160.12,172.69437556816592
2026-06-11 19:00:00+00:00,158.4775,153.36605593508574
2026-06-11 20:00:00+00:00,135.565,148.52175574628134
2026-06-11 21:00:00+00:00,135.4025,131.91903696532836
2026-06-11 22:00:00+00:00,148.1275,124.53307238810345
2026-06-11 23:00:00+00:00,131.79250000000002,130.91831580803944
2026-06-12 00:00:00+00:00,124.4875,127.93434824818758
2026-06-12 01:00:00+00:00,118.375,126.34520614326082
2026-06-12 02:00:00+00:00,110.4775,124.47444851275364
2026-06-12 03:00:00+00:00,130.7975,132.90445313054624
2026-06-12 04:00:00+00:00,138.495,153.1132299026237
2026-06-12 05:00:00+00:00,129.0725,153.66442812056982
2026-06-12 06:00:00+00:00,123.9425,138.07806779285906
2026-06-12 07:00:00+00:00,103.9625,127.76710314031348
2026-06-12 08:00:00+00:00,95.4375,111.77825258181288
2026-06-12 09:00:00+00:00,97.8625,102.82166627203257
2026-06-12 10:00:00+00:00,88.77250000000001,102.25082722457923
2026-06-12 11:00:00+00:00,77.97749999999999,92.9995012807033
2026-06-12 12:00:00+00:00,110.02,85.05582339325042
2026-06-12 13:00:00+00:00,124.98,110.99604553852053
2026-06-12 14:00:00+00:00,83.4775,126.39334540732528
2026-06-12 15:00:00+00:00,114.1825,103.8949064297764
2026-06-12 16:00:00+00:00,126.105,134.93045670040004
2026-06-12 17:00:00+00:00,138.1875,153.63691918842213
2026-06-12 18:00:00+00:00,131.085,154.43614414482968
2026-06-12 19:00:00+00:00,123.95,141.0518629850853
2026-06-12 20:00:00+00:00,117.8575,129.97130789244036
2026-06-12 21:00:00+00:00,104.9675,122.11724033728298
2026-06-12 22:00:00+00:00,95.0525,118.36271283621493
2026-06-12 23:00:00+00:00,83.8425,107.42531086756891
2026-06-13 00:00:00+00:00,73.39,95.36975623642427
2026-06-13 01:00:00+00:00,79.68,89.0118237005681
2026-06-13 02:00:00+00:00,76.9425,89.93471909421999
2026-06-13 03:00:00+00:00,63.27,93.75048018050782
2026-06-13 04:00:00+00:00,35.3825,85.90384529721513
2026-06-13 05:00:00+00:00,13.655,68.130318557683
2026-06-13 06:00:00+00:00,-0.025,51.48956814124921
2026-06-13 07:00:00+00:00,-1.1075,35.724658719022585
2026-06-13 08:00:00+00:00,-4.9175,34.79459111272524
2026-06-13 09:00:00+00:00,-7.9975,38.84225823732031
2026-06-13 10:00:00+00:00,-4.575,39.262550275072556
2026-06-13 11:00:00+00:00,-5.05,38.9533847420674
2026-06-13 12:00:00+00:00,-9.6325,45.718380436054304
2026-06-13 13:00:00+00:00,-24.9675,58.95602743192785
2026-06-13 14:00:00+00:00,-6.0,55.95920016225243
2026-06-13 15:00:00+00:00,10.0475,61.74761342955328
2026-06-13 16:00:00+00:00,91.625,74.53250084146953
2026-06-13 17:00:00+00:00,114.0725,120.10453787532963
2026-06-13 18:00:00+00:00,126.3075,127.5962522465711
2026-06-13 19:00:00+00:00,122.0075,124.0282354215421
2026-06-13 20:00:00+00:00,130.96249999999998,115.9771920002062
2026-06-13 21:00:00+00:00,140.4775,119.49312939030057
2026-06-13 22:00:00+00:00,129.12,116.14065670597554
2026-06-13 23:00:00+00:00,119.12,112.76383125166262
2026-06-14 00:00:00+00:00,113.6725,111.52731908732797
2026-06-14 01:00:00+00:00,106.09,108.28431307558357
2026-06-14 02:00:00+00:00,93.8775,101.21986933786275
2026-06-14 03:00:00+00:00,59.14,88.70025964187298
2026-06-14 04:00:00+00:00,15.63,63.86656156743436
2026-06-14 05:00:00+00:00,0.4599999999999999,34.15957662032888
2026-06-14 06:00:00+00:00,-0.3475,28.253203314430706
2026-06-14 07:00:00+00:00,-2.8325,29.771465988703937
2026-06-14 08:00:00+00:00,-4.6175,30.7085452432501
2026-06-14 09:00:00+00:00,-6.1275,34.72364067988234
2026-06-14 10:00:00+00:00,-3.5,36.6418042925432
2026-06-14 11:00:00+00:00,-6.3,34.35153670772627
2026-06-14 12:00:00+00:00,-5.3,35.88333837228005
2026-06-14 13:00:00+00:00,-7.814999999999999,43.33795178345787
2026-06-14 14:00:00+00:00,-1.535,45.29438109570138
2026-06-14 15:00:00+00:00,4.08,43.742122264528874
2026-06-14 16:00:00+00:00,154.4325,61.32867908465202
2026-06-14 17:00:00+00:00,146.08249999999998,163.28017647648588
2026-06-14 18:00:00+00:00,142.97,148.4169492625041
2026-06-14 19:00:00+00:00,138.5775,122.50617887662791
2026-06-14 20:00:00+00:00,115.055,128.0750479711464
2026-06-14 21:00:00+00:00,134.81,113.96309043754898
2026-06-14 22:00:00+00:00,106.99,125.15015349327972
2026-06-14 23:00:00+00:00,94.875,104.27670527042865
2026-06-15 00:00:00+00:00,99.595,106.46601247186032
2026-06-15 01:00:00+00:00,110.0,108.27158168287363
2026-06-15 02:00:00+00:00,106.89,115.90894742973363
2026-06-15 03:00:00+00:00,122.75,119.20878676377407
2026-06-15 04:00:00+00:00,120.87,147.98344724314302
2026-06-15 05:00:00+00:00,113.2875,137.36894430701406
2026-06-15 06:00:00+00:00,82.0075,125.18225695562192
2026-06-15 07:00:00+00:00,10.07,98.0268647426583
2026-06-15 08:00:00+00:00,1.485,60.12306146870618
2026-06-15 09:00:00+00:00,7.455,58.821844510638144
2026-06-15 10:00:00+00:00,6.44,62.62371160128174
2026-06-15 11:00:00+00:00,5.605,62.779877357911445
2026-06-15 12:00:00+00:00,6.64,63.28188323492719
2026-06-15 13:00:00+00:00,11.1325,64.13760983248245
2026-06-15 14:00:00+00:00,38.225,69.7564415890894
2026-06-15 15:00:00+00:00,109.755,77.7054428820411
2026-06-15 16:00:00+00:00,163.1225,153.0862919654757
2026-06-15 17:00:00+00:00,143.8525,184.99251643784612
2026-06-15 18:00:00+00:00,163.7225,158.0062022978751
2026-06-15 19:00:00+00:00,160.0325,146.38780829702077
2026-06-15 20:00:00+00:00,153.7925,138.03353744792312
2026-06-15 21:00:00+00:00,143.325,140.63698339955562
2026-06-15 22:00:00+00:00,137.41750000000002,128.88478845407587
2026-06-15 23:00:00+00:00,120.685,117.28691457399202
2026-06-16 00:00:00+00:00,115.68,123.5773667569706
2026-06-16 01:00:00+00:00,115.31,119.62111186173661
2026-06-16 02:00:00+00:00,115.5125,122.17918202679903
2026-06-16 03:00:00+00:00,122.06,132.972842243903
2026-06-16 04:00:00+00:00,127.9925,152.109757227269
2026-06-16 05:00:00+00:00,131.695,152.72917022250493
2026-06-16 06:00:00+00:00,112.605,141.23292885796602
2026-06-16 07:00:00+00:00,64.49000000000001,120.15094552098634
2026-06-16 08:00:00+00:00,37.5525,89.64582356562366
2026-06-16 09:00:00+00:00,22.2225,71.88387009797447
2026-06-16 10:00:00+00:00,37.43,60.8150178547107
2026-06-16 11:00:00+00:00,26.8675,64.34848960086448
2026-06-16 12:00:00+00:00,36.4575,56.857465288530975
2026-06-16 13:00:00+00:00,54.307500000000005,65.18295935151066
2026-06-16 14:00:00+00:00,83.52250000000001,81.07128485669946
2026-06-16 15:00:00+00:00,117.7725,111.71189658316442
2026-06-16 16:00:00+00:00,134.93,153.35308294994186
2026-06-16 17:00:00+00:00,129.77,159.74173525003079
2026-06-16 18:00:00+00:00,138.64249999999998,153.28237691253327
2026-06-16 19:00:00+00:00,127.6825,140.23940851461234
2026-06-16 20:00:00+00:00,154.7525,131.32122708012747
2026-06-16 21:00:00+00:00,156.6025,144.3599831674367
2026-06-16 22:00:00+00:00,154.03,135.96800392822323
2026-06-16 23:00:00+00:00,136.0125,132.82554868731256
2026-06-17 00:00:00+00:00,129.91750000000002,134.66518510856278
2026-06-17 01:00:00+00:00,128.29500000000002,131.15082898812142
2026-06-17 02:00:00+00:00,128.5075,131.83918015218552
2026-06-17 03:00:00+00:00,129.3725,139.3408074343315
2026-06-17 04:00:00+00:00,143.1375,155.61480932608424
2026-06-17 05:00:00+00:00,138.6825,157.08395857108448
2026-06-17 06:00:00+00:00,122.4475,140.15960613588928
2026-06-17 07:00:00+00:00,95.9175,121.71218216616
2026-06-17 08:00:00+00:00,64.64,102.1650718323075
2026-06-17 09:00:00+00:00,72.2775,80.6474001734558
2026-06-17 10:00:00+00:00,65.7525,82.73769894509752
2026-06-17 11:00:00+00:00,51.23,82.06669684337503
2026-06-17 12:00:00+00:00,62.3425,74.378131637275
2026-06-17 13:00:00+00:00,75.3125,82.22612775213878
2026-06-17 14:00:00+00:00,90.635,99.16020650593819
2026-06-17 15:00:00+00:00,116.925,120.85500908712994
2026-06-17 16:00:00+00:00,161.8275,142.52926711729918
2026-06-17 17:00:00+00:00,164.34,174.6161304936012
2026-06-17 18:00:00+00:00,167.1975,165.52506627860024
2026-06-17 19:00:00+00:00,162.5775,151.44957005297263
2026-06-17 20:00:00+00:00,158.60750000000002,153.80160665529513
2026-06-17 21:00:00+00:00,143.45749999999998,147.34973540403428
2026-06-17 22:00:00+00:00,136.845,135.1526169360787
2026-06-17 23:00:00+00:00,126.7525,127.67999349009463
2026-06-18 00:00:00+00:00,122.745,131.92993840308344
2026-06-18 01:00:00+00:00,121.1975,130.60016297474166
2026-06-18 02:00:00+00:00,120.785,128.976159506863
2026-06-18 03:00:00+00:00,122.33,134.19695202508325
2026-06-18 04:00:00+00:00,118.7175,144.81169224524567
2026-06-18 05:00:00+00:00,47.7175,140.53614434505388
2026-06-18 06:00:00+00:00,2.745,86.47738160568642
2026-06-18 07:00:00+00:00,-0.01,53.918111193995074
2026-06-18 08:00:00+00:00,-0.01,45.479268316068655
2026-06-18 09:00:00+00:00,-0.01,59.6141695679901
2026-06-18 10:00:00+00:00,-0.01,58.01026994260607
2026-06-18 11:00:00+00:00,-0.01,53.49341075115879
2026-06-18 12:00:00+00:00,-0.01,55.37233247287561
2026-06-18 13:00:00+00:00,-0.01,65.2668429963174
2026-06-18 14:00:00+00:00,16.459999999999997,70.63501712956626
2026-06-18 15:00:00+00:00,102.235,88.51482256460054
2026-06-18 16:00:00+00:00,136.0875,146.87830618695233
2026-06-18 17:00:00+00:00,129.9025,177.5856704791822
2026-06-18 18:00:00+00:00,130.16750000000002,159.22665601169942
2026-06-18 19:00:00+00:00,117.1325,136.9024401768318
2026-06-18 20:00:00+00:00,137.57999999999998,123.55774394789327
2026-06-18 21:00:00+00:00,154.5275,126.96402632189701
2026-06-18 22:00:00+00:00,125.2975,137.5238323152014
2026-06-18 23:00:00+00:00,123.02,118.11476204269289
2026-06-19 00:00:00+00:00,125.8525,127.98649515250658
2026-06-19 01:00:00+00:00,121.4525,128.18556777546667
2026-06-19 02:00:00+00:00,120.565,125.60776401012413
2026-06-19 03:00:00+00:00,119.56,131.8995705007205
2026-06-19 04:00:00+00:00,108.4075,144.5146483755044
2026-06-19 05:00:00+00:00,58.9625,124.82417198493948
2026-06-19 06:00:00+00:00,3.0575,87.18916217532126
2026-06-19 07:00:00+00:00,-0.01,50.834198542637054
2026-06-19 08:00:00+00:00,-0.01,48.41282346294305
2026-06-19 09:00:00+00:00,-0.01,49.641726793433236
2026-06-19 10:00:00+00:00,-0.01,50.39809037461232
2026-06-19 11:00:00+00:00,-0.01,49.99915445462376
2026-06-19 12:00:00+00:00,-0.01,52.897871223176494
2026-06-19 13:00:00+00:00,-0.01,59.16716713787552
2026-06-19 14:00:00+00:00,36.155,59.17983864446279
2026-06-19 15:00:00+00:00,107.6825,84.73247677142334
2026-06-19 16:00:00+00:00,127.645,136.1662206391911
2026-06-19 17:00:00+00:00,129.67,152.55482473794606
2026-06-19 18:00:00+00:00,131.5925,139.62964351854686
2026-06-19 19:00:00+00:00,123.9275,118.12707234133352
2026-06-19 20:00:00+00:00,143.495,119.50253859558673
2026-06-19 21:00:00+00:00,137.9475,129.35705339346015
2026-06-19 22:00:00+00:00,130.85,118.86006798729046
2026-06-19 23:00:00+00:00,121.1375,115.86219152463937
2026-06-20 00:00:00+00:00,118.6,115.81032965329878
2026-06-20 01:00:00+00:00,117.245,113.22459883199141
2026-06-20 02:00:00+00:00,115.255,112.06724307455453
2026-06-20 03:00:00+00:00,115.7775,113.25952252590247
2026-06-20 04:00:00+00:00,109.165,114.32481090254313
2026-06-20 05:00:00+00:00,30.0525,106.88889699184172
2026-06-20 06:00:00+00:00,-0.01,53.10987747173071
2026-06-20 07:00:00+00:00,-0.01,36.552346882091555
2026-06-20 08:00:00+00:00,-0.01,37.66011868739905
2026-06-20 09:00:00+00:00,-0.01,40.1187843077132
2026-06-20 10:00:00+00:00,-0.0125,44.37145598183422
2026-06-20 11:00:00+00:00,-0.0175,43.298874214547695
2026-06-20 12:00:00+00:00,-0.0125,43.244432696433094
2026-06-20 13:00:00+00:00,-0.01,50.281616905911676
2026-06-20 14:00:00+00:00,-0.005,50.76805705197097
2026-06-20 15:00:00+00:00,81.87,64.95924471820862
2026-06-20 16:00:00+00:00,115.4325,110.8364319945356
2026-06-20 17:00:00+00:00,124.2325,135.537457741259
2026-06-20 18:00:00+00:00,122.4725,136.10581959368534
2026-06-20 19:00:00+00:00,116.4875,118.71314047912847
2026-06-20 20:00:00+00:00,114.6,116.22143210788781
2026-06-20 21:00:00+00:00,132.4175,118.98035609410744
2026-06-20 22:00:00+00:00,118.915,123.67538014750895
2026-06-20 23:00:00+00:00,126.555,114.47024277751916
2026-06-21 00:00:00+00:00,127.7475,122.4867311514141
2026-06-21 01:00:00+00:00,126.705,120.2055106338093
2026-06-21 02:00:00+00:00,124.945,119.75014085097116
2026-06-21 03:00:00+00:00,123.395,117.39628031573994
2026-06-21 04:00:00+00:00,98.555,118.61994695877547
2026-06-21 05:00:00+00:00,3.19,93.87111588217567
2026-06-21 06:00:00+00:00,-0.0125,32.64943355594275
2026-06-21 07:00:00+00:00,-0.08,32.83201664125424
2026-06-21 08:00:00+00:00,-0.775,36.47198161562035
2026-06-21 09:00:00+00:00,-0.01,37.85646605545416
2026-06-21 10:00:00+00:00,-0.02,40.370473459930466
2026-06-21 11:00:00+00:00,-0.02,40.19165410869326
2026-06-21 12:00:00+00:00,-0.02,42.26353573299289
2026-06-21 13:00:00+00:00,-0.0175,48.951384507558956
2026-06-21 14:00:00+00:00,-0.01,50.78147387529103
2026-06-21 15:00:00+00:00,74.46,59.5079906114273
2026-06-21 16:00:00+00:00,115.735,110.64620336058758
2026-06-21 17:00:00+00:00,115.105,142.27073143698297
2026-06-21 18:00:00+00:00,115.4375,131.13559073775798
2026-06-21 19:00:00+00:00,112.235,115.14810207911057
2026-06-21 20:00:00+00:00,125.7875,110.8137320196074
2026-06-21 21:00:00+00:00,134.5875,124.60437182256834
2026-06-21 22:00:00+00:00,128.88,120.29533808634666
2026-06-21 23:00:00+00:00,120.5925,117.39522256972585
2026-06-22 00:00:00+00:00,117.06,124.65272984482557
2026-06-22 01:00:00+00:00,118.27,122.36534467709447
2026-06-22 02:00:00+00:00,120.0225,126.48599440595221
2026-06-22 03:00:00+00:00,126.045,139.77867180381762
2026-06-22 04:00:00+00:00,134.875,150.05019261149653
2026-06-22 05:00:00+00:00,84.0175,154.6506822739346
2026-06-22 06:00:00+00:00,5.3,109.92325093245796
2026-06-22 07:00:00+00:00,-0.01,59.1602154456254
2026-06-22 08:00:00+00:00,-0.01,58.45038792604858
2026-06-22 09:00:00+00:00,-0.01,59.66856008789826
2026-06-22 10:00:00+00:00,-0.01,59.652229431848895
2026-06-22 11:00:00+00:00,-0.01,60.56285136992703
2026-06-22 12:00:00+00:00,-0.005,59.99312496917584
2026-06-22 13:00:00+00:00,0.005,62.0854530276048
2026-06-22 14:00:00+00:00,37.4675,63.38213552527279
2026-06-22 15:00:00+00:00,123.385,85.64684521421441
2026-06-22 16:00:00+00:00,156.6,159.14632147857066
2026-06-22 17:00:00+00:00,154.75,177.7806961138839
2026-06-22 18:00:00+00:00,148.72,165.83385904090088
2026-06-22 19:00:00+00:00,126.43,133.99675829707084
2026-06-22 20:00:00+00:00,133.05,125.6082657762668
2026-06-22 21:00:00+00:00,153.4025,125.50414131517448
2026-06-22 22:00:00+00:00,146.4675,136.43402212652327
2026-06-22 23:00:00+00:00,140.15,125.88932468938998
2026-06-23 00:00:00+00:00,135.9675,135.57810016305393
2026-06-23 01:00:00+00:00,136.87,135.12866276136216
2026-06-23 02:00:00+00:00,134.9975,138.62847315045775
2026-06-23 03:00:00+00:00,137.7425,147.64719529483767
2026-06-23 04:00:00+00:00,140.0025,158.61745980975746
2026-06-23 05:00:00+00:00,114.6775,153.74768616968652
2026-06-23 06:00:00+00:00,50.4075,133.7664338684775
2026-06-23 07:00:00+00:00,2.75,83.8922353399415
2026-06-23 08:00:00+00:00,0.0,58.91410084445482
2026-06-23 09:00:00+00:00,65.9725,58.43942174415302
2026-06-23 10:00:00+00:00,68.4275,93.3851808519682
2026-06-23 11:00:00+00:00,62.5775,93.24030016480003
2026-06-23 12:00:00+00:00,70.8825,80.98530174145023
2026-06-23 13:00:00+00:00,93.465,89.52744012614792
2026-06-23 14:00:00+00:00,123.4675,109.83294577229032
2026-06-23 15:00:00+00:00,142.3725,148.93724631425184
2026-06-23 16:00:00+00:00,189.71,164.74723495670727
2026-06-23 17:00:00+00:00,238.715,197.757994579617
2026-06-23 18:00:00+00:00,183.3725,205.8461313194286
2026-06-23 19:00:00+00:00,229.875,152.58716667059414
2026-06-23 20:00:00+00:00,172.41,177.78869738701826
2026-06-23 21:00:00+00:00,187.2175,149.73713118163002
2026-06-23 22:00:00+00:00,164.11,163.67293702550012
2026-06-23 23:00:00+00:00,157.585,141.84423837551788
2026-06-24 00:00:00+00:00,145.6925,155.09521084161605
2026-06-24 01:00:00+00:00,141.015,146.21368998399822
2026-06-24 02:00:00+00:00,140.3175,143.46903805479877
2026-06-24 03:00:00+00:00,147.3025,153.43049681739427
2026-06-24 04:00:00+00:00,146.88,173.06412160367591
2026-06-24 05:00:00+00:00,135.02,170.86308674861422
2026-06-24 06:00:00+00:00,118.865,152.37896496645718
2026-06-24 07:00:00+00:00,101.4225,132.0267815565663
2026-06-24 08:00:00+00:00,53.0,116.79944029167751
2026-06-24 09:00:00+00:00,70.3875,83.76906588140832
2026-06-24 10:00:00+00:00,62.75,93.77968118576665
2026-06-24 11:00:00+00:00,91.3975,87.32566524450868
2026-06-24 12:00:00+00:00,98.0925,109.72012601238404
2026-06-24 13:00:00+00:00,109.255,116.24691004681773
2026-06-24 14:00:00+00:00,130.0,137.70629878508183
2026-06-24 15:00:00+00:00,151.14999999999998,157.96039340316224
2026-06-24 16:00:00+00:00,197.1175,189.75017325499968
2026-06-24 17:00:00+00:00,198.75,222.3283140554821
2026-06-24 18:00:00+00:00,177.31,199.99777267731912
2026-06-24 19:00:00+00:00,177.3075,179.04033566649457
2026-06-24 20:00:00+00:00,230.01,172.29872965036122
2026-06-24 21:00:00+00:00,211.73,197.25457060084636
2026-06-24 22:00:00+00:00,169.8175,183.46726845946745
2026-06-24 23:00:00+00:00,156.1025,153.61884288856902
2026-06-25 00:00:00+00:00,148.3675,159.23737563506307
2026-06-25 01:00:00+00:00,145.8625,155.60774532039395
2026-06-25 02:00:00+00:00,144.71,152.2892534846067
2026-06-25 03:00:00+00:00,147.855,160.5530698381705
2026-06-25 04:00:00+00:00,153.3025,171.7657445762508
2026-06-25 05:00:00+00:00,119.05,165.68080760675363
2026-06-25 06:00:00+00:00,20.91,132.8816450676535
2026-06-25 07:00:00+00:00,15.995,73.015657757323
2026-06-25 08:00:00+00:00,56.645,65.08331488485516
2026-06-25 09:00:00+00:00,69.25,91.99208125532651
2026-06-25 10:00:00+00:00,45.9225,95.68606752241837
2026-06-25 11:00:00+00:00,38.325,85.58606039022837
2026-06-25 12:00:00+00:00,39.6725,78.38610450538641
2026-06-25 13:00:00+00:00,42.5,90.62318930468717
2026-06-25 14:00:00+00:00,109.7025,101.43776250026593
2026-06-25 15:00:00+00:00,143.4875,149.11269113227732
2026-06-25 16:00:00+00:00,205.4175,185.93926631503555
2026-06-25 17:00:00+00:00,207.82,224.6806037269356
2026-06-25 18:00:00+00:00,212.035,206.72745262007078
2026-06-25 19:00:00+00:00,169.52249999999998,173.35573146002469
2026-06-25 20:00:00+00:00,172.64749999999998,160.84098266484355
2026-06-25 21:00:00+00:00,177.0025,159.84144677649522
2026-06-25 22:00:00+00:00,147.93,159.88441624848144
2026-06-25 23:00:00+00:00,131.8025,139.25408895407332
2026-06-26 00:00:00+00:00,124.0075,138.3393352644411
2026-06-26 01:00:00+00:00,119.275,131.26461671550592
2026-06-26 02:00:00+00:00,119.4425,129.4259352736416
2026-06-26 03:00:00+00:00,126.4475,139.64966590864626
2026-06-26 04:00:00+00:00,139.525,150.76293885107822
2026-06-26 05:00:00+00:00,109.1,149.65516244539484
2026-06-26 06:00:00+00:00,15.995,117.43134523028732
2026-06-26 07:00:00+00:00,-0.0075,58.236145361975716
2026-06-26 08:00:00+00:00,-0.01,55.361574658583635
2026-06-26 09:00:00+00:00,0.0,58.574448713210856
2026-06-26 10:00:00+00:00,0.01,53.028420663558464
2026-06-26 11:00:00+00:00,6.26,55.0472346021114
2026-06-26 12:00:00+00:00,9.455,56.95107438634081
2026-06-26 13:00:00+00:00,15.505,62.91945867501522
2026-06-26 14:00:00+00:00,56.12,84.07950149503044
2026-06-26 15:00:00+00:00,142.5,111.37582618939983
2026-06-26 16:00:00+00:00,167.885,179.14959481430617
2026-06-26 17:00:00+00:00,125.2575,198.95623273735623
2026-06-26 18:00:00+00:00,132.2375,155.72703832216726
2026-06-26 19:00:00+00:00,130.7425,128.86869953177845
2026-06-26 20:00:00+00:00,132.95,133.73478199938856
2026-06-26 21:00:00+00:00,152.21,137.58266338863226
2026-06-26 22:00:00+00:00,142.375,137.44571165969185
2026-06-26 23:00:00+00:00,130.7175,125.56311610147925
2026-06-27 00:00:00+00:00,121.91,131.6698199057894
2026-06-27 01:00:00+00:00,115.83,125.47612309478791
2026-06-27 02:00:00+00:00,115.325,120.66010876569352
2026-06-27 03:00:00+00:00,114.0,124.10658506164279
2026-06-27 04:00:00+00:00,108.75,125.10857664934564
2026-06-27 05:00:00+00:00,21.7675,110.21736008947644
2026-06-27 06:00:00+00:00,-0.0075,47.06507937952654
2026-06-27 07:00:00+00:00,-0.01,40.95438022001706
2026-06-27 08:00:00+00:00,-0.01,41.9201168530429
2026-06-27 09:00:00+00:00,-0.01,44.19103186371906
2026-06-27 10:00:00+00:00,-0.01,45.08265114451078
2026-06-27 11:00:00+00:00,-0.01,46.24076311879236
2026-06-27 12:00:00+00:00,-0.01,49.101626261451756
2026-06-27 13:00:00+00:00,-0.01,54.83095423302079
2026-06-27 14:00:00+00:00,6.3875,58.22395490629938
2026-06-27 15:00:00+00:00,101.7625,85.33157262529753
2026-06-27 16:00:00+00:00,130.76,137.2563413972918
2026-06-27 17:00:00+00:00,138.2075,151.05159966448164
2026-06-27 18:00:00+00:00,140.01,145.77335117363938
2026-06-27 19:00:00+00:00,131.8,124.26759224512317
2026-06-27 20:00:00+00:00,127.3,121.56981788715915
2026-06-27 21:00:00+00:00,140.005,126.11768727310115
2026-06-27 22:00:00+00:00,137.3,125.54891481308633
2026-06-27 23:00:00+00:00,125.26,125.49387476410516
2026-06-28 00:00:00+00:00,119.6825,124.75878987666064
2026-06-28 01:00:00+00:00,115.6875,119.64082979643239
2026-06-28 02:00:00+00:00,114.735,117.64438994037504
2026-06-28 03:00:00+00:00,115.1,119.6650054807861
2026-06-28 04:00:00+00:00,112.0625,118.83478213304501
2026-06-28 05:00:00+00:00,5.1875,105.77628315957247
2026-06-28 06:00:00+00:00,-0.015,37.1136947798894
2026-06-28 07:00:00+00:00,-0.325,36.52775956491584
2026-06-28 08:00:00+00:00,-0.775,37.26265278318016
2026-06-28 09:00:00+00:00,-0.02,41.18079465953184
2026-06-28 10:00:00+00:00,-0.02,43.79456084277312
2026-06-28 11:00:00+00:00,-0.02,44.83824299816753
2026-06-28 12:00:00+00:00,-0.02,46.754489340245414
2026-06-28 13:00:00+00:00,-0.0125,53.04180386806898
2026-06-28 14:00:00+00:00,-0.01,55.88062202189296
2026-06-28 15:00:00+00:00,58.815,70.1160873356061
2026-06-28 16:00:00+00:00,122.1725,102.3719801870062
2026-06-28 17:00:00+00:00,127.0375,146.33232387773737
2026-06-28 18:00:00+00:00,136.6875,138.15152436877273
2026-06-28 19:00:00+00:00,136.695,123.32309378850887
2026-06-28 20:00:00+00:00,127.9825,125.22088711298498
2026-06-28 21:00:00+00:00,126.1275,121.66704784421795
2026-06-28 22:00:00+00:00,123.1175,122.42922383866207
2026-06-28 23:00:00+00:00,113.665,120.7467193918662
2026-06-29 00:00:00+00:00,113.0775,122.73546695640222
2026-06-29 01:00:00+00:00,109.9475,120.29356090276909
2026-06-29 02:00:00+00:00,116.04,122.80716454190832
2026-06-29 03:00:00+00:00,129.0775,135.3378639134991
2026-06-29 04:00:00+00:00,138.25,156.92786685144102
2026-06-29 05:00:00+00:00,45.0275,155.30521696291083
2026-06-29 06:00:00+00:00,2.1075,80.71817089377149
2026-06-29 07:00:00+00:00,-0.01,59.269757846081376
2026-06-29 08:00:00+00:00,-0.01,57.58733717283533
2026-06-29 09:00:00+00:00,-0.01,58.44231538298206
2026-06-29 10:00:00+00:00,-0.01,57.791907907457656
2026-06-29 11:00:00+00:00,-0.01,58.24148241431081
2026-06-29 12:00:00+00:00,0.0,58.44708647075886
2026-06-29 13:00:00+00:00,0.0,62.241477820393825
2026-06-29 14:00:00+00:00,25.135,64.28772108488353
2026-06-29 15:00:00+00:00,121.585,75.09496163629443
2026-06-29 16:00:00+00:00,141.41500000000002,159.37930238458299
2026-06-29 17:00:00+00:00,206.2,176.8744081928064
2026-06-29 18:00:00+00:00,164.4875,203.51589362679448
2026-06-29 19:00:00+00:00,153.4,138.4403817115113
2026-06-29 20:00:00+00:00,200.7375,131.4027714604073
2026-06-29 21:00:00+00:00,172.85,170.80023063542063
2026-06-29 22:00:00+00:00,165.015,142.08320470714028
2026-06-29 23:00:00+00:00,149.2,138.3914735949987
2026-06-30 00:00:00+00:00,136.59,149.5963215732287
2026-06-30 01:00:00+00:00,132.07,136.88186625848618
2026-06-30 02:00:00+00:00,135.3375,135.25328793117973
2026-06-30 03:00:00+00:00,135.195,152.51778415512177
2026-06-30 04:00:00+00:00,148.04,161.12597239205232
2026-06-30 05:00:00+00:00,57.7275,159.96187076355565
2026-06-30 06:00:00+00:00,6.26,88.1035895894014
2026-06-30 07:00:00+00:00,0.0025,66.23893953105764
2026-06-30 08:00:00+00:00,0.0,60.335200098033454
2026-06-30 09:00:00+00:00,70.8175,61.40235771575628
2026-06-30 10:00:00+00:00,84.1925,95.4353692694352
2026-06-30 11:00:00+00:00,33.335,105.42742313117805
2026-06-30 12:00:00+00:00,66.89,75.49533993085657
2026-06-30 13:00:00+00:00,25.995,104.2067999318146
2026-06-30 14:00:00+00:00,65.515,74.54245910404975
2026-06-30 15:00:00+00:00,183.2,120.94292705345376
2026-06-30 16:00:00+00:00,195.58,207.9600110794155
2026-06-30 17:00:00+00:00,249.9975,239.9062427646108
2026-06-30 18:00:00+00:00,405.425,254.57198277728872
2026-06-30 19:00:00+00:00,369.715,289.59333793198084
2026-06-30 20:00:00+00:00,262.9825,276.57530492564763
2026-06-30 21:00:00+00:00,226.225,228.7401767500586
2026-06-30 22:00:00+00:00,161.9225,214.83345728906312
2026-06-30 23:00:00+00:00,158.9425,159.5062413157602
2026-07-01 00:00:00+00:00,152.7625,181.48066178401461
2026-07-01 01:00:00+00:00,150.495,177.99248469877028
2026-07-01 02:00:00+00:00,159.395,179.72689256301686
2026-07-01 03:00:00+00:00,167.2075,203.20598452698607
2026-07-01 04:00:00+00:00,180.8625,223.45158723580147
2026-07-01 05:00:00+00:00,151.7625,242.23669103486125
2026-07-01 06:00:00+00:00,128.5375,207.1452302378405
2026-07-01 07:00:00+00:00,109.955,162.46823024539924
2026-07-01 08:00:00+00:00,94.41,140.4426776869979
2026-07-01 09:00:00+00:00,84.01,127.59542560128634
2026-07-01 10:00:00+00:00,103.1525,120.37475962421992
2026-07-01 11:00:00+00:00,115.2,137.0166001284915
2026-07-01 12:00:00+00:00,111.225,145.38435528818155
2026-07-01 13:00:00+00:00,106.39,144.73495820025158
2026-07-01 14:00:00+00:00,162.545,145.73982215932597
2026-07-01 15:00:00+00:00,193.965,217.71253889356294
2026-07-01 16:00:00+00:00,238.9525,245.8121140787465
2026-07-01 17:00:00+00:00,330.46500000000003,292.80915749081976
2026-07-01 18:00:00+00:00,190.675,374.8194602073793
2026-07-01 19:00:00+00:00,271.145,238.31985593174875
2026-07-01 20:00:00+00:00,333.4925,236.97958662327932
2026-07-01 21:00:00+00:00,201.2625,255.10757628134252
2026-07-01 22:00:00+00:00,154.5875,184.93105659138615
2026-07-01 23:00:00+00:00,150.915,150.10276427441346
2026-07-02 00:00:00+00:00,144.07,164.03716858509694
2026-07-02 01:00:00+00:00,145.005,155.24229283911598
2026-07-02 02:00:00+00:00,139.4475,161.11123442209032
2026-07-02 03:00:00+00:00,141.38,167.5447104007357
2026-07-02 04:00:00+00:00,146.39999999999998,181.4094367248636
2026-07-02 05:00:00+00:00,113.3825,179.58199324912536
2026-07-02 06:00:00+00:00,95.5975,140.26259219510658
2026-07-02 07:00:00+00:00,72.6375,123.19403068176437
2026-07-02 08:00:00+00:00,71.345,106.45218976448632
2026-07-02 09:00:00+00:00,93.75,108.80334752924196
2026-07-02 10:00:00+00:00,108.97,122.5795015789688
2026-07-02 11:00:00+00:00,108.59,140.4514328137272
2026-07-02 12:00:00+00:00,96.7575,138.25061329520565
2026-07-02 13:00:00+00:00,126.875,130.4852660627598
2026-07-02 14:00:00+00:00,139.055,172.76562727245488
2026-07-02 15:00:00+00:00,187.065,190.18874152685552
2026-07-02 16:00:00+00:00,242.16,246.23721924750504
2026-07-02 17:00:00+00:00,245.445,329.79099337035655
2026-07-02 18:00:00+00:00,213.2,259.9629121985793
2026-07-02 19:00:00+00:00,203.3525,208.53255471740056
2026-07-02 20:00:00+00:00,176.555,223.4347044958702
2026-07-02 21:00:00+00:00,175.79500000000002,173.1550435171596
2026-07-02 22:00:00+00:00,158.1875,164.9507211999112
2026-07-02 23:00:00+00:00,144.73000000000002,147.37210929190903
2026-07-03 00:00:00+00:00,136.035,147.25622412278565
2026-07-03 01:00:00+00:00,132.79500000000002,143.74888544494033
2026-07-03 02:00:00+00:00,133.38,142.61472513200448
2026-07-03 03:00:00+00:00,130.0975,153.10524937226046
2026-07-03 04:00:00+00:00,144.235,164.04129610392525
2026-07-03 05:00:00+00:00,111.8975,158.5145904731647
2026-07-03 06:00:00+00:00,73.6225,122.67134252151948
2026-07-03 07:00:00+00:00,37.1225,90.86637916324378
2026-07-03 08:00:00+00:00,9.97,73.29755838539813
2026-07-03 09:00:00+00:00,9.58,66.69115534807986
2026-07-03 10:00:00+00:00,9.9825,69.83868793068063
2026-07-03 11:00:00+00:00,12.985,73.30481408381841
2026-07-03 12:00:00+00:00,25.5075,69.5584883802382
2026-07-03 13:00:00+00:00,36.2775,88.134560347221
2026-07-03 14:00:00+00:00,61.6175,96.5128022313065
2026-07-03 15:00:00+00:00,142.0,126.30890308146567
2026-07-03 16:00:00+00:00,151.265,191.53060075878864
2026-07-03 17:00:00+00:00,159.74,197.9426412387973
2026-07-03 18:00:00+00:00,170.1825,174.09699755951874
2026-07-03 19:00:00+00:00,159.47,152.54474542511645
2026-07-03 20:00:00+00:00,154.15,144.2773636059864
2026-07-03 21:00:00+00:00,140.935,150.00455203102135
2026-07-03 22:00:00+00:00,130.9225,136.03562847313265
2026-07-03 23:00:00+00:00,127.7975,123.97197444639608
2026-07-04 00:00:00+00:00,128.19,128.91533245649643
2026-07-04 01:00:00+00:00,122.7475,129.5655659883574
2026-07-04 02:00:00+00:00,111.6375,130.4633969724383
2026-07-04 03:00:00+00:00,102.8975,122.21982921781428
2026-07-04 04:00:00+00:00,95.1975,117.58620900470625
2026-07-04 05:00:00+00:00,76.3125,105.59156279903853
2026-07-04 06:00:00+00:00,26.0,91.38192415332347
2026-07-04 07:00:00+00:00,1.0575,52.35430605920915
2026-07-04 08:00:00+00:00,-0.0025,46.26019794298112
2026-07-04 09:00:00+00:00,0.0,47.08001852707966
2026-07-04 10:00:00+00:00,0.0,46.36534116172828
2026-07-04 11:00:00+00:00,0.0,47.59263041222967
2026-07-04 12:00:00+00:00,0.0,50.32166792109926
2026-07-04 13:00:00+00:00,-0.0075,56.03790537773193
2026-07-04 14:00:00+00:00,5.7325,59.69321500648918
2026-07-04 15:00:00+00:00,95.1775,86.13532623056918
2026-07-04 16:00:00+00:00,123.5425,129.09343226756826
2026-07-04 17:00:00+00:00,129.9975,157.73218409601563
2026-07-04 18:00:00+00:00,129.4125,153.32461492800996
2026-07-04 19:00:00+00:00,136.245,127.43877365606703
2026-07-04 20:00:00+00:00,160.0075,129.59635783556575
2026-07-04 21:00:00+00:00,156.005,141.41982624922315
2026-07-04 22:00:00+00:00,133.5425,139.72357900348612
2026-07-04 23:00:00+00:00,145.0,124.36393847977529
2026-07-05 00:00:00+00:00,112.335,141.7950441795391
2026-07-05 01:00:00+00:00,111.71,118.7852655921061
2026-07-05 02:00:00+00:00,109.955,115.00623300017163
2026-07-05 03:00:00+00:00,104.345,116.73406046965312
2026-07-05 04:00:00+00:00,88.46000000000001,110.55456539814851
2026-07-05 05:00:00+00:00,23.64,90.2153128039063
2026-07-05 06:00:00+00:00,-0.01,46.310546090426854
2026-07-05 07:00:00+00:00,-0.01,37.105210287086564
2026-07-05 08:00:00+00:00,-0.0125,37.5760974117473
2026-07-05 09:00:00+00:00,-0.01,41.49423928809898
2026-07-05 10:00:00+00:00,-0.01,44.10800547134026
2026-07-05 11:00:00+00:00,-0.01,44.84701773831999
2026-07-05 12:00:00+00:00,-0.01,44.6174906473025
2026-07-05 13:00:00+00:00,-0.0075,51.90375191518366
2026-07-05 14:00:00+00:00,2.2125,55.176043441529245
2026-07-05 15:00:00+00:00,64.89,68.69863293525663
2026-07-05 16:00:00+00:00,140.0,108.83763927628809
2026-07-05 17:00:00+00:00,132.1575,159.244273992945
2026-07-05 18:00:00+00:00,137.33249999999998,144.33469711152443
2026-07-05 19:00:00+00:00,134.22,129.01561324604663
2026-07-05 20:00:00+00:00,137.26,131.47579673040676
2026-07-05 21:00:00+00:00,137.6575,129.38586157358722
2026-07-05 22:00:00+00:00,145.2425,126.08625868971666
2026-07-05 23:00:00+00:00,134.5975,129.30324420567766
2026-07-06 00:00:00+00:00,129.60750000000002,133.66592479746757
2026-07-06 01:00:00+00:00,125.2225,131.53841843807405
2026-07-06 02:00:00+00:00,125.3575,132.46574889780732
2026-07-06 03:00:00+00:00,133.0725,141.4143787026669
2026-07-06 04:00:00+00:00,136.52,162.19569401846928
2026-07-06 05:00:00+00:00,135.4875,149.72936618492545
2026-07-06 06:00:00+00:00,56.0775,146.43395162491868
2026-07-06 07:00:00+00:00,41.5425,88.61141091116085
2026-07-06 08:00:00+00:00,67.6925,78.88142619161763
2026-07-06 09:00:00+00:00,66.6225,97.28722709600845
2026-07-06 10:00:00+00:00,43.4125,91.81689018044901
2026-07-06 11:00:00+00:00,36.6675,72.56633660925806
2026-07-06 12:00:00+00:00,37.41,67.29747296668866
2026-07-06 13:00:00+00:00,39.5575,68.06908478800091
2026-07-06 14:00:00+00:00,87.4525,65.40192674913891
2026-07-06 15:00:00+00:00,117.7175,109.8883178732328
2026-07-06 16:00:00+00:00,159.32999999999998,147.3250259847548
2026-07-06 17:00:00+00:00,167.9175,183.11761143691155
2026-07-06 18:00:00+00:00,174.585,166.90343816288095
2026-07-06 19:00:00+00:00,152.63,152.16695791272053
2026-07-06 20:00:00+00:00,164.3375,146.2854198137588
2026-07-06 21:00:00+00:00,142.5075,151.5254581749757
2026-07-06 22:00:00+00:00,147.57999999999998,137.71869081371057
2026-07-06 23:00:00+00:00,131.355,139.4142194337505
2026-07-07 00:00:00+00:00,118.535,141.1577596381851
2026-07-07 01:00:00+00:00,110.6225,129.27754839220222
2026-07-07 02:00:00+00:00,110.865,129.01375953721413
2026-07-07 03:00:00+00:00,125.4625,135.61857069390962
2026-07-07 04:00:00+00:00,137.8925,152.80687492935277
2026-07-07 05:00:00+00:00,128.0675,149.22180352805353
2026-07-07 06:00:00+00:00,91.1375,129.0251104735048
2026-07-07 07:00:00+00:00,37.4525,101.77750961707804
2026-07-07 08:00:00+00:00,37.395,64.93265347763646
2026-07-07 09:00:00+00:00,25.105,65.8353733113958
2026-07-07 10:00:00+00:00,15.9975,57.807971027611316
2026-07-07 11:00:00+00:00,22.005,51.702007112545516
2026-07-07 12:00:00+00:00,16.8725,53.22588589414079
2026-07-07 13:00:00+00:00,37.370000000000005,57.692009963018805
2026-07-07 14:00:00+00:00,94.2825,74.29492672361565
2026-07-07 15:00:00+00:00,127.1375,132.04021155262552
2026-07-07 16:00:00+00:00,145.9375,164.42307076998802
2026-07-07 17:00:00+00:00,164.9825,182.8061363031146
2026-07-07 18:00:00+00:00,174.22,193.46794559979685
2026-07-07 19:00:00+00:00,165.63,173.86024433885976
2026-07-07 20:00:00+00:00,158.25,159.92292550305126
2026-07-07 21:00:00+00:00,159.965,149.44190123213255
2026-07-07 22:00:00+00:00,156.10250000000002,144.5476778449415
2026-07-07 23:00:00+00:00,142.75,141.81490848015721
2026-07-08 00:00:00+00:00,137.04999999999998,142.26177244044723
2026-07-08 01:00:00+00:00,130.64249999999998,139.35980335618282
2026-07-08 02:00:00+00:00,130.7425,139.8197639166543
2026-07-08 03:00:00+00:00,163.33249999999998,152.31764733148947
2026-07-08 04:00:00+00:00,163.82999999999998,184.4697315243204
2026-07-08 05:00:00+00:00,149.4325,185.5704839459226
2026-07-08 06:00:00+00:00,63.405,162.48539505286288
2026-07-08 07:00:00+00:00,46.0725,93.67482956759906
2026-07-08 08:00:00+00:00,50.9575,84.38307941454983
2026-07-08 09:00:00+00:00,78.3925,82.75793856699866
2026-07-08 10:00:00+00:00,80.3125,99.599979493296
2026-07-08 11:00:00+00:00,78.78,103.13163304464102
2026-07-08 12:00:00+00:00,52.2575,96.92318756870057
2026-07-08 13:00:00+00:00,74.92750000000001,81.61022794297656
2026-07-08 14:00:00+00:00,92.3325,109.48891988461814
2026-07-08 15:00:00+00:00,126.6675,133.87031139472094
2026-07-08 16:00:00+00:00,144.725,163.52726801698452
2026-07-08 17:00:00+00:00,138.14749999999998,188.64928089577262
2026-07-08 18:00:00+00:00,161.9975,163.4099211140605
2026-07-08 19:00:00+00:00,160.05,162.29280036885925
2026-07-08 20:00:00+00:00,159.2175,166.18395562802863
2026-07-08 21:00:00+00:00,145.2075,153.59489128880523
2026-07-08 22:00:00+00:00,146.235,141.4920060357965
2026-07-08 23:00:00+00:00,136.5025,136.38228760551357
2026-07-09 00:00:00+00:00,129.3975,142.9594205407751
2026-07-09 01:00:00+00:00,125.9825,139.47767956181298
2026-07-09 02:00:00+00:00,127.49,139.0660014722234
2026-07-09 03:00:00+00:00,134.0825,153.49402413975923
2026-07-09 04:00:00+00:00,146.8125,164.7322041492937
2026-07-09 05:00:00+00:00,146.92000000000002,162.96173827819143
2026-07-09 06:00:00+00:00,118.6325,144.7396316732923
2026-07-09 07:00:00+00:00,85.1375,121.38194975340362
2026-07-09 08:00:00+00:00,60.975,91.8261389079288
2026-07-09 09:00:00+00:00,75.74249999999999,82.2790434291771
2026-07-09 10:00:00+00:00,60.585,95.4916459773674
2026-07-09 11:00:00+00:00,39.4975,82.56030775513005
2026-07-09 12:00:00+00:00,36.585,66.14329945414498
2026-07-09 13:00:00+00:00,54.3525,77.02524708826482
2026-07-09 14:00:00+00:00,80.045,94.91708087105968
2026-07-09 15:00:00+00:00,114.7325,120.47695204557431
2026-07-09 16:00:00+00:00,142.2425,151.1982583230576
2026-07-09 17:00:00+00:00,166.07999999999998,168.91428384495742
2026-07-09 18:00:00+00:00,203.775,177.3188779657346
2026-07-09 19:00:00+00:00,205.5825,177.01796853310174
2026-07-09 20:00:00+00:00,181.415,175.30618012942693
2026-07-09 21:00:00+00:00,161.55,165.49252699147002
2026-07-09 22:00:00+00:00,152.4775,150.67855945668737
2026-07-09 23:00:00+00:00,143.10250000000002,139.92332741345723
2026-07-10 00:00:00+00:00,139.135,148.53696301458683
2026-07-10 01:00:00+00:00,137.76,141.8685026206605
2026-07-10 02:00:00+00:00,139.0625,142.80796963191565
2026-07-10 03:00:00+00:00,141.805,152.33957640037406
2026-07-10 04:00:00+00:00,150.35750000000002,165.77549926728892
2026-07-10 05:00:00+00:00,142.3325,167.4944450853253
2026-07-10 06:00:00+00:00,50.9125,143.97016704208102
2026-07-10 07:00:00+00:00,36.4775,77.4758442105036
2026-07-10 08:00:00+00:00,49.2125,66.26877798100872
2026-07-10 09:00:00+00:00,78.515,77.47967889990468
2026-07-10 10:00:00+00:00,54.5575,91.61920024895574
2026-07-10 11:00:00+00:00,37.36,76.56711562564996
2026-07-10 12:00:00+00:00,40.95,64.11576481890084
2026-07-10 13:00:00+00:00,62.1,72.25241994733761
2026-07-10 14:00:00+00:00,88.8675,91.79137519619402
2026-07-10 15:00:00+00:00,131.13,125.42671502809104
2026-07-10 16:00:00+00:00,160.0625,157.90459444480055
2026-07-10 17:00:00+00:00,166.585,183.57975574371957
2026-07-10 18:00:00+00:00,180.4425,178.2080493742181
2026-07-10 19:00:00+00:00,169.7075,173.55739147606565
2026-07-10 20:00:00+00:00,168.0,157.97552181646407
2026-07-10 21:00:00+00:00,154.4625,151.50563814243978
2026-07-10 22:00:00+00:00,156.3425,143.56803768993322
2026-07-10 23:00:00+00:00,150.22,141.23566750829303
2026-07-11 00:00:00+00:00,141.9675,151.34377099228698
2026-07-11 01:00:00+00:00,139.805,140.25594439645465
2026-07-11 02:00:00+00:00,145.8375,138.46732180416865
2026-07-11 03:00:00+00:00,143.45,147.1971070409833
2026-07-11 04:00:00+00:00,133.4775,150.21726494656008
2026-07-11 05:00:00+00:00,93.7725,138.52833795447515
2026-07-11 06:00:00+00:00,84.71,98.73643376768308
2026-07-11 07:00:00+00:00,35.0,88.26165004384066
2026-07-11 08:00:00+00:00,16.0875,59.04051277657979
2026-07-11 09:00:00+00:00,0.3275,57.26446005405505
2026-07-11 10:00:00+00:00,0.0,51.23537453721613
2026-07-11 11:00:00+00:00,0.01,49.125122956038894
2026-07-11 12:00:00+00:00,0.01,52.755969019489626
2026-07-11 13:00:00+00:00,1.1625,59.846038678567425
2026-07-11 14:00:00+00:00,47.95,68.9941788862884
2026-07-11 15:00:00+00:00,138.3975,104.73690584001699
2026-07-11 16:00:00+00:00,159.46,165.36498480210633
2026-07-11 17:00:00+00:00,159.46,184.0006960072261
2026-07-11 18:00:00+00:00,164.0575,175.14298261813602
2026-07-11 19:00:00+00:00,156.3675,149.67006799549569
2026-07-11 20:00:00+00:00,154.8875,150.60135410685297
2026-07-11 21:00:00+00:00,149.02,147.88789718950713
2026-07-11 22:00:00+00:00,137.4425,139.37083765639588
2026-07-11 23:00:00+00:00,131.885,134.255547052251
2026-07-12 00:00:00+00:00,125.57,129.3877153438038
2026-07-12 01:00:00+00:00,125.1,125.38911564008232
2026-07-12 02:00:00+00:00,122.8825,126.42974719675027
2026-07-12 03:00:00+00:00,119.7475,128.70549920172863
2026-07-12 04:00:00+00:00,111.6125,125.04917676225192
2026-07-12 05:00:00+00:00,99.775,111.48904286307365
2026-07-12 06:00:00+00:00,25.995,105.19834931119698
2026-07-12 07:00:00+00:00,3.1375,49.53768009807152
2026-07-12 08:00:00+00:00,-0.01,42.66036900767875
2026-07-12 09:00:00+00:00,-0.0075,44.76264696711907
2026-07-12 10:00:00+00:00,0.0,46.04497502460664
2026-07-12 11:00:00+00:00,0.0,46.31073485741304
2026-07-12 12:00:00+00:00,0.005,49.67734243083629
2026-07-12 13:00:00+00:00,0.5725,56.56672797856706
2026-07-12 14:00:00+00:00,13.1075,57.592454202011965
2026-07-12 15:00:00+00:00,76.425,84.62941677857143
2026-07-12 16:00:00+00:00,112.8,119.53405658504111
2026-07-12 17:00:00+00:00,138.14,144.74245071144477
2026-07-12 18:00:00+00:00,140.3625,156.35811489790257
2026-07-12 19:00:00+00:00,144.4875,131.58039003423667
2026-07-12 20:00:00+00:00,144.93,135.58094761119173
2026-07-12 21:00:00+00:00,139.3175,135.1597875306262
2026-07-12 22:00:00+00:00,129.73,130.73375615343153
2026-07-12 23:00:00+00:00,124.2725,125.76947246470365
2026-07-13 00:00:00+00:00,121.3175,133.62977227101592
2026-07-13 01:00:00+00:00,122.2725,129.32167856329295
2026-07-13 02:00:00+00:00,123.71,135.1619065735068
2026-07-13 03:00:00+00:00,135.7025,145.90555490336195
2026-07-13 04:00:00+00:00,149.5775,165.76370116693252
2026-07-13 05:00:00+00:00,114.5475,178.79943060580635
2026-07-13 06:00:00+00:00,55.9,128.38426607383414
2026-07-13 07:00:00+00:00,25.755,88.51925392010111
2026-07-13 08:00:00+00:00,29.91,67.57146699905721
2026-07-13 09:00:00+00:00,68.8775,72.56767723598678
2026-07-13 10:00:00+00:00,68.65,90.92163385909001
2026-07-13 11:00:00+00:00,76.0425,90.31121507944971
2026-07-13 12:00:00+00:00,79.7625,93.1969382807855
2026-07-13 13:00:00+00:00,86.95750000000001,94.81097573289239
2026-07-13 14:00:00+00:00,102.095,99.49801956085139
2026-07-13 15:00:00+00:00,133.66,119.56907555731057
2026-07-13 16:00:00+00:00,156.08249999999998,160.10154994268478
2026-07-13 17:00:00+00:00,148.1625,179.00322861821797
2026-07-13 18:00:00+00:00,133.5125,164.79485919497688
2026-07-13 19:00:00+00:00,154.135,134.9752807536738
2026-07-13 20:00:00+00:00,154.4375,148.25169603658077
2026-07-13 21:00:00+00:00,148.805,145.14150009476734
2026-07-13 22:00:00+00:00,142.67000000000002,141.1231869861531
2026-07-13 23:00:00+00:00,133.8875,130.18658284176803
2026-07-14 00:00:00+00:00,127.35,138.84835256571105
2026-07-14 01:00:00+00:00,127.2175,131.8383865969705
2026-07-14 02:00:00+00:00,127.65,135.25474896622762
2026-07-14 03:00:00+00:00,135.02,145.45589606545698
2026-07-14 04:00:00+00:00,150.06,164.39476420320167
2026-07-14 05:00:00+00:00,121.41,165.04106099793302
2026-07-14 06:00:00+00:00,65.495,131.74744443487
2026-07-14 07:00:00+00:00,39.8425,83.61578403570596
2026-07-14 08:00:00+00:00,37.91,63.10562934746763
2026-07-14 09:00:00+00:00,37.2,67.31386370246437
2026-07-14 10:00:00+00:00,75.3425,66.55339616951596
2026-07-14 11:00:00+00:00,80.4025,92.04806101638931
2026-07-14 12:00:00+00:00,83.825,92.80407141415841
2026-07-14 13:00:00+00:00,74.0775,98.40815147675947
2026-07-14 14:00:00+00:00,117.395,103.99518113336005
2026-07-14 15:00:00+00:00,143.3525,140.8538319626259
2026-07-14 16:00:00+00:00,167.685,166.00878133013984
2026-07-14 17:00:00+00:00,179.575,184.73334157340616
2026-07-14 18:00:00+00:00,178.875,182.01096361024503
2026-07-14 19:00:00+00:00,175.01,163.84478308406295
2026-07-14 20:00:00+00:00,168.765,155.56932842793748
2026-07-14 21:00:00+00:00,151.51999999999998,153.29640825420057
2026-07-14 22:00:00+00:00,153.2925,143.78957504353002
2026-07-14 23:00:00+00:00,144.4475,140.55101306564256
2026-07-15 00:00:00+00:00,138.915,149.62914015052556
2026-07-15 01:00:00+00:00,135.555,144.49389194231145
2026-07-15 02:00:00+00:00,139.4425,144.51934202504748
2026-07-15 03:00:00+00:00,150.1,162.57946198238307
2026-07-15 04:00:00+00:00,166.24,181.52205115685535
2026-07-15 05:00:00+00:00,165.32999999999998,181.41442294225138
2026-07-15 06:00:00+00:00,130.825,159.5702875975866
2026-07-15 07:00:00+00:00,111.6175,133.40903128565418
2026-07-15 08:00:00+00:00,108.8925,118.37725390214399
2026-07-15 09:00:00+00:00,30.53,120.00520757011809
2026-07-15 10:00:00+00:00,52.05,66.83717293827709
2026-07-15 11:00:00+00:00,86.5425,79.78556171360282
2026-07-15 12:00:00+00:00,47.3525,96.61876925716993
2026-07-15 13:00:00+00:00,84.84,80.6180247087529
2026-07-15 14:00:00+00:00,133.6475,110.605451032905
2026-07-15 15:00:00+00:00,161.81,156.85997747066986
2026-07-15 16:00:00+00:00,192.8275,184.24123394715986
2026-07-15 17:00:00+00:00,195.0,208.82143936188072
2026-07-15 18:00:00+00:00,187.495,197.1304249047876
2026-07-15 19:00:00+00:00,196.745,176.4798215607996
2026-07-15 20:00:00+00:00,188.38,172.1335986441897
2026-07-15 21:00:00+00:00,171.415,168.33722111180953
2026-07-15 22:00:00+00:00,166.0325,155.66362866906738
2026-07-15 23:00:00+00:00,159.2,150.6132271081307
2026-07-16 00:00:00+00:00,152.865,161.46805796518862
2026-07-16 01:00:00+00:00,148.925,155.78130436819959
2026-07-16 02:00:00+00:00,151.4325,156.72307722599166
2026-07-16 03:00:00+00:00,158.9075,173.42520515166143
2026-07-16 04:00:00+00:00,174.1125,187.1430520123504
2026-07-16 05:00:00+00:00,160.89249999999998,195.8495503357842
2026-07-16 06:00:00+00:00,76.56,174.85080598312564
2026-07-16 07:00:00+00:00,70.2275,104.32393462467796
2026-07-16 08:00:00+00:00,11.885,102.06734638548821
2026-07-16 09:00:00+00:00,77.8175,61.6938347054669
2026-07-16 10:00:00+00:00,89.775,92.44826421892796
2026-07-16 11:00:00+00:00,87.3725,107.23321297968403
2026-07-16 12:00:00+00:00,101.795,98.95400185705336
2026-07-16 13:00:00+00:00,110.6025,119.93432890108686
2026-07-16 14:00:00+00:00,122.2025,137.66992797840715
2026-07-16 15:00:00+00:00,153.0225,155.1959240864475
2026-07-16 16:00:00+00:00,191.6275,184.20431573756866
2026-07-16 17:00:00+00:00,219.22,216.91181186294384
2026-07-16 18:00:00+00:00,230.0325,225.12281644842477
2026-07-16 19:00:00+00:00,212.0125,206.84381826445212
2026-07-16 20:00:00+00:00,206.84,191.78912599887167
2026-07-16 21:00:00+00:00,180.3125,182.64137395040336
2026-07-16 22:00:00+00:00,170.565,168.0471305101021
2026-07-16 23:00:00+00:00,161.45,154.96099816979455
2026-07-17 00:00:00+00:00,151.975,166.92860797570046
2026-07-17 01:00:00+00:00,143.94,160.73876140698698
2026-07-17 02:00:00+00:00,142.89999999999998,154.72186884006476
2026-07-17 03:00:00+00:00,152.8525,163.56257238467472
2026-07-17 04:00:00+00:00,164.13,184.78060010757554
2026-07-17 05:00:00+00:00,134.32999999999998,187.12696403991296
2026-07-17 06:00:00+00:00,83.025,137.05357528830893
2026-07-17 07:00:00+00:00,85.355,94.54977032669134
2026-07-17 08:00:00+00:00,39.675,94.24414218525612
2026-07-17 09:00:00+00:00,39.925,70.97649289740868
2026-07-17 10:00:00+00:00,82.325,70.19715563865063
2026-07-17 11:00:00+00:00,98.2,95.48512607589217
2026-07-17 12:00:00+00:00,93.705,108.58603396195012
2026-07-17 13:00:00+00:00,96.48,113.24228652458893
2026-07-17 14:00:00+00:00,123.025,120.73763680999775
2026-07-17 15:00:00+00:00,160.36,153.59087197771564
2026-07-17 16:00:00+00:00,196.0425,190.08092994483454
2026-07-17 17:00:00+00:00,198.3325,219.8734563279688
2026-07-17 18:00:00+00:00,198.125,209.01418025357242
2026-07-17 19:00:00+00:00,188.425,181.8180234029199
2026-07-17 20:00:00+00:00,194.395,177.13126949157532
2026-07-17 21:00:00+00:00,162.9625,171.65544477902762
2026-07-17 22:00:00+00:00,157.9575,153.79824283217278
2026-07-17 23:00:00+00:00,145.785,149.34634883797233
2026-07-18 00:00:00+00:00,142.0,154.78031885878198
2026-07-18 01:00:00+00:00,135.3,145.71753786686736
2026-07-18 02:00:00+00:00,138.5125,142.92890606051105
2026-07-18 03:00:00+00:00,132.81,153.90803478405957
2026-07-18 04:00:00+00:00,126.9825,154.0943385704535
2026-07-18 05:00:00+00:00,119.9675,138.31072344224222
2026-07-18 06:00:00+00:00,39.77,122.20696084095144
2026-07-18 07:00:00+00:00,19.765,64.41211167031983
2026-07-18 08:00:00+00:00,10.72,53.86187151532518
2026-07-18 09:00:00+00:00,8.1575,56.385382035346396
2026-07-18 10:00:00+00:00,10.385,59.65712533840062
2026-07-18 11:00:00+00:00,11.99,61.92296979865702
2026-07-18 12:00:00+00:00,13.5725,62.98980320705334
2026-07-18 13:00:00+00:00,22.3225,75.55822570326671
2026-07-18 14:00:00+00:00,77.465,88.58930623352711
2026-07-18 15:00:00+00:00,143.97500000000002,119.92821785765571
2026-07-18 16:00:00+00:00,187.48,174.48023184071906
2026-07-18 17:00:00+00:00,166.70749999999998,215.6024505973345
2026-07-18 18:00:00+00:00,142.4875,180.78788699764482
2026-07-18 19:00:00+00:00,145.025,141.53525977558454
2026-07-18 20:00:00+00:00,177.16,142.7436723967475
2026-07-18 21:00:00+00:00,155.26,156.6061621665208
2026-07-18 22:00:00+00:00,138.6975,143.9598733751923
2026-07-18 23:00:00+00:00,130.7425,127.13470578372302
2026-07-19 00:00:00+00:00,121.915,132.0949700566438
2026-07-19 01:00:00+00:00,119.13,126.17697843325313
2026-07-19 02:00:00+00:00,117.385,124.52075242808567
2026-07-19 03:00:00+00:00,112.7925,125.8275288817458
2026-07-19 04:00:00+00:00,109.775,124.89465174293625
2026-07-19 05:00:00+00:00,98.48,121.40504961304308
2026-07-19 06:00:00+00:00,46.42,99.3634851528976
2026-07-19 07:00:00+00:00,4.6875,65.67613862641277
2026-07-19 08:00:00+00:00,0.0375,46.883751208303025
2026-07-19 09:00:00+00:00,0.1825,47.60117497205525
2026-07-19 10:00:00+00:00,4.2775,46.72018905757463
2026-07-19 11:00:00+00:00,2.8525,48.74135439261586
2026-07-19 12:00:00+00:00,7.522499999999999,51.62483124767344
2026-07-19 13:00:00+00:00,11.97,61.06108856466045
2026-07-19 14:00:00+00:00,49.305,71.53464552777103
2026-07-19 15:00:00+00:00,109.8675,102.00095567174009
2026-07-19 16:00:00+00:00,156.7725,147.05340900460408
2026-07-19 17:00:00+00:00,142.1775,178.75452767135826
2026-07-19 18:00:00+00:00,148.19,149.76674660018867
2026-07-19 19:00:00+00:00,149.94,134.67353539195486
2026-07-19 20:00:00+00:00,150.005,142.81065918550107
2026-07-19 21:00:00+00:00,138.3075,136.42990433082707
2026-07-19 22:00:00+00:00,147.4525,126.0198865125469
2026-07-19 23:00:00+00:00,138.48250000000002,131.12824787012514
2026-07-20 00:00:00+00:00,132.85000000000002,139.51417629130674
2026-07-20 01:00:00+00:00,130.555,136.6248270228305
2026-07-20 02:00:00+00:00,151.92000000000002,138.21368682150637
2026-07-20 03:00:00+00:00,156.6375,168.24355705989592
2026-07-20 04:00:00+00:00,151.74,182.76092166577965
2026-07-20 05:00:00+00:00,141.1,169.40708438726904
2026-07-20 06:00:00+00:00,112.7725,145.78379340958472
2026-07-20 07:00:00+00:00,80.0375,127.45832627568203
2026-07-20 08:00:00+00:00,59.57,104.88234422247189
2026-07-20 09:00:00+00:00,44.010000000000005,91.8412184452785
2026-07-20 10:00:00+00:00,66.5925,76.35605044504877
2026-07-20 11:00:00+00:00,42.585,95.94671352797462
2026-07-20 12:00:00+00:00,57.795,74.74635347285725
2026-07-20 13:00:00+00:00,81.71000000000001,85.45472010906666
2026-07-20 14:00:00+00:00,98.445,102.77819580481581
2026-07-20 15:00:00+00:00,127.69,124.24747491813363
2026-07-20 16:00:00+00:00,178.85750000000002,161.41677188938695
2026-07-20 17:00:00+00:00,180.155,188.6430919341488
2026-07-20 18:00:00+00:00,186.0725,178.21756783829417
2026-07-20 19:00:00+00:00,190.27,167.63815451410522
2026-07-20 20:00:00+00:00,174.815,167.28637200971133
2026-07-20 21:00:00+00:00,164.985,149.1626206620143
2026-07-20 22:00:00+00:00,172.17,145.88171313360496
2026-07-20 23:00:00+00:00,162.5725,143.91229165151094
2026-07-21 00:00:00+00:00,160.175,160.71672140905656
2026-07-21 01:00:00+00:00,149.915,159.14179441798683
2026-07-21 02:00:00+00:00,148.0225,159.70178125252284
2026-07-21 03:00:00+00:00,154.19,173.7022042014919
2026-07-21 04:00:00+00:00,158.6125,183.22744483462418
2026-07-21 05:00:00+00:00,154.4275,176.0547834697953
2026-07-21 06:00:00+00:00,141.8,161.06904252610636
2026-07-21 07:00:00+00:00,99.745,139.52239361937652
2026-07-21 08:00:00+00:00,92.64,113.10386817849174
2026-07-21 09:00:00+00:00,92.1675,104.35760731524054
2026-07-21 10:00:00+00:00,80.3675,107.63344174696711
2026-07-21 11:00:00+00:00,73.355,96.7751606527045
2026-07-21 12:00:00+00:00,63.9375,93.68966118475788
2026-07-21 13:00:00+00:00,63.5475,93.91981170971466
2026-07-21 14:00:00+00:00,99.495,102.43208921946598
2026-07-21 15:00:00+00:00,160.3275,134.12536545738487
2026-07-21 16:00:00+00:00,197.2575,187.98116205758117
2026-07-21 17:00:00+00:00,216.415,211.37670815646737
2026-07-21 18:00:00+00:00,216.5,219.81166361569245
2026-07-21 19:00:00+00:00,202.9475,193.3935503364608
2026-07-21 20:00:00+00:00,189.5125,179.66687511649172
2026-07-21 21:00:00+00:00,162.92000000000002,169.094611340285
2026-07-21 22:00:00+00:00,160.6125,151.59403102108402
2026-07-21 23:00:00+00:00,150.1875,149.80369317538882
2026-07-22 00:00:00+00:00,152.8775,162.66482719283863
2026-07-22 01:00:00+00:00,136.835,164.36999758122815
2026-07-22 02:00:00+00:00,131.4525,152.44884572743496
2026-07-22 03:00:00+00:00,143.62,159.27414808554957
2026-07-22 04:00:00+00:00,154.5775,179.14675575818924
2026-07-22 05:00:00+00:00,147.5775,188.07157721345575
2026-07-22 06:00:00+00:00,140.23250000000002,164.92097500404694
2026-07-22 07:00:00+00:00,100.65,150.33223824678709
2026-07-22 08:00:00+00:00,76.685,120.5939522649491
2026-07-22 09:00:00+00:00,52.54,97.9099896390948
2026-07-22 10:00:00+00:00,50.305,80.99605983313747
2026-07-22 11:00:00+00:00,52.495000000000005,82.89728777615463
2026-07-22 12:00:00+00:00,47.6975,78.8087989001626
2026-07-22 13:00:00+00:00,49.5775,84.24927821270923
2026-07-22 14:00:00+00:00,68.565,101.36964839673314
2026-07-22 15:00:00+00:00,110.7675,124.07850597544513
2026-07-22 16:00:00+00:00,144.185,159.34536707966538
2026-07-22 17:00:00+00:00,146.1,184.19701162892548
2026-07-22 18:00:00+00:00,133.3425,171.58908262581872
2026-07-22 19:00:00+00:00,130.66,145.493025602979
2026-07-22 20:00:00+00:00,151.2025,142.34802845523132
2026-07-22 21:00:00+00:00,148.3825,147.31002542202765
2026-07-22 22:00:00+00:00,152.05,143.90408935478783
2026-07-22 23:00:00+00:00,144.56,145.43365209036807
2026-07-23 00:00:00+00:00,140.75,152.9842696933996
2026-07-23 01:00:00+00:00,139.9225,144.4082816572528
2026-07-23 02:00:00+00:00,143.505,147.3144390000993
2026-07-23 03:00:00+00:00,150.3375,162.57970449757204
2026-07-23 04:00:00+00:00,155.4725,179.74893005062594
2026-07-23 05:00:00+00:00,74.5,177.77760590784533
2026-07-23 06:00:00+00:00,35.7425,101.71461968268841
2026-07-23 07:00:00+00:00,9.215,69.9545516920652
2026-07-23 08:00:00+00:00,15.1425,53.885497193532345
2026-07-23 09:00:00+00:00,73.02,53.456157130825446
2026-07-23 10:00:00+00:00,40.0,91.42656014020679
2026-07-23 11:00:00+00:00,41.5075,65.44432641317061
2026-07-23 12:00:00+00:00,41.125,70.13209484636164
2026-07-23 13:00:00+00:00,50.22,77.45493126023825
2026-07-23 14:00:00+00:00,102.29,94.02085567368218
2026-07-23 15:00:00+00:00,118.0775,131.84602966307898
2026-07-23 16:00:00+00:00,153.7275,149.96139714109748
2026-07-23 17:00:00+00:00,165.2125,180.09038613977515
2026-07-23 18:00:00+00:00,187.9675,171.18427503385377
2026-07-23 19:00:00+00:00,190.0,165.87785306127134
2026-07-23 20:00:00+00:00,186.5425,171.42915197947227
2026-07-23 21:00:00+00:00,170.42000000000002,165.67854433570577
2026-07-23 22:00:00+00:00,161.0025,150.26495617164431
2026-07-23 23:00:00+00:00,157.19,143.55094581924502
2026-07-24 00:00:00+00:00,153.2575,158.37978528610154
2026-07-24 01:00:00+00:00,144.1925,155.4666836352331
2026-07-24 02:00:00+00:00,138.115,149.93216308321198
2026-07-24 03:00:00+00:00,161.3975,158.56074956977636
2026-07-24 04:00:00+00:00,162.0875,182.36335567448245
2026-07-24 05:00:00+00:00,128.9775,167.40498328265562
2026-07-24 06:00:00+00:00,131.54,132.86174857500848
2026-07-24 07:00:00+00:00,111.005,134.1567222600842
2026-07-24 08:00:00+00:00,97.5875,116.97792693811488
2026-07-24 09:00:00+00:00,72.2275,107.49187900632627
2026-07-24 10:00:00+00:00,86.0475,87.4685702384322
2026-07-24 11:00:00+00:00,100.015,97.77074214112793
2026-07-24 12:00:00+00:00,98.81,111.94945614185048
2026-07-24 13:00:00+00:00,81.4375,107.63772573911196
2026-07-24 14:00:00+00:00,91.245,105.38753359549708
2026-07-24 15:00:00+00:00,133.48000000000002,123.75494307160814
2026-07-24 16:00:00+00:00,148.4625,163.10031185708183
2026-07-24 17:00:00+00:00,123.4575,176.32441350465405
2026-07-24 18:00:00+00:00,114.8,156.054092778192
