Unnamed: 0,actual,forecast
2025-04-01 07:00:00+00:00,108.47,137.8439636572436
2025-04-01 08:00:00+00:00,86.17,96.57848634191716
2025-04-01 09:00:00+00:00,70.26,74.77708959861683
2025-04-01 10:00:00+00:00,53.15,59.800411509009955
2025-04-01 11:00:00+00:00,11.57,30.51201281088835
2025-04-01 12:00:00+00:00,10.89,11.109506742457318
2025-04-01 13:00:00+00:00,26.7,29.666638004572476
2025-04-01 14:00:00+00:00,65.23,48.999143849832954
2025-04-01 15:00:00+00:00,82.8,80.03286814631534
2025-04-01 16:00:00+00:00,122.39,110.33662793668778
2025-04-01 17:00:00+00:00,155.72,147.52829504425458
2025-04-01 18:00:00+00:00,138.0,143.94322789734426
2025-04-01 19:00:00+00:00,110.9,122.59321383798697
2025-04-01 20:00:00+00:00,95.64,100.60704374037881
2025-04-01 21:00:00+00:00,79.45,90.518011255908
2025-04-01 22:00:00+00:00,68.06,71.88781363493531
2025-04-01 23:00:00+00:00,66.93,64.44458987042823
2025-04-02 00:00:00+00:00,66.8,66.14426321195046
2025-04-02 01:00:00+00:00,67.97,65.804551491299
2025-04-02 02:00:00+00:00,68.9,67.03582513758928
2025-04-02 03:00:00+00:00,82.18,76.95304954108485
2025-04-02 04:00:00+00:00,113.84,101.38476421164776
2025-04-02 05:00:00+00:00,150.31,128.78563192412255
2025-04-02 06:00:00+00:00,124.7,129.21695870724733
2025-04-02 07:00:00+00:00,84.74,101.28564688116734
2025-04-02 08:00:00+00:00,48.38,62.1998731729028
2025-04-02 09:00:00+00:00,0.0,19.229755104990957
2025-04-02 10:00:00+00:00,-4.92,-1.1383855108310277
2025-04-02 11:00:00+00:00,-20.06,-7.156898545063117
2025-04-02 12:00:00+00:00,-21.02,-28.581771042118998
2025-04-02 13:00:00+00:00,-10.0,-13.82485184048192
2025-04-02 14:00:00+00:00,-1.73,-3.7704766937263283
2025-04-02 15:00:00+00:00,15.37,4.916459919174809
2025-04-02 16:00:00+00:00,88.84,72.07699674446279
2025-04-02 17:00:00+00:00,125.35,103.53844377971262
2025-04-02 18:00:00+00:00,114.0,118.49609559013462
2025-04-02 19:00:00+00:00,96.07,101.58878384444755
2025-04-02 20:00:00+00:00,82.63,88.74419703709938
2025-04-02 21:00:00+00:00,71.43,75.29614218971197
2025-04-02 22:00:00+00:00,67.0,56.51228401280281
2025-04-02 23:00:00+00:00,67.0,54.31007828874258
2025-04-03 00:00:00+00:00,67.0,62.9237378256915
2025-04-03 01:00:00+00:00,68.95,63.765316269298616
2025-04-03 02:00:00+00:00,71.0,70.07774195023791
2025-04-03 03:00:00+00:00,86.22,79.03320654708868
2025-04-03 04:00:00+00:00,129.71,104.02429876148005
2025-04-03 05:00:00+00:00,162.77,137.25606876955237
2025-04-03 06:00:00+00:00,133.3,138.5326126465623
2025-04-03 07:00:00+00:00,79.11,108.8995521498072
2025-04-03 08:00:00+00:00,40.47,58.580119483808836
2025-04-03 09:00:00+00:00,-0.16,24.888348628272123
2025-04-03 10:00:00+00:00,-1.19,-1.9597578081151215
2025-04-03 11:00:00+00:00,-8.4,-5.0410917334550325
2025-04-03 12:00:00+00:00,-5.85,-19.738105946501165
2025-04-03 13:00:00+00:00,-0.27,-0.058066568904740386
2025-04-03 14:00:00+00:00,16.09,10.069682240415737
2025-04-03 15:00:00+00:00,75.0,52.490663071924935
2025-04-03 16:00:00+00:00,138.0,105.0332206485565
2025-04-03 17:00:00+00:00,163.48,171.67814189751934
2025-04-03 18:00:00+00:00,155.88,159.6004269929274
2025-04-03 19:00:00+00:00,137.03,139.5789558049088
2025-04-03 20:00:00+00:00,113.21,120.23115602093561
2025-04-03 21:00:00+00:00,104.63,103.93745721579262
2025-04-03 22:00:00+00:00,108.34,99.35258220674223
2025-04-03 23:00:00+00:00,103.04,102.20339002707856
2025-04-04 00:00:00+00:00,102.89,100.88126258688955
2025-04-04 01:00:00+00:00,103.61,100.6945647083302
2025-04-04 02:00:00+00:00,105.95,103.1073808953664
2025-04-04 03:00:00+00:00,112.55,110.80320141665884
2025-04-04 04:00:00+00:00,152.67,140.73923971665957
2025-04-04 05:00:00+00:00,180.17,176.2391379504232
2025-04-04 06:00:00+00:00,139.4,148.02635296219762
2025-04-04 07:00:00+00:00,95.68,114.80066872028003
2025-04-04 08:00:00+00:00,65.0,78.79970508320267
2025-04-04 09:00:00+00:00,7.82,41.6279045932142
2025-04-04 10:00:00+00:00,0.0,1.1498000838733888
2025-04-04 11:00:00+00:00,-1.31,-0.9960919184939506
2025-04-04 12:00:00+00:00,-1.21,-3.117041115259931
2025-04-04 13:00:00+00:00,-0.13,3.116772047883752
2025-04-04 14:00:00+00:00,29.7,14.01174642108438
2025-04-04 15:00:00+00:00,79.87,69.74331601035084
2025-04-04 16:00:00+00:00,126.35,114.01695210924703
2025-04-04 17:00:00+00:00,167.64,159.4939323552287
2025-04-04 18:00:00+00:00,155.99,153.3985454201408
2025-04-04 19:00:00+00:00,120.67,136.07116678173898
2025-04-04 20:00:00+00:00,106.15,111.62643149979166
2025-04-04 21:00:00+00:00,96.97,97.43353698449721
2025-04-04 22:00:00+00:00,109.23,94.55902453338052
2025-04-04 23:00:00+00:00,102.76,101.16430997576053
2025-04-05 00:00:00+00:00,99.39,99.88125104586497
2025-04-05 01:00:00+00:00,99.4,96.5902476327984
2025-04-05 02:00:00+00:00,98.31,96.97093293936547
2025-04-05 03:00:00+00:00,97.5,98.01411768836884
2025-04-05 04:00:00+00:00,102.98,98.69612481619562
2025-04-05 05:00:00+00:00,105.9,109.8368459062066
2025-04-05 06:00:00+00:00,98.3,106.23772752207142
2025-04-05 07:00:00+00:00,57.16,75.50848243353349
2025-04-05 08:00:00+00:00,0.66,28.18899818976773
2025-04-05 09:00:00+00:00,-0.94,-0.9342705155682275
2025-04-05 10:00:00+00:00,-24.09,-9.415087212837097
2025-04-05 11:00:00+00:00,-47.73,-45.11889014680674
2025-04-05 12:00:00+00:00,-49.1,-67.49590266178265
2025-04-05 13:00:00+00:00,-29.91,-33.869734674678625
2025-04-05 14:00:00+00:00,-4.3,-10.890401323817805
2025-04-05 15:00:00+00:00,0.0,6.206748491194494
2025-04-05 16:00:00+00:00,70.0,22.060246620308252
2025-04-05 17:00:00+00:00,99.4,78.49515745384356
2025-04-05 18:00:00+00:00,98.9,97.01574588767318
2025-04-05 19:00:00+00:00,84.25,87.40931607574223
2025-04-05 20:00:00+00:00,78.99,74.11938070874615
2025-04-05 21:00:00+00:00,68.75,62.52682222021913
2025-04-05 22:00:00+00:00,70.45,46.72760265032746
2025-04-05 23:00:00+00:00,61.0,43.573275623555894
2025-04-06 00:00:00+00:00,62.72,49.849142627738765
2025-04-06 01:00:00+00:00,68.28,56.514759082314995
2025-04-06 02:00:00+00:00,69.95,64.95141801265886
2025-04-06 03:00:00+00:00,77.43,73.98905080620273
2025-04-06 04:00:00+00:00,76.54,80.51138130336017
2025-04-06 05:00:00+00:00,78.11,79.07039015910496
2025-04-06 06:00:00+00:00,41.79,55.44908888050694
2025-04-06 07:00:00+00:00,0.1,18.1864322961797
2025-04-06 08:00:00+00:00,-2.0,-2.5850712154481266
2025-04-06 09:00:00+00:00,-27.56,-17.154999667035323
2025-04-06 10:00:00+00:00,-60.01,-51.768465610513786
2025-04-06 11:00:00+00:00,-106.31,-91.0067022420635
2025-04-06 12:00:00+00:00,-114.57,-130.69344999999993
2025-04-06 13:00:00+00:00,-70.0,-112.1884833333334
2025-04-06 14:00:00+00:00,-18.95,-64.43522316017312
2025-04-06 15:00:00+00:00,1.76,-0.5938478197136333
2025-04-06 16:00:00+00:00,112.41,63.89334702777783
2025-04-06 17:00:00+00:00,131.56,123.22040859628214
2025-04-06 18:00:00+00:00,132.9,137.10812239221414
2025-04-06 19:00:00+00:00,121.38,117.03350778557346
2025-04-06 20:00:00+00:00,111.84,109.618877217283
2025-04-06 21:00:00+00:00,100.03,103.41166943272076
2025-04-06 22:00:00+00:00,86.71,92.87569525630902
2025-04-06 23:00:00+00:00,85.0,81.44009491954422
2025-04-07 00:00:00+00:00,81.73,83.17713149013943
2025-04-07 01:00:00+00:00,83.53,81.91333812396711
2025-04-07 02:00:00+00:00,85.45,84.68600378896183
2025-04-07 03:00:00+00:00,98.74,96.45564968764813
2025-04-07 04:00:00+00:00,131.1,120.06776841354349
2025-04-07 05:00:00+00:00,175.97,156.67707069012877
2025-04-07 06:00:00+00:00,144.61,146.95563555783505
2025-04-07 07:00:00+00:00,107.1,114.14530688847323
2025-04-07 08:00:00+00:00,83.37,85.78077087965278
2025-04-07 09:00:00+00:00,65.0,57.77017352459617
2025-04-07 10:00:00+00:00,11.8,30.599476051531646
2025-04-07 11:00:00+00:00,2.19,5.409355755240301
2025-04-07 12:00:00+00:00,3.94,1.452715558522388
2025-04-07 13:00:00+00:00,60.98,25.316746856837923
2025-04-07 14:00:00+00:00,72.0,56.08592738590287
2025-04-07 15:00:00+00:00,102.43,88.43203277624501
2025-04-07 16:00:00+00:00,127.6,127.52719592674484
2025-04-07 17:00:00+00:00,168.45,180.85752397806246
2025-04-07 18:00:00+00:00,165.05,158.41599923007672
2025-04-07 19:00:00+00:00,138.2,145.8839465325415
2025-04-07 20:00:00+00:00,121.02,120.63496719054724
2025-04-07 21:00:00+00:00,105.21,110.54946820006504
2025-04-07 22:00:00+00:00,94.93,98.1181095541565
2025-04-07 23:00:00+00:00,87.83,91.42817990924665
2025-04-08 00:00:00+00:00,89.06,86.89067526387282
2025-04-08 01:00:00+00:00,89.9,88.39893905297406
2025-04-08 02:00:00+00:00,91.62,90.67948370642043
2025-04-08 03:00:00+00:00,105.73,101.51493676746706
2025-04-08 04:00:00+00:00,142.97,146.2123771279337
2025-04-08 05:00:00+00:00,180.55,174.9471759472682
2025-04-08 06:00:00+00:00,136.77,150.4474889012649
2025-04-08 07:00:00+00:00,91.3,112.54194994805538
2025-04-08 08:00:00+00:00,76.47,81.92313965951399
2025-04-08 09:00:00+00:00,61.09,50.74316707478974
2025-04-08 10:00:00+00:00,19.57,36.388442652779574
2025-04-08 11:00:00+00:00,16.83,12.719431619964514
2025-04-08 12:00:00+00:00,28.59,13.217230700975401
2025-04-08 13:00:00+00:00,57.47,35.37469923328
2025-04-08 14:00:00+00:00,73.33,77.26498557650793
2025-04-08 15:00:00+00:00,90.34,96.13235852869163
2025-04-08 16:00:00+00:00,118.26,128.62700489695618
2025-04-08 17:00:00+00:00,180.4,160.75858548826835
2025-04-08 18:00:00+00:00,171.31,165.45379526621903
2025-04-08 19:00:00+00:00,140.0,147.4711743916538
2025-04-08 20:00:00+00:00,120.47,122.65304244156958
2025-04-08 21:00:00+00:00,105.12,109.78273580459803
2025-04-08 22:00:00+00:00,104.99,98.70690001742328
2025-04-08 23:00:00+00:00,95.99,98.99872156476268
2025-04-09 00:00:00+00:00,94.67,95.21455638223962
2025-04-09 01:00:00+00:00,94.45,94.35284710422916
2025-04-09 02:00:00+00:00,95.79,94.82313822134503
2025-04-09 03:00:00+00:00,109.45,103.75305283845468
2025-04-09 04:00:00+00:00,152.68,150.74305702204242
2025-04-09 05:00:00+00:00,175.56,172.8572780669254
2025-04-09 06:00:00+00:00,131.56,149.59875346908632
2025-04-09 07:00:00+00:00,99.51,111.14714664825847
2025-04-09 08:00:00+00:00,82.71,86.0380056071391
2025-04-09 09:00:00+00:00,59.69,73.45033260399204
2025-04-09 10:00:00+00:00,13.61,39.49829117354714
2025-04-09 11:00:00+00:00,6.72,15.106924362527204
2025-04-09 12:00:00+00:00,13.27,4.298100783504905
2025-04-09 13:00:00+00:00,34.87,24.281395480057075
2025-04-09 14:00:00+00:00,62.98,52.05682054565017
2025-04-09 15:00:00+00:00,83.5,79.77097930178627
2025-04-09 16:00:00+00:00,103.48,105.84965852378635
2025-04-09 17:00:00+00:00,131.57,132.64858494577277
2025-04-09 18:00:00+00:00,138.73,143.743553373142
2025-04-09 19:00:00+00:00,111.23,122.40802672069336
2025-04-09 20:00:00+00:00,101.94,104.71479227171687
2025-04-09 21:00:00+00:00,98.51,94.21457179946718
2025-04-09 22:00:00+00:00,92.9,93.1149844625917
2025-04-09 23:00:00+00:00,89.55,92.59504439832067
2025-04-10 00:00:00+00:00,88.9,87.60579998988428
2025-04-10 01:00:00+00:00,87.92,88.04583919051792
2025-04-10 02:00:00+00:00,90.0,88.02004135643637
2025-04-10 03:00:00+00:00,97.54,100.99302897640428
2025-04-10 04:00:00+00:00,132.44,123.81619693166004
2025-04-10 05:00:00+00:00,170.59,169.32487064815916
2025-04-10 06:00:00+00:00,135.44,156.62070665457682
2025-04-10 07:00:00+00:00,102.4,113.64754007773382
2025-04-10 08:00:00+00:00,85.71,92.60661942007535
2025-04-10 09:00:00+00:00,66.34,75.86510181794141
2025-04-10 10:00:00+00:00,34.95,57.43074096868402
2025-04-10 11:00:00+00:00,2.18,28.04494057552289
2025-04-10 12:00:00+00:00,0.08,0.9807914832427425
2025-04-10 13:00:00+00:00,1.18,8.39681679382755
2025-04-10 14:00:00+00:00,54.44,23.631771315197135
2025-04-10 15:00:00+00:00,70.0,80.16173597724496
2025-04-10 16:00:00+00:00,101.68,96.79393619244567
2025-04-10 17:00:00+00:00,140.42,129.13259911727644
2025-04-10 18:00:00+00:00,137.17,142.04794644358935
2025-04-10 19:00:00+00:00,97.56,122.83126883151334
2025-04-10 20:00:00+00:00,92.05,94.21295387053767
2025-04-10 21:00:00+00:00,81.11,87.74289163796679
2025-04-10 22:00:00+00:00,65.32,76.62005117791466
2025-04-10 23:00:00+00:00,60.75,58.19177369708213
2025-04-11 00:00:00+00:00,58.44,60.589909384821574
2025-04-11 01:00:00+00:00,58.43,59.1238107612168
2025-04-11 02:00:00+00:00,61.93,62.160770865990706
2025-04-11 03:00:00+00:00,71.99,74.31757906054989
2025-04-11 04:00:00+00:00,94.2,92.81296392511638
2025-04-11 05:00:00+00:00,111.4,116.37312880100754
2025-04-11 06:00:00+00:00,85.9,110.29479409394918
2025-04-11 07:00:00+00:00,58.89,70.02724293624512
2025-04-11 08:00:00+00:00,11.31,35.79029584849062
2025-04-11 09:00:00+00:00,0.0,4.623038695592776
2025-04-11 10:00:00+00:00,-3.0,-1.4022830301892444
2025-04-11 11:00:00+00:00,-4.99,-9.151212460153001
2025-04-11 12:00:00+00:00,-3.61,-9.049230249674721
2025-04-11 13:00:00+00:00,-0.1,-1.5930128851134
2025-04-11 14:00:00+00:00,0.0,2.2651931066129
2025-04-11 15:00:00+00:00,70.15,48.06693018882745
2025-04-11 16:00:00+00:00,110.69,99.01213892648884
2025-04-11 17:00:00+00:00,133.4,139.40380611619742
2025-04-11 18:00:00+00:00,155.0,157.1502121712321
2025-04-11 19:00:00+00:00,130.46,135.42806338935975
2025-04-11 20:00:00+00:00,119.1,115.76815530857189
2025-04-11 21:00:00+00:00,105.49,108.85005424331256
2025-04-11 22:00:00+00:00,107.84,99.96545492651215
2025-04-11 23:00:00+00:00,104.41,103.2145652134784
2025-04-12 00:00:00+00:00,100.93,102.00855724563979
2025-04-12 01:00:00+00:00,98.15,99.5879822870646
2025-04-12 02:00:00+00:00,98.99,98.52278947948508
2025-04-12 03:00:00+00:00,99.08,103.81999313893485
2025-04-12 04:00:00+00:00,104.42,107.91106451811449
2025-04-12 05:00:00+00:00,99.74,114.25315878471827
2025-04-12 06:00:00+00:00,95.49,93.44274013653265
2025-04-12 07:00:00+00:00,67.26,77.09854782546799
2025-04-12 08:00:00+00:00,20.19,28.018702542212896
2025-04-12 09:00:00+00:00,0.0,8.164777976273774
2025-04-12 10:00:00+00:00,-9.23,-2.2944491221775305
2025-04-12 11:00:00+00:00,-40.04,-26.07681841351062
2025-04-12 12:00:00+00:00,-42.01,-78.88347806547618
2025-04-12 13:00:00+00:00,-18.68,-35.90764486858619
2025-04-12 14:00:00+00:00,-0.08,-8.27693540666951
2025-04-12 15:00:00+00:00,59.47,26.479879032458868
2025-04-12 16:00:00+00:00,111.31,85.08969224347713
2025-04-12 17:00:00+00:00,150.06,133.16509054505966
2025-04-12 18:00:00+00:00,120.89,142.36046607987961
2025-04-12 19:00:00+00:00,91.0,108.40808297691581
2025-04-12 20:00:00+00:00,86.27,84.91957227184406
2025-04-12 21:00:00+00:00,64.27,75.19547981591964
2025-04-12 22:00:00+00:00,63.99,49.85914126251259
2025-04-12 23:00:00+00:00,56.0,47.13823339322473
2025-04-13 00:00:00+00:00,42.36,41.719166759635776
2025-04-13 01:00:00+00:00,29.5,32.37600496302087
2025-04-13 02:00:00+00:00,32.06,20.373371710175107
2025-04-13 03:00:00+00:00,34.48,24.003006028405142
2025-04-13 04:00:00+00:00,29.41,26.403776548396472
2025-04-13 05:00:00+00:00,27.75,20.667367528434443
2025-04-13 06:00:00+00:00,12.87,17.944603878695474
2025-04-13 07:00:00+00:00,8.43,6.237954357924432
2025-04-13 08:00:00+00:00,0.0,0.5016465240353984
2025-04-13 09:00:00+00:00,-0.02,-2.4973838907254375
2025-04-13 10:00:00+00:00,-3.02,-2.4109197643419
2025-04-13 11:00:00+00:00,-18.84,-15.601852593961254
2025-04-13 12:00:00+00:00,-25.38,-36.87372940144555
2025-04-13 13:00:00+00:00,-9.93,-21.59405075770765
2025-04-13 14:00:00+00:00,-0.01,-3.0196553391713663
2025-04-13 15:00:00+00:00,17.56,15.038510471251618
2025-04-13 16:00:00+00:00,98.63,73.16065131241116
2025-04-13 17:00:00+00:00,120.65,114.39717710028768
2025-04-13 18:00:00+00:00,118.01,124.3926399133791
2025-04-13 19:00:00+00:00,108.06,109.66202028429578
2025-04-13 20:00:00+00:00,103.35,101.63409429763254
2025-04-13 21:00:00+00:00,94.98,97.08264065814338
2025-04-13 22:00:00+00:00,87.56,92.11683319748062
2025-04-13 23:00:00+00:00,82.69,83.56339805088028
2025-04-14 00:00:00+00:00,82.11,82.5029581401167
2025-04-14 01:00:00+00:00,82.29,83.20412639101629
2025-04-14 02:00:00+00:00,84.52,84.13817422800514
2025-04-14 03:00:00+00:00,97.1,93.65209799787334
2025-04-14 04:00:00+00:00,124.34,121.44977707161371
2025-04-14 05:00:00+00:00,152.03,156.84029634412067
2025-04-14 06:00:00+00:00,143.7,128.93332841937573
2025-04-14 07:00:00+00:00,104.7,118.26597937094894
2025-04-14 08:00:00+00:00,91.02,90.70111325233874
2025-04-14 09:00:00+00:00,77.07,79.39285826589786
2025-04-14 10:00:00+00:00,62.35,58.08803381327311
2025-04-14 11:00:00+00:00,61.64,47.369524129245605
2025-04-14 12:00:00+00:00,64.36,51.110270587168706
2025-04-14 13:00:00+00:00,75.29,64.63452062636779
2025-04-14 14:00:00+00:00,84.6,81.41785362310989
2025-04-14 15:00:00+00:00,97.02,98.89336485892908
2025-04-14 16:00:00+00:00,119.35,115.9376583220237
2025-04-14 17:00:00+00:00,180.0,156.8950108376471
2025-04-14 18:00:00+00:00,140.61,171.04444176013973
2025-04-14 19:00:00+00:00,102.83,127.01156580021707
2025-04-14 20:00:00+00:00,82.59,99.89158586088045
2025-04-14 21:00:00+00:00,76.0,77.92197467732908
2025-04-14 22:00:00+00:00,72.93,71.0425045822577
2025-04-14 23:00:00+00:00,73.2,66.65141405916512
2025-04-15 00:00:00+00:00,67.38,70.3982937882162
2025-04-15 01:00:00+00:00,64.29,62.82275201381649
2025-04-15 02:00:00+00:00,66.3,61.97372259281453
2025-04-15 03:00:00+00:00,70.42,72.43476300472175
2025-04-15 04:00:00+00:00,83.03,87.95992096008044
2025-04-15 05:00:00+00:00,96.99,94.37053332620377
2025-04-15 06:00:00+00:00,98.56,94.25679694665527
2025-04-15 07:00:00+00:00,65.0,83.5071909186596
2025-04-15 08:00:00+00:00,48.93,56.314827148488796
2025-04-15 09:00:00+00:00,2.92,28.559401176478758
2025-04-15 10:00:00+00:00,0.08,0.2838138717155671
2025-04-15 11:00:00+00:00,0.0,-0.6937898327196647
2025-04-15 12:00:00+00:00,0.1,-0.9321223356095498
2025-04-15 13:00:00+00:00,29.27,12.181780300643947
2025-04-15 14:00:00+00:00,68.08,54.91326288593453
2025-04-15 15:00:00+00:00,86.57,82.40589070672314
2025-04-15 16:00:00+00:00,105.28,103.26235620859411
2025-04-15 17:00:00+00:00,133.58,129.7173102691438
2025-04-15 18:00:00+00:00,141.54,142.1745135291959
2025-04-15 19:00:00+00:00,110.58,125.66466114621528
2025-04-15 20:00:00+00:00,102.21,104.84035960468492
2025-04-15 21:00:00+00:00,93.76,94.95993714660453
2025-04-15 22:00:00+00:00,88.01,93.0170538385012
2025-04-15 23:00:00+00:00,82.04,83.8616637850197
2025-04-16 00:00:00+00:00,82.2,81.80162057856337
2025-04-16 01:00:00+00:00,81.4,83.22813085222248
2025-04-16 02:00:00+00:00,82.99,80.5119804189195
2025-04-16 03:00:00+00:00,99.4,95.15610229502023
2025-04-16 04:00:00+00:00,121.0,125.10340760998959
2025-04-16 05:00:00+00:00,135.14,150.6700327718512
2025-04-16 06:00:00+00:00,109.94,118.25478106456332
2025-04-16 07:00:00+00:00,94.82,96.62719193808938
2025-04-16 08:00:00+00:00,79.75,84.21707468776496
2025-04-16 09:00:00+00:00,64.08,70.67845922505586
2025-04-16 10:00:00+00:00,35.3,54.4223228886955
2025-04-16 11:00:00+00:00,22.4,32.16971561059476
2025-04-16 12:00:00+00:00,24.94,26.17445432712621
2025-04-16 13:00:00+00:00,55.0,31.82674289080745
2025-04-16 14:00:00+00:00,68.0,70.9831853768791
2025-04-16 15:00:00+00:00,93.16,83.0193571817631
2025-04-16 16:00:00+00:00,118.0,110.73238081945833
2025-04-16 17:00:00+00:00,146.52,138.4685572957103
2025-04-16 18:00:00+00:00,136.48,145.49326492611976
2025-04-16 19:00:00+00:00,121.0,119.27547447280607
2025-04-16 20:00:00+00:00,109.69,109.49831932028592
2025-04-16 21:00:00+00:00,98.59,99.95798220419759
2025-04-16 22:00:00+00:00,88.99,92.64446064280412
2025-04-16 23:00:00+00:00,83.99,84.43186814574172
2025-04-17 00:00:00+00:00,81.67,82.00760058115029
2025-04-17 01:00:00+00:00,80.07,81.05358333487108
2025-04-17 02:00:00+00:00,81.28,79.8417948825785
2025-04-17 03:00:00+00:00,87.43,90.55405834517265
2025-04-17 04:00:00+00:00,108.02,103.21188520479848
2025-04-17 05:00:00+00:00,122.8,133.57868603858023
2025-04-17 06:00:00+00:00,130.0,132.64457464240567
2025-04-17 07:00:00+00:00,121.0,113.06148390192064
2025-04-17 08:00:00+00:00,110.0,106.32549337176118
2025-04-17 09:00:00+00:00,95.03,96.06379233124022
2025-04-17 10:00:00+00:00,80.84,89.05738703715465
2025-04-17 11:00:00+00:00,81.04,76.20030706842965
2025-04-17 12:00:00+00:00,77.75,78.46636768343592
2025-04-17 13:00:00+00:00,77.65,80.47136545626354
2025-04-17 14:00:00+00:00,83.87,82.54750473105753
2025-04-17 15:00:00+00:00,97.63,94.29188612395947
2025-04-17 16:00:00+00:00,112.65,112.81058692074261
2025-04-17 17:00:00+00:00,129.0,128.15554111503735
2025-04-17 18:00:00+00:00,122.79,128.70492459615738
2025-04-17 19:00:00+00:00,114.76,110.17283062126873
2025-04-17 20:00:00+00:00,98.9,104.61345414963971
2025-04-17 21:00:00+00:00,96.52,93.60420421417165
2025-04-17 22:00:00+00:00,91.0,90.20951141213526
2025-04-17 23:00:00+00:00,81.3,87.10028469101252
2025-04-18 00:00:00+00:00,79.12,79.96130354964703
2025-04-18 01:00:00+00:00,77.94,77.93076480897948
2025-04-18 02:00:00+00:00,76.34,76.4148698939868
2025-04-18 03:00:00+00:00,76.35,80.38253118552869
2025-04-18 04:00:00+00:00,79.39,81.35253185830726
2025-04-18 05:00:00+00:00,87.98,86.60930004142014
2025-04-18 06:00:00+00:00,91.25,91.60308036646252
2025-04-18 07:00:00+00:00,90.14,93.57162032423115
2025-04-18 08:00:00+00:00,88.3,88.9289057071903
2025-04-18 09:00:00+00:00,83.28,82.86498084981348
2025-04-18 10:00:00+00:00,75.03,77.53816797914658
2025-04-18 11:00:00+00:00,63.75,70.75516248092897
2025-04-18 12:00:00+00:00,62.64,63.569561591015244
2025-04-18 13:00:00+00:00,65.36,66.7658550137155
2025-04-18 14:00:00+00:00,76.61,72.846232297656
2025-04-18 15:00:00+00:00,88.64,88.81404629044489
2025-04-18 16:00:00+00:00,103.5,103.2044759031392
2025-04-18 17:00:00+00:00,123.12,125.25886483923243
2025-04-18 18:00:00+00:00,126.52,133.0682666646126
2025-04-18 19:00:00+00:00,116.52,117.25685562410742
2025-04-18 20:00:00+00:00,106.35,107.21840729307931
2025-04-18 21:00:00+00:00,99.12,99.34311014263172
2025-04-18 22:00:00+00:00,89.32,97.24189478234953
2025-04-18 23:00:00+00:00,80.01,88.65423349081442
2025-04-19 00:00:00+00:00,84.45,80.32644028439793
2025-04-19 01:00:00+00:00,82.39,84.46405289731507
2025-04-19 02:00:00+00:00,84.98,84.59770275547064
2025-04-19 03:00:00+00:00,90.62,88.56587772479297
2025-04-19 04:00:00+00:00,95.2,97.6205139144433
2025-04-19 05:00:00+00:00,91.67,97.22249007973396
2025-04-19 06:00:00+00:00,83.89,88.81902089123489
2025-04-19 07:00:00+00:00,76.43,71.15575889455347
2025-04-19 08:00:00+00:00,29.99,52.62963389918929
2025-04-19 09:00:00+00:00,4.54,20.25888701726128
2025-04-19 10:00:00+00:00,0.0,0.7092764210992445
2025-04-19 11:00:00+00:00,-3.01,-1.1999093591389738
2025-04-19 12:00:00+00:00,-7.26,-9.274219191546988
2025-04-19 13:00:00+00:00,-0.86,-3.364329631026907
2025-04-19 14:00:00+00:00,0.2,12.680832081868388
2025-04-19 15:00:00+00:00,64.01,49.03714585740885
2025-04-19 16:00:00+00:00,102.77,93.50538536527498
2025-04-19 17:00:00+00:00,126.84,135.11238504720623
2025-04-19 18:00:00+00:00,142.71,139.20060127702172
2025-04-19 19:00:00+00:00,127.36,124.82668540662321
2025-04-19 20:00:00+00:00,109.55,115.23479756406778
2025-04-19 21:00:00+00:00,98.27,102.70473098500612
2025-04-19 22:00:00+00:00,100.41,92.2378866386976
2025-04-19 23:00:00+00:00,94.9,95.03076992441628
2025-04-20 00:00:00+00:00,98.98,91.63183447319885
2025-04-20 01:00:00+00:00,97.41,96.28639757599494
2025-04-20 02:00:00+00:00,98.83,96.11259491830333
2025-04-20 03:00:00+00:00,108.64,97.17907236924424
2025-04-20 04:00:00+00:00,109.38,107.86834080409727
2025-04-20 05:00:00+00:00,94.32,107.45400113784966
2025-04-20 06:00:00+00:00,68.6,77.78562624972537
2025-04-20 07:00:00+00:00,18.63,31.44528809299992
2025-04-20 08:00:00+00:00,0.0,9.258075226865541
2025-04-20 09:00:00+00:00,-5.72,-2.0949772109282576
2025-04-20 10:00:00+00:00,-34.99,-16.04958654330477
2025-04-20 11:00:00+00:00,-52.42,-58.093632187336134
2025-04-20 12:00:00+00:00,-40.05,-81.55525853785103
2025-04-20 13:00:00+00:00,-4.76,-27.698905104617623
2025-04-20 14:00:00+00:00,0.0,2.682449125241677
2025-04-20 15:00:00+00:00,72.42,43.86165976501951
2025-04-20 16:00:00+00:00,106.81,103.05645972438816
2025-04-20 17:00:00+00:00,119.94,131.32231662963207
2025-04-20 18:00:00+00:00,144.95,136.11048971648276
2025-04-20 19:00:00+00:00,137.56,126.86832328876804
2025-04-20 20:00:00+00:00,121.82,121.82895206258742
2025-04-20 21:00:00+00:00,110.68,112.0409371582026
2025-04-20 22:00:00+00:00,108.58,104.65700554782383
2025-04-20 23:00:00+00:00,97.59,103.62985310475726
2025-04-21 00:00:00+00:00,96.47,97.06591598164513
2025-04-21 01:00:00+00:00,96.84,94.90533511850181
2025-04-21 02:00:00+00:00,97.98,95.71385440503363
2025-04-21 03:00:00+00:00,98.54,100.12818625359121
2025-04-21 04:00:00+00:00,97.07,108.58774065403341
2025-04-21 05:00:00+00:00,91.31,108.8009902456961
2025-04-21 06:00:00+00:00,88.5,91.1797430404778
2025-04-21 07:00:00+00:00,87.99,77.49351982610398
2025-04-21 08:00:00+00:00,65.24,69.38742685967136
2025-04-21 09:00:00+00:00,33.88,45.70725909266157
2025-04-21 10:00:00+00:00,17.19,26.708044627560476
2025-04-21 11:00:00+00:00,8.91,12.686347749331226
2025-04-21 12:00:00+00:00,8.43,6.119119094941689
2025-04-21 13:00:00+00:00,10.01,23.709724412067317
2025-04-21 14:00:00+00:00,50.05,47.74431694226
2025-04-21 15:00:00+00:00,88.77,84.23533556918238
2025-04-21 16:00:00+00:00,101.95,110.35887630129537
2025-04-21 17:00:00+00:00,121.95,131.39129740153876
2025-04-21 18:00:00+00:00,139.14,145.2769325691774
2025-04-21 19:00:00+00:00,132.1,124.52849331108042
2025-04-21 20:00:00+00:00,122.77,120.56205954504858
2025-04-21 21:00:00+00:00,106.54,110.11173243557947
2025-04-21 22:00:00+00:00,96.21,100.20227720069242
2025-04-21 23:00:00+00:00,88.8,91.24374723738322
2025-04-22 00:00:00+00:00,87.4,87.19946232282682
2025-04-22 01:00:00+00:00,85.01,86.67228207442595
2025-04-22 02:00:00+00:00,84.58,85.0690772880361
2025-04-22 03:00:00+00:00,97.39,90.30827832340582
2025-04-22 04:00:00+00:00,120.76,110.32394571866337
2025-04-22 05:00:00+00:00,151.54,130.99742017544133
2025-04-22 06:00:00+00:00,147.0,123.70595430434958
2025-04-22 07:00:00+00:00,111.88,115.95331500461312
2025-04-22 08:00:00+00:00,95.2,96.86443713469303
2025-04-22 09:00:00+00:00,89.97,85.66021871800434
2025-04-22 10:00:00+00:00,79.92,82.02182111019363
2025-04-22 11:00:00+00:00,67.66,72.12542542812913
2025-04-22 12:00:00+00:00,71.47,64.71922215480289
2025-04-22 13:00:00+00:00,78.45,78.83833021827971
2025-04-22 14:00:00+00:00,83.07,83.87239235006696
2025-04-22 15:00:00+00:00,100.04,96.46570084702236
2025-04-22 16:00:00+00:00,122.38,118.00224815547836
2025-04-22 17:00:00+00:00,192.32,157.21959198165138
2025-04-22 18:00:00+00:00,263.2,194.12872975277276
2025-04-22 19:00:00+00:00,157.28,179.42263841575559
2025-04-22 20:00:00+00:00,122.28,140.67809655198545
2025-04-22 21:00:00+00:00,109.6,112.29184694771968
2025-04-22 22:00:00+00:00,106.72,107.73558731704873
2025-04-22 23:00:00+00:00,99.4,102.00058412385
2025-04-23 00:00:00+00:00,96.84,97.95485747364154
2025-04-23 01:00:00+00:00,96.7,95.61538064567898
2025-04-23 02:00:00+00:00,101.2,95.94287570319133
2025-04-23 03:00:00+00:00,108.23,107.7212637593405
2025-04-23 04:00:00+00:00,137.09,135.79203759309704
2025-04-23 05:00:00+00:00,152.0,168.2575597432962
2025-04-23 06:00:00+00:00,128.84,128.61745131285466
2025-04-23 07:00:00+00:00,100.0,107.72445422198214
2025-04-23 08:00:00+00:00,92.0,87.41440734917113
2025-04-23 09:00:00+00:00,94.39,85.03929241801721
2025-04-23 10:00:00+00:00,81.04,86.9617215406809
2025-04-23 11:00:00+00:00,80.29,69.91901675053526
2025-04-23 12:00:00+00:00,88.0,77.48534627166062
2025-04-23 13:00:00+00:00,92.35,89.46783259843687
2025-04-23 14:00:00+00:00,99.05,100.60140223762951
2025-04-23 15:00:00+00:00,108.28,110.81424606028584
2025-04-23 16:00:00+00:00,128.9,129.86792443168176
2025-04-23 17:00:00+00:00,155.97,151.96855848309352
2025-04-23 18:00:00+00:00,148.67,155.40439801448395
2025-04-23 19:00:00+00:00,126.11,132.7417543054732
2025-04-23 20:00:00+00:00,108.2,115.34575983868405
2025-04-23 21:00:00+00:00,97.15,101.06029860339805
2025-04-23 22:00:00+00:00,94.17,93.5100845023166
2025-04-23 23:00:00+00:00,88.3,90.4876854975842
2025-04-24 00:00:00+00:00,86.7,87.00672724307589
2025-04-24 01:00:00+00:00,85.65,85.49350108861623
2025-04-24 02:00:00+00:00,84.35,85.38564765030324
2025-04-24 03:00:00+00:00,90.93,89.96036057089904
2025-04-24 04:00:00+00:00,110.34,114.28831037750255
2025-04-24 05:00:00+00:00,118.51,128.48231018907734
2025-04-24 06:00:00+00:00,117.65,130.47760082439243
2025-04-24 07:00:00+00:00,108.91,108.39417060090715
2025-04-24 08:00:00+00:00,96.67,100.9991882418064
2025-04-24 09:00:00+00:00,93.55,90.08134173979428
2025-04-24 10:00:00+00:00,81.56,87.94087207504327
2025-04-24 11:00:00+00:00,78.95,77.46339784156666
2025-04-24 12:00:00+00:00,78.04,77.44012572690417
2025-04-24 13:00:00+00:00,78.72,82.18835353009756
2025-04-24 14:00:00+00:00,83.37,85.87859839942588
2025-04-24 15:00:00+00:00,95.36,96.1008832731611
2025-04-24 16:00:00+00:00,101.02,113.30190126724894
2025-04-24 17:00:00+00:00,114.64,123.65844509782322
2025-04-24 18:00:00+00:00,121.61,132.19074251211828
2025-04-24 19:00:00+00:00,114.48,114.36584247359875
2025-04-24 20:00:00+00:00,106.53,106.41950358091088
2025-04-24 21:00:00+00:00,93.1,99.56455551141309
2025-04-24 22:00:00+00:00,91.03,88.08399938743285
2025-04-24 23:00:00+00:00,82.92,86.15535509131678
2025-04-25 00:00:00+00:00,82.23,82.55135048336318
2025-04-25 01:00:00+00:00,83.4,83.26642204059152
2025-04-25 02:00:00+00:00,84.95,84.05185101242805
2025-04-25 03:00:00+00:00,94.64,90.92206791717905
2025-04-25 04:00:00+00:00,104.41,108.00977213783203
2025-04-25 05:00:00+00:00,113.39,119.95614648035779
2025-04-25 06:00:00+00:00,111.0,122.5546193671903
2025-04-25 07:00:00+00:00,99.41,109.18661800893142
2025-04-25 08:00:00+00:00,88.17,94.13450404532327
2025-04-25 09:00:00+00:00,75.45,82.7645197582919
2025-04-25 10:00:00+00:00,66.61,71.24733744922364
2025-04-25 11:00:00+00:00,48.03,61.20586504769341
2025-04-25 12:00:00+00:00,40.99,45.77121022670921
2025-04-25 13:00:00+00:00,59.47,52.18378991397351
2025-04-25 14:00:00+00:00,73.04,66.22802662259068
2025-04-25 15:00:00+00:00,84.19,86.92148567873458
2025-04-25 16:00:00+00:00,99.43,114.904176445636
2025-04-25 17:00:00+00:00,115.99,122.4864049047503
2025-04-25 18:00:00+00:00,123.78,131.7860498345648
2025-04-25 19:00:00+00:00,109.63,115.07004226418087
2025-04-25 20:00:00+00:00,100.37,102.70083174017871
2025-04-25 21:00:00+00:00,92.09,94.75029893651096
2025-04-25 22:00:00+00:00,100.0,89.1121399116781
2025-04-25 23:00:00+00:00,92.19,93.72352229756228
2025-04-26 00:00:00+00:00,91.02,92.42431219862127
2025-04-26 01:00:00+00:00,89.66,91.49466847444879
2025-04-26 02:00:00+00:00,89.01,90.10361817208661
2025-04-26 03:00:00+00:00,90.86,92.82378656930877
2025-04-26 04:00:00+00:00,93.01,98.03057816067569
2025-04-26 05:00:00+00:00,86.33,98.14438410920953
2025-04-26 06:00:00+00:00,72.19,74.43329670273108
2025-04-26 07:00:00+00:00,34.45,53.311921621591615
2025-04-26 08:00:00+00:00,2.55,16.68952034357842
2025-04-26 09:00:00+00:00,-0.01,0.14093520717319666
2025-04-26 10:00:00+00:00,-7.63,-2.370043328951464
2025-04-26 11:00:00+00:00,-14.85,-21.40584890115364
2025-04-26 12:00:00+00:00,-10.77,-29.137303808521352
2025-04-26 13:00:00+00:00,-2.19,-6.656759252472354
2025-04-26 14:00:00+00:00,-0.02,1.6352333168202235
2025-04-26 15:00:00+00:00,30.99,20.295336598782786
2025-04-26 16:00:00+00:00,79.0,74.66601987977529
2025-04-26 17:00:00+00:00,99.81,103.88705495294828
2025-04-26 18:00:00+00:00,107.4,112.22384311109062
2025-04-26 19:00:00+00:00,96.85,100.71822338061209
2025-04-26 20:00:00+00:00,85.26,90.93487667242076
2025-04-26 21:00:00+00:00,72.31,75.84388796662518
2025-04-26 22:00:00+00:00,67.71,52.09743878204468
2025-04-26 23:00:00+00:00,62.91,46.27972319383967
2025-04-27 00:00:00+00:00,57.96,45.07510281429975
2025-04-27 01:00:00+00:00,59.12,43.31184275614285
2025-04-27 02:00:00+00:00,61.94,45.513077153427204
2025-04-27 03:00:00+00:00,69.05,49.77376362306938
2025-04-27 04:00:00+00:00,69.14,60.536106306308874
2025-04-27 05:00:00+00:00,63.72,54.995300544939965
2025-04-27 06:00:00+00:00,34.95,37.54643314085158
2025-04-27 07:00:00+00:00,0.04,14.468811836023878
2025-04-27 08:00:00+00:00,-3.0,-2.7370447448992756
2025-04-27 09:00:00+00:00,-33.88,-18.47199509428709
2025-04-27 10:00:00+00:00,-101.04,-58.065917782227324
2025-04-27 11:00:00+00:00,-129.81,-140.55749999999995
2025-04-27 12:00:00+00:00,-116.61,-141.95154999999986
2025-04-27 13:00:00+00:00,-50.0,-117.99812500000009
2025-04-27 14:00:00+00:00,-5.17,-34.02979493697479
2025-04-27 15:00:00+00:00,18.35,8.953931536864056
2025-04-27 16:00:00+00:00,91.98,86.38647412698423
2025-04-27 17:00:00+00:00,110.83,121.64704952581673
2025-04-27 18:00:00+00:00,124.23,132.32347756022293
2025-04-27 19:00:00+00:00,109.24,119.37988498483169
2025-04-27 20:00:00+00:00,99.0,106.40772012085452
2025-04-27 21:00:00+00:00,93.77,96.80003661417413
2025-04-27 22:00:00+00:00,92.24,94.97622177566433
2025-04-27 23:00:00+00:00,86.49,90.13650834151171
2025-04-28 00:00:00+00:00,83.1,87.6118760902509
2025-04-28 01:00:00+00:00,85.41,86.81060980883291
2025-04-28 02:00:00+00:00,91.19,89.41703715831686
2025-04-28 03:00:00+00:00,99.49,105.00624487330043
2025-04-28 04:00:00+00:00,140.0,116.54480714920952
2025-04-28 05:00:00+00:00,131.09,130.22452174043815
2025-04-28 06:00:00+00:00,96.85,113.42050635359043
2025-04-28 07:00:00+00:00,67.37,85.22242322799079
2025-04-28 08:00:00+00:00,10.03,43.76205118486658
2025-04-28 09:00:00+00:00,-0.01,10.926141590963976
2025-04-28 10:00:00+00:00,-4.02,-1.3705772471931994
2025-04-28 11:00:00+00:00,-5.9,-8.026013682663624
2025-04-28 12:00:00+00:00,-6.18,-10.962325328709845
2025-04-28 13:00:00+00:00,-1.54,-0.9036038384977814
2025-04-28 14:00:00+00:00,2.01,6.7792761548361575
2025-04-28 15:00:00+00:00,71.83,56.873578969575775
2025-04-28 16:00:00+00:00,101.92,102.10425511665164
2025-04-28 17:00:00+00:00,149.9,142.39254063134118
2025-04-28 18:00:00+00:00,194.81,175.7678252748658
2025-04-28 19:00:00+00:00,128.83,158.1711809743601
2025-04-28 20:00:00+00:00,106.24,114.53893054127936
2025-04-28 21:00:00+00:00,96.83,97.42632517901372
2025-04-28 22:00:00+00:00,90.64,91.04742866254291
2025-04-28 23:00:00+00:00,86.86,86.03574883554657
2025-04-29 00:00:00+00:00,81.76,86.23044031982653
2025-04-29 01:00:00+00:00,79.17,81.75706241377999
2025-04-29 02:00:00+00:00,80.03,80.69434406189436
2025-04-29 03:00:00+00:00,90.57,95.18538883452044
2025-04-29 04:00:00+00:00,107.0,121.47671395010205
2025-04-29 05:00:00+00:00,113.13,135.2287529352063
2025-04-29 06:00:00+00:00,99.98,110.0381605500166
2025-04-29 07:00:00+00:00,78.0,86.82816311804812
2025-04-29 08:00:00+00:00,9.31,55.298831380040696
2025-04-29 09:00:00+00:00,0.0,4.24196930081467
2025-04-29 10:00:00+00:00,-0.76,-0.9816154118500691
2025-04-29 11:00:00+00:00,-1.9,-4.025201831761445
2025-04-29 12:00:00+00:00,-1.67,-4.32290936076143
2025-04-29 13:00:00+00:00,-0.01,2.1501427992750575
2025-04-29 14:00:00+00:00,14.82,13.906235175278455
2025-04-29 15:00:00+00:00,77.6,70.27698805650641
2025-04-29 16:00:00+00:00,102.0,105.34051038228834
2025-04-29 17:00:00+00:00,139.83,144.55548654517236
2025-04-29 18:00:00+00:00,174.75,181.86087166018532
2025-04-29 19:00:00+00:00,129.11,153.7062432498549
2025-04-29 20:00:00+00:00,108.83,116.0870659599687
2025-04-29 21:00:00+00:00,97.82,100.19596889002243
2025-04-29 22:00:00+00:00,95.0,97.99060146542566
2025-04-29 23:00:00+00:00,90.0,91.90668520988244
2025-04-30 00:00:00+00:00,87.59,89.0836630770063
2025-04-30 01:00:00+00:00,88.25,87.82798801066923
2025-04-30 02:00:00+00:00,91.4,92.4391516577877
2025-04-30 03:00:00+00:00,95.83,107.11139341227565
2025-04-30 04:00:00+00:00,115.27,121.32680824435252
2025-04-30 05:00:00+00:00,120.3,143.81978141520835
2025-04-30 06:00:00+00:00,99.9,105.91845117129266
2025-04-30 07:00:00+00:00,76.7,81.27617814943396
2025-04-30 08:00:00+00:00,7.08,49.008585504058644
2025-04-30 09:00:00+00:00,0.0,2.8269607179392455
2025-04-30 10:00:00+00:00,-1.0,-1.1935310846529266
2025-04-30 11:00:00+00:00,-6.21,-4.953000019340861
2025-04-30 12:00:00+00:00,-3.0,-10.885927340133833
2025-04-30 13:00:00+00:00,-0.02,3.746550355153927
2025-04-30 14:00:00+00:00,19.91,15.034024811695566
2025-04-30 15:00:00+00:00,78.39,69.75354365953469
2025-04-30 16:00:00+00:00,101.8,106.21879506720212
2025-04-30 17:00:00+00:00,130.37,146.7722519923679
2025-04-30 18:00:00+00:00,176.43,174.80976207045063
2025-04-30 19:00:00+00:00,128.0,152.89748135863624
2025-04-30 20:00:00+00:00,108.33,115.67303073031509
2025-04-30 21:00:00+00:00,98.68,100.53091456358078
2025-04-30 22:00:00+00:00,97.51,94.85046090513913
2025-04-30 23:00:00+00:00,91.78,92.76182162120581
2025-05-01 00:00:00+00:00,90.46,89.25766800335363
2025-05-01 01:00:00+00:00,90.63,89.66360942343707
2025-05-01 02:00:00+00:00,90.5,90.26908610889802
2025-05-01 03:00:00+00:00,84.16,96.12112684998525
2025-05-01 04:00:00+00:00,83.94,93.39032676354009
2025-05-01 05:00:00+00:00,78.04,83.83959406813749
2025-05-01 06:00:00+00:00,62.1,55.669159196494576
2025-05-01 07:00:00+00:00,0.0,28.100053928571434
2025-05-01 08:00:00+00:00,-3.0,-2.4224303332220405
2025-05-01 09:00:00+00:00,-40.1,-17.01177479490464
2025-05-01 10:00:00+00:00,-85.01,-85.29758173611116
2025-05-01 11:00:00+00:00,-129.99,-101.82420000000006
2025-05-01 12:00:00+00:00,-118.11,-130.08679999999998
2025-05-01 13:00:00+00:00,-49.99,-117.8618250000001
2025-05-01 14:00:00+00:00,-5.17,-45.511725615079385
2025-05-01 15:00:00+00:00,40.77,8.247563254964533
2025-05-01 16:00:00+00:00,96.14,80.51475450338003
2025-05-01 17:00:00+00:00,129.87,124.13729606294926
2025-05-01 18:00:00+00:00,164.38,157.4614658131774
2025-05-01 19:00:00+00:00,122.45,142.03995886555555
2025-05-01 20:00:00+00:00,100.73,108.98625161349656
2025-05-01 21:00:00+00:00,87.1,93.85548938060612
2025-05-01 22:00:00+00:00,89.92,84.35812130194822
2025-05-01 23:00:00+00:00,77.12,84.72360875794448
2025-05-02 00:00:00+00:00,66.9,76.32394550672004
2025-05-02 01:00:00+00:00,63.91,65.99083423256411
2025-05-02 02:00:00+00:00,66.0,61.97854421867092
2025-05-02 03:00:00+00:00,74.01,72.42747273687041
2025-05-02 04:00:00+00:00,86.83,88.38608498139884
2025-05-02 05:00:00+00:00,88.55,87.59545463523436
2025-05-02 06:00:00+00:00,84.9,72.04575524256728
2025-05-02 07:00:00+00:00,55.0,59.064069127135255
2025-05-02 08:00:00+00:00,0.85,26.90398568511961
2025-05-02 09:00:00+00:00,-0.01,-0.31497457320949035
2025-05-02 10:00:00+00:00,-0.8,-3.3715580170099044
2025-05-02 11:00:00+00:00,-3.0,-6.717351323623633
2025-05-02 12:00:00+00:00,-4.0,-8.23799547380712
2025-05-02 13:00:00+00:00,-0.08,1.2201288760919495
2025-05-02 14:00:00+00:00,0.3,2.5123046980878443
2025-05-02 15:00:00+00:00,67.5,33.978124191492526
2025-05-02 16:00:00+00:00,99.9,86.94371378557274
2025-05-02 17:00:00+00:00,118.39,122.25657324507388
2025-05-02 18:00:00+00:00,150.4,139.81862024616748
2025-05-02 19:00:00+00:00,121.24,123.23471185632117
2025-05-02 20:00:00+00:00,106.72,108.94039566514407
2025-05-02 21:00:00+00:00,96.44,96.69094044926946
2025-05-02 22:00:00+00:00,97.81,90.99200652674655
2025-05-02 23:00:00+00:00,93.34,90.85864561106474
2025-05-03 00:00:00+00:00,92.2,90.76908850056742
2025-05-03 01:00:00+00:00,92.0,90.61781464240762
2025-05-03 02:00:00+00:00,91.23,90.8307122926611
2025-05-03 03:00:00+00:00,91.84,92.12284111568954
2025-05-03 04:00:00+00:00,92.86,91.59125704743201
2025-05-03 05:00:00+00:00,87.73,90.6784856360521
2025-05-03 06:00:00+00:00,79.9,70.3138395579764
2025-05-03 07:00:00+00:00,13.53,63.62592959559143
2025-05-03 08:00:00+00:00,0.01,20.019610239139215
2025-05-03 09:00:00+00:00,-0.01,11.197499041741214
2025-05-03 10:00:00+00:00,-1.16,-0.5443424037983717
2025-05-03 11:00:00+00:00,-3.04,-6.3002709868448905
2025-05-03 12:00:00+00:00,-2.69,-9.16360542264401
2025-05-03 13:00:00+00:00,-0.03,2.7241874993360358
2025-05-03 14:00:00+00:00,0.0,7.442075826687288
2025-05-03 15:00:00+00:00,28.87,29.31954295590732
2025-05-03 16:00:00+00:00,68.11,66.29179584939368
2025-05-03 17:00:00+00:00,77.54,85.84304108985555
2025-05-03 18:00:00+00:00,90.27,87.03517857683714
2025-05-03 19:00:00+00:00,87.02,87.5254477314487
2025-05-03 20:00:00+00:00,78.63,80.60433088810908
2025-05-03 21:00:00+00:00,65.91,63.81445185546734
2025-05-03 22:00:00+00:00,60.3,47.83167213241205
2025-05-03 23:00:00+00:00,44.9,45.71362690387345
2025-05-04 00:00:00+00:00,31.47,30.127492098975235
2025-05-04 01:00:00+00:00,20.39,20.939803902899992
2025-05-04 02:00:00+00:00,20.02,15.542482865144686
2025-05-04 03:00:00+00:00,15.58,16.34787218401546
2025-05-04 04:00:00+00:00,13.62,18.44531741066795
2025-05-04 05:00:00+00:00,7.83,11.352152577359702
2025-05-04 06:00:00+00:00,2.93,7.642496434791534
2025-05-04 07:00:00+00:00,0.0,1.4064891689027166
2025-05-04 08:00:00+00:00,-0.01,-2.785003125873859
2025-05-04 09:00:00+00:00,-0.01,-3.210840657884913
2025-05-04 10:00:00+00:00,-0.02,-3.1696078496590223
2025-05-04 11:00:00+00:00,-2.0,-3.1590837300253645
2025-05-04 12:00:00+00:00,-5.01,-11.03203077712989
2025-05-04 13:00:00+00:00,-1.59,3.7206712767166157
2025-05-04 14:00:00+00:00,-0.01,4.209973536288059
2025-05-04 15:00:00+00:00,10.07,24.867329123775995
2025-05-04 16:00:00+00:00,80.08,50.46936807301786
2025-05-04 17:00:00+00:00,95.95,102.94495028369838
2025-05-04 18:00:00+00:00,109.0,115.72154745232423
2025-05-04 19:00:00+00:00,112.38,101.70463462847452
2025-05-04 20:00:00+00:00,101.79,101.8363597614333
2025-05-04 21:00:00+00:00,87.35,94.02023020998931
2025-05-04 22:00:00+00:00,75.18,82.79237623810661
2025-05-04 23:00:00+00:00,70.51,67.77371341664316
2025-05-05 00:00:00+00:00,72.25,69.0007463113006
2025-05-05 01:00:00+00:00,75.15,71.23567208111199
2025-05-05 02:00:00+00:00,74.98,75.2052931657916
2025-05-05 03:00:00+00:00,89.49,82.83295695592325
2025-05-05 04:00:00+00:00,110.92,111.64427581332737
2025-05-05 05:00:00+00:00,122.57,124.97542093795424
2025-05-05 06:00:00+00:00,106.69,105.68036396594111
2025-05-05 07:00:00+00:00,90.82,86.55553406363406
2025-05-05 08:00:00+00:00,80.0,75.25851489288533
2025-05-05 09:00:00+00:00,61.65,64.82736248523811
2025-05-05 10:00:00+00:00,53.83,48.508900388762385
2025-05-05 11:00:00+00:00,49.66,41.2155425860994
2025-05-05 12:00:00+00:00,59.3,46.16774466824417
2025-05-05 13:00:00+00:00,70.42,63.74116962214982
2025-05-05 14:00:00+00:00,78.88,78.66197274515451
2025-05-05 15:00:00+00:00,89.22,88.4260043016752
2025-05-05 16:00:00+00:00,100.1,101.43098470647628
2025-05-05 17:00:00+00:00,128.92,119.05490009900224
2025-05-05 18:00:00+00:00,128.0,147.4545840315261
2025-05-05 19:00:00+00:00,113.17,114.72764387122477
2025-05-05 20:00:00+00:00,101.52,100.10921151932197
2025-05-05 21:00:00+00:00,94.46,93.76926537659554
2025-05-05 22:00:00+00:00,87.22,89.06007168616212
2025-05-05 23:00:00+00:00,81.68,80.72517411518629
2025-05-06 00:00:00+00:00,81.29,80.76405298436072
2025-05-06 01:00:00+00:00,79.96,80.28202872830079
2025-05-06 02:00:00+00:00,82.39,79.98851579152125
2025-05-06 03:00:00+00:00,97.08,90.31640677777686
2025-05-06 04:00:00+00:00,114.57,113.7664004468168
2025-05-06 05:00:00+00:00,121.86,120.26578494678233
2025-05-06 06:00:00+00:00,108.37,104.01616108534967
2025-05-06 07:00:00+00:00,83.08,87.36371013200915
2025-05-06 08:00:00+00:00,72.27,66.27606626064099
2025-05-06 09:00:00+00:00,59.89,52.54162601681967
2025-05-06 10:00:00+00:00,42.81,40.596064849733615
2025-05-06 11:00:00+00:00,38.17,27.76460907280277
2025-05-06 12:00:00+00:00,45.44,23.045195469241293
2025-05-06 13:00:00+00:00,65.0,39.146749396279084
2025-05-06 14:00:00+00:00,73.73,60.630670982218824
2025-05-06 15:00:00+00:00,89.99,78.50859948244474
2025-05-06 16:00:00+00:00,106.89,99.0821412385105
2025-05-06 17:00:00+00:00,134.09,125.27839076397431
2025-05-06 18:00:00+00:00,161.18,148.0654914705302
2025-05-06 19:00:00+00:00,136.6,135.938691563297
2025-05-06 20:00:00+00:00,118.28,117.09365398184582
2025-05-06 21:00:00+00:00,101.27,106.8288530941471
2025-05-06 22:00:00+00:00,92.67,94.76875557741921
2025-05-06 23:00:00+00:00,87.05,88.75602203867005
2025-05-07 00:00:00+00:00,85.63,85.94868914086761
2025-05-07 01:00:00+00:00,88.6,84.67160100273462
2025-05-07 02:00:00+00:00,95.16,88.20868220564029
2025-05-07 03:00:00+00:00,108.57,101.05910552722298
2025-05-07 04:00:00+00:00,131.68,127.78295573149866
2025-05-07 05:00:00+00:00,143.95,128.85076162346894
2025-05-07 06:00:00+00:00,125.0,118.0568521263275
2025-05-07 07:00:00+00:00,96.43,102.99574420389271
2025-05-07 08:00:00+00:00,82.41,81.96273560846039
2025-05-07 09:00:00+00:00,73.3,69.30655765873503
2025-05-07 10:00:00+00:00,64.43,60.66693950620142
2025-05-07 11:00:00+00:00,63.92,46.61818871549218
2025-05-07 12:00:00+00:00,68.04,46.56673979639934
2025-05-07 13:00:00+00:00,75.0,62.858521358758125
2025-05-07 14:00:00+00:00,81.8,80.7991440083401
2025-05-07 15:00:00+00:00,95.85,93.39189985954796
2025-05-07 16:00:00+00:00,108.49,108.25421125200947
2025-05-07 17:00:00+00:00,128.93,132.15778700608848
2025-05-07 18:00:00+00:00,147.15,147.61345217821184
2025-05-07 19:00:00+00:00,125.18,125.37821193077258
2025-05-07 20:00:00+00:00,108.49,112.95539029201187
2025-05-07 21:00:00+00:00,96.59,98.18765356630594
2025-05-07 22:00:00+00:00,95.86,91.13394776881418
2025-05-07 23:00:00+00:00,91.66,90.47824971414086
2025-05-08 00:00:00+00:00,91.51,89.36808564798193
2025-05-08 01:00:00+00:00,93.18,90.04128050415024
2025-05-08 02:00:00+00:00,96.09,92.73008018368722
2025-05-08 03:00:00+00:00,109.25,104.80551443906079
2025-05-08 04:00:00+00:00,124.27,131.80965186759212
2025-05-08 05:00:00+00:00,138.73,135.30078527689912
2025-05-08 06:00:00+00:00,124.11,117.5179939130507
2025-05-08 07:00:00+00:00,101.13,103.0509748795979
2025-05-08 08:00:00+00:00,87.81,84.97830832368936
2025-05-08 09:00:00+00:00,75.34,72.75207498898897
2025-05-08 10:00:00+00:00,64.25,53.57195532969789
2025-05-08 11:00:00+00:00,63.75,52.62949145215024
2025-05-08 12:00:00+00:00,70.05,55.000613446358486
2025-05-08 13:00:00+00:00,78.77,75.20640407622665
2025-05-08 14:00:00+00:00,85.3,84.18730916513815
2025-05-08 15:00:00+00:00,91.63,96.16572925955857
2025-05-08 16:00:00+00:00,109.09,106.98710097652514
2025-05-08 17:00:00+00:00,134.96,131.210553441329
2025-05-08 18:00:00+00:00,185.08,158.05435831378543
2025-05-08 19:00:00+00:00,143.18,163.03065800047148
2025-05-08 20:00:00+00:00,114.77,123.08271806699899
2025-05-08 21:00:00+00:00,106.48,103.71819408297381
2025-05-08 22:00:00+00:00,102.27,99.13924641317341
2025-05-08 23:00:00+00:00,96.55,96.83242967839749
2025-05-09 00:00:00+00:00,93.76,94.20784194043182
2025-05-09 01:00:00+00:00,95.09,92.81322887763442
2025-05-09 02:00:00+00:00,100.28,94.74102164314645
2025-05-09 03:00:00+00:00,112.4,110.41365013884997
2025-05-09 04:00:00+00:00,141.0,130.75775652097377
2025-05-09 05:00:00+00:00,136.03,124.15453311392709
2025-05-09 06:00:00+00:00,100.61,114.04771427007108
2025-05-09 07:00:00+00:00,82.0,86.32410682308188
2025-05-09 08:00:00+00:00,51.6,65.26926689361048
2025-05-09 09:00:00+00:00,0.1,28.334575259308902
2025-05-09 10:00:00+00:00,-0.74,-0.833050604630813
2025-05-09 11:00:00+00:00,-0.04,-3.920005610772941
2025-05-09 12:00:00+00:00,-0.01,-1.0822690337015355
2025-05-09 13:00:00+00:00,0.09,4.961687868282509
2025-05-09 14:00:00+00:00,52.66,10.488488122230066
2025-05-09 15:00:00+00:00,79.06,77.8660232497976
2025-05-09 16:00:00+00:00,98.9,100.4115669909709
2025-05-09 17:00:00+00:00,120.0,124.22113132783026
2025-05-09 18:00:00+00:00,149.13,153.3650325719254
2025-05-09 19:00:00+00:00,130.35,126.88204859279142
2025-05-09 20:00:00+00:00,107.32,118.91968905505881
2025-05-09 21:00:00+00:00,98.32,99.30042196502876
2025-05-09 22:00:00+00:00,105.22,95.42498415418682
2025-05-09 23:00:00+00:00,102.91,98.4768980841601
2025-05-10 00:00:00+00:00,98.78,100.15357829430182
2025-05-10 01:00:00+00:00,96.28,96.76324042089358
2025-05-10 02:00:00+00:00,100.9,95.38959667907694
2025-05-10 03:00:00+00:00,100.47,102.22670197578327
2025-05-10 04:00:00+00:00,97.73,105.99006916366062
2025-05-10 05:00:00+00:00,93.91,94.53265985955353
2025-05-10 06:00:00+00:00,73.72,82.65758961025469
2025-05-10 07:00:00+00:00,9.02,38.63718790716768
2025-05-10 08:00:00+00:00,-0.07,0.9578235939387693
2025-05-10 09:00:00+00:00,-22.88,-2.944959727011016
2025-05-10 10:00:00+00:00,-58.48,-41.77974641886847
2025-05-10 11:00:00+00:00,-114.53,-96.73744654761906
2025-05-10 12:00:00+00:00,-110.51,-128.17574999999988
2025-05-10 13:00:00+00:00,-49.52,-110.5202583333334
2025-05-10 14:00:00+00:00,-5.94,-31.16377236226879
2025-05-10 15:00:00+00:00,23.99,3.8539225368958636
2025-05-10 16:00:00+00:00,95.27,53.9778674546948
2025-05-10 17:00:00+00:00,124.04,113.86073239462952
2025-05-10 18:00:00+00:00,163.2,142.76606901497377
2025-05-10 19:00:00+00:00,129.49,142.3181462752623
2025-05-10 20:00:00+00:00,107.72,116.21865591485317
2025-05-10 21:00:00+00:00,94.49,97.77018594599636
2025-05-10 22:00:00+00:00,97.8,87.16468259390369
2025-05-10 23:00:00+00:00,95.1,90.59516411293714
2025-05-11 00:00:00+00:00,94.51,90.37740511398906
2025-05-11 01:00:00+00:00,95.42,89.11555090775133
2025-05-11 02:00:00+00:00,95.39,91.36729377226997
2025-05-11 03:00:00+00:00,95.45,94.9594482194059
2025-05-11 04:00:00+00:00,87.61,94.58103030576608
2025-05-11 05:00:00+00:00,65.76,70.60792968581285
2025-05-11 06:00:00+00:00,4.96,32.93410270188146
2025-05-11 07:00:00+00:00,-0.1,0.38641565038452874
2025-05-11 08:00:00+00:00,-12.02,-4.949824092500489
2025-05-11 09:00:00+00:00,-51.95,-30.467484968182795
2025-05-11 10:00:00+00:00,-212.82,-96.54215218253972
2025-05-11 11:00:00+00:00,-250.32,-332.0625499999996
2025-05-11 12:00:00+00:00,-230.98,-341.2512499999997
2025-05-11 13:00:00+00:00,-110.06,-342.5218999999997
2025-05-11 14:00:00+00:00,-18.52,-102.90845833333341
2025-05-11 15:00:00+00:00,-0.08,-2.957387348896798
2025-05-11 16:00:00+00:00,85.96,32.57387297450433
2025-05-11 17:00:00+00:00,117.11,118.39881284132433
2025-05-11 18:00:00+00:00,124.86,127.86187734512089
2025-05-11 19:00:00+00:00,109.55,113.17250931768162
2025-05-11 20:00:00+00:00,98.45,93.96911330620249
2025-05-11 21:00:00+00:00,84.68,86.4176499345006
2025-05-11 22:00:00+00:00,86.0,75.56611678766978
2025-05-11 23:00:00+00:00,81.28,75.08664787651561
2025-05-12 00:00:00+00:00,80.95,73.08241374248783
2025-05-12 01:00:00+00:00,81.48,77.20082470742658
2025-05-12 02:00:00+00:00,84.65,79.16645041966177
2025-05-12 03:00:00+00:00,97.71,91.27829754494165
2025-05-12 04:00:00+00:00,137.05,107.95087186626053
2025-05-12 05:00:00+00:00,141.15,108.75979381087019
2025-05-12 06:00:00+00:00,108.49,102.54763507913009
2025-05-12 07:00:00+00:00,69.74,77.81143061925204
2025-05-12 08:00:00+00:00,0.49,37.51182360446572
2025-05-12 09:00:00+00:00,-3.91,-1.7973258450916654
2025-05-12 10:00:00+00:00,-25.0,-13.656490563022567
2025-05-12 11:00:00+00:00,-35.0,-47.78564423410287
2025-05-12 12:00:00+00:00,-29.9,-45.451174186299816
2025-05-12 13:00:00+00:00,-8.59,-14.769120111599719
2025-05-12 14:00:00+00:00,-0.01,-3.476422900591496
2025-05-12 15:00:00+00:00,72.58,9.343540127322193
2025-05-12 16:00:00+00:00,107.12,86.67049457639925
2025-05-12 17:00:00+00:00,141.41,121.0517683074755
2025-05-12 18:00:00+00:00,172.7,152.09285467689722
2025-05-12 19:00:00+00:00,117.25,146.41653856981543
2025-05-12 20:00:00+00:00,100.11,103.59332930456627
2025-05-12 21:00:00+00:00,92.97,92.3871597532469
2025-05-12 22:00:00+00:00,89.87,89.50163759465904
2025-05-12 23:00:00+00:00,88.55,85.83540013508362
2025-05-13 00:00:00+00:00,89.2,86.98578825351548
2025-05-13 01:00:00+00:00,93.94,88.31119161977111
2025-05-13 02:00:00+00:00,96.71,92.33217082106079
2025-05-13 03:00:00+00:00,104.0,101.8129065144858
2025-05-13 04:00:00+00:00,136.77,130.8132701345102
2025-05-13 05:00:00+00:00,128.33,124.9497965161231
2025-05-13 06:00:00+00:00,100.42,105.91945832053796
2025-05-13 07:00:00+00:00,79.36,79.65931711027278
2025-05-13 08:00:00+00:00,16.09,53.75561920371082
2025-05-13 09:00:00+00:00,-0.75,7.702560798107875
2025-05-13 10:00:00+00:00,-6.0,-5.644336044875969
2025-05-13 11:00:00+00:00,-16.0,-10.42043815633555
2025-05-13 12:00:00+00:00,-6.55,-29.771253170555593
2025-05-13 13:00:00+00:00,-3.83,-2.086443279507212
2025-05-13 14:00:00+00:00,0.55,3.1479805503646556
2025-05-13 15:00:00+00:00,74.0,50.247844363355
2025-05-13 16:00:00+00:00,105.23,101.6684162701082
2025-05-13 17:00:00+00:00,151.07,137.77649785382093
2025-05-13 18:00:00+00:00,223.58,179.04481153547866
2025-05-13 19:00:00+00:00,148.96,161.93043644665124
2025-05-13 20:00:00+00:00,111.97,120.62436365583646
2025-05-13 21:00:00+00:00,102.63,102.37211720378707
2025-05-13 22:00:00+00:00,102.78,96.85023127261884
2025-05-13 23:00:00+00:00,97.3,96.52924878397488
2025-05-14 00:00:00+00:00,95.41,95.79418836794449
2025-05-14 01:00:00+00:00,96.96,93.96903636524327
2025-05-14 02:00:00+00:00,98.56,96.14918263653104
2025-05-14 03:00:00+00:00,103.94,107.88845447351106
2025-05-14 04:00:00+00:00,128.58,132.79923452316027
2025-05-14 05:00:00+00:00,122.51,134.42572732319758
2025-05-14 06:00:00+00:00,99.56,101.85204480862147
2025-05-14 07:00:00+00:00,70.92,76.81419315650017
2025-05-14 08:00:00+00:00,0.2,37.598771209041814
2025-05-14 09:00:00+00:00,-1.67,-1.050200338538804
2025-05-14 10:00:00+00:00,-18.16,-8.34514088464885
2025-05-14 11:00:00+00:00,-29.91,-37.20584967918735
2025-05-14 12:00:00+00:00,-31.82,-38.94090623875646
2025-05-14 13:00:00+00:00,-12.79,-17.641365828341904
2025-05-14 14:00:00+00:00,-1.33,-5.318300289748629
2025-05-14 15:00:00+00:00,30.94,4.551854398341828
2025-05-14 16:00:00+00:00,91.6,67.05161442408307
2025-05-14 17:00:00+00:00,114.0,113.73345390168672
2025-05-14 18:00:00+00:00,158.45,130.62783081409566
2025-05-14 19:00:00+00:00,132.59,138.6349528679374
2025-05-14 20:00:00+00:00,109.08,111.60494184462256
2025-05-14 21:00:00+00:00,99.86,97.6531084937568
2025-05-14 22:00:00+00:00,98.06,92.20638903599627
2025-05-14 23:00:00+00:00,89.88,90.98870232231978
2025-05-15 00:00:00+00:00,87.8,87.03916868756701
2025-05-15 01:00:00+00:00,87.63,86.29214909519527
2025-05-15 02:00:00+00:00,90.28,87.11756503606739
2025-05-15 03:00:00+00:00,98.94,97.76052562353341
2025-05-15 04:00:00+00:00,119.9,119.92254743996311
2025-05-15 05:00:00+00:00,119.91,124.35224234185443
2025-05-15 06:00:00+00:00,102.06,101.37332214223679
2025-05-15 07:00:00+00:00,75.65,78.4809980724122
2025-05-15 08:00:00+00:00,4.58,38.728816913757555
2025-05-15 09:00:00+00:00,-0.08,0.3222386938767985
2025-05-15 10:00:00+00:00,-4.97,-2.4179062864615037
2025-05-15 11:00:00+00:00,-14.76,-9.085982625842833
2025-05-15 12:00:00+00:00,-14.25,-24.220158668285897
2025-05-15 13:00:00+00:00,-6.62,-9.498144261932493
2025-05-15 14:00:00+00:00,-0.6,-2.1281690694364093
2025-05-15 15:00:00+00:00,3.83,4.790211716296113
2025-05-15 16:00:00+00:00,76.11,42.98978208724215
2025-05-15 17:00:00+00:00,108.97,98.78891738738614
2025-05-15 18:00:00+00:00,130.74,129.1309864790975
2025-05-15 19:00:00+00:00,125.13,120.58442965792963
2025-05-15 20:00:00+00:00,110.49,109.95758978632506
2025-05-15 21:00:00+00:00,101.0,99.25374297164208
2025-05-15 22:00:00+00:00,94.5,94.50093922155489
2025-05-15 23:00:00+00:00,88.47,89.6994633533299
2025-05-16 00:00:00+00:00,84.91,87.00620087997348
2025-05-16 01:00:00+00:00,85.0,84.52842564717274
2025-05-16 02:00:00+00:00,88.76,86.3643407322386
2025-05-16 03:00:00+00:00,98.26,97.91203528138041
2025-05-16 04:00:00+00:00,113.18,120.27871213309813
2025-05-16 05:00:00+00:00,117.6,122.60264660030643
2025-05-16 06:00:00+00:00,106.66,99.24727367167483
2025-05-16 07:00:00+00:00,78.99,82.79767743821398
2025-05-16 08:00:00+00:00,11.11,48.86957968534892
2025-05-16 09:00:00+00:00,-0.01,4.179317050220366
2025-05-16 10:00:00+00:00,-3.15,-2.2336334641136415
2025-05-16 11:00:00+00:00,-1.97,-8.950067166178593
2025-05-16 12:00:00+00:00,-1.55,-5.241530513700302
2025-05-16 13:00:00+00:00,-0.01,0.10911159882179662
2025-05-16 14:00:00+00:00,2.98,5.077376223610364
2025-05-16 15:00:00+00:00,69.79,31.51927316178188
2025-05-16 16:00:00+00:00,100.05,86.03406456922747
2025-05-16 17:00:00+00:00,111.81,116.38930811096301
2025-05-16 18:00:00+00:00,154.91,128.6496336872713
2025-05-16 19:00:00+00:00,143.23,134.63219225619355
2025-05-16 20:00:00+00:00,116.08,118.50974376681349
2025-05-16 21:00:00+00:00,102.08,103.75552804120571
2025-05-16 22:00:00+00:00,93.0,95.9849440106491
2025-05-16 23:00:00+00:00,93.48,89.6243597404655
2025-05-17 00:00:00+00:00,88.93,90.86214091744426
2025-05-17 01:00:00+00:00,88.9,87.0383552925666
2025-05-17 02:00:00+00:00,89.89,87.87709133918322
2025-05-17 03:00:00+00:00,93.46,90.2988719540394
2025-05-17 04:00:00+00:00,91.56,94.39887462609109
2025-05-17 05:00:00+00:00,89.85,85.55594497603315
2025-05-17 06:00:00+00:00,59.11,73.97113831741387
2025-05-17 07:00:00+00:00,0.86,29.320096810536928
2025-05-17 08:00:00+00:00,-0.06,-1.0937769890489106
2025-05-17 09:00:00+00:00,-4.49,-3.536962694795917
2025-05-17 10:00:00+00:00,-4.96,-14.308602362948395
2025-05-17 11:00:00+00:00,-10.02,-14.57848069258963
2025-05-17 12:00:00+00:00,-11.27,-26.452020244201016
2025-05-17 13:00:00+00:00,-5.8,-8.318767009473916
2025-05-17 14:00:00+00:00,-0.8,3.8046541099299627
2025-05-17 15:00:00+00:00,5.01,9.008345806861051
2025-05-17 16:00:00+00:00,78.77,47.229740516002494
2025-05-17 17:00:00+00:00,99.64,100.69892296620596
2025-05-17 18:00:00+00:00,121.38,113.8065290289008
2025-05-17 19:00:00+00:00,130.21,113.21700822113027
2025-05-17 20:00:00+00:00,129.9,119.06439018636358
2025-05-17 21:00:00+00:00,111.6,113.34344878476676
2025-05-17 22:00:00+00:00,106.73,102.03745898291456
2025-05-17 23:00:00+00:00,101.49,97.52069002051842
2025-05-18 00:00:00+00:00,98.57,98.4925609534575
2025-05-18 01:00:00+00:00,97.4,95.76462341697341
2025-05-18 02:00:00+00:00,98.41,95.10410410513448
2025-05-18 03:00:00+00:00,97.98,96.83988672047661
2025-05-18 04:00:00+00:00,91.3,95.91675293578845
2025-05-18 05:00:00+00:00,87.16,87.54576409312553
2025-05-18 06:00:00+00:00,67.86,64.49482993740332
2025-05-18 07:00:00+00:00,10.1,34.325957046703294
2025-05-18 08:00:00+00:00,0.0,5.291375282964493
2025-05-18 09:00:00+00:00,-0.2,-2.8711430596561964
2025-05-18 10:00:00+00:00,-2.0,-3.809488587765526
2025-05-18 11:00:00+00:00,-7.37,-11.177449308639478
2025-05-18 12:00:00+00:00,-15.0,-18.44529831232443
2025-05-18 13:00:00+00:00,-8.97,-9.34508428834288
2025-05-18 14:00:00+00:00,-0.2,1.5956973843780546
2025-05-18 15:00:00+00:00,9.67,8.847790768517722
2025-05-18 16:00:00+00:00,91.38,62.72937457106704
2025-05-18 17:00:00+00:00,108.4,108.73427539361684
2025-05-18 18:00:00+00:00,125.17,119.51411413843638
2025-05-18 19:00:00+00:00,130.47,117.04124843522834
2025-05-18 20:00:00+00:00,118.41,120.42337228558166
2025-05-18 21:00:00+00:00,103.62,109.19875266727414
2025-05-18 22:00:00+00:00,110.48,97.55312799692523
2025-05-18 23:00:00+00:00,102.62,102.63580602544025
2025-05-19 00:00:00+00:00,96.1,99.77808018289326
2025-05-19 01:00:00+00:00,92.95,93.92232571079094
2025-05-19 02:00:00+00:00,98.03,93.31172282168622
2025-05-19 03:00:00+00:00,109.39,102.71161524919621
2025-05-19 04:00:00+00:00,131.22,133.91044823275683
2025-05-19 05:00:00+00:00,137.22,128.34372842443273
2025-05-19 06:00:00+00:00,113.41,115.51637923754137
2025-05-19 07:00:00+00:00,93.69,90.44117556790208
2025-05-19 08:00:00+00:00,69.59,77.40957485943355
2025-05-19 09:00:00+00:00,28.56,41.82850115311387
2025-05-19 10:00:00+00:00,12.77,19.94917218266502
2025-05-19 11:00:00+00:00,5.0,9.07524840786537
2025-05-19 12:00:00+00:00,8.0,4.849373996129871
2025-05-19 13:00:00+00:00,28.15,26.2559026598277
2025-05-19 14:00:00+00:00,72.98,44.19780365850395
2025-05-19 15:00:00+00:00,97.09,88.26924528497688
2025-05-19 16:00:00+00:00,114.49,114.38496535704977
2025-05-19 17:00:00+00:00,148.45,150.08403955647256
2025-05-19 18:00:00+00:00,229.11,177.40410088640562
2025-05-19 19:00:00+00:00,154.86,173.36114459744138
2025-05-19 20:00:00+00:00,126.81,129.0708860404596
2025-05-19 21:00:00+00:00,111.88,113.01621189416215
2025-05-19 22:00:00+00:00,114.95,103.82636095615399
2025-05-19 23:00:00+00:00,106.03,104.83370473734496
2025-05-20 00:00:00+00:00,102.5,102.67369329721726
2025-05-20 01:00:00+00:00,104.04,101.72925235028984
2025-05-20 02:00:00+00:00,109.14,103.49536469386891
2025-05-20 03:00:00+00:00,118.96,115.58236487842845
2025-05-20 04:00:00+00:00,143.21,146.37851697831206
2025-05-20 05:00:00+00:00,130.81,124.47256832818786
2025-05-20 06:00:00+00:00,100.0,110.71130672801434
2025-05-20 07:00:00+00:00,85.2,82.04945563276888
2025-05-20 08:00:00+00:00,61.58,67.30902927172465
2025-05-20 09:00:00+00:00,15.95,36.9892166438256
2025-05-20 10:00:00+00:00,0.17,10.669185176519893
2025-05-20 11:00:00+00:00,0.01,-0.8160743637199949
2025-05-20 12:00:00+00:00,0.09,-0.8702849767094056
2025-05-20 13:00:00+00:00,7.61,13.316788604742005
2025-05-20 14:00:00+00:00,67.87,35.17559483059526
2025-05-20 15:00:00+00:00,97.15,81.53214492895529
2025-05-20 16:00:00+00:00,111.79,109.3788623749545
2025-05-20 17:00:00+00:00,141.23,143.000112330748
2025-05-20 18:00:00+00:00,192.25,167.74179558650562
2025-05-20 19:00:00+00:00,148.97,171.826222357031
2025-05-20 20:00:00+00:00,120.0,122.51712502210036
2025-05-20 21:00:00+00:00,107.93,108.84200023651067
2025-05-20 22:00:00+00:00,107.93,98.01642438351446
2025-05-20 23:00:00+00:00,102.33,98.02997717928987
2025-05-21 00:00:00+00:00,97.9,99.99077735824316
2025-05-21 01:00:00+00:00,94.9,94.84948443589909
2025-05-21 02:00:00+00:00,93.7,92.7984154469295
2025-05-21 03:00:00+00:00,102.49,98.68545435386281
2025-05-21 04:00:00+00:00,112.48,115.84405743398749
2025-05-21 05:00:00+00:00,116.54,115.27167310413807
2025-05-21 06:00:00+00:00,107.82,100.34509995887448
2025-05-21 07:00:00+00:00,84.82,85.06358584507112
2025-05-21 08:00:00+00:00,42.22,65.57411505222599
2025-05-21 09:00:00+00:00,0.15,24.91732582607886
2025-05-21 10:00:00+00:00,-0.1,-1.097330853788057
2025-05-21 11:00:00+00:00,-2.2,-2.467572481693231
2025-05-21 12:00:00+00:00,-1.53,-8.5004779194415
2025-05-21 13:00:00+00:00,-0.01,2.5326504933384437
2025-05-21 14:00:00+00:00,2.06,5.165482286088178
2025-05-21 15:00:00+00:00,49.08,32.487753817250706
2025-05-21 16:00:00+00:00,86.32,81.64552354232565
2025-05-21 17:00:00+00:00,100.1,102.87046271178193
2025-05-21 18:00:00+00:00,114.35,112.22840256326018
2025-05-21 19:00:00+00:00,110.27,108.11998877782916
2025-05-21 20:00:00+00:00,100.72,102.5370512362162
2025-05-21 21:00:00+00:00,90.0,93.18694587552521
2025-05-21 22:00:00+00:00,98.54,85.50724031547368
2025-05-21 23:00:00+00:00,88.28,90.6747629769916
2025-05-22 00:00:00+00:00,83.65,85.85618881168102
2025-05-22 01:00:00+00:00,81.5,82.93058190488749
2025-05-22 02:00:00+00:00,83.34,81.21996135183805
2025-05-22 03:00:00+00:00,90.0,86.8904428883558
2025-05-22 04:00:00+00:00,107.67,100.82459748346668
2025-05-22 05:00:00+00:00,106.01,110.97460715995045
2025-05-22 06:00:00+00:00,98.16,95.3402025707287
2025-05-22 07:00:00+00:00,54.54,82.40770377405295
2025-05-22 08:00:00+00:00,1.66,38.03762933875518
2025-05-22 09:00:00+00:00,0.01,0.9931829528777008
2025-05-22 10:00:00+00:00,-1.91,-1.2438717468778515
2025-05-22 11:00:00+00:00,-12.77,-7.145018346031339
2025-05-22 12:00:00+00:00,-15.4,-23.901782730451178
2025-05-22 13:00:00+00:00,-10.9,-10.62430675687066
2025-05-22 14:00:00+00:00,-2.99,-6.027511905270948
2025-05-22 15:00:00+00:00,-0.01,0.7436239450024688
2025-05-22 16:00:00+00:00,50.0,24.201863335190037
2025-05-22 17:00:00+00:00,106.84,82.72068927147633
2025-05-22 18:00:00+00:00,115.0,110.89248673232586
2025-05-22 19:00:00+00:00,127.25,106.41105832808523
2025-05-22 20:00:00+00:00,117.48,112.98115667603508
2025-05-22 21:00:00+00:00,103.23,103.63194891025056
2025-05-22 22:00:00+00:00,101.1,95.23685821518593
2025-05-22 23:00:00+00:00,93.16,93.12847749127518
2025-05-23 00:00:00+00:00,87.12,90.34772556908655
2025-05-23 01:00:00+00:00,86.56,85.38453271251204
2025-05-23 02:00:00+00:00,93.08,85.24799453651737
2025-05-23 03:00:00+00:00,106.82,96.56715813636329
2025-05-23 04:00:00+00:00,128.49,111.13551428010571
2025-05-23 05:00:00+00:00,132.8,119.79105157581192
2025-05-23 06:00:00+00:00,114.67,106.49352391801295
2025-05-23 07:00:00+00:00,85.9,85.53034991031674
2025-05-23 08:00:00+00:00,70.0,60.71381357050801
2025-05-23 09:00:00+00:00,54.05,40.03979800946603
2025-05-23 10:00:00+00:00,13.44,31.54442307804247
2025-05-23 11:00:00+00:00,0.62,4.059584476002354
2025-05-23 12:00:00+00:00,0.0,-0.03965589940912093
2025-05-23 13:00:00+00:00,0.0,3.940275696486852
2025-05-23 14:00:00+00:00,25.33,4.612002539372059
2025-05-23 15:00:00+00:00,71.91,24.552060858519027
2025-05-23 16:00:00+00:00,97.6,78.90575624712416
2025-05-23 17:00:00+00:00,114.36,106.87692146150957
2025-05-23 18:00:00+00:00,130.47,117.86374102942312
2025-05-23 19:00:00+00:00,139.29,120.02963285906922
2025-05-23 20:00:00+00:00,126.93,119.44842842824075
2025-05-23 21:00:00+00:00,108.0,112.9729576085173
2025-05-23 22:00:00+00:00,98.99,96.94132691915736
2025-05-23 23:00:00+00:00,94.76,91.07955111452331
2025-05-24 00:00:00+00:00,88.74,90.19260537061501
2025-05-24 01:00:00+00:00,84.22,84.09204471004789
2025-05-24 02:00:00+00:00,82.93,82.91616627774606
2025-05-24 03:00:00+00:00,80.71,83.0134003512243
2025-05-24 04:00:00+00:00,82.07,80.85125158908235
2025-05-24 05:00:00+00:00,76.9,68.6303539319548
2025-05-24 06:00:00+00:00,62.09,48.69954892768617
2025-05-24 07:00:00+00:00,12.26,33.870967121212125
2025-05-24 08:00:00+00:00,-0.01,4.601333330320698
2025-05-24 09:00:00+00:00,-0.11,-2.9259583710015313
2025-05-24 10:00:00+00:00,-0.15,-3.554536864900033
2025-05-24 11:00:00+00:00,-0.19,-3.6909320838047806
2025-05-24 12:00:00+00:00,-0.39,-2.7976227741523725
2025-05-24 13:00:00+00:00,-1.77,2.678906830030737
2025-05-24 14:00:00+00:00,-0.39,5.329570271692923
2025-05-24 15:00:00+00:00,48.67,8.0903536071726
2025-05-24 16:00:00+00:00,85.34,45.31082821700471
2025-05-24 17:00:00+00:00,109.08,94.19814075973044
2025-05-24 18:00:00+00:00,111.0,111.08177832826314
2025-05-24 19:00:00+00:00,107.92,102.78631655108352
2025-05-24 20:00:00+00:00,92.06,97.34128123026922
2025-05-24 21:00:00+00:00,79.67,77.19429963601127
2025-05-24 22:00:00+00:00,23.82,59.75282531899472
2025-05-24 23:00:00+00:00,22.9,24.789403944667807
2025-05-25 00:00:00+00:00,14.39,22.45832601088764
2025-05-25 01:00:00+00:00,8.38,16.420003455439208
2025-05-25 02:00:00+00:00,3.9,10.554105570931663
2025-05-25 03:00:00+00:00,2.11,5.308518864641446
2025-05-25 04:00:00+00:00,1.17,5.484224549689315
2025-05-25 05:00:00+00:00,1.21,4.374411356216948
2025-05-25 06:00:00+00:00,0.03,3.5798237730148785
2025-05-25 07:00:00+00:00,0.0,0.3685194893487094
2025-05-25 08:00:00+00:00,-0.61,-0.46778738375509854
2025-05-25 09:00:00+00:00,-0.6,-1.9288767822380708
2025-05-25 10:00:00+00:00,-0.25,-2.96123854781699
2025-05-25 11:00:00+00:00,-3.19,-3.0179330894959593
2025-05-25 12:00:00+00:00,-5.05,-11.104719915118459
2025-05-25 13:00:00+00:00,-4.95,0.2073052477608739
2025-05-25 14:00:00+00:00,-1.37,2.0741824106965767
2025-05-25 15:00:00+00:00,0.0,7.405979451752858
2025-05-25 16:00:00+00:00,11.72,15.546748300935342
2025-05-25 17:00:00+00:00,92.95,46.12979038859092
2025-05-25 18:00:00+00:00,100.0,105.01929936849683
2025-05-25 19:00:00+00:00,107.41,95.77741327478459
2025-05-25 20:00:00+00:00,102.23,100.84902419872722
2025-05-25 21:00:00+00:00,92.92,93.91281073928211
2025-05-25 22:00:00+00:00,88.13,87.08939849203715
2025-05-25 23:00:00+00:00,79.12,81.84891819986174
2025-05-26 00:00:00+00:00,73.21,76.33201337851823
2025-05-26 01:00:00+00:00,71.83,72.16727179500408
2025-05-26 02:00:00+00:00,76.7,71.2668998853054
2025-05-26 03:00:00+00:00,85.48,84.21671134516131
2025-05-26 04:00:00+00:00,116.2,102.596759887425
2025-05-26 05:00:00+00:00,143.17,130.13865942549054
2025-05-26 06:00:00+00:00,129.91,108.99506199243346
2025-05-26 07:00:00+00:00,91.41,103.51106692384077
2025-05-26 08:00:00+00:00,16.17,73.73116015496554
2025-05-26 09:00:00+00:00,0.05,8.79595945141502
2025-05-26 10:00:00+00:00,-0.42,-1.9606271087743912
2025-05-26 11:00:00+00:00,-1.45,-2.768011289932852
2025-05-26 12:00:00+00:00,-1.18,-3.941936606622449
2025-05-26 13:00:00+00:00,-0.82,0.6176408895214807
2025-05-26 14:00:00+00:00,0.0,2.0615616308203406
2025-05-26 15:00:00+00:00,17.65,18.78250806540197
2025-05-26 16:00:00+00:00,95.76,50.865305383511476
2025-05-26 17:00:00+00:00,119.33,114.53409230168744
2025-05-26 18:00:00+00:00,169.87,149.90643344097026
2025-05-26 19:00:00+00:00,161.57,149.2022181175112
2025-05-26 20:00:00+00:00,119.38,141.09174595196717
2025-05-26 21:00:00+00:00,98.86,108.53613162285298
2025-05-26 22:00:00+00:00,88.51,91.7893048384903
2025-05-26 23:00:00+00:00,73.92,82.43110699174686
2025-05-27 00:00:00+00:00,62.02,73.9624292655529
2025-05-27 01:00:00+00:00,61.98,61.9646373312519
2025-05-27 02:00:00+00:00,67.7,63.70623249697539
2025-05-27 03:00:00+00:00,62.2,76.15242343545768
2025-05-27 04:00:00+00:00,67.7,73.19234847459819
2025-05-27 05:00:00+00:00,73.9,71.18454998607655
2025-05-27 06:00:00+00:00,68.63,65.4874507570007
2025-05-27 07:00:00+00:00,50.17,46.4926673533094
2025-05-27 08:00:00+00:00,4.26,24.532373747751432
2025-05-27 09:00:00+00:00,3.19,0.2739773735627861
2025-05-27 10:00:00+00:00,0.03,0.2114308690301612
2025-05-27 11:00:00+00:00,0.02,-1.8832551434645453
2025-05-27 12:00:00+00:00,0.09,-1.817249552537028
2025-05-27 13:00:00+00:00,3.14,5.400796413662322
2025-05-27 14:00:00+00:00,55.17,21.742739476014123
2025-05-27 15:00:00+00:00,84.55,70.93214466252704
2025-05-27 16:00:00+00:00,103.0,100.46424562243932
2025-05-27 17:00:00+00:00,122.64,118.18088192409299
2025-05-27 18:00:00+00:00,137.6,125.27421108958048
2025-05-27 19:00:00+00:00,111.16,117.77951255123072
2025-05-27 20:00:00+00:00,100.34,102.419673610551
2025-05-27 21:00:00+00:00,82.41,90.68932105747953
2025-05-27 22:00:00+00:00,76.43,71.73088940679838
2025-05-27 23:00:00+00:00,69.01,48.16970641640565
2025-05-28 00:00:00+00:00,67.39,50.363643179790806
2025-05-28 01:00:00+00:00,61.01,47.352864860461416
2025-05-28 02:00:00+00:00,65.19,50.37685696726128
2025-05-28 03:00:00+00:00,72.52,60.965937595530725
2025-05-28 04:00:00+00:00,92.85,82.57361021627378
2025-05-28 05:00:00+00:00,100.09,100.24341491728109
2025-05-28 06:00:00+00:00,95.0,97.2356669792937
2025-05-28 07:00:00+00:00,90.0,82.99597044629587
2025-05-28 08:00:00+00:00,76.48,76.86528312291372
2025-05-28 09:00:00+00:00,71.46,63.07744115972284
2025-05-28 10:00:00+00:00,65.67,58.82747978008809
2025-05-28 11:00:00+00:00,58.03,52.541040624660134
2025-05-28 12:00:00+00:00,53.21,51.586269415463185
2025-05-28 13:00:00+00:00,42.1,50.9461333121545
2025-05-28 14:00:00+00:00,67.28,48.413301618030985
2025-05-28 15:00:00+00:00,83.7,70.93188797862213
2025-05-28 16:00:00+00:00,94.99,92.12431235835744
2025-05-28 17:00:00+00:00,114.83,104.0640568928834
2025-05-28 18:00:00+00:00,134.83,115.84892708350422
2025-05-28 19:00:00+00:00,139.91,118.81563412453107
2025-05-28 20:00:00+00:00,124.29,121.70257457581569
2025-05-28 21:00:00+00:00,104.27,108.39702438547214
2025-05-28 22:00:00+00:00,99.13,95.95993886272622
2025-05-28 23:00:00+00:00,94.8,90.46975215001984
2025-05-29 00:00:00+00:00,92.06,90.51354086708157
2025-05-29 01:00:00+00:00,91.55,90.06789715720404
2025-05-29 02:00:00+00:00,91.54,89.14026819190909
2025-05-29 03:00:00+00:00,91.36,93.56406791205416
2025-05-29 04:00:00+00:00,89.46,97.206968138982
2025-05-29 05:00:00+00:00,86.49,83.3507561221743
2025-05-29 06:00:00+00:00,82.95,73.41943089444797
2025-05-29 07:00:00+00:00,62.83,67.41603319556063
2025-05-29 08:00:00+00:00,19.93,38.12529926406924
2025-05-29 09:00:00+00:00,1.71,9.322027427600448
2025-05-29 10:00:00+00:00,0.03,0.04663469772433384
2025-05-29 11:00:00+00:00,-1.68,-2.8696864101252517
2025-05-29 12:00:00+00:00,-1.99,-6.794762100098874
2025-05-29 13:00:00+00:00,-1.98,3.548294406669168
2025-05-29 14:00:00+00:00,-1.09,2.6193725055764436
2025-05-29 15:00:00+00:00,23.13,10.932855354267867
2025-05-29 16:00:00+00:00,65.5,48.540324823408625
2025-05-29 17:00:00+00:00,80.2,75.16153911800997
2025-05-29 18:00:00+00:00,77.17,90.36194097355472
2025-05-29 19:00:00+00:00,73.73,74.19334151034222
2025-05-29 20:00:00+00:00,76.66,69.70514794039963
2025-05-29 21:00:00+00:00,57.5,61.14051284022145
2025-05-29 22:00:00+00:00,45.42,41.2412001296398
2025-05-29 23:00:00+00:00,25.67,27.627076222648014
2025-05-30 00:00:00+00:00,32.99,17.2536623036306
2025-05-30 01:00:00+00:00,33.95,20.897711772118555
2025-05-30 02:00:00+00:00,37.39,26.506748956420797
2025-05-30 03:00:00+00:00,55.08,35.097201347698515
2025-05-30 04:00:00+00:00,69.73,58.063583832760806
2025-05-30 05:00:00+00:00,68.38,60.579060567154876
2025-05-30 06:00:00+00:00,53.01,44.24174926325345
2025-05-30 07:00:00+00:00,29.13,27.13164062831699
2025-05-30 08:00:00+00:00,1.83,8.930755149051715
2025-05-30 09:00:00+00:00,-0.02,-0.39335857336428587
2025-05-30 10:00:00+00:00,-1.01,-4.375644957661755
2025-05-30 11:00:00+00:00,-3.1,-15.597198431309145
2025-05-30 12:00:00+00:00,-3.0,-10.716151944380567
2025-05-30 13:00:00+00:00,-1.34,1.616958862551079
2025-05-30 14:00:00+00:00,-0.04,0.15854163505477348
2025-05-30 15:00:00+00:00,5.88,9.7957194737326
2025-05-30 16:00:00+00:00,73.52,28.79358171262762
2025-05-30 17:00:00+00:00,111.84,89.63221135613982
2025-05-30 18:00:00+00:00,136.95,119.33331733282974
2025-05-30 19:00:00+00:00,145.89,118.53985232515282
2025-05-30 20:00:00+00:00,130.19,120.75717091181889
2025-05-30 21:00:00+00:00,108.15,115.62541155309118
2025-05-30 22:00:00+00:00,107.0,101.56219573733598
2025-05-30 23:00:00+00:00,99.94,99.20088792501703
2025-05-31 00:00:00+00:00,98.75,96.9493132948136
2025-05-31 01:00:00+00:00,99.07,96.3424855944945
2025-05-31 02:00:00+00:00,99.91,97.2694218795139
2025-05-31 03:00:00+00:00,98.29,99.57564493451518
2025-05-31 04:00:00+00:00,94.79,97.5723525480143
2025-05-31 05:00:00+00:00,84.61,86.66513255891888
2025-05-31 06:00:00+00:00,55.0,67.47819154459961
2025-05-31 07:00:00+00:00,1.0,22.620836067089105
2025-05-31 08:00:00+00:00,-0.02,-0.3313893980195601
2025-05-31 09:00:00+00:00,-1.0,-2.686494873361175
2025-05-31 10:00:00+00:00,-3.07,-7.847245002446204
2025-05-31 11:00:00+00:00,-13.17,-10.262170331916398
2025-05-31 12:00:00+00:00,-7.75,-25.765166699575992
2025-05-31 13:00:00+00:00,-3.0,-0.5750225342670404
2025-05-31 14:00:00+00:00,-0.05,7.322082339459347
2025-05-31 15:00:00+00:00,41.4,39.40200267393437
2025-05-31 16:00:00+00:00,88.85,77.21382516390342
2025-05-31 17:00:00+00:00,131.41,113.57659215410781
2025-05-31 18:00:00+00:00,192.35,147.2405647899416
2025-05-31 19:00:00+00:00,192.37,157.611061731695
2025-05-31 20:00:00+00:00,133.49,148.12097631068548
2025-05-31 21:00:00+00:00,102.06,114.95634458554176
2025-05-31 22:00:00+00:00,92.53,95.13113966872768
2025-05-31 23:00:00+00:00,85.22,85.78037258662907
2025-06-01 00:00:00+00:00,77.13,81.00795112199721
2025-06-01 01:00:00+00:00,74.09,61.5711267149412
2025-06-01 02:00:00+00:00,72.66,59.850628697671084
2025-06-01 03:00:00+00:00,66.11,60.42856815426911
2025-06-01 04:00:00+00:00,35.84,47.992670388797436
2025-06-01 05:00:00+00:00,13.0,40.42333134942081
2025-06-01 06:00:00+00:00,2.4,17.33151982542916
2025-06-01 07:00:00+00:00,-0.01,3.3469899585262097
2025-06-01 08:00:00+00:00,-0.6,-2.407020652399967
2025-06-01 09:00:00+00:00,-2.11,-6.146172414484043
2025-06-01 10:00:00+00:00,-5.48,-12.589412024814472
2025-06-01 11:00:00+00:00,-12.93,-12.66031595666256
2025-06-01 12:00:00+00:00,-20.41,-26.209464354630754
2025-06-01 13:00:00+00:00,-15.61,-13.170636667907406
2025-06-01 14:00:00+00:00,-6.0,-5.590350394430525
2025-06-01 15:00:00+00:00,-0.99,3.3330283855985674
2025-06-01 16:00:00+00:00,19.23,14.262416340376115
2025-06-01 17:00:00+00:00,78.85,59.158464716762765
2025-06-01 18:00:00+00:00,93.66,98.62139946304265
2025-06-01 19:00:00+00:00,106.86,94.07787306478369
2025-06-01 20:00:00+00:00,105.93,104.90438412919157
2025-06-01 21:00:00+00:00,90.49,94.53874815831313
2025-06-01 22:00:00+00:00,81.76,85.9679437675774
2025-06-01 23:00:00+00:00,75.31,77.02738115831188
2025-06-02 00:00:00+00:00,75.0,75.02195598124167
2025-06-02 01:00:00+00:00,77.75,75.24686727183705
2025-06-02 02:00:00+00:00,83.05,76.35724381712029
2025-06-02 03:00:00+00:00,91.93,90.25019703573494
2025-06-02 04:00:00+00:00,108.15,114.5360604305301
2025-06-02 05:00:00+00:00,117.9,125.07248604127182
2025-06-02 06:00:00+00:00,102.36,107.38280031599274
2025-06-02 07:00:00+00:00,85.6,83.5689311151849
2025-06-02 08:00:00+00:00,57.47,69.21697038931967
2025-06-02 09:00:00+00:00,33.21,43.80878138847227
2025-06-02 10:00:00+00:00,20.0,28.795138429633326
2025-06-02 11:00:00+00:00,12.78,26.29769715102378
2025-06-02 12:00:00+00:00,11.0,22.314867446938994
2025-06-02 13:00:00+00:00,19.75,24.073835938289772
2025-06-02 14:00:00+00:00,55.84,34.71637131924489
2025-06-02 15:00:00+00:00,82.8,69.29693952301723
2025-06-02 16:00:00+00:00,94.95,97.52192430787154
2025-06-02 17:00:00+00:00,109.32,118.212294125047
2025-06-02 18:00:00+00:00,195.91,147.81089705979514
2025-06-02 19:00:00+00:00,245.37,163.07162990176826
2025-06-02 20:00:00+00:00,141.66,151.89070740740752
2025-06-02 21:00:00+00:00,110.04,114.17537139270831
2025-06-02 22:00:00+00:00,111.49,100.20300292538857
2025-06-02 23:00:00+00:00,109.91,101.54002496106187
2025-06-03 00:00:00+00:00,102.02,105.05577838959198
2025-06-03 01:00:00+00:00,99.23,100.24959765705191
2025-06-03 02:00:00+00:00,94.89,98.40639682343004
2025-06-03 03:00:00+00:00,107.6,101.99448958481115
2025-06-03 04:00:00+00:00,130.76,125.32253367313123
2025-06-03 05:00:00+00:00,116.85,120.30345447057822
2025-06-03 06:00:00+00:00,85.98,99.68985424743585
2025-06-03 07:00:00+00:00,59.46,67.69434697387372
2025-06-03 08:00:00+00:00,2.0,30.02262017917269
2025-06-03 09:00:00+00:00,-0.05,0.18614381291427345
2025-06-03 10:00:00+00:00,-1.01,-2.494550846385543
2025-06-03 11:00:00+00:00,-3.0,-5.712300988319827
2025-06-03 12:00:00+00:00,-4.32,-6.622214975647709
2025-06-03 13:00:00+00:00,-1.33,4.144880464270539
2025-06-03 14:00:00+00:00,0.0,5.909684711311176
2025-06-03 15:00:00+00:00,66.0,24.17616899903799
2025-06-03 16:00:00+00:00,87.79,86.37373665300137
2025-06-03 17:00:00+00:00,109.41,123.23264011775105
2025-06-03 18:00:00+00:00,132.9,149.6277553499008
2025-06-03 19:00:00+00:00,112.29,117.62476440937404
2025-06-03 20:00:00+00:00,106.12,107.62867982548887
2025-06-03 21:00:00+00:00,95.49,94.6293728240758
2025-06-03 22:00:00+00:00,74.95,87.17177206336592
2025-06-03 23:00:00+00:00,67.25,67.2449606930598
2025-06-04 00:00:00+00:00,64.78,64.22981787486981
2025-06-04 01:00:00+00:00,65.0,62.66833381311087
2025-06-04 02:00:00+00:00,68.32,63.47087600528435
2025-06-04 03:00:00+00:00,80.32,73.36963050174289
2025-06-04 04:00:00+00:00,99.77,94.5522210002722
2025-06-04 05:00:00+00:00,113.74,98.22705667222453
2025-06-04 06:00:00+00:00,112.4,97.65145395633576
2025-06-04 07:00:00+00:00,79.08,87.55012658229262
2025-06-04 08:00:00+00:00,72.4,63.65540415869902
2025-06-04 09:00:00+00:00,48.36,54.571488901405786
2025-06-04 10:00:00+00:00,20.12,30.76912044015879
2025-06-04 11:00:00+00:00,9.69,19.11749247786426
2025-06-04 12:00:00+00:00,18.26,11.855713001636683
2025-06-04 13:00:00+00:00,43.35,23.68386302235401
2025-06-04 14:00:00+00:00,72.4,54.66245657907828
2025-06-04 15:00:00+00:00,91.45,84.79577533360903
2025-06-04 16:00:00+00:00,108.91,103.99856618330081
2025-06-04 17:00:00+00:00,145.98,128.16670694893207
2025-06-04 18:00:00+00:00,192.85,153.26782930771432
2025-06-04 19:00:00+00:00,138.82,157.64509507602844
2025-06-04 20:00:00+00:00,112.43,116.23227337821262
2025-06-04 21:00:00+00:00,94.08,99.56245327849035
2025-06-04 22:00:00+00:00,97.67,91.51515649328068
2025-06-04 23:00:00+00:00,92.7,90.6105452550142
2025-06-05 00:00:00+00:00,86.84,89.3420810441403
2025-06-05 01:00:00+00:00,86.1,85.35359311659465
2025-06-05 02:00:00+00:00,87.01,85.1301967440067
2025-06-05 03:00:00+00:00,88.09,91.83846785374247
2025-06-05 04:00:00+00:00,113.78,101.39575934883838
2025-06-05 05:00:00+00:00,129.03,116.65209878386784
2025-06-05 06:00:00+00:00,116.6,108.0332002329688
2025-06-05 07:00:00+00:00,83.03,94.48593912814732
2025-06-05 08:00:00+00:00,66.0,65.4787145949523
2025-06-05 09:00:00+00:00,46.18,41.431502311859006
2025-06-05 10:00:00+00:00,20.0,23.5425055733093
2025-06-05 11:00:00+00:00,11.03,10.655291076578377
2025-06-05 12:00:00+00:00,7.07,8.371742999899444
2025-06-05 13:00:00+00:00,19.87,22.809856935008433
2025-06-05 14:00:00+00:00,57.5,24.72872716601204
2025-06-05 15:00:00+00:00,81.08,76.15185517324868
2025-06-05 16:00:00+00:00,100.94,96.10861320052925
2025-06-05 17:00:00+00:00,112.19,114.03900143471542
2025-06-05 18:00:00+00:00,136.4,123.9677381575216
2025-06-05 19:00:00+00:00,106.95,116.67635581714549
2025-06-05 20:00:00+00:00,96.37,97.15554929970769
2025-06-05 21:00:00+00:00,81.36,86.1924019093665
2025-06-05 22:00:00+00:00,76.29,70.93145504437902
2025-06-05 23:00:00+00:00,66.12,51.116164202219196
2025-06-06 00:00:00+00:00,60.86,45.313845190861386
2025-06-06 01:00:00+00:00,55.27,44.570424281180095
2025-06-06 02:00:00+00:00,52.78,32.211097476343895
2025-06-06 03:00:00+00:00,63.7,31.06920604969811
2025-06-06 04:00:00+00:00,67.02,46.274227220760224
2025-06-06 05:00:00+00:00,74.43,47.153334050988015
2025-06-06 06:00:00+00:00,59.61,43.96426228603751
2025-06-06 07:00:00+00:00,3.94,34.92359105828764
2025-06-06 08:00:00+00:00,-0.01,0.07419199286349804
2025-06-06 09:00:00+00:00,-0.27,-2.3174164047451353
2025-06-06 10:00:00+00:00,-2.07,-4.489875420051496
2025-06-06 11:00:00+00:00,-4.93,-10.054987858573183
2025-06-06 12:00:00+00:00,-5.06,-10.450479309854977
2025-06-06 13:00:00+00:00,-4.96,2.903689749725838
2025-06-06 14:00:00+00:00,-1.0,4.229304116876768
2025-06-06 15:00:00+00:00,0.0,6.912995047537537
2025-06-06 16:00:00+00:00,50.47,27.705747102106788
2025-06-06 17:00:00+00:00,84.19,81.03057828827589
2025-06-06 18:00:00+00:00,112.57,104.75688239877321
2025-06-06 19:00:00+00:00,129.29,104.51735586636809
2025-06-06 20:00:00+00:00,125.72,114.845680687806
2025-06-06 21:00:00+00:00,103.24,112.68271573019318
2025-06-06 22:00:00+00:00,87.61,94.94228301688106
2025-06-06 23:00:00+00:00,83.5,81.29373700998899
2025-06-07 00:00:00+00:00,78.02,81.46354532753597
2025-06-07 01:00:00+00:00,81.89,76.59719473032318
2025-06-07 02:00:00+00:00,82.27,81.12338408738397
2025-06-07 03:00:00+00:00,81.99,84.74561617502741
2025-06-07 04:00:00+00:00,85.47,82.68759801950942
2025-06-07 05:00:00+00:00,86.74,81.85618813529047
2025-06-07 06:00:00+00:00,79.86,72.23742672613885
2025-06-07 07:00:00+00:00,65.3,63.42438637619746
2025-06-07 08:00:00+00:00,30.53,35.166783684180615
2025-06-07 09:00:00+00:00,9.44,11.95908727222407
2025-06-07 10:00:00+00:00,1.19,2.378693390286221
2025-06-07 11:00:00+00:00,-0.01,-0.13371460478159414
2025-06-07 12:00:00+00:00,-0.02,-2.204763376049639
2025-06-07 13:00:00+00:00,-0.02,3.471046500437382
2025-06-07 14:00:00+00:00,-0.87,4.043843691537072
2025-06-07 15:00:00+00:00,26.91,9.906339769681079
2025-06-07 16:00:00+00:00,70.1,49.74610746369176
2025-06-07 17:00:00+00:00,85.01,88.7148333199873
2025-06-07 18:00:00+00:00,109.9,101.99315232528006
2025-06-07 19:00:00+00:00,110.26,108.97419638811996
2025-06-07 20:00:00+00:00,98.01,106.51602318572706
2025-06-07 21:00:00+00:00,80.09,91.37416681515788
2025-06-07 22:00:00+00:00,93.84,71.67024047224244
2025-06-07 23:00:00+00:00,83.0,79.62345332108201
2025-06-08 00:00:00+00:00,76.86,77.75044048132511
2025-06-08 01:00:00+00:00,69.74,53.00787617154171
2025-06-08 02:00:00+00:00,67.02,45.882531656397326
2025-06-08 03:00:00+00:00,55.66,42.490108294072606
2025-06-08 04:00:00+00:00,39.02,36.21353439865281
2025-06-08 05:00:00+00:00,3.71,25.487984767500116
2025-06-08 06:00:00+00:00,0.0,5.256964461972214
2025-06-08 07:00:00+00:00,-0.5,-1.7510816460829097
2025-06-08 08:00:00+00:00,-2.0,-5.6804956911993125
2025-06-08 09:00:00+00:00,-8.21,-13.673292251330444
2025-06-08 10:00:00+00:00,-19.92,-22.66118503138906
2025-06-08 11:00:00+00:00,-39.98,-41.35023913635554
2025-06-08 12:00:00+00:00,-52.56,-72.58009785409037
2025-06-08 13:00:00+00:00,-53.06,-37.91482761225981
2025-06-08 14:00:00+00:00,-38.89,-31.829024616228043
2025-06-08 15:00:00+00:00,-16.71,-19.70125359938675
2025-06-08 16:00:00+00:00,-0.01,-2.5476657951457513
2025-06-08 17:00:00+00:00,39.65,12.404098617312977
2025-06-08 18:00:00+00:00,60.88,39.061081012714645
2025-06-08 19:00:00+00:00,69.55,45.58190483936129
2025-06-08 20:00:00+00:00,65.07,49.227822972853986
2025-06-08 21:00:00+00:00,51.13,43.061637023367936
2025-06-08 22:00:00+00:00,4.8,26.951533917606444
2025-06-08 23:00:00+00:00,4.15,8.59906848869621
2025-06-09 00:00:00+00:00,4.19,4.311365084533759
2025-06-09 01:00:00+00:00,4.27,4.336561351922696
2025-06-09 02:00:00+00:00,13.42,4.389138426521419
2025-06-09 03:00:00+00:00,32.2,18.07144095554749
2025-06-09 04:00:00+00:00,44.97,27.355832086796344
2025-06-09 05:00:00+00:00,40.04,28.369382989771147
2025-06-09 06:00:00+00:00,2.97,22.51243415934138
2025-06-09 07:00:00+00:00,-0.62,0.10730790767496474
2025-06-09 08:00:00+00:00,-1.14,-10.114212979428087
2025-06-09 09:00:00+00:00,-4.14,-20.558056209301018
2025-06-09 10:00:00+00:00,-10.0,-15.330957234943998
2025-06-09 11:00:00+00:00,-19.33,-28.96879014971114
2025-06-09 12:00:00+00:00,-15.76,-36.82246957374325
2025-06-09 13:00:00+00:00,-4.5,-12.266107397896725
2025-06-09 14:00:00+00:00,-1.0,6.077926612320851
2025-06-09 15:00:00+00:00,0.09,9.294527040881608
2025-06-09 16:00:00+00:00,69.54,35.17840996632372
2025-06-09 17:00:00+00:00,117.79,93.72572393003713
2025-06-09 18:00:00+00:00,141.4,136.03740396709577
2025-06-09 19:00:00+00:00,148.42,125.57625253324002
2025-06-09 20:00:00+00:00,126.52,119.47551737502343
2025-06-09 21:00:00+00:00,101.19,108.53762924018577
2025-06-09 22:00:00+00:00,86.65,95.30088340056241
2025-06-09 23:00:00+00:00,78.07,79.28858255866808
2025-06-10 00:00:00+00:00,69.66,69.75106085093601
2025-06-10 01:00:00+00:00,59.95,60.06498967404643
2025-06-10 02:00:00+00:00,54.16,48.4717740847473
2025-06-10 03:00:00+00:00,62.18,62.38386164419656
2025-06-10 04:00:00+00:00,74.62,69.26357197949186
2025-06-10 05:00:00+00:00,82.79,65.97825280161193
2025-06-10 06:00:00+00:00,83.17,63.12504487081647
2025-06-10 07:00:00+00:00,69.0,54.88401638313967
2025-06-10 08:00:00+00:00,22.21,37.2114587215105
2025-06-10 09:00:00+00:00,0.1,9.402995298540676
2025-06-10 10:00:00+00:00,-0.19,-1.7510478655449415
2025-06-10 11:00:00+00:00,-2.33,-3.5792780609410073
2025-06-10 12:00:00+00:00,-4.26,-8.027108407498188
2025-06-10 13:00:00+00:00,-1.04,0.4635279046542988
2025-06-10 14:00:00+00:00,0.03,1.1539711840766669
2025-06-10 15:00:00+00:00,53.99,12.643373905605449
2025-06-10 16:00:00+00:00,69.6,41.32142482402884
2025-06-10 17:00:00+00:00,82.08,70.65565351924216
2025-06-10 18:00:00+00:00,83.97,90.5492680272315
2025-06-10 19:00:00+00:00,91.28,78.29318105784077
2025-06-10 20:00:00+00:00,97.94,85.5346579825502
2025-06-10 21:00:00+00:00,85.31,86.18067004244222
2025-06-10 22:00:00+00:00,73.01,75.79770012682306
2025-06-10 23:00:00+00:00,71.38,60.560221454640505
2025-06-11 00:00:00+00:00,70.58,63.17396164660379
2025-06-11 01:00:00+00:00,69.86,65.48741461109977
2025-06-11 02:00:00+00:00,73.59,69.6441836066954
2025-06-11 03:00:00+00:00,83.6,78.91504658821303
2025-06-11 04:00:00+00:00,101.26,95.04859215423427
2025-06-11 05:00:00+00:00,107.8,104.58508273333123
2025-06-11 06:00:00+00:00,85.09,89.2054363173594
2025-06-11 07:00:00+00:00,66.7,64.56962256816841
2025-06-11 08:00:00+00:00,22.98,35.05299851116733
2025-06-11 09:00:00+00:00,1.3,9.179145095944008
2025-06-11 10:00:00+00:00,-0.36,-0.01873400761383121
2025-06-11 11:00:00+00:00,-0.97,-3.021678385058686
2025-06-11 12:00:00+00:00,-3.4,-4.629536761732003
2025-06-11 13:00:00+00:00,-2.4,-0.08330265605518296
2025-06-11 14:00:00+00:00,-0.01,1.7735918873101957
2025-06-11 15:00:00+00:00,66.47,27.017576612600273
2025-06-11 16:00:00+00:00,89.34,83.99113257792268
2025-06-11 17:00:00+00:00,132.28,117.8722647861586
2025-06-11 18:00:00+00:00,217.0,173.05801715035005
2025-06-11 19:00:00+00:00,180.0,160.89697916666668
2025-06-11 20:00:00+00:00,119.34,151.07326008592634
2025-06-11 21:00:00+00:00,94.07,107.69304408540856
2025-06-11 22:00:00+00:00,92.91,90.30655398335215
2025-06-11 23:00:00+00:00,87.7,89.26023631527057
2025-06-12 00:00:00+00:00,85.43,86.18135196241384
2025-06-12 01:00:00+00:00,84.85,84.34073139472383
2025-06-12 02:00:00+00:00,89.06,84.46923333851544
2025-06-12 03:00:00+00:00,92.0,95.97244135166439
2025-06-12 04:00:00+00:00,114.85,108.19734440877987
2025-06-12 05:00:00+00:00,104.3,109.12365914267676
2025-06-12 06:00:00+00:00,78.86,85.74065811303095
2025-06-12 07:00:00+00:00,36.09,55.25717724117818
2025-06-12 08:00:00+00:00,0.0,12.301014594088826
2025-06-12 09:00:00+00:00,-2.0,-2.5996187498310825
2025-06-12 10:00:00+00:00,-15.91,-11.085639104213989
2025-06-12 11:00:00+00:00,-27.9,-31.027612800293667
2025-06-12 12:00:00+00:00,-25.47,-40.22901915493748
2025-06-12 13:00:00+00:00,-11.57,-14.734033551937989
2025-06-12 14:00:00+00:00,-2.78,-5.832491504998289
2025-06-12 15:00:00+00:00,14.9,2.431282388792085
2025-06-12 16:00:00+00:00,79.96,45.02643628395397
2025-06-12 17:00:00+00:00,112.55,117.12230076593401
2025-06-12 18:00:00+00:00,132.0,125.88159189198157
2025-06-12 19:00:00+00:00,111.0,117.12128925404775
2025-06-12 20:00:00+00:00,105.0,99.27909070603047
2025-06-12 21:00:00+00:00,86.9,93.06157509423554
2025-06-12 22:00:00+00:00,70.29,74.26035664902342
2025-06-12 23:00:00+00:00,55.25,52.61244188514343
2025-06-13 00:00:00+00:00,58.61,49.43822591711466
2025-06-13 01:00:00+00:00,63.42,55.714504439213634
2025-06-13 02:00:00+00:00,63.84,58.059893915756064
2025-06-13 03:00:00+00:00,70.71,62.94681477648374
2025-06-13 04:00:00+00:00,83.68,78.6429571520386
2025-06-13 05:00:00+00:00,87.26,73.87389824504136
2025-06-13 06:00:00+00:00,77.39,65.07134902017107
2025-06-13 07:00:00+00:00,40.03,49.48534585960659
2025-06-13 08:00:00+00:00,4.1,18.722128140624495
2025-06-13 09:00:00+00:00,-0.03,-0.21308504394768557
2025-06-13 10:00:00+00:00,-2.05,-3.47958615946417
2025-06-13 11:00:00+00:00,-6.09,-9.446365340192383
2025-06-13 12:00:00+00:00,-6.01,-13.108783704656346
2025-06-13 13:00:00+00:00,-2.38,-2.725804412257602
2025-06-13 14:00:00+00:00,-0.01,-0.663422708492684
2025-06-13 15:00:00+00:00,35.9,8.494535281957521
2025-06-13 16:00:00+00:00,80.04,54.79780969867515
2025-06-13 17:00:00+00:00,108.9,100.94264793860059
2025-06-13 18:00:00+00:00,111.19,116.65279605576156
2025-06-13 19:00:00+00:00,94.9,100.92626255593682
2025-06-13 20:00:00+00:00,90.0,87.75491622167782
2025-06-13 21:00:00+00:00,71.3,77.17712880291415
2025-06-13 22:00:00+00:00,73.99,53.558348202439085
2025-06-13 23:00:00+00:00,71.2,49.03940176410951
2025-06-14 00:00:00+00:00,66.15,52.19404702035684
2025-06-14 01:00:00+00:00,66.88,48.166362377732376
2025-06-14 02:00:00+00:00,68.06,48.94708312204323
2025-06-14 03:00:00+00:00,64.52,48.82902107174059
2025-06-14 04:00:00+00:00,54.68,48.422836239119306
2025-06-14 05:00:00+00:00,20.3,37.849444785759594
2025-06-14 06:00:00+00:00,7.74,12.537781174948526
2025-06-14 07:00:00+00:00,0.0,0.506458461356021
2025-06-14 08:00:00+00:00,-2.02,-5.124835375648613
2025-06-14 09:00:00+00:00,-9.08,-18.80021642524715
2025-06-14 10:00:00+00:00,-35.72,-27.29425122299144
2025-06-14 11:00:00+00:00,-38.0,-54.428504140087114
2025-06-14 12:00:00+00:00,-25.75,-65.37018237179487
2025-06-14 13:00:00+00:00,-6.7,-14.182714261649009
2025-06-14 14:00:00+00:00,-0.37,1.5856467831592653
2025-06-14 15:00:00+00:00,8.86,12.947834733240555
2025-06-14 16:00:00+00:00,83.38,51.81502113872691
2025-06-14 17:00:00+00:00,121.55,107.62929392335887
2025-06-14 18:00:00+00:00,127.27,126.86408629812632
2025-06-14 19:00:00+00:00,117.68,120.76552288840374
2025-06-14 20:00:00+00:00,121.39,107.80076026246454
2025-06-14 21:00:00+00:00,109.0,105.54286363863524
2025-06-14 22:00:00+00:00,91.93,98.81549897178724
2025-06-14 23:00:00+00:00,88.87,85.7081013897568
2025-06-15 00:00:00+00:00,87.23,85.21113985676253
2025-06-15 01:00:00+00:00,90.94,84.97667378244891
2025-06-15 02:00:00+00:00,91.99,89.52826189572666
2025-06-15 03:00:00+00:00,92.15,92.9033170738045
2025-06-15 04:00:00+00:00,84.99,91.95921285580947
2025-06-15 05:00:00+00:00,66.21,71.0133674790497
2025-06-15 06:00:00+00:00,53.86,44.41743238253679
2025-06-15 07:00:00+00:00,5.55,28.766902281265423
2025-06-15 08:00:00+00:00,0.0,2.1147347484964465
2025-06-15 09:00:00+00:00,-0.02,-2.2507475865297413
2025-06-15 10:00:00+00:00,-1.22,-2.420699309612038
2025-06-15 11:00:00+00:00,-5.61,-6.619270988439667
2025-06-15 12:00:00+00:00,-5.0,-13.277337576509051
2025-06-15 13:00:00+00:00,-2.0,4.95104673061935
2025-06-15 14:00:00+00:00,-0.01,4.710745701995247
2025-06-15 15:00:00+00:00,54.79,18.578907369802252
2025-06-15 16:00:00+00:00,96.43,81.45681759330927
2025-06-15 17:00:00+00:00,109.0,107.55169827427473
2025-06-15 18:00:00+00:00,114.59,114.7086734995218
2025-06-15 19:00:00+00:00,135.43,107.30406879133871
2025-06-15 20:00:00+00:00,127.63,114.24178026342064
2025-06-15 21:00:00+00:00,106.54,113.7206328984352
2025-06-15 22:00:00+00:00,105.72,97.06866586149653
2025-06-15 23:00:00+00:00,91.64,96.92354843482417
2025-06-16 00:00:00+00:00,86.94,89.22725865659673
2025-06-16 01:00:00+00:00,84.0,85.45286010359885
2025-06-16 02:00:00+00:00,83.28,83.72452873991602
2025-06-16 03:00:00+00:00,88.39,87.79236379509321
2025-06-16 04:00:00+00:00,112.43,101.08756107861514
2025-06-16 05:00:00+00:00,123.49,117.25304517881243
2025-06-16 06:00:00+00:00,108.92,102.39137813504898
2025-06-16 07:00:00+00:00,84.49,87.17862004717986
2025-06-16 08:00:00+00:00,60.28,66.64617639883743
2025-06-16 09:00:00+00:00,14.02,38.15001050698912
2025-06-16 10:00:00+00:00,1.62,7.53710354439096
2025-06-16 11:00:00+00:00,0.07,0.26212611158273347
2025-06-16 12:00:00+00:00,0.0,-0.8566080314392813
2025-06-16 13:00:00+00:00,0.0,6.231815686796366
2025-06-16 14:00:00+00:00,13.61,12.962599035873088
2025-06-16 15:00:00+00:00,70.0,44.433875155429185
2025-06-16 16:00:00+00:00,89.24,87.75523386248051
2025-06-16 17:00:00+00:00,116.0,116.59037256356979
2025-06-16 18:00:00+00:00,186.1,145.33663591809918
2025-06-16 19:00:00+00:00,190.0,180.40685177597243
2025-06-16 20:00:00+00:00,129.18,158.27176722107714
2025-06-16 21:00:00+00:00,106.9,115.11081223787522
2025-06-16 22:00:00+00:00,103.98,98.74109536982041
2025-06-16 23:00:00+00:00,98.26,97.38813661842264
2025-06-17 00:00:00+00:00,94.95,96.63621212973885
2025-06-17 01:00:00+00:00,94.19,93.6736840735692
2025-06-17 02:00:00+00:00,95.24,93.57650817453317
2025-06-17 03:00:00+00:00,102.51,102.44291349565763
2025-06-17 04:00:00+00:00,118.76,123.29479140901847
2025-06-17 05:00:00+00:00,107.01,114.81046800478133
2025-06-17 06:00:00+00:00,98.59,91.36130147984215
2025-06-17 07:00:00+00:00,70.74,77.36296960193316
2025-06-17 08:00:00+00:00,4.34,41.58430564342393
2025-06-17 09:00:00+00:00,-0.61,0.5846946493748812
2025-06-17 10:00:00+00:00,-0.86,-4.5973718220150195
2025-06-17 11:00:00+00:00,-4.91,-4.5874287226731925
2025-06-17 12:00:00+00:00,-6.2,-6.233852760645134
2025-06-17 13:00:00+00:00,-2.56,-2.3300272011301466
2025-06-17 14:00:00+00:00,8.65,2.3794911706558763
2025-06-17 15:00:00+00:00,79.23,45.41172320439223
2025-06-17 16:00:00+00:00,103.36,99.66231349689407
2025-06-17 17:00:00+00:00,129.08,127.0526193033678
2025-06-17 18:00:00+00:00,241.8,176.69151865604755
2025-06-17 19:00:00+00:00,241.38,169.07448074074074
2025-06-17 20:00:00+00:00,138.19,162.8450474074074
2025-06-17 21:00:00+00:00,116.36,118.68306152488904
2025-06-17 22:00:00+00:00,113.0,107.64167123124413
2025-06-17 23:00:00+00:00,106.8,104.7311367252405
2025-06-18 00:00:00+00:00,101.5,103.21447273703163
2025-06-18 01:00:00+00:00,95.84,100.07528365628215
2025-06-18 02:00:00+00:00,97.01,95.07918856886664
2025-06-18 03:00:00+00:00,103.57,104.71733275029572
2025-06-18 04:00:00+00:00,112.35,125.21093189303478
2025-06-18 05:00:00+00:00,114.9,108.36370680519845
2025-06-18 06:00:00+00:00,111.39,96.748831483932
2025-06-18 07:00:00+00:00,78.97,89.12443394580096
2025-06-18 08:00:00+00:00,21.77,57.316819169013804
2025-06-18 09:00:00+00:00,1.17,9.28892079577954
2025-06-18 10:00:00+00:00,-0.23,0.10120344010591233
2025-06-18 11:00:00+00:00,-1.04,-2.4768622639822855
2025-06-18 12:00:00+00:00,-2.3,-3.2482946102815493
2025-06-18 13:00:00+00:00,-2.17,0.12284223082327127
2025-06-18 14:00:00+00:00,0.99,1.1072960730257067
2025-06-18 15:00:00+00:00,74.0,34.98472303166049
2025-06-18 16:00:00+00:00,107.15,94.56391968943635
2025-06-18 17:00:00+00:00,116.4,129.8525593755918
2025-06-18 18:00:00+00:00,140.99,177.2916037633869
2025-06-18 19:00:00+00:00,175.32,131.20619985878363
2025-06-18 20:00:00+00:00,133.06,155.02690940670195
2025-06-18 21:00:00+00:00,115.35,118.02477921396888
2025-06-18 22:00:00+00:00,112.2,105.09024946063786
2025-06-18 23:00:00+00:00,106.4,102.2175678025022
2025-06-19 00:00:00+00:00,105.29,101.1303286986278
2025-06-19 01:00:00+00:00,99.51,100.65352498462836
2025-06-19 02:00:00+00:00,100.94,96.90815151612503
2025-06-19 03:00:00+00:00,95.68,100.07613579102666
2025-06-19 04:00:00+00:00,101.51,99.90661061340968
2025-06-19 05:00:00+00:00,89.25,90.67568581541262
2025-06-19 06:00:00+00:00,71.25,73.45785864538819
2025-06-19 07:00:00+00:00,0.86,36.034922047813296
2025-06-19 08:00:00+00:00,-1.33,-1.4470318239828115
2025-06-19 09:00:00+00:00,-29.98,-10.416739791649682
2025-06-19 10:00:00+00:00,-52.21,-44.627334673567546
2025-06-19 11:00:00+00:00,-65.44,-83.31332639880954
2025-06-19 12:00:00+00:00,-64.95,-93.90174941558442
2025-06-19 13:00:00+00:00,-39.79,-72.89199232683978
2025-06-19 14:00:00+00:00,-4.95,-21.80379441782541
2025-06-19 15:00:00+00:00,2.3,6.117044069747778
2025-06-19 16:00:00+00:00,80.33,38.09413998006194
2025-06-19 17:00:00+00:00,118.47,117.2247681234204
2025-06-19 18:00:00+00:00,138.85,125.96259439245688
2025-06-19 19:00:00+00:00,141.8,125.22859403990697
2025-06-19 20:00:00+00:00,129.66,121.61595227871419
2025-06-19 21:00:00+00:00,108.89,116.94114265081207
2025-06-19 22:00:00+00:00,109.49,99.52201615607592
2025-06-19 23:00:00+00:00,104.57,100.77147082325878
2025-06-20 00:00:00+00:00,103.24,98.99905209235426
2025-06-20 01:00:00+00:00,105.01,98.79662489889489
2025-06-20 02:00:00+00:00,104.27,100.0442838274476
2025-06-20 03:00:00+00:00,109.04,102.88143657390438
2025-06-20 04:00:00+00:00,120.9,111.67264858455505
2025-06-20 05:00:00+00:00,118.66,111.22675396051993
2025-06-20 06:00:00+00:00,110.98,97.50963014157233
2025-06-20 07:00:00+00:00,81.69,82.97731756202093
2025-06-20 08:00:00+00:00,15.83,56.08649334777728
2025-06-20 09:00:00+00:00,4.03,9.218838645986928
2025-06-20 10:00:00+00:00,0.0,0.8659209409209455
2025-06-20 11:00:00+00:00,-1.0,-4.179350239062902
2025-06-20 12:00:00+00:00,-0.17,-7.151703110081396
2025-06-20 13:00:00+00:00,0.91,4.349000602220746
2025-06-20 14:00:00+00:00,28.99,14.776154003000608
2025-06-20 15:00:00+00:00,87.35,43.73421313337612
2025-06-20 16:00:00+00:00,111.01,100.92831724752138
2025-06-20 17:00:00+00:00,136.13,126.50465501259468
2025-06-20 18:00:00+00:00,201.29,165.0392330496098
2025-06-20 19:00:00+00:00,178.63,169.9549625
2025-06-20 20:00:00+00:00,137.05,155.08890610036758
2025-06-20 21:00:00+00:00,121.38,120.54841221686937
2025-06-20 22:00:00+00:00,118.52,111.76836403116715
2025-06-20 23:00:00+00:00,110.48,109.60927174471921
2025-06-21 00:00:00+00:00,108.15,105.19644056085004
2025-06-21 01:00:00+00:00,106.76,102.99378537519249
2025-06-21 02:00:00+00:00,109.1,102.06746376719244
2025-06-21 03:00:00+00:00,104.45,106.72589096689039
2025-06-21 04:00:00+00:00,100.71,104.81935103421566
2025-06-21 05:00:00+00:00,90.74,94.18865555141161
2025-06-21 06:00:00+00:00,75.93,77.31463494486519
2025-06-21 07:00:00+00:00,23.4,42.84246440776997
2025-06-21 08:00:00+00:00,0.19,9.890290460804849
2025-06-21 09:00:00+00:00,-2.01,-2.28646066180673
2025-06-21 10:00:00+00:00,-13.96,-13.314266720351588
2025-06-21 11:00:00+00:00,-29.98,-30.287490375064024
2025-06-21 12:00:00+00:00,-26.31,-44.38742721342116
2025-06-21 13:00:00+00:00,-4.42,-14.801738786760769
2025-06-21 14:00:00+00:00,0.09,5.528472931983312
2025-06-21 15:00:00+00:00,59.99,16.71102738175306
2025-06-21 16:00:00+00:00,100.95,80.99386135455407
2025-06-21 17:00:00+00:00,127.9,123.77342574045882
2025-06-21 18:00:00+00:00,156.74,152.30061827961063
2025-06-21 19:00:00+00:00,165.3,165.7894139446008
2025-06-21 20:00:00+00:00,140.78,148.35928694384532
2025-06-21 21:00:00+00:00,119.2,122.49354532762996
2025-06-21 22:00:00+00:00,108.15,111.93335189795964
2025-06-21 23:00:00+00:00,101.07,100.62549018014698
2025-06-22 00:00:00+00:00,97.46,98.31297953572219
2025-06-22 01:00:00+00:00,92.12,93.28501666234511
2025-06-22 02:00:00+00:00,89.69,88.46581434424172
2025-06-22 03:00:00+00:00,87.95,88.83782727625851
2025-06-22 04:00:00+00:00,71.98,84.24467805577652
2025-06-22 05:00:00+00:00,26.44,39.162361378090914
2025-06-22 06:00:00+00:00,0.0,13.105131346791527
2025-06-22 07:00:00+00:00,-0.09,-2.5049882077281564
2025-06-22 08:00:00+00:00,-11.11,-3.3948179656311055
2025-06-22 09:00:00+00:00,-38.56,-30.891453572078895
2025-06-22 10:00:00+00:00,-67.41,-74.95828674297923
2025-06-22 11:00:00+00:00,-99.01,-90.58120541666669
2025-06-22 12:00:00+00:00,-81.0,-118.29669999999996
2025-06-22 13:00:00+00:00,-40.09,-73.0659348863636
2025-06-22 14:00:00+00:00,-7.68,-21.017123239723524
2025-06-22 15:00:00+00:00,-0.01,4.635442616682377
2025-06-22 16:00:00+00:00,69.75,40.71890472284922
2025-06-22 17:00:00+00:00,109.33,100.15777604764558
2025-06-22 18:00:00+00:00,123.9,125.34735831241804
2025-06-22 19:00:00+00:00,134.33,118.19343730364824
2025-06-22 20:00:00+00:00,126.32,117.2392442286254
2025-06-22 21:00:00+00:00,101.63,116.50246607084793
2025-06-22 22:00:00+00:00,70.3,93.48151032464337
2025-06-22 23:00:00+00:00,63.8,66.65654857231353
2025-06-23 00:00:00+00:00,63.79,50.382571009790155
2025-06-23 01:00:00+00:00,64.51,49.34251135282277
2025-06-23 02:00:00+00:00,72.5,49.193130722003346
2025-06-23 03:00:00+00:00,84.92,73.39720125586169
2025-06-23 04:00:00+00:00,89.12,96.49099744842788
2025-06-23 05:00:00+00:00,92.24,88.6338122694106
2025-06-23 06:00:00+00:00,78.96,77.83864387413519
2025-06-23 07:00:00+00:00,18.64,46.2822308003173
2025-06-23 08:00:00+00:00,-0.01,11.476707077886806
2025-06-23 09:00:00+00:00,-6.11,-3.432687317220651
2025-06-23 10:00:00+00:00,-12.76,-12.716107102472925
2025-06-23 11:00:00+00:00,-26.45,-24.954635897350855
2025-06-23 12:00:00+00:00,-32.75,-37.92069157828283
2025-06-23 13:00:00+00:00,-32.69,-20.980044800358947
2025-06-23 14:00:00+00:00,-25.0,-15.594593285176664
2025-06-23 15:00:00+00:00,-13.11,-7.203673094865582
2025-06-23 16:00:00+00:00,-1.01,-1.6443069519853915
2025-06-23 17:00:00+00:00,20.0,9.039572772552198
2025-06-23 18:00:00+00:00,83.5,58.315502258249786
2025-06-23 19:00:00+00:00,90.0,87.35121249356189
2025-06-23 20:00:00+00:00,97.78,86.6847999963185
2025-06-23 21:00:00+00:00,89.53,91.16259912349673
2025-06-23 22:00:00+00:00,77.08,79.38252335819043
2025-06-23 23:00:00+00:00,66.79,69.3109207522227
2025-06-24 00:00:00+00:00,63.79,54.70977091231663
2025-06-24 01:00:00+00:00,58.12,53.744760868295344
2025-06-24 02:00:00+00:00,66.52,54.35996063207975
2025-06-24 03:00:00+00:00,69.75,59.61992898450071
2025-06-24 04:00:00+00:00,88.15,78.74848911599202
2025-06-24 05:00:00+00:00,88.02,73.92900291311916
2025-06-24 06:00:00+00:00,41.27,60.091961077088136
2025-06-24 07:00:00+00:00,-0.01,19.358844950892728
2025-06-24 08:00:00+00:00,-4.01,-3.889791042769766
2025-06-24 09:00:00+00:00,-12.41,-12.546394340110385
2025-06-24 10:00:00+00:00,-20.09,-24.70880132539687
2025-06-24 11:00:00+00:00,-22.75,-37.91840422825194
2025-06-24 12:00:00+00:00,-19.27,-35.53160650471851
2025-06-24 13:00:00+00:00,-7.56,-12.09435216571725
2025-06-24 14:00:00+00:00,-3.06,-3.7964377133611897
2025-06-24 15:00:00+00:00,2.09,3.1481699131571452
2025-06-24 16:00:00+00:00,61.77,23.96523073027324
2025-06-24 17:00:00+00:00,97.25,79.31003211585048
2025-06-24 18:00:00+00:00,123.9,106.97401210219101
2025-06-24 19:00:00+00:00,122.49,114.97369727755157
2025-06-24 20:00:00+00:00,97.41,105.79284401349716
2025-06-24 21:00:00+00:00,98.02,90.79887257714783
2025-06-24 22:00:00+00:00,78.85,89.19869869287808
2025-06-24 23:00:00+00:00,67.63,70.40201653581107
2025-06-25 00:00:00+00:00,70.02,59.09631999101432
2025-06-25 01:00:00+00:00,69.07,67.51183290305632
2025-06-25 02:00:00+00:00,70.01,66.36315585368166
2025-06-25 03:00:00+00:00,82.77,76.09277998595336
2025-06-25 04:00:00+00:00,105.72,93.81887166386828
2025-06-25 05:00:00+00:00,112.36,100.5855567829904
2025-06-25 06:00:00+00:00,97.87,90.29086092306603
2025-06-25 07:00:00+00:00,70.02,77.07244844250702
2025-06-25 08:00:00+00:00,10.07,39.89936871005274
2025-06-25 09:00:00+00:00,0.07,4.148104925631173
2025-06-25 10:00:00+00:00,-0.02,-2.4616104869747804
2025-06-25 11:00:00+00:00,-0.14,-2.8044252267124548
2025-06-25 12:00:00+00:00,-0.51,-2.6114677355904257
2025-06-25 13:00:00+00:00,0.0,4.0930941961902905
2025-06-25 14:00:00+00:00,17.84,10.504310720973413
2025-06-25 15:00:00+00:00,84.47,41.24332591137322
2025-06-25 16:00:00+00:00,105.8,104.20800913573015
2025-06-25 17:00:00+00:00,134.19,127.95082227581426
2025-06-25 18:00:00+00:00,200.0,174.98126425849213
2025-06-25 19:00:00+00:00,247.02,174.8582304720651
2025-06-25 20:00:00+00:00,173.62,160.20211851851852
2025-06-25 21:00:00+00:00,126.84,148.44841550493635
2025-06-25 22:00:00+00:00,119.95,114.10645422933611
2025-06-25 23:00:00+00:00,107.63,111.56497830383093
2025-06-26 00:00:00+00:00,102.83,104.11325125140179
2025-06-26 01:00:00+00:00,98.62,99.2657326118175
2025-06-26 02:00:00+00:00,98.79,98.81838375610188
2025-06-26 03:00:00+00:00,102.91,103.31610372424005
2025-06-26 04:00:00+00:00,119.9,117.78458614953479
2025-06-26 05:00:00+00:00,120.91,124.25683198893987
2025-06-26 06:00:00+00:00,106.79,106.63564400133076
2025-06-26 07:00:00+00:00,96.45,89.10658300906306
2025-06-26 08:00:00+00:00,88.95,81.44235818992367
2025-06-26 09:00:00+00:00,77.88,75.98628450639325
2025-06-26 10:00:00+00:00,70.25,59.76424110346651
2025-06-26 11:00:00+00:00,59.25,47.10655467957154
2025-06-26 12:00:00+00:00,51.12,41.09241319757082
2025-06-26 13:00:00+00:00,48.99,41.65349244227992
2025-06-26 14:00:00+00:00,63.04,46.063285393602946
2025-06-26 15:00:00+00:00,70.3,48.58597360711483
2025-06-26 16:00:00+00:00,89.23,80.50526606201802
2025-06-26 17:00:00+00:00,93.95,98.22417590441333
2025-06-26 18:00:00+00:00,99.14,99.92604816887213
2025-06-26 19:00:00+00:00,100.0,93.2278989545009
2025-06-26 20:00:00+00:00,108.64,92.52420793589215
2025-06-26 21:00:00+00:00,97.23,99.06912771038353
2025-06-26 22:00:00+00:00,84.5,88.45573492034943
2025-06-26 23:00:00+00:00,78.83,77.61602803328984
2025-06-27 00:00:00+00:00,75.67,72.99469075725032
2025-06-27 01:00:00+00:00,80.41,74.14893868449006
2025-06-27 02:00:00+00:00,82.39,79.03285672736367
2025-06-27 03:00:00+00:00,88.9,87.97896488375216
2025-06-27 04:00:00+00:00,105.58,95.31566797408769
2025-06-27 05:00:00+00:00,113.2,105.8520374302523
2025-06-27 06:00:00+00:00,107.7,100.59858849408093
2025-06-27 07:00:00+00:00,90.94,91.04171395616284
2025-06-27 08:00:00+00:00,79.12,78.56989822303078
2025-06-27 09:00:00+00:00,67.45,70.08805184112401
2025-06-27 10:00:00+00:00,54.53,48.34200637734168
2025-06-27 11:00:00+00:00,28.3,43.37007347194074
2025-06-27 12:00:00+00:00,7.87,24.669750111334974
2025-06-27 13:00:00+00:00,9.88,16.034883462295937
2025-06-27 14:00:00+00:00,29.92,32.9434470019689
2025-06-27 15:00:00+00:00,70.68,47.71457943177699
2025-06-27 16:00:00+00:00,91.73,84.00864108095593
2025-06-27 17:00:00+00:00,107.15,108.44292668727661
2025-06-27 18:00:00+00:00,124.86,131.90893783660675
2025-06-27 19:00:00+00:00,134.94,122.06370045015093
2025-06-27 20:00:00+00:00,126.24,118.8378048074534
2025-06-27 21:00:00+00:00,107.7,115.07104495382426
2025-06-27 22:00:00+00:00,94.7,99.61403504167491
2025-06-27 23:00:00+00:00,89.61,90.59353767234845
2025-06-28 00:00:00+00:00,82.02,84.8079162140371
2025-06-28 01:00:00+00:00,76.59,81.3527856344384
2025-06-28 02:00:00+00:00,70.27,71.69041579254241
2025-06-28 03:00:00+00:00,75.4,67.5978032637146
2025-06-28 04:00:00+00:00,74.0,65.19822022109896
2025-06-28 05:00:00+00:00,58.84,58.73024862061367
2025-06-28 06:00:00+00:00,27.8,35.69037395410835
2025-06-28 07:00:00+00:00,2.34,9.430465714434824
2025-06-28 08:00:00+00:00,0.01,-0.038125329615716165
2025-06-28 09:00:00+00:00,-0.04,-3.4715170571738208
2025-06-28 10:00:00+00:00,-1.0,-10.871693757566351
2025-06-28 11:00:00+00:00,-2.01,-16.866101529660423
2025-06-28 12:00:00+00:00,-3.09,-14.110268481735543
2025-06-28 13:00:00+00:00,-1.01,4.460694987193783
2025-06-28 14:00:00+00:00,-1.0,4.327656644934634
2025-06-28 15:00:00+00:00,2.97,7.334251723436162
2025-06-28 16:00:00+00:00,62.73,23.025733318231524
2025-06-28 17:00:00+00:00,95.03,70.56522564543454
2025-06-28 18:00:00+00:00,108.99,107.72986591181856
2025-06-28 19:00:00+00:00,123.86,106.27444001849973
2025-06-28 20:00:00+00:00,119.84,116.1468570963451
2025-06-28 21:00:00+00:00,103.5,108.27252014299914
2025-06-28 22:00:00+00:00,95.07,94.50190429019102
2025-06-28 23:00:00+00:00,89.42,87.36302728008155
2025-06-29 00:00:00+00:00,89.66,83.45445658839957
2025-06-29 01:00:00+00:00,86.82,84.50683800103414
2025-06-29 02:00:00+00:00,85.31,84.35203068225553
2025-06-29 03:00:00+00:00,85.3,84.57041028791264
2025-06-29 04:00:00+00:00,86.39,81.92934391590515
2025-06-29 05:00:00+00:00,74.92,69.72404986727436
2025-06-29 06:00:00+00:00,47.52,38.63839679715596
2025-06-29 07:00:00+00:00,1.99,23.898712448311798
2025-06-29 08:00:00+00:00,0.0,-0.205957311568383
2025-06-29 09:00:00+00:00,-0.26,-3.7733815663189647
2025-06-29 10:00:00+00:00,-5.4,-12.117415375975714
2025-06-29 11:00:00+00:00,-20.1,-19.26427055732379
2025-06-29 12:00:00+00:00,-24.01,-36.798849548016626
2025-06-29 13:00:00+00:00,-15.45,-14.85954924495453
2025-06-29 14:00:00+00:00,-2.69,-5.903481956125161
2025-06-29 15:00:00+00:00,0.01,5.602847951464902
2025-06-29 16:00:00+00:00,77.44,12.592828649161369
2025-06-29 17:00:00+00:00,102.14,87.50631804089114
2025-06-29 18:00:00+00:00,111.98,110.52180486593859
2025-06-29 19:00:00+00:00,118.07,108.2073366170782
2025-06-29 20:00:00+00:00,113.73,111.93091167527733
2025-06-29 21:00:00+00:00,101.0,102.57793585217897
2025-06-29 22:00:00+00:00,98.73,95.09710100408283
2025-06-29 23:00:00+00:00,89.03,92.64004148205544
2025-06-30 00:00:00+00:00,85.03,87.2180213542591
2025-06-30 01:00:00+00:00,84.13,84.43478126124575
2025-06-30 02:00:00+00:00,86.51,84.59379677526505
2025-06-30 03:00:00+00:00,97.41,93.29988745684508
2025-06-30 04:00:00+00:00,114.9,108.74614053552524
2025-06-30 05:00:00+00:00,111.7,107.31978581729041
2025-06-30 06:00:00+00:00,108.52,96.03014832382314
2025-06-30 07:00:00+00:00,91.77,87.34827184143978
2025-06-30 08:00:00+00:00,74.65,77.61382787071408
2025-06-30 09:00:00+00:00,43.73,45.91073042268535
2025-06-30 10:00:00+00:00,19.05,28.325039003136098
2025-06-30 11:00:00+00:00,9.96,12.310723862582611
2025-06-30 12:00:00+00:00,19.65,12.13211135357175
2025-06-30 13:00:00+00:00,60.0,19.884917329816787
2025-06-30 14:00:00+00:00,80.5,49.84508785981493
2025-06-30 15:00:00+00:00,91.98,91.47301100314502
2025-06-30 16:00:00+00:00,110.01,104.9587619944921
2025-06-30 17:00:00+00:00,178.94,126.68593909928111
2025-06-30 18:00:00+00:00,288.97,206.77540714285698
2025-06-30 19:00:00+00:00,233.35,213.44693035714266
2025-06-30 20:00:00+00:00,157.0,167.43088080267682
2025-06-30 21:00:00+00:00,122.65,133.6520915486334
2025-06-30 22:00:00+00:00,111.28,109.92348431365735
2025-06-30 23:00:00+00:00,95.29,102.27450172214313
2025-07-01 00:00:00+00:00,89.1,92.84428707549145
2025-07-01 01:00:00+00:00,88.08,87.92785711945808
2025-07-01 02:00:00+00:00,90.01,88.22635320549699
2025-07-01 03:00:00+00:00,96.5,97.31200730079165
2025-07-01 04:00:00+00:00,114.97,112.3856645462362
2025-07-01 05:00:00+00:00,120.11,109.96838802749477
2025-07-01 06:00:00+00:00,114.72,104.52871627494643
2025-07-01 07:00:00+00:00,91.19,93.9603979658778
2025-07-01 08:00:00+00:00,84.31,79.25329328493258
2025-07-01 09:00:00+00:00,69.56,67.35695276113076
2025-07-01 10:00:00+00:00,44.54,38.28273243231116
2025-07-01 11:00:00+00:00,42.47,29.96319992698533
2025-07-01 12:00:00+00:00,57.65,36.25390525531647
2025-07-01 13:00:00+00:00,78.14,51.773482637024784
2025-07-01 14:00:00+00:00,90.8,83.09502965770402
2025-07-01 15:00:00+00:00,102.02,101.87830619543993
2025-07-01 16:00:00+00:00,152.08,115.9746159454572
2025-07-01 17:00:00+00:00,307.27,187.9933612519727
2025-07-01 18:00:00+00:00,476.19,246.96723015873025
2025-07-01 19:00:00+00:00,406.81,311.3854016666666
2025-07-01 20:00:00+00:00,250.01,363.0141853463953
2025-07-01 21:00:00+00:00,147.65,176.49152199074084
2025-07-01 22:00:00+00:00,119.29,121.5143053733297
2025-07-01 23:00:00+00:00,102.7,111.61670694216642
2025-07-02 00:00:00+00:00,92.54,100.04243648597061
2025-07-02 01:00:00+00:00,92.08,92.01825485866212
2025-07-02 02:00:00+00:00,91.71,92.13650767839512
2025-07-02 03:00:00+00:00,100.55,98.50869129761004
2025-07-02 04:00:00+00:00,116.43,116.07678848055134
2025-07-02 05:00:00+00:00,110.42,116.34599011153676
2025-07-02 06:00:00+00:00,104.52,100.01109817047575
2025-07-02 07:00:00+00:00,92.62,89.18331186861622
2025-07-02 08:00:00+00:00,81.06,82.23297740932757
2025-07-02 09:00:00+00:00,69.93,59.86897933739934
2025-07-02 10:00:00+00:00,36.12,42.453494236888766
2025-07-02 11:00:00+00:00,32.59,20.103155794119633
2025-07-02 12:00:00+00:00,46.61,27.91142490907681
2025-07-02 13:00:00+00:00,71.49,60.163531932463556
2025-07-02 14:00:00+00:00,79.6,88.92551756646108
2025-07-02 15:00:00+00:00,89.27,105.284970193593
2025-07-02 16:00:00+00:00,113.99,114.03852033834575
2025-07-02 17:00:00+00:00,186.01,146.51590457678108
2025-07-02 18:00:00+00:00,240.07,200.86091166666654
2025-07-02 19:00:00+00:00,180.21,203.4109522189091
2025-07-02 20:00:00+00:00,134.93,150.33683067988045
2025-07-02 21:00:00+00:00,108.5,120.28850748156306
2025-07-02 22:00:00+00:00,83.49,98.77131976535203
2025-07-02 23:00:00+00:00,81.15,79.4056867138616
2025-07-03 00:00:00+00:00,79.0,81.86263309792037
2025-07-03 01:00:00+00:00,78.93,78.72871420023176
2025-07-03 02:00:00+00:00,80.88,78.74834827563382
2025-07-03 03:00:00+00:00,86.45,92.80122530801698
2025-07-03 04:00:00+00:00,104.92,101.79256931433623
2025-07-03 05:00:00+00:00,108.03,104.72640558724729
2025-07-03 06:00:00+00:00,104.9,96.58636506885787
2025-07-03 07:00:00+00:00,90.45,84.66000734581188
2025-07-03 08:00:00+00:00,75.06,76.03145698765591
2025-07-03 09:00:00+00:00,57.35,60.73014781285122
2025-07-03 10:00:00+00:00,42.16,34.23621801268186
2025-07-03 11:00:00+00:00,33.91,32.026597017582056
2025-07-03 12:00:00+00:00,24.72,21.25819820381158
2025-07-03 13:00:00+00:00,37.86,19.574725878405307
2025-07-03 14:00:00+00:00,58.57,35.09124442527016
2025-07-03 15:00:00+00:00,81.0,73.12848389542475
2025-07-03 16:00:00+00:00,95.19,100.55482887491564
2025-07-03 17:00:00+00:00,107.2,116.90188025411481
2025-07-03 18:00:00+00:00,146.96,138.44567226417357
2025-07-03 19:00:00+00:00,166.67,142.6409659376357
2025-07-03 20:00:00+00:00,133.3,146.199392259468
2025-07-03 21:00:00+00:00,117.03,119.46375777872606
2025-07-03 22:00:00+00:00,111.01,108.16207336390535
2025-07-03 23:00:00+00:00,105.45,105.31706571743742
2025-07-04 00:00:00+00:00,101.31,103.23663129696506
2025-07-04 01:00:00+00:00,98.44,100.65493946800001
2025-07-04 02:00:00+00:00,103.2,97.76008289205429
2025-07-04 03:00:00+00:00,106.63,109.88900036753017
2025-07-04 04:00:00+00:00,122.38,121.53244902281172
2025-07-04 05:00:00+00:00,116.46,120.22606447936668
2025-07-04 06:00:00+00:00,100.0,103.03187936500613
2025-07-04 07:00:00+00:00,91.15,82.58021486132438
2025-07-04 08:00:00+00:00,70.01,75.07658326081089
2025-07-04 09:00:00+00:00,6.69,43.28681379216521
2025-07-04 10:00:00+00:00,-0.05,1.1748850024753152
2025-07-04 11:00:00+00:00,-1.56,-1.4386101566179983
2025-07-04 12:00:00+00:00,-1.37,-3.7429407424491843
2025-07-04 13:00:00+00:00,-0.61,1.113852279234272
2025-07-04 14:00:00+00:00,2.39,3.7861354523808126
2025-07-04 15:00:00+00:00,62.04,31.904143130640254
2025-07-04 16:00:00+00:00,88.68,83.65856071590281
2025-07-04 17:00:00+00:00,110.0,116.68451763457439
2025-07-04 18:00:00+00:00,130.74,133.8138559937402
2025-07-04 19:00:00+00:00,150.1,127.97040306430945
2025-07-04 20:00:00+00:00,129.68,130.19703100919776
2025-07-04 21:00:00+00:00,107.99,119.144177277487
2025-07-04 22:00:00+00:00,104.2,101.40195888322177
2025-07-04 23:00:00+00:00,94.98,97.73556980712772
2025-07-05 00:00:00+00:00,96.5,92.87719611633271
2025-07-05 01:00:00+00:00,93.4,93.47498848836052
2025-07-05 02:00:00+00:00,94.5,91.49520264583246
2025-07-05 03:00:00+00:00,83.49,92.34284644109597
2025-07-05 04:00:00+00:00,84.47,81.76421860686291
2025-07-05 05:00:00+00:00,43.77,69.94938748049817
2025-07-05 06:00:00+00:00,17.86,23.018055013490187
2025-07-05 07:00:00+00:00,3.34,10.515072986750203
2025-07-05 08:00:00+00:00,0.0,0.21992674876763244
2025-07-05 09:00:00+00:00,-0.08,-2.0606797138504387
2025-07-05 10:00:00+00:00,-1.01,-9.667471813947936
2025-07-05 11:00:00+00:00,-2.05,-13.590883761891249
2025-07-05 12:00:00+00:00,-2.11,-10.245673671522153
2025-07-05 13:00:00+00:00,-2.01,-1.6160902632385827
2025-07-05 14:00:00+00:00,-2.26,0.3216476880907516
2025-07-05 15:00:00+00:00,0.0,0.7769733009503861
2025-07-05 16:00:00+00:00,41.25,13.212069998888307
2025-07-05 17:00:00+00:00,85.0,69.75002889045182
2025-07-05 18:00:00+00:00,111.01,99.88909131475685
2025-07-05 19:00:00+00:00,122.96,107.53347417153697
2025-07-05 20:00:00+00:00,117.14,113.66217312400073
2025-07-05 21:00:00+00:00,108.21,107.1041954652621
2025-07-05 22:00:00+00:00,95.15,99.10351901467617
2025-07-05 23:00:00+00:00,89.5,87.10017386649211
2025-07-06 00:00:00+00:00,85.94,85.50643720436364
2025-07-06 01:00:00+00:00,83.95,83.57612420466273
2025-07-06 02:00:00+00:00,82.6,84.8535786830829
2025-07-06 03:00:00+00:00,82.0,84.02182164654394
2025-07-06 04:00:00+00:00,78.46,82.61155504271547
2025-07-06 05:00:00+00:00,77.57,63.70554498811842
2025-07-06 06:00:00+00:00,70.57,49.12530350330373
2025-07-06 07:00:00+00:00,38.81,42.96304119338607
2025-07-06 08:00:00+00:00,19.21,16.507293952554058
2025-07-06 09:00:00+00:00,13.19,7.380699487356181
2025-07-06 10:00:00+00:00,10.26,4.907864309706279
2025-07-06 11:00:00+00:00,5.85,4.940498590393588
2025-07-06 12:00:00+00:00,11.2,1.9956858079135136
2025-07-06 13:00:00+00:00,50.57,17.353490585512063
2025-07-06 14:00:00+00:00,70.77,64.92743606864158
2025-07-06 15:00:00+00:00,100.29,86.54433925700818
2025-07-06 16:00:00+00:00,107.37,107.10055219034336
2025-07-06 17:00:00+00:00,112.16,111.07578525075847
2025-07-06 18:00:00+00:00,120.32,116.44049411763345
2025-07-06 19:00:00+00:00,125.04,115.37929378979052
2025-07-06 20:00:00+00:00,122.21,117.9242558156097
2025-07-06 21:00:00+00:00,110.78,112.19850094117115
2025-07-06 22:00:00+00:00,118.84,103.70280510543165
2025-07-06 23:00:00+00:00,107.42,110.24792276846243
2025-07-07 00:00:00+00:00,101.92,103.415532498302
2025-07-07 01:00:00+00:00,99.12,99.68541260789124
2025-07-07 02:00:00+00:00,101.0,97.99711185999699
2025-07-07 03:00:00+00:00,108.22,105.32427721872968
2025-07-07 04:00:00+00:00,134.2,128.12251548649746
2025-07-07 05:00:00+00:00,143.67,151.99360441319612
2025-07-07 06:00:00+00:00,152.29,127.55633945586969
2025-07-07 07:00:00+00:00,131.99,122.01891181935966
2025-07-07 08:00:00+00:00,108.64,111.80655659278148
2025-07-07 09:00:00+00:00,108.98,92.7560038442157
2025-07-07 10:00:00+00:00,90.24,92.34570651431763
2025-07-07 11:00:00+00:00,71.0,81.2774128371976
2025-07-07 12:00:00+00:00,53.02,59.5456811342167
2025-07-07 13:00:00+00:00,50.67,60.59996655971623
2025-07-07 14:00:00+00:00,52.51,60.65417834045802
2025-07-07 15:00:00+00:00,72.3,65.37284179502424
2025-07-07 16:00:00+00:00,87.95,86.55229750678856
2025-07-07 17:00:00+00:00,92.27,102.15800481678863
2025-07-07 18:00:00+00:00,97.28,111.7383288944141
2025-07-07 19:00:00+00:00,109.92,106.77460579531369
2025-07-07 20:00:00+00:00,110.09,103.92596563647815
2025-07-07 21:00:00+00:00,95.82,100.27453137432238
2025-07-07 22:00:00+00:00,103.83,92.76177433681569
2025-07-07 23:00:00+00:00,92.9,96.7605058504584
2025-07-08 00:00:00+00:00,86.13,91.40276603784099
2025-07-08 01:00:00+00:00,84.78,84.38731231078282
2025-07-08 02:00:00+00:00,85.37,84.2601181845962
2025-07-08 03:00:00+00:00,91.14,90.55814406576866
2025-07-08 04:00:00+00:00,107.99,106.34958923991721
2025-07-08 05:00:00+00:00,118.65,117.21822208799978
2025-07-08 06:00:00+00:00,117.76,111.6792069439704
2025-07-08 07:00:00+00:00,94.06,106.8280744141658
2025-07-08 08:00:00+00:00,81.78,81.22973734581242
2025-07-08 09:00:00+00:00,78.44,72.19168857007787
2025-07-08 10:00:00+00:00,60.15,69.78580041229516
2025-07-08 11:00:00+00:00,54.72,43.14617522844518
2025-07-08 12:00:00+00:00,53.04,41.299007645825206
2025-07-08 13:00:00+00:00,54.65,48.706082131456185
2025-07-08 14:00:00+00:00,65.2,51.902227504150375
2025-07-08 15:00:00+00:00,79.98,63.004132804694926
2025-07-08 16:00:00+00:00,83.92,91.20456773990858
2025-07-08 17:00:00+00:00,102.1,98.69371416263697
2025-07-08 18:00:00+00:00,122.77,113.5339115598095
2025-07-08 19:00:00+00:00,123.34,116.51900524981166
2025-07-08 20:00:00+00:00,116.65,115.42416105147751
2025-07-08 21:00:00+00:00,100.95,108.34212373018916
2025-07-08 22:00:00+00:00,97.15,96.9952678778738
2025-07-08 23:00:00+00:00,86.85,92.15451127538621
2025-07-09 00:00:00+00:00,83.86,85.05850096735878
2025-07-09 01:00:00+00:00,84.65,83.3711557984643
2025-07-09 02:00:00+00:00,85.1,84.66098752991203
2025-07-09 03:00:00+00:00,96.15,90.83513948571792
2025-07-09 04:00:00+00:00,113.66,110.17822313761287
2025-07-09 05:00:00+00:00,116.46,119.07896095039422
2025-07-09 06:00:00+00:00,113.59,107.87537987839006
2025-07-09 07:00:00+00:00,95.66,95.17470021344543
2025-07-09 08:00:00+00:00,84.68,79.50401039290529
2025-07-09 09:00:00+00:00,77.77,74.40072205292547
2025-07-09 10:00:00+00:00,65.67,68.37485149068384
2025-07-09 11:00:00+00:00,46.69,49.31126554028352
2025-07-09 12:00:00+00:00,37.78,39.2163375401196
2025-07-09 13:00:00+00:00,48.32,42.531140302086825
2025-07-09 14:00:00+00:00,71.13,59.489770417936406
2025-07-09 15:00:00+00:00,84.73,80.71197489956289
2025-07-09 16:00:00+00:00,99.01,97.72264586775063
2025-07-09 17:00:00+00:00,115.98,117.18024839455364
2025-07-09 18:00:00+00:00,135.34,141.26407734665605
2025-07-09 19:00:00+00:00,138.24,127.87025562742963
2025-07-09 20:00:00+00:00,119.79,124.82784954888976
2025-07-09 21:00:00+00:00,104.9,111.83944085274673
2025-07-09 22:00:00+00:00,100.91,99.85065316610678
2025-07-09 23:00:00+00:00,95.73,96.63020469650941
2025-07-10 00:00:00+00:00,89.1,93.71605333725829
2025-07-10 01:00:00+00:00,86.45,87.61975504021778
2025-07-10 02:00:00+00:00,87.97,85.89840276617477
2025-07-10 03:00:00+00:00,98.62,93.423670180597
2025-07-10 04:00:00+00:00,107.61,115.92160440490215
2025-07-10 05:00:00+00:00,107.23,118.81905539487863
2025-07-10 06:00:00+00:00,105.35,100.35097238891291
2025-07-10 07:00:00+00:00,88.9,91.66917935582842
2025-07-10 08:00:00+00:00,82.0,73.88912126095259
2025-07-10 09:00:00+00:00,65.33,71.808240473578
2025-07-10 10:00:00+00:00,45.22,43.51299992609338
2025-07-10 11:00:00+00:00,39.51,35.186263537926216
2025-07-10 12:00:00+00:00,39.55,34.297854726194466
2025-07-10 13:00:00+00:00,56.71,43.51324355567726
2025-07-10 14:00:00+00:00,76.8,67.9516522140393
2025-07-10 15:00:00+00:00,86.4,85.37552808332983
2025-07-10 16:00:00+00:00,100.2,97.98114162069537
2025-07-10 17:00:00+00:00,114.39,120.63065866949157
2025-07-10 18:00:00+00:00,134.67,136.89636649602278
2025-07-10 19:00:00+00:00,132.7,128.8124566820065
2025-07-10 20:00:00+00:00,120.88,124.6600690869481
2025-07-10 21:00:00+00:00,107.69,112.2133976114832
2025-07-10 22:00:00+00:00,104.75,103.89615290507156
2025-07-10 23:00:00+00:00,99.57,99.84130804490013
2025-07-11 00:00:00+00:00,95.0,98.04382250197678
2025-07-11 01:00:00+00:00,90.69,93.8469945293677
2025-07-11 02:00:00+00:00,91.53,93.46580564761324
2025-07-11 03:00:00+00:00,99.4,99.81871474195374
2025-07-11 04:00:00+00:00,107.41,114.73509573131814
2025-07-11 05:00:00+00:00,105.92,121.82797533907691
2025-07-11 06:00:00+00:00,105.18,99.54257147616
2025-07-11 07:00:00+00:00,93.3,91.24115329280825
2025-07-11 08:00:00+00:00,82.9,81.39539577101178
2025-07-11 09:00:00+00:00,73.15,73.06356797867159
2025-07-11 10:00:00+00:00,63.82,50.58534415986827
2025-07-11 11:00:00+00:00,42.16,39.23087739783731
2025-07-11 12:00:00+00:00,32.04,27.411816381208187
2025-07-11 13:00:00+00:00,38.1,23.55699906185016
2025-07-11 14:00:00+00:00,59.55,33.76982283296919
2025-07-11 15:00:00+00:00,83.15,64.48608013795993
2025-07-11 16:00:00+00:00,86.44,92.8476896513689
2025-07-11 17:00:00+00:00,101.93,99.69135477902695
2025-07-11 18:00:00+00:00,117.5,121.58207511256916
2025-07-11 19:00:00+00:00,118.08,114.02923366876392
2025-07-11 20:00:00+00:00,113.8,114.16632192858806
2025-07-11 21:00:00+00:00,103.82,104.0225444965392
2025-07-11 22:00:00+00:00,112.23,98.85106068059048
2025-07-11 23:00:00+00:00,104.57,104.539880765165
2025-07-12 00:00:00+00:00,103.68,101.43174345766134
2025-07-12 01:00:00+00:00,97.4,101.17279531186989
2025-07-12 02:00:00+00:00,93.33,96.31542728218231
2025-07-12 03:00:00+00:00,89.94,93.62374519314119
2025-07-12 04:00:00+00:00,85.27,89.30596223588152
2025-07-12 05:00:00+00:00,87.98,83.85189618188872
2025-07-12 06:00:00+00:00,83.8,75.39365639896582
2025-07-12 07:00:00+00:00,59.86,66.79081901326317
2025-07-12 08:00:00+00:00,18.19,35.30177091057427
2025-07-12 09:00:00+00:00,3.0,11.337723480299857
2025-07-12 10:00:00+00:00,0.22,0.37159387546049294
2025-07-12 11:00:00+00:00,0.0,-1.8537904850172773
2025-07-12 12:00:00+00:00,0.0,-1.9305669187163528
2025-07-12 13:00:00+00:00,0.22,5.817391934089504
2025-07-12 14:00:00+00:00,19.73,17.324849735173753
2025-07-12 15:00:00+00:00,73.89,50.43886783008987
2025-07-12 16:00:00+00:00,106.2,92.5602979079762
2025-07-12 17:00:00+00:00,109.2,111.15104152478257
2025-07-12 18:00:00+00:00,120.0,118.26608622478348
2025-07-12 19:00:00+00:00,125.02,118.1233752668912
2025-07-12 20:00:00+00:00,125.0,118.88808330540306
2025-07-12 21:00:00+00:00,115.42,115.5049121856388
2025-07-12 22:00:00+00:00,115.35,106.42433218597621
2025-07-12 23:00:00+00:00,109.14,106.0580561984492
2025-07-13 00:00:00+00:00,108.42,104.21748271010352
2025-07-13 01:00:00+00:00,107.35,103.39870897833327
2025-07-13 02:00:00+00:00,104.64,102.74394621742016
2025-07-13 03:00:00+00:00,100.85,101.73551338697214
2025-07-13 04:00:00+00:00,95.8,99.09221633631589
2025-07-13 05:00:00+00:00,92.18,92.31869966550545
2025-07-13 06:00:00+00:00,87.94,84.35854340035004
2025-07-13 07:00:00+00:00,57.62,69.0725535012454
2025-07-13 08:00:00+00:00,4.28,30.595524920156116
2025-07-13 09:00:00+00:00,0.05,1.1428230774419688
2025-07-13 10:00:00+00:00,0.0,-1.2057453705652657
2025-07-13 11:00:00+00:00,0.0,-2.760753138945589
2025-07-13 12:00:00+00:00,0.0,-2.699075695421229
2025-07-13 13:00:00+00:00,0.0,4.8426026246526925
2025-07-13 14:00:00+00:00,2.36,5.6712686398196634
2025-07-13 15:00:00+00:00,73.4,33.851812590566176
2025-07-13 16:00:00+00:00,100.61,94.76401005301352
2025-07-13 17:00:00+00:00,113.74,115.4652058490358
2025-07-13 18:00:00+00:00,120.0,126.03646038350489
2025-07-13 19:00:00+00:00,127.7,118.5713221314901
2025-07-13 20:00:00+00:00,126.94,121.90015683972925
2025-07-13 21:00:00+00:00,115.41,119.38031296080239
2025-07-13 22:00:00+00:00,114.02,109.09952106469439
2025-07-13 23:00:00+00:00,104.01,107.2843363977945
2025-07-14 00:00:00+00:00,98.17,102.91158004217168
2025-07-14 01:00:00+00:00,94.94,99.4461873734561
2025-07-14 02:00:00+00:00,99.32,97.1388679832431
2025-07-14 03:00:00+00:00,108.93,104.59801528890246
2025-07-14 04:00:00+00:00,117.87,129.20596370738718
2025-07-14 05:00:00+00:00,121.62,130.97141827193948
2025-07-14 06:00:00+00:00,112.06,111.64821781439299
2025-07-14 07:00:00+00:00,92.43,97.43914254254518
2025-07-14 08:00:00+00:00,84.58,83.35245818186371
2025-07-14 09:00:00+00:00,79.67,78.93251691410369
2025-07-14 10:00:00+00:00,70.98,74.57719685147502
2025-07-14 11:00:00+00:00,64.17,62.02952440275425
2025-07-14 12:00:00+00:00,57.15,59.85184024135476
2025-07-14 13:00:00+00:00,55.82,63.61631300621055
2025-07-14 14:00:00+00:00,71.1,65.22749836017135
2025-07-14 15:00:00+00:00,84.58,81.7882853979603
2025-07-14 16:00:00+00:00,98.94,99.05148216368244
2025-07-14 17:00:00+00:00,110.11,116.17721086046866
2025-07-14 18:00:00+00:00,139.99,123.20545735715946
2025-07-14 19:00:00+00:00,141.57,132.150193597573
2025-07-14 20:00:00+00:00,126.14,127.44727290333716
2025-07-14 21:00:00+00:00,115.15,114.23464847743433
2025-07-14 22:00:00+00:00,106.1,106.61822863583824
2025-07-14 23:00:00+00:00,103.06,100.78078405239091
2025-07-15 00:00:00+00:00,93.86,100.34227826898913
2025-07-15 01:00:00+00:00,88.28,92.50269420083903
2025-07-15 02:00:00+00:00,87.12,87.90786894786098
2025-07-15 03:00:00+00:00,93.0,92.51815614960584
2025-07-15 04:00:00+00:00,110.33,110.38070605990195
2025-07-15 05:00:00+00:00,113.41,115.41615735710675
2025-07-15 06:00:00+00:00,106.86,103.11370730348271
2025-07-15 07:00:00+00:00,90.82,91.79608502529513
2025-07-15 08:00:00+00:00,77.67,78.78611645531947
2025-07-15 09:00:00+00:00,65.0,66.24693511849532
2025-07-15 10:00:00+00:00,59.19,44.94398123186744
2025-07-15 11:00:00+00:00,47.26,38.95808213914327
2025-07-15 12:00:00+00:00,40.2,38.87383394946535
2025-07-15 13:00:00+00:00,42.57,40.89937969845481
2025-07-15 14:00:00+00:00,65.0,56.828613637249084
2025-07-15 15:00:00+00:00,84.87,76.03005965886815
2025-07-15 16:00:00+00:00,101.54,98.05950915954197
2025-07-15 17:00:00+00:00,108.15,118.5037330954688
2025-07-15 18:00:00+00:00,119.78,132.94002687155736
2025-07-15 19:00:00+00:00,141.99,121.98157693730177
2025-07-15 20:00:00+00:00,121.28,126.53310707108177
2025-07-15 21:00:00+00:00,112.45,110.4492325978397
2025-07-15 22:00:00+00:00,97.63,104.04270600393068
2025-07-15 23:00:00+00:00,93.99,94.66769530333814
2025-07-16 00:00:00+00:00,86.67,91.63121664934323
2025-07-16 01:00:00+00:00,83.43,85.59446856411678
2025-07-16 02:00:00+00:00,84.26,84.22413477948325
2025-07-16 03:00:00+00:00,90.41,89.71342281602612
2025-07-16 04:00:00+00:00,105.74,108.59031863013804
2025-07-16 05:00:00+00:00,112.63,114.31217053739685
2025-07-16 06:00:00+00:00,111.92,104.12152452533992
2025-07-16 07:00:00+00:00,104.21,98.31300990790729
2025-07-16 08:00:00+00:00,89.8,89.36593017135756
2025-07-16 09:00:00+00:00,85.65,82.05978749172289
2025-07-16 10:00:00+00:00,81.96,77.41280708235216
2025-07-16 11:00:00+00:00,78.62,72.61560124174764
2025-07-16 12:00:00+00:00,68.06,69.0748616875905
2025-07-16 13:00:00+00:00,69.2,59.668026911337655
2025-07-16 14:00:00+00:00,80.86,75.98248711262163
2025-07-16 15:00:00+00:00,89.09,90.56272967314175
2025-07-16 16:00:00+00:00,95.49,98.89904396741711
2025-07-16 17:00:00+00:00,108.37,106.89586818938706
2025-07-16 18:00:00+00:00,119.72,123.2030393337423
2025-07-16 19:00:00+00:00,129.04,120.15540920858108
2025-07-16 20:00:00+00:00,120.71,120.08670277806584
2025-07-16 21:00:00+00:00,110.55,111.268184444119
2025-07-16 22:00:00+00:00,103.76,102.69004435008719
2025-07-16 23:00:00+00:00,98.33,98.96783383570539
2025-07-17 00:00:00+00:00,89.96,96.22610162485847
2025-07-17 01:00:00+00:00,84.81,88.26201692324925
2025-07-17 02:00:00+00:00,85.76,84.54897444852018
2025-07-17 03:00:00+00:00,89.0,91.2741322346305
2025-07-17 04:00:00+00:00,104.05,98.34438938461022
2025-07-17 05:00:00+00:00,110.33,108.38836853020668
2025-07-17 06:00:00+00:00,105.92,102.2675137592393
2025-07-17 07:00:00+00:00,93.1,95.14111936803714
2025-07-17 08:00:00+00:00,85.0,83.63266755276955
2025-07-17 09:00:00+00:00,77.07,76.03167879785792
2025-07-17 10:00:00+00:00,70.17,69.05438274727823
2025-07-17 11:00:00+00:00,55.26,65.17179750980318
2025-07-17 12:00:00+00:00,49.78,42.89127410687596
2025-07-17 13:00:00+00:00,66.18,43.939684852605915
2025-07-17 14:00:00+00:00,74.79,64.90502438883895
2025-07-17 15:00:00+00:00,82.71,79.9985325622347
2025-07-17 16:00:00+00:00,94.98,95.34024535550532
2025-07-17 17:00:00+00:00,109.73,105.42765334174265
2025-07-17 18:00:00+00:00,120.75,121.58478507114636
2025-07-17 19:00:00+00:00,132.0,116.50913987175771
2025-07-17 20:00:00+00:00,125.07,122.43553347542378
2025-07-17 21:00:00+00:00,114.18,113.27292276369819
2025-07-17 22:00:00+00:00,106.8,104.85010465377258
2025-07-17 23:00:00+00:00,99.15,100.9568464866003
2025-07-18 00:00:00+00:00,95.36,97.07638159668593
2025-07-18 01:00:00+00:00,96.37,94.28730361902299
2025-07-18 02:00:00+00:00,98.66,95.38867120373679
2025-07-18 03:00:00+00:00,108.23,102.63897200962037
2025-07-18 04:00:00+00:00,115.92,121.8491371674299
2025-07-18 05:00:00+00:00,116.17,124.27022995026468
2025-07-18 06:00:00+00:00,109.39,107.49450683125391
2025-07-18 07:00:00+00:00,98.13,98.73196160879634
2025-07-18 08:00:00+00:00,84.98,87.5540371331365
2025-07-18 09:00:00+00:00,82.02,77.90395698954201
2025-07-18 10:00:00+00:00,80.0,74.97577583313297
2025-07-18 11:00:00+00:00,73.02,72.72851767327627
2025-07-18 12:00:00+00:00,71.2,64.44369818939326
2025-07-18 13:00:00+00:00,72.68,71.55122642180785
2025-07-18 14:00:00+00:00,79.99,78.0979119402434
2025-07-18 15:00:00+00:00,84.07,93.64580001296274
2025-07-18 16:00:00+00:00,99.92,96.8518797892506
2025-07-18 17:00:00+00:00,120.0,113.32307436265302
2025-07-18 18:00:00+00:00,146.55,131.9238733465073
2025-07-18 19:00:00+00:00,144.44,139.88545989602716
2025-07-18 20:00:00+00:00,125.88,130.57694531678663
2025-07-18 21:00:00+00:00,113.48,116.65877298952584
2025-07-18 22:00:00+00:00,107.6,107.42445720807974
2025-07-18 23:00:00+00:00,105.35,104.94465518219371
2025-07-19 00:00:00+00:00,103.19,102.50807273839247
2025-07-19 01:00:00+00:00,101.63,101.31259032713356
2025-07-19 02:00:00+00:00,98.38,100.43097682199011
2025-07-19 03:00:00+00:00,93.69,99.04152492454108
2025-07-19 04:00:00+00:00,98.39,95.44692414644089
2025-07-19 05:00:00+00:00,86.89,94.50423772783566
2025-07-19 06:00:00+00:00,78.89,76.97604855253857
2025-07-19 07:00:00+00:00,52.98,60.710610680951575
2025-07-19 08:00:00+00:00,10.0,27.44184064393527
2025-07-19 09:00:00+00:00,0.65,4.647198801581059
2025-07-19 10:00:00+00:00,0.0,-1.3460008030172679
2025-07-19 11:00:00+00:00,-0.01,-9.53161708915742
2025-07-19 12:00:00+00:00,0.0,-2.177724925968254
2025-07-19 13:00:00+00:00,2.08,5.535005256729778
2025-07-19 14:00:00+00:00,29.33,15.317074204476567
2025-07-19 15:00:00+00:00,76.85,61.76476528863089
2025-07-19 16:00:00+00:00,98.4,96.9212745545695
2025-07-19 17:00:00+00:00,114.47,111.16268515895719
2025-07-19 18:00:00+00:00,112.87,121.54286362831235
2025-07-19 19:00:00+00:00,108.08,109.14530504859039
2025-07-19 20:00:00+00:00,105.63,103.59870775070625
2025-07-19 21:00:00+00:00,98.07,96.31975455783231
2025-07-19 22:00:00+00:00,91.29,90.06111925766336
2025-07-19 23:00:00+00:00,88.94,86.24730290206739
2025-07-20 00:00:00+00:00,89.27,86.41111703673498
2025-07-20 01:00:00+00:00,100.41,88.2692840616974
2025-07-20 02:00:00+00:00,101.7,98.34458468280653
2025-07-20 03:00:00+00:00,98.27,99.67241006496572
2025-07-20 04:00:00+00:00,97.2,96.56156744649144
2025-07-20 05:00:00+00:00,80.59,90.05077774236966
2025-07-20 06:00:00+00:00,77.86,64.69902244334575
2025-07-20 07:00:00+00:00,44.58,49.42684135110141
2025-07-20 08:00:00+00:00,9.04,21.70720798040704
2025-07-20 09:00:00+00:00,2.07,2.0302840210367648
2025-07-20 10:00:00+00:00,0.0,0.32229788215979327
2025-07-20 11:00:00+00:00,-0.01,-2.4221287347732727
2025-07-20 12:00:00+00:00,0.0,-2.4243000123986276
2025-07-20 13:00:00+00:00,9.09,4.479219157873014
2025-07-20 14:00:00+00:00,69.33,24.03164754625725
2025-07-20 15:00:00+00:00,92.74,67.15543064415651
2025-07-20 16:00:00+00:00,100.26,105.608829536948
2025-07-20 17:00:00+00:00,112.0,112.28352870831907
2025-07-20 18:00:00+00:00,116.0,117.93969982145013
2025-07-20 19:00:00+00:00,115.01,109.16071997875788
2025-07-20 20:00:00+00:00,114.85,105.50352890697219
2025-07-20 21:00:00+00:00,105.05,103.69432325745595
2025-07-20 22:00:00+00:00,87.08,98.32357456978175
2025-07-20 23:00:00+00:00,79.73,83.8212090391981
2025-07-21 00:00:00+00:00,83.48,80.6138143571286
2025-07-21 01:00:00+00:00,83.3,84.34714877756376
2025-07-21 02:00:00+00:00,83.49,85.87760563567426
2025-07-21 03:00:00+00:00,96.22,91.53960430149614
2025-07-21 04:00:00+00:00,113.96,115.50247071892196
2025-07-21 05:00:00+00:00,126.56,134.4495409348262
2025-07-21 06:00:00+00:00,123.91,132.6728698429122
2025-07-21 07:00:00+00:00,109.64,117.80207534291304
2025-07-21 08:00:00+00:00,105.99,103.84374914005247
2025-07-21 09:00:00+00:00,98.88,100.92045486911091
2025-07-21 10:00:00+00:00,84.9,95.36006966788436
2025-07-21 11:00:00+00:00,81.73,78.31965696416054
2025-07-21 12:00:00+00:00,85.79,81.49351502289777
2025-07-21 13:00:00+00:00,87.96,85.50133120806977
2025-07-21 14:00:00+00:00,90.95,91.57249027046879
2025-07-21 15:00:00+00:00,104.3,98.06534077785034
2025-07-21 16:00:00+00:00,105.82,106.54606669416825
2025-07-21 17:00:00+00:00,119.69,114.77103334010054
2025-07-21 18:00:00+00:00,123.25,131.3966032653153
2025-07-21 19:00:00+00:00,120.09,117.94001684049564
2025-07-21 20:00:00+00:00,108.76,112.78221262150544
2025-07-21 21:00:00+00:00,100.04,100.83705827808186
2025-07-21 22:00:00+00:00,92.79,95.2121460570083
2025-07-21 23:00:00+00:00,87.2,90.46991067734514
2025-07-22 00:00:00+00:00,85.48,85.59447092887963
2025-07-22 01:00:00+00:00,82.0,84.00740885416964
2025-07-22 02:00:00+00:00,81.0,81.41363847958635
2025-07-22 03:00:00+00:00,89.28,87.65715512144433
2025-07-22 04:00:00+00:00,108.8,102.66318402707448
2025-07-22 05:00:00+00:00,109.28,116.21758196855052
2025-07-22 06:00:00+00:00,102.49,107.49326146085691
2025-07-22 07:00:00+00:00,91.29,92.6919205483886
2025-07-22 08:00:00+00:00,81.73,83.45562068224183
2025-07-22 09:00:00+00:00,68.41,72.5277876724446
2025-07-22 10:00:00+00:00,39.63,46.094315356021106
2025-07-22 11:00:00+00:00,10.0,21.381041296749096
2025-07-22 12:00:00+00:00,0.17,7.964781719783291
2025-07-22 13:00:00+00:00,4.16,5.991991012114918
2025-07-22 14:00:00+00:00,36.9,20.772666831925303
2025-07-22 15:00:00+00:00,75.79,56.09055191679609
2025-07-22 16:00:00+00:00,88.98,87.60154803722895
2025-07-22 17:00:00+00:00,108.57,102.73678843606852
2025-07-22 18:00:00+00:00,112.56,117.25760862522866
2025-07-22 19:00:00+00:00,113.22,105.82104204359172
2025-07-22 20:00:00+00:00,108.48,102.91221442852587
2025-07-22 21:00:00+00:00,102.93,97.15659297622629
2025-07-22 22:00:00+00:00,87.65,94.78492250902573
2025-07-22 23:00:00+00:00,79.47,74.79040813234992
2025-07-23 00:00:00+00:00,78.5,70.28536489378386
2025-07-23 01:00:00+00:00,76.04,70.22756421221627
2025-07-23 02:00:00+00:00,77.69,71.56337902252237
2025-07-23 03:00:00+00:00,80.64,73.38455270113263
2025-07-23 04:00:00+00:00,91.35,93.54616700783662
2025-07-23 05:00:00+00:00,99.87,95.18828394496768
2025-07-23 06:00:00+00:00,96.5,86.43003230417906
2025-07-23 07:00:00+00:00,81.69,80.2611667951932
2025-07-23 08:00:00+00:00,67.3,65.85702358252038
2025-07-23 09:00:00+00:00,53.5,38.846442154791504
2025-07-23 10:00:00+00:00,33.72,29.429233536106036
2025-07-23 11:00:00+00:00,23.73,17.25473696481994
2025-07-23 12:00:00+00:00,26.82,21.787146518861547
2025-07-23 13:00:00+00:00,40.3,23.48063441681573
2025-07-23 14:00:00+00:00,67.81,38.72239016366131
2025-07-23 15:00:00+00:00,78.05,64.542153425214
2025-07-23 16:00:00+00:00,86.07,86.73067674904534
2025-07-23 17:00:00+00:00,105.0,99.9247798558885
2025-07-23 18:00:00+00:00,112.98,117.46828226368518
2025-07-23 19:00:00+00:00,119.74,112.49990261862985
2025-07-23 20:00:00+00:00,110.54,111.01582666954639
2025-07-23 21:00:00+00:00,103.06,102.76061940808462
2025-07-23 22:00:00+00:00,97.82,97.90180919704278
2025-07-23 23:00:00+00:00,94.08,93.02629784180934
2025-07-24 00:00:00+00:00,89.29,91.48111299928729
2025-07-24 01:00:00+00:00,89.29,88.2650321237402
2025-07-24 02:00:00+00:00,93.45,89.20906471055527
2025-07-24 03:00:00+00:00,102.65,100.34611315775206
2025-07-24 04:00:00+00:00,112.05,115.767728128746
2025-07-24 05:00:00+00:00,117.22,122.89325706998969
2025-07-24 06:00:00+00:00,110.4,114.71798785159424
2025-07-24 07:00:00+00:00,96.22,101.65953283114463
2025-07-24 08:00:00+00:00,89.17,89.39474141905598
2025-07-24 09:00:00+00:00,84.39,82.75658465232958
2025-07-24 10:00:00+00:00,82.17,77.8435225139323
2025-07-24 11:00:00+00:00,80.43,77.16803884577062
2025-07-24 12:00:00+00:00,82.05,78.82490434209626
2025-07-24 13:00:00+00:00,84.77,84.86975403589297
2025-07-24 14:00:00+00:00,93.34,90.25524438880355
2025-07-24 15:00:00+00:00,100.6,102.06077955354962
2025-07-24 16:00:00+00:00,109.2,112.32715629878182
2025-07-24 17:00:00+00:00,130.0,118.66923683977743
2025-07-24 18:00:00+00:00,154.16,137.30016530811346
2025-07-24 19:00:00+00:00,140.64,132.37563204855067
2025-07-24 20:00:00+00:00,118.38,122.74145749958733
2025-07-24 21:00:00+00:00,109.39,109.02014110091913
2025-07-24 22:00:00+00:00,111.27,103.99557288825103
2025-07-24 23:00:00+00:00,103.67,103.93816336968688
2025-07-25 00:00:00+00:00,97.05,101.80585037262608
2025-07-25 01:00:00+00:00,92.94,95.67628675969651
2025-07-25 02:00:00+00:00,96.97,93.45838219395995
2025-07-25 03:00:00+00:00,98.2,103.21597296735003
2025-07-25 04:00:00+00:00,108.87,112.66342900818542
2025-07-25 05:00:00+00:00,112.95,122.75807354240726
2025-07-25 06:00:00+00:00,110.85,106.98145228694806
2025-07-25 07:00:00+00:00,98.2,98.47611335156478
2025-07-25 08:00:00+00:00,94.08,87.9359978971274
2025-07-25 09:00:00+00:00,85.15,87.74622784571474
2025-07-25 10:00:00+00:00,83.09,78.29864732101589
2025-07-25 11:00:00+00:00,78.7,76.5837387562721
2025-07-25 12:00:00+00:00,76.31,73.6730270301201
2025-07-25 13:00:00+00:00,79.27,76.38274510269758
2025-07-25 14:00:00+00:00,81.09,82.90110464065428
2025-07-25 15:00:00+00:00,84.02,91.54268375955733
2025-07-25 16:00:00+00:00,90.45,97.5712741058689
2025-07-25 17:00:00+00:00,101.81,106.48007369368857
2025-07-25 18:00:00+00:00,109.28,118.37238786111547
2025-07-25 19:00:00+00:00,121.21,122.9896636859715
2025-07-25 20:00:00+00:00,112.6,115.12716696329993
2025-07-25 21:00:00+00:00,110.25,104.51546681676913
2025-07-25 22:00:00+00:00,106.76,104.50887463025678
2025-07-25 23:00:00+00:00,100.7,101.00861374336996
2025-07-26 00:00:00+00:00,97.73,100.25857121640625
2025-07-26 01:00:00+00:00,96.65,96.80697997603379
2025-07-26 02:00:00+00:00,96.45,95.14868097178511
2025-07-26 03:00:00+00:00,94.89,97.64688234883648
2025-07-26 04:00:00+00:00,97.13,97.34688280913029
2025-07-26 05:00:00+00:00,96.1,96.94152277465359
2025-07-26 06:00:00+00:00,87.96,92.66363837970869
2025-07-26 07:00:00+00:00,85.85,78.29900703900324
2025-07-26 08:00:00+00:00,79.59,73.81721330965527
2025-07-26 09:00:00+00:00,75.2,71.20296933991776
2025-07-26 10:00:00+00:00,66.42,63.526368281672106
2025-07-26 11:00:00+00:00,49.87,52.7632438155829
2025-07-26 12:00:00+00:00,50.09,40.379744568191626
2025-07-26 13:00:00+00:00,68.07,50.79549040099356
2025-07-26 14:00:00+00:00,74.81,62.913058730888196
2025-07-26 15:00:00+00:00,84.2,85.75130080144814
2025-07-26 16:00:00+00:00,98.2,98.20630726006915
2025-07-26 17:00:00+00:00,106.6,112.4165696017656
2025-07-26 18:00:00+00:00,121.95,116.29294942291148
2025-07-26 19:00:00+00:00,127.07,114.47778242843275
2025-07-26 20:00:00+00:00,116.72,117.7405417881574
2025-07-26 21:00:00+00:00,108.8,107.28087011290262
2025-07-26 22:00:00+00:00,104.64,103.58823938443636
2025-07-26 23:00:00+00:00,99.47,99.7860492113838
2025-07-27 00:00:00+00:00,95.01,96.47132361756587
2025-07-27 01:00:00+00:00,92.07,92.95107246332773
2025-07-27 02:00:00+00:00,91.99,91.66433714712755
2025-07-27 03:00:00+00:00,89.88,92.87047874841126
2025-07-27 04:00:00+00:00,88.79,90.82313978540586
2025-07-27 05:00:00+00:00,86.58,87.34546560741981
2025-07-27 06:00:00+00:00,83.76,76.99787755184983
2025-07-27 07:00:00+00:00,81.71,70.38223714533413
2025-07-27 08:00:00+00:00,75.91,68.29563107524184
2025-07-27 09:00:00+00:00,70.52,49.90374689480405
2025-07-27 10:00:00+00:00,45.93,48.53167288076326
2025-07-27 11:00:00+00:00,15.04,28.153456555046382
2025-07-27 12:00:00+00:00,8.85,12.352894503370326
2025-07-27 13:00:00+00:00,17.3,16.934755716039458
2025-07-27 14:00:00+00:00,45.74,30.21111002542352
2025-07-27 15:00:00+00:00,82.36,69.89433818457776
2025-07-27 16:00:00+00:00,95.66,95.72627828469261
2025-07-27 17:00:00+00:00,102.47,108.15374289314443
2025-07-27 18:00:00+00:00,107.95,118.40224650857928
2025-07-27 19:00:00+00:00,114.71,113.83357146403522
2025-07-27 20:00:00+00:00,107.33,108.90735356288693
2025-07-27 21:00:00+00:00,102.69,100.1769081604027
2025-07-27 22:00:00+00:00,100.0,97.06068057921118
2025-07-27 23:00:00+00:00,88.77,94.05581908079958
2025-07-28 00:00:00+00:00,83.5,85.84342814668638
2025-07-28 01:00:00+00:00,79.67,82.77732790676875
2025-07-28 02:00:00+00:00,79.51,78.38870472154642
2025-07-28 03:00:00+00:00,89.52,88.02923255724683
2025-07-28 04:00:00+00:00,108.88,105.22119377515337
2025-07-28 05:00:00+00:00,121.97,123.12624822289939
2025-07-28 06:00:00+00:00,118.37,119.14384064956583
2025-07-28 07:00:00+00:00,105.45,100.31207381659522
2025-07-28 08:00:00+00:00,97.25,87.15785570558204
2025-07-28 09:00:00+00:00,90.96,80.29440784096565
2025-07-28 10:00:00+00:00,81.79,79.23637582547337
2025-07-28 11:00:00+00:00,77.52,69.23489604549397
2025-07-28 12:00:00+00:00,68.33,56.839405034461514
2025-07-28 13:00:00+00:00,73.97,43.43174296396781
2025-07-28 14:00:00+00:00,77.28,54.018873039512776
2025-07-28 15:00:00+00:00,88.12,69.47405449071978
2025-07-28 16:00:00+00:00,97.2,95.96673615140719
2025-07-28 17:00:00+00:00,103.59,104.7125777998603
2025-07-28 18:00:00+00:00,114.14,112.98904955711907
2025-07-28 19:00:00+00:00,114.34,108.0941831227318
2025-07-28 20:00:00+00:00,105.26,101.57986881242931
2025-07-28 21:00:00+00:00,92.43,95.60630066903275
2025-07-28 22:00:00+00:00,87.51,84.25632698527825
2025-07-28 23:00:00+00:00,84.1,77.47181291511254
2025-07-29 00:00:00+00:00,82.9,80.46297298413178
2025-07-29 01:00:00+00:00,82.1,82.103100985439
2025-07-29 02:00:00+00:00,83.89,82.189522478198
2025-07-29 03:00:00+00:00,92.88,87.85018249178366
2025-07-29 04:00:00+00:00,101.07,101.71065928057448
2025-07-29 05:00:00+00:00,109.25,107.48026919559794
2025-07-29 06:00:00+00:00,99.02,103.65385608811539
2025-07-29 07:00:00+00:00,80.2,81.43098633238205
2025-07-29 08:00:00+00:00,66.37,64.91379704255027
2025-07-29 09:00:00+00:00,54.0,40.060224642857136
2025-07-29 10:00:00+00:00,25.6,31.65615826764249
2025-07-29 11:00:00+00:00,4.34,14.119137352731773
2025-07-29 12:00:00+00:00,1.07,0.8536473406312287
2025-07-29 13:00:00+00:00,6.2,10.370578661127444
2025-07-29 14:00:00+00:00,44.41,17.48062656684397
2025-07-29 15:00:00+00:00,78.24,61.45912446178632
2025-07-29 16:00:00+00:00,94.81,89.48258964259738
2025-07-29 17:00:00+00:00,105.32,110.95188312048197
2025-07-29 18:00:00+00:00,123.56,118.53681071385604
2025-07-29 19:00:00+00:00,126.01,116.68060263006491
2025-07-29 20:00:00+00:00,111.94,115.12922435992516
2025-07-29 21:00:00+00:00,102.07,100.09644490980263
2025-07-29 22:00:00+00:00,94.92,94.40565145665877
2025-07-29 23:00:00+00:00,90.88,88.17999376583455
2025-07-30 00:00:00+00:00,86.93,88.09519791662268
2025-07-30 01:00:00+00:00,83.24,85.64133297025619
2025-07-30 02:00:00+00:00,84.89,83.12472157756943
2025-07-30 03:00:00+00:00,94.72,89.48378148209906
2025-07-30 04:00:00+00:00,100.38,101.7031417702651
2025-07-30 05:00:00+00:00,97.47,103.89007876453334
2025-07-30 06:00:00+00:00,93.88,92.50287205337405
2025-07-30 07:00:00+00:00,79.02,79.47028243998442
2025-07-30 08:00:00+00:00,63.29,64.1360045742091
2025-07-30 09:00:00+00:00,40.43,43.73485453232505
2025-07-30 10:00:00+00:00,24.79,25.960834061340748
2025-07-30 11:00:00+00:00,17.69,11.00256722962772
2025-07-30 12:00:00+00:00,10.7,11.712696626962837
2025-07-30 13:00:00+00:00,28.03,14.463061919308677
2025-07-30 14:00:00+00:00,45.61,22.86715641774987
2025-07-30 15:00:00+00:00,75.68,59.859315014336936
2025-07-30 16:00:00+00:00,93.97,83.22578952499452
2025-07-30 17:00:00+00:00,101.86,103.4694358374277
2025-07-30 18:00:00+00:00,109.07,111.99180209166845
2025-07-30 19:00:00+00:00,109.0,106.32126361501845
2025-07-30 20:00:00+00:00,104.0,102.15015329836882
2025-07-30 21:00:00+00:00,92.41,94.32219687297987
2025-07-30 22:00:00+00:00,88.93,84.87759482184956
2025-07-30 23:00:00+00:00,82.11,78.65067175829677
2025-07-31 00:00:00+00:00,79.0,79.77391957122029
2025-07-31 01:00:00+00:00,77.27,72.39938440729034
2025-07-31 02:00:00+00:00,78.51,70.399636585968
2025-07-31 03:00:00+00:00,85.43,82.04413972716424
2025-07-31 04:00:00+00:00,98.14,96.6759029753695
2025-07-31 05:00:00+00:00,100.46,102.56381548809293
2025-07-31 06:00:00+00:00,94.09,94.49133825978355
2025-07-31 07:00:00+00:00,88.91,77.01821219558845
2025-07-31 08:00:00+00:00,74.17,67.60628113290163
2025-07-31 09:00:00+00:00,70.04,57.31478208990953
2025-07-31 10:00:00+00:00,61.15,52.736845623812435
2025-07-31 11:00:00+00:00,48.05,43.19576322230706
2025-07-31 12:00:00+00:00,35.06,31.77265693538365
2025-07-31 13:00:00+00:00,55.07,23.165274634593874
2025-07-31 14:00:00+00:00,72.43,52.8002470076325
2025-07-31 15:00:00+00:00,84.56,76.60073499435931
2025-07-31 16:00:00+00:00,96.9,97.94705068256035
2025-07-31 17:00:00+00:00,111.92,110.63420249142247
2025-07-31 18:00:00+00:00,128.27,128.6528311341722
2025-07-31 19:00:00+00:00,125.11,120.8103226581387
2025-07-31 20:00:00+00:00,114.16,113.6835119082091
2025-07-31 21:00:00+00:00,102.79,102.40714547357335
2025-07-31 22:00:00+00:00,105.31,96.88422689821473
2025-07-31 23:00:00+00:00,98.54,97.4877537828458
2025-08-01 00:00:00+00:00,92.15,95.8667006721354
2025-08-01 01:00:00+00:00,89.17,90.69130593227666
2025-08-01 02:00:00+00:00,94.21,88.54867503508231
2025-08-01 03:00:00+00:00,100.58,99.41382988662393
2025-08-01 04:00:00+00:00,106.69,112.48637222980373
2025-08-01 05:00:00+00:00,110.71,122.30080536392985
2025-08-01 06:00:00+00:00,106.64,116.73563048683548
2025-08-01 07:00:00+00:00,103.67,94.4924650912131
2025-08-01 08:00:00+00:00,97.95,86.4077117533376
2025-08-01 09:00:00+00:00,84.1,83.3826306913856
2025-08-01 10:00:00+00:00,77.05,70.23061806240837
2025-08-01 11:00:00+00:00,61.97,56.135148984950554
2025-08-01 12:00:00+00:00,49.06,40.51875849480698
2025-08-01 13:00:00+00:00,49.1,40.825534013347735
2025-08-01 14:00:00+00:00,69.93,48.09199345494164
2025-08-01 15:00:00+00:00,83.59,69.99055169530722
2025-08-01 16:00:00+00:00,96.45,93.796202877479
2025-08-01 17:00:00+00:00,109.51,107.92988939159574
2025-08-01 18:00:00+00:00,119.23,125.72937252620044
2025-08-01 19:00:00+00:00,117.51,114.48012990564733
2025-08-01 20:00:00+00:00,110.72,107.06237449698352
2025-08-01 21:00:00+00:00,102.73,100.81926607072519
2025-08-01 22:00:00+00:00,104.47,96.99175463290418
2025-08-01 23:00:00+00:00,100.32,97.51664056287466
2025-08-02 00:00:00+00:00,97.79,97.97690521322536
2025-08-02 01:00:00+00:00,92.16,95.14076318441356
2025-08-02 02:00:00+00:00,91.29,90.67542992544072
2025-08-02 03:00:00+00:00,90.77,91.71951485987512
2025-08-02 04:00:00+00:00,89.67,91.5089651882508
2025-08-02 05:00:00+00:00,84.7,88.56121474787493
2025-08-02 06:00:00+00:00,78.4,73.58791820154494
2025-08-02 07:00:00+00:00,65.68,56.93808867373799
2025-08-02 08:00:00+00:00,31.09,36.583639817931505
2025-08-02 09:00:00+00:00,5.68,20.036402546872605
2025-08-02 10:00:00+00:00,2.95,0.663863367171425
2025-08-02 11:00:00+00:00,0.0,0.3011829226229835
2025-08-02 12:00:00+00:00,0.0,-1.9655586201907618
2025-08-02 13:00:00+00:00,0.0,7.516295144528222
2025-08-02 14:00:00+00:00,5.3,8.82126993675779
2025-08-02 15:00:00+00:00,60.69,25.27385931169723
2025-08-02 16:00:00+00:00,91.32,50.327840492655604
2025-08-02 17:00:00+00:00,102.0,105.8825254509954
2025-08-02 18:00:00+00:00,109.49,109.22516657125635
2025-08-02 19:00:00+00:00,108.42,104.48219754812862
2025-08-02 20:00:00+00:00,104.34,102.23261384124551
2025-08-02 21:00:00+00:00,95.0,95.14740292842896
2025-08-02 22:00:00+00:00,85.09,83.62158254144893
2025-08-02 23:00:00+00:00,77.52,77.55881363422473
2025-08-03 00:00:00+00:00,71.95,58.823795524801014
2025-08-03 01:00:00+00:00,68.14,49.38659602427205
2025-08-03 02:00:00+00:00,65.77,43.10265800099029
2025-08-03 03:00:00+00:00,59.98,42.85352613597593
2025-08-03 04:00:00+00:00,46.8,44.02615965754754
2025-08-03 05:00:00+00:00,26.0,33.90130893151946
2025-08-03 06:00:00+00:00,6.16,24.045779630754286
2025-08-03 07:00:00+00:00,0.0,7.281610133627852
2025-08-03 08:00:00+00:00,-1.01,-2.5123465520431334
2025-08-03 09:00:00+00:00,-2.1,-8.412409035568208
2025-08-03 10:00:00+00:00,-3.0,-11.049021321125576
2025-08-03 11:00:00+00:00,-9.9,-10.017695041465153
2025-08-03 12:00:00+00:00,-10.08,-21.20549346617356
2025-08-03 13:00:00+00:00,-4.98,-5.555255933003756
2025-08-03 14:00:00+00:00,-1.5,5.581057722814681
2025-08-03 15:00:00+00:00,3.61,9.765692606200675
2025-08-03 16:00:00+00:00,71.13,35.55300187230507
2025-08-03 17:00:00+00:00,88.13,72.13005281886905
2025-08-03 18:00:00+00:00,97.87,101.17637691165251
2025-08-03 19:00:00+00:00,95.99,94.41329148563143
2025-08-03 20:00:00+00:00,97.3,88.71827402950754
2025-08-03 21:00:00+00:00,85.09,84.72475898514776
2025-08-03 22:00:00+00:00,81.05,74.78193751485391
2025-08-03 23:00:00+00:00,70.07,63.896844890471186
2025-08-04 00:00:00+00:00,69.97,50.73699922485036
2025-08-04 01:00:00+00:00,70.62,53.18036993208544
2025-08-04 02:00:00+00:00,74.03,57.2087121731956
2025-08-04 03:00:00+00:00,82.94,75.15893124837818
2025-08-04 04:00:00+00:00,95.12,93.84848915401567
2025-08-04 05:00:00+00:00,102.72,113.43356756817593
2025-08-04 06:00:00+00:00,101.44,112.21925362598658
2025-08-04 07:00:00+00:00,97.05,92.95611198598986
2025-08-04 08:00:00+00:00,80.05,78.61161222203015
2025-08-04 09:00:00+00:00,56.33,65.94469032013325
2025-08-04 10:00:00+00:00,14.84,38.57804386990641
2025-08-04 11:00:00+00:00,4.05,13.144630263677334
2025-08-04 12:00:00+00:00,0.66,1.1024894601520285
2025-08-04 13:00:00+00:00,0.02,7.909920361339482
2025-08-04 14:00:00+00:00,22.09,6.273218863167441
2025-08-04 15:00:00+00:00,67.24,36.59489927336718
2025-08-04 16:00:00+00:00,80.91,78.23974972797556
2025-08-04 17:00:00+00:00,84.54,96.67275498485742
2025-08-04 18:00:00+00:00,80.21,89.37648793637923
2025-08-04 19:00:00+00:00,72.7,72.38208676986984
2025-08-04 20:00:00+00:00,66.63,55.25644990148402
2025-08-04 21:00:00+00:00,47.69,49.068387448408636
2025-08-04 22:00:00+00:00,21.52,29.9831759854521
2025-08-04 23:00:00+00:00,15.34,15.669959278683969
2025-08-05 00:00:00+00:00,15.9,15.283862154299683
2025-08-05 01:00:00+00:00,23.96,16.43099167951878
2025-08-05 02:00:00+00:00,54.47,25.3529838794758
2025-08-05 03:00:00+00:00,76.19,60.27833832282601
2025-08-05 04:00:00+00:00,92.25,81.79315845377039
2025-08-05 05:00:00+00:00,92.08,96.43941726118985
2025-08-05 06:00:00+00:00,74.74,81.24881557328554
2025-08-05 07:00:00+00:00,3.89,53.37012196673901
2025-08-05 08:00:00+00:00,-0.21,17.842275079373614
2025-08-05 09:00:00+00:00,-2.01,-2.2257184984530727
2025-08-05 10:00:00+00:00,-4.94,-10.500330939299847
2025-08-05 11:00:00+00:00,-9.5,-9.914947402549759
2025-08-05 12:00:00+00:00,-11.83,-20.843839300108442
2025-08-05 13:00:00+00:00,-9.92,-9.368289420809905
2025-08-05 14:00:00+00:00,-5.07,-4.0586663188054235
2025-08-05 15:00:00+00:00,-0.52,5.831866103449901
2025-08-05 16:00:00+00:00,1.07,13.560519134489537
2025-08-05 17:00:00+00:00,72.48,40.31357297342531
2025-08-05 18:00:00+00:00,89.97,78.3114675399553
2025-08-05 19:00:00+00:00,107.15,81.84513632867997
2025-08-05 20:00:00+00:00,87.18,92.34613925078942
2025-08-05 21:00:00+00:00,81.0,69.50745213760601
2025-08-05 22:00:00+00:00,75.13,62.36503361901711
2025-08-05 23:00:00+00:00,59.89,49.2700830565514
2025-08-06 00:00:00+00:00,60.76,43.399114969375205
2025-08-06 01:00:00+00:00,61.01,42.692173500456285
2025-08-06 02:00:00+00:00,60.35,44.82615099157269
2025-08-06 03:00:00+00:00,81.7,59.27448534854404
2025-08-06 04:00:00+00:00,103.77,96.27163899496554
2025-08-06 05:00:00+00:00,102.94,99.49908359709679
2025-08-06 06:00:00+00:00,83.94,81.16965221185473
2025-08-06 07:00:00+00:00,27.74,58.30472663688388
2025-08-06 08:00:00+00:00,-0.01,11.31105953160861
2025-08-06 09:00:00+00:00,-2.05,-3.2161899813779935
2025-08-06 10:00:00+00:00,-8.47,-11.464025291711305
2025-08-06 11:00:00+00:00,-11.79,-20.988494200408272
2025-08-06 12:00:00+00:00,-6.0,-22.320657036893458
2025-08-06 13:00:00+00:00,-3.11,-0.16078052366280357
2025-08-06 14:00:00+00:00,-1.01,5.452552260357693
2025-08-06 15:00:00+00:00,52.15,14.515408992719397
2025-08-06 16:00:00+00:00,97.19,79.76468030413874
2025-08-06 17:00:00+00:00,113.7,117.16359684349871
2025-08-06 18:00:00+00:00,170.16,132.0752407685079
2025-08-06 19:00:00+00:00,157.08,125.53144747493101
2025-08-06 20:00:00+00:00,110.0,130.16965157516483
2025-08-06 21:00:00+00:00,101.6,100.14575871896575
2025-08-06 22:00:00+00:00,97.58,94.61230874382201
2025-08-06 23:00:00+00:00,97.04,91.14259438225365
2025-08-07 00:00:00+00:00,91.44,94.44663881598619
2025-08-07 01:00:00+00:00,88.79,89.30219366289971
2025-08-07 02:00:00+00:00,88.93,88.13185373945903
2025-08-07 03:00:00+00:00,92.85,96.67413461453596
2025-08-07 04:00:00+00:00,107.46,113.51637841255427
2025-08-07 05:00:00+00:00,106.5,114.55216963598414
2025-08-07 06:00:00+00:00,100.48,90.50487957250378
2025-08-07 07:00:00+00:00,77.63,77.89824934887574
2025-08-07 08:00:00+00:00,22.23,47.64949792298678
2025-08-07 09:00:00+00:00,0.0,9.926930770509172
2025-08-07 10:00:00+00:00,-0.12,-2.438064378073026
2025-08-07 11:00:00+00:00,-1.99,-2.8909071684214105
2025-08-07 12:00:00+00:00,-0.29,-5.645427462208091
2025-08-07 13:00:00+00:00,-0.01,2.905730889195917
2025-08-07 14:00:00+00:00,2.0,6.9865050335058205
2025-08-07 15:00:00+00:00,65.59,35.01447657595297
2025-08-07 16:00:00+00:00,94.23,85.64824970231368
2025-08-07 17:00:00+00:00,111.95,120.98035800767322
2025-08-07 18:00:00+00:00,141.94,156.41051346216662
2025-08-07 19:00:00+00:00,127.5,123.82246321677505
2025-08-07 20:00:00+00:00,110.0,113.74369425773801
2025-08-07 21:00:00+00:00,101.28,100.29396344217767
2025-08-07 22:00:00+00:00,93.9,97.78884828921626
2025-08-07 23:00:00+00:00,89.49,89.85570396123751
2025-08-08 00:00:00+00:00,86.13,87.23984232805913
2025-08-08 01:00:00+00:00,82.66,84.77664007160212
2025-08-08 02:00:00+00:00,81.45,84.00625207224928
2025-08-08 03:00:00+00:00,91.14,90.93227625569357
2025-08-08 04:00:00+00:00,100.43,112.13168464967731
2025-08-08 05:00:00+00:00,103.05,111.17995117058943
2025-08-08 06:00:00+00:00,109.14,93.15087305064138
2025-08-08 07:00:00+00:00,89.9,85.05273895128234
2025-08-08 08:00:00+00:00,66.0,71.33903614410778
2025-08-08 09:00:00+00:00,8.39,36.96454380749666
2025-08-08 10:00:00+00:00,0.0,0.7444304908292619
2025-08-08 11:00:00+00:00,-0.01,-1.7292142240549209
2025-08-08 12:00:00+00:00,-0.02,-1.682249594497501
2025-08-08 13:00:00+00:00,-0.01,4.3463134599277575
2025-08-08 14:00:00+00:00,10.49,6.055107377761065
2025-08-08 15:00:00+00:00,71.74,52.91318701021903
2025-08-08 16:00:00+00:00,103.86,92.94347652540846
2025-08-08 17:00:00+00:00,113.97,125.42004772389814
2025-08-08 18:00:00+00:00,144.62,145.25174102016376
2025-08-08 19:00:00+00:00,151.51,122.08990060605329
2025-08-08 20:00:00+00:00,121.59,121.56485567155187
2025-08-08 21:00:00+00:00,108.46,108.27403180478113
2025-08-08 22:00:00+00:00,101.93,102.3322410998363
2025-08-08 23:00:00+00:00,100.43,99.21616236078597
2025-08-09 00:00:00+00:00,99.94,98.96160470805613
2025-08-09 01:00:00+00:00,97.8,97.57589362613913
2025-08-09 02:00:00+00:00,96.87,97.45141361923224
2025-08-09 03:00:00+00:00,97.01,100.1235414348623
2025-08-09 04:00:00+00:00,97.26,102.922132409311
2025-08-09 05:00:00+00:00,93.45,95.25572796451041
2025-08-09 06:00:00+00:00,70.19,84.3370925862783
2025-08-09 07:00:00+00:00,15.34,44.07405262414491
2025-08-09 08:00:00+00:00,-0.02,11.731849560267994
2025-08-09 09:00:00+00:00,-1.0,-2.5574009749395166
2025-08-09 10:00:00+00:00,-6.63,-7.961122738551264
2025-08-09 11:00:00+00:00,-15.14,-16.848347417660317
2025-08-09 12:00:00+00:00,-15.37,-27.324525708119424
2025-08-09 13:00:00+00:00,-4.1,-10.883129842912467
2025-08-09 14:00:00+00:00,-0.04,0.6987567483026783
2025-08-09 15:00:00+00:00,6.29,10.318872640170605
2025-08-09 16:00:00+00:00,85.9,41.45036389749783
2025-08-09 17:00:00+00:00,104.2,105.00607283210513
2025-08-09 18:00:00+00:00,127.62,117.05918242637316
2025-08-09 19:00:00+00:00,119.31,117.6234299086596
2025-08-09 20:00:00+00:00,107.89,109.12913560200066
2025-08-09 21:00:00+00:00,94.97,95.48991631845936
2025-08-09 22:00:00+00:00,84.79,84.50283237877036
2025-08-09 23:00:00+00:00,83.23,76.74039051171529
2025-08-10 00:00:00+00:00,83.1,79.311517941464
2025-08-10 01:00:00+00:00,77.95,80.32766810379198
2025-08-10 02:00:00+00:00,80.68,66.95785063485393
2025-08-10 03:00:00+00:00,83.69,82.02277132511543
2025-08-10 04:00:00+00:00,82.27,82.95991402457089
2025-08-10 05:00:00+00:00,74.7,75.53871952837699
2025-08-10 06:00:00+00:00,26.36,42.87971321109307
2025-08-10 07:00:00+00:00,-0.01,9.953968814693773
2025-08-10 08:00:00+00:00,-3.11,-3.104040246253421
2025-08-10 09:00:00+00:00,-15.6,-17.44722972118801
2025-08-10 10:00:00+00:00,-40.03,-31.030882585405053
2025-08-10 11:00:00+00:00,-61.08,-80.38408569590132
2025-08-10 12:00:00+00:00,-50.94,-79.08089202380955
2025-08-10 13:00:00+00:00,-22.12,-38.86247873348874
2025-08-10 14:00:00+00:00,-1.21,-8.239813645792914
2025-08-10 15:00:00+00:00,2.13,4.681845359476823
2025-08-10 16:00:00+00:00,82.64,49.039264867652406
2025-08-10 17:00:00+00:00,108.55,107.4940337840831
2025-08-10 18:00:00+00:00,118.95,130.8780175767332
2025-08-10 19:00:00+00:00,122.45,113.6221891093044
2025-08-10 20:00:00+00:00,106.98,108.46517827564541
2025-08-10 21:00:00+00:00,98.9,97.57167069483252
2025-08-10 22:00:00+00:00,99.82,92.68698417874806
2025-08-10 23:00:00+00:00,91.97,92.81224879785408
2025-08-11 00:00:00+00:00,87.44,89.08826442517584
2025-08-11 01:00:00+00:00,85.19,86.68981062937085
2025-08-11 02:00:00+00:00,92.85,84.89988118519813
2025-08-11 03:00:00+00:00,103.51,101.34002839041763
2025-08-11 04:00:00+00:00,129.22,121.4230730362598
2025-08-11 05:00:00+00:00,133.49,128.51351304501125
2025-08-11 06:00:00+00:00,105.35,109.57423771310798
2025-08-11 07:00:00+00:00,90.75,81.31942813384367
2025-08-11 08:00:00+00:00,50.0,72.43162658672952
2025-08-11 09:00:00+00:00,2.54,26.59749186251248
2025-08-11 10:00:00+00:00,0.0,0.8352608402073767
2025-08-11 11:00:00+00:00,0.0,-2.6297789803802814
2025-08-11 12:00:00+00:00,0.0,-1.7824423562021798
2025-08-11 13:00:00+00:00,9.0,5.680099717486096
2025-08-11 14:00:00+00:00,56.14,26.391132806197483
2025-08-11 15:00:00+00:00,92.25,78.33240992464962
2025-08-11 16:00:00+00:00,108.26,109.00372117029721
2025-08-11 17:00:00+00:00,154.0,131.36738545842036
2025-08-11 18:00:00+00:00,191.95,190.96835535458652
2025-08-11 19:00:00+00:00,138.88,154.88488014351412
2025-08-11 20:00:00+00:00,108.87,116.35784246511685
2025-08-11 21:00:00+00:00,96.0,99.26819734213665
2025-08-11 22:00:00+00:00,93.0,92.19109629169742
2025-08-11 23:00:00+00:00,89.67,91.08708843274451
2025-08-12 00:00:00+00:00,85.41,87.41284133437331
2025-08-12 01:00:00+00:00,85.13,84.67700802400208
2025-08-12 02:00:00+00:00,86.48,85.16823246637652
2025-08-12 03:00:00+00:00,93.97,94.71145502085983
2025-08-12 04:00:00+00:00,106.91,115.69340826640875
2025-08-12 05:00:00+00:00,104.63,127.72245810119975
2025-08-12 06:00:00+00:00,98.71,94.6364382104824
2025-08-12 07:00:00+00:00,92.49,80.27042958319144
2025-08-12 08:00:00+00:00,79.53,78.75685069748408
2025-08-12 09:00:00+00:00,40.41,60.14817942600742
2025-08-12 10:00:00+00:00,8.38,26.942014004126264
2025-08-12 11:00:00+00:00,3.0,1.4116592572810216
2025-08-12 12:00:00+00:00,5.15,1.1121065079188333
2025-08-12 13:00:00+00:00,35.05,25.718437432603636
2025-08-12 14:00:00+00:00,73.12,45.57660205746862
2025-08-12 15:00:00+00:00,94.06,88.47288514248675
2025-08-12 16:00:00+00:00,106.1,108.61540124316673
2025-08-12 17:00:00+00:00,149.31,135.9284115405696
2025-08-12 18:00:00+00:00,156.16,158.53004974071328
2025-08-12 19:00:00+00:00,140.4,133.92623822278446
2025-08-12 20:00:00+00:00,114.07,116.23528490472377
2025-08-12 21:00:00+00:00,97.73,101.14957762407181
2025-08-12 22:00:00+00:00,95.72,91.52343630398217
2025-08-12 23:00:00+00:00,90.0,90.63396984414793
2025-08-13 00:00:00+00:00,86.89,87.3905080358175
2025-08-13 01:00:00+00:00,84.71,86.15413796583307
2025-08-13 02:00:00+00:00,87.07,84.56232355041018
2025-08-13 03:00:00+00:00,93.3,92.8868468550935
2025-08-13 04:00:00+00:00,108.87,112.69427062080888
2025-08-13 05:00:00+00:00,107.52,120.4469983132677
2025-08-13 06:00:00+00:00,105.87,97.54937446506987
2025-08-13 07:00:00+00:00,93.6,89.31508434656955
2025-08-13 08:00:00+00:00,89.26,79.39076250828774
2025-08-13 09:00:00+00:00,68.2,74.73687445871336
2025-08-13 10:00:00+00:00,44.29,39.1309327149987
2025-08-13 11:00:00+00:00,27.89,29.208610437007486
2025-08-13 12:00:00+00:00,41.66,17.880094130160604
2025-08-13 13:00:00+00:00,70.9,42.73422745066682
2025-08-13 14:00:00+00:00,84.3,68.9959943427005
2025-08-13 15:00:00+00:00,96.64,96.41634877491663
2025-08-13 16:00:00+00:00,115.34,111.16774902802256
2025-08-13 17:00:00+00:00,193.3,158.29429430729496
2025-08-13 18:00:00+00:00,226.64,198.64397266173876
2025-08-13 19:00:00+00:00,154.52,163.3070278012979
2025-08-13 20:00:00+00:00,123.21,127.9709854392994
2025-08-13 21:00:00+00:00,106.27,110.86474222063951
2025-08-13 22:00:00+00:00,98.1,99.08298847672724
2025-08-13 23:00:00+00:00,92.0,94.43322831777269
2025-08-14 00:00:00+00:00,88.45,89.86673086937125
2025-08-14 01:00:00+00:00,88.2,87.20737489217058
2025-08-14 02:00:00+00:00,88.53,88.11722717479783
2025-08-14 03:00:00+00:00,97.52,95.38657023797407
2025-08-14 04:00:00+00:00,107.94,116.55900486237655
2025-08-14 05:00:00+00:00,109.92,122.7926632511787
2025-08-14 06:00:00+00:00,99.51,100.4578591413265
2025-08-14 07:00:00+00:00,91.1,87.16199303106355
2025-08-14 08:00:00+00:00,81.26,80.06969022550211
2025-08-14 09:00:00+00:00,67.57,66.68102077838677
2025-08-14 10:00:00+00:00,54.09,38.269631301787214
2025-08-14 11:00:00+00:00,41.02,33.85251018435076
2025-08-14 12:00:00+00:00,54.9,36.070372265322085
2025-08-14 13:00:00+00:00,69.43,52.73019186162661
2025-08-14 14:00:00+00:00,78.99,80.07916792110501
2025-08-14 15:00:00+00:00,97.22,96.23749462584595
2025-08-14 16:00:00+00:00,115.54,117.20731776350117
2025-08-14 17:00:00+00:00,233.8,167.20628528958915
2025-08-14 18:00:00+00:00,283.89,215.94580535540717
2025-08-14 19:00:00+00:00,155.84,220.67136848673854
2025-08-14 20:00:00+00:00,120.71,132.3801544655993
2025-08-14 21:00:00+00:00,105.95,109.53346734380234
2025-08-14 22:00:00+00:00,99.59,100.0405046344643
2025-08-14 23:00:00+00:00,98.97,95.79195092195258
2025-08-15 00:00:00+00:00,93.9,97.06428926833361
2025-08-15 01:00:00+00:00,90.33,93.03502138096442
2025-08-15 02:00:00+00:00,92.0,90.24282555017861
2025-08-15 03:00:00+00:00,96.91,99.08626407410574
2025-08-15 04:00:00+00:00,101.66,109.860388251054
2025-08-15 05:00:00+00:00,101.31,116.57877014406753
2025-08-15 06:00:00+00:00,96.6,100.41923302818032
2025-08-15 07:00:00+00:00,83.47,81.41517727344424
2025-08-15 08:00:00+00:00,43.9,66.31766010021103
2025-08-15 09:00:00+00:00,3.0,20.636335486479894
2025-08-15 10:00:00+00:00,0.08,0.526170232572522
2025-08-15 11:00:00+00:00,0.0,-2.4613662401508685
2025-08-15 12:00:00+00:00,0.0,-2.14949513346562
2025-08-15 13:00:00+00:00,1.72,5.6314678941691145
2025-08-15 14:00:00+00:00,27.66,21.12841262131972
2025-08-15 15:00:00+00:00,77.96,68.33483523809795
2025-08-15 16:00:00+00:00,105.89,109.36522199299439
2025-08-15 17:00:00+00:00,114.38,135.51975573037333
2025-08-15 18:00:00+00:00,124.01,138.8307396890099
2025-08-15 19:00:00+00:00,111.5,120.30231872589948
2025-08-15 20:00:00+00:00,105.94,105.27019820784932
2025-08-15 21:00:00+00:00,95.96,97.35072334565426
2025-08-15 22:00:00+00:00,96.11,92.15666267717558
2025-08-15 23:00:00+00:00,90.92,88.64320315910487
2025-08-16 00:00:00+00:00,89.78,87.93897706948697
2025-08-16 01:00:00+00:00,85.35,87.01229842987678
2025-08-16 02:00:00+00:00,84.05,84.11981608004038
2025-08-16 03:00:00+00:00,87.09,85.67861283534238
2025-08-16 04:00:00+00:00,91.01,87.67118075092625
2025-08-16 05:00:00+00:00,90.02,90.58163152153742
2025-08-16 06:00:00+00:00,80.99,84.07700396367085
2025-08-16 07:00:00+00:00,67.94,66.91681107605527
2025-08-16 08:00:00+00:00,25.12,36.18111225383615
2025-08-16 09:00:00+00:00,3.8,13.705340511997534
2025-08-16 10:00:00+00:00,0.17,0.6319887536596754
2025-08-16 11:00:00+00:00,-0.01,-2.275958922183801
2025-08-16 12:00:00+00:00,-0.01,-2.2644977192395315
2025-08-16 13:00:00+00:00,-0.01,3.879066788383932
2025-08-16 14:00:00+00:00,0.71,4.788359455879355
2025-08-16 15:00:00+00:00,16.21,12.649350125006178
2025-08-16 16:00:00+00:00,69.92,64.96028332604438
2025-08-16 17:00:00+00:00,95.0,85.91138616480664
2025-08-16 18:00:00+00:00,102.62,106.16822404546008
2025-08-16 19:00:00+00:00,100.61,97.14178520170591
2025-08-16 20:00:00+00:00,95.0,92.83071250984209
2025-08-16 21:00:00+00:00,90.0,86.7249069808886
2025-08-16 22:00:00+00:00,91.28,83.72714544248576
2025-08-16 23:00:00+00:00,85.34,83.46170021965416
2025-08-17 00:00:00+00:00,86.86,81.04153764578881
2025-08-17 01:00:00+00:00,86.63,84.06408015924117
2025-08-17 02:00:00+00:00,87.73,84.47239640924738
2025-08-17 03:00:00+00:00,89.93,87.84661229834578
2025-08-17 04:00:00+00:00,89.89,89.50880915559154
2025-08-17 05:00:00+00:00,81.03,87.38198331160585
2025-08-17 06:00:00+00:00,76.24,67.03631666283823
2025-08-17 07:00:00+00:00,32.59,49.417083058657006
2025-08-17 08:00:00+00:00,9.96,11.554213095901307
2025-08-17 09:00:00+00:00,0.1,4.240028531530694
2025-08-17 10:00:00+00:00,-0.2,-1.0580953084928115
2025-08-17 11:00:00+00:00,-0.93,-2.7782844347111326
2025-08-17 12:00:00+00:00,-1.25,-6.457654002334469
2025-08-17 13:00:00+00:00,0.65,0.2393566875322911
2025-08-17 14:00:00+00:00,13.81,7.856557013210885
2025-08-17 15:00:00+00:00,72.4,33.1805360336541
2025-08-17 16:00:00+00:00,96.69,92.39702048142017
2025-08-17 17:00:00+00:00,110.0,115.07025399352605
2025-08-17 18:00:00+00:00,110.66,122.45165568458089
2025-08-17 19:00:00+00:00,110.14,112.89073155595739
2025-08-17 20:00:00+00:00,105.1,103.58653369385638
2025-08-17 21:00:00+00:00,102.54,98.32983309959106
2025-08-17 22:00:00+00:00,91.99,99.9829454490988
2025-08-17 23:00:00+00:00,87.13,89.55872395461763
2025-08-18 00:00:00+00:00,84.33,85.88162678993149
2025-08-18 01:00:00+00:00,83.85,84.41140959429603
2025-08-18 02:00:00+00:00,89.46,85.27521911580101
2025-08-18 03:00:00+00:00,99.27,99.3729165507099
2025-08-18 04:00:00+00:00,118.51,122.63525204289556
2025-08-18 05:00:00+00:00,130.13,141.62209898571598
2025-08-18 06:00:00+00:00,109.87,108.60685001087673
2025-08-18 07:00:00+00:00,88.84,89.92392011728678
2025-08-18 08:00:00+00:00,72.06,68.93228092826628
2025-08-18 09:00:00+00:00,45.93,47.08947035149729
2025-08-18 10:00:00+00:00,20.04,27.21743887508474
2025-08-18 11:00:00+00:00,14.23,10.38987665099132
2025-08-18 12:00:00+00:00,18.34,10.318154810921888
2025-08-18 13:00:00+00:00,54.56,20.189680317018947
2025-08-18 14:00:00+00:00,70.94,47.61497526703899
2025-08-18 15:00:00+00:00,90.32,83.4275123312701
2025-08-18 16:00:00+00:00,109.87,108.17828082656844
2025-08-18 17:00:00+00:00,185.5,149.44911330596145
2025-08-18 18:00:00+00:00,197.42,187.094929827547
2025-08-18 19:00:00+00:00,124.67,156.7385296645232
2025-08-18 20:00:00+00:00,107.49,113.66719276066186
2025-08-18 21:00:00+00:00,102.0,100.70454687764516
2025-08-18 22:00:00+00:00,101.01,97.45329547933146
2025-08-18 23:00:00+00:00,94.82,96.72645912371186
2025-08-19 00:00:00+00:00,88.2,92.91985314566729
2025-08-19 01:00:00+00:00,86.37,87.14070909125107
2025-08-19 02:00:00+00:00,90.09,86.37814630038048
2025-08-19 03:00:00+00:00,102.5,99.54328392162643
2025-08-19 04:00:00+00:00,111.1,126.05696529705627
2025-08-19 05:00:00+00:00,109.95,131.2240915915648
2025-08-19 06:00:00+00:00,98.05,98.29990650322539
2025-08-19 07:00:00+00:00,88.57,80.19289957871251
2025-08-19 08:00:00+00:00,69.64,69.25049117471093
2025-08-19 09:00:00+00:00,43.23,41.984364519431104
2025-08-19 10:00:00+00:00,22.85,24.22459204030451
2025-08-19 11:00:00+00:00,8.97,10.265024554923048
2025-08-19 12:00:00+00:00,15.26,3.3199183536958032
2025-08-19 13:00:00+00:00,30.89,17.811488294686598
2025-08-19 14:00:00+00:00,60.6,30.955182420421075
2025-08-19 15:00:00+00:00,91.48,79.3668853921936
2025-08-19 16:00:00+00:00,101.91,109.80677088107814
2025-08-19 17:00:00+00:00,120.51,130.70398584031528
2025-08-19 18:00:00+00:00,128.62,150.5539554756973
2025-08-19 19:00:00+00:00,111.06,124.08470363084619
2025-08-19 20:00:00+00:00,104.41,105.48685036667855
2025-08-19 21:00:00+00:00,97.2,98.55179651978978
2025-08-19 22:00:00+00:00,97.7,94.60005348520987
2025-08-19 23:00:00+00:00,93.18,94.05751586289905
2025-08-20 00:00:00+00:00,87.64,91.35945164516728
2025-08-20 01:00:00+00:00,85.78,86.69886580949178
2025-08-20 02:00:00+00:00,89.66,85.43039093916643
2025-08-20 03:00:00+00:00,98.8,98.3063952605048
2025-08-20 04:00:00+00:00,108.84,115.67493795786815
2025-08-20 05:00:00+00:00,110.12,121.29161694541185
2025-08-20 06:00:00+00:00,103.91,100.56157785281265
2025-08-20 07:00:00+00:00,90.05,88.52569547803556
2025-08-20 08:00:00+00:00,80.98,76.19040922581723
2025-08-20 09:00:00+00:00,69.06,68.87207621328695
2025-08-20 10:00:00+00:00,49.07,47.07379445038679
2025-08-20 11:00:00+00:00,35.0,29.8536466227525
2025-08-20 12:00:00+00:00,42.03,24.774781925320013
2025-08-20 13:00:00+00:00,73.02,47.181615623804035
2025-08-20 14:00:00+00:00,81.45,79.41755925735401
2025-08-20 15:00:00+00:00,101.69,94.01193659827355
2025-08-20 16:00:00+00:00,109.16,111.95518909667707
2025-08-20 17:00:00+00:00,135.15,132.70583742085472
2025-08-20 18:00:00+00:00,126.11,150.37040653891953
2025-08-20 19:00:00+00:00,114.95,118.63290435537282
2025-08-20 20:00:00+00:00,103.49,104.41241248552758
2025-08-20 21:00:00+00:00,97.34,97.54852948545731
2025-08-20 22:00:00+00:00,96.11,93.7273961730816
2025-08-20 23:00:00+00:00,90.73,90.46528857217163
2025-08-21 00:00:00+00:00,87.52,88.9392671763982
2025-08-21 01:00:00+00:00,90.88,86.52610810121678
2025-08-21 02:00:00+00:00,92.37,90.62211344398582
2025-08-21 03:00:00+00:00,108.59,100.62271240911772
2025-08-21 04:00:00+00:00,115.6,121.64070379627412
2025-08-21 05:00:00+00:00,116.89,126.49092659811895
2025-08-21 06:00:00+00:00,107.79,107.78901594379023
2025-08-21 07:00:00+00:00,97.32,94.16391965705074
2025-08-21 08:00:00+00:00,85.85,79.16004688178256
2025-08-21 09:00:00+00:00,77.64,71.34144245768837
2025-08-21 10:00:00+00:00,69.49,58.541466245001786
2025-08-21 11:00:00+00:00,66.09,50.073061664610165
2025-08-21 12:00:00+00:00,56.26,45.096272252201814
2025-08-21 13:00:00+00:00,68.2,48.59017692326558
2025-08-21 14:00:00+00:00,72.39,49.46701019146284
2025-08-21 15:00:00+00:00,92.88,78.9879338954403
2025-08-21 16:00:00+00:00,103.2,99.06985608990315
2025-08-21 17:00:00+00:00,106.39,115.73782651416273
2025-08-21 18:00:00+00:00,110.73,118.58779901145199
2025-08-21 19:00:00+00:00,110.73,103.94998940707508
2025-08-21 20:00:00+00:00,105.0,99.56048341445342
2025-08-21 21:00:00+00:00,95.78,96.69097889603626
2025-08-21 22:00:00+00:00,89.27,90.27788281442868
2025-08-21 23:00:00+00:00,81.99,84.71397671841285
2025-08-22 00:00:00+00:00,78.59,79.72441056955786
2025-08-22 01:00:00+00:00,77.52,77.33500433265176
2025-08-22 02:00:00+00:00,77.65,77.14863795623363
2025-08-22 03:00:00+00:00,87.9,82.89798743471165
2025-08-22 04:00:00+00:00,105.76,100.03523733340437
2025-08-22 05:00:00+00:00,107.45,111.71483329975166
2025-08-22 06:00:00+00:00,102.32,100.86407620523653
2025-08-22 07:00:00+00:00,90.02,85.2278782020457
2025-08-22 08:00:00+00:00,72.44,74.17933208150129
2025-08-22 09:00:00+00:00,42.5,51.52133910416127
2025-08-22 10:00:00+00:00,14.07,25.51194937823957
2025-08-22 11:00:00+00:00,3.84,5.639312442570439
2025-08-22 12:00:00+00:00,0.02,0.9333541122999237
2025-08-22 13:00:00+00:00,4.01,4.757851934843166
2025-08-22 14:00:00+00:00,40.64,16.245299800923625
2025-08-22 15:00:00+00:00,73.14,60.76107339969193
2025-08-22 16:00:00+00:00,95.17,88.7264269376482
2025-08-22 17:00:00+00:00,106.07,110.20658999118501
2025-08-22 18:00:00+00:00,113.0,117.52712983949854
2025-08-22 19:00:00+00:00,107.63,104.21893152558714
2025-08-22 20:00:00+00:00,103.09,98.24963320616249
2025-08-22 21:00:00+00:00,94.37,94.92427175989934
2025-08-22 22:00:00+00:00,95.33,87.1096304810423
2025-08-22 23:00:00+00:00,89.32,86.67540186268721
2025-08-23 00:00:00+00:00,87.76,85.00068803275488
2025-08-23 01:00:00+00:00,85.21,84.17665115274006
2025-08-23 02:00:00+00:00,85.56,83.2675953523898
2025-08-23 03:00:00+00:00,85.6,85.8781837681949
2025-08-23 04:00:00+00:00,86.67,85.82092887451269
2025-08-23 05:00:00+00:00,86.78,85.00438022098146
2025-08-23 06:00:00+00:00,83.57,73.2874864091732
2025-08-23 07:00:00+00:00,62.9,65.58958042771447
2025-08-23 08:00:00+00:00,14.69,34.570883939393916
2025-08-23 09:00:00+00:00,3.29,4.064692804131839
2025-08-23 10:00:00+00:00,1.32,0.3092922630167669
2025-08-23 11:00:00+00:00,0.06,-0.3692841190339795
2025-08-23 12:00:00+00:00,0.07,-2.1550994668276373
2025-08-23 13:00:00+00:00,3.52,6.097514022542168
2025-08-23 14:00:00+00:00,12.1,15.982757098721226
2025-08-23 15:00:00+00:00,72.19,21.285584524459455
2025-08-23 16:00:00+00:00,100.31,85.73636604978873
2025-08-23 17:00:00+00:00,112.22,111.2215959820026
2025-08-23 18:00:00+00:00,123.67,117.58128655446485
2025-08-23 19:00:00+00:00,120.43,115.02577958214545
2025-08-23 20:00:00+00:00,111.16,107.63841248268527
2025-08-23 21:00:00+00:00,105.28,100.0879504610251
2025-08-23 22:00:00+00:00,100.5,96.27447329874575
2025-08-23 23:00:00+00:00,95.13,94.87134580606404
2025-08-24 00:00:00+00:00,94.41,91.15894840083685
2025-08-24 01:00:00+00:00,92.13,91.11775562493432
2025-08-24 02:00:00+00:00,91.2,91.02890808769553
2025-08-24 03:00:00+00:00,90.97,90.97268029548717
2025-08-24 04:00:00+00:00,90.0,90.57135310296607
2025-08-24 05:00:00+00:00,85.01,86.50628355308449
2025-08-24 06:00:00+00:00,72.84,68.21707142420595
2025-08-24 07:00:00+00:00,4.8,40.40288943767811
2025-08-24 08:00:00+00:00,-0.01,0.44823121795706183
2025-08-24 09:00:00+00:00,-0.07,-2.7827107870269363
2025-08-24 10:00:00+00:00,-1.98,-2.727187365622204
2025-08-24 11:00:00+00:00,-7.45,-8.850682346640344
2025-08-24 12:00:00+00:00,-7.4,-18.379399775108478
2025-08-24 13:00:00+00:00,-0.1,-3.824058695889929
2025-08-24 14:00:00+00:00,0.0,2.7554876378829865
2025-08-24 15:00:00+00:00,63.36,15.247396488048246
2025-08-24 16:00:00+00:00,99.81,81.52297711421447
2025-08-24 17:00:00+00:00,110.5,112.94223540358585
2025-08-24 18:00:00+00:00,117.31,123.41096080604557
2025-08-24 19:00:00+00:00,114.32,111.81071694089256
2025-08-24 20:00:00+00:00,107.5,103.99188968963401
2025-08-24 21:00:00+00:00,100.52,98.70966921485056
2025-08-24 22:00:00+00:00,95.28,95.9674894621306
2025-08-24 23:00:00+00:00,87.03,90.75020531085453
2025-08-25 00:00:00+00:00,84.02,85.74929450482932
2025-08-25 01:00:00+00:00,82.9,83.9571058177
2025-08-25 02:00:00+00:00,83.46,84.69419516852287
2025-08-25 03:00:00+00:00,102.46,93.01438479569877
2025-08-25 04:00:00+00:00,115.38,127.80438172046084
2025-08-25 05:00:00+00:00,125.0,137.01617150274325
2025-08-25 06:00:00+00:00,110.04,106.9439184251569
2025-08-25 07:00:00+00:00,91.97,88.97455068867677
2025-08-25 08:00:00+00:00,72.98,77.19826135582957
2025-08-25 09:00:00+00:00,35.02,43.801365287841826
2025-08-25 10:00:00+00:00,10.0,17.408348729776947
2025-08-25 11:00:00+00:00,5.93,3.9566435148537185
2025-08-25 12:00:00+00:00,6.78,1.7915151839055716
2025-08-25 13:00:00+00:00,25.2,28.188159103068312
2025-08-25 14:00:00+00:00,56.43,26.392379235357733
2025-08-25 15:00:00+00:00,86.67,77.45794839206248
2025-08-25 16:00:00+00:00,111.54,106.11527535019532
2025-08-25 17:00:00+00:00,159.03,153.5038688889951
2025-08-25 18:00:00+00:00,232.82,190.37381304934698
2025-08-25 19:00:00+00:00,138.04,164.82380948170078
2025-08-25 20:00:00+00:00,115.04,116.89168310346693
2025-08-25 21:00:00+00:00,105.15,106.19015500759733
2025-08-25 22:00:00+00:00,105.8,100.44512900802233
2025-08-25 23:00:00+00:00,100.44,101.00502431908743
2025-08-26 00:00:00+00:00,96.58,99.42103876374416
2025-08-26 01:00:00+00:00,94.79,94.74204474015545
2025-08-26 02:00:00+00:00,96.27,94.39904488537034
2025-08-26 03:00:00+00:00,106.6,104.31425532679272
2025-08-26 04:00:00+00:00,124.59,124.75428460698008
2025-08-26 05:00:00+00:00,123.45,133.59996082574852
2025-08-26 06:00:00+00:00,106.79,106.8126315723049
2025-08-26 07:00:00+00:00,90.0,88.18171882210282
2025-08-26 08:00:00+00:00,77.47,73.85078359643256
2025-08-26 09:00:00+00:00,61.6,53.14094705874771
2025-08-26 10:00:00+00:00,41.95,35.76179020392584
2025-08-26 11:00:00+00:00,26.28,27.568842267009664
2025-08-26 12:00:00+00:00,38.05,14.318203905046262
2025-08-26 13:00:00+00:00,72.39,33.6775477614375
2025-08-26 14:00:00+00:00,88.26,78.56281991849771
2025-08-26 15:00:00+00:00,105.05,102.80649708697584
2025-08-26 16:00:00+00:00,131.09,122.0461578631889
2025-08-26 17:00:00+00:00,196.88,166.2102719063745
2025-08-26 18:00:00+00:00,180.17,190.3208840319814
2025-08-26 19:00:00+00:00,123.3,148.40388914299703
2025-08-26 20:00:00+00:00,109.47,111.31101133134605
2025-08-26 21:00:00+00:00,97.67,98.98029818860525
2025-08-26 22:00:00+00:00,96.59,92.96421758039189
2025-08-26 23:00:00+00:00,89.98,91.10785661417144
2025-08-27 00:00:00+00:00,86.52,87.57847779391597
2025-08-27 01:00:00+00:00,87.25,84.46022575899875
2025-08-27 02:00:00+00:00,90.0,86.63300075817091
2025-08-27 03:00:00+00:00,97.73,94.28669639947555
2025-08-27 04:00:00+00:00,110.0,115.29053057258507
2025-08-27 05:00:00+00:00,115.19,124.7879439253368
2025-08-27 06:00:00+00:00,113.64,114.21455885308247
2025-08-27 07:00:00+00:00,101.63,99.62243836163087
2025-08-27 08:00:00+00:00,86.0,84.81586374813675
2025-08-27 09:00:00+00:00,79.29,73.45293996694804
2025-08-27 10:00:00+00:00,64.38,61.944439459752054
2025-08-27 11:00:00+00:00,50.68,43.66376687959067
2025-08-27 12:00:00+00:00,50.94,42.24838281226876
2025-08-27 13:00:00+00:00,76.18,52.45807690026961
2025-08-27 14:00:00+00:00,85.1,82.70866651779971
2025-08-27 15:00:00+00:00,104.94,99.79484569398572
2025-08-27 16:00:00+00:00,134.63,127.75701940557285
2025-08-27 17:00:00+00:00,222.07,179.12920014981174
2025-08-27 18:00:00+00:00,222.04,185.72476984166494
2025-08-27 19:00:00+00:00,128.87,162.6279480972924
2025-08-27 20:00:00+00:00,113.63,114.0302358131636
2025-08-27 21:00:00+00:00,103.57,104.08730808992703
2025-08-27 22:00:00+00:00,97.15,98.86520963489338
2025-08-27 23:00:00+00:00,91.92,92.04072891991123
2025-08-28 00:00:00+00:00,87.89,89.54978574355142
2025-08-28 01:00:00+00:00,87.09,86.89521657748541
2025-08-28 02:00:00+00:00,90.23,86.82616367911388
2025-08-28 03:00:00+00:00,98.72,100.677042941391
2025-08-28 04:00:00+00:00,121.63,117.51198255277332
2025-08-28 05:00:00+00:00,143.79,134.03589447414058
2025-08-28 06:00:00+00:00,143.95,150.96901550251476
2025-08-28 07:00:00+00:00,121.84,123.29269790446355
2025-08-28 08:00:00+00:00,112.27,107.15920282521738
2025-08-28 09:00:00+00:00,108.13,101.84376221635301
2025-08-28 10:00:00+00:00,100.89,99.60443754776504
2025-08-28 11:00:00+00:00,100.96,98.01603862292521
2025-08-28 12:00:00+00:00,100.89,100.99409549237667
2025-08-28 13:00:00+00:00,100.66,106.71313813247636
2025-08-28 14:00:00+00:00,96.1,112.04331479869583
2025-08-28 15:00:00+00:00,129.84,111.65683343375042
2025-08-28 16:00:00+00:00,160.85,151.4729473861069
2025-08-28 17:00:00+00:00,210.0,190.10008406130473
2025-08-28 18:00:00+00:00,153.16,189.8670223766467
2025-08-28 19:00:00+00:00,124.18,132.622357085426
2025-08-28 20:00:00+00:00,107.11,113.5186236443086
2025-08-28 21:00:00+00:00,92.15,102.52145859596254
2025-08-28 22:00:00+00:00,85.04,92.18219411369013
2025-08-28 23:00:00+00:00,83.27,83.33316948758959
2025-08-29 00:00:00+00:00,83.1,81.93081665364963
2025-08-29 01:00:00+00:00,81.59,83.02540336926945
2025-08-29 02:00:00+00:00,83.01,81.59567600265082
2025-08-29 03:00:00+00:00,91.0,88.41355912581956
2025-08-29 04:00:00+00:00,117.55,113.12537954465105
2025-08-29 05:00:00+00:00,121.39,136.30126308862395
2025-08-29 06:00:00+00:00,120.0,131.28318063084112
2025-08-29 07:00:00+00:00,110.36,108.76786466153598
2025-08-29 08:00:00+00:00,84.25,94.9229287140844
2025-08-29 09:00:00+00:00,78.08,72.6298360438798
2025-08-29 10:00:00+00:00,67.44,60.07092286164058
2025-08-29 11:00:00+00:00,53.96,41.92858454410887
2025-08-29 12:00:00+00:00,59.64,38.83979171683271
2025-08-29 13:00:00+00:00,73.06,48.0053225432613
2025-08-29 14:00:00+00:00,85.0,79.90439207037615
2025-08-29 15:00:00+00:00,104.82,98.70516616037855
2025-08-29 16:00:00+00:00,118.51,119.80357913115031
2025-08-29 17:00:00+00:00,147.68,137.9494753754669
2025-08-29 18:00:00+00:00,116.5,140.31272173456972
2025-08-29 19:00:00+00:00,111.96,108.05149325896164
2025-08-29 20:00:00+00:00,95.7,101.35866626879698
2025-08-29 21:00:00+00:00,86.07,90.26163653002419
2025-08-29 22:00:00+00:00,92.5,82.25782665308198
2025-08-29 23:00:00+00:00,86.56,88.25210675020716
2025-08-30 00:00:00+00:00,83.3,83.20481283163603
2025-08-30 01:00:00+00:00,81.51,82.39053446701442
2025-08-30 02:00:00+00:00,83.39,80.16590199591924
2025-08-30 03:00:00+00:00,87.72,85.23434865530082
2025-08-30 04:00:00+00:00,95.02,88.63109114237449
2025-08-30 05:00:00+00:00,98.09,94.73231806709013
2025-08-30 06:00:00+00:00,89.64,93.86567440535217
2025-08-30 07:00:00+00:00,78.6,76.79965326768955
2025-08-30 08:00:00+00:00,36.46,60.08770159849957
2025-08-30 09:00:00+00:00,5.23,14.736555577780061
2025-08-30 10:00:00+00:00,0.0,0.11251529340949029
2025-08-30 11:00:00+00:00,-0.01,-2.5106101827863223
2025-08-30 12:00:00+00:00,-0.01,-2.307517846249938
2025-08-30 13:00:00+00:00,-0.38,4.21417582812235
2025-08-30 14:00:00+00:00,9.48,4.001988252963316
2025-08-30 15:00:00+00:00,81.1,49.29836734206811
2025-08-30 16:00:00+00:00,103.9,103.86183222035807
2025-08-30 17:00:00+00:00,127.07,127.27690405045468
2025-08-30 18:00:00+00:00,129.98,134.5365311830242
2025-08-30 19:00:00+00:00,120.39,121.36668925883745
2025-08-30 20:00:00+00:00,104.94,108.35670650856926
2025-08-30 21:00:00+00:00,90.3,96.69977509286785
2025-08-30 22:00:00+00:00,88.74,87.07473292886641
2025-08-30 23:00:00+00:00,78.91,82.25918473524635
2025-08-31 00:00:00+00:00,70.53,69.34925405231292
2025-08-31 01:00:00+00:00,67.02,55.00688542394584
2025-08-31 02:00:00+00:00,63.79,43.88100438692595
2025-08-31 03:00:00+00:00,64.56,46.24550814791911
2025-08-31 04:00:00+00:00,65.0,55.756484354307446
2025-08-31 05:00:00+00:00,62.13,43.686293722180224
2025-08-31 06:00:00+00:00,22.3,36.198771510478586
2025-08-31 07:00:00+00:00,5.2,14.490317111544176
2025-08-31 08:00:00+00:00,-0.01,0.684418401267294
2025-08-31 09:00:00+00:00,-0.02,-2.6034496615940963
2025-08-31 10:00:00+00:00,-0.11,-2.7938691622263154
2025-08-31 11:00:00+00:00,-1.0,-3.1161061875093474
2025-08-31 12:00:00+00:00,-0.61,-5.641814229575072
2025-08-31 13:00:00+00:00,0.0,1.8740256872716545
2025-08-31 14:00:00+00:00,25.47,4.648000856046568
2025-08-31 15:00:00+00:00,79.74,65.71279847828474
2025-08-31 16:00:00+00:00,117.59,103.02522309507876
2025-08-31 17:00:00+00:00,135.1,132.26444762502823
2025-08-31 18:00:00+00:00,132.07,141.92370491040788
2025-08-31 19:00:00+00:00,114.15,118.7320562148986
2025-08-31 20:00:00+00:00,102.63,103.03175393742164
2025-08-31 21:00:00+00:00,89.76,96.32255507267006
2025-08-31 22:00:00+00:00,84.08,85.86181577757216
2025-08-31 23:00:00+00:00,81.43,81.00955009846193
2025-09-01 00:00:00+00:00,80.97,79.01446522807343
2025-09-01 01:00:00+00:00,80.03,80.0514480262751
2025-09-01 02:00:00+00:00,81.37,80.0318292794388
2025-09-01 03:00:00+00:00,92.58,88.37621251085153
2025-09-01 04:00:00+00:00,120.43,110.34859122527587
2025-09-01 05:00:00+00:00,125.67,126.28727726350645
2025-09-01 06:00:00+00:00,116.1,110.43769363347819
2025-09-01 07:00:00+00:00,98.19,102.00304768171678
2025-09-01 08:00:00+00:00,82.0,87.68577451211078
2025-09-01 09:00:00+00:00,69.4,74.40401917210012
2025-09-01 10:00:00+00:00,38.27,61.091606837712206
2025-09-01 11:00:00+00:00,25.03,37.43176338299984
2025-09-01 12:00:00+00:00,42.73,32.84317684386972
2025-09-01 13:00:00+00:00,67.76,54.191473750601105
2025-09-01 14:00:00+00:00,84.67,79.66777746308762
2025-09-01 15:00:00+00:00,109.7,99.31931995962752
2025-09-01 16:00:00+00:00,155.32,129.71856442235986
2025-09-01 17:00:00+00:00,250.65,191.91349737891883
2025-09-01 18:00:00+00:00,210.56,179.01541916666673
2025-09-01 19:00:00+00:00,125.2,145.82427853789622
2025-09-01 20:00:00+00:00,112.4,112.03282334817926
2025-09-01 21:00:00+00:00,100.53,103.37521016921478
2025-09-01 22:00:00+00:00,95.01,97.6913912435952
2025-09-01 23:00:00+00:00,90.11,92.20993551020257
2025-09-02 00:00:00+00:00,90.84,89.10485197321103
2025-09-02 01:00:00+00:00,92.5,89.94541674155151
2025-09-02 02:00:00+00:00,94.8,92.29486810076345
2025-09-02 03:00:00+00:00,106.85,102.78724963986433
2025-09-02 04:00:00+00:00,134.39,128.87127651692245
2025-09-02 05:00:00+00:00,153.67,158.50128948061794
2025-09-02 06:00:00+00:00,147.48,140.8861762589454
2025-09-02 07:00:00+00:00,121.05,118.81828297562615
2025-09-02 08:00:00+00:00,102.14,102.59272337093039
2025-09-02 09:00:00+00:00,84.66,92.15374109735436
2025-09-02 10:00:00+00:00,78.94,73.26006980417537
2025-09-02 11:00:00+00:00,79.73,66.5788812635528
2025-09-02 12:00:00+00:00,78.54,71.49868797125586
2025-09-02 13:00:00+00:00,84.37,74.9462590735574
2025-09-02 14:00:00+00:00,95.0,94.30026814033513
2025-09-02 15:00:00+00:00,108.97,103.82218900066746
2025-09-02 16:00:00+00:00,173.16,132.0644879776481
2025-09-02 17:00:00+00:00,311.51,205.15834314643268
2025-09-02 18:00:00+00:00,263.79,234.07884979225028
2025-09-02 19:00:00+00:00,140.92,194.9137280413835
2025-09-02 20:00:00+00:00,110.47,122.9452508644247
2025-09-02 21:00:00+00:00,91.21,100.89018741730355
2025-09-02 22:00:00+00:00,97.25,90.1476532955383
2025-09-02 23:00:00+00:00,90.74,91.33854849831539
2025-09-03 00:00:00+00:00,85.95,88.71278654511609
2025-09-03 01:00:00+00:00,81.72,84.11234521464928
2025-09-03 02:00:00+00:00,81.23,81.08074049000008
2025-09-03 03:00:00+00:00,86.97,85.96537055643859
2025-09-03 04:00:00+00:00,103.2,100.31943681781324
2025-09-03 05:00:00+00:00,112.34,109.61075534977778
2025-09-03 06:00:00+00:00,109.13,105.76809589089262
2025-09-03 07:00:00+00:00,85.3,84.94469271448683
2025-09-03 08:00:00+00:00,29.04,65.24103368895867
2025-09-03 09:00:00+00:00,0.03,9.509439241777303
2025-09-03 10:00:00+00:00,-0.1,-1.618764856185168
2025-09-03 11:00:00+00:00,-0.1,-2.0989672600013902
2025-09-03 12:00:00+00:00,-0.28,-2.032978951671893
2025-09-03 13:00:00+00:00,0.0,1.9622910632137445
2025-09-03 14:00:00+00:00,3.89,6.284604094273992
2025-09-03 15:00:00+00:00,63.46,23.521294524056625
2025-09-03 16:00:00+00:00,102.35,78.32560860940069
2025-09-03 17:00:00+00:00,110.92,120.04867311172771
2025-09-03 18:00:00+00:00,104.0,113.14218367059487
2025-09-03 19:00:00+00:00,94.17,95.21618056601328
2025-09-03 20:00:00+00:00,80.68,84.65311408919953
2025-09-03 21:00:00+00:00,54.25,66.73269406307985
2025-09-03 22:00:00+00:00,21.65,35.34944510069002
2025-09-03 23:00:00+00:00,17.7,23.218800686510217
2025-09-04 00:00:00+00:00,17.87,19.546779508467573
2025-09-04 01:00:00+00:00,30.02,22.76643229371655
2025-09-04 02:00:00+00:00,59.92,39.78235639032521
2025-09-04 03:00:00+00:00,83.89,64.39559247576759
2025-09-04 04:00:00+00:00,107.87,97.565177840051
2025-09-04 05:00:00+00:00,120.0,111.5737276095254
2025-09-04 06:00:00+00:00,108.09,109.96298499774832
2025-09-04 07:00:00+00:00,77.81,84.29595086169262
2025-09-04 08:00:00+00:00,41.45,49.208941474024556
2025-09-04 09:00:00+00:00,5.79,20.06244663944962
2025-09-04 10:00:00+00:00,3.2,0.9705850415267325
2025-09-04 11:00:00+00:00,3.36,0.4280617722454501
2025-09-04 12:00:00+00:00,34.89,1.5375349780172007
2025-09-04 13:00:00+00:00,71.0,42.19951404784743
2025-09-04 14:00:00+00:00,90.05,81.85765772847684
2025-09-04 15:00:00+00:00,109.13,112.3592374725178
2025-09-04 16:00:00+00:00,191.8,135.3482805804699
2025-09-04 17:00:00+00:00,350.0,240.18443749795898
2025-09-04 18:00:00+00:00,218.82,228.392085508381
2025-09-04 19:00:00+00:00,124.93,146.84475563725516
2025-09-04 20:00:00+00:00,112.14,111.41294369568355
2025-09-04 21:00:00+00:00,101.3,102.94900372721371
2025-09-04 22:00:00+00:00,95.25,95.3206195916364
2025-09-04 23:00:00+00:00,86.1,90.07784412341692
2025-09-05 00:00:00+00:00,85.26,83.82247797467508
2025-09-05 01:00:00+00:00,85.2,84.72455365843093
2025-09-05 02:00:00+00:00,85.6,85.1753444090039
2025-09-05 03:00:00+00:00,97.36,91.72388921557348
2025-09-05 04:00:00+00:00,119.16,117.01252390586833
2025-09-05 05:00:00+00:00,132.13,133.16634383052642
2025-09-05 06:00:00+00:00,125.75,134.4852240738317
2025-09-05 07:00:00+00:00,100.4,107.94749581657342
2025-09-05 08:00:00+00:00,87.83,89.34592329621202
2025-09-05 09:00:00+00:00,84.15,79.1627136711702
2025-09-05 10:00:00+00:00,78.25,73.64035605452823
2025-09-05 11:00:00+00:00,72.19,71.62782098633376
2025-09-05 12:00:00+00:00,70.17,70.31290507269955
2025-09-05 13:00:00+00:00,77.53,77.0761471517276
2025-09-05 14:00:00+00:00,85.0,87.13445796568404
2025-09-05 15:00:00+00:00,90.96,111.91949863764603
2025-09-05 16:00:00+00:00,108.95,122.06684088864071
2025-09-05 17:00:00+00:00,154.53,143.39349845364666
2025-09-05 18:00:00+00:00,150.75,153.48422259492946
2025-09-05 19:00:00+00:00,117.1,130.55710667211414
2025-09-05 20:00:00+00:00,107.71,108.2098066214346
2025-09-05 21:00:00+00:00,100.7,101.71688420778413
2025-09-05 22:00:00+00:00,101.21,98.06041092682445
2025-09-05 23:00:00+00:00,100.59,97.36163834319194
2025-09-06 00:00:00+00:00,99.57,99.39128023418618
2025-09-06 01:00:00+00:00,97.84,97.37056982785394
2025-09-06 02:00:00+00:00,96.96,97.41605863821425
2025-09-06 03:00:00+00:00,98.01,99.170180399437
2025-09-06 04:00:00+00:00,102.6,106.68083371580207
2025-09-06 05:00:00+00:00,100.91,112.31242705321546
2025-09-06 06:00:00+00:00,95.98,99.87835726513755
2025-09-06 07:00:00+00:00,79.11,82.34463739298515
2025-09-06 08:00:00+00:00,11.35,58.231993031495605
2025-09-06 09:00:00+00:00,0.0,5.0521185452286295
2025-09-06 10:00:00+00:00,-0.02,-2.1123520980675172
2025-09-06 11:00:00+00:00,-0.86,-2.4784749313819905
2025-09-06 12:00:00+00:00,-0.99,-4.942624357149879
2025-09-06 13:00:00+00:00,-0.01,1.2499501404324926
2025-09-06 14:00:00+00:00,40.99,7.015488416356603
2025-09-06 15:00:00+00:00,87.6,74.50159265270929
2025-09-06 16:00:00+00:00,116.47,107.454663272462
2025-09-06 17:00:00+00:00,158.39,136.89144448912836
2025-09-06 18:00:00+00:00,139.54,146.8410328018091
2025-09-06 19:00:00+00:00,109.95,121.96960189732168
2025-09-06 20:00:00+00:00,92.95,99.3075141629134
2025-09-06 21:00:00+00:00,82.56,87.00342800454169
2025-09-06 22:00:00+00:00,89.72,74.23367234782437
2025-09-06 23:00:00+00:00,85.02,78.17487236183355
2025-09-07 00:00:00+00:00,80.77,79.35725204859823
2025-09-07 01:00:00+00:00,83.4,75.36847458288544
2025-09-07 02:00:00+00:00,82.92,81.4223508651327
2025-09-07 03:00:00+00:00,82.67,81.3109357165283
2025-09-07 04:00:00+00:00,81.5,81.01958885678026
2025-09-07 05:00:00+00:00,55.48,77.35838185560748
2025-09-07 06:00:00+00:00,0.0,36.51687587108171
2025-09-07 07:00:00+00:00,-0.09,-1.4769304083659773
2025-09-07 08:00:00+00:00,-4.0,-2.80984644609268
2025-09-07 09:00:00+00:00,-20.09,-15.510967111802286
2025-09-07 10:00:00+00:00,-40.02,-40.99638322615435
2025-09-07 11:00:00+00:00,-53.4,-77.50683790619108
2025-09-07 12:00:00+00:00,-49.99,-85.48751253517322
2025-09-07 13:00:00+00:00,-21.21,-45.64288163891665
2025-09-07 14:00:00+00:00,-2.47,-9.118742777029324
2025-09-07 15:00:00+00:00,3.36,3.1176302862051193
2025-09-07 16:00:00+00:00,95.91,42.34831289277912
2025-09-07 17:00:00+00:00,108.3,109.24487888852667
2025-09-07 18:00:00+00:00,96.25,107.59978989809733
2025-09-07 19:00:00+00:00,86.02,86.89007988584238
2025-09-07 20:00:00+00:00,85.01,78.72684400693188
2025-09-07 21:00:00+00:00,86.06,76.99824382910613
2025-09-07 22:00:00+00:00,79.66,77.25583934345454
2025-09-07 23:00:00+00:00,85.74,70.55493409609285
2025-09-08 00:00:00+00:00,84.7,81.6138739949565
2025-09-08 01:00:00+00:00,82.27,82.9069613835949
2025-09-08 02:00:00+00:00,83.79,83.56929330701533
2025-09-08 03:00:00+00:00,95.6,89.97890746252975
2025-09-08 04:00:00+00:00,109.9,112.82497410930937
2025-09-08 05:00:00+00:00,148.14,123.8535626742366
2025-09-08 06:00:00+00:00,125.53,121.04122124673499
2025-09-08 07:00:00+00:00,102.05,104.45297975409765
2025-09-08 08:00:00+00:00,85.83,85.2911987762313
2025-09-08 09:00:00+00:00,76.14,74.55574004456894
2025-09-08 10:00:00+00:00,65.35,69.40376507790778
2025-09-08 11:00:00+00:00,60.84,57.482338386811364
2025-09-08 12:00:00+00:00,69.65,58.43205863574572
2025-09-08 13:00:00+00:00,78.46,76.15000136559583
2025-09-08 14:00:00+00:00,99.72,85.95877918287242
2025-09-08 15:00:00+00:00,124.28,116.15254470768076
2025-09-08 16:00:00+00:00,196.61,165.28687139273748
2025-09-08 17:00:00+00:00,413.66,254.0691504087
2025-09-08 18:00:00+00:00,308.52,365.8626244759598
2025-09-08 19:00:00+00:00,152.0,229.48517657646178
2025-09-08 20:00:00+00:00,123.93,127.92564015318548
2025-09-08 21:00:00+00:00,113.12,112.54183532982366
2025-09-08 22:00:00+00:00,114.52,106.89532412290836
2025-09-08 23:00:00+00:00,112.46,107.48727057383675
2025-09-09 00:00:00+00:00,110.35,108.33007315936604
2025-09-09 01:00:00+00:00,109.8,106.08276887627053
2025-09-09 02:00:00+00:00,110.86,107.10837068980055
2025-09-09 03:00:00+00:00,118.18,114.48922044272487
2025-09-09 04:00:00+00:00,182.39,149.64512543059328
2025-09-09 05:00:00+00:00,300.0,204.65135849604656
2025-09-09 06:00:00+00:00,196.98,305.530051177539
2025-09-09 07:00:00+00:00,127.59,160.74414009221255
2025-09-09 08:00:00+00:00,101.73,108.6453328928712
2025-09-09 09:00:00+00:00,99.25,95.32220563972501
2025-09-09 10:00:00+00:00,87.18,92.98212377958936
2025-09-09 11:00:00+00:00,85.69,80.61380649106243
2025-09-09 12:00:00+00:00,85.51,85.97720989289151
2025-09-09 13:00:00+00:00,92.49,93.1216967202595
2025-09-09 14:00:00+00:00,103.35,108.8421136578267
2025-09-09 15:00:00+00:00,127.41,123.6312366327631
2025-09-09 16:00:00+00:00,192.68,170.69566627182954
2025-09-09 17:00:00+00:00,386.4,264.52400309107657
2025-09-09 18:00:00+00:00,215.59,354.3640363496595
2025-09-09 19:00:00+00:00,133.37,159.74931063681052
2025-09-09 20:00:00+00:00,115.79,119.12414957813863
2025-09-09 21:00:00+00:00,109.3,107.69856464124491
2025-09-09 22:00:00+00:00,106.93,106.8097271834253
2025-09-09 23:00:00+00:00,107.29,103.73369110149626
2025-09-10 00:00:00+00:00,103.73,105.01967257726272
2025-09-10 01:00:00+00:00,104.81,104.21286801615759
2025-09-10 02:00:00+00:00,104.55,106.3507278562041
2025-09-10 03:00:00+00:00,114.28,116.93241365105249
2025-09-10 04:00:00+00:00,133.35,144.06865897277797
2025-09-10 05:00:00+00:00,223.39,185.17737157029282
2025-09-10 06:00:00+00:00,171.94,207.86473881606022
2025-09-10 07:00:00+00:00,129.46,139.1828337097757
2025-09-10 08:00:00+00:00,107.33,111.12139187472322
2025-09-10 09:00:00+00:00,102.39,100.08652048385906
2025-09-10 10:00:00+00:00,88.85,97.5080021118745
2025-09-10 11:00:00+00:00,86.09,83.55669166511703
2025-09-10 12:00:00+00:00,87.8,84.65604633005634
2025-09-10 13:00:00+00:00,90.8,91.78649694163327
2025-09-10 14:00:00+00:00,105.07,109.04905414107603
2025-09-10 15:00:00+00:00,127.78,124.81143139020263
2025-09-10 16:00:00+00:00,170.59,157.83706291633175
2025-09-10 17:00:00+00:00,275.19,206.12503526699243
2025-09-10 18:00:00+00:00,169.07,226.15108513072886
2025-09-10 19:00:00+00:00,122.94,142.91255870347948
2025-09-10 20:00:00+00:00,101.58,111.14914648141662
2025-09-10 21:00:00+00:00,87.63,96.19485261510206
2025-09-10 22:00:00+00:00,88.21,84.42931396149555
2025-09-10 23:00:00+00:00,85.0,84.6517124222294
2025-09-11 00:00:00+00:00,77.13,79.76240500112398
2025-09-11 01:00:00+00:00,70.67,75.03878963983816
2025-09-11 02:00:00+00:00,70.67,71.24603129077565
2025-09-11 03:00:00+00:00,79.05,78.17811315850376
2025-09-11 04:00:00+00:00,111.18,95.86892456292995
2025-09-11 05:00:00+00:00,125.33,121.29892878239497
2025-09-11 06:00:00+00:00,120.36,120.12184960233115
2025-09-11 07:00:00+00:00,102.05,104.62635486177619
2025-09-11 08:00:00+00:00,73.64,79.30067975461039
2025-09-11 09:00:00+00:00,8.23,32.34221444710909
2025-09-11 10:00:00+00:00,-0.01,0.992066008882389
2025-09-11 11:00:00+00:00,-0.07,-1.9172189807956923
2025-09-11 12:00:00+00:00,-0.72,-1.9084249048425774
2025-09-11 13:00:00+00:00,0.0,0.7141032317934923
2025-09-11 14:00:00+00:00,8.96,5.702803979867314
2025-09-11 15:00:00+00:00,75.82,45.06776446505005
2025-09-11 16:00:00+00:00,118.57,100.13537410960154
2025-09-11 17:00:00+00:00,132.86,130.74428509676736
2025-09-11 18:00:00+00:00,125.25,135.8975808816215
2025-09-11 19:00:00+00:00,111.45,113.78259605188494
2025-09-11 20:00:00+00:00,84.81,95.9268006495914
2025-09-11 21:00:00+00:00,63.89,77.26179392979776
2025-09-11 22:00:00+00:00,32.83,45.662249984836365
2025-09-11 23:00:00+00:00,33.23,32.30981015040439
2025-09-12 00:00:00+00:00,20.94,23.632003591270664
2025-09-12 01:00:00+00:00,16.35,20.45878586064141
2025-09-12 02:00:00+00:00,29.15,21.373066662414548
2025-09-12 03:00:00+00:00,51.84,43.4490308964352
2025-09-12 04:00:00+00:00,95.29,75.67462102345254
2025-09-12 05:00:00+00:00,105.73,103.67365895660627
2025-09-12 06:00:00+00:00,102.01,103.54555357751484
2025-09-12 07:00:00+00:00,48.07,81.40920106327465
2025-09-12 08:00:00+00:00,1.85,19.258429462631213
2025-09-12 09:00:00+00:00,-1.66,0.17074374197596537
2025-09-12 10:00:00+00:00,-5.11,-7.8315733771139415
2025-09-12 11:00:00+00:00,-8.66,-10.055390595144798
2025-09-12 12:00:00+00:00,-6.19,-19.364130726103586
2025-09-12 13:00:00+00:00,-4.0,-1.1459893630865736
2025-09-12 14:00:00+00:00,-0.01,4.648056248110316
2025-09-12 15:00:00+00:00,57.69,20.281923964067758
2025-09-12 16:00:00+00:00,108.71,89.86125948468933
2025-09-12 17:00:00+00:00,155.36,127.9593730627551
2025-09-12 18:00:00+00:00,152.24,146.37392917952076
2025-09-12 19:00:00+00:00,113.96,131.16905337979418
2025-09-12 20:00:00+00:00,102.85,102.7624607324844
2025-09-12 21:00:00+00:00,96.66,95.96731296600197
2025-09-12 22:00:00+00:00,85.89,83.95555814839086
2025-09-12 23:00:00+00:00,72.75,72.5017960552445
2025-09-13 00:00:00+00:00,72.45,54.10777576304778
2025-09-13 01:00:00+00:00,72.45,54.03015412954171
2025-09-13 02:00:00+00:00,69.79,57.09850577352075
2025-09-13 03:00:00+00:00,72.75,58.69780597248854
2025-09-13 04:00:00+00:00,74.71,61.506024576965544
2025-09-13 05:00:00+00:00,74.11,63.92943249001856
2025-09-13 06:00:00+00:00,72.45,56.04408002916781
2025-09-13 07:00:00+00:00,53.85,46.717135241722936
2025-09-13 08:00:00+00:00,14.3,27.898743740461494
2025-09-13 09:00:00+00:00,2.37,5.183954397158701
2025-09-13 10:00:00+00:00,0.0,-0.1045950629845992
2025-09-13 11:00:00+00:00,-0.01,-2.6428720790390225
2025-09-13 12:00:00+00:00,-0.01,-2.700471377249518
2025-09-13 13:00:00+00:00,-0.01,3.205312696395256
2025-09-13 14:00:00+00:00,3.88,3.743967150767686
2025-09-13 15:00:00+00:00,74.11,29.18379269993106
2025-09-13 16:00:00+00:00,108.1,88.76106824095281
2025-09-13 17:00:00+00:00,121.9,122.11267443057834
2025-09-13 18:00:00+00:00,118.77,118.14100139902894
2025-09-13 19:00:00+00:00,111.17,107.14352646364192
2025-09-13 20:00:00+00:00,100.0,99.90444448142647
2025-09-13 21:00:00+00:00,87.18,90.26698847385724
2025-09-13 22:00:00+00:00,85.69,82.0818036976058
2025-09-13 23:00:00+00:00,77.57,81.19622293628258
2025-09-14 00:00:00+00:00,80.61,71.13548935401818
2025-09-14 01:00:00+00:00,85.93,77.18589066453941
2025-09-14 02:00:00+00:00,93.77,84.00045292649365
2025-09-14 03:00:00+00:00,99.82,93.23396618613228
2025-09-14 04:00:00+00:00,100.75,97.94470771226719
2025-09-14 05:00:00+00:00,105.36,98.41885529606105
2025-09-14 06:00:00+00:00,108.48,95.94208379542746
2025-09-14 07:00:00+00:00,87.78,93.2933495987437
2025-09-14 08:00:00+00:00,61.68,64.33030383849187
2025-09-14 09:00:00+00:00,17.58,33.903063380872055
2025-09-14 10:00:00+00:00,6.52,8.66990199781165
2025-09-14 11:00:00+00:00,0.0,0.6049278106069876
2025-09-14 12:00:00+00:00,-0.01,-9.601635192317637
2025-09-14 13:00:00+00:00,0.0,3.971951692110729
2025-09-14 14:00:00+00:00,19.33,5.401763041980109
2025-09-14 15:00:00+00:00,98.2,47.25995441252733
2025-09-14 16:00:00+00:00,124.34,110.44222054090204
2025-09-14 17:00:00+00:00,153.29,132.4116418299914
2025-09-14 18:00:00+00:00,126.01,139.7969783093745
2025-09-14 19:00:00+00:00,97.37,112.43317695483503
2025-09-14 20:00:00+00:00,77.02,89.36628337996875
2025-09-14 21:00:00+00:00,14.27,55.56701836914905
2025-09-14 22:00:00+00:00,20.0,15.584024025797923
2025-09-14 23:00:00+00:00,3.87,14.159681780898644
2025-09-15 00:00:00+00:00,1.39,3.8725749825319906
2025-09-15 01:00:00+00:00,0.01,2.8190074256005255
2025-09-15 02:00:00+00:00,0.0,0.08691311093726056
2025-09-15 03:00:00+00:00,0.9,-0.0455616766389115
2025-09-15 04:00:00+00:00,20.27,7.614920752315678
2025-09-15 05:00:00+00:00,54.31,38.43322034957802
2025-09-15 06:00:00+00:00,40.4,42.31762518818483
2025-09-15 07:00:00+00:00,0.9,18.100059720763777
2025-09-15 08:00:00+00:00,-0.47,-0.7793839841003709
2025-09-15 09:00:00+00:00,-2.61,-4.43593647649597
2025-09-15 10:00:00+00:00,-8.0,-11.991117628851995
2025-09-15 11:00:00+00:00,-14.27,-20.796805780457536
2025-09-15 12:00:00+00:00,-13.7,-25.773983599017505
2025-09-15 13:00:00+00:00,-8.9,-9.312583193178593
2025-09-15 14:00:00+00:00,-5.24,-3.828238806873656
2025-09-15 15:00:00+00:00,-0.53,5.021372433318306
2025-09-15 16:00:00+00:00,14.01,25.043198805736655
2025-09-15 17:00:00+00:00,53.93,37.86494218954706
2025-09-15 18:00:00+00:00,47.37,54.04881377081103
2025-09-15 19:00:00+00:00,5.33,32.57448390093704
2025-09-15 20:00:00+00:00,2.91,6.950874494215945
2025-09-15 21:00:00+00:00,0.06,4.550342623794651
2025-09-15 22:00:00+00:00,-0.01,2.3576693718497874
2025-09-15 23:00:00+00:00,-0.09,1.3184913082900434
2025-09-16 00:00:00+00:00,-0.23,-0.2272402523038103
2025-09-16 01:00:00+00:00,-1.05,-0.4750551110500676
2025-09-16 02:00:00+00:00,-1.33,-2.1466608201545454
2025-09-16 03:00:00+00:00,-0.01,-1.9841279555244498
2025-09-16 04:00:00+00:00,2.32,1.8032424158469689
2025-09-16 05:00:00+00:00,16.21,16.077938352189232
2025-09-16 06:00:00+00:00,3.81,24.36305074895381
2025-09-16 07:00:00+00:00,-1.01,4.334779527452185
2025-09-16 08:00:00+00:00,-5.11,-9.014291711804676
2025-09-16 09:00:00+00:00,-10.38,-12.463465755965073
2025-09-16 10:00:00+00:00,-20.05,-23.257510306285486
2025-09-16 11:00:00+00:00,-18.03,-31.97052133236621
2025-09-16 12:00:00+00:00,-11.17,-28.71665902095308
2025-09-16 13:00:00+00:00,-9.99,-9.855021318019572
2025-09-16 14:00:00+00:00,-3.24,-5.42792415572611
2025-09-16 15:00:00+00:00,0.0,2.861228456817961
2025-09-16 16:00:00+00:00,72.64,34.53343725528684
2025-09-16 17:00:00+00:00,103.33,83.24441988459337
2025-09-16 18:00:00+00:00,112.97,100.75963805369682
2025-09-16 19:00:00+00:00,92.97,91.46501144652879
2025-09-16 20:00:00+00:00,80.55,66.00412994765666
2025-09-16 21:00:00+00:00,65.44,56.154995963621744
2025-09-16 22:00:00+00:00,70.8,43.72447180582906
2025-09-16 23:00:00+00:00,63.47,42.92721897371231
2025-09-17 00:00:00+00:00,50.95,46.01866598469185
2025-09-17 01:00:00+00:00,48.53,37.34454239360111
2025-09-17 02:00:00+00:00,60.01,35.34318755066658
2025-09-17 03:00:00+00:00,73.82,56.97746432026212
2025-09-17 04:00:00+00:00,98.85,84.21592766928507
2025-09-17 05:00:00+00:00,117.34,105.880277369056
2025-09-17 06:00:00+00:00,112.74,113.8973477773308
2025-09-17 07:00:00+00:00,95.14,88.8536517681165
2025-09-17 08:00:00+00:00,69.14,75.69521913679633
2025-09-17 09:00:00+00:00,41.38,39.830913870250015
2025-09-17 10:00:00+00:00,10.5,22.875038018344757
2025-09-17 11:00:00+00:00,7.88,8.706268842040924
2025-09-17 12:00:00+00:00,10.59,2.7398201033816725
2025-09-17 13:00:00+00:00,43.09,19.830209799091115
2025-09-17 14:00:00+00:00,81.17,59.25709176826779
2025-09-17 15:00:00+00:00,110.0,91.86203265351337
2025-09-17 16:00:00+00:00,123.31,117.28673471515106
2025-09-17 17:00:00+00:00,142.58,136.30831799134847
2025-09-17 18:00:00+00:00,123.52,136.385555799936
2025-09-17 19:00:00+00:00,94.2,106.29452564639661
2025-09-17 20:00:00+00:00,86.1,87.25194158314731
2025-09-17 21:00:00+00:00,73.07,73.3957680983014
2025-09-17 22:00:00+00:00,53.12,46.30439408214956
2025-09-17 23:00:00+00:00,48.29,30.322884820797675
2025-09-18 00:00:00+00:00,38.47,29.944982206754375
2025-09-18 01:00:00+00:00,37.96,26.912726753456923
2025-09-18 02:00:00+00:00,48.12,29.13491573345591
2025-09-18 03:00:00+00:00,74.15,47.094458461562354
2025-09-18 04:00:00+00:00,105.81,82.92721655899538
2025-09-18 05:00:00+00:00,117.21,106.54917336912322
2025-09-18 06:00:00+00:00,111.28,110.48730032669441
2025-09-18 07:00:00+00:00,90.8,87.57701713809539
2025-09-18 08:00:00+00:00,65.1,72.3074081602286
2025-09-18 09:00:00+00:00,5.89,34.75676387941005
2025-09-18 10:00:00+00:00,0.2,0.6708195576504817
2025-09-18 11:00:00+00:00,0.0,-2.837077853754936
2025-09-18 12:00:00+00:00,0.0,-3.1901715863344977
2025-09-18 13:00:00+00:00,0.52,4.780188814767579
2025-09-18 14:00:00+00:00,15.31,11.052531281705233
2025-09-18 15:00:00+00:00,89.79,47.24073952893793
2025-09-18 16:00:00+00:00,115.45,107.37481963632423
2025-09-18 17:00:00+00:00,134.23,127.27550364542459
2025-09-18 18:00:00+00:00,128.68,128.7078359652991
2025-09-18 19:00:00+00:00,110.0,108.12874867538773
2025-09-18 20:00:00+00:00,98.94,95.75597003306817
2025-09-18 21:00:00+00:00,88.2,88.28708464140844
2025-09-18 22:00:00+00:00,74.09,79.2894954910539
2025-09-18 23:00:00+00:00,72.47,67.21003051989142
2025-09-19 00:00:00+00:00,73.45,68.78685595218006
2025-09-19 01:00:00+00:00,73.7,72.51700260004439
2025-09-19 02:00:00+00:00,74.02,73.5206144306381
2025-09-19 03:00:00+00:00,89.59,79.8068591375786
2025-09-19 04:00:00+00:00,118.92,105.12220647134185
2025-09-19 05:00:00+00:00,143.42,127.85584694872001
2025-09-19 06:00:00+00:00,118.29,119.72609509949297
2025-09-19 07:00:00+00:00,95.18,95.97576463046374
2025-09-19 08:00:00+00:00,53.7,74.75425453823799
2025-09-19 09:00:00+00:00,13.03,25.813570921731596
2025-09-19 10:00:00+00:00,0.99,4.502606338781913
2025-09-19 11:00:00+00:00,0.0,-0.37909228401893524
2025-09-19 12:00:00+00:00,0.0,-2.23048109471202
2025-09-19 13:00:00+00:00,11.97,4.669732291821489
2025-09-19 14:00:00+00:00,74.46,27.11272162103407
2025-09-19 15:00:00+00:00,119.44,93.07459836557784
2025-09-19 16:00:00+00:00,255.21,142.8371813155412
2025-09-19 17:00:00+00:00,409.24,291.51533579666483
2025-09-19 18:00:00+00:00,167.59,350.39481257058253
2025-09-19 19:00:00+00:00,111.82,135.0317727891521
2025-09-19 20:00:00+00:00,86.04,99.21840589379528
2025-09-19 21:00:00+00:00,78.93,81.04487923171527
2025-09-19 22:00:00+00:00,87.24,67.60271830130327
2025-09-19 23:00:00+00:00,77.91,72.14138933236585
2025-09-20 00:00:00+00:00,74.99,54.48039357541828
2025-09-20 01:00:00+00:00,74.8,49.41170027293936
2025-09-20 02:00:00+00:00,74.79,49.81027704737558
2025-09-20 03:00:00+00:00,80.21,54.13652268772278
2025-09-20 04:00:00+00:00,88.51,81.09575073242755
2025-09-20 05:00:00+00:00,86.97,87.11540801594023
2025-09-20 06:00:00+00:00,75.29,69.22901803531522
2025-09-20 07:00:00+00:00,24.9,37.42045930174472
2025-09-20 08:00:00+00:00,3.02,12.331962642946737
2025-09-20 09:00:00+00:00,-0.28,0.07701347125752724
2025-09-20 10:00:00+00:00,-6.1,-4.591630508347283
2025-09-20 11:00:00+00:00,-10.86,-15.010898851500206
2025-09-20 12:00:00+00:00,-5.1,-23.455996205907198
2025-09-20 13:00:00+00:00,-0.04,-1.6424269327491439
2025-09-20 14:00:00+00:00,26.36,6.6553384187396105
2025-09-20 15:00:00+00:00,93.84,68.90370262153698
2025-09-20 16:00:00+00:00,124.58,115.42831619066783
2025-09-20 17:00:00+00:00,134.1,134.59786602836124
2025-09-20 18:00:00+00:00,99.08,130.31085037976396
2025-09-20 19:00:00+00:00,81.95,92.32318325570293
2025-09-20 20:00:00+00:00,74.5,74.02684967514575
2025-09-20 21:00:00+00:00,48.3,53.91920416135164
2025-09-20 22:00:00+00:00,8.07,26.75564954686181
2025-09-20 23:00:00+00:00,3.7,10.425412513005803
2025-09-21 00:00:00+00:00,3.46,3.016344524486068
2025-09-21 01:00:00+00:00,1.65,3.154418552966778
2025-09-21 02:00:00+00:00,2.08,2.5750831475039444
2025-09-21 03:00:00+00:00,3.23,4.036124861769317
2025-09-21 04:00:00+00:00,4.41,4.8986659433689566
2025-09-21 05:00:00+00:00,5.23,5.7228642904799765
2025-09-21 06:00:00+00:00,3.01,4.195856143452551
2025-09-21 07:00:00+00:00,1.31,2.902693574249098
2025-09-21 08:00:00+00:00,0.0,-0.8854307069872752
2025-09-21 09:00:00+00:00,-0.09,-3.901241482650539
2025-09-21 10:00:00+00:00,-1.2,-4.007888696774631
2025-09-21 11:00:00+00:00,-2.02,-6.9324747596219
2025-09-21 12:00:00+00:00,-1.31,-7.427769133529385
2025-09-21 13:00:00+00:00,-0.01,0.44013918874756713
2025-09-21 14:00:00+00:00,9.47,7.52532717162719
2025-09-21 15:00:00+00:00,85.18,54.66349328551919
2025-09-21 16:00:00+00:00,113.96,107.0912280237589
2025-09-21 17:00:00+00:00,120.57,123.56481435306151
2025-09-21 18:00:00+00:00,118.84,110.83784025023111
2025-09-21 19:00:00+00:00,104.68,102.94753777016103
2025-09-21 20:00:00+00:00,96.35,93.80903792502464
2025-09-21 21:00:00+00:00,91.68,89.62309057379818
2025-09-21 22:00:00+00:00,87.33,84.79026893718932
2025-09-21 23:00:00+00:00,83.57,77.95037384257175
2025-09-22 00:00:00+00:00,79.21,79.58812244354795
2025-09-22 01:00:00+00:00,79.21,74.5593409528093
2025-09-22 02:00:00+00:00,80.35,77.11406020297508
2025-09-22 03:00:00+00:00,93.59,86.80476823801638
2025-09-22 04:00:00+00:00,118.69,108.57773614030522
2025-09-22 05:00:00+00:00,130.0,124.57938191776529
2025-09-22 06:00:00+00:00,130.0,129.1191777644739
2025-09-22 07:00:00+00:00,108.57,117.1413563446728
2025-09-22 08:00:00+00:00,91.82,95.07833850648235
2025-09-22 09:00:00+00:00,77.86,81.1578985193638
2025-09-22 10:00:00+00:00,74.04,68.98577029001422
2025-09-22 11:00:00+00:00,71.17,67.98738694440065
2025-09-22 12:00:00+00:00,70.23,68.7115825700218
2025-09-22 13:00:00+00:00,78.39,76.25934876165556
2025-09-22 14:00:00+00:00,84.79,83.29184936796167
2025-09-22 15:00:00+00:00,100.13,96.03384240049009
2025-09-22 16:00:00+00:00,128.08,113.11130345728711
2025-09-22 17:00:00+00:00,140.92,131.29935637807588
2025-09-22 18:00:00+00:00,130.0,128.51710938585632
2025-09-22 19:00:00+00:00,114.24,112.05562902979953
2025-09-22 20:00:00+00:00,97.72,102.71646809693631
2025-09-22 21:00:00+00:00,89.99,91.73923318947145
2025-09-22 22:00:00+00:00,88.6,85.87762371181535
2025-09-22 23:00:00+00:00,90.0,83.44632131486162
2025-09-23 00:00:00+00:00,89.73,87.520087500012
2025-09-23 01:00:00+00:00,89.93,88.07306070624715
2025-09-23 02:00:00+00:00,91.34,89.155930307576
2025-09-23 03:00:00+00:00,98.11,97.06473390924795
2025-09-23 04:00:00+00:00,122.01,115.34959682846731
2025-09-23 05:00:00+00:00,172.36,141.87859778900017
2025-09-23 06:00:00+00:00,162.8,143.003263655341
2025-09-23 07:00:00+00:00,125.76,134.29841501174712
2025-09-23 08:00:00+00:00,93.92,103.67162422151151
2025-09-23 09:00:00+00:00,85.51,87.61306622399758
2025-09-23 10:00:00+00:00,77.54,78.5749237931453
2025-09-23 11:00:00+00:00,74.24,72.48009356798161
2025-09-23 12:00:00+00:00,74.25,72.3244606368856
2025-09-23 13:00:00+00:00,84.11,80.31257308142172
2025-09-23 14:00:00+00:00,85.76,92.57757734449888
2025-09-23 15:00:00+00:00,102.9,98.67923921836105
2025-09-23 16:00:00+00:00,136.83,128.36214262127612
2025-09-23 17:00:00+00:00,149.58,149.07459221121908
2025-09-23 18:00:00+00:00,115.81,136.28597621467316
2025-09-23 19:00:00+00:00,94.0,105.49373181649952
2025-09-23 20:00:00+00:00,84.91,89.71337234993435
2025-09-23 21:00:00+00:00,84.1,80.67247443504475
2025-09-23 22:00:00+00:00,82.67,80.1614066462018
2025-09-23 23:00:00+00:00,82.32,75.55669554848106
2025-09-24 00:00:00+00:00,81.61,81.67923860279319
2025-09-24 01:00:00+00:00,77.95,80.76073108575326
2025-09-24 02:00:00+00:00,78.59,75.33400241797206
2025-09-24 03:00:00+00:00,82.67,81.80655377893645
2025-09-24 04:00:00+00:00,109.76,94.53544049889818
2025-09-24 05:00:00+00:00,118.01,117.97227059059475
2025-09-24 06:00:00+00:00,120.45,121.09544661954507
2025-09-24 07:00:00+00:00,107.0,109.87256896362898
2025-09-24 08:00:00+00:00,85.54,90.51407999975194
2025-09-24 09:00:00+00:00,70.09,73.47051591377043
2025-09-24 10:00:00+00:00,27.1,57.9803350541254
2025-09-24 11:00:00+00:00,10.66,18.557496939578726
2025-09-24 12:00:00+00:00,9.9,14.8742344066751
2025-09-24 13:00:00+00:00,15.0,30.040194771106187
2025-09-24 14:00:00+00:00,66.1,43.60771221745565
2025-09-24 15:00:00+00:00,85.69,73.1837772704543
2025-09-24 16:00:00+00:00,113.08,97.94608890434546
2025-09-24 17:00:00+00:00,115.93,117.04390014565342
2025-09-24 18:00:00+00:00,113.95,103.94203511057927
2025-09-24 19:00:00+00:00,91.29,98.27551384184937
2025-09-24 20:00:00+00:00,85.5,80.91282315817895
2025-09-24 21:00:00+00:00,69.68,66.96151913809166
2025-09-24 22:00:00+00:00,73.3,51.4364249015277
2025-09-24 23:00:00+00:00,69.69,49.72021266626197
2025-09-25 00:00:00+00:00,67.81,50.8748536357377
2025-09-25 01:00:00+00:00,68.09,45.334601103691895
2025-09-25 02:00:00+00:00,71.69,47.98008092638046
2025-09-25 03:00:00+00:00,77.33,69.63045904081268
2025-09-25 04:00:00+00:00,108.55,83.65503209751911
2025-09-25 05:00:00+00:00,124.26,112.2861200148422
2025-09-25 06:00:00+00:00,124.99,120.68368170460484
2025-09-25 07:00:00+00:00,104.88,112.88188182483768
2025-09-25 08:00:00+00:00,77.95,91.92586598321368
2025-09-25 09:00:00+00:00,69.24,70.38255946334127
2025-09-25 10:00:00+00:00,38.18,61.666733062129495
2025-09-25 11:00:00+00:00,16.03,33.16493599184579
2025-09-25 12:00:00+00:00,20.1,16.961511439849758
2025-09-25 13:00:00+00:00,43.66,20.33221168320745
2025-09-25 14:00:00+00:00,75.0,57.32458527645054
2025-09-25 15:00:00+00:00,88.79,85.28594550259426
2025-09-25 16:00:00+00:00,117.04,99.71665139896827
2025-09-25 17:00:00+00:00,121.47,123.77695128087692
2025-09-25 18:00:00+00:00,123.75,112.26692962217253
2025-09-25 19:00:00+00:00,105.83,108.89031821372538
2025-09-25 20:00:00+00:00,94.77,95.98805261612648
2025-09-25 21:00:00+00:00,81.09,88.39219235804377
2025-09-25 22:00:00+00:00,78.48,74.43671514281813
2025-09-25 23:00:00+00:00,75.0,72.57443498664514
2025-09-26 00:00:00+00:00,73.17,73.27222477436266
2025-09-26 01:00:00+00:00,73.18,71.0555620202609
2025-09-26 02:00:00+00:00,74.93,72.74196300719636
2025-09-26 03:00:00+00:00,82.0,79.42334958008897
2025-09-26 04:00:00+00:00,107.74,98.69013201228785
2025-09-26 05:00:00+00:00,120.33,126.63193354918218
2025-09-26 06:00:00+00:00,123.56,127.3682030505564
2025-09-26 07:00:00+00:00,110.41,115.79128070751013
2025-09-26 08:00:00+00:00,89.84,97.43992159100576
2025-09-26 09:00:00+00:00,85.36,81.47168292233974
2025-09-26 10:00:00+00:00,78.96,77.54096832049423
2025-09-26 11:00:00+00:00,73.16,73.6163900373163
2025-09-26 12:00:00+00:00,75.05,71.99924961860314
2025-09-26 13:00:00+00:00,79.99,79.26818339001409
2025-09-26 14:00:00+00:00,98.81,85.59477985201882
2025-09-26 15:00:00+00:00,109.8,109.4008502711179
2025-09-26 16:00:00+00:00,123.65,123.61733819603056
2025-09-26 17:00:00+00:00,133.02,135.74510064905255
2025-09-26 18:00:00+00:00,119.61,136.18564925608263
2025-09-26 19:00:00+00:00,106.21,107.8863678121122
2025-09-26 20:00:00+00:00,96.9,97.85658158185471
2025-09-26 21:00:00+00:00,89.9,89.66618841479281
2025-09-26 22:00:00+00:00,84.99,85.46754603008085
2025-09-26 23:00:00+00:00,83.26,80.24062845333843
2025-09-27 00:00:00+00:00,82.7,82.03413946959344
2025-09-27 01:00:00+00:00,82.51,82.6561312522931
2025-09-27 02:00:00+00:00,85.28,83.28489901239026
2025-09-27 03:00:00+00:00,89.19,86.85098477742135
2025-09-27 04:00:00+00:00,90.57,90.582808199386
2025-09-27 05:00:00+00:00,105.45,93.23737166374272
2025-09-27 06:00:00+00:00,109.71,108.72148215843801
2025-09-27 07:00:00+00:00,96.92,102.35190319856605
2025-09-27 08:00:00+00:00,87.86,88.1610878255344
2025-09-27 09:00:00+00:00,75.0,78.23225429160219
2025-09-27 10:00:00+00:00,59.77,69.38392611490703
2025-09-27 11:00:00+00:00,36.11,52.4269471420679
2025-09-27 12:00:00+00:00,48.54,41.68735797968656
2025-09-27 13:00:00+00:00,78.22,51.518381624084874
2025-09-27 14:00:00+00:00,93.1,86.2088793835885
2025-09-27 15:00:00+00:00,112.01,106.24312123777264
2025-09-27 16:00:00+00:00,133.35,128.27084020118798
2025-09-27 17:00:00+00:00,148.61,146.7063214833724
2025-09-27 18:00:00+00:00,122.53,141.15226715439456
2025-09-27 19:00:00+00:00,114.4,109.66697160691788
2025-09-27 20:00:00+00:00,107.56,105.151187226987
2025-09-27 21:00:00+00:00,99.54,100.2048730738921
2025-09-27 22:00:00+00:00,97.56,93.50420266964122
2025-09-27 23:00:00+00:00,95.31,92.34483090363001
2025-09-28 00:00:00+00:00,94.32,92.94002548563869
2025-09-28 01:00:00+00:00,91.47,92.01413347391244
2025-09-28 02:00:00+00:00,97.77,90.51617249641544
2025-09-28 03:00:00+00:00,97.58,98.37205136611342
2025-09-28 04:00:00+00:00,100.91,99.72565497971365
2025-09-28 05:00:00+00:00,105.79,105.95100767914671
2025-09-28 06:00:00+00:00,98.77,104.25710780289204
2025-09-28 07:00:00+00:00,95.04,91.68910217632802
2025-09-28 08:00:00+00:00,82.08,83.34512950246346
2025-09-28 09:00:00+00:00,37.47,68.15914726648494
2025-09-28 10:00:00+00:00,17.11,27.248056041929182
2025-09-28 11:00:00+00:00,8.53,13.630255550253361
2025-09-28 12:00:00+00:00,13.0,4.736295291909559
2025-09-28 13:00:00+00:00,61.33,33.68041037044507
2025-09-28 14:00:00+00:00,86.0,77.34938022537246
2025-09-28 15:00:00+00:00,105.89,102.10394291140165
2025-09-28 16:00:00+00:00,131.02,132.75620011950542
2025-09-28 17:00:00+00:00,137.97,144.49434103662088
2025-09-28 18:00:00+00:00,125.93,129.68669700812512
2025-09-28 19:00:00+00:00,113.51,114.43162808929961
2025-09-28 20:00:00+00:00,102.29,104.36596255505084
2025-09-28 21:00:00+00:00,95.74,98.05975208971091
2025-09-28 22:00:00+00:00,90.95,90.99451632043804
2025-09-28 23:00:00+00:00,88.76,87.56336934557856
2025-09-29 00:00:00+00:00,87.88,87.01329840547521
2025-09-29 01:00:00+00:00,87.94,86.91255077341322
2025-09-29 02:00:00+00:00,88.31,87.46604445511416
2025-09-29 03:00:00+00:00,98.37,95.03441882986253
2025-09-29 04:00:00+00:00,134.98,121.19222189550257
2025-09-29 05:00:00+00:00,222.1,173.55080556473354
2025-09-29 06:00:00+00:00,166.91,211.98544796748135
2025-09-29 07:00:00+00:00,122.06,140.40909972745894
2025-09-29 08:00:00+00:00,90.21,103.13987417654842
2025-09-29 09:00:00+00:00,84.95,84.7996400362165
2025-09-29 10:00:00+00:00,78.71,76.37633716487908
2025-09-29 11:00:00+00:00,77.08,72.28300698549867
2025-09-29 12:00:00+00:00,83.33,75.62042515979432
2025-09-29 13:00:00+00:00,87.4,87.09880783729251
2025-09-29 14:00:00+00:00,99.98,98.15292325345801
2025-09-29 15:00:00+00:00,140.79,118.89375791101479
2025-09-29 16:00:00+00:00,302.65,170.9052631481437
2025-09-29 17:00:00+00:00,406.78,372.93999173577345
2025-09-29 18:00:00+00:00,167.6,344.5063117397968
2025-09-29 19:00:00+00:00,123.85,142.67353694337183
2025-09-29 20:00:00+00:00,108.3,113.19186000587594
2025-09-29 21:00:00+00:00,93.68,102.8866922626734
2025-09-29 22:00:00+00:00,101.1,91.48289610071319
2025-09-29 23:00:00+00:00,98.43,97.23572083069526
2025-09-30 00:00:00+00:00,98.93,97.02078363699498
2025-09-30 01:00:00+00:00,94.99,97.36736950230872
2025-09-30 02:00:00+00:00,99.12,95.02857117376719
2025-09-30 03:00:00+00:00,112.08,103.37356394004935
2025-09-30 04:00:00+00:00,141.86,140.0276816845556
2025-09-30 05:00:00+00:00,244.0,174.06002278516738
2025-09-30 06:00:00+00:00,209.23,248.35003946186654
2025-09-30 07:00:00+00:00,141.85,187.52687114885094
2025-09-30 08:00:00+00:00,115.2,120.03695498603463
2025-09-30 09:00:00+00:00,96.72,103.51208402683719
2025-09-30 10:00:00+00:00,87.91,91.26099084411786
2025-09-30 11:00:00+00:00,86.04,77.54594613679832
2025-09-30 12:00:00+00:00,87.26,84.27906116849867
2025-09-30 13:00:00+00:00,96.8,93.42809197581786
2025-09-30 14:00:00+00:00,104.03,109.54772914076013
2025-09-30 15:00:00+00:00,142.64,134.3493731601635
2025-09-30 16:00:00+00:00,294.54,177.79041735256436
2025-09-30 17:00:00+00:00,357.77,335.3615107481409
2025-09-30 18:00:00+00:00,147.28,243.66784620201997
2025-09-30 19:00:00+00:00,116.04,130.24026386593218
2025-09-30 20:00:00+00:00,101.63,109.8073831652935
2025-09-30 21:00:00+00:00,92.54,97.01205977519426
2025-09-30 22:00:00+00:00,91.565,92.30263059960721
2025-09-30 23:00:00+00:00,86.285,90.85046291751436
2025-10-01 00:00:00+00:00,84.8725,84.55060155663476
2025-10-01 01:00:00+00:00,88.325,83.8337630320451
2025-10-01 02:00:00+00:00,87.655,89.23019774424846
2025-10-01 03:00:00+00:00,95.3275,96.98348751853547
2025-10-01 04:00:00+00:00,124.96,122.00513788672455
2025-10-01 05:00:00+00:00,173.29999999999998,151.02801667635936
2025-10-01 06:00:00+00:00,139.0875,161.02896538979337
2025-10-01 07:00:00+00:00,105.25,122.88310513065862
2025-10-01 08:00:00+00:00,86.035,96.20954517776599
2025-10-01 09:00:00+00:00,70.5675,79.6581968909448
2025-10-01 10:00:00+00:00,66.025,65.51927826434554
2025-10-01 11:00:00+00:00,68.4,58.28743631833685
2025-10-01 12:00:00+00:00,72.6275,66.72566206750678
2025-10-01 13:00:00+00:00,81.7225,88.90611940213388
2025-10-01 14:00:00+00:00,92.87,112.40809878289316
2025-10-01 15:00:00+00:00,135.39999999999998,123.01575461918947
2025-10-01 16:00:00+00:00,253.2375,174.55691654137303
2025-10-01 17:00:00+00:00,339.9925,285.55461679404516
2025-10-01 18:00:00+00:00,152.0225,228.72416188903713
2025-10-01 19:00:00+00:00,113.035,130.09717825789275
2025-10-01 20:00:00+00:00,98.51,105.38857051832693
2025-10-01 21:00:00+00:00,90.6475,94.47825496434092
2025-10-01 22:00:00+00:00,90.805,87.95459233630415
2025-10-01 23:00:00+00:00,88.0,88.19268530475696
2025-10-02 00:00:00+00:00,86.52499999999999,87.11246272052205
2025-10-02 01:00:00+00:00,88.56,85.73045729271178
2025-10-02 02:00:00+00:00,90.8075,88.69732274147964
2025-10-02 03:00:00+00:00,95.9725,99.06695911206504
2025-10-02 04:00:00+00:00,128.72,118.7835351652067
2025-10-02 05:00:00+00:00,181.0875,144.99999255070495
2025-10-02 06:00:00+00:00,136.67749999999998,163.85411200081163
2025-10-02 07:00:00+00:00,100.505,121.60273700065082
2025-10-02 08:00:00+00:00,91.48,90.31806219019329
2025-10-02 09:00:00+00:00,78.285,83.39854183475627
2025-10-02 10:00:00+00:00,65.77,54.741445903529986
2025-10-02 11:00:00+00:00,60.5,48.87347043175551
2025-10-02 12:00:00+00:00,71.28999999999999,51.313031311697515
2025-10-02 13:00:00+00:00,80.6625,77.65498008626768
2025-10-02 14:00:00+00:00,91.445,107.71988323999685
2025-10-02 15:00:00+00:00,113.32,120.76549302166826
2025-10-02 16:00:00+00:00,167.925,148.96792060772887
2025-10-02 17:00:00+00:00,176.8375,191.498884197032
2025-10-02 18:00:00+00:00,109.92,155.73686028913326
2025-10-02 19:00:00+00:00,90.855,104.49909247635087
2025-10-02 20:00:00+00:00,96.6575,88.95417953255769
2025-10-02 21:00:00+00:00,82.0925,91.08449645601885
2025-10-02 22:00:00+00:00,85.9325,77.4103203959815
2025-10-02 23:00:00+00:00,77.14,83.03937032588958
2025-10-03 00:00:00+00:00,71.75,73.6948253993713
2025-10-03 01:00:00+00:00,73.9075,68.31316442978236
2025-10-03 02:00:00+00:00,76.2875,70.27524654347212
2025-10-03 03:00:00+00:00,77.98,78.8329535757539
2025-10-03 04:00:00+00:00,93.78,83.30763814157172
2025-10-03 05:00:00+00:00,100.4175,105.13554170818593
2025-10-03 06:00:00+00:00,103.68,96.88943623850655
2025-10-03 07:00:00+00:00,83.9025,84.91148577232408
2025-10-03 08:00:00+00:00,59.9975,65.45016916476926
2025-10-03 09:00:00+00:00,40.5025,37.63617118167659
2025-10-03 10:00:00+00:00,26.3525,20.798824507231576
2025-10-03 11:00:00+00:00,16.502499999999998,11.00405321174449
2025-10-03 12:00:00+00:00,26.2025,11.847705322621914
2025-10-03 13:00:00+00:00,49.8825,18.485499640866006
2025-10-03 14:00:00+00:00,63.3925,34.44437350316898
2025-10-03 15:00:00+00:00,89.9,70.04397516589972
2025-10-03 16:00:00+00:00,120.76,103.95084956717757
2025-10-03 17:00:00+00:00,109.01,125.47805209218606
2025-10-03 18:00:00+00:00,75.03999999999999,101.94813483946642
2025-10-03 19:00:00+00:00,43.4425,61.323512385860894
2025-10-03 20:00:00+00:00,25.4025,26.861972479056227
2025-10-03 21:00:00+00:00,11.1075,17.58243915215238
2025-10-03 22:00:00+00:00,0.7250000000000001,12.05393236539642
2025-10-03 23:00:00+00:00,-0.01,2.151081270716988
2025-10-04 00:00:00+00:00,-0.0425,-0.042831827659560374
2025-10-04 01:00:00+00:00,-0.0975,-0.10922001289607451
2025-10-04 02:00:00+00:00,-1.1275,-0.5181282013620059
2025-10-04 03:00:00+00:00,-1.905,-2.486322180231747
2025-10-04 04:00:00+00:00,-1.915,-4.140240811136752
2025-10-04 05:00:00+00:00,-0.775,-4.154423581278357
2025-10-04 06:00:00+00:00,-0.3,-1.778973842682538
2025-10-04 07:00:00+00:00,-0.1625,2.0755843436584356
2025-10-04 08:00:00+00:00,-0.09,-0.061028448554179625
2025-10-04 09:00:00+00:00,-0.0975,-0.8180827496541897
2025-10-04 10:00:00+00:00,-0.08,-1.9049156376286889
2025-10-04 11:00:00+00:00,-0.44,-2.052606285565496
2025-10-04 12:00:00+00:00,-2.045,-1.9337550852227965
2025-10-04 13:00:00+00:00,-2.605,3.4269880908109367
2025-10-04 14:00:00+00:00,-0.095,4.663307786616286
2025-10-04 15:00:00+00:00,-0.0925,7.674741882149237
2025-10-04 16:00:00+00:00,1.105,9.647964226131625
2025-10-04 17:00:00+00:00,3.23,10.477292709464066
2025-10-04 18:00:00+00:00,0.3225,8.16513205804266
2025-10-04 19:00:00+00:00,-0.0949999999999999,3.5848376325516416
2025-10-04 20:00:00+00:00,-0.0525,1.6098836970826103
2025-10-04 21:00:00+00:00,-0.3425,1.6294077704712928
2025-10-04 22:00:00+00:00,-0.7475,1.6139983172505776
2025-10-04 23:00:00+00:00,-1.4025,0.7829289189264668
2025-10-05 00:00:00+00:00,-4.19,-2.8546184806383788
2025-10-05 01:00:00+00:00,-4.3775,-8.316609107504673
2025-10-05 02:00:00+00:00,-4.98,-8.092506864240233
2025-10-05 03:00:00+00:00,-4.4575,-8.035143212257502
2025-10-05 04:00:00+00:00,-3.76,-7.7644054666100875
2025-10-05 05:00:00+00:00,-1.505,-7.39791234036142
2025-10-05 06:00:00+00:00,-0.0875,-2.606231007596879
2025-10-05 07:00:00+00:00,-1.3925,-0.3913142763868825
2025-10-05 08:00:00+00:00,-3.33,-4.315250266435248
2025-10-05 09:00:00+00:00,-2.0175,-8.683824870648722
2025-10-05 10:00:00+00:00,-3.415,-8.55524608104476
2025-10-05 11:00:00+00:00,-3.3875,-10.01156584496168
2025-10-05 12:00:00+00:00,-2.9425,-9.306286349166284
2025-10-05 13:00:00+00:00,-2.3925,1.4933991996028728
2025-10-05 14:00:00+00:00,-0.6875,3.722274919892306
2025-10-05 15:00:00+00:00,0.8525,6.480611013953095
2025-10-05 16:00:00+00:00,16.0825,8.877003766310905
2025-10-05 17:00:00+00:00,35.0475,29.910210544849857
2025-10-05 18:00:00+00:00,19.83,27.36637379782335
2025-10-05 19:00:00+00:00,5.4775,21.811541184246806
2025-10-05 20:00:00+00:00,5.202500000000001,6.409026342466221
2025-10-05 21:00:00+00:00,4.075,7.155078224378271
2025-10-05 22:00:00+00:00,20.845,4.2168436018846025
2025-10-05 23:00:00+00:00,10.0475,12.552518836252402
2025-10-06 00:00:00+00:00,9.1025,9.532633476699278
2025-10-06 01:00:00+00:00,10.7325,7.390122124552805
2025-10-06 02:00:00+00:00,16.8,10.019610633276965
2025-10-06 03:00:00+00:00,22.6025,18.946827237076167
2025-10-06 04:00:00+00:00,68.585,39.18871330946875
2025-10-06 05:00:00+00:00,105.0525,86.98248828189324
2025-10-06 06:00:00+00:00,121.7675,106.86401088424249
2025-10-06 07:00:00+00:00,121.1175,115.94673768050325
2025-10-06 08:00:00+00:00,100.5275,112.60874715183314
2025-10-06 09:00:00+00:00,89.3025,90.72943722758043
2025-10-06 10:00:00+00:00,87.325,84.39350178528383
2025-10-06 11:00:00+00:00,84.5975,80.16331098641965
2025-10-06 12:00:00+00:00,92.3275,81.81169064066084
2025-10-06 13:00:00+00:00,94.5475,95.75697794019243
2025-10-06 14:00:00+00:00,104.7725,107.43454893089238
2025-10-06 15:00:00+00:00,120.29,124.84326656910662
2025-10-06 16:00:00+00:00,141.5875,149.11120434210838
2025-10-06 17:00:00+00:00,168.315,165.44295169964823
2025-10-06 18:00:00+00:00,133.6775,143.16233444883616
2025-10-06 19:00:00+00:00,120.2025,112.91918608843987
2025-10-06 20:00:00+00:00,118.665,108.25512701765899
2025-10-06 21:00:00+00:00,105.5,107.5246993431431
2025-10-06 22:00:00+00:00,100.2625,97.73008673020479
2025-10-06 23:00:00+00:00,93.9875,95.31953136734336
2025-10-07 00:00:00+00:00,89.8175,93.07000757499523
2025-10-07 01:00:00+00:00,89.55,89.33832268319011
2025-10-07 02:00:00+00:00,92.975,91.81177601367682
2025-10-07 03:00:00+00:00,96.74,102.06295914270055
2025-10-07 04:00:00+00:00,134.885,114.80116300906064
2025-10-07 05:00:00+00:00,228.555,176.2876559012644
2025-10-07 06:00:00+00:00,287.67,249.25411799121878
2025-10-07 07:00:00+00:00,212.1825,293.0327359716906
2025-10-07 08:00:00+00:00,154.66,193.99486234336487
2025-10-07 09:00:00+00:00,129.9075,131.50030892322036
2025-10-07 10:00:00+00:00,110.94,115.73428639671558
2025-10-07 11:00:00+00:00,106.1825,101.8555315936409
2025-10-07 12:00:00+00:00,105.3525,109.25843242870496
2025-10-07 13:00:00+00:00,113.16,114.3121210415897
2025-10-07 14:00:00+00:00,122.105,123.12009496460459
2025-10-07 15:00:00+00:00,151.84,152.67881016870473
2025-10-07 16:00:00+00:00,202.4175,180.74554173901694
2025-10-07 17:00:00+00:00,213.28,228.5556686264148
2025-10-07 18:00:00+00:00,146.34,186.8773870764811
2025-10-07 19:00:00+00:00,123.2425,122.78847488965138
2025-10-07 20:00:00+00:00,107.4225,113.5280354124791
2025-10-07 21:00:00+00:00,97.4825,101.3527503771646
2025-10-07 22:00:00+00:00,93.4525,95.91034769737644
2025-10-07 23:00:00+00:00,88.4375,91.46259319307633
2025-10-08 00:00:00+00:00,87.56,87.42367939677902
2025-10-08 01:00:00+00:00,86.975,86.81763103163509
2025-10-08 02:00:00+00:00,89.6725,86.9737486863752
2025-10-08 03:00:00+00:00,97.395,99.71605440925556
2025-10-08 04:00:00+00:00,117.1075,119.61340530971627
2025-10-08 05:00:00+00:00,155.58,158.92810141615473
2025-10-08 06:00:00+00:00,166.395,180.5145904734618
2025-10-08 07:00:00+00:00,135.17499999999998,159.76433298515343
2025-10-08 08:00:00+00:00,118.445,123.57592638271312
2025-10-08 09:00:00+00:00,103.325,115.99908077414948
2025-10-08 10:00:00+00:00,90.8225,100.1571954890815
2025-10-08 11:00:00+00:00,89.33500000000001,91.68318931966992
2025-10-08 12:00:00+00:00,90.4425,93.6930660027936
2025-10-08 13:00:00+00:00,99.4275,100.39589457792044
2025-10-08 14:00:00+00:00,117.465,116.74243212376743
2025-10-08 15:00:00+00:00,149.48000000000002,152.40123789424243
2025-10-08 16:00:00+00:00,183.8075,179.49959390563876
2025-10-08 17:00:00+00:00,199.0025,215.71871663015082
2025-10-08 18:00:00+00:00,141.695,173.35843907917442
2025-10-08 19:00:00+00:00,114.74,126.21844733630645
2025-10-08 20:00:00+00:00,108.24,106.26148760832368
2025-10-08 21:00:00+00:00,97.8325,101.60294300253805
2025-10-08 22:00:00+00:00,97.215,95.01285913711861
2025-10-08 23:00:00+00:00,92.5825,92.32644629064043
2025-10-09 00:00:00+00:00,93.2625,91.22615371096735
2025-10-09 01:00:00+00:00,90.8175,92.97618213387254
2025-10-09 02:00:00+00:00,92.7,90.84724539324984
2025-10-09 03:00:00+00:00,101.1525,100.13675705384424
2025-10-09 04:00:00+00:00,125.58,126.79510029667394
2025-10-09 05:00:00+00:00,145.0,154.48986508192368
2025-10-09 06:00:00+00:00,149.9,160.8679912510651
2025-10-09 07:00:00+00:00,132.4875,139.52842427647124
2025-10-09 08:00:00+00:00,109.6875,117.912453919073
2025-10-09 09:00:00+00:00,96.9625,100.44873538923787
2025-10-09 10:00:00+00:00,91.0225,91.44180888759365
2025-10-09 11:00:00+00:00,83.3525,87.20501452589369
2025-10-09 12:00:00+00:00,83.2,83.57249078702381
2025-10-09 13:00:00+00:00,88.8275,89.33009313859571
2025-10-09 14:00:00+00:00,92.075,101.57478476293248
2025-10-09 15:00:00+00:00,110.01,115.6483033296529
2025-10-09 16:00:00+00:00,122.9075,131.65687508633377
2025-10-09 17:00:00+00:00,123.1125,133.6954815597832
2025-10-09 18:00:00+00:00,112.3625,124.11337218368617
2025-10-09 19:00:00+00:00,98.0925,103.32327081397261
2025-10-09 20:00:00+00:00,96.8325,95.01104550414505
2025-10-09 21:00:00+00:00,88.7,92.07427514761461
2025-10-09 22:00:00+00:00,88.01,83.0230361210808
2025-10-09 23:00:00+00:00,84.9675,82.14192839184012
2025-10-10 00:00:00+00:00,80.0875,81.34794485851356
2025-10-10 01:00:00+00:00,78.285,78.99677953979437
2025-10-10 02:00:00+00:00,79.21000000000001,76.35167695643591
2025-10-10 03:00:00+00:00,86.0725,84.89974409654683
2025-10-10 04:00:00+00:00,102.6375,96.34673566701674
2025-10-10 05:00:00+00:00,119.325,118.31381947566024
2025-10-10 06:00:00+00:00,122.6125,129.2928279623904
2025-10-10 07:00:00+00:00,107.765,124.66794641746318
2025-10-10 08:00:00+00:00,93.0075,101.07494485810552
2025-10-10 09:00:00+00:00,82.1175,88.13035979892578
2025-10-10 10:00:00+00:00,77.5325,78.35172334130465
2025-10-10 11:00:00+00:00,75.69,72.67166285987423
2025-10-10 12:00:00+00:00,77.2575,74.71214009827776
2025-10-10 13:00:00+00:00,88.89500000000001,81.11601916579194
2025-10-10 14:00:00+00:00,97.8575,94.6178819694914
2025-10-10 15:00:00+00:00,118.2,105.86315071006072
2025-10-10 16:00:00+00:00,120.605,128.00295782977898
2025-10-10 17:00:00+00:00,123.29,127.27577547272581
2025-10-10 18:00:00+00:00,115.39,118.49203685989706
2025-10-10 19:00:00+00:00,103.915,104.3723673323358
2025-10-10 20:00:00+00:00,97.7375,96.88577405637639
2025-10-10 21:00:00+00:00,93.35,91.44103715795072
2025-10-10 22:00:00+00:00,92.9675,89.54001776700068
2025-10-10 23:00:00+00:00,88.83500000000001,88.42067581672069
2025-10-11 00:00:00+00:00,87.3875,86.18723621101128
2025-10-11 01:00:00+00:00,84.175,85.99548659752983
2025-10-11 02:00:00+00:00,82.0275,83.61247446551593
2025-10-11 03:00:00+00:00,84.755,84.81642723498331
2025-10-11 04:00:00+00:00,90.265,86.74427842607598
2025-10-11 05:00:00+00:00,96.7525,92.86715666734453
2025-10-11 06:00:00+00:00,100.4,98.10316862121759
2025-10-11 07:00:00+00:00,92.96,98.76709113057309
2025-10-11 08:00:00+00:00,82.4325,87.39048700116032
2025-10-11 09:00:00+00:00,74.02,75.50639854230892
2025-10-11 10:00:00+00:00,55.4175,68.48671066850507
2025-10-11 11:00:00+00:00,46.7725,49.13312851632227
2025-10-11 12:00:00+00:00,51.03,45.098923767742136
2025-10-11 13:00:00+00:00,76.9425,55.76694181379734
2025-10-11 14:00:00+00:00,83.65,84.40964050779941
2025-10-11 15:00:00+00:00,114.005,95.99232361753951
2025-10-11 16:00:00+00:00,126.4375,126.95008975746326
2025-10-11 17:00:00+00:00,130.1725,136.69295886174973
2025-10-11 18:00:00+00:00,120.635,131.84858941812504
2025-10-11 19:00:00+00:00,112.545,110.44437546416324
2025-10-11 20:00:00+00:00,106.9075,104.68805488862752
2025-10-11 21:00:00+00:00,95.0975,99.84952702489618
2025-10-11 22:00:00+00:00,96.1775,90.26175316829008
2025-10-11 23:00:00+00:00,92.1675,90.73388165864726
2025-10-12 00:00:00+00:00,88.86,90.78365172520819
2025-10-12 01:00:00+00:00,85.13,87.3196122696466
2025-10-12 02:00:00+00:00,86.4125,84.17487859448077
2025-10-12 03:00:00+00:00,86.6575,87.71717199556713
2025-10-12 04:00:00+00:00,88.3,87.69460083243246
2025-10-12 05:00:00+00:00,89.1725,89.26762585280011
2025-10-12 06:00:00+00:00,88.66,90.14345520910766
2025-10-12 07:00:00+00:00,83.0625,87.3228952314899
2025-10-12 08:00:00+00:00,76.205,75.89168451102269
2025-10-12 09:00:00+00:00,71.9,69.72362955569675
2025-10-12 10:00:00+00:00,66.8875,66.1890987745514
2025-10-12 11:00:00+00:00,52.16,55.47637971090408
2025-10-12 12:00:00+00:00,62.475,49.60929985769719
2025-10-12 13:00:00+00:00,79.985,68.74554888706919
2025-10-12 14:00:00+00:00,88.0025,88.96724849672502
2025-10-12 15:00:00+00:00,105.55,100.2611834338034
2025-10-12 16:00:00+00:00,108.9,122.49577592117487
2025-10-12 17:00:00+00:00,116.64,123.98777088671848
2025-10-12 18:00:00+00:00,115.5275,124.64873836983335
2025-10-12 19:00:00+00:00,110.4475,108.88655399873005
2025-10-12 20:00:00+00:00,107.79,105.75857328140923
2025-10-12 21:00:00+00:00,93.445,101.99766749929363
2025-10-12 22:00:00+00:00,93.4525,90.39426512034072
2025-10-12 23:00:00+00:00,90.26,90.17838771972737
2025-10-13 00:00:00+00:00,90.8325,88.95144250450801
2025-10-13 01:00:00+00:00,89.1225,90.16466257606311
2025-10-13 02:00:00+00:00,93.4525,88.29856366601203
2025-10-13 03:00:00+00:00,98.095,101.26122946103109
2025-10-13 04:00:00+00:00,131.41,110.67635130741674
2025-10-13 05:00:00+00:00,218.6375,168.1566083916199
2025-10-13 06:00:00+00:00,199.5575,240.80187632753604
2025-10-13 07:00:00+00:00,150.185,176.04838127710613
2025-10-13 08:00:00+00:00,125.0975,126.95641561595612
2025-10-13 09:00:00+00:00,110.0,111.28619049714261
2025-10-13 10:00:00+00:00,95.1,102.40542179464273
2025-10-13 11:00:00+00:00,89.8575,91.15045484486953
2025-10-13 12:00:00+00:00,92.0975,90.04172742557071
2025-10-13 13:00:00+00:00,101.8425,97.60490922122557
2025-10-13 14:00:00+00:00,117.9025,116.61656876382376
2025-10-13 15:00:00+00:00,180.6,143.1484643531623
2025-10-13 16:00:00+00:00,305.74,213.91742276367057
2025-10-13 17:00:00+00:00,306.575,342.42143927843176
2025-10-13 18:00:00+00:00,186.9525,233.18877645554608
2025-10-13 19:00:00+00:00,137.175,149.6512856965739
2025-10-13 20:00:00+00:00,121.9875,122.62046249279683
2025-10-13 21:00:00+00:00,111.275,111.29538397871924
2025-10-13 22:00:00+00:00,109.1825,106.77601643587091
2025-10-13 23:00:00+00:00,103.015,105.91473012005274
2025-10-14 00:00:00+00:00,99.52,102.03230566619243
2025-10-14 01:00:00+00:00,98.8675,98.02642619219957
2025-10-14 02:00:00+00:00,100.0475,98.44450521166796
2025-10-14 03:00:00+00:00,101.4475,103.88915141766014
2025-10-14 04:00:00+00:00,123.2925,125.754506702135
2025-10-14 05:00:00+00:00,160.195,156.0783032454633
2025-10-14 06:00:00+00:00,190.82,198.82634433271372
2025-10-14 07:00:00+00:00,156.445,172.3889528753047
2025-10-14 08:00:00+00:00,134.725,137.00845326256126
2025-10-14 09:00:00+00:00,119.845,118.85206256061818
2025-10-14 10:00:00+00:00,107.6475,110.12892270598863
2025-10-14 11:00:00+00:00,102.9975,102.08006969439818
2025-10-14 12:00:00+00:00,105.265,102.64283541205513
2025-10-14 13:00:00+00:00,122.275,111.64431707184686
2025-10-14 14:00:00+00:00,146.6,134.871477230308
2025-10-14 15:00:00+00:00,219.195,170.56645291143022
2025-10-14 16:00:00+00:00,404.9575,278.75712313288096
2025-10-14 17:00:00+00:00,407.205,369.3512622583772
2025-10-14 18:00:00+00:00,225.48,352.6375902696749
2025-10-14 19:00:00+00:00,163.04,193.1402851841146
2025-10-14 20:00:00+00:00,129.85750000000002,137.29071688332985
2025-10-14 21:00:00+00:00,115.36,117.41458558673081
2025-10-14 22:00:00+00:00,115.4625,109.94099706284973
2025-10-14 23:00:00+00:00,111.865,110.41977729177914
2025-10-15 00:00:00+00:00,107.68,110.41354433893476
2025-10-15 01:00:00+00:00,103.6175,108.64315700956116
2025-10-15 02:00:00+00:00,106.48,105.70136775430325
2025-10-15 03:00:00+00:00,114.3975,111.99030634420042
2025-10-15 04:00:00+00:00,151.96,135.93730421274978
2025-10-15 05:00:00+00:00,278.74,206.72236158266867
2025-10-15 06:00:00+00:00,276.1975,303.86701233509234
2025-10-15 07:00:00+00:00,181.0525,258.3200930283781
2025-10-15 08:00:00+00:00,142.3575,163.92600483221347
2025-10-15 09:00:00+00:00,126.105,127.51649451983113
2025-10-15 10:00:00+00:00,119.425,114.13219723285275
2025-10-15 11:00:00+00:00,112.8775,111.39425469624463
2025-10-15 12:00:00+00:00,115.3925,111.78963123825758
2025-10-15 13:00:00+00:00,122.6425,126.81818844323327
2025-10-15 14:00:00+00:00,135.6925,149.50814843787222
2025-10-15 15:00:00+00:00,170.0,169.6266601153703
2025-10-15 16:00:00+00:00,221.8775,206.3158404696818
2025-10-15 17:00:00+00:00,220.0,247.71365875041795
2025-10-15 18:00:00+00:00,152.845,210.61882236098526
2025-10-15 19:00:00+00:00,124.3425,137.2295449754807
2025-10-15 20:00:00+00:00,98.21,116.3432588686506
2025-10-15 21:00:00+00:00,88.17,103.09115026839969
2025-10-15 22:00:00+00:00,88.16499999999999,89.97218306616092
2025-10-15 23:00:00+00:00,85.8075,87.11287389331773
2025-10-16 00:00:00+00:00,88.0,84.02021328142546
2025-10-16 01:00:00+00:00,86.655,87.43796616737075
2025-10-16 02:00:00+00:00,88.335,86.23983921119142
2025-10-16 03:00:00+00:00,85.045,100.44842480400538
2025-10-16 04:00:00+00:00,96.1925,104.22849151954544
2025-10-16 05:00:00+00:00,116.1225,123.17179206312687
2025-10-16 06:00:00+00:00,132.76749999999998,142.64467246806052
2025-10-16 07:00:00+00:00,119.93,148.70383166200227
2025-10-16 08:00:00+00:00,92.2375,125.40100093319936
2025-10-16 09:00:00+00:00,88.3075,100.60545926132716
2025-10-16 10:00:00+00:00,83.4025,87.27013227323471
2025-10-16 11:00:00+00:00,81.47500000000001,81.56235035185391
2025-10-16 12:00:00+00:00,82.98,86.22074765209658
2025-10-16 13:00:00+00:00,83.0275,92.47431052205656
2025-10-16 14:00:00+00:00,89.0275,107.4153289090866
2025-10-16 15:00:00+00:00,120.915,117.82300394287387
2025-10-16 16:00:00+00:00,130.0,141.69388956960577
2025-10-16 17:00:00+00:00,140.59,140.9638956889494
2025-10-16 18:00:00+00:00,125.595,137.09042960289582
2025-10-16 19:00:00+00:00,102.2325,116.1969300001379
2025-10-16 20:00:00+00:00,99.855,98.81038247578785
2025-10-16 21:00:00+00:00,93.3625,94.22836658388972
2025-10-16 22:00:00+00:00,88.14750000000001,89.49843584584181
2025-10-16 23:00:00+00:00,88.3125,83.879797314655
2025-10-17 00:00:00+00:00,89.0575,86.75666926723417
2025-10-17 01:00:00+00:00,88.4575,87.43876945169085
2025-10-17 02:00:00+00:00,90.5875,87.62964561682385
2025-10-17 03:00:00+00:00,94.51,96.32884703179414
2025-10-17 04:00:00+00:00,107.91,106.54684058503253
2025-10-17 05:00:00+00:00,129.485,126.02217901546251
2025-10-17 06:00:00+00:00,144.835,137.1881691423
2025-10-17 07:00:00+00:00,129.02,142.29195328729577
2025-10-17 08:00:00+00:00,117.18,113.45315432620458
2025-10-17 09:00:00+00:00,99.0375,109.59969547778324
2025-10-17 10:00:00+00:00,88.14,94.915274230477
2025-10-17 11:00:00+00:00,86.7175,82.9374920923677
2025-10-17 12:00:00+00:00,87.805,84.24484241684287
2025-10-17 13:00:00+00:00,88.6425,88.93828550114618
2025-10-17 14:00:00+00:00,95.0,98.01183643297405
2025-10-17 15:00:00+00:00,117.1675,109.37525314567431
2025-10-17 16:00:00+00:00,129.31,130.41674091202157
2025-10-17 17:00:00+00:00,130.69,136.76666872634223
2025-10-17 18:00:00+00:00,116.9875,131.14811779913418
2025-10-17 19:00:00+00:00,104.055,109.2062733890358
2025-10-17 20:00:00+00:00,102.1825,100.09527811468647
2025-10-17 21:00:00+00:00,92.4975,97.86833356080376
2025-10-17 22:00:00+00:00,94.615,90.72968845428971
2025-10-17 23:00:00+00:00,89.86,91.71747285671555
2025-10-18 00:00:00+00:00,89.8125,87.86111803911459
2025-10-18 01:00:00+00:00,88.33500000000001,88.77594834073224
2025-10-18 02:00:00+00:00,88.35,87.72801596811475
2025-10-18 03:00:00+00:00,88.315,91.23869024368398
2025-10-18 04:00:00+00:00,91.955,91.59920464370184
2025-10-18 05:00:00+00:00,109.4725,101.30826157277787
2025-10-18 06:00:00+00:00,114.545,124.04005897201155
2025-10-18 07:00:00+00:00,102.2425,112.235497288424
2025-10-18 08:00:00+00:00,91.4675,96.82274132858575
2025-10-18 09:00:00+00:00,80.7875,84.25590939131963
2025-10-18 10:00:00+00:00,73.94,70.73387516945745
2025-10-18 11:00:00+00:00,67.5325,61.15749365468472
2025-10-18 12:00:00+00:00,72.2975,61.11629729479432
2025-10-18 13:00:00+00:00,83.5,78.05839104537057
2025-10-18 14:00:00+00:00,96.55,92.18839218542871
2025-10-18 15:00:00+00:00,120.64,110.2453242996768
2025-10-18 16:00:00+00:00,133.235,135.25492000671514
2025-10-18 17:00:00+00:00,124.8225,143.969051046055
2025-10-18 18:00:00+00:00,112.995,123.08241987996158
2025-10-18 19:00:00+00:00,92.5525,106.22829681058536
2025-10-18 20:00:00+00:00,95.5775,93.99492591481075
2025-10-18 21:00:00+00:00,94.355,92.46784355030924
2025-10-18 22:00:00+00:00,92.3425,91.67688803208077
2025-10-18 23:00:00+00:00,87.58500000000001,89.11506920729306
2025-10-19 00:00:00+00:00,82.2925,84.77787338557916
2025-10-19 01:00:00+00:00,82.14,81.41150978602874
2025-10-19 02:00:00+00:00,83.2125,81.8570786858358
2025-10-19 03:00:00+00:00,83.4975,84.92213503743088
2025-10-19 04:00:00+00:00,85.25,85.07815084835967
2025-10-19 05:00:00+00:00,85.255,86.16549494012658
2025-10-19 06:00:00+00:00,87.1575,85.37934637952736
2025-10-19 07:00:00+00:00,78.4325,77.46047567741803
2025-10-19 08:00:00+00:00,69.6375,64.02311086252473
2025-10-19 09:00:00+00:00,60.3,52.16385706869103
2025-10-19 10:00:00+00:00,34.567499999999995,37.81377135300448
2025-10-19 11:00:00+00:00,20.295,18.78749471273908
2025-10-19 12:00:00+00:00,36.2175,14.267133121793258
2025-10-19 13:00:00+00:00,66.77250000000001,26.566730437722757
2025-10-19 14:00:00+00:00,89.93,59.464458806097255
2025-10-19 15:00:00+00:00,106.0725,100.56448776746596
2025-10-19 16:00:00+00:00,107.6875,110.62572783946983
2025-10-19 17:00:00+00:00,85.62,105.07506853216785
2025-10-19 18:00:00+00:00,75.5025,79.06919312344579
2025-10-19 19:00:00+00:00,73.15,63.50186102415424
2025-10-19 20:00:00+00:00,74.74249999999999,65.79028774520918
2025-10-19 21:00:00+00:00,60.855,57.811828830592184
2025-10-19 22:00:00+00:00,70.03750000000001,50.62993921588222
2025-10-19 23:00:00+00:00,63.975,49.889962144932404
2025-10-20 00:00:00+00:00,60.98,51.014415915998455
2025-10-20 01:00:00+00:00,60.0025,56.026957612138716
2025-10-20 02:00:00+00:00,60.6025,57.10981980339553
2025-10-20 03:00:00+00:00,74.81,60.77335586455824
2025-10-20 04:00:00+00:00,76.2525,84.27293308060116
2025-10-20 05:00:00+00:00,91.8675,88.50182903534146
2025-10-20 06:00:00+00:00,125.0975,106.15936719468478
2025-10-20 07:00:00+00:00,92.185,120.33175547901378
2025-10-20 08:00:00+00:00,73.15,83.00327993158673
2025-10-20 09:00:00+00:00,69.935,68.33973088321392
2025-10-20 10:00:00+00:00,60.2875,65.11605411945906
2025-10-20 11:00:00+00:00,65.27250000000001,55.80949186979877
2025-10-20 12:00:00+00:00,76.08500000000001,63.894305361002225
2025-10-20 13:00:00+00:00,97.14,82.35264640759304
2025-10-20 14:00:00+00:00,119.51,104.9834581120925
2025-10-20 15:00:00+00:00,131.1225,126.4551888804041
2025-10-20 16:00:00+00:00,125.09,137.81920450361503
2025-10-20 17:00:00+00:00,103.0,129.00784279663603
2025-10-20 18:00:00+00:00,82.29,101.2317006257188
2025-10-20 19:00:00+00:00,76.2525,74.21983448621516
2025-10-20 20:00:00+00:00,68.3775,64.4058405305571
2025-10-20 21:00:00+00:00,51.0,59.134320279007454
2025-10-20 22:00:00+00:00,61.48,39.38719722499245
2025-10-20 23:00:00+00:00,43.8325,52.58474407935776
2025-10-21 00:00:00+00:00,33.0725,34.457481106167585
2025-10-21 01:00:00+00:00,22.2775,23.64911831538351
2025-10-21 02:00:00+00:00,25.9125,18.616324762914456
2025-10-21 03:00:00+00:00,47.46,24.53259001737549
2025-10-21 04:00:00+00:00,75.095,55.6278551020072
2025-10-21 05:00:00+00:00,88.1225,82.27837610594139
2025-10-21 06:00:00+00:00,91.5825,97.43539421004732
2025-10-21 07:00:00+00:00,84.7175,85.74924009880424
2025-10-21 08:00:00+00:00,74.27,68.48307190158093
2025-10-21 09:00:00+00:00,65.1125,63.35335344134731
2025-10-21 10:00:00+00:00,47.455,53.44465371562718
2025-10-21 11:00:00+00:00,31.5825,32.733164107974716
2025-10-21 12:00:00+00:00,33.06,27.30955372939436
2025-10-21 13:00:00+00:00,60.23,45.18229224177474
2025-10-21 14:00:00+00:00,68.2025,73.92496752250793
2025-10-21 15:00:00+00:00,100.0,89.60434212550612
2025-10-21 16:00:00+00:00,121.8,118.3324204705819
2025-10-21 17:00:00+00:00,115.385,130.91027652026497
2025-10-21 18:00:00+00:00,99.6725,113.76628372307943
2025-10-21 19:00:00+00:00,81.055,93.35830148618014
2025-10-21 20:00:00+00:00,81.68,76.59765841478276
2025-10-21 21:00:00+00:00,74.33,75.55125800680922
2025-10-21 22:00:00+00:00,87.8375,68.46244406738805
2025-10-21 23:00:00+00:00,87.4925,80.2555722522944
2025-10-22 00:00:00+00:00,85.405,85.40518261523631
2025-10-22 01:00:00+00:00,89.3475,83.71501402463544
2025-10-22 02:00:00+00:00,89.5025,87.8295494629288
2025-10-22 03:00:00+00:00,90.175,93.7372889604824
2025-10-22 04:00:00+00:00,99.3925,106.93312300405822
2025-10-22 05:00:00+00:00,100.1825,120.49884827839509
2025-10-22 06:00:00+00:00,113.7575,124.8649753375969
2025-10-22 07:00:00+00:00,125.7175,129.33843422823938
2025-10-22 08:00:00+00:00,105.7275,122.2268638012777
2025-10-22 09:00:00+00:00,91.215,113.93275826021936
2025-10-22 10:00:00+00:00,87.1,94.63526724140371
2025-10-22 11:00:00+00:00,86.0,83.4247702192131
2025-10-22 12:00:00+00:00,93.46,84.53527336544171
2025-10-22 13:00:00+00:00,110.655,101.3044131097011
2025-10-22 14:00:00+00:00,135.0,125.92276449956672
2025-10-22 15:00:00+00:00,198.0525,159.2294231419644
2025-10-22 16:00:00+00:00,296.4825,229.85292188837454
2025-10-22 17:00:00+00:00,279.76,335.4358511186606
2025-10-22 18:00:00+00:00,185.31,222.84613650673245
2025-10-22 19:00:00+00:00,133.9475,149.19276901081432
2025-10-22 20:00:00+00:00,122.065,120.21520445001636
2025-10-22 21:00:00+00:00,108.0925,112.0325493471965
2025-10-22 22:00:00+00:00,101.375,104.65572456033256
2025-10-22 23:00:00+00:00,98.745,96.56896803203412
2025-10-23 00:00:00+00:00,95.0675,96.32714061720884
2025-10-23 01:00:00+00:00,79.9225,90.0972592791991
2025-10-23 02:00:00+00:00,70.9975,73.14048812956315
2025-10-23 03:00:00+00:00,67.52,61.352555260458715
2025-10-23 04:00:00+00:00,72.25,70.45480720323292
2025-10-23 05:00:00+00:00,82.2825,83.05461633194335
2025-10-23 06:00:00+00:00,90.0,94.82126380061347
2025-10-23 07:00:00+00:00,83.0175,95.07932837633778
2025-10-23 08:00:00+00:00,79.7025,80.58171095526318
2025-10-23 09:00:00+00:00,69.6,73.78730969898763
2025-10-23 10:00:00+00:00,66.0975,62.53015505168386
2025-10-23 11:00:00+00:00,64.105,56.58441412779203
2025-10-23 12:00:00+00:00,63.535,56.03827176517927
2025-10-23 13:00:00+00:00,75.605,58.936535559344385
2025-10-23 14:00:00+00:00,85.4975,77.55387545950313
2025-10-23 15:00:00+00:00,98.1175,108.11529084425142
2025-10-23 16:00:00+00:00,114.93,105.07716301453311
2025-10-23 17:00:00+00:00,107.9125,111.99556165267299
2025-10-23 18:00:00+00:00,87.7125,94.64562347020029
2025-10-23 19:00:00+00:00,82.8125,71.26684558950055
2025-10-23 20:00:00+00:00,77.655,63.481478151831745
2025-10-23 21:00:00+00:00,60.0775,58.174150237822204
2025-10-23 22:00:00+00:00,14.335,40.8760060334871
2025-10-23 23:00:00+00:00,9.835,12.983749691706787
2025-10-24 00:00:00+00:00,6.525,10.982714703188144
2025-10-24 01:00:00+00:00,1.025,9.252269570429098
2025-10-24 02:00:00+00:00,2.19,2.7662942197777802
2025-10-24 03:00:00+00:00,7.525,4.317918413709222
2025-10-24 04:00:00+00:00,23.2775,11.626892657835715
2025-10-24 05:00:00+00:00,64.985,45.33458436780299
2025-10-24 06:00:00+00:00,84.87,63.55793290131283
2025-10-24 07:00:00+00:00,76.5475,82.65604836605897
2025-10-24 08:00:00+00:00,58.3025,49.085973050904805
2025-10-24 09:00:00+00:00,33.0,43.140380252355605
2025-10-24 10:00:00+00:00,1.2525,19.584746839932187
2025-10-24 11:00:00+00:00,-0.01,0.3962010980434256
2025-10-24 12:00:00+00:00,-0.01,-1.484253076066424
2025-10-24 13:00:00+00:00,1.81,3.74751048232235
2025-10-24 14:00:00+00:00,37.32,13.863526561930769
2025-10-24 15:00:00+00:00,66.26,37.053850410854636
2025-10-24 16:00:00+00:00,74.61,62.04705249601608
2025-10-24 17:00:00+00:00,74.61250000000001,72.25629862418097
2025-10-24 18:00:00+00:00,57.05,64.20315943015831
2025-10-24 19:00:00+00:00,41.5075,43.8553836095008
2025-10-24 20:00:00+00:00,28.9225,26.208477835910262
2025-10-24 21:00:00+00:00,9.9675,21.505468961218423
2025-10-24 22:00:00+00:00,3.525,9.803034199088815
2025-10-24 23:00:00+00:00,1.3199999999999998,3.6608156867332764
2025-10-25 00:00:00+00:00,0.925,2.3980892985463007
2025-10-25 01:00:00+00:00,-0.0025,2.018724176248415
2025-10-25 02:00:00+00:00,-0.0075,-0.034747046690546644
2025-10-25 03:00:00+00:00,0.1649999999999999,-0.04873454324402491
2025-10-25 04:00:00+00:00,0.5225,1.3436804984170418
2025-10-25 05:00:00+00:00,0.99,3.860942677394558
2025-10-25 06:00:00+00:00,3.995,5.243817195023159
2025-10-25 07:00:00+00:00,7.5825,6.332565899186039
2025-10-25 08:00:00+00:00,6.7275,9.266080058896819
2025-10-25 09:00:00+00:00,4.765000000000001,8.410001088655276
2025-10-25 10:00:00+00:00,6.095000000000001,6.016582864876764
2025-10-25 11:00:00+00:00,4.37,8.776644996883727
2025-10-25 12:00:00+00:00,4.03,5.744152123058256
2025-10-25 13:00:00+00:00,3.945,16.05088386793876
2025-10-25 14:00:00+00:00,5.5575,16.580102896464663
2025-10-25 15:00:00+00:00,25.3075,17.67213728621219
2025-10-25 16:00:00+00:00,55.2525,30.198960174063412
2025-10-25 17:00:00+00:00,61.265,46.742059132389166
2025-10-25 18:00:00+00:00,33.995,48.02493561083156
2025-10-25 19:00:00+00:00,14.1075,25.85736964206053
2025-10-25 20:00:00+00:00,16.682499999999997,16.200625311404423
2025-10-25 21:00:00+00:00,8.17,18.300828441220794
2025-10-25 22:00:00+00:00,5.5725,6.766079264902701
2025-10-25 23:00:00+00:00,3.6975,4.862870444044295
2025-10-26 00:00:00+00:00,3.19,2.9120483514472566
2025-10-26 01:00:00+00:00,2.015,2.8409378702588195
2025-10-26 02:00:00+00:00,0.3425,2.486155746662316
2025-10-26 03:00:00+00:00,0.1025,3.0535308846476688
2025-10-26 04:00:00+00:00,0.105,1.1180398141342243
2025-10-26 05:00:00+00:00,0.1075,1.2028779762477588
2025-10-26 06:00:00+00:00,0.1025,1.2369259497920853
2025-10-26 07:00:00+00:00,-0.01,1.410875059767244
2025-10-26 08:00:00+00:00,-0.3125,-1.9421425977598188
2025-10-26 09:00:00+00:00,-0.065,-7.975935390273389
2025-10-26 10:00:00+00:00,-0.08,-2.7464521457715136
2025-10-26 11:00:00+00:00,-0.065,-2.3776190186654067
2025-10-26 12:00:00+00:00,-0.545,-1.9219718279548195
2025-10-26 13:00:00+00:00,-0.7325,2.690801448037918
2025-10-26 14:00:00+00:00,-0.01,0.909006380593249
2025-10-26 15:00:00+00:00,3.0375,9.043761488851413
2025-10-26 16:00:00+00:00,30.0025,13.873113986784565
2025-10-26 17:00:00+00:00,42.0225,21.24073640177317
2025-10-26 18:00:00+00:00,34.730000000000004,32.247984879554636
2025-10-26 19:00:00+00:00,16.642500000000002,22.044605417420616
2025-10-26 20:00:00+00:00,3.065,15.479546780760808
2025-10-26 21:00:00+00:00,14.9075,5.617036925196732
2025-10-26 22:00:00+00:00,5.0600000000000005,8.83792014993177
2025-10-26 23:00:00+00:00,1.3424999999999998,3.9890699039002464
2025-10-27 00:00:00+00:00,1.825,2.5807724446455262
2025-10-27 01:00:00+00:00,1.25,2.7568292738468703
2025-10-27 02:00:00+00:00,-0.0025,2.5061765445623805
2025-10-27 03:00:00+00:00,1.3075,-0.01968297102819991
2025-10-27 04:00:00+00:00,10.7825,6.205017442714868
2025-10-27 05:00:00+00:00,55.0,28.043315711807985
2025-10-27 06:00:00+00:00,86.065,69.36190823229849
2025-10-27 07:00:00+00:00,100.1475,93.8493648874478
2025-10-27 08:00:00+00:00,101.86,95.99319474798567
2025-10-27 09:00:00+00:00,96.7375,93.57525373125286
2025-10-27 10:00:00+00:00,94.6325,83.40756925606269
2025-10-27 11:00:00+00:00,82.6975,81.25129436742685
2025-10-27 12:00:00+00:00,81.1225,73.17568799219708
2025-10-27 13:00:00+00:00,83.3475,79.28404917089846
2025-10-27 14:00:00+00:00,83.66499999999999,91.9800857119686
2025-10-27 15:00:00+00:00,99.2325,93.09555658156242
2025-10-27 16:00:00+00:00,110.71,104.22867958569812
2025-10-27 17:00:00+00:00,126.5375,107.94139858500688
2025-10-27 18:00:00+00:00,113.4975,112.42221940060597
2025-10-27 19:00:00+00:00,95.035,94.79445333696934
2025-10-27 20:00:00+00:00,77.94,76.9511123631356
2025-10-27 21:00:00+00:00,74.48,52.98546727655061
2025-10-27 22:00:00+00:00,62.425,46.38472108041179
2025-10-27 23:00:00+00:00,44.11,38.31922081264765
2025-10-28 00:00:00+00:00,28.8825,31.77963551381095
2025-10-28 01:00:00+00:00,18.5425,20.71206736939908
2025-10-28 02:00:00+00:00,10.2225,14.137541233621278
2025-10-28 03:00:00+00:00,10.9525,10.996724462032025
2025-10-28 04:00:00+00:00,30.4075,14.605825828536327
2025-10-28 05:00:00+00:00,59.5225,36.89231089357796
2025-10-28 06:00:00+00:00,80.3825,72.05921509097351
2025-10-28 07:00:00+00:00,89.395,81.64596319976242
2025-10-28 08:00:00+00:00,87.36500000000001,86.17633972796648
2025-10-28 09:00:00+00:00,81.0025,78.32655895322446
2025-10-28 10:00:00+00:00,75.41499999999999,70.08894738173557
2025-10-28 11:00:00+00:00,67.56,61.168130795543895
2025-10-28 12:00:00+00:00,62.3025,56.23626792885525
2025-10-28 13:00:00+00:00,64.42,59.19618154600773
2025-10-28 14:00:00+00:00,73.0975,62.221546852715775
2025-10-28 15:00:00+00:00,80.07249999999999,75.35265530230632
2025-10-28 16:00:00+00:00,93.8325,84.58981775370005
2025-10-28 17:00:00+00:00,110.23,98.28168946387578
2025-10-28 18:00:00+00:00,106.9125,103.78732705289238
2025-10-28 19:00:00+00:00,91.925,95.05298910156354
2025-10-28 20:00:00+00:00,80.8375,80.94629813902442
2025-10-28 21:00:00+00:00,79.58,69.4476295679298
2025-10-28 22:00:00+00:00,73.2225,56.59228242476603
2025-10-28 23:00:00+00:00,58.8025,55.027676233256486
2025-10-29 00:00:00+00:00,54.035,47.27074033288925
2025-10-29 01:00:00+00:00,54.155,42.72149015157246
2025-10-29 02:00:00+00:00,56.3475,46.63846660477523
2025-10-29 03:00:00+00:00,54.725,53.645963555786054
2025-10-29 04:00:00+00:00,66.6175,59.34462076626287
2025-10-29 05:00:00+00:00,95.4325,76.34754733675679
2025-10-29 06:00:00+00:00,107.5325,105.6328833259042
2025-10-29 07:00:00+00:00,100.265,101.54999472251691
2025-10-29 08:00:00+00:00,85.805,84.74282867131899
2025-10-29 09:00:00+00:00,71.9525,75.46475629671941
2025-10-29 10:00:00+00:00,70.2125,65.46377149933383
2025-10-29 11:00:00+00:00,70.8375,65.19927541479207
2025-10-29 12:00:00+00:00,77.1125,67.87250702012386
2025-10-29 13:00:00+00:00,88.8525,80.66593409647012
2025-10-29 14:00:00+00:00,116.3575,97.02889965650402
2025-10-29 15:00:00+00:00,126.2325,132.41393559057266
2025-10-29 16:00:00+00:00,126.975,139.01024781246795
2025-10-29 17:00:00+00:00,128.7425,135.6641915749458
2025-10-29 18:00:00+00:00,113.5425,122.38693446279973
2025-10-29 19:00:00+00:00,102.65,101.67403614042969
2025-10-29 20:00:00+00:00,96.5025,96.95174760688262
2025-10-29 21:00:00+00:00,94.4225,91.03006506883405
2025-10-29 22:00:00+00:00,87.1425,88.09271981111733
2025-10-29 23:00:00+00:00,75.245,79.10221030400302
2025-10-30 00:00:00+00:00,70.105,70.44628889847495
2025-10-30 01:00:00+00:00,65.525,63.54849315158598
2025-10-30 02:00:00+00:00,60.4175,59.10193476100833
2025-10-30 03:00:00+00:00,57.1525,50.587564219924936
2025-10-30 04:00:00+00:00,60.0125,50.421301328616565
2025-10-30 05:00:00+00:00,69.1775,60.34407215188474
2025-10-30 06:00:00+00:00,79.9375,66.64012038150712
2025-10-30 07:00:00+00:00,85.2975,80.22499045054549
2025-10-30 08:00:00+00:00,66.7225,71.49150189582815
2025-10-30 09:00:00+00:00,42.9025,42.7674064970182
2025-10-30 10:00:00+00:00,7.0825000000000005,22.612183194409273
2025-10-30 11:00:00+00:00,-0.0025,1.0946574576559
2025-10-30 12:00:00+00:00,0.0024999999999999,-2.353516054602136
2025-10-30 13:00:00+00:00,31.2925,4.608354390958727
2025-10-30 14:00:00+00:00,69.8,50.373921378885015
2025-10-30 15:00:00+00:00,85.295,83.6467829289171
2025-10-30 16:00:00+00:00,117.93,98.4136763025291
2025-10-30 17:00:00+00:00,117.6975,131.1531317462674
2025-10-30 18:00:00+00:00,117.6725,117.79715591565927
2025-10-30 19:00:00+00:00,105.2875,104.15612004012013
2025-10-30 20:00:00+00:00,98.035,95.98626245101461
2025-10-30 21:00:00+00:00,98.44,90.1025621011298
2025-10-30 22:00:00+00:00,84.8325,90.28805011009771
2025-10-30 23:00:00+00:00,87.74000000000001,80.4506018613071
2025-10-31 00:00:00+00:00,78.1575,86.52795612232929
2025-10-31 01:00:00+00:00,74.74,76.63711189536376
2025-10-31 02:00:00+00:00,75.675,74.29364925591956
2025-10-31 03:00:00+00:00,79.7625,79.22841967221214
2025-10-31 04:00:00+00:00,91.825,90.20954758282019
2025-10-31 05:00:00+00:00,120.385,105.20129083823373
2025-10-31 06:00:00+00:00,119.5725,121.04977951659619
2025-10-31 07:00:00+00:00,108.765,114.423224221333
2025-10-31 08:00:00+00:00,83.0125,95.46295402054797
2025-10-31 09:00:00+00:00,75.67,76.1495450157548
2025-10-31 10:00:00+00:00,74.0875,71.12609555650528
2025-10-31 11:00:00+00:00,75.99000000000001,69.72007179213581
2025-10-31 12:00:00+00:00,84.2075,74.84751023792874
2025-10-31 13:00:00+00:00,106.7,86.40012412880283
2025-10-31 14:00:00+00:00,127.0775,114.55420787467568
2025-10-31 15:00:00+00:00,132.0475,125.6346090454694
2025-10-31 16:00:00+00:00,122.175,136.32338858007435
2025-10-31 17:00:00+00:00,107.28,124.17528375289689
2025-10-31 18:00:00+00:00,90.005,108.5996834685601
2025-10-31 19:00:00+00:00,86.0475,84.85468182381328
2025-10-31 20:00:00+00:00,87.465,79.02809363363608
2025-10-31 21:00:00+00:00,81.845,79.56948122650564
2025-10-31 22:00:00+00:00,67.60249999999999,74.06794301469829
2025-10-31 23:00:00+00:00,54.7075,56.12284307715923
2025-11-01 00:00:00+00:00,38.115,51.68025575068405
2025-11-01 01:00:00+00:00,28.2725,34.56431082842562
2025-11-01 02:00:00+00:00,29.9575,31.508606045422404
2025-11-01 03:00:00+00:00,19.9025,30.582902937311427
2025-11-01 04:00:00+00:00,15.3275,19.280493443843906
2025-11-01 05:00:00+00:00,11.6275,19.564814066477894
2025-11-01 06:00:00+00:00,17.605,14.34495203516834
2025-11-01 07:00:00+00:00,29.95,17.501574900476154
2025-11-01 08:00:00+00:00,27.045,19.481850611456508
2025-11-01 09:00:00+00:00,18.3,15.005763262195584
2025-11-01 10:00:00+00:00,15.7575,11.48295584803724
2025-11-01 11:00:00+00:00,21.015,12.958408739458436
2025-11-01 12:00:00+00:00,31.74,15.127280099710594
2025-11-01 13:00:00+00:00,54.0025,38.35384393266667
2025-11-01 14:00:00+00:00,59.0725,73.57417553477615
2025-11-01 15:00:00+00:00,76.58500000000001,67.63895930655062
2025-11-01 16:00:00+00:00,88.78999999999999,84.54782297371574
2025-11-01 17:00:00+00:00,89.055,94.0670686177782
2025-11-01 18:00:00+00:00,86.4,85.55392463869079
2025-11-01 19:00:00+00:00,86.1975,78.12967903391569
2025-11-01 20:00:00+00:00,83.2825,78.61818856088207
2025-11-01 21:00:00+00:00,82.93,75.65469615918596
2025-11-01 22:00:00+00:00,77.5075,74.38966060644567
2025-11-01 23:00:00+00:00,64.285,67.56842505170385
2025-11-02 00:00:00+00:00,60.3275,58.407424901143656
2025-11-02 01:00:00+00:00,60.9775,57.50798902019089
2025-11-02 02:00:00+00:00,62.7325,58.00353060419485
2025-11-02 03:00:00+00:00,67.0175,59.0543421626901
2025-11-02 04:00:00+00:00,68.81,65.85585461753615
2025-11-02 05:00:00+00:00,70.3475,68.00321886656951
2025-11-02 06:00:00+00:00,75.53,74.47087926629857
2025-11-02 07:00:00+00:00,77.12,76.60637768010848
2025-11-02 08:00:00+00:00,78.4575,78.00294662893556
2025-11-02 09:00:00+00:00,74.99,76.30337980572321
2025-11-02 10:00:00+00:00,74.97999999999999,70.31426732981436
2025-11-02 11:00:00+00:00,75.2125,70.7586684270439
2025-11-02 12:00:00+00:00,83.1625,73.65575080276486
2025-11-02 13:00:00+00:00,92.55,84.48425958340016
2025-11-02 14:00:00+00:00,110.6525,101.14404517862573
2025-11-02 15:00:00+00:00,116.5025,116.15192996223641
2025-11-02 16:00:00+00:00,132.0725,123.63404759197034
2025-11-02 17:00:00+00:00,130.4075,137.08516036256978
2025-11-02 18:00:00+00:00,113.6075,125.98502509615992
2025-11-02 19:00:00+00:00,98.6,102.1719118277867
2025-11-02 20:00:00+00:00,95.33,91.6738167544381
2025-11-02 21:00:00+00:00,93.1775,89.1536382202526
2025-11-02 22:00:00+00:00,85.04249999999999,87.7384061618694
2025-11-02 23:00:00+00:00,82.44,81.16046131606016
2025-11-03 00:00:00+00:00,80.105,81.23898893082142
2025-11-03 01:00:00+00:00,74.9975,78.25640453468621
2025-11-03 02:00:00+00:00,73.14,72.06025031622313
2025-11-03 03:00:00+00:00,74.9725,73.93041367103955
2025-11-03 04:00:00+00:00,75.0,78.88167734874486
2025-11-03 05:00:00+00:00,95.33,83.58964116757714
2025-11-03 06:00:00+00:00,117.255,105.09000003932373
2025-11-03 07:00:00+00:00,105.0,114.66600404708628
2025-11-03 08:00:00+00:00,85.7625,94.52942285169793
2025-11-03 09:00:00+00:00,75.44500000000001,77.78498353810421
2025-11-03 10:00:00+00:00,71.675,68.86508823195298
2025-11-03 11:00:00+00:00,67.99000000000001,67.78286607313362
2025-11-03 12:00:00+00:00,71.925,60.813575674173805
2025-11-03 13:00:00+00:00,74.975,76.63263859160497
2025-11-03 14:00:00+00:00,82.60499999999999,81.49828872773924
2025-11-03 15:00:00+00:00,92.735,92.32749308328795
2025-11-03 16:00:00+00:00,92.52,101.07412653131345
2025-11-03 17:00:00+00:00,90.555,100.25322629060888
2025-11-03 18:00:00+00:00,81.57499999999999,89.94609246373356
2025-11-03 19:00:00+00:00,71.63250000000001,76.80046792913392
2025-11-03 20:00:00+00:00,60.00749999999999,69.11066289015112
2025-11-03 21:00:00+00:00,52.7125,57.519237314540725
2025-11-03 22:00:00+00:00,28.715,49.932285431742066
2025-11-03 23:00:00+00:00,16.53,32.018595088019715
2025-11-04 00:00:00+00:00,7.2575,27.333814145986135
2025-11-04 01:00:00+00:00,4.925,19.00090728761501
2025-11-04 02:00:00+00:00,6.3125,20.463249223634097
2025-11-04 03:00:00+00:00,21.1975,29.04988388054949
2025-11-04 04:00:00+00:00,58.4325,40.57797512448996
2025-11-04 05:00:00+00:00,81.0375,69.00295315363685
2025-11-04 06:00:00+00:00,114.3075,100.14554056575822
2025-11-04 07:00:00+00:00,110.0,108.5406524106721
2025-11-04 08:00:00+00:00,80.8475,94.87078812485478
2025-11-04 09:00:00+00:00,60.6475,71.7646281943567
2025-11-04 10:00:00+00:00,52.87,56.23206021067922
2025-11-04 11:00:00+00:00,50.1525,42.754277313646874
2025-11-04 12:00:00+00:00,66.9375,46.51920192470795
2025-11-04 13:00:00+00:00,81.05,72.38609261020632
2025-11-04 14:00:00+00:00,116.265,93.12403796978107
2025-11-04 15:00:00+00:00,127.475,125.63888149351028
2025-11-04 16:00:00+00:00,129.1,131.143458910597
2025-11-04 17:00:00+00:00,122.7625,129.149189605684
2025-11-04 18:00:00+00:00,106.6975,116.34786794933021
2025-11-04 19:00:00+00:00,96.7525,97.4615397388626
2025-11-04 20:00:00+00:00,91.365,88.9704321840963
2025-11-04 21:00:00+00:00,86.2375,85.32776505616806
2025-11-04 22:00:00+00:00,76.1225,78.51106918540391
2025-11-04 23:00:00+00:00,77.33,70.74271519607576
2025-11-05 00:00:00+00:00,75.8225,71.6309874530189
2025-11-05 01:00:00+00:00,74.35499999999999,70.56866387409626
2025-11-05 02:00:00+00:00,74.6825,70.77451812957955
2025-11-05 03:00:00+00:00,78.885,76.36946755665237
2025-11-05 04:00:00+00:00,85.0,87.69998909520558
2025-11-05 05:00:00+00:00,91.3625,95.44995109682172
2025-11-05 06:00:00+00:00,115.9,109.11811263296273
2025-11-05 07:00:00+00:00,107.115,110.00469269722879
2025-11-05 08:00:00+00:00,74.54,90.32503931615875
2025-11-05 09:00:00+00:00,62.8825,67.68598302051251
2025-11-05 10:00:00+00:00,62.0075,57.219349215521355
2025-11-05 11:00:00+00:00,62.07,56.090032072117346
2025-11-05 12:00:00+00:00,77.3325,62.647539748531266
2025-11-05 13:00:00+00:00,96.1925,80.6167485237697
2025-11-05 14:00:00+00:00,115.395,109.30355610965138
2025-11-05 15:00:00+00:00,141.3825,131.63635576371288
2025-11-05 16:00:00+00:00,147.4175,147.86183335693812
2025-11-05 17:00:00+00:00,127.58,150.80872978163185
2025-11-05 18:00:00+00:00,114.755,126.15030292732658
2025-11-05 19:00:00+00:00,104.79,104.99592945281329
2025-11-05 20:00:00+00:00,98.9175,98.33095401703692
2025-11-05 21:00:00+00:00,88.8475,93.11308511573165
2025-11-05 22:00:00+00:00,87.7,83.34788063300435
2025-11-05 23:00:00+00:00,93.3725,82.47355948677743
2025-11-06 00:00:00+00:00,90.83,91.11381919228151
2025-11-06 01:00:00+00:00,91.3975,89.29002225186895
2025-11-06 02:00:00+00:00,90.505,90.1571009520976
2025-11-06 03:00:00+00:00,91.9,94.95977633972751
2025-11-06 04:00:00+00:00,92.17,102.79616889860546
2025-11-06 05:00:00+00:00,118.35,108.65632361817845
2025-11-06 06:00:00+00:00,130.2325,131.8212764807023
2025-11-06 07:00:00+00:00,119.68,130.49883349270704
2025-11-06 08:00:00+00:00,93.2125,106.39053238083132
2025-11-06 09:00:00+00:00,85.1575,87.56617700340607
2025-11-06 10:00:00+00:00,83.7,79.04990838039888
2025-11-06 11:00:00+00:00,83.9925,78.21261706997625
2025-11-06 12:00:00+00:00,87.17999999999999,82.12123352540465
2025-11-06 13:00:00+00:00,99.485,89.01903609939299
2025-11-06 14:00:00+00:00,128.24,111.10353048303375
2025-11-06 15:00:00+00:00,147.495,139.91269434093326
2025-11-06 16:00:00+00:00,154.255,150.9579832041229
2025-11-06 17:00:00+00:00,137.4475,156.1649376654708
2025-11-06 18:00:00+00:00,126.4625,134.15324915274937
2025-11-06 19:00:00+00:00,114.97,114.29218655499355
2025-11-06 20:00:00+00:00,100.98,106.90859251124982
2025-11-06 21:00:00+00:00,97.485,96.86011423395671
2025-11-06 22:00:00+00:00,90.5525,92.40690743958172
2025-11-06 23:00:00+00:00,90.1775,86.03722236096763
2025-11-07 00:00:00+00:00,88.8225,89.06463367641295
2025-11-07 01:00:00+00:00,89.6,87.35159145771837
2025-11-07 02:00:00+00:00,89.61250000000001,89.32346051627341
2025-11-07 03:00:00+00:00,90.41,95.66400391910832
2025-11-07 04:00:00+00:00,94.21,101.83405150577137
2025-11-07 05:00:00+00:00,112.265,116.6188779758814
2025-11-07 06:00:00+00:00,133.8825,133.03110287900734
2025-11-07 07:00:00+00:00,128.0475,141.84327797669957
2025-11-07 08:00:00+00:00,108.105,118.22739163856308
2025-11-07 09:00:00+00:00,93.38,101.53855740561102
2025-11-07 10:00:00+00:00,89.9875,89.63598904704148
2025-11-07 11:00:00+00:00,88.80250000000001,86.53617983073535
2025-11-07 12:00:00+00:00,92.0525,88.22592234028669
2025-11-07 13:00:00+00:00,103.1,100.26006419702091
2025-11-07 14:00:00+00:00,129.6225,127.61456923056637
2025-11-07 15:00:00+00:00,165.1225,148.76676447145005
2025-11-07 16:00:00+00:00,178.5375,191.41896818417783
2025-11-07 17:00:00+00:00,145.6825,194.61937760795328
2025-11-07 18:00:00+00:00,131.4825,149.42980059121655
2025-11-07 19:00:00+00:00,119.4275,122.19847190452852
2025-11-07 20:00:00+00:00,106.6525,111.91657955239535
2025-11-07 21:00:00+00:00,98.275,101.73886266532034
2025-11-07 22:00:00+00:00,92.0525,94.11489167000866
2025-11-07 23:00:00+00:00,96.53,89.05499328307087
2025-11-08 00:00:00+00:00,96.325,95.03621003120861
2025-11-08 01:00:00+00:00,93.9975,95.59837276168783
2025-11-08 02:00:00+00:00,93.9725,94.01849394671352
2025-11-08 03:00:00+00:00,95.0375,97.91967642190221
2025-11-08 04:00:00+00:00,94.195,99.3981584774861
2025-11-08 05:00:00+00:00,95.2775,105.55963460703724
2025-11-08 06:00:00+00:00,103.8425,113.99315084190982
2025-11-08 07:00:00+00:00,105.5,127.40226080112306
2025-11-08 08:00:00+00:00,103.62,117.06929976798287
2025-11-08 09:00:00+00:00,102.1775,111.59598147848327
2025-11-08 10:00:00+00:00,96.9475,103.98903379708645
2025-11-08 11:00:00+00:00,95.16,95.27611138172504
2025-11-08 12:00:00+00:00,95.9125,95.57912926584737
2025-11-08 13:00:00+00:00,101.5425,102.30832992574985
2025-11-08 14:00:00+00:00,117.6175,127.37180349067948
2025-11-08 15:00:00+00:00,124.635,139.8361236391097
2025-11-08 16:00:00+00:00,134.915,138.13369838424703
2025-11-08 17:00:00+00:00,136.5325,150.54783455407104
2025-11-08 18:00:00+00:00,131.98000000000002,141.92289118827603
2025-11-08 19:00:00+00:00,122.9675,124.08978121998447
2025-11-08 20:00:00+00:00,113.305,112.98468011977837
2025-11-08 21:00:00+00:00,106.26,107.64662977587898
2025-11-08 22:00:00+00:00,96.905,102.51573758777585
2025-11-08 23:00:00+00:00,96.345,91.99328739062557
2025-11-09 00:00:00+00:00,94.555,94.77452414394986
2025-11-09 01:00:00+00:00,92.8325,93.72756057563656
2025-11-09 02:00:00+00:00,91.1325,93.12976574180745
2025-11-09 03:00:00+00:00,91.6475,94.40912302220008
2025-11-09 04:00:00+00:00,91.685,94.96317359562482
2025-11-09 05:00:00+00:00,89.9375,96.4514592684125
2025-11-09 06:00:00+00:00,88.615,95.95007058808869
2025-11-09 07:00:00+00:00,97.2725,94.05341612179771
2025-11-09 08:00:00+00:00,97.6175,101.58206842553483
2025-11-09 09:00:00+00:00,97.0325,101.25883989803488
2025-11-09 10:00:00+00:00,97.305,98.29436232435656
2025-11-09 11:00:00+00:00,97.8375,98.38076202601034
2025-11-09 12:00:00+00:00,96.4025,99.61830901495743
2025-11-09 13:00:00+00:00,97.315,100.7462713117512
2025-11-09 14:00:00+00:00,97.795,110.05830708219074
2025-11-09 15:00:00+00:00,109.8475,112.42678961032118
2025-11-09 16:00:00+00:00,125.1,128.5839883115389
2025-11-09 17:00:00+00:00,126.1,136.63852391010388
2025-11-09 18:00:00+00:00,117.955,134.25614774090184
2025-11-09 19:00:00+00:00,106.0,111.78788556485962
2025-11-09 20:00:00+00:00,93.5375,104.48685087355463
2025-11-09 21:00:00+00:00,92.315,91.21976787238094
2025-11-09 22:00:00+00:00,89.93,88.45689603820092
2025-11-09 23:00:00+00:00,88.98,86.72019065465949
2025-11-10 00:00:00+00:00,87.63499999999999,87.11338841060633
2025-11-10 01:00:00+00:00,88.9025,86.67191229669373
2025-11-10 02:00:00+00:00,87.5225,88.0442157107991
2025-11-10 03:00:00+00:00,87.1775,91.67754935653494
2025-11-10 04:00:00+00:00,92.3125,94.85235991460121
2025-11-10 05:00:00+00:00,113.4525,107.52278553244123
2025-11-10 06:00:00+00:00,142.995,129.54383340857837
2025-11-10 07:00:00+00:00,157.875,152.04967410053393
2025-11-10 08:00:00+00:00,144.2975,149.7762227645671
2025-11-10 09:00:00+00:00,126.2725,132.1416792621472
2025-11-10 10:00:00+00:00,115.245,115.2445471403122
2025-11-10 11:00:00+00:00,105.9225,108.3011057784543
2025-11-10 12:00:00+00:00,108.41,106.70845080476005
2025-11-10 13:00:00+00:00,115.565,113.95397132803677
2025-11-10 14:00:00+00:00,126.2525,127.6298827866037
2025-11-10 15:00:00+00:00,133.35500000000002,135.87501495791187
2025-11-10 16:00:00+00:00,139.4025,145.44100815931023
2025-11-10 17:00:00+00:00,120.725,145.54965062537718
2025-11-10 18:00:00+00:00,103.6625,122.31450591286934
2025-11-10 19:00:00+00:00,90.11,96.96504586582608
2025-11-10 20:00:00+00:00,88.9875,85.86913715298131
2025-11-10 21:00:00+00:00,88.39250000000001,85.04431613296443
2025-11-10 22:00:00+00:00,83.87,84.67159670585828
2025-11-10 23:00:00+00:00,83.19,82.37538057406833
2025-11-11 00:00:00+00:00,79.9825,82.21797221080213
2025-11-11 01:00:00+00:00,75.80250000000001,79.60297301261508
2025-11-11 02:00:00+00:00,74.87,74.30953133926086
2025-11-11 03:00:00+00:00,75.495,78.46781143245792
2025-11-11 04:00:00+00:00,77.07249999999999,79.85345566014549
2025-11-11 05:00:00+00:00,86.7875,87.05963762552062
2025-11-11 06:00:00+00:00,105.21,100.31732818169435
2025-11-11 07:00:00+00:00,113.7975,122.63388213298849
2025-11-11 08:00:00+00:00,103.115,123.94395714872151
2025-11-11 09:00:00+00:00,91.4725,107.44473148483286
2025-11-11 10:00:00+00:00,87.9225,92.51128954113105
2025-11-11 11:00:00+00:00,86.66,84.18628630603516
2025-11-11 12:00:00+00:00,89.93,85.19397851634025
2025-11-11 13:00:00+00:00,101.235,96.56780946696165
2025-11-11 14:00:00+00:00,124.275,114.95005153230905
2025-11-11 15:00:00+00:00,143.0725,133.98093891545273
2025-11-11 16:00:00+00:00,143.2575,148.58372512739174
2025-11-11 17:00:00+00:00,114.9975,148.05305143013098
2025-11-11 18:00:00+00:00,105.0325,114.87989013614806
2025-11-11 19:00:00+00:00,98.175,97.86152883078095
2025-11-11 20:00:00+00:00,96.3825,92.87323973139881
2025-11-11 21:00:00+00:00,92.06,89.02049199464376
2025-11-11 22:00:00+00:00,75.5,88.10379562807964
2025-11-11 23:00:00+00:00,74.9775,75.12664946257826
2025-11-12 00:00:00+00:00,68.315,73.38534916454579
2025-11-12 01:00:00+00:00,64.41,66.74872331599062
2025-11-12 02:00:00+00:00,62.4,62.949401557613434
2025-11-12 03:00:00+00:00,62.3,65.32930688432036
2025-11-12 04:00:00+00:00,69.30000000000001,70.01385572927234
2025-11-12 05:00:00+00:00,76.9975,82.35395762801816
2025-11-12 06:00:00+00:00,107.26,89.6633966006635
2025-11-12 07:00:00+00:00,100.7225,111.57851927192245
2025-11-12 08:00:00+00:00,78.1125,96.22366334465649
2025-11-12 09:00:00+00:00,71.5275,72.19495787863463
2025-11-12 10:00:00+00:00,60.005,67.51034253882636
2025-11-12 11:00:00+00:00,59.135,56.94222284223475
2025-11-12 12:00:00+00:00,73.7675,56.96621601162347
2025-11-12 13:00:00+00:00,80.425,81.89423559892707
2025-11-12 14:00:00+00:00,104.97,93.54840672013975
2025-11-12 15:00:00+00:00,113.625,123.35611046312893
2025-11-12 16:00:00+00:00,115.395,124.59738732751822
2025-11-12 17:00:00+00:00,104.8675,121.45485666065564
2025-11-12 18:00:00+00:00,88.9275,103.2899827018495
2025-11-12 19:00:00+00:00,80.945,79.93517137187027
2025-11-12 20:00:00+00:00,76.905,75.21338493766115
2025-11-12 21:00:00+00:00,75.545,68.42681968466255
2025-11-12 22:00:00+00:00,56.935,62.41068152815361
2025-11-12 23:00:00+00:00,32.917500000000004,42.89881511075993
2025-11-13 00:00:00+00:00,18.9725,28.298444677148744
2025-11-13 01:00:00+00:00,11.1875,18.317240912825344
2025-11-13 02:00:00+00:00,7.78,13.724795318614833
2025-11-13 03:00:00+00:00,6.0,8.94166829048819
2025-11-13 04:00:00+00:00,25.9725,20.82561505327918
2025-11-13 05:00:00+00:00,50.885000000000005,50.741609404351635
2025-11-13 06:00:00+00:00,76.845,75.20470997124734
2025-11-13 07:00:00+00:00,66.0825,78.53181086080684
2025-11-13 08:00:00+00:00,53.61,58.289861190876046
2025-11-13 09:00:00+00:00,50.3225,46.01412092387907
2025-11-13 10:00:00+00:00,42.96,37.155274839652236
2025-11-13 11:00:00+00:00,48.09,36.90934748414386
2025-11-13 12:00:00+00:00,60.5725,49.580208906645964
2025-11-13 13:00:00+00:00,77.33500000000001,69.97165569707356
2025-11-13 14:00:00+00:00,101.665,88.52906270325485
2025-11-13 15:00:00+00:00,111.5125,120.1116971289223
2025-11-13 16:00:00+00:00,130.1,132.23577385329688
2025-11-13 17:00:00+00:00,131.8025,135.36455916847743
2025-11-13 18:00:00+00:00,129.8875,131.68888899349744
2025-11-13 19:00:00+00:00,111.845,114.36085175488836
2025-11-13 20:00:00+00:00,116.6075,105.31997744374938
2025-11-13 21:00:00+00:00,110.585,107.05805010964747
2025-11-13 22:00:00+00:00,102.7725,104.49437455602796
2025-11-13 23:00:00+00:00,98.4425,98.63502941336341
2025-11-14 00:00:00+00:00,95.8025,96.74758560167332
2025-11-14 01:00:00+00:00,94.9325,94.57061320798043
2025-11-14 02:00:00+00:00,91.53,95.01943882992548
2025-11-14 03:00:00+00:00,92.13,98.4763992732691
2025-11-14 04:00:00+00:00,91.6025,104.04328649005551
2025-11-14 05:00:00+00:00,112.7775,109.44570161623558
2025-11-14 06:00:00+00:00,138.3475,136.43538594541778
2025-11-14 07:00:00+00:00,136.385,143.40387979648713
2025-11-14 08:00:00+00:00,120.9025,133.07300813843608
2025-11-14 09:00:00+00:00,112.0275,116.39995091601526
2025-11-14 10:00:00+00:00,106.035,107.04702035625955
2025-11-14 11:00:00+00:00,101.225,105.77995200427931
2025-11-14 12:00:00+00:00,105.4225,105.11215655349814
2025-11-14 13:00:00+00:00,107.0625,113.86035708934111
2025-11-14 14:00:00+00:00,115.3925,119.89305124248061
2025-11-14 15:00:00+00:00,115.965,130.66518966746023
2025-11-14 16:00:00+00:00,131.57,131.3013618970818
2025-11-14 17:00:00+00:00,119.81,143.26488235961503
2025-11-14 18:00:00+00:00,106.49,128.02087159724525
2025-11-14 19:00:00+00:00,98.915,104.69547535187513
2025-11-14 20:00:00+00:00,93.1625,99.40987547091103
2025-11-14 21:00:00+00:00,97.015,92.2958586428837
2025-11-14 22:00:00+00:00,78.65,92.8918125354855
2025-11-14 23:00:00+00:00,77.3775,75.33252306473777
2025-11-15 00:00:00+00:00,77.95,75.6158509076251
2025-11-15 01:00:00+00:00,74.7175,75.35280717746265
2025-11-15 02:00:00+00:00,73.03,73.27553807753272
2025-11-15 03:00:00+00:00,72.2,73.94496527828179
2025-11-15 04:00:00+00:00,70.615,73.91843648563311
2025-11-15 05:00:00+00:00,68.1575,74.89701487960956
2025-11-15 06:00:00+00:00,77.055,76.92421527660619
2025-11-15 07:00:00+00:00,80.065,82.99467264173335
2025-11-15 08:00:00+00:00,85.235,82.07417583781404
2025-11-15 09:00:00+00:00,85.6125,81.28928459237503
2025-11-15 10:00:00+00:00,85.4225,79.30916327854969
2025-11-15 11:00:00+00:00,84.1925,79.47760131925165
2025-11-15 12:00:00+00:00,90.6675,82.35120675415301
2025-11-15 13:00:00+00:00,94.6525,91.37543254987611
2025-11-15 14:00:00+00:00,101.1925,104.27467310049366
2025-11-15 15:00:00+00:00,109.7925,113.51446514209083
2025-11-15 16:00:00+00:00,121.8,121.16780380727869
2025-11-15 17:00:00+00:00,121.5225,125.34539294530401
2025-11-15 18:00:00+00:00,114.065,114.62750864926207
2025-11-15 19:00:00+00:00,109.125,104.35490966787293
2025-11-15 20:00:00+00:00,102.885,102.16103550642792
2025-11-15 21:00:00+00:00,101.7175,97.64418483504907
2025-11-15 22:00:00+00:00,97.8675,94.10637458961544
2025-11-15 23:00:00+00:00,93.7475,91.22324068149251
2025-11-16 00:00:00+00:00,95.0,91.79403718570607
2025-11-16 01:00:00+00:00,93.35,93.17841927438309
2025-11-16 02:00:00+00:00,91.45,92.60421738609465
2025-11-16 03:00:00+00:00,88.215,92.90382166352451
2025-11-16 04:00:00+00:00,91.13,89.81396573644034
2025-11-16 05:00:00+00:00,85.6725,92.8090578635948
2025-11-16 06:00:00+00:00,92.4875,88.81424830476217
2025-11-16 07:00:00+00:00,98.49,96.2075306597915
2025-11-16 08:00:00+00:00,101.185,97.06471392589071
2025-11-16 09:00:00+00:00,99.2775,102.20470739548817
2025-11-16 10:00:00+00:00,102.5675,98.51277943394811
2025-11-16 11:00:00+00:00,102.4675,103.69790016808396
2025-11-16 12:00:00+00:00,103.9975,108.15243646452343
2025-11-16 13:00:00+00:00,109.265,114.01784950286263
2025-11-16 14:00:00+00:00,116.72,120.28244278111397
2025-11-16 15:00:00+00:00,124.495,132.46051232609344
2025-11-16 16:00:00+00:00,129.3725,135.32422443102524
2025-11-16 17:00:00+00:00,125.21,136.9415570638974
2025-11-16 18:00:00+00:00,115.33,127.48237972911288
2025-11-16 19:00:00+00:00,102.7175,107.15001838291286
2025-11-16 20:00:00+00:00,91.41,98.65335419368766
2025-11-16 21:00:00+00:00,94.385,89.78525985766242
2025-11-16 22:00:00+00:00,86.5275,91.90793373321517
2025-11-16 23:00:00+00:00,88.29,80.93904094095225
2025-11-17 00:00:00+00:00,80.5575,86.50143986587736
2025-11-17 01:00:00+00:00,74.0875,79.96465660921208
2025-11-17 02:00:00+00:00,71.32249999999999,73.63449129790882
2025-11-17 03:00:00+00:00,74.095,77.26838390725587
2025-11-17 04:00:00+00:00,83.6,80.58086973682651
2025-11-17 05:00:00+00:00,89.59,96.44248487376912
2025-11-17 06:00:00+00:00,114.8675,105.06950722190011
2025-11-17 07:00:00+00:00,126.9925,130.82070624957996
2025-11-17 08:00:00+00:00,121.6875,129.64609521230201
2025-11-17 09:00:00+00:00,105.215,122.83608308724035
2025-11-17 10:00:00+00:00,84.3925,111.75214426419663
2025-11-17 11:00:00+00:00,77.805,80.65144110963828
2025-11-17 12:00:00+00:00,77.785,81.77951776331223
2025-11-17 13:00:00+00:00,87.035,84.11380669152406
2025-11-17 14:00:00+00:00,97.52,96.35514040568619
2025-11-17 15:00:00+00:00,107.32,108.50676215157077
2025-11-17 16:00:00+00:00,117.355,120.8921484433483
2025-11-17 17:00:00+00:00,116.4925,126.30836084871441
2025-11-17 18:00:00+00:00,110.7025,120.58427607982848
2025-11-17 19:00:00+00:00,102.89,102.69691617986011
2025-11-17 20:00:00+00:00,92.6975,97.45349176095009
2025-11-17 21:00:00+00:00,89.7075,87.03752435904212
2025-11-17 22:00:00+00:00,81.14,84.1266962676919
2025-11-17 23:00:00+00:00,84.88499999999999,77.41073702498822
2025-11-18 00:00:00+00:00,82.83,82.34951234578286
2025-11-18 01:00:00+00:00,79.0375,82.4543747220696
2025-11-18 02:00:00+00:00,77.7175,77.01616598684171
2025-11-18 03:00:00+00:00,80.5125,83.60391129457611
2025-11-18 04:00:00+00:00,83.4725,91.69016574015214
2025-11-18 05:00:00+00:00,91.0475,94.84438198092846
2025-11-18 06:00:00+00:00,104.735,103.92167088924556
2025-11-18 07:00:00+00:00,119.84,116.50484461725573
2025-11-18 08:00:00+00:00,107.45,119.20160995496384
2025-11-18 09:00:00+00:00,92.1275,101.56970928022696
2025-11-18 10:00:00+00:00,88.7975,89.2972136028137
2025-11-18 11:00:00+00:00,89.2,83.75646724051057
2025-11-18 12:00:00+00:00,90.6,87.28671777100752
2025-11-18 13:00:00+00:00,96.575,95.15664661520312
2025-11-18 14:00:00+00:00,120.595,105.39614409245712
2025-11-18 15:00:00+00:00,141.9125,130.89058780530843
2025-11-18 16:00:00+00:00,151.66,150.38376175779288
2025-11-18 17:00:00+00:00,143.8025,151.50578786985133
2025-11-18 18:00:00+00:00,131.15,138.19055720920463
2025-11-18 19:00:00+00:00,107.13,120.8478733460403
2025-11-18 20:00:00+00:00,94.6425,102.08502592112299
2025-11-18 21:00:00+00:00,97.4825,88.3903659475221
2025-11-18 22:00:00+00:00,89.9625,92.82889720523994
2025-11-18 23:00:00+00:00,87.3775,84.93559360242944
2025-11-19 00:00:00+00:00,86.225,86.11719887274597
2025-11-19 01:00:00+00:00,84.1675,84.94412247433026
2025-11-19 02:00:00+00:00,83.185,83.88835275754214
2025-11-19 03:00:00+00:00,84.3925,89.5438148514832
2025-11-19 04:00:00+00:00,87.0025,94.05552794835296
2025-11-19 05:00:00+00:00,99.03,96.78417986987853
2025-11-19 06:00:00+00:00,127.03,111.36892216078557
2025-11-19 07:00:00+00:00,136.67000000000002,130.30698932554733
2025-11-19 08:00:00+00:00,115.1625,124.3676513881096
2025-11-19 09:00:00+00:00,97.5225,106.64967712459173
2025-11-19 10:00:00+00:00,91.62,94.63802781907843
2025-11-19 11:00:00+00:00,89.59,86.8970114618949
2025-11-19 12:00:00+00:00,93.5975,89.44330879829475
2025-11-19 13:00:00+00:00,104.62,96.61407081906098
2025-11-19 14:00:00+00:00,113.05,118.70798737906783
2025-11-19 15:00:00+00:00,117.8075,127.82634298429258
2025-11-19 16:00:00+00:00,127.5675,130.5620272747287
2025-11-19 17:00:00+00:00,119.19,131.4308448866096
2025-11-19 18:00:00+00:00,119.05,126.34286169209936
2025-11-19 19:00:00+00:00,105.6875,111.44173109539827
2025-11-19 20:00:00+00:00,100.225,100.25092983879728
2025-11-19 21:00:00+00:00,99.17,96.15538737581501
2025-11-19 22:00:00+00:00,91.885,94.14490627534562
2025-11-19 23:00:00+00:00,90.6275,88.5833931200151
2025-11-20 00:00:00+00:00,88.0925,88.86931107734439
2025-11-20 01:00:00+00:00,87.0325,86.97007389943991
2025-11-20 02:00:00+00:00,86.795,86.36446667990414
2025-11-20 03:00:00+00:00,87.125,91.90905076560952
2025-11-20 04:00:00+00:00,90.5025,95.09405127608456
2025-11-20 05:00:00+00:00,103.6825,103.74819057210533
2025-11-20 06:00:00+00:00,144.4075,117.92862778876776
2025-11-20 07:00:00+00:00,155.715,148.93302267799018
2025-11-20 08:00:00+00:00,153.655,155.5539775928026
2025-11-20 09:00:00+00:00,141.27,139.08164615501107
2025-11-20 10:00:00+00:00,129.3025,128.43955165672435
2025-11-20 11:00:00+00:00,125.055,119.40500252036253
2025-11-20 12:00:00+00:00,126.1,120.32107697575032
2025-11-20 13:00:00+00:00,134.2025,129.34018100636652
2025-11-20 14:00:00+00:00,149.685,141.0898794918513
2025-11-20 15:00:00+00:00,175.82999999999998,156.40467600154162
2025-11-20 16:00:00+00:00,175.4725,192.96499893729734
2025-11-20 17:00:00+00:00,163.25,190.80323866383972
2025-11-20 18:00:00+00:00,156.01749999999998,152.88885084304925
2025-11-20 19:00:00+00:00,137.1025,136.43829548481435
2025-11-20 20:00:00+00:00,120.7525,125.16425309141654
2025-11-20 21:00:00+00:00,108.235,112.61343437592065
2025-11-20 22:00:00+00:00,93.7625,103.31539409728313
2025-11-20 23:00:00+00:00,101.5525,91.71783361921216
2025-11-21 00:00:00+00:00,94.14,101.5072686971742
2025-11-21 01:00:00+00:00,90.2825,93.55243929709448
2025-11-21 02:00:00+00:00,90.185,90.40298643678138
2025-11-21 03:00:00+00:00,93.625,96.76416947691546
2025-11-21 04:00:00+00:00,101.865,104.01692469697555
2025-11-21 05:00:00+00:00,133.525,117.38796584172339
2025-11-21 06:00:00+00:00,180.42,157.7185386999085
2025-11-21 07:00:00+00:00,205.3825,199.42941889129128
2025-11-21 08:00:00+00:00,181.83,191.35892167597402
2025-11-21 09:00:00+00:00,151.015,165.35397111790607
2025-11-21 10:00:00+00:00,137.72,137.66581126967958
2025-11-21 11:00:00+00:00,130.3425,125.49051722875
2025-11-21 12:00:00+00:00,135.57500000000002,123.40775555862584
2025-11-21 13:00:00+00:00,153.7525,144.24700470105248
2025-11-21 14:00:00+00:00,196.8375,165.6642034889214
2025-11-21 15:00:00+00:00,251.87,222.00885171706793
2025-11-21 16:00:00+00:00,250.0075,269.55037834591474
2025-11-21 17:00:00+00:00,205.0875,262.5767233850115
2025-11-21 18:00:00+00:00,171.3675,181.71459209079111
2025-11-21 19:00:00+00:00,141.95,150.71543614145358
2025-11-21 20:00:00+00:00,117.3075,127.33920873119293
2025-11-21 21:00:00+00:00,104.9,110.19082844039154
2025-11-21 22:00:00+00:00,95.0325,101.03986563966869
2025-11-21 23:00:00+00:00,102.2475,93.45338129373518
2025-11-22 00:00:00+00:00,94.6,101.09756783958677
2025-11-22 01:00:00+00:00,88.44,93.40671233253931
2025-11-22 02:00:00+00:00,85.2775,87.94441968666153
2025-11-22 03:00:00+00:00,86.0975,92.1514779697466
2025-11-22 04:00:00+00:00,85.2775,93.67019474961658
2025-11-22 05:00:00+00:00,90.5225,96.01478510879582
2025-11-22 06:00:00+00:00,106.7475,102.80606758815539
2025-11-22 07:00:00+00:00,104.21,119.6799958412532
2025-11-22 08:00:00+00:00,89.1175,107.25242529665171
2025-11-22 09:00:00+00:00,82.00999999999999,83.43092874139411
2025-11-22 10:00:00+00:00,78.58,75.61060483316872
2025-11-22 11:00:00+00:00,76.2825,69.20723723252554
2025-11-22 12:00:00+00:00,75.3675,74.5776573651318
2025-11-22 13:00:00+00:00,81.645,86.3563503315641
2025-11-22 14:00:00+00:00,88.965,107.20767164028203
2025-11-22 15:00:00+00:00,105.0,115.12719267302452
2025-11-22 16:00:00+00:00,114.455,130.31235748251103
2025-11-22 17:00:00+00:00,109.2525,126.71693858465046
2025-11-22 18:00:00+00:00,98.33,112.84121298285089
2025-11-22 19:00:00+00:00,86.61,93.76408189517076
2025-11-22 20:00:00+00:00,89.2475,82.25335065043171
2025-11-22 21:00:00+00:00,89.4275,85.87326598389862
2025-11-22 22:00:00+00:00,82.23,85.10016892423685
2025-11-22 23:00:00+00:00,81.5275,77.43165466346831
2025-11-23 00:00:00+00:00,74.35249999999999,79.46653641020481
2025-11-23 01:00:00+00:00,70.44,73.21028568445541
2025-11-23 02:00:00+00:00,63.23,68.2278427230872
2025-11-23 03:00:00+00:00,60.885,65.37672829414186
2025-11-23 04:00:00+00:00,64.21,64.62467087563691
2025-11-23 05:00:00+00:00,62.03,67.08487882648048
2025-11-23 06:00:00+00:00,67.9825,68.48160712084157
2025-11-23 07:00:00+00:00,67.8325,71.79688998727367
2025-11-23 08:00:00+00:00,65.96,63.11569060897031
2025-11-23 09:00:00+00:00,65.985,58.39663905071767
2025-11-23 10:00:00+00:00,66.69,59.06827830167266
2025-11-23 11:00:00+00:00,67.8625,60.09633168471962
2025-11-23 12:00:00+00:00,65.45750000000001,61.55778376724795
2025-11-23 13:00:00+00:00,69.42750000000001,62.087105165706156
2025-11-23 14:00:00+00:00,77.28999999999999,76.26317096405724
2025-11-23 15:00:00+00:00,77.8875,85.32366671584032
2025-11-23 16:00:00+00:00,80.84,84.28294180202428
2025-11-23 17:00:00+00:00,82.54249999999999,85.0261133503881
2025-11-23 18:00:00+00:00,83.7975,79.8736512055745
2025-11-23 19:00:00+00:00,77.4125,77.75090145525522
2025-11-23 20:00:00+00:00,74.16,73.37957436398284
2025-11-23 21:00:00+00:00,75.1675,71.31946453069637
2025-11-23 22:00:00+00:00,71.2625,70.55634440124354
2025-11-23 23:00:00+00:00,72.4575,68.16930718576859
2025-11-24 00:00:00+00:00,70.0625,69.9467848170408
2025-11-24 01:00:00+00:00,72.255,65.83296596528794
2025-11-24 02:00:00+00:00,73.275,70.23418275619377
2025-11-24 03:00:00+00:00,73.755,78.12795639047751
2025-11-24 04:00:00+00:00,80.065,83.92432051513788
2025-11-24 05:00:00+00:00,90.3075,93.29339419091905
2025-11-24 06:00:00+00:00,104.3925,104.40859612288676
2025-11-24 07:00:00+00:00,107.785,117.08354459228094
2025-11-24 08:00:00+00:00,110.26,116.83755227073368
2025-11-24 09:00:00+00:00,117.4475,112.08068826931309
2025-11-24 10:00:00+00:00,128.0375,120.56295816607286
2025-11-24 11:00:00+00:00,134.235,123.76286066800532
2025-11-24 12:00:00+00:00,149.9925,135.01658230385235
2025-11-24 13:00:00+00:00,173.5375,148.35621292669103
2025-11-24 14:00:00+00:00,195.8125,192.53235173160417
2025-11-24 15:00:00+00:00,225.775,212.19229927780535
2025-11-24 16:00:00+00:00,263.4825,239.64433684957174
2025-11-24 17:00:00+00:00,230.5875,274.1013084230238
2025-11-24 18:00:00+00:00,188.305,193.57103340161316
2025-11-24 19:00:00+00:00,151.185,153.30512970318483
2025-11-24 20:00:00+00:00,135.235,131.66395259609962
2025-11-24 21:00:00+00:00,123.035,121.98132394637412
2025-11-24 22:00:00+00:00,105.405,113.08106953289838
2025-11-24 23:00:00+00:00,100.9,100.11015267229799
2025-11-25 00:00:00+00:00,99.1525,100.70189941643456
2025-11-25 01:00:00+00:00,97.5875,97.74907345121555
2025-11-25 02:00:00+00:00,96.0975,97.72319259769469
2025-11-25 03:00:00+00:00,99.51,101.44597754059446
2025-11-25 04:00:00+00:00,106.73,107.79031599078306
2025-11-25 05:00:00+00:00,122.4075,116.86837693676308
2025-11-25 06:00:00+00:00,291.02,136.65649460793512
2025-11-25 07:00:00+00:00,333.275,323.7442397856737
2025-11-25 08:00:00+00:00,292.65,341.33544181552645
2025-11-25 09:00:00+00:00,273.085,295.5138792117582
2025-11-25 10:00:00+00:00,326.6275,269.57016009760116
2025-11-25 11:00:00+00:00,351.0,327.4156762687697
2025-11-25 12:00:00+00:00,317.65250000000003,347.2089843655065
2025-11-25 13:00:00+00:00,300.0,323.09747824444753
2025-11-25 14:00:00+00:00,309.995,348.61089954447976
2025-11-25 15:00:00+00:00,325.0825,332.1132447306424
2025-11-25 16:00:00+00:00,373.3125,358.36290683748877
2025-11-25 17:00:00+00:00,297.905,375.4486113151456
2025-11-25 18:00:00+00:00,249.3725,248.2290284528156
2025-11-25 19:00:00+00:00,172.835,222.5769863217217
2025-11-25 20:00:00+00:00,135.02,149.8810017453351
2025-11-25 21:00:00+00:00,119.155,126.53360869040559
2025-11-25 22:00:00+00:00,102.035,113.11790802322895
2025-11-25 23:00:00+00:00,92.855,99.27565993407039
2025-11-26 00:00:00+00:00,89.94999999999999,94.28782846430605
2025-11-26 01:00:00+00:00,88.325,91.46046928110924
2025-11-26 02:00:00+00:00,89.435,89.6828816618008
2025-11-26 03:00:00+00:00,89.80250000000001,100.27275930315167
2025-11-26 04:00:00+00:00,97.25,104.56173782653346
2025-11-26 05:00:00+00:00,129.8225,113.5466916906933
2025-11-26 06:00:00+00:00,191.17,154.84295433936177
2025-11-26 07:00:00+00:00,237.2225,263.45661627273375
2025-11-26 08:00:00+00:00,211.8475,219.1880919252887
2025-11-26 09:00:00+00:00,197.1375,202.1296873785085
2025-11-26 10:00:00+00:00,170.4975,184.39529837263322
2025-11-26 11:00:00+00:00,164.6825,164.92880860146758
2025-11-26 12:00:00+00:00,168.2375,165.0360418891138
2025-11-26 13:00:00+00:00,184.49,206.225045598393
2025-11-26 14:00:00+00:00,223.7225,230.24689639477646
2025-11-26 15:00:00+00:00,294.3775,263.8488509924898
2025-11-26 16:00:00+00:00,294.61,303.52408590595996
2025-11-26 17:00:00+00:00,228.93,294.1385623483331
2025-11-26 18:00:00+00:00,183.675,206.37001117259103
2025-11-26 19:00:00+00:00,141.26,161.17867987864102
2025-11-26 20:00:00+00:00,114.9475,129.29204770020064
2025-11-26 21:00:00+00:00,101.9925,112.93990147808944
2025-11-26 22:00:00+00:00,90.1875,98.97544783113148
2025-11-26 23:00:00+00:00,89.945,87.31257184002281
2025-11-27 00:00:00+00:00,84.275,87.60409498229
2025-11-27 01:00:00+00:00,79.9475,82.96815166187264
2025-11-27 02:00:00+00:00,77.3425,79.55052625069878
2025-11-27 03:00:00+00:00,79.94749999999999,86.64383885757195
2025-11-27 04:00:00+00:00,82.0775,96.6868715323704
2025-11-27 05:00:00+00:00,112.22,104.50402409826762
2025-11-27 06:00:00+00:00,122.0,137.81376745158803
2025-11-27 07:00:00+00:00,123.105,141.62363543159847
2025-11-27 08:00:00+00:00,106.9525,137.61780478012452
2025-11-27 09:00:00+00:00,90.9475,120.24555940605654
2025-11-27 10:00:00+00:00,88.66499999999999,92.77728866988328
2025-11-27 11:00:00+00:00,87.0625,85.72632495495662
2025-11-27 12:00:00+00:00,85.75999999999999,93.0749215640065
2025-11-27 13:00:00+00:00,89.2475,99.38108119512702
2025-11-27 14:00:00+00:00,90.6,113.89517071801902
2025-11-27 15:00:00+00:00,90.43,113.59217835793153
2025-11-27 16:00:00+00:00,97.5075,111.59739684926329
2025-11-27 17:00:00+00:00,101.3925,108.66244813243772
2025-11-27 18:00:00+00:00,88.27,107.25964897151411
2025-11-27 19:00:00+00:00,85.39750000000001,81.73325583966432
2025-11-27 20:00:00+00:00,80.625,78.95085130699258
2025-11-27 21:00:00+00:00,85.105,76.46205437972843
2025-11-27 22:00:00+00:00,69.45750000000001,79.58181770216282
2025-11-27 23:00:00+00:00,60.84,64.33720851292071
2025-11-28 00:00:00+00:00,55.0,63.133263943706524
2025-11-28 01:00:00+00:00,52.93,53.298253830971156
2025-11-28 02:00:00+00:00,47.8825,55.06184357991096
2025-11-28 03:00:00+00:00,58.375,56.152011971536496
2025-11-28 04:00:00+00:00,61.04,65.8538500385489
2025-11-28 05:00:00+00:00,82.8625,80.55689869175856
2025-11-28 06:00:00+00:00,87.82,95.52502148516552
2025-11-28 07:00:00+00:00,100.475,98.83281500555688
2025-11-28 08:00:00+00:00,103.4,107.92056722830341
2025-11-28 09:00:00+00:00,97.845,104.312727143171
2025-11-28 10:00:00+00:00,102.82,99.67415045143979
2025-11-28 11:00:00+00:00,98.7125,103.24608504050981
2025-11-28 12:00:00+00:00,99.45,102.46111267589848
2025-11-28 13:00:00+00:00,98.79,106.08932749746349
2025-11-28 14:00:00+00:00,104.67,110.43234148040327
2025-11-28 15:00:00+00:00,103.4,125.7062906282488
2025-11-28 16:00:00+00:00,96.1575,125.47142014920937
2025-11-28 17:00:00+00:00,98.125,104.5731939052124
2025-11-28 18:00:00+00:00,93.32,102.45334895582238
2025-11-28 19:00:00+00:00,88.45750000000001,90.8962131948895
2025-11-28 20:00:00+00:00,85.41,81.96107222344749
2025-11-28 21:00:00+00:00,85.545,80.5396815274241
2025-11-28 22:00:00+00:00,77.83,81.1929793285449
2025-11-28 23:00:00+00:00,81.72999999999999,71.86010855775677
2025-11-29 00:00:00+00:00,80.89750000000001,80.11033890017198
2025-11-29 01:00:00+00:00,81.33500000000001,78.98253070178997
2025-11-29 02:00:00+00:00,82.5575,79.28062057019866
2025-11-29 03:00:00+00:00,85.6975,85.34783378452002
2025-11-29 04:00:00+00:00,89.9975,87.73923119677842
2025-11-29 05:00:00+00:00,90.8875,92.18343377674252
2025-11-29 06:00:00+00:00,96.175,97.60849384255742
2025-11-29 07:00:00+00:00,89.15,100.91888920462789
2025-11-29 08:00:00+00:00,101.5825,89.93091354774259
2025-11-29 09:00:00+00:00,101.44,103.14615292780947
2025-11-29 10:00:00+00:00,95.2625,100.39193546638033
2025-11-29 11:00:00+00:00,86.0975,93.99079521434885
2025-11-29 12:00:00+00:00,87.9575,86.32082370007623
2025-11-29 13:00:00+00:00,91.7275,88.61059036016371
2025-11-29 14:00:00+00:00,102.7225,101.89799782607741
2025-11-29 15:00:00+00:00,102.645,111.53156360163139
2025-11-29 16:00:00+00:00,107.085,111.54834568372382
2025-11-29 17:00:00+00:00,98.13,110.2068145023533
2025-11-29 18:00:00+00:00,88.43,94.20689699616382
2025-11-29 19:00:00+00:00,81.1125,82.1649159265725
2025-11-29 20:00:00+00:00,80.8,76.6221059985687
2025-11-29 21:00:00+00:00,83.49000000000001,76.35147024553854
2025-11-29 22:00:00+00:00,77.72749999999999,76.64889421695767
2025-11-29 23:00:00+00:00,75.9725,71.0372869103759
2025-11-30 00:00:00+00:00,69.7825,68.09685795721812
2025-11-30 01:00:00+00:00,67.4375,62.67239812063174
2025-11-30 02:00:00+00:00,65.355,59.67115596908947
2025-11-30 03:00:00+00:00,67.0,59.97321186012115
2025-11-30 04:00:00+00:00,74.2925,62.434989897683366
2025-11-30 05:00:00+00:00,75.5775,73.11924457190618
2025-11-30 06:00:00+00:00,75.975,76.23190267466845
2025-11-30 07:00:00+00:00,79.84,80.13582761203841
2025-11-30 08:00:00+00:00,80.65,80.0268341385411
2025-11-30 09:00:00+00:00,84.4225,79.92905093607584
2025-11-30 10:00:00+00:00,81.5425,80.2055921205984
2025-11-30 11:00:00+00:00,80.695,79.81679393023747
2025-11-30 12:00:00+00:00,82.5175,81.430387766573
2025-11-30 13:00:00+00:00,87.5475,85.20239254703048
2025-11-30 14:00:00+00:00,93.5775,94.05402870700155
2025-11-30 15:00:00+00:00,92.81,100.12074912092054
2025-11-30 16:00:00+00:00,104.0475,99.60551448339986
2025-11-30 17:00:00+00:00,106.2125,105.99428324931618
2025-11-30 18:00:00+00:00,104.1275,105.15232933509085
2025-11-30 19:00:00+00:00,97.525,95.65085975018864
2025-11-30 20:00:00+00:00,92.93,91.02835941934663
2025-11-30 21:00:00+00:00,92.5975,88.39683677697523
2025-11-30 22:00:00+00:00,87.1275,88.02927872122618
2025-11-30 23:00:00+00:00,87.995,80.84729695809816
2025-12-01 00:00:00+00:00,86.02250000000001,85.19500422487755
2025-12-01 01:00:00+00:00,81.34,83.73440942322708
2025-12-01 02:00:00+00:00,85.14,79.79292841584046
2025-12-01 03:00:00+00:00,80.2575,89.63677262997324
2025-12-01 04:00:00+00:00,88.745,91.3930918337903
2025-12-01 05:00:00+00:00,88.625,98.73184373869634
2025-12-01 06:00:00+00:00,127.86,99.8013780691106
2025-12-01 07:00:00+00:00,139.3325,126.43674448183003
2025-12-01 08:00:00+00:00,105.095,132.33734921095277
2025-12-01 09:00:00+00:00,93.7325,99.48245118776762
2025-12-01 10:00:00+00:00,85.96,91.32678838727499
2025-12-01 11:00:00+00:00,85.01750000000001,82.12557025467868
2025-12-01 12:00:00+00:00,90.07,83.68525118672342
2025-12-01 13:00:00+00:00,107.2175,100.06338595611916
2025-12-01 14:00:00+00:00,120.3225,124.43488961955072
2025-12-01 15:00:00+00:00,112.965,128.94319915608838
2025-12-01 16:00:00+00:00,94.4125,130.37899630999254
2025-12-01 17:00:00+00:00,88.9925,101.8388204150307
2025-12-01 18:00:00+00:00,86.7675,87.5790686165467
2025-12-01 19:00:00+00:00,82.3,80.40212266364341
2025-12-01 20:00:00+00:00,75.95,77.64627939873067
2025-12-01 21:00:00+00:00,76.43,72.36641531344195
2025-12-01 22:00:00+00:00,71.80250000000001,69.69571312919715
2025-12-01 23:00:00+00:00,65.7775,67.3152285115061
2025-12-02 00:00:00+00:00,58.82,60.90271784140995
2025-12-02 01:00:00+00:00,54.935,56.66867807827535
2025-12-02 02:00:00+00:00,53.7325,53.91718553283781
2025-12-02 03:00:00+00:00,50.4675,56.18894559427346
2025-12-02 04:00:00+00:00,64.58500000000001,62.66995546466151
2025-12-02 05:00:00+00:00,78.5125,78.1106308120547
2025-12-02 06:00:00+00:00,87.7875,94.91820552622411
2025-12-02 07:00:00+00:00,87.65,101.69838044531416
2025-12-02 08:00:00+00:00,88.28,91.29498341381907
2025-12-02 09:00:00+00:00,85.8325,85.5591297696364
2025-12-02 10:00:00+00:00,86.7225,82.89283161799258
2025-12-02 11:00:00+00:00,87.44749999999999,83.8671371860525
2025-12-02 12:00:00+00:00,97.035,86.2225797572121
2025-12-02 13:00:00+00:00,105.0075,104.56297292051686
2025-12-02 14:00:00+00:00,140.37,122.36494641012249
2025-12-02 15:00:00+00:00,136.34,149.1752156281729
2025-12-02 16:00:00+00:00,151.64,149.2149596486137
2025-12-02 17:00:00+00:00,162.14249999999998,163.12046923698526
2025-12-02 18:00:00+00:00,163.2025,154.7824497422995
2025-12-02 19:00:00+00:00,154.885,139.60412483234958
2025-12-02 20:00:00+00:00,129.3475,132.30092696363883
2025-12-02 21:00:00+00:00,119.2225,117.38342604022047
2025-12-02 22:00:00+00:00,99.1375,110.42926136716166
2025-12-02 23:00:00+00:00,90.835,93.44066970576223
2025-12-03 00:00:00+00:00,89.0725,89.33258998374289
2025-12-03 01:00:00+00:00,90.2575,87.6712582026249
2025-12-03 02:00:00+00:00,89.8775,90.5019554098035
2025-12-03 03:00:00+00:00,90.02,96.61730031870364
2025-12-03 04:00:00+00:00,98.98,102.18803718609587
2025-12-03 05:00:00+00:00,150.945,115.22543659782065
2025-12-03 06:00:00+00:00,200.0,182.40043670400155
2025-12-03 07:00:00+00:00,249.9975,228.36173290288755
2025-12-03 08:00:00+00:00,219.89,228.41201932355182
2025-12-03 09:00:00+00:00,187.18,200.80474034679
2025-12-03 10:00:00+00:00,173.3725,176.46660817410276
2025-12-03 11:00:00+00:00,167.725,158.70412818281477
2025-12-03 12:00:00+00:00,181.4075,160.17181743332327
2025-12-03 13:00:00+00:00,199.9375,198.94939277354933
2025-12-03 14:00:00+00:00,242.5625,221.66939285085186
2025-12-03 15:00:00+00:00,308.35,262.24978352884403
2025-12-03 16:00:00+00:00,259.6025,370.8167952252562
2025-12-03 17:00:00+00:00,204.12,275.3262965043758
2025-12-03 18:00:00+00:00,172.6275,173.8282602836178
2025-12-03 19:00:00+00:00,146.24,147.00017432277812
2025-12-03 20:00:00+00:00,124.825,130.78607306468112
2025-12-03 21:00:00+00:00,113.405,115.5216515294556
2025-12-03 22:00:00+00:00,104.135,106.92398291248753
2025-12-03 23:00:00+00:00,97.3825,99.74958466451218
2025-12-04 00:00:00+00:00,93.8825,96.55832727266883
2025-12-04 01:00:00+00:00,90.8325,93.54442280477346
2025-12-04 02:00:00+00:00,90.3575,90.80709671156215
2025-12-04 03:00:00+00:00,92.3275,99.0788296483836
2025-12-04 04:00:00+00:00,96.755,105.75058464706144
2025-12-04 05:00:00+00:00,124.865,115.09132076267015
2025-12-04 06:00:00+00:00,128.41,147.61160324053446
2025-12-04 07:00:00+00:00,144.7025,145.6998580566036
2025-12-04 08:00:00+00:00,163.985,166.09342151432543
2025-12-04 09:00:00+00:00,138.405,160.53624858955058
2025-12-04 10:00:00+00:00,148.0925,137.38602095759262
2025-12-04 11:00:00+00:00,141.9625,143.13388601056923
2025-12-04 12:00:00+00:00,145.1825,143.3930479310394
2025-12-04 13:00:00+00:00,152.0675,160.7256591452568
2025-12-04 14:00:00+00:00,150.9925,176.41106781313923
2025-12-04 15:00:00+00:00,145.1975,177.36033414465663
2025-12-04 16:00:00+00:00,144.6975,158.1641630770478
2025-12-04 17:00:00+00:00,142.33249999999998,152.1038958978346
2025-12-04 18:00:00+00:00,134.985,140.77097838938272
2025-12-04 19:00:00+00:00,118.6025,123.691572779702
2025-12-04 20:00:00+00:00,103.3525,112.7291779505278
2025-12-04 21:00:00+00:00,109.0375,104.01736350452633
2025-12-04 22:00:00+00:00,98.2575,105.1748821561024
2025-12-04 23:00:00+00:00,95.7425,95.91202538055664
2025-12-05 00:00:00+00:00,93.8625,94.61292941710677
2025-12-05 01:00:00+00:00,90.92,93.66227499614247
2025-12-05 02:00:00+00:00,90.5675,90.54279156686475
2025-12-05 03:00:00+00:00,94.03,96.94878408125706
2025-12-05 04:00:00+00:00,100.8725,104.29845117929415
2025-12-05 05:00:00+00:00,123.99,117.56660947623288
2025-12-05 06:00:00+00:00,162.4175,143.7198833715608
2025-12-05 07:00:00+00:00,184.4325,203.35028812644464
2025-12-05 08:00:00+00:00,184.145,202.2249802906859
2025-12-05 09:00:00+00:00,171.3475,184.4300862979082
2025-12-05 10:00:00+00:00,167.515,160.0039580768763
2025-12-05 11:00:00+00:00,161.56,159.7331320236432
2025-12-05 12:00:00+00:00,157.4475,163.58951951713343
2025-12-05 13:00:00+00:00,161.1775,182.1981019551536
2025-12-05 14:00:00+00:00,162.3475,198.3325529744485
2025-12-05 15:00:00+00:00,169.4975,205.90513000048318
2025-12-05 16:00:00+00:00,158.305,195.34248112735622
2025-12-05 17:00:00+00:00,147.2475,179.72550736912882
2025-12-05 18:00:00+00:00,131.54,148.08310408970166
2025-12-05 19:00:00+00:00,115.15,121.42697595510371
2025-12-05 20:00:00+00:00,97.555,108.95738975757111
2025-12-05 21:00:00+00:00,93.08,99.16818516631889
2025-12-05 22:00:00+00:00,84.1225,91.5709513840738
2025-12-05 23:00:00+00:00,82.08,82.25719240885732
2025-12-06 00:00:00+00:00,76.9725,80.10338504606288
2025-12-06 01:00:00+00:00,73.63,74.54049321880262
2025-12-06 02:00:00+00:00,70.01,67.22331841151482
2025-12-06 03:00:00+00:00,67.42750000000001,69.05254142373154
2025-12-06 04:00:00+00:00,64.9725,60.72168726220636
2025-12-06 05:00:00+00:00,64.585,59.76137723642893
2025-12-06 06:00:00+00:00,67.87,60.531797390434534
2025-12-06 07:00:00+00:00,78.6125,75.27340413650437
2025-12-06 08:00:00+00:00,80.94,80.40264624162262
2025-12-06 09:00:00+00:00,82.295,81.1489057753883
2025-12-06 10:00:00+00:00,80.6125,81.06860325109373
2025-12-06 11:00:00+00:00,80.615,80.58073248902984
2025-12-06 12:00:00+00:00,81.325,82.36126015871669
2025-12-06 13:00:00+00:00,86.1725,84.5596989922506
2025-12-06 14:00:00+00:00,91.0225,96.04642131053204
2025-12-06 15:00:00+00:00,95.5875,102.27309010288711
2025-12-06 16:00:00+00:00,95.1175,102.82605488432974
2025-12-06 17:00:00+00:00,89.1825,97.94644908044171
2025-12-06 18:00:00+00:00,89.655,85.05182040226502
2025-12-06 19:00:00+00:00,83.385,82.60892518281675
2025-12-06 20:00:00+00:00,80.61,76.4259486512101
2025-12-06 21:00:00+00:00,76.495,73.90617251982495
2025-12-06 22:00:00+00:00,71.565,62.18860462639307
2025-12-06 23:00:00+00:00,67.32249999999999,59.357362431392524
2025-12-07 00:00:00+00:00,60.995000000000005,60.98170239391825
2025-12-07 01:00:00+00:00,59.4225,58.88797818914969
2025-12-07 02:00:00+00:00,58.56,53.541582649785006
2025-12-07 03:00:00+00:00,62.075,57.018377014898014
2025-12-07 04:00:00+00:00,62.005,60.077381103329344
2025-12-07 05:00:00+00:00,63.72,59.91468789073883
2025-12-07 06:00:00+00:00,71.83500000000001,65.6353454172047
2025-12-07 07:00:00+00:00,77.9975,75.71987983245059
2025-12-07 08:00:00+00:00,85.555,79.5782916514159
2025-12-07 09:00:00+00:00,90.53,84.95962450569797
2025-12-07 10:00:00+00:00,91.9225,90.06139943980776
2025-12-07 11:00:00+00:00,97.4375,91.4833677285617
2025-12-07 12:00:00+00:00,99.5725,96.87962482034989
2025-12-07 13:00:00+00:00,104.145,102.93896378189737
2025-12-07 14:00:00+00:00,105.735,112.2195254659628
2025-12-07 15:00:00+00:00,109.6075,112.7166997725024
2025-12-07 16:00:00+00:00,111.82,116.40018347971231
2025-12-07 17:00:00+00:00,96.88,112.1118984116076
2025-12-07 18:00:00+00:00,87.4625,93.52671424394131
2025-12-07 19:00:00+00:00,83.75999999999999,76.78782523861337
2025-12-07 20:00:00+00:00,73.72,72.04907015620189
2025-12-07 21:00:00+00:00,65.5975,60.002226627540324
2025-12-07 22:00:00+00:00,41.7375,49.72720362791769
2025-12-07 23:00:00+00:00,19.27,25.24637097713478
2025-12-08 00:00:00+00:00,11.09,15.065849056310427
2025-12-08 01:00:00+00:00,11.6625,11.160017212617142
2025-12-08 02:00:00+00:00,5.59,12.899053910241028
2025-12-08 03:00:00+00:00,12.89,8.151277667445862
2025-12-08 04:00:00+00:00,28.655,17.018356505195765
2025-12-08 05:00:00+00:00,64.3175,44.573359926181844
2025-12-08 06:00:00+00:00,82.84,80.19515087413548
2025-12-08 07:00:00+00:00,100.0,94.01213722973877
2025-12-08 08:00:00+00:00,98.3375,95.59290283367058
2025-12-08 09:00:00+00:00,86.0375,91.02119784353872
2025-12-08 10:00:00+00:00,79.99000000000001,78.44872911018224
2025-12-08 11:00:00+00:00,79.3475,80.30075370890476
2025-12-08 12:00:00+00:00,86.845,81.14031364203245
2025-12-08 13:00:00+00:00,94.08,94.5385598042602
2025-12-08 14:00:00+00:00,100.145,108.11841998089405
2025-12-08 15:00:00+00:00,101.075,109.68838922284004
2025-12-08 16:00:00+00:00,109.85,111.45570192530718
2025-12-08 17:00:00+00:00,100.2625,110.09616090917051
2025-12-08 18:00:00+00:00,96.635,99.11025242182079
2025-12-08 19:00:00+00:00,89.345,88.1482166430113
2025-12-08 20:00:00+00:00,83.5175,81.38459876494966
2025-12-08 21:00:00+00:00,80.21,78.67151371475283
2025-12-08 22:00:00+00:00,73.2525,74.3249102042296
2025-12-08 23:00:00+00:00,73.69749999999999,68.69229299409467
2025-12-09 00:00:00+00:00,72.785,71.48697378743505
2025-12-09 01:00:00+00:00,73.7125,70.64320756550188
2025-12-09 02:00:00+00:00,74.845,72.01623763387252
2025-12-09 03:00:00+00:00,73.72,78.60845970097074
2025-12-09 04:00:00+00:00,80.205,81.7577030081076
2025-12-09 05:00:00+00:00,98.8475,93.23358208573491
2025-12-09 06:00:00+00:00,105.79,109.75082189069904
2025-12-09 07:00:00+00:00,129.75,115.59375150595446
2025-12-09 08:00:00+00:00,111.335,127.04455737887632
2025-12-09 09:00:00+00:00,103.06,107.72563550551095
2025-12-09 10:00:00+00:00,103.34,99.35473514702579
2025-12-09 11:00:00+00:00,97.83,98.34750864361713
2025-12-09 12:00:00+00:00,101.1,98.27641123770101
2025-12-09 13:00:00+00:00,100.22,108.91182359134025
2025-12-09 14:00:00+00:00,110.885,112.28153719596847
2025-12-09 15:00:00+00:00,108.3,124.2414398570454
2025-12-09 16:00:00+00:00,104.5675,122.38280163667643
2025-12-09 17:00:00+00:00,96.91,116.61269124285366
2025-12-09 18:00:00+00:00,85.1025,98.03279361553477
2025-12-09 19:00:00+00:00,83.67,80.53805274172917
2025-12-09 20:00:00+00:00,79.35499999999999,78.12236466298869
2025-12-09 21:00:00+00:00,73.3325,70.79219845162623
2025-12-09 22:00:00+00:00,55.42,65.86723754067603
2025-12-09 23:00:00+00:00,43.9,47.97839776823739
2025-12-10 00:00:00+00:00,36.48,43.10675499939836
2025-12-10 01:00:00+00:00,31.0,30.797568129637607
2025-12-10 02:00:00+00:00,35.1125,34.372612820015135
2025-12-10 03:00:00+00:00,48.09,37.697650190995724
2025-12-10 04:00:00+00:00,69.65,56.40291558157923
2025-12-10 05:00:00+00:00,79.12,84.45206812261544
2025-12-10 06:00:00+00:00,87.505,96.30309267694957
2025-12-10 07:00:00+00:00,94.3325,103.35595533054644
2025-12-10 08:00:00+00:00,94.225,105.21725274488263
2025-12-10 09:00:00+00:00,87.72749999999999,99.71897497643364
2025-12-10 10:00:00+00:00,80.9975,89.6916007917097
2025-12-10 11:00:00+00:00,79.5,83.23213591776874
2025-12-10 12:00:00+00:00,81.4425,87.04776626207797
2025-12-10 13:00:00+00:00,90.2225,86.72759375844888
2025-12-10 14:00:00+00:00,100.665,108.6305748494206
2025-12-10 15:00:00+00:00,104.0025,119.56913337369177
2025-12-10 16:00:00+00:00,105.6725,125.53946653030349
2025-12-10 17:00:00+00:00,104.695,121.17475107953933
2025-12-10 18:00:00+00:00,96.7725,107.2499002917191
2025-12-10 19:00:00+00:00,87.75,90.475457493627
2025-12-10 20:00:00+00:00,86.31,79.69482046886297
2025-12-10 21:00:00+00:00,82.485,77.6664748447272
2025-12-10 22:00:00+00:00,76.425,75.24794840478849
2025-12-10 23:00:00+00:00,73.975,69.5804764662826
2025-12-11 00:00:00+00:00,73.41749999999999,70.64022914847357
2025-12-11 01:00:00+00:00,72.515,70.07604333151261
2025-12-11 02:00:00+00:00,75.2075,68.722794346449
2025-12-11 03:00:00+00:00,76.9125,77.44440478433505
2025-12-11 04:00:00+00:00,80.5925,84.69081169650423
2025-12-11 05:00:00+00:00,90.09,93.2822850084653
2025-12-11 06:00:00+00:00,98.11,105.20382318134708
2025-12-11 07:00:00+00:00,110.3575,106.12508410830273
2025-12-11 08:00:00+00:00,106.1675,113.07786127470256
2025-12-11 09:00:00+00:00,93.18,104.71325295704081
2025-12-11 10:00:00+00:00,91.9175,94.78773849753863
2025-12-11 11:00:00+00:00,89.4,92.40197741342314
2025-12-11 12:00:00+00:00,90.22,92.22694170662835
2025-12-11 13:00:00+00:00,97.7875,97.97279400947768
2025-12-11 14:00:00+00:00,111.265,106.66138230205928
2025-12-11 15:00:00+00:00,114.7,120.2219728466474
2025-12-11 16:00:00+00:00,115.405,121.96959233054957
2025-12-11 17:00:00+00:00,112.5675,122.29371414701525
2025-12-11 18:00:00+00:00,107.79,112.22884651704967
2025-12-11 19:00:00+00:00,103.6425,102.15202320524423
2025-12-11 20:00:00+00:00,94.3925,96.39128006468283
2025-12-11 21:00:00+00:00,93.585,89.2561972118877
2025-12-11 22:00:00+00:00,93.735,88.22398441237127
2025-12-11 23:00:00+00:00,83.78,88.38220953936269
2025-12-12 00:00:00+00:00,86.22,82.6746246848455
2025-12-12 01:00:00+00:00,87.9,85.08381014066947
2025-12-12 02:00:00+00:00,90.1825,87.19803400954453
2025-12-12 03:00:00+00:00,90.7075,96.11289180145118
2025-12-12 04:00:00+00:00,92.2125,101.38284874417532
2025-12-12 05:00:00+00:00,101.2275,108.24364329642465
2025-12-12 06:00:00+00:00,121.325,117.86039550399896
2025-12-12 07:00:00+00:00,130.8525,133.45931189363571
2025-12-12 08:00:00+00:00,126.9025,137.01109922355613
2025-12-12 09:00:00+00:00,121.955,129.66707874640727
2025-12-12 10:00:00+00:00,118.305,122.53225902245632
2025-12-12 11:00:00+00:00,113.0675,120.2313748685659
2025-12-12 12:00:00+00:00,118.26,122.34944324000999
2025-12-12 13:00:00+00:00,126.8225,130.89296059428767
2025-12-12 14:00:00+00:00,131.9475,135.35679099661604
2025-12-12 15:00:00+00:00,145.4875,147.5891984824707
2025-12-12 16:00:00+00:00,146.825,155.19774277087865
2025-12-12 17:00:00+00:00,133.1,156.1410625813947
2025-12-12 18:00:00+00:00,128.0575,136.7515961204721
2025-12-12 19:00:00+00:00,117.0025,117.51595623990137
2025-12-12 20:00:00+00:00,114.93,109.56314405457142
2025-12-12 21:00:00+00:00,103.82,107.82114147145623
2025-12-12 22:00:00+00:00,91.7525,98.46760166475588
2025-12-12 23:00:00+00:00,92.2825,87.05245348592297
2025-12-13 00:00:00+00:00,90.5025,90.43321555845904
2025-12-13 01:00:00+00:00,87.39,89.36795165388362
2025-12-13 02:00:00+00:00,87.0425,86.72499198962015
2025-12-13 03:00:00+00:00,85.0,88.91209926411882
2025-12-13 04:00:00+00:00,84.66749999999999,87.79794653165172
2025-12-13 05:00:00+00:00,79.1425,89.58877351436819
2025-12-13 06:00:00+00:00,81.135,87.59509083196845
2025-12-13 07:00:00+00:00,95.9525,91.11256157282891
2025-12-13 08:00:00+00:00,106.77,104.74490579128677
2025-12-13 09:00:00+00:00,102.585,119.92361586867227
2025-12-13 10:00:00+00:00,98.0925,115.16772838616697
2025-12-13 11:00:00+00:00,93.7575,103.98354598335949
2025-12-13 12:00:00+00:00,92.935,101.82302110380434
2025-12-13 13:00:00+00:00,95.7575,103.76007755754637
2025-12-13 14:00:00+00:00,114.6575,108.78203623777016
2025-12-13 15:00:00+00:00,119.7075,129.6293962563352
2025-12-13 16:00:00+00:00,118.4475,131.97089693192063
2025-12-13 17:00:00+00:00,112.255,128.35646535218268
2025-12-13 18:00:00+00:00,103.63,118.57813389005403
2025-12-13 19:00:00+00:00,91.7075,106.49069027139525
2025-12-13 20:00:00+00:00,90.5575,93.1083214840064
2025-12-13 21:00:00+00:00,93.685,87.86951176873912
2025-12-13 22:00:00+00:00,84.3875,88.20270272663187
2025-12-13 23:00:00+00:00,91.195,79.04915125612547
2025-12-14 00:00:00+00:00,90.5225,87.18976946252826
2025-12-14 01:00:00+00:00,81.9,87.34067514146402
2025-12-14 02:00:00+00:00,79.95,80.17723394943188
2025-12-14 03:00:00+00:00,77.305,83.60979210640791
2025-12-14 04:00:00+00:00,78.7625,80.30388806587378
2025-12-14 05:00:00+00:00,77.175,80.9512188903949
2025-12-14 06:00:00+00:00,77.4725,80.636308363903
2025-12-14 07:00:00+00:00,81.76,81.58373065515654
2025-12-14 08:00:00+00:00,82.345,84.44897878666389
2025-12-14 09:00:00+00:00,80.005,83.04315769366708
2025-12-14 10:00:00+00:00,84.0775,81.20817375484475
2025-12-14 11:00:00+00:00,87.27250000000001,83.48523589112307
2025-12-14 12:00:00+00:00,86.95750000000001,87.0329950628469
2025-12-14 13:00:00+00:00,88.65,89.99746706892907
2025-12-14 14:00:00+00:00,92.0975,96.84789058526349
2025-12-14 15:00:00+00:00,99.2825,102.90343682269238
2025-12-14 16:00:00+00:00,102.785,106.94413493108318
2025-12-14 17:00:00+00:00,103.2925,107.33834082651111
2025-12-14 18:00:00+00:00,92.99,103.28226078944208
2025-12-14 19:00:00+00:00,90.3975,87.27425692776745
2025-12-14 20:00:00+00:00,84.4025,83.65587131408083
2025-12-14 21:00:00+00:00,82.65,79.93270063766197
2025-12-14 22:00:00+00:00,75.75,76.09150266557474
2025-12-14 23:00:00+00:00,72.5,74.52810882288298
2025-12-15 00:00:00+00:00,71.8775,68.11770045607452
2025-12-15 01:00:00+00:00,71.0375,66.02238114566153
2025-12-15 02:00:00+00:00,70.6675,64.98549860471347
2025-12-15 03:00:00+00:00,75.28,74.79568041553688
2025-12-15 04:00:00+00:00,76.8025,81.89717429120452
2025-12-15 05:00:00+00:00,86.525,85.71862459544565
2025-12-15 06:00:00+00:00,98.79,96.75061588681392
2025-12-15 07:00:00+00:00,101.1275,105.64914519664995
2025-12-15 08:00:00+00:00,96.65,104.89848593714038
2025-12-15 09:00:00+00:00,89.61500000000001,91.09640791939522
2025-12-15 10:00:00+00:00,79.7225,84.45289985948375
2025-12-15 11:00:00+00:00,79.77,75.40984634532934
2025-12-15 12:00:00+00:00,88.26,79.05674218591088
2025-12-15 13:00:00+00:00,95.4375,88.74901975790877
2025-12-15 14:00:00+00:00,107.3,101.52538550531094
2025-12-15 15:00:00+00:00,108.655,118.7968452317879
2025-12-15 16:00:00+00:00,104.2125,120.21977929569108
2025-12-15 17:00:00+00:00,98.1575,114.75051832936337
2025-12-15 18:00:00+00:00,90.4175,94.15453439598518
2025-12-15 19:00:00+00:00,84.25,83.6378368444491
2025-12-15 20:00:00+00:00,85.17,79.10522206007118
2025-12-15 21:00:00+00:00,84.9775,79.30967312600725
2025-12-15 22:00:00+00:00,80.4625,79.59338411112773
2025-12-15 23:00:00+00:00,80.67,76.23173860317243
2025-12-16 00:00:00+00:00,79.05250000000001,78.92741445171369
2025-12-16 01:00:00+00:00,77.0975,77.11676851870396
2025-12-16 02:00:00+00:00,79.0525,74.8267901230123
2025-12-16 03:00:00+00:00,80.3875,84.44481095898125
2025-12-16 04:00:00+00:00,82.3125,92.03392289161371
2025-12-16 05:00:00+00:00,88.4,94.84274027199378
2025-12-16 06:00:00+00:00,91.385,98.73583539087113
2025-12-16 07:00:00+00:00,100.4675,102.75701442812526
2025-12-16 08:00:00+00:00,101.265,106.20911288588118
2025-12-16 09:00:00+00:00,92.345,102.65539358012161
2025-12-16 10:00:00+00:00,90.6075,92.45812055780081
2025-12-16 11:00:00+00:00,91.5125,88.8627952049795
2025-12-16 12:00:00+00:00,99.885,94.04994205272591
2025-12-16 13:00:00+00:00,124.3975,104.77132268851203
2025-12-16 14:00:00+00:00,139.3775,127.83047456142535
2025-12-16 15:00:00+00:00,155.3125,145.42556054938782
2025-12-16 16:00:00+00:00,162.20499999999998,165.97226355598087
2025-12-16 17:00:00+00:00,142.25,171.33240904064402
2025-12-16 18:00:00+00:00,137.0975,136.14016359741552
2025-12-16 19:00:00+00:00,128.85,125.06303125204664
2025-12-16 20:00:00+00:00,118.9425,116.94368726810839
2025-12-16 21:00:00+00:00,115.575,111.1632928976966
2025-12-16 22:00:00+00:00,103.42,109.47126313453829
2025-12-16 23:00:00+00:00,89.0025,98.13153114063583
2025-12-17 00:00:00+00:00,89.79,87.38430454235467
2025-12-17 01:00:00+00:00,86.4925,88.71730617034909
2025-12-17 02:00:00+00:00,85.025,85.62742671678735
2025-12-17 03:00:00+00:00,88.0775,90.86063753936457
2025-12-17 04:00:00+00:00,90.4975,96.90907008019587
2025-12-17 05:00:00+00:00,95.4875,104.3058686194424
2025-12-17 06:00:00+00:00,108.825,109.09908170969271
2025-12-17 07:00:00+00:00,133.46,122.20475480444983
2025-12-17 08:00:00+00:00,126.295,139.46809213899877
2025-12-17 09:00:00+00:00,124.535,121.55743255940199
2025-12-17 10:00:00+00:00,118.15,113.50825458837083
2025-12-17 11:00:00+00:00,111.895,110.52347288972851
2025-12-17 12:00:00+00:00,122.6575,113.91828615837623
2025-12-17 13:00:00+00:00,129.97,131.73472570372485
2025-12-17 14:00:00+00:00,127.5025,140.42189468585616
2025-12-17 15:00:00+00:00,126.4975,137.57400215042418
2025-12-17 16:00:00+00:00,122.825,134.39242453227445
2025-12-17 17:00:00+00:00,111.4,130.429890998062
2025-12-17 18:00:00+00:00,97.505,122.23576501426818
2025-12-17 19:00:00+00:00,94.71,101.6746160158768
2025-12-17 20:00:00+00:00,94.7025,96.25971278027129
2025-12-17 21:00:00+00:00,93.2175,95.4074625630056
2025-12-17 22:00:00+00:00,85.0,89.01581688842128
2025-12-17 23:00:00+00:00,77.755,78.9398769168181
2025-12-18 00:00:00+00:00,69.065,74.37372972112875
2025-12-18 01:00:00+00:00,60.1275,62.673141578848124
2025-12-18 02:00:00+00:00,48.89,57.83050006921328
2025-12-18 03:00:00+00:00,44.8175,52.139550979531506
2025-12-18 04:00:00+00:00,50.8275,54.51784794351156
2025-12-18 05:00:00+00:00,63.24250000000001,65.26620187226601
2025-12-18 06:00:00+00:00,81.525,78.36411234970811
2025-12-18 07:00:00+00:00,90.7425,93.43285496489334
2025-12-18 08:00:00+00:00,88.5575,91.25612139135514
2025-12-18 09:00:00+00:00,78.2825,78.43524636881926
2025-12-18 10:00:00+00:00,78.2875,70.03019488350617
2025-12-18 11:00:00+00:00,77.4225,70.04804214936166
2025-12-18 12:00:00+00:00,79.47749999999999,74.03993116812904
2025-12-18 13:00:00+00:00,103.755,82.14582618582239
2025-12-18 14:00:00+00:00,114.4925,111.97938071111574
2025-12-18 15:00:00+00:00,110.8825,122.29532862199171
2025-12-18 16:00:00+00:00,103.4175,113.7957449897222
2025-12-18 17:00:00+00:00,88.255,99.59552497329538
2025-12-18 18:00:00+00:00,80.14,81.93019255405217
2025-12-18 19:00:00+00:00,67.6825,69.9234214965716
2025-12-18 20:00:00+00:00,53.255,59.4022999048653
2025-12-18 21:00:00+00:00,51.8,45.48067454327156
2025-12-18 22:00:00+00:00,18.6525,39.12361516457781
2025-12-18 23:00:00+00:00,9.84,17.965120639686834
2025-12-19 00:00:00+00:00,5.8575,9.837583513436714
2025-12-19 01:00:00+00:00,4.33,7.014563203209601
2025-12-19 02:00:00+00:00,3.515,3.8265311270023186
2025-12-19 03:00:00+00:00,4.115,5.065000134825979
2025-12-19 04:00:00+00:00,10.775,11.737659669243756
2025-12-19 05:00:00+00:00,40.28,26.505614814367433
2025-12-19 06:00:00+00:00,76.7125,62.71256426435733
2025-12-19 07:00:00+00:00,89.5425,88.89027360753384
2025-12-19 08:00:00+00:00,89.38499999999999,92.71730321272597
2025-12-19 09:00:00+00:00,89.23,89.72214286175038
2025-12-19 10:00:00+00:00,87.49000000000001,88.00214952343447
2025-12-19 11:00:00+00:00,84.57249999999999,88.52656728736667
2025-12-19 12:00:00+00:00,87.625,90.65947865481671
2025-12-19 13:00:00+00:00,93.3475,95.22233778983193
2025-12-19 14:00:00+00:00,97.4025,116.75458400659183
2025-12-19 15:00:00+00:00,100.3325,119.15583564889994
2025-12-19 16:00:00+00:00,106.905,125.9377787809623
2025-12-19 17:00:00+00:00,107.48,126.98764091922652
2025-12-19 18:00:00+00:00,105.1225,113.49896697095728
2025-12-19 19:00:00+00:00,102.91,97.40009599147479
2025-12-19 20:00:00+00:00,98.4625,97.43277327330196
2025-12-19 21:00:00+00:00,96.2775,93.98262897272599
2025-12-19 22:00:00+00:00,90.18,89.31969638397723
2025-12-19 23:00:00+00:00,84.8125,84.72755862776248
2025-12-20 00:00:00+00:00,83.4,82.20105502767143
2025-12-20 01:00:00+00:00,85.0025,82.80094765309033
2025-12-20 02:00:00+00:00,87.4875,84.07730802601678
2025-12-20 03:00:00+00:00,88.46000000000001,89.47965278182133
2025-12-20 04:00:00+00:00,89.915,91.76209904634315
2025-12-20 05:00:00+00:00,95.975,94.06688500181662
2025-12-20 06:00:00+00:00,104.0,101.1234091261394
2025-12-20 07:00:00+00:00,113.2075,115.57839837544996
2025-12-20 08:00:00+00:00,114.8,121.68524327962183
2025-12-20 09:00:00+00:00,112.6675,121.74337472375322
2025-12-20 10:00:00+00:00,110.9875,114.18471516876507
2025-12-20 11:00:00+00:00,110.2675,109.70442007454078
2025-12-20 12:00:00+00:00,114.9825,116.48013976649831
2025-12-20 13:00:00+00:00,119.4825,127.14487599418544
2025-12-20 14:00:00+00:00,120.6375,134.03072531652785
2025-12-20 15:00:00+00:00,120.205,134.86914238295753
2025-12-20 16:00:00+00:00,122.3925,134.39542842101346
2025-12-20 17:00:00+00:00,118.265,132.26933729470375
2025-12-20 18:00:00+00:00,104.11,125.18927776995082
2025-12-20 19:00:00+00:00,96.3825,98.40195342603536
2025-12-20 20:00:00+00:00,93.01,91.07239952518016
2025-12-20 21:00:00+00:00,92.245,90.6912078326914
2025-12-20 22:00:00+00:00,90.6725,90.55436386000702
2025-12-20 23:00:00+00:00,95.7,87.3886413339193
2025-12-21 00:00:00+00:00,90.045,92.21508046615166
2025-12-21 01:00:00+00:00,86.485,87.99833872642901
2025-12-21 02:00:00+00:00,85.39500000000001,84.59384125435588
2025-12-21 03:00:00+00:00,85.6275,86.42276840978924
2025-12-21 04:00:00+00:00,86.825,86.62308220301537
2025-12-21 05:00:00+00:00,88.14,87.16139852678653
2025-12-21 06:00:00+00:00,92.8525,89.72248903247886
2025-12-21 07:00:00+00:00,102.1475,97.82440119231428
2025-12-21 08:00:00+00:00,107.01,103.26181547389278
2025-12-21 09:00:00+00:00,102.5825,103.46298412117748
2025-12-21 10:00:00+00:00,101.3,100.37036746235903
2025-12-21 11:00:00+00:00,98.4825,98.03674695064558
2025-12-21 12:00:00+00:00,94.8675,94.31572479968568
2025-12-21 13:00:00+00:00,98.8925,94.78455585784766
2025-12-21 14:00:00+00:00,100.87,104.52250603724029
2025-12-21 15:00:00+00:00,97.515,108.2937889804924
2025-12-21 16:00:00+00:00,97.0675,104.0074099662234
2025-12-21 17:00:00+00:00,90.795,98.72411009402892
2025-12-21 18:00:00+00:00,86.14,88.27610479366905
2025-12-21 19:00:00+00:00,81.655,78.57055531536243
2025-12-21 20:00:00+00:00,78.8625,73.24671992443042
2025-12-21 21:00:00+00:00,77.495,65.72280868831047
2025-12-21 22:00:00+00:00,70.905,62.212096104632316
2025-12-21 23:00:00+00:00,70.22749999999999,55.82836023719681
2025-12-22 00:00:00+00:00,68.8275,60.119361747495944
2025-12-22 01:00:00+00:00,67.785,58.384437148473
2025-12-22 02:00:00+00:00,66.31,58.29519912767185
2025-12-22 03:00:00+00:00,71.5175,59.122305269158716
2025-12-22 04:00:00+00:00,74.1125,67.21988176875001
2025-12-22 05:00:00+00:00,78.1875,76.85250383046224
2025-12-22 06:00:00+00:00,90.4475,85.54509437986691
2025-12-22 07:00:00+00:00,93.3425,100.59434444334458
2025-12-22 08:00:00+00:00,90.7925,97.03912303601115
2025-12-22 09:00:00+00:00,89.2475,93.46306410588718
2025-12-22 10:00:00+00:00,85.0,91.29311242998199
2025-12-22 11:00:00+00:00,86.34,87.24072966639628
2025-12-22 12:00:00+00:00,88.615,89.32278245637846
2025-12-22 13:00:00+00:00,92.1225,91.80042411298267
2025-12-22 14:00:00+00:00,99.5375,101.5302526829715
2025-12-22 15:00:00+00:00,101.18,105.62358055562761
2025-12-22 16:00:00+00:00,107.8925,109.00970140697868
2025-12-22 17:00:00+00:00,100.9,112.03909088118878
2025-12-22 18:00:00+00:00,93.79,100.94708693622995
2025-12-22 19:00:00+00:00,89.47749999999999,88.02724347096456
2025-12-22 20:00:00+00:00,84.86,82.71535022137567
2025-12-22 21:00:00+00:00,84.8225,79.17144208410713
2025-12-22 22:00:00+00:00,77.9675,78.66833210288635
2025-12-22 23:00:00+00:00,72.2325,62.34266817731375
2025-12-23 00:00:00+00:00,65.0325,62.85529137427705
2025-12-23 01:00:00+00:00,62.005,59.291170061745134
2025-12-23 02:00:00+00:00,59.06,57.93004532348039
2025-12-23 03:00:00+00:00,58.1125,53.6427174082698
2025-12-23 04:00:00+00:00,59.0225,53.98353121141682
2025-12-23 05:00:00+00:00,67.8475,58.494827761790575
2025-12-23 06:00:00+00:00,78.0175,72.18663190069202
2025-12-23 07:00:00+00:00,83.875,82.69880893051764
2025-12-23 08:00:00+00:00,85.465,86.79099047682642
2025-12-23 09:00:00+00:00,83.8375,88.61994498867126
2025-12-23 10:00:00+00:00,81.86749999999999,83.25851369994048
2025-12-23 11:00:00+00:00,80.485,80.05049593151311
2025-12-23 12:00:00+00:00,79.2125,80.06678789358025
2025-12-23 13:00:00+00:00,79.215,80.46971646932897
2025-12-23 14:00:00+00:00,81.8275,83.9198755944888
2025-12-23 15:00:00+00:00,83.6875,89.13363437059654
2025-12-23 16:00:00+00:00,82.4675,92.29396165104473
2025-12-23 17:00:00+00:00,83.945,87.39228544588639
2025-12-23 18:00:00+00:00,82.465,79.68903040915154
2025-12-23 19:00:00+00:00,78.005,72.22924821888371
2025-12-23 20:00:00+00:00,69.93,64.78274982098067
2025-12-23 21:00:00+00:00,71.83500000000001,58.94682773389757
2025-12-23 22:00:00+00:00,64.0925,57.692610582497544
2025-12-23 23:00:00+00:00,60.2475,49.3688666392903
2025-12-24 00:00:00+00:00,55.8625,47.79422614178133
2025-12-24 01:00:00+00:00,56.8,41.579075550805264
2025-12-24 02:00:00+00:00,55.84,41.39473958297157
2025-12-24 03:00:00+00:00,55.8475,42.18573035130264
2025-12-24 04:00:00+00:00,55.85,42.8823876687867
2025-12-24 05:00:00+00:00,57.215,46.76835862342293
2025-12-24 06:00:00+00:00,67.44500000000001,51.3679571193406
2025-12-24 07:00:00+00:00,81.0,59.59342021051864
2025-12-24 08:00:00+00:00,82.47,80.66930279675216
2025-12-24 09:00:00+00:00,76.02250000000001,77.7226586564511
2025-12-24 10:00:00+00:00,69.2875,67.22229971365353
2025-12-24 11:00:00+00:00,68.5125,61.78440880990961
2025-12-24 12:00:00+00:00,67.9875,57.321476921913316
2025-12-24 13:00:00+00:00,73.7575,59.8335659171256
2025-12-24 14:00:00+00:00,83.0525,74.74261228734548
2025-12-24 15:00:00+00:00,87.9,85.49444725692162
2025-12-24 16:00:00+00:00,89.1325,91.82087442963841
2025-12-24 17:00:00+00:00,78.9075,87.7403514143071
2025-12-24 18:00:00+00:00,71.77250000000001,67.35512491184166
2025-12-24 19:00:00+00:00,68.1575,61.0780238444788
2025-12-24 20:00:00+00:00,67.9875,53.285543429039166
2025-12-24 21:00:00+00:00,69.0075,53.75635015977735
2025-12-24 22:00:00+00:00,65.1625,54.35579370005118
2025-12-24 23:00:00+00:00,63.22,52.17821783692173
2025-12-25 00:00:00+00:00,58.4425,54.949475937774
2025-12-25 01:00:00+00:00,56.8575,48.42921994585063
2025-12-25 02:00:00+00:00,55.845,47.73199632478152
2025-12-25 03:00:00+00:00,54.53,49.05176205816145
2025-12-25 04:00:00+00:00,52.605,50.24169933766943
2025-12-25 05:00:00+00:00,49.165,47.227285315429846
2025-12-25 06:00:00+00:00,54.0275,51.457675464806734
2025-12-25 07:00:00+00:00,64.205,57.87696737037596
2025-12-25 08:00:00+00:00,64.7075,63.7002606796605
2025-12-25 09:00:00+00:00,53.765,59.6096127487855
2025-12-25 10:00:00+00:00,48.9825,48.28576877004817
2025-12-25 11:00:00+00:00,48.4875,45.32333241948125
2025-12-25 12:00:00+00:00,47.865,46.88761263299467
2025-12-25 13:00:00+00:00,68.5475,61.38081487574511
2025-12-25 14:00:00+00:00,89.41499999999999,84.6701969761583
2025-12-25 15:00:00+00:00,92.235,101.82882122371574
2025-12-25 16:00:00+00:00,94.005,102.3955714166366
2025-12-25 17:00:00+00:00,94.055,101.71576269725186
2025-12-25 18:00:00+00:00,91.715,92.26094854409536
2025-12-25 19:00:00+00:00,91.0325,86.65164620718757
2025-12-25 20:00:00+00:00,92.7,86.04067792687853
2025-12-25 21:00:00+00:00,96.1525,89.84926205260713
2025-12-25 22:00:00+00:00,91.47,91.00862277040584
2025-12-25 23:00:00+00:00,97.1,87.40513911216121
2025-12-26 00:00:00+00:00,91.0525,96.27853300153117
2025-12-26 01:00:00+00:00,85.8175,88.83545488811262
2025-12-26 02:00:00+00:00,83.05250000000001,84.85377050913483
2025-12-26 03:00:00+00:00,82.3925,87.42001117115375
2025-12-26 04:00:00+00:00,82.83500000000001,89.09689656324456
2025-12-26 05:00:00+00:00,85.02,89.78304923220652
2025-12-26 06:00:00+00:00,93.115,91.70216280202558
2025-12-26 07:00:00+00:00,98.9,100.56243405938795
2025-12-26 08:00:00+00:00,96.73,100.63478194126972
2025-12-26 09:00:00+00:00,89.25,91.0940167991207
2025-12-26 10:00:00+00:00,84.9925,83.88917904416185
2025-12-26 11:00:00+00:00,82.3125,77.61529890475103
2025-12-26 12:00:00+00:00,83.0975,78.72841148356021
2025-12-26 13:00:00+00:00,92.7,86.2850465118447
2025-12-26 14:00:00+00:00,109.1425,103.3986820766967
2025-12-26 15:00:00+00:00,116.7725,120.182055554928
2025-12-26 16:00:00+00:00,120.47,128.58247518382123
2025-12-26 17:00:00+00:00,116.9725,128.14143002472952
2025-12-26 18:00:00+00:00,116.2625,122.70423799739179
2025-12-26 19:00:00+00:00,113.725,108.74886654595706
2025-12-26 20:00:00+00:00,111.5,105.90241821349198
2025-12-26 21:00:00+00:00,108.255,106.51943756814075
2025-12-26 22:00:00+00:00,99.3675,103.13770871491832
2025-12-26 23:00:00+00:00,96.69,94.93547422998549
2025-12-27 00:00:00+00:00,91.725,95.45714405063622
2025-12-27 01:00:00+00:00,84.7075,90.09548828440217
2025-12-27 02:00:00+00:00,82.7175,83.43563299753043
2025-12-27 03:00:00+00:00,83.9975,86.37543853011248
2025-12-27 04:00:00+00:00,83.17,87.27264473136046
2025-12-27 05:00:00+00:00,88.015,86.57764606240764
2025-12-27 06:00:00+00:00,99.505,92.4500959533666
2025-12-27 07:00:00+00:00,102.32,105.27030315419306
2025-12-27 08:00:00+00:00,93.81,104.47405562073659
2025-12-27 09:00:00+00:00,80.0325,90.53601145675202
2025-12-27 10:00:00+00:00,75.395,74.8920278669862
2025-12-27 11:00:00+00:00,74.54,71.43752870736103
2025-12-27 12:00:00+00:00,76.7375,72.46469561363962
2025-12-27 13:00:00+00:00,81.19999999999999,80.10978902266507
2025-12-27 14:00:00+00:00,94.5425,92.6667745943349
2025-12-27 15:00:00+00:00,103.0075,106.60692431462223
2025-12-27 16:00:00+00:00,105.925,114.76002022007229
2025-12-27 17:00:00+00:00,108.4275,115.46794379428907
2025-12-27 18:00:00+00:00,105.0,109.56984875874053
2025-12-27 19:00:00+00:00,102.5875,98.18799829350364
2025-12-27 20:00:00+00:00,93.895,98.3810957736174
2025-12-27 21:00:00+00:00,95.4175,93.71379583726988
2025-12-27 22:00:00+00:00,91.295,92.4689283899937
2025-12-27 23:00:00+00:00,84.33500000000001,90.17413049779879
2025-12-28 00:00:00+00:00,83.37,80.99596466553182
2025-12-28 01:00:00+00:00,79.96000000000001,82.4911401752695
2025-12-28 02:00:00+00:00,78.8175,79.25458774897369
2025-12-28 03:00:00+00:00,80.4475,92.22865276832825
2025-12-28 04:00:00+00:00,83.61,86.91333976738314
2025-12-28 05:00:00+00:00,86.47749999999999,87.56980576496538
2025-12-28 06:00:00+00:00,92.15,90.8573459776635
2025-12-28 07:00:00+00:00,97.3625,101.57981484966433
2025-12-28 08:00:00+00:00,96.565,102.45464478304099
2025-12-28 09:00:00+00:00,88.2125,95.44625493033878
2025-12-28 10:00:00+00:00,88.3675,82.05549418396406
2025-12-28 11:00:00+00:00,80.0225,80.99536589463892
2025-12-28 12:00:00+00:00,80.025,75.96099626987927
2025-12-28 13:00:00+00:00,86.6775,82.97958708200052
2025-12-28 14:00:00+00:00,100.87,99.34906658076515
2025-12-28 15:00:00+00:00,110.8825,113.43724002514983
2025-12-28 16:00:00+00:00,113.7025,121.14646838688778
2025-12-28 17:00:00+00:00,114.455,120.39590600039115
2025-12-28 18:00:00+00:00,109.3325,110.25047393236669
2025-12-28 19:00:00+00:00,105.01,102.55001984198152
2025-12-28 20:00:00+00:00,99.0275,96.97203454217991
2025-12-28 21:00:00+00:00,98.2825,92.27742477803939
2025-12-28 22:00:00+00:00,88.44,90.70486583746133
2025-12-28 23:00:00+00:00,89.88,79.6550199553438
2025-12-29 00:00:00+00:00,84.98249999999999,85.20614948535311
2025-12-29 01:00:00+00:00,84.1825,82.60580170302106
2025-12-29 02:00:00+00:00,82.19,82.65315373677606
2025-12-29 03:00:00+00:00,83.6225,86.10375281439687
2025-12-29 04:00:00+00:00,90.7925,89.540473686756
2025-12-29 05:00:00+00:00,96.3325,98.2317048053336
2025-12-29 06:00:00+00:00,104.7175,104.70416784775108
2025-12-29 07:00:00+00:00,113.8775,110.42941064099206
2025-12-29 08:00:00+00:00,111.01,112.33637718061826
2025-12-29 09:00:00+00:00,97.645,108.09651992445168
2025-12-29 10:00:00+00:00,90.345,94.31947159491614
2025-12-29 11:00:00+00:00,87.6575,87.51668321412797
2025-12-29 12:00:00+00:00,88.52250000000001,85.46191368945678
2025-12-29 13:00:00+00:00,96.1025,91.04648470646283
2025-12-29 14:00:00+00:00,103.5075,100.71841421397816
2025-12-29 15:00:00+00:00,108.655,108.26598205049932
2025-12-29 16:00:00+00:00,107.0075,113.24542129880392
2025-12-29 17:00:00+00:00,103.3075,110.79227929232124
2025-12-29 18:00:00+00:00,95.1475,103.95557429002207
2025-12-29 19:00:00+00:00,90.3725,90.66710363126963
2025-12-29 20:00:00+00:00,83.245,86.97480203781079
2025-12-29 21:00:00+00:00,87.91499999999999,78.83989384823215
2025-12-29 22:00:00+00:00,83.3425,79.80549136439778
2025-12-29 23:00:00+00:00,77.8625,76.21609474696686
2025-12-30 00:00:00+00:00,73.215,71.91948581404827
2025-12-30 01:00:00+00:00,71.855,69.53724929167812
2025-12-30 02:00:00+00:00,69.3575,65.94412624418659
2025-12-30 03:00:00+00:00,68.5375,74.78853766991965
2025-12-30 04:00:00+00:00,71.99,69.37167327326938
2025-12-30 05:00:00+00:00,80.02,81.02077574862645
2025-12-30 06:00:00+00:00,87.97,92.23283982815813
2025-12-30 07:00:00+00:00,94.8775,96.25326810433562
2025-12-30 08:00:00+00:00,94.3925,97.24170254473611
2025-12-30 09:00:00+00:00,85.82,91.81073377004967
2025-12-30 10:00:00+00:00,79.38,76.31558196647559
2025-12-30 11:00:00+00:00,76.155,73.79634153769827
2025-12-30 12:00:00+00:00,76.7575,73.42842591286998
2025-12-30 13:00:00+00:00,88.9675,81.79220543255025
2025-12-30 14:00:00+00:00,102.325,97.85478626257628
2025-12-30 15:00:00+00:00,109.1,112.1753276415484
2025-12-30 16:00:00+00:00,110.715,120.43933625485512
2025-12-30 17:00:00+00:00,109.12,119.93091027859309
2025-12-30 18:00:00+00:00,105.6075,109.85145729789139
2025-12-30 19:00:00+00:00,101.04,96.29722951587634
2025-12-30 20:00:00+00:00,93.3225,94.034848206853
2025-12-30 21:00:00+00:00,92.045,91.12603191549299
2025-12-30 22:00:00+00:00,85.8075,91.16215794335811
2025-12-30 23:00:00+00:00,85.82,80.36089078596976
2025-12-31 00:00:00+00:00,84.3375,80.3997265850337
2025-12-31 01:00:00+00:00,80.2125,81.57302688578295
2025-12-31 02:00:00+00:00,76.58,74.04831480656752
2025-12-31 03:00:00+00:00,74.9325,68.5638809690139
2025-12-31 04:00:00+00:00,77.3775,68.96091873766392
2025-12-31 05:00:00+00:00,81.86749999999999,73.26533549168052
2025-12-31 06:00:00+00:00,85.2825,88.90906966361163
2025-12-31 07:00:00+00:00,95.7925,90.77989302965157
2025-12-31 08:00:00+00:00,95.335,94.03425810275077
2025-12-31 09:00:00+00:00,89.26249999999999,89.41033713529376
2025-12-31 10:00:00+00:00,83.48,80.1803473634532
2025-12-31 11:00:00+00:00,83.0475,72.58177822653626
2025-12-31 12:00:00+00:00,85.17,75.86405529086403
2025-12-31 13:00:00+00:00,85.17750000000001,85.23383909678616
2025-12-31 14:00:00+00:00,90.8325,91.80713414078966
2025-12-31 15:00:00+00:00,100.705,95.65763302982894
2025-12-31 16:00:00+00:00,110.1,102.35181370813514
2025-12-31 17:00:00+00:00,107.5275,109.58655580153356
2025-12-31 18:00:00+00:00,95.99,104.3708731921041
2025-12-31 19:00:00+00:00,86.8025,85.67702274447815
2025-12-31 20:00:00+00:00,79.7975,76.28293849260479
2025-12-31 21:00:00+00:00,81.39,66.0866951311026
2025-12-31 22:00:00+00:00,76.4475,65.46688449369717
2025-12-31 23:00:00+00:00,58.2775,55.9731862119585
2026-01-01 00:00:00+00:00,42.395,44.45948940248621
2026-01-01 01:00:00+00:00,19.57,36.59103763941268
2026-01-01 02:00:00+00:00,6.285,28.336690215280356
2026-01-01 03:00:00+00:00,3.0925,12.812059962407579
2026-01-01 04:00:00+00:00,0.83,7.697989411068301
2026-01-01 05:00:00+00:00,0.0525,5.899077377525997
2026-01-01 06:00:00+00:00,0.0249999999999999,3.4399826620454337
2026-01-01 07:00:00+00:00,0.0575,2.7906892066705193
2026-01-01 08:00:00+00:00,0.0,1.733363996021473
2026-01-01 09:00:00+00:00,-0.0025,1.0334650677017203
2026-01-01 10:00:00+00:00,-0.0025,0.7753613318853482
2026-01-01 11:00:00+00:00,-0.01,0.7854398608302594
2026-01-01 12:00:00+00:00,-0.0075,2.346311946646791
2026-01-01 13:00:00+00:00,0.0175,5.117577477678751
2026-01-01 14:00:00+00:00,3.51,6.754571067474967
2026-01-01 15:00:00+00:00,10.345,19.561302564715678
2026-01-01 16:00:00+00:00,21.795,21.304284252819908
2026-01-01 17:00:00+00:00,23.1275,28.30267204904163
2026-01-01 18:00:00+00:00,18.0925,22.742983391498033
2026-01-01 19:00:00+00:00,10.0425,18.55016302570866
2026-01-01 20:00:00+00:00,8.95,12.332569293714542
2026-01-01 21:00:00+00:00,7.3725,6.710151847668855
2026-01-01 22:00:00+00:00,0.285,4.213537580885957
2026-01-01 23:00:00+00:00,9.68,2.226823569729055
2026-01-02 00:00:00+00:00,3.01,12.59025444858996
2026-01-02 01:00:00+00:00,1.8075,4.099904438193927
2026-01-02 02:00:00+00:00,0.245,3.5288123774868314
2026-01-02 03:00:00+00:00,1.725,2.0525476054077805
2026-01-02 04:00:00+00:00,11.9975,6.960722453991285
2026-01-02 05:00:00+00:00,21.795,18.089773568885022
2026-01-02 06:00:00+00:00,50.965,33.64673644771936
2026-01-02 07:00:00+00:00,68.8675,54.55265461452401
2026-01-02 08:00:00+00:00,71.1975,61.21779052953256
2026-01-02 09:00:00+00:00,57.8875,64.91011758791298
2026-01-02 10:00:00+00:00,55.9275,54.51075382268748
2026-01-02 11:00:00+00:00,58.0025,51.77651665207709
2026-01-02 12:00:00+00:00,66.94749999999999,52.60575356877303
2026-01-02 13:00:00+00:00,70.12,60.20281479956643
2026-01-02 14:00:00+00:00,77.495,70.67003431239819
2026-01-02 15:00:00+00:00,82.455,77.13231203498447
2026-01-02 16:00:00+00:00,85.435,91.0304671139474
2026-01-02 17:00:00+00:00,88.3425,91.7293192742238
2026-01-02 18:00:00+00:00,88.5725,83.46400619958546
2026-01-02 19:00:00+00:00,89.1525,77.57069542652853
2026-01-02 20:00:00+00:00,83.5175,74.98172552952703
2026-01-02 21:00:00+00:00,85.5925,74.23413051481857
2026-01-02 22:00:00+00:00,81.8325,74.20440543987085
2026-01-02 23:00:00+00:00,80.165,69.49002742980346
2026-01-03 00:00:00+00:00,78.33,68.90873876033777
2026-01-03 01:00:00+00:00,75.82,62.69522956539453
2026-01-03 02:00:00+00:00,74.82,63.16451652945056
2026-01-03 03:00:00+00:00,73.02250000000001,62.89525589215028
2026-01-03 04:00:00+00:00,74.99,65.66504870868808
2026-01-03 05:00:00+00:00,75.91,67.26979796684077
2026-01-03 06:00:00+00:00,79.3125,75.48043794167796
2026-01-03 07:00:00+00:00,90.69,83.57592650529983
2026-01-03 08:00:00+00:00,94.09,90.43194466413243
2026-01-03 09:00:00+00:00,93.31,89.10376153905321
2026-01-03 10:00:00+00:00,88.7075,89.41564647383129
2026-01-03 11:00:00+00:00,87.4125,84.02959345088694
2026-01-03 12:00:00+00:00,86.60499999999999,82.18498608385164
2026-01-03 13:00:00+00:00,89.6825,87.69476997084402
2026-01-03 14:00:00+00:00,94.6,93.92631344564433
2026-01-03 15:00:00+00:00,99.88,97.53382867065655
2026-01-03 16:00:00+00:00,109.715,101.19261806965211
2026-01-03 17:00:00+00:00,110.825,108.84908175997568
2026-01-03 18:00:00+00:00,104.76,104.64580999874345
2026-01-03 19:00:00+00:00,97.625,94.16927104925517
2026-01-03 20:00:00+00:00,91.1175,85.80459107701765
2026-01-03 21:00:00+00:00,90.7125,85.00051301609692
2026-01-03 22:00:00+00:00,86.015,82.44877816226132
2026-01-03 23:00:00+00:00,88.8225,74.18493099290856
2026-01-04 00:00:00+00:00,85.33,82.33278078560144
2026-01-04 01:00:00+00:00,85.0425,80.91961216039351
2026-01-04 02:00:00+00:00,83.7375,81.16368303424167
2026-01-04 03:00:00+00:00,82.5575,83.66735743052996
2026-01-04 04:00:00+00:00,83.4075,83.4551836171654
2026-01-04 05:00:00+00:00,83.795,83.92884183116122
2026-01-04 06:00:00+00:00,86.4825,85.4271855974986
2026-01-04 07:00:00+00:00,88.1225,89.77956447243538
2026-01-04 08:00:00+00:00,94.3,88.1717585728936
2026-01-04 09:00:00+00:00,94.755,93.66496794631425
2026-01-04 10:00:00+00:00,90.8775,91.12818406392286
2026-01-04 11:00:00+00:00,89.5425,88.17422825414798
2026-01-04 12:00:00+00:00,86.7775,87.67793159176719
2026-01-04 13:00:00+00:00,92.675,88.752830340478
2026-01-04 14:00:00+00:00,93.1975,102.44051425849581
2026-01-04 15:00:00+00:00,100.5925,103.2623327161066
2026-01-04 16:00:00+00:00,118.425,111.86515914131677
2026-01-04 17:00:00+00:00,121.18,128.4608575563335
2026-01-04 18:00:00+00:00,119.715,121.47720081126835
2026-01-04 19:00:00+00:00,112.45,110.20764765146127
2026-01-04 20:00:00+00:00,99.7,105.69626033460956
2026-01-04 21:00:00+00:00,95.765,94.58187184678872
2026-01-04 22:00:00+00:00,89.21000000000001,92.1458214867226
2026-01-04 23:00:00+00:00,92.4525,84.65609196010293
2026-01-05 00:00:00+00:00,88.8475,91.01766813884218
2026-01-05 01:00:00+00:00,86.5075,88.71427330410482
2026-01-05 02:00:00+00:00,86.3125,86.11700134998215
2026-01-05 03:00:00+00:00,87.495,93.33241449021071
2026-01-05 04:00:00+00:00,90.8575,95.11877978777864
2026-01-05 05:00:00+00:00,109.0225,104.70497702773915
2026-01-05 06:00:00+00:00,129.3125,118.72545511669372
2026-01-05 07:00:00+00:00,151.175,135.82559472631382
2026-01-05 08:00:00+00:00,152.15,151.81001994970694
2026-01-05 09:00:00+00:00,145.6275,153.74902717731683
2026-01-05 10:00:00+00:00,136.57,136.78575909093664
2026-01-05 11:00:00+00:00,134.3025,124.69145712008914
2026-01-05 12:00:00+00:00,134.3025,131.3464179493795
2026-01-05 13:00:00+00:00,140.15,141.06784182115055
2026-01-05 14:00:00+00:00,148.99,147.03412990365717
2026-01-05 15:00:00+00:00,180.7075,156.24401495077606
2026-01-05 16:00:00+00:00,223.425,189.2100460762124
2026-01-05 17:00:00+00:00,213.585,233.59564897727032
2026-01-05 18:00:00+00:00,182.8,176.40642559055658
2026-01-05 19:00:00+00:00,147.0325,160.36670521178715
2026-01-05 20:00:00+00:00,129.1025,129.28106316316857
2026-01-05 21:00:00+00:00,123.85,117.66290224322914
2026-01-05 22:00:00+00:00,111.3,115.16329587727691
2026-01-05 23:00:00+00:00,104.695,107.10056166841831
2026-01-06 00:00:00+00:00,104.6,107.57447367094883
2026-01-06 01:00:00+00:00,101.545,107.28284386361592
2026-01-06 02:00:00+00:00,100.0875,104.52101195053415
2026-01-06 03:00:00+00:00,102.4525,104.95350015218237
2026-01-06 04:00:00+00:00,107.0,114.45379181554307
2026-01-06 05:00:00+00:00,121.2875,120.75648258121049
2026-01-06 06:00:00+00:00,138.4975,143.16317223701898
2026-01-06 07:00:00+00:00,164.185,165.0595890714997
2026-01-06 08:00:00+00:00,168.82,185.07115849773913
2026-01-06 09:00:00+00:00,154.8425,171.37817088381325
2026-01-06 10:00:00+00:00,147.265,158.38032333011185
2026-01-06 11:00:00+00:00,134.4325,144.8187800671838
2026-01-06 12:00:00+00:00,130.2025,145.03782617949872
2026-01-06 13:00:00+00:00,130.7025,145.9207098032643
2026-01-06 14:00:00+00:00,136.985,151.3007207798358
2026-01-06 15:00:00+00:00,145.0075,163.71630158264696
2026-01-06 16:00:00+00:00,152.9925,162.54454544656082
2026-01-06 17:00:00+00:00,148.26749999999998,167.80489716242298
2026-01-06 18:00:00+00:00,139.1175,145.47207860916382
2026-01-06 19:00:00+00:00,121.6025,128.28292412891346
2026-01-06 20:00:00+00:00,108.5625,116.3102612555252
2026-01-06 21:00:00+00:00,102.2225,111.21160361735824
2026-01-06 22:00:00+00:00,92.8175,102.77642351046399
2026-01-06 23:00:00+00:00,93.9875,92.44502440986396
2026-01-07 00:00:00+00:00,88.61,92.57278464871321
2026-01-07 01:00:00+00:00,85.045,88.29174431802753
2026-01-07 02:00:00+00:00,81.64750000000001,84.38999286050631
2026-01-07 03:00:00+00:00,80.7825,89.54643896770278
2026-01-07 04:00:00+00:00,84.8825,92.6352932151901
2026-01-07 05:00:00+00:00,92.77,97.80457143556654
2026-01-07 06:00:00+00:00,99.2,116.58806430499172
2026-01-07 07:00:00+00:00,109.35,120.94913710181716
2026-01-07 08:00:00+00:00,112.1275,128.34252191983248
2026-01-07 09:00:00+00:00,108.3125,127.98837155280643
2026-01-07 10:00:00+00:00,99.935,108.86320529551912
2026-01-07 11:00:00+00:00,96.34,98.00504657470142
2026-01-07 12:00:00+00:00,93.155,94.44862754043602
2026-01-07 13:00:00+00:00,95.2275,98.84048900722901
2026-01-07 14:00:00+00:00,101.8375,109.32711960419225
2026-01-07 15:00:00+00:00,106.385,116.73738555693119
2026-01-07 16:00:00+00:00,125.1875,121.8175407820946
2026-01-07 17:00:00+00:00,124.1,132.93934871979306
2026-01-07 18:00:00+00:00,116.7325,129.07020318475753
2026-01-07 19:00:00+00:00,108.7275,109.3207548528025
2026-01-07 20:00:00+00:00,98.455,102.23630257041435
2026-01-07 21:00:00+00:00,93.96,93.43759504428215
2026-01-07 22:00:00+00:00,88.7625,91.69953946046262
2026-01-07 23:00:00+00:00,84.08,81.59034108484592
2026-01-08 00:00:00+00:00,83.08250000000001,81.8796774659923
2026-01-08 01:00:00+00:00,84.52250000000001,82.87256729727947
2026-01-08 02:00:00+00:00,82.4725,83.95272249708083
2026-01-08 03:00:00+00:00,85.265,91.31039224189267
2026-01-08 04:00:00+00:00,87.8875,95.38079437315771
2026-01-08 05:00:00+00:00,97.88,98.28574326738195
2026-01-08 06:00:00+00:00,126.7125,107.68111696738438
2026-01-08 07:00:00+00:00,168.81,130.76830771673528
2026-01-08 08:00:00+00:00,192.72,183.24301751094634
2026-01-08 09:00:00+00:00,207.9325,198.39535214151013
2026-01-08 10:00:00+00:00,213.1125,201.37368462934504
2026-01-08 11:00:00+00:00,220.27,200.23481892745622
2026-01-08 12:00:00+00:00,236.215,206.14102888425225
2026-01-08 13:00:00+00:00,264.585,238.45764863933303
2026-01-08 14:00:00+00:00,264.42,297.371978433717
2026-01-08 15:00:00+00:00,259.49,293.8554142308821
2026-01-08 16:00:00+00:00,233.8525,272.7667592981431
2026-01-08 17:00:00+00:00,199.3975,249.511041077224
2026-01-08 18:00:00+00:00,139.2475,172.70164367481192
2026-01-08 19:00:00+00:00,102.125,128.11045792747112
2026-01-08 20:00:00+00:00,94.4825,99.19815893607517
2026-01-08 21:00:00+00:00,91.305,90.64282116771552
2026-01-08 22:00:00+00:00,79.035,88.69520071214478
2026-01-08 23:00:00+00:00,78.9625,72.19787323394662
2026-01-09 00:00:00+00:00,70.69,68.26127946271855
2026-01-09 01:00:00+00:00,57.35,55.67329277123946
2026-01-09 02:00:00+00:00,50.84,49.68621314855103
2026-01-09 03:00:00+00:00,47.845,43.45855891068234
2026-01-09 04:00:00+00:00,56.575,42.55738543444692
2026-01-09 05:00:00+00:00,72.605,63.68824942465638
2026-01-09 06:00:00+00:00,84.3025,83.03587566936143
2026-01-09 07:00:00+00:00,89.7625,96.74701980432351
2026-01-09 08:00:00+00:00,89.1475,95.11239914992392
2026-01-09 09:00:00+00:00,93.93,92.032170110031
2026-01-09 10:00:00+00:00,85.795,90.02834543410721
2026-01-09 11:00:00+00:00,83.015,89.56885354590445
2026-01-09 12:00:00+00:00,82.85,83.95755901115263
2026-01-09 13:00:00+00:00,82.83500000000001,86.42338398982722
2026-01-09 14:00:00+00:00,85.245,93.21408973572461
2026-01-09 15:00:00+00:00,87.5725,96.5348097822087
2026-01-09 16:00:00+00:00,92.52,95.86903777590376
2026-01-09 17:00:00+00:00,91.6625,98.14652752239179
2026-01-09 18:00:00+00:00,87.28,89.66630196223981
2026-01-09 19:00:00+00:00,82.80250000000001,78.67864942493605
2026-01-09 20:00:00+00:00,80.36,75.08500879932357
2026-01-09 21:00:00+00:00,80.35,73.69113571499169
2026-01-09 22:00:00+00:00,74.51,73.8994382703667
2026-01-09 23:00:00+00:00,72.78999999999999,61.02067355911544
2026-01-10 00:00:00+00:00,69.775,66.0054309621869
2026-01-10 01:00:00+00:00,66.2375,65.39602022672358
2026-01-10 02:00:00+00:00,66.535,60.88427105670388
2026-01-10 03:00:00+00:00,66.5125,61.619293327088165
2026-01-10 04:00:00+00:00,68.46000000000001,62.29013748364237
2026-01-10 05:00:00+00:00,69.96000000000001,62.738849980991475
2026-01-10 06:00:00+00:00,76.66499999999999,77.41873229704267
2026-01-10 07:00:00+00:00,85.0275,82.60339205109165
2026-01-10 08:00:00+00:00,92.3625,88.22782885451949
2026-01-10 09:00:00+00:00,97.595,95.93791876669509
2026-01-10 10:00:00+00:00,101.5575,99.99011353120761
2026-01-10 11:00:00+00:00,101.57,106.39132920924119
2026-01-10 12:00:00+00:00,104.825,106.35583671574763
2026-01-10 13:00:00+00:00,111.4425,113.45602245286749
2026-01-10 14:00:00+00:00,117.7175,121.58739262221212
2026-01-10 15:00:00+00:00,128.0075,128.3873224876927
2026-01-10 16:00:00+00:00,139.5275,131.52307838840954
2026-01-10 17:00:00+00:00,136.91,145.90355566869874
2026-01-10 18:00:00+00:00,128.305,135.12835506034867
2026-01-10 19:00:00+00:00,120.49,116.22711809481558
2026-01-10 20:00:00+00:00,113.21,110.41542901691062
2026-01-10 21:00:00+00:00,107.68,105.96821141581223
2026-01-10 22:00:00+00:00,98.1975,101.8099067677851
2026-01-10 23:00:00+00:00,96.9025,92.722465264471
2026-01-11 00:00:00+00:00,92.7475,95.12336612907015
2026-01-11 01:00:00+00:00,88.035,92.99229866811969
2026-01-11 02:00:00+00:00,84.86,87.74894796629307
2026-01-11 03:00:00+00:00,82.68,90.62578876349329
2026-01-11 04:00:00+00:00,82.26,90.63627502856443
2026-01-11 05:00:00+00:00,81.6025,90.37588712338014
2026-01-11 06:00:00+00:00,84.25999999999999,90.6068869295871
2026-01-11 07:00:00+00:00,92.06,90.96810510471103
2026-01-11 08:00:00+00:00,103.1025,96.28143173736973
2026-01-11 09:00:00+00:00,100.6825,114.07800128892801
2026-01-11 10:00:00+00:00,99.9175,106.6526095322365
2026-01-11 11:00:00+00:00,97.0875,100.14289451059918
2026-01-11 12:00:00+00:00,96.5175,98.98506370491583
2026-01-11 13:00:00+00:00,98.8775,101.43360917046179
2026-01-11 14:00:00+00:00,101.275,109.94585862760897
2026-01-11 15:00:00+00:00,111.755,116.87576129364281
2026-01-11 16:00:00+00:00,116.25,126.18144656945293
2026-01-11 17:00:00+00:00,112.2475,129.50885176166202
2026-01-11 18:00:00+00:00,106.2075,121.16068864455326
2026-01-11 19:00:00+00:00,96.04,107.44277774284754
2026-01-11 20:00:00+00:00,95.005,96.44315449055811
2026-01-11 21:00:00+00:00,93.02,92.64936458534987
2026-01-11 22:00:00+00:00,85.22999999999999,91.93826716560211
2026-01-11 23:00:00+00:00,81.2575,80.33397160447988
2026-01-12 00:00:00+00:00,81.1925,80.41672059618348
2026-01-12 01:00:00+00:00,79.0425,80.41450636143809
2026-01-12 02:00:00+00:00,77.31,79.3439722853185
2026-01-12 03:00:00+00:00,76.58500000000001,87.45998896463236
2026-01-12 04:00:00+00:00,80.1625,88.28219402733646
2026-01-12 05:00:00+00:00,86.9225,93.31609836498046
2026-01-12 06:00:00+00:00,97.8725,97.5707163498494
2026-01-12 07:00:00+00:00,115.6175,109.29453512330286
2026-01-12 08:00:00+00:00,129.8475,127.79158341318693
2026-01-12 09:00:00+00:00,124.3975,134.90034068804476
2026-01-12 10:00:00+00:00,129.8675,129.08087334996586
2026-01-12 11:00:00+00:00,129.9625,131.57961715240944
2026-01-12 12:00:00+00:00,132.76,131.65953230243895
2026-01-12 13:00:00+00:00,128.37,142.70315546335675
2026-01-12 14:00:00+00:00,131.7125,135.2341196397477
2026-01-12 15:00:00+00:00,119.58,149.52694471292065
2026-01-12 16:00:00+00:00,119.6,139.3181491762435
2026-01-12 17:00:00+00:00,116.5,135.31986779158754
2026-01-12 18:00:00+00:00,102.3375,127.51496136701748
2026-01-12 19:00:00+00:00,93.48,107.30509333086825
2026-01-12 20:00:00+00:00,91.795,93.67231447361101
2026-01-12 21:00:00+00:00,92.165,91.26366575045743
2026-01-12 22:00:00+00:00,86.0475,92.27249558534388
2026-01-12 23:00:00+00:00,84.30499999999999,83.33721374600925
2026-01-13 00:00:00+00:00,82.69,83.91472154440707
2026-01-13 01:00:00+00:00,82.685,84.39752376379471
2026-01-13 02:00:00+00:00,84.115,84.88651001180175
2026-01-13 03:00:00+00:00,86.7475,90.05116326669896
2026-01-13 04:00:00+00:00,88.725,96.75487370282302
2026-01-13 05:00:00+00:00,97.5525,100.5624416068369
2026-01-13 06:00:00+00:00,116.03,112.64439327529104
2026-01-13 07:00:00+00:00,129.805,132.0997734351344
2026-01-13 08:00:00+00:00,132.5175,137.96573026334445
2026-01-13 09:00:00+00:00,142.1975,143.61661552901325
2026-01-13 10:00:00+00:00,123.8525,138.61998195161428
2026-01-13 11:00:00+00:00,117.675,123.51164324118045
2026-01-13 12:00:00+00:00,112.9775,122.76393827150068
2026-01-13 13:00:00+00:00,122.215,122.3149043033344
2026-01-13 14:00:00+00:00,120.515,129.16844387781615
2026-01-13 15:00:00+00:00,122.15,129.83176094311875
2026-01-13 16:00:00+00:00,122.33,129.444387540801
2026-01-13 17:00:00+00:00,113.3525,128.35226108863205
2026-01-13 18:00:00+00:00,98.735,117.58392197143054
2026-01-13 19:00:00+00:00,90.95,96.3402695591352
2026-01-13 20:00:00+00:00,92.2075,88.21751448342995
2026-01-13 21:00:00+00:00,90.0,88.4658737424122
2026-01-13 22:00:00+00:00,82.6725,81.64943631294139
2026-01-13 23:00:00+00:00,85.5625,77.54308733506207
2026-01-14 00:00:00+00:00,84.295,82.32999420589736
2026-01-14 01:00:00+00:00,85.8775,82.0596732611323
2026-01-14 02:00:00+00:00,86.16250000000001,83.68725653059484
2026-01-14 03:00:00+00:00,87.645,90.17579048741983
2026-01-14 04:00:00+00:00,89.86,93.82464959700292
2026-01-14 05:00:00+00:00,95.145,98.38771375973477
2026-01-14 06:00:00+00:00,105.14,107.5281516093813
2026-01-14 07:00:00+00:00,128.9575,119.31345969701897
2026-01-14 08:00:00+00:00,132.0325,128.2352856538783
2026-01-14 09:00:00+00:00,116.4525,131.27905958274246
2026-01-14 10:00:00+00:00,107.5325,117.93610769249963
2026-01-14 11:00:00+00:00,103.475,109.75839446003263
2026-01-14 12:00:00+00:00,103.6,106.90892059658134
2026-01-14 13:00:00+00:00,118.2175,109.81541443428436
2026-01-14 14:00:00+00:00,144.63,125.36950947319455
2026-01-14 15:00:00+00:00,152.85750000000002,148.18734531582336
2026-01-14 16:00:00+00:00,200.0225,161.54649850542467
2026-01-14 17:00:00+00:00,182.355,214.52089243152477
2026-01-14 18:00:00+00:00,158.76749999999998,166.7094798074042
2026-01-14 19:00:00+00:00,134.01,143.6585372452527
2026-01-14 20:00:00+00:00,121.7875,123.62338905292994
2026-01-14 21:00:00+00:00,113.8625,112.84034907761563
2026-01-14 22:00:00+00:00,97.0875,107.42114812737347
2026-01-14 23:00:00+00:00,100.615,92.26346357945368
2026-01-15 00:00:00+00:00,94.0475,99.59959971172661
2026-01-15 01:00:00+00:00,89.34,92.1245897352781
2026-01-15 02:00:00+00:00,84.8075,88.39522510595671
2026-01-15 03:00:00+00:00,82.92999999999999,90.75316623389617
2026-01-15 04:00:00+00:00,86.0,93.81239551529404
2026-01-15 05:00:00+00:00,98.2025,99.8633749535769
2026-01-15 06:00:00+00:00,105.115,114.97997472241869
2026-01-15 07:00:00+00:00,104.975,126.77214153810105
2026-01-15 08:00:00+00:00,101.415,122.16862853467626
2026-01-15 09:00:00+00:00,100.4,112.14221395183392
2026-01-15 10:00:00+00:00,97.8625,103.8628841256138
2026-01-15 11:00:00+00:00,95.2825,97.5532765315589
2026-01-15 12:00:00+00:00,100.615,98.0712861981665
2026-01-15 13:00:00+00:00,105.645,116.07686452186785
2026-01-15 14:00:00+00:00,123.095,129.15814227860102
2026-01-15 15:00:00+00:00,135.3725,142.44280140160825
2026-01-15 16:00:00+00:00,145.495,154.47500714959205
2026-01-15 17:00:00+00:00,119.745,153.55379941448288
2026-01-15 18:00:00+00:00,105.4925,127.43836706510353
2026-01-15 19:00:00+00:00,98.16,106.14421354161958
2026-01-15 20:00:00+00:00,90.995,93.97080314907679
2026-01-15 21:00:00+00:00,88.3925,85.25873126539122
2026-01-15 22:00:00+00:00,81.155,78.2598169520574
2026-01-15 23:00:00+00:00,81.05,70.70377430235676
2026-01-16 00:00:00+00:00,75.0,72.476581349568
2026-01-16 01:00:00+00:00,70.57249999999999,61.50597445343374
2026-01-16 02:00:00+00:00,67.23,62.08613734849827
2026-01-16 03:00:00+00:00,71.38,62.97300787329934
2026-01-16 04:00:00+00:00,82.05000000000001,76.59214737934198
2026-01-16 05:00:00+00:00,90.7225,90.68746440948067
2026-01-16 06:00:00+00:00,98.6,102.79987473363734
2026-01-16 07:00:00+00:00,109.3075,104.69109111668566
2026-01-16 08:00:00+00:00,108.9275,106.54339663616565
2026-01-16 09:00:00+00:00,103.0275,98.14564211773045
2026-01-16 10:00:00+00:00,99.7875,92.86541510651814
2026-01-16 11:00:00+00:00,99.1975,93.14008628983674
2026-01-16 12:00:00+00:00,99.3125,97.2324162776654
2026-01-16 13:00:00+00:00,113.2,102.2123960251801
2026-01-16 14:00:00+00:00,141.0,122.6194241430639
2026-01-16 15:00:00+00:00,162.68,149.8273359819759
2026-01-16 16:00:00+00:00,170.325,172.85173007029832
2026-01-16 17:00:00+00:00,162.4425,178.76592315377965
2026-01-16 18:00:00+00:00,154.18,159.4224703221395
2026-01-16 19:00:00+00:00,134.0,140.70950436911474
2026-01-16 20:00:00+00:00,117.6125,125.46753813091877
2026-01-16 21:00:00+00:00,117.705,112.1822726836852
2026-01-16 22:00:00+00:00,104.17,111.16793567483364
2026-01-16 23:00:00+00:00,104.66,100.26245404304795
2026-01-17 00:00:00+00:00,101.2875,102.79765352334181
2026-01-17 01:00:00+00:00,98.235,100.51844647221357
2026-01-17 02:00:00+00:00,96.1375,98.08453246154544
2026-01-17 03:00:00+00:00,95.1875,98.83934125657397
2026-01-17 04:00:00+00:00,95.2425,99.04378225892522
2026-01-17 05:00:00+00:00,95.8525,99.41698045132871
2026-01-17 06:00:00+00:00,99.1875,103.4259987988753
2026-01-17 07:00:00+00:00,105.97,107.92940925884794
2026-01-17 08:00:00+00:00,116.655,118.76472120553552
2026-01-17 09:00:00+00:00,115.1,116.92088951019339
2026-01-17 10:00:00+00:00,111.6075,108.98494485740554
2026-01-17 11:00:00+00:00,111.9475,105.65358214266155
2026-01-17 12:00:00+00:00,108.64,111.28813567039526
2026-01-17 13:00:00+00:00,112.8175,118.86598685180455
2026-01-17 14:00:00+00:00,122.77,127.29843624582281
2026-01-17 15:00:00+00:00,135.775,138.2731858803043
2026-01-17 16:00:00+00:00,140.9125,147.98010067775377
2026-01-17 17:00:00+00:00,142.84750000000005,149.9643223081685
2026-01-17 18:00:00+00:00,138.5875,142.37265033009706
2026-01-17 19:00:00+00:00,120.79,129.80531744975644
2026-01-17 20:00:00+00:00,107.805,113.56761976722709
2026-01-17 21:00:00+00:00,109.15,106.41690516009578
2026-01-17 22:00:00+00:00,107.0225,106.17536266447016
2026-01-17 23:00:00+00:00,110.715,102.02193200779179
2026-01-18 00:00:00+00:00,109.19,105.81889112551245
2026-01-18 01:00:00+00:00,107.39,105.4563956147213
2026-01-18 02:00:00+00:00,102.54,103.75221068087245
2026-01-18 03:00:00+00:00,102.235,102.03025902288863
2026-01-18 04:00:00+00:00,102.08,102.47868543935226
2026-01-18 05:00:00+00:00,101.05,102.60166123238592
2026-01-18 06:00:00+00:00,100.605,104.55331090629748
2026-01-18 07:00:00+00:00,105.68,108.08777079994223
2026-01-18 08:00:00+00:00,107.4225,111.07040592271696
2026-01-18 09:00:00+00:00,101.91,106.68815427837905
2026-01-18 10:00:00+00:00,98.4825,97.56095756197622
2026-01-18 11:00:00+00:00,96.855,94.36450723532579
2026-01-18 12:00:00+00:00,96.9625,93.78874296299196
2026-01-18 13:00:00+00:00,100.845,97.31018498355247
2026-01-18 14:00:00+00:00,105.55,111.21523002902651
2026-01-18 15:00:00+00:00,114.875,120.73820378591006
2026-01-18 16:00:00+00:00,129.9925,126.32647284978891
2026-01-18 17:00:00+00:00,142.195,136.67497036314558
2026-01-18 18:00:00+00:00,136.6725,137.33354446653613
2026-01-18 19:00:00+00:00,123.0525,129.4620200183373
2026-01-18 20:00:00+00:00,110.63,114.36841261242327
2026-01-18 21:00:00+00:00,114.28,105.43507132335839
2026-01-18 22:00:00+00:00,103.7325,107.01634742033822
2026-01-18 23:00:00+00:00,101.15,99.28594944201939
2026-01-19 00:00:00+00:00,100.44,100.23210262321747
2026-01-19 01:00:00+00:00,100.8325,99.3144418647285
2026-01-19 02:00:00+00:00,100.4375,100.11858055666126
2026-01-19 03:00:00+00:00,100.135,102.71232828170551
2026-01-19 04:00:00+00:00,102.53,107.74243364152674
2026-01-19 05:00:00+00:00,126.38,114.98940559458487
2026-01-19 06:00:00+00:00,161.08249999999998,131.93571372262258
2026-01-19 07:00:00+00:00,175.98250000000002,168.05928460421057
2026-01-19 08:00:00+00:00,161.9375,153.46036549733577
2026-01-19 09:00:00+00:00,135.9225,137.78969681827346
2026-01-19 10:00:00+00:00,120.5275,113.54770098400365
2026-01-19 11:00:00+00:00,117.56,112.90022602736748
2026-01-19 12:00:00+00:00,125.0025,116.53518710077952
2026-01-19 13:00:00+00:00,144.35,129.17897556219918
2026-01-19 14:00:00+00:00,170.0425,161.42895865016365
2026-01-19 15:00:00+00:00,194.89,184.3922840138472
2026-01-19 16:00:00+00:00,208.2275,205.7817008638446
2026-01-19 17:00:00+00:00,200.055,212.6193878025519
2026-01-19 18:00:00+00:00,180.9625,182.85655948722194
2026-01-19 19:00:00+00:00,157.385,157.34396398761896
2026-01-19 20:00:00+00:00,135.17,143.4905449583852
2026-01-19 21:00:00+00:00,126.4025,124.37211208345175
2026-01-19 22:00:00+00:00,112.47,116.42633402499418
2026-01-19 23:00:00+00:00,115.06,108.94665290450632
2026-01-20 00:00:00+00:00,114.335,115.25987941764532
2026-01-20 01:00:00+00:00,110.355,114.1887912781779
2026-01-20 02:00:00+00:00,109.8675,111.43624200102768
2026-01-20 03:00:00+00:00,113.1725,114.77941913002978
2026-01-20 04:00:00+00:00,125.28,121.1789708689739
2026-01-20 05:00:00+00:00,190.105,138.57844668529268
2026-01-20 06:00:00+00:00,240.8775,218.76852193353233
2026-01-20 07:00:00+00:00,262.785,234.97008414354227
2026-01-20 08:00:00+00:00,179.535,237.67674117327442
2026-01-20 09:00:00+00:00,132.17,153.50873324320898
2026-01-20 10:00:00+00:00,107.9525,117.59677927282208
2026-01-20 11:00:00+00:00,103.6225,111.76444894990104
2026-01-20 12:00:00+00:00,105.755,114.96006708065802
2026-01-20 13:00:00+00:00,136.7225,125.00668440079603
2026-01-20 14:00:00+00:00,178.26,166.47977518543914
2026-01-20 15:00:00+00:00,276.735,194.10239317131297
2026-01-20 16:00:00+00:00,249.63,295.2997836286891
2026-01-20 17:00:00+00:00,193.925,265.9329311945474
2026-01-20 18:00:00+00:00,181.9175,175.49778347965955
2026-01-20 19:00:00+00:00,155.10000000000002,160.6718911720285
2026-01-20 20:00:00+00:00,139.89,141.1304470928985
2026-01-20 21:00:00+00:00,117.1925,132.25659303817352
2026-01-20 22:00:00+00:00,107.8375,112.2839685271113
2026-01-20 23:00:00+00:00,101.49,107.73014711839492
2026-01-21 00:00:00+00:00,101.7175,108.34620058991075
2026-01-21 01:00:00+00:00,98.7575,106.99075259127214
2026-01-21 02:00:00+00:00,100.91,103.71935237556823
2026-01-21 03:00:00+00:00,98.845,110.88181849496776
2026-01-21 04:00:00+00:00,98.6925,114.01700894272496
2026-01-21 05:00:00+00:00,107.8725,119.26157480856351
2026-01-21 06:00:00+00:00,160.0,140.1064402279264
2026-01-21 07:00:00+00:00,176.3975,183.2009104855351
2026-01-21 08:00:00+00:00,142.89249999999998,153.25527650359626
2026-01-21 09:00:00+00:00,118.3,121.9700186120963
2026-01-21 10:00:00+00:00,100.9925,111.10791530885832
2026-01-21 11:00:00+00:00,99.13,95.80374263949525
2026-01-21 12:00:00+00:00,103.475,99.12908306753098
2026-01-21 13:00:00+00:00,108.6225,118.58594973088557
2026-01-21 14:00:00+00:00,126.9275,131.1603075953892
2026-01-21 15:00:00+00:00,145.035,150.05531222550823
2026-01-21 16:00:00+00:00,139.11,160.55835989079287
2026-01-21 17:00:00+00:00,138.9075,155.979253067404
2026-01-21 18:00:00+00:00,127.83,146.54559086396915
2026-01-21 19:00:00+00:00,105.4475,121.06702220061754
2026-01-21 20:00:00+00:00,102.44,114.19802971915539
2026-01-21 21:00:00+00:00,104.76,107.66914901430039
2026-01-21 22:00:00+00:00,99.375,100.75949702718253
2026-01-21 23:00:00+00:00,92.7975,96.72609806262308
2026-01-22 00:00:00+00:00,92.5275,93.60005878456444
2026-01-22 01:00:00+00:00,91.45,92.87778759630005
2026-01-22 02:00:00+00:00,91.82,90.9927553804695
2026-01-22 03:00:00+00:00,92.85,97.72835875479974
2026-01-22 04:00:00+00:00,93.1875,106.86018910516715
2026-01-22 05:00:00+00:00,100.6775,109.8173240412766
2026-01-22 06:00:00+00:00,125.52,121.68442763869119
2026-01-22 07:00:00+00:00,137.1225,137.69912481548874
2026-01-22 08:00:00+00:00,114.4175,135.9050070311857
2026-01-22 09:00:00+00:00,95.2575,111.21409619573129
2026-01-22 10:00:00+00:00,89.075,94.13722056914582
2026-01-22 11:00:00+00:00,83.8575,85.00169024571362
2026-01-22 12:00:00+00:00,88.065,82.62083198472128
2026-01-22 13:00:00+00:00,94.91,89.04253689692078
2026-01-22 14:00:00+00:00,107.78,105.76079083286791
2026-01-22 15:00:00+00:00,130.8975,123.04193765526055
2026-01-22 16:00:00+00:00,136.365,140.91476974281778
2026-01-22 17:00:00+00:00,129.6675,144.37591026716711
2026-01-22 18:00:00+00:00,121.5675,131.1378763886907
2026-01-22 19:00:00+00:00,109.35,113.35338840851414
2026-01-22 20:00:00+00:00,106.945,106.21022753894182
2026-01-22 21:00:00+00:00,103.3225,102.75610440271605
2026-01-22 22:00:00+00:00,97.3075,99.4814420866714
2026-01-22 23:00:00+00:00,97.8875,94.36204671300663
2026-01-23 00:00:00+00:00,97.245,97.40236521183449
2026-01-23 01:00:00+00:00,95.9475,95.99229501987605
2026-01-23 02:00:00+00:00,95.0025,94.69415599315082
2026-01-23 03:00:00+00:00,95.6225,100.45817614038741
2026-01-23 04:00:00+00:00,96.9975,106.06024941745244
2026-01-23 05:00:00+00:00,108.1975,107.09891789087656
2026-01-23 06:00:00+00:00,133.0,120.01665653006036
2026-01-23 07:00:00+00:00,152.9375,144.01733119998855
2026-01-23 08:00:00+00:00,142.4875,148.69758951214905
2026-01-23 09:00:00+00:00,115.3775,117.61959654110368
2026-01-23 10:00:00+00:00,100.1275,106.34275337055216
2026-01-23 11:00:00+00:00,96.2125,93.47436152545532
2026-01-23 12:00:00+00:00,95.76,93.86910686032117
2026-01-23 13:00:00+00:00,97.08,97.91700084458022
2026-01-23 14:00:00+00:00,108.7675,104.17991281634745
2026-01-23 15:00:00+00:00,124.0475,124.65953516932221
2026-01-23 16:00:00+00:00,136.08499999999998,134.7968953413169
2026-01-23 17:00:00+00:00,128.48250000000002,145.2483611651776
2026-01-23 18:00:00+00:00,116.8025,130.8974460901955
2026-01-23 19:00:00+00:00,107.2225,113.09453325153397
2026-01-23 20:00:00+00:00,103.96,102.33557675222067
2026-01-23 21:00:00+00:00,104.79,99.73413211368275
2026-01-23 22:00:00+00:00,96.995,98.77232910531066
2026-01-23 23:00:00+00:00,99.8,93.53108568077107
2026-01-24 00:00:00+00:00,99.035,96.74726137211591
2026-01-24 01:00:00+00:00,98.315,96.28043689932774
2026-01-24 02:00:00+00:00,97.825,95.85851184031272
2026-01-24 03:00:00+00:00,97.5475,98.1678646350009
2026-01-24 04:00:00+00:00,98.91,98.93367882734368
2026-01-24 05:00:00+00:00,100.3975,100.433535647088
2026-01-24 06:00:00+00:00,104.06,109.27286005105005
2026-01-24 07:00:00+00:00,110.9975,119.26215691326499
2026-01-24 08:00:00+00:00,123.0925,122.70281547066945
2026-01-24 09:00:00+00:00,119.24,120.70220092439178
2026-01-24 10:00:00+00:00,110.2975,110.6067235493696
2026-01-24 11:00:00+00:00,106.2175,105.45772853985532
2026-01-24 12:00:00+00:00,101.8725,104.39346421005641
2026-01-24 13:00:00+00:00,105.12,108.38965946373285
2026-01-24 14:00:00+00:00,118.2275,115.93746036480599
2026-01-24 15:00:00+00:00,131.905,133.83127660909116
2026-01-24 16:00:00+00:00,146.7225,141.70972990783142
2026-01-24 17:00:00+00:00,141.7475,152.72193940061547
2026-01-24 18:00:00+00:00,131.9325,142.36636064921058
2026-01-24 19:00:00+00:00,118.6725,121.6985606772279
2026-01-24 20:00:00+00:00,110.5375,113.94601904680785
2026-01-24 21:00:00+00:00,110.31,106.86417816641638
2026-01-24 22:00:00+00:00,104.15,106.54244380794015
2026-01-24 23:00:00+00:00,101.4425,100.45785520118295
2026-01-25 00:00:00+00:00,101.7575,100.93250787954219
2026-01-25 01:00:00+00:00,101.315,100.33125512056573
2026-01-25 02:00:00+00:00,101.77,100.66917325518162
2026-01-25 03:00:00+00:00,100.8625,102.2913062714686
2026-01-25 04:00:00+00:00,100.5125,103.14755341091086
2026-01-25 05:00:00+00:00,99.965,103.29147383837642
2026-01-25 06:00:00+00:00,102.06,104.38759239035699
2026-01-25 07:00:00+00:00,103.7575,109.7364375410661
2026-01-25 08:00:00+00:00,108.8875,113.12173939354972
2026-01-25 09:00:00+00:00,113.1925,113.10693660951371
2026-01-25 10:00:00+00:00,116.0175,114.63123657996944
2026-01-25 11:00:00+00:00,120.03,119.9048529361012
2026-01-25 12:00:00+00:00,116.1075,122.15404718080752
2026-01-25 13:00:00+00:00,114.315,122.76591723983677
2026-01-25 14:00:00+00:00,111.7525,121.54026860213493
2026-01-25 15:00:00+00:00,116.9,126.25524755943
2026-01-25 16:00:00+00:00,131.2125,132.6779778226712
2026-01-25 17:00:00+00:00,137.375,143.993490167774
2026-01-25 18:00:00+00:00,132.575,138.36872194703326
2026-01-25 19:00:00+00:00,124.0175,123.4067005665622
2026-01-25 20:00:00+00:00,114.0225,116.58366931542976
2026-01-25 21:00:00+00:00,111.9425,109.38042381619144
2026-01-25 22:00:00+00:00,104.49,107.6942458171115
2026-01-25 23:00:00+00:00,103.925,101.33366579350843
2026-01-26 00:00:00+00:00,101.1125,103.89127657224137
2026-01-26 01:00:00+00:00,98.7275,102.59846726000242
2026-01-26 02:00:00+00:00,95.8525,99.49844373767995
2026-01-26 03:00:00+00:00,95.0325,102.82886091580633
2026-01-26 04:00:00+00:00,97.1925,107.85010441573279
2026-01-26 05:00:00+00:00,114.2775,109.84085992335972
2026-01-26 06:00:00+00:00,153.1975,130.02228975239493
2026-01-26 07:00:00+00:00,175.1325,166.164476508382
2026-01-26 08:00:00+00:00,177.9675,195.37897668138808
2026-01-26 09:00:00+00:00,178.0125,196.81936171317054
2026-01-26 10:00:00+00:00,170.3425,194.9228797971566
2026-01-26 11:00:00+00:00,156.03,186.6869302346518
2026-01-26 12:00:00+00:00,149.39499999999998,170.90879193087758
2026-01-26 13:00:00+00:00,147.78,158.88598952795638
2026-01-26 14:00:00+00:00,159.97,160.1641728046534
2026-01-26 15:00:00+00:00,166.32999999999998,183.419394630183
2026-01-26 16:00:00+00:00,178.6975,188.36189030851426
2026-01-26 17:00:00+00:00,178.0225,193.98388640906091
2026-01-26 18:00:00+00:00,169.9725,163.53156121035093
2026-01-26 19:00:00+00:00,154.16500000000002,153.93836663047202
2026-01-26 20:00:00+00:00,137.1125,139.5416420490784
2026-01-26 21:00:00+00:00,121.5,126.90098736541132
2026-01-26 22:00:00+00:00,111.685,115.04490302402428
2026-01-26 23:00:00+00:00,118.7675,108.62095155423047
2026-01-27 00:00:00+00:00,113.7025,119.14857728077938
2026-01-27 01:00:00+00:00,112.1575,113.6549328039343
2026-01-27 02:00:00+00:00,111.4875,112.62046509406427
2026-01-27 03:00:00+00:00,110.545,118.58331262719192
2026-01-27 04:00:00+00:00,111.65,128.00991200467456
2026-01-27 05:00:00+00:00,133.61,138.32658240391527
2026-01-27 06:00:00+00:00,159.875,165.18734893323813
2026-01-27 07:00:00+00:00,176.635,185.32482833810624
2026-01-27 08:00:00+00:00,171.195,168.46525160547142
2026-01-27 09:00:00+00:00,148.45749999999998,155.6443708757075
2026-01-27 10:00:00+00:00,133.29,131.44120750914695
2026-01-27 11:00:00+00:00,123.03,125.33652336651993
2026-01-27 12:00:00+00:00,112.4875,127.96020443916805
2026-01-27 13:00:00+00:00,131.0825,127.07000940770469
2026-01-27 14:00:00+00:00,127.4475,147.18941329930283
2026-01-27 15:00:00+00:00,132.98,138.14622653943456
2026-01-27 16:00:00+00:00,152.62,152.57852841049856
2026-01-27 17:00:00+00:00,141.14,164.75836429024926
2026-01-27 18:00:00+00:00,138.8825,143.37859447705097
2026-01-27 19:00:00+00:00,121.5875,126.84790032720854
2026-01-27 20:00:00+00:00,119.3675,117.91425370841397
2026-01-27 21:00:00+00:00,120.7,114.40175188625633
2026-01-27 22:00:00+00:00,111.85,115.42548647260499
2026-01-27 23:00:00+00:00,105.475,107.54506346856643
2026-01-28 00:00:00+00:00,104.465,105.51435981313867
2026-01-28 01:00:00+00:00,104.465,104.13266784753283
2026-01-28 02:00:00+00:00,102.24,104.42349617574492
2026-01-28 03:00:00+00:00,104.7125,106.35866814490346
2026-01-28 04:00:00+00:00,106.6,111.35926683478588
2026-01-28 05:00:00+00:00,113.6975,122.13363911873128
2026-01-28 06:00:00+00:00,143.5975,130.06384191540184
2026-01-28 07:00:00+00:00,171.0025,154.81531956651304
2026-01-28 08:00:00+00:00,173.64499999999998,182.29908970636887
2026-01-28 09:00:00+00:00,172.325,158.70937633637806
2026-01-28 10:00:00+00:00,166.24,156.68528186907736
2026-01-28 11:00:00+00:00,157.0875,154.42865478369276
2026-01-28 12:00:00+00:00,147.9125,148.30963258549684
2026-01-28 13:00:00+00:00,145.035,151.21512466662318
2026-01-28 14:00:00+00:00,141.13750000000002,152.48117925284888
2026-01-28 15:00:00+00:00,147.1275,151.85017561647228
2026-01-28 16:00:00+00:00,164.2225,156.8558081888976
2026-01-28 17:00:00+00:00,170.425,174.45276005444728
2026-01-28 18:00:00+00:00,161.225,153.50602197623147
2026-01-28 19:00:00+00:00,134.265,142.4596930937534
2026-01-28 20:00:00+00:00,119.01,122.80380380654437
2026-01-28 21:00:00+00:00,117.0,115.135513088152
2026-01-28 22:00:00+00:00,110.9575,112.58601285381694
2026-01-28 23:00:00+00:00,104.55,106.24474066769181
2026-01-29 00:00:00+00:00,104.0,103.41493357418057
2026-01-29 01:00:00+00:00,101.88,103.28531060805483
2026-01-29 02:00:00+00:00,100.0225,103.06910219040921
2026-01-29 03:00:00+00:00,100.9325,104.8212718596873
2026-01-29 04:00:00+00:00,104.6375,110.33328084606455
2026-01-29 05:00:00+00:00,116.12,116.98079391570244
2026-01-29 06:00:00+00:00,149.595,135.6946427240747
2026-01-29 07:00:00+00:00,165.6825,161.10605194635147
2026-01-29 08:00:00+00:00,168.035,176.53544295239476
2026-01-29 09:00:00+00:00,160.675,182.05311267244252
2026-01-29 10:00:00+00:00,152.7925,171.1250626293127
2026-01-29 11:00:00+00:00,143.035,159.46195170291955
2026-01-29 12:00:00+00:00,142.815,149.8519852461614
2026-01-29 13:00:00+00:00,142.9925,150.4663079991359
2026-01-29 14:00:00+00:00,147.6125,151.2418362481031
2026-01-29 15:00:00+00:00,153.1025,156.82105388942784
2026-01-29 16:00:00+00:00,159.4775,169.91724323566075
2026-01-29 17:00:00+00:00,157.24,178.08157825749433
2026-01-29 18:00:00+00:00,150.0375,156.4183992829938
2026-01-29 19:00:00+00:00,126.5575,132.6266579042987
2026-01-29 20:00:00+00:00,113.57,117.01888607438633
2026-01-29 21:00:00+00:00,109.315,110.08801846641101
2026-01-29 22:00:00+00:00,102.9775,106.31383144164454
2026-01-29 23:00:00+00:00,111.065,100.715562565944
2026-01-30 00:00:00+00:00,103.3125,108.76268571554436
2026-01-30 01:00:00+00:00,100.8525,103.8131068270648
2026-01-30 02:00:00+00:00,97.3875,102.68386948850264
2026-01-30 03:00:00+00:00,97.3,103.91510548356621
2026-01-30 04:00:00+00:00,96.2775,107.98830268757905
2026-01-30 05:00:00+00:00,111.125,114.12183476034612
2026-01-30 06:00:00+00:00,131.7775,131.95206284021793
2026-01-30 07:00:00+00:00,143.755,151.96465618605689
2026-01-30 08:00:00+00:00,147.035,153.29108736125139
2026-01-30 09:00:00+00:00,132.63,148.40967746306487
2026-01-30 10:00:00+00:00,126.1,135.6911414509413
2026-01-30 11:00:00+00:00,118.205,125.96866049644989
2026-01-30 12:00:00+00:00,110.39,123.91384796996155
2026-01-30 13:00:00+00:00,110.3175,121.25196259866901
2026-01-30 14:00:00+00:00,111.195,121.91864455181585
2026-01-30 15:00:00+00:00,114.9375,127.6083461861162
2026-01-30 16:00:00+00:00,124.81,129.43955686158912
2026-01-30 17:00:00+00:00,122.8875,135.04595472418868
2026-01-30 18:00:00+00:00,113.0875,129.63138674704186
2026-01-30 19:00:00+00:00,108.5975,113.88076673100086
2026-01-30 20:00:00+00:00,101.6825,104.07415735022707
2026-01-30 21:00:00+00:00,101.09,97.54821812040328
2026-01-30 22:00:00+00:00,92.695,95.5539439652939
2026-01-30 23:00:00+00:00,96.9525,90.53418180730199
2026-01-31 00:00:00+00:00,97.3775,94.1770598915055
2026-01-31 01:00:00+00:00,94.5075,94.74786677908295
2026-01-31 02:00:00+00:00,94.08,92.14311870434645
2026-01-31 03:00:00+00:00,93.325,94.78008373029836
2026-01-31 04:00:00+00:00,94.0575,95.23320509588113
2026-01-31 05:00:00+00:00,93.45,95.01121236867384
2026-01-31 06:00:00+00:00,92.9025,96.61715033420086
2026-01-31 07:00:00+00:00,103.955,102.20114983732336
2026-01-31 08:00:00+00:00,109.0625,107.68104707827071
2026-01-31 09:00:00+00:00,114.215,108.13758776417117
2026-01-31 10:00:00+00:00,113.47,111.01158613895805
2026-01-31 11:00:00+00:00,111.2775,110.09431219622101
2026-01-31 12:00:00+00:00,107.39,107.63727623072946
2026-01-31 13:00:00+00:00,110.305,106.56859094131867
2026-01-31 14:00:00+00:00,113.1675,115.40914910731718
2026-01-31 15:00:00+00:00,119.3575,122.65131796932332
2026-01-31 16:00:00+00:00,134.605,131.81703435757913
2026-01-31 17:00:00+00:00,138.0375,145.17187153310036
2026-01-31 18:00:00+00:00,133.95,137.6467754989355
2026-01-31 19:00:00+00:00,125.645,123.61106633222582
2026-01-31 20:00:00+00:00,114.2075,115.88201162394286
2026-01-31 21:00:00+00:00,114.145,107.5238732794556
2026-01-31 22:00:00+00:00,105.9,106.04253104321445
2026-01-31 23:00:00+00:00,96.09,98.40350374413627
2026-02-01 00:00:00+00:00,94.0075,94.23339688964602
2026-02-01 01:00:00+00:00,98.4025,93.03825810532238
2026-02-01 02:00:00+00:00,96.0575,95.6474587897519
2026-02-01 03:00:00+00:00,98.3125,97.74525550264653
2026-02-01 04:00:00+00:00,98.2225,98.35651861200189
2026-02-01 05:00:00+00:00,96.015,98.67593991312262
2026-02-01 06:00:00+00:00,99.5,99.45574322422135
2026-02-01 07:00:00+00:00,105.255,103.09570218901887
2026-02-01 08:00:00+00:00,109.235,108.74798518593417
2026-02-01 09:00:00+00:00,109.845,110.66634480836234
2026-02-01 10:00:00+00:00,108.1575,108.86161452557246
2026-02-01 11:00:00+00:00,107.125,104.87957670096479
2026-02-01 12:00:00+00:00,100.3875,104.22331918397016
2026-02-01 13:00:00+00:00,102.235,101.82375968305388
2026-02-01 14:00:00+00:00,108.9575,107.67655607664247
2026-02-01 15:00:00+00:00,114.6675,116.2680511328604
2026-02-01 16:00:00+00:00,129.4875,127.35767187536543
2026-02-01 17:00:00+00:00,136.8425,136.44461138348836
2026-02-01 18:00:00+00:00,137.39,134.16950490209786
2026-02-01 19:00:00+00:00,125.5925,127.77276820241714
2026-02-01 20:00:00+00:00,113.8575,116.58406431623827
2026-02-01 21:00:00+00:00,113.885,106.01667414256545
2026-02-01 22:00:00+00:00,106.5525,105.39046591671298
2026-02-01 23:00:00+00:00,99.5925,98.22664053082502
2026-02-02 00:00:00+00:00,97.9925,94.85698200784931
2026-02-02 01:00:00+00:00,95.0925,93.83085362041882
2026-02-02 02:00:00+00:00,91.0,92.34686513390876
2026-02-02 03:00:00+00:00,91.7325,93.4375208303448
2026-02-02 04:00:00+00:00,94.7225,98.78792392393785
2026-02-02 05:00:00+00:00,106.575,107.51433394351207
2026-02-02 06:00:00+00:00,122.885,121.1765776324355
2026-02-02 07:00:00+00:00,136.8675,135.01863711817742
2026-02-02 08:00:00+00:00,140.155,142.83801093860697
2026-02-02 09:00:00+00:00,124.54,133.8123427110051
2026-02-02 10:00:00+00:00,114.6675,121.52376664393555
2026-02-02 11:00:00+00:00,109.2125,110.87203170372257
2026-02-02 12:00:00+00:00,104.0,107.80856466838202
2026-02-02 13:00:00+00:00,102.9025,105.76421043319137
2026-02-02 14:00:00+00:00,105.0775,110.74203478809886
2026-02-02 15:00:00+00:00,109.7775,119.40655548235331
2026-02-02 16:00:00+00:00,118.1975,122.76979104977765
2026-02-02 17:00:00+00:00,118.9675,131.48689631938095
2026-02-02 18:00:00+00:00,105.0,128.86744591906046
2026-02-02 19:00:00+00:00,102.255,106.24783487181892
2026-02-02 20:00:00+00:00,102.015,98.3666417650639
2026-02-02 21:00:00+00:00,101.2275,96.20015959708921
2026-02-02 22:00:00+00:00,91.385,93.70019473120448
2026-02-02 23:00:00+00:00,91.7175,84.04203138531803
2026-02-03 00:00:00+00:00,89.36500000000001,85.66148895689294
2026-02-03 01:00:00+00:00,84.0075,83.92827951539195
2026-02-03 02:00:00+00:00,79.9375,81.27499547465739
2026-02-03 03:00:00+00:00,76.84,84.49185593600617
2026-02-03 04:00:00+00:00,82.16,79.64486053393729
2026-02-03 05:00:00+00:00,91.16,90.73832154710594
2026-02-03 06:00:00+00:00,97.6925,100.56125305527736
2026-02-03 07:00:00+00:00,106.2725,105.89502401591164
2026-02-03 08:00:00+00:00,108.225,107.93023223328002
2026-02-03 09:00:00+00:00,99.94,104.59192540177874
2026-02-03 10:00:00+00:00,90.83,94.56890279533368
2026-02-03 11:00:00+00:00,87.94749999999999,88.6241130199111
2026-02-03 12:00:00+00:00,89.905,84.9250864406019
2026-02-03 13:00:00+00:00,93.1525,92.46965459635133
2026-02-03 14:00:00+00:00,100.41,99.79720564192984
2026-02-03 15:00:00+00:00,106.615,106.33936874004435
2026-02-03 16:00:00+00:00,125.7725,118.29236364475477
2026-02-03 17:00:00+00:00,126.3475,131.3334486243452
2026-02-03 18:00:00+00:00,123.2275,124.9988758525622
2026-02-03 19:00:00+00:00,112.9,112.47901673020702
2026-02-03 20:00:00+00:00,103.2925,105.96816840006504
2026-02-03 21:00:00+00:00,100.895,98.96964576875325
2026-02-03 22:00:00+00:00,94.8125,96.3479449640409
2026-02-03 23:00:00+00:00,95.0025,92.65657654288451
2026-02-04 00:00:00+00:00,92.7875,93.80999120480593
2026-02-04 01:00:00+00:00,92.9625,92.58613331648634
2026-02-04 02:00:00+00:00,94.6225,92.77313966209906
2026-02-04 03:00:00+00:00,93.9575,100.36981982795
2026-02-04 04:00:00+00:00,96.585,106.06866562262057
2026-02-04 05:00:00+00:00,105.285,107.59267344344629
2026-02-04 06:00:00+00:00,122.935,118.58816859878937
2026-02-04 07:00:00+00:00,131.605,134.25799408192586
2026-02-04 08:00:00+00:00,122.6725,143.85825195301405
2026-02-04 09:00:00+00:00,110.0,125.66061848924605
2026-02-04 10:00:00+00:00,98.7075,114.2655426581056
2026-02-04 11:00:00+00:00,91.915,101.72818102504432
2026-02-04 12:00:00+00:00,91.3825,99.65585715759653
2026-02-04 13:00:00+00:00,96.0775,100.81263210147827
2026-02-04 14:00:00+00:00,102.875,104.0027985002456
2026-02-04 15:00:00+00:00,114.185,114.17651250089712
2026-02-04 16:00:00+00:00,124.6175,125.89650187539172
2026-02-04 17:00:00+00:00,117.04,131.99445768573725
2026-02-04 18:00:00+00:00,104.52,126.74099489950103
2026-02-04 19:00:00+00:00,96.2875,104.94453703482279
2026-02-04 20:00:00+00:00,94.7525,92.40667570250443
2026-02-04 21:00:00+00:00,93.8225,92.11254037388784
2026-02-04 22:00:00+00:00,86.3075,92.28866739820174
2026-02-04 23:00:00+00:00,90.3025,80.61198815525223
2026-02-05 00:00:00+00:00,88.4375,89.4762774874624
2026-02-05 01:00:00+00:00,87.4325,87.52550252353811
2026-02-05 02:00:00+00:00,87.795,88.06240755229075
2026-02-05 03:00:00+00:00,89.565,93.93873681118686
2026-02-05 04:00:00+00:00,91.51,101.69047097805665
2026-02-05 05:00:00+00:00,102.845,104.41460560120773
2026-02-05 06:00:00+00:00,113.32,116.6282122906136
2026-02-05 07:00:00+00:00,125.365,126.04402704053747
2026-02-05 08:00:00+00:00,121.52,133.0746630644717
2026-02-05 09:00:00+00:00,118.1925,128.1715769471414
2026-02-05 10:00:00+00:00,121.0675,122.42134523868117
2026-02-05 11:00:00+00:00,108.2525,116.62265589510953
2026-02-05 12:00:00+00:00,109.7575,113.50891772919873
2026-02-05 13:00:00+00:00,110.1025,115.88646041740785
2026-02-05 14:00:00+00:00,116.98,117.77061462456076
2026-02-05 15:00:00+00:00,126.0,129.48672706003018
2026-02-05 16:00:00+00:00,140.5,133.5217013697446
2026-02-05 17:00:00+00:00,136.64499999999998,150.44468184244838
2026-02-05 18:00:00+00:00,132.9075,142.45958954278606
2026-02-05 19:00:00+00:00,120.81,122.65489022497584
2026-02-05 20:00:00+00:00,107.7825,114.18936865650613
2026-02-05 21:00:00+00:00,105.88,103.45789060434856
2026-02-05 22:00:00+00:00,100.0375,102.54474309103378
2026-02-05 23:00:00+00:00,99.31,97.40517557953906
2026-02-06 00:00:00+00:00,99.1275,102.4839762018526
2026-02-06 01:00:00+00:00,98.0875,102.86275972153524
2026-02-06 02:00:00+00:00,98.2275,103.30829561121566
2026-02-06 03:00:00+00:00,98.7425,106.8743459722779
2026-02-06 04:00:00+00:00,102.3325,112.56486148038866
2026-02-06 05:00:00+00:00,115.4225,114.3892870829494
2026-02-06 06:00:00+00:00,139.4625,132.3047987060855
2026-02-06 07:00:00+00:00,144.74,151.07038880107325
2026-02-06 08:00:00+00:00,144.2025,150.41077625283629
2026-02-06 09:00:00+00:00,142.0925,146.31833243130458
2026-02-06 10:00:00+00:00,138.91,135.79621255684668
2026-02-06 11:00:00+00:00,136.21,132.95929019904708
2026-02-06 12:00:00+00:00,135.89249999999998,134.68525981697067
2026-02-06 13:00:00+00:00,135.66750000000002,141.16732138621535
2026-02-06 14:00:00+00:00,139.4725,143.37215441631562
2026-02-06 15:00:00+00:00,133.9625,148.90767271316906
2026-02-06 16:00:00+00:00,137.1875,148.50508379639535
2026-02-06 17:00:00+00:00,132.19,149.08832224316285
2026-02-06 18:00:00+00:00,125.6275,135.82125559983598
2026-02-06 19:00:00+00:00,110.9825,116.9334240238961
2026-02-06 20:00:00+00:00,108.85,107.51097626834617
2026-02-06 21:00:00+00:00,106.2625,104.6765081944661
2026-02-06 22:00:00+00:00,102.2375,102.62869761661953
2026-02-06 23:00:00+00:00,101.4925,99.47326974488404
2026-02-07 00:00:00+00:00,100.0,103.39933427610296
2026-02-07 01:00:00+00:00,98.0425,101.08495749026733
2026-02-07 02:00:00+00:00,96.885,101.44099975136794
2026-02-07 03:00:00+00:00,96.395,103.1585625025857
2026-02-07 04:00:00+00:00,96.725,102.97571279964906
2026-02-07 05:00:00+00:00,97.095,104.49390706401464
2026-02-07 06:00:00+00:00,105.5475,106.98044772375196
2026-02-07 07:00:00+00:00,114.08,123.50915014630087
2026-02-07 08:00:00+00:00,117.975,127.23564396660967
2026-02-07 09:00:00+00:00,110.0625,125.64516405102404
2026-02-07 10:00:00+00:00,104.5325,119.22730202848628
2026-02-07 11:00:00+00:00,100.1175,115.76741291869746
2026-02-07 12:00:00+00:00,97.3875,107.7037451607911
2026-02-07 13:00:00+00:00,99.9275,105.10321407067069
2026-02-07 14:00:00+00:00,106.3325,112.64706040884728
2026-02-07 15:00:00+00:00,120.29,124.08820477965465
2026-02-07 16:00:00+00:00,134.03750000000002,138.67527592920882
2026-02-07 17:00:00+00:00,135.33249999999998,148.90054161064248
2026-02-07 18:00:00+00:00,127.4975,140.9916359853179
2026-02-07 19:00:00+00:00,113.395,116.91770383997218
2026-02-07 20:00:00+00:00,104.39,107.93065261786931
2026-02-07 21:00:00+00:00,104.0725,102.77336293488412
2026-02-07 22:00:00+00:00,98.76,101.8154605053941
2026-02-07 23:00:00+00:00,102.035,95.31440818166733
2026-02-08 00:00:00+00:00,99.045,101.87655598896221
2026-02-08 01:00:00+00:00,97.5675,99.42626880018464
2026-02-08 02:00:00+00:00,96.425,98.67753760052832
2026-02-08 03:00:00+00:00,94.86,100.85773431883757
2026-02-08 04:00:00+00:00,95.75,99.2242541027071
2026-02-08 05:00:00+00:00,95.0,100.29690719647586
2026-02-08 06:00:00+00:00,95.805,100.21089821125827
2026-02-08 07:00:00+00:00,100.3475,103.62789757393129
2026-02-08 08:00:00+00:00,101.9875,109.49501956781398
2026-02-08 09:00:00+00:00,102.645,106.502683844422
2026-02-08 10:00:00+00:00,99.6,103.59779223500159
2026-02-08 11:00:00+00:00,96.5725,98.44407864862211
2026-02-08 12:00:00+00:00,95.45,96.33679499423123
2026-02-08 13:00:00+00:00,97.22,98.10150112969463
2026-02-08 14:00:00+00:00,103.3225,105.46102394351865
2026-02-08 15:00:00+00:00,111.785,118.21075749217276
2026-02-08 16:00:00+00:00,127.6325,125.74001044005736
2026-02-08 17:00:00+00:00,131.26749999999998,135.80235842854628
2026-02-08 18:00:00+00:00,126.9075,136.09996045323132
2026-02-08 19:00:00+00:00,113.2825,116.21896340828843
2026-02-08 20:00:00+00:00,107.6275,107.20493833153823
2026-02-08 21:00:00+00:00,105.14,104.46458326717593
2026-02-08 22:00:00+00:00,99.9825,101.36826612470972
2026-02-08 23:00:00+00:00,96.745,95.64201401180732
2026-02-09 00:00:00+00:00,95.4525,97.60327824580071
2026-02-09 01:00:00+00:00,95.7025,96.12995743280457
2026-02-09 02:00:00+00:00,95.4675,95.13966887504142
2026-02-09 03:00:00+00:00,96.565,100.72977222265295
2026-02-09 04:00:00+00:00,104.735,105.06059449414815
2026-02-09 05:00:00+00:00,132.235,115.68091459977536
2026-02-09 06:00:00+00:00,158.595,148.95885453860316
2026-02-09 07:00:00+00:00,182.71,175.40024647474834
2026-02-09 08:00:00+00:00,169.2075,172.6752236868342
2026-02-09 09:00:00+00:00,157.29,155.66526392242707
2026-02-09 10:00:00+00:00,144.38,141.88533218593585
2026-02-09 11:00:00+00:00,137.0725,131.78062841971624
2026-02-09 12:00:00+00:00,135.025,130.0434904239199
2026-02-09 13:00:00+00:00,137.6575,143.24227723221512
2026-02-09 14:00:00+00:00,149.0775,145.584065887667
2026-02-09 15:00:00+00:00,168.9825,159.36061587190454
2026-02-09 16:00:00+00:00,227.2125,184.63587635618907
2026-02-09 17:00:00+00:00,182.225,239.82549497937777
2026-02-09 18:00:00+00:00,165.81,168.08248207673014
2026-02-09 19:00:00+00:00,144.1275,151.31038103847007
2026-02-09 20:00:00+00:00,134.6,131.15509431134976
2026-02-09 21:00:00+00:00,122.895,123.65816049146146
2026-02-09 22:00:00+00:00,108.9225,113.79329482673731
2026-02-09 23:00:00+00:00,104.6425,105.89966804166366
2026-02-10 00:00:00+00:00,103.745,105.30716657074395
2026-02-10 01:00:00+00:00,102.7475,104.40460840638748
2026-02-10 02:00:00+00:00,102.435,103.68301900270355
2026-02-10 03:00:00+00:00,102.435,107.83407186249879
2026-02-10 04:00:00+00:00,105.4275,111.80480428852623
2026-02-10 05:00:00+00:00,119.9175,128.51103258129396
2026-02-10 06:00:00+00:00,134.89,144.56867945319937
2026-02-10 07:00:00+00:00,143.8275,151.5305442966641
2026-02-10 08:00:00+00:00,132.08249999999998,141.55504679805026
2026-02-10 09:00:00+00:00,129.0875,124.09091025127856
2026-02-10 10:00:00+00:00,119.4425,122.77844798374282
2026-02-10 11:00:00+00:00,109.2225,118.8468108236928
2026-02-10 12:00:00+00:00,109.47,116.88804674912349
2026-02-10 13:00:00+00:00,116.2225,120.72892057302708
2026-02-10 14:00:00+00:00,128.115,131.14122691218157
2026-02-10 15:00:00+00:00,127.6625,142.876405428137
2026-02-10 16:00:00+00:00,135.2425,138.60179050202146
2026-02-10 17:00:00+00:00,131.7125,147.63077193306515
2026-02-10 18:00:00+00:00,120.3275,139.02845747440722
2026-02-10 19:00:00+00:00,111.2525,116.79603567886019
2026-02-10 20:00:00+00:00,107.1575,115.09974025972937
2026-02-10 21:00:00+00:00,106.69,108.03673673391211
2026-02-10 22:00:00+00:00,100.5275,102.02426047992657
2026-02-10 23:00:00+00:00,96.7825,96.97475366086877
2026-02-11 00:00:00+00:00,96.63,95.0493386006982
2026-02-11 01:00:00+00:00,95.605,94.91181356834579
2026-02-11 02:00:00+00:00,94.68,94.53402493475919
2026-02-11 03:00:00+00:00,94.845,97.91346544476566
2026-02-11 04:00:00+00:00,99.1425,104.27894397891656
2026-02-11 05:00:00+00:00,110.4775,109.55916205219155
2026-02-11 06:00:00+00:00,129.0,123.09112125437805
2026-02-11 07:00:00+00:00,137.0675,135.21272361622974
2026-02-11 08:00:00+00:00,131.4375,140.58632089399092
2026-02-11 09:00:00+00:00,127.5,126.15054912997714
2026-02-11 10:00:00+00:00,125.94,120.04811195279359
2026-02-11 11:00:00+00:00,115.8625,119.09774754747792
2026-02-11 12:00:00+00:00,116.7,116.53495387213604
2026-02-11 13:00:00+00:00,116.7,123.94215731332635
2026-02-11 14:00:00+00:00,118.185,124.45171478321768
2026-02-11 15:00:00+00:00,122.315,128.12301700808686
2026-02-11 16:00:00+00:00,127.9,130.36510588810242
2026-02-11 17:00:00+00:00,125.465,130.80169982950412
2026-02-11 18:00:00+00:00,112.02,124.61680771922457
2026-02-11 19:00:00+00:00,104.9275,106.79426682141222
2026-02-11 20:00:00+00:00,104.38,99.88083329727557
2026-02-11 21:00:00+00:00,101.9975,98.8614171068275
2026-02-11 22:00:00+00:00,95.3075,96.09933973645114
2026-02-11 23:00:00+00:00,88.1925,91.20978006910134
2026-02-12 00:00:00+00:00,87.58,86.16722659236703
2026-02-12 01:00:00+00:00,86.2025,85.87038434381506
2026-02-12 02:00:00+00:00,84.8925,84.6315758695684
2026-02-12 03:00:00+00:00,86.0125,89.36169127033546
2026-02-12 04:00:00+00:00,89.43,93.39589854231967
2026-02-12 05:00:00+00:00,99.8625,101.51724994985646
2026-02-12 06:00:00+00:00,116.0075,111.28757792804619
2026-02-12 07:00:00+00:00,123.0725,126.73940568089199
2026-02-12 08:00:00+00:00,121.205,126.12213504420444
2026-02-12 09:00:00+00:00,117.52,120.15224061370972
2026-02-12 10:00:00+00:00,111.1525,117.16952859877932
2026-02-12 11:00:00+00:00,105.515,108.0351353879555
2026-02-12 12:00:00+00:00,103.555,106.61462700424225
2026-02-12 13:00:00+00:00,105.2125,107.7140693914212
2026-02-12 14:00:00+00:00,107.98,112.1944177985053
2026-02-12 15:00:00+00:00,110.785,115.55145942928513
2026-02-12 16:00:00+00:00,123.05,120.11094265377042
2026-02-12 17:00:00+00:00,125.6625,127.85819451641765
2026-02-12 18:00:00+00:00,120.8725,123.60409585595723
2026-02-12 19:00:00+00:00,109.1025,111.88123623270663
2026-02-12 20:00:00+00:00,99.6925,102.09820357964925
2026-02-12 21:00:00+00:00,97.175,94.61040635999639
2026-02-12 22:00:00+00:00,89.33250000000001,91.53550784949506
2026-02-12 23:00:00+00:00,83.8575,83.40900655614199
2026-02-13 00:00:00+00:00,83.66,82.33592437764041
2026-02-13 01:00:00+00:00,82.2175,82.76141123991383
2026-02-13 02:00:00+00:00,81.855,82.97957515119711
2026-02-13 03:00:00+00:00,83.35,87.1511014137086
2026-02-13 04:00:00+00:00,87.1875,90.14685638018298
2026-02-13 05:00:00+00:00,98.7275,95.84284278964155
2026-02-13 06:00:00+00:00,117.7275,110.66866073562429
2026-02-13 07:00:00+00:00,123.85,129.15406982820852
2026-02-13 08:00:00+00:00,119.15,129.7484478181112
2026-02-13 09:00:00+00:00,106.3925,122.00465420659373
2026-02-13 10:00:00+00:00,101.03,112.6461887153669
2026-02-13 11:00:00+00:00,97.3,106.0140451339872
2026-02-13 12:00:00+00:00,97.495,102.33768892047242
2026-02-13 13:00:00+00:00,102.09,104.51853721365454
2026-02-13 14:00:00+00:00,118.0975,113.88174670346622
2026-02-13 15:00:00+00:00,125.905,130.01400721590028
2026-02-13 16:00:00+00:00,131.985,134.14810887948994
2026-02-13 17:00:00+00:00,136.02249999999998,141.64224302309225
2026-02-13 18:00:00+00:00,131.89249999999998,138.85793596672963
2026-02-13 19:00:00+00:00,126.0,122.5428240670103
2026-02-13 20:00:00+00:00,117.58,114.87534696785973
2026-02-13 21:00:00+00:00,109.9475,111.20298855997069
2026-02-13 22:00:00+00:00,100.8575,104.87880951962221
2026-02-13 23:00:00+00:00,96.9925,97.65590299976003
2026-02-14 00:00:00+00:00,91.83,95.55415585385111
2026-02-14 01:00:00+00:00,89.09,91.3288350437847
2026-02-14 02:00:00+00:00,88.6725,88.85904648593046
2026-02-14 03:00:00+00:00,87.5075,92.62211980741027
2026-02-14 04:00:00+00:00,88.75,91.14917219724077
2026-02-14 05:00:00+00:00,90.2175,93.45270455748215
2026-02-14 06:00:00+00:00,93.1175,100.79399351322003
2026-02-14 07:00:00+00:00,101.8325,102.40754562446645
2026-02-14 08:00:00+00:00,107.49,114.68382456362447
2026-02-14 09:00:00+00:00,103.97,116.72488318464815
2026-02-14 10:00:00+00:00,98.1625,109.95387788447002
2026-02-14 11:00:00+00:00,95.16,98.60355085134441
2026-02-14 12:00:00+00:00,93.9725,95.93112113692989
2026-02-14 13:00:00+00:00,97.1125,99.11192932866113
2026-02-14 14:00:00+00:00,104.9525,106.498080663872
2026-02-14 15:00:00+00:00,116.8875,122.06666230799077
2026-02-14 16:00:00+00:00,126.1,136.29257047421643
2026-02-14 17:00:00+00:00,131.9275,138.4586526293232
2026-02-14 18:00:00+00:00,128.72,139.56779881340893
2026-02-14 19:00:00+00:00,123.1925,122.00887880948409
2026-02-14 20:00:00+00:00,116.98,115.79151505314421
2026-02-14 21:00:00+00:00,111.2025,110.6166513351811
2026-02-14 22:00:00+00:00,101.1,106.65911013883931
2026-02-14 23:00:00+00:00,101.7775,99.05209082888835
2026-02-15 00:00:00+00:00,99.9475,101.63188007989791
2026-02-15 01:00:00+00:00,100.755,98.13993033522114
2026-02-15 02:00:00+00:00,98.025,101.27419899255979
2026-02-15 03:00:00+00:00,96.52,100.45745468732781
2026-02-15 04:00:00+00:00,94.355,99.55678949857958
2026-02-15 05:00:00+00:00,94.1675,97.69271755216441
2026-02-15 06:00:00+00:00,96.115,98.34800171117178
2026-02-15 07:00:00+00:00,96.8,100.4311099857203
2026-02-15 08:00:00+00:00,93.065,97.66375886898545
2026-02-15 09:00:00+00:00,83.0175,91.97044328032852
2026-02-15 10:00:00+00:00,74.7225,78.62470128010794
2026-02-15 11:00:00+00:00,67.37,70.87460758951929
2026-02-15 12:00:00+00:00,64.4075,64.39004582155604
2026-02-15 13:00:00+00:00,64.4225,65.52230048673259
2026-02-15 14:00:00+00:00,71.9525,68.23656573608967
2026-02-15 15:00:00+00:00,84.205,83.97566156715915
2026-02-15 16:00:00+00:00,96.385,96.17317794705801
2026-02-15 17:00:00+00:00,98.2025,99.99505514268944
2026-02-15 18:00:00+00:00,83.6125,93.28961803776735
2026-02-15 19:00:00+00:00,71.0025,77.71218501244037
2026-02-15 20:00:00+00:00,67.2625,66.78096746856262
2026-02-15 21:00:00+00:00,65.61500000000001,63.713465194723355
2026-02-15 22:00:00+00:00,58.04,63.25637929474415
2026-02-15 23:00:00+00:00,68.93,56.805563252934775
2026-02-16 00:00:00+00:00,65.375,63.05041263224136
2026-02-16 01:00:00+00:00,64.41,61.720551397328755
2026-02-16 02:00:00+00:00,64.4125,61.90291773117815
2026-02-16 03:00:00+00:00,66.0525,62.544231224814595
2026-02-16 04:00:00+00:00,69.985,70.0596213536704
2026-02-16 05:00:00+00:00,79.3275,82.58129636349094
2026-02-16 06:00:00+00:00,94.0725,90.7513687512224
2026-02-16 07:00:00+00:00,101.0325,105.72618758188207
2026-02-16 08:00:00+00:00,104.425,107.18887722345089
2026-02-16 09:00:00+00:00,101.54,106.56315619931372
2026-02-16 10:00:00+00:00,94.86,103.63009285131811
2026-02-16 11:00:00+00:00,92.0025,96.24675920065262
2026-02-16 12:00:00+00:00,94.4025,96.74121448741775
2026-02-16 13:00:00+00:00,96.0125,101.11215579865662
2026-02-16 14:00:00+00:00,104.075,105.6506399610953
2026-02-16 15:00:00+00:00,115.3025,124.33720225096248
2026-02-16 16:00:00+00:00,130.355,137.98520069613366
2026-02-16 17:00:00+00:00,129.1175,140.09115222279803
2026-02-16 18:00:00+00:00,126.355,131.42687644880988
2026-02-16 19:00:00+00:00,115.6325,115.98273454877477
2026-02-16 20:00:00+00:00,103.8975,112.3764677915386
2026-02-16 21:00:00+00:00,101.92,104.5462562152683
2026-02-16 22:00:00+00:00,92.755,97.42937895955103
2026-02-16 23:00:00+00:00,87.02000000000001,90.54241789499855
2026-02-17 00:00:00+00:00,85.105,88.29554617387626
2026-02-17 01:00:00+00:00,84.78,86.98215698319797
2026-02-17 02:00:00+00:00,85.65,87.26024942469087
2026-02-17 03:00:00+00:00,84.8175,93.94286884900599
2026-02-17 04:00:00+00:00,88.8425,95.28172160941872
2026-02-17 05:00:00+00:00,102.7225,99.87290132334245
2026-02-17 06:00:00+00:00,114.3275,117.9573748110111
2026-02-17 07:00:00+00:00,114.855,128.0158295592563
2026-02-17 08:00:00+00:00,110.8375,126.32863148355996
2026-02-17 09:00:00+00:00,102.4,115.46423984062382
2026-02-17 10:00:00+00:00,93.055,107.28622395595217
2026-02-17 11:00:00+00:00,83.94,94.00680822821094
2026-02-17 12:00:00+00:00,82.2925,84.2137396401935
2026-02-17 13:00:00+00:00,82.4175,85.79492179409065
2026-02-17 14:00:00+00:00,86.3775,91.66572807489639
2026-02-17 15:00:00+00:00,94.0825,96.88617424713456
2026-02-17 16:00:00+00:00,110.805,105.29897898046946
2026-02-17 17:00:00+00:00,126.975,119.65835804991164
2026-02-17 18:00:00+00:00,126.6,126.14012532081146
2026-02-17 19:00:00+00:00,111.2275,115.85616283492834
2026-02-17 20:00:00+00:00,99.9525,104.11499003919727
2026-02-17 21:00:00+00:00,93.225,95.11942608022528
2026-02-17 22:00:00+00:00,89.61,89.25874721855489
2026-02-17 23:00:00+00:00,95.63,86.47851131639756
2026-02-18 00:00:00+00:00,93.5625,93.59733403532107
2026-02-18 01:00:00+00:00,93.2925,93.00421958188512
2026-02-18 02:00:00+00:00,92.675,93.2264477460772
2026-02-18 03:00:00+00:00,93.4175,99.3017821782298
2026-02-18 04:00:00+00:00,101.1975,104.38837878721387
2026-02-18 05:00:00+00:00,122.5125,114.92189817454857
2026-02-18 06:00:00+00:00,175.6875,132.91765458588105
2026-02-18 07:00:00+00:00,186.0925,196.05645751012764
2026-02-18 08:00:00+00:00,135.64249999999998,169.12207131810604
2026-02-18 09:00:00+00:00,115.88,125.9279093867541
2026-02-18 10:00:00+00:00,106.2225,114.1464936492461
2026-02-18 11:00:00+00:00,101.3325,110.07809798943168
2026-02-18 12:00:00+00:00,100.5025,109.96076261211095
2026-02-18 13:00:00+00:00,103.6425,111.93929368470027
2026-02-18 14:00:00+00:00,114.09,117.1713964745755
2026-02-18 15:00:00+00:00,122.0825,129.3582600206438
2026-02-18 16:00:00+00:00,140.405,133.57554238657957
2026-02-18 17:00:00+00:00,142.5975,148.73061900817416
2026-02-18 18:00:00+00:00,119.8425,138.5023342732924
2026-02-18 19:00:00+00:00,102.67,113.35692499211221
2026-02-18 20:00:00+00:00,96.14,99.32982818254821
2026-02-18 21:00:00+00:00,95.0975,91.24890537019812
2026-02-18 22:00:00+00:00,89.465,89.91863751863279
2026-02-18 23:00:00+00:00,83.775,84.62467750475072
2026-02-19 00:00:00+00:00,81.85,82.07792753542424
2026-02-19 01:00:00+00:00,81.93,80.92527253498223
2026-02-19 02:00:00+00:00,81.45,81.02218026686185
2026-02-19 03:00:00+00:00,77.655,87.96662795237962
2026-02-19 04:00:00+00:00,84.15,84.93141720849749
2026-02-19 05:00:00+00:00,87.11250000000001,94.69855327191634
2026-02-19 06:00:00+00:00,89.2375,99.76242076328765
2026-02-19 07:00:00+00:00,96.945,100.56470895483886
2026-02-19 08:00:00+00:00,103.61,101.55593429944891
2026-02-19 09:00:00+00:00,100.995,107.80034983976752
2026-02-19 10:00:00+00:00,95.1075,99.91300522407954
2026-02-19 11:00:00+00:00,91.0,94.40711868046223
2026-02-19 12:00:00+00:00,90.1,92.63417804741738
2026-02-19 13:00:00+00:00,90.16,93.47769642791462
2026-02-19 14:00:00+00:00,92.5875,100.06634306029298
2026-02-19 15:00:00+00:00,96.3925,102.42834610720826
2026-02-19 16:00:00+00:00,105.6925,105.09690588028329
2026-02-19 17:00:00+00:00,113.5175,113.25182856641271
2026-02-19 18:00:00+00:00,111.385,113.51832004754824
2026-02-19 19:00:00+00:00,100.485,103.38674380282605
2026-02-19 20:00:00+00:00,98.115,95.98443619827664
2026-02-19 21:00:00+00:00,92.1,93.7339267586328
2026-02-19 22:00:00+00:00,85.185,88.6933134297796
2026-02-19 23:00:00+00:00,86.06,79.81561844419615
2026-02-20 00:00:00+00:00,85.9275,83.47277916399545
2026-02-20 01:00:00+00:00,85.4375,84.53027420437925
2026-02-20 02:00:00+00:00,84.88,84.38338685022956
2026-02-20 03:00:00+00:00,84.4175,90.9507018110061
2026-02-20 04:00:00+00:00,90.27,93.45453073284136
2026-02-20 05:00:00+00:00,104.8325,104.37997916018674
2026-02-20 06:00:00+00:00,113.7825,114.50026301281292
2026-02-20 07:00:00+00:00,116.1425,119.73886811731914
2026-02-20 08:00:00+00:00,109.1825,111.05673538878794
2026-02-20 09:00:00+00:00,91.1,100.99603490041001
2026-02-20 10:00:00+00:00,83.6825,89.43708534831309
2026-02-20 11:00:00+00:00,81.0125,78.51474124054872
2026-02-20 12:00:00+00:00,79.6,79.81572697556888
2026-02-20 13:00:00+00:00,79.95750000000001,83.1062571475903
2026-02-20 14:00:00+00:00,83.465,87.75365059237598
2026-02-20 15:00:00+00:00,91.8575,93.41612902754662
2026-02-20 16:00:00+00:00,101.4375,101.3261882575255
2026-02-20 17:00:00+00:00,93.7825,109.00339769181286
2026-02-20 18:00:00+00:00,82.9875,94.69361078663387
2026-02-20 19:00:00+00:00,78.715,77.34050448187409
2026-02-20 20:00:00+00:00,67.9975,71.64669072548305
2026-02-20 21:00:00+00:00,64.64,59.96500523034655
2026-02-20 22:00:00+00:00,46.805,59.13840176454252
2026-02-20 23:00:00+00:00,52.44,36.01914580171301
2026-02-21 00:00:00+00:00,46.645,40.683480938356915
2026-02-21 01:00:00+00:00,43.4575,36.896341264066436
2026-02-21 02:00:00+00:00,41.6575,34.74947322333921
2026-02-21 03:00:00+00:00,38.975,34.754115424114524
2026-02-21 04:00:00+00:00,39.4775,35.25058263338527
2026-02-21 05:00:00+00:00,35.86,35.877976042547665
2026-02-21 06:00:00+00:00,46.99,28.49903204668057
2026-02-21 07:00:00+00:00,56.05,38.7856775763741
2026-02-21 08:00:00+00:00,58.035,44.22549398333515
2026-02-21 09:00:00+00:00,59.525,47.267165398372384
2026-02-21 10:00:00+00:00,55.385000000000005,47.49637718019153
2026-02-21 11:00:00+00:00,50.5275,46.358021474352626
2026-02-21 12:00:00+00:00,45.1625,43.376731288940185
2026-02-21 13:00:00+00:00,56.005,45.170477751999826
2026-02-21 14:00:00+00:00,68.88499999999999,59.67351958017562
2026-02-21 15:00:00+00:00,81.94,75.88824980970222
2026-02-21 16:00:00+00:00,98.635,93.44347522376769
2026-02-21 17:00:00+00:00,108.3125,107.18455770961407
2026-02-21 18:00:00+00:00,101.1725,106.30341934641311
2026-02-21 19:00:00+00:00,89.0975,93.98659634973917
2026-02-21 20:00:00+00:00,82.8125,78.92658471234162
2026-02-21 21:00:00+00:00,76.5925,75.1373725892915
2026-02-21 22:00:00+00:00,66.71000000000001,65.43131978113487
2026-02-21 23:00:00+00:00,56.675,50.40221933362458
2026-02-22 00:00:00+00:00,52.51,47.995015756811284
2026-02-22 01:00:00+00:00,44.0575,41.417349900498856
2026-02-22 02:00:00+00:00,40.9575,34.07775452989584
2026-02-22 03:00:00+00:00,39.0175,34.093021143569985
2026-02-22 04:00:00+00:00,38.2875,33.79907985128339
2026-02-22 05:00:00+00:00,34.875,29.144449511886002
2026-02-22 06:00:00+00:00,41.5025,24.975882203049586
2026-02-22 07:00:00+00:00,47.355,35.260730578705285
2026-02-22 08:00:00+00:00,55.462500000000006,34.6524459573213
2026-02-22 09:00:00+00:00,55.1025,45.22123851355763
2026-02-22 10:00:00+00:00,53.962500000000006,44.45728118371414
2026-02-22 11:00:00+00:00,50.585,41.20736793021716
2026-02-22 12:00:00+00:00,45.08,37.52821678812189
2026-02-22 13:00:00+00:00,43.307500000000005,37.66364155542411
2026-02-22 14:00:00+00:00,47.9425,34.98412207763092
2026-02-22 15:00:00+00:00,56.9275,36.4119570074103
2026-02-22 16:00:00+00:00,75.95,44.252173844169505
2026-02-22 17:00:00+00:00,79.4425,58.98918101959969
2026-02-22 18:00:00+00:00,75.12,66.91723329288482
2026-02-22 19:00:00+00:00,68.5175,57.696827059636895
2026-02-22 20:00:00+00:00,67.69,49.5716867678981
2026-02-22 21:00:00+00:00,70.41,49.934415400996386
2026-02-22 22:00:00+00:00,51.9475,53.28711159205019
2026-02-22 23:00:00+00:00,45.35,40.39111316398739
2026-02-23 00:00:00+00:00,45.5125,35.87039389694705
2026-02-23 01:00:00+00:00,43.975,35.75814889694706
2026-02-23 02:00:00+00:00,44.915,35.40533091857197
2026-02-23 03:00:00+00:00,45.145,37.88971415181309
2026-02-23 04:00:00+00:00,56.07,39.86841303897279
2026-02-23 05:00:00+00:00,77.7625,57.58572475370724
2026-02-23 06:00:00+00:00,95.9575,82.03105531907275
2026-02-23 07:00:00+00:00,99.0425,98.50819379544137
2026-02-23 08:00:00+00:00,87.4675,89.40818472979726
2026-02-23 09:00:00+00:00,67.015,71.0665812392482
2026-02-23 10:00:00+00:00,48.85,45.2515382713091
2026-02-23 11:00:00+00:00,7.88,34.425982696717995
2026-02-23 12:00:00+00:00,2.9025,1.1762409482460412
2026-02-23 13:00:00+00:00,34.8925,16.850316235821225
2026-02-23 14:00:00+00:00,58.5075,29.630625388180952
2026-02-23 15:00:00+00:00,79.5075,59.64820343489779
2026-02-23 16:00:00+00:00,96.09,87.04076706321104
2026-02-23 17:00:00+00:00,107.27,98.46074721743221
2026-02-23 18:00:00+00:00,110.8975,101.78873830584
2026-02-23 19:00:00+00:00,98.025,99.89591113473692
2026-02-23 20:00:00+00:00,97.235,89.45555606643471
2026-02-23 21:00:00+00:00,95.855,88.44319499565319
2026-02-23 22:00:00+00:00,87.2875,87.89157127673293
2026-02-23 23:00:00+00:00,82.3575,80.28191708420239
2026-02-24 00:00:00+00:00,83.9625,82.09925138094525
2026-02-24 01:00:00+00:00,85.975,83.15637006257236
2026-02-24 02:00:00+00:00,86.45,85.01519125934333
2026-02-24 03:00:00+00:00,88.205,93.77415678734286
2026-02-24 04:00:00+00:00,94.17,98.83390246365241
2026-02-24 05:00:00+00:00,111.1225,108.06377773500553
2026-02-24 06:00:00+00:00,133.0975,129.69548292616838
2026-02-24 07:00:00+00:00,147.475,152.94850406282464
2026-02-24 08:00:00+00:00,140.72,141.98369386676023
2026-02-24 09:00:00+00:00,128.7675,128.9016443287768
2026-02-24 10:00:00+00:00,111.395,115.22880427131143
2026-02-24 11:00:00+00:00,100.19,103.5072672986611
2026-02-24 12:00:00+00:00,99.3,100.028086401813
2026-02-24 13:00:00+00:00,95.005,103.63613256368069
2026-02-24 14:00:00+00:00,107.0725,99.46520596362541
2026-02-24 15:00:00+00:00,125.8075,121.19425996308605
2026-02-24 16:00:00+00:00,182.22,140.7223076525963
2026-02-24 17:00:00+00:00,184.0475,194.9335359679674
2026-02-24 18:00:00+00:00,144.4175,166.71069926383512
2026-02-24 19:00:00+00:00,118.9575,124.97255293858063
2026-02-24 20:00:00+00:00,108.725,111.15223863704863
2026-02-24 21:00:00+00:00,101.705,102.54104897405688
2026-02-24 22:00:00+00:00,93.9025,96.77814936712923
2026-02-24 23:00:00+00:00,92.1425,89.55320629921185
2026-02-25 00:00:00+00:00,87.4025,90.45830253781389
2026-02-25 01:00:00+00:00,84.83250000000001,86.71136775605716
2026-02-25 02:00:00+00:00,88.095,84.74996738139994
2026-02-25 03:00:00+00:00,88.61,95.35727758797206
2026-02-25 04:00:00+00:00,93.1725,102.3030188551405
2026-02-25 05:00:00+00:00,113.8175,116.62123728541623
2026-02-25 06:00:00+00:00,130.7325,145.07040832039573
2026-02-25 07:00:00+00:00,119.8525,146.20201017693907
2026-02-25 08:00:00+00:00,107.175,118.04069358481159
2026-02-25 09:00:00+00:00,90.83,116.23032851198467
2026-02-25 10:00:00+00:00,79.8475,89.28162937908654
2026-02-25 11:00:00+00:00,65.80250000000001,75.80676486649007
2026-02-25 12:00:00+00:00,60.1975,68.4978467394255
2026-02-25 13:00:00+00:00,67.8475,71.54452662443501
2026-02-25 14:00:00+00:00,80.9825,80.15896040883365
2026-02-25 15:00:00+00:00,101.37,98.2541929433582
2026-02-25 16:00:00+00:00,118.6425,130.22531633400249
2026-02-25 17:00:00+00:00,121.77,135.51763887355463
2026-02-25 18:00:00+00:00,107.1525,126.04257173529244
2026-02-25 19:00:00+00:00,94.255,104.12663215356238
2026-02-25 20:00:00+00:00,87.28,90.18833163437843
2026-02-25 21:00:00+00:00,86.8275,80.32700491941583
2026-02-25 22:00:00+00:00,79.12,79.15966296839088
2026-02-25 23:00:00+00:00,76.4225,74.64722267875023
2026-02-26 00:00:00+00:00,72.39,74.7165478080916
2026-02-26 01:00:00+00:00,68.74249999999999,69.92231282729988
2026-02-26 02:00:00+00:00,67.9325,66.51158775682032
2026-02-26 03:00:00+00:00,67.3775,70.28633639117005
2026-02-26 04:00:00+00:00,75.855,74.55561998600406
2026-02-26 05:00:00+00:00,100.8175,83.84493224456571
2026-02-26 06:00:00+00:00,110.1,113.46524037256879
2026-02-26 07:00:00+00:00,97.4475,107.84736342758617
2026-02-26 08:00:00+00:00,80.42500000000001,85.18596710446622
2026-02-26 09:00:00+00:00,67.85,72.30749533729498
2026-02-26 10:00:00+00:00,53.345,58.77862015480071
2026-02-26 11:00:00+00:00,20.0375,39.3725279047428
2026-02-26 12:00:00+00:00,14.0525,23.51272742414867
2026-02-26 13:00:00+00:00,44.6375,26.635116420780765
2026-02-26 14:00:00+00:00,71.3075,60.31936635741729
2026-02-26 15:00:00+00:00,94.7325,83.32735672860949
2026-02-26 16:00:00+00:00,111.1375,116.67398005923089
2026-02-26 17:00:00+00:00,113.095,125.81280397950137
2026-02-26 18:00:00+00:00,107.985,110.14185359823178
2026-02-26 19:00:00+00:00,93.4475,100.49469887430729
2026-02-26 20:00:00+00:00,84.0775,87.2915489707962
2026-02-26 21:00:00+00:00,80.45750000000001,79.44934736173758
2026-02-26 22:00:00+00:00,71.575,71.86720652320207
2026-02-26 23:00:00+00:00,55.1475,63.503440730750846
2026-02-27 00:00:00+00:00,56.0075,49.350765287553315
2026-02-27 01:00:00+00:00,57.3025,51.8804275524327
2026-02-27 02:00:00+00:00,60.0,54.85926372370224
2026-02-27 03:00:00+00:00,61.795,60.11823487375796
2026-02-27 04:00:00+00:00,65.9925,67.04886070244832
2026-02-27 05:00:00+00:00,76.565,74.79733577373382
2026-02-27 06:00:00+00:00,88.525,84.86122041821844
2026-02-27 07:00:00+00:00,79.33,80.24221056808305
2026-02-27 08:00:00+00:00,64.415,66.10939877557253
2026-02-27 09:00:00+00:00,31.5475,43.867110799461436
2026-02-27 10:00:00+00:00,0.97,15.900676536301383
2026-02-27 11:00:00+00:00,-0.0125,-0.4638781071019411
2026-02-27 12:00:00+00:00,-0.01,-1.5758834098662757
2026-02-27 13:00:00+00:00,7.7375,3.4952657732688404
2026-02-27 14:00:00+00:00,59.755,25.946048819140692
2026-02-27 15:00:00+00:00,92.0,78.70116787054107
2026-02-27 16:00:00+00:00,115.195,115.55973456565101
2026-02-27 17:00:00+00:00,118.1,123.97314985813921
2026-02-27 18:00:00+00:00,109.2525,113.04484777512045
2026-02-27 19:00:00+00:00,100.03,99.75366534623376
2026-02-27 20:00:00+00:00,90.9625,93.21167896203048
2026-02-27 21:00:00+00:00,87.51,87.27965019699676
2026-02-27 22:00:00+00:00,80.0025,81.94102679508656
2026-02-27 23:00:00+00:00,80.02,74.43341047920845
2026-02-28 00:00:00+00:00,76.305,78.15462945289632
2026-02-28 01:00:00+00:00,74.7275,74.22598021339022
2026-02-28 02:00:00+00:00,71.775,73.34410085581098
2026-02-28 03:00:00+00:00,71.8925,73.68935101144706
2026-02-28 04:00:00+00:00,72.25,73.82019147279696
2026-02-28 05:00:00+00:00,72.9225,74.239550367598
2026-02-28 06:00:00+00:00,76.29,73.35521184022646
2026-02-28 07:00:00+00:00,57.115,63.596503790393335
2026-02-28 08:00:00+00:00,17.7975,42.125583493584564
2026-02-28 09:00:00+00:00,-0.01,8.48903607134293
2026-02-28 10:00:00+00:00,-0.0275,-1.5776812342226634
2026-02-28 11:00:00+00:00,-0.2525,-1.717412161962038
2026-02-28 12:00:00+00:00,-0.2225,-2.375446995307469
2026-02-28 13:00:00+00:00,-0.0075,1.8619890559035452
2026-02-28 14:00:00+00:00,14.8625,4.957853935549546
2026-02-28 15:00:00+00:00,65.6475,22.926084133934285
2026-02-28 16:00:00+00:00,89.935,62.27435266455399
2026-02-28 17:00:00+00:00,95.1925,93.6592491859443
2026-02-28 18:00:00+00:00,85.1675,94.31883101769544
2026-02-28 19:00:00+00:00,69.1175,66.46091406483377
2026-02-28 20:00:00+00:00,64.6675,54.02328990045632
2026-02-28 21:00:00+00:00,64.6625,52.32097204996855
2026-02-28 22:00:00+00:00,60.6725,51.612777740914844
2026-02-28 23:00:00+00:00,47.6475,45.05449977171474
2026-03-01 00:00:00+00:00,51.55,36.57755557559901
2026-03-01 01:00:00+00:00,54.2475,44.09139020235706
2026-03-01 02:00:00+00:00,57.072500000000005,47.34263137549394
2026-03-01 03:00:00+00:00,61.085,54.34876755237766
2026-03-01 04:00:00+00:00,65.18,50.237254628344374
2026-03-01 05:00:00+00:00,66.00750000000001,58.52736720499011
2026-03-01 06:00:00+00:00,64.9975,64.09869339708494
2026-03-01 07:00:00+00:00,52.535,54.24600162053056
2026-03-01 08:00:00+00:00,19.98,43.02067320627484
2026-03-01 09:00:00+00:00,0.0,11.671158939548855
2026-03-01 10:00:00+00:00,-0.025,-2.036788741417316
2026-03-01 11:00:00+00:00,-0.365,-2.2048856230003535
2026-03-01 12:00:00+00:00,-0.7875,-2.8009489877450524
2026-03-01 13:00:00+00:00,-0.005,0.8619523226494537
2026-03-01 14:00:00+00:00,25.9525,4.8976745926118745
2026-03-01 15:00:00+00:00,74.84,42.28301126394912
2026-03-01 16:00:00+00:00,103.76,91.03449713246295
2026-03-01 17:00:00+00:00,110.2025,115.28986406495943
2026-03-01 18:00:00+00:00,101.685,109.22301474504162
2026-03-01 19:00:00+00:00,90.735,93.9219653047006
2026-03-01 20:00:00+00:00,81.315,84.69068404266301
2026-03-01 21:00:00+00:00,74.66499999999999,75.7078910001495
2026-03-01 22:00:00+00:00,68.1475,69.79568913959278
2026-03-01 23:00:00+00:00,65.13,61.51967730034971
2026-03-02 00:00:00+00:00,66.94500000000001,60.2297912946077
2026-03-02 01:00:00+00:00,69.0075,64.2399883426951
2026-03-02 02:00:00+00:00,69.5675,67.56621248489537
2026-03-02 03:00:00+00:00,74.03,75.31368521651622
2026-03-02 04:00:00+00:00,85.03,79.19666163528777
2026-03-02 05:00:00+00:00,100.1675,99.629992407076
2026-03-02 06:00:00+00:00,138.6525,112.25823552672746
2026-03-02 07:00:00+00:00,124.8625,117.05010210585804
2026-03-02 08:00:00+00:00,89.4625,102.11453551297959
2026-03-02 09:00:00+00:00,69.9,79.69943173934693
2026-03-02 10:00:00+00:00,53.5625,45.91165174774123
2026-03-02 11:00:00+00:00,29.067500000000003,36.91520682970201
2026-03-02 12:00:00+00:00,40.2525,22.430847582688106
2026-03-02 13:00:00+00:00,64.03,43.15159704349695
2026-03-02 14:00:00+00:00,84.9875,73.75626201290285
2026-03-02 15:00:00+00:00,109.1525,98.18117385673187
2026-03-02 16:00:00+00:00,173.5,132.76318571751366
2026-03-02 17:00:00+00:00,187.995,190.70432075157353
2026-03-02 18:00:00+00:00,143.61,167.0175841527983
2026-03-02 19:00:00+00:00,107.685,125.14544207541486
2026-03-02 20:00:00+00:00,96.4675,100.39649109256412
2026-03-02 21:00:00+00:00,96.8,89.72047777530642
2026-03-02 22:00:00+00:00,88.89500000000001,91.07487116431437
2026-03-02 23:00:00+00:00,89.0625,83.12195653273406
2026-03-03 00:00:00+00:00,90.1225,87.20487376130961
2026-03-03 01:00:00+00:00,89.425,89.1232536684154
2026-03-03 02:00:00+00:00,92.815,89.35109154929778
2026-03-03 03:00:00+00:00,95.7225,98.90160337888761
2026-03-03 04:00:00+00:00,103.32,105.73969634598743
2026-03-03 05:00:00+00:00,136.0475,125.75978873718458
2026-03-03 06:00:00+00:00,156.3975,157.20279697123271
2026-03-03 07:00:00+00:00,136.78,134.5803731283138
2026-03-03 08:00:00+00:00,99.52,112.83222376029522
2026-03-03 09:00:00+00:00,78.17,89.0072921624873
2026-03-03 10:00:00+00:00,55.9225,63.5607521220506
2026-03-03 11:00:00+00:00,32.365,34.67062378390818
2026-03-03 12:00:00+00:00,35.6625,31.143080726918647
2026-03-03 13:00:00+00:00,64.14500000000001,43.49637895192499
2026-03-03 14:00:00+00:00,86.7675,80.6044726774193
2026-03-03 15:00:00+00:00,114.18,110.51822463591992
2026-03-03 16:00:00+00:00,158.615,152.20674849807313
2026-03-03 17:00:00+00:00,204.2575,187.26358390112964
2026-03-03 18:00:00+00:00,173.37,184.25100621814437
2026-03-03 19:00:00+00:00,131.725,150.48811335268462
2026-03-03 20:00:00+00:00,116.18,118.72368786809699
2026-03-03 21:00:00+00:00,111.32,107.23634858104504
2026-03-03 22:00:00+00:00,104.695,105.19199943159128
2026-03-03 23:00:00+00:00,129.01,99.47246663756025
2026-03-04 00:00:00+00:00,127.8225,121.07349475091381
2026-03-04 01:00:00+00:00,125.3225,119.96111973170764
2026-03-04 02:00:00+00:00,124.735,120.73582284939563
2026-03-04 03:00:00+00:00,128.2025,124.04458772391398
2026-03-04 04:00:00+00:00,141.16,132.6343408995204
2026-03-04 05:00:00+00:00,200.2975,170.29055334397538
2026-03-04 06:00:00+00:00,267.485,241.79208414737977
2026-03-04 07:00:00+00:00,193.3475,253.4173828522785
2026-03-04 08:00:00+00:00,150.76,160.1544162098624
2026-03-04 09:00:00+00:00,110.4175,120.9095600500724
2026-03-04 10:00:00+00:00,78.2975,92.29796730100277
2026-03-04 11:00:00+00:00,42.495,59.504121123911226
2026-03-04 12:00:00+00:00,32.975,34.90418726574014
2026-03-04 13:00:00+00:00,65.405,46.41766541685421
2026-03-04 14:00:00+00:00,99.1125,80.97641166967708
2026-03-04 15:00:00+00:00,137.21,119.32836243886354
2026-03-04 16:00:00+00:00,244.265,173.01629437761832
2026-03-04 17:00:00+00:00,310.86,263.43594740668783
2026-03-04 18:00:00+00:00,239.6275,251.8183186324785
2026-03-04 19:00:00+00:00,169.86,188.46697814026797
2026-03-04 20:00:00+00:00,151.8775,149.05353840092815
2026-03-04 21:00:00+00:00,142.24,127.44606075587028
2026-03-04 22:00:00+00:00,124.8075,122.80464860539215
2026-03-04 23:00:00+00:00,116.485,117.09211298910105
2026-03-05 00:00:00+00:00,109.9325,116.30694868353851
2026-03-05 01:00:00+00:00,109.2625,111.34493520467095
2026-03-05 02:00:00+00:00,108.785,109.57047256738659
2026-03-05 03:00:00+00:00,111.0625,113.55664818133604
2026-03-05 04:00:00+00:00,126.9325,123.25608745454667
2026-03-05 05:00:00+00:00,154.3875,142.63854981829584
2026-03-05 06:00:00+00:00,175.54500000000002,178.72123523394555
2026-03-05 07:00:00+00:00,139.32999999999998,146.24669251927966
2026-03-05 08:00:00+00:00,97.0925,116.41202730271863
2026-03-05 09:00:00+00:00,64.145,88.02256564975389
2026-03-05 10:00:00+00:00,22.955,49.19399510864264
2026-03-05 11:00:00+00:00,2.1225,8.93460098929048
2026-03-05 12:00:00+00:00,2.825,1.3601779551081565
2026-03-05 13:00:00+00:00,38.835,29.809923597166616
2026-03-05 14:00:00+00:00,90.0025,66.20619791261907
2026-03-05 15:00:00+00:00,137.75,118.37796421763454
2026-03-05 16:00:00+00:00,180.375,169.21793038601595
2026-03-05 17:00:00+00:00,192.02,200.5114853115179
2026-03-05 18:00:00+00:00,165.0,165.8520842509657
2026-03-05 19:00:00+00:00,135.245,146.2753683517703
2026-03-05 20:00:00+00:00,130.59,121.45702760977638
2026-03-05 21:00:00+00:00,130.1425,118.25099471873892
2026-03-05 22:00:00+00:00,119.7,116.68613804861032
2026-03-05 23:00:00+00:00,104.125,111.94582234220681
2026-03-06 00:00:00+00:00,106.0,101.35457958975745
2026-03-06 01:00:00+00:00,108.5225,102.53125298955956
2026-03-06 02:00:00+00:00,109.525,106.69813655001872
2026-03-06 03:00:00+00:00,115.5,111.32313658239156
2026-03-06 04:00:00+00:00,129.6575,130.63737108486364
2026-03-06 05:00:00+00:00,157.285,152.85266259194938
2026-03-06 06:00:00+00:00,177.025,177.26894308905784
2026-03-06 07:00:00+00:00,138.2875,142.2604197357713
2026-03-06 08:00:00+00:00,111.9625,114.12078090977262
2026-03-06 09:00:00+00:00,96.5,95.55331723425064
2026-03-06 10:00:00+00:00,66.7125,88.71116650040548
2026-03-06 11:00:00+00:00,52.64,48.33794982288522
2026-03-06 12:00:00+00:00,48.6525,39.84915167986367
2026-03-06 13:00:00+00:00,73.9375,56.42896533744003
2026-03-06 14:00:00+00:00,107.0675,84.41867580511389
2026-03-06 15:00:00+00:00,130.39749999999998,130.93001410551503
2026-03-06 16:00:00+00:00,177.4375,155.68219548856524
2026-03-06 17:00:00+00:00,229.5525,207.07960616746396
2026-03-06 18:00:00+00:00,189.765,211.2152323668748
2026-03-06 19:00:00+00:00,153.11,168.07426764514082
2026-03-06 20:00:00+00:00,134.1925,135.43514137076338
2026-03-06 21:00:00+00:00,127.245,123.22179684617835
2026-03-06 22:00:00+00:00,126.075,118.30825409232197
2026-03-06 23:00:00+00:00,135.1625,117.41749546290404
2026-03-07 00:00:00+00:00,130.6775,133.87005608891806
2026-03-07 01:00:00+00:00,125.6725,125.24398850785865
2026-03-07 02:00:00+00:00,124.39,121.43017232118972
2026-03-07 03:00:00+00:00,124.7475,126.52315565634385
2026-03-07 04:00:00+00:00,129.575,132.25163106268653
2026-03-07 05:00:00+00:00,135.62,141.56943291702314
2026-03-07 06:00:00+00:00,129.5575,150.59018996830204
2026-03-07 07:00:00+00:00,112.9025,118.33664094649937
2026-03-07 08:00:00+00:00,102.7875,99.58987525733133
2026-03-07 09:00:00+00:00,74.445,88.52945614897182
2026-03-07 10:00:00+00:00,30.5425,43.43711702005976
2026-03-07 11:00:00+00:00,13.03,17.41558424494666
2026-03-07 12:00:00+00:00,1.4175,12.909321174341144
2026-03-07 13:00:00+00:00,18.1775,15.447768924411612
2026-03-07 14:00:00+00:00,83.285,67.2428386802519
2026-03-07 15:00:00+00:00,126.315,106.45568822523286
2026-03-07 16:00:00+00:00,147.37,146.35922230020324
2026-03-07 17:00:00+00:00,180.8725,171.10704996040153
2026-03-07 18:00:00+00:00,166.725,165.29045413285775
2026-03-07 19:00:00+00:00,148.1975,151.99173785660187
2026-03-07 20:00:00+00:00,137.61,131.17202740771287
2026-03-07 21:00:00+00:00,134.1975,127.75726482048678
2026-03-07 22:00:00+00:00,130.645,123.3710798656455
2026-03-07 23:00:00+00:00,135.9925,122.46272354963843
2026-03-08 00:00:00+00:00,132.7325,133.07487323223455
2026-03-08 01:00:00+00:00,131.1925,130.3797227312271
2026-03-08 02:00:00+00:00,130.0925,127.33073171386042
2026-03-08 03:00:00+00:00,129.335,127.94336905110924
2026-03-08 04:00:00+00:00,129.635,129.38939668660362
2026-03-08 05:00:00+00:00,131.0975,131.06233638547704
2026-03-08 06:00:00+00:00,116.985,133.85989807822014
2026-03-08 07:00:00+00:00,108.5625,105.36389267065815
2026-03-08 08:00:00+00:00,90.7175,90.52791578247644
2026-03-08 09:00:00+00:00,62.94,79.81817643343452
2026-03-08 10:00:00+00:00,18.0275,41.58223650669099
2026-03-08 11:00:00+00:00,8.3325,7.672327699751329
2026-03-08 12:00:00+00:00,-0.005,3.2403377741672075
2026-03-08 13:00:00+00:00,6.48,5.2299957002286055
2026-03-08 14:00:00+00:00,64.25999999999999,32.334652749001016
2026-03-08 15:00:00+00:00,117.2025,92.9623825268549
2026-03-08 16:00:00+00:00,146.3125,132.7806493745204
2026-03-08 17:00:00+00:00,160.26,159.09984806880058
2026-03-08 18:00:00+00:00,154.0525,154.04690615239446
2026-03-08 19:00:00+00:00,138.7925,136.80165746097154
2026-03-08 20:00:00+00:00,127.435,126.96059512249401
2026-03-08 21:00:00+00:00,121.115,115.50698221212667
2026-03-08 22:00:00+00:00,113.5725,111.64913771262944
2026-03-08 23:00:00+00:00,114.0875,108.74499372174895
2026-03-09 00:00:00+00:00,109.2725,114.53071134706573
2026-03-09 01:00:00+00:00,109.12,112.93571328583158
2026-03-09 02:00:00+00:00,110.48,113.96265826816465
2026-03-09 03:00:00+00:00,116.39,120.70668817757242
2026-03-09 04:00:00+00:00,136.9975,130.85697392945565
2026-03-09 05:00:00+00:00,163.925,171.51744741359093
2026-03-09 06:00:00+00:00,191.58,181.20224873632128
2026-03-09 07:00:00+00:00,162.605,170.22267556299863
2026-03-09 08:00:00+00:00,127.0725,138.59659610650556
2026-03-09 09:00:00+00:00,101.1175,109.01404099608904
2026-03-09 10:00:00+00:00,81.0475,90.79212160006507
2026-03-09 11:00:00+00:00,67.69,69.56357568779372
2026-03-09 12:00:00+00:00,67.2925,61.12101807516235
2026-03-09 13:00:00+00:00,81.375,70.65440206186939
2026-03-09 14:00:00+00:00,112.9925,92.11508962747615
2026-03-09 15:00:00+00:00,143.4375,124.13179190107516
2026-03-09 16:00:00+00:00,187.025,171.85980307480918
2026-03-09 17:00:00+00:00,243.9725,207.8648000865556
2026-03-09 18:00:00+00:00,222.405,225.1729105883279
2026-03-09 19:00:00+00:00,180.89,205.5683831534681
2026-03-09 20:00:00+00:00,152.1575,160.08520863047482
2026-03-09 21:00:00+00:00,143.27,134.50861089103944
2026-03-09 22:00:00+00:00,132.695,128.26868551992044
2026-03-09 23:00:00+00:00,138.58,122.26854273995964
2026-03-10 00:00:00+00:00,130.44,137.00265562689677
2026-03-10 01:00:00+00:00,127.6125,125.34692176479352
2026-03-10 02:00:00+00:00,126.9,122.18381033494
2026-03-10 03:00:00+00:00,128.48250000000002,125.27368657372551
2026-03-10 04:00:00+00:00,140.70999999999998,136.000027648551
2026-03-10 05:00:00+00:00,168.1025,176.21325338333168
2026-03-10 06:00:00+00:00,180.17,189.14547897085802
2026-03-10 07:00:00+00:00,173.32,159.31397636348404
2026-03-10 08:00:00+00:00,140.53750000000002,151.2230102038726
2026-03-10 09:00:00+00:00,118.25,119.77642719845558
2026-03-10 10:00:00+00:00,103.7925,105.11337329506269
2026-03-10 11:00:00+00:00,91.44,93.46530766206786
2026-03-10 12:00:00+00:00,97.0375,89.30522021025699
2026-03-10 13:00:00+00:00,107.165,97.30488885768189
2026-03-10 14:00:00+00:00,121.4925,107.99047176005394
2026-03-10 15:00:00+00:00,144.3925,138.59025955119685
2026-03-10 16:00:00+00:00,179.0025,170.5650193173742
2026-03-10 17:00:00+00:00,218.2275,193.03672898297802
2026-03-10 18:00:00+00:00,201.13,215.201631649968
2026-03-10 19:00:00+00:00,159.5475,192.7852124842819
2026-03-10 20:00:00+00:00,139.9675,139.03743791574772
2026-03-10 21:00:00+00:00,123.255,127.69523810977789
2026-03-10 22:00:00+00:00,98.5825,112.9090401956489
2026-03-10 23:00:00+00:00,83.9575,93.78275366199833
2026-03-11 00:00:00+00:00,70.805,80.84638291327195
2026-03-11 01:00:00+00:00,65.425,69.18994777685548
2026-03-11 02:00:00+00:00,63.5725,64.15181456615036
2026-03-11 03:00:00+00:00,56.0725,64.62283570527538
2026-03-11 04:00:00+00:00,64.535,65.60618487422794
2026-03-11 05:00:00+00:00,70.8675,77.11531987822013
2026-03-11 06:00:00+00:00,80.87,85.14540127983963
2026-03-11 07:00:00+00:00,75.5025,74.12435314638373
2026-03-11 08:00:00+00:00,57.945,66.11332340931698
2026-03-11 09:00:00+00:00,26.2275,32.0283433185903
2026-03-11 10:00:00+00:00,12.1975,7.848777519037247
2026-03-11 11:00:00+00:00,9.9125,9.715723269011102
2026-03-11 12:00:00+00:00,16.1375,10.262986458957513
2026-03-11 13:00:00+00:00,47.2725,28.12209032395516
2026-03-11 14:00:00+00:00,79.33,61.49215417308555
2026-03-11 15:00:00+00:00,104.105,94.87450486343955
2026-03-11 16:00:00+00:00,128.7775,119.47133466287816
2026-03-11 17:00:00+00:00,153.13750000000002,138.426707162896
2026-03-11 18:00:00+00:00,156.72,152.91409060726772
2026-03-11 19:00:00+00:00,132.19,140.43914284636608
2026-03-11 20:00:00+00:00,123.0275,120.35025335685953
2026-03-11 21:00:00+00:00,119.3025,112.33663772519111
2026-03-11 22:00:00+00:00,104.0025,107.45252448158766
2026-03-11 23:00:00+00:00,100.185,96.6036693786993
2026-03-12 00:00:00+00:00,92.0425,95.11032452182253
2026-03-12 01:00:00+00:00,88.8125,88.91398825794178
2026-03-12 02:00:00+00:00,88.61,87.4776261113471
2026-03-12 03:00:00+00:00,89.6625,93.7634660514667
2026-03-12 04:00:00+00:00,99.8225,99.5282176901188
2026-03-12 05:00:00+00:00,130.6675,116.03261406611507
2026-03-12 06:00:00+00:00,137.14,136.9094374389949
2026-03-12 07:00:00+00:00,104.805,114.72807798778024
2026-03-12 08:00:00+00:00,79.9975,82.09718706068459
2026-03-12 09:00:00+00:00,28.475,64.6827475458108
2026-03-12 10:00:00+00:00,0.3425,9.251802475656731
2026-03-12 11:00:00+00:00,-1.0925,-0.4404347316343689
2026-03-12 12:00:00+00:00,-2.4925,-3.1733217662513162
2026-03-12 13:00:00+00:00,-0.9025,0.6870533815675169
2026-03-12 14:00:00+00:00,3.6,1.5094369059416939
2026-03-12 15:00:00+00:00,51.165,34.73800390014908
2026-03-12 16:00:00+00:00,108.5775,85.38029061405881
2026-03-12 17:00:00+00:00,114.865,121.63342335520383
2026-03-12 18:00:00+00:00,105.9975,113.5997937354905
2026-03-12 19:00:00+00:00,86.57,96.55766110834878
2026-03-12 20:00:00+00:00,69.79,74.4183764705022
2026-03-12 21:00:00+00:00,62.555,57.261419933166486
2026-03-12 22:00:00+00:00,17.9025,52.38189660184496
2026-03-12 23:00:00+00:00,6.29,19.862047667440162
2026-03-13 00:00:00+00:00,4.1025,9.087989189559389
2026-03-13 01:00:00+00:00,2.8875,4.272212569061517
2026-03-13 02:00:00+00:00,1.1475,3.5568838326720735
2026-03-13 03:00:00+00:00,1.46,4.245391574512249
2026-03-13 04:00:00+00:00,2.9075,6.93877696987388
2026-03-13 05:00:00+00:00,8.46,10.110461570165462
2026-03-13 06:00:00+00:00,19.9375,11.692138952213954
2026-03-13 07:00:00+00:00,6.415,24.856720586262703
2026-03-13 08:00:00+00:00,-0.24,0.7169427194182696
2026-03-13 09:00:00+00:00,-4.9975,-2.6504321319028916
2026-03-13 10:00:00+00:00,-9.0,-9.652353164636262
2026-03-13 11:00:00+00:00,-8.3475,-16.831431221676656
2026-03-13 12:00:00+00:00,-2.5525,-15.43080914409521
2026-03-13 13:00:00+00:00,1.1725,-1.2993217541535662
2026-03-13 14:00:00+00:00,47.07,23.023226853210794
2026-03-13 15:00:00+00:00,101.31,74.61513698179141
2026-03-13 16:00:00+00:00,141.93,119.40108074766043
2026-03-13 17:00:00+00:00,161.4925,160.44667582701103
2026-03-13 18:00:00+00:00,165.745,159.5628970643048
2026-03-13 19:00:00+00:00,145.7225,150.83657253580907
2026-03-13 20:00:00+00:00,130.335,128.42640406017748
2026-03-13 21:00:00+00:00,123.4225,118.37561743340713
2026-03-13 22:00:00+00:00,115.8075,112.98356119190201
2026-03-13 23:00:00+00:00,112.945,108.33541565005955
2026-03-14 00:00:00+00:00,109.07,108.88091472017695
2026-03-14 01:00:00+00:00,103.99,104.1751695751063
2026-03-14 02:00:00+00:00,101.8625,102.84148705790284
2026-03-14 03:00:00+00:00,105.115,105.27632027819332
2026-03-14 04:00:00+00:00,109.0675,106.4881530601108
2026-03-14 05:00:00+00:00,111.52,115.39153498039093
2026-03-14 06:00:00+00:00,116.7075,118.44024079116271
2026-03-14 07:00:00+00:00,121.88,119.94954478892764
2026-03-14 08:00:00+00:00,116.14,107.65211244890355
2026-03-14 09:00:00+00:00,107.5225,106.1520527449433
2026-03-14 10:00:00+00:00,103.525,98.99199923974429
2026-03-14 11:00:00+00:00,104.195,98.84918030810108
2026-03-14 12:00:00+00:00,103.43,103.12701046560873
2026-03-14 13:00:00+00:00,105.6775,107.9034496542199
2026-03-14 14:00:00+00:00,114.22,114.25713706481206
2026-03-14 15:00:00+00:00,130.0,128.96290274580585
2026-03-14 16:00:00+00:00,138.65,146.81996800030413
2026-03-14 17:00:00+00:00,161.1,155.87369464155202
2026-03-14 18:00:00+00:00,169.83499999999998,160.09766332598898
2026-03-14 19:00:00+00:00,150.265,155.75014680367755
2026-03-14 20:00:00+00:00,137.4525,133.41610415992454
2026-03-14 21:00:00+00:00,135.2375,128.67818209635914
2026-03-14 22:00:00+00:00,128.04500000000002,126.16417413020103
2026-03-14 23:00:00+00:00,137.3425,119.59233587266075
2026-03-15 00:00:00+00:00,133.73000000000002,135.2275899117046
2026-03-15 01:00:00+00:00,124.96,131.8769212272672
2026-03-15 02:00:00+00:00,123.5275,123.55354573877366
2026-03-15 03:00:00+00:00,122.1775,125.09516223462238
2026-03-15 04:00:00+00:00,124.12,127.02262438265124
2026-03-15 05:00:00+00:00,124.3875,131.18117115042395
2026-03-15 06:00:00+00:00,118.46,127.77769829601402
2026-03-15 07:00:00+00:00,109.095,118.98956950442859
2026-03-15 08:00:00+00:00,94.77,103.54668007790674
2026-03-15 09:00:00+00:00,87.305,90.21075774151079
2026-03-15 10:00:00+00:00,72.21,79.85205650406188
2026-03-15 11:00:00+00:00,52.9675,69.22789936838309
2026-03-15 12:00:00+00:00,36.4575,53.96371649218388
2026-03-15 13:00:00+00:00,37.1975,59.74425080588311
2026-03-15 14:00:00+00:00,63.0775,63.55065814802223
2026-03-15 15:00:00+00:00,89.245,92.42328039959101
2026-03-15 16:00:00+00:00,127.9125,116.73424815996088
2026-03-15 17:00:00+00:00,149.115,142.06837532574156
2026-03-15 18:00:00+00:00,131.87,140.72770936942473
2026-03-15 19:00:00+00:00,108.4825,122.76769230558004
2026-03-15 20:00:00+00:00,91.875,100.25072354582245
2026-03-15 21:00:00+00:00,82.8625,85.64830856657827
2026-03-15 22:00:00+00:00,64.015,74.23462162060326
2026-03-15 23:00:00+00:00,34.165,57.7370702516057
2026-03-16 00:00:00+00:00,23.3275,25.530068176341604
2026-03-16 01:00:00+00:00,17.59,18.279892336544375
2026-03-16 02:00:00+00:00,14.1375,19.17331315034849
2026-03-16 03:00:00+00:00,20.0575,20.819559651301162
2026-03-16 04:00:00+00:00,37.4275,33.20373373362161
2026-03-16 05:00:00+00:00,66.19,66.00920993909318
2026-03-16 06:00:00+00:00,95.5675,75.64356472273701
2026-03-16 07:00:00+00:00,95.9775,92.12874901162559
2026-03-16 08:00:00+00:00,73.105,83.81432834463534
2026-03-16 09:00:00+00:00,42.595,65.88779820585194
2026-03-16 10:00:00+00:00,17.365000000000002,37.68955518154475
2026-03-16 11:00:00+00:00,12.035,16.57447390241495
2026-03-16 12:00:00+00:00,15.88,12.98083558817062
2026-03-16 13:00:00+00:00,42.1725,25.322067588541223
2026-03-16 14:00:00+00:00,64.445,63.139302682867026
2026-03-16 15:00:00+00:00,106.21,80.16979006270034
2026-03-16 16:00:00+00:00,138.6025,132.94392165733927
2026-03-16 17:00:00+00:00,165.035,172.32144476584617
2026-03-16 18:00:00+00:00,179.8875,158.94300595883706
2026-03-16 19:00:00+00:00,154.785,159.89889642657704
2026-03-16 20:00:00+00:00,125.7125,136.0382690737223
2026-03-16 21:00:00+00:00,121.9125,113.62295770465852
2026-03-16 22:00:00+00:00,99.765,113.23255346427607
2026-03-16 23:00:00+00:00,113.665,98.65932774849671
2026-03-17 00:00:00+00:00,105.585,112.21730405247685
2026-03-17 01:00:00+00:00,106.4225,105.46564618662967
2026-03-17 02:00:00+00:00,106.5225,108.44030547213764
2026-03-17 03:00:00+00:00,110.03,113.31052414004091
2026-03-17 04:00:00+00:00,119.915,127.87758167202058
2026-03-17 05:00:00+00:00,147.965,145.86533995796168
2026-03-17 06:00:00+00:00,167.98,161.7554580359199
2026-03-17 07:00:00+00:00,152.5125,152.38788656360455
2026-03-17 08:00:00+00:00,124.0725,126.12076237402785
2026-03-17 09:00:00+00:00,108.64,109.90786665865718
2026-03-17 10:00:00+00:00,100.65,101.01361141116433
2026-03-17 11:00:00+00:00,95.2275,95.91890561788998
2026-03-17 12:00:00+00:00,96.765,93.00817519531236
2026-03-17 13:00:00+00:00,99.325,96.85331750797525
2026-03-17 14:00:00+00:00,112.1075,108.2270401720739
2026-03-17 15:00:00+00:00,131.7775,129.26834663392788
2026-03-17 16:00:00+00:00,162.2025,157.42266950444304
2026-03-17 17:00:00+00:00,207.2975,181.04663127805
2026-03-17 18:00:00+00:00,170.3825,191.6392443147378
2026-03-17 19:00:00+00:00,144.2375,152.23127654020928
2026-03-17 20:00:00+00:00,129.79000000000002,129.43197820158866
2026-03-17 21:00:00+00:00,114.24,118.36566362204837
2026-03-17 22:00:00+00:00,100.4575,103.59531507221968
2026-03-17 23:00:00+00:00,89.8,95.28131700879396
2026-03-18 00:00:00+00:00,86.72749999999999,87.10193697919323
2026-03-18 01:00:00+00:00,85.685,85.18939932354871
2026-03-18 02:00:00+00:00,86.8675,84.42378144390277
2026-03-18 03:00:00+00:00,88.83500000000001,92.62283503443092
2026-03-18 04:00:00+00:00,100.055,97.06198886151107
2026-03-18 05:00:00+00:00,130.74,107.15882935696527
2026-03-18 06:00:00+00:00,133.5925,124.41006101030327
2026-03-18 07:00:00+00:00,99.9375,110.06182242161586
2026-03-18 08:00:00+00:00,62.95,82.88670862955576
2026-03-18 09:00:00+00:00,9.9975,37.15724236734004
2026-03-18 10:00:00+00:00,-1.62,9.379424857564068
2026-03-18 11:00:00+00:00,-2.31,-5.6131802397844845
2026-03-18 12:00:00+00:00,-2.7125,-7.023102533654612
2026-03-18 13:00:00+00:00,0.2224999999999999,2.8404702878325714
2026-03-18 14:00:00+00:00,47.19499999999999,14.7962303628435
2026-03-18 15:00:00+00:00,107.0325,84.7078428860765
2026-03-18 16:00:00+00:00,145.2125,138.20572283114078
2026-03-18 17:00:00+00:00,177.6225,173.77940006575045
2026-03-18 18:00:00+00:00,170.1975,160.09588064726714
2026-03-18 19:00:00+00:00,148.49,150.09471624686475
2026-03-18 20:00:00+00:00,132.0575,128.15438045935952
2026-03-18 21:00:00+00:00,123.775,117.66466757154909
2026-03-18 22:00:00+00:00,113.375,112.02537689952352
2026-03-18 23:00:00+00:00,109.25,103.8837841146267
2026-03-19 00:00:00+00:00,112.64,104.42975711823074
2026-03-19 01:00:00+00:00,113.9925,108.18019039246677
2026-03-19 02:00:00+00:00,115.525,110.58418465534064
2026-03-19 03:00:00+00:00,123.275,118.31419537150173
2026-03-19 04:00:00+00:00,132.78,127.32246638495558
2026-03-19 05:00:00+00:00,160.1275,167.17143251718792
2026-03-19 06:00:00+00:00,158.2425,149.22424726784968
2026-03-19 07:00:00+00:00,138.6025,134.630630634029
2026-03-19 08:00:00+00:00,90.9025,114.28726509516935
2026-03-19 09:00:00+00:00,55.3,82.34092696249762
2026-03-19 10:00:00+00:00,7.869999999999999,30.575491078643587
2026-03-19 11:00:00+00:00,0.0,2.017759142667719
2026-03-19 12:00:00+00:00,2.53,-0.856230336414319
2026-03-19 13:00:00+00:00,43.715,30.579348183069893
2026-03-19 14:00:00+00:00,85.9475,62.43466534989261
2026-03-19 15:00:00+00:00,120.3475,102.63662963132988
2026-03-19 16:00:00+00:00,152.175,151.3754176273486
2026-03-19 17:00:00+00:00,209.2675,179.15320430509252
2026-03-19 18:00:00+00:00,214.3825,191.00968987889755
2026-03-19 19:00:00+00:00,163.37,178.5389218270661
2026-03-19 20:00:00+00:00,149.04000000000002,143.22142094546388
2026-03-19 21:00:00+00:00,139.55,129.20827798881436
2026-03-19 22:00:00+00:00,132.2375,124.51075917489052
2026-03-19 23:00:00+00:00,143.5625,121.09829516075182
2026-03-20 00:00:00+00:00,137.96,141.35985229798484
2026-03-20 01:00:00+00:00,135.6425,136.7041314418613
2026-03-20 02:00:00+00:00,137.475,135.94525042132213
2026-03-20 03:00:00+00:00,138.905,142.75013816851987
2026-03-20 04:00:00+00:00,154.59,152.09232947013845
2026-03-20 05:00:00+00:00,192.295,184.8767034463416
2026-03-20 06:00:00+00:00,197.6425,171.280656686057
2026-03-20 07:00:00+00:00,161.3025,168.9679660618526
2026-03-20 08:00:00+00:00,132.0075,138.1907631848226
2026-03-20 09:00:00+00:00,101.085,113.49937206509611
2026-03-20 10:00:00+00:00,78.4725,91.9535335420853
2026-03-20 11:00:00+00:00,65.61,57.92807745774335
2026-03-20 12:00:00+00:00,65.61,61.48679827562352
2026-03-20 13:00:00+00:00,87.4,69.83618278130457
2026-03-20 14:00:00+00:00,117.155,98.22151868222649
2026-03-20 15:00:00+00:00,144.675,131.40090687871748
2026-03-20 16:00:00+00:00,174.8175,172.1201995419219
2026-03-20 17:00:00+00:00,211.005,199.73677797475193
2026-03-20 18:00:00+00:00,212.31,203.0926481020311
2026-03-20 19:00:00+00:00,180.035,193.8480501360695
2026-03-20 20:00:00+00:00,163.05,167.17274071090574
2026-03-20 21:00:00+00:00,151.8525,145.24800784775215
2026-03-20 22:00:00+00:00,148.125,131.83375541350452
2026-03-20 23:00:00+00:00,142.3975,133.9095148249442
2026-03-21 00:00:00+00:00,138.3425,140.26721490760588
2026-03-21 01:00:00+00:00,136.085,137.58405456389949
2026-03-21 02:00:00+00:00,132.0575,136.18699433051503
2026-03-21 03:00:00+00:00,131.1925,135.4890098048583
2026-03-21 04:00:00+00:00,137.665,140.73939428707857
2026-03-21 05:00:00+00:00,142.34,154.63199399765932
2026-03-21 06:00:00+00:00,139.6625,151.7023960005315
2026-03-21 07:00:00+00:00,127.265,131.41306906280315
2026-03-21 08:00:00+00:00,100.5775,114.84227363832152
2026-03-21 09:00:00+00:00,76.4725,94.04432782404727
2026-03-21 10:00:00+00:00,45.9,71.17267647902082
2026-03-21 11:00:00+00:00,23.49,47.5152399904191
2026-03-21 12:00:00+00:00,24.27,50.03300781478992
2026-03-21 13:00:00+00:00,62.9275,57.67597786574516
2026-03-21 14:00:00+00:00,90.0,81.58782976093394
2026-03-21 15:00:00+00:00,115.665,110.59902144219309
2026-03-21 16:00:00+00:00,146.025,135.15801185588845
2026-03-21 17:00:00+00:00,171.6175,162.73894240633035
2026-03-21 18:00:00+00:00,163.10500000000002,161.374740612164
2026-03-21 19:00:00+00:00,141.8275,147.4335107097491
2026-03-21 20:00:00+00:00,126.875,129.8272499516317
2026-03-21 21:00:00+00:00,120.2425,115.96234411845464
2026-03-21 22:00:00+00:00,108.0,112.29509330994686
2026-03-21 23:00:00+00:00,100.4125,102.28957425548572
2026-03-22 00:00:00+00:00,95.755,99.48328321165172
2026-03-22 01:00:00+00:00,94.2025,95.43210040112946
2026-03-22 02:00:00+00:00,95.26,94.8738840461774
2026-03-22 03:00:00+00:00,98.5975,97.34145400247178
2026-03-22 04:00:00+00:00,101.6625,99.2632090589862
2026-03-22 05:00:00+00:00,100.105,102.03999814957474
2026-03-22 06:00:00+00:00,84.71,95.27058176858753
2026-03-22 07:00:00+00:00,41.33,70.47102044620992
2026-03-22 08:00:00+00:00,6.7725,21.934222074474913
2026-03-22 09:00:00+00:00,-0.43,1.4130731621195165
2026-03-22 10:00:00+00:00,-4.3625,-3.3519100833506092
2026-03-22 11:00:00+00:00,-11.76,-10.421413723099047
2026-03-22 12:00:00+00:00,-10.31,-22.453873663336577
2026-03-22 13:00:00+00:00,-2.1775,-5.111859100068952
2026-03-22 14:00:00+00:00,11.25,3.6193064422056995
2026-03-22 15:00:00+00:00,93.1525,60.9385490205546
2026-03-22 16:00:00+00:00,145.635,116.65390496628656
2026-03-22 17:00:00+00:00,174.19,168.43333993014457
2026-03-22 18:00:00+00:00,173.3825,161.1778977613484
2026-03-22 19:00:00+00:00,164.7325,151.75359134686775
2026-03-22 20:00:00+00:00,155.3775,145.3564255134554
2026-03-22 21:00:00+00:00,146.7975,135.59522554205952
2026-03-22 22:00:00+00:00,143.505,126.16511009377348
2026-03-22 23:00:00+00:00,131.13750000000002,125.87180096606794
2026-03-23 00:00:00+00:00,125.9,131.780088331074
2026-03-23 01:00:00+00:00,125.16,121.42082839719914
2026-03-23 02:00:00+00:00,128.5875,121.43827878196448
2026-03-23 03:00:00+00:00,138.26749999999998,130.59597736968007
2026-03-23 04:00:00+00:00,155.72,171.69461198479723
2026-03-23 05:00:00+00:00,182.29,230.80936268020776
2026-03-23 06:00:00+00:00,186.185,168.84015027092025
2026-03-23 07:00:00+00:00,147.60500000000002,165.54968709585333
2026-03-23 08:00:00+00:00,108.0,118.93349752927834
2026-03-23 09:00:00+00:00,81.4325,92.85363208731822
2026-03-23 10:00:00+00:00,48.0825,65.37057963218516
2026-03-23 11:00:00+00:00,49.255,33.726328636143315
2026-03-23 12:00:00+00:00,74.875,45.182710364382366
2026-03-23 13:00:00+00:00,94.98,81.38359149907126
2026-03-23 14:00:00+00:00,114.4525,101.93120390654114
2026-03-23 15:00:00+00:00,138.5425,125.04032846124777
2026-03-23 16:00:00+00:00,190.775,178.26955774495013
2026-03-23 17:00:00+00:00,263.01,218.47894179313425
2026-03-23 18:00:00+00:00,241.56,233.49347539521284
2026-03-23 19:00:00+00:00,206.5875,217.88817670453824
2026-03-23 20:00:00+00:00,177.32,185.4752610466134
2026-03-23 21:00:00+00:00,155.74,155.48690165976504
2026-03-23 22:00:00+00:00,140.45,139.30482810112068
2026-03-23 23:00:00+00:00,141.0625,129.86290537271364
2026-03-24 00:00:00+00:00,124.3175,136.98093221893743
2026-03-24 01:00:00+00:00,109.9975,120.40843527480773
2026-03-24 02:00:00+00:00,101.64,112.04579757351847
2026-03-24 03:00:00+00:00,100.375,103.83114250403183
2026-03-24 04:00:00+00:00,100.9725,105.28991221524518
2026-03-24 05:00:00+00:00,110.8175,112.31207904057086
2026-03-24 06:00:00+00:00,113.0475,114.01216502871323
2026-03-24 07:00:00+00:00,97.4575,103.27014888252702
2026-03-24 08:00:00+00:00,70.905,81.0154664937932
2026-03-24 09:00:00+00:00,23.7275,33.42104922529566
2026-03-24 10:00:00+00:00,1.195,12.935030773734633
2026-03-24 11:00:00+00:00,-0.01,0.03422108604337385
2026-03-24 12:00:00+00:00,-0.02,-1.7391089087504532
2026-03-24 13:00:00+00:00,-0.0025,4.561501280053076
2026-03-24 14:00:00+00:00,19.9975,6.478676262413696
2026-03-24 15:00:00+00:00,77.4325,37.80211649494747
2026-03-24 16:00:00+00:00,112.84,98.66977967873028
2026-03-24 17:00:00+00:00,135.8425,134.93906712267363
2026-03-24 18:00:00+00:00,137.9925,138.61380255766468
2026-03-24 19:00:00+00:00,101.1,113.71512527724244
2026-03-24 20:00:00+00:00,74.4975,84.56056390435664
2026-03-24 21:00:00+00:00,66.1025,44.723397366867545
2026-03-24 22:00:00+00:00,22.0975,36.48102081715389
2026-03-24 23:00:00+00:00,1.81,17.35137905431571
2026-03-25 00:00:00+00:00,0.3675,3.4370996408660983
2026-03-25 01:00:00+00:00,-0.0025,2.792396668864602
2026-03-25 02:00:00+00:00,-0.01,0.10970660996100827
2026-03-25 03:00:00+00:00,-0.005,0.43116426961825177
2026-03-25 04:00:00+00:00,0.365,0.2724866288106708
2026-03-25 05:00:00+00:00,3.6425,26.660612793612906
2026-03-25 06:00:00+00:00,8.9025,28.630925977688413
2026-03-25 07:00:00+00:00,0.9075,20.928280998426434
2026-03-25 08:00:00+00:00,-0.03,-0.17782028861024696
2026-03-25 09:00:00+00:00,-0.0275,-2.499316164224642
2026-03-25 10:00:00+00:00,-0.01,-3.0597418931566462
2026-03-25 11:00:00+00:00,-0.01,-3.0189825582631773
2026-03-25 12:00:00+00:00,-0.01,-2.283874615107864
2026-03-25 13:00:00+00:00,0.0075,9.170695223759083
2026-03-25 14:00:00+00:00,4.775,18.99356837520479
2026-03-25 15:00:00+00:00,41.9025,50.38608456886381
2026-03-25 16:00:00+00:00,98.8375,77.12271865378358
2026-03-25 17:00:00+00:00,134.82999999999998,119.52830517976345
2026-03-25 18:00:00+00:00,161.925,144.30059701744273
2026-03-25 19:00:00+00:00,134.9075,143.35087402424097
2026-03-25 20:00:00+00:00,114.46,116.14597685134376
2026-03-25 21:00:00+00:00,108.1,101.62999380763729
2026-03-25 22:00:00+00:00,88.80250000000001,95.81164743284502
2026-03-25 23:00:00+00:00,99.6375,78.60196581772402
2026-03-26 00:00:00+00:00,95.0725,93.16195973615568
2026-03-26 01:00:00+00:00,91.605,90.28467879349108
2026-03-26 02:00:00+00:00,94.87,86.67372074034196
2026-03-26 03:00:00+00:00,97.5775,99.91343376520068
2026-03-26 04:00:00+00:00,105.2675,105.99441377141571
2026-03-26 05:00:00+00:00,120.28,110.963979688198
2026-03-26 06:00:00+00:00,137.345,121.99569847694343
2026-03-26 07:00:00+00:00,125.79,111.62114896776471
2026-03-26 08:00:00+00:00,87.41499999999999,103.24859174512002
2026-03-26 09:00:00+00:00,41.8525,67.2902155634881
2026-03-26 10:00:00+00:00,13.74,28.617969716362218
2026-03-26 11:00:00+00:00,3.12,7.964786085722725
2026-03-26 12:00:00+00:00,0.6300000000000001,0.4760121004325269
2026-03-26 13:00:00+00:00,5.9025,8.410855209959706
2026-03-26 14:00:00+00:00,37.435,27.486152014779215
2026-03-26 15:00:00+00:00,75.8175,57.19572232107697
2026-03-26 16:00:00+00:00,115.9225,97.09054474837195
2026-03-26 17:00:00+00:00,155.4175,142.95017324897447
2026-03-26 18:00:00+00:00,167.22,155.4066403994235
2026-03-26 19:00:00+00:00,153.745,150.89575199043335
2026-03-26 20:00:00+00:00,130.505,133.2850111091242
2026-03-26 21:00:00+00:00,124.3725,117.05396960758175
2026-03-26 22:00:00+00:00,115.025,113.7340050611181
2026-03-26 23:00:00+00:00,119.3925,108.60053589302996
2026-03-27 00:00:00+00:00,119.5,118.32958801525727
2026-03-27 01:00:00+00:00,117.3425,120.03539823481086
2026-03-27 02:00:00+00:00,117.8325,121.83578801862859
2026-03-27 03:00:00+00:00,120.2475,130.52252492891705
2026-03-27 04:00:00+00:00,136.4625,139.97861531812555
2026-03-27 05:00:00+00:00,172.63,168.55456791806466
2026-03-27 06:00:00+00:00,176.395,156.55790817669578
2026-03-27 07:00:00+00:00,147.5575,152.52908414541326
2026-03-27 08:00:00+00:00,114.0025,124.050285862111
2026-03-27 09:00:00+00:00,87.25999999999999,93.24173814684536
2026-03-27 10:00:00+00:00,72.81,72.14081841760368
2026-03-27 11:00:00+00:00,63.31999999999999,54.62822604971407
2026-03-27 12:00:00+00:00,59.6,51.0219376432726
2026-03-27 13:00:00+00:00,74.075,56.18008930335486
2026-03-27 14:00:00+00:00,92.3225,76.59749059463049
2026-03-27 15:00:00+00:00,103.0825,101.37027928104578
2026-03-27 16:00:00+00:00,139.05,129.75008660734
2026-03-27 17:00:00+00:00,158.9325,164.17351321962914
2026-03-27 18:00:00+00:00,168.245,161.30401570293358
2026-03-27 19:00:00+00:00,142.89,153.70352345877916
2026-03-27 20:00:00+00:00,118.995,128.64196360881036
2026-03-27 21:00:00+00:00,116.66,111.4068295289412
2026-03-27 22:00:00+00:00,106.0125,108.47112850026616
2026-03-27 23:00:00+00:00,95.135,98.9828256645696
2026-03-28 00:00:00+00:00,92.665,93.51621298277315
2026-03-28 01:00:00+00:00,89.5475,92.85515063074976
2026-03-28 02:00:00+00:00,87.2625,90.36736554574344
2026-03-28 03:00:00+00:00,88.1175,89.01779862016818
2026-03-28 04:00:00+00:00,91.6125,90.18025675386754
2026-03-28 05:00:00+00:00,87.92,96.84390610679456
2026-03-28 06:00:00+00:00,79.185,84.06956498190584
2026-03-28 07:00:00+00:00,68.3,69.62240599564548
2026-03-28 08:00:00+00:00,44.9075,56.07120425928175
2026-03-28 09:00:00+00:00,17.5825,41.35717444981437
2026-03-28 10:00:00+00:00,7.6425,17.199794938011056
2026-03-28 11:00:00+00:00,6.695,5.387130474003439
2026-03-28 12:00:00+00:00,7.8475,6.6652750937186465
2026-03-28 13:00:00+00:00,20.475,23.861926007566925
2026-03-28 14:00:00+00:00,54.2425,69.76919031660141
2026-03-28 15:00:00+00:00,81.05250000000001,87.02886564672859
2026-03-28 16:00:00+00:00,110.34,113.94582588756364
2026-03-28 17:00:00+00:00,138.925,138.16255158402222
2026-03-28 18:00:00+00:00,154.07,153.98859882756898
2026-03-28 19:00:00+00:00,143.9525,139.7581763355502
2026-03-28 20:00:00+00:00,131.595,127.61234126571487
2026-03-28 21:00:00+00:00,125.33,120.12090961001466
2026-03-28 22:00:00+00:00,119.58,114.36256176430453
2026-03-28 23:00:00+00:00,114.56,111.01760247476432
2026-03-29 00:00:00+00:00,107.6975,108.34671403975594
2026-03-29 01:00:00+00:00,101.165,102.95340554188698
2026-03-29 02:00:00+00:00,105.225,99.64037330951281
2026-03-29 03:00:00+00:00,104.605,102.54233454832568
2026-03-29 04:00:00+00:00,109.755,104.84660156295598
2026-03-29 05:00:00+00:00,115.03,111.60574818204884
2026-03-29 06:00:00+00:00,114.8425,113.48947089454023
2026-03-29 07:00:00+00:00,94.3975,99.5631196120753
2026-03-29 08:00:00+00:00,74.8075,78.10760350592062
2026-03-29 09:00:00+00:00,44.6975,47.32947607106662
2026-03-29 10:00:00+00:00,9.73,24.91611998822069
2026-03-29 11:00:00+00:00,-0.005,3.9260629335881645
2026-03-29 12:00:00+00:00,-1.785,-0.9814608848932486
2026-03-29 13:00:00+00:00,-2.1,0.6727167874670076
2026-03-29 14:00:00+00:00,0.8724999999999999,0.919127235716342
2026-03-29 15:00:00+00:00,33.31,29.090139202770224
2026-03-29 16:00:00+00:00,89.25999999999999,70.73916148317184
2026-03-29 17:00:00+00:00,105.6775,107.38342236302071
2026-03-29 18:00:00+00:00,95.18,106.62114662678731
2026-03-29 19:00:00+00:00,74.8125,85.74726705954141
2026-03-29 20:00:00+00:00,66.85,57.945881168209745
2026-03-29 21:00:00+00:00,25.635,53.85244158687053
2026-03-29 22:00:00+00:00,9.1975,25.1113289544623
2026-03-29 23:00:00+00:00,2.3000000000000003,9.468545398536161
2026-03-30 00:00:00+00:00,5.02,3.478688626355595
2026-03-30 01:00:00+00:00,3.825,3.8487672703056113
2026-03-30 02:00:00+00:00,4.3575,3.8796080904588446
2026-03-30 03:00:00+00:00,18.4225,7.89206379687069
2026-03-30 04:00:00+00:00,66.87,43.04786840155438
2026-03-30 05:00:00+00:00,90.3125,79.20520605816678
2026-03-30 06:00:00+00:00,109.2225,104.8871990059871
2026-03-30 07:00:00+00:00,96.8375,100.01979712012272
2026-03-30 08:00:00+00:00,73.8475,78.97802985138308
2026-03-30 09:00:00+00:00,45.9975,60.3659486287521
2026-03-30 10:00:00+00:00,23.5875,28.550459308835016
2026-03-30 11:00:00+00:00,11.4,12.91212760702654
2026-03-30 12:00:00+00:00,7.5425,7.933352691255496
2026-03-30 13:00:00+00:00,12.9375,24.33607190641917
2026-03-30 14:00:00+00:00,35.145,24.053878812508984
2026-03-30 15:00:00+00:00,77.45,44.16677002613415
2026-03-30 16:00:00+00:00,104.8275,97.20601577074896
2026-03-30 17:00:00+00:00,121.6525,122.87987964149683
2026-03-30 18:00:00+00:00,125.6075,133.43969386319142
2026-03-30 19:00:00+00:00,126.165,116.22609406311005
2026-03-30 20:00:00+00:00,121.175,115.1106615316549
2026-03-30 21:00:00+00:00,108.88,109.47015747454576
2026-03-30 22:00:00+00:00,109.245,98.11719894503314
2026-03-30 23:00:00+00:00,102.68,98.789795476348
2026-03-31 00:00:00+00:00,101.26,100.61988315633127
2026-03-31 01:00:00+00:00,100.535,99.62281421129356
2026-03-31 02:00:00+00:00,101.68,99.50246044763797
2026-03-31 03:00:00+00:00,108.0425,102.77310730896187
2026-03-31 04:00:00+00:00,137.1975,115.73758145248857
2026-03-31 05:00:00+00:00,152.125,147.01175339927693
2026-03-31 06:00:00+00:00,163.79,153.81181572939738
2026-03-31 07:00:00+00:00,135.555,138.6327108789488
2026-03-31 08:00:00+00:00,104.255,111.19268988741122
2026-03-31 09:00:00+00:00,87.35,88.30044845583865
2026-03-31 10:00:00+00:00,78.67,80.59174648370654
2026-03-31 11:00:00+00:00,55.225,69.32383672829542
2026-03-31 12:00:00+00:00,53.4875,44.626986973306096
2026-03-31 13:00:00+00:00,63.0525,51.78985948736454
2026-03-31 14:00:00+00:00,82.2175,66.63162812214077
2026-03-31 15:00:00+00:00,110.9675,92.49195282820962
2026-03-31 16:00:00+00:00,151.0,119.89103429316751
2026-03-31 17:00:00+00:00,175.0025,162.72411215718085
2026-03-31 18:00:00+00:00,176.005,159.55918910933735
2026-03-31 19:00:00+00:00,171.725,155.58839836605526
2026-03-31 20:00:00+00:00,158.32999999999998,148.2358615891513
2026-03-31 21:00:00+00:00,148.475,137.71956513351955
2026-03-31 22:00:00+00:00,145.51,125.55619361529233
2026-03-31 23:00:00+00:00,129.48749999999998,127.25321800847524
2026-04-01 00:00:00+00:00,125.345,125.65937316079172
2026-04-01 01:00:00+00:00,129.4275,122.6729144556377
2026-04-01 02:00:00+00:00,136.025,128.4514146195549
2026-04-01 03:00:00+00:00,149.115,170.95242748345368
2026-04-01 04:00:00+00:00,180.835,193.24170206948943
2026-04-01 05:00:00+00:00,226.9475,207.18649084678415
2026-04-01 06:00:00+00:00,199.9775,216.79703104112116
2026-04-01 07:00:00+00:00,171.515,160.7460166680282
2026-04-01 08:00:00+00:00,139.8,141.42987694477964
2026-04-01 09:00:00+00:00,128.0775,115.48488804430463
2026-04-01 10:00:00+00:00,115.0525,110.0522483636997
2026-04-01 11:00:00+00:00,93.835,103.52251980114428
2026-04-01 12:00:00+00:00,86.3325,90.34634854503183
2026-04-01 13:00:00+00:00,93.8375,87.15127479091167
2026-04-01 14:00:00+00:00,105.515,99.39934958363949
2026-04-01 15:00:00+00:00,130.12,110.9574723456268
2026-04-01 16:00:00+00:00,152.095,149.1474921682023
2026-04-01 17:00:00+00:00,188.665,185.56844542758293
2026-04-01 18:00:00+00:00,181.1925,180.50845308661374
2026-04-01 19:00:00+00:00,165.8225,162.24176771615836
2026-04-01 20:00:00+00:00,152.8225,149.46004770670197
2026-04-01 21:00:00+00:00,133.7825,138.3213246857817
2026-04-01 22:00:00+00:00,127.1725,124.07095527505442
2026-04-01 23:00:00+00:00,118.995,119.74454669052642
2026-04-02 00:00:00+00:00,114.13,120.89935175832653
2026-04-02 01:00:00+00:00,109.185,123.20728351033094
2026-04-02 02:00:00+00:00,107.41,124.26832348590186
2026-04-02 03:00:00+00:00,119.2925,127.77812117479495
2026-04-02 04:00:00+00:00,152.0525,145.1829984427497
2026-04-02 05:00:00+00:00,160.0075,166.15257587537425
2026-04-02 06:00:00+00:00,157.6575,143.24504503297348
2026-04-02 07:00:00+00:00,114.2775,136.79384904029294
2026-04-02 08:00:00+00:00,90.6625,105.91624762689244
2026-04-02 09:00:00+00:00,74.25,81.76771921978383
2026-04-02 10:00:00+00:00,59.745000000000005,51.73013197595079
2026-04-02 11:00:00+00:00,42.455,38.57082952374081
2026-04-02 12:00:00+00:00,52.86,34.39148338997647
2026-04-02 13:00:00+00:00,73.77,47.643640540639666
2026-04-02 14:00:00+00:00,92.7575,79.20410489886572
2026-04-02 15:00:00+00:00,108.81,104.57625825343071
2026-04-02 16:00:00+00:00,134.385,131.45206484666255
2026-04-02 17:00:00+00:00,161.84,160.6050865349469
2026-04-02 18:00:00+00:00,159.635,158.8079127627826
2026-04-02 19:00:00+00:00,146.5225,146.08057897646148
2026-04-02 20:00:00+00:00,134.9975,133.11515061261346
2026-04-02 21:00:00+00:00,123.97,123.94132632408471
2026-04-02 22:00:00+00:00,133.6,113.72539877416516
2026-04-02 23:00:00+00:00,121.985,121.78440182317333
2026-04-03 00:00:00+00:00,119.515,115.71916492184023
2026-04-03 01:00:00+00:00,117.6675,114.99933170408269
2026-04-03 02:00:00+00:00,120.1825,114.78479426057973
2026-04-03 03:00:00+00:00,123.4025,120.57109635774185
2026-04-03 04:00:00+00:00,133.125,125.77352847261918
2026-04-03 05:00:00+00:00,135.8625,144.19900937649288
2026-04-03 06:00:00+00:00,131.04250000000002,123.5184955165612
2026-04-03 07:00:00+00:00,113.18,110.20836909266453
2026-04-03 08:00:00+00:00,85.585,89.63133390270676
2026-04-03 09:00:00+00:00,52.9575,67.43026826022357
2026-04-03 10:00:00+00:00,27.01,28.536110011423276
2026-04-03 11:00:00+00:00,9.945,11.080451799030248
2026-04-03 12:00:00+00:00,1.6525,8.481646004893165
2026-04-03 13:00:00+00:00,3.05,15.064299479202873
2026-04-03 14:00:00+00:00,23.942500000000003,20.70958202432741
2026-04-03 15:00:00+00:00,66.7975,26.140268474049567
2026-04-03 16:00:00+00:00,88.9725,52.0350793644531
2026-04-03 17:00:00+00:00,99.39,97.51366290277201
2026-04-03 18:00:00+00:00,96.3375,100.05861529573576
2026-04-03 19:00:00+00:00,84.2025,74.84476953168347
2026-04-03 20:00:00+00:00,81.28,57.353990093777504
2026-04-03 21:00:00+00:00,60.5875,54.486940701569395
2026-04-03 22:00:00+00:00,9.7275,39.944052140320714
2026-04-03 23:00:00+00:00,8.955,15.196302061623545
2026-04-04 00:00:00+00:00,6.4325,10.389816156751872
2026-04-04 01:00:00+00:00,1.9875,10.259138786596406
2026-04-04 02:00:00+00:00,6.4025,3.237818403131627
2026-04-04 03:00:00+00:00,11.735,12.559369388358448
2026-04-04 04:00:00+00:00,13.3625,13.790223991038388
2026-04-04 05:00:00+00:00,19.2675,16.754395402302222
2026-04-04 06:00:00+00:00,16.695,22.77980093925196
2026-04-04 07:00:00+00:00,6.6,16.90752318353559
2026-04-04 08:00:00+00:00,1.81,0.32919858992826734
2026-04-04 09:00:00+00:00,-0.01,-0.4557945890996735
2026-04-04 10:00:00+00:00,-0.2475,-2.8727795751445484
2026-04-04 11:00:00+00:00,-0.035,-4.23540227702019
2026-04-04 12:00:00+00:00,-0.0175,-3.453347071098694
2026-04-04 13:00:00+00:00,0.025,2.9569371107196343
2026-04-04 14:00:00+00:00,10.69,4.783476546082423
2026-04-04 15:00:00+00:00,62.735,40.11891439228617
2026-04-04 16:00:00+00:00,109.595,84.68457650415044
2026-04-04 17:00:00+00:00,149.8725,119.06383795437796
2026-04-04 18:00:00+00:00,135.74,144.29774980305405
2026-04-04 19:00:00+00:00,103.8375,119.08765627193999
2026-04-04 20:00:00+00:00,76.8075,91.86074918651036
2026-04-04 21:00:00+00:00,41.8325,57.449478194561124
2026-04-04 22:00:00+00:00,1.0575,24.918834329795587
2026-04-04 23:00:00+00:00,-0.005,5.519290316260171
2026-04-05 00:00:00+00:00,-0.3625,-0.05144636053632166
2026-04-05 01:00:00+00:00,-1.2075,-0.4401157189442285
2026-04-05 02:00:00+00:00,-1.6175,-2.1794979104163654
2026-04-05 03:00:00+00:00,-2.0425,-2.2773924771354714
2026-04-05 04:00:00+00:00,-2.995,-3.552689378384723
2026-04-05 05:00:00+00:00,-1.29,-6.430751503010487
2026-04-05 06:00:00+00:00,-2.43,-10.391910299146407
2026-04-05 07:00:00+00:00,-10.5575,-13.048490520871093
2026-04-05 08:00:00+00:00,-39.9675,-27.186629042001186
2026-04-05 09:00:00+00:00,-71.3425,-67.32621015886893
2026-04-05 10:00:00+00:00,-84.9525,-79.3578692359584
2026-04-05 11:00:00+00:00,-105.175,-85.36149941849813
2026-04-05 12:00:00+00:00,-98.705,-108.94095857142851
2026-04-05 13:00:00+00:00,-66.9075,-84.36623357142852
2026-04-05 14:00:00+00:00,-29.98,-49.75637047619047
2026-04-05 15:00:00+00:00,-6.5875,-4.572658769071728
2026-04-05 16:00:00+00:00,-0.1025,2.5614161068292844
2026-04-05 17:00:00+00:00,20.0425,10.392532373856575
2026-04-05 18:00:00+00:00,33.35,31.069617099376543
2026-04-05 19:00:00+00:00,30.205,26.60985730713005
2026-04-05 20:00:00+00:00,30.3775,23.62504504375098
2026-04-05 21:00:00+00:00,19.0225,22.944895138814992
2026-04-05 22:00:00+00:00,3.24,11.996292202311443
2026-04-05 23:00:00+00:00,1.985,5.9095843758099
2026-04-06 00:00:00+00:00,1.04,2.7723718626657243
2026-04-06 01:00:00+00:00,1.36,3.3801857041178476
2026-04-06 02:00:00+00:00,1.06,2.320737360356661
2026-04-06 03:00:00+00:00,2.11,3.2646350280697494
2026-04-06 04:00:00+00:00,1.985,6.11353720938259
2026-04-06 05:00:00+00:00,1.3325,5.827263088520312
2026-04-06 06:00:00+00:00,-0.9425,1.6357453674988083
2026-04-06 07:00:00+00:00,-11.105,-10.964547996887811
2026-04-06 08:00:00+00:00,-26.0025,-28.785339682022876
2026-04-06 09:00:00+00:00,-59.760000000000005,-43.637996963428606
2026-04-06 10:00:00+00:00,-79.515,-82.96216347222226
2026-04-06 11:00:00+00:00,-125.6375,-94.61908898809523
2026-04-06 12:00:00+00:00,-123.535,-117.38954999999993
2026-04-06 13:00:00+00:00,-84.6175,-99.41321666666667
2026-04-06 14:00:00+00:00,-28.72,-57.7783207142857
2026-04-06 15:00:00+00:00,-5.609999999999999,-4.674427798687858
2026-04-06 16:00:00+00:00,48.625,7.715598744493749
2026-04-06 17:00:00+00:00,107.6875,86.38152020584897
2026-04-06 18:00:00+00:00,116.005,115.44891780677283
2026-04-06 19:00:00+00:00,109.2225,104.87921350285914
2026-04-06 20:00:00+00:00,113.8475,100.15357538034311
2026-04-06 21:00:00+00:00,108.805,102.5141692717855
2026-04-06 22:00:00+00:00,106.4,99.33927146486101
2026-04-06 23:00:00+00:00,101.295,97.32405801981415
2026-04-07 00:00:00+00:00,101.6475,98.59218184660307
2026-04-07 01:00:00+00:00,102.28,98.75796768630785
2026-04-07 02:00:00+00:00,105.135,100.2720644238012
2026-04-07 03:00:00+00:00,117.7675,106.10641162625379
2026-04-07 04:00:00+00:00,143.9125,139.94096253791136
2026-04-07 05:00:00+00:00,178.2625,161.0982094227542
2026-04-07 06:00:00+00:00,127.8575,145.32915880950927
2026-04-07 07:00:00+00:00,81.8025,103.45720864580905
2026-04-07 08:00:00+00:00,24.8875,49.85174464793276
2026-04-07 09:00:00+00:00,-0.0074999999999999,11.075343362282931
2026-04-07 10:00:00+00:00,-3.01,-2.689597028940984
2026-04-07 11:00:00+00:00,-11.2875,-8.9460856834278
2026-04-07 12:00:00+00:00,-11.23,-25.522958554830897
2026-04-07 13:00:00+00:00,-4.205,-9.03079376786842
2026-04-07 14:00:00+00:00,3.8,0.4510118803728656
2026-04-07 15:00:00+00:00,79.9025,47.3939549852223
2026-04-07 16:00:00+00:00,137.995,114.238654430732
2026-04-07 17:00:00+00:00,194.0275,181.92653624029973
2026-04-07 18:00:00+00:00,188.8825,185.12459919034586
2026-04-07 19:00:00+00:00,144.0025,160.35480844918283
2026-04-07 20:00:00+00:00,129.01,124.91602172688505
2026-04-07 21:00:00+00:00,118.2,112.4932564711286
2026-04-07 22:00:00+00:00,107.17,110.11690038942353
2026-04-07 23:00:00+00:00,102.21,98.13902658345896
2026-04-08 00:00:00+00:00,100.82,100.36558848960352
2026-04-08 01:00:00+00:00,103.4975,100.98900351532691
2026-04-08 02:00:00+00:00,107.5125,103.36989784915457
2026-04-08 03:00:00+00:00,116.9275,124.53757667779085
2026-04-08 04:00:00+00:00,149.79500000000002,152.12654592603917
2026-04-08 05:00:00+00:00,168.7975,165.63017458002886
2026-04-08 06:00:00+00:00,138.5075,142.5185012839609
2026-04-08 07:00:00+00:00,97.45,112.22305406674793
2026-04-08 08:00:00+00:00,51.12,79.9928318724017
2026-04-08 09:00:00+00:00,-0.0499999999999998,25.483580924268953
2026-04-08 10:00:00+00:00,-18.8275,-2.588491698303355
2026-04-08 11:00:00+00:00,-32.78,-43.70621056887494
2026-04-08 12:00:00+00:00,-29.735,-50.72335438874579
2026-04-08 13:00:00+00:00,-13.155,-13.787091899901293
2026-04-08 14:00:00+00:00,13.3525,-3.583670952155403
2026-04-08 15:00:00+00:00,91.875,53.924861438405884
2026-04-08 16:00:00+00:00,134.2475,119.19460999045783
2026-04-08 17:00:00+00:00,170.0075,177.36291926513107
2026-04-08 18:00:00+00:00,160.5525,158.33894995619082
2026-04-08 19:00:00+00:00,137.10250000000002,143.79063162690463
2026-04-08 20:00:00+00:00,121.3925,118.98102745101176
2026-04-08 21:00:00+00:00,109.475,107.40314873663938
2026-04-08 22:00:00+00:00,104.8975,97.34857127534028
2026-04-08 23:00:00+00:00,101.1025,96.25443840456619
2026-04-09 00:00:00+00:00,101.095,97.72163747492732
2026-04-09 01:00:00+00:00,101.8625,97.98196185957067
2026-04-09 02:00:00+00:00,105.1,98.34155616084392
2026-04-09 03:00:00+00:00,115.8725,107.19785544563295
2026-04-09 04:00:00+00:00,135.29500000000002,125.62332903003437
2026-04-09 05:00:00+00:00,146.6,147.31998985906145
2026-04-09 06:00:00+00:00,128.09,116.80184631760716
2026-04-09 07:00:00+00:00,99.675,100.82484784480455
2026-04-09 08:00:00+00:00,54.9975,76.19778138174038
2026-04-09 09:00:00+00:00,1.2075,29.0297523460879
2026-04-09 10:00:00+00:00,-1.03,-0.19096847208955492
2026-04-09 11:00:00+00:00,-7.865,-5.566232230662299
2026-04-09 12:00:00+00:00,-8.1375,-19.305737871690898
2026-04-09 13:00:00+00:00,-1.3025,-5.542635576145268
2026-04-09 14:00:00+00:00,27.08,1.156655439734609
2026-04-09 15:00:00+00:00,82.5275,50.23009823797137
2026-04-09 16:00:00+00:00,115.355,105.06564029028728
2026-04-09 17:00:00+00:00,137.1675,137.11011571575258
2026-04-09 18:00:00+00:00,127.325,143.8794842020496
2026-04-09 19:00:00+00:00,110.95,114.82817999483825
2026-04-09 20:00:00+00:00,100.23,101.23746321500423
2026-04-09 21:00:00+00:00,81.05250000000001,93.18522626524013
2026-04-09 22:00:00+00:00,81.88,72.6175183561386
2026-04-09 23:00:00+00:00,79.32,72.49405600631945
2026-04-10 00:00:00+00:00,78.83,70.22722502908832
2026-04-10 01:00:00+00:00,78.5525,68.60280915861533
2026-04-10 02:00:00+00:00,81.1225,73.39408350212962
2026-04-10 03:00:00+00:00,88.7675,88.74528046452166
2026-04-10 04:00:00+00:00,112.1575,98.33643943253603
2026-04-10 05:00:00+00:00,126.4375,119.51812294910195
2026-04-10 06:00:00+00:00,123.16,127.22040031732176
2026-04-10 07:00:00+00:00,119.265,115.4969355061353
2026-04-10 08:00:00+00:00,109.84,101.41446091247418
2026-04-10 09:00:00+00:00,102.99,95.77311482079833
2026-04-10 10:00:00+00:00,92.09,92.29591586969042
2026-04-10 11:00:00+00:00,88.9375,86.41766604699978
2026-04-10 12:00:00+00:00,87.4,85.49030839015899
2026-04-10 13:00:00+00:00,94.0175,86.77689880722176
2026-04-10 14:00:00+00:00,108.78,96.45759613667796
2026-04-10 15:00:00+00:00,130.1025,110.00604000919363
2026-04-10 16:00:00+00:00,155.29,138.7343280354832
2026-04-10 17:00:00+00:00,227.7675,184.46801934302096
2026-04-10 18:00:00+00:00,245.115,183.9314417981678
2026-04-10 19:00:00+00:00,176.4775,160.37386591804568
2026-04-10 20:00:00+00:00,149.305,154.88043863301144
2026-04-10 21:00:00+00:00,131.96,124.25934681112707
2026-04-10 22:00:00+00:00,134.015,117.79698915979395
2026-04-10 23:00:00+00:00,120.6325,120.43894188291387
2026-04-11 00:00:00+00:00,114.3825,114.78728982801216
2026-04-11 01:00:00+00:00,112.35,109.21001034040924
2026-04-11 02:00:00+00:00,110.8375,108.25441928492923
2026-04-11 03:00:00+00:00,108.36,108.77099741162796
2026-04-11 04:00:00+00:00,106.605,108.11844948610764
2026-04-11 05:00:00+00:00,93.2375,106.82639575134344
2026-04-11 06:00:00+00:00,69.61,81.93143737997494
2026-04-11 07:00:00+00:00,21.57,35.16311617284889
2026-04-11 08:00:00+00:00,-0.1574999999999997,14.298850484810579
2026-04-11 09:00:00+00:00,-8.307500000000001,-10.821248416832166
2026-04-11 10:00:00+00:00,-40.2525,-24.643395917871086
2026-04-11 11:00:00+00:00,-79.965,-71.63032197927063
2026-04-11 12:00:00+00:00,-77.635,-94.19258785714284
2026-04-11 13:00:00+00:00,-45.8275,-74.07391990009984
2026-04-11 14:00:00+00:00,-15.7975,-35.00101602044885
2026-04-11 15:00:00+00:00,-0.7149999999999999,-2.121790073876943
2026-04-11 16:00:00+00:00,43.697500000000005,10.709003042021632
2026-04-11 17:00:00+00:00,73.8175,70.18680358629739
2026-04-11 18:00:00+00:00,74.7875,67.70334293118266
2026-04-11 19:00:00+00:00,65.2325,56.69552358763329
2026-04-11 20:00:00+00:00,68.6275,51.73793389175765
2026-04-11 21:00:00+00:00,68.625,51.239112885284484
2026-04-11 22:00:00+00:00,72.52250000000001,48.90457886395265
2026-04-11 23:00:00+00:00,76.57249999999999,61.41963959653245
2026-04-12 00:00:00+00:00,80.4225,69.76109719735608
2026-04-12 01:00:00+00:00,85.26,76.97018994490733
2026-04-12 02:00:00+00:00,95.1025,82.71405321932951
2026-04-12 03:00:00+00:00,98.05,91.88783641169864
2026-04-12 04:00:00+00:00,98.7,96.31718702432791
2026-04-12 05:00:00+00:00,94.3175,97.71247260813105
2026-04-12 06:00:00+00:00,76.10249999999999,91.60640932288133
2026-04-12 07:00:00+00:00,53.3225,63.0130334747187
2026-04-12 08:00:00+00:00,30.2325,35.94735348239839
2026-04-12 09:00:00+00:00,22.415,32.48129726304284
2026-04-12 10:00:00+00:00,14.975,30.34494583669083
2026-04-12 11:00:00+00:00,1.97,19.760053829791055
2026-04-12 12:00:00+00:00,4.625,10.479755910233616
2026-04-12 13:00:00+00:00,15.905,27.953724881685886
2026-04-12 14:00:00+00:00,67.55,35.818374301819574
2026-04-12 15:00:00+00:00,110.1775,84.49580765364044
2026-04-12 16:00:00+00:00,135.3875,127.16919085548896
2026-04-12 17:00:00+00:00,144.765,164.07134031960865
2026-04-12 18:00:00+00:00,146.8025,150.92056020364757
2026-04-12 19:00:00+00:00,136.73250000000002,122.65976283336346
2026-04-12 20:00:00+00:00,130.6075,120.7547906464964
2026-04-12 21:00:00+00:00,121.0175,114.1332892399342
2026-04-12 22:00:00+00:00,116.5425,110.27345258435278
2026-04-12 23:00:00+00:00,109.795,106.87730447479542
2026-04-13 00:00:00+00:00,107.315,105.80561920364822
2026-04-13 01:00:00+00:00,107.59,104.37252402561205
2026-04-13 02:00:00+00:00,110.02,105.36980670271397
2026-04-13 03:00:00+00:00,119.0725,118.45637660436503
2026-04-13 04:00:00+00:00,136.115,145.21888401630093
2026-04-13 05:00:00+00:00,145.12,167.34046791355001
2026-04-13 06:00:00+00:00,173.88,162.86404019621543
2026-04-13 07:00:00+00:00,160.965,147.1277312612927
2026-04-13 08:00:00+00:00,138.63,129.12302223118294
2026-04-13 09:00:00+00:00,116.0,109.94898501602219
2026-04-13 10:00:00+00:00,104.735,105.1074464418481
2026-04-13 11:00:00+00:00,97.3925,97.74258369823798
2026-04-13 12:00:00+00:00,101.695,94.69240132321411
2026-04-13 13:00:00+00:00,104.6375,106.39891537341393
2026-04-13 14:00:00+00:00,114.5975,112.22148651326006
2026-04-13 15:00:00+00:00,130.3775,127.92230258801646
2026-04-13 16:00:00+00:00,148.2,143.4219353276932
2026-04-13 17:00:00+00:00,164.5225,156.17407901633518
2026-04-13 18:00:00+00:00,156.61,154.28370262852278
2026-04-13 19:00:00+00:00,139.0475,140.17334827561163
2026-04-13 20:00:00+00:00,129.76,127.7288665244013
2026-04-13 21:00:00+00:00,122.6275,117.73306427200863
2026-04-13 22:00:00+00:00,116.0625,111.96642219256717
2026-04-13 23:00:00+00:00,113.665,108.40247304525525
2026-04-14 00:00:00+00:00,114.99,108.75898838951883
2026-04-14 01:00:00+00:00,113.385,110.6340299275645
2026-04-14 02:00:00+00:00,114.68,110.61028156909892
2026-04-14 03:00:00+00:00,118.1475,123.01675241930074
2026-04-14 04:00:00+00:00,138.72,137.17866384898184
2026-04-14 05:00:00+00:00,163.0225,156.31844043191947
2026-04-14 06:00:00+00:00,164.495,150.99154680779426
2026-04-14 07:00:00+00:00,144.32999999999998,143.2682059198117
2026-04-14 08:00:00+00:00,128.82999999999998,118.70628611845567
2026-04-14 09:00:00+00:00,117.3325,110.31519639503477
2026-04-14 10:00:00+00:00,109.5075,104.49556404972819
2026-04-14 11:00:00+00:00,104.7,99.92111879066206
2026-04-14 12:00:00+00:00,108.91,97.88002394925883
2026-04-14 13:00:00+00:00,115.5675,104.52310988217026
2026-04-14 14:00:00+00:00,121.695,120.69310365818248
2026-04-14 15:00:00+00:00,137.4375,130.60909600839338
2026-04-14 16:00:00+00:00,160.015,165.49260910450886
2026-04-14 17:00:00+00:00,224.7525,177.94087800124444
2026-04-14 18:00:00+00:00,234.2775,190.60927973208982
2026-04-14 19:00:00+00:00,165.9475,192.3863405824048
2026-04-14 20:00:00+00:00,148.2575,147.58457333544166
2026-04-14 21:00:00+00:00,135.37,131.31902317925315
2026-04-14 22:00:00+00:00,121.6,121.97746411650998
2026-04-14 23:00:00+00:00,116.4575,113.74578591196968
2026-04-15 00:00:00+00:00,111.7675,115.56405562399863
2026-04-15 01:00:00+00:00,110.0175,110.07533982982295
2026-04-15 02:00:00+00:00,110.8425,112.0622774242941
2026-04-15 03:00:00+00:00,123.18,121.92401708516714
2026-04-15 04:00:00+00:00,148.44,145.15103950359628
2026-04-15 05:00:00+00:00,159.5525,160.89132285579922
2026-04-15 06:00:00+00:00,140.1,139.30819504324126
2026-04-15 07:00:00+00:00,116.32,117.26451639129056
2026-04-15 08:00:00+00:00,100.8025,105.73309172650099
2026-04-15 09:00:00+00:00,78.94,86.29573887855064
2026-04-15 10:00:00+00:00,58.3175,55.57588089719687
2026-04-15 11:00:00+00:00,50.2325,34.36446979271475
2026-04-15 12:00:00+00:00,67.25750000000001,38.742927951012305
2026-04-15 13:00:00+00:00,81.4925,70.81789840983718
2026-04-15 14:00:00+00:00,99.255,95.77499493807214
2026-04-15 15:00:00+00:00,124.84,111.57005627498962
2026-04-15 16:00:00+00:00,141.9,150.69305061259652
2026-04-15 17:00:00+00:00,180.07999999999998,175.42586427634836
2026-04-15 18:00:00+00:00,180.8,182.3094572960433
2026-04-15 19:00:00+00:00,148.07999999999998,159.36216815452704
2026-04-15 20:00:00+00:00,132.685,132.7763883979076
2026-04-15 21:00:00+00:00,117.77,121.92150280276995
2026-04-15 22:00:00+00:00,106.215,111.30519861097316
2026-04-15 23:00:00+00:00,101.3975,100.75954491388025
2026-04-16 00:00:00+00:00,99.595,100.50903612945481
2026-04-16 01:00:00+00:00,98.365,98.34965925520115
2026-04-16 02:00:00+00:00,100.9025,99.90769134816256
2026-04-16 03:00:00+00:00,110.605,115.20436400499298
2026-04-16 04:00:00+00:00,139.475,136.84300315205905
2026-04-16 05:00:00+00:00,145.02249999999998,159.0408103777817
2026-04-16 06:00:00+00:00,133.635,129.36014391229477
2026-04-16 07:00:00+00:00,110.195,113.11305604892998
2026-04-16 08:00:00+00:00,96.3525,94.64102073534103
2026-04-16 09:00:00+00:00,75.6725,84.35078372082113
2026-04-16 10:00:00+00:00,60.5125,49.421943702431456
2026-04-16 11:00:00+00:00,45.7675,45.55831623085504
2026-04-16 12:00:00+00:00,53.9725,39.28446204878635
2026-04-16 13:00:00+00:00,70.87,49.99531344364428
2026-04-16 14:00:00+00:00,89.7575,78.44306790670429
2026-04-16 15:00:00+00:00,111.555,101.12097386949584
2026-04-16 16:00:00+00:00,131.145,131.54077368589648
2026-04-16 17:00:00+00:00,166.9275,167.84040562858866
2026-04-16 18:00:00+00:00,187.3175,169.6637829488601
2026-04-16 19:00:00+00:00,155.01,167.14782127278315
2026-04-16 20:00:00+00:00,138.76,137.00471687006103
2026-04-16 21:00:00+00:00,127.3625,125.56370432533991
2026-04-16 22:00:00+00:00,121.7725,115.39692210025277
2026-04-16 23:00:00+00:00,115.5225,112.3060962704915
2026-04-17 00:00:00+00:00,112.5325,113.47219705302865
2026-04-17 01:00:00+00:00,108.5125,110.81747405237223
2026-04-17 02:00:00+00:00,111.4675,110.00177955116087
2026-04-17 03:00:00+00:00,120.1925,118.79620391672006
2026-04-17 04:00:00+00:00,146.5675,142.37095642399032
2026-04-17 05:00:00+00:00,148.555,145.79164970373864
2026-04-17 06:00:00+00:00,127.1575,122.22270929933839
2026-04-17 07:00:00+00:00,101.9025,104.71439441459705
2026-04-17 08:00:00+00:00,90.7825,85.718981027817
2026-04-17 09:00:00+00:00,57.88,78.28997206295686
2026-04-17 10:00:00+00:00,30.87,32.66171631173707
2026-04-17 11:00:00+00:00,26.445,14.931395609177416
2026-04-17 12:00:00+00:00,31.3725,14.507718396928233
2026-04-17 13:00:00+00:00,59.9975,39.95324833037548
2026-04-17 14:00:00+00:00,81.82,75.0721951526516
2026-04-17 15:00:00+00:00,102.31,102.99642401175001
2026-04-17 16:00:00+00:00,126.755,130.70235844568617
2026-04-17 17:00:00+00:00,157.405,161.6188682906517
2026-04-17 18:00:00+00:00,157.1125,169.55446494340242
2026-04-17 19:00:00+00:00,138.0075,142.45003102669662
2026-04-17 20:00:00+00:00,123.93,127.99150865575724
2026-04-17 21:00:00+00:00,112.71,115.4056890155196
2026-04-17 22:00:00+00:00,116.245,107.94950387596957
2026-04-17 23:00:00+00:00,110.8775,109.31244028472106
2026-04-18 00:00:00+00:00,109.6625,105.79530073448936
2026-04-18 01:00:00+00:00,107.695,105.78198754926912
2026-04-18 02:00:00+00:00,108.8725,105.22832681002333
2026-04-18 03:00:00+00:00,110.905,114.77346078498965
2026-04-18 04:00:00+00:00,110.83,122.44665095777002
2026-04-18 05:00:00+00:00,105.7425,114.31571247532533
2026-04-18 06:00:00+00:00,92.2875,104.31147228500915
2026-04-18 07:00:00+00:00,75.1275,83.77664058760601
2026-04-18 08:00:00+00:00,39.5675,48.21590160324077
2026-04-18 09:00:00+00:00,3.94,21.51181762695359
2026-04-18 10:00:00+00:00,-3.3825000000000003,0.3114505967564114
2026-04-18 11:00:00+00:00,-4.08,-11.913978718183621
2026-04-18 12:00:00+00:00,-0.1,-9.299743728987202
2026-04-18 13:00:00+00:00,18.8975,11.732053080975184
2026-04-18 14:00:00+00:00,44.8875,64.50348295044905
2026-04-18 15:00:00+00:00,90.805,74.63420660534241
2026-04-18 16:00:00+00:00,119.595,117.11016035108224
2026-04-18 17:00:00+00:00,131.54,139.17025175992865
2026-04-18 18:00:00+00:00,144.89,146.41671799485886
2026-04-18 19:00:00+00:00,140.29500000000002,132.19818637274858
2026-04-18 20:00:00+00:00,129.9925,129.79875006978932
2026-04-18 21:00:00+00:00,125.0,118.68790827887146
2026-04-18 22:00:00+00:00,116.56,116.30256938337952
2026-04-18 23:00:00+00:00,109.95,108.36825737540667
2026-04-19 00:00:00+00:00,109.205,105.610137413052
2026-04-19 01:00:00+00:00,106.3225,104.57995520525536
2026-04-19 02:00:00+00:00,105.415,102.13423985622215
2026-04-19 03:00:00+00:00,106.55,102.42458118875732
2026-04-19 04:00:00+00:00,104.7825,104.46732496243091
2026-04-19 05:00:00+00:00,100.0325,102.35852004757992
2026-04-19 06:00:00+00:00,96.63,94.03895224567758
2026-04-19 07:00:00+00:00,93.8425,80.9910043139468
2026-04-19 08:00:00+00:00,71.385,75.6362676232025
2026-04-19 09:00:00+00:00,31.985,45.681450931072135
2026-04-19 10:00:00+00:00,5.735,13.490167549579542
2026-04-19 11:00:00+00:00,-0.8475,1.1654547704625235
2026-04-19 12:00:00+00:00,-3.005,-4.3173966614886155
2026-04-19 13:00:00+00:00,-2.255,3.468356305930842
2026-04-19 14:00:00+00:00,16.02,-0.001541875569467718
2026-04-19 15:00:00+00:00,73.7575,26.002287693070883
2026-04-19 16:00:00+00:00,103.855,71.01997111799874
2026-04-19 17:00:00+00:00,117.3525,112.2086120655208
2026-04-19 18:00:00+00:00,124.1125,115.73965943503521
2026-04-19 19:00:00+00:00,121.5475,115.35008639706139
2026-04-19 20:00:00+00:00,119.3625,112.26861514489285
2026-04-19 21:00:00+00:00,111.2325,107.57579974179103
2026-04-19 22:00:00+00:00,106.3075,98.7685136074044
2026-04-19 23:00:00+00:00,101.1125,96.20656716594321
2026-04-20 00:00:00+00:00,99.0125,97.71896537155928
2026-04-20 01:00:00+00:00,99.04,95.26275975003345
2026-04-20 02:00:00+00:00,102.3025,96.57685924500272
2026-04-20 03:00:00+00:00,111.6,103.17533988977621
2026-04-20 04:00:00+00:00,129.385,127.62918362314763
2026-04-20 05:00:00+00:00,142.2075,136.54474784068393
2026-04-20 06:00:00+00:00,134.32,110.68007700819687
2026-04-20 07:00:00+00:00,110.015,103.6697217569703
2026-04-20 08:00:00+00:00,90.1975,81.87565437914475
2026-04-20 09:00:00+00:00,75.88749999999999,76.54310481317812
2026-04-20 10:00:00+00:00,51.182500000000005,43.15054553880598
2026-04-20 11:00:00+00:00,32.595,30.798459756645734
2026-04-20 12:00:00+00:00,29.57,20.921598936713693
2026-04-20 13:00:00+00:00,46.475,23.638056552112474
2026-04-20 14:00:00+00:00,78.325,61.53442725265836
2026-04-20 15:00:00+00:00,97.245,84.31558237685879
2026-04-20 16:00:00+00:00,112.91,107.16920721505866
2026-04-20 17:00:00+00:00,123.4075,128.83087019553673
2026-04-20 18:00:00+00:00,127.18,130.5112175933151
2026-04-20 19:00:00+00:00,121.94,116.75052570919888
2026-04-20 20:00:00+00:00,115.9725,110.91414443881177
2026-04-20 21:00:00+00:00,106.7925,105.5442822193287
2026-04-20 22:00:00+00:00,99.0,97.38769617276303
2026-04-20 23:00:00+00:00,98.6425,93.46510020756095
2026-04-21 00:00:00+00:00,98.3725,96.64589907309859
2026-04-21 01:00:00+00:00,99.075,96.67249870908503
2026-04-21 02:00:00+00:00,100.19,97.58595642283086
2026-04-21 03:00:00+00:00,108.4475,107.71524464745674
2026-04-21 04:00:00+00:00,127.085,131.31596338410512
2026-04-21 05:00:00+00:00,135.3275,138.7167451260009
2026-04-21 06:00:00+00:00,118.9475,115.81027392077958
2026-04-21 07:00:00+00:00,97.305,101.35447786482493
2026-04-21 08:00:00+00:00,59.895,82.46562024369615
2026-04-21 09:00:00+00:00,19.602500000000003,38.215019934402505
2026-04-21 10:00:00+00:00,-0.0974999999999999,12.670601647230798
2026-04-21 11:00:00+00:00,-1.7525,-1.7700413413526475
2026-04-21 12:00:00+00:00,-3.7,-4.149169243919635
2026-04-21 13:00:00+00:00,-1.8625,-0.06461090144614967
2026-04-21 14:00:00+00:00,14.535,1.880253862615381
2026-04-21 15:00:00+00:00,69.83,68.40049945768521
2026-04-21 16:00:00+00:00,102.645,103.28734041634654
2026-04-21 17:00:00+00:00,134.11,137.1085687169838
2026-04-21 18:00:00+00:00,144.775,160.02644215145358
2026-04-21 19:00:00+00:00,129.62,128.61019689506475
2026-04-21 20:00:00+00:00,119.845,118.1409869194181
2026-04-21 21:00:00+00:00,111.8725,111.4531423318712
2026-04-21 22:00:00+00:00,107.095,101.21212182655216
2026-04-21 23:00:00+00:00,104.11,99.75422849497878
2026-04-22 00:00:00+00:00,104.2,101.62619530751947
2026-04-22 01:00:00+00:00,104.8475,101.95539070533142
2026-04-22 02:00:00+00:00,109.6925,104.86440740777495
2026-04-22 03:00:00+00:00,121.2325,118.83377423531789
2026-04-22 04:00:00+00:00,139.8425,143.8376126907033
2026-04-22 05:00:00+00:00,134.7975,128.04954336771726
2026-04-22 06:00:00+00:00,113.865,108.85189950275138
2026-04-22 07:00:00+00:00,79.555,90.83447014619392
2026-04-22 08:00:00+00:00,20.155,52.11785507050785
2026-04-22 09:00:00+00:00,-2.42,8.761410889587419
2026-04-22 10:00:00+00:00,-8.8325,-12.649671349217343
2026-04-22 11:00:00+00:00,-20.985,-23.553803079911635
2026-04-22 12:00:00+00:00,-19.0,-36.64273260534868
2026-04-22 13:00:00+00:00,-4.92,-10.745344191019909
2026-04-22 14:00:00+00:00,-0.0099999999999998,1.9381527108509145
2026-04-22 15:00:00+00:00,57.405,14.912209369828272
2026-04-22 16:00:00+00:00,105.2975,88.45105038146758
2026-04-22 17:00:00+00:00,140.1175,137.3161683242779
2026-04-22 18:00:00+00:00,153.91,164.2716926986886
2026-04-22 19:00:00+00:00,128.51,136.41406258737302
2026-04-22 20:00:00+00:00,114.45,115.86872619327505
2026-04-22 21:00:00+00:00,105.0775,100.71800160601968
2026-04-22 22:00:00+00:00,100.14,96.69228246361672
2026-04-22 23:00:00+00:00,97.625,94.00418278803983
2026-04-23 00:00:00+00:00,96.735,95.2535366274823
2026-04-23 01:00:00+00:00,96.2075,93.51969975261733
2026-04-23 02:00:00+00:00,95.85,93.93227418899146
2026-04-23 03:00:00+00:00,104.16,101.8764137925525
2026-04-23 04:00:00+00:00,119.0,129.83935339046946
2026-04-23 05:00:00+00:00,119.4,125.18843554645575
2026-04-23 06:00:00+00:00,109.6975,102.90181851279527
2026-04-23 07:00:00+00:00,63.2925,78.02380449061826
2026-04-23 08:00:00+00:00,-0.5625,28.720524491360106
2026-04-23 09:00:00+00:00,-6.175,-6.895192162836355
2026-04-23 10:00:00+00:00,-29.0075,-15.749573978589133
2026-04-23 11:00:00+00:00,-49.56,-45.56144535609791
2026-04-23 12:00:00+00:00,-48.8625,-76.80294231074483
2026-04-23 13:00:00+00:00,-22.89,-42.832484201850804
2026-04-23 14:00:00+00:00,-1.93,-9.615624717792262
2026-04-23 15:00:00+00:00,21.9675,3.298318423403584
2026-04-23 16:00:00+00:00,93.5725,54.016277106824326
2026-04-23 17:00:00+00:00,121.5,115.56262297462052
2026-04-23 18:00:00+00:00,136.955,133.2454983779766
2026-04-23 19:00:00+00:00,116.2875,118.60148801480989
2026-04-23 20:00:00+00:00,108.235,101.89933787306539
2026-04-23 21:00:00+00:00,99.4575,97.28646463271807
2026-04-23 22:00:00+00:00,102.455,89.55883778191132
2026-04-23 23:00:00+00:00,100.13,94.08818972307661
2026-04-24 00:00:00+00:00,100.71,93.32115396474254
2026-04-24 01:00:00+00:00,101.69,96.66820201985139
2026-04-24 02:00:00+00:00,105.3575,98.19533054544685
2026-04-24 03:00:00+00:00,116.305,105.19327151390013
2026-04-24 04:00:00+00:00,131.8725,128.18967430450903
2026-04-24 05:00:00+00:00,137.9875,135.65738923317687
2026-04-24 06:00:00+00:00,117.685,107.53493314477329
2026-04-24 07:00:00+00:00,80.905,96.30835710947538
2026-04-24 08:00:00+00:00,19.5725,60.745762187372996
2026-04-24 09:00:00+00:00,-0.035,8.65065593475355
2026-04-24 10:00:00+00:00,-6.9075,-2.7128883238634978
2026-04-24 11:00:00+00:00,-26.14,-15.342412853426085
2026-04-24 12:00:00+00:00,-30.0025,-39.350219483720316
2026-04-24 13:00:00+00:00,-16.555,-17.167749755108936
2026-04-24 14:00:00+00:00,-1.6124999999999998,-8.044875030016954
2026-04-24 15:00:00+00:00,50.9075,2.5676401992559716
2026-04-24 16:00:00+00:00,104.8175,77.28307367590835
2026-04-24 17:00:00+00:00,133.81,122.78232956432976
2026-04-24 18:00:00+00:00,137.34,152.25893255767394
2026-04-24 19:00:00+00:00,131.025,122.28322327912433
2026-04-24 20:00:00+00:00,121.8775,116.81524101434927
2026-04-24 21:00:00+00:00,113.4425,107.3633434120049
2026-04-24 22:00:00+00:00,100.625,100.29983585741523
2026-04-24 23:00:00+00:00,95.54,93.85877541955129
2026-04-25 00:00:00+00:00,95.12,90.70389254861871
2026-04-25 01:00:00+00:00,95.1575,90.5944058308018
2026-04-25 02:00:00+00:00,88.4575,90.931752391966
2026-04-25 03:00:00+00:00,88.03,89.41995950836606
2026-04-25 04:00:00+00:00,83.1825,89.45328734994524
2026-04-25 05:00:00+00:00,71.3625,80.01015074150173
2026-04-25 06:00:00+00:00,20.035,40.50167487516524
2026-04-25 07:00:00+00:00,-0.0424999999999999,14.208244236383742
2026-04-25 08:00:00+00:00,-7.27,-3.5175678461983027
2026-04-25 09:00:00+00:00,-42.1425,-20.60343037855955
2026-04-25 10:00:00+00:00,-100.5125,-75.1144171704684
2026-04-25 11:00:00+00:00,-176.4425,-132.22209999999993
2026-04-25 12:00:00+00:00,-190.865,-271.5462999999997
2026-04-25 13:00:00+00:00,-133.8025,-264.8102499999999
2026-04-25 14:00:00+00:00,-53.975,-92.16749999999996
2026-04-25 15:00:00+00:00,-5.245,-42.02057638888888
2026-04-25 16:00:00+00:00,4.615,6.325666064077045
2026-04-25 17:00:00+00:00,65.19749999999999,20.87119369545072
2026-04-25 18:00:00+00:00,75.42,52.057774148284516
2026-04-25 19:00:00+00:00,72.005,59.68713198217392
2026-04-25 20:00:00+00:00,72.6775,55.14092304922396
2026-04-25 21:00:00+00:00,69.97999999999999,47.38482300665419
2026-04-25 22:00:00+00:00,79.44,45.0828658542523
2026-04-25 23:00:00+00:00,83.595,60.26834125918256
2026-04-26 00:00:00+00:00,87.1,79.56894093889574
2026-04-26 01:00:00+00:00,90.4875,83.28354774504533
2026-04-26 02:00:00+00:00,94.1525,90.2232751488952
2026-04-26 03:00:00+00:00,98.64,94.98552328667732
2026-04-26 04:00:00+00:00,94.185,98.8939385331041
2026-04-26 05:00:00+00:00,83.1525,88.00580905375827
2026-04-26 06:00:00+00:00,54.3125,58.39392864941201
2026-04-26 07:00:00+00:00,-0.01,25.28010761030635
2026-04-26 08:00:00+00:00,-28.185,-4.721516940636545
2026-04-26 09:00:00+00:00,-127.365,-56.115225930953585
2026-04-26 10:00:00+00:00,-259.96000000000004,-138.74979999999996
2026-04-26 11:00:00+00:00,-413.77,-335.98989999999964
2026-04-26 12:00:00+00:00,-413.245,-351.55694999999963
2026-04-26 13:00:00+00:00,-235.8925,-339.40474999999975
2026-04-26 14:00:00+00:00,-37.305,-326.86699999999973
2026-04-26 15:00:00+00:00,11.177499999999998,-29.882067902236653
2026-04-26 16:00:00+00:00,113.0975,53.34149163057061
2026-04-26 17:00:00+00:00,150.2875,127.96990204939668
2026-04-26 18:00:00+00:00,157.815,172.6852257178109
2026-04-26 19:00:00+00:00,140.6525,140.26785740411572
2026-04-26 20:00:00+00:00,126.4075,122.19416763221248
2026-04-26 21:00:00+00:00,122.875,115.22870100760785
2026-04-26 22:00:00+00:00,118.4475,109.74119286682375
2026-04-26 23:00:00+00:00,113.03,108.89362296474349
2026-04-27 00:00:00+00:00,112.71,107.78679968139511
2026-04-27 01:00:00+00:00,112.825,108.25232940239457
2026-04-27 02:00:00+00:00,116.74,110.11041202035983
2026-04-27 03:00:00+00:00,125.6675,129.99127451909487
2026-04-27 04:00:00+00:00,165.5675,147.71371135192712
2026-04-27 05:00:00+00:00,153.69,150.24171432252848
2026-04-27 06:00:00+00:00,126.5475,109.63063569410112
2026-04-27 07:00:00+00:00,92.5275,102.50724420506499
2026-04-27 08:00:00+00:00,59.1425,74.50288488250465
2026-04-27 09:00:00+00:00,4.14,33.61788217601402
2026-04-27 10:00:00+00:00,-0.0975,1.4673575780470278
2026-04-27 11:00:00+00:00,-0.83,-2.6733132812599836
2026-04-27 12:00:00+00:00,-0.1625,-2.9688099802426535
2026-04-27 13:00:00+00:00,5.1425,2.7256647119505284
2026-04-27 14:00:00+00:00,68.66499999999999,30.29615119108894
2026-04-27 15:00:00+00:00,107.185,82.07612355411815
2026-04-27 16:00:00+00:00,129.8525,118.46551691625527
2026-04-27 17:00:00+00:00,172.3,174.0042383326424
2026-04-27 18:00:00+00:00,188.1175,188.35922215297649
2026-04-27 19:00:00+00:00,148.46,169.625721539428
2026-04-27 20:00:00+00:00,125.6475,122.4011201795141
2026-04-27 21:00:00+00:00,115.2025,110.06121389347943
2026-04-27 22:00:00+00:00,112.66,104.65650839060989
2026-04-27 23:00:00+00:00,106.9025,101.24589403169543
2026-04-28 00:00:00+00:00,102.98,99.57620426399572
2026-04-28 01:00:00+00:00,102.83,99.74834067737055
2026-04-28 02:00:00+00:00,105.2775,100.71308541335617
2026-04-28 03:00:00+00:00,111.835,108.86109277915962
2026-04-28 04:00:00+00:00,122.1,119.45114773952996
2026-04-28 05:00:00+00:00,121.43,122.53697429679525
2026-04-28 06:00:00+00:00,112.315,106.86900889765937
2026-04-28 07:00:00+00:00,79.7775,84.15267968744598
2026-04-28 08:00:00+00:00,21.815,51.43073306089123
2026-04-28 09:00:00+00:00,-1.085,8.44939783270747
2026-04-28 10:00:00+00:00,-14.0425,-10.52807072520459
2026-04-28 11:00:00+00:00,-29.0,-29.87780838157268
2026-04-28 12:00:00+00:00,-29.0075,-43.79550072995968
2026-04-28 13:00:00+00:00,-17.33,-17.805165044742562
2026-04-28 14:00:00+00:00,-4.655,-7.852702161032264
2026-04-28 15:00:00+00:00,33.315,2.800586197035058
2026-04-28 16:00:00+00:00,90.1,54.02510232722354
2026-04-28 17:00:00+00:00,117.4,110.8137719578458
2026-04-28 18:00:00+00:00,120.9725,120.0051701217133
2026-04-28 19:00:00+00:00,115.8275,104.90281255339605
2026-04-28 20:00:00+00:00,111.295,101.7707272385168
2026-04-28 21:00:00+00:00,101.77,96.36425181842553
2026-04-28 22:00:00+00:00,98.2075,93.48190380860356
2026-04-28 23:00:00+00:00,96.725,90.43880284088027
2026-04-29 00:00:00+00:00,97.9175,91.53633897691276
2026-04-29 01:00:00+00:00,98.5275,94.53031556881074
2026-04-29 02:00:00+00:00,100.65,96.63807990533914
2026-04-29 03:00:00+00:00,107.905,104.85060445826073
2026-04-29 04:00:00+00:00,139.7975,121.94178893624478
2026-04-29 05:00:00+00:00,126.8475,116.78489823370666
2026-04-29 06:00:00+00:00,112.365,103.0274267628421
2026-04-29 07:00:00+00:00,66.42,83.66282548647987
2026-04-29 08:00:00+00:00,-1.0775,34.29120826975763
2026-04-29 09:00:00+00:00,-11.5675,-10.80045562335
2026-04-29 10:00:00+00:00,-33.765,-28.774880377165164
2026-04-29 11:00:00+00:00,-60.3625,-52.811414163193085
2026-04-29 12:00:00+00:00,-55.4325,-91.60304894078146
2026-04-29 13:00:00+00:00,-36.22,-56.37764313492064
2026-04-29 14:00:00+00:00,-11.25,-20.420742284680756
2026-04-29 15:00:00+00:00,19.645,-2.0282801344119816
2026-04-29 16:00:00+00:00,91.145,65.30323463937616
2026-04-29 17:00:00+00:00,125.81,118.92329090886858
2026-04-29 18:00:00+00:00,145.5925,135.18987548837057
2026-04-29 19:00:00+00:00,129.95,122.44553351739798
2026-04-29 20:00:00+00:00,115.6575,112.59560263517221
2026-04-29 21:00:00+00:00,105.0975,101.57847940870006
2026-04-29 22:00:00+00:00,100.32,95.28132913617374
2026-04-29 23:00:00+00:00,100.11,92.80915456516564
2026-04-30 00:00:00+00:00,98.57,96.44970874572542
2026-04-30 01:00:00+00:00,99.4775,96.07055467715864
2026-04-30 02:00:00+00:00,104.09,98.27232794988281
2026-04-30 03:00:00+00:00,114.1025,109.81158578194767
2026-04-30 04:00:00+00:00,139.12,135.48066815169642
2026-04-30 05:00:00+00:00,122.285,115.18098917575024
2026-04-30 06:00:00+00:00,96.2175,101.5279661342477
2026-04-30 07:00:00+00:00,45.555,76.6403367596801
2026-04-30 08:00:00+00:00,-0.0375,17.402078723708787
2026-04-30 09:00:00+00:00,-3.875,-3.9986570851052625
2026-04-30 10:00:00+00:00,-16.2525,-15.296115962491625
2026-04-30 11:00:00+00:00,-32.02,-34.28378175254906
2026-04-30 12:00:00+00:00,-28.93,-49.62582994026804
2026-04-30 13:00:00+00:00,-12.05,-16.732801809991198
2026-04-30 14:00:00+00:00,-2.2925,-5.13366098443376
2026-04-30 15:00:00+00:00,20.58,1.6289255418167545
2026-04-30 16:00:00+00:00,92.43,56.587829785476146
2026-04-30 17:00:00+00:00,139.0875,118.91906771942871
2026-04-30 18:00:00+00:00,178.62,152.5714420363228
2026-04-30 19:00:00+00:00,145.84,155.2884528913983
2026-04-30 20:00:00+00:00,118.92,120.5512321634712
2026-04-30 21:00:00+00:00,109.6075,105.29099871674401
2026-04-30 22:00:00+00:00,107.2275,95.71089874225048
2026-04-30 23:00:00+00:00,103.085,96.32089655880256
2026-05-01 00:00:00+00:00,101.385,95.9962975897647
2026-05-01 01:00:00+00:00,99.245,96.53255781172858
2026-05-01 02:00:00+00:00,97.98,95.19051160999264
2026-05-01 03:00:00+00:00,97.495,97.82573878280047
2026-05-01 04:00:00+00:00,103.7675,101.25733295677243
2026-05-01 05:00:00+00:00,80.34,95.69363517823358
2026-05-01 06:00:00+00:00,35.3325,58.3603609729246
2026-05-01 07:00:00+00:00,-0.0275,12.199041124267879
2026-05-01 08:00:00+00:00,-21.18,-4.411220506157816
2026-05-01 09:00:00+00:00,-108.6175,-43.79693568073159
2026-05-01 10:00:00+00:00,-318.58,-136.91205
2026-05-01 11:00:00+00:00,-499.0,-339.44589999999965
2026-05-01 12:00:00+00:00,-474.9675,-366.93759999999986
2026-05-01 13:00:00+00:00,-205.8775,-366.6542499999999
2026-05-01 14:00:00+00:00,-26.2475,-325.0867499999998
2026-05-01 15:00:00+00:00,5.555,-12.833067759783702
2026-05-01 16:00:00+00:00,92.53,34.86111928116288
2026-05-01 17:00:00+00:00,154.19,120.34834390748678
2026-05-01 18:00:00+00:00,173.325,176.0195722509943
2026-05-01 19:00:00+00:00,142.95,150.65293829126634
2026-05-01 20:00:00+00:00,113.2225,119.94838666951195
2026-05-01 21:00:00+00:00,96.9825,95.0271777159175
2026-05-01 22:00:00+00:00,117.425,82.85162825170293
2026-05-01 23:00:00+00:00,103.7125,101.05547506284
2026-05-02 00:00:00+00:00,99.4775,95.35544083619004
2026-05-02 01:00:00+00:00,93.335,94.4342585608828
2026-05-02 02:00:00+00:00,93.545,86.82022644326565
2026-05-02 03:00:00+00:00,93.6975,89.24916397097772
2026-05-02 04:00:00+00:00,91.78,91.10704734488822
2026-05-02 05:00:00+00:00,78.0125,76.09614028814538
2026-05-02 06:00:00+00:00,18.27,50.46670000602872
2026-05-02 07:00:00+00:00,1.27,11.442843388792232
2026-05-02 08:00:00+00:00,-2.3875,-3.60495949459796
2026-05-02 09:00:00+00:00,-21.9125,-18.47672145292413
2026-05-02 10:00:00+00:00,-83.6075,-53.366373617923706
2026-05-02 11:00:00+00:00,-130.0275,-106.58176066558441
2026-05-02 12:00:00+00:00,-86.8425,-127.60067727272727
2026-05-02 13:00:00+00:00,-14.0375,-82.83274727272726
2026-05-02 14:00:00+00:00,0.0325,-2.138231886476097
2026-05-02 15:00:00+00:00,54.945,10.947041445248967
2026-05-02 16:00:00+00:00,127.14,82.51300141704161
2026-05-02 17:00:00+00:00,165.0,144.3122060735601
2026-05-02 18:00:00+00:00,195.45,183.08116326538652
2026-05-02 19:00:00+00:00,154.32,150.0387997395939
2026-05-02 20:00:00+00:00,139.96,132.6344616700999
2026-05-02 21:00:00+00:00,123.865,114.45395780800501
2026-05-02 22:00:00+00:00,121.195,106.38929879935436
2026-05-02 23:00:00+00:00,116.0325,103.02448295904964
2026-05-03 00:00:00+00:00,110.1625,107.7717233261531
2026-05-03 01:00:00+00:00,108.4775,102.07134323568823
2026-05-03 02:00:00+00:00,106.2925,100.3535228935124
2026-05-03 03:00:00+00:00,107.0725,98.86930202179268
2026-05-03 04:00:00+00:00,101.7,100.9067760509465
2026-05-03 05:00:00+00:00,85.3375,94.41604254989295
2026-05-03 06:00:00+00:00,71.7375,60.0902478615994
2026-05-03 07:00:00+00:00,32.6575,39.69847988927743
2026-05-03 08:00:00+00:00,1.2875,14.324834551237162
2026-05-03 09:00:00+00:00,-1.4275,-1.8576640011355678
2026-05-03 10:00:00+00:00,-6.79,-19.562871765714863
2026-05-03 11:00:00+00:00,-14.435,-21.734777692300202
2026-05-03 12:00:00+00:00,-10.8825,-29.748879939176387
2026-05-03 13:00:00+00:00,-3.9675,-7.729944010428658
2026-05-03 14:00:00+00:00,9.1325,5.125469156893514
2026-05-03 15:00:00+00:00,80.7075,27.702557077202787
2026-05-03 16:00:00+00:00,120.5725,111.4438163240376
2026-05-03 17:00:00+00:00,134.795,134.98753528906911
2026-05-03 18:00:00+00:00,140.87,146.17593454196415
2026-05-03 19:00:00+00:00,137.31,123.1579873421804
2026-05-03 20:00:00+00:00,130.3775,119.03324397901525
2026-05-03 21:00:00+00:00,121.115,115.51093292304235
2026-05-03 22:00:00+00:00,117.355,104.42964614723579
2026-05-03 23:00:00+00:00,108.41,104.71411616806971
2026-05-04 00:00:00+00:00,110.5575,101.2922020371224
2026-05-04 01:00:00+00:00,106.3475,104.01352231887314
2026-05-04 02:00:00+00:00,109.9075,102.12930214550019
2026-05-04 03:00:00+00:00,128.8825,116.05684573704998
2026-05-04 04:00:00+00:00,149.5475,150.0143719033842
2026-05-04 05:00:00+00:00,151.26749999999998,139.78302847764678
2026-05-04 06:00:00+00:00,134.6025,115.82704280324081
2026-05-04 07:00:00+00:00,113.625,106.52641134173027
2026-05-04 08:00:00+00:00,99.99,88.00662797023797
2026-05-04 09:00:00+00:00,93.095,83.8635642613997
2026-05-04 10:00:00+00:00,75.065,83.03695083202302
2026-05-04 11:00:00+00:00,69.4075,56.75657310430748
2026-05-04 12:00:00+00:00,81.0775,63.21899897422792
2026-05-04 13:00:00+00:00,94.0025,82.648000933445
2026-05-04 14:00:00+00:00,107.9675,97.30846059989682
2026-05-04 15:00:00+00:00,128.9925,112.21164937583342
2026-05-04 16:00:00+00:00,169.0,145.36056142286682
2026-05-04 17:00:00+00:00,245.03,194.36346643000033
2026-05-04 18:00:00+00:00,266.83500000000004,172.21675937499995
2026-05-04 19:00:00+00:00,194.3,188.99226266626772
2026-05-04 20:00:00+00:00,153.04500000000002,162.49148544629887
2026-05-04 21:00:00+00:00,137.2,130.02097059053133
2026-05-04 22:00:00+00:00,131.36,120.56350208782123
2026-05-04 23:00:00+00:00,126.2,117.24654967686182
2026-05-05 00:00:00+00:00,122.11,121.1518913479227
2026-05-05 01:00:00+00:00,122.045,119.06093744212896
2026-05-05 02:00:00+00:00,123.9,120.30905544057003
2026-05-05 03:00:00+00:00,133.9025,136.74975174696385
2026-05-05 04:00:00+00:00,160.1125,167.5387042407951
2026-05-05 05:00:00+00:00,160.765,164.26128242469565
2026-05-05 06:00:00+00:00,147.23250000000002,137.91360981931112
2026-05-05 07:00:00+00:00,129.61,121.12811978348861
2026-05-05 08:00:00+00:00,114.12,109.25362745079214
2026-05-05 09:00:00+00:00,108.2575,97.99054607528792
2026-05-05 10:00:00+00:00,99.0925,96.12654197034838
2026-05-05 11:00:00+00:00,98.055,92.2730033879675
2026-05-05 12:00:00+00:00,97.745,93.91590992419351
2026-05-05 13:00:00+00:00,105.99,102.00233598253675
2026-05-05 14:00:00+00:00,111.9775,109.84998787450631
2026-05-05 15:00:00+00:00,128.67000000000002,128.78484415344656
2026-05-05 16:00:00+00:00,145.7625,149.44791485701379
2026-05-05 17:00:00+00:00,163.685,170.72836243012318
2026-05-05 18:00:00+00:00,163.9025,167.12095893874368
2026-05-05 19:00:00+00:00,146.9975,143.1924989981838
2026-05-05 20:00:00+00:00,132.745,129.7986424441436
2026-05-05 21:00:00+00:00,115.2925,123.37995794542671
2026-05-05 22:00:00+00:00,120.035,107.74709830343072
2026-05-05 23:00:00+00:00,114.23,111.93915667745631
2026-05-06 00:00:00+00:00,113.165,110.36563385027922
2026-05-06 01:00:00+00:00,112.995,109.93135704333815
2026-05-06 02:00:00+00:00,113.34,111.12251527835677
2026-05-06 03:00:00+00:00,118.225,116.03430962414276
2026-05-06 04:00:00+00:00,131.14,128.1189477093955
2026-05-06 05:00:00+00:00,142.45,133.55083470253012
2026-05-06 06:00:00+00:00,141.55,124.04337459274375
2026-05-06 07:00:00+00:00,121.305,116.63710215067924
2026-05-06 08:00:00+00:00,108.8,102.9839959839269
2026-05-06 09:00:00+00:00,104.12,95.64257360351412
2026-05-06 10:00:00+00:00,100.0925,94.58318534067415
2026-05-06 11:00:00+00:00,89.34,91.60774530792696
2026-05-06 12:00:00+00:00,91.33,88.51164036562652
2026-05-06 13:00:00+00:00,103.125,91.86103588259803
2026-05-06 14:00:00+00:00,112.6625,104.01998254616473
2026-05-06 15:00:00+00:00,125.0525,124.12739624693982
2026-05-06 16:00:00+00:00,137.91,131.98198365867668
2026-05-06 17:00:00+00:00,154.605,148.8796014668719
2026-05-06 18:00:00+00:00,156.915,149.4304212941898
2026-05-06 19:00:00+00:00,154.61,138.25846733421122
2026-05-06 20:00:00+00:00,143.4125,133.86822548047382
2026-05-06 21:00:00+00:00,128.26,126.09775284126586
2026-05-06 22:00:00+00:00,125.1525,118.47195416493028
2026-05-06 23:00:00+00:00,116.485,115.52436105117138
2026-05-07 00:00:00+00:00,115.2575,112.5766471220964
2026-05-07 01:00:00+00:00,116.49,110.60502274508067
2026-05-07 02:00:00+00:00,119.1375,113.81647244532822
2026-05-07 03:00:00+00:00,126.875,121.92065363221712
2026-05-07 04:00:00+00:00,151.0,139.15799626792557
2026-05-07 05:00:00+00:00,167.29250000000002,155.7467833386156
2026-05-07 06:00:00+00:00,155.5925,151.17439744188482
2026-05-07 07:00:00+00:00,136.41,129.14747431661687
2026-05-07 08:00:00+00:00,120.1325,116.20636491099118
2026-05-07 09:00:00+00:00,113.525,106.44914399102252
2026-05-07 10:00:00+00:00,103.9225,103.01650521251237
2026-05-07 11:00:00+00:00,101.915,97.60342412179918
2026-05-07 12:00:00+00:00,101.73,96.87642325653414
2026-05-07 13:00:00+00:00,107.445,101.5763492025139
2026-05-07 14:00:00+00:00,117.9975,106.29482778048751
2026-05-07 15:00:00+00:00,132.56,130.6233945026548
2026-05-07 16:00:00+00:00,148.70499999999998,159.7097173377305
2026-05-07 17:00:00+00:00,185.655,162.78575631055935
2026-05-07 18:00:00+00:00,221.4775,200.61470602762077
2026-05-07 19:00:00+00:00,182.715,167.18842876156003
2026-05-07 20:00:00+00:00,154.435,161.9820746455421
2026-05-07 21:00:00+00:00,142.7575,135.8457080180262
2026-05-07 22:00:00+00:00,130.3425,129.4546902968327
2026-05-07 23:00:00+00:00,120.66,119.8518494974439
2026-05-08 00:00:00+00:00,118.215,117.61330278385834
2026-05-08 01:00:00+00:00,116.9775,117.86604846668338
2026-05-08 02:00:00+00:00,118.565,118.46407334707969
2026-05-08 03:00:00+00:00,126.185,130.9820492832672
2026-05-08 04:00:00+00:00,143.6,146.03468082911783
2026-05-08 05:00:00+00:00,147.0275,142.25393268031564
2026-05-08 06:00:00+00:00,137.4,124.13927628091064
2026-05-08 07:00:00+00:00,115.2475,116.44589085348218
2026-05-08 08:00:00+00:00,97.7475,98.81198849798983
2026-05-08 09:00:00+00:00,75.81,85.80599195121678
2026-05-08 10:00:00+00:00,65.37,52.12931131483817
2026-05-08 11:00:00+00:00,58.7075,45.04986447893497
2026-05-08 12:00:00+00:00,64.34,44.95006116493352
2026-05-08 13:00:00+00:00,81.8925,56.90095639890807
2026-05-08 14:00:00+00:00,94.0625,93.03666762833551
2026-05-08 15:00:00+00:00,109.5,103.57678527214776
2026-05-08 16:00:00+00:00,127.815,119.90513908584786
2026-05-08 17:00:00+00:00,143.54250000000002,147.62119157174445
2026-05-08 18:00:00+00:00,152.9775,159.59659904464885
2026-05-08 19:00:00+00:00,138.9,139.01819818822673
2026-05-08 20:00:00+00:00,127.5025,128.1584475001741
2026-05-08 21:00:00+00:00,119.14,116.16036242231387
2026-05-08 22:00:00+00:00,127.6925,111.34047148974636
2026-05-08 23:00:00+00:00,123.4075,116.82782555663348
2026-05-09 00:00:00+00:00,123.48,118.22832960414438
2026-05-09 01:00:00+00:00,124.3525,118.06293100755666
2026-05-09 02:00:00+00:00,125.7375,120.21459714037441
2026-05-09 03:00:00+00:00,126.4525,127.19915283051739
2026-05-09 04:00:00+00:00,127.5225,127.81432500990259
2026-05-09 05:00:00+00:00,118.67,123.48641746742656
2026-05-09 06:00:00+00:00,107.6725,109.48422320955069
2026-05-09 07:00:00+00:00,68.3075,87.31823873534708
2026-05-09 08:00:00+00:00,9.9275,33.46764133394383
2026-05-09 09:00:00+00:00,-0.015,4.897211808998475
2026-05-09 10:00:00+00:00,-0.0625,-2.7367428800384817
2026-05-09 11:00:00+00:00,-0.09,-3.0746867571495193
2026-05-09 12:00:00+00:00,-0.0125,-3.2389274273127553
2026-05-09 13:00:00+00:00,0.0025,5.1958449440311085
2026-05-09 14:00:00+00:00,27.715000000000003,7.086082174534952
2026-05-09 15:00:00+00:00,93.69,62.67212592984637
2026-05-09 16:00:00+00:00,123.19,110.66195577847384
2026-05-09 17:00:00+00:00,138.5075,138.1393694691192
2026-05-09 18:00:00+00:00,146.965,164.97912669110576
2026-05-09 19:00:00+00:00,143.485,132.10844122313733
2026-05-09 20:00:00+00:00,136.3,129.98286989077667
2026-05-09 21:00:00+00:00,127.0875,121.95494274155705
2026-05-09 22:00:00+00:00,128.0925,115.476793561656
2026-05-09 23:00:00+00:00,125.4475,116.2660752941826
2026-05-10 00:00:00+00:00,125.4325,119.3068800754653
2026-05-10 01:00:00+00:00,123.4825,119.87465396854748
2026-05-10 02:00:00+00:00,124.1975,119.31502985322479
2026-05-10 03:00:00+00:00,123.94,124.14461289340865
2026-05-10 04:00:00+00:00,115.14,124.07899859979157
2026-05-10 05:00:00+00:00,101.1675,111.30781066063804
2026-05-10 06:00:00+00:00,70.835,81.33947869951368
2026-05-10 07:00:00+00:00,11.18,40.396914192682345
2026-05-10 08:00:00+00:00,0.0025,5.959474259364726
2026-05-10 09:00:00+00:00,-0.6699999999999999,-3.2604096405916527
2026-05-10 10:00:00+00:00,-1.88,-15.601751029488257
2026-05-10 11:00:00+00:00,-2.165,-14.746721965246762
2026-05-10 12:00:00+00:00,-1.4,-12.182881169608136
2026-05-10 13:00:00+00:00,-0.255,3.579010657149817
2026-05-10 14:00:00+00:00,1.8825,5.065231296540886
2026-05-10 15:00:00+00:00,71.005,24.448483524157755
2026-05-10 16:00:00+00:00,110.9425,89.85134776192797
2026-05-10 17:00:00+00:00,122.0,128.59524239110246
2026-05-10 18:00:00+00:00,129.3175,123.8855950199976
2026-05-10 19:00:00+00:00,128.515,119.32133925495125
2026-05-10 20:00:00+00:00,124.14,118.35613240984603
2026-05-10 21:00:00+00:00,119.8375,113.60465004016163
2026-05-10 22:00:00+00:00,118.785,111.63383186757508
2026-05-10 23:00:00+00:00,112.335,111.48920009556878
2026-05-11 00:00:00+00:00,110.4275,112.29576026335535
2026-05-11 01:00:00+00:00,112.6575,108.29975288503557
2026-05-11 02:00:00+00:00,113.0925,111.69358321286816
2026-05-11 03:00:00+00:00,122.1375,117.60644769692543
2026-05-11 04:00:00+00:00,136.475,134.12907706568544
2026-05-11 05:00:00+00:00,154.0475,149.93058033761383
2026-05-11 06:00:00+00:00,150.0125,130.9221827524404
2026-05-11 07:00:00+00:00,136.79999999999998,121.4147313661103
2026-05-11 08:00:00+00:00,126.3075,113.91236390942834
2026-05-11 09:00:00+00:00,113.4325,103.80238239308686
2026-05-11 10:00:00+00:00,105.485,88.98467446444204
2026-05-11 11:00:00+00:00,98.78,79.60255801847433
2026-05-11 12:00:00+00:00,95.98,88.9442854423856
2026-05-11 13:00:00+00:00,96.2,90.72281453069037
2026-05-11 14:00:00+00:00,100.49,94.3682983682947
2026-05-11 15:00:00+00:00,116.3025,99.68446165024099
2026-05-11 16:00:00+00:00,122.98,120.36224398473209
2026-05-11 17:00:00+00:00,130.7175,127.93893108263593
2026-05-11 18:00:00+00:00,131.12,132.2750426815429
2026-05-11 19:00:00+00:00,127.8725,120.40341663803325
2026-05-11 20:00:00+00:00,120.765,111.58141649599645
2026-05-11 21:00:00+00:00,108.9525,103.59133994785556
2026-05-11 22:00:00+00:00,99.065,93.84291364775788
2026-05-11 23:00:00+00:00,95.275,88.0296840253092
2026-05-12 00:00:00+00:00,91.73,89.87059982237047
2026-05-12 01:00:00+00:00,89.8975,86.28060791461411
2026-05-12 02:00:00+00:00,91.375,85.18239047438563
2026-05-12 03:00:00+00:00,94.0025,92.54628039548807
2026-05-12 04:00:00+00:00,111.2625,100.49315932271206
2026-05-12 05:00:00+00:00,122.575,104.70558802354012
2026-05-12 06:00:00+00:00,112.145,104.56406223224654
2026-05-12 07:00:00+00:00,94.075,89.67494716545494
2026-05-12 08:00:00+00:00,79.5575,78.98408111128683
2026-05-12 09:00:00+00:00,63.535,60.37096663450951
2026-05-12 10:00:00+00:00,45.91,39.77663147647142
2026-05-12 11:00:00+00:00,27.33,24.329264576109246
2026-05-12 12:00:00+00:00,19.9725,14.01019457259384
2026-05-12 13:00:00+00:00,44.760000000000005,15.123547100170573
2026-05-12 14:00:00+00:00,74.405,38.46347233202912
2026-05-12 15:00:00+00:00,96.0,72.59930886666758
2026-05-12 16:00:00+00:00,114.88,104.63856705461868
2026-05-12 17:00:00+00:00,136.2775,126.65767656322264
2026-05-12 18:00:00+00:00,142.985,144.56850516637962
2026-05-12 19:00:00+00:00,142.7425,129.10611342412128
2026-05-12 20:00:00+00:00,131.225,127.05752722624844
2026-05-12 21:00:00+00:00,118.345,117.10251887567419
2026-05-12 22:00:00+00:00,114.33,104.09671301690094
2026-05-12 23:00:00+00:00,106.2175,101.3570583781975
2026-05-13 00:00:00+00:00,104.3575,98.63952169004843
2026-05-13 01:00:00+00:00,107.435,98.43380045673658
2026-05-13 02:00:00+00:00,111.195,100.37318178268023
2026-05-13 03:00:00+00:00,120.0,109.63089083113142
2026-05-13 04:00:00+00:00,137.1825,123.38561985856353
2026-05-13 05:00:00+00:00,141.1225,137.05167551294585
2026-05-13 06:00:00+00:00,126.7,118.19437927232936
2026-05-13 07:00:00+00:00,102.525,104.9390175918479
2026-05-13 08:00:00+00:00,86.44,87.06461700908852
2026-05-13 09:00:00+00:00,83.7775,71.79281380205757
2026-05-13 10:00:00+00:00,74.10249999999999,69.68777352414322
2026-05-13 11:00:00+00:00,71.77250000000001,45.44634423196616
2026-05-13 12:00:00+00:00,70.2025,46.6452869369713
2026-05-13 13:00:00+00:00,82.2675,57.240645310726904
2026-05-13 14:00:00+00:00,92.375,88.22480811615144
2026-05-13 15:00:00+00:00,112.6025,99.06536197231168
2026-05-13 16:00:00+00:00,132.355,117.61077104216928
2026-05-13 17:00:00+00:00,151.4925,143.01163711185606
2026-05-13 18:00:00+00:00,171.26749999999998,151.48330157762553
2026-05-13 19:00:00+00:00,160.04500000000002,150.53911696195522
2026-05-13 20:00:00+00:00,142.20499999999998,138.85642561199157
2026-05-13 21:00:00+00:00,123.095,127.64926689971047
2026-05-13 22:00:00+00:00,130.54,111.61196367738823
2026-05-13 23:00:00+00:00,121.75,117.47107770802569
2026-05-14 00:00:00+00:00,119.225,113.65743352375543
2026-05-14 01:00:00+00:00,115.6375,113.65419591807763
2026-05-14 02:00:00+00:00,112.9175,111.27134922858379
2026-05-14 03:00:00+00:00,112.045,113.85137781127821
2026-05-14 04:00:00+00:00,111.405,112.72300355889456
2026-05-14 05:00:00+00:00,108.09,104.47857871574993
2026-05-14 06:00:00+00:00,99.2575,93.82112465665726
2026-05-14 07:00:00+00:00,85.15,83.60140766331149
2026-05-14 08:00:00+00:00,58.6425,71.05325450870056
2026-05-14 09:00:00+00:00,35.5675,35.76470157072085
2026-05-14 10:00:00+00:00,16.055,13.260146185434412
2026-05-14 11:00:00+00:00,7.5525,10.609553335235816
2026-05-14 12:00:00+00:00,4.6025,1.7910908344075214
2026-05-14 13:00:00+00:00,17.8475,23.54663879887452
2026-05-14 14:00:00+00:00,66.9125,21.81592427960774
2026-05-14 15:00:00+00:00,94.76,57.34873377129844
2026-05-14 16:00:00+00:00,126.0,108.01227072062626
2026-05-14 17:00:00+00:00,142.5825,137.82017674835524
2026-05-14 18:00:00+00:00,150.4475,154.77550887457903
2026-05-14 19:00:00+00:00,152.2025,132.97095393363486
2026-05-14 20:00:00+00:00,150.91,135.1256897883172
2026-05-14 21:00:00+00:00,136.32,130.13452749922516
2026-05-14 22:00:00+00:00,137.9725,122.96883906508097
2026-05-14 23:00:00+00:00,131.3725,124.90483829145369
2026-05-15 00:00:00+00:00,126.3125,127.49296848139711
2026-05-15 01:00:00+00:00,121.9375,119.21564409003685
2026-05-15 02:00:00+00:00,123.7125,116.1121634902627
2026-05-15 03:00:00+00:00,127.16,124.44312209177316
2026-05-15 04:00:00+00:00,136.1,131.1604250064923
2026-05-15 05:00:00+00:00,132.515,126.430338045459
2026-05-15 06:00:00+00:00,123.995,116.32624228688319
2026-05-15 07:00:00+00:00,104.54,100.34401494730608
2026-05-15 08:00:00+00:00,81.7825,78.0145442833599
2026-05-15 09:00:00+00:00,66.8175,60.472334014808624
2026-05-15 10:00:00+00:00,54.3025,35.83092080708008
2026-05-15 11:00:00+00:00,40.3225,31.79999131494584
2026-05-15 12:00:00+00:00,40.1475,24.461356770017606
2026-05-15 13:00:00+00:00,51.0025,35.75595669373484
2026-05-15 14:00:00+00:00,77.32,46.16171496468925
2026-05-15 15:00:00+00:00,105.0475,72.32940650920808
2026-05-15 16:00:00+00:00,125.0425,108.96262828833007
2026-05-15 17:00:00+00:00,143.31,130.96175896531952
2026-05-15 18:00:00+00:00,153.455,146.92083377484428
2026-05-15 19:00:00+00:00,151.14499999999998,137.1875489654484
2026-05-15 20:00:00+00:00,144.685,131.7197934865715
2026-05-15 21:00:00+00:00,135.5125,128.80757443256448
2026-05-15 22:00:00+00:00,130.0,120.43057828676807
2026-05-15 23:00:00+00:00,121.7875,116.36521742569994
2026-05-16 00:00:00+00:00,117.5625,115.42519321098892
2026-05-16 01:00:00+00:00,116.0025,113.85865819342317
2026-05-16 02:00:00+00:00,114.02,111.13504396959237
2026-05-16 03:00:00+00:00,109.3425,112.20901713011246
2026-05-16 04:00:00+00:00,105.7075,102.98500725529414
2026-05-16 05:00:00+00:00,100.045,96.77779286081613
2026-05-16 06:00:00+00:00,86.9525,84.13177529962157
2026-05-16 07:00:00+00:00,43.9525,63.243118899236926
2026-05-16 08:00:00+00:00,4.2025,18.925804347970132
2026-05-16 09:00:00+00:00,-0.03,0.32309506761358286
2026-05-16 10:00:00+00:00,-1.195,-3.033855332886341
2026-05-16 11:00:00+00:00,-2.2,-12.753068518996821
2026-05-16 12:00:00+00:00,-1.9325,-8.890506054439971
2026-05-16 13:00:00+00:00,-0.9975,-1.5718623827763174
2026-05-16 14:00:00+00:00,4.779999999999999,1.9205345714851387
2026-05-16 15:00:00+00:00,60.0925,25.302816703873436
2026-05-16 16:00:00+00:00,100.2225,59.178820800121166
2026-05-16 17:00:00+00:00,126.47,111.50689951572589
2026-05-16 18:00:00+00:00,139.9975,127.73079395580146
2026-05-16 19:00:00+00:00,140.6875,130.27416202996557
2026-05-16 20:00:00+00:00,135.99,128.76772873336245
2026-05-16 21:00:00+00:00,127.7,120.81846260614655
2026-05-16 22:00:00+00:00,127.7175,116.5192675100273
2026-05-16 23:00:00+00:00,119.0625,115.45982589374809
2026-05-17 00:00:00+00:00,115.565,113.5904967072941
2026-05-17 01:00:00+00:00,113.8975,110.48969028058642
2026-05-17 02:00:00+00:00,109.17,108.63027775549327
2026-05-17 03:00:00+00:00,105.445,107.76272679307633
2026-05-17 04:00:00+00:00,98.7925,104.29829455505023
2026-05-17 05:00:00+00:00,80.795,83.63526576625743
2026-05-17 06:00:00+00:00,53.8425,60.062955393487044
2026-05-17 07:00:00+00:00,18.97,24.123276369469195
2026-05-17 08:00:00+00:00,3.49,9.10290386321698
2026-05-17 09:00:00+00:00,0.56,-0.07014221338577385
2026-05-17 10:00:00+00:00,0.8225,-2.759582828402594
2026-05-17 11:00:00+00:00,0.0,-2.2372531909138926
2026-05-17 12:00:00+00:00,0.98,-2.9855551900644794
2026-05-17 13:00:00+00:00,11.31,10.842845198325813
2026-05-17 14:00:00+00:00,52.4375,18.282797377672757
2026-05-17 15:00:00+00:00,100.315,75.58049037460032
2026-05-17 16:00:00+00:00,129.3875,108.53639944329078
2026-05-17 17:00:00+00:00,143.0675,135.5399710608879
2026-05-17 18:00:00+00:00,155.8,159.02455223319873
2026-05-17 19:00:00+00:00,156.70499999999998,140.87447737136014
2026-05-17 20:00:00+00:00,151.3675,140.1978905119002
2026-05-17 21:00:00+00:00,142.575,130.08897757563003
2026-05-17 22:00:00+00:00,134.6575,127.49394679829969
2026-05-17 23:00:00+00:00,125.9725,121.4347109115363
2026-05-18 00:00:00+00:00,125.9975,119.22064303533904
2026-05-18 01:00:00+00:00,126.3925,119.65187885774692
2026-05-18 02:00:00+00:00,129.36,119.674946489148
2026-05-18 03:00:00+00:00,137.0225,127.84818845634463
2026-05-18 04:00:00+00:00,152.51749999999998,144.55205663370504
2026-05-18 05:00:00+00:00,160.075,129.03719780973444
2026-05-18 06:00:00+00:00,152.105,131.97212326958666
2026-05-18 07:00:00+00:00,125.88,115.76832225110705
2026-05-18 08:00:00+00:00,107.85,100.9709167383865
2026-05-18 09:00:00+00:00,100.0525,86.97915725999033
2026-05-18 10:00:00+00:00,94.895,83.7468553911182
2026-05-18 11:00:00+00:00,94.9775,83.71461628801443
2026-05-18 12:00:00+00:00,96.77,88.39300309951618
2026-05-18 13:00:00+00:00,102.405,93.60084635373583
2026-05-18 14:00:00+00:00,113.965,101.73193975545468
2026-05-18 15:00:00+00:00,134.065,112.92700045429007
2026-05-18 16:00:00+00:00,152.1375,162.0742307895573
2026-05-18 17:00:00+00:00,192.8525,161.34776891815613
2026-05-18 18:00:00+00:00,250.8975,202.9619003640877
2026-05-18 19:00:00+00:00,214.3375,189.2806205609192
2026-05-18 20:00:00+00:00,160.6475,157.01374050204893
2026-05-18 21:00:00+00:00,148.89499999999998,138.4275627572831
2026-05-18 22:00:00+00:00,148.2525,131.0836482625352
2026-05-18 23:00:00+00:00,141.9425,130.97212061418173
2026-05-19 00:00:00+00:00,139.3225,140.0838612075842
2026-05-19 01:00:00+00:00,138.54000000000002,139.14919392138265
2026-05-19 02:00:00+00:00,141.5675,138.87659482916914
2026-05-19 03:00:00+00:00,146.92000000000002,151.49204772582695
2026-05-19 04:00:00+00:00,164.46,161.5942448096604
2026-05-19 05:00:00+00:00,153.7725,153.34837486686695
2026-05-19 06:00:00+00:00,131.855,126.65004344971084
2026-05-19 07:00:00+00:00,108.7425,112.44754932754759
2026-05-19 08:00:00+00:00,94.265,91.07016501643285
2026-05-19 09:00:00+00:00,82.08500000000001,81.1634396874419
2026-05-19 10:00:00+00:00,73.145,61.47589046264192
2026-05-19 11:00:00+00:00,73.7375,45.07089921449179
2026-05-19 12:00:00+00:00,79.81,47.669215325023494
2026-05-19 13:00:00+00:00,87.57,80.89263481484147
2026-05-19 14:00:00+00:00,102.25,95.61909696855388
2026-05-19 15:00:00+00:00,127.2925,109.26515894902559
2026-05-19 16:00:00+00:00,144.95,138.52267181581266
2026-05-19 17:00:00+00:00,172.485,162.29156304588756
2026-05-19 18:00:00+00:00,180.9025,190.42330504323635
2026-05-19 19:00:00+00:00,163.63,158.5500129236625
2026-05-19 20:00:00+00:00,145.545,141.82189035176242
2026-05-19 21:00:00+00:00,131.8025,130.51423225549968
2026-05-19 22:00:00+00:00,123.73,122.24994781666294
2026-05-19 23:00:00+00:00,114.635,114.58826613843421
2026-05-20 00:00:00+00:00,109.7525,113.65760277832509
2026-05-20 01:00:00+00:00,109.9725,110.43446623032033
2026-05-20 02:00:00+00:00,110.41,111.04029630344506
2026-05-20 03:00:00+00:00,119.05,113.35478148766937
2026-05-20 04:00:00+00:00,134.9875,129.91994697622755
2026-05-20 05:00:00+00:00,136.975,142.4008283960052
2026-05-20 06:00:00+00:00,125.5125,122.90555076560206
2026-05-20 07:00:00+00:00,109.06,105.88101923668799
2026-05-20 08:00:00+00:00,89.7,92.68537227206181
2026-05-20 09:00:00+00:00,75.46249999999999,77.83875042421357
2026-05-20 10:00:00+00:00,64.005,52.35447871240963
2026-05-20 11:00:00+00:00,44.9975,46.405348899264254
2026-05-20 12:00:00+00:00,33.5125,28.027986972288318
2026-05-20 13:00:00+00:00,45.66,23.452210256184895
2026-05-20 14:00:00+00:00,65.01,62.98636159743643
2026-05-20 15:00:00+00:00,99.3975,77.29749224956554
2026-05-20 16:00:00+00:00,130.2125,110.90600263656921
2026-05-20 17:00:00+00:00,149.5675,147.90940124172425
2026-05-20 18:00:00+00:00,167.9225,160.58727517606104
2026-05-20 19:00:00+00:00,165.0,152.17447530052908
2026-05-20 20:00:00+00:00,150.02,145.386427683223
2026-05-20 21:00:00+00:00,139.0025,131.2396719527618
2026-05-20 22:00:00+00:00,133.0275,126.06772859767396
2026-05-20 23:00:00+00:00,121.66,121.89330625405968
2026-05-21 00:00:00+00:00,116.0225,116.63028040990478
2026-05-21 01:00:00+00:00,113.55,112.69257887666345
2026-05-21 02:00:00+00:00,116.01,109.82707923650753
2026-05-21 03:00:00+00:00,128.405,121.00289666218227
2026-05-21 04:00:00+00:00,142.815,131.39530656094163
2026-05-21 05:00:00+00:00,143.6175,128.24654323736854
2026-05-21 06:00:00+00:00,131.3875,120.03740356065936
2026-05-21 07:00:00+00:00,104.14,109.78135574162705
2026-05-21 08:00:00+00:00,81.1975,84.66818660790658
2026-05-21 09:00:00+00:00,42.752500000000005,64.06697890422996
2026-05-21 10:00:00+00:00,12.1375,24.867689905487172
2026-05-21 11:00:00+00:00,7.369999999999999,7.535032521812204
2026-05-21 12:00:00+00:00,8.8125,4.062933169200648
2026-05-21 13:00:00+00:00,35.2,29.907270950249025
2026-05-21 14:00:00+00:00,71.7075,49.86582583391084
2026-05-21 15:00:00+00:00,104.995,87.60215003082659
2026-05-21 16:00:00+00:00,135.8875,120.35055237712538
2026-05-21 17:00:00+00:00,163.35500000000002,174.01632353958942
2026-05-21 18:00:00+00:00,204.695,188.20627337333505
2026-05-21 19:00:00+00:00,188.4175,180.85761486952194
2026-05-21 20:00:00+00:00,166.035,162.08623643021744
2026-05-21 21:00:00+00:00,146.39249999999998,145.36946495224353
2026-05-21 22:00:00+00:00,144.315,129.86064078996526
2026-05-21 23:00:00+00:00,136.9,128.8309271206865
2026-05-22 00:00:00+00:00,131.6375,137.47263647268343
2026-05-22 01:00:00+00:00,128.95000000000002,131.83442497544254
2026-05-22 02:00:00+00:00,131.4975,126.05307901993878
2026-05-22 03:00:00+00:00,135.7175,140.25395610195397
2026-05-22 04:00:00+00:00,144.35500000000002,156.231753778199
2026-05-22 05:00:00+00:00,138.1775,124.85392666935557
2026-05-22 06:00:00+00:00,123.135,117.19176513746137
2026-05-22 07:00:00+00:00,91.8825,101.8040556187174
2026-05-22 08:00:00+00:00,42.48,75.67649896747056
2026-05-22 09:00:00+00:00,3.94,18.06242229464779
2026-05-22 10:00:00+00:00,0.005,0.4786582331612855
2026-05-22 11:00:00+00:00,0.0,-1.4402145660240981
2026-05-22 12:00:00+00:00,1.0,-1.2441498579517296
2026-05-22 13:00:00+00:00,20.305,13.042083120362099
2026-05-22 14:00:00+00:00,70.24,36.86445312253441
2026-05-22 15:00:00+00:00,104.195,92.40344108542092
2026-05-22 16:00:00+00:00,134.95,127.17414168107125
2026-05-22 17:00:00+00:00,161.2225,187.99272005905706
2026-05-22 18:00:00+00:00,218.4275,204.68259357374964
2026-05-22 19:00:00+00:00,193.6625,182.05548700836906
2026-05-22 20:00:00+00:00,154.635,167.03098295792034
2026-05-22 21:00:00+00:00,140.735,135.41759731911597
2026-05-22 22:00:00+00:00,136.76,128.6673779909737
2026-05-22 23:00:00+00:00,130.0,125.31192747584082
2026-05-23 00:00:00+00:00,125.8675,123.84751324718474
2026-05-23 01:00:00+00:00,125.3675,123.73876743041889
2026-05-23 02:00:00+00:00,121.7325,121.61391435041847
2026-05-23 03:00:00+00:00,119.26,121.36094431018793
2026-05-23 04:00:00+00:00,116.3675,120.77413617683747
2026-05-23 05:00:00+00:00,97.085,112.79208052577764
2026-05-23 06:00:00+00:00,49.8625,77.28626258687005
2026-05-23 07:00:00+00:00,1.6,22.379682694805194
2026-05-23 08:00:00+00:00,-0.3325,-0.2875614278845025
2026-05-23 09:00:00+00:00,-3.9,-11.406088438794319
2026-05-23 10:00:00+00:00,-12.392499999999998,-15.333854177995544
2026-05-23 11:00:00+00:00,-31.8175,-31.038700472689097
2026-05-23 12:00:00+00:00,-18.42,-69.56478699246155
2026-05-23 13:00:00+00:00,-4.0,-11.89521811080152
2026-05-23 14:00:00+00:00,-0.2875,5.919640025674275
2026-05-23 15:00:00+00:00,44.4475,20.899890775402337
2026-05-23 16:00:00+00:00,120.7625,81.88228102082282
2026-05-23 17:00:00+00:00,149.6575,147.0608919754728
2026-05-23 18:00:00+00:00,174.52,174.64516879625083
2026-05-23 19:00:00+00:00,171.065,154.2046780871232
2026-05-23 20:00:00+00:00,156.915,148.86391119581464
2026-05-23 21:00:00+00:00,144.6525,138.88157560609088
2026-05-23 22:00:00+00:00,143.8025,128.90916053369105
2026-05-23 23:00:00+00:00,133.3775,128.37573188595795
2026-05-24 00:00:00+00:00,136.885,133.12302070234855
2026-05-24 01:00:00+00:00,125.44,135.69157156483087
2026-05-24 02:00:00+00:00,122.89,118.79678037632914
2026-05-24 03:00:00+00:00,117.7225,119.18436314532917
2026-05-24 04:00:00+00:00,108.795,118.43683020464316
2026-05-24 05:00:00+00:00,88.4625,99.6327380250535
2026-05-24 06:00:00+00:00,16.3675,66.5366637308886
2026-05-24 07:00:00+00:00,-0.0275,11.217030466108877
2026-05-24 08:00:00+00:00,-2.5025,-3.7901461705990442
2026-05-24 09:00:00+00:00,-13.8325,-18.373192838770557
2026-05-24 10:00:00+00:00,-37.6125,-31.299296915690544
2026-05-24 11:00:00+00:00,-75.9375,-99.80555390804604
2026-05-24 12:00:00+00:00,-61.7525,-123.25570124999999
2026-05-24 13:00:00+00:00,-23.4925,-100.68545333333329
2026-05-24 14:00:00+00:00,-1.9575,-12.305713129554102
2026-05-24 15:00:00+00:00,14.375,7.89358301855534
2026-05-24 16:00:00+00:00,96.3775,46.88145970550164
2026-05-24 17:00:00+00:00,133.2175,113.19883759475996
2026-05-24 18:00:00+00:00,151.0175,152.36130493899773
2026-05-24 19:00:00+00:00,153.2275,134.3227886463993
2026-05-24 20:00:00+00:00,144.42000000000002,136.08488939020677
2026-05-24 21:00:00+00:00,132.1,129.48470455265652
2026-05-24 22:00:00+00:00,130.8675,119.78903108449354
2026-05-24 23:00:00+00:00,125.9825,118.35263864842749
2026-05-25 00:00:00+00:00,125.24,123.22801335380267
2026-05-25 01:00:00+00:00,126.0125,122.78201549585953
2026-05-25 02:00:00+00:00,129.3125,122.9117411651562
2026-05-25 03:00:00+00:00,131.995,132.0232511854724
2026-05-25 04:00:00+00:00,130.195,143.4387187938925
2026-05-25 05:00:00+00:00,117.8775,120.42136736529605
2026-05-25 06:00:00+00:00,77.68,95.27341161338062
2026-05-25 07:00:00+00:00,5.0,50.028163862243545
2026-05-25 08:00:00+00:00,-0.1674999999999999,0.171487119688279
2026-05-25 09:00:00+00:00,-5.2625,-10.872335547498203
2026-05-25 10:00:00+00:00,-12.7125,-16.681517631266846
2026-05-25 11:00:00+00:00,-29.295,-31.013040017507027
2026-05-25 12:00:00+00:00,-27.1825,-49.10432505952376
2026-05-25 13:00:00+00:00,-10.05,-16.62094115160503
2026-05-25 14:00:00+00:00,-2.915,-3.8903454974033274
2026-05-25 15:00:00+00:00,31.95,5.474788235045599
2026-05-25 16:00:00+00:00,118.8225,72.42281587477478
2026-05-25 17:00:00+00:00,150.575,150.78177764813975
2026-05-25 18:00:00+00:00,172.185,167.124933730139
2026-05-25 19:00:00+00:00,170.25,151.66637404462415
2026-05-25 20:00:00+00:00,157.33249999999998,145.69622122706465
2026-05-25 21:00:00+00:00,141.025,136.6427708423058
2026-05-25 22:00:00+00:00,136.36,128.15204767784718
2026-05-25 23:00:00+00:00,125.6475,121.58195345191648
2026-05-26 00:00:00+00:00,120.645,122.87299088763662
2026-05-26 01:00:00+00:00,121.18,119.61007867550857
2026-05-26 02:00:00+00:00,119.53,120.95754716333653
2026-05-26 03:00:00+00:00,128.91,128.04144757589293
2026-05-26 04:00:00+00:00,143.105,139.69788478478023
2026-05-26 05:00:00+00:00,141.54,113.20012552731907
2026-05-26 06:00:00+00:00,122.045,107.8464029685423
2026-05-26 07:00:00+00:00,78.8,97.72387233356798
2026-05-26 08:00:00+00:00,6.52,49.06998675354034
2026-05-26 09:00:00+00:00,-0.0075,0.6231754672252123
2026-05-26 10:00:00+00:00,-1.825,-3.5078792860927064
2026-05-26 11:00:00+00:00,-2.5,-12.97266381011701
2026-05-26 12:00:00+00:00,-0.835,-9.70581214364062
2026-05-26 13:00:00+00:00,-0.015,3.843046500825722
2026-05-26 14:00:00+00:00,13.115,6.576608961780501
2026-05-26 15:00:00+00:00,89.685,41.03730705012704
2026-05-26 16:00:00+00:00,134.7875,114.59625108506788
2026-05-26 17:00:00+00:00,185.1025,176.33920471384852
2026-05-26 18:00:00+00:00,217.9475,204.05648977272713
2026-05-26 19:00:00+00:00,184.785,165.29407995528047
2026-05-26 20:00:00+00:00,153.775,155.74613245851847
2026-05-26 21:00:00+00:00,130.5325,129.3696082127106
2026-05-26 22:00:00+00:00,134.7875,117.32100121065915
2026-05-26 23:00:00+00:00,127.5175,120.56445358683334
2026-05-27 00:00:00+00:00,120.5425,117.91110756878777
2026-05-27 01:00:00+00:00,118.87,113.4814005297961
2026-05-27 02:00:00+00:00,119.0475,113.97088220971814
2026-05-27 03:00:00+00:00,121.235,120.89153213009658
2026-05-27 04:00:00+00:00,134.2,121.83402815910516
2026-05-27 05:00:00+00:00,131.1,111.62887880632981
2026-05-27 06:00:00+00:00,106.4525,107.60643512943643
2026-05-27 07:00:00+00:00,48.235,77.05951395283304
2026-05-27 08:00:00+00:00,3.425,20.91995411255412
2026-05-27 09:00:00+00:00,-0.27,-0.029188941788743338
2026-05-27 10:00:00+00:00,-1.05,-4.187814343221227
2026-05-27 11:00:00+00:00,-1.635,-7.767372481011311
2026-05-27 12:00:00+00:00,-1.645,-7.142307800617813
2026-05-27 13:00:00+00:00,-1.7025,3.1384430657781808
2026-05-27 14:00:00+00:00,-0.4225,4.8532251228307635
2026-05-27 15:00:00+00:00,32.2075,6.239166957334286
2026-05-27 16:00:00+00:00,97.8475,60.169965447520056
2026-05-27 17:00:00+00:00,136.51749999999998,113.04219873932007
2026-05-27 18:00:00+00:00,156.6775,157.26312531614445
2026-05-27 19:00:00+00:00,157.53,139.367086687815
2026-05-27 20:00:00+00:00,144.16,135.4366945044647
2026-05-27 21:00:00+00:00,133.45499999999998,125.18109862740599
2026-05-27 22:00:00+00:00,132.945,118.9283228589523
2026-05-27 23:00:00+00:00,129.5375,119.90680696908086
2026-05-28 00:00:00+00:00,127.2375,121.60209769259228
2026-05-28 01:00:00+00:00,127.3625,120.6295020307493
2026-05-28 02:00:00+00:00,130.09,120.62451346091791
2026-05-28 03:00:00+00:00,135.5025,130.46810581857252
2026-05-28 04:00:00+00:00,148.4525,146.1468076944114
2026-05-28 05:00:00+00:00,138.155,116.40153136940175
2026-05-28 06:00:00+00:00,123.4025,108.36275334326143
2026-05-28 07:00:00+00:00,87.5425,99.37961744695141
2026-05-28 08:00:00+00:00,19.3075,65.16902211477097
2026-05-28 09:00:00+00:00,0.5675,8.884068785051475
2026-05-28 10:00:00+00:00,0.0024999999999999,-1.5943300220680678
2026-05-28 11:00:00+00:00,-0.0125,-3.0821733599506844
2026-05-28 12:00:00+00:00,0.0,-3.012163992020285
2026-05-28 13:00:00+00:00,1.2975,5.528731013069237
2026-05-28 14:00:00+00:00,39.645,17.461479013295133
2026-05-28 15:00:00+00:00,101.2575,67.82503025653759
2026-05-28 16:00:00+00:00,138.25,109.1291943391887
2026-05-28 17:00:00+00:00,217.6025,187.39932999576283
2026-05-28 18:00:00+00:00,393.935,189.97007914682524
2026-05-28 19:00:00+00:00,368.0175,349.942774885554
2026-05-28 20:00:00+00:00,215.75,329.3086120445863
2026-05-28 21:00:00+00:00,159.7975,153.4469443371526
2026-05-28 22:00:00+00:00,144.4425,135.51482897773562
2026-05-28 23:00:00+00:00,133.9275,130.05853911653912
2026-05-29 00:00:00+00:00,127.975,135.87480634847853
2026-05-29 01:00:00+00:00,126.1925,128.88416615456407
2026-05-29 02:00:00+00:00,125.2775,127.87298230028482
2026-05-29 03:00:00+00:00,125.495,130.77642122655536
2026-05-29 04:00:00+00:00,131.885,136.25038281502003
2026-05-29 05:00:00+00:00,125.995,118.84898947732668
2026-05-29 06:00:00+00:00,113.565,106.95354360838348
2026-05-29 07:00:00+00:00,71.9075,83.6178157553059
2026-05-29 08:00:00+00:00,17.0275,36.02571776073428
2026-05-29 09:00:00+00:00,0.29,10.70184120929259
2026-05-29 10:00:00+00:00,-0.055,-1.8557211586012528
2026-05-29 11:00:00+00:00,-0.0349999999999999,-2.5827412539064567
2026-05-29 12:00:00+00:00,0.0,-2.4307303898966004
2026-05-29 13:00:00+00:00,9.41,5.811524114996574
2026-05-29 14:00:00+00:00,51.61,31.87949366802132
2026-05-29 15:00:00+00:00,103.4075,78.24855735071311
2026-05-29 16:00:00+00:00,136.985,121.71480362581433
2026-05-29 17:00:00+00:00,174.9475,185.08719468550618
2026-05-29 18:00:00+00:00,240.61,205.84024423076906
2026-05-29 19:00:00+00:00,201.405,202.16017333002023
2026-05-29 20:00:00+00:00,161.70000000000002,156.82584444441662
2026-05-29 21:00:00+00:00,145.1925,138.56892319736602
2026-05-29 22:00:00+00:00,135.515,128.8905292274003
2026-05-29 23:00:00+00:00,128.45,120.96631503049659
2026-05-30 00:00:00+00:00,123.7725,119.78450856840436
2026-05-30 01:00:00+00:00,121.085,118.35289186103596
2026-05-30 02:00:00+00:00,125.3575,115.48838312028256
2026-05-30 03:00:00+00:00,125.045,121.54085905500351
2026-05-30 04:00:00+00:00,118.9925,121.20301256418912
2026-05-30 05:00:00+00:00,109.095,115.86578661466669
2026-05-30 06:00:00+00:00,88.8675,85.77022362756934
2026-05-30 07:00:00+00:00,36.682500000000005,67.42220173245114
2026-05-30 08:00:00+00:00,2.96,12.406847637575268
2026-05-30 09:00:00+00:00,-0.005,0.3114023805593354
2026-05-30 10:00:00+00:00,-0.0525,-9.636255532360043
2026-05-30 11:00:00+00:00,-1.4425,-10.29998538698245
2026-05-30 12:00:00+00:00,-0.7475,-14.051087174913341
2026-05-30 13:00:00+00:00,-0.01,-0.42333709718871254
2026-05-30 14:00:00+00:00,3.0075,5.966848772882978
2026-05-30 15:00:00+00:00,62.5,21.145373129599683
2026-05-30 16:00:00+00:00,107.0075,70.89659278355184
2026-05-30 17:00:00+00:00,139.8725,129.1612570500269
2026-05-30 18:00:00+00:00,160.52499999999998,161.34371727987505
2026-05-30 19:00:00+00:00,171.845,143.7295358863277
2026-05-30 20:00:00+00:00,159.4025,147.32651884298448
2026-05-30 21:00:00+00:00,143.04000000000002,141.19723241950499
2026-05-30 22:00:00+00:00,136.4125,129.82600170036562
2026-05-30 23:00:00+00:00,129.10500000000002,122.24297655644631
2026-05-31 00:00:00+00:00,125.915,127.36616884083746
2026-05-31 01:00:00+00:00,125.1975,125.11594761279535
2026-05-31 02:00:00+00:00,126.95,124.07103259501217
2026-05-31 03:00:00+00:00,123.3575,127.71324438042802
2026-05-31 04:00:00+00:00,115.0025,121.65266177892961
2026-05-31 05:00:00+00:00,100.56,109.2774414115879
2026-05-31 06:00:00+00:00,90.4375,82.21661084238481
2026-05-31 07:00:00+00:00,56.29,72.93494484826891
2026-05-31 08:00:00+00:00,7.5675,28.40090635854342
2026-05-31 09:00:00+00:00,0.0,1.5339323855954947
2026-05-31 10:00:00+00:00,-0.005,-3.1428244081121535
2026-05-31 11:00:00+00:00,-0.01,-2.849520414378331
2026-05-31 12:00:00+00:00,-0.01,-2.630135053513424
2026-05-31 13:00:00+00:00,0.0,5.271962665108023
2026-05-31 14:00:00+00:00,49.002500000000005,11.559535733892544
2026-05-31 15:00:00+00:00,95.925,71.9259038165973
2026-05-31 16:00:00+00:00,127.265,105.41617498695288
2026-05-31 17:00:00+00:00,141.37,139.9857210225786
2026-05-31 18:00:00+00:00,152.7625,154.19284570466124
2026-05-31 19:00:00+00:00,156.035,138.5143657607964
2026-05-31 20:00:00+00:00,153.1275,140.30605198513697
2026-05-31 21:00:00+00:00,145.3475,135.1748471461853
2026-05-31 22:00:00+00:00,141.0075,129.7081773096818
2026-05-31 23:00:00+00:00,128.255,128.802760333328
2026-06-01 00:00:00+00:00,123.1375,123.29033463247784
2026-06-01 01:00:00+00:00,120.295,120.95836836304255
2026-06-01 02:00:00+00:00,124.4875,122.18559834365323
2026-06-01 03:00:00+00:00,135.0925,130.8940278390266
2026-06-01 04:00:00+00:00,164.03,149.7617137127412
2026-06-01 05:00:00+00:00,160.0,147.09294126786344
2026-06-01 06:00:00+00:00,151.715,133.87444852828605
2026-06-01 07:00:00+00:00,133.2,114.13706413579048
2026-06-01 08:00:00+00:00,117.66,105.74407046697537
2026-06-01 09:00:00+00:00,108.1425,98.68637891744915
2026-06-01 10:00:00+00:00,93.0825,85.08151579895399
2026-06-01 11:00:00+00:00,89.9075,78.26173104446148
2026-06-01 12:00:00+00:00,87.44749999999999,78.37645047400025
2026-06-01 13:00:00+00:00,95.0975,83.7309933800052
2026-06-01 14:00:00+00:00,106.735,92.60132225962867
2026-06-01 15:00:00+00:00,125.2425,105.8846920068341
2026-06-01 16:00:00+00:00,141.4575,135.46862100596886
2026-06-01 17:00:00+00:00,226.6125,177.77083214323716
2026-06-01 18:00:00+00:00,355.2525,195.72378683648446
2026-06-01 19:00:00+00:00,333.3675,223.5767468749999
2026-06-01 20:00:00+00:00,222.5025,215.80860271416068
2026-06-01 21:00:00+00:00,161.025,154.495080912468
2026-06-01 22:00:00+00:00,142.065,132.67945416521945
2026-06-01 23:00:00+00:00,131.7225,125.34916138725222
2026-06-02 00:00:00+00:00,125.085,127.98143060236656
2026-06-02 01:00:00+00:00,120.915,122.32115926408181
2026-06-02 02:00:00+00:00,120.6275,118.18567440073166
2026-06-02 03:00:00+00:00,124.215,123.9865179859817
2026-06-02 04:00:00+00:00,131.0275,128.75563806530758
2026-06-02 05:00:00+00:00,131.79500000000002,123.36496555294752
2026-06-02 06:00:00+00:00,121.0825,111.5645284379074
2026-06-02 07:00:00+00:00,105.41,105.41113843831978
2026-06-02 08:00:00+00:00,90.515,81.87895556930896
2026-06-02 09:00:00+00:00,84.69999999999999,75.70415112210068
2026-06-02 10:00:00+00:00,80.2925,64.58830969268534
2026-06-02 11:00:00+00:00,84.9575,62.04045175377422
2026-06-02 12:00:00+00:00,90.7825,76.38789279795017
2026-06-02 13:00:00+00:00,99.7375,85.75147529469744
2026-06-02 14:00:00+00:00,112.2475,101.04070878288314
2026-06-02 15:00:00+00:00,131.1375,132.1994615133917
2026-06-02 16:00:00+00:00,146.97750000000002,159.2139485354705
2026-06-02 17:00:00+00:00,167.9375,170.416266011723
2026-06-02 18:00:00+00:00,167.2725,197.0693718898591
2026-06-02 19:00:00+00:00,152.325,145.70528391734132
2026-06-02 20:00:00+00:00,140.435,134.40638718098248
2026-06-02 21:00:00+00:00,125.2375,125.5066634497768
2026-06-02 22:00:00+00:00,116.3,111.59588666482446
2026-06-02 23:00:00+00:00,111.895,107.55829878733518
2026-06-03 00:00:00+00:00,108.0175,108.53668075966763
2026-06-03 01:00:00+00:00,107.3,105.7224570253185
2026-06-03 02:00:00+00:00,107.19,105.9202985557257
2026-06-03 03:00:00+00:00,113.275,108.65345472553469
2026-06-03 04:00:00+00:00,130.7375,120.87544900919032
2026-06-03 05:00:00+00:00,136.82999999999998,128.77891676002994
2026-06-03 06:00:00+00:00,131.0775,119.45312933636426
2026-06-03 07:00:00+00:00,112.1475,110.10036018280807
2026-06-03 08:00:00+00:00,94.0925,91.2083010563563
2026-06-03 09:00:00+00:00,80.2475,79.40984562445522
2026-06-03 10:00:00+00:00,58.17,65.25545655487468
2026-06-03 11:00:00+00:00,37.8325,36.53045130544186
2026-06-03 12:00:00+00:00,38.0425,20.222777365902072
2026-06-03 13:00:00+00:00,47.1,27.31941773469993
2026-06-03 14:00:00+00:00,76.9,36.293434293520455
2026-06-03 15:00:00+00:00,95.5325,72.3491276407376
2026-06-03 16:00:00+00:00,122.1875,102.31193549634003
2026-06-03 17:00:00+00:00,138.3675,130.35480838813794
2026-06-03 18:00:00+00:00,146.2375,143.73889796454148
2026-06-03 19:00:00+00:00,133.42000000000002,130.45091232666763
2026-06-03 20:00:00+00:00,120.9525,114.68239575891727
2026-06-03 21:00:00+00:00,99.4075,102.05360683745882
2026-06-03 22:00:00+00:00,86.205,76.37829188165234
2026-06-03 23:00:00+00:00,75.4875,53.92818944740196
2026-06-04 00:00:00+00:00,66.92,51.421324142273185
2026-06-04 01:00:00+00:00,67.4725,44.53806693065117
2026-06-04 02:00:00+00:00,68.2925,47.513726000314385
2026-06-04 03:00:00+00:00,71.185,58.14350695797495
2026-06-04 04:00:00+00:00,73.97,56.22470909541831
2026-06-04 05:00:00+00:00,87.08,53.43101045590418
2026-06-04 06:00:00+00:00,75.62,69.5675593088988
2026-06-04 07:00:00+00:00,34.125,45.91414777375553
2026-06-04 08:00:00+00:00,4.79,13.187631544484924
2026-06-04 09:00:00+00:00,-0.0025,0.034339411415595586
2026-06-04 10:00:00+00:00,-0.025,-3.379111953276106
2026-06-04 11:00:00+00:00,-0.0475,-3.654823582184861
2026-06-04 12:00:00+00:00,-0.035,-3.257867514793134
2026-06-04 13:00:00+00:00,1.6175,3.1391119650372605
2026-06-04 14:00:00+00:00,28.6375,13.439824147313862
2026-06-04 15:00:00+00:00,70.1525,20.436593348157622
2026-06-04 16:00:00+00:00,101.5025,50.09107123266302
2026-06-04 17:00:00+00:00,114.165,99.44047323938433
2026-06-04 18:00:00+00:00,117.9625,114.6675866296807
2026-06-04 19:00:00+00:00,115.3725,104.31731814061239
2026-06-04 20:00:00+00:00,111.69,99.13986005107142
2026-06-04 21:00:00+00:00,100.05,91.89842596257684
2026-06-04 22:00:00+00:00,80.695,84.48965684830823
2026-06-04 23:00:00+00:00,79.44749999999999,58.772646594768695
2026-06-05 00:00:00+00:00,83.44749999999999,62.193438427609266
2026-06-05 01:00:00+00:00,85.025,74.31467202027373
2026-06-05 02:00:00+00:00,89.8325,76.94282576522447
2026-06-05 03:00:00+00:00,97.2575,90.09662549718914
2026-06-05 04:00:00+00:00,114.8975,99.3543707090781
2026-06-05 05:00:00+00:00,118.6175,113.44312802993349
2026-06-05 06:00:00+00:00,113.8175,104.56154423989372
2026-06-05 07:00:00+00:00,98.3,84.40970034470034
2026-06-05 08:00:00+00:00,86.115,74.86190355922353
2026-06-05 09:00:00+00:00,70.825,65.98536249759934
2026-06-05 10:00:00+00:00,45.205,42.7918416655269
2026-06-05 11:00:00+00:00,34.1775,22.558615283543496
2026-06-05 12:00:00+00:00,27.2,18.54832027816589
2026-06-05 13:00:00+00:00,38.01,18.360040731145695
2026-06-05 14:00:00+00:00,72.555,30.32740000069569
2026-06-05 15:00:00+00:00,104.2525,68.37228793400632
2026-06-05 16:00:00+00:00,128.9025,104.23048630414897
2026-06-05 17:00:00+00:00,150.4975,139.9579747183231
2026-06-05 18:00:00+00:00,179.0775,167.46457381581837
2026-06-05 19:00:00+00:00,189.355,157.52827923638733
2026-06-05 20:00:00+00:00,169.135,153.44809940215998
2026-06-05 21:00:00+00:00,152.06,136.34955386756943
2026-06-05 22:00:00+00:00,148.2425,131.00094351007445
2026-06-05 23:00:00+00:00,137.18,125.28240150093512
2026-06-06 00:00:00+00:00,134.79,141.07481701859982
2026-06-06 01:00:00+00:00,116.1675,140.14419909840413
2026-06-06 02:00:00+00:00,130.1825,117.08917144345922
2026-06-06 03:00:00+00:00,126.035,129.19327950253836
2026-06-06 04:00:00+00:00,117.69,124.76622214214895
2026-06-06 05:00:00+00:00,102.315,109.97958301194245
2026-06-06 06:00:00+00:00,81.0175,85.38219768261419
2026-06-06 07:00:00+00:00,50.0,64.2175568808132
2026-06-06 08:00:00+00:00,14.7425,23.654948409090913
2026-06-06 09:00:00+00:00,0.0325,8.21484714830246
2026-06-06 10:00:00+00:00,-0.03,-2.5093697748041577
2026-06-06 11:00:00+00:00,-0.025,-3.88813867238542
2026-06-06 12:00:00+00:00,0.0225,-3.5480079715610544
2026-06-06 13:00:00+00:00,9.51,6.21172079549479
2026-06-06 14:00:00+00:00,46.105,24.173988348255307
2026-06-06 15:00:00+00:00,93.2825,63.30486678746041
2026-06-06 16:00:00+00:00,121.7875,108.77745857822215
2026-06-06 17:00:00+00:00,133.85,136.95020715980527
2026-06-06 18:00:00+00:00,152.4325,151.37923629650234
2026-06-06 19:00:00+00:00,150.9225,139.0357819343097
2026-06-06 20:00:00+00:00,134.3275,129.7640761203956
2026-06-06 21:00:00+00:00,121.5425,119.45804940025172
2026-06-06 22:00:00+00:00,110.7,107.68083659640322
2026-06-06 23:00:00+00:00,99.5125,101.95205843559644
2026-06-07 00:00:00+00:00,92.2075,93.07309254235562
2026-06-07 01:00:00+00:00,81.41499999999999,86.06117258003412
2026-06-07 02:00:00+00:00,67.0125,73.29458441973196
2026-06-07 03:00:00+00:00,39.21,44.07689311156052
2026-06-07 04:00:00+00:00,5.0475,31.670365258306262
2026-06-07 05:00:00+00:00,0.46,6.008108513958425
2026-06-07 06:00:00+00:00,-0.5525,-0.3882279177456895
2026-06-07 07:00:00+00:00,-5.05,-5.3890305908510525
2026-06-07 08:00:00+00:00,-8.0,-15.452139707411133
2026-06-07 09:00:00+00:00,-14.0525,-23.41542027453702
2026-06-07 10:00:00+00:00,-18.2625,-29.258249533899317
2026-06-07 11:00:00+00:00,-35.9375,-37.830573593229595
2026-06-07 12:00:00+00:00,-44.7375,-61.120635112605356
2026-06-07 13:00:00+00:00,-36.47,-41.175217868291135
2026-06-07 14:00:00+00:00,-15.96,-24.820885670915942
2026-06-07 15:00:00+00:00,-1.135,-3.2144658132376303
2026-06-07 16:00:00+00:00,53.625,6.448730543662521
2026-06-07 17:00:00+00:00,108.0025,79.24263375654091
2026-06-07 18:00:00+00:00,128.26749999999998,121.98437043451649
2026-06-07 19:00:00+00:00,137.1375,122.63118923153046
2026-06-07 20:00:00+00:00,141.1875,123.21688393466584
2026-06-07 21:00:00+00:00,140.3425,125.98876531578027
2026-06-07 22:00:00+00:00,140.43,124.82387312180055
2026-06-07 23:00:00+00:00,134.2375,124.48916081715403
2026-06-08 00:00:00+00:00,132.71,136.37552095056472
2026-06-08 01:00:00+00:00,127.67,134.27283852064105
2026-06-08 02:00:00+00:00,130.175,120.78168487498013
2026-06-08 03:00:00+00:00,138.5625,131.0346952520133
2026-06-08 04:00:00+00:00,150.675,149.03297097220863
2026-06-08 05:00:00+00:00,145.675,116.69944234850074
2026-06-08 06:00:00+00:00,124.875,107.03793571969081
2026-06-08 07:00:00+00:00,100.9025,99.56933712137202
2026-06-08 08:00:00+00:00,75.91499999999999,78.67744987134844
2026-06-08 09:00:00+00:00,55.6425,46.489044925344224
2026-06-08 10:00:00+00:00,54.4825,27.246776719293784
2026-06-08 11:00:00+00:00,55.2175,29.18502197138769
2026-06-08 12:00:00+00:00,68.67,40.94177346709269
2026-06-08 13:00:00+00:00,88.8525,56.46828173434982
2026-06-08 14:00:00+00:00,102.58,99.16339537020032
2026-06-08 15:00:00+00:00,128.875,107.1536965383156
2026-06-08 16:00:00+00:00,151.32999999999998,138.73158682349583
2026-06-08 17:00:00+00:00,199.3225,167.5556962843543
2026-06-08 18:00:00+00:00,208.9025,200.34297483961228
2026-06-08 19:00:00+00:00,185.75,165.97728953823963
2026-06-08 20:00:00+00:00,152.3675,158.5387336925173
2026-06-08 21:00:00+00:00,128.20499999999998,132.88449288023156
2026-06-08 22:00:00+00:00,129.0125,114.30034822178487
2026-06-08 23:00:00+00:00,122.1575,115.3040476440119
2026-06-09 00:00:00+00:00,115.5,116.4576579687584
2026-06-09 01:00:00+00:00,111.2175,112.63481326192597
2026-06-09 02:00:00+00:00,110.475,108.67069285247806
2026-06-09 03:00:00+00:00,115.8425,109.09059215837112
2026-06-09 04:00:00+00:00,130.1525,119.00466124845033
2026-06-09 05:00:00+00:00,134.6325,122.97016116443942
2026-06-09 06:00:00+00:00,126.89,122.27116361171738
2026-06-09 07:00:00+00:00,107.0,105.54123841945758
2026-06-09 08:00:00+00:00,82.33500000000001,82.02836925529832
2026-06-09 09:00:00+00:00,60.9,65.49510627912542
2026-06-09 10:00:00+00:00,25.215,34.779322537418736
2026-06-09 11:00:00+00:00,3.5325,12.719502647397984
2026-06-09 12:00:00+00:00,0.145,0.3432586834346967
2026-06-09 13:00:00+00:00,1.52,6.944241632445576
2026-06-09 14:00:00+00:00,30.585,17.907721244482236
2026-06-09 15:00:00+00:00,75.72749999999999,21.78462568298442
2026-06-09 16:00:00+00:00,118.5475,83.20660536632862
2026-06-09 17:00:00+00:00,137.3,135.22957227737166
2026-06-09 18:00:00+00:00,153.73000000000002,154.4815445585411
2026-06-09 19:00:00+00:00,156.275,142.80670311835368
2026-06-09 20:00:00+00:00,144.9925,133.67782996999935
2026-06-09 21:00:00+00:00,131.3075,122.88762883939854
2026-06-09 22:00:00+00:00,124.9125,114.48883580703291
2026-06-09 23:00:00+00:00,116.9025,113.5498932423381
2026-06-10 00:00:00+00:00,111.1275,112.85835138764516
2026-06-10 01:00:00+00:00,111.3075,103.61393218995183
2026-06-10 02:00:00+00:00,113.24,104.98661594516365
2026-06-10 03:00:00+00:00,118.7525,112.6131292093733
2026-06-10 04:00:00+00:00,131.89249999999998,125.70330258433479
2026-06-10 05:00:00+00:00,136.8075,122.33228213827812
2026-06-10 06:00:00+00:00,126.6525,115.88757479978182
2026-06-10 07:00:00+00:00,104.6025,103.21464892439097
2026-06-10 08:00:00+00:00,86.5575,83.70723904329452
2026-06-10 09:00:00+00:00,73.0575,73.11148739599365
2026-06-10 10:00:00+00:00,68.67750000000001,46.84649068777948
2026-06-10 11:00:00+00:00,71.5675,43.357113179822825
2026-06-10 12:00:00+00:00,77.825,61.495489170866215
2026-06-10 13:00:00+00:00,86.625,77.3017920451553
2026-06-10 14:00:00+00:00,103.4525,91.20563670834552
2026-06-10 15:00:00+00:00,125.4,105.66214567197729
2026-06-10 16:00:00+00:00,140.525,136.30648420710034
2026-06-10 17:00:00+00:00,170.9675,157.66299675886341
2026-06-10 18:00:00+00:00,213.98,176.57505686831547
2026-06-10 19:00:00+00:00,204.9975,160.71572197282447
2026-06-10 20:00:00+00:00,168.635,147.072635728693
2026-06-10 21:00:00+00:00,151.75,132.00908708815913
2026-06-10 22:00:00+00:00,140.7325,127.540583330745
2026-06-10 23:00:00+00:00,133.4875,123.51459318038202
2026-06-11 00:00:00+00:00,126.195,130.24269618651076
2026-06-11 01:00:00+00:00,125.7575,118.69956262183786
2026-06-11 02:00:00+00:00,126.045,119.00817397987969
2026-06-11 03:00:00+00:00,126.6625,127.17481556588135
2026-06-11 04:00:00+00:00,138.32999999999998,134.2253738879661
2026-06-11 05:00:00+00:00,138.7975,122.16120618386725
2026-06-11 06:00:00+00:00,126.64,112.61299619089158
2026-06-11 07:00:00+00:00,103.7975,103.69300551336222
2026-06-11 08:00:00+00:00,90.5425,86.45782186219346
2026-06-11 09:00:00+00:00,76.9725,78.27478757324322
2026-06-11 10:00:00+00:00,60.2725,48.87113019603962
2026-06-11 11:00:00+00:00,45.31,38.33678666325054
2026-06-11 12:00:00+00:00,31.58,24.933847858775202
2026-06-11 13:00:00+00:00,51.025,20.406259397748826
2026-06-11 14:00:00+00:00,78.4675,42.38577688852811
2026-06-11 15:00:00+00:00,101.5975,81.27395680268954
2026-06-11 16:00:00+00:00,127.98,110.31828703787623
2026-06-11 17:00:00+00:00,146.235,141.88635313220632
2026-06-11 18:00:00+00:00,174.85750000000002,164.72889136245772
2026-06-11 19:00:00+00:00,164.9425,142.64442165483976
2026-06-11 20:00:00+00:00,137.2325,133.28170644581934
2026-06-11 21:00:00+00:00,116.0625,121.8675695903359
2026-06-11 22:00:00+00:00,116.895,108.7605045037402
2026-06-11 23:00:00+00:00,102.0125,108.08783746417112
2026-06-12 00:00:00+00:00,94.505,102.06342324207442
2026-06-12 01:00:00+00:00,92.0525,90.8348109006698
2026-06-12 02:00:00+00:00,93.0475,92.41938143899766
2026-06-12 03:00:00+00:00,96.0775,96.67893004777896
2026-06-12 04:00:00+00:00,117.7575,107.35617365506019
2026-06-12 05:00:00+00:00,122.655,125.33971222335083
2026-06-12 06:00:00+00:00,127.34,118.81308409606561
2026-06-12 07:00:00+00:00,117.405,107.14716757701859
2026-06-12 08:00:00+00:00,102.1,101.90555857776175
2026-06-12 09:00:00+00:00,90.51,90.54497178044286
2026-06-12 10:00:00+00:00,81.005,82.57581547401558
2026-06-12 11:00:00+00:00,70.1325,70.45424659141487
2026-06-12 12:00:00+00:00,60.370000000000005,61.56767750852845
2026-06-12 13:00:00+00:00,56.0475,61.0448855179444
2026-06-12 14:00:00+00:00,68.2675,57.818717773370764
2026-06-12 15:00:00+00:00,78.8725,67.47990121488913
2026-06-12 16:00:00+00:00,103.65,84.33042096667934
2026-06-12 17:00:00+00:00,115.8725,108.21974797022844
2026-06-12 18:00:00+00:00,110.665,115.1010120371865
2026-06-12 19:00:00+00:00,109.81,107.12268141324738
2026-06-12 20:00:00+00:00,111.1225,102.83044628863564
2026-06-12 21:00:00+00:00,100.8975,98.3857541552856
2026-06-12 22:00:00+00:00,87.085,90.6032611258937
2026-06-12 23:00:00+00:00,74.045,74.5799611478976
2026-06-13 00:00:00+00:00,65.85249999999999,52.99796809470837
2026-06-13 01:00:00+00:00,63.835,42.84921073163049
2026-06-13 02:00:00+00:00,65.5575,43.69858329238833
2026-06-13 03:00:00+00:00,53.795,42.9642525272921
2026-06-13 04:00:00+00:00,31.63,43.95184385912862
2026-06-13 05:00:00+00:00,13.655,19.699232313732583
2026-06-13 06:00:00+00:00,0.3274999999999999,9.717337455771029
2026-06-13 07:00:00+00:00,-1.1075,-1.947734591490013
2026-06-13 08:00:00+00:00,-4.9175,-15.785594986856534
2026-06-13 09:00:00+00:00,-15.695,-14.290110022582642
2026-06-13 10:00:00+00:00,-27.4225,-31.746393299914317
2026-06-13 11:00:00+00:00,-45.8675,-44.210173022353935
2026-06-13 12:00:00+00:00,-44.9975,-82.28755196969698
2026-06-13 13:00:00+00:00,-31.54,-38.45761533715269
2026-06-13 14:00:00+00:00,-19.17,-13.001090931558059
2026-06-13 15:00:00+00:00,-4.215,-2.9210834849594978
2026-06-13 16:00:00+00:00,-0.5475000000000001,7.432812662334396
2026-06-13 17:00:00+00:00,33.410000000000004,9.123046924723086
2026-06-13 18:00:00+00:00,72.25500000000001,22.819870827855084
2026-06-13 19:00:00+00:00,87.16,50.71756339432291
2026-06-13 20:00:00+00:00,102.485,56.23278407904881
2026-06-13 21:00:00+00:00,88.0,79.19171877939556
2026-06-13 22:00:00+00:00,67.7875,48.260783258275325
2026-06-13 23:00:00+00:00,49.44,39.24264421677303
2026-06-14 00:00:00+00:00,34.0775,31.20852220439904
2026-06-14 01:00:00+00:00,28.0725,14.661964297512936
2026-06-14 02:00:00+00:00,26.5725,16.307540586110548
2026-06-14 03:00:00+00:00,21.3675,17.15534728458164
2026-06-14 04:00:00+00:00,7.74,16.38814364144283
2026-06-14 05:00:00+00:00,0.4599999999999999,8.493375055587912
2026-06-14 06:00:00+00:00,-0.3475,0.33539004136739403
2026-06-14 07:00:00+00:00,-2.8325,-9.97180763918578
2026-06-14 08:00:00+00:00,-6.37,-15.822360107060739
2026-06-14 09:00:00+00:00,-9.2875,-19.08937385495112
2026-06-14 10:00:00+00:00,-14.9925,-26.17901351617206
2026-06-14 11:00:00+00:00,-23.4225,-30.84254848840786
2026-06-14 12:00:00+00:00,-25.0,-37.32228382570998
2026-06-14 13:00:00+00:00,-20.0,-17.911681848053195
2026-06-14 14:00:00+00:00,-9.2025,-9.995586902157802
2026-06-14 15:00:00+00:00,-1.745,-0.7101550158009817
2026-06-14 16:00:00+00:00,5.28,7.113695489174323
2026-06-14 17:00:00+00:00,62.0825,23.813393724508213
2026-06-14 18:00:00+00:00,94.88,53.59424961610746
2026-06-14 19:00:00+00:00,102.6275,78.43164173295666
2026-06-14 20:00:00+00:00,112.28,89.86676715771037
2026-06-14 21:00:00+00:00,103.395,90.16566805122544
2026-06-14 22:00:00+00:00,101.4325,85.13121881657096
2026-06-14 23:00:00+00:00,92.91,82.71909305320392
2026-06-15 00:00:00+00:00,85.375,79.60077881957008
2026-06-15 01:00:00+00:00,83.7475,72.05156593825558
2026-06-15 02:00:00+00:00,84.3875,73.46059184889323
2026-06-15 03:00:00+00:00,91.405,83.9378953002571
2026-06-15 04:00:00+00:00,105.6925,96.50929509498303
2026-06-15 05:00:00+00:00,107.3925,92.34534165634159
2026-06-15 06:00:00+00:00,91.44,80.26764672209477
2026-06-15 07:00:00+00:00,63.6525,74.09042017671386
2026-06-15 08:00:00+00:00,21.5575,30.99812720666793
2026-06-15 09:00:00+00:00,1.0075,9.108354320509296
2026-06-15 10:00:00+00:00,-0.0275,-1.2335481038937686
2026-06-15 11:00:00+00:00,-1.4825,-8.980925781314204
2026-06-15 12:00:00+00:00,-2.9025,-12.10930193443195
2026-06-15 13:00:00+00:00,-0.9325,3.5191062666701374
2026-06-15 14:00:00+00:00,-0.015,4.794578982662454
2026-06-15 15:00:00+00:00,43.6775,7.920992401503072
2026-06-15 16:00:00+00:00,91.4525,48.759596962484814
2026-06-15 17:00:00+00:00,129.0825,98.56563062376017
2026-06-15 18:00:00+00:00,148.695,130.34944634022506
2026-06-15 19:00:00+00:00,156.26,128.39402843555084
2026-06-15 20:00:00+00:00,153.7925,135.00462800460377
2026-06-15 21:00:00+00:00,134.755,131.87555503027832
2026-06-15 22:00:00+00:00,122.8275,115.1079966162706
2026-06-15 23:00:00+00:00,117.3175,109.61426167246911
2026-06-16 00:00:00+00:00,113.775,113.27207947629009
2026-06-16 01:00:00+00:00,110.9925,106.52231431390406
2026-06-16 02:00:00+00:00,111.24,106.83701249955989
2026-06-16 03:00:00+00:00,115.1225,116.7390823482221
2026-06-16 04:00:00+00:00,127.9925,128.84790512580832
2026-06-16 05:00:00+00:00,131.695,128.45293545712104
2026-06-16 06:00:00+00:00,126.315,112.02599015067749
2026-06-16 07:00:00+00:00,109.5025,103.8496282185675
2026-06-16 08:00:00+00:00,85.98,90.7793411635635
2026-06-16 09:00:00+00:00,80.5375,75.85501356655084
2026-06-16 10:00:00+00:00,66.4975,68.22076710660853
2026-06-16 11:00:00+00:00,54.255,44.14491216134252
2026-06-16 12:00:00+00:00,50.7325,42.638500413217955
2026-06-16 13:00:00+00:00,60.22,54.073009565542115
2026-06-16 14:00:00+00:00,81.4575,67.3787550931247
2026-06-16 15:00:00+00:00,109.7225,91.69619062592793
2026-06-16 16:00:00+00:00,127.11,112.31067427365795
2026-06-16 17:00:00+00:00,148.1175,140.55882270564274
2026-06-16 18:00:00+00:00,174.1025,173.01065278778674
2026-06-16 19:00:00+00:00,181.42,167.682399953501
2026-06-16 20:00:00+00:00,163.86,152.120675061652
2026-06-16 21:00:00+00:00,143.10750000000002,139.7213682484407
2026-06-16 22:00:00+00:00,141.23000000000002,121.7502020697735
2026-06-16 23:00:00+00:00,135.39249999999998,121.03752778895075
2026-06-17 00:00:00+00:00,129.32999999999998,137.3908331283
2026-06-17 01:00:00+00:00,127.54,125.32038356135521
2026-06-17 02:00:00+00:00,127.415,123.09894339415969
2026-06-17 03:00:00+00:00,128.045,131.4675278040671
2026-06-17 04:00:00+00:00,140.265,141.18248329357127
2026-06-17 05:00:00+00:00,136.675,118.79702363221251
2026-06-17 06:00:00+00:00,121.755,110.78917891350243
2026-06-17 07:00:00+00:00,105.795,101.8048580716217
2026-06-17 08:00:00+00:00,88.245,85.86135591522873
2026-06-17 09:00:00+00:00,78.4875,71.6787271666638
2026-06-17 10:00:00+00:00,72.23,50.9868525709374
2026-06-17 11:00:00+00:00,62.7925,46.02674377773532
2026-06-17 12:00:00+00:00,66.2575,40.83590520259823
2026-06-17 13:00:00+00:00,75.975,45.6245127695033
2026-06-17 14:00:00+00:00,88.0925,62.005631267368756
2026-06-17 15:00:00+00:00,106.425,95.88485664386995
2026-06-17 16:00:00+00:00,120.7375,116.15836171354232
2026-06-17 17:00:00+00:00,142.5575,145.84077959295962
2026-06-17 18:00:00+00:00,162.39,173.82109601455755
2026-06-17 19:00:00+00:00,164.115,155.33836565891335
2026-06-17 20:00:00+00:00,158.61,142.70424505816757
2026-06-17 21:00:00+00:00,142.7375,139.69818392817277
2026-06-17 22:00:00+00:00,135.2575,124.39047247995143
2026-06-17 23:00:00+00:00,125.7275,122.34483297795842
2026-06-18 00:00:00+00:00,121.8625,129.04707390731485
2026-06-18 01:00:00+00:00,119.685,127.07911619589309
2026-06-18 02:00:00+00:00,119.3125,127.21082224805843
2026-06-18 03:00:00+00:00,127.09,131.98211918319498
2026-06-18 04:00:00+00:00,135.3,142.67896740140418
2026-06-18 05:00:00+00:00,135.265,122.41885804716163
2026-06-18 06:00:00+00:00,118.7325,110.52970624509754
2026-06-18 07:00:00+00:00,101.715,100.95245710097961
2026-06-18 08:00:00+00:00,75.135,80.47670299610655
2026-06-18 09:00:00+00:00,44.0275,45.08037827254232
2026-06-18 10:00:00+00:00,28.2475,22.49196981539343
2026-06-18 11:00:00+00:00,18.67,10.495856482291783
2026-06-18 12:00:00+00:00,25.9,12.131207311789547
2026-06-18 13:00:00+00:00,48.0975,18.0063428564379
2026-06-18 14:00:00+00:00,79.06,47.138676493447576
2026-06-18 15:00:00+00:00,105.515,91.80758708071394
2026-06-18 16:00:00+00:00,135.70749999999998,117.09754033870257
2026-06-18 17:00:00+00:00,253.3925,179.40998481368678
2026-06-18 18:00:00+00:00,435.0675,174.64029000000005
2026-06-18 19:00:00+00:00,441.915,305.07896916666647
2026-06-18 20:00:00+00:00,264.32,269.63458067765566
2026-06-18 21:00:00+00:00,163.0175,184.32369774563278
2026-06-18 22:00:00+00:00,146.6425,137.35136454777592
2026-06-18 23:00:00+00:00,132.5125,123.41599323876666
2026-06-19 00:00:00+00:00,124.8225,132.39713109082953
2026-06-19 01:00:00+00:00,120.46,119.54335767079095
2026-06-19 02:00:00+00:00,118.4675,117.85709891252911
2026-06-19 03:00:00+00:00,120.595,131.2741050338386
2026-06-19 04:00:00+00:00,138.7175,139.62833565394837
2026-06-19 05:00:00+00:00,127.3725,117.018288798793
2026-06-19 06:00:00+00:00,111.9575,108.66058658419186
2026-06-19 07:00:00+00:00,95.395,90.08018615099725
2026-06-19 08:00:00+00:00,69.9075,76.3568574784525
2026-06-19 09:00:00+00:00,32.09,35.34499682809964
2026-06-19 10:00:00+00:00,15.0,15.692467998714816
2026-06-19 11:00:00+00:00,11.235,11.789551708826636
2026-06-19 12:00:00+00:00,16.305,15.055464267273456
2026-06-19 13:00:00+00:00,42.8525,17.010567948083573
2026-06-19 14:00:00+00:00,80.685,42.981327143195095
2026-06-19 15:00:00+00:00,108.3225,109.7689534582259
2026-06-19 16:00:00+00:00,129.7025,128.10375256794418
2026-06-19 17:00:00+00:00,170.785,172.3856197737988
2026-06-19 18:00:00+00:00,201.36,199.25409522058808
2026-06-19 19:00:00+00:00,185.5325,178.80957296764637
2026-06-19 20:00:00+00:00,157.8625,151.61885820371427
2026-06-19 21:00:00+00:00,137.7825,134.8500797659657
2026-06-19 22:00:00+00:00,130.35,120.2803827922163
2026-06-19 23:00:00+00:00,121.12,116.77249628617709
2026-06-20 00:00:00+00:00,118.6,111.72822015737809
2026-06-20 01:00:00+00:00,116.7625,115.256941039637
2026-06-20 02:00:00+00:00,114.7975,114.90249864945929
2026-06-20 03:00:00+00:00,114.4925,114.22149087139962
2026-06-20 04:00:00+00:00,109.7275,114.5225219623138
2026-06-20 05:00:00+00:00,101.6775,110.87497515318255
2026-06-20 06:00:00+00:00,89.9875,81.52540821166573
2026-06-20 07:00:00+00:00,41.335,67.57416041697412
2026-06-20 08:00:00+00:00,4.125,18.120758738987615
2026-06-20 09:00:00+00:00,-0.0025,0.2289429663688219
2026-06-20 10:00:00+00:00,-0.0125,-10.254130723161314
2026-06-20 11:00:00+00:00,-0.0175,-10.681433374727996
2026-06-20 12:00:00+00:00,-0.0125,-10.588171182953754
2026-06-20 13:00:00+00:00,0.25,4.533748571165421
2026-06-20 14:00:00+00:00,18.3075,8.930473020495983
2026-06-20 15:00:00+00:00,84.22,30.44171542281916
2026-06-20 16:00:00+00:00,119.7825,113.33750428869652
2026-06-20 17:00:00+00:00,147.3975,144.52744615987484
2026-06-20 18:00:00+00:00,171.98749999999998,172.10217789799847
2026-06-20 19:00:00+00:00,182.55,173.31669450147797
2026-06-20 20:00:00+00:00,165.0675,150.81427817578881
2026-06-20 21:00:00+00:00,146.8075,143.7555905064469
2026-06-20 22:00:00+00:00,137.915,128.19994462373197
2026-06-20 23:00:00+00:00,128.565,123.81003678109542
2026-06-21 00:00:00+00:00,126.415,123.55569216079441
2026-06-21 01:00:00+00:00,124.17,121.5758049221195
2026-06-21 02:00:00+00:00,122.4325,117.43745430862722
2026-06-21 03:00:00+00:00,119.5875,122.96941110232032
2026-06-21 04:00:00+00:00,112.1,117.73383444318993
2026-06-21 05:00:00+00:00,102.355,101.73938600542844
2026-06-21 06:00:00+00:00,70.815,81.61256761148285
2026-06-21 07:00:00+00:00,25.9825,40.36130600428859
2026-06-21 08:00:00+00:00,1.3624999999999998,11.897616893425523
2026-06-21 09:00:00+00:00,-0.0025,-0.5941665069195619
2026-06-21 10:00:00+00:00,-0.0075,-2.4469199266467223
2026-06-21 11:00:00+00:00,-0.01,-9.869286818000392
2026-06-21 12:00:00+00:00,-0.005,-9.566749037223301
2026-06-21 13:00:00+00:00,0.0075,5.162835731383953
2026-06-21 14:00:00+00:00,12.7625,6.678933071773672
2026-06-21 15:00:00+00:00,77.72,45.78052145687326
2026-06-21 16:00:00+00:00,115.615,98.85106792899107
2026-06-21 17:00:00+00:00,133.92000000000002,141.11111847564504
2026-06-21 18:00:00+00:00,150.0025,154.8830989107834
2026-06-21 19:00:00+00:00,150.265,144.10868433278287
2026-06-21 20:00:00+00:00,146.1,129.18074572643124
2026-06-21 21:00:00+00:00,133.9925,127.80144570825547
2026-06-21 22:00:00+00:00,128.3775,121.54137885319071
2026-06-21 23:00:00+00:00,120.1225,116.90191347849594
2026-06-22 00:00:00+00:00,114.9625,120.8775731919677
2026-06-22 01:00:00+00:00,115.225,111.96086787787881
2026-06-22 02:00:00+00:00,117.13,114.2910270227766
2026-06-22 03:00:00+00:00,123.89,122.52412715015888
2026-06-22 04:00:00+00:00,140.3425,131.05959663853255
2026-06-22 05:00:00+00:00,146.0375,119.60116586094722
2026-06-22 06:00:00+00:00,128.8225,114.18131284756615
2026-06-22 07:00:00+00:00,107.1625,103.59785509173521
2026-06-22 08:00:00+00:00,84.64750000000001,83.31403963875911
2026-06-22 09:00:00+00:00,57.3025,68.7512911964717
2026-06-22 10:00:00+00:00,39.5175,36.075362640590235
2026-06-22 11:00:00+00:00,32.34,24.20552034529804
2026-06-22 12:00:00+00:00,41.805,22.497515354714725
2026-06-22 13:00:00+00:00,63.517500000000005,40.857964927295235
2026-06-22 14:00:00+00:00,90.8975,58.0567943771627
2026-06-22 15:00:00+00:00,114.07,98.49577763618436
2026-06-22 16:00:00+00:00,145.585,115.58661409349696
2026-06-22 17:00:00+00:00,198.5075,171.64681479464977
2026-06-22 18:00:00+00:00,271.77750000000003,199.55911828435094
2026-06-22 19:00:00+00:00,250.455,224.6054921634615
2026-06-22 20:00:00+00:00,189.57,193.2081045549359
2026-06-22 21:00:00+00:00,156.0025,158.88451720135808
2026-06-22 22:00:00+00:00,146.06,134.07846785995332
2026-06-22 23:00:00+00:00,139.125,127.32403335127455
2026-06-23 00:00:00+00:00,135.01,142.69414187715475
2026-06-23 01:00:00+00:00,135.8225,145.55066197214364
2026-06-23 02:00:00+00:00,138.06,146.497662785066
2026-06-23 03:00:00+00:00,142.3,156.64464791319133
2026-06-23 04:00:00+00:00,164.22,174.84504335903867
2026-06-23 05:00:00+00:00,160.1325,146.78530777773705
2026-06-23 06:00:00+00:00,133.7875,139.28813431857677
2026-06-23 07:00:00+00:00,112.1175,114.30381385700309
2026-06-23 08:00:00+00:00,96.3125,91.43133447216658
2026-06-23 09:00:00+00:00,76.52,83.04154055883586
2026-06-23 10:00:00+00:00,67.145,44.115265942439436
2026-06-23 11:00:00+00:00,60.345,39.11283031862469
2026-06-23 12:00:00+00:00,67.6525,40.85595412698235
2026-06-23 13:00:00+00:00,81.35249999999999,47.27098868468504
2026-06-23 14:00:00+00:00,101.065,90.97016585467075
2026-06-23 15:00:00+00:00,121.7075,107.87955068971924
2026-06-23 16:00:00+00:00,169.6825,146.10344371453024
2026-06-23 17:00:00+00:00,340.70500000000004,196.49258988221095
2026-06-23 18:00:00+00:00,545.505,236.65019624372718
2026-06-23 19:00:00+00:00,528.7375,435.7887750000003
2026-06-23 20:00:00+00:00,335.1175,404.07502261904796
2026-06-23 21:00:00+00:00,199.3975,244.60413106865718
2026-06-23 22:00:00+00:00,178.8025,182.10219634820092
2026-06-23 23:00:00+00:00,162.655,159.92721867003345
2026-06-24 00:00:00+00:00,148.005,170.8331147295665
2026-06-24 01:00:00+00:00,144.05,159.28220774534358
2026-06-24 02:00:00+00:00,144.46,155.63114214031077
2026-06-24 03:00:00+00:00,151.6175,165.40214209718354
2026-06-24 04:00:00+00:00,178.1675,177.44794725315046
2026-06-24 05:00:00+00:00,172.61,157.652883765532
2026-06-24 06:00:00+00:00,149.3475,145.86582291205343
2026-06-24 07:00:00+00:00,119.3125,115.52389235944736
2026-06-24 08:00:00+00:00,102.4125,99.91521797667163
2026-06-24 09:00:00+00:00,84.52,85.45216527812991
2026-06-24 10:00:00+00:00,73.51,71.53425083494743
2026-06-24 11:00:00+00:00,70.9825,38.359750040800684
2026-06-24 12:00:00+00:00,74.515,37.23626230764616
2026-06-24 13:00:00+00:00,89.3475,43.36423736395636
2026-06-24 14:00:00+00:00,109.375,106.01111411753983
2026-06-24 15:00:00+00:00,129.66,122.67923211736228
2026-06-24 16:00:00+00:00,196.785,171.59284302498378
2026-06-24 17:00:00+00:00,455.1375,268.79820042035715
2026-06-24 18:00:00+00:00,665.8199999999999,425.5662855715132
2026-06-24 19:00:00+00:00,660.1575,658.7583187499997
2026-06-24 20:00:00+00:00,463.2525,551.8022166666673
2026-06-24 21:00:00+00:00,263.61,318.54671931818166
2026-06-24 22:00:00+00:00,169.5675,241.17783403055805
2026-06-24 23:00:00+00:00,154.935,155.19258891824705
2026-06-25 00:00:00+00:00,145.385,174.42896958562375
2026-06-25 01:00:00+00:00,142.9725,164.3412566074317
2026-06-25 02:00:00+00:00,141.9075,159.37945897691986
2026-06-25 03:00:00+00:00,144.5725,169.3159995908741
2026-06-25 04:00:00+00:00,161.32999999999998,176.07706818605465
2026-06-25 05:00:00+00:00,148.41750000000002,141.3576857412622
2026-06-25 06:00:00+00:00,119.0975,118.43798761689885
2026-06-25 07:00:00+00:00,105.0075,106.83712460247831
2026-06-25 08:00:00+00:00,84.745,90.05959951349868
2026-06-25 09:00:00+00:00,67.0925,74.70529828498178
2026-06-25 10:00:00+00:00,42.7,34.14915975198412
2026-06-25 11:00:00+00:00,33.96,25.628700240753407
2026-06-25 12:00:00+00:00,37.265,31.891431707875448
2026-06-25 13:00:00+00:00,67.8075,35.64216049603175
2026-06-25 14:00:00+00:00,88.2925,44.85479147546837
2026-06-25 15:00:00+00:00,106.6,117.46915991261503
2026-06-25 16:00:00+00:00,135.23,147.3403481680498
2026-06-25 17:00:00+00:00,203.315,187.4043617100755
2026-06-25 18:00:00+00:00,285.77250000000004,214.41003373543106
2026-06-25 19:00:00+00:00,276.615,267.2881459126986
2026-06-25 20:00:00+00:00,186.6375,239.42892036372498
2026-06-25 21:00:00+00:00,155.745,164.68028455801132
2026-06-25 22:00:00+00:00,144.7,137.4001449668309
2026-06-25 23:00:00+00:00,130.725,131.28833092345906
2026-06-26 00:00:00+00:00,122.4825,134.31205494275218
2026-06-26 01:00:00+00:00,120.9325,133.81493131978158
2026-06-26 02:00:00+00:00,122.605,132.1146657474667
2026-06-26 03:00:00+00:00,129.5475,134.55692680944867
2026-06-26 04:00:00+00:00,146.03,145.41273639622716
2026-06-26 05:00:00+00:00,137.97,123.23068082990011
2026-06-26 06:00:00+00:00,119.805,115.08014281397229
2026-06-26 07:00:00+00:00,108.2725,97.68857531773732
2026-06-26 08:00:00+00:00,93.2425,81.85611417449063
2026-06-26 09:00:00+00:00,67.705,76.43931927599596
2026-06-26 10:00:00+00:00,49.49,35.06414365079366
2026-06-26 11:00:00+00:00,38.5,29.94455176682794
2026-06-26 12:00:00+00:00,40.0,21.642341529793743
2026-06-26 13:00:00+00:00,68.9825,36.97417961601308
2026-06-26 14:00:00+00:00,93.12,52.043921800412676
2026-06-26 15:00:00+00:00,110.9925,102.41609545425362
2026-06-26 16:00:00+00:00,150.345,129.68067339570928
2026-06-26 17:00:00+00:00,243.545,185.106209725194
2026-06-26 18:00:00+00:00,350.46000000000004,242.7816055377355
2026-06-26 19:00:00+00:00,295.77750000000003,285.54125574157797
2026-06-26 20:00:00+00:00,202.655,236.6734369311853
2026-06-26 21:00:00+00:00,154.86,180.84875631213978
2026-06-26 22:00:00+00:00,132.045,133.95787542607727
2026-06-26 23:00:00+00:00,124.5,120.99539224912712
2026-06-27 00:00:00+00:00,117.995,123.22166606278637
2026-06-27 01:00:00+00:00,115.83,119.53884678257813
2026-06-27 02:00:00+00:00,115.325,117.75373699813704
2026-06-27 03:00:00+00:00,114.0,122.81351092339173
2026-06-27 04:00:00+00:00,112.725,120.82403202798905
2026-06-27 05:00:00+00:00,109.2725,113.38268254645781
2026-06-27 06:00:00+00:00,102.8675,100.29571854658228
2026-06-27 07:00:00+00:00,73.5675,82.94628306864246
2026-06-27 08:00:00+00:00,36.025,44.195724592489604
2026-06-27 09:00:00+00:00,9.6675,14.932459564445274
2026-06-27 10:00:00+00:00,0.525,9.889655900337091
2026-06-27 11:00:00+00:00,0.0275,-1.4636318503862773
2026-06-27 12:00:00+00:00,3.3925,-2.4705654506754953
2026-06-27 13:00:00+00:00,12.7675,18.08362336414249
2026-06-27 14:00:00+00:00,51.0,44.7662907474182
2026-06-27 15:00:00+00:00,100.605,74.43024122993735
2026-06-27 16:00:00+00:00,127.1325,117.04252614390072
2026-06-27 17:00:00+00:00,171.755,164.94586630910936
2026-06-27 18:00:00+00:00,221.25,197.43187265800577
2026-06-27 19:00:00+00:00,214.3075,224.95661602484412
2026-06-27 20:00:00+00:00,174.9975,195.70621069572135
2026-06-27 21:00:00+00:00,144.595,151.40860771987442
2026-06-27 22:00:00+00:00,136.46,128.5365864945072
2026-06-27 23:00:00+00:00,126.03,122.2262335272146
2026-06-28 00:00:00+00:00,119.6825,119.37211744950781
2026-06-28 01:00:00+00:00,115.6875,115.15532873907625
2026-06-28 02:00:00+00:00,114.735,110.98826941586678
2026-06-28 03:00:00+00:00,115.1225,113.2733173945654
2026-06-28 04:00:00+00:00,112.0625,115.88325178101957
2026-06-28 05:00:00+00:00,104.43,100.84496444045806
2026-06-28 06:00:00+00:00,76.685,81.2819370878739
2026-06-28 07:00:00+00:00,32.8125,46.96676563703012
2026-06-28 08:00:00+00:00,5.1525,11.95684585741765
2026-06-28 09:00:00+00:00,0.12,0.2454841911306465
2026-06-28 10:00:00+00:00,-0.0225,-2.200489746429551
2026-06-28 11:00:00+00:00,-0.905,-2.3053506052608115
2026-06-28 12:00:00+00:00,-0.0275,-5.24259737191717
2026-06-28 13:00:00+00:00,1.62,5.077234125327317
2026-06-28 14:00:00+00:00,27.665,16.96933704192866
2026-06-28 15:00:00+00:00,84.6425,32.56573482111461
2026-06-28 16:00:00+00:00,114.51,122.01404062924128
2026-06-28 17:00:00+00:00,137.9875,142.38851697785
2026-06-28 18:00:00+00:00,153.1775,165.21884373990935
2026-06-28 19:00:00+00:00,161.04,148.2604029159492
2026-06-28 20:00:00+00:00,157.29500000000002,143.16127225104032
2026-06-28 21:00:00+00:00,144.115,140.15636163011177
2026-06-28 22:00:00+00:00,123.1175,129.75463244338846
2026-06-28 23:00:00+00:00,113.665,118.97033367122687
2026-06-29 00:00:00+00:00,113.025,119.26601150745456
2026-06-29 01:00:00+00:00,109.76,113.17961948442009
2026-06-29 02:00:00+00:00,114.87,113.24131868589761
2026-06-29 03:00:00+00:00,127.3425,133.01616532791547
2026-06-29 04:00:00+00:00,149.7375,152.7598985312944
2026-06-29 05:00:00+00:00,152.1625,152.95938207246084
2026-06-29 06:00:00+00:00,143.2925,126.49847435696847
2026-06-29 07:00:00+00:00,120.9475,116.47727388370238
2026-06-29 08:00:00+00:00,106.925,100.88683447222918
2026-06-29 09:00:00+00:00,99.1,89.94355960621232
2026-06-29 10:00:00+00:00,89.5075,87.24486807120982
2026-06-29 11:00:00+00:00,82.0275,79.29707140498282
2026-06-29 12:00:00+00:00,86.38499999999999,79.128832478261
2026-06-29 13:00:00+00:00,96.78,85.3057259053558
2026-06-29 14:00:00+00:00,103.7325,96.23078414054606
2026-06-29 15:00:00+00:00,115.075,104.34779734593172
2026-06-29 16:00:00+00:00,134.91,128.62742280985466
2026-06-29 17:00:00+00:00,197.65,160.13233233549988
2026-06-29 18:00:00+00:00,284.3325,207.39552221140696
2026-06-29 19:00:00+00:00,301.365,257.50534445436506
2026-06-29 20:00:00+00:00,230.89,263.7547796363929
2026-06-29 21:00:00+00:00,170.0,208.1520962919657
2026-06-29 22:00:00+00:00,161.735,146.18533988552986
2026-06-29 23:00:00+00:00,145.37,142.1700421293644
2026-06-30 00:00:00+00:00,140.20499999999998,149.4974002377215
2026-06-30 01:00:00+00:00,140.7225,147.4333737164381
2026-06-30 02:00:00+00:00,141.3675,152.8239362845765
2026-06-30 03:00:00+00:00,151.505,167.62729769641766
2026-06-30 04:00:00+00:00,186.655,168.13574792750308
2026-06-30 05:00:00+00:00,189.31,179.44930195871189
2026-06-30 06:00:00+00:00,156.0175,174.94784556941272
2026-06-30 07:00:00+00:00,122.595,129.85181311142549
2026-06-30 08:00:00+00:00,108.8675,101.11365664951853
2026-06-30 09:00:00+00:00,101.795,90.30283345407145
2026-06-30 10:00:00+00:00,99.075,86.61498479990033
2026-06-30 11:00:00+00:00,99.42,86.67680229342015
2026-06-30 12:00:00+00:00,102.89,91.81978114112457
2026-06-30 13:00:00+00:00,116.105,98.92607224867508
2026-06-30 14:00:00+00:00,127.4,122.0888278174594
2026-06-30 15:00:00+00:00,151.23250000000002,136.86118707686208
2026-06-30 16:00:00+00:00,245.4775,177.8043200850539
2026-06-30 17:00:00+00:00,451.58,289.9322374331557
2026-06-30 18:00:00+00:00,504.7675,368.43770107905965
2026-06-30 19:00:00+00:00,395.7425,395.22334047619063
2026-06-30 20:00:00+00:00,273.5325,353.64546915322586
2026-06-30 21:00:00+00:00,182.48,229.93435309439982
2026-06-30 22:00:00+00:00,164.9,166.84146423975
2026-06-30 23:00:00+00:00,150.3075,149.10953776417998
2026-07-01 00:00:00+00:00,146.78,159.90877227334363
2026-07-01 01:00:00+00:00,146.995,154.8090721671766
2026-07-01 02:00:00+00:00,151.0375,158.74154550968578
2026-07-01 03:00:00+00:00,160.35500000000002,171.87428596395588
2026-07-01 04:00:00+00:00,196.3275,196.3931562722636
2026-07-01 05:00:00+00:00,203.2975,187.98589612077012
2026-07-01 06:00:00+00:00,180.2425,193.12048770912264
2026-07-01 07:00:00+00:00,145.70000000000002,158.1834887146056
2026-07-01 08:00:00+00:00,125.41,116.73280833764164
2026-07-01 09:00:00+00:00,119.4475,105.85130967207519
2026-07-01 10:00:00+00:00,115.8575,103.93386084246939
2026-07-01 11:00:00+00:00,110.3925,101.55920398285258
2026-07-01 12:00:00+00:00,99.715,101.33879023885731
2026-07-01 13:00:00+00:00,97.275,94.6572136909604
2026-07-01 14:00:00+00:00,99.39,103.87845458840091
2026-07-01 15:00:00+00:00,101.41,108.48013344463082
2026-07-01 16:00:00+00:00,120.27,123.02853531988166
2026-07-01 17:00:00+00:00,167.9975,175.0372826531075
2026-07-01 18:00:00+00:00,231.685,187.34629384638097
2026-07-01 19:00:00+00:00,243.455,219.69814420724586
2026-07-01 20:00:00+00:00,199.465,226.86526715888778
2026-07-01 21:00:00+00:00,156.66500000000002,179.13777004697448
2026-07-01 22:00:00+00:00,160.165,135.4827356923977
2026-07-01 23:00:00+00:00,143.41,137.8089906983799
2026-07-02 00:00:00+00:00,130.3575,144.1906561248248
2026-07-02 01:00:00+00:00,120.3275,133.78389244853904
2026-07-02 02:00:00+00:00,114.0925,126.44809951218016
2026-07-02 03:00:00+00:00,114.4525,127.33481999808704
2026-07-02 04:00:00+00:00,121.065,133.6268185334536
2026-07-02 05:00:00+00:00,112.9275,117.20414864476379
2026-07-02 06:00:00+00:00,91.315,100.41173274735091
2026-07-02 07:00:00+00:00,45.0925,74.54127048897443
2026-07-02 08:00:00+00:00,5.534999999999999,23.255749322001535
2026-07-02 09:00:00+00:00,-0.0725,0.10545551712218205
2026-07-02 10:00:00+00:00,-1.6475,-3.6149617497390403
2026-07-02 11:00:00+00:00,-1.965,-9.579547076522509
2026-07-02 12:00:00+00:00,-3.0025,-9.53225251617591
2026-07-02 13:00:00+00:00,-1.9975,4.469208372144235
2026-07-02 14:00:00+00:00,-0.505,5.8686289784746615
2026-07-02 15:00:00+00:00,2.895,6.960168931284264
2026-07-02 16:00:00+00:00,46.8375,21.060722755798988
2026-07-02 17:00:00+00:00,90.46,64.87192370999077
2026-07-02 18:00:00+00:00,107.2525,100.00011738531389
2026-07-02 19:00:00+00:00,117.9225,96.1499608410495
2026-07-02 20:00:00+00:00,126.9,102.55003282976978
2026-07-02 21:00:00+00:00,117.6075,107.92426406284935
2026-07-02 22:00:00+00:00,91.2625,99.13409656965472
2026-07-02 23:00:00+00:00,86.995,76.39770815428568
2026-07-03 00:00:00+00:00,82.6825,78.65330881376295
2026-07-03 01:00:00+00:00,85.91,78.26696164916093
2026-07-03 02:00:00+00:00,84.4575,81.16786385887555
2026-07-03 03:00:00+00:00,86.82,85.30654960050924
2026-07-03 04:00:00+00:00,99.4925,92.68904419674223
2026-07-03 05:00:00+00:00,104.4675,83.18521017599211
2026-07-03 06:00:00+00:00,63.0275,77.52655318420517
2026-07-03 07:00:00+00:00,9.565,34.17312608427784
2026-07-03 08:00:00+00:00,-0.1,6.8112906241316375
2026-07-03 09:00:00+00:00,-1.055,-10.141503392021177
2026-07-03 10:00:00+00:00,-1.885,-15.152353725084472
2026-07-03 11:00:00+00:00,-3.5025,-11.182935982680739
2026-07-03 12:00:00+00:00,-4.9875,-9.156269695509923
2026-07-03 13:00:00+00:00,-4.055,0.3388321913564453
2026-07-03 14:00:00+00:00,-2.605,1.1540181684058937
2026-07-03 15:00:00+00:00,-0.0474999999999999,3.8972500508986387
2026-07-03 16:00:00+00:00,35.385,7.449569672035784
2026-07-03 17:00:00+00:00,102.645,51.8868989574485
2026-07-03 18:00:00+00:00,124.4425,103.94900477727873
2026-07-03 19:00:00+00:00,130.0275,118.28545820465031
2026-07-03 20:00:00+00:00,135.805,116.70293098021516
2026-07-03 21:00:00+00:00,124.275,116.89170059882807
2026-07-03 22:00:00+00:00,125.0,110.93939973884484
2026-07-03 23:00:00+00:00,120.0875,111.8996082963961
2026-07-04 00:00:00+00:00,116.435,114.10154536857699
2026-07-04 01:00:00+00:00,113.8225,111.93061315134908
2026-07-04 02:00:00+00:00,106.3375,106.41119176083967
2026-07-04 03:00:00+00:00,99.6725,101.3506495837766
2026-07-04 04:00:00+00:00,92.25,97.15625493620766
2026-07-04 05:00:00+00:00,72.6525,80.32217644920591
2026-07-04 06:00:00+00:00,28.93,40.19814515716932
2026-07-04 07:00:00+00:00,0.9925,8.58951792605958
2026-07-04 08:00:00+00:00,-0.01,-0.46910787894951056
2026-07-04 09:00:00+00:00,-0.8,-2.9051790856626365
2026-07-04 10:00:00+00:00,-3.1025,-7.903009816022801
2026-07-04 11:00:00+00:00,-8.25,-12.300865271115853
2026-07-04 12:00:00+00:00,-10.31,-22.127913545031028
2026-07-04 13:00:00+00:00,-4.265000000000001,-6.8105052144555875
2026-07-04 14:00:00+00:00,-0.34,4.567010175510383
2026-07-04 15:00:00+00:00,4.2925,7.3818853566935285
2026-07-04 16:00:00+00:00,57.7325,23.908993264126956
2026-07-04 17:00:00+00:00,107.1925,52.38844263608601
2026-07-04 18:00:00+00:00,125.64,110.19629932459635
2026-07-04 19:00:00+00:00,131.03,114.09315901037785
2026-07-04 20:00:00+00:00,128.0275,115.03103058735121
2026-07-04 21:00:00+00:00,118.62,109.58133882560061
2026-07-04 22:00:00+00:00,122.8725,99.32099432939252
2026-07-04 23:00:00+00:00,115.9225,101.09455444104418
2026-07-05 00:00:00+00:00,110.4975,100.71064200917992
2026-07-05 01:00:00+00:00,105.9525,91.53257784546533
2026-07-05 02:00:00+00:00,101.41,88.88271593966043
2026-07-05 03:00:00+00:00,97.09,90.89286375417738
2026-07-05 04:00:00+00:00,85.0025,87.16336637727294
2026-07-05 05:00:00+00:00,44.1625,71.06544696199472
2026-07-05 06:00:00+00:00,14.795,19.130126195614025
2026-07-05 07:00:00+00:00,1.3825,6.172571819904605
2026-07-05 08:00:00+00:00,-0.0075,-0.7034100686888978
2026-07-05 09:00:00+00:00,-0.03,-9.138438038829225
2026-07-05 10:00:00+00:00,-0.105,-9.36099404634709
2026-07-05 11:00:00+00:00,-0.6174999999999999,-9.794927242404839
2026-07-05 12:00:00+00:00,-1.165,-11.508255828672795
2026-07-05 13:00:00+00:00,-1.0225,1.4711681398541663
2026-07-05 14:00:00+00:00,-0.06,3.7537406454093105
2026-07-05 15:00:00+00:00,4.9,8.342645912945182
2026-07-05 16:00:00+00:00,64.0,24.360004945033523
2026-07-05 17:00:00+00:00,107.505,59.37594644782852
2026-07-05 18:00:00+00:00,129.2975,112.34705088005948
2026-07-05 19:00:00+00:00,136.54,120.63707886543423
2026-07-05 20:00:00+00:00,139.8925,119.34064421507452
2026-07-05 21:00:00+00:00,127.895,123.91174018902018
2026-07-05 22:00:00+00:00,138.555,114.01225033641413
2026-07-05 23:00:00+00:00,124.5375,119.95301984207232
2026-07-06 00:00:00+00:00,119.7625,115.46267255790669
2026-07-06 01:00:00+00:00,115.55,111.66636926011262
2026-07-06 02:00:00+00:00,115.925,107.8517420055532
2026-07-06 03:00:00+00:00,120.86,116.22002028303982
2026-07-06 04:00:00+00:00,136.0325,123.87495243187526
2026-07-06 05:00:00+00:00,139.56,128.71321047641507
2026-07-06 06:00:00+00:00,133.865,106.77765270239101
2026-07-06 07:00:00+00:00,110.615,102.47993262311009
2026-07-06 08:00:00+00:00,90.275,77.21332149523674
2026-07-06 09:00:00+00:00,72.065,73.22491779421934
2026-07-06 10:00:00+00:00,43.015,37.08415715244551
2026-07-06 11:00:00+00:00,20.445,19.48248102530638
2026-07-06 12:00:00+00:00,9.8075,15.192805093532941
2026-07-06 13:00:00+00:00,5.0,18.913136684393656
2026-07-06 14:00:00+00:00,20.51,26.680329979668358
2026-07-06 15:00:00+00:00,66.5825,23.442513639409402
2026-07-06 16:00:00+00:00,99.3375,47.83138182004713
2026-07-06 17:00:00+00:00,117.865,97.60846024256129
2026-07-06 18:00:00+00:00,138.32999999999998,109.12123194864054
2026-07-06 19:00:00+00:00,151.2025,122.32816732927787
2026-07-06 20:00:00+00:00,147.155,121.99027726551176
2026-07-06 21:00:00+00:00,135.0,118.25672222532079
2026-07-06 22:00:00+00:00,120.98,111.4875090732434
2026-07-06 23:00:00+00:00,114.6525,99.78581247932783
2026-07-07 00:00:00+00:00,107.9875,94.85014574955122
2026-07-07 01:00:00+00:00,101.0025,94.66006859606163
2026-07-07 02:00:00+00:00,98.3825,93.34707964194145
2026-07-07 03:00:00+00:00,102.4075,96.47454071720203
2026-07-07 04:00:00+00:00,115.6,98.62778282860516
2026-07-07 05:00:00+00:00,118.6425,106.40078882781698
2026-07-07 06:00:00+00:00,114.89,100.75742498201292
2026-07-07 07:00:00+00:00,94.6475,83.91267532083802
2026-07-07 08:00:00+00:00,43.39,74.49207240898471
2026-07-07 09:00:00+00:00,4.922499999999999,13.457125896800273
2026-07-07 10:00:00+00:00,-0.8300000000000001,0.10878816287394034
2026-07-07 11:00:00+00:00,-2.705,-6.1747224397417275
2026-07-07 12:00:00+00:00,-2.835,-9.413517269980549
2026-07-07 13:00:00+00:00,-1.485,-0.29202944219345683
2026-07-07 14:00:00+00:00,-0.52,2.012692279409036
2026-07-07 15:00:00+00:00,7.0175,7.99824649379065
2026-07-07 16:00:00+00:00,60.712500000000006,31.109794406161086
2026-07-07 17:00:00+00:00,86.1825,59.659371678970835
2026-07-07 18:00:00+00:00,107.9725,95.3859250907941
2026-07-07 19:00:00+00:00,118.4025,82.58172055449991
2026-07-07 20:00:00+00:00,120.755,99.24284132410303
2026-07-07 21:00:00+00:00,117.0825,100.08512367856632
2026-07-07 22:00:00+00:00,114.9225,99.74719604158942
2026-07-07 23:00:00+00:00,115.845,97.08875748762733
2026-07-08 00:00:00+00:00,111.7575,104.5957777474019
2026-07-08 01:00:00+00:00,108.17,103.33169582274583
2026-07-08 02:00:00+00:00,113.5825,100.74121106745334
2026-07-08 03:00:00+00:00,119.705,113.44528360626771
2026-07-08 04:00:00+00:00,130.75,126.36345378017398
2026-07-08 05:00:00+00:00,131.91,130.95923160550944
2026-07-08 06:00:00+00:00,125.7925,109.25131948244398
2026-07-08 07:00:00+00:00,100.4225,101.45164668313029
2026-07-08 08:00:00+00:00,79.5825,82.85289445701792
2026-07-08 09:00:00+00:00,71.075,63.50561515736509
2026-07-08 10:00:00+00:00,49.0075,44.8693299264617
2026-07-08 11:00:00+00:00,17.245,25.539436591056994
2026-07-08 12:00:00+00:00,7.9025,12.96190804985039
2026-07-08 13:00:00+00:00,9.79,29.67060375486238
2026-07-08 14:00:00+00:00,35.02,28.332799307258213
2026-07-08 15:00:00+00:00,77.3075,29.957851813403455
2026-07-08 16:00:00+00:00,104.43,79.3040847450354
2026-07-08 17:00:00+00:00,135.0475,103.97212733989414
2026-07-08 18:00:00+00:00,150.8475,146.01141528396204
2026-07-08 19:00:00+00:00,160.62,132.84918626017696
2026-07-08 20:00:00+00:00,159.2,133.9032160421264
2026-07-08 21:00:00+00:00,145.0475,132.7707690477438
2026-07-08 22:00:00+00:00,140.3275,121.79162199196608
2026-07-08 23:00:00+00:00,133.20749999999998,121.62608739213121
2026-07-09 00:00:00+00:00,127.3225,129.7738690298551
2026-07-09 01:00:00+00:00,124.8475,119.1927675501796
2026-07-09 02:00:00+00:00,125.4425,118.49136330906103
2026-07-09 03:00:00+00:00,133.955,125.91697518753654
2026-07-09 04:00:00+00:00,149.15,140.42510324267636
2026-07-09 05:00:00+00:00,147.66,125.16292135274588
2026-07-09 06:00:00+00:00,138.2975,117.83255173197851
2026-07-09 07:00:00+00:00,118.03,110.81901323047292
2026-07-09 08:00:00+00:00,99.63,98.31689647601812
2026-07-09 09:00:00+00:00,86.83,84.14699911341775
2026-07-09 10:00:00+00:00,66.69,71.27591986549021
2026-07-09 11:00:00+00:00,43.625,34.4302258877415
2026-07-09 12:00:00+00:00,38.005,26.923768600814228
2026-07-09 13:00:00+00:00,51.04,30.44529527743497
2026-07-09 14:00:00+00:00,81.01,45.49318040764786
2026-07-09 15:00:00+00:00,108.4125,89.19977916257447
2026-07-09 16:00:00+00:00,130.4075,104.38894839177038
2026-07-09 17:00:00+00:00,166.5,143.797005834066
2026-07-09 18:00:00+00:00,210.7,185.40916104283082
2026-07-09 19:00:00+00:00,213.3125,169.46853919504665
2026-07-09 20:00:00+00:00,183.965,154.19148728819462
2026-07-09 21:00:00+00:00,162.745,149.77188975087546
2026-07-09 22:00:00+00:00,153.5575,138.63400872461
2026-07-09 23:00:00+00:00,143.4325,135.73693992143782
2026-07-10 00:00:00+00:00,139.7,140.18427721657056
2026-07-10 01:00:00+00:00,137.9275,137.41413192424199
2026-07-10 02:00:00+00:00,138.27,137.91804378225197
2026-07-10 03:00:00+00:00,142.4525,148.5774814867765
2026-07-10 04:00:00+00:00,151.14,156.949790552169
2026-07-10 05:00:00+00:00,147.6925,131.8833135133904
2026-07-10 06:00:00+00:00,134.9025,119.35403021733225
2026-07-10 07:00:00+00:00,121.975,110.62204543766944
2026-07-10 08:00:00+00:00,99.895,99.6564150973083
2026-07-10 09:00:00+00:00,78.31,80.70213391589242
2026-07-10 10:00:00+00:00,56.805,48.55327989449401
2026-07-10 11:00:00+00:00,37.36,30.866273800684596
2026-07-10 12:00:00+00:00,40.95,21.844432111853667
2026-07-10 13:00:00+00:00,62.1,35.88072660162908
2026-07-10 14:00:00+00:00,88.4125,42.7741884652281
2026-07-10 15:00:00+00:00,113.82,98.23294368980056
2026-07-10 16:00:00+00:00,128.435,126.78328343752563
2026-07-10 17:00:00+00:00,165.01999999999998,145.8511802000009
2026-07-10 18:00:00+00:00,186.6775,187.92377244038667
2026-07-10 19:00:00+00:00,176.885,174.2133681486549
2026-07-10 20:00:00+00:00,168.0,150.9987802387181
2026-07-10 21:00:00+00:00,154.4625,146.05552827064838
2026-07-10 22:00:00+00:00,150.4975,136.99330767508437
2026-07-10 23:00:00+00:00,143.95,132.8833602521362
2026-07-11 00:00:00+00:00,141.10750000000002,141.18359740819983
2026-07-11 01:00:00+00:00,140.6725,140.87496416950856
2026-07-11 02:00:00+00:00,140.4625,141.30579066023813
2026-07-11 03:00:00+00:00,138.8625,148.93024453614606
2026-07-11 04:00:00+00:00,136.335,146.57722072432895
2026-07-11 05:00:00+00:00,124.2825,115.14009914525364
2026-07-11 06:00:00+00:00,115.3525,109.34343044793214
2026-07-11 07:00:00+00:00,73.86,93.67392428730219
2026-07-11 08:00:00+00:00,16.0875,39.518037953374275
2026-07-11 09:00:00+00:00,0.3275,11.281291345401053
2026-07-11 10:00:00+00:00,-0.0075,-3.233433785052798
2026-07-11 11:00:00+00:00,-0.6950000000000001,-10.670354920459234
2026-07-11 12:00:00+00:00,-0.975,-13.300309604367646
2026-07-11 13:00:00+00:00,-0.5025000000000001,2.0597516552637365
2026-07-11 14:00:00+00:00,6.1725,5.51767843776852
2026-07-11 15:00:00+00:00,74.695,23.530963476369593
2026-07-11 16:00:00+00:00,120.3525,78.09508754706232
2026-07-11 17:00:00+00:00,141.0,145.11046562200147
2026-07-11 18:00:00+00:00,151.82,155.53689686547875
2026-07-11 19:00:00+00:00,156.375,141.50007883156218
2026-07-11 20:00:00+00:00,154.8875,135.90686179488893
2026-07-11 21:00:00+00:00,145.58249999999998,135.11275211315166
2026-07-11 22:00:00+00:00,137.4425,128.70853890138514
2026-07-11 23:00:00+00:00,131.885,122.79785985153923
2026-07-12 00:00:00+00:00,125.57,129.60854833651968
2026-07-12 01:00:00+00:00,125.1,121.57693535693494
2026-07-12 02:00:00+00:00,122.8825,121.16987070706824
2026-07-12 03:00:00+00:00,119.915,120.24699766973285
2026-07-12 04:00:00+00:00,111.6125,117.63179313247407
2026-07-12 05:00:00+00:00,99.775,100.66069621517732
2026-07-12 06:00:00+00:00,62.1175,77.8641574645388
2026-07-12 07:00:00+00:00,5.385,30.459596150793654
2026-07-12 08:00:00+00:00,-0.045,-0.4628625723625142
2026-07-12 09:00:00+00:00,-2.165,-10.45285374169713
2026-07-12 10:00:00+00:00,-7.1575,-16.615618183712346
2026-07-12 11:00:00+00:00,-10.7125,-18.358510519897617
2026-07-12 12:00:00+00:00,-10.055,-26.95928585320308
2026-07-12 13:00:00+00:00,-5.9075,-8.407866809236713
2026-07-12 14:00:00+00:00,-2.6925,2.5717454303073386
2026-07-12 15:00:00+00:00,7.630000000000001,1.5602913989845515
2026-07-12 16:00:00+00:00,93.4325,34.2848439084022
2026-07-12 17:00:00+00:00,131.8075,112.0810423487832
2026-07-12 18:00:00+00:00,140.8975,141.50071916449372
2026-07-12 19:00:00+00:00,144.4875,138.05258330076367
2026-07-12 20:00:00+00:00,144.93,127.16409069121708
2026-07-12 21:00:00+00:00,139.3175,127.5819801478794
2026-07-12 22:00:00+00:00,129.73,125.49936730691253
2026-07-12 23:00:00+00:00,124.605,118.03805860109178
2026-07-13 00:00:00+00:00,120.5675,121.20820255086751
2026-07-13 01:00:00+00:00,121.475,117.25530798842105
2026-07-13 02:00:00+00:00,123.5425,118.7763750275572
2026-07-13 03:00:00+00:00,134.2425,126.12520378976257
2026-07-13 04:00:00+00:00,149.8425,152.19820802035363
2026-07-13 05:00:00+00:00,159.43,121.19786570340594
2026-07-13 06:00:00+00:00,138.9875,128.04395547418935
2026-07-13 07:00:00+00:00,122.6075,102.99341114885407
2026-07-13 08:00:00+00:00,100.0175,99.09982616834081
2026-07-13 09:00:00+00:00,74.1225,79.19219293225592
2026-07-13 10:00:00+00:00,50.6225,39.30852562849079
2026-07-13 11:00:00+00:00,32.900000000000006,30.643284906675454
2026-07-13 12:00:00+00:00,38.5375,22.526688415612156
2026-07-13 13:00:00+00:00,63.97500000000001,32.705003394873096
2026-07-13 14:00:00+00:00,90.95,45.5433275166258
2026-07-13 15:00:00+00:00,121.5275,99.08570644491219
2026-07-13 16:00:00+00:00,140.0,131.66851034809443
2026-07-13 17:00:00+00:00,165.9625,168.13662454944412
2026-07-13 18:00:00+00:00,182.9975,186.29637564682068
2026-07-13 19:00:00+00:00,168.8,166.79401322024188
2026-07-13 20:00:00+00:00,159.0725,142.96694117850146
2026-07-13 21:00:00+00:00,144.07,132.6751378127211
2026-07-13 22:00:00+00:00,139.64,126.26318227039245
2026-07-13 23:00:00+00:00,133.8875,125.56736354284423
2026-07-14 00:00:00+00:00,127.35,129.5672544709097
2026-07-14 01:00:00+00:00,127.2175,120.70928018079114
2026-07-14 02:00:00+00:00,127.65,120.2630960985785
2026-07-14 03:00:00+00:00,135.02,127.4181962655027
2026-07-14 04:00:00+00:00,145.805,143.83766725972163
2026-07-14 05:00:00+00:00,152.265,126.77009249785337
2026-07-14 06:00:00+00:00,135.67000000000002,125.00376256267423
2026-07-14 07:00:00+00:00,121.8925,110.3199558170903
2026-07-14 08:00:00+00:00,107.4775,99.79468748291791
2026-07-14 09:00:00+00:00,91.6875,84.20024349510199
2026-07-14 10:00:00+00:00,64.0425,76.77874122393844
2026-07-14 11:00:00+00:00,51.825,34.51242497039089
2026-07-14 12:00:00+00:00,57.73,38.19665166713718
2026-07-14 13:00:00+00:00,70.0,44.3476759736342
2026-07-14 14:00:00+00:00,93.2575,47.452214862764265
2026-07-14 15:00:00+00:00,117.44,100.38471525572015
2026-07-14 16:00:00+00:00,138.2975,134.3780355572047
2026-07-14 17:00:00+00:00,159.005,166.69333583599007
2026-07-14 18:00:00+00:00,182.48,170.17700421854659
2026-07-14 19:00:00+00:00,175.315,162.3600421886574
2026-07-14 20:00:00+00:00,168.765,153.04899327078067
2026-07-14 21:00:00+00:00,151.51999999999998,145.49102441722195
2026-07-14 22:00:00+00:00,153.5175,130.53164972569883
2026-07-14 23:00:00+00:00,144.4475,135.3439181036693
2026-07-15 00:00:00+00:00,139.0375,140.3336278067841
2026-07-15 01:00:00+00:00,136.6175,137.15528538238112
2026-07-15 02:00:00+00:00,140.865,134.0374987757037
2026-07-15 03:00:00+00:00,150.2825,144.5870541942057
2026-07-15 04:00:00+00:00,166.6925,155.51630506944207
2026-07-15 05:00:00+00:00,165.88,148.81637067815336
2026-07-15 06:00:00+00:00,155.9325,143.3976877884663
2026-07-15 07:00:00+00:00,135.10250000000002,129.37699332643098
2026-07-15 08:00:00+00:00,111.4175,109.51530692672257
2026-07-15 09:00:00+00:00,96.2525,90.9225473437068
2026-07-15 10:00:00+00:00,74.345,80.81641622012624
2026-07-15 11:00:00+00:00,63.5975,41.99858224376113
2026-07-15 12:00:00+00:00,62.9175,38.09149409604999
2026-07-15 13:00:00+00:00,73.075,46.70287165711679
2026-07-15 14:00:00+00:00,97.1475,69.36922720201126
2026-07-15 15:00:00+00:00,118.1825,102.65037648439201
2026-07-15 16:00:00+00:00,145.5625,135.05575918074402
2026-07-15 17:00:00+00:00,175.8875,170.38316483319727
2026-07-15 18:00:00+00:00,205.975,194.80375776570042
2026-07-15 19:00:00+00:00,201.65,184.97187051598794
2026-07-15 20:00:00+00:00,188.38,172.48997052896968
2026-07-15 21:00:00+00:00,171.415,157.91367403612117
2026-07-15 22:00:00+00:00,166.0325,146.53900549950055
2026-07-15 23:00:00+00:00,159.2,152.1815567270358
2026-07-16 00:00:00+00:00,152.9075,157.2290687339656
2026-07-16 01:00:00+00:00,148.97750000000002,153.85888844987562
2026-07-16 02:00:00+00:00,152.1875,151.33631113828233
2026-07-16 03:00:00+00:00,159.945,164.34381101632505
2026-07-16 04:00:00+00:00,175.45,175.5850337525496
2026-07-16 05:00:00+00:00,172.76,157.86977591489315
2026-07-16 06:00:00+00:00,158.5125,149.78443457724794
2026-07-16 07:00:00+00:00,137.14249999999998,134.37513184614582
2026-07-16 08:00:00+00:00,118.3075,111.43252068472229
2026-07-16 09:00:00+00:00,107.2325,98.40173852642901
2026-07-16 10:00:00+00:00,94.69,85.74823771463089
2026-07-16 11:00:00+00:00,87.475,82.73119491316419
2026-07-16 12:00:00+00:00,96.46,78.64808963857932
2026-07-16 13:00:00+00:00,109.6025,95.42590621509264
2026-07-16 14:00:00+00:00,119.6375,107.55317205765434
2026-07-16 15:00:00+00:00,139.935,134.16034688597742
2026-07-16 16:00:00+00:00,177.6975,163.69877168988282
2026-07-16 17:00:00+00:00,241.1025,198.71441131873226
2026-07-16 18:00:00+00:00,311.685,228.97362734478443
2026-07-16 19:00:00+00:00,262.6,261.76931885465535
2026-07-16 20:00:00+00:00,206.84,228.4601748013498
2026-07-16 21:00:00+00:00,180.3125,187.574292801272
2026-07-16 22:00:00+00:00,170.565,161.96450828318123
2026-07-16 23:00:00+00:00,161.45,153.13893896102456
2026-07-17 00:00:00+00:00,151.975,156.82357560756657
2026-07-17 01:00:00+00:00,143.94,149.9974228928339
2026-07-17 02:00:00+00:00,142.89999999999998,145.90890264379237
2026-07-17 03:00:00+00:00,153.4875,156.7610207949916
2026-07-17 04:00:00+00:00,165.11,166.47574473131021
2026-07-17 05:00:00+00:00,165.7525,156.84230790633285
2026-07-17 06:00:00+00:00,157.10500000000002,148.85168196519217
2026-07-17 07:00:00+00:00,135.42000000000002,136.44571355112166
2026-07-17 08:00:00+00:00,127.4525,114.86984598437057
2026-07-17 09:00:00+00:00,113.7825,102.39362308497974
2026-07-17 10:00:00+00:00,103.8875,94.29591759840142
2026-07-17 11:00:00+00:00,98.2,88.6876988994753
2026-07-17 12:00:00+00:00,98.4275,90.08116923522513
2026-07-17 13:00:00+00:00,105.98,95.874238853978
2026-07-17 14:00:00+00:00,114.7,106.75892749425243
2026-07-17 15:00:00+00:00,127.425,131.7337768633088
2026-07-17 16:00:00+00:00,137.58,142.92503555994406
2026-07-17 17:00:00+00:00,151.0325,172.70155033298022
2026-07-17 18:00:00+00:00,159.065,163.38115632077842
2026-07-17 19:00:00+00:00,166.8625,143.61440949467502
2026-07-17 20:00:00+00:00,164.675,148.9477855027171
2026-07-17 21:00:00+00:00,158.3,146.48866891305315
2026-07-17 22:00:00+00:00,156.2,138.57292288554925
2026-07-17 23:00:00+00:00,145.38,145.0438910414887
2026-07-18 00:00:00+00:00,142.0,142.89676927174406
2026-07-18 01:00:00+00:00,135.3,139.10949503829008
2026-07-18 02:00:00+00:00,134.81,137.32936066510032
2026-07-18 03:00:00+00:00,132.235,140.1632234849127
2026-07-18 04:00:00+00:00,126.5075,133.73778079925933
2026-07-18 05:00:00+00:00,119.3,113.78355996813471
2026-07-18 06:00:00+00:00,97.5425,103.08432991597049
2026-07-18 07:00:00+00:00,44.9275,79.48377681175302
2026-07-18 08:00:00+00:00,9.9675,24.632525465178084
2026-07-18 09:00:00+00:00,-0.005,10.102304225401713
2026-07-18 10:00:00+00:00,-0.125,-9.329425280427692
2026-07-18 11:00:00+00:00,-1.165,-9.890264017378426
2026-07-18 12:00:00+00:00,-1.9925,-14.08828216913397
2026-07-18 13:00:00+00:00,-2.9475,2.7362598293024987
2026-07-18 14:00:00+00:00,-1.76,5.792228220633336
2026-07-18 15:00:00+00:00,0.4325,8.617992198282392
2026-07-18 16:00:00+00:00,55.9225,12.229814956211598
2026-07-18 17:00:00+00:00,110.2,56.96086811897043
2026-07-18 18:00:00+00:00,132.17000000000002,112.61782096324472
2026-07-18 19:00:00+00:00,145.95,120.66488291359433
2026-07-18 20:00:00+00:00,152.4625,125.59195831931719
2026-07-18 21:00:00+00:00,145.7625,134.62854224590828
2026-07-18 22:00:00+00:00,138.6975,126.40379358864521
2026-07-18 23:00:00+00:00,130.7425,121.58168420782708
2026-07-19 00:00:00+00:00,121.9,124.3477384283665
2026-07-19 01:00:00+00:00,118.8975,114.98230946797787
2026-07-19 02:00:00+00:00,115.275,114.39775117858218
2026-07-19 03:00:00+00:00,109.4175,113.87191794698862
2026-07-19 04:00:00+00:00,101.8475,102.75814409867756
2026-07-19 05:00:00+00:00,88.46000000000001,91.26639945666858
2026-07-19 06:00:00+00:00,43.1575,65.65488056268023
2026-07-19 07:00:00+00:00,4.165,17.924700830229714
2026-07-19 08:00:00+00:00,0.015,0.38419792743069586
2026-07-19 09:00:00+00:00,-0.045,-2.8229373116324354
2026-07-19 10:00:00+00:00,-0.7424999999999999,-8.829683536208366
2026-07-19 11:00:00+00:00,-2.6775,-13.209383527584848
2026-07-19 12:00:00+00:00,-4.9975000000000005,-11.899343487024275
2026-07-19 13:00:00+00:00,-4.955,2.233738702076085
2026-07-19 14:00:00+00:00,-2.4375,4.1516511650043295
2026-07-19 15:00:00+00:00,-0.395,5.73457168295621
2026-07-19 16:00:00+00:00,47.8425,9.465180114890764
2026-07-19 17:00:00+00:00,117.16,44.59333320220467
2026-07-19 18:00:00+00:00,144.1225,118.73070324400418
2026-07-19 19:00:00+00:00,149.68,130.7975792052197
2026-07-19 20:00:00+00:00,149.6575,127.61061527457319
2026-07-19 21:00:00+00:00,138.2025,127.44631691575759
2026-07-19 22:00:00+00:00,147.4525,120.15178788049693
2026-07-19 23:00:00+00:00,138.48250000000002,124.94644101888099
2026-07-20 00:00:00+00:00,128.85500000000002,132.99538645369176
2026-07-20 01:00:00+00:00,123.53,116.6768403139548
2026-07-20 02:00:00+00:00,131.27,116.45061191644646
2026-07-20 03:00:00+00:00,138.79,131.12700226378044
2026-07-20 04:00:00+00:00,149.31,144.47944222720878
2026-07-20 05:00:00+00:00,150.5275,124.31116374296674
2026-07-20 06:00:00+00:00,130.9975,116.4616413049435
2026-07-20 07:00:00+00:00,92.7175,100.93315522618212
2026-07-20 08:00:00+00:00,60.2725,74.95640344878976
2026-07-20 09:00:00+00:00,15.7875,30.055367707622832
2026-07-20 10:00:00+00:00,7.6625,8.500137216615695
2026-07-20 11:00:00+00:00,0.015,0.48073009414030987
2026-07-20 12:00:00+00:00,0.0075,-1.0064488483315683
2026-07-20 13:00:00+00:00,0.9575,5.30069134534805
2026-07-20 14:00:00+00:00,15.105,16.9908837797734
2026-07-20 15:00:00+00:00,74.7625,32.029638831791445
2026-07-20 16:00:00+00:00,118.4125,83.31260102275995
2026-07-20 17:00:00+00:00,158.7625,136.3861057503082
2026-07-20 18:00:00+00:00,178.245,178.1040561695562
2026-07-20 19:00:00+00:00,179.73,155.41406405668033
2026-07-20 20:00:00+00:00,174.815,155.12838898088728
2026-07-20 21:00:00+00:00,159.4675,149.81199462119886
2026-07-20 22:00:00+00:00,148.7775,133.32479443516502
2026-07-20 23:00:00+00:00,149.52,131.40609664527318
2026-07-21 00:00:00+00:00,143.39,145.277227581928
2026-07-21 01:00:00+00:00,138.8675,141.00401639844
2026-07-21 02:00:00+00:00,139.2525,139.01550688416992
2026-07-21 03:00:00+00:00,144.9125,144.10284902582723
2026-07-21 04:00:00+00:00,157.65,152.28280080769383
2026-07-21 05:00:00+00:00,154.4275,138.49230654359184
2026-07-21 06:00:00+00:00,145.3775,122.35153305175804
2026-07-21 07:00:00+00:00,114.9525,107.38321553943068
2026-07-21 08:00:00+00:00,83.69,89.06559342257923
2026-07-21 09:00:00+00:00,43.6375,67.37017378078795
2026-07-21 10:00:00+00:00,7.052499999999999,19.25603799082444
2026-07-21 11:00:00+00:00,1.01,0.016010974931394733
2026-07-21 12:00:00+00:00,1.0025,-1.6910990612600987
2026-07-21 13:00:00+00:00,13.670000000000002,15.834301296906158
2026-07-21 14:00:00+00:00,62.2325,17.554528422891554
2026-07-21 15:00:00+00:00,102.565,56.6346690398203
2026-07-21 16:00:00+00:00,135.365,110.87263385178105
2026-07-21 17:00:00+00:00,153.61,174.51138397322248
2026-07-21 18:00:00+00:00,172.0,166.43691692722396
2026-07-21 19:00:00+00:00,174.5625,148.70358015927442
2026-07-21 20:00:00+00:00,168.3175,151.34041842798052
2026-07-21 21:00:00+00:00,155.1875,144.54781937987806
2026-07-21 22:00:00+00:00,152.19,135.66460047259167
2026-07-21 23:00:00+00:00,148.2875,136.80579066565872
2026-07-22 00:00:00+00:00,143.2325,144.04570681761888
2026-07-22 01:00:00+00:00,134.91250000000002,140.3803126640154
2026-07-22 02:00:00+00:00,130.66500000000002,136.65646288180133
2026-07-22 03:00:00+00:00,135.9575,131.41790765827167
2026-07-22 04:00:00+00:00,149.41,144.83246735519643
2026-07-22 05:00:00+00:00,145.345,126.0136629444418
2026-07-22 06:00:00+00:00,131.98250000000002,114.38705981440464
2026-07-22 07:00:00+00:00,90.9425,102.8865629644955
2026-07-22 08:00:00+00:00,66.1525,75.03962514873866
2026-07-22 09:00:00+00:00,30.935,33.58546957567394
2026-07-22 10:00:00+00:00,10.385,13.491536225830782
2026-07-22 11:00:00+00:00,1.29,4.421259739452503
2026-07-22 12:00:00+00:00,0.0375,-0.7389232959086399
2026-07-22 13:00:00+00:00,0.4975,6.722509562095475
2026-07-22 14:00:00+00:00,9.15,11.673337478900406
2026-07-22 15:00:00+00:00,63.21,33.78900680675284
2026-07-22 16:00:00+00:00,108.1,58.56434213124245
2026-07-22 17:00:00+00:00,137.8275,105.65387667101653
2026-07-22 18:00:00+00:00,157.01,149.77105458183811
2026-07-22 19:00:00+00:00,161.76,133.94242471588754
2026-07-22 20:00:00+00:00,157.61,132.9715038346887
2026-07-22 21:00:00+00:00,143.5425,130.151414165936
