Unnamed: 0,actual,forecast
2025-04-01 07:00:00+00:00,108.47,138.77055
2025-04-01 08:00:00+00:00,86.17,92.33188
2025-04-01 09:00:00+00:00,70.26,71.6997
2025-04-01 10:00:00+00:00,53.15,53.77919
2025-04-01 11:00:00+00:00,11.57,34.913647
2025-04-01 12:00:00+00:00,10.89,14.256748
2025-04-01 13:00:00+00:00,26.7,27.583485
2025-04-01 14:00:00+00:00,65.23,49.096046
2025-04-01 15:00:00+00:00,82.8,89.53757
2025-04-01 16:00:00+00:00,122.39,116.087654
2025-04-01 17:00:00+00:00,155.72,151.3758
2025-04-01 18:00:00+00:00,138.0,151.80829
2025-04-01 19:00:00+00:00,110.9,121.642624
2025-04-01 20:00:00+00:00,95.64,99.00102
2025-04-01 21:00:00+00:00,79.45,87.353165
2025-04-01 22:00:00+00:00,68.06,72.00169
2025-04-01 23:00:00+00:00,66.93,62.68407
2025-04-02 00:00:00+00:00,66.8,65.48321
2025-04-02 01:00:00+00:00,67.97,67.834816
2025-04-02 02:00:00+00:00,68.9,70.019104
2025-04-02 03:00:00+00:00,82.18,76.91417
2025-04-02 04:00:00+00:00,113.84,104.570496
2025-04-02 05:00:00+00:00,150.31,138.90729
2025-04-02 06:00:00+00:00,124.7,136.9448
2025-04-02 07:00:00+00:00,84.74,103.58826
2025-04-02 08:00:00+00:00,48.38,60.03622
2025-04-02 09:00:00+00:00,0.0,17.482887
2025-04-02 10:00:00+00:00,-4.92,-9.099131
2025-04-02 11:00:00+00:00,-20.06,-14.420684
2025-04-02 12:00:00+00:00,-21.02,-29.953657
2025-04-02 13:00:00+00:00,-10.0,-19.390476
2025-04-02 14:00:00+00:00,-1.73,-1.2493436
2025-04-02 15:00:00+00:00,15.37,12.672534
2025-04-02 16:00:00+00:00,88.84,73.977646
2025-04-02 17:00:00+00:00,125.35,111.77317
2025-04-02 18:00:00+00:00,114.0,118.14058
2025-04-02 19:00:00+00:00,96.07,98.64904
2025-04-02 20:00:00+00:00,82.63,85.61325
2025-04-02 21:00:00+00:00,71.43,73.839714
2025-04-02 22:00:00+00:00,67.0,56.806114
2025-04-02 23:00:00+00:00,67.0,58.107613
2025-04-03 00:00:00+00:00,67.0,62.002888
2025-04-03 01:00:00+00:00,68.95,64.07558
2025-04-03 02:00:00+00:00,71.0,68.72589
2025-04-03 03:00:00+00:00,86.22,79.12369
2025-04-03 04:00:00+00:00,129.71,108.49237
2025-04-03 05:00:00+00:00,162.77,144.58598
2025-04-03 06:00:00+00:00,133.3,146.71565
2025-04-03 07:00:00+00:00,79.11,107.89984
2025-04-03 08:00:00+00:00,40.47,54.15318
2025-04-03 09:00:00+00:00,-0.16,21.063122
2025-04-03 10:00:00+00:00,-1.19,-11.771136
2025-04-03 11:00:00+00:00,-8.4,-13.173483
2025-04-03 12:00:00+00:00,-5.85,-17.735119
2025-04-03 13:00:00+00:00,-0.27,-9.737718
2025-04-03 14:00:00+00:00,16.09,17.509861
2025-04-03 15:00:00+00:00,75.0,58.598217
2025-04-03 16:00:00+00:00,138.0,107.513596
2025-04-03 17:00:00+00:00,163.48,172.89719
2025-04-03 18:00:00+00:00,155.88,164.8947
2025-04-03 19:00:00+00:00,137.03,139.25662
2025-04-03 20:00:00+00:00,113.21,123.66172
2025-04-03 21:00:00+00:00,104.63,105.434944
2025-04-03 22:00:00+00:00,108.34,101.546364
2025-04-03 23:00:00+00:00,103.04,100.882545
2025-04-04 00:00:00+00:00,102.89,99.30952
2025-04-04 01:00:00+00:00,103.61,100.8041
2025-04-04 02:00:00+00:00,105.95,101.53914
2025-04-04 03:00:00+00:00,112.55,108.309
2025-04-04 04:00:00+00:00,152.67,143.01924
2025-04-04 05:00:00+00:00,180.17,175.56363
2025-04-04 06:00:00+00:00,139.4,162.49883
2025-04-04 07:00:00+00:00,95.68,112.59566
2025-04-04 08:00:00+00:00,65.0,71.005
2025-04-04 09:00:00+00:00,7.82,40.5383
2025-04-04 10:00:00+00:00,0.0,-0.4567266
2025-04-04 11:00:00+00:00,-1.31,-12.044941
2025-04-04 12:00:00+00:00,-1.21,-12.314708
2025-04-04 13:00:00+00:00,-0.13,1.2874497
2025-04-04 14:00:00+00:00,29.7,20.5959
2025-04-04 15:00:00+00:00,79.87,74.61989
2025-04-04 16:00:00+00:00,126.35,116.3463
2025-04-04 17:00:00+00:00,167.64,170.09511
2025-04-04 18:00:00+00:00,155.99,166.17168
2025-04-04 19:00:00+00:00,120.67,143.00789
2025-04-04 20:00:00+00:00,106.15,110.259834
2025-04-04 21:00:00+00:00,96.97,99.14905
2025-04-04 22:00:00+00:00,109.23,94.020836
2025-04-04 23:00:00+00:00,102.76,102.063835
2025-04-05 00:00:00+00:00,99.39,96.38784
2025-04-05 01:00:00+00:00,99.4,94.21453
2025-04-05 02:00:00+00:00,98.31,93.1827
2025-04-05 03:00:00+00:00,97.5,96.04345
2025-04-05 04:00:00+00:00,102.98,100.99492
2025-04-05 05:00:00+00:00,105.9,106.48254
2025-04-05 06:00:00+00:00,98.3,95.216736
2025-04-05 07:00:00+00:00,57.16,67.40084
2025-04-05 08:00:00+00:00,0.66,18.111546
2025-04-05 09:00:00+00:00,-0.94,-7.8004513
2025-04-05 10:00:00+00:00,-24.09,-22.773472
2025-04-05 11:00:00+00:00,-47.73,-50.29882
2025-04-05 12:00:00+00:00,-49.1,-76.209595
2025-04-05 13:00:00+00:00,-29.91,-60.361515
2025-04-05 14:00:00+00:00,-4.3,-41.035213
2025-04-05 15:00:00+00:00,0.0,7.507471
2025-04-05 16:00:00+00:00,70.0,31.968939
2025-04-05 17:00:00+00:00,99.4,85.915245
2025-04-05 18:00:00+00:00,98.9,93.937294
2025-04-05 19:00:00+00:00,84.25,85.361084
2025-04-05 20:00:00+00:00,78.99,70.431175
2025-04-05 21:00:00+00:00,68.75,61.101254
2025-04-05 22:00:00+00:00,70.45,46.124172
2025-04-05 23:00:00+00:00,61.0,48.152756
2025-04-06 00:00:00+00:00,62.72,47.196857
2025-04-06 01:00:00+00:00,68.28,53.083347
2025-04-06 02:00:00+00:00,69.95,60.198593
2025-04-06 03:00:00+00:00,77.43,61.30176
2025-04-06 04:00:00+00:00,76.54,69.726074
2025-04-06 05:00:00+00:00,78.11,65.13544
2025-04-06 06:00:00+00:00,41.79,52.760868
2025-04-06 07:00:00+00:00,0.1,16.94096
2025-04-06 08:00:00+00:00,-2.0,-21.38473
2025-04-06 09:00:00+00:00,-27.56,-30.842083
2025-04-06 10:00:00+00:00,-60.01,-51.955223
2025-04-06 11:00:00+00:00,-106.31,-93.3863
2025-04-06 12:00:00+00:00,-114.57,-91.81212
2025-04-06 13:00:00+00:00,-70.0,-80.56228
2025-04-06 14:00:00+00:00,-18.95,-44.070744
2025-04-06 15:00:00+00:00,1.76,-1.4351472
2025-04-06 16:00:00+00:00,112.41,55.88444
2025-04-06 17:00:00+00:00,131.56,137.55931
2025-04-06 18:00:00+00:00,132.9,129.4134
2025-04-06 19:00:00+00:00,121.38,113.61528
2025-04-06 20:00:00+00:00,111.84,106.61892
2025-04-06 21:00:00+00:00,100.03,98.595314
2025-04-06 22:00:00+00:00,86.71,93.00008
2025-04-06 23:00:00+00:00,85.0,83.572266
2025-04-07 00:00:00+00:00,81.73,82.094734
2025-04-07 01:00:00+00:00,83.53,80.80315
2025-04-07 02:00:00+00:00,85.45,83.828156
2025-04-07 03:00:00+00:00,98.74,94.18321
2025-04-07 04:00:00+00:00,131.1,130.67331
2025-04-07 05:00:00+00:00,175.97,162.80774
2025-04-07 06:00:00+00:00,144.61,165.4831
2025-04-07 07:00:00+00:00,107.1,123.72037
2025-04-07 08:00:00+00:00,83.37,86.91964
2025-04-07 09:00:00+00:00,65.0,58.640694
2025-04-07 10:00:00+00:00,11.8,36.332867
2025-04-07 11:00:00+00:00,2.19,-0.64522743
2025-04-07 12:00:00+00:00,3.94,-1.424294
2025-04-07 13:00:00+00:00,60.98,10.889988
2025-04-07 14:00:00+00:00,72.0,69.42035
2025-04-07 15:00:00+00:00,102.43,96.76835
2025-04-07 16:00:00+00:00,127.6,133.10912
2025-04-07 17:00:00+00:00,168.45,174.8905
2025-04-07 18:00:00+00:00,165.05,169.56216
2025-04-07 19:00:00+00:00,138.2,141.92519
2025-04-07 20:00:00+00:00,121.02,121.98697
2025-04-07 21:00:00+00:00,105.21,107.984314
2025-04-07 22:00:00+00:00,94.93,99.37611
2025-04-07 23:00:00+00:00,87.83,93.83351
2025-04-08 00:00:00+00:00,89.06,87.33611
2025-04-08 01:00:00+00:00,89.9,90.15415
2025-04-08 02:00:00+00:00,91.62,91.50218
2025-04-08 03:00:00+00:00,105.73,97.47202
2025-04-08 04:00:00+00:00,142.97,144.14859
2025-04-08 05:00:00+00:00,180.55,186.93956
2025-04-08 06:00:00+00:00,136.77,168.399
2025-04-08 07:00:00+00:00,91.3,113.42382
2025-04-08 08:00:00+00:00,76.47,77.06884
2025-04-08 09:00:00+00:00,61.09,54.14911
2025-04-08 10:00:00+00:00,19.57,41.25362
2025-04-08 11:00:00+00:00,16.83,9.205855
2025-04-08 12:00:00+00:00,28.59,15.486825
2025-04-08 13:00:00+00:00,57.47,42.615
2025-04-08 14:00:00+00:00,73.33,75.845604
2025-04-08 15:00:00+00:00,90.34,96.7461
2025-04-08 16:00:00+00:00,118.26,126.60935
2025-04-08 17:00:00+00:00,180.4,170.95636
2025-04-08 18:00:00+00:00,171.31,176.14597
2025-04-08 19:00:00+00:00,140.0,147.54683
2025-04-08 20:00:00+00:00,120.47,124.17536
2025-04-08 21:00:00+00:00,105.12,108.782455
2025-04-08 22:00:00+00:00,104.99,100.53188
2025-04-08 23:00:00+00:00,95.99,101.468346
2025-04-09 00:00:00+00:00,94.67,94.62447
2025-04-09 01:00:00+00:00,94.45,95.08778
2025-04-09 02:00:00+00:00,95.79,96.64431
2025-04-09 03:00:00+00:00,109.45,102.21671
2025-04-09 04:00:00+00:00,152.68,148.75838
2025-04-09 05:00:00+00:00,175.56,182.32475
2025-04-09 06:00:00+00:00,131.56,164.08752
2025-04-09 07:00:00+00:00,99.51,108.33244
2025-04-09 08:00:00+00:00,82.71,82.91124
2025-04-09 09:00:00+00:00,59.69,69.622314
2025-04-09 10:00:00+00:00,13.61,46.71748
2025-04-09 11:00:00+00:00,6.72,9.517162
2025-04-09 12:00:00+00:00,13.27,4.4272294
2025-04-09 13:00:00+00:00,34.87,25.352394
2025-04-09 14:00:00+00:00,62.98,53.03745
2025-04-09 15:00:00+00:00,83.5,86.960335
2025-04-09 16:00:00+00:00,103.48,109.34219
2025-04-09 17:00:00+00:00,131.57,139.94365
2025-04-09 18:00:00+00:00,138.73,139.80006
2025-04-09 19:00:00+00:00,111.23,122.16985
2025-04-09 20:00:00+00:00,101.94,103.89321
2025-04-09 21:00:00+00:00,98.51,96.14668
2025-04-09 22:00:00+00:00,92.9,92.88571
2025-04-09 23:00:00+00:00,89.55,91.039986
2025-04-10 00:00:00+00:00,88.9,88.17238
2025-04-10 01:00:00+00:00,87.92,88.78193
2025-04-10 02:00:00+00:00,90.0,89.76189
2025-04-10 03:00:00+00:00,97.54,97.174736
2025-04-10 04:00:00+00:00,132.44,129.08618
2025-04-10 05:00:00+00:00,170.59,173.91086
2025-04-10 06:00:00+00:00,135.44,166.40073
2025-04-10 07:00:00+00:00,102.4,115.90207
2025-04-10 08:00:00+00:00,85.71,90.52614
2025-04-10 09:00:00+00:00,66.34,75.90588
2025-04-10 10:00:00+00:00,34.95,57.61217
2025-04-10 11:00:00+00:00,2.18,27.634832
2025-04-10 12:00:00+00:00,0.08,1.6831737
2025-04-10 13:00:00+00:00,1.18,5.1297708
2025-04-10 14:00:00+00:00,54.44,26.54093
2025-04-10 15:00:00+00:00,70.0,76.806
2025-04-10 16:00:00+00:00,101.68,98.64022
2025-04-10 17:00:00+00:00,140.42,135.15125
2025-04-10 18:00:00+00:00,137.17,139.89601
2025-04-10 19:00:00+00:00,97.56,120.373825
2025-04-10 20:00:00+00:00,92.05,91.6104
2025-04-10 21:00:00+00:00,81.11,84.67615
2025-04-10 22:00:00+00:00,65.32,71.70043
2025-04-10 23:00:00+00:00,60.75,56.628822
2025-04-11 00:00:00+00:00,58.44,60.57304
2025-04-11 01:00:00+00:00,58.43,60.628998
2025-04-11 02:00:00+00:00,61.93,63.413094
2025-04-11 03:00:00+00:00,71.99,72.7729
2025-04-11 04:00:00+00:00,94.2,98.325714
2025-04-11 05:00:00+00:00,111.4,117.40687
2025-04-11 06:00:00+00:00,85.9,109.131096
2025-04-11 07:00:00+00:00,58.89,70.48986
2025-04-11 08:00:00+00:00,11.31,31.668468
2025-04-11 09:00:00+00:00,0.0,-6.2873735
2025-04-11 10:00:00+00:00,-3.0,-9.8446245
2025-04-11 11:00:00+00:00,-4.99,-17.404003
2025-04-11 12:00:00+00:00,-3.61,-15.586091
2025-04-11 13:00:00+00:00,-0.1,-4.264496
2025-04-11 14:00:00+00:00,0.0,8.596917
2025-04-11 15:00:00+00:00,70.15,45.281006
2025-04-11 16:00:00+00:00,110.69,103.939926
2025-04-11 17:00:00+00:00,133.4,147.84363
2025-04-11 18:00:00+00:00,155.0,148.09985
2025-04-11 19:00:00+00:00,130.46,135.53423
2025-04-11 20:00:00+00:00,119.1,117.855995
2025-04-11 21:00:00+00:00,105.49,108.57275
2025-04-11 22:00:00+00:00,107.84,103.73162
2025-04-11 23:00:00+00:00,104.41,103.93113
2025-04-12 00:00:00+00:00,100.93,102.39015
2025-04-12 01:00:00+00:00,98.15,100.45764
2025-04-12 02:00:00+00:00,98.99,95.88304
2025-04-12 03:00:00+00:00,99.08,98.4806
2025-04-12 04:00:00+00:00,104.42,107.903404
2025-04-12 05:00:00+00:00,99.74,108.1472
2025-04-12 06:00:00+00:00,95.49,91.54844
2025-04-12 07:00:00+00:00,67.26,73.3693
2025-04-12 08:00:00+00:00,20.19,28.518944
2025-04-12 09:00:00+00:00,0.0,-3.1847503
2025-04-12 10:00:00+00:00,-9.23,-14.146351
2025-04-12 11:00:00+00:00,-40.04,-33.749672
2025-04-12 12:00:00+00:00,-42.01,-85.297745
2025-04-12 13:00:00+00:00,-18.68,-83.52173
2025-04-12 14:00:00+00:00,-0.08,-24.0834
2025-04-12 15:00:00+00:00,59.47,18.545238
2025-04-12 16:00:00+00:00,111.31,89.224464
2025-04-12 17:00:00+00:00,150.06,142.82626
2025-04-12 18:00:00+00:00,120.89,143.1454
2025-04-12 19:00:00+00:00,91.0,105.67343
2025-04-12 20:00:00+00:00,86.27,82.49633
2025-04-12 21:00:00+00:00,64.27,73.10498
2025-04-12 22:00:00+00:00,63.99,48.7703
2025-04-12 23:00:00+00:00,56.0,46.972893
2025-04-13 00:00:00+00:00,42.36,45.633812
2025-04-13 01:00:00+00:00,29.5,35.14601
2025-04-13 02:00:00+00:00,32.06,23.430046
2025-04-13 03:00:00+00:00,34.48,27.46331
2025-04-13 04:00:00+00:00,29.41,31.012827
2025-04-13 05:00:00+00:00,27.75,22.721046
2025-04-13 06:00:00+00:00,12.87,14.770956
2025-04-13 07:00:00+00:00,8.43,0.24361475
2025-04-13 08:00:00+00:00,0.0,-9.182907
2025-04-13 09:00:00+00:00,-0.02,-11.160245
2025-04-13 10:00:00+00:00,-3.02,-10.663391
2025-04-13 11:00:00+00:00,-18.84,-14.7580805
2025-04-13 12:00:00+00:00,-25.38,-36.96526
2025-04-13 13:00:00+00:00,-9.93,-25.214102
2025-04-13 14:00:00+00:00,-0.01,-2.0518048
2025-04-13 15:00:00+00:00,17.56,19.595686
2025-04-13 16:00:00+00:00,98.63,76.97722
2025-04-13 17:00:00+00:00,120.65,123.76998
2025-04-13 18:00:00+00:00,118.01,127.31611
2025-04-13 19:00:00+00:00,108.06,114.060486
2025-04-13 20:00:00+00:00,103.35,107.38395
2025-04-13 21:00:00+00:00,94.98,102.42606
2025-04-13 22:00:00+00:00,87.56,91.89815
2025-04-13 23:00:00+00:00,82.69,86.50575
2025-04-14 00:00:00+00:00,82.11,84.77541
2025-04-14 01:00:00+00:00,82.29,85.60497
2025-04-14 02:00:00+00:00,84.52,85.92686
2025-04-14 03:00:00+00:00,97.1,91.43451
2025-04-14 04:00:00+00:00,124.34,125.26172
2025-04-14 05:00:00+00:00,152.03,157.20004
2025-04-14 06:00:00+00:00,143.7,142.27414
2025-04-14 07:00:00+00:00,104.7,120.67133
2025-04-14 08:00:00+00:00,91.02,87.212265
2025-04-14 09:00:00+00:00,77.07,73.42533
2025-04-14 10:00:00+00:00,62.35,60.184654
2025-04-14 11:00:00+00:00,61.64,46.22308
2025-04-14 12:00:00+00:00,64.36,53.038498
2025-04-14 13:00:00+00:00,75.29,67.00305
2025-04-14 14:00:00+00:00,84.6,87.49198
2025-04-14 15:00:00+00:00,97.02,101.339806
2025-04-14 16:00:00+00:00,119.35,122.44227
2025-04-14 17:00:00+00:00,180.0,159.99567
2025-04-14 18:00:00+00:00,140.61,172.37662
2025-04-14 19:00:00+00:00,102.83,126.14062
2025-04-14 20:00:00+00:00,82.59,96.51094
2025-04-14 21:00:00+00:00,76.0,79.777504
2025-04-14 22:00:00+00:00,72.93,68.82253
2025-04-14 23:00:00+00:00,73.2,62.9321
2025-04-15 00:00:00+00:00,67.38,63.97884
2025-04-15 01:00:00+00:00,64.29,61.85211
2025-04-15 02:00:00+00:00,66.3,62.7312
2025-04-15 03:00:00+00:00,70.42,72.568695
2025-04-15 04:00:00+00:00,83.03,91.25395
2025-04-15 05:00:00+00:00,96.99,99.4593
2025-04-15 06:00:00+00:00,98.56,95.455986
2025-04-15 07:00:00+00:00,65.0,82.13614
2025-04-15 08:00:00+00:00,48.93,41.598984
2025-04-15 09:00:00+00:00,2.92,27.601254
2025-04-15 10:00:00+00:00,0.08,0.1251432
2025-04-15 11:00:00+00:00,0.0,-4.343501
2025-04-15 12:00:00+00:00,0.1,-0.80122066
2025-04-15 13:00:00+00:00,29.27,14.204293
2025-04-15 14:00:00+00:00,68.08,55.82049
2025-04-15 15:00:00+00:00,86.57,89.90849
2025-04-15 16:00:00+00:00,105.28,115.55573
2025-04-15 17:00:00+00:00,133.58,133.11938
2025-04-15 18:00:00+00:00,141.54,134.69168
2025-04-15 19:00:00+00:00,110.58,129.28012
2025-04-15 20:00:00+00:00,102.21,108.04737
2025-04-15 21:00:00+00:00,93.76,99.3131
2025-04-15 22:00:00+00:00,88.01,94.788445
2025-04-15 23:00:00+00:00,82.04,85.42579
2025-04-16 00:00:00+00:00,82.2,82.30036
2025-04-16 01:00:00+00:00,81.4,83.0378
2025-04-16 02:00:00+00:00,82.99,83.448074
2025-04-16 03:00:00+00:00,99.4,94.12778
2025-04-16 04:00:00+00:00,121.0,128.51396
2025-04-16 05:00:00+00:00,135.14,141.83572
2025-04-16 06:00:00+00:00,109.94,123.74304
2025-04-16 07:00:00+00:00,94.82,95.397835
2025-04-16 08:00:00+00:00,79.75,79.75944
2025-04-16 09:00:00+00:00,64.08,70.08137
2025-04-16 10:00:00+00:00,35.3,54.986633
2025-04-16 11:00:00+00:00,22.4,37.571144
2025-04-16 12:00:00+00:00,24.94,33.379463
2025-04-16 13:00:00+00:00,55.0,42.00553
2025-04-16 14:00:00+00:00,68.0,68.74763
2025-04-16 15:00:00+00:00,93.16,89.21281
2025-04-16 16:00:00+00:00,118.0,120.80528
2025-04-16 17:00:00+00:00,146.52,146.81181
2025-04-16 18:00:00+00:00,136.48,147.75122
2025-04-16 19:00:00+00:00,121.0,121.78734
2025-04-16 20:00:00+00:00,109.69,106.930214
2025-04-16 21:00:00+00:00,98.59,99.665565
2025-04-16 22:00:00+00:00,88.99,92.46816
2025-04-16 23:00:00+00:00,83.99,84.679474
2025-04-17 00:00:00+00:00,81.67,82.962685
2025-04-17 01:00:00+00:00,80.07,81.998566
2025-04-17 02:00:00+00:00,81.28,82.993164
2025-04-17 03:00:00+00:00,87.43,87.81924
2025-04-17 04:00:00+00:00,108.02,113.74376
2025-04-17 05:00:00+00:00,122.8,143.37611
2025-04-17 06:00:00+00:00,130.0,130.08734
2025-04-17 07:00:00+00:00,121.0,114.05077
2025-04-17 08:00:00+00:00,110.0,101.69878
2025-04-17 09:00:00+00:00,95.03,94.149
2025-04-17 10:00:00+00:00,80.84,85.608444
2025-04-17 11:00:00+00:00,81.04,74.56138
2025-04-17 12:00:00+00:00,77.75,79.1113
2025-04-17 13:00:00+00:00,77.65,82.76312
2025-04-17 14:00:00+00:00,83.87,86.510216
2025-04-17 15:00:00+00:00,97.63,97.81141
2025-04-17 16:00:00+00:00,112.65,116.032555
2025-04-17 17:00:00+00:00,129.0,132.50581
2025-04-17 18:00:00+00:00,122.79,123.70419
2025-04-17 19:00:00+00:00,114.76,109.18107
2025-04-17 20:00:00+00:00,98.9,103.31966
2025-04-17 21:00:00+00:00,96.52,92.725586
2025-04-17 22:00:00+00:00,91.0,90.158806
2025-04-17 23:00:00+00:00,81.3,86.69271
2025-04-18 00:00:00+00:00,79.12,81.47295
2025-04-18 01:00:00+00:00,77.94,79.36377
2025-04-18 02:00:00+00:00,76.34,78.63857
2025-04-18 03:00:00+00:00,76.35,80.15006
2025-04-18 04:00:00+00:00,79.39,84.64486
2025-04-18 05:00:00+00:00,87.98,88.786934
2025-04-18 06:00:00+00:00,91.25,94.195045
2025-04-18 07:00:00+00:00,90.14,91.05157
2025-04-18 08:00:00+00:00,88.3,89.459
2025-04-18 09:00:00+00:00,83.28,85.36817
2025-04-18 10:00:00+00:00,75.03,82.43451
2025-04-18 11:00:00+00:00,63.75,76.13818
2025-04-18 12:00:00+00:00,62.64,66.91755
2025-04-18 13:00:00+00:00,65.36,69.265495
2025-04-18 14:00:00+00:00,76.61,75.16049
2025-04-18 15:00:00+00:00,88.64,91.21527
2025-04-18 16:00:00+00:00,103.5,108.35453
2025-04-18 17:00:00+00:00,123.12,127.16414
2025-04-18 18:00:00+00:00,126.52,129.94722
2025-04-18 19:00:00+00:00,116.52,116.07287
2025-04-18 20:00:00+00:00,106.35,110.48829
2025-04-18 21:00:00+00:00,99.12,99.63547
2025-04-18 22:00:00+00:00,89.32,95.93264
2025-04-18 23:00:00+00:00,80.01,88.53605
2025-04-19 00:00:00+00:00,84.45,81.286835
2025-04-19 01:00:00+00:00,82.39,84.90768
2025-04-19 02:00:00+00:00,84.98,84.709
2025-04-19 03:00:00+00:00,90.62,87.125465
2025-04-19 04:00:00+00:00,95.2,98.2287
2025-04-19 05:00:00+00:00,91.67,97.94655
2025-04-19 06:00:00+00:00,83.89,90.665955
2025-04-19 07:00:00+00:00,76.43,70.14053
2025-04-19 08:00:00+00:00,29.99,52.826645
2025-04-19 09:00:00+00:00,4.54,14.816531
2025-04-19 10:00:00+00:00,0.0,-3.2410429
2025-04-19 11:00:00+00:00,-3.01,-6.5742493
2025-04-19 12:00:00+00:00,-7.26,-10.100723
2025-04-19 13:00:00+00:00,-0.86,-2.9441552
2025-04-19 14:00:00+00:00,0.2,11.713516
2025-04-19 15:00:00+00:00,64.01,50.407085
2025-04-19 16:00:00+00:00,102.77,98.93668
2025-04-19 17:00:00+00:00,126.84,142.40125
2025-04-19 18:00:00+00:00,142.71,136.23245
2025-04-19 19:00:00+00:00,127.36,129.24162
2025-04-19 20:00:00+00:00,109.55,113.7935
2025-04-19 21:00:00+00:00,98.27,100.9307
2025-04-19 22:00:00+00:00,100.41,92.13869
2025-04-19 23:00:00+00:00,94.9,93.51044
2025-04-20 00:00:00+00:00,98.98,87.57942
2025-04-20 01:00:00+00:00,97.41,91.79556
2025-04-20 02:00:00+00:00,98.83,91.650215
2025-04-20 03:00:00+00:00,108.64,92.02704
2025-04-20 04:00:00+00:00,109.38,106.53556
2025-04-20 05:00:00+00:00,94.32,101.09779
2025-04-20 06:00:00+00:00,68.6,69.35328
2025-04-20 07:00:00+00:00,18.63,35.24428
2025-04-20 08:00:00+00:00,0.0,-4.6639767
2025-04-20 09:00:00+00:00,-5.72,-21.714874
2025-04-20 10:00:00+00:00,-34.99,-44.81271
2025-04-20 11:00:00+00:00,-52.42,-101.19742
2025-04-20 12:00:00+00:00,-40.05,-99.31424
2025-04-20 13:00:00+00:00,-4.76,-76.83591
2025-04-20 14:00:00+00:00,0.0,-6.0087347
2025-04-20 15:00:00+00:00,72.42,34.08715
2025-04-20 16:00:00+00:00,106.81,105.03856
2025-04-20 17:00:00+00:00,119.94,143.22093
2025-04-20 18:00:00+00:00,144.95,135.83109
2025-04-20 19:00:00+00:00,137.56,134.61691
2025-04-20 20:00:00+00:00,121.82,130.443
2025-04-20 21:00:00+00:00,110.68,109.60784
2025-04-20 22:00:00+00:00,108.58,101.089455
2025-04-20 23:00:00+00:00,97.59,100.70539
2025-04-21 00:00:00+00:00,96.47,92.81082
2025-04-21 01:00:00+00:00,96.84,91.83413
2025-04-21 02:00:00+00:00,97.98,92.134544
2025-04-21 03:00:00+00:00,98.54,100.73843
2025-04-21 04:00:00+00:00,97.07,116.07842
2025-04-21 05:00:00+00:00,91.31,109.65958
2025-04-21 06:00:00+00:00,88.5,94.17392
2025-04-21 07:00:00+00:00,87.99,72.08896
2025-04-21 08:00:00+00:00,65.24,67.06751
2025-04-21 09:00:00+00:00,33.88,41.646088
2025-04-21 10:00:00+00:00,17.19,23.784552
2025-04-21 11:00:00+00:00,8.91,12.365165
2025-04-21 12:00:00+00:00,8.43,6.1435947
2025-04-21 13:00:00+00:00,10.01,19.512466
2025-04-21 14:00:00+00:00,50.05,40.43607
2025-04-21 15:00:00+00:00,88.77,77.03267
2025-04-21 16:00:00+00:00,101.95,120.82418
2025-04-21 17:00:00+00:00,121.95,147.09128
2025-04-21 18:00:00+00:00,139.14,139.77493
2025-04-21 19:00:00+00:00,132.1,125.3951
2025-04-21 20:00:00+00:00,122.77,117.781334
2025-04-21 21:00:00+00:00,106.54,105.88882
2025-04-21 22:00:00+00:00,96.21,97.28235
2025-04-21 23:00:00+00:00,88.8,89.947464
2025-04-22 00:00:00+00:00,87.4,86.62268
2025-04-22 01:00:00+00:00,85.01,85.599144
2025-04-22 02:00:00+00:00,84.58,84.37325
2025-04-22 03:00:00+00:00,97.39,88.4003
2025-04-22 04:00:00+00:00,120.76,111.00235
2025-04-22 05:00:00+00:00,151.54,130.32834
2025-04-22 06:00:00+00:00,147.0,136.60838
2025-04-22 07:00:00+00:00,111.88,120.05725
2025-04-22 08:00:00+00:00,95.2,93.76212
2025-04-22 09:00:00+00:00,89.97,82.970695
2025-04-22 10:00:00+00:00,79.92,79.488556
2025-04-22 11:00:00+00:00,67.66,71.50841
2025-04-22 12:00:00+00:00,71.47,67.59121
2025-04-22 13:00:00+00:00,78.45,80.61314
2025-04-22 14:00:00+00:00,83.07,88.81287
2025-04-22 15:00:00+00:00,100.04,97.33402
2025-04-22 16:00:00+00:00,122.38,121.18999
2025-04-22 17:00:00+00:00,192.32,153.61314
2025-04-22 18:00:00+00:00,263.2,197.72597
2025-04-22 19:00:00+00:00,157.28,189.57228
2025-04-22 20:00:00+00:00,122.28,141.27457
2025-04-22 21:00:00+00:00,109.6,112.54914
2025-04-22 22:00:00+00:00,106.72,104.83839
2025-04-22 23:00:00+00:00,99.4,103.427734
2025-04-23 00:00:00+00:00,96.84,98.21893
2025-04-23 01:00:00+00:00,96.7,95.63726
2025-04-23 02:00:00+00:00,101.2,96.39688
2025-04-23 03:00:00+00:00,108.23,105.65939
2025-04-23 04:00:00+00:00,137.09,138.74437
2025-04-23 05:00:00+00:00,152.0,159.21252
2025-04-23 06:00:00+00:00,128.84,138.34966
2025-04-23 07:00:00+00:00,100.0,106.65371
2025-04-23 08:00:00+00:00,92.0,84.92569
2025-04-23 09:00:00+00:00,94.39,78.93988
2025-04-23 10:00:00+00:00,81.04,79.43474
2025-04-23 11:00:00+00:00,80.29,69.75756
2025-04-23 12:00:00+00:00,88.0,77.06336
2025-04-23 13:00:00+00:00,92.35,90.38688
2025-04-23 14:00:00+00:00,99.05,99.20496
2025-04-23 15:00:00+00:00,108.28,117.3621
2025-04-23 16:00:00+00:00,128.9,142.14903
2025-04-23 17:00:00+00:00,155.97,165.00208
2025-04-23 18:00:00+00:00,148.67,159.0159
2025-04-23 19:00:00+00:00,126.11,130.7586
2025-04-23 20:00:00+00:00,108.2,112.55043
2025-04-23 21:00:00+00:00,97.15,99.94489
2025-04-23 22:00:00+00:00,94.17,92.25603
2025-04-23 23:00:00+00:00,88.3,91.6141
2025-04-24 00:00:00+00:00,86.7,87.84514
2025-04-24 01:00:00+00:00,85.65,86.981445
2025-04-24 02:00:00+00:00,84.35,88.08287
2025-04-24 03:00:00+00:00,90.93,92.16359
2025-04-24 04:00:00+00:00,110.34,113.60557
2025-04-24 05:00:00+00:00,118.51,134.33714
2025-04-24 06:00:00+00:00,117.65,129.59874
2025-04-24 07:00:00+00:00,108.91,110.122116
2025-04-24 08:00:00+00:00,96.67,99.91282
2025-04-24 09:00:00+00:00,93.55,89.76796
2025-04-24 10:00:00+00:00,81.56,89.00458
2025-04-24 11:00:00+00:00,78.95,78.38533
2025-04-24 12:00:00+00:00,78.04,78.88666
2025-04-24 13:00:00+00:00,78.72,85.83119
2025-04-24 14:00:00+00:00,83.37,90.0155
2025-04-24 15:00:00+00:00,95.36,100.48929
2025-04-24 16:00:00+00:00,101.02,115.38389
2025-04-24 17:00:00+00:00,114.64,125.44885
2025-04-24 18:00:00+00:00,121.61,126.43921
2025-04-24 19:00:00+00:00,114.48,115.139595
2025-04-24 20:00:00+00:00,106.53,106.22582
2025-04-24 21:00:00+00:00,93.1,98.225334
2025-04-24 22:00:00+00:00,91.03,91.15725
2025-04-24 23:00:00+00:00,82.92,88.88493
2025-04-25 00:00:00+00:00,82.23,83.466034
2025-04-25 01:00:00+00:00,83.4,84.26411
2025-04-25 02:00:00+00:00,84.95,85.64857
2025-04-25 03:00:00+00:00,94.64,89.711876
2025-04-25 04:00:00+00:00,104.41,112.37485
2025-04-25 05:00:00+00:00,113.39,127.64748
2025-04-25 06:00:00+00:00,111.0,130.04199
2025-04-25 07:00:00+00:00,99.41,106.15143
2025-04-25 08:00:00+00:00,88.17,92.422005
2025-04-25 09:00:00+00:00,75.45,83.00917
2025-04-25 10:00:00+00:00,66.61,73.262405
2025-04-25 11:00:00+00:00,48.03,64.961075
2025-04-25 12:00:00+00:00,40.99,51.836143
2025-04-25 13:00:00+00:00,59.47,52.46194
2025-04-25 14:00:00+00:00,73.04,72.233665
2025-04-25 15:00:00+00:00,84.19,91.00246
2025-04-25 16:00:00+00:00,99.43,107.13519
2025-04-25 17:00:00+00:00,115.99,122.830246
2025-04-25 18:00:00+00:00,123.78,130.22577
2025-04-25 19:00:00+00:00,109.63,116.22503
2025-04-25 20:00:00+00:00,100.37,105.90951
2025-04-25 21:00:00+00:00,92.09,100.692924
2025-04-25 22:00:00+00:00,100.0,93.612434
2025-04-25 23:00:00+00:00,92.19,95.993385
2025-04-26 00:00:00+00:00,91.02,92.72414
2025-04-26 01:00:00+00:00,89.66,91.8989
2025-04-26 02:00:00+00:00,89.01,90.829765
2025-04-26 03:00:00+00:00,90.86,90.56632
2025-04-26 04:00:00+00:00,93.01,97.10861
2025-04-26 05:00:00+00:00,86.33,94.18504
2025-04-26 06:00:00+00:00,72.19,77.17061
2025-04-26 07:00:00+00:00,34.45,51.917423
2025-04-26 08:00:00+00:00,2.55,13.820513
2025-04-26 09:00:00+00:00,-0.01,-10.102025
2025-04-26 10:00:00+00:00,-7.63,-14.054527
2025-04-26 11:00:00+00:00,-14.85,-26.781437
2025-04-26 12:00:00+00:00,-10.77,-36.458122
2025-04-26 13:00:00+00:00,-2.19,-7.7477527
2025-04-26 14:00:00+00:00,-0.02,1.1205337
2025-04-26 15:00:00+00:00,30.99,16.262766
2025-04-26 16:00:00+00:00,79.0,76.68731
2025-04-26 17:00:00+00:00,99.81,112.78954
2025-04-26 18:00:00+00:00,107.4,114.822426
2025-04-26 19:00:00+00:00,96.85,99.186165
2025-04-26 20:00:00+00:00,85.26,87.883255
2025-04-26 21:00:00+00:00,72.31,70.48396
2025-04-26 22:00:00+00:00,67.71,50.28994
2025-04-26 23:00:00+00:00,62.91,47.086174
2025-04-27 00:00:00+00:00,57.96,48.45523
2025-04-27 01:00:00+00:00,59.12,46.980473
2025-04-27 02:00:00+00:00,61.94,48.59954
2025-04-27 03:00:00+00:00,69.05,54.859673
2025-04-27 04:00:00+00:00,69.14,59.54786
2025-04-27 05:00:00+00:00,63.72,53.857414
2025-04-27 06:00:00+00:00,34.95,39.655823
2025-04-27 07:00:00+00:00,0.04,10.831121
2025-04-27 08:00:00+00:00,-3.0,-16.691092
2025-04-27 09:00:00+00:00,-33.88,-28.247314
2025-04-27 10:00:00+00:00,-101.04,-113.17754
2025-04-27 11:00:00+00:00,-129.81,-151.79349
2025-04-27 12:00:00+00:00,-116.61,-149.19371
2025-04-27 13:00:00+00:00,-50.0,-125.94398
2025-04-27 14:00:00+00:00,-5.17,-97.43843
2025-04-27 15:00:00+00:00,18.35,9.22744
2025-04-27 16:00:00+00:00,91.98,84.85906
2025-04-27 17:00:00+00:00,110.83,140.85748
2025-04-27 18:00:00+00:00,124.23,137.93188
2025-04-27 19:00:00+00:00,109.24,127.817474
2025-04-27 20:00:00+00:00,99.0,114.76035
2025-04-27 21:00:00+00:00,93.77,104.74731
2025-04-27 22:00:00+00:00,92.24,98.834366
2025-04-27 23:00:00+00:00,86.49,93.81666
2025-04-28 00:00:00+00:00,83.1,92.8584
2025-04-28 01:00:00+00:00,85.41,88.79002
2025-04-28 02:00:00+00:00,91.19,94.24412
2025-04-28 03:00:00+00:00,99.49,113.18097
2025-04-28 04:00:00+00:00,140.0,128.72954
2025-04-28 05:00:00+00:00,131.09,142.76915
2025-04-28 06:00:00+00:00,96.85,118.731865
2025-04-28 07:00:00+00:00,67.37,80.902824
2025-04-28 08:00:00+00:00,10.03,43.802856
2025-04-28 09:00:00+00:00,-0.01,-3.2637854
2025-04-28 10:00:00+00:00,-4.02,-20.06157
2025-04-28 11:00:00+00:00,-5.9,-19.271091
2025-04-28 12:00:00+00:00,-6.18,-16.616924
2025-04-28 13:00:00+00:00,-1.54,-4.5273166
2025-04-28 14:00:00+00:00,2.01,13.169771
2025-04-28 15:00:00+00:00,71.83,57.108887
2025-04-28 16:00:00+00:00,101.92,108.57715
2025-04-28 17:00:00+00:00,149.9,142.05424
2025-04-28 18:00:00+00:00,194.81,170.11148
2025-04-28 19:00:00+00:00,128.83,161.2604
2025-04-28 20:00:00+00:00,106.24,120.02883
2025-04-28 21:00:00+00:00,96.83,103.23562
2025-04-28 22:00:00+00:00,90.64,93.89388
2025-04-28 23:00:00+00:00,86.86,91.386024
2025-04-29 00:00:00+00:00,81.76,86.90167
2025-04-29 01:00:00+00:00,79.17,84.4667
2025-04-29 02:00:00+00:00,80.03,82.413055
2025-04-29 03:00:00+00:00,90.57,92.30919
2025-04-29 04:00:00+00:00,107.0,123.55477
2025-04-29 05:00:00+00:00,113.13,131.37158
2025-04-29 06:00:00+00:00,99.98,112.94962
2025-04-29 07:00:00+00:00,78.0,84.28347
2025-04-29 08:00:00+00:00,9.31,52.04472
2025-04-29 09:00:00+00:00,0.0,5.342089
2025-04-29 10:00:00+00:00,-0.76,-7.5971594
2025-04-29 11:00:00+00:00,-1.9,-12.074249
2025-04-29 12:00:00+00:00,-1.67,-8.830867
2025-04-29 13:00:00+00:00,-0.01,-0.28168225
2025-04-29 14:00:00+00:00,14.82,21.497473
2025-04-29 15:00:00+00:00,77.6,70.281425
2025-04-29 16:00:00+00:00,102.0,115.47327
2025-04-29 17:00:00+00:00,139.83,145.64551
2025-04-29 18:00:00+00:00,174.75,168.64125
2025-04-29 19:00:00+00:00,129.11,152.42635
2025-04-29 20:00:00+00:00,108.83,117.31767
2025-04-29 21:00:00+00:00,97.82,102.93406
2025-04-29 22:00:00+00:00,95.0,99.76422
2025-04-29 23:00:00+00:00,90.0,96.27198
2025-04-30 00:00:00+00:00,87.59,90.55777
2025-04-30 01:00:00+00:00,88.25,88.5779
2025-04-30 02:00:00+00:00,91.4,95.03197
2025-04-30 03:00:00+00:00,95.83,106.10146
2025-04-30 04:00:00+00:00,115.27,127.39503
2025-04-30 05:00:00+00:00,120.3,133.31152
2025-04-30 06:00:00+00:00,99.9,114.25726
2025-04-30 07:00:00+00:00,76.7,82.65955
2025-04-30 08:00:00+00:00,7.08,52.213017
2025-04-30 09:00:00+00:00,0.0,-1.2982429
2025-04-30 10:00:00+00:00,-1.0,-10.834543
2025-04-30 11:00:00+00:00,-6.21,-13.643573
2025-04-30 12:00:00+00:00,-3.0,-16.0296
2025-04-30 13:00:00+00:00,-0.02,-1.5085456
2025-04-30 14:00:00+00:00,19.91,16.676939
2025-04-30 15:00:00+00:00,78.39,74.001785
2025-04-30 16:00:00+00:00,101.8,117.554955
2025-04-30 17:00:00+00:00,130.37,145.87729
2025-04-30 18:00:00+00:00,176.43,156.6309
2025-04-30 19:00:00+00:00,128.0,157.18149
2025-04-30 20:00:00+00:00,108.33,115.671974
2025-04-30 21:00:00+00:00,98.68,98.52685
2025-04-30 22:00:00+00:00,97.51,94.4334
2025-04-30 23:00:00+00:00,91.78,92.89411
2025-05-01 00:00:00+00:00,90.46,89.487564
2025-05-01 01:00:00+00:00,90.63,89.38853
2025-05-01 02:00:00+00:00,90.5,90.56959
2025-05-01 03:00:00+00:00,84.16,95.94972
2025-05-01 04:00:00+00:00,83.94,98.6691
2025-05-01 05:00:00+00:00,78.04,87.49828
2025-05-01 06:00:00+00:00,62.1,57.622402
2025-05-01 07:00:00+00:00,0.0,28.11705
2025-05-01 08:00:00+00:00,-3.0,-15.278937
2025-05-01 09:00:00+00:00,-40.1,-30.373379
2025-05-01 10:00:00+00:00,-85.01,-94.77215
2025-05-01 11:00:00+00:00,-129.99,-106.07847
2025-05-01 12:00:00+00:00,-118.11,-201.33322
2025-05-01 13:00:00+00:00,-49.99,-196.05328
2025-05-01 14:00:00+00:00,-5.17,-136.88705
2025-05-01 15:00:00+00:00,40.77,-5.828323
2025-05-01 16:00:00+00:00,96.14,79.581116
2025-05-01 17:00:00+00:00,129.87,137.93347
2025-05-01 18:00:00+00:00,164.38,151.6393
2025-05-01 19:00:00+00:00,122.45,144.77873
2025-05-01 20:00:00+00:00,100.73,113.20704
2025-05-01 21:00:00+00:00,87.1,93.574455
2025-05-01 22:00:00+00:00,89.92,78.83791
2025-05-01 23:00:00+00:00,77.12,78.87701
2025-05-02 00:00:00+00:00,66.9,67.07445
2025-05-02 01:00:00+00:00,63.91,58.680847
2025-05-02 02:00:00+00:00,66.0,58.16303
2025-05-02 03:00:00+00:00,74.01,67.56448
2025-05-02 04:00:00+00:00,86.83,80.757225
2025-05-02 05:00:00+00:00,88.55,83.49018
2025-05-02 06:00:00+00:00,84.9,64.12952
2025-05-02 07:00:00+00:00,55.0,38.177216
2025-05-02 08:00:00+00:00,0.85,4.060316
2025-05-02 09:00:00+00:00,-0.01,-38.080883
2025-05-02 10:00:00+00:00,-0.8,-28.6749
2025-05-02 11:00:00+00:00,-3.0,-28.575338
2025-05-02 12:00:00+00:00,-4.0,-19.55389
2025-05-02 13:00:00+00:00,-0.08,-7.742294
2025-05-02 14:00:00+00:00,0.3,7.7406573
2025-05-02 15:00:00+00:00,67.5,29.856249
2025-05-02 16:00:00+00:00,99.9,95.64779
2025-05-02 17:00:00+00:00,118.39,128.93709
2025-05-02 18:00:00+00:00,150.4,136.15236
2025-05-02 19:00:00+00:00,121.24,136.03098
2025-05-02 20:00:00+00:00,106.72,112.03802
2025-05-02 21:00:00+00:00,96.44,99.844574
2025-05-02 22:00:00+00:00,97.81,94.24021
2025-05-02 23:00:00+00:00,93.34,92.01054
2025-05-03 00:00:00+00:00,92.2,87.973694
2025-05-03 01:00:00+00:00,92.0,87.71117
2025-05-03 02:00:00+00:00,91.23,87.499886
2025-05-03 03:00:00+00:00,91.84,88.42101
2025-05-03 04:00:00+00:00,92.86,87.53247
2025-05-03 05:00:00+00:00,87.73,81.58126
2025-05-03 06:00:00+00:00,79.9,67.82696
2025-05-03 07:00:00+00:00,13.53,54.76247
2025-05-03 08:00:00+00:00,0.01,11.663547
2025-05-03 09:00:00+00:00,-0.01,4.899211
2025-05-03 10:00:00+00:00,-1.16,-1.0879843
2025-05-03 11:00:00+00:00,-3.04,-9.574564
2025-05-03 12:00:00+00:00,-2.69,-7.983696
2025-05-03 13:00:00+00:00,-0.03,0.4763793
2025-05-03 14:00:00+00:00,0.0,8.315437
2025-05-03 15:00:00+00:00,28.87,25.539701
2025-05-03 16:00:00+00:00,68.11,71.957924
2025-05-03 17:00:00+00:00,77.54,91.59684
2025-05-03 18:00:00+00:00,90.27,83.782845
2025-05-03 19:00:00+00:00,87.02,86.16321
2025-05-03 20:00:00+00:00,78.63,79.12068
2025-05-03 21:00:00+00:00,65.91,62.14869
2025-05-03 22:00:00+00:00,60.3,46.836296
2025-05-03 23:00:00+00:00,44.9,41.83492
2025-05-04 00:00:00+00:00,31.47,29.829697
2025-05-04 01:00:00+00:00,20.39,18.015574
2025-05-04 02:00:00+00:00,20.02,13.357484
2025-05-04 03:00:00+00:00,15.58,13.386888
2025-05-04 04:00:00+00:00,13.62,13.453877
2025-05-04 05:00:00+00:00,7.83,8.789131
2025-05-04 06:00:00+00:00,2.93,-0.91921836
2025-05-04 07:00:00+00:00,0.0,-7.4807496
2025-05-04 08:00:00+00:00,-0.01,-11.142896
2025-05-04 09:00:00+00:00,-0.01,-10.765397
2025-05-04 10:00:00+00:00,-0.02,-10.751019
2025-05-04 11:00:00+00:00,-2.0,-7.844028
2025-05-04 12:00:00+00:00,-5.01,-11.316127
2025-05-04 13:00:00+00:00,-1.59,-6.3224964
2025-05-04 14:00:00+00:00,-0.01,3.529676
2025-05-04 15:00:00+00:00,10.07,18.882627
2025-05-04 16:00:00+00:00,80.08,52.417206
2025-05-04 17:00:00+00:00,95.95,106.43337
2025-05-04 18:00:00+00:00,109.0,113.62739
2025-05-04 19:00:00+00:00,112.38,106.36097
2025-05-04 20:00:00+00:00,101.79,103.409096
2025-05-04 21:00:00+00:00,87.35,93.98533
2025-05-04 22:00:00+00:00,75.18,80.30468
2025-05-04 23:00:00+00:00,70.51,69.98916
2025-05-05 00:00:00+00:00,72.25,68.36457
2025-05-05 01:00:00+00:00,75.15,71.09256
2025-05-05 02:00:00+00:00,74.98,75.242744
2025-05-05 03:00:00+00:00,89.49,87.09798
2025-05-05 04:00:00+00:00,110.92,118.11106
2025-05-05 05:00:00+00:00,122.57,124.60882
2025-05-05 06:00:00+00:00,106.69,108.11396
2025-05-05 07:00:00+00:00,90.82,86.807175
2025-05-05 08:00:00+00:00,80.0,71.741776
2025-05-05 09:00:00+00:00,61.65,65.66046
2025-05-05 10:00:00+00:00,53.83,51.109867
2025-05-05 11:00:00+00:00,49.66,45.97374
2025-05-05 12:00:00+00:00,59.3,47.596165
2025-05-05 13:00:00+00:00,70.42,63.58726
2025-05-05 14:00:00+00:00,78.88,78.3344
2025-05-05 15:00:00+00:00,89.22,89.09485
2025-05-05 16:00:00+00:00,100.1,104.712906
2025-05-05 17:00:00+00:00,128.92,123.47183
2025-05-05 18:00:00+00:00,128.0,141.228
2025-05-05 19:00:00+00:00,113.17,114.39264
2025-05-05 20:00:00+00:00,101.52,100.03032
2025-05-05 21:00:00+00:00,94.46,93.39995
2025-05-05 22:00:00+00:00,87.22,87.48662
2025-05-05 23:00:00+00:00,81.68,81.41364
2025-05-06 00:00:00+00:00,81.29,80.211395
2025-05-06 01:00:00+00:00,79.96,81.482635
2025-05-06 02:00:00+00:00,82.39,81.78293
2025-05-06 03:00:00+00:00,97.08,90.640015
2025-05-06 04:00:00+00:00,114.57,112.41774
2025-05-06 05:00:00+00:00,121.86,119.93857
2025-05-06 06:00:00+00:00,108.37,104.16185
2025-05-06 07:00:00+00:00,83.08,87.69766
2025-05-06 08:00:00+00:00,72.27,62.75609
2025-05-06 09:00:00+00:00,59.89,46.024754
2025-05-06 10:00:00+00:00,42.81,40.25424
2025-05-06 11:00:00+00:00,38.17,27.00465
2025-05-06 12:00:00+00:00,45.44,23.849522
2025-05-06 13:00:00+00:00,65.0,38.9294
2025-05-06 14:00:00+00:00,73.73,63.631805
2025-05-06 15:00:00+00:00,89.99,82.696884
2025-05-06 16:00:00+00:00,106.89,104.24955
2025-05-06 17:00:00+00:00,134.09,130.36572
2025-05-06 18:00:00+00:00,161.18,147.92493
2025-05-06 19:00:00+00:00,136.6,139.52994
2025-05-06 20:00:00+00:00,118.28,119.11955
2025-05-06 21:00:00+00:00,101.27,105.36423
2025-05-06 22:00:00+00:00,92.67,97.27817
2025-05-06 23:00:00+00:00,87.05,90.47376
2025-05-07 00:00:00+00:00,85.63,86.34843
2025-05-07 01:00:00+00:00,88.6,86.02707
2025-05-07 02:00:00+00:00,95.16,89.4389
2025-05-07 03:00:00+00:00,108.57,103.55492
2025-05-07 04:00:00+00:00,131.68,129.36937
2025-05-07 05:00:00+00:00,143.95,132.5432
2025-05-07 06:00:00+00:00,125.0,124.53324
2025-05-07 07:00:00+00:00,96.43,102.956474
2025-05-07 08:00:00+00:00,82.41,80.36034
2025-05-07 09:00:00+00:00,73.3,65.79076
2025-05-07 10:00:00+00:00,64.43,55.722267
2025-05-07 11:00:00+00:00,63.92,51.667763
2025-05-07 12:00:00+00:00,68.04,57.01212
2025-05-07 13:00:00+00:00,75.0,68.1358
2025-05-07 14:00:00+00:00,81.8,84.77119
2025-05-07 15:00:00+00:00,95.85,97.082306
2025-05-07 16:00:00+00:00,108.49,114.415
2025-05-07 17:00:00+00:00,128.93,137.63033
2025-05-07 18:00:00+00:00,147.15,148.47025
2025-05-07 19:00:00+00:00,125.18,130.7015
2025-05-07 20:00:00+00:00,108.49,112.12929
2025-05-07 21:00:00+00:00,96.59,98.708725
2025-05-07 22:00:00+00:00,95.86,91.42498
2025-05-07 23:00:00+00:00,91.66,90.558815
2025-05-08 00:00:00+00:00,91.51,88.94189
2025-05-08 01:00:00+00:00,93.18,89.29605
2025-05-08 02:00:00+00:00,96.09,92.842415
2025-05-08 03:00:00+00:00,109.25,103.02645
2025-05-08 04:00:00+00:00,124.27,133.55882
2025-05-08 05:00:00+00:00,138.73,138.57755
2025-05-08 06:00:00+00:00,124.11,123.14758
2025-05-08 07:00:00+00:00,101.13,104.670074
2025-05-08 08:00:00+00:00,87.81,82.824165
2025-05-08 09:00:00+00:00,75.34,69.13824
2025-05-08 10:00:00+00:00,64.25,56.25791
2025-05-08 11:00:00+00:00,63.75,50.27265
2025-05-08 12:00:00+00:00,70.05,59.08511
2025-05-08 13:00:00+00:00,78.77,75.28536
2025-05-08 14:00:00+00:00,85.3,86.95342
2025-05-08 15:00:00+00:00,91.63,97.89238
2025-05-08 16:00:00+00:00,109.09,109.3161
2025-05-08 17:00:00+00:00,134.96,139.76814
2025-05-08 18:00:00+00:00,185.08,165.15588
2025-05-08 19:00:00+00:00,143.18,156.52946
2025-05-08 20:00:00+00:00,114.77,125.50356
2025-05-08 21:00:00+00:00,106.48,103.98295
2025-05-08 22:00:00+00:00,102.27,99.69262
2025-05-08 23:00:00+00:00,96.55,97.533844
2025-05-09 00:00:00+00:00,93.76,93.46739
2025-05-09 01:00:00+00:00,95.09,93.48381
2025-05-09 02:00:00+00:00,100.28,94.38367
2025-05-09 03:00:00+00:00,112.4,108.50553
2025-05-09 04:00:00+00:00,141.0,135.79022
2025-05-09 05:00:00+00:00,136.03,136.49487
2025-05-09 06:00:00+00:00,100.61,118.60991
2025-05-09 07:00:00+00:00,82.0,86.339516
2025-05-09 08:00:00+00:00,51.6,60.21695
2025-05-09 09:00:00+00:00,0.1,22.765205
2025-05-09 10:00:00+00:00,-0.74,-4.9216566
2025-05-09 11:00:00+00:00,-0.04,-9.088218
2025-05-09 12:00:00+00:00,-0.01,-3.306051
2025-05-09 13:00:00+00:00,0.09,5.178511
2025-05-09 14:00:00+00:00,52.66,14.159777
2025-05-09 15:00:00+00:00,79.06,75.718056
2025-05-09 16:00:00+00:00,98.9,107.68971
2025-05-09 17:00:00+00:00,120.0,133.36592
2025-05-09 18:00:00+00:00,149.13,149.71866
2025-05-09 19:00:00+00:00,130.35,140.71983
2025-05-09 20:00:00+00:00,107.32,118.451614
2025-05-09 21:00:00+00:00,98.32,98.90534
2025-05-09 22:00:00+00:00,105.22,93.93091
2025-05-09 23:00:00+00:00,102.91,97.336525
2025-05-10 00:00:00+00:00,98.78,96.548225
2025-05-10 01:00:00+00:00,96.28,94.88028
2025-05-10 02:00:00+00:00,100.9,95.051765
2025-05-10 03:00:00+00:00,100.47,106.13202
2025-05-10 04:00:00+00:00,97.73,107.80379
2025-05-10 05:00:00+00:00,93.91,94.11343
2025-05-10 06:00:00+00:00,73.72,78.07933
2025-05-10 07:00:00+00:00,9.02,39.26955
2025-05-10 08:00:00+00:00,-0.07,-11.399319
2025-05-10 09:00:00+00:00,-22.88,-9.838442
2025-05-10 10:00:00+00:00,-58.48,-35.483673
2025-05-10 11:00:00+00:00,-114.53,-92.47551
2025-05-10 12:00:00+00:00,-110.51,-110.356766
2025-05-10 13:00:00+00:00,-49.52,-153.67905
2025-05-10 14:00:00+00:00,-5.94,-109.2083
2025-05-10 15:00:00+00:00,23.99,-3.704763
2025-05-10 16:00:00+00:00,95.27,65.30479
2025-05-10 17:00:00+00:00,124.04,121.89621
2025-05-10 18:00:00+00:00,163.2,137.65088
2025-05-10 19:00:00+00:00,129.49,143.39264
2025-05-10 20:00:00+00:00,107.72,114.12435
2025-05-10 21:00:00+00:00,94.49,95.328094
2025-05-10 22:00:00+00:00,97.8,81.321556
2025-05-10 23:00:00+00:00,95.1,84.27112
2025-05-11 00:00:00+00:00,94.51,78.959694
2025-05-11 01:00:00+00:00,95.42,79.21443
2025-05-11 02:00:00+00:00,95.39,80.52389
2025-05-11 03:00:00+00:00,95.45,85.3843
2025-05-11 04:00:00+00:00,87.61,82.70362
2025-05-11 05:00:00+00:00,65.76,61.523476
2025-05-11 06:00:00+00:00,4.96,19.564953
2025-05-11 07:00:00+00:00,-0.1,-45.899933
2025-05-11 08:00:00+00:00,-12.02,-68.86855
2025-05-11 09:00:00+00:00,-51.95,-167.26347
2025-05-11 10:00:00+00:00,-212.82,-302.16574
2025-05-11 11:00:00+00:00,-250.32,-323.31122
2025-05-11 12:00:00+00:00,-230.98,-310.55353
2025-05-11 13:00:00+00:00,-110.06,-287.51593
2025-05-11 14:00:00+00:00,-18.52,-235.64822
2025-05-11 15:00:00+00:00,-0.08,-117.70369
2025-05-11 16:00:00+00:00,85.96,20.121912
2025-05-11 17:00:00+00:00,117.11,100.07158
2025-05-11 18:00:00+00:00,124.86,130.28703
2025-05-11 19:00:00+00:00,109.55,106.66617
2025-05-11 20:00:00+00:00,98.45,89.6599
2025-05-11 21:00:00+00:00,84.68,75.21121
2025-05-11 22:00:00+00:00,86.0,51.98249
2025-05-11 23:00:00+00:00,81.28,53.639603
2025-05-12 00:00:00+00:00,80.95,60.140907
2025-05-12 01:00:00+00:00,81.48,62.660248
2025-05-12 02:00:00+00:00,84.65,70.57448
2025-05-12 03:00:00+00:00,97.71,92.26788
2025-05-12 04:00:00+00:00,137.05,114.20394
2025-05-12 05:00:00+00:00,141.15,121.589226
2025-05-12 06:00:00+00:00,108.49,108.49756
2025-05-12 07:00:00+00:00,69.74,59.522682
2025-05-12 08:00:00+00:00,0.49,11.233688
2025-05-12 09:00:00+00:00,-3.91,-54.464912
2025-05-12 10:00:00+00:00,-25.0,-115.718475
2025-05-12 11:00:00+00:00,-35.0,-168.4542
2025-05-12 12:00:00+00:00,-29.9,-72.097694
2025-05-12 13:00:00+00:00,-8.59,-46.236725
2025-05-12 14:00:00+00:00,-0.01,-5.6551094
2025-05-12 15:00:00+00:00,72.58,20.085718
2025-05-12 16:00:00+00:00,107.12,98.762436
2025-05-12 17:00:00+00:00,141.41,141.01408
2025-05-12 18:00:00+00:00,172.7,151.8575
2025-05-12 19:00:00+00:00,117.25,145.12251
2025-05-12 20:00:00+00:00,100.11,104.18065
2025-05-12 21:00:00+00:00,92.97,89.292305
2025-05-12 22:00:00+00:00,89.87,85.88627
2025-05-12 23:00:00+00:00,88.55,84.57577
2025-05-13 00:00:00+00:00,89.2,84.66456
2025-05-13 01:00:00+00:00,93.94,87.62429
2025-05-13 02:00:00+00:00,96.71,92.254265
2025-05-13 03:00:00+00:00,104.0,104.33511
2025-05-13 04:00:00+00:00,136.77,128.59337
2025-05-13 05:00:00+00:00,128.33,132.62297
2025-05-13 06:00:00+00:00,100.42,111.9847
2025-05-13 07:00:00+00:00,79.36,78.58089
2025-05-13 08:00:00+00:00,16.09,45.951305
2025-05-13 09:00:00+00:00,-0.75,-0.90738887
2025-05-13 10:00:00+00:00,-6.0,-16.024921
2025-05-13 11:00:00+00:00,-16.0,-20.331387
2025-05-13 12:00:00+00:00,-6.55,-31.725845
2025-05-13 13:00:00+00:00,-3.83,-8.01691
2025-05-13 14:00:00+00:00,0.55,6.5640726
2025-05-13 15:00:00+00:00,74.0,59.310677
2025-05-13 16:00:00+00:00,105.23,104.91454
2025-05-13 17:00:00+00:00,151.07,145.1091
2025-05-13 18:00:00+00:00,223.58,172.31714
2025-05-13 19:00:00+00:00,148.96,184.65462
2025-05-13 20:00:00+00:00,111.97,128.81438
2025-05-13 21:00:00+00:00,102.63,103.01313
2025-05-13 22:00:00+00:00,102.78,97.72347
2025-05-13 23:00:00+00:00,97.3,97.7034
2025-05-14 00:00:00+00:00,95.41,94.22522
2025-05-14 01:00:00+00:00,96.96,94.229454
2025-05-14 02:00:00+00:00,98.56,95.76286
2025-05-14 03:00:00+00:00,103.94,112.04348
2025-05-14 04:00:00+00:00,128.58,131.58105
2025-05-14 05:00:00+00:00,122.51,129.25058
2025-05-14 06:00:00+00:00,99.56,108.72108
2025-05-14 07:00:00+00:00,70.92,71.42665
2025-05-14 08:00:00+00:00,0.2,31.431435
2025-05-14 09:00:00+00:00,-1.67,-14.166702
2025-05-14 10:00:00+00:00,-18.16,-19.921545
2025-05-14 11:00:00+00:00,-29.91,-36.308517
2025-05-14 12:00:00+00:00,-31.82,-68.15203
2025-05-14 13:00:00+00:00,-12.79,-56.499474
2025-05-14 14:00:00+00:00,-1.33,-16.866285
2025-05-14 15:00:00+00:00,30.94,7.8813877
2025-05-14 16:00:00+00:00,91.6,80.77693
2025-05-14 17:00:00+00:00,114.0,127.38159
2025-05-14 18:00:00+00:00,158.45,133.85124
2025-05-14 19:00:00+00:00,132.59,137.48065
2025-05-14 20:00:00+00:00,109.08,116.089134
2025-05-14 21:00:00+00:00,99.86,96.43795
2025-05-14 22:00:00+00:00,98.06,90.83199
2025-05-14 23:00:00+00:00,89.88,90.05774
2025-05-15 00:00:00+00:00,87.8,85.249084
2025-05-15 01:00:00+00:00,87.63,85.51483
2025-05-15 02:00:00+00:00,90.28,87.10569
2025-05-15 03:00:00+00:00,98.94,103.096405
2025-05-15 04:00:00+00:00,119.9,119.86311
2025-05-15 05:00:00+00:00,119.91,125.56156
2025-05-15 06:00:00+00:00,102.06,103.33981
2025-05-15 07:00:00+00:00,75.65,71.265144
2025-05-15 08:00:00+00:00,4.58,35.43274
2025-05-15 09:00:00+00:00,-0.08,-10.750908
2025-05-15 10:00:00+00:00,-4.97,-12.265521
2025-05-15 11:00:00+00:00,-14.76,-17.533308
2025-05-15 12:00:00+00:00,-14.25,-32.852444
2025-05-15 13:00:00+00:00,-6.62,-21.127853
2025-05-15 14:00:00+00:00,-0.6,-1.5204699
2025-05-15 15:00:00+00:00,3.83,11.086881
2025-05-15 16:00:00+00:00,76.11,57.493355
2025-05-15 17:00:00+00:00,108.97,108.49749
2025-05-15 18:00:00+00:00,130.74,133.25073
2025-05-15 19:00:00+00:00,125.13,129.54988
2025-05-15 20:00:00+00:00,110.49,112.84157
2025-05-15 21:00:00+00:00,101.0,100.78541
2025-05-15 22:00:00+00:00,94.5,97.19504
2025-05-15 23:00:00+00:00,88.47,89.72405
2025-05-16 00:00:00+00:00,84.91,85.654594
2025-05-16 01:00:00+00:00,85.0,84.241875
2025-05-16 02:00:00+00:00,88.76,89.4642
2025-05-16 03:00:00+00:00,98.26,101.04627
2025-05-16 04:00:00+00:00,113.18,125.68549
2025-05-16 05:00:00+00:00,117.6,122.25334
2025-05-16 06:00:00+00:00,106.66,104.854904
2025-05-16 07:00:00+00:00,78.99,80.74405
2025-05-16 08:00:00+00:00,11.11,43.153015
2025-05-16 09:00:00+00:00,-0.01,-4.286702
2025-05-16 10:00:00+00:00,-3.15,-14.55974
2025-05-16 11:00:00+00:00,-1.97,-20.59276
2025-05-16 12:00:00+00:00,-1.55,-14.987732
2025-05-16 13:00:00+00:00,-0.01,-6.604913
2025-05-16 14:00:00+00:00,2.98,8.341047
2025-05-16 15:00:00+00:00,69.79,36.39658
2025-05-16 16:00:00+00:00,100.05,95.199585
2025-05-16 17:00:00+00:00,111.81,127.00173
2025-05-16 18:00:00+00:00,154.91,133.8922
2025-05-16 19:00:00+00:00,143.23,141.68709
2025-05-16 20:00:00+00:00,116.08,126.58942
2025-05-16 21:00:00+00:00,102.08,104.49821
2025-05-16 22:00:00+00:00,93.0,98.48177
2025-05-16 23:00:00+00:00,93.48,91.61219
2025-05-17 00:00:00+00:00,88.93,90.126816
2025-05-17 01:00:00+00:00,88.9,85.85869
2025-05-17 02:00:00+00:00,89.89,86.96898
2025-05-17 03:00:00+00:00,93.46,92.69641
2025-05-17 04:00:00+00:00,91.56,94.64346
2025-05-17 05:00:00+00:00,89.85,83.541245
2025-05-17 06:00:00+00:00,59.11,71.11925
2025-05-17 07:00:00+00:00,0.86,26.188898
2025-05-17 08:00:00+00:00,-0.06,-16.165976
2025-05-17 09:00:00+00:00,-4.49,-15.442061
2025-05-17 10:00:00+00:00,-4.96,-19.0353
2025-05-17 11:00:00+00:00,-10.02,-19.373455
2025-05-17 12:00:00+00:00,-11.27,-18.124474
2025-05-17 13:00:00+00:00,-5.8,-6.7098937
2025-05-17 14:00:00+00:00,-0.8,-2.3696284
2025-05-17 15:00:00+00:00,5.01,12.822462
2025-05-17 16:00:00+00:00,78.77,57.08178
2025-05-17 17:00:00+00:00,99.64,107.23447
2025-05-17 18:00:00+00:00,121.38,116.35754
2025-05-17 19:00:00+00:00,130.21,118.06316
2025-05-17 20:00:00+00:00,129.9,119.104164
2025-05-17 21:00:00+00:00,111.6,112.43674
2025-05-17 22:00:00+00:00,106.73,100.25665
2025-05-17 23:00:00+00:00,101.49,94.820595
2025-05-18 00:00:00+00:00,98.57,93.83235
2025-05-18 01:00:00+00:00,97.4,93.13951
2025-05-18 02:00:00+00:00,98.41,93.56737
2025-05-18 03:00:00+00:00,97.98,96.69517
2025-05-18 04:00:00+00:00,91.3,93.049545
2025-05-18 05:00:00+00:00,87.16,78.51146
2025-05-18 06:00:00+00:00,67.86,61.430573
2025-05-18 07:00:00+00:00,10.1,35.07002
2025-05-18 08:00:00+00:00,0.0,-5.063346
2025-05-18 09:00:00+00:00,-0.2,-10.659574
2025-05-18 10:00:00+00:00,-2.0,-14.1568
2025-05-18 11:00:00+00:00,-7.37,-20.348093
2025-05-18 12:00:00+00:00,-15.0,-18.886984
2025-05-18 13:00:00+00:00,-8.97,-21.038916
2025-05-18 14:00:00+00:00,-0.2,-1.3525515
2025-05-18 15:00:00+00:00,9.67,15.405775
2025-05-18 16:00:00+00:00,91.38,61.50561
2025-05-18 17:00:00+00:00,108.4,119.92004
2025-05-18 18:00:00+00:00,125.17,128.28824
2025-05-18 19:00:00+00:00,130.47,122.76018
2025-05-18 20:00:00+00:00,118.41,116.62357
2025-05-18 21:00:00+00:00,103.62,106.74432
2025-05-18 22:00:00+00:00,110.48,98.01633
2025-05-18 23:00:00+00:00,102.62,101.877235
2025-05-19 00:00:00+00:00,96.1,98.442
2025-05-19 01:00:00+00:00,92.95,93.4119
2025-05-19 02:00:00+00:00,98.03,94.33835
2025-05-19 03:00:00+00:00,109.39,108.82648
2025-05-19 04:00:00+00:00,131.22,134.0642
2025-05-19 05:00:00+00:00,137.22,136.96365
2025-05-19 06:00:00+00:00,113.41,121.86393
2025-05-19 07:00:00+00:00,93.69,90.06302
2025-05-19 08:00:00+00:00,69.59,70.451805
2025-05-19 09:00:00+00:00,28.56,43.863262
2025-05-19 10:00:00+00:00,12.77,15.946332
2025-05-19 11:00:00+00:00,5.0,2.9575865
2025-05-19 12:00:00+00:00,8.0,5.6734114
2025-05-19 13:00:00+00:00,28.15,22.893545
2025-05-19 14:00:00+00:00,72.98,48.7652
2025-05-19 15:00:00+00:00,97.09,95.403404
2025-05-19 16:00:00+00:00,114.49,125.5025
2025-05-19 17:00:00+00:00,148.45,157.92113
2025-05-19 18:00:00+00:00,229.11,188.70186
2025-05-19 19:00:00+00:00,154.86,180.5708
2025-05-19 20:00:00+00:00,126.81,131.608
2025-05-19 21:00:00+00:00,111.88,110.24802
2025-05-19 22:00:00+00:00,114.95,103.52374
2025-05-19 23:00:00+00:00,106.03,106.08582
2025-05-20 00:00:00+00:00,102.5,101.36091
2025-05-20 01:00:00+00:00,104.04,101.186905
2025-05-20 02:00:00+00:00,109.14,102.96478
2025-05-20 03:00:00+00:00,118.96,116.28199
2025-05-20 04:00:00+00:00,143.21,146.09024
2025-05-20 05:00:00+00:00,130.81,139.38638
2025-05-20 06:00:00+00:00,100.0,113.705154
2025-05-20 07:00:00+00:00,85.2,81.882866
2025-05-20 08:00:00+00:00,61.58,61.967037
2025-05-20 09:00:00+00:00,15.95,40.14037
2025-05-20 10:00:00+00:00,0.17,9.887083
2025-05-20 11:00:00+00:00,0.01,-3.9476159
2025-05-20 12:00:00+00:00,0.09,-1.9064515
2025-05-20 13:00:00+00:00,7.61,12.396791
2025-05-20 14:00:00+00:00,67.87,37.453144
2025-05-20 15:00:00+00:00,97.15,92.031784
2025-05-20 16:00:00+00:00,111.79,124.55712
2025-05-20 17:00:00+00:00,141.23,157.74121
2025-05-20 18:00:00+00:00,192.25,173.46822
2025-05-20 19:00:00+00:00,148.97,160.1443
2025-05-20 20:00:00+00:00,120.0,127.88081
2025-05-20 21:00:00+00:00,107.93,105.42438
2025-05-20 22:00:00+00:00,107.93,99.0252
2025-05-20 23:00:00+00:00,102.33,99.09568
2025-05-21 00:00:00+00:00,97.9,95.22316
2025-05-21 01:00:00+00:00,94.9,94.408554
2025-05-21 02:00:00+00:00,93.7,93.08741
2025-05-21 03:00:00+00:00,102.49,101.19345
2025-05-21 04:00:00+00:00,112.48,121.54616
2025-05-21 05:00:00+00:00,116.54,116.432495
2025-05-21 06:00:00+00:00,107.82,103.306435
2025-05-21 07:00:00+00:00,84.82,81.080956
2025-05-21 08:00:00+00:00,42.22,60.064915
2025-05-21 09:00:00+00:00,0.15,23.72669
2025-05-21 10:00:00+00:00,-0.1,-4.397435
2025-05-21 11:00:00+00:00,-2.2,-7.250304
2025-05-21 12:00:00+00:00,-1.53,-6.2520785
2025-05-21 13:00:00+00:00,-0.01,0.48092782
2025-05-21 14:00:00+00:00,2.06,11.330717
2025-05-21 15:00:00+00:00,49.08,38.70645
2025-05-21 16:00:00+00:00,86.32,82.10733
2025-05-21 17:00:00+00:00,100.1,111.60119
2025-05-21 18:00:00+00:00,114.35,113.89388
2025-05-21 19:00:00+00:00,110.27,112.42888
2025-05-21 20:00:00+00:00,100.72,102.04394
2025-05-21 21:00:00+00:00,90.0,90.7282
2025-05-21 22:00:00+00:00,98.54,83.6117
2025-05-21 23:00:00+00:00,88.28,88.79463
2025-05-22 00:00:00+00:00,83.65,83.14361
2025-05-22 01:00:00+00:00,81.5,80.23619
2025-05-22 02:00:00+00:00,83.34,80.61181
2025-05-22 03:00:00+00:00,90.0,89.38887
2025-05-22 04:00:00+00:00,107.67,106.5971
2025-05-22 05:00:00+00:00,106.01,115.05139
2025-05-22 06:00:00+00:00,98.16,93.947495
2025-05-22 07:00:00+00:00,54.54,80.508354
2025-05-22 08:00:00+00:00,1.66,35.226055
2025-05-22 09:00:00+00:00,0.01,1.5463488
2025-05-22 10:00:00+00:00,-1.91,-5.7738676
2025-05-22 11:00:00+00:00,-12.77,-11.223362
2025-05-22 12:00:00+00:00,-15.4,-26.14079
2025-05-22 13:00:00+00:00,-10.9,-16.252853
2025-05-22 14:00:00+00:00,-2.99,-2.02927
2025-05-22 15:00:00+00:00,-0.01,10.090729
2025-05-22 16:00:00+00:00,50.0,31.314278
2025-05-22 17:00:00+00:00,106.84,81.6687
2025-05-22 18:00:00+00:00,115.0,115.75074
2025-05-22 19:00:00+00:00,127.25,112.18067
2025-05-22 20:00:00+00:00,117.48,112.116806
2025-05-22 21:00:00+00:00,103.23,104.63632
2025-05-22 22:00:00+00:00,101.1,94.17578
2025-05-22 23:00:00+00:00,93.16,93.27151
2025-05-23 00:00:00+00:00,87.12,88.89384
2025-05-23 01:00:00+00:00,86.56,83.38121
2025-05-23 02:00:00+00:00,93.08,85.470085
2025-05-23 03:00:00+00:00,106.82,98.31599
2025-05-23 04:00:00+00:00,128.49,117.98305
2025-05-23 05:00:00+00:00,132.8,123.42597
2025-05-23 06:00:00+00:00,114.67,108.09752
2025-05-23 07:00:00+00:00,85.9,85.49313
2025-05-23 08:00:00+00:00,70.0,58.680058
2025-05-23 09:00:00+00:00,54.05,39.101894
2025-05-23 10:00:00+00:00,13.44,23.744413
2025-05-23 11:00:00+00:00,0.62,2.7288592
2025-05-23 12:00:00+00:00,0.0,-2.129889
2025-05-23 13:00:00+00:00,0.0,4.0672307
2025-05-23 14:00:00+00:00,25.33,7.63955
2025-05-23 15:00:00+00:00,71.91,35.987072
2025-05-23 16:00:00+00:00,97.6,90.91551
2025-05-23 17:00:00+00:00,114.36,116.8132
2025-05-23 18:00:00+00:00,130.47,126.449196
2025-05-23 19:00:00+00:00,139.29,124.79693
2025-05-23 20:00:00+00:00,126.93,123.18502
2025-05-23 21:00:00+00:00,108.0,112.464226
2025-05-23 22:00:00+00:00,98.99,97.12938
2025-05-23 23:00:00+00:00,94.76,90.85441
2025-05-24 00:00:00+00:00,88.74,88.31102
2025-05-24 01:00:00+00:00,84.22,82.60922
2025-05-24 02:00:00+00:00,82.93,80.14227
2025-05-24 03:00:00+00:00,80.71,82.26545
2025-05-24 04:00:00+00:00,82.07,77.98684
2025-05-24 05:00:00+00:00,76.9,72.71003
2025-05-24 06:00:00+00:00,62.09,49.40934
2025-05-24 07:00:00+00:00,12.26,26.154655
2025-05-24 08:00:00+00:00,-0.01,-6.5915194
2025-05-24 09:00:00+00:00,-0.11,-11.876345
2025-05-24 10:00:00+00:00,-0.15,-12.480876
2025-05-24 11:00:00+00:00,-0.19,-16.267672
2025-05-24 12:00:00+00:00,-0.39,-9.250066
2025-05-24 13:00:00+00:00,-1.77,0.74226415
2025-05-24 14:00:00+00:00,-0.39,2.341106
2025-05-24 15:00:00+00:00,48.67,10.024006
2025-05-24 16:00:00+00:00,85.34,62.01692
2025-05-24 17:00:00+00:00,109.08,99.0148
2025-05-24 18:00:00+00:00,111.0,111.83161
2025-05-24 19:00:00+00:00,107.92,97.693184
2025-05-24 20:00:00+00:00,92.06,94.81674
2025-05-24 21:00:00+00:00,79.67,75.624
2025-05-24 22:00:00+00:00,23.82,55.017353
2025-05-24 23:00:00+00:00,22.9,14.852777
2025-05-25 00:00:00+00:00,14.39,14.02643
2025-05-25 01:00:00+00:00,8.38,9.320047
2025-05-25 02:00:00+00:00,3.9,3.6040168
2025-05-25 03:00:00+00:00,2.11,0.688606
2025-05-25 04:00:00+00:00,1.17,0.6978246
2025-05-25 05:00:00+00:00,1.21,0.62472177
2025-05-25 06:00:00+00:00,0.03,-2.42491
2025-05-25 07:00:00+00:00,0.0,-7.7167807
2025-05-25 08:00:00+00:00,-0.61,-5.1774626
2025-05-25 09:00:00+00:00,-0.6,-4.679771
2025-05-25 10:00:00+00:00,-0.25,-8.771006
2025-05-25 11:00:00+00:00,-3.19,-10.738717
2025-05-25 12:00:00+00:00,-5.05,-13.103665
2025-05-25 13:00:00+00:00,-4.95,-8.754329
2025-05-25 14:00:00+00:00,-1.37,-0.7100016
2025-05-25 15:00:00+00:00,0.0,4.747489
2025-05-25 16:00:00+00:00,11.72,20.727886
2025-05-25 17:00:00+00:00,92.95,52.596535
2025-05-25 18:00:00+00:00,100.0,99.73378
2025-05-25 19:00:00+00:00,107.41,100.10755
2025-05-25 20:00:00+00:00,102.23,104.37901
2025-05-25 21:00:00+00:00,92.92,94.18314
2025-05-25 22:00:00+00:00,88.13,85.51427
2025-05-25 23:00:00+00:00,79.12,80.70719
2025-05-26 00:00:00+00:00,73.21,74.76036
2025-05-26 01:00:00+00:00,71.83,67.38491
2025-05-26 02:00:00+00:00,76.7,70.790764
2025-05-26 03:00:00+00:00,85.48,85.31488
2025-05-26 04:00:00+00:00,116.2,107.10144
2025-05-26 05:00:00+00:00,143.17,129.01022
2025-05-26 06:00:00+00:00,129.91,123.82867
2025-05-26 07:00:00+00:00,91.41,96.988235
2025-05-26 08:00:00+00:00,16.17,58.019005
2025-05-26 09:00:00+00:00,0.05,1.5817968
2025-05-26 10:00:00+00:00,-0.42,-8.954278
2025-05-26 11:00:00+00:00,-1.45,-10.231718
2025-05-26 12:00:00+00:00,-1.18,-9.484879
2025-05-26 13:00:00+00:00,-0.82,-2.4713564
2025-05-26 14:00:00+00:00,0.0,3.6016707
2025-05-26 15:00:00+00:00,17.65,24.636343
2025-05-26 16:00:00+00:00,95.76,60.776703
2025-05-26 17:00:00+00:00,119.33,123.54901
2025-05-26 18:00:00+00:00,169.87,143.66364
2025-05-26 19:00:00+00:00,161.57,150.14554
2025-05-26 20:00:00+00:00,119.38,143.03831
2025-05-26 21:00:00+00:00,98.86,108.15861
2025-05-26 22:00:00+00:00,88.51,93.649216
2025-05-26 23:00:00+00:00,73.92,79.57486
2025-05-27 00:00:00+00:00,62.02,67.05596
2025-05-27 01:00:00+00:00,61.98,63.55766
2025-05-27 02:00:00+00:00,67.7,65.60479
2025-05-27 03:00:00+00:00,62.2,76.192856
2025-05-27 04:00:00+00:00,67.7,77.48625
2025-05-27 05:00:00+00:00,73.9,73.58095
2025-05-27 06:00:00+00:00,68.63,61.650635
2025-05-27 07:00:00+00:00,50.17,36.937374
2025-05-27 08:00:00+00:00,4.26,19.525011
2025-05-27 09:00:00+00:00,3.19,-4.3355336
2025-05-27 10:00:00+00:00,0.03,-4.1829095
2025-05-27 11:00:00+00:00,0.02,-8.426916
2025-05-27 12:00:00+00:00,0.09,-6.569509
2025-05-27 13:00:00+00:00,3.14,2.8115845
2025-05-27 14:00:00+00:00,55.17,15.335235
2025-05-27 15:00:00+00:00,84.55,72.52054
2025-05-27 16:00:00+00:00,103.0,107.54422
2025-05-27 17:00:00+00:00,122.64,131.28374
2025-05-27 18:00:00+00:00,137.6,130.59283
2025-05-27 19:00:00+00:00,111.16,122.70522
2025-05-27 20:00:00+00:00,100.34,101.08372
2025-05-27 21:00:00+00:00,82.41,87.450714
2025-05-27 22:00:00+00:00,76.43,67.07185
2025-05-27 23:00:00+00:00,69.01,50.85869
2025-05-28 00:00:00+00:00,67.39,53.91104
2025-05-28 01:00:00+00:00,61.01,54.623024
2025-05-28 02:00:00+00:00,65.19,52.275036
2025-05-28 03:00:00+00:00,72.52,66.948235
2025-05-28 04:00:00+00:00,92.85,87.59794
2025-05-28 05:00:00+00:00,100.09,101.27844
2025-05-28 06:00:00+00:00,95.0,98.2799
2025-05-28 07:00:00+00:00,90.0,81.7402
2025-05-28 08:00:00+00:00,76.48,73.4104
2025-05-28 09:00:00+00:00,71.46,58.868404
2025-05-28 10:00:00+00:00,65.67,53.33108
2025-05-28 11:00:00+00:00,58.03,47.442936
2025-05-28 12:00:00+00:00,53.21,46.886154
2025-05-28 13:00:00+00:00,42.1,50.62089
2025-05-28 14:00:00+00:00,67.28,50.35033
2025-05-28 15:00:00+00:00,83.7,75.38725
2025-05-28 16:00:00+00:00,94.99,94.26135
2025-05-28 17:00:00+00:00,114.83,103.98773
2025-05-28 18:00:00+00:00,134.83,117.679276
2025-05-28 19:00:00+00:00,139.91,121.170296
2025-05-28 20:00:00+00:00,124.29,120.96754
2025-05-28 21:00:00+00:00,104.27,109.3537
2025-05-28 22:00:00+00:00,99.13,94.40093
2025-05-28 23:00:00+00:00,94.8,90.13905
2025-05-29 00:00:00+00:00,92.06,88.45703
2025-05-29 01:00:00+00:00,91.55,87.27353
2025-05-29 02:00:00+00:00,91.54,86.50994
2025-05-29 03:00:00+00:00,91.36,90.72549
2025-05-29 04:00:00+00:00,89.46,93.07397
2025-05-29 05:00:00+00:00,86.49,84.970245
2025-05-29 06:00:00+00:00,82.95,73.418594
2025-05-29 07:00:00+00:00,62.83,58.743164
2025-05-29 08:00:00+00:00,19.93,34.196434
2025-05-29 09:00:00+00:00,1.71,3.0817122
2025-05-29 10:00:00+00:00,0.03,-5.762335
2025-05-29 11:00:00+00:00,-1.68,-8.389713
2025-05-29 12:00:00+00:00,-1.99,-8.6562805
2025-05-29 13:00:00+00:00,-1.98,-0.74754953
2025-05-29 14:00:00+00:00,-1.09,3.9895675
2025-05-29 15:00:00+00:00,23.13,12.235757
2025-05-29 16:00:00+00:00,65.5,49.354397
2025-05-29 17:00:00+00:00,80.2,81.07899
2025-05-29 18:00:00+00:00,77.17,79.921875
2025-05-29 19:00:00+00:00,73.73,71.64699
2025-05-29 20:00:00+00:00,76.66,70.15283
2025-05-29 21:00:00+00:00,57.5,58.23243
2025-05-29 22:00:00+00:00,45.42,37.490437
2025-05-29 23:00:00+00:00,25.67,23.407917
2025-05-30 00:00:00+00:00,32.99,12.453212
2025-05-30 01:00:00+00:00,33.95,19.599363
2025-05-30 02:00:00+00:00,37.39,23.958607
2025-05-30 03:00:00+00:00,55.08,36.576954
2025-05-30 04:00:00+00:00,69.73,52.181435
2025-05-30 05:00:00+00:00,68.38,60.00063
2025-05-30 06:00:00+00:00,53.01,46.612484
2025-05-30 07:00:00+00:00,29.13,19.83606
2025-05-30 08:00:00+00:00,1.83,2.9630573
2025-05-30 09:00:00+00:00,-0.02,-4.2838335
2025-05-30 10:00:00+00:00,-1.01,-9.750139
2025-05-30 11:00:00+00:00,-3.1,-14.495933
2025-05-30 12:00:00+00:00,-3.0,-14.059188
2025-05-30 13:00:00+00:00,-1.34,-5.533944
2025-05-30 14:00:00+00:00,-0.04,1.952486
2025-05-30 15:00:00+00:00,5.88,9.35464
2025-05-30 16:00:00+00:00,73.52,29.942228
2025-05-30 17:00:00+00:00,111.84,91.40427
2025-05-30 18:00:00+00:00,136.95,128.88353
2025-05-30 19:00:00+00:00,145.89,132.51433
2025-05-30 20:00:00+00:00,130.19,133.47844
2025-05-30 21:00:00+00:00,108.15,115.87087
2025-05-30 22:00:00+00:00,107.0,100.34288
2025-05-30 23:00:00+00:00,99.94,97.46729
2025-05-31 00:00:00+00:00,98.75,93.30978
2025-05-31 01:00:00+00:00,99.07,93.38119
2025-05-31 02:00:00+00:00,99.91,94.81122
2025-05-31 03:00:00+00:00,98.29,97.05362
2025-05-31 04:00:00+00:00,94.79,92.479324
2025-05-31 05:00:00+00:00,84.61,78.55709
2025-05-31 06:00:00+00:00,55.0,60.863327
2025-05-31 07:00:00+00:00,1.0,21.888418
2025-05-31 08:00:00+00:00,-0.02,-12.4008875
2025-05-31 09:00:00+00:00,-1.0,-13.952348
2025-05-31 10:00:00+00:00,-3.07,-17.749405
2025-05-31 11:00:00+00:00,-13.17,-17.054834
2025-05-31 12:00:00+00:00,-7.75,-32.19823
2025-05-31 13:00:00+00:00,-3.0,-4.739096
2025-05-31 14:00:00+00:00,-0.05,7.828096
2025-05-31 15:00:00+00:00,41.4,42.34489
2025-05-31 16:00:00+00:00,88.85,77.88401
2025-05-31 17:00:00+00:00,131.41,122.30796
2025-05-31 18:00:00+00:00,192.35,143.20064
2025-05-31 19:00:00+00:00,192.37,158.49747
2025-05-31 20:00:00+00:00,133.49,148.70087
2025-05-31 21:00:00+00:00,102.06,116.073586
2025-05-31 22:00:00+00:00,92.53,92.12859
2025-05-31 23:00:00+00:00,85.22,82.18032
2025-06-01 00:00:00+00:00,77.13,70.4936
2025-06-01 01:00:00+00:00,74.09,64.11911
2025-06-01 02:00:00+00:00,72.66,61.406567
2025-06-01 03:00:00+00:00,66.11,60.09603
2025-06-01 04:00:00+00:00,35.84,52.330807
2025-06-01 05:00:00+00:00,13.0,22.452467
2025-06-01 06:00:00+00:00,2.4,3.7573097
2025-06-01 07:00:00+00:00,-0.01,-6.8746533
2025-06-01 08:00:00+00:00,-0.6,-14.001977
2025-06-01 09:00:00+00:00,-2.11,-13.596046
2025-06-01 10:00:00+00:00,-5.48,-17.934883
2025-06-01 11:00:00+00:00,-12.93,-22.786055
2025-06-01 12:00:00+00:00,-20.41,-39.374863
2025-06-01 13:00:00+00:00,-15.61,-24.785604
2025-06-01 14:00:00+00:00,-6.0,-9.337305
2025-06-01 15:00:00+00:00,-0.99,6.1016245
2025-06-01 16:00:00+00:00,19.23,25.529493
2025-06-01 17:00:00+00:00,78.85,66.08548
2025-06-01 18:00:00+00:00,93.66,94.4027
2025-06-01 19:00:00+00:00,106.86,100.676
2025-06-01 20:00:00+00:00,105.93,102.97009
2025-06-01 21:00:00+00:00,90.49,95.84692
2025-06-01 22:00:00+00:00,81.76,87.56191
2025-06-01 23:00:00+00:00,75.31,78.55846
2025-06-02 00:00:00+00:00,75.0,74.14102
2025-06-02 01:00:00+00:00,77.75,73.79307
2025-06-02 02:00:00+00:00,83.05,80.232834
2025-06-02 03:00:00+00:00,91.93,91.967575
2025-06-02 04:00:00+00:00,108.15,112.18793
2025-06-02 05:00:00+00:00,117.9,124.50602
2025-06-02 06:00:00+00:00,102.36,112.96829
2025-06-02 07:00:00+00:00,85.6,85.92875
2025-06-02 08:00:00+00:00,57.47,64.193924
2025-06-02 09:00:00+00:00,33.21,46.1121
2025-06-02 10:00:00+00:00,20.0,31.814283
2025-06-02 11:00:00+00:00,12.78,24.98344
2025-06-02 12:00:00+00:00,11.0,19.600588
2025-06-02 13:00:00+00:00,19.75,27.300692
2025-06-02 14:00:00+00:00,55.84,36.762726
2025-06-02 15:00:00+00:00,82.8,70.94491
2025-06-02 16:00:00+00:00,94.95,100.75213
2025-06-02 17:00:00+00:00,109.32,120.91228
2025-06-02 18:00:00+00:00,195.91,148.74156
2025-06-02 19:00:00+00:00,245.37,155.2897
2025-06-02 20:00:00+00:00,141.66,144.1211
2025-06-02 21:00:00+00:00,110.04,117.267044
2025-06-02 22:00:00+00:00,111.49,100.58392
2025-06-02 23:00:00+00:00,109.91,102.366974
2025-06-03 00:00:00+00:00,102.02,101.52503
2025-06-03 01:00:00+00:00,99.23,98.4431
2025-06-03 02:00:00+00:00,94.89,98.58651
2025-06-03 03:00:00+00:00,107.6,102.39238
2025-06-03 04:00:00+00:00,130.76,123.44272
2025-06-03 05:00:00+00:00,116.85,126.42508
2025-06-03 06:00:00+00:00,85.98,102.388
2025-06-03 07:00:00+00:00,59.46,60.531178
2025-06-03 08:00:00+00:00,2.0,25.03996
2025-06-03 09:00:00+00:00,-0.05,-7.6165276
2025-06-03 10:00:00+00:00,-1.01,-7.740336
2025-06-03 11:00:00+00:00,-3.0,-11.21079
2025-06-03 12:00:00+00:00,-4.32,-11.329289
2025-06-03 13:00:00+00:00,-1.33,-4.6710124
2025-06-03 14:00:00+00:00,0.0,2.8410199
2025-06-03 15:00:00+00:00,66.0,29.723179
2025-06-03 16:00:00+00:00,87.79,99.847824
2025-06-03 17:00:00+00:00,109.41,125.18962
2025-06-03 18:00:00+00:00,132.9,139.75252
2025-06-03 19:00:00+00:00,112.29,123.88604
2025-06-03 20:00:00+00:00,106.12,104.982216
2025-06-03 21:00:00+00:00,95.49,92.56594
2025-06-03 22:00:00+00:00,74.95,82.55566
2025-06-03 23:00:00+00:00,67.25,64.354004
2025-06-04 00:00:00+00:00,64.78,61.543926
2025-06-04 01:00:00+00:00,65.0,61.969597
2025-06-04 02:00:00+00:00,68.32,66.408424
2025-06-04 03:00:00+00:00,80.32,73.83497
2025-06-04 04:00:00+00:00,99.77,93.37693
2025-06-04 05:00:00+00:00,113.74,102.14912
2025-06-04 06:00:00+00:00,112.4,97.97319
2025-06-04 07:00:00+00:00,79.08,88.32308
2025-06-04 08:00:00+00:00,72.4,57.351696
2025-06-04 09:00:00+00:00,48.36,51.53955
2025-06-04 10:00:00+00:00,20.12,32.059563
2025-06-04 11:00:00+00:00,9.69,11.950365
2025-06-04 12:00:00+00:00,18.26,6.5092316
2025-06-04 13:00:00+00:00,43.35,21.231411
2025-06-04 14:00:00+00:00,72.4,50.161682
2025-06-04 15:00:00+00:00,91.45,85.54593
2025-06-04 16:00:00+00:00,108.91,104.86834
2025-06-04 17:00:00+00:00,145.98,127.37438
2025-06-04 18:00:00+00:00,192.85,150.75891
2025-06-04 19:00:00+00:00,138.82,136.29645
2025-06-04 20:00:00+00:00,112.43,118.06165
2025-06-04 21:00:00+00:00,94.08,102.11172
2025-06-04 22:00:00+00:00,97.67,91.054
2025-06-04 23:00:00+00:00,92.7,90.29051
2025-06-05 00:00:00+00:00,86.84,88.82879
2025-06-05 01:00:00+00:00,86.1,83.81833
2025-06-05 02:00:00+00:00,87.01,85.7319
2025-06-05 03:00:00+00:00,88.09,92.49441
2025-06-05 04:00:00+00:00,113.78,102.68052
2025-06-05 05:00:00+00:00,129.03,115.84221
2025-06-05 06:00:00+00:00,116.6,104.77235
2025-06-05 07:00:00+00:00,83.03,91.96392
2025-06-05 08:00:00+00:00,66.0,57.437428
2025-06-05 09:00:00+00:00,46.18,36.668056
2025-06-05 10:00:00+00:00,20.0,20.548079
2025-06-05 11:00:00+00:00,11.03,4.0249743
2025-06-05 12:00:00+00:00,7.07,3.2198548
2025-06-05 13:00:00+00:00,19.87,12.846232
2025-06-05 14:00:00+00:00,57.5,28.986818
2025-06-05 15:00:00+00:00,81.08,74.86653
2025-06-05 16:00:00+00:00,100.94,102.71067
2025-06-05 17:00:00+00:00,112.19,117.98023
2025-06-05 18:00:00+00:00,136.4,122.882126
2025-06-05 19:00:00+00:00,106.95,118.45753
2025-06-05 20:00:00+00:00,96.37,94.22914
2025-06-05 21:00:00+00:00,81.36,82.95092
2025-06-05 22:00:00+00:00,76.29,64.41284
2025-06-05 23:00:00+00:00,66.12,52.04255
2025-06-06 00:00:00+00:00,60.86,46.100132
2025-06-06 01:00:00+00:00,55.27,43.407635
2025-06-06 02:00:00+00:00,52.78,33.516922
2025-06-06 03:00:00+00:00,63.7,37.843998
2025-06-06 04:00:00+00:00,67.02,60.422215
2025-06-06 05:00:00+00:00,74.43,54.36229
2025-06-06 06:00:00+00:00,59.61,48.14311
2025-06-06 07:00:00+00:00,3.94,26.87218
2025-06-06 08:00:00+00:00,-0.01,-8.226404
2025-06-06 09:00:00+00:00,-0.27,-8.869801
2025-06-06 10:00:00+00:00,-2.07,-9.080566
2025-06-06 11:00:00+00:00,-4.93,-12.632645
2025-06-06 12:00:00+00:00,-5.06,-10.546626
2025-06-06 13:00:00+00:00,-4.96,-6.45324
2025-06-06 14:00:00+00:00,-1.0,2.499444
2025-06-06 15:00:00+00:00,0.0,6.7480617
2025-06-06 16:00:00+00:00,50.47,32.201767
2025-06-06 17:00:00+00:00,84.19,82.3662
2025-06-06 18:00:00+00:00,112.57,106.15652
2025-06-06 19:00:00+00:00,129.29,112.218506
2025-06-06 20:00:00+00:00,125.72,112.308334
2025-06-06 21:00:00+00:00,103.24,108.71713
2025-06-06 22:00:00+00:00,87.61,93.455574
2025-06-06 23:00:00+00:00,83.5,80.608665
2025-06-07 00:00:00+00:00,78.02,78.0429
2025-06-07 01:00:00+00:00,81.89,75.76799
2025-06-07 02:00:00+00:00,82.27,80.72646
2025-06-07 03:00:00+00:00,81.99,81.82813
2025-06-07 04:00:00+00:00,85.47,78.56029
2025-06-07 05:00:00+00:00,86.74,78.46233
2025-06-07 06:00:00+00:00,79.86,72.07295
2025-06-07 07:00:00+00:00,65.3,56.23605
2025-06-07 08:00:00+00:00,30.53,32.486576
2025-06-07 09:00:00+00:00,9.44,11.435789
2025-06-07 10:00:00+00:00,1.19,0.41509774
2025-06-07 11:00:00+00:00,-0.01,-5.065697
2025-06-07 12:00:00+00:00,-0.02,-3.0647614
2025-06-07 13:00:00+00:00,-0.02,3.7858813
2025-06-07 14:00:00+00:00,-0.87,9.635528
2025-06-07 15:00:00+00:00,26.91,14.828512
2025-06-07 16:00:00+00:00,70.1,60.080647
2025-06-07 17:00:00+00:00,85.01,95.39025
2025-06-07 18:00:00+00:00,109.9,101.08958
2025-06-07 19:00:00+00:00,110.26,111.43381
2025-06-07 20:00:00+00:00,98.01,105.49078
2025-06-07 21:00:00+00:00,80.09,89.158936
2025-06-07 22:00:00+00:00,93.84,68.52745
2025-06-07 23:00:00+00:00,83.0,76.01984
2025-06-08 00:00:00+00:00,76.86,66.0296
2025-06-08 01:00:00+00:00,69.74,58.605988
2025-06-08 02:00:00+00:00,67.02,51.552586
2025-06-08 03:00:00+00:00,55.66,50.378197
2025-06-08 04:00:00+00:00,39.02,35.116764
2025-06-08 05:00:00+00:00,3.71,23.894665
2025-06-08 06:00:00+00:00,0.0,-2.9785182
2025-06-08 07:00:00+00:00,-0.5,-8.804525
2025-06-08 08:00:00+00:00,-2.0,-12.718461
2025-06-08 09:00:00+00:00,-8.21,-15.095476
2025-06-08 10:00:00+00:00,-19.92,-20.539883
2025-06-08 11:00:00+00:00,-39.98,-38.32679
2025-06-08 12:00:00+00:00,-52.56,-64.41759
2025-06-08 13:00:00+00:00,-53.06,-54.50283
2025-06-08 14:00:00+00:00,-38.89,-46.54311
2025-06-08 15:00:00+00:00,-16.71,-42.71835
2025-06-08 16:00:00+00:00,-0.01,3.3182776
2025-06-08 17:00:00+00:00,39.65,14.422983
2025-06-08 18:00:00+00:00,60.88,38.437294
2025-06-08 19:00:00+00:00,69.55,43.767384
2025-06-08 20:00:00+00:00,65.07,46.448166
2025-06-08 21:00:00+00:00,51.13,42.08853
2025-06-08 22:00:00+00:00,4.8,25.673409
2025-06-08 23:00:00+00:00,4.15,3.9819078
2025-06-09 00:00:00+00:00,4.19,0.5555037
2025-06-09 01:00:00+00:00,4.27,1.1818587
2025-06-09 02:00:00+00:00,13.42,2.1036797
2025-06-09 03:00:00+00:00,32.2,12.663118
2025-06-09 04:00:00+00:00,44.97,26.51642
2025-06-09 05:00:00+00:00,40.04,35.60856
2025-06-09 06:00:00+00:00,2.97,25.577133
2025-06-09 07:00:00+00:00,-0.62,-2.400682
2025-06-09 08:00:00+00:00,-1.14,-18.028114
2025-06-09 09:00:00+00:00,-4.14,-21.553684
2025-06-09 10:00:00+00:00,-10.0,-17.004057
2025-06-09 11:00:00+00:00,-19.33,-22.648697
2025-06-09 12:00:00+00:00,-15.76,-34.567356
2025-06-09 13:00:00+00:00,-4.5,-20.30628
2025-06-09 14:00:00+00:00,-1.0,3.6735563
2025-06-09 15:00:00+00:00,0.09,5.9013
2025-06-09 16:00:00+00:00,69.54,31.309647
2025-06-09 17:00:00+00:00,117.79,93.48866
2025-06-09 18:00:00+00:00,141.4,148.5529
2025-06-09 19:00:00+00:00,148.42,142.76787
2025-06-09 20:00:00+00:00,126.52,126.04461
2025-06-09 21:00:00+00:00,101.19,110.03525
2025-06-09 22:00:00+00:00,86.65,93.75521
2025-06-09 23:00:00+00:00,78.07,76.623726
2025-06-10 00:00:00+00:00,69.66,68.473
2025-06-10 01:00:00+00:00,59.95,58.999027
2025-06-10 02:00:00+00:00,54.16,55.025757
2025-06-10 03:00:00+00:00,62.18,53.81253
2025-06-10 04:00:00+00:00,74.62,66.86029
2025-06-10 05:00:00+00:00,82.79,68.86112
2025-06-10 06:00:00+00:00,83.17,62.018387
2025-06-10 07:00:00+00:00,69.0,51.572685
2025-06-10 08:00:00+00:00,22.21,30.568172
2025-06-10 09:00:00+00:00,0.1,3.6570914
2025-06-10 10:00:00+00:00,-0.19,-6.710426
2025-06-10 11:00:00+00:00,-2.33,-7.369139
2025-06-10 12:00:00+00:00,-4.26,-8.824025
2025-06-10 13:00:00+00:00,-1.04,-2.1506753
2025-06-10 14:00:00+00:00,0.03,5.499704
2025-06-10 15:00:00+00:00,53.99,15.048739
2025-06-10 16:00:00+00:00,69.6,61.24582
2025-06-10 17:00:00+00:00,82.08,79.65343
2025-06-10 18:00:00+00:00,83.97,88.41197
2025-06-10 19:00:00+00:00,91.28,78.56572
2025-06-10 20:00:00+00:00,97.94,82.88961
2025-06-10 21:00:00+00:00,85.31,86.84678
2025-06-10 22:00:00+00:00,73.01,70.95638
2025-06-10 23:00:00+00:00,71.38,53.65257
2025-06-11 00:00:00+00:00,70.58,57.394238
2025-06-11 01:00:00+00:00,69.86,60.621605
2025-06-11 02:00:00+00:00,73.59,66.404594
2025-06-11 03:00:00+00:00,83.6,77.77155
2025-06-11 04:00:00+00:00,101.26,96.715126
2025-06-11 05:00:00+00:00,107.8,103.58985
2025-06-11 06:00:00+00:00,85.09,93.52005
2025-06-11 07:00:00+00:00,66.7,59.541187
2025-06-11 08:00:00+00:00,22.98,32.28368
2025-06-11 09:00:00+00:00,1.3,4.445819
2025-06-11 10:00:00+00:00,-0.36,-2.8552501
2025-06-11 11:00:00+00:00,-0.97,-6.848097
2025-06-11 12:00:00+00:00,-3.4,-7.783976
2025-06-11 13:00:00+00:00,-2.4,-4.1969123
2025-06-11 14:00:00+00:00,-0.01,2.3966568
2025-06-11 15:00:00+00:00,66.47,26.502846
2025-06-11 16:00:00+00:00,89.34,92.9516
2025-06-11 17:00:00+00:00,132.28,121.17888
2025-06-11 18:00:00+00:00,217.0,164.39008
2025-06-11 19:00:00+00:00,180.0,158.02081
2025-06-11 20:00:00+00:00,119.34,150.03827
2025-06-11 21:00:00+00:00,94.07,111.13691
2025-06-11 22:00:00+00:00,92.91,93.53551
2025-06-11 23:00:00+00:00,87.7,91.93373
2025-06-12 00:00:00+00:00,85.43,87.90481
2025-06-12 01:00:00+00:00,84.85,84.22872
2025-06-12 02:00:00+00:00,89.06,87.24109
2025-06-12 03:00:00+00:00,92.0,96.918915
2025-06-12 04:00:00+00:00,114.85,107.4269
2025-06-12 05:00:00+00:00,104.3,109.96177
2025-06-12 06:00:00+00:00,78.86,87.47897
2025-06-12 07:00:00+00:00,36.09,46.53247
2025-06-12 08:00:00+00:00,0.0,6.567151
2025-06-12 09:00:00+00:00,-2.0,-10.39072
2025-06-12 10:00:00+00:00,-15.91,-17.812
2025-06-12 11:00:00+00:00,-27.9,-40.425495
2025-06-12 12:00:00+00:00,-25.47,-66.03487
2025-06-12 13:00:00+00:00,-11.57,-23.491615
2025-06-12 14:00:00+00:00,-2.78,-8.286594
2025-06-12 15:00:00+00:00,14.9,8.631501
2025-06-12 16:00:00+00:00,79.96,52.08229
2025-06-12 17:00:00+00:00,112.55,106.43573
2025-06-12 18:00:00+00:00,132.0,139.73233
2025-06-12 19:00:00+00:00,111.0,119.97216
2025-06-12 20:00:00+00:00,105.0,104.55145
2025-06-12 21:00:00+00:00,86.9,94.02898
2025-06-12 22:00:00+00:00,70.29,76.82315
2025-06-12 23:00:00+00:00,55.25,57.816566
2025-06-13 00:00:00+00:00,58.61,45.72605
2025-06-13 01:00:00+00:00,63.42,52.926033
2025-06-13 02:00:00+00:00,63.84,62.903347
2025-06-13 03:00:00+00:00,70.71,68.94049
2025-06-13 04:00:00+00:00,83.68,79.075294
2025-06-13 05:00:00+00:00,87.26,82.90344
2025-06-13 06:00:00+00:00,77.39,70.13482
2025-06-13 07:00:00+00:00,40.03,48.71141
2025-06-13 08:00:00+00:00,4.1,14.165434
2025-06-13 09:00:00+00:00,-0.03,-7.1978507
2025-06-13 10:00:00+00:00,-2.05,-10.267175
2025-06-13 11:00:00+00:00,-6.09,-12.680894
2025-06-13 12:00:00+00:00,-6.01,-16.28011
2025-06-13 13:00:00+00:00,-2.38,-6.905556
2025-06-13 14:00:00+00:00,-0.01,3.6735005
2025-06-13 15:00:00+00:00,35.9,14.871519
2025-06-13 16:00:00+00:00,80.04,61.280106
2025-06-13 17:00:00+00:00,108.9,99.86423
2025-06-13 18:00:00+00:00,111.19,124.209526
2025-06-13 19:00:00+00:00,94.9,108.39092
2025-06-13 20:00:00+00:00,90.0,89.19486
2025-06-13 21:00:00+00:00,71.3,79.56311
2025-06-13 22:00:00+00:00,73.99,55.079338
2025-06-13 23:00:00+00:00,71.2,55.953423
2025-06-14 00:00:00+00:00,66.15,56.84965
2025-06-14 01:00:00+00:00,66.88,57.022923
2025-06-14 02:00:00+00:00,68.06,59.577255
2025-06-14 03:00:00+00:00,64.52,57.785378
2025-06-14 04:00:00+00:00,54.68,53.48804
2025-06-14 05:00:00+00:00,20.3,37.947807
2025-06-14 06:00:00+00:00,7.74,9.281931
2025-06-14 07:00:00+00:00,0.0,-7.7830615
2025-06-14 08:00:00+00:00,-2.02,-11.321137
2025-06-14 09:00:00+00:00,-9.08,-14.704551
2025-06-14 10:00:00+00:00,-35.72,-24.14957
2025-06-14 11:00:00+00:00,-38.0,-71.46726
2025-06-14 12:00:00+00:00,-25.75,-67.56644
2025-06-14 13:00:00+00:00,-6.7,-26.102354
2025-06-14 14:00:00+00:00,-0.37,-1.8940899
2025-06-14 15:00:00+00:00,8.86,9.739339
2025-06-14 16:00:00+00:00,83.38,56.743366
2025-06-14 17:00:00+00:00,121.55,106.2959
2025-06-14 18:00:00+00:00,127.27,134.06088
2025-06-14 19:00:00+00:00,117.68,124.42006
2025-06-14 20:00:00+00:00,121.39,112.425835
2025-06-14 21:00:00+00:00,109.0,111.06094
2025-06-14 22:00:00+00:00,91.93,103.57935
2025-06-14 23:00:00+00:00,88.87,89.73453
2025-06-15 00:00:00+00:00,87.23,84.722466
2025-06-15 01:00:00+00:00,90.94,83.942894
2025-06-15 02:00:00+00:00,91.99,88.36067
2025-06-15 03:00:00+00:00,92.15,86.193695
2025-06-15 04:00:00+00:00,84.99,76.69945
2025-06-15 05:00:00+00:00,66.21,63.941845
2025-06-15 06:00:00+00:00,53.86,42.61056
2025-06-15 07:00:00+00:00,5.55,30.447918
2025-06-15 08:00:00+00:00,0.0,-5.086728
2025-06-15 09:00:00+00:00,-0.02,-3.6173134
2025-06-15 10:00:00+00:00,-1.22,-3.4993174
2025-06-15 11:00:00+00:00,-5.61,-8.049529
2025-06-15 12:00:00+00:00,-5.0,-11.454007
2025-06-15 13:00:00+00:00,-2.0,-1.729631
2025-06-15 14:00:00+00:00,-0.01,5.726794
2025-06-15 15:00:00+00:00,54.79,21.911911
2025-06-15 16:00:00+00:00,96.43,79.59202
2025-06-15 17:00:00+00:00,109.0,110.8579
2025-06-15 18:00:00+00:00,114.59,122.10533
2025-06-15 19:00:00+00:00,135.43,110.37229
2025-06-15 20:00:00+00:00,127.63,121.30815
2025-06-15 21:00:00+00:00,106.54,114.869804
2025-06-15 22:00:00+00:00,105.72,101.44256
2025-06-15 23:00:00+00:00,91.64,100.2783
2025-06-16 00:00:00+00:00,86.94,89.382904
2025-06-16 01:00:00+00:00,84.0,86.18043
2025-06-16 02:00:00+00:00,83.28,85.290016
2025-06-16 03:00:00+00:00,88.39,90.09826
2025-06-16 04:00:00+00:00,112.43,100.06378
2025-06-16 05:00:00+00:00,123.49,114.016525
2025-06-16 06:00:00+00:00,108.92,106.231224
2025-06-16 07:00:00+00:00,84.49,86.477196
2025-06-16 08:00:00+00:00,60.28,62.258446
2025-06-16 09:00:00+00:00,14.02,38.69317
2025-06-16 10:00:00+00:00,1.62,7.8950586
2025-06-16 11:00:00+00:00,0.07,1.4001763
2025-06-16 12:00:00+00:00,0.0,0.12342311
2025-06-16 13:00:00+00:00,0.0,6.8732834
2025-06-16 14:00:00+00:00,13.61,15.87629
2025-06-16 15:00:00+00:00,70.0,47.358364
2025-06-16 16:00:00+00:00,89.24,94.65284
2025-06-16 17:00:00+00:00,116.0,120.99795
2025-06-16 18:00:00+00:00,186.1,144.5858
2025-06-16 19:00:00+00:00,190.0,157.97464
2025-06-16 20:00:00+00:00,129.18,155.16422
2025-06-16 21:00:00+00:00,106.9,119.28914
2025-06-16 22:00:00+00:00,103.98,104.71408
2025-06-16 23:00:00+00:00,98.26,103.35945
2025-06-17 00:00:00+00:00,94.95,100.87657
2025-06-17 01:00:00+00:00,94.19,96.70801
2025-06-17 02:00:00+00:00,95.24,97.88508
2025-06-17 03:00:00+00:00,102.51,102.6107
2025-06-17 04:00:00+00:00,118.76,119.733086
2025-06-17 05:00:00+00:00,107.01,119.530624
2025-06-17 06:00:00+00:00,98.59,93.41825
2025-06-17 07:00:00+00:00,70.74,78.27282
2025-06-17 08:00:00+00:00,4.34,37.59526
2025-06-17 09:00:00+00:00,-0.61,-2.8155777
2025-06-17 10:00:00+00:00,-0.86,-7.2459264
2025-06-17 11:00:00+00:00,-4.91,-14.320492
2025-06-17 12:00:00+00:00,-6.2,-12.100648
2025-06-17 13:00:00+00:00,-2.56,-4.8021183
2025-06-17 14:00:00+00:00,8.65,8.367425
2025-06-17 15:00:00+00:00,79.23,49.617783
2025-06-17 16:00:00+00:00,103.36,104.015915
2025-06-17 17:00:00+00:00,129.08,135.43744
2025-06-17 18:00:00+00:00,241.8,156.81902
2025-06-17 19:00:00+00:00,241.38,184.62225
2025-06-17 20:00:00+00:00,138.19,176.043
2025-06-17 21:00:00+00:00,116.36,127.71316
2025-06-17 22:00:00+00:00,113.0,114.10351
2025-06-17 23:00:00+00:00,106.8,111.79069
2025-06-18 00:00:00+00:00,101.5,106.41372
2025-06-18 01:00:00+00:00,95.84,104.18616
2025-06-18 02:00:00+00:00,97.01,100.654655
2025-06-18 03:00:00+00:00,103.57,106.21273
2025-06-18 04:00:00+00:00,112.35,123.254135
2025-06-18 05:00:00+00:00,114.9,116.80324
2025-06-18 06:00:00+00:00,111.39,101.36333
2025-06-18 07:00:00+00:00,78.97,88.18009
2025-06-18 08:00:00+00:00,21.77,50.62771
2025-06-18 09:00:00+00:00,1.17,0.0099803945
2025-06-18 10:00:00+00:00,-0.23,-16.960346
2025-06-18 11:00:00+00:00,-1.04,-23.205044
2025-06-18 12:00:00+00:00,-2.3,-24.405832
2025-06-18 13:00:00+00:00,-2.17,-13.878782
2025-06-18 14:00:00+00:00,0.99,3.7668378
2025-06-18 15:00:00+00:00,74.0,44.16916
2025-06-18 16:00:00+00:00,107.15,104.36201
2025-06-18 17:00:00+00:00,116.4,144.86368
2025-06-18 18:00:00+00:00,140.99,164.69853
2025-06-18 19:00:00+00:00,175.32,152.26468
2025-06-18 20:00:00+00:00,133.06,155.25188
2025-06-18 21:00:00+00:00,115.35,122.79017
2025-06-18 22:00:00+00:00,112.2,111.25879
2025-06-18 23:00:00+00:00,106.4,108.30761
2025-06-19 00:00:00+00:00,105.29,104.16251
2025-06-19 01:00:00+00:00,99.51,103.25888
2025-06-19 02:00:00+00:00,100.94,100.56036
2025-06-19 03:00:00+00:00,95.68,104.36242
2025-06-19 04:00:00+00:00,101.51,100.95431
2025-06-19 05:00:00+00:00,89.25,95.14517
2025-06-19 06:00:00+00:00,71.25,64.99144
2025-06-19 07:00:00+00:00,0.86,28.815489
2025-06-19 08:00:00+00:00,-1.33,-13.993315
2025-06-19 09:00:00+00:00,-29.98,-25.90308
2025-06-19 10:00:00+00:00,-52.21,-78.81642
2025-06-19 11:00:00+00:00,-65.44,-85.24509
2025-06-19 12:00:00+00:00,-64.95,-95.47832
2025-06-19 13:00:00+00:00,-39.79,-73.60507
2025-06-19 14:00:00+00:00,-4.95,-51.801273
2025-06-19 15:00:00+00:00,2.3,-3.2590737
2025-06-19 16:00:00+00:00,80.33,47.67585
2025-06-19 17:00:00+00:00,118.47,112.15441
2025-06-19 18:00:00+00:00,138.85,139.56546
2025-06-19 19:00:00+00:00,141.8,139.04034
2025-06-19 20:00:00+00:00,129.66,130.3947
2025-06-19 21:00:00+00:00,108.89,118.23646
2025-06-19 22:00:00+00:00,109.49,105.38418
2025-06-19 23:00:00+00:00,104.57,104.389175
2025-06-20 00:00:00+00:00,103.24,100.56275
2025-06-20 01:00:00+00:00,105.01,100.25815
2025-06-20 02:00:00+00:00,104.27,101.84868
2025-06-20 03:00:00+00:00,109.04,106.22017
2025-06-20 04:00:00+00:00,120.9,114.42528
2025-06-20 05:00:00+00:00,118.66,108.96198
2025-06-20 06:00:00+00:00,110.98,93.65887
2025-06-20 07:00:00+00:00,81.69,72.57787
2025-06-20 08:00:00+00:00,15.83,37.275795
2025-06-20 09:00:00+00:00,4.03,-13.651031
2025-06-20 10:00:00+00:00,0.0,-19.658073
2025-06-20 11:00:00+00:00,-1.0,-17.925177
2025-06-20 12:00:00+00:00,-0.17,-17.827427
2025-06-20 13:00:00+00:00,0.91,-1.7726002
2025-06-20 14:00:00+00:00,28.99,16.111485
2025-06-20 15:00:00+00:00,87.35,48.836464
2025-06-20 16:00:00+00:00,111.01,108.06604
2025-06-20 17:00:00+00:00,136.13,140.87161
2025-06-20 18:00:00+00:00,201.29,156.90973
2025-06-20 19:00:00+00:00,178.63,164.3894
2025-06-20 20:00:00+00:00,137.05,163.18352
2025-06-20 21:00:00+00:00,121.38,129.18114
2025-06-20 22:00:00+00:00,118.52,115.42711
2025-06-20 23:00:00+00:00,110.48,114.6132
2025-06-21 00:00:00+00:00,108.15,105.229225
2025-06-21 01:00:00+00:00,106.76,104.68202
2025-06-21 02:00:00+00:00,109.1,103.50438
2025-06-21 03:00:00+00:00,104.45,107.362366
2025-06-21 04:00:00+00:00,100.71,102.61307
2025-06-21 05:00:00+00:00,90.74,91.61369
2025-06-21 06:00:00+00:00,75.93,66.712616
2025-06-21 07:00:00+00:00,23.4,35.503704
2025-06-21 08:00:00+00:00,0.19,-2.4854627
2025-06-21 09:00:00+00:00,-2.01,-10.862822
2025-06-21 10:00:00+00:00,-13.96,-24.99239
2025-06-21 11:00:00+00:00,-29.98,-45.847637
2025-06-21 12:00:00+00:00,-26.31,-76.76141
2025-06-21 13:00:00+00:00,-4.42,-28.320942
2025-06-21 14:00:00+00:00,0.09,0.71631527
2025-06-21 15:00:00+00:00,59.99,22.824821
2025-06-21 16:00:00+00:00,100.95,94.870926
2025-06-21 17:00:00+00:00,127.9,144.07887
2025-06-21 18:00:00+00:00,156.74,151.25159
2025-06-21 19:00:00+00:00,165.3,160.94424
2025-06-21 20:00:00+00:00,140.78,151.35333
2025-06-21 21:00:00+00:00,119.2,131.53354
2025-06-21 22:00:00+00:00,108.15,112.959915
2025-06-21 23:00:00+00:00,101.07,106.19485
2025-06-22 00:00:00+00:00,97.46,97.61273
2025-06-22 01:00:00+00:00,92.12,94.01631
2025-06-22 02:00:00+00:00,89.69,89.07185
2025-06-22 03:00:00+00:00,87.95,81.10214
2025-06-22 04:00:00+00:00,71.98,73.73715
2025-06-22 05:00:00+00:00,26.44,42.96983
2025-06-22 06:00:00+00:00,0.0,1.7369843
2025-06-22 07:00:00+00:00,-0.09,-15.454074
2025-06-22 08:00:00+00:00,-11.11,-17.548212
2025-06-22 09:00:00+00:00,-38.56,-49.271584
2025-06-22 10:00:00+00:00,-67.41,-116.91091
2025-06-22 11:00:00+00:00,-99.01,-126.85906
2025-06-22 12:00:00+00:00,-81.0,-193.6634
2025-06-22 13:00:00+00:00,-40.09,-209.46085
2025-06-22 14:00:00+00:00,-7.68,-141.21535
2025-06-22 15:00:00+00:00,-0.01,-30.228106
2025-06-22 16:00:00+00:00,69.75,36.5292
2025-06-22 17:00:00+00:00,109.33,97.99827
2025-06-22 18:00:00+00:00,123.9,128.71887
2025-06-22 19:00:00+00:00,134.33,125.6319
2025-06-22 20:00:00+00:00,126.32,127.34544
2025-06-22 21:00:00+00:00,101.63,114.6598
2025-06-22 22:00:00+00:00,70.3,95.0517
2025-06-22 23:00:00+00:00,63.8,61.28549
2025-06-23 00:00:00+00:00,63.79,59.311356
2025-06-23 01:00:00+00:00,64.51,59.062523
2025-06-23 02:00:00+00:00,72.5,61.18587
2025-06-23 03:00:00+00:00,84.92,71.57776
2025-06-23 04:00:00+00:00,89.12,96.26407
2025-06-23 05:00:00+00:00,92.24,95.31877
2025-06-23 06:00:00+00:00,78.96,78.314224
2025-06-23 07:00:00+00:00,18.64,42.43826
2025-06-23 08:00:00+00:00,-0.01,-7.2807307
2025-06-23 09:00:00+00:00,-6.11,-14.959539
2025-06-23 10:00:00+00:00,-12.76,-23.05986
2025-06-23 11:00:00+00:00,-26.45,-30.169086
2025-06-23 12:00:00+00:00,-32.75,-26.973677
2025-06-23 13:00:00+00:00,-32.69,-37.85231
2025-06-23 14:00:00+00:00,-25.0,-26.852333
2025-06-23 15:00:00+00:00,-13.11,-3.2298832
2025-06-23 16:00:00+00:00,-1.01,0.28164598
2025-06-23 17:00:00+00:00,20.0,17.92429
2025-06-23 18:00:00+00:00,83.5,58.55685
2025-06-23 19:00:00+00:00,90.0,87.56565
2025-06-23 20:00:00+00:00,97.78,90.2029
2025-06-23 21:00:00+00:00,89.53,92.38397
2025-06-23 22:00:00+00:00,77.08,81.36856
2025-06-23 23:00:00+00:00,66.79,67.36395
2025-06-24 00:00:00+00:00,63.79,57.449158
2025-06-24 01:00:00+00:00,58.12,55.34312
2025-06-24 02:00:00+00:00,66.52,52.603348
2025-06-24 03:00:00+00:00,69.75,67.48114
2025-06-24 04:00:00+00:00,88.15,81.94687
2025-06-24 05:00:00+00:00,88.02,86.11188
2025-06-24 06:00:00+00:00,41.27,71.32147
2025-06-24 07:00:00+00:00,-0.01,15.334015
2025-06-24 08:00:00+00:00,-4.01,-17.206026
2025-06-24 09:00:00+00:00,-12.41,-18.4275
2025-06-24 10:00:00+00:00,-20.09,-35.47811
2025-06-24 11:00:00+00:00,-22.75,-35.019924
2025-06-24 12:00:00+00:00,-19.27,-34.827103
2025-06-24 13:00:00+00:00,-7.56,-23.05041
2025-06-24 14:00:00+00:00,-3.06,-2.9201252
2025-06-24 15:00:00+00:00,2.09,6.002449
2025-06-24 16:00:00+00:00,61.77,30.16057
2025-06-24 17:00:00+00:00,97.25,87.78157
2025-06-24 18:00:00+00:00,123.9,117.57029
2025-06-24 19:00:00+00:00,122.49,124.58422
2025-06-24 20:00:00+00:00,97.41,112.641045
2025-06-24 21:00:00+00:00,98.02,94.78979
2025-06-24 22:00:00+00:00,78.85,91.62747
2025-06-24 23:00:00+00:00,67.63,70.93541
2025-06-25 00:00:00+00:00,70.02,65.088425
2025-06-25 01:00:00+00:00,69.07,68.45152
2025-06-25 02:00:00+00:00,70.01,70.023674
2025-06-25 03:00:00+00:00,82.77,76.52436
2025-06-25 04:00:00+00:00,105.72,93.86569
2025-06-25 05:00:00+00:00,112.36,103.211105
2025-06-25 06:00:00+00:00,97.87,95.346756
2025-06-25 07:00:00+00:00,70.02,71.7928
2025-06-25 08:00:00+00:00,10.07,35.77333
2025-06-25 09:00:00+00:00,0.07,-1.942977
2025-06-25 10:00:00+00:00,-0.02,-11.57151
2025-06-25 11:00:00+00:00,-0.14,-12.315916
2025-06-25 12:00:00+00:00,-0.51,-6.853296
2025-06-25 13:00:00+00:00,0.0,3.6885917
2025-06-25 14:00:00+00:00,17.84,16.501802
2025-06-25 15:00:00+00:00,84.47,52.291893
2025-06-25 16:00:00+00:00,105.8,109.66944
2025-06-25 17:00:00+00:00,134.19,130.06277
2025-06-25 18:00:00+00:00,200.0,165.26405
2025-06-25 19:00:00+00:00,247.02,193.88574
2025-06-25 20:00:00+00:00,173.62,179.2829
2025-06-25 21:00:00+00:00,126.84,158.24374
2025-06-25 22:00:00+00:00,119.95,122.3165
2025-06-25 23:00:00+00:00,107.63,119.01503
2025-06-26 00:00:00+00:00,102.83,108.69673
2025-06-26 01:00:00+00:00,98.62,103.722885
2025-06-26 02:00:00+00:00,98.79,103.618225
2025-06-26 03:00:00+00:00,102.91,107.464645
2025-06-26 04:00:00+00:00,119.9,117.67812
2025-06-26 05:00:00+00:00,120.91,123.054474
2025-06-26 06:00:00+00:00,106.79,106.72225
2025-06-26 07:00:00+00:00,96.45,87.06012
2025-06-26 08:00:00+00:00,88.95,77.40371
2025-06-26 09:00:00+00:00,77.88,71.88511
2025-06-26 10:00:00+00:00,70.25,54.122692
2025-06-26 11:00:00+00:00,59.25,51.149826
2025-06-26 12:00:00+00:00,51.12,45.228542
2025-06-26 13:00:00+00:00,48.99,44.827568
2025-06-26 14:00:00+00:00,63.04,51.411995
2025-06-26 15:00:00+00:00,70.3,72.376884
2025-06-26 16:00:00+00:00,89.23,88.98342
2025-06-26 17:00:00+00:00,93.95,107.45315
2025-06-26 18:00:00+00:00,99.14,105.892525
2025-06-26 19:00:00+00:00,100.0,98.66054
2025-06-26 20:00:00+00:00,108.64,95.490074
2025-06-26 21:00:00+00:00,97.23,102.07253
2025-06-26 22:00:00+00:00,84.5,87.81412
2025-06-26 23:00:00+00:00,78.83,76.02279
2025-06-27 00:00:00+00:00,75.67,75.13896
2025-06-27 01:00:00+00:00,80.41,72.69105
2025-06-27 02:00:00+00:00,82.39,80.981636
2025-06-27 03:00:00+00:00,88.9,88.25282
2025-06-27 04:00:00+00:00,105.58,97.932106
2025-06-27 05:00:00+00:00,113.2,109.66975
2025-06-27 06:00:00+00:00,107.7,100.47682
2025-06-27 07:00:00+00:00,90.94,88.03289
2025-06-27 08:00:00+00:00,79.12,75.66972
2025-06-27 09:00:00+00:00,67.45,66.04626
2025-06-27 10:00:00+00:00,54.53,54.714645
2025-06-27 11:00:00+00:00,28.3,43.074196
2025-06-27 12:00:00+00:00,7.87,26.094135
2025-06-27 13:00:00+00:00,9.88,21.068441
2025-06-27 14:00:00+00:00,29.92,31.052322
2025-06-27 15:00:00+00:00,70.68,54.8057
2025-06-27 16:00:00+00:00,91.73,92.2511
2025-06-27 17:00:00+00:00,107.15,113.42076
2025-06-27 18:00:00+00:00,124.86,134.94699
2025-06-27 19:00:00+00:00,134.94,128.66777
2025-06-27 20:00:00+00:00,126.24,128.95576
2025-06-27 21:00:00+00:00,107.7,121.70336
2025-06-27 22:00:00+00:00,94.7,106.17323
2025-06-27 23:00:00+00:00,89.61,94.880516
2025-06-28 00:00:00+00:00,82.02,90.296555
2025-06-28 01:00:00+00:00,76.59,81.59694
2025-06-28 02:00:00+00:00,70.27,74.88899
2025-06-28 03:00:00+00:00,75.4,67.86755
2025-06-28 04:00:00+00:00,74.0,68.06185
2025-06-28 05:00:00+00:00,58.84,60.199905
2025-06-28 06:00:00+00:00,27.8,34.740032
2025-06-28 07:00:00+00:00,2.34,-1.1749108
2025-06-28 08:00:00+00:00,0.01,-14.848057
2025-06-28 09:00:00+00:00,-0.04,-14.339272
2025-06-28 10:00:00+00:00,-1.0,-12.178765
2025-06-28 11:00:00+00:00,-2.01,-16.58896
2025-06-28 12:00:00+00:00,-3.09,-14.062008
2025-06-28 13:00:00+00:00,-1.01,-7.3206916
2025-06-28 14:00:00+00:00,-1.0,3.391974
2025-06-28 15:00:00+00:00,2.97,7.811701
2025-06-28 16:00:00+00:00,62.73,25.120462
2025-06-28 17:00:00+00:00,95.03,83.298195
2025-06-28 18:00:00+00:00,108.99,111.3587
2025-06-28 19:00:00+00:00,123.86,115.81309
2025-06-28 20:00:00+00:00,119.84,120.60097
2025-06-28 21:00:00+00:00,103.5,111.47206
2025-06-28 22:00:00+00:00,95.07,98.544395
2025-06-28 23:00:00+00:00,89.42,89.86448
2025-06-29 00:00:00+00:00,89.66,84.44167
2025-06-29 01:00:00+00:00,86.82,82.603
2025-06-29 02:00:00+00:00,85.31,80.55418
2025-06-29 03:00:00+00:00,85.3,77.53281
2025-06-29 04:00:00+00:00,86.39,70.62668
2025-06-29 05:00:00+00:00,74.92,64.06378
2025-06-29 06:00:00+00:00,47.52,41.605408
2025-06-29 07:00:00+00:00,1.99,15.777622
2025-06-29 08:00:00+00:00,0.0,-17.006184
2025-06-29 09:00:00+00:00,-0.26,-17.373526
2025-06-29 10:00:00+00:00,-5.4,-19.941534
2025-06-29 11:00:00+00:00,-20.1,-30.790457
2025-06-29 12:00:00+00:00,-24.01,-44.783962
2025-06-29 13:00:00+00:00,-15.45,-33.812088
2025-06-29 14:00:00+00:00,-2.69,-18.324116
2025-06-29 15:00:00+00:00,0.01,6.311455
2025-06-29 16:00:00+00:00,77.44,25.381084
2025-06-29 17:00:00+00:00,102.14,98.54286
2025-06-29 18:00:00+00:00,111.98,122.44044
2025-06-29 19:00:00+00:00,118.07,119.10448
2025-06-29 20:00:00+00:00,113.73,120.73194
2025-06-29 21:00:00+00:00,101.0,112.50802
2025-06-29 22:00:00+00:00,98.73,101.95345
2025-06-29 23:00:00+00:00,89.03,98.400276
2025-06-30 00:00:00+00:00,85.03,91.57118
2025-06-30 01:00:00+00:00,84.13,87.338196
2025-06-30 02:00:00+00:00,86.51,90.26918
2025-06-30 03:00:00+00:00,97.41,96.77406
2025-06-30 04:00:00+00:00,114.9,111.22021
2025-06-30 05:00:00+00:00,111.7,114.15411
2025-06-30 06:00:00+00:00,108.52,100.515366
2025-06-30 07:00:00+00:00,91.77,87.893265
2025-06-30 08:00:00+00:00,74.65,69.24995
2025-06-30 09:00:00+00:00,43.73,50.1129
2025-06-30 10:00:00+00:00,19.05,24.767403
2025-06-30 11:00:00+00:00,9.96,10.118503
2025-06-30 12:00:00+00:00,19.65,8.37133
2025-06-30 13:00:00+00:00,60.0,23.798216
2025-06-30 14:00:00+00:00,80.5,66.09846
2025-06-30 15:00:00+00:00,91.98,94.56232
2025-06-30 16:00:00+00:00,110.01,108.65649
2025-06-30 17:00:00+00:00,178.94,146.00085
2025-06-30 18:00:00+00:00,288.97,209.96234
2025-06-30 19:00:00+00:00,233.35,187.45973
2025-06-30 20:00:00+00:00,157.0,175.77704
2025-06-30 21:00:00+00:00,122.65,140.80087
2025-06-30 22:00:00+00:00,111.28,112.17612
2025-06-30 23:00:00+00:00,95.29,108.58501
2025-07-01 00:00:00+00:00,89.1,95.09928
2025-07-01 01:00:00+00:00,88.08,92.36535
2025-07-01 02:00:00+00:00,90.01,91.829636
2025-07-01 03:00:00+00:00,96.5,98.608086
2025-07-01 04:00:00+00:00,114.97,108.56397
2025-07-01 05:00:00+00:00,120.11,114.56228
2025-07-01 06:00:00+00:00,114.72,105.10582
2025-07-01 07:00:00+00:00,91.19,91.714264
2025-07-01 08:00:00+00:00,84.31,68.16825
2025-07-01 09:00:00+00:00,69.56,57.628075
2025-07-01 10:00:00+00:00,44.54,38.29504
2025-07-01 11:00:00+00:00,42.47,21.804062
2025-07-01 12:00:00+00:00,57.65,37.37347
2025-07-01 13:00:00+00:00,78.14,65.15527
2025-07-01 14:00:00+00:00,90.8,90.66584
2025-07-01 15:00:00+00:00,102.02,114.25006
2025-07-01 16:00:00+00:00,152.08,138.3176
2025-07-01 17:00:00+00:00,307.27,184.75468
2025-07-01 18:00:00+00:00,476.19,311.31094
2025-07-01 19:00:00+00:00,406.81,349.404
2025-07-01 20:00:00+00:00,250.01,356.82562
2025-07-01 21:00:00+00:00,147.65,202.43796
2025-07-01 22:00:00+00:00,119.29,141.01628
2025-07-01 23:00:00+00:00,102.7,118.58719
2025-07-02 00:00:00+00:00,92.54,105.31337
2025-07-02 01:00:00+00:00,92.08,99.22096
2025-07-02 02:00:00+00:00,91.71,99.96804
2025-07-02 03:00:00+00:00,100.55,102.233955
2025-07-02 04:00:00+00:00,116.43,113.26368
2025-07-02 05:00:00+00:00,110.42,117.712975
2025-07-02 06:00:00+00:00,104.52,101.212944
2025-07-02 07:00:00+00:00,92.62,87.00895
2025-07-02 08:00:00+00:00,81.06,74.39066
2025-07-02 09:00:00+00:00,69.93,58.40346
2025-07-02 10:00:00+00:00,36.12,42.33971
2025-07-02 11:00:00+00:00,32.59,12.333843
2025-07-02 12:00:00+00:00,46.61,20.557167
2025-07-02 13:00:00+00:00,71.49,57.75465
2025-07-02 14:00:00+00:00,79.6,90.33946
2025-07-02 15:00:00+00:00,89.27,110.21007
2025-07-02 16:00:00+00:00,113.99,130.9928
2025-07-02 17:00:00+00:00,186.01,166.35796
2025-07-02 18:00:00+00:00,240.07,223.96252
2025-07-02 19:00:00+00:00,180.21,208.37027
2025-07-02 20:00:00+00:00,134.93,161.93967
2025-07-02 21:00:00+00:00,108.5,125.079155
2025-07-02 22:00:00+00:00,83.49,106.74849
2025-07-02 23:00:00+00:00,81.15,83.242645
2025-07-03 00:00:00+00:00,79.0,83.439835
2025-07-03 01:00:00+00:00,78.93,82.01325
2025-07-03 02:00:00+00:00,80.88,83.34785
2025-07-03 03:00:00+00:00,86.45,88.50497
2025-07-03 04:00:00+00:00,104.92,106.80808
2025-07-03 05:00:00+00:00,108.03,109.4178
2025-07-03 06:00:00+00:00,104.9,94.464836
2025-07-03 07:00:00+00:00,90.45,82.25279
2025-07-03 08:00:00+00:00,75.06,70.07426
2025-07-03 09:00:00+00:00,57.35,55.534294
2025-07-03 10:00:00+00:00,42.16,43.3192
2025-07-03 11:00:00+00:00,33.91,27.566027
2025-07-03 12:00:00+00:00,24.72,21.963001
2025-07-03 13:00:00+00:00,37.86,29.211023
2025-07-03 14:00:00+00:00,58.57,46.24632
2025-07-03 15:00:00+00:00,81.0,74.613464
2025-07-03 16:00:00+00:00,95.19,105.63127
2025-07-03 17:00:00+00:00,107.2,121.48623
2025-07-03 18:00:00+00:00,146.96,140.05699
2025-07-03 19:00:00+00:00,166.67,152.81937
2025-07-03 20:00:00+00:00,133.3,148.61984
2025-07-03 21:00:00+00:00,117.03,123.52603
2025-07-03 22:00:00+00:00,111.01,115.71711
2025-07-03 23:00:00+00:00,105.45,111.52802
2025-07-04 00:00:00+00:00,101.31,105.76961
2025-07-04 01:00:00+00:00,98.44,104.8514
2025-07-04 02:00:00+00:00,103.2,104.157715
2025-07-04 03:00:00+00:00,106.63,111.21683
2025-07-04 04:00:00+00:00,122.38,119.76944
2025-07-04 05:00:00+00:00,116.46,122.559425
2025-07-04 06:00:00+00:00,100.0,107.37047
2025-07-04 07:00:00+00:00,91.15,84.01754
2025-07-04 08:00:00+00:00,70.01,64.40742
2025-07-04 09:00:00+00:00,6.69,38.41992
2025-07-04 10:00:00+00:00,-0.05,-2.899771
2025-07-04 11:00:00+00:00,-1.56,-4.632756
2025-07-04 12:00:00+00:00,-1.37,-5.1280017
2025-07-04 13:00:00+00:00,-0.61,1.2563069
2025-07-04 14:00:00+00:00,2.39,10.8964405
2025-07-04 15:00:00+00:00,62.04,43.709694
2025-07-04 16:00:00+00:00,88.68,91.19291
2025-07-04 17:00:00+00:00,110.0,120.795265
2025-07-04 18:00:00+00:00,130.74,140.0632
2025-07-04 19:00:00+00:00,150.1,137.00679
2025-07-04 20:00:00+00:00,129.68,135.19774
2025-07-04 21:00:00+00:00,107.99,123.21703
2025-07-04 22:00:00+00:00,104.2,106.5744
2025-07-04 23:00:00+00:00,94.98,103.086914
2025-07-05 00:00:00+00:00,96.5,94.84157
2025-07-05 01:00:00+00:00,93.4,94.11408
2025-07-05 02:00:00+00:00,94.5,93.263824
2025-07-05 03:00:00+00:00,83.49,92.798256
2025-07-05 04:00:00+00:00,84.47,81.316536
2025-07-05 05:00:00+00:00,43.77,72.73179
2025-07-05 06:00:00+00:00,17.86,27.524424
2025-07-05 07:00:00+00:00,3.34,-1.7633647
2025-07-05 08:00:00+00:00,0.0,-9.686862
2025-07-05 09:00:00+00:00,-0.08,-12.86758
2025-07-05 10:00:00+00:00,-1.01,-10.426654
2025-07-05 11:00:00+00:00,-2.05,-15.829196
2025-07-05 12:00:00+00:00,-2.11,-13.201651
2025-07-05 13:00:00+00:00,-2.01,-6.8682075
2025-07-05 14:00:00+00:00,-2.26,0.44160452
2025-07-05 15:00:00+00:00,0.0,8.301702
2025-07-05 16:00:00+00:00,41.25,24.303062
2025-07-05 17:00:00+00:00,85.0,71.87773
2025-07-05 18:00:00+00:00,111.01,99.21913
2025-07-05 19:00:00+00:00,122.96,114.47625
2025-07-05 20:00:00+00:00,117.14,116.058624
2025-07-05 21:00:00+00:00,108.21,110.89287
2025-07-05 22:00:00+00:00,95.15,103.181496
2025-07-05 23:00:00+00:00,89.5,90.187546
2025-07-06 00:00:00+00:00,85.94,86.11104
2025-07-06 01:00:00+00:00,83.95,85.68661
2025-07-06 02:00:00+00:00,82.6,86.13617
2025-07-06 03:00:00+00:00,82.0,83.996574
2025-07-06 04:00:00+00:00,78.46,78.59771
2025-07-06 05:00:00+00:00,77.57,62.1517
2025-07-06 06:00:00+00:00,70.57,50.323242
2025-07-06 07:00:00+00:00,38.81,34.42479
2025-07-06 08:00:00+00:00,19.21,14.788187
2025-07-06 09:00:00+00:00,13.19,5.5000787
2025-07-06 10:00:00+00:00,10.26,1.4924002
2025-07-06 11:00:00+00:00,5.85,1.7909989
2025-07-06 12:00:00+00:00,11.2,-0.8099953
2025-07-06 13:00:00+00:00,50.57,17.241093
2025-07-06 14:00:00+00:00,70.77,58.7004
2025-07-06 15:00:00+00:00,100.29,87.892876
2025-07-06 16:00:00+00:00,107.37,116.68179
2025-07-06 17:00:00+00:00,112.16,126.07616
2025-07-06 18:00:00+00:00,120.32,122.671074
2025-07-06 19:00:00+00:00,125.04,120.712685
2025-07-06 20:00:00+00:00,122.21,122.67983
2025-07-06 21:00:00+00:00,110.78,117.56223
2025-07-06 22:00:00+00:00,118.84,109.69679
2025-07-06 23:00:00+00:00,107.42,115.16779
2025-07-07 00:00:00+00:00,101.92,106.046555
2025-07-07 01:00:00+00:00,99.12,104.13277
2025-07-07 02:00:00+00:00,101.0,103.83836
2025-07-07 03:00:00+00:00,108.22,111.61962
2025-07-07 04:00:00+00:00,134.2,129.87813
2025-07-07 05:00:00+00:00,143.67,146.86224
2025-07-07 06:00:00+00:00,152.29,130.94838
2025-07-07 07:00:00+00:00,131.99,125.28322
2025-07-07 08:00:00+00:00,108.64,108.483185
2025-07-07 09:00:00+00:00,108.98,93.79062
2025-07-07 10:00:00+00:00,90.24,94.58851
2025-07-07 11:00:00+00:00,71.0,83.59352
2025-07-07 12:00:00+00:00,53.02,62.89665
2025-07-07 13:00:00+00:00,50.67,58.953644
2025-07-07 14:00:00+00:00,52.51,66.73661
2025-07-07 15:00:00+00:00,72.3,71.42662
2025-07-07 16:00:00+00:00,87.95,92.197464
2025-07-07 17:00:00+00:00,92.27,112.06122
2025-07-07 18:00:00+00:00,97.28,118.53463
2025-07-07 19:00:00+00:00,109.92,109.271324
2025-07-07 20:00:00+00:00,110.09,109.8189
2025-07-07 21:00:00+00:00,95.82,106.95476
2025-07-07 22:00:00+00:00,103.83,95.37012
2025-07-07 23:00:00+00:00,92.9,99.69737
2025-07-08 00:00:00+00:00,86.13,91.96617
2025-07-08 01:00:00+00:00,84.78,86.32708
2025-07-08 02:00:00+00:00,85.37,87.006966
2025-07-08 03:00:00+00:00,91.14,94.92714
2025-07-08 04:00:00+00:00,107.99,109.68402
2025-07-08 05:00:00+00:00,118.65,121.0295
2025-07-08 06:00:00+00:00,117.76,109.6408
2025-07-08 07:00:00+00:00,94.06,101.72978
2025-07-08 08:00:00+00:00,81.78,80.853806
2025-07-08 09:00:00+00:00,78.44,68.894936
2025-07-08 10:00:00+00:00,60.15,64.85844
2025-07-08 11:00:00+00:00,54.72,49.076954
2025-07-08 12:00:00+00:00,53.04,43.13564
2025-07-08 13:00:00+00:00,54.65,50.483475
2025-07-08 14:00:00+00:00,65.2,54.529663
2025-07-08 15:00:00+00:00,79.98,68.749084
2025-07-08 16:00:00+00:00,83.92,91.79129
2025-07-08 17:00:00+00:00,102.1,100.58858
2025-07-08 18:00:00+00:00,122.77,123.79671
2025-07-08 19:00:00+00:00,123.34,118.0453
2025-07-08 20:00:00+00:00,116.65,120.713326
2025-07-08 21:00:00+00:00,100.95,111.21276
2025-07-08 22:00:00+00:00,97.15,98.60962
2025-07-08 23:00:00+00:00,86.85,92.888016
2025-07-09 00:00:00+00:00,83.86,85.81745
2025-07-09 01:00:00+00:00,84.65,85.06561
2025-07-09 02:00:00+00:00,85.1,87.0784
2025-07-09 03:00:00+00:00,96.15,91.9819
2025-07-09 04:00:00+00:00,113.66,110.37267
2025-07-09 05:00:00+00:00,116.46,121.717
2025-07-09 06:00:00+00:00,113.59,107.622215
2025-07-09 07:00:00+00:00,95.66,95.13375
2025-07-09 08:00:00+00:00,84.68,79.98116
2025-07-09 09:00:00+00:00,77.77,72.02659
2025-07-09 10:00:00+00:00,65.67,64.61137
2025-07-09 11:00:00+00:00,46.69,54.199078
2025-07-09 12:00:00+00:00,37.78,40.903572
2025-07-09 13:00:00+00:00,48.32,47.749973
2025-07-09 14:00:00+00:00,71.13,59.726273
2025-07-09 15:00:00+00:00,84.73,84.53161
2025-07-09 16:00:00+00:00,99.01,100.150764
2025-07-09 17:00:00+00:00,115.98,122.021706
2025-07-09 18:00:00+00:00,135.34,146.22491
2025-07-09 19:00:00+00:00,138.24,137.61165
2025-07-09 20:00:00+00:00,119.79,131.8442
2025-07-09 21:00:00+00:00,104.9,115.443726
2025-07-09 22:00:00+00:00,100.91,104.989784
2025-07-09 23:00:00+00:00,95.73,103.43541
2025-07-10 00:00:00+00:00,89.1,99.10163
2025-07-10 01:00:00+00:00,86.45,94.72602
2025-07-10 02:00:00+00:00,87.97,93.01224
2025-07-10 03:00:00+00:00,98.62,96.69231
2025-07-10 04:00:00+00:00,107.61,114.27417
2025-07-10 05:00:00+00:00,107.23,119.34275
2025-07-10 06:00:00+00:00,105.35,101.937004
2025-07-10 07:00:00+00:00,88.9,90.27931
2025-07-10 08:00:00+00:00,82.0,74.87746
2025-07-10 09:00:00+00:00,65.33,67.07414
2025-07-10 10:00:00+00:00,45.22,48.554672
2025-07-10 11:00:00+00:00,39.51,32.1393
2025-07-10 12:00:00+00:00,39.55,34.727135
2025-07-10 13:00:00+00:00,56.71,45.721252
2025-07-10 14:00:00+00:00,76.8,65.41023
2025-07-10 15:00:00+00:00,86.4,92.67074
2025-07-10 16:00:00+00:00,100.2,100.40223
2025-07-10 17:00:00+00:00,114.39,121.20633
2025-07-10 18:00:00+00:00,134.67,145.04391
2025-07-10 19:00:00+00:00,132.7,141.69174
2025-07-10 20:00:00+00:00,120.88,131.09816
2025-07-10 21:00:00+00:00,107.69,116.606094
2025-07-10 22:00:00+00:00,104.75,109.17405
2025-07-10 23:00:00+00:00,99.57,104.61062
2025-07-11 00:00:00+00:00,95.0,102.77814
2025-07-11 01:00:00+00:00,90.69,99.34935
2025-07-11 02:00:00+00:00,91.53,98.23924
2025-07-11 03:00:00+00:00,99.4,102.02841
2025-07-11 04:00:00+00:00,107.41,118.93862
2025-07-11 05:00:00+00:00,105.92,118.93828
2025-07-11 06:00:00+00:00,105.18,100.79179
2025-07-11 07:00:00+00:00,93.3,90.130394
2025-07-11 08:00:00+00:00,82.9,79.77041
2025-07-11 09:00:00+00:00,73.15,70.489426
2025-07-11 10:00:00+00:00,63.82,49.476425
2025-07-11 11:00:00+00:00,42.16,42.02104
2025-07-11 12:00:00+00:00,32.04,29.557062
2025-07-11 13:00:00+00:00,38.1,26.959614
2025-07-11 14:00:00+00:00,59.55,38.443764
2025-07-11 15:00:00+00:00,83.15,70.50657
2025-07-11 16:00:00+00:00,86.44,96.48068
2025-07-11 17:00:00+00:00,101.93,105.679276
2025-07-11 18:00:00+00:00,117.5,127.91965
2025-07-11 19:00:00+00:00,118.08,123.12437
2025-07-11 20:00:00+00:00,113.8,116.14953
2025-07-11 21:00:00+00:00,103.82,108.91336
2025-07-11 22:00:00+00:00,112.23,101.488914
2025-07-11 23:00:00+00:00,104.57,108.0547
2025-07-12 00:00:00+00:00,103.68,102.25189
2025-07-12 01:00:00+00:00,97.4,103.02236
2025-07-12 02:00:00+00:00,93.33,98.51714
2025-07-12 03:00:00+00:00,89.94,95.50509
2025-07-12 04:00:00+00:00,85.27,89.26193
2025-07-12 05:00:00+00:00,87.98,83.06777
2025-07-12 06:00:00+00:00,83.8,80.429924
2025-07-12 07:00:00+00:00,59.86,60.07708
2025-07-12 08:00:00+00:00,18.19,33.993454
2025-07-12 09:00:00+00:00,3.0,5.090827
2025-07-12 10:00:00+00:00,0.22,-2.5124142
2025-07-12 11:00:00+00:00,0.0,-4.5909333
2025-07-12 12:00:00+00:00,0.0,-2.9110696
2025-07-12 13:00:00+00:00,0.22,4.234781
2025-07-12 14:00:00+00:00,19.73,13.993515
2025-07-12 15:00:00+00:00,73.89,52.324562
2025-07-12 16:00:00+00:00,106.2,96.17773
2025-07-12 17:00:00+00:00,109.2,123.90031
2025-07-12 18:00:00+00:00,120.0,129.12238
2025-07-12 19:00:00+00:00,125.02,122.988914
2025-07-12 20:00:00+00:00,125.0,122.57548
2025-07-12 21:00:00+00:00,115.42,119.128494
2025-07-12 22:00:00+00:00,115.35,110.42918
2025-07-12 23:00:00+00:00,109.14,111.111565
2025-07-13 00:00:00+00:00,108.42,105.168655
2025-07-13 01:00:00+00:00,107.35,105.18649
2025-07-13 02:00:00+00:00,104.64,105.50386
2025-07-13 03:00:00+00:00,100.85,103.84516
2025-07-13 04:00:00+00:00,95.8,98.4076
2025-07-13 05:00:00+00:00,92.18,86.930336
2025-07-13 06:00:00+00:00,87.94,80.59907
2025-07-13 07:00:00+00:00,57.62,62.713097
2025-07-13 08:00:00+00:00,4.28,28.021107
2025-07-13 09:00:00+00:00,0.05,-0.37070516
2025-07-13 10:00:00+00:00,0.0,-5.4431686
2025-07-13 11:00:00+00:00,0.0,-6.396295
2025-07-13 12:00:00+00:00,0.0,-6.6578093
2025-07-13 13:00:00+00:00,0.0,2.9459345
2025-07-13 14:00:00+00:00,2.36,10.334078
2025-07-13 15:00:00+00:00,73.4,39.10812
2025-07-13 16:00:00+00:00,100.61,99.79074
2025-07-13 17:00:00+00:00,113.74,128.80025
2025-07-13 18:00:00+00:00,120.0,140.41434
2025-07-13 19:00:00+00:00,127.7,129.2298
2025-07-13 20:00:00+00:00,126.94,126.48519
2025-07-13 21:00:00+00:00,115.41,123.10526
2025-07-13 22:00:00+00:00,114.02,120.11409
2025-07-13 23:00:00+00:00,104.01,114.97354
2025-07-14 00:00:00+00:00,98.17,110.1616
2025-07-14 01:00:00+00:00,94.94,103.75127
2025-07-14 02:00:00+00:00,99.32,102.86907
2025-07-14 03:00:00+00:00,108.93,112.473656
2025-07-14 04:00:00+00:00,117.87,130.31255
2025-07-14 05:00:00+00:00,121.62,130.03052
2025-07-14 06:00:00+00:00,112.06,117.22374
2025-07-14 07:00:00+00:00,92.43,100.38404
2025-07-14 08:00:00+00:00,84.58,84.536026
2025-07-14 09:00:00+00:00,79.67,78.886246
2025-07-14 10:00:00+00:00,70.98,74.79944
2025-07-14 11:00:00+00:00,64.17,65.95428
2025-07-14 12:00:00+00:00,57.15,63.63008
2025-07-14 13:00:00+00:00,55.82,64.97957
2025-07-14 14:00:00+00:00,71.1,67.655014
2025-07-14 15:00:00+00:00,84.58,86.364624
2025-07-14 16:00:00+00:00,98.94,102.22177
2025-07-14 17:00:00+00:00,110.11,116.58462
2025-07-14 18:00:00+00:00,139.99,134.57776
2025-07-14 19:00:00+00:00,141.57,129.67706
2025-07-14 20:00:00+00:00,126.14,125.74283
2025-07-14 21:00:00+00:00,115.15,111.31098
2025-07-14 22:00:00+00:00,106.1,106.03889
2025-07-14 23:00:00+00:00,103.06,100.05768
2025-07-15 00:00:00+00:00,93.86,98.21171
2025-07-15 01:00:00+00:00,88.28,92.324936
2025-07-15 02:00:00+00:00,87.12,88.387405
2025-07-15 03:00:00+00:00,93.0,94.6021
2025-07-15 04:00:00+00:00,110.33,108.58926
2025-07-15 05:00:00+00:00,113.41,119.78009
2025-07-15 06:00:00+00:00,106.86,105.14727
2025-07-15 07:00:00+00:00,90.82,91.63343
2025-07-15 08:00:00+00:00,77.67,79.14043
2025-07-15 09:00:00+00:00,65.0,64.09617
2025-07-15 10:00:00+00:00,59.19,47.506218
2025-07-15 11:00:00+00:00,47.26,42.589363
2025-07-15 12:00:00+00:00,40.2,39.709625
2025-07-15 13:00:00+00:00,42.57,46.68732
2025-07-15 14:00:00+00:00,65.0,55.13216
2025-07-15 15:00:00+00:00,84.87,81.36317
2025-07-15 16:00:00+00:00,101.54,99.678635
2025-07-15 17:00:00+00:00,108.15,119.153015
2025-07-15 18:00:00+00:00,119.78,137.56612
2025-07-15 19:00:00+00:00,141.99,126.922005
2025-07-15 20:00:00+00:00,121.28,124.09389
2025-07-15 21:00:00+00:00,112.45,108.33499
2025-07-15 22:00:00+00:00,97.63,102.810074
2025-07-15 23:00:00+00:00,93.99,94.8206
2025-07-16 00:00:00+00:00,86.67,90.82187
2025-07-16 01:00:00+00:00,83.43,86.55004
2025-07-16 02:00:00+00:00,84.26,85.1854
2025-07-16 03:00:00+00:00,90.41,93.23795
2025-07-16 04:00:00+00:00,105.74,110.87733
2025-07-16 05:00:00+00:00,112.63,117.00989
2025-07-16 06:00:00+00:00,111.92,107.60315
2025-07-16 07:00:00+00:00,104.21,97.456184
2025-07-16 08:00:00+00:00,89.8,89.67996
2025-07-16 09:00:00+00:00,85.65,79.95651
2025-07-16 10:00:00+00:00,81.96,74.22432
2025-07-16 11:00:00+00:00,78.62,70.59251
2025-07-16 12:00:00+00:00,68.06,70.22996
2025-07-16 13:00:00+00:00,69.2,66.762436
2025-07-16 14:00:00+00:00,80.86,77.04647
2025-07-16 15:00:00+00:00,89.09,92.752266
2025-07-16 16:00:00+00:00,95.49,104.912766
2025-07-16 17:00:00+00:00,108.37,112.55792
2025-07-16 18:00:00+00:00,119.72,130.14232
2025-07-16 19:00:00+00:00,129.04,125.25294
2025-07-16 20:00:00+00:00,120.71,116.90973
2025-07-16 21:00:00+00:00,110.55,107.71909
2025-07-16 22:00:00+00:00,103.76,100.0333
2025-07-16 23:00:00+00:00,98.33,96.65849
2025-07-17 00:00:00+00:00,89.96,94.6736
2025-07-17 01:00:00+00:00,84.81,88.47407
2025-07-17 02:00:00+00:00,85.76,85.01295
2025-07-17 03:00:00+00:00,89.0,92.81454
2025-07-17 04:00:00+00:00,104.05,101.112595
2025-07-17 05:00:00+00:00,110.33,110.45391
2025-07-17 06:00:00+00:00,105.92,101.03452
2025-07-17 07:00:00+00:00,93.1,91.33127
2025-07-17 08:00:00+00:00,85.0,79.283226
2025-07-17 09:00:00+00:00,77.07,73.62481
2025-07-17 10:00:00+00:00,70.17,63.8387
2025-07-17 11:00:00+00:00,55.26,56.304146
2025-07-17 12:00:00+00:00,49.78,42.80885
2025-07-17 13:00:00+00:00,66.18,46.06597
2025-07-17 14:00:00+00:00,74.79,68.36763
2025-07-17 15:00:00+00:00,82.71,83.086975
2025-07-17 16:00:00+00:00,94.98,94.627655
2025-07-17 17:00:00+00:00,109.73,110.079384
2025-07-17 18:00:00+00:00,120.75,125.1729
2025-07-17 19:00:00+00:00,132.0,121.64012
2025-07-17 20:00:00+00:00,125.07,116.896225
2025-07-17 21:00:00+00:00,114.18,109.76438
2025-07-17 22:00:00+00:00,106.8,102.4158
2025-07-17 23:00:00+00:00,99.15,98.47517
2025-07-18 00:00:00+00:00,95.36,96.168205
2025-07-18 01:00:00+00:00,96.37,94.28691
2025-07-18 02:00:00+00:00,98.66,94.55263
2025-07-18 03:00:00+00:00,108.23,105.477394
2025-07-18 04:00:00+00:00,115.92,120.9967
2025-07-18 05:00:00+00:00,116.17,123.11789
2025-07-18 06:00:00+00:00,109.39,108.08288
2025-07-18 07:00:00+00:00,98.13,95.823235
2025-07-18 08:00:00+00:00,84.98,87.071304
2025-07-18 09:00:00+00:00,82.02,78.21331
2025-07-18 10:00:00+00:00,80.0,74.30508
2025-07-18 11:00:00+00:00,73.02,70.478714
2025-07-18 12:00:00+00:00,71.2,64.76255
2025-07-18 13:00:00+00:00,72.68,71.491875
2025-07-18 14:00:00+00:00,79.99,78.69355
2025-07-18 15:00:00+00:00,84.07,94.170296
2025-07-18 16:00:00+00:00,99.92,96.753006
2025-07-18 17:00:00+00:00,120.0,116.10997
2025-07-18 18:00:00+00:00,146.55,137.16785
2025-07-18 19:00:00+00:00,144.44,135.31552
2025-07-18 20:00:00+00:00,125.88,127.12623
2025-07-18 21:00:00+00:00,113.48,113.20251
2025-07-18 22:00:00+00:00,107.6,107.699005
2025-07-18 23:00:00+00:00,105.35,102.990875
2025-07-19 00:00:00+00:00,103.19,101.677574
2025-07-19 01:00:00+00:00,101.63,100.586624
2025-07-19 02:00:00+00:00,98.38,99.47715
2025-07-19 03:00:00+00:00,93.69,101.76689
2025-07-19 04:00:00+00:00,98.39,96.31232
2025-07-19 05:00:00+00:00,86.89,95.58011
2025-07-19 06:00:00+00:00,78.89,78.73435
2025-07-19 07:00:00+00:00,52.98,53.405937
2025-07-19 08:00:00+00:00,10.0,24.272095
2025-07-19 09:00:00+00:00,0.65,0.6371262
2025-07-19 10:00:00+00:00,0.0,-2.8247435
2025-07-19 11:00:00+00:00,-0.01,-6.973597
2025-07-19 12:00:00+00:00,0.0,-8.897259
2025-07-19 13:00:00+00:00,2.08,4.407846
2025-07-19 14:00:00+00:00,29.33,13.461673
2025-07-19 15:00:00+00:00,76.85,58.4401
2025-07-19 16:00:00+00:00,98.4,103.300964
2025-07-19 17:00:00+00:00,114.47,122.5587
2025-07-19 18:00:00+00:00,112.87,131.83861
2025-07-19 19:00:00+00:00,108.08,115.25493
2025-07-19 20:00:00+00:00,105.63,103.2914
2025-07-19 21:00:00+00:00,98.07,95.51272
2025-07-19 22:00:00+00:00,91.29,90.399086
2025-07-19 23:00:00+00:00,88.94,85.8624
2025-07-20 00:00:00+00:00,89.27,85.885475
2025-07-20 01:00:00+00:00,100.41,88.59698
2025-07-20 02:00:00+00:00,101.7,95.7068
2025-07-20 03:00:00+00:00,98.27,101.30353
2025-07-20 04:00:00+00:00,97.2,97.31383
2025-07-20 05:00:00+00:00,80.59,89.320564
2025-07-20 06:00:00+00:00,77.86,56.67994
2025-07-20 07:00:00+00:00,44.58,43.178993
2025-07-20 08:00:00+00:00,9.04,16.173676
2025-07-20 09:00:00+00:00,2.07,-2.9285774
2025-07-20 10:00:00+00:00,0.0,-4.576794
2025-07-20 11:00:00+00:00,-0.01,-8.336647
2025-07-20 12:00:00+00:00,0.0,-4.0682197
2025-07-20 13:00:00+00:00,9.09,4.7898264
2025-07-20 14:00:00+00:00,69.33,22.825161
2025-07-20 15:00:00+00:00,92.74,81.55482
2025-07-20 16:00:00+00:00,100.26,114.53436
2025-07-20 17:00:00+00:00,112.0,124.63734
2025-07-20 18:00:00+00:00,116.0,126.08239
2025-07-20 19:00:00+00:00,115.01,119.00722
2025-07-20 20:00:00+00:00,114.85,109.66428
2025-07-20 21:00:00+00:00,105.05,104.52197
2025-07-20 22:00:00+00:00,87.08,97.27458
2025-07-20 23:00:00+00:00,79.73,84.73005
2025-07-21 00:00:00+00:00,83.48,79.76026
2025-07-21 01:00:00+00:00,83.3,86.21342
2025-07-21 02:00:00+00:00,83.49,91.13607
2025-07-21 03:00:00+00:00,96.22,98.99437
2025-07-21 04:00:00+00:00,113.96,119.40971
2025-07-21 05:00:00+00:00,126.56,135.45993
2025-07-21 06:00:00+00:00,123.91,132.57947
2025-07-21 07:00:00+00:00,109.64,116.758514
2025-07-21 08:00:00+00:00,105.99,99.53343
2025-07-21 09:00:00+00:00,98.88,101.21242
2025-07-21 10:00:00+00:00,84.9,96.435196
2025-07-21 11:00:00+00:00,81.73,82.2144
2025-07-21 12:00:00+00:00,85.79,82.26032
2025-07-21 13:00:00+00:00,87.96,88.66227
2025-07-21 14:00:00+00:00,90.95,91.38654
2025-07-21 15:00:00+00:00,104.3,98.16066
2025-07-21 16:00:00+00:00,105.82,110.25033
2025-07-21 17:00:00+00:00,119.69,120.41986
2025-07-21 18:00:00+00:00,123.25,130.4491
2025-07-21 19:00:00+00:00,120.09,122.64959
2025-07-21 20:00:00+00:00,108.76,109.15234
2025-07-21 21:00:00+00:00,100.04,97.36383
2025-07-21 22:00:00+00:00,92.79,90.728615
2025-07-21 23:00:00+00:00,87.2,88.17768
2025-07-22 00:00:00+00:00,85.48,82.85311
2025-07-22 01:00:00+00:00,82.0,82.31345
2025-07-22 02:00:00+00:00,81.0,82.13454
2025-07-22 03:00:00+00:00,89.28,87.18578
2025-07-22 04:00:00+00:00,108.8,104.095276
2025-07-22 05:00:00+00:00,109.28,118.033485
2025-07-22 06:00:00+00:00,102.49,104.76633
2025-07-22 07:00:00+00:00,91.29,89.68183
2025-07-22 08:00:00+00:00,81.73,80.81805
2025-07-22 09:00:00+00:00,68.41,67.805954
2025-07-22 10:00:00+00:00,39.63,49.120785
2025-07-22 11:00:00+00:00,10.0,23.834763
2025-07-22 12:00:00+00:00,0.17,7.879124
2025-07-22 13:00:00+00:00,4.16,6.3019934
2025-07-22 14:00:00+00:00,36.9,16.15245
2025-07-22 15:00:00+00:00,75.79,59.409992
2025-07-22 16:00:00+00:00,88.98,94.41084
2025-07-22 17:00:00+00:00,108.57,110.21601
2025-07-22 18:00:00+00:00,112.56,119.475876
2025-07-22 19:00:00+00:00,113.22,112.70852
2025-07-22 20:00:00+00:00,108.48,100.22326
2025-07-22 21:00:00+00:00,102.93,94.71036
2025-07-22 22:00:00+00:00,87.65,84.904335
2025-07-22 23:00:00+00:00,79.47,70.79848
2025-07-23 00:00:00+00:00,78.5,67.45919
2025-07-23 01:00:00+00:00,76.04,67.721725
2025-07-23 02:00:00+00:00,77.69,67.04348
2025-07-23 03:00:00+00:00,80.64,80.55379
2025-07-23 04:00:00+00:00,91.35,91.947945
2025-07-23 05:00:00+00:00,99.87,96.86157
2025-07-23 06:00:00+00:00,96.5,88.04382
2025-07-23 07:00:00+00:00,81.69,70.882866
2025-07-23 08:00:00+00:00,67.3,48.552982
2025-07-23 09:00:00+00:00,53.5,36.54491
2025-07-23 10:00:00+00:00,33.72,26.427923
2025-07-23 11:00:00+00:00,23.73,15.563642
2025-07-23 12:00:00+00:00,26.82,16.033272
2025-07-23 13:00:00+00:00,40.3,25.400019
2025-07-23 14:00:00+00:00,67.81,40.669277
2025-07-23 15:00:00+00:00,78.05,73.30791
2025-07-23 16:00:00+00:00,86.07,93.214806
2025-07-23 17:00:00+00:00,105.0,107.24416
2025-07-23 18:00:00+00:00,112.98,118.761826
2025-07-23 19:00:00+00:00,119.74,115.22582
2025-07-23 20:00:00+00:00,110.54,110.8389
2025-07-23 21:00:00+00:00,103.06,103.8828
2025-07-23 22:00:00+00:00,97.82,99.4861
2025-07-23 23:00:00+00:00,94.08,94.02296
2025-07-24 00:00:00+00:00,89.29,91.51112
2025-07-24 01:00:00+00:00,89.29,88.99642
2025-07-24 02:00:00+00:00,93.45,89.82065
2025-07-24 03:00:00+00:00,102.65,102.23985
2025-07-24 04:00:00+00:00,112.05,116.72032
2025-07-24 05:00:00+00:00,117.22,124.298584
2025-07-24 06:00:00+00:00,110.4,117.779305
2025-07-24 07:00:00+00:00,96.22,98.30131
2025-07-24 08:00:00+00:00,89.17,88.625046
2025-07-24 09:00:00+00:00,84.39,84.976906
2025-07-24 10:00:00+00:00,82.17,79.77868
2025-07-24 11:00:00+00:00,80.43,76.262085
2025-07-24 12:00:00+00:00,82.05,79.253174
2025-07-24 13:00:00+00:00,84.77,84.807785
2025-07-24 14:00:00+00:00,93.34,89.03043
2025-07-24 15:00:00+00:00,100.6,100.59012
2025-07-24 16:00:00+00:00,109.2,110.20667
2025-07-24 17:00:00+00:00,130.0,122.4583
2025-07-24 18:00:00+00:00,154.16,138.95853
2025-07-24 19:00:00+00:00,140.64,138.70192
2025-07-24 20:00:00+00:00,118.38,125.4215
2025-07-24 21:00:00+00:00,109.39,107.17388
2025-07-24 22:00:00+00:00,111.27,101.487404
2025-07-24 23:00:00+00:00,103.67,103.455635
2025-07-25 00:00:00+00:00,97.05,100.12374
2025-07-25 01:00:00+00:00,92.94,94.47868
2025-07-25 02:00:00+00:00,96.97,93.635345
2025-07-25 03:00:00+00:00,98.2,103.190865
2025-07-25 04:00:00+00:00,108.87,114.54248
2025-07-25 05:00:00+00:00,112.95,121.97535
2025-07-25 06:00:00+00:00,110.85,108.20238
2025-07-25 07:00:00+00:00,98.2,96.75846
2025-07-25 08:00:00+00:00,94.08,88.01751
2025-07-25 09:00:00+00:00,85.15,85.51481
2025-07-25 10:00:00+00:00,83.09,78.821754
2025-07-25 11:00:00+00:00,78.7,76.345436
2025-07-25 12:00:00+00:00,76.31,73.527596
2025-07-25 13:00:00+00:00,79.27,76.91716
2025-07-25 14:00:00+00:00,81.09,83.70245
2025-07-25 15:00:00+00:00,84.02,93.42684
2025-07-25 16:00:00+00:00,90.45,100.49898
2025-07-25 17:00:00+00:00,101.81,110.24927
2025-07-25 18:00:00+00:00,109.28,119.569916
2025-07-25 19:00:00+00:00,121.21,124.22239
2025-07-25 20:00:00+00:00,112.6,116.139885
2025-07-25 21:00:00+00:00,110.25,104.50039
2025-07-25 22:00:00+00:00,106.76,101.3194
2025-07-25 23:00:00+00:00,100.7,98.56767
2025-07-26 00:00:00+00:00,97.73,96.982285
2025-07-26 01:00:00+00:00,96.65,95.673546
2025-07-26 02:00:00+00:00,96.45,94.8197
2025-07-26 03:00:00+00:00,94.89,96.31235
2025-07-26 04:00:00+00:00,97.13,98.98855
2025-07-26 05:00:00+00:00,96.1,95.24358
2025-07-26 06:00:00+00:00,87.96,92.59765
2025-07-26 07:00:00+00:00,85.85,79.42269
2025-07-26 08:00:00+00:00,79.59,73.99517
2025-07-26 09:00:00+00:00,75.2,67.54928
2025-07-26 10:00:00+00:00,66.42,62.426907
2025-07-26 11:00:00+00:00,49.87,52.734234
2025-07-26 12:00:00+00:00,50.09,42.64118
2025-07-26 13:00:00+00:00,68.07,50.559677
2025-07-26 14:00:00+00:00,74.81,68.15634
2025-07-26 15:00:00+00:00,84.2,86.63054
2025-07-26 16:00:00+00:00,98.2,97.009766
2025-07-26 17:00:00+00:00,106.6,114.75881
2025-07-26 18:00:00+00:00,121.95,116.468124
2025-07-26 19:00:00+00:00,127.07,118.13236
2025-07-26 20:00:00+00:00,116.72,113.84448
2025-07-26 21:00:00+00:00,108.8,106.26502
2025-07-26 22:00:00+00:00,104.64,101.05272
2025-07-26 23:00:00+00:00,99.47,97.23637
2025-07-27 00:00:00+00:00,95.01,94.107376
2025-07-27 01:00:00+00:00,92.07,91.83801
2025-07-27 02:00:00+00:00,91.99,91.25855
2025-07-27 03:00:00+00:00,89.88,94.663376
2025-07-27 04:00:00+00:00,88.79,90.524864
2025-07-27 05:00:00+00:00,86.58,84.35319
2025-07-27 06:00:00+00:00,83.76,80.709206
2025-07-27 07:00:00+00:00,81.71,70.482735
2025-07-27 08:00:00+00:00,75.91,59.485764
2025-07-27 09:00:00+00:00,70.52,55.383335
2025-07-27 10:00:00+00:00,45.93,48.205345
2025-07-27 11:00:00+00:00,15.04,27.620005
2025-07-27 12:00:00+00:00,8.85,9.497083
2025-07-27 13:00:00+00:00,17.3,13.557757
2025-07-27 14:00:00+00:00,45.74,32.62517
2025-07-27 15:00:00+00:00,82.36,63.34885
2025-07-27 16:00:00+00:00,95.66,97.85893
2025-07-27 17:00:00+00:00,102.47,112.52291
2025-07-27 18:00:00+00:00,107.95,118.805115
2025-07-27 19:00:00+00:00,114.71,114.83758
2025-07-27 20:00:00+00:00,107.33,109.0129
2025-07-27 21:00:00+00:00,102.69,100.73183
2025-07-27 22:00:00+00:00,100.0,94.77869
2025-07-27 23:00:00+00:00,88.77,91.406815
2025-07-28 00:00:00+00:00,83.5,84.399345
2025-07-28 01:00:00+00:00,79.67,80.85388
2025-07-28 02:00:00+00:00,79.51,80.09324
2025-07-28 03:00:00+00:00,89.52,87.24599
2025-07-28 04:00:00+00:00,108.88,107.41786
2025-07-28 05:00:00+00:00,121.97,123.82914
2025-07-28 06:00:00+00:00,118.37,119.205666
2025-07-28 07:00:00+00:00,105.45,101.93192
2025-07-28 08:00:00+00:00,97.25,86.95746
2025-07-28 09:00:00+00:00,90.96,80.03421
2025-07-28 10:00:00+00:00,81.79,73.13778
2025-07-28 11:00:00+00:00,77.52,63.46006
2025-07-28 12:00:00+00:00,68.33,57.743492
2025-07-28 13:00:00+00:00,73.97,56.974804
2025-07-28 14:00:00+00:00,77.28,68.3965
2025-07-28 15:00:00+00:00,88.12,78.84239
2025-07-28 16:00:00+00:00,97.2,93.106926
2025-07-28 17:00:00+00:00,103.59,107.01085
2025-07-28 18:00:00+00:00,114.14,108.15928
2025-07-28 19:00:00+00:00,114.34,105.52874
2025-07-28 20:00:00+00:00,105.26,98.45196
2025-07-28 21:00:00+00:00,92.43,89.498566
2025-07-28 22:00:00+00:00,87.51,80.58786
2025-07-28 23:00:00+00:00,84.1,73.321526
2025-07-29 00:00:00+00:00,82.9,76.00512
2025-07-29 01:00:00+00:00,82.1,76.31959
2025-07-29 02:00:00+00:00,83.89,78.281235
2025-07-29 03:00:00+00:00,92.88,85.92771
2025-07-29 04:00:00+00:00,101.07,102.74767
2025-07-29 05:00:00+00:00,109.25,106.786835
2025-07-29 06:00:00+00:00,99.02,101.06365
2025-07-29 07:00:00+00:00,80.2,82.386765
2025-07-29 08:00:00+00:00,66.37,61.37365
2025-07-29 09:00:00+00:00,54.0,39.804863
2025-07-29 10:00:00+00:00,25.6,27.23069
2025-07-29 11:00:00+00:00,4.34,7.46341
2025-07-29 12:00:00+00:00,1.07,0.5661331
2025-07-29 13:00:00+00:00,6.2,7.804752
2025-07-29 14:00:00+00:00,44.41,16.0673
2025-07-29 15:00:00+00:00,78.24,62.48927
2025-07-29 16:00:00+00:00,94.81,95.41486
2025-07-29 17:00:00+00:00,105.32,115.28288
2025-07-29 18:00:00+00:00,123.56,117.17537
2025-07-29 19:00:00+00:00,126.01,116.51987
2025-07-29 20:00:00+00:00,111.94,112.11838
2025-07-29 21:00:00+00:00,102.07,101.292534
2025-07-29 22:00:00+00:00,94.92,92.2086
2025-07-29 23:00:00+00:00,90.88,85.875755
2025-07-30 00:00:00+00:00,86.93,86.454185
2025-07-30 01:00:00+00:00,83.24,82.82908
2025-07-30 02:00:00+00:00,84.89,81.634056
2025-07-30 03:00:00+00:00,94.72,91.193214
2025-07-30 04:00:00+00:00,100.38,103.657486
2025-07-30 05:00:00+00:00,97.47,106.96438
2025-07-30 06:00:00+00:00,93.88,90.194405
2025-07-30 07:00:00+00:00,79.02,76.110855
2025-07-30 08:00:00+00:00,63.29,57.82537
2025-07-30 09:00:00+00:00,40.43,44.427975
2025-07-30 10:00:00+00:00,24.79,20.890646
2025-07-30 11:00:00+00:00,17.69,9.0365
2025-07-30 12:00:00+00:00,10.7,9.894725
2025-07-30 13:00:00+00:00,28.03,13.022445
2025-07-30 14:00:00+00:00,45.61,27.943754
2025-07-30 15:00:00+00:00,75.68,57.633663
2025-07-30 16:00:00+00:00,93.97,87.03435
2025-07-30 17:00:00+00:00,101.86,107.09063
2025-07-30 18:00:00+00:00,109.07,108.055405
2025-07-30 19:00:00+00:00,109.0,108.50541
2025-07-30 20:00:00+00:00,104.0,97.381165
2025-07-30 21:00:00+00:00,92.41,91.01061
2025-07-30 22:00:00+00:00,88.93,82.05437
2025-07-30 23:00:00+00:00,82.11,76.861206
2025-07-31 00:00:00+00:00,79.0,73.620155
2025-07-31 01:00:00+00:00,77.27,70.67343
2025-07-31 02:00:00+00:00,78.51,70.92782
2025-07-31 03:00:00+00:00,85.43,80.187256
2025-07-31 04:00:00+00:00,98.14,94.66384
2025-07-31 05:00:00+00:00,100.46,103.44533
2025-07-31 06:00:00+00:00,94.09,91.01238
2025-07-31 07:00:00+00:00,88.91,76.340645
2025-07-31 08:00:00+00:00,74.17,66.51513
2025-07-31 09:00:00+00:00,70.04,48.40225
2025-07-31 10:00:00+00:00,61.15,44.23652
2025-07-31 11:00:00+00:00,48.05,42.343113
2025-07-31 12:00:00+00:00,35.06,31.831392
2025-07-31 13:00:00+00:00,55.07,30.061155
2025-07-31 14:00:00+00:00,72.43,54.63028
2025-07-31 15:00:00+00:00,84.56,80.628006
2025-07-31 16:00:00+00:00,96.9,98.48546
2025-07-31 17:00:00+00:00,111.92,112.32479
2025-07-31 18:00:00+00:00,128.27,122.57621
2025-07-31 19:00:00+00:00,125.11,119.23554
2025-07-31 20:00:00+00:00,114.16,111.23613
2025-07-31 21:00:00+00:00,102.79,101.46065
2025-07-31 22:00:00+00:00,105.31,93.93727
2025-07-31 23:00:00+00:00,98.54,95.25645
2025-08-01 00:00:00+00:00,92.15,94.202896
2025-08-01 01:00:00+00:00,89.17,90.35347
2025-08-01 02:00:00+00:00,94.21,91.01536
2025-08-01 03:00:00+00:00,100.58,99.70855
2025-08-01 04:00:00+00:00,106.69,113.815674
2025-08-01 05:00:00+00:00,110.71,119.112335
2025-08-01 06:00:00+00:00,106.64,110.50725
2025-08-01 07:00:00+00:00,103.67,92.89252
2025-08-01 08:00:00+00:00,97.95,86.000595
2025-08-01 09:00:00+00:00,84.1,78.682785
2025-08-01 10:00:00+00:00,77.05,63.457058
2025-08-01 11:00:00+00:00,61.97,52.60679
2025-08-01 12:00:00+00:00,49.06,46.20686
2025-08-01 13:00:00+00:00,49.1,39.855316
2025-08-01 14:00:00+00:00,69.93,46.458668
2025-08-01 15:00:00+00:00,83.59,75.00402
2025-08-01 16:00:00+00:00,96.45,94.23922
2025-08-01 17:00:00+00:00,109.51,109.59826
2025-08-01 18:00:00+00:00,119.23,122.91802
2025-08-01 19:00:00+00:00,117.51,118.01205
2025-08-01 20:00:00+00:00,110.72,108.12942
2025-08-01 21:00:00+00:00,102.73,99.25741
2025-08-01 22:00:00+00:00,104.47,93.31743
2025-08-01 23:00:00+00:00,100.32,94.72917
2025-08-02 00:00:00+00:00,97.79,91.27004
2025-08-02 01:00:00+00:00,92.16,91.17723
2025-08-02 02:00:00+00:00,91.29,87.18879
2025-08-02 03:00:00+00:00,90.77,88.50399
2025-08-02 04:00:00+00:00,89.67,87.87393
2025-08-02 05:00:00+00:00,84.7,85.53874
2025-08-02 06:00:00+00:00,78.4,76.132164
2025-08-02 07:00:00+00:00,65.68,59.587986
2025-08-02 08:00:00+00:00,31.09,41.90523
2025-08-02 09:00:00+00:00,5.68,16.027777
2025-08-02 10:00:00+00:00,2.95,-0.46260825
2025-08-02 11:00:00+00:00,0.0,-2.4484134
2025-08-02 12:00:00+00:00,0.0,-3.5876691
2025-08-02 13:00:00+00:00,0.0,7.7532477
2025-08-02 14:00:00+00:00,5.3,10.97846
2025-08-02 15:00:00+00:00,60.69,25.511356
2025-08-02 16:00:00+00:00,91.32,79.62354
2025-08-02 17:00:00+00:00,102.0,105.83227
2025-08-02 18:00:00+00:00,109.49,108.98779
2025-08-02 19:00:00+00:00,108.42,107.011246
2025-08-02 20:00:00+00:00,104.34,97.758224
2025-08-02 21:00:00+00:00,95.0,92.34445
2025-08-02 22:00:00+00:00,85.09,82.57887
2025-08-02 23:00:00+00:00,77.52,73.058
2025-08-03 00:00:00+00:00,71.95,61.284172
2025-08-03 01:00:00+00:00,68.14,55.086987
2025-08-03 02:00:00+00:00,65.77,52.91812
2025-08-03 03:00:00+00:00,59.98,52.45656
2025-08-03 04:00:00+00:00,46.8,49.94069
2025-08-03 05:00:00+00:00,26.0,35.821075
2025-08-03 06:00:00+00:00,6.16,17.768602
2025-08-03 07:00:00+00:00,0.0,0.5318109
2025-08-03 08:00:00+00:00,-1.01,-4.814473
2025-08-03 09:00:00+00:00,-2.1,-6.240191
2025-08-03 10:00:00+00:00,-3.0,-7.5987177
2025-08-03 11:00:00+00:00,-9.9,-6.5409517
2025-08-03 12:00:00+00:00,-10.08,-10.391752
2025-08-03 13:00:00+00:00,-4.98,-1.296526
2025-08-03 14:00:00+00:00,-1.5,4.17634
2025-08-03 15:00:00+00:00,3.61,13.662607
2025-08-03 16:00:00+00:00,71.13,42.19269
2025-08-03 17:00:00+00:00,88.13,86.4519
2025-08-03 18:00:00+00:00,97.87,94.73224
2025-08-03 19:00:00+00:00,95.99,92.139725
2025-08-03 20:00:00+00:00,97.3,85.708534
2025-08-03 21:00:00+00:00,85.09,84.674866
2025-08-03 22:00:00+00:00,81.05,67.54369
2025-08-03 23:00:00+00:00,70.07,57.26887
2025-08-04 00:00:00+00:00,69.97,51.994667
2025-08-04 01:00:00+00:00,70.62,53.07367
2025-08-04 02:00:00+00:00,74.03,59.32791
2025-08-04 03:00:00+00:00,82.94,73.160515
2025-08-04 04:00:00+00:00,95.12,96.85972
2025-08-04 05:00:00+00:00,102.72,116.53187
2025-08-04 06:00:00+00:00,101.44,110.766815
2025-08-04 07:00:00+00:00,97.05,91.28302
2025-08-04 08:00:00+00:00,80.05,76.857124
2025-08-04 09:00:00+00:00,56.33,62.436455
2025-08-04 10:00:00+00:00,14.84,39.649353
2025-08-04 11:00:00+00:00,4.05,7.1525273
2025-08-04 12:00:00+00:00,0.66,1.5023184
2025-08-04 13:00:00+00:00,0.02,8.645751
2025-08-04 14:00:00+00:00,22.09,12.024909
2025-08-04 15:00:00+00:00,67.24,38.231895
2025-08-04 16:00:00+00:00,80.91,80.73706
2025-08-04 17:00:00+00:00,84.54,96.99634
2025-08-04 18:00:00+00:00,80.21,86.50871
2025-08-04 19:00:00+00:00,72.7,70.261795
2025-08-04 20:00:00+00:00,66.63,55.07569
2025-08-04 21:00:00+00:00,47.69,46.74145
2025-08-04 22:00:00+00:00,21.52,20.759447
2025-08-04 23:00:00+00:00,15.34,10.820553
2025-08-05 00:00:00+00:00,15.9,9.56917
2025-08-05 01:00:00+00:00,23.96,13.051787
2025-08-05 02:00:00+00:00,54.47,19.9037
2025-08-05 03:00:00+00:00,76.19,54.205124
2025-08-05 04:00:00+00:00,92.25,81.56238
2025-08-05 05:00:00+00:00,92.08,94.00665
2025-08-05 06:00:00+00:00,74.74,83.205185
2025-08-05 07:00:00+00:00,3.89,53.7861
2025-08-05 08:00:00+00:00,-0.21,7.7021747
2025-08-05 09:00:00+00:00,-2.01,-6.718188
2025-08-05 10:00:00+00:00,-4.94,-11.32507
2025-08-05 11:00:00+00:00,-9.5,-12.564142
2025-08-05 12:00:00+00:00,-11.83,-15.599726
2025-08-05 13:00:00+00:00,-9.92,-15.347952
2025-08-05 14:00:00+00:00,-5.07,-0.6704273
2025-08-05 15:00:00+00:00,-0.52,2.8417234
2025-08-05 16:00:00+00:00,1.07,15.263407
2025-08-05 17:00:00+00:00,72.48,41.36097
2025-08-05 18:00:00+00:00,89.97,74.55194
2025-08-05 19:00:00+00:00,107.15,78.88691
2025-08-05 20:00:00+00:00,87.18,87.17927
2025-08-05 21:00:00+00:00,81.0,67.41098
2025-08-05 22:00:00+00:00,75.13,58.479935
2025-08-05 23:00:00+00:00,59.89,50.391525
2025-08-06 00:00:00+00:00,60.76,44.121876
2025-08-06 01:00:00+00:00,61.01,43.721935
2025-08-06 02:00:00+00:00,60.35,47.29708
2025-08-06 03:00:00+00:00,81.7,58.80646
2025-08-06 04:00:00+00:00,103.77,85.89989
2025-08-06 05:00:00+00:00,102.94,98.06216
2025-08-06 06:00:00+00:00,83.94,80.94924
2025-08-06 07:00:00+00:00,27.74,56.237217
2025-08-06 08:00:00+00:00,-0.01,2.405271
2025-08-06 09:00:00+00:00,-2.05,-6.010133
2025-08-06 10:00:00+00:00,-8.47,-9.058496
2025-08-06 11:00:00+00:00,-11.79,-15.02329
2025-08-06 12:00:00+00:00,-6.0,-24.629528
2025-08-06 13:00:00+00:00,-3.11,-4.585261
2025-08-06 14:00:00+00:00,-1.01,2.516667
2025-08-06 15:00:00+00:00,52.15,19.43259
2025-08-06 16:00:00+00:00,97.19,79.289925
2025-08-06 17:00:00+00:00,113.7,122.09467
2025-08-06 18:00:00+00:00,170.16,128.61765
2025-08-06 19:00:00+00:00,157.08,138.33151
2025-08-06 20:00:00+00:00,110.0,134.17177
2025-08-06 21:00:00+00:00,101.6,101.291405
2025-08-06 22:00:00+00:00,97.58,96.297104
2025-08-06 23:00:00+00:00,97.04,93.33262
2025-08-07 00:00:00+00:00,91.44,91.80777
2025-08-07 01:00:00+00:00,88.79,87.92487
2025-08-07 02:00:00+00:00,88.93,87.101776
2025-08-07 03:00:00+00:00,92.85,94.530525
2025-08-07 04:00:00+00:00,107.46,110.58439
2025-08-07 05:00:00+00:00,106.5,114.74749
2025-08-07 06:00:00+00:00,100.48,90.9063
2025-08-07 07:00:00+00:00,77.63,75.72836
2025-08-07 08:00:00+00:00,22.23,43.73333
2025-08-07 09:00:00+00:00,0.0,5.735008
2025-08-07 10:00:00+00:00,-0.12,-5.5928564
2025-08-07 11:00:00+00:00,-1.99,-7.777433
2025-08-07 12:00:00+00:00,-0.29,-8.798662
2025-08-07 13:00:00+00:00,-0.01,2.6191766
2025-08-07 14:00:00+00:00,2.0,10.643954
2025-08-07 15:00:00+00:00,65.59,34.374874
2025-08-07 16:00:00+00:00,94.23,92.43427
2025-08-07 17:00:00+00:00,111.95,124.60695
2025-08-07 18:00:00+00:00,141.94,145.98094
2025-08-07 19:00:00+00:00,127.5,137.52287
2025-08-07 20:00:00+00:00,110.0,113.61364
2025-08-07 21:00:00+00:00,101.28,103.194046
2025-08-07 22:00:00+00:00,93.9,99.58102
2025-08-07 23:00:00+00:00,89.49,91.34428
2025-08-08 00:00:00+00:00,86.13,88.02061
2025-08-08 01:00:00+00:00,82.66,84.43765
2025-08-08 02:00:00+00:00,81.45,85.0699
2025-08-08 03:00:00+00:00,91.14,93.46607
2025-08-08 04:00:00+00:00,100.43,112.794235
2025-08-08 05:00:00+00:00,103.05,112.367294
2025-08-08 06:00:00+00:00,109.14,93.584045
2025-08-08 07:00:00+00:00,89.9,87.73684
2025-08-08 08:00:00+00:00,66.0,59.268105
2025-08-08 09:00:00+00:00,8.39,35.610645
2025-08-08 10:00:00+00:00,0.0,-0.09652703
2025-08-08 11:00:00+00:00,-0.01,-5.510948
2025-08-08 12:00:00+00:00,-0.02,-3.9780216
2025-08-08 13:00:00+00:00,-0.01,3.3190377
2025-08-08 14:00:00+00:00,10.49,12.182565
2025-08-08 15:00:00+00:00,71.74,49.652107
2025-08-08 16:00:00+00:00,103.86,97.920235
2025-08-08 17:00:00+00:00,113.97,128.02408
2025-08-08 18:00:00+00:00,144.62,135.57144
2025-08-08 19:00:00+00:00,151.51,135.18929
2025-08-08 20:00:00+00:00,121.59,125.874725
2025-08-08 21:00:00+00:00,108.46,111.16928
2025-08-08 22:00:00+00:00,101.93,103.87428
2025-08-08 23:00:00+00:00,100.43,100.85812
2025-08-09 00:00:00+00:00,99.94,97.662544
2025-08-09 01:00:00+00:00,97.8,97.02158
2025-08-09 02:00:00+00:00,96.87,98.22076
2025-08-09 03:00:00+00:00,97.01,99.57409
2025-08-09 04:00:00+00:00,97.26,100.53842
2025-08-09 05:00:00+00:00,93.45,96.71521
2025-08-09 06:00:00+00:00,70.19,77.68687
2025-08-09 07:00:00+00:00,15.34,42.4102
2025-08-09 08:00:00+00:00,-0.02,1.6731482
2025-08-09 09:00:00+00:00,-1.0,-7.410068
2025-08-09 10:00:00+00:00,-6.63,-12.258576
2025-08-09 11:00:00+00:00,-15.14,-24.027412
2025-08-09 12:00:00+00:00,-15.37,-33.28332
2025-08-09 13:00:00+00:00,-4.1,-18.350431
2025-08-09 14:00:00+00:00,-0.04,2.9835808
2025-08-09 15:00:00+00:00,6.29,16.343504
2025-08-09 16:00:00+00:00,85.9,56.806496
2025-08-09 17:00:00+00:00,104.2,109.17151
2025-08-09 18:00:00+00:00,127.62,117.22045
2025-08-09 19:00:00+00:00,119.31,120.19233
2025-08-09 20:00:00+00:00,107.89,104.824554
2025-08-09 21:00:00+00:00,94.97,96.72046
2025-08-09 22:00:00+00:00,84.79,85.40391
2025-08-09 23:00:00+00:00,83.23,75.726166
2025-08-10 00:00:00+00:00,83.1,74.25016
2025-08-10 01:00:00+00:00,77.95,72.09412
2025-08-10 02:00:00+00:00,80.68,69.76159
2025-08-10 03:00:00+00:00,83.69,75.26624
2025-08-10 04:00:00+00:00,82.27,76.02728
2025-08-10 05:00:00+00:00,74.7,67.88642
2025-08-10 06:00:00+00:00,26.36,43.03842
2025-08-10 07:00:00+00:00,-0.01,1.1549754
2025-08-10 08:00:00+00:00,-3.11,-10.730024
2025-08-10 09:00:00+00:00,-15.6,-23.014372
2025-08-10 10:00:00+00:00,-40.03,-41.22963
2025-08-10 11:00:00+00:00,-61.08,-80.633644
2025-08-10 12:00:00+00:00,-50.94,-80.96209
2025-08-10 13:00:00+00:00,-22.12,-65.4075
2025-08-10 14:00:00+00:00,-1.21,-19.6761
2025-08-10 15:00:00+00:00,2.13,11.0479765
2025-08-10 16:00:00+00:00,82.64,59.70403
2025-08-10 17:00:00+00:00,108.55,110.19142
2025-08-10 18:00:00+00:00,118.95,130.37543
2025-08-10 19:00:00+00:00,122.45,117.15599
2025-08-10 20:00:00+00:00,106.98,108.675964
2025-08-10 21:00:00+00:00,98.9,98.22541
2025-08-10 22:00:00+00:00,99.82,93.474396
2025-08-10 23:00:00+00:00,91.97,93.52017
2025-08-11 00:00:00+00:00,87.44,90.78774
2025-08-11 01:00:00+00:00,85.19,85.60036
2025-08-11 02:00:00+00:00,92.85,87.73707
2025-08-11 03:00:00+00:00,103.51,103.86353
2025-08-11 04:00:00+00:00,129.22,122.55653
2025-08-11 05:00:00+00:00,133.49,133.00517
2025-08-11 06:00:00+00:00,105.35,114.97428
2025-08-11 07:00:00+00:00,90.75,79.328255
2025-08-11 08:00:00+00:00,50.0,55.836456
2025-08-11 09:00:00+00:00,2.54,17.169846
2025-08-11 10:00:00+00:00,0.0,-6.9745936
2025-08-11 11:00:00+00:00,0.0,-7.5727644
2025-08-11 12:00:00+00:00,0.0,-2.1142912
2025-08-11 13:00:00+00:00,9.0,5.621764
2025-08-11 14:00:00+00:00,56.14,24.284664
2025-08-11 15:00:00+00:00,92.25,81.952774
2025-08-11 16:00:00+00:00,108.26,118.653854
2025-08-11 17:00:00+00:00,154.0,144.35281
2025-08-11 18:00:00+00:00,191.95,178.44307
2025-08-11 19:00:00+00:00,138.88,155.24796
2025-08-11 20:00:00+00:00,108.87,119.01052
2025-08-11 21:00:00+00:00,96.0,96.83762
2025-08-11 22:00:00+00:00,93.0,90.6015
2025-08-11 23:00:00+00:00,89.67,88.67038
2025-08-12 00:00:00+00:00,85.41,86.56094
2025-08-12 01:00:00+00:00,85.13,83.428665
2025-08-12 02:00:00+00:00,86.48,85.3938
2025-08-12 03:00:00+00:00,93.97,95.06812
2025-08-12 04:00:00+00:00,106.91,112.23485
2025-08-12 05:00:00+00:00,104.63,122.77303
2025-08-12 06:00:00+00:00,98.71,92.56419
2025-08-12 07:00:00+00:00,92.49,82.076485
2025-08-12 08:00:00+00:00,79.53,74.64655
2025-08-12 09:00:00+00:00,40.41,57.0488
2025-08-12 10:00:00+00:00,8.38,22.434145
2025-08-12 11:00:00+00:00,3.0,-0.47469637
2025-08-12 12:00:00+00:00,5.15,1.6472714
2025-08-12 13:00:00+00:00,35.05,13.931679
2025-08-12 14:00:00+00:00,73.12,51.077686
2025-08-12 15:00:00+00:00,94.06,94.48858
2025-08-12 16:00:00+00:00,106.1,118.3732
2025-08-12 17:00:00+00:00,149.31,143.52771
2025-08-12 18:00:00+00:00,156.16,163.58255
2025-08-12 19:00:00+00:00,140.4,136.78473
2025-08-12 20:00:00+00:00,114.07,119.05472
2025-08-12 21:00:00+00:00,97.73,99.47572
2025-08-12 22:00:00+00:00,95.72,91.38385
2025-08-12 23:00:00+00:00,90.0,89.324135
2025-08-13 00:00:00+00:00,86.89,87.48281
2025-08-13 01:00:00+00:00,84.71,84.69503
2025-08-13 02:00:00+00:00,87.07,84.74616
2025-08-13 03:00:00+00:00,93.3,91.33862
2025-08-13 04:00:00+00:00,108.87,113.15541
2025-08-13 05:00:00+00:00,107.52,117.77026
2025-08-13 06:00:00+00:00,105.87,98.14077
2025-08-13 07:00:00+00:00,93.6,88.19997
2025-08-13 08:00:00+00:00,89.26,75.98157
2025-08-13 09:00:00+00:00,68.2,69.561775
2025-08-13 10:00:00+00:00,44.29,43.03796
2025-08-13 11:00:00+00:00,27.89,28.311167
2025-08-13 12:00:00+00:00,41.66,16.80591
2025-08-13 13:00:00+00:00,70.9,44.948296
2025-08-13 14:00:00+00:00,84.3,77.586235
2025-08-13 15:00:00+00:00,96.64,99.58325
2025-08-13 16:00:00+00:00,115.34,115.28955
2025-08-13 17:00:00+00:00,193.3,150.13252
2025-08-13 18:00:00+00:00,226.64,191.71587
2025-08-13 19:00:00+00:00,154.52,165.4867
2025-08-13 20:00:00+00:00,123.21,130.3139
2025-08-13 21:00:00+00:00,106.27,108.626686
2025-08-13 22:00:00+00:00,98.1,100.289085
2025-08-13 23:00:00+00:00,92.0,96.45465
2025-08-14 00:00:00+00:00,88.45,91.9934
2025-08-14 01:00:00+00:00,88.2,88.27188
2025-08-14 02:00:00+00:00,88.53,89.83157
2025-08-14 03:00:00+00:00,97.52,95.63017
2025-08-14 04:00:00+00:00,107.94,117.713585
2025-08-14 05:00:00+00:00,109.92,117.96671
2025-08-14 06:00:00+00:00,99.51,102.58892
2025-08-14 07:00:00+00:00,91.1,84.38408
2025-08-14 08:00:00+00:00,81.26,77.26299
2025-08-14 09:00:00+00:00,67.57,65.69616
2025-08-14 10:00:00+00:00,54.09,48.08399
2025-08-14 11:00:00+00:00,41.02,32.525383
2025-08-14 12:00:00+00:00,54.9,33.46064
2025-08-14 13:00:00+00:00,69.43,62.205048
2025-08-14 14:00:00+00:00,78.99,84.565475
2025-08-14 15:00:00+00:00,97.22,99.905594
2025-08-14 16:00:00+00:00,115.54,123.503975
2025-08-14 17:00:00+00:00,233.8,166.07706
2025-08-14 18:00:00+00:00,283.89,233.49022
2025-08-14 19:00:00+00:00,155.84,206.84543
2025-08-14 20:00:00+00:00,120.71,133.6781
2025-08-14 21:00:00+00:00,105.95,106.7369
2025-08-14 22:00:00+00:00,99.59,99.89671
2025-08-14 23:00:00+00:00,98.97,96.43919
2025-08-15 00:00:00+00:00,93.9,96.7851
2025-08-15 01:00:00+00:00,90.33,93.421
2025-08-15 02:00:00+00:00,92.0,92.74658
2025-08-15 03:00:00+00:00,96.91,98.335526
2025-08-15 04:00:00+00:00,101.66,111.20191
2025-08-15 05:00:00+00:00,101.31,112.30348
2025-08-15 06:00:00+00:00,96.6,97.26975
2025-08-15 07:00:00+00:00,83.47,80.029724
2025-08-15 08:00:00+00:00,43.9,57.543728
2025-08-15 09:00:00+00:00,3.0,20.20139
2025-08-15 10:00:00+00:00,0.08,-4.597718
2025-08-15 11:00:00+00:00,0.0,-8.189138
2025-08-15 12:00:00+00:00,0.0,-11.691282
2025-08-15 13:00:00+00:00,1.72,-5.536165
2025-08-15 14:00:00+00:00,27.66,7.674866
2025-08-15 15:00:00+00:00,77.96,68.96856
2025-08-15 16:00:00+00:00,105.89,111.01485
2025-08-15 17:00:00+00:00,114.38,149.70801
2025-08-15 18:00:00+00:00,124.01,135.22668
2025-08-15 19:00:00+00:00,111.5,124.60888
2025-08-15 20:00:00+00:00,105.94,108.446
2025-08-15 21:00:00+00:00,95.96,99.753975
2025-08-15 22:00:00+00:00,96.11,94.729614
2025-08-15 23:00:00+00:00,90.92,91.46727
2025-08-16 00:00:00+00:00,89.78,86.116844
2025-08-16 01:00:00+00:00,85.35,85.3753
2025-08-16 02:00:00+00:00,84.05,81.888245
2025-08-16 03:00:00+00:00,87.09,82.30464
2025-08-16 04:00:00+00:00,91.01,88.51927
2025-08-16 05:00:00+00:00,90.02,87.438835
2025-08-16 06:00:00+00:00,80.99,83.39518
2025-08-16 07:00:00+00:00,67.94,67.2354
2025-08-16 08:00:00+00:00,25.12,40.35206
2025-08-16 09:00:00+00:00,3.8,8.925185
2025-08-16 10:00:00+00:00,0.17,-3.5693014
2025-08-16 11:00:00+00:00,-0.01,-6.9341974
2025-08-16 12:00:00+00:00,-0.01,-4.52393
2025-08-16 13:00:00+00:00,-0.01,2.88278
2025-08-16 14:00:00+00:00,0.71,6.9274025
2025-08-16 15:00:00+00:00,16.21,20.172503
2025-08-16 16:00:00+00:00,69.92,59.10844
2025-08-16 17:00:00+00:00,95.0,90.64594
2025-08-16 18:00:00+00:00,102.62,101.832
2025-08-16 19:00:00+00:00,100.61,102.414795
2025-08-16 20:00:00+00:00,95.0,95.089165
2025-08-16 21:00:00+00:00,90.0,85.09568
2025-08-16 22:00:00+00:00,91.28,81.99937
2025-08-16 23:00:00+00:00,85.34,81.98161
2025-08-17 00:00:00+00:00,86.86,76.84156
2025-08-17 01:00:00+00:00,86.63,78.87153
2025-08-17 02:00:00+00:00,87.73,81.143524
2025-08-17 03:00:00+00:00,89.93,84.57001
2025-08-17 04:00:00+00:00,89.89,88.41582
2025-08-17 05:00:00+00:00,81.03,82.50801
2025-08-17 06:00:00+00:00,76.24,70.839516
2025-08-17 07:00:00+00:00,32.59,45.85569
2025-08-17 08:00:00+00:00,9.96,10.969472
2025-08-17 09:00:00+00:00,0.1,0.62779766
2025-08-17 10:00:00+00:00,-0.2,-4.1486797
2025-08-17 11:00:00+00:00,-0.93,-5.9540257
2025-08-17 12:00:00+00:00,-1.25,-6.891673
2025-08-17 13:00:00+00:00,0.65,-4.8929925
2025-08-17 14:00:00+00:00,13.81,14.045079
2025-08-17 15:00:00+00:00,72.4,39.860348
2025-08-17 16:00:00+00:00,96.69,98.00092
2025-08-17 17:00:00+00:00,110.0,122.21079
2025-08-17 18:00:00+00:00,110.66,125.44207
2025-08-17 19:00:00+00:00,110.14,115.14267
2025-08-17 20:00:00+00:00,105.1,106.23856
2025-08-17 21:00:00+00:00,102.54,97.93241
2025-08-17 22:00:00+00:00,91.99,101.42606
2025-08-17 23:00:00+00:00,87.13,91.71684
2025-08-18 00:00:00+00:00,84.33,87.7425
2025-08-18 01:00:00+00:00,83.85,86.88771
2025-08-18 02:00:00+00:00,89.46,89.18376
2025-08-18 03:00:00+00:00,99.27,101.43946
2025-08-18 04:00:00+00:00,118.51,127.44138
2025-08-18 05:00:00+00:00,130.13,136.9149
2025-08-18 06:00:00+00:00,109.87,115.316124
2025-08-18 07:00:00+00:00,88.84,91.953445
2025-08-18 08:00:00+00:00,72.06,66.07198
2025-08-18 09:00:00+00:00,45.93,41.53322
2025-08-18 10:00:00+00:00,20.04,24.89115
2025-08-18 11:00:00+00:00,14.23,7.5336723
2025-08-18 12:00:00+00:00,18.34,9.879638
2025-08-18 13:00:00+00:00,54.56,23.029074
2025-08-18 14:00:00+00:00,70.94,59.507843
2025-08-18 15:00:00+00:00,90.32,90.84487
2025-08-18 16:00:00+00:00,109.87,116.56075
2025-08-18 17:00:00+00:00,185.5,153.8956
2025-08-18 18:00:00+00:00,197.42,203.36131
2025-08-18 19:00:00+00:00,124.67,167.35547
2025-08-18 20:00:00+00:00,107.49,111.642845
2025-08-18 21:00:00+00:00,102.0,97.65998
2025-08-18 22:00:00+00:00,101.01,97.552284
2025-08-18 23:00:00+00:00,94.82,97.46529
2025-08-19 00:00:00+00:00,88.2,92.381195
2025-08-19 01:00:00+00:00,86.37,88.15802
2025-08-19 02:00:00+00:00,90.09,88.50354
2025-08-19 03:00:00+00:00,102.5,98.845276
2025-08-19 04:00:00+00:00,111.1,124.900665
2025-08-19 05:00:00+00:00,109.95,126.20009
2025-08-19 06:00:00+00:00,98.05,99.580894
2025-08-19 07:00:00+00:00,88.57,82.605545
2025-08-19 08:00:00+00:00,69.64,65.428085
2025-08-19 09:00:00+00:00,43.23,40.366108
2025-08-19 10:00:00+00:00,22.85,24.083698
2025-08-19 11:00:00+00:00,8.97,9.484802
2025-08-19 12:00:00+00:00,15.26,4.893853
2025-08-19 13:00:00+00:00,30.89,22.104538
2025-08-19 14:00:00+00:00,60.6,41.398624
2025-08-19 15:00:00+00:00,91.48,86.23052
2025-08-19 16:00:00+00:00,101.91,118.60379
2025-08-19 17:00:00+00:00,120.51,142.24893
2025-08-19 18:00:00+00:00,128.62,144.51303
2025-08-19 19:00:00+00:00,111.06,131.91174
2025-08-19 20:00:00+00:00,104.41,105.821266
2025-08-19 21:00:00+00:00,97.2,98.002396
2025-08-19 22:00:00+00:00,97.7,96.554504
2025-08-19 23:00:00+00:00,93.18,94.302536
2025-08-20 00:00:00+00:00,87.64,92.39171
2025-08-20 01:00:00+00:00,85.78,87.40062
2025-08-20 02:00:00+00:00,89.66,87.12694
2025-08-20 03:00:00+00:00,98.8,96.65737
2025-08-20 04:00:00+00:00,108.84,116.97845
2025-08-20 05:00:00+00:00,110.12,118.61748
2025-08-20 06:00:00+00:00,103.91,105.32537
2025-08-20 07:00:00+00:00,90.05,88.20001
2025-08-20 08:00:00+00:00,80.98,77.35082
2025-08-20 09:00:00+00:00,69.06,67.1841
2025-08-20 10:00:00+00:00,49.07,46.496777
2025-08-20 11:00:00+00:00,35.0,29.278265
2025-08-20 12:00:00+00:00,42.03,26.135939
2025-08-20 13:00:00+00:00,73.02,51.407642
2025-08-20 14:00:00+00:00,81.45,79.309074
2025-08-20 15:00:00+00:00,101.69,96.546616
2025-08-20 16:00:00+00:00,109.16,116.19915
2025-08-20 17:00:00+00:00,135.15,137.95949
2025-08-20 18:00:00+00:00,126.11,149.92784
2025-08-20 19:00:00+00:00,114.95,119.72671
2025-08-20 20:00:00+00:00,103.49,104.69057
2025-08-20 21:00:00+00:00,97.34,94.97125
2025-08-20 22:00:00+00:00,96.11,92.15883
2025-08-20 23:00:00+00:00,90.73,90.04335
2025-08-21 00:00:00+00:00,87.52,89.86423
2025-08-21 01:00:00+00:00,90.88,87.75179
2025-08-21 02:00:00+00:00,92.37,93.20738
2025-08-21 03:00:00+00:00,108.59,98.82499
2025-08-21 04:00:00+00:00,115.6,121.94554
2025-08-21 05:00:00+00:00,116.89,124.41442
2025-08-21 06:00:00+00:00,107.79,109.75218
2025-08-21 07:00:00+00:00,97.32,92.460335
2025-08-21 08:00:00+00:00,85.85,82.235275
2025-08-21 09:00:00+00:00,77.64,69.167366
2025-08-21 10:00:00+00:00,69.49,56.406418
2025-08-21 11:00:00+00:00,66.09,46.980186
2025-08-21 12:00:00+00:00,56.26,52.08091
2025-08-21 13:00:00+00:00,68.2,52.67952
2025-08-21 14:00:00+00:00,72.39,67.03495
2025-08-21 15:00:00+00:00,92.88,78.25132
2025-08-21 16:00:00+00:00,103.2,100.77764
2025-08-21 17:00:00+00:00,106.39,117.4389
2025-08-21 18:00:00+00:00,110.73,116.64143
2025-08-21 19:00:00+00:00,110.73,101.04814
2025-08-21 20:00:00+00:00,105.0,98.2301
2025-08-21 21:00:00+00:00,95.78,93.46676
2025-08-21 22:00:00+00:00,89.27,87.10028
2025-08-21 23:00:00+00:00,81.99,81.51992
2025-08-22 00:00:00+00:00,78.59,78.42657
2025-08-22 01:00:00+00:00,77.52,75.2876
2025-08-22 02:00:00+00:00,77.65,76.949
2025-08-22 03:00:00+00:00,87.9,81.96472
2025-08-22 04:00:00+00:00,105.76,101.46815
2025-08-22 05:00:00+00:00,107.45,114.649185
2025-08-22 06:00:00+00:00,102.32,99.80112
2025-08-22 07:00:00+00:00,90.02,86.84991
2025-08-22 08:00:00+00:00,72.44,71.1767
2025-08-22 09:00:00+00:00,42.5,52.322845
2025-08-22 10:00:00+00:00,14.07,23.99128
2025-08-22 11:00:00+00:00,3.84,3.8054287
2025-08-22 12:00:00+00:00,0.02,0.3036705
2025-08-22 13:00:00+00:00,4.01,4.419263
2025-08-22 14:00:00+00:00,40.64,21.499916
2025-08-22 15:00:00+00:00,73.14,58.60421
2025-08-22 16:00:00+00:00,95.17,93.2635
2025-08-22 17:00:00+00:00,106.07,114.07643
2025-08-22 18:00:00+00:00,113.0,118.97807
2025-08-22 19:00:00+00:00,107.63,111.81762
2025-08-22 20:00:00+00:00,103.09,100.66366
2025-08-22 21:00:00+00:00,94.37,93.928696
2025-08-22 22:00:00+00:00,95.33,86.94288
2025-08-22 23:00:00+00:00,89.32,85.597946
2025-08-23 00:00:00+00:00,87.76,84.03103
2025-08-23 01:00:00+00:00,85.21,81.98788
2025-08-23 02:00:00+00:00,85.56,80.27989
2025-08-23 03:00:00+00:00,85.6,81.18703
2025-08-23 04:00:00+00:00,86.67,85.79623
2025-08-23 05:00:00+00:00,86.78,83.48573
2025-08-23 06:00:00+00:00,83.57,75.32947
2025-08-23 07:00:00+00:00,62.9,55.926357
2025-08-23 08:00:00+00:00,14.69,28.035685
2025-08-23 09:00:00+00:00,3.29,2.1758432
2025-08-23 10:00:00+00:00,1.32,-2.5989473
2025-08-23 11:00:00+00:00,0.06,-2.9186509
2025-08-23 12:00:00+00:00,0.07,-2.206581
2025-08-23 13:00:00+00:00,3.52,5.7093687
2025-08-23 14:00:00+00:00,12.1,14.885739
2025-08-23 15:00:00+00:00,72.19,27.15728
2025-08-23 16:00:00+00:00,100.31,92.05584
2025-08-23 17:00:00+00:00,112.22,115.52426
2025-08-23 18:00:00+00:00,123.67,119.822266
2025-08-23 19:00:00+00:00,120.43,117.690315
2025-08-23 20:00:00+00:00,111.16,105.71458
2025-08-23 21:00:00+00:00,105.28,99.7247
2025-08-23 22:00:00+00:00,100.5,96.23075
2025-08-23 23:00:00+00:00,95.13,94.74251
2025-08-24 00:00:00+00:00,94.41,88.64638
2025-08-24 01:00:00+00:00,92.13,88.93283
2025-08-24 02:00:00+00:00,91.2,89.01249
2025-08-24 03:00:00+00:00,90.97,88.53704
2025-08-24 04:00:00+00:00,90.0,89.173935
2025-08-24 05:00:00+00:00,85.01,80.911156
2025-08-24 06:00:00+00:00,72.84,64.770996
2025-08-24 07:00:00+00:00,4.8,36.880054
2025-08-24 08:00:00+00:00,-0.01,-6.2913804
2025-08-24 09:00:00+00:00,-0.07,-6.1127167
2025-08-24 10:00:00+00:00,-1.98,-7.671598
2025-08-24 11:00:00+00:00,-7.45,-11.47154
2025-08-24 12:00:00+00:00,-7.4,-21.931416
2025-08-24 13:00:00+00:00,-0.1,-7.4397535
2025-08-24 14:00:00+00:00,0.0,9.008197
2025-08-24 15:00:00+00:00,63.36,19.838366
2025-08-24 16:00:00+00:00,99.81,89.6375
2025-08-24 17:00:00+00:00,110.5,124.50137
2025-08-24 18:00:00+00:00,117.31,123.982254
2025-08-24 19:00:00+00:00,114.32,117.47326
2025-08-24 20:00:00+00:00,107.5,106.97447
2025-08-24 21:00:00+00:00,100.52,101.0823
2025-08-24 22:00:00+00:00,95.28,95.07592
2025-08-24 23:00:00+00:00,87.03,89.369896
2025-08-25 00:00:00+00:00,84.02,86.347694
2025-08-25 01:00:00+00:00,82.9,85.84137
2025-08-25 02:00:00+00:00,83.46,87.34281
2025-08-25 03:00:00+00:00,102.46,92.87248
2025-08-25 04:00:00+00:00,115.38,128.2201
2025-08-25 05:00:00+00:00,125.0,134.13934
2025-08-25 06:00:00+00:00,110.04,113.01011
2025-08-25 07:00:00+00:00,91.97,89.57866
2025-08-25 08:00:00+00:00,72.98,76.16714
2025-08-25 09:00:00+00:00,35.02,48.928017
2025-08-25 10:00:00+00:00,10.0,15.734853
2025-08-25 11:00:00+00:00,5.93,2.1365128
2025-08-25 12:00:00+00:00,6.78,3.0853832
2025-08-25 13:00:00+00:00,25.2,11.6732855
2025-08-25 14:00:00+00:00,56.43,33.694775
2025-08-25 15:00:00+00:00,86.67,77.795074
2025-08-25 16:00:00+00:00,111.54,114.617874
2025-08-25 17:00:00+00:00,159.03,163.87564
2025-08-25 18:00:00+00:00,232.82,191.38008
2025-08-25 19:00:00+00:00,138.04,182.55061
2025-08-25 20:00:00+00:00,115.04,119.30964
2025-08-25 21:00:00+00:00,105.15,104.91879
2025-08-25 22:00:00+00:00,105.8,99.80645
2025-08-25 23:00:00+00:00,100.44,100.5012
2025-08-26 00:00:00+00:00,96.58,98.336876
2025-08-26 01:00:00+00:00,94.79,94.867485
2025-08-26 02:00:00+00:00,96.27,95.264465
2025-08-26 03:00:00+00:00,106.6,102.330635
2025-08-26 04:00:00+00:00,124.59,128.32803
2025-08-26 05:00:00+00:00,123.45,134.07144
2025-08-26 06:00:00+00:00,106.79,111.801994
2025-08-26 07:00:00+00:00,90.0,87.61418
2025-08-26 08:00:00+00:00,77.47,71.0603
2025-08-26 09:00:00+00:00,61.6,53.04918
2025-08-26 10:00:00+00:00,41.95,39.60583
2025-08-26 11:00:00+00:00,26.28,25.077461
2025-08-26 12:00:00+00:00,38.05,16.942497
2025-08-26 13:00:00+00:00,72.39,44.843285
2025-08-26 14:00:00+00:00,88.26,83.87772
2025-08-26 15:00:00+00:00,105.05,106.10447
2025-08-26 16:00:00+00:00,131.09,130.30571
2025-08-26 17:00:00+00:00,196.88,167.73117
2025-08-26 18:00:00+00:00,180.17,191.97598
2025-08-26 19:00:00+00:00,123.3,149.48116
2025-08-26 20:00:00+00:00,109.47,108.63218
2025-08-26 21:00:00+00:00,97.67,98.03357
2025-08-26 22:00:00+00:00,96.59,90.392494
2025-08-26 23:00:00+00:00,89.98,88.8814
2025-08-27 00:00:00+00:00,86.52,85.80122
2025-08-27 01:00:00+00:00,87.25,82.679085
2025-08-27 02:00:00+00:00,90.0,85.60824
2025-08-27 03:00:00+00:00,97.73,95.79684
2025-08-27 04:00:00+00:00,110.0,115.49664
2025-08-27 05:00:00+00:00,115.19,128.5745
2025-08-27 06:00:00+00:00,113.64,112.226
2025-08-27 07:00:00+00:00,101.63,96.35608
2025-08-27 08:00:00+00:00,86.0,85.25545
2025-08-27 09:00:00+00:00,79.29,68.09743
2025-08-27 10:00:00+00:00,64.38,58.066776
2025-08-27 11:00:00+00:00,50.68,44.09714
2025-08-27 12:00:00+00:00,50.94,38.313587
2025-08-27 13:00:00+00:00,76.18,59.995617
2025-08-27 14:00:00+00:00,85.1,86.06315
2025-08-27 15:00:00+00:00,104.94,106.39128
2025-08-27 16:00:00+00:00,134.63,132.02293
2025-08-27 17:00:00+00:00,222.07,173.93723
2025-08-27 18:00:00+00:00,222.04,195.66663
2025-08-27 19:00:00+00:00,128.87,174.89769
2025-08-27 20:00:00+00:00,113.63,111.078186
2025-08-27 21:00:00+00:00,103.57,102.2353
2025-08-27 22:00:00+00:00,97.15,98.813705
2025-08-27 23:00:00+00:00,91.92,92.90068
2025-08-28 00:00:00+00:00,87.89,91.21848
2025-08-28 01:00:00+00:00,87.09,86.82033
2025-08-28 02:00:00+00:00,90.23,87.09668
2025-08-28 03:00:00+00:00,98.72,98.71426
2025-08-28 04:00:00+00:00,121.63,116.11511
2025-08-28 05:00:00+00:00,143.79,136.83966
2025-08-28 06:00:00+00:00,143.95,143.3122
2025-08-28 07:00:00+00:00,121.84,121.319565
2025-08-28 08:00:00+00:00,112.27,102.36814
2025-08-28 09:00:00+00:00,108.13,99.77014
2025-08-28 10:00:00+00:00,100.89,99.90014
2025-08-28 11:00:00+00:00,100.96,98.14572
2025-08-28 12:00:00+00:00,100.89,99.55566
2025-08-28 13:00:00+00:00,100.66,105.08018
2025-08-28 14:00:00+00:00,96.1,110.36759
2025-08-28 15:00:00+00:00,129.84,115.86918
2025-08-28 16:00:00+00:00,160.85,153.45355
2025-08-28 17:00:00+00:00,210.0,188.7891
2025-08-28 18:00:00+00:00,153.16,195.0903
2025-08-28 19:00:00+00:00,124.18,134.30945
2025-08-28 20:00:00+00:00,107.11,112.41305
2025-08-28 21:00:00+00:00,92.15,100.579575
2025-08-28 22:00:00+00:00,85.04,91.86689
2025-08-28 23:00:00+00:00,83.27,84.03829
2025-08-29 00:00:00+00:00,83.1,83.88414
2025-08-29 01:00:00+00:00,81.59,84.47263
2025-08-29 02:00:00+00:00,83.01,84.538574
2025-08-29 03:00:00+00:00,91.0,88.44711
2025-08-29 04:00:00+00:00,117.55,107.2249
2025-08-29 05:00:00+00:00,121.39,136.25774
2025-08-29 06:00:00+00:00,120.0,126.36015
2025-08-29 07:00:00+00:00,110.36,105.93597
2025-08-29 08:00:00+00:00,84.25,93.1941
2025-08-29 09:00:00+00:00,78.08,72.789604
2025-08-29 10:00:00+00:00,67.44,60.67533
2025-08-29 11:00:00+00:00,53.96,46.658558
2025-08-29 12:00:00+00:00,59.64,40.787983
2025-08-29 13:00:00+00:00,73.06,64.08059
2025-08-29 14:00:00+00:00,85.0,80.234024
2025-08-29 15:00:00+00:00,104.82,101.6117
2025-08-29 16:00:00+00:00,118.51,127.444244
2025-08-29 17:00:00+00:00,147.68,141.40283
2025-08-29 18:00:00+00:00,116.5,133.59166
2025-08-29 19:00:00+00:00,111.96,106.75302
2025-08-29 20:00:00+00:00,95.7,100.04732
2025-08-29 21:00:00+00:00,86.07,91.1296
2025-08-29 22:00:00+00:00,92.5,80.59417
2025-08-29 23:00:00+00:00,86.56,86.03688
2025-08-30 00:00:00+00:00,83.3,80.027626
2025-08-30 01:00:00+00:00,81.51,78.72415
2025-08-30 02:00:00+00:00,83.39,78.69241
2025-08-30 03:00:00+00:00,87.72,80.859116
2025-08-30 04:00:00+00:00,95.02,88.77303
2025-08-30 05:00:00+00:00,98.09,93.58508
2025-08-30 06:00:00+00:00,89.64,93.14284
2025-08-30 07:00:00+00:00,78.6,74.87631
2025-08-30 08:00:00+00:00,36.46,55.205612
2025-08-30 09:00:00+00:00,5.23,14.925849
2025-08-30 10:00:00+00:00,0.0,-2.794403
2025-08-30 11:00:00+00:00,-0.01,-4.862995
2025-08-30 12:00:00+00:00,-0.01,-3.125529
2025-08-30 13:00:00+00:00,-0.38,5.717278
2025-08-30 14:00:00+00:00,9.48,8.895098
2025-08-30 15:00:00+00:00,81.1,51.208843
2025-08-30 16:00:00+00:00,103.9,107.01135
2025-08-30 17:00:00+00:00,127.07,133.97513
2025-08-30 18:00:00+00:00,129.98,130.26634
2025-08-30 19:00:00+00:00,120.39,124.35719
2025-08-30 20:00:00+00:00,104.94,108.91321
2025-08-30 21:00:00+00:00,90.3,96.14538
2025-08-30 22:00:00+00:00,88.74,86.559685
2025-08-30 23:00:00+00:00,78.91,79.72807
2025-08-31 00:00:00+00:00,70.53,70.77851
2025-08-31 01:00:00+00:00,67.02,59.146404
2025-08-31 02:00:00+00:00,63.79,55.295208
2025-08-31 03:00:00+00:00,64.56,53.93316
2025-08-31 04:00:00+00:00,65.0,58.658028
2025-08-31 05:00:00+00:00,62.13,48.70046
2025-08-31 06:00:00+00:00,22.3,35.860107
2025-08-31 07:00:00+00:00,5.2,3.0678353
2025-08-31 08:00:00+00:00,-0.01,-6.337775
2025-08-31 09:00:00+00:00,-0.02,-8.67346
2025-08-31 10:00:00+00:00,-0.11,-9.784993
2025-08-31 11:00:00+00:00,-1.0,-10.439822
2025-08-31 12:00:00+00:00,-0.61,-9.309378
2025-08-31 13:00:00+00:00,0.0,2.7919137
2025-08-31 14:00:00+00:00,25.47,8.809946
2025-08-31 15:00:00+00:00,79.74,55.155502
2025-08-31 16:00:00+00:00,117.59,111.7638
2025-08-31 17:00:00+00:00,135.1,144.2373
2025-08-31 18:00:00+00:00,132.07,137.34418
2025-08-31 19:00:00+00:00,114.15,119.26933
2025-08-31 20:00:00+00:00,102.63,104.32527
2025-08-31 21:00:00+00:00,89.76,95.33062
2025-08-31 22:00:00+00:00,84.08,83.86871
2025-08-31 23:00:00+00:00,81.43,79.325935
2025-09-01 00:00:00+00:00,80.97,79.89891
2025-09-01 01:00:00+00:00,80.03,78.74669
2025-09-01 02:00:00+00:00,81.37,80.05898
2025-09-01 03:00:00+00:00,92.58,89.89036
2025-09-01 04:00:00+00:00,120.43,114.5544
2025-09-01 05:00:00+00:00,125.67,133.65727
2025-09-01 06:00:00+00:00,116.1,115.319954
2025-09-01 07:00:00+00:00,98.19,98.16845
2025-09-01 08:00:00+00:00,82.0,85.25546
2025-09-01 09:00:00+00:00,69.4,73.60992
2025-09-01 10:00:00+00:00,38.27,63.69478
2025-09-01 11:00:00+00:00,25.03,44.161476
2025-09-01 12:00:00+00:00,42.73,36.265095
2025-09-01 13:00:00+00:00,67.76,56.769005
2025-09-01 14:00:00+00:00,84.67,81.42142
2025-09-01 15:00:00+00:00,109.7,100.36108
2025-09-01 16:00:00+00:00,155.32,140.9144
2025-09-01 17:00:00+00:00,250.65,215.55717
2025-09-01 18:00:00+00:00,210.56,237.99423
2025-09-01 19:00:00+00:00,125.2,149.06259
2025-09-01 20:00:00+00:00,112.4,109.45292
2025-09-01 21:00:00+00:00,100.53,100.46602
2025-09-01 22:00:00+00:00,95.01,97.326485
2025-09-01 23:00:00+00:00,90.11,92.146126
2025-09-02 00:00:00+00:00,90.84,89.81419
2025-09-02 01:00:00+00:00,92.5,89.1171
2025-09-02 02:00:00+00:00,94.8,94.90295
2025-09-02 03:00:00+00:00,106.85,99.3759
2025-09-02 04:00:00+00:00,134.39,133.33107
2025-09-02 05:00:00+00:00,153.67,151.79337
2025-09-02 06:00:00+00:00,147.48,138.59343
2025-09-02 07:00:00+00:00,121.05,119.20461
2025-09-02 08:00:00+00:00,102.14,97.90433
2025-09-02 09:00:00+00:00,84.66,87.083115
2025-09-02 10:00:00+00:00,78.94,72.61585
2025-09-02 11:00:00+00:00,79.73,66.56287
2025-09-02 12:00:00+00:00,78.54,69.088776
2025-09-02 13:00:00+00:00,84.37,77.402145
2025-09-02 14:00:00+00:00,95.0,91.30231
2025-09-02 15:00:00+00:00,108.97,111.17012
2025-09-02 16:00:00+00:00,173.16,147.84274
2025-09-02 17:00:00+00:00,311.51,202.67505
2025-09-02 18:00:00+00:00,263.79,244.3976
2025-09-02 19:00:00+00:00,140.92,193.1734
2025-09-02 20:00:00+00:00,110.47,119.65443
2025-09-02 21:00:00+00:00,91.21,98.58571
2025-09-02 22:00:00+00:00,97.25,88.844124
2025-09-02 23:00:00+00:00,90.74,91.31356
2025-09-03 00:00:00+00:00,85.95,84.858734
2025-09-03 01:00:00+00:00,81.72,80.2557
2025-09-03 02:00:00+00:00,81.23,77.71288
2025-09-03 03:00:00+00:00,86.97,82.82956
2025-09-03 04:00:00+00:00,103.2,103.166855
2025-09-03 05:00:00+00:00,112.34,114.81408
2025-09-03 06:00:00+00:00,109.13,98.95189
2025-09-03 07:00:00+00:00,85.3,80.96147
2025-09-03 08:00:00+00:00,29.04,52.06161
2025-09-03 09:00:00+00:00,0.03,7.8237085
2025-09-03 10:00:00+00:00,-0.1,-5.5375724
2025-09-03 11:00:00+00:00,-0.1,-6.8244796
2025-09-03 12:00:00+00:00,-0.28,-3.0661213
2025-09-03 13:00:00+00:00,0.0,-1.3894187
2025-09-03 14:00:00+00:00,3.89,10.959507
2025-09-03 15:00:00+00:00,63.46,24.31355
2025-09-03 16:00:00+00:00,102.35,102.13946
2025-09-03 17:00:00+00:00,110.92,128.91496
2025-09-03 18:00:00+00:00,104.0,108.1909
2025-09-03 19:00:00+00:00,94.17,88.51948
2025-09-03 20:00:00+00:00,80.68,80.259575
2025-09-03 21:00:00+00:00,54.25,60.90686
2025-09-03 22:00:00+00:00,21.65,35.613422
2025-09-03 23:00:00+00:00,17.7,17.735264
2025-09-04 00:00:00+00:00,17.87,17.9431
2025-09-04 01:00:00+00:00,30.02,21.278118
2025-09-04 02:00:00+00:00,59.92,34.36564
2025-09-04 03:00:00+00:00,83.89,65.52027
2025-09-04 04:00:00+00:00,107.87,104.58611
2025-09-04 05:00:00+00:00,120.0,122.254486
2025-09-04 06:00:00+00:00,108.09,111.15043
2025-09-04 07:00:00+00:00,77.81,84.797485
2025-09-04 08:00:00+00:00,41.45,45.964386
2025-09-04 09:00:00+00:00,5.79,20.306726
2025-09-04 10:00:00+00:00,3.2,-3.4238372
2025-09-04 11:00:00+00:00,3.36,-3.6373472
2025-09-04 12:00:00+00:00,34.89,2.4418435
2025-09-04 13:00:00+00:00,71.0,40.40636
2025-09-04 14:00:00+00:00,90.05,83.406784
2025-09-04 15:00:00+00:00,109.13,117.616974
2025-09-04 16:00:00+00:00,191.8,147.6154
2025-09-04 17:00:00+00:00,350.0,257.12622
2025-09-04 18:00:00+00:00,218.82,268.4864
2025-09-04 19:00:00+00:00,124.93,148.36703
2025-09-04 20:00:00+00:00,112.14,108.95171
2025-09-04 21:00:00+00:00,101.3,100.60284
2025-09-04 22:00:00+00:00,95.25,97.64171
2025-09-04 23:00:00+00:00,86.1,91.08775
2025-09-05 00:00:00+00:00,85.26,83.81675
2025-09-05 01:00:00+00:00,85.2,83.66414
2025-09-05 02:00:00+00:00,85.6,85.49981
2025-09-05 03:00:00+00:00,97.36,90.54797
2025-09-05 04:00:00+00:00,119.16,119.12494
2025-09-05 05:00:00+00:00,132.13,139.85329
2025-09-05 06:00:00+00:00,125.75,127.94103
2025-09-05 07:00:00+00:00,100.4,104.791756
2025-09-05 08:00:00+00:00,87.83,84.2434
2025-09-05 09:00:00+00:00,84.15,75.67483
2025-09-05 10:00:00+00:00,78.25,72.06375
2025-09-05 11:00:00+00:00,72.19,67.32532
2025-09-05 12:00:00+00:00,70.17,61.771496
2025-09-05 13:00:00+00:00,77.53,76.902794
2025-09-05 14:00:00+00:00,85.0,89.49628
2025-09-05 15:00:00+00:00,90.96,111.11221
2025-09-05 16:00:00+00:00,108.95,133.4674
2025-09-05 17:00:00+00:00,154.53,153.46803
2025-09-05 18:00:00+00:00,150.75,153.6192
2025-09-05 19:00:00+00:00,117.1,129.46404
2025-09-05 20:00:00+00:00,107.71,109.16223
2025-09-05 21:00:00+00:00,100.7,100.106285
2025-09-05 22:00:00+00:00,101.21,98.26578
2025-09-05 23:00:00+00:00,100.59,98.80316
2025-09-06 00:00:00+00:00,99.57,97.37907
2025-09-06 01:00:00+00:00,97.84,96.55429
2025-09-06 02:00:00+00:00,96.96,96.67096
2025-09-06 03:00:00+00:00,98.01,95.4152
2025-09-06 04:00:00+00:00,102.6,106.305275
2025-09-06 05:00:00+00:00,100.91,111.33618
2025-09-06 06:00:00+00:00,95.98,96.0578
2025-09-06 07:00:00+00:00,79.11,78.65198
2025-09-06 08:00:00+00:00,11.35,48.668858
2025-09-06 09:00:00+00:00,0.0,3.092789
2025-09-06 10:00:00+00:00,-0.02,-4.3859
2025-09-06 11:00:00+00:00,-0.86,-8.049964
2025-09-06 12:00:00+00:00,-0.99,-10.979968
2025-09-06 13:00:00+00:00,-0.01,3.4433622
2025-09-06 14:00:00+00:00,40.99,14.281691
2025-09-06 15:00:00+00:00,87.6,74.4476
2025-09-06 16:00:00+00:00,116.47,119.25629
2025-09-06 17:00:00+00:00,158.39,146.42993
2025-09-06 18:00:00+00:00,139.54,146.97308
2025-09-06 19:00:00+00:00,109.95,119.50471
2025-09-06 20:00:00+00:00,92.95,98.96771
2025-09-06 21:00:00+00:00,82.56,86.24326
2025-09-06 22:00:00+00:00,89.72,76.45351
2025-09-06 23:00:00+00:00,85.02,75.1153
2025-09-07 00:00:00+00:00,80.77,69.95106
2025-09-07 01:00:00+00:00,83.4,67.33869
2025-09-07 02:00:00+00:00,82.92,70.288345
2025-09-07 03:00:00+00:00,82.67,70.96679
2025-09-07 04:00:00+00:00,81.5,73.857765
2025-09-07 05:00:00+00:00,55.48,64.29118
2025-09-07 06:00:00+00:00,0.0,28.50062
2025-09-07 07:00:00+00:00,-0.09,-10.298066
2025-09-07 08:00:00+00:00,-4.0,-13.14191
2025-09-07 09:00:00+00:00,-20.09,-20.143236
2025-09-07 10:00:00+00:00,-40.02,-44.471695
2025-09-07 11:00:00+00:00,-53.4,-118.62157
2025-09-07 12:00:00+00:00,-49.99,-120.46471
2025-09-07 13:00:00+00:00,-21.21,-96.7087
2025-09-07 14:00:00+00:00,-2.47,-14.902306
2025-09-07 15:00:00+00:00,3.36,11.149349
2025-09-07 16:00:00+00:00,95.91,54.768715
2025-09-07 17:00:00+00:00,108.3,117.31812
2025-09-07 18:00:00+00:00,96.25,103.20651
2025-09-07 19:00:00+00:00,86.02,83.06583
2025-09-07 20:00:00+00:00,85.01,74.42485
2025-09-07 21:00:00+00:00,86.06,72.49112
2025-09-07 22:00:00+00:00,79.66,69.84545
2025-09-07 23:00:00+00:00,85.74,64.75445
2025-09-08 00:00:00+00:00,84.7,74.27597
2025-09-08 01:00:00+00:00,82.27,76.219345
2025-09-08 02:00:00+00:00,83.79,80.84992
2025-09-08 03:00:00+00:00,95.6,88.95102
2025-09-08 04:00:00+00:00,109.9,119.17049
2025-09-08 05:00:00+00:00,148.14,129.69507
2025-09-08 06:00:00+00:00,125.53,130.222
2025-09-08 07:00:00+00:00,102.05,102.53487
2025-09-08 08:00:00+00:00,85.83,83.54982
2025-09-08 09:00:00+00:00,76.14,73.96421
2025-09-08 10:00:00+00:00,65.35,68.20308
2025-09-08 11:00:00+00:00,60.84,61.209957
2025-09-08 12:00:00+00:00,69.65,61.899048
2025-09-08 13:00:00+00:00,78.46,79.67734
2025-09-08 14:00:00+00:00,99.72,92.96291
2025-09-08 15:00:00+00:00,124.28,115.70915
2025-09-08 16:00:00+00:00,196.61,168.49187
2025-09-08 17:00:00+00:00,413.66,312.7172
2025-09-08 18:00:00+00:00,308.52,396.82623
2025-09-08 19:00:00+00:00,152.0,213.23631
2025-09-08 20:00:00+00:00,123.93,129.40268
2025-09-08 21:00:00+00:00,113.12,109.48854
2025-09-08 22:00:00+00:00,114.52,104.70401
2025-09-08 23:00:00+00:00,112.46,106.17058
2025-09-09 00:00:00+00:00,110.35,108.33121
2025-09-09 01:00:00+00:00,109.8,105.72113
2025-09-09 02:00:00+00:00,110.86,106.921715
2025-09-09 03:00:00+00:00,118.18,114.17802
2025-09-09 04:00:00+00:00,182.39,161.45425
2025-09-09 05:00:00+00:00,300.0,222.3453
2025-09-09 06:00:00+00:00,196.98,305.484
2025-09-09 07:00:00+00:00,127.59,169.64516
2025-09-09 08:00:00+00:00,101.73,108.74758
2025-09-09 09:00:00+00:00,99.25,96.19938
2025-09-09 10:00:00+00:00,87.18,94.93415
2025-09-09 11:00:00+00:00,85.69,84.89122
2025-09-09 12:00:00+00:00,85.51,86.440765
2025-09-09 13:00:00+00:00,92.49,96.92194
2025-09-09 14:00:00+00:00,103.35,113.96801
2025-09-09 15:00:00+00:00,127.41,140.34343
2025-09-09 16:00:00+00:00,192.68,200.88718
2025-09-09 17:00:00+00:00,386.4,280.81842
2025-09-09 18:00:00+00:00,215.59,358.68002
2025-09-09 19:00:00+00:00,133.37,169.19284
2025-09-09 20:00:00+00:00,115.79,117.109566
2025-09-09 21:00:00+00:00,109.3,107.415016
2025-09-09 22:00:00+00:00,106.93,104.81712
2025-09-09 23:00:00+00:00,107.29,101.52438
2025-09-10 00:00:00+00:00,103.73,101.59285
2025-09-10 01:00:00+00:00,104.81,102.790695
2025-09-10 02:00:00+00:00,104.55,105.519646
2025-09-10 03:00:00+00:00,114.28,113.26561
2025-09-10 04:00:00+00:00,133.35,145.96841
2025-09-10 05:00:00+00:00,223.39,175.17905
2025-09-10 06:00:00+00:00,171.94,213.48483
2025-09-10 07:00:00+00:00,129.46,149.17307
2025-09-10 08:00:00+00:00,107.33,109.22148
2025-09-10 09:00:00+00:00,102.39,100.41019
2025-09-10 10:00:00+00:00,88.85,98.502594
2025-09-10 11:00:00+00:00,86.09,85.491
2025-09-10 12:00:00+00:00,87.8,85.05822
2025-09-10 13:00:00+00:00,90.8,96.51591
2025-09-10 14:00:00+00:00,105.07,109.34871
2025-09-10 15:00:00+00:00,127.78,141.16263
2025-09-10 16:00:00+00:00,170.59,180.59868
2025-09-10 17:00:00+00:00,275.19,205.62491
2025-09-10 18:00:00+00:00,169.07,226.857
2025-09-10 19:00:00+00:00,122.94,137.03519
2025-09-10 20:00:00+00:00,101.58,106.81235
2025-09-10 21:00:00+00:00,87.63,93.25236
2025-09-10 22:00:00+00:00,88.21,83.82257
2025-09-10 23:00:00+00:00,85.0,82.78402
2025-09-11 00:00:00+00:00,77.13,79.88563
2025-09-11 01:00:00+00:00,70.67,74.64394
2025-09-11 02:00:00+00:00,70.67,71.655365
2025-09-11 03:00:00+00:00,79.05,77.51213
2025-09-11 04:00:00+00:00,111.18,99.949234
2025-09-11 05:00:00+00:00,125.33,134.66293
2025-09-11 06:00:00+00:00,120.36,121.701904
2025-09-11 07:00:00+00:00,102.05,93.36228
2025-09-11 08:00:00+00:00,73.64,70.44939
2025-09-11 09:00:00+00:00,8.23,36.75405
2025-09-11 10:00:00+00:00,-0.01,-2.0616846
2025-09-11 11:00:00+00:00,-0.07,-6.0076313
2025-09-11 12:00:00+00:00,-0.72,-3.9871573
2025-09-11 13:00:00+00:00,0.0,-0.47517374
2025-09-11 14:00:00+00:00,8.96,8.215918
2025-09-11 15:00:00+00:00,75.82,56.912964
2025-09-11 16:00:00+00:00,118.57,111.971176
2025-09-11 17:00:00+00:00,132.86,133.44481
2025-09-11 18:00:00+00:00,125.25,132.7775
2025-09-11 19:00:00+00:00,111.45,106.8527
2025-09-11 20:00:00+00:00,84.81,95.03915
2025-09-11 21:00:00+00:00,63.89,64.55803
2025-09-11 22:00:00+00:00,32.83,39.290653
2025-09-11 23:00:00+00:00,33.23,20.319094
2025-09-12 00:00:00+00:00,20.94,21.391586
2025-09-12 01:00:00+00:00,16.35,16.855453
2025-09-12 02:00:00+00:00,29.15,17.280163
2025-09-12 03:00:00+00:00,51.84,36.244984
2025-09-12 04:00:00+00:00,95.29,70.43587
2025-09-12 05:00:00+00:00,105.73,107.4983
2025-09-12 06:00:00+00:00,102.01,98.003204
2025-09-12 07:00:00+00:00,48.07,73.66768
2025-09-12 08:00:00+00:00,1.85,12.870281
2025-09-12 09:00:00+00:00,-1.66,-4.712015
2025-09-12 10:00:00+00:00,-5.11,-12.0063925
2025-09-12 11:00:00+00:00,-8.66,-15.490866
2025-09-12 12:00:00+00:00,-6.19,-13.879141
2025-09-12 13:00:00+00:00,-4.0,-5.834522
2025-09-12 14:00:00+00:00,-0.01,1.2300401
2025-09-12 15:00:00+00:00,57.69,29.350836
2025-09-12 16:00:00+00:00,108.71,92.817116
2025-09-12 17:00:00+00:00,155.36,132.9526
2025-09-12 18:00:00+00:00,152.24,148.52458
2025-09-12 19:00:00+00:00,113.96,126.57149
2025-09-12 20:00:00+00:00,102.85,104.40523
2025-09-12 21:00:00+00:00,96.66,92.31253
2025-09-12 22:00:00+00:00,85.89,81.11021
2025-09-12 23:00:00+00:00,72.75,66.65869
2025-09-13 00:00:00+00:00,72.45,56.564053
2025-09-13 01:00:00+00:00,72.45,60.154896
2025-09-13 02:00:00+00:00,69.79,59.016376
2025-09-13 03:00:00+00:00,72.75,60.716335
2025-09-13 04:00:00+00:00,74.71,65.194565
2025-09-13 05:00:00+00:00,74.11,65.46466
2025-09-13 06:00:00+00:00,72.45,58.47461
2025-09-13 07:00:00+00:00,53.85,42.568703
2025-09-13 08:00:00+00:00,14.3,24.9006
2025-09-13 09:00:00+00:00,2.37,0.58048815
2025-09-13 10:00:00+00:00,0.0,-5.702516
2025-09-13 11:00:00+00:00,-0.01,-7.9084134
2025-09-13 12:00:00+00:00,-0.01,-5.271494
2025-09-13 13:00:00+00:00,-0.01,4.122712
2025-09-13 14:00:00+00:00,3.88,8.976498
2025-09-13 15:00:00+00:00,74.11,31.892357
2025-09-13 16:00:00+00:00,108.1,100.07496
2025-09-13 17:00:00+00:00,121.9,126.43078
2025-09-13 18:00:00+00:00,118.77,118.41392
2025-09-13 19:00:00+00:00,111.17,99.90013
2025-09-13 20:00:00+00:00,100.0,97.82885
2025-09-13 21:00:00+00:00,87.18,88.532486
2025-09-13 22:00:00+00:00,85.69,77.341484
2025-09-13 23:00:00+00:00,77.57,75.17465
2025-09-14 00:00:00+00:00,80.61,68.27601
2025-09-14 01:00:00+00:00,85.93,73.64387
2025-09-14 02:00:00+00:00,93.77,78.074646
2025-09-14 03:00:00+00:00,99.82,87.01187
2025-09-14 04:00:00+00:00,100.75,94.35172
2025-09-14 05:00:00+00:00,105.36,97.629654
2025-09-14 06:00:00+00:00,108.48,95.54811
2025-09-14 07:00:00+00:00,87.78,83.36093
2025-09-14 08:00:00+00:00,61.68,58.843918
2025-09-14 09:00:00+00:00,17.58,34.83093
2025-09-14 10:00:00+00:00,6.52,5.329492
2025-09-14 11:00:00+00:00,0.0,-5.081535
2025-09-14 12:00:00+00:00,-0.01,-5.6835594
2025-09-14 13:00:00+00:00,0.0,4.8557873
2025-09-14 14:00:00+00:00,19.33,9.488754
2025-09-14 15:00:00+00:00,98.2,48.71215
2025-09-14 16:00:00+00:00,124.34,121.96916
2025-09-14 17:00:00+00:00,153.29,139.10439
2025-09-14 18:00:00+00:00,126.01,138.88248
2025-09-14 19:00:00+00:00,97.37,107.207664
2025-09-14 20:00:00+00:00,77.02,88.24764
2025-09-14 21:00:00+00:00,14.27,56.361374
2025-09-14 22:00:00+00:00,20.0,8.066966
2025-09-14 23:00:00+00:00,3.87,4.9339952
2025-09-15 00:00:00+00:00,1.39,-4.459689
2025-09-15 01:00:00+00:00,0.01,-3.1805093
2025-09-15 02:00:00+00:00,0.0,-2.9781585
2025-09-15 03:00:00+00:00,0.9,1.1454824
2025-09-15 04:00:00+00:00,20.27,19.969065
2025-09-15 05:00:00+00:00,54.31,45.41364
2025-09-15 06:00:00+00:00,40.4,49.230724
2025-09-15 07:00:00+00:00,0.9,21.108839
2025-09-15 08:00:00+00:00,-0.47,-8.552285
2025-09-15 09:00:00+00:00,-2.61,-10.929647
2025-09-15 10:00:00+00:00,-8.0,-16.212
2025-09-15 11:00:00+00:00,-14.27,-20.545612
2025-09-15 12:00:00+00:00,-13.7,-29.676815
2025-09-15 13:00:00+00:00,-8.9,-21.306826
2025-09-15 14:00:00+00:00,-5.24,-1.8378646
2025-09-15 15:00:00+00:00,-0.53,4.2369533
2025-09-15 16:00:00+00:00,14.01,25.538683
2025-09-15 17:00:00+00:00,53.93,47.610558
2025-09-15 18:00:00+00:00,47.37,51.528732
2025-09-15 19:00:00+00:00,5.33,31.828808
2025-09-15 20:00:00+00:00,2.91,3.1678598
2025-09-15 21:00:00+00:00,0.06,-0.24797578
2025-09-15 22:00:00+00:00,-0.01,-5.0554457
2025-09-15 23:00:00+00:00,-0.09,-5.340968
2025-09-16 00:00:00+00:00,-0.23,-7.01171
2025-09-16 01:00:00+00:00,-1.05,-5.9666305
2025-09-16 02:00:00+00:00,-1.33,-5.6934404
2025-09-16 03:00:00+00:00,-0.01,-2.8830266
2025-09-16 04:00:00+00:00,2.32,8.314752
2025-09-16 05:00:00+00:00,16.21,22.99581
2025-09-16 06:00:00+00:00,3.81,22.229755
2025-09-16 07:00:00+00:00,-1.01,-3.1031554
2025-09-16 08:00:00+00:00,-5.11,-13.303325
2025-09-16 09:00:00+00:00,-10.38,-17.94171
2025-09-16 10:00:00+00:00,-20.05,-17.519495
2025-09-16 11:00:00+00:00,-18.03,-29.097095
2025-09-16 12:00:00+00:00,-11.17,-29.226492
2025-09-16 13:00:00+00:00,-9.99,-9.592467
2025-09-16 14:00:00+00:00,-3.24,-3.572923
2025-09-16 15:00:00+00:00,0.0,5.5908275
2025-09-16 16:00:00+00:00,72.64,34.200977
2025-09-16 17:00:00+00:00,103.33,79.50355
2025-09-16 18:00:00+00:00,112.97,94.91589
2025-09-16 19:00:00+00:00,92.97,88.37704
2025-09-16 20:00:00+00:00,80.55,73.83789
2025-09-16 21:00:00+00:00,65.44,61.124832
2025-09-16 22:00:00+00:00,70.8,43.293686
2025-09-16 23:00:00+00:00,63.47,46.16881
2025-09-17 00:00:00+00:00,50.95,51.302635
2025-09-17 01:00:00+00:00,48.53,39.147144
2025-09-17 02:00:00+00:00,60.01,40.4784
2025-09-17 03:00:00+00:00,73.82,59.11607
2025-09-17 04:00:00+00:00,98.85,92.590744
2025-09-17 05:00:00+00:00,117.34,117.19197
2025-09-17 06:00:00+00:00,112.74,110.59535
2025-09-17 07:00:00+00:00,95.14,87.58979
2025-09-17 08:00:00+00:00,69.14,66.66473
2025-09-17 09:00:00+00:00,41.38,39.02364
2025-09-17 10:00:00+00:00,10.5,22.374283
2025-09-17 11:00:00+00:00,7.88,3.6427748
2025-09-17 12:00:00+00:00,10.59,2.00461
2025-09-17 13:00:00+00:00,43.09,15.682125
2025-09-17 14:00:00+00:00,81.17,54.740013
2025-09-17 15:00:00+00:00,110.0,97.54662
2025-09-17 16:00:00+00:00,123.31,132.56224
2025-09-17 17:00:00+00:00,142.58,141.21625
2025-09-17 18:00:00+00:00,123.52,131.56445
2025-09-17 19:00:00+00:00,94.2,105.119125
2025-09-17 20:00:00+00:00,86.1,82.84648
2025-09-17 21:00:00+00:00,73.07,65.94957
2025-09-17 22:00:00+00:00,53.12,50.298214
2025-09-17 23:00:00+00:00,48.29,32.054726
2025-09-18 00:00:00+00:00,38.47,34.183006
2025-09-18 01:00:00+00:00,37.96,30.088387
2025-09-18 02:00:00+00:00,48.12,31.10116
2025-09-18 03:00:00+00:00,74.15,46.83014
2025-09-18 04:00:00+00:00,105.81,84.5071
2025-09-18 05:00:00+00:00,117.21,117.15215
2025-09-18 06:00:00+00:00,111.28,111.17307
2025-09-18 07:00:00+00:00,90.8,84.59305
2025-09-18 08:00:00+00:00,65.1,58.403625
2025-09-18 09:00:00+00:00,5.89,31.132763
2025-09-18 10:00:00+00:00,0.2,-3.1766334
2025-09-18 11:00:00+00:00,0.0,-6.803922
2025-09-18 12:00:00+00:00,0.0,-3.2466838
2025-09-18 13:00:00+00:00,0.52,3.2633827
2025-09-18 14:00:00+00:00,15.31,15.774745
2025-09-18 15:00:00+00:00,89.79,50.30604
2025-09-18 16:00:00+00:00,115.45,118.04385
2025-09-18 17:00:00+00:00,134.23,133.62479
2025-09-18 18:00:00+00:00,128.68,124.08079
2025-09-18 19:00:00+00:00,110.0,107.334526
2025-09-18 20:00:00+00:00,98.94,94.93768
2025-09-18 21:00:00+00:00,88.2,83.89715
2025-09-18 22:00:00+00:00,74.09,74.25353
2025-09-18 23:00:00+00:00,72.47,62.65576
2025-09-19 00:00:00+00:00,73.45,63.77804
2025-09-19 01:00:00+00:00,73.7,66.60807
2025-09-19 02:00:00+00:00,74.02,69.82964
2025-09-19 03:00:00+00:00,89.59,76.597244
2025-09-19 04:00:00+00:00,118.92,106.40897
2025-09-19 05:00:00+00:00,143.42,134.97961
2025-09-19 06:00:00+00:00,118.29,124.7574
2025-09-19 07:00:00+00:00,95.18,92.50125
2025-09-19 08:00:00+00:00,53.7,66.86942
2025-09-19 09:00:00+00:00,13.03,23.776924
2025-09-19 10:00:00+00:00,0.99,-1.0968649
2025-09-19 11:00:00+00:00,0.0,-5.5936923
2025-09-19 12:00:00+00:00,0.0,-6.678574
2025-09-19 13:00:00+00:00,11.97,2.2645137
2025-09-19 14:00:00+00:00,74.46,35.044853
2025-09-19 15:00:00+00:00,119.44,93.69993
2025-09-19 16:00:00+00:00,255.21,155.52672
2025-09-19 17:00:00+00:00,409.24,293.73828
2025-09-19 18:00:00+00:00,167.59,347.35587
2025-09-19 19:00:00+00:00,111.82,134.74301
2025-09-19 20:00:00+00:00,86.04,99.38829
2025-09-19 21:00:00+00:00,78.93,79.5824
2025-09-19 22:00:00+00:00,87.24,63.726074
2025-09-19 23:00:00+00:00,77.91,52.943676
2025-09-20 00:00:00+00:00,74.99,47.28126
2025-09-20 01:00:00+00:00,74.8,44.56252
2025-09-20 02:00:00+00:00,74.79,44.119423
2025-09-20 03:00:00+00:00,80.21,46.98056
2025-09-20 04:00:00+00:00,88.51,62.734592
2025-09-20 05:00:00+00:00,86.97,68.01052
2025-09-20 06:00:00+00:00,75.29,48.184185
2025-09-20 07:00:00+00:00,24.9,9.877043
2025-09-20 08:00:00+00:00,3.02,-39.36723
2025-09-20 09:00:00+00:00,-0.28,-50.883892
2025-09-20 10:00:00+00:00,-6.1,-90.2445
2025-09-20 11:00:00+00:00,-10.86,-132.59767
2025-09-20 12:00:00+00:00,-5.1,-131.11453
2025-09-20 13:00:00+00:00,-0.04,-112.54311
2025-09-20 14:00:00+00:00,26.36,-35.450695
2025-09-20 15:00:00+00:00,93.84,52.932148
2025-09-20 16:00:00+00:00,124.58,121.87933
2025-09-20 17:00:00+00:00,134.1,142.21754
2025-09-20 18:00:00+00:00,99.08,127.40027
2025-09-20 19:00:00+00:00,81.95,88.45472
2025-09-20 20:00:00+00:00,74.5,72.61458
2025-09-20 21:00:00+00:00,48.3,59.861942
2025-09-20 22:00:00+00:00,8.07,26.748213
2025-09-20 23:00:00+00:00,3.7,4.598777
2025-09-21 00:00:00+00:00,3.46,0.5182382
2025-09-21 01:00:00+00:00,1.65,1.3745236
2025-09-21 02:00:00+00:00,2.08,2.8083165
2025-09-21 03:00:00+00:00,3.23,3.6206458
2025-09-21 04:00:00+00:00,4.41,8.11641
2025-09-21 05:00:00+00:00,5.23,6.4865026
2025-09-21 06:00:00+00:00,3.01,4.519918
2025-09-21 07:00:00+00:00,1.31,-1.7855349
2025-09-21 08:00:00+00:00,0.0,-10.021624
2025-09-21 09:00:00+00:00,-0.09,-9.28731
2025-09-21 10:00:00+00:00,-1.2,-18.080853
2025-09-21 11:00:00+00:00,-2.02,-14.401071
2025-09-21 12:00:00+00:00,-1.31,-10.325206
2025-09-21 13:00:00+00:00,-0.01,-0.3985004
2025-09-21 14:00:00+00:00,9.47,11.857913
2025-09-21 15:00:00+00:00,85.18,52.143154
2025-09-21 16:00:00+00:00,113.96,110.97118
2025-09-21 17:00:00+00:00,120.57,129.46135
2025-09-21 18:00:00+00:00,118.84,114.44057
2025-09-21 19:00:00+00:00,104.68,103.248665
2025-09-21 20:00:00+00:00,96.35,94.71302
2025-09-21 21:00:00+00:00,91.68,80.54637
2025-09-21 22:00:00+00:00,87.33,77.77233
2025-09-21 23:00:00+00:00,83.57,74.30888
2025-09-22 00:00:00+00:00,79.21,72.74453
2025-09-22 01:00:00+00:00,79.21,70.65856
2025-09-22 02:00:00+00:00,80.35,75.382576
2025-09-22 03:00:00+00:00,93.59,79.82945
2025-09-22 04:00:00+00:00,118.69,104.15489
2025-09-22 05:00:00+00:00,130.0,130.51978
2025-09-22 06:00:00+00:00,130.0,126.70206
2025-09-22 07:00:00+00:00,108.57,111.95024
2025-09-22 08:00:00+00:00,91.82,88.47451
2025-09-22 09:00:00+00:00,77.86,77.97104
2025-09-22 10:00:00+00:00,74.04,67.061966
2025-09-22 11:00:00+00:00,71.17,63.234734
2025-09-22 12:00:00+00:00,70.23,67.25806
2025-09-22 13:00:00+00:00,78.39,75.373924
2025-09-22 14:00:00+00:00,84.79,85.54257
2025-09-22 15:00:00+00:00,100.13,96.44594
2025-09-22 16:00:00+00:00,128.08,116.31293
2025-09-22 17:00:00+00:00,140.92,135.76784
2025-09-22 18:00:00+00:00,130.0,125.40115
2025-09-22 19:00:00+00:00,114.24,112.17718
2025-09-22 20:00:00+00:00,97.72,102.09498
2025-09-22 21:00:00+00:00,89.99,90.80484
2025-09-22 22:00:00+00:00,88.6,85.77311
2025-09-22 23:00:00+00:00,90.0,85.79484
2025-09-23 00:00:00+00:00,89.73,86.749306
2025-09-23 01:00:00+00:00,89.93,87.18591
2025-09-23 02:00:00+00:00,91.34,88.85828
2025-09-23 03:00:00+00:00,98.11,93.862175
2025-09-23 04:00:00+00:00,122.01,113.20021
2025-09-23 05:00:00+00:00,172.36,141.13835
2025-09-23 06:00:00+00:00,162.8,156.62946
2025-09-23 07:00:00+00:00,125.76,135.98647
2025-09-23 08:00:00+00:00,93.92,105.22103
2025-09-23 09:00:00+00:00,85.51,83.581314
2025-09-23 10:00:00+00:00,77.54,77.093575
2025-09-23 11:00:00+00:00,74.24,70.48726
2025-09-23 12:00:00+00:00,74.25,71.787476
2025-09-23 13:00:00+00:00,84.11,80.639854
2025-09-23 14:00:00+00:00,85.76,93.45611
2025-09-23 15:00:00+00:00,102.9,103.58448
2025-09-23 16:00:00+00:00,136.83,129.27336
2025-09-23 17:00:00+00:00,149.58,148.18544
2025-09-23 18:00:00+00:00,115.81,132.08716
2025-09-23 19:00:00+00:00,94.0,100.39708
2025-09-23 20:00:00+00:00,84.91,87.58756
2025-09-23 21:00:00+00:00,84.1,79.25324
2025-09-23 22:00:00+00:00,82.67,75.92141
2025-09-23 23:00:00+00:00,82.32,74.77714
2025-09-24 00:00:00+00:00,81.61,77.76527
2025-09-24 01:00:00+00:00,77.95,75.75913
2025-09-24 02:00:00+00:00,78.59,75.87325
2025-09-24 03:00:00+00:00,82.67,80.505936
2025-09-24 04:00:00+00:00,109.76,97.51006
2025-09-24 05:00:00+00:00,118.01,124.95668
2025-09-24 06:00:00+00:00,120.45,117.18532
2025-09-24 07:00:00+00:00,107.0,102.18481
2025-09-24 08:00:00+00:00,85.54,87.51849
2025-09-24 09:00:00+00:00,70.09,68.397964
2025-09-24 10:00:00+00:00,27.1,51.691177
2025-09-24 11:00:00+00:00,10.66,16.729563
2025-09-24 12:00:00+00:00,9.9,12.289944
2025-09-24 13:00:00+00:00,15.0,20.567974
2025-09-24 14:00:00+00:00,66.1,36.60592
2025-09-24 15:00:00+00:00,85.69,85.53394
2025-09-24 16:00:00+00:00,113.08,104.87752
2025-09-24 17:00:00+00:00,115.93,121.04712
2025-09-24 18:00:00+00:00,113.95,101.41388
2025-09-24 19:00:00+00:00,91.29,92.61513
2025-09-24 20:00:00+00:00,85.5,77.635284
2025-09-24 21:00:00+00:00,69.68,69.33451
2025-09-24 22:00:00+00:00,73.3,47.576443
2025-09-24 23:00:00+00:00,69.69,47.71472
2025-09-25 00:00:00+00:00,67.81,52.163357
2025-09-25 01:00:00+00:00,68.09,52.48351
2025-09-25 02:00:00+00:00,71.69,54.776714
2025-09-25 03:00:00+00:00,77.33,65.44126
2025-09-25 04:00:00+00:00,108.55,90.018684
2025-09-25 05:00:00+00:00,124.26,121.990234
2025-09-25 06:00:00+00:00,124.99,123.768974
2025-09-25 07:00:00+00:00,104.88,109.26459
2025-09-25 08:00:00+00:00,77.95,86.81412
2025-09-25 09:00:00+00:00,69.24,67.188416
2025-09-25 10:00:00+00:00,38.18,55.2938
2025-09-25 11:00:00+00:00,16.03,32.442047
2025-09-25 12:00:00+00:00,20.1,21.112503
2025-09-25 13:00:00+00:00,43.66,29.635653
2025-09-25 14:00:00+00:00,75.0,54.044716
2025-09-25 15:00:00+00:00,88.79,90.6255
2025-09-25 16:00:00+00:00,117.04,108.08375
2025-09-25 17:00:00+00:00,121.47,127.27349
2025-09-25 18:00:00+00:00,123.75,107.55971
2025-09-25 19:00:00+00:00,105.83,103.18849
2025-09-25 20:00:00+00:00,94.77,93.520134
2025-09-25 21:00:00+00:00,81.09,84.144684
2025-09-25 22:00:00+00:00,78.48,72.35219
2025-09-25 23:00:00+00:00,75.0,71.44418
2025-09-26 00:00:00+00:00,73.17,71.601555
2025-09-26 01:00:00+00:00,73.18,70.77784
2025-09-26 02:00:00+00:00,74.93,72.79235
2025-09-26 03:00:00+00:00,82.0,79.81783
2025-09-26 04:00:00+00:00,107.74,102.25609
2025-09-26 05:00:00+00:00,120.33,130.82632
2025-09-26 06:00:00+00:00,123.56,129.9485
2025-09-26 07:00:00+00:00,110.41,111.22102
2025-09-26 08:00:00+00:00,89.84,91.60612
2025-09-26 09:00:00+00:00,85.36,78.49049
2025-09-26 10:00:00+00:00,78.96,74.33574
2025-09-26 11:00:00+00:00,73.16,69.75018
2025-09-26 12:00:00+00:00,75.05,67.30473
2025-09-26 13:00:00+00:00,79.99,76.542625
2025-09-26 14:00:00+00:00,98.81,85.101006
2025-09-26 15:00:00+00:00,109.8,109.669876
2025-09-26 16:00:00+00:00,123.65,128.45015
2025-09-26 17:00:00+00:00,133.02,129.44176
2025-09-26 18:00:00+00:00,119.61,125.43246
2025-09-26 19:00:00+00:00,106.21,101.657005
2025-09-26 20:00:00+00:00,96.9,96.19115
2025-09-26 21:00:00+00:00,89.9,88.129585
2025-09-26 22:00:00+00:00,84.99,83.77291
2025-09-26 23:00:00+00:00,83.26,80.26396
2025-09-27 00:00:00+00:00,82.7,80.60626
2025-09-27 01:00:00+00:00,82.51,80.80223
2025-09-27 02:00:00+00:00,85.28,81.49632
2025-09-27 03:00:00+00:00,89.19,84.6522
2025-09-27 04:00:00+00:00,90.57,91.252846
2025-09-27 05:00:00+00:00,105.45,96.45405
2025-09-27 06:00:00+00:00,109.71,107.63464
2025-09-27 07:00:00+00:00,96.92,99.37935
2025-09-27 08:00:00+00:00,87.86,84.72247
2025-09-27 09:00:00+00:00,75.0,77.74081
2025-09-27 10:00:00+00:00,59.77,67.67294
2025-09-27 11:00:00+00:00,36.11,57.313797
2025-09-27 12:00:00+00:00,48.54,41.59863
2025-09-27 13:00:00+00:00,78.22,58.33455
2025-09-27 14:00:00+00:00,93.1,86.85125
2025-09-27 15:00:00+00:00,112.01,108.65203
2025-09-27 16:00:00+00:00,133.35,134.85211
2025-09-27 17:00:00+00:00,148.61,143.62772
2025-09-27 18:00:00+00:00,122.53,135.40526
2025-09-27 19:00:00+00:00,114.4,107.39004
2025-09-27 20:00:00+00:00,107.56,104.139694
2025-09-27 21:00:00+00:00,99.54,99.85225
2025-09-27 22:00:00+00:00,97.56,93.11248
2025-09-27 23:00:00+00:00,95.31,92.475464
2025-09-28 00:00:00+00:00,94.32,90.31806
2025-09-28 01:00:00+00:00,91.47,90.85775
2025-09-28 02:00:00+00:00,97.77,89.637955
2025-09-28 03:00:00+00:00,97.58,95.25718
2025-09-28 04:00:00+00:00,100.91,99.069756
2025-09-28 05:00:00+00:00,105.79,106.20246
2025-09-28 06:00:00+00:00,98.77,105.31472
2025-09-28 07:00:00+00:00,95.04,89.96189
2025-09-28 08:00:00+00:00,82.08,78.5831
2025-09-28 09:00:00+00:00,37.47,64.102715
2025-09-28 10:00:00+00:00,17.11,26.55465
2025-09-28 11:00:00+00:00,8.53,11.150888
2025-09-28 12:00:00+00:00,13.0,8.715502
2025-09-28 13:00:00+00:00,61.33,31.58081
2025-09-28 14:00:00+00:00,86.0,77.27605
2025-09-28 15:00:00+00:00,105.89,107.56798
2025-09-28 16:00:00+00:00,131.02,142.59534
2025-09-28 17:00:00+00:00,137.97,144.41554
2025-09-28 18:00:00+00:00,125.93,128.06514
2025-09-28 19:00:00+00:00,113.51,111.396736
2025-09-28 20:00:00+00:00,102.29,103.526726
2025-09-28 21:00:00+00:00,95.74,97.70162
2025-09-28 22:00:00+00:00,90.95,92.75315
2025-09-28 23:00:00+00:00,88.76,90.184204
2025-09-29 00:00:00+00:00,87.88,88.142395
2025-09-29 01:00:00+00:00,87.94,88.21081
2025-09-29 02:00:00+00:00,88.31,89.85488
2025-09-29 03:00:00+00:00,98.37,94.91237
2025-09-29 04:00:00+00:00,134.98,124.887344
2025-09-29 05:00:00+00:00,222.1,172.36562
2025-09-29 06:00:00+00:00,166.91,203.38206
2025-09-29 07:00:00+00:00,122.06,141.9393
2025-09-29 08:00:00+00:00,90.21,101.517075
2025-09-29 09:00:00+00:00,84.95,83.710594
2025-09-29 10:00:00+00:00,78.71,77.59909
2025-09-29 11:00:00+00:00,77.08,72.775154
2025-09-29 12:00:00+00:00,83.33,77.88021
2025-09-29 13:00:00+00:00,87.4,90.72654
2025-09-29 14:00:00+00:00,99.98,97.286705
2025-09-29 15:00:00+00:00,140.79,126.20357
2025-09-29 16:00:00+00:00,302.65,179.94058
2025-09-29 17:00:00+00:00,406.78,324.99158
2025-09-29 18:00:00+00:00,167.6,322.4928
2025-09-29 19:00:00+00:00,123.85,140.3958
2025-09-29 20:00:00+00:00,108.3,111.9556
2025-09-29 21:00:00+00:00,93.68,99.71887
2025-09-29 22:00:00+00:00,101.1,92.01466
2025-09-29 23:00:00+00:00,98.43,98.48314
2025-09-30 00:00:00+00:00,98.93,96.3378
2025-09-30 01:00:00+00:00,94.99,97.63223
2025-09-30 02:00:00+00:00,99.12,94.972595
2025-09-30 03:00:00+00:00,112.08,105.75168
2025-09-30 04:00:00+00:00,141.86,140.62967
2025-09-30 05:00:00+00:00,244.0,201.07382
2025-09-30 06:00:00+00:00,209.23,241.62167
2025-09-30 07:00:00+00:00,141.85,182.93864
2025-09-30 08:00:00+00:00,115.2,119.16967
2025-09-30 09:00:00+00:00,96.72,99.50617
2025-09-30 10:00:00+00:00,87.91,85.94804
2025-09-30 11:00:00+00:00,86.04,81.96626
2025-09-30 12:00:00+00:00,87.26,83.80811
2025-09-30 13:00:00+00:00,96.8,95.85034
2025-09-30 14:00:00+00:00,104.03,114.557434
2025-09-30 15:00:00+00:00,142.64,146.17593
2025-09-30 16:00:00+00:00,294.54,203.52147
2025-09-30 17:00:00+00:00,357.77,305.3155
2025-09-30 18:00:00+00:00,147.28,299.66608
2025-09-30 19:00:00+00:00,116.04,128.26407
2025-09-30 20:00:00+00:00,101.63,108.50892
2025-09-30 21:00:00+00:00,92.54,96.02685
2025-09-30 22:00:00+00:00,91.565,92.81362
2025-09-30 23:00:00+00:00,86.285,91.436676
2025-10-01 00:00:00+00:00,84.8725,85.82044
2025-10-01 01:00:00+00:00,88.325,87.5995
2025-10-01 02:00:00+00:00,87.655,91.78526
2025-10-01 03:00:00+00:00,95.3275,99.25938
2025-10-01 04:00:00+00:00,124.96,122.00804
2025-10-01 05:00:00+00:00,173.29999999999998,161.67003
2025-10-01 06:00:00+00:00,139.0875,170.6165
2025-10-01 07:00:00+00:00,105.25,120.07248
2025-10-01 08:00:00+00:00,86.035,87.69602
2025-10-01 09:00:00+00:00,70.5675,75.14003
2025-10-01 10:00:00+00:00,66.025,59.99624
2025-10-01 11:00:00+00:00,68.4,55.509506
2025-10-01 12:00:00+00:00,72.6275,66.549835
2025-10-01 13:00:00+00:00,81.7225,85.56696
2025-10-01 14:00:00+00:00,92.87,100.45671
2025-10-01 15:00:00+00:00,135.39999999999998,128.92894
2025-10-01 16:00:00+00:00,253.2375,186.1933
2025-10-01 17:00:00+00:00,339.9925,268.42813
2025-10-01 18:00:00+00:00,152.0225,223.07768
2025-10-01 19:00:00+00:00,113.035,126.95327
2025-10-01 20:00:00+00:00,98.51,102.96124
2025-10-01 21:00:00+00:00,90.6475,92.93887
2025-10-01 22:00:00+00:00,90.805,88.08172
2025-10-01 23:00:00+00:00,88.0,88.15705
2025-10-02 00:00:00+00:00,86.52499999999999,86.218025
2025-10-02 01:00:00+00:00,88.56,86.39914
2025-10-02 02:00:00+00:00,90.8075,90.396286
2025-10-02 03:00:00+00:00,95.9725,96.86953
2025-10-02 04:00:00+00:00,128.72,117.12555
2025-10-02 05:00:00+00:00,181.0875,156.23303
2025-10-02 06:00:00+00:00,136.67749999999998,169.25813
2025-10-02 07:00:00+00:00,100.505,116.06347
2025-10-02 08:00:00+00:00,91.48,85.63803
2025-10-02 09:00:00+00:00,78.285,77.223
2025-10-02 10:00:00+00:00,65.77,58.006718
2025-10-02 11:00:00+00:00,60.5,46.142696
2025-10-02 12:00:00+00:00,71.28999999999999,53.295357
2025-10-02 13:00:00+00:00,80.6625,80.176254
2025-10-02 14:00:00+00:00,91.445,96.29451
2025-10-02 15:00:00+00:00,113.32,126.90502
2025-10-02 16:00:00+00:00,167.925,166.59839
2025-10-02 17:00:00+00:00,176.8375,194.1895
2025-10-02 18:00:00+00:00,109.92,158.6014
2025-10-02 19:00:00+00:00,90.855,102.641655
2025-10-02 20:00:00+00:00,96.6575,90.25441
2025-10-02 21:00:00+00:00,82.0925,89.20378
2025-10-02 22:00:00+00:00,85.9325,77.21521
2025-10-02 23:00:00+00:00,77.14,79.45222
2025-10-03 00:00:00+00:00,71.75,72.36367
2025-10-03 01:00:00+00:00,73.9075,67.23611
2025-10-03 02:00:00+00:00,76.2875,69.49377
2025-10-03 03:00:00+00:00,77.98,76.42606
2025-10-03 04:00:00+00:00,93.78,83.52056
2025-10-03 05:00:00+00:00,100.4175,100.44812
2025-10-03 06:00:00+00:00,103.68,97.93258
2025-10-03 07:00:00+00:00,83.9025,77.92594
2025-10-03 08:00:00+00:00,59.9975,56.636646
2025-10-03 09:00:00+00:00,40.5025,35.134647
2025-10-03 10:00:00+00:00,26.3525,18.423697
2025-10-03 11:00:00+00:00,16.502499999999998,5.733241
2025-10-03 12:00:00+00:00,26.2025,10.6768675
2025-10-03 13:00:00+00:00,49.8825,22.39076
2025-10-03 14:00:00+00:00,63.3925,49.160275
2025-10-03 15:00:00+00:00,89.9,79.63616
2025-10-03 16:00:00+00:00,120.76,103.06445
2025-10-03 17:00:00+00:00,109.01,117.613174
2025-10-03 18:00:00+00:00,75.03999999999999,101.624115
2025-10-03 19:00:00+00:00,43.4425,57.266163
2025-10-03 20:00:00+00:00,25.4025,27.351242
2025-10-03 21:00:00+00:00,11.1075,12.25941
2025-10-03 22:00:00+00:00,0.7250000000000001,3.341833
2025-10-03 23:00:00+00:00,-0.01,-5.6841874
2025-10-04 00:00:00+00:00,-0.0425,-6.283401
2025-10-04 01:00:00+00:00,-0.0975,-5.684253
2025-10-04 02:00:00+00:00,-1.1275,-5.180978
2025-10-04 03:00:00+00:00,-1.905,-7.080708
2025-10-04 04:00:00+00:00,-1.915,-2.2313552
2025-10-04 05:00:00+00:00,-0.775,-3.1947749
2025-10-04 06:00:00+00:00,-0.3,-4.624263
2025-10-04 07:00:00+00:00,-0.1625,-3.4063735
2025-10-04 08:00:00+00:00,-0.09,-5.2353315
2025-10-04 09:00:00+00:00,-0.0975,-7.232772
2025-10-04 10:00:00+00:00,-0.08,-7.564364
2025-10-04 11:00:00+00:00,-0.44,-6.169683
2025-10-04 12:00:00+00:00,-2.045,-6.9059424
2025-10-04 13:00:00+00:00,-2.605,-0.9216095
2025-10-04 14:00:00+00:00,-0.095,4.1110125
2025-10-04 15:00:00+00:00,-0.0925,11.237806
2025-10-04 16:00:00+00:00,1.105,8.876373
2025-10-04 17:00:00+00:00,3.23,7.1092396
2025-10-04 18:00:00+00:00,0.3225,1.6858582
2025-10-04 19:00:00+00:00,-0.0949999999999999,-1.0938419
2025-10-04 20:00:00+00:00,-0.0525,-1.5599893
2025-10-04 21:00:00+00:00,-0.3425,-2.1838095
2025-10-04 22:00:00+00:00,-0.7475,-6.549463
2025-10-04 23:00:00+00:00,-1.4025,-7.2587094
2025-10-05 00:00:00+00:00,-4.19,-9.50421
2025-10-05 01:00:00+00:00,-4.3775,-14.172839
2025-10-05 02:00:00+00:00,-4.98,-9.232074
2025-10-05 03:00:00+00:00,-4.4575,-8.51222
2025-10-05 04:00:00+00:00,-3.76,-6.8817725
2025-10-05 05:00:00+00:00,-1.505,-5.9547577
2025-10-05 06:00:00+00:00,-0.0875,-4.0962334
2025-10-05 07:00:00+00:00,-1.3925,-5.564733
2025-10-05 08:00:00+00:00,-3.33,-10.715181
2025-10-05 09:00:00+00:00,-2.0175,-12.970518
2025-10-05 10:00:00+00:00,-3.415,-17.026918
2025-10-05 11:00:00+00:00,-3.3875,-15.34839
2025-10-05 12:00:00+00:00,-2.9425,-13.63266
2025-10-05 13:00:00+00:00,-2.3925,-10.682212
2025-10-05 14:00:00+00:00,-0.6875,1.2327223
2025-10-05 15:00:00+00:00,0.8525,4.6249924
2025-10-05 16:00:00+00:00,16.0825,18.82524
2025-10-05 17:00:00+00:00,35.0475,24.376425
2025-10-05 18:00:00+00:00,19.83,24.404486
2025-10-05 19:00:00+00:00,5.4775,14.044751
2025-10-05 20:00:00+00:00,5.202500000000001,6.211247
2025-10-05 21:00:00+00:00,4.075,5.4342093
2025-10-05 22:00:00+00:00,20.845,3.5735443
2025-10-05 23:00:00+00:00,10.0475,10.849307
2025-10-06 00:00:00+00:00,9.1025,5.2967257
2025-10-06 01:00:00+00:00,10.7325,4.392502
2025-10-06 02:00:00+00:00,16.8,7.911197
2025-10-06 03:00:00+00:00,22.6025,15.506614
2025-10-06 04:00:00+00:00,68.585,43.158897
2025-10-06 05:00:00+00:00,105.0525,94.10264
2025-10-06 06:00:00+00:00,121.7675,118.19064
2025-10-06 07:00:00+00:00,121.1175,110.05269
2025-10-06 08:00:00+00:00,100.5275,102.85551
2025-10-06 09:00:00+00:00,89.3025,88.93645
2025-10-06 10:00:00+00:00,87.325,82.96099
2025-10-06 11:00:00+00:00,84.5975,82.20812
2025-10-06 12:00:00+00:00,92.3275,84.70014
2025-10-06 13:00:00+00:00,94.5475,94.88937
2025-10-06 14:00:00+00:00,104.7725,107.24393
2025-10-06 15:00:00+00:00,120.29,132.08147
2025-10-06 16:00:00+00:00,141.5875,157.1621
2025-10-06 17:00:00+00:00,168.315,161.18729
2025-10-06 18:00:00+00:00,133.6775,146.50952
2025-10-06 19:00:00+00:00,120.2025,112.70386
2025-10-06 20:00:00+00:00,118.665,106.808914
2025-10-06 21:00:00+00:00,105.5,104.44496
2025-10-06 22:00:00+00:00,100.2625,97.42413
2025-10-06 23:00:00+00:00,93.9875,95.539566
2025-10-07 00:00:00+00:00,89.8175,94.6591
2025-10-07 01:00:00+00:00,89.55,90.79554
2025-10-07 02:00:00+00:00,92.975,93.199425
2025-10-07 03:00:00+00:00,96.74,100.455124
2025-10-07 04:00:00+00:00,134.885,112.93155
2025-10-07 05:00:00+00:00,228.555,179.02748
2025-10-07 06:00:00+00:00,287.67,243.5818
2025-10-07 07:00:00+00:00,212.1825,220.64998
2025-10-07 08:00:00+00:00,154.66,172.02162
2025-10-07 09:00:00+00:00,129.9075,130.34094
2025-10-07 10:00:00+00:00,110.94,115.10922
2025-10-07 11:00:00+00:00,106.1825,104.03425
2025-10-07 12:00:00+00:00,105.3525,105.88625
2025-10-07 13:00:00+00:00,113.16,112.80271
2025-10-07 14:00:00+00:00,122.105,124.92174
2025-10-07 15:00:00+00:00,151.84,154.33467
2025-10-07 16:00:00+00:00,202.4175,184.91629
2025-10-07 17:00:00+00:00,213.28,227.47731
2025-10-07 18:00:00+00:00,146.34,186.10399
2025-10-07 19:00:00+00:00,123.2425,123.74303
2025-10-07 20:00:00+00:00,107.4225,112.895905
2025-10-07 21:00:00+00:00,97.4825,100.889824
2025-10-07 22:00:00+00:00,93.4525,97.31911
2025-10-07 23:00:00+00:00,88.4375,93.26309
2025-10-08 00:00:00+00:00,87.56,88.06854
2025-10-08 01:00:00+00:00,86.975,87.50831
2025-10-08 02:00:00+00:00,89.6725,88.885254
2025-10-08 03:00:00+00:00,97.395,97.41073
2025-10-08 04:00:00+00:00,117.1075,122.276184
2025-10-08 05:00:00+00:00,155.58,162.60771
2025-10-08 06:00:00+00:00,166.395,184.33244
2025-10-08 07:00:00+00:00,135.17499999999998,153.82751
2025-10-08 08:00:00+00:00,118.445,123.125084
2025-10-08 09:00:00+00:00,103.325,112.66616
2025-10-08 10:00:00+00:00,90.8225,99.58932
2025-10-08 11:00:00+00:00,89.33500000000001,89.97573
2025-10-08 12:00:00+00:00,90.4425,92.75386
2025-10-08 13:00:00+00:00,99.4275,99.88397
2025-10-08 14:00:00+00:00,117.465,112.34142
2025-10-08 15:00:00+00:00,149.48000000000002,151.92621
2025-10-08 16:00:00+00:00,183.8075,191.5096
2025-10-08 17:00:00+00:00,199.0025,212.31207
2025-10-08 18:00:00+00:00,141.695,164.03021
2025-10-08 19:00:00+00:00,114.74,125.920845
2025-10-08 20:00:00+00:00,108.24,105.110085
2025-10-08 21:00:00+00:00,97.8325,101.25357
2025-10-08 22:00:00+00:00,97.215,95.88399
2025-10-08 23:00:00+00:00,92.5825,96.04005
2025-10-09 00:00:00+00:00,93.2625,93.41574
2025-10-09 01:00:00+00:00,90.8175,94.30498
2025-10-09 02:00:00+00:00,92.7,93.098724
2025-10-09 03:00:00+00:00,101.1525,99.315704
2025-10-09 04:00:00+00:00,125.58,123.60221
2025-10-09 05:00:00+00:00,145.0,165.08264
2025-10-09 06:00:00+00:00,149.9,160.83275
2025-10-09 07:00:00+00:00,132.4875,137.76634
2025-10-09 08:00:00+00:00,109.6875,113.42582
2025-10-09 09:00:00+00:00,96.9625,99.27757
2025-10-09 10:00:00+00:00,91.0225,91.56736
2025-10-09 11:00:00+00:00,83.3525,88.398605
2025-10-09 12:00:00+00:00,83.2,85.51228
2025-10-09 13:00:00+00:00,88.8275,89.73746
2025-10-09 14:00:00+00:00,92.075,101.17241
2025-10-09 15:00:00+00:00,110.01,113.78564
2025-10-09 16:00:00+00:00,122.9075,138.49948
2025-10-09 17:00:00+00:00,123.1125,134.45154
2025-10-09 18:00:00+00:00,112.3625,118.19777
2025-10-09 19:00:00+00:00,98.0925,97.64104
2025-10-09 20:00:00+00:00,96.8325,91.12673
2025-10-09 21:00:00+00:00,88.7,88.63674
2025-10-09 22:00:00+00:00,88.01,81.56765
2025-10-09 23:00:00+00:00,84.9675,80.98492
2025-10-10 00:00:00+00:00,80.0875,80.3247
2025-10-10 01:00:00+00:00,78.285,79.26525
2025-10-10 02:00:00+00:00,79.21000000000001,78.28304
2025-10-10 03:00:00+00:00,86.0725,83.46372
2025-10-10 04:00:00+00:00,102.6375,98.78244
2025-10-10 05:00:00+00:00,119.325,123.72381
2025-10-10 06:00:00+00:00,122.6125,130.65028
2025-10-10 07:00:00+00:00,107.765,115.77411
2025-10-10 08:00:00+00:00,93.0075,96.31907
2025-10-10 09:00:00+00:00,82.1175,88.96131
2025-10-10 10:00:00+00:00,77.5325,82.362724
2025-10-10 11:00:00+00:00,75.69,76.96359
2025-10-10 12:00:00+00:00,77.2575,76.51068
2025-10-10 13:00:00+00:00,88.89500000000001,80.7033
2025-10-10 14:00:00+00:00,97.8575,93.137314
2025-10-10 15:00:00+00:00,118.2,108.78046
2025-10-10 16:00:00+00:00,120.605,131.35872
2025-10-10 17:00:00+00:00,123.29,126.72501
2025-10-10 18:00:00+00:00,115.39,113.296684
2025-10-10 19:00:00+00:00,103.915,100.034935
2025-10-10 20:00:00+00:00,97.7375,95.71508
2025-10-10 21:00:00+00:00,93.35,90.71564
2025-10-10 22:00:00+00:00,92.9675,86.796776
2025-10-10 23:00:00+00:00,88.83500000000001,86.45668
2025-10-11 00:00:00+00:00,87.3875,83.15558
2025-10-11 01:00:00+00:00,84.175,82.28419
2025-10-11 02:00:00+00:00,82.0275,81.34674
2025-10-11 03:00:00+00:00,84.755,81.951485
2025-10-11 04:00:00+00:00,90.265,86.26472
2025-10-11 05:00:00+00:00,96.7525,96.37201
2025-10-11 06:00:00+00:00,100.4,97.28758
2025-10-11 07:00:00+00:00,92.96,95.84164
2025-10-11 08:00:00+00:00,82.4325,86.31605
2025-10-11 09:00:00+00:00,74.02,77.43659
2025-10-11 10:00:00+00:00,55.4175,67.87281
2025-10-11 11:00:00+00:00,46.7725,52.902992
2025-10-11 12:00:00+00:00,51.03,49.029846
2025-10-11 13:00:00+00:00,76.9425,58.830257
2025-10-11 14:00:00+00:00,83.65,86.586975
2025-10-11 15:00:00+00:00,114.005,99.478325
2025-10-11 16:00:00+00:00,126.4375,128.5522
2025-10-11 17:00:00+00:00,130.1725,131.79768
2025-10-11 18:00:00+00:00,120.635,121.054794
2025-10-11 19:00:00+00:00,112.545,107.45549
2025-10-11 20:00:00+00:00,106.9075,102.76706
2025-10-11 21:00:00+00:00,95.0975,98.20427
2025-10-11 22:00:00+00:00,96.1775,90.00024
2025-10-11 23:00:00+00:00,92.1675,90.1897
2025-10-12 00:00:00+00:00,88.86,88.67699
2025-10-12 01:00:00+00:00,85.13,84.98049
2025-10-12 02:00:00+00:00,86.4125,83.65663
2025-10-12 03:00:00+00:00,86.6575,85.450424
2025-10-12 04:00:00+00:00,88.3,85.47081
2025-10-12 05:00:00+00:00,89.1725,89.89066
2025-10-12 06:00:00+00:00,88.66,92.63773
2025-10-12 07:00:00+00:00,83.0625,85.467155
2025-10-12 08:00:00+00:00,76.205,79.72341
2025-10-12 09:00:00+00:00,71.9,72.44642
2025-10-12 10:00:00+00:00,66.8875,66.060265
2025-10-12 11:00:00+00:00,52.16,62.0468
2025-10-12 12:00:00+00:00,62.475,55.87877
2025-10-12 13:00:00+00:00,79.985,70.02586
2025-10-12 14:00:00+00:00,88.0025,90.79329
2025-10-12 15:00:00+00:00,105.55,102.91296
2025-10-12 16:00:00+00:00,108.9,123.99104
2025-10-12 17:00:00+00:00,116.64,121.9406
2025-10-12 18:00:00+00:00,115.5275,116.96632
2025-10-12 19:00:00+00:00,110.4475,106.981064
2025-10-12 20:00:00+00:00,107.79,102.00761
2025-10-12 21:00:00+00:00,93.445,100.14398
2025-10-12 22:00:00+00:00,93.4525,92.39299
2025-10-12 23:00:00+00:00,90.26,92.02304
2025-10-13 00:00:00+00:00,90.8325,90.990746
2025-10-13 01:00:00+00:00,89.1225,92.32246
2025-10-13 02:00:00+00:00,93.4525,92.180595
2025-10-13 03:00:00+00:00,98.095,98.481224
2025-10-13 04:00:00+00:00,131.41,113.80931
2025-10-13 05:00:00+00:00,218.6375,163.81126
2025-10-13 06:00:00+00:00,199.5575,226.40814
2025-10-13 07:00:00+00:00,150.185,183.84491
2025-10-13 08:00:00+00:00,125.0975,128.16069
2025-10-13 09:00:00+00:00,110.0,114.963844
2025-10-13 10:00:00+00:00,95.1,104.82452
2025-10-13 11:00:00+00:00,89.8575,94.22269
2025-10-13 12:00:00+00:00,92.0975,92.06023
2025-10-13 13:00:00+00:00,101.8425,101.16269
2025-10-13 14:00:00+00:00,117.9025,114.51452
2025-10-13 15:00:00+00:00,180.6,149.81752
2025-10-13 16:00:00+00:00,305.74,232.56956
2025-10-13 17:00:00+00:00,306.575,345.05298
2025-10-13 18:00:00+00:00,186.9525,227.13916
2025-10-13 19:00:00+00:00,137.175,157.31808
2025-10-13 20:00:00+00:00,121.9875,123.168526
2025-10-13 21:00:00+00:00,111.275,109.777824
2025-10-13 22:00:00+00:00,109.1825,106.01976
2025-10-13 23:00:00+00:00,103.015,104.05315
2025-10-14 00:00:00+00:00,99.52,100.06717
2025-10-14 01:00:00+00:00,98.8675,97.48228
2025-10-14 02:00:00+00:00,100.0475,99.674675
2025-10-14 03:00:00+00:00,101.4475,105.734245
2025-10-14 04:00:00+00:00,123.2925,124.67909
2025-10-14 05:00:00+00:00,160.195,178.15445
2025-10-14 06:00:00+00:00,190.82,198.37682
2025-10-14 07:00:00+00:00,156.445,180.17526
2025-10-14 08:00:00+00:00,134.725,136.74811
2025-10-14 09:00:00+00:00,119.845,115.18137
2025-10-14 10:00:00+00:00,107.6475,104.65423
2025-10-14 11:00:00+00:00,102.9975,97.500114
2025-10-14 12:00:00+00:00,105.265,98.34201
2025-10-14 13:00:00+00:00,122.275,111.20188
2025-10-14 14:00:00+00:00,146.6,135.44382
2025-10-14 15:00:00+00:00,219.195,183.3575
2025-10-14 16:00:00+00:00,404.9575,296.64203
2025-10-14 17:00:00+00:00,407.205,432.95407
2025-10-14 18:00:00+00:00,225.48,351.87415
2025-10-14 19:00:00+00:00,163.04,184.50208
2025-10-14 20:00:00+00:00,129.85750000000002,137.15605
2025-10-14 21:00:00+00:00,115.36,116.73286
2025-10-14 22:00:00+00:00,115.4625,109.158325
2025-10-14 23:00:00+00:00,111.865,110.834526
2025-10-15 00:00:00+00:00,107.68,109.40667
2025-10-15 01:00:00+00:00,103.6175,106.27162
2025-10-15 02:00:00+00:00,106.48,105.75217
2025-10-15 03:00:00+00:00,114.3975,109.96798
2025-10-15 04:00:00+00:00,151.96,132.75244
2025-10-15 05:00:00+00:00,278.74,199.12114
2025-10-15 06:00:00+00:00,276.1975,303.1966
2025-10-15 07:00:00+00:00,181.0525,244.9991
2025-10-15 08:00:00+00:00,142.3575,154.08508
2025-10-15 09:00:00+00:00,126.105,123.19093
2025-10-15 10:00:00+00:00,119.425,112.19929
2025-10-15 11:00:00+00:00,112.8775,109.90124
2025-10-15 12:00:00+00:00,115.3925,108.34522
2025-10-15 13:00:00+00:00,122.6425,120.97953
2025-10-15 14:00:00+00:00,135.6925,140.1795
2025-10-15 15:00:00+00:00,170.0,184.67459
2025-10-15 16:00:00+00:00,221.8775,221.44711
2025-10-15 17:00:00+00:00,220.0,237.30356
2025-10-15 18:00:00+00:00,152.845,193.22446
2025-10-15 19:00:00+00:00,124.3425,130.59901
2025-10-15 20:00:00+00:00,98.21,115.92319
2025-10-15 21:00:00+00:00,88.17,96.61565
2025-10-15 22:00:00+00:00,88.16499999999999,90.78216
2025-10-15 23:00:00+00:00,85.8075,89.96861
2025-10-16 00:00:00+00:00,88.0,85.70142
2025-10-16 01:00:00+00:00,86.655,88.080376
2025-10-16 02:00:00+00:00,88.335,90.31236
2025-10-16 03:00:00+00:00,85.045,99.005554
2025-10-16 04:00:00+00:00,96.1925,113.12112
2025-10-16 05:00:00+00:00,116.1225,128.86256
2025-10-16 06:00:00+00:00,132.76749999999998,144.80518
2025-10-16 07:00:00+00:00,119.93,134.79991
2025-10-16 08:00:00+00:00,92.2375,113.04235
2025-10-16 09:00:00+00:00,88.3075,91.79188
2025-10-16 10:00:00+00:00,83.4025,87.474144
2025-10-16 11:00:00+00:00,81.47500000000001,83.06899
2025-10-16 12:00:00+00:00,82.98,86.73279
2025-10-16 13:00:00+00:00,83.0275,92.23863
2025-10-16 14:00:00+00:00,89.0275,99.104004
2025-10-16 15:00:00+00:00,120.915,116.141655
2025-10-16 16:00:00+00:00,130.0,148.96362
2025-10-16 17:00:00+00:00,140.59,141.51097
2025-10-16 18:00:00+00:00,125.595,130.04454
2025-10-16 19:00:00+00:00,102.2325,110.65155
2025-10-16 20:00:00+00:00,99.855,98.01833
2025-10-16 21:00:00+00:00,93.3625,94.56105
2025-10-16 22:00:00+00:00,88.14750000000001,90.5045
2025-10-16 23:00:00+00:00,88.3125,85.86755
2025-10-17 00:00:00+00:00,89.0575,85.35199
2025-10-17 01:00:00+00:00,88.4575,87.39688
2025-10-17 02:00:00+00:00,90.5875,87.918785
2025-10-17 03:00:00+00:00,94.51,94.54054
2025-10-17 04:00:00+00:00,107.91,105.65894
2025-10-17 05:00:00+00:00,129.485,128.77411
2025-10-17 06:00:00+00:00,144.835,140.44559
2025-10-17 07:00:00+00:00,129.02,133.38167
2025-10-17 08:00:00+00:00,117.18,111.33721
2025-10-17 09:00:00+00:00,99.0375,105.660965
2025-10-17 10:00:00+00:00,88.14,93.02543
2025-10-17 11:00:00+00:00,86.7175,84.07246
2025-10-17 12:00:00+00:00,87.805,86.4952
2025-10-17 13:00:00+00:00,88.6425,91.15954
2025-10-17 14:00:00+00:00,95.0,97.31858
2025-10-17 15:00:00+00:00,117.1675,110.7467
2025-10-17 16:00:00+00:00,129.31,134.28526
2025-10-17 17:00:00+00:00,130.69,136.86049
2025-10-17 18:00:00+00:00,116.9875,123.55798
2025-10-17 19:00:00+00:00,104.055,105.26538
2025-10-17 20:00:00+00:00,102.1825,99.67948
2025-10-17 21:00:00+00:00,92.4975,98.12394
2025-10-17 22:00:00+00:00,94.615,90.972176
2025-10-17 23:00:00+00:00,89.86,90.980415
2025-10-18 00:00:00+00:00,89.8125,87.90605
2025-10-18 01:00:00+00:00,88.33500000000001,88.47456
2025-10-18 02:00:00+00:00,88.35,88.40989
2025-10-18 03:00:00+00:00,88.315,89.31421
2025-10-18 04:00:00+00:00,91.955,92.83564
2025-10-18 05:00:00+00:00,109.4725,103.21913
2025-10-18 06:00:00+00:00,114.545,124.0604
2025-10-18 07:00:00+00:00,102.2425,108.25472
2025-10-18 08:00:00+00:00,91.4675,92.08336
2025-10-18 09:00:00+00:00,80.7875,80.98825
2025-10-18 10:00:00+00:00,73.94,67.36562
2025-10-18 11:00:00+00:00,67.5325,59.54038
2025-10-18 12:00:00+00:00,72.2975,60.674953
2025-10-18 13:00:00+00:00,83.5,76.65123
2025-10-18 14:00:00+00:00,96.55,90.10256
2025-10-18 15:00:00+00:00,120.64,114.39034
2025-10-18 16:00:00+00:00,133.235,140.51904
2025-10-18 17:00:00+00:00,124.8225,141.17885
2025-10-18 18:00:00+00:00,112.995,115.92467
2025-10-18 19:00:00+00:00,92.5525,103.02733
2025-10-18 20:00:00+00:00,95.5775,92.2503
2025-10-18 21:00:00+00:00,94.355,91.01077
2025-10-18 22:00:00+00:00,92.3425,88.01188
2025-10-18 23:00:00+00:00,87.58500000000001,86.11041
2025-10-19 00:00:00+00:00,82.2925,80.72936
2025-10-19 01:00:00+00:00,82.14,77.4924
2025-10-19 02:00:00+00:00,83.2125,79.28451
2025-10-19 03:00:00+00:00,83.4975,80.43104
2025-10-19 04:00:00+00:00,85.25,80.95903
2025-10-19 05:00:00+00:00,85.255,85.996605
2025-10-19 06:00:00+00:00,87.1575,86.46135
2025-10-19 07:00:00+00:00,78.4325,76.54522
2025-10-19 08:00:00+00:00,69.6375,57.96068
2025-10-19 09:00:00+00:00,60.3,42.633057
2025-10-19 10:00:00+00:00,34.567499999999995,39.66687
2025-10-19 11:00:00+00:00,20.295,18.55485
2025-10-19 12:00:00+00:00,36.2175,12.844275
2025-10-19 13:00:00+00:00,66.77250000000001,32.081165
2025-10-19 14:00:00+00:00,89.93,73.08666
2025-10-19 15:00:00+00:00,106.0725,103.360435
2025-10-19 16:00:00+00:00,107.6875,115.850334
2025-10-19 17:00:00+00:00,85.62,105.06763
2025-10-19 18:00:00+00:00,75.5025,75.332855
2025-10-19 19:00:00+00:00,73.15,62.460575
2025-10-19 20:00:00+00:00,74.74249999999999,63.451458
2025-10-19 21:00:00+00:00,60.855,56.833603
2025-10-19 22:00:00+00:00,70.03750000000001,45.421
2025-10-19 23:00:00+00:00,63.975,51.824116
2025-10-20 00:00:00+00:00,60.98,54.4799
2025-10-20 01:00:00+00:00,60.0025,51.562256
2025-10-20 02:00:00+00:00,60.6025,56.844982
2025-10-20 03:00:00+00:00,74.81,64.07279
2025-10-20 04:00:00+00:00,76.2525,87.90107
2025-10-20 05:00:00+00:00,91.8675,103.195435
2025-10-20 06:00:00+00:00,125.0975,110.561005
2025-10-20 07:00:00+00:00,92.185,119.786674
2025-10-20 08:00:00+00:00,73.15,86.26804
2025-10-20 09:00:00+00:00,69.935,66.31641
2025-10-20 10:00:00+00:00,60.2875,65.29801
2025-10-20 11:00:00+00:00,65.27250000000001,59.2489
2025-10-20 12:00:00+00:00,76.08500000000001,64.85495
2025-10-20 13:00:00+00:00,97.14,83.29624
2025-10-20 14:00:00+00:00,119.51,103.742836
2025-10-20 15:00:00+00:00,131.1225,129.19852
2025-10-20 16:00:00+00:00,125.09,142.19714
2025-10-20 17:00:00+00:00,103.0,136.04501
2025-10-20 18:00:00+00:00,82.29,97.68039
2025-10-20 19:00:00+00:00,76.2525,73.40926
2025-10-20 20:00:00+00:00,68.3775,65.813354
2025-10-20 21:00:00+00:00,51.0,51.931683
2025-10-20 22:00:00+00:00,61.48,32.668896
2025-10-20 23:00:00+00:00,43.8325,42.476406
2025-10-21 00:00:00+00:00,33.0725,32.848106
2025-10-21 01:00:00+00:00,22.2775,22.53225
2025-10-21 02:00:00+00:00,25.9125,17.635885
2025-10-21 03:00:00+00:00,47.46,24.329903
2025-10-21 04:00:00+00:00,75.095,60.79333
2025-10-21 05:00:00+00:00,88.1225,90.42597
2025-10-21 06:00:00+00:00,91.5825,96.61158
2025-10-21 07:00:00+00:00,84.7175,84.04602
2025-10-21 08:00:00+00:00,74.27,72.47984
2025-10-21 09:00:00+00:00,65.1125,45.73729
2025-10-21 10:00:00+00:00,47.455,43.70594
2025-10-21 11:00:00+00:00,31.5825,25.380745
2025-10-21 12:00:00+00:00,33.06,17.658981
2025-10-21 13:00:00+00:00,60.23,40.568058
2025-10-21 14:00:00+00:00,68.2025,75.60931
2025-10-21 15:00:00+00:00,100.0,88.68963
2025-10-21 16:00:00+00:00,121.8,118.41578
2025-10-21 17:00:00+00:00,115.385,123.592186
2025-10-21 18:00:00+00:00,99.6725,109.59753
2025-10-21 19:00:00+00:00,81.055,90.21484
2025-10-21 20:00:00+00:00,81.68,76.825165
2025-10-21 21:00:00+00:00,74.33,76.22825
2025-10-21 22:00:00+00:00,87.8375,68.68283
2025-10-21 23:00:00+00:00,87.4925,79.717674
2025-10-22 00:00:00+00:00,85.405,83.03628
2025-10-22 01:00:00+00:00,89.3475,82.24386
2025-10-22 02:00:00+00:00,89.5025,87.57736
2025-10-22 03:00:00+00:00,90.175,91.99509
2025-10-22 04:00:00+00:00,99.3925,107.008385
2025-10-22 05:00:00+00:00,100.1825,130.25243
2025-10-22 06:00:00+00:00,113.7575,126.48651
2025-10-22 07:00:00+00:00,125.7175,120.348595
2025-10-22 08:00:00+00:00,105.7275,120.459694
2025-10-22 09:00:00+00:00,91.215,102.55525
2025-10-22 10:00:00+00:00,87.1,93.19917
2025-10-22 11:00:00+00:00,86.0,87.261055
2025-10-22 12:00:00+00:00,93.46,89.75675
2025-10-22 13:00:00+00:00,110.655,98.90734
2025-10-22 14:00:00+00:00,135.0,125.22363
2025-10-22 15:00:00+00:00,198.0525,157.87836
2025-10-22 16:00:00+00:00,296.4825,227.89032
2025-10-22 17:00:00+00:00,279.76,324.13214
2025-10-22 18:00:00+00:00,185.31,207.0319
2025-10-22 19:00:00+00:00,133.9475,152.77647
2025-10-22 20:00:00+00:00,122.065,122.59168
2025-10-22 21:00:00+00:00,108.0925,108.20859
2025-10-22 22:00:00+00:00,101.375,101.28848
2025-10-22 23:00:00+00:00,98.745,97.17197
2025-10-23 00:00:00+00:00,95.0675,92.422806
2025-10-23 01:00:00+00:00,79.9225,86.74888
2025-10-23 02:00:00+00:00,70.9975,69.841866
2025-10-23 03:00:00+00:00,67.52,63.522633
2025-10-23 04:00:00+00:00,72.25,78.096695
2025-10-23 05:00:00+00:00,82.2825,88.48247
2025-10-23 06:00:00+00:00,90.0,95.041794
2025-10-23 07:00:00+00:00,83.0175,86.16904
2025-10-23 08:00:00+00:00,79.7025,73.00561
2025-10-23 09:00:00+00:00,69.6,68.323555
2025-10-23 10:00:00+00:00,66.0975,58.401005
2025-10-23 11:00:00+00:00,64.105,51.210625
2025-10-23 12:00:00+00:00,63.535,51.851547
2025-10-23 13:00:00+00:00,75.605,63.400887
2025-10-23 14:00:00+00:00,85.4975,81.81591
2025-10-23 15:00:00+00:00,98.1175,103.46532
2025-10-23 16:00:00+00:00,114.93,106.12787
2025-10-23 17:00:00+00:00,107.9125,108.926575
2025-10-23 18:00:00+00:00,87.7125,95.3309
2025-10-23 19:00:00+00:00,82.8125,71.91616
2025-10-23 20:00:00+00:00,77.655,66.23356
2025-10-23 21:00:00+00:00,60.0775,57.057247
2025-10-23 22:00:00+00:00,14.335,41.02843
2025-10-23 23:00:00+00:00,9.835,7.3616753
2025-10-24 00:00:00+00:00,6.525,5.660481
2025-10-24 01:00:00+00:00,1.025,3.5062962
2025-10-24 02:00:00+00:00,2.19,1.799951
2025-10-24 03:00:00+00:00,7.525,6.745371
2025-10-24 04:00:00+00:00,23.2775,23.30163
2025-10-24 05:00:00+00:00,64.985,41.291515
2025-10-24 06:00:00+00:00,84.87,72.46371
2025-10-24 07:00:00+00:00,76.5475,72.235466
2025-10-24 08:00:00+00:00,58.3025,52.303894
2025-10-24 09:00:00+00:00,33.0,37.693947
2025-10-24 10:00:00+00:00,1.2525,10.394346
2025-10-24 11:00:00+00:00,-0.01,-5.204342
2025-10-24 12:00:00+00:00,-0.01,-5.252664
2025-10-24 13:00:00+00:00,1.81,3.369129
2025-10-24 14:00:00+00:00,37.32,15.32641
2025-10-24 15:00:00+00:00,66.26,49.860935
2025-10-24 16:00:00+00:00,74.61,73.99203
2025-10-24 17:00:00+00:00,74.61250000000001,73.8264
2025-10-24 18:00:00+00:00,57.05,58.042168
2025-10-24 19:00:00+00:00,41.5075,38.646923
2025-10-24 20:00:00+00:00,28.9225,27.589638
2025-10-24 21:00:00+00:00,9.9675,16.106255
2025-10-24 22:00:00+00:00,3.525,6.956713
2025-10-24 23:00:00+00:00,1.3199999999999998,4.1933036
2025-10-25 00:00:00+00:00,0.925,2.2448065
2025-10-25 01:00:00+00:00,-0.0025,0.52768844
2025-10-25 02:00:00+00:00,-0.0075,-3.3882294
2025-10-25 03:00:00+00:00,0.1649999999999999,-0.8082282
2025-10-25 04:00:00+00:00,0.5225,2.5575266
2025-10-25 05:00:00+00:00,0.99,4.63833
2025-10-25 06:00:00+00:00,3.995,5.6486464
2025-10-25 07:00:00+00:00,7.5825,0.35893533
2025-10-25 08:00:00+00:00,6.7275,0.48373327
2025-10-25 09:00:00+00:00,4.765000000000001,1.5291803
2025-10-25 10:00:00+00:00,6.095000000000001,1.2493739
2025-10-25 11:00:00+00:00,4.37,1.631718
2025-10-25 12:00:00+00:00,4.03,1.5818483
2025-10-25 13:00:00+00:00,3.945,8.860978
2025-10-25 14:00:00+00:00,5.5575,12.8326025
2025-10-25 15:00:00+00:00,25.3075,13.357314
2025-10-25 16:00:00+00:00,55.2525,28.948109
2025-10-25 17:00:00+00:00,61.265,49.341816
2025-10-25 18:00:00+00:00,33.995,45.575413
2025-10-25 19:00:00+00:00,14.1075,19.900667
2025-10-25 20:00:00+00:00,16.682499999999997,12.455663
2025-10-25 21:00:00+00:00,8.17,11.796034
2025-10-25 22:00:00+00:00,5.5725,4.8602934
2025-10-25 23:00:00+00:00,3.6975,3.1532695
2025-10-26 00:00:00+00:00,3.19,0.10241552
2025-10-26 01:00:00+00:00,2.015,0.7064704
2025-10-26 02:00:00+00:00,0.3425,0.63143855
2025-10-26 03:00:00+00:00,0.1025,-1.3528723
2025-10-26 04:00:00+00:00,0.105,4.231888
2025-10-26 05:00:00+00:00,0.1075,-3.5882814
2025-10-26 06:00:00+00:00,0.1025,2.6155727
2025-10-26 07:00:00+00:00,-0.01,-0.28248134
2025-10-26 08:00:00+00:00,-0.3125,-7.27046
2025-10-26 09:00:00+00:00,-0.065,-10.695642
2025-10-26 10:00:00+00:00,-0.08,-6.006312
2025-10-26 11:00:00+00:00,-0.065,-4.9043117
2025-10-26 12:00:00+00:00,-0.545,-2.6241934
2025-10-26 13:00:00+00:00,-0.7325,0.447251
2025-10-26 14:00:00+00:00,-0.01,4.7200603
2025-10-26 15:00:00+00:00,3.0375,8.410196
2025-10-26 16:00:00+00:00,30.0025,10.6295185
2025-10-26 17:00:00+00:00,42.0225,22.371908
2025-10-26 18:00:00+00:00,34.730000000000004,33.044407
2025-10-26 19:00:00+00:00,16.642500000000002,21.376331
2025-10-26 20:00:00+00:00,3.065,11.975059
2025-10-26 21:00:00+00:00,14.9075,3.0277314
2025-10-26 22:00:00+00:00,5.0600000000000005,8.944151
2025-10-26 23:00:00+00:00,1.3424999999999998,4.1802783
2025-10-27 00:00:00+00:00,1.825,0.09309988
2025-10-27 01:00:00+00:00,1.25,-0.3229662
2025-10-27 02:00:00+00:00,-0.0025,0.36500898
2025-10-27 03:00:00+00:00,1.3075,-0.8154237
2025-10-27 04:00:00+00:00,10.7825,9.527712
2025-10-27 05:00:00+00:00,55.0,29.87364
2025-10-27 06:00:00+00:00,86.065,69.935196
2025-10-27 07:00:00+00:00,100.1475,86.64105
2025-10-27 08:00:00+00:00,101.86,89.96049
2025-10-27 09:00:00+00:00,96.7375,88.96956
2025-10-27 10:00:00+00:00,94.6325,82.453384
2025-10-27 11:00:00+00:00,82.6975,81.02775
2025-10-27 12:00:00+00:00,81.1225,75.47983
2025-10-27 13:00:00+00:00,83.3475,79.56933
2025-10-27 14:00:00+00:00,83.66499999999999,90.09235
2025-10-27 15:00:00+00:00,99.2325,96.52978
2025-10-27 16:00:00+00:00,110.71,109.56394
2025-10-27 17:00:00+00:00,126.5375,113.84963
2025-10-27 18:00:00+00:00,113.4975,107.52513
2025-10-27 19:00:00+00:00,95.035,88.55233
2025-10-27 20:00:00+00:00,77.94,76.21363
2025-10-27 21:00:00+00:00,74.48,58.819733
2025-10-27 22:00:00+00:00,62.425,52.567204
2025-10-27 23:00:00+00:00,44.11,43.57617
2025-10-28 00:00:00+00:00,28.8825,33.264328
2025-10-28 01:00:00+00:00,18.5425,17.884958
2025-10-28 02:00:00+00:00,10.2225,11.176494
2025-10-28 03:00:00+00:00,10.9525,10.143395
2025-10-28 04:00:00+00:00,30.4075,20.929388
2025-10-28 05:00:00+00:00,59.5225,47.537067
2025-10-28 06:00:00+00:00,80.3825,69.96744
2025-10-28 07:00:00+00:00,89.395,77.60132
2025-10-28 08:00:00+00:00,87.36500000000001,80.49092
2025-10-28 09:00:00+00:00,81.0025,77.260155
2025-10-28 10:00:00+00:00,75.41499999999999,67.56328
2025-10-28 11:00:00+00:00,67.56,57.219547
2025-10-28 12:00:00+00:00,62.3025,53.65276
2025-10-28 13:00:00+00:00,64.42,62.08601
2025-10-28 14:00:00+00:00,73.0975,67.7193
2025-10-28 15:00:00+00:00,80.07249999999999,76.40446
2025-10-28 16:00:00+00:00,93.8325,87.83379
2025-10-28 17:00:00+00:00,110.23,95.181076
2025-10-28 18:00:00+00:00,106.9125,95.89743
2025-10-28 19:00:00+00:00,91.925,88.103905
2025-10-28 20:00:00+00:00,80.8375,78.68248
2025-10-28 21:00:00+00:00,79.58,65.09816
2025-10-28 22:00:00+00:00,73.2225,59.209988
2025-10-28 23:00:00+00:00,58.8025,50.56302
2025-10-29 00:00:00+00:00,54.035,47.762596
2025-10-29 01:00:00+00:00,54.155,40.36201
2025-10-29 02:00:00+00:00,56.3475,45.434296
2025-10-29 03:00:00+00:00,54.725,55.17263
2025-10-29 04:00:00+00:00,66.6175,64.03148
2025-10-29 05:00:00+00:00,95.4325,81.294044
2025-10-29 06:00:00+00:00,107.5325,104.26431
2025-10-29 07:00:00+00:00,100.265,98.96145
2025-10-29 08:00:00+00:00,85.805,84.8755
2025-10-29 09:00:00+00:00,71.9525,73.24172
2025-10-29 10:00:00+00:00,70.2125,53.45251
2025-10-29 11:00:00+00:00,70.8375,55.39973
2025-10-29 12:00:00+00:00,77.1125,65.034836
2025-10-29 13:00:00+00:00,88.8525,79.96869
2025-10-29 14:00:00+00:00,116.3575,99.44196
2025-10-29 15:00:00+00:00,126.2325,132.84299
2025-10-29 16:00:00+00:00,126.975,140.25414
2025-10-29 17:00:00+00:00,128.7425,131.97849
2025-10-29 18:00:00+00:00,113.5425,119.11053
2025-10-29 19:00:00+00:00,102.65,101.142075
2025-10-29 20:00:00+00:00,96.5025,95.17722
2025-10-29 21:00:00+00:00,94.4225,89.17255
2025-10-29 22:00:00+00:00,87.1425,85.206825
2025-10-29 23:00:00+00:00,75.245,77.93211
2025-10-30 00:00:00+00:00,70.105,68.86916
2025-10-30 01:00:00+00:00,65.525,62.009773
2025-10-30 02:00:00+00:00,60.4175,59.354736
2025-10-30 03:00:00+00:00,57.1525,58.652058
2025-10-30 04:00:00+00:00,60.0125,58.33924
2025-10-30 05:00:00+00:00,69.1775,71.31281
2025-10-30 06:00:00+00:00,79.9375,75.118095
2025-10-30 07:00:00+00:00,85.2975,76.03305
2025-10-30 08:00:00+00:00,66.7225,71.74018
2025-10-30 09:00:00+00:00,42.9025,45.203613
2025-10-30 10:00:00+00:00,7.0825000000000005,25.329258
2025-10-30 11:00:00+00:00,-0.0025,3.7467983
2025-10-30 12:00:00+00:00,0.0024999999999999,-3.3926303
2025-10-30 13:00:00+00:00,31.2925,3.3933198
2025-10-30 14:00:00+00:00,69.8,52.627773
2025-10-30 15:00:00+00:00,85.295,86.430786
2025-10-30 16:00:00+00:00,117.93,106.93396
2025-10-30 17:00:00+00:00,117.6975,131.45874
2025-10-30 18:00:00+00:00,117.6725,113.02839
2025-10-30 19:00:00+00:00,105.2875,99.49448
2025-10-30 20:00:00+00:00,98.035,94.91327
2025-10-30 21:00:00+00:00,98.44,91.730446
2025-10-30 22:00:00+00:00,84.8325,91.01019
2025-10-30 23:00:00+00:00,87.74000000000001,79.93235
2025-10-31 00:00:00+00:00,78.1575,82.737
2025-10-31 01:00:00+00:00,74.74,77.27334
2025-10-31 02:00:00+00:00,75.675,73.93391
2025-10-31 03:00:00+00:00,79.7625,77.267586
2025-10-31 04:00:00+00:00,91.825,85.72563
2025-10-31 05:00:00+00:00,120.385,101.53428
2025-10-31 06:00:00+00:00,119.5725,125.28099
2025-10-31 07:00:00+00:00,108.765,106.09631
2025-10-31 08:00:00+00:00,83.0125,86.48665
2025-10-31 09:00:00+00:00,75.67,69.74411
2025-10-31 10:00:00+00:00,74.0875,66.55156
2025-10-31 11:00:00+00:00,75.99000000000001,68.530075
2025-10-31 12:00:00+00:00,84.2075,74.68766
2025-10-31 13:00:00+00:00,106.7,86.24682
2025-10-31 14:00:00+00:00,127.0775,111.47705
2025-10-31 15:00:00+00:00,132.0475,132.8735
2025-10-31 16:00:00+00:00,122.175,137.35707
2025-10-31 17:00:00+00:00,107.28,125.21044
2025-10-31 18:00:00+00:00,90.005,101.53203
2025-10-31 19:00:00+00:00,86.0475,83.996666
2025-10-31 20:00:00+00:00,87.465,79.64652
2025-10-31 21:00:00+00:00,81.845,78.65955
2025-10-31 22:00:00+00:00,67.60249999999999,71.26542
2025-10-31 23:00:00+00:00,54.7075,56.199593
2025-11-01 00:00:00+00:00,38.115,46.828598
2025-11-01 01:00:00+00:00,28.2725,33.528027
2025-11-01 02:00:00+00:00,29.9575,25.653582
2025-11-01 03:00:00+00:00,19.9025,28.511961
2025-11-01 04:00:00+00:00,15.3275,18.002272
2025-11-01 05:00:00+00:00,11.6275,16.506636
2025-11-01 06:00:00+00:00,17.605,14.20432
2025-11-01 07:00:00+00:00,29.95,12.232839
2025-11-01 08:00:00+00:00,27.045,7.916103
2025-11-01 09:00:00+00:00,18.3,6.6951833
2025-11-01 10:00:00+00:00,15.7575,4.45107
2025-11-01 11:00:00+00:00,21.015,10.693312
2025-11-01 12:00:00+00:00,31.74,15.879023
2025-11-01 13:00:00+00:00,54.0025,37.335606
2025-11-01 14:00:00+00:00,59.0725,62.116722
2025-11-01 15:00:00+00:00,76.58500000000001,68.24552
2025-11-01 16:00:00+00:00,88.78999999999999,86.188
2025-11-01 17:00:00+00:00,89.055,89.40511
2025-11-01 18:00:00+00:00,86.4,80.9502
2025-11-01 19:00:00+00:00,86.1975,73.8256
2025-11-01 20:00:00+00:00,83.2825,74.44471
2025-11-01 21:00:00+00:00,82.93,72.915344
2025-11-01 22:00:00+00:00,77.5075,69.47096
2025-11-01 23:00:00+00:00,64.285,64.27659
2025-11-02 00:00:00+00:00,60.3275,56.063095
2025-11-02 01:00:00+00:00,60.9775,53.03271
2025-11-02 02:00:00+00:00,62.7325,55.7613
2025-11-02 03:00:00+00:00,67.0175,57.775948
2025-11-02 04:00:00+00:00,68.81,63.86479
2025-11-02 05:00:00+00:00,70.3475,65.357994
2025-11-02 06:00:00+00:00,75.53,70.86669
2025-11-02 07:00:00+00:00,77.12,72.84439
2025-11-02 08:00:00+00:00,78.4575,71.387184
2025-11-02 09:00:00+00:00,74.99,71.4164
2025-11-02 10:00:00+00:00,74.97999999999999,69.84707
2025-11-02 11:00:00+00:00,75.2125,69.83154
2025-11-02 12:00:00+00:00,83.1625,72.270935
2025-11-02 13:00:00+00:00,92.55,81.183754
2025-11-02 14:00:00+00:00,110.6525,94.874016
2025-11-02 15:00:00+00:00,116.5025,111.97901
2025-11-02 16:00:00+00:00,132.0725,125.41989
2025-11-02 17:00:00+00:00,130.4075,132.3707
2025-11-02 18:00:00+00:00,113.6075,116.58761
2025-11-02 19:00:00+00:00,98.6,99.807465
2025-11-02 20:00:00+00:00,95.33,91.80666
2025-11-02 21:00:00+00:00,93.1775,89.340096
2025-11-02 22:00:00+00:00,85.04249999999999,87.22215
2025-11-02 23:00:00+00:00,82.44,79.166176
2025-11-03 00:00:00+00:00,80.105,80.76468
2025-11-03 01:00:00+00:00,74.9975,77.6506
2025-11-03 02:00:00+00:00,73.14,72.499054
2025-11-03 03:00:00+00:00,74.9725,73.76351
2025-11-03 04:00:00+00:00,75.0,81.196335
2025-11-03 05:00:00+00:00,95.33,88.16612
2025-11-03 06:00:00+00:00,117.255,103.84767
2025-11-03 07:00:00+00:00,105.0,110.80161
2025-11-03 08:00:00+00:00,85.7625,92.01562
2025-11-03 09:00:00+00:00,75.44500000000001,75.997696
2025-11-03 10:00:00+00:00,71.675,64.8943
2025-11-03 11:00:00+00:00,67.99000000000001,58.893517
2025-11-03 12:00:00+00:00,71.925,60.060627
2025-11-03 13:00:00+00:00,74.975,74.25218
2025-11-03 14:00:00+00:00,82.60499999999999,82.76043
2025-11-03 15:00:00+00:00,92.735,94.95626
2025-11-03 16:00:00+00:00,92.52,103.00193
2025-11-03 17:00:00+00:00,90.555,99.66368
2025-11-03 18:00:00+00:00,81.57499999999999,88.40491
2025-11-03 19:00:00+00:00,71.63250000000001,73.18783
2025-11-03 20:00:00+00:00,60.00749999999999,68.111786
2025-11-03 21:00:00+00:00,52.7125,58.51459
2025-11-03 22:00:00+00:00,28.715,50.165497
2025-11-03 23:00:00+00:00,16.53,36.859
2025-11-04 00:00:00+00:00,7.2575,26.133131
2025-11-04 01:00:00+00:00,4.925,22.145859
2025-11-04 02:00:00+00:00,6.3125,21.632666
2025-11-04 03:00:00+00:00,21.1975,29.949598
2025-11-04 04:00:00+00:00,58.4325,42.48743
2025-11-04 05:00:00+00:00,81.0375,73.754395
2025-11-04 06:00:00+00:00,114.3075,95.66896
2025-11-04 07:00:00+00:00,110.0,103.76557
2025-11-04 08:00:00+00:00,80.8475,89.2253
2025-11-04 09:00:00+00:00,60.6475,69.82287
2025-11-04 10:00:00+00:00,52.87,52.21699
2025-11-04 11:00:00+00:00,50.1525,44.095318
2025-11-04 12:00:00+00:00,66.9375,49.29279
2025-11-04 13:00:00+00:00,81.05,71.07
2025-11-04 14:00:00+00:00,116.265,89.54616
2025-11-04 15:00:00+00:00,127.475,124.995476
2025-11-04 16:00:00+00:00,129.1,135.27895
2025-11-04 17:00:00+00:00,122.7625,132.90736
2025-11-04 18:00:00+00:00,106.6975,110.80389
2025-11-04 19:00:00+00:00,96.7525,89.84892
2025-11-04 20:00:00+00:00,91.365,84.45799
2025-11-04 21:00:00+00:00,86.2375,81.32119
2025-11-04 22:00:00+00:00,76.1225,75.60596
2025-11-04 23:00:00+00:00,77.33,66.7116
2025-11-05 00:00:00+00:00,75.8225,70.18574
2025-11-05 01:00:00+00:00,74.35499999999999,68.07142
2025-11-05 02:00:00+00:00,74.6825,69.229385
2025-11-05 03:00:00+00:00,78.885,73.88409
2025-11-05 04:00:00+00:00,85.0,85.93436
2025-11-05 05:00:00+00:00,91.3625,96.3289
2025-11-05 06:00:00+00:00,115.9,107.7015
2025-11-05 07:00:00+00:00,107.115,105.533226
2025-11-05 08:00:00+00:00,74.54,88.78206
2025-11-05 09:00:00+00:00,62.8825,62.888756
2025-11-05 10:00:00+00:00,62.0075,56.487534
2025-11-05 11:00:00+00:00,62.07,57.33683
2025-11-05 12:00:00+00:00,77.3325,63.748077
2025-11-05 13:00:00+00:00,96.1925,83.97222
2025-11-05 14:00:00+00:00,115.395,107.94393
2025-11-05 15:00:00+00:00,141.3825,132.81468
2025-11-05 16:00:00+00:00,147.4175,151.96294
2025-11-05 17:00:00+00:00,127.58,147.5753
2025-11-05 18:00:00+00:00,114.755,118.10938
2025-11-05 19:00:00+00:00,104.79,102.07992
2025-11-05 20:00:00+00:00,98.9175,98.19536
2025-11-05 21:00:00+00:00,88.8475,93.80187
2025-11-05 22:00:00+00:00,87.7,84.325294
2025-11-05 23:00:00+00:00,93.3725,84.292625
2025-11-06 00:00:00+00:00,90.83,89.73249
2025-11-06 01:00:00+00:00,91.3975,88.38434
2025-11-06 02:00:00+00:00,90.505,89.76956
2025-11-06 03:00:00+00:00,91.9,91.93945
2025-11-06 04:00:00+00:00,92.17,99.49257
2025-11-06 05:00:00+00:00,118.35,109.68216
2025-11-06 06:00:00+00:00,130.2325,133.62688
2025-11-06 07:00:00+00:00,119.68,122.74063
2025-11-06 08:00:00+00:00,93.2125,106.05652
2025-11-06 09:00:00+00:00,85.1575,87.96639
2025-11-06 10:00:00+00:00,83.7,79.19577
2025-11-06 11:00:00+00:00,83.9925,80.09422
2025-11-06 12:00:00+00:00,87.17999999999999,81.98576
2025-11-06 13:00:00+00:00,99.485,89.72113
2025-11-06 14:00:00+00:00,128.24,109.81975
2025-11-06 15:00:00+00:00,147.495,138.28903
2025-11-06 16:00:00+00:00,154.255,156.95473
2025-11-06 17:00:00+00:00,137.4475,149.31198
2025-11-06 18:00:00+00:00,126.4625,128.14612
2025-11-06 19:00:00+00:00,114.97,112.92839
2025-11-06 20:00:00+00:00,100.98,108.01092
2025-11-06 21:00:00+00:00,97.485,98.83839
2025-11-06 22:00:00+00:00,90.5525,95.50123
2025-11-06 23:00:00+00:00,90.1775,89.923065
2025-11-07 00:00:00+00:00,88.8225,90.316505
2025-11-07 01:00:00+00:00,89.6,88.44087
2025-11-07 02:00:00+00:00,89.61250000000001,90.76558
2025-11-07 03:00:00+00:00,90.41,92.67615
2025-11-07 04:00:00+00:00,94.21,101.63154
2025-11-07 05:00:00+00:00,112.265,114.22986
2025-11-07 06:00:00+00:00,133.8825,137.3726
2025-11-07 07:00:00+00:00,128.0475,134.71292
2025-11-07 08:00:00+00:00,108.105,119.04559
2025-11-07 09:00:00+00:00,93.38,100.5503
2025-11-07 10:00:00+00:00,89.9875,91.645226
2025-11-07 11:00:00+00:00,88.80250000000001,87.69772
2025-11-07 12:00:00+00:00,92.0525,88.313835
2025-11-07 13:00:00+00:00,103.1,100.242294
2025-11-07 14:00:00+00:00,129.6225,120.08152
2025-11-07 15:00:00+00:00,165.1225,149.93353
2025-11-07 16:00:00+00:00,178.5375,188.51491
2025-11-07 17:00:00+00:00,145.6825,181.40044
2025-11-07 18:00:00+00:00,131.4825,139.68716
2025-11-07 19:00:00+00:00,119.4275,119.67022
2025-11-07 20:00:00+00:00,106.6525,112.150185
2025-11-07 21:00:00+00:00,98.275,104.23344
2025-11-07 22:00:00+00:00,92.0525,97.47203
2025-11-07 23:00:00+00:00,96.53,94.427704
2025-11-08 00:00:00+00:00,96.325,94.738716
2025-11-08 01:00:00+00:00,93.9975,95.32071
2025-11-08 02:00:00+00:00,93.9725,94.97223
2025-11-08 03:00:00+00:00,95.0375,95.60842
2025-11-08 04:00:00+00:00,94.195,97.511406
2025-11-08 05:00:00+00:00,95.2775,100.06698
2025-11-08 06:00:00+00:00,103.8425,104.46851
2025-11-08 07:00:00+00:00,105.5,117.82078
2025-11-08 08:00:00+00:00,103.62,108.2108
2025-11-08 09:00:00+00:00,102.1775,103.746605
2025-11-08 10:00:00+00:00,96.9475,103.89991
2025-11-08 11:00:00+00:00,95.16,97.49238
2025-11-08 12:00:00+00:00,95.9125,98.59058
2025-11-08 13:00:00+00:00,101.5425,104.48313
2025-11-08 14:00:00+00:00,117.6175,117.54026
2025-11-08 15:00:00+00:00,124.635,141.35039
2025-11-08 16:00:00+00:00,134.915,144.17601
2025-11-08 17:00:00+00:00,136.5325,147.33786
2025-11-08 18:00:00+00:00,131.98000000000002,131.04669
2025-11-08 19:00:00+00:00,122.9675,121.13258
2025-11-08 20:00:00+00:00,113.305,113.75656
2025-11-08 21:00:00+00:00,106.26,109.819984
2025-11-08 22:00:00+00:00,96.905,103.46394
2025-11-08 23:00:00+00:00,96.345,95.833534
2025-11-09 00:00:00+00:00,94.555,93.92953
2025-11-09 01:00:00+00:00,92.8325,93.24752
2025-11-09 02:00:00+00:00,91.1325,92.56394
2025-11-09 03:00:00+00:00,91.6475,90.697105
2025-11-09 04:00:00+00:00,91.685,92.742134
2025-11-09 05:00:00+00:00,89.9375,95.02674
2025-11-09 06:00:00+00:00,88.615,100.81437
2025-11-09 07:00:00+00:00,97.2725,99.59304
2025-11-09 08:00:00+00:00,97.6175,104.79569
2025-11-09 09:00:00+00:00,97.0325,101.71249
2025-11-09 10:00:00+00:00,97.305,99.15767
2025-11-09 11:00:00+00:00,97.8375,101.25739
2025-11-09 12:00:00+00:00,96.4025,103.3167
2025-11-09 13:00:00+00:00,97.315,102.99342
2025-11-09 14:00:00+00:00,97.795,114.200226
2025-11-09 15:00:00+00:00,109.8475,115.829926
2025-11-09 16:00:00+00:00,125.1,132.75638
2025-11-09 17:00:00+00:00,126.1,133.11833
2025-11-09 18:00:00+00:00,117.955,124.411514
2025-11-09 19:00:00+00:00,106.0,115.15357
2025-11-09 20:00:00+00:00,93.5375,104.95767
2025-11-09 21:00:00+00:00,92.315,95.75623
2025-11-09 22:00:00+00:00,89.93,92.41609
2025-11-09 23:00:00+00:00,88.98,89.42628
2025-11-10 00:00:00+00:00,87.63499999999999,88.22997
2025-11-10 01:00:00+00:00,88.9025,87.71428
2025-11-10 02:00:00+00:00,87.5225,89.964645
2025-11-10 03:00:00+00:00,87.1775,91.558586
2025-11-10 04:00:00+00:00,92.3125,95.3226
2025-11-10 05:00:00+00:00,113.4525,110.36803
2025-11-10 06:00:00+00:00,142.995,139.8122
2025-11-10 07:00:00+00:00,157.875,153.01909
2025-11-10 08:00:00+00:00,144.2975,148.14142
2025-11-10 09:00:00+00:00,126.2725,131.52528
2025-11-10 10:00:00+00:00,115.245,117.75057
2025-11-10 11:00:00+00:00,105.9225,109.360535
2025-11-10 12:00:00+00:00,108.41,106.556984
2025-11-10 13:00:00+00:00,115.565,113.85741
2025-11-10 14:00:00+00:00,126.2525,127.31591
2025-11-10 15:00:00+00:00,133.35500000000002,138.5382
2025-11-10 16:00:00+00:00,139.4025,146.8278
2025-11-10 17:00:00+00:00,120.725,144.88463
2025-11-10 18:00:00+00:00,103.6625,119.28911
2025-11-10 19:00:00+00:00,90.11,99.11502
2025-11-10 20:00:00+00:00,88.9875,91.632256
2025-11-10 21:00:00+00:00,88.39250000000001,87.271225
2025-11-10 22:00:00+00:00,83.87,85.30248
2025-11-10 23:00:00+00:00,83.19,83.674
2025-11-11 00:00:00+00:00,79.9825,82.15139
2025-11-11 01:00:00+00:00,75.80250000000001,79.365845
2025-11-11 02:00:00+00:00,74.87,76.62632
2025-11-11 03:00:00+00:00,75.495,78.65404
2025-11-11 04:00:00+00:00,77.07249999999999,84.371346
2025-11-11 05:00:00+00:00,86.7875,95.17133
2025-11-11 06:00:00+00:00,105.21,108.01771
2025-11-11 07:00:00+00:00,113.7975,117.48455
2025-11-11 08:00:00+00:00,103.115,115.41733
2025-11-11 09:00:00+00:00,91.4725,101.936806
2025-11-11 10:00:00+00:00,87.9225,89.2582
2025-11-11 11:00:00+00:00,86.66,86.10186
2025-11-11 12:00:00+00:00,89.93,88.21769
2025-11-11 13:00:00+00:00,101.235,95.682106
2025-11-11 14:00:00+00:00,124.275,114.60246
2025-11-11 15:00:00+00:00,143.0725,135.37947
2025-11-11 16:00:00+00:00,143.2575,153.7618
2025-11-11 17:00:00+00:00,114.9975,144.21371
2025-11-11 18:00:00+00:00,105.0325,110.15771
2025-11-11 19:00:00+00:00,98.175,97.364136
2025-11-11 20:00:00+00:00,96.3825,96.004684
2025-11-11 21:00:00+00:00,92.06,89.9298
2025-11-11 22:00:00+00:00,75.5,86.91976
2025-11-11 23:00:00+00:00,74.9775,73.19639
2025-11-12 00:00:00+00:00,68.315,72.2049
2025-11-12 01:00:00+00:00,64.41,66.354836
2025-11-12 02:00:00+00:00,62.4,64.78328
2025-11-12 03:00:00+00:00,62.3,66.4065
2025-11-12 04:00:00+00:00,69.30000000000001,73.09629
2025-11-12 05:00:00+00:00,76.9975,85.111534
2025-11-12 06:00:00+00:00,107.26,96.9161
2025-11-12 07:00:00+00:00,100.7225,106.80808
2025-11-12 08:00:00+00:00,78.1125,91.75901
2025-11-12 09:00:00+00:00,71.5275,71.127396
2025-11-12 10:00:00+00:00,60.005,65.9445
2025-11-12 11:00:00+00:00,59.135,59.319363
2025-11-12 12:00:00+00:00,73.7675,61.481136
2025-11-12 13:00:00+00:00,80.425,81.41587
2025-11-12 14:00:00+00:00,104.97,95.219284
2025-11-12 15:00:00+00:00,113.625,119.586555
2025-11-12 16:00:00+00:00,115.395,125.82581
2025-11-12 17:00:00+00:00,104.8675,115.704506
2025-11-12 18:00:00+00:00,88.9275,96.28089
2025-11-12 19:00:00+00:00,80.945,78.69158
2025-11-12 20:00:00+00:00,76.905,71.56136
2025-11-12 21:00:00+00:00,75.545,66.877075
2025-11-12 22:00:00+00:00,56.935,60.299435
2025-11-12 23:00:00+00:00,32.917500000000004,42.55419
2025-11-13 00:00:00+00:00,18.9725,26.792383
2025-11-13 01:00:00+00:00,11.1875,16.542063
2025-11-13 02:00:00+00:00,7.78,13.620769
2025-11-13 03:00:00+00:00,6.0,13.941193
2025-11-13 04:00:00+00:00,25.9725,28.376638
2025-11-13 05:00:00+00:00,50.885000000000005,55.289013
2025-11-13 06:00:00+00:00,76.845,70.777824
2025-11-13 07:00:00+00:00,66.0825,76.37593
2025-11-13 08:00:00+00:00,53.61,57.376934
2025-11-13 09:00:00+00:00,50.3225,40.471226
2025-11-13 10:00:00+00:00,42.96,32.178516
2025-11-13 11:00:00+00:00,48.09,32.91144
2025-11-13 12:00:00+00:00,60.5725,46.638493
2025-11-13 13:00:00+00:00,77.33500000000001,70.26884
2025-11-13 14:00:00+00:00,101.665,94.22095
2025-11-13 15:00:00+00:00,111.5125,118.44153
2025-11-13 16:00:00+00:00,130.1,129.80728
2025-11-13 17:00:00+00:00,131.8025,132.70116
2025-11-13 18:00:00+00:00,129.8875,122.5811
2025-11-13 19:00:00+00:00,111.845,110.22525
2025-11-13 20:00:00+00:00,116.6075,104.18257
2025-11-13 21:00:00+00:00,110.585,105.92304
2025-11-13 22:00:00+00:00,102.7725,100.17645
2025-11-13 23:00:00+00:00,98.4425,98.32165
2025-11-14 00:00:00+00:00,95.8025,94.12185
2025-11-14 01:00:00+00:00,94.9325,92.89591
2025-11-14 02:00:00+00:00,91.53,93.46689
2025-11-14 03:00:00+00:00,92.13,94.73068
2025-11-14 04:00:00+00:00,91.6025,101.2279
2025-11-14 05:00:00+00:00,112.7775,113.3035
2025-11-14 06:00:00+00:00,138.3475,139.9267
2025-11-14 07:00:00+00:00,136.385,141.37053
2025-11-14 08:00:00+00:00,120.9025,129.81465
2025-11-14 09:00:00+00:00,112.0275,113.86603
2025-11-14 10:00:00+00:00,106.035,105.4463
2025-11-14 11:00:00+00:00,101.225,103.166626
2025-11-14 12:00:00+00:00,105.4225,102.401245
2025-11-14 13:00:00+00:00,107.0625,109.03794
2025-11-14 14:00:00+00:00,115.3925,116.57084
2025-11-14 15:00:00+00:00,115.965,129.92662
2025-11-14 16:00:00+00:00,131.57,136.71349
2025-11-14 17:00:00+00:00,119.81,144.65312
2025-11-14 18:00:00+00:00,106.49,119.35797
2025-11-14 19:00:00+00:00,98.915,101.83826
2025-11-14 20:00:00+00:00,93.1625,99.60909
2025-11-14 21:00:00+00:00,97.015,92.35693
2025-11-14 22:00:00+00:00,78.65,88.599045
2025-11-14 23:00:00+00:00,77.3775,75.60839
2025-11-15 00:00:00+00:00,77.95,73.87209
2025-11-15 01:00:00+00:00,74.7175,73.63331
2025-11-15 02:00:00+00:00,73.03,70.54778
2025-11-15 03:00:00+00:00,72.2,70.28807
2025-11-15 04:00:00+00:00,70.615,69.035416
2025-11-15 05:00:00+00:00,68.1575,71.36776
2025-11-15 06:00:00+00:00,77.055,73.27105
2025-11-15 07:00:00+00:00,80.065,80.62519
2025-11-15 08:00:00+00:00,85.235,79.02535
2025-11-15 09:00:00+00:00,85.6125,82.25531
2025-11-15 10:00:00+00:00,85.4225,81.837944
2025-11-15 11:00:00+00:00,84.1925,81.44147
2025-11-15 12:00:00+00:00,90.6675,82.55541
2025-11-15 13:00:00+00:00,94.6525,91.91963
2025-11-15 14:00:00+00:00,101.1925,99.58564
2025-11-15 15:00:00+00:00,109.7925,110.90956
2025-11-15 16:00:00+00:00,121.8,122.30208
2025-11-15 17:00:00+00:00,121.5225,119.91108
2025-11-15 18:00:00+00:00,114.065,110.09533
2025-11-15 19:00:00+00:00,109.125,99.95397
2025-11-15 20:00:00+00:00,102.885,99.81323
2025-11-15 21:00:00+00:00,101.7175,97.092316
2025-11-15 22:00:00+00:00,97.8675,94.94773
2025-11-15 23:00:00+00:00,93.7475,93.63038
2025-11-16 00:00:00+00:00,95.0,89.650406
2025-11-16 01:00:00+00:00,93.35,90.13622
2025-11-16 02:00:00+00:00,91.45,91.1742
2025-11-16 03:00:00+00:00,88.215,89.758575
2025-11-16 04:00:00+00:00,91.13,87.749855
2025-11-16 05:00:00+00:00,85.6725,91.649445
2025-11-16 06:00:00+00:00,92.4875,90.60816
2025-11-16 07:00:00+00:00,98.49,98.192
2025-11-16 08:00:00+00:00,101.185,99.025856
2025-11-16 09:00:00+00:00,99.2775,99.0277
2025-11-16 10:00:00+00:00,102.5675,98.55042
2025-11-16 11:00:00+00:00,102.4675,101.88862
2025-11-16 12:00:00+00:00,103.9975,106.011024
2025-11-16 13:00:00+00:00,109.265,111.642715
2025-11-16 14:00:00+00:00,116.72,120.447815
2025-11-16 15:00:00+00:00,124.495,129.04578
2025-11-16 16:00:00+00:00,129.3725,137.50755
2025-11-16 17:00:00+00:00,125.21,135.98875
2025-11-16 18:00:00+00:00,115.33,119.702896
2025-11-16 19:00:00+00:00,102.7175,107.06712
2025-11-16 20:00:00+00:00,91.41,100.726776
2025-11-16 21:00:00+00:00,94.385,92.53309
2025-11-16 22:00:00+00:00,86.5275,89.54668
2025-11-16 23:00:00+00:00,88.29,84.788445
2025-11-17 00:00:00+00:00,80.5575,84.29605
2025-11-17 01:00:00+00:00,74.0875,79.362045
2025-11-17 02:00:00+00:00,71.32249999999999,74.436066
2025-11-17 03:00:00+00:00,74.095,75.55173
2025-11-17 04:00:00+00:00,83.6,82.596985
2025-11-17 05:00:00+00:00,89.59,100.829704
2025-11-17 06:00:00+00:00,114.8675,109.13045
2025-11-17 07:00:00+00:00,126.9925,132.09453
2025-11-17 08:00:00+00:00,121.6875,127.16704
2025-11-17 09:00:00+00:00,105.215,119.5986
2025-11-17 10:00:00+00:00,84.3925,104.127075
2025-11-17 11:00:00+00:00,77.805,87.68104
2025-11-17 12:00:00+00:00,77.785,82.13761
2025-11-17 13:00:00+00:00,87.035,85.88073
2025-11-17 14:00:00+00:00,97.52,100.2409
2025-11-17 15:00:00+00:00,107.32,110.609764
2025-11-17 16:00:00+00:00,117.355,127.49797
2025-11-17 17:00:00+00:00,116.4925,122.888725
2025-11-17 18:00:00+00:00,110.7025,113.546234
2025-11-17 19:00:00+00:00,102.89,98.59352
2025-11-17 20:00:00+00:00,92.6975,94.20443
2025-11-17 21:00:00+00:00,89.7075,87.21517
2025-11-17 22:00:00+00:00,81.14,82.44529
2025-11-17 23:00:00+00:00,84.88499999999999,74.72081
2025-11-18 00:00:00+00:00,82.83,79.86694
2025-11-18 01:00:00+00:00,79.0375,79.4977
2025-11-18 02:00:00+00:00,77.7175,76.83864
2025-11-18 03:00:00+00:00,80.5125,77.76518
2025-11-18 04:00:00+00:00,83.4725,89.62564
2025-11-18 05:00:00+00:00,91.0475,94.41662
2025-11-18 06:00:00+00:00,104.735,108.71111
2025-11-18 07:00:00+00:00,119.84,114.3277
2025-11-18 08:00:00+00:00,107.45,112.24354
2025-11-18 09:00:00+00:00,92.1275,95.38737
2025-11-18 10:00:00+00:00,88.7975,86.18349
2025-11-18 11:00:00+00:00,89.2,82.143166
2025-11-18 12:00:00+00:00,90.6,87.076385
2025-11-18 13:00:00+00:00,96.575,92.80774
2025-11-18 14:00:00+00:00,120.595,104.47097
2025-11-18 15:00:00+00:00,141.9125,131.80023
2025-11-18 16:00:00+00:00,151.66,155.02669
2025-11-18 17:00:00+00:00,143.8025,148.73962
2025-11-18 18:00:00+00:00,131.15,130.20593
2025-11-18 19:00:00+00:00,107.13,115.9865
2025-11-18 20:00:00+00:00,94.6425,99.6744
2025-11-18 21:00:00+00:00,97.4825,89.321686
2025-11-18 22:00:00+00:00,89.9625,90.481285
2025-11-18 23:00:00+00:00,87.3775,84.55419
2025-11-19 00:00:00+00:00,86.225,84.024216
2025-11-19 01:00:00+00:00,84.1675,83.77726
2025-11-19 02:00:00+00:00,83.185,84.05025
2025-11-19 03:00:00+00:00,84.3925,86.0077
2025-11-19 04:00:00+00:00,87.0025,93.26991
2025-11-19 05:00:00+00:00,99.03,100.00187
2025-11-19 06:00:00+00:00,127.03,118.30578
2025-11-19 07:00:00+00:00,136.67000000000002,126.65982
2025-11-19 08:00:00+00:00,115.1625,121.666084
2025-11-19 09:00:00+00:00,97.5225,102.190094
2025-11-19 10:00:00+00:00,91.62,93.69268
2025-11-19 11:00:00+00:00,89.59,88.65347
2025-11-19 12:00:00+00:00,93.5975,90.13049
2025-11-19 13:00:00+00:00,104.62,98.818474
2025-11-19 14:00:00+00:00,113.05,114.66145
2025-11-19 15:00:00+00:00,117.8075,125.92414
2025-11-19 16:00:00+00:00,127.5675,128.97252
2025-11-19 17:00:00+00:00,119.19,129.01901
2025-11-19 18:00:00+00:00,119.05,116.87397
2025-11-19 19:00:00+00:00,105.6875,107.23133
2025-11-19 20:00:00+00:00,100.225,98.21022
2025-11-19 21:00:00+00:00,99.17,95.36349
2025-11-19 22:00:00+00:00,91.885,94.120056
2025-11-19 23:00:00+00:00,90.6275,88.25549
2025-11-20 00:00:00+00:00,88.0925,87.51894
2025-11-20 01:00:00+00:00,87.0325,85.67598
2025-11-20 02:00:00+00:00,86.795,85.23431
2025-11-20 03:00:00+00:00,87.125,86.80362
2025-11-20 04:00:00+00:00,90.5025,93.59369
2025-11-20 05:00:00+00:00,103.6825,104.52025
2025-11-20 06:00:00+00:00,144.4075,126.11855
2025-11-20 07:00:00+00:00,155.715,149.42937
2025-11-20 08:00:00+00:00,153.655,148.38965
2025-11-20 09:00:00+00:00,141.27,137.3495
2025-11-20 10:00:00+00:00,129.3025,128.0003
2025-11-20 11:00:00+00:00,125.055,119.68847
2025-11-20 12:00:00+00:00,126.1,121.41932
2025-11-20 13:00:00+00:00,134.2025,127.26714
2025-11-20 14:00:00+00:00,149.685,143.75092
2025-11-20 15:00:00+00:00,175.82999999999998,159.65672
2025-11-20 16:00:00+00:00,175.4725,188.1591
2025-11-20 17:00:00+00:00,163.25,174.92213
2025-11-20 18:00:00+00:00,156.01749999999998,149.00986
2025-11-20 19:00:00+00:00,137.1025,136.78226
2025-11-20 20:00:00+00:00,120.7525,120.17892
2025-11-20 21:00:00+00:00,108.235,109.50745
2025-11-20 22:00:00+00:00,93.7625,101.54156
2025-11-20 23:00:00+00:00,101.5525,94.18488
2025-11-21 00:00:00+00:00,94.14,100.39546
2025-11-21 01:00:00+00:00,90.2825,94.05789
2025-11-21 02:00:00+00:00,90.185,93.21694
2025-11-21 03:00:00+00:00,93.625,96.54668
2025-11-21 04:00:00+00:00,101.865,105.340225
2025-11-21 05:00:00+00:00,133.525,121.97493
2025-11-21 06:00:00+00:00,180.42,169.67458
2025-11-21 07:00:00+00:00,205.3825,190.47511
2025-11-21 08:00:00+00:00,181.83,185.4329
2025-11-21 09:00:00+00:00,151.015,165.26768
2025-11-21 10:00:00+00:00,137.72,132.42265
2025-11-21 11:00:00+00:00,130.3425,125.633705
2025-11-21 12:00:00+00:00,135.57500000000002,123.65548
2025-11-21 13:00:00+00:00,153.7525,138.69763
2025-11-21 14:00:00+00:00,196.8375,170.3345
2025-11-21 15:00:00+00:00,251.87,216.03929
2025-11-21 16:00:00+00:00,250.0075,269.76627
2025-11-21 17:00:00+00:00,205.0875,233.14183
2025-11-21 18:00:00+00:00,171.3675,177.71762
2025-11-21 19:00:00+00:00,141.95,144.25426
2025-11-21 20:00:00+00:00,117.3075,128.17313
2025-11-21 21:00:00+00:00,104.9,111.31288
2025-11-21 22:00:00+00:00,95.0325,103.236336
2025-11-21 23:00:00+00:00,102.2475,97.65505
2025-11-22 00:00:00+00:00,94.6,98.10234
2025-11-22 01:00:00+00:00,88.44,93.022415
2025-11-22 02:00:00+00:00,85.2775,87.84937
2025-11-22 03:00:00+00:00,86.0975,86.84394
2025-11-22 04:00:00+00:00,85.2775,90.357086
2025-11-22 05:00:00+00:00,90.5225,92.99571
2025-11-22 06:00:00+00:00,106.7475,107.18114
2025-11-22 07:00:00+00:00,104.21,115.47151
2025-11-22 08:00:00+00:00,89.1175,95.0587
2025-11-22 09:00:00+00:00,82.00999999999999,80.40096
2025-11-22 10:00:00+00:00,78.58,72.73181
2025-11-22 11:00:00+00:00,76.2825,66.777824
2025-11-22 12:00:00+00:00,75.3675,70.238396
2025-11-22 13:00:00+00:00,81.645,85.27087
2025-11-22 14:00:00+00:00,88.965,103.973236
2025-11-22 15:00:00+00:00,105.0,116.67483
2025-11-22 16:00:00+00:00,114.455,127.4199
2025-11-22 17:00:00+00:00,109.2525,123.332344
2025-11-22 18:00:00+00:00,98.33,106.85942
2025-11-22 19:00:00+00:00,86.61,91.22697
2025-11-22 20:00:00+00:00,89.2475,83.89599
2025-11-22 21:00:00+00:00,89.4275,87.71964
2025-11-22 22:00:00+00:00,82.23,83.09346
2025-11-22 23:00:00+00:00,81.5275,78.161476
2025-11-23 00:00:00+00:00,74.35249999999999,77.54422
2025-11-23 01:00:00+00:00,70.44,72.22432
2025-11-23 02:00:00+00:00,63.23,68.737305
2025-11-23 03:00:00+00:00,60.885,63.630405
2025-11-23 04:00:00+00:00,64.21,63.42833
2025-11-23 05:00:00+00:00,62.03,65.90272
2025-11-23 06:00:00+00:00,67.9825,68.649956
2025-11-23 07:00:00+00:00,67.8325,71.19903
2025-11-23 08:00:00+00:00,65.96,63.078957
2025-11-23 09:00:00+00:00,65.985,54.38489
2025-11-23 10:00:00+00:00,66.69,53.61091
2025-11-23 11:00:00+00:00,67.8625,51.293583
2025-11-23 12:00:00+00:00,65.45750000000001,54.124344
2025-11-23 13:00:00+00:00,69.42750000000001,66.378555
2025-11-23 14:00:00+00:00,77.28999999999999,78.856316
2025-11-23 15:00:00+00:00,77.8875,80.885956
2025-11-23 16:00:00+00:00,80.84,84.07962
2025-11-23 17:00:00+00:00,82.54249999999999,82.9229
2025-11-23 18:00:00+00:00,83.7975,76.56282
2025-11-23 19:00:00+00:00,77.4125,73.8959
2025-11-23 20:00:00+00:00,74.16,70.57477
2025-11-23 21:00:00+00:00,75.1675,69.53384
2025-11-23 22:00:00+00:00,71.2625,69.30657
2025-11-23 23:00:00+00:00,72.4575,67.99864
2025-11-24 00:00:00+00:00,70.0625,70.13122
2025-11-24 01:00:00+00:00,72.255,67.713615
2025-11-24 02:00:00+00:00,73.275,70.35967
2025-11-24 03:00:00+00:00,73.755,73.94445
2025-11-24 04:00:00+00:00,80.065,82.522415
2025-11-24 05:00:00+00:00,90.3075,91.946304
2025-11-24 06:00:00+00:00,104.3925,104.80238
2025-11-24 07:00:00+00:00,107.785,114.080475
2025-11-24 08:00:00+00:00,110.26,109.395096
2025-11-24 09:00:00+00:00,117.4475,106.295166
2025-11-24 10:00:00+00:00,128.0375,113.15324
2025-11-24 11:00:00+00:00,134.235,120.75558
2025-11-24 12:00:00+00:00,149.9925,133.67065
2025-11-24 13:00:00+00:00,173.5375,153.47357
2025-11-24 14:00:00+00:00,195.8125,182.82837
2025-11-24 15:00:00+00:00,225.775,210.36806
2025-11-24 16:00:00+00:00,263.4825,225.09674
2025-11-24 17:00:00+00:00,230.5875,245.72447
2025-11-24 18:00:00+00:00,188.305,179.79086
2025-11-24 19:00:00+00:00,151.185,153.08954
2025-11-24 20:00:00+00:00,135.235,126.94689
2025-11-24 21:00:00+00:00,123.035,118.43213
2025-11-24 22:00:00+00:00,105.405,112.045105
2025-11-24 23:00:00+00:00,100.9,101.85308
2025-11-25 00:00:00+00:00,99.1525,97.97056
2025-11-25 01:00:00+00:00,97.5875,96.51956
2025-11-25 02:00:00+00:00,96.0975,96.55606
2025-11-25 03:00:00+00:00,99.51,97.47371
2025-11-25 04:00:00+00:00,106.73,110.735054
2025-11-25 05:00:00+00:00,122.4075,129.23128
2025-11-25 06:00:00+00:00,291.02,159.00592
2025-11-25 07:00:00+00:00,333.275,284.61334
2025-11-25 08:00:00+00:00,292.65,292.39053
2025-11-25 09:00:00+00:00,273.085,254.41687
2025-11-25 10:00:00+00:00,326.6275,243.97871
2025-11-25 11:00:00+00:00,351.0,288.7252
2025-11-25 12:00:00+00:00,317.65250000000003,332.4764
2025-11-25 13:00:00+00:00,300.0,300.95892
2025-11-25 14:00:00+00:00,309.995,317.89133
2025-11-25 15:00:00+00:00,325.0825,345.72214
2025-11-25 16:00:00+00:00,373.3125,380.35117
2025-11-25 17:00:00+00:00,297.905,353.02026
2025-11-25 18:00:00+00:00,249.3725,215.61032
2025-11-25 19:00:00+00:00,172.835,196.54941
2025-11-25 20:00:00+00:00,135.02,143.8778
2025-11-25 21:00:00+00:00,119.155,122.706345
2025-11-25 22:00:00+00:00,102.035,116.40256
2025-11-25 23:00:00+00:00,92.855,110.34788
2025-11-26 00:00:00+00:00,89.94999999999999,94.83411
2025-11-26 01:00:00+00:00,88.325,92.489716
2025-11-26 02:00:00+00:00,89.435,93.14785
2025-11-26 03:00:00+00:00,89.80250000000001,98.7599
2025-11-26 04:00:00+00:00,97.25,109.39291
2025-11-26 05:00:00+00:00,129.8225,126.97918
2025-11-26 06:00:00+00:00,191.17,221.81613
2025-11-26 07:00:00+00:00,237.2225,252.07695
2025-11-26 08:00:00+00:00,211.8475,224.63425
2025-11-26 09:00:00+00:00,197.1375,199.095
2025-11-26 10:00:00+00:00,170.4975,190.541
2025-11-26 11:00:00+00:00,164.6825,169.2675
2025-11-26 12:00:00+00:00,168.2375,166.77835
2025-11-26 13:00:00+00:00,184.49,182.84644
2025-11-26 14:00:00+00:00,223.7225,199.18495
2025-11-26 15:00:00+00:00,294.3775,251.94287
2025-11-26 16:00:00+00:00,294.61,314.1868
2025-11-26 17:00:00+00:00,228.93,270.84564
2025-11-26 18:00:00+00:00,183.675,188.2867
2025-11-26 19:00:00+00:00,141.26,151.43382
2025-11-26 20:00:00+00:00,114.9475,123.13394
2025-11-26 21:00:00+00:00,101.9925,105.28563
2025-11-26 22:00:00+00:00,90.1875,99.37087
2025-11-26 23:00:00+00:00,89.945,89.38748
2025-11-27 00:00:00+00:00,84.275,87.008644
2025-11-27 01:00:00+00:00,79.9475,83.31171
2025-11-27 02:00:00+00:00,77.3425,81.95888
2025-11-27 03:00:00+00:00,79.94749999999999,82.181206
2025-11-27 04:00:00+00:00,82.0775,94.94807
2025-11-27 05:00:00+00:00,112.22,105.57605
2025-11-27 06:00:00+00:00,122.0,146.14201
2025-11-27 07:00:00+00:00,123.105,141.03426
2025-11-27 08:00:00+00:00,106.9525,123.45008
2025-11-27 09:00:00+00:00,90.9475,105.78858
2025-11-27 10:00:00+00:00,88.66499999999999,91.10798
2025-11-27 11:00:00+00:00,87.0625,88.83145
2025-11-27 12:00:00+00:00,85.75999999999999,89.77571
2025-11-27 13:00:00+00:00,89.2475,98.02404
2025-11-27 14:00:00+00:00,90.6,106.59102
2025-11-27 15:00:00+00:00,90.43,105.49916
2025-11-27 16:00:00+00:00,97.5075,109.45591
2025-11-27 17:00:00+00:00,101.3925,109.65518
2025-11-27 18:00:00+00:00,88.27,99.0458
2025-11-27 19:00:00+00:00,85.39750000000001,80.4054
2025-11-27 20:00:00+00:00,80.625,81.25612
2025-11-27 21:00:00+00:00,85.105,74.66222
2025-11-27 22:00:00+00:00,69.45750000000001,74.30233
2025-11-27 23:00:00+00:00,60.84,63.589493
2025-11-28 00:00:00+00:00,55.0,59.789635
2025-11-28 01:00:00+00:00,52.93,52.266525
2025-11-28 02:00:00+00:00,47.8825,53.81571
2025-11-28 03:00:00+00:00,58.375,55.117603
2025-11-28 04:00:00+00:00,61.04,71.32363
2025-11-28 05:00:00+00:00,82.8625,82.75404
2025-11-28 06:00:00+00:00,87.82,105.56931
2025-11-28 07:00:00+00:00,100.475,101.538376
2025-11-28 08:00:00+00:00,103.4,102.14642
2025-11-28 09:00:00+00:00,97.845,101.061806
2025-11-28 10:00:00+00:00,102.82,99.35744
2025-11-28 11:00:00+00:00,98.7125,101.17321
2025-11-28 12:00:00+00:00,99.45,101.43362
2025-11-28 13:00:00+00:00,98.79,105.970116
2025-11-28 14:00:00+00:00,104.67,110.97233
2025-11-28 15:00:00+00:00,103.4,116.708786
2025-11-28 16:00:00+00:00,96.1575,119.56743
2025-11-28 17:00:00+00:00,98.125,107.539734
2025-11-28 18:00:00+00:00,93.32,102.604866
2025-11-28 19:00:00+00:00,88.45750000000001,90.841385
2025-11-28 20:00:00+00:00,85.41,85.92832
2025-11-28 21:00:00+00:00,85.545,83.46416
2025-11-28 22:00:00+00:00,77.83,77.76363
2025-11-28 23:00:00+00:00,81.72999999999999,73.469475
2025-11-29 00:00:00+00:00,80.89750000000001,77.93561
2025-11-29 01:00:00+00:00,81.33500000000001,78.119934
2025-11-29 02:00:00+00:00,82.5575,80.208534
2025-11-29 03:00:00+00:00,85.6975,82.27725
2025-11-29 04:00:00+00:00,89.9975,86.24063
2025-11-29 05:00:00+00:00,90.8875,89.34783
2025-11-29 06:00:00+00:00,96.175,95.1047
2025-11-29 07:00:00+00:00,89.15,103.01987
2025-11-29 08:00:00+00:00,101.5825,93.774345
2025-11-29 09:00:00+00:00,101.44,99.3392
2025-11-29 10:00:00+00:00,95.2625,99.4248
2025-11-29 11:00:00+00:00,86.0975,91.90774
2025-11-29 12:00:00+00:00,87.9575,88.049416
2025-11-29 13:00:00+00:00,91.7275,90.73768
2025-11-29 14:00:00+00:00,102.7225,99.222206
2025-11-29 15:00:00+00:00,102.645,110.2615
2025-11-29 16:00:00+00:00,107.085,111.01483
2025-11-29 17:00:00+00:00,98.13,107.01761
2025-11-29 18:00:00+00:00,88.43,94.15009
2025-11-29 19:00:00+00:00,81.1125,81.08625
2025-11-29 20:00:00+00:00,80.8,74.56415
2025-11-29 21:00:00+00:00,83.49000000000001,74.536026
2025-11-29 22:00:00+00:00,77.72749999999999,74.9925
2025-11-29 23:00:00+00:00,75.9725,67.63437
2025-11-30 00:00:00+00:00,69.7825,64.98866
2025-11-30 01:00:00+00:00,67.4375,60.651344
2025-11-30 02:00:00+00:00,65.355,59.761913
2025-11-30 03:00:00+00:00,67.0,59.24763
2025-11-30 04:00:00+00:00,74.2925,62.85473
2025-11-30 05:00:00+00:00,75.5775,68.80507
2025-11-30 06:00:00+00:00,75.975,75.85443
2025-11-30 07:00:00+00:00,79.84,78.617455
2025-11-30 08:00:00+00:00,80.65,79.447464
2025-11-30 09:00:00+00:00,84.4225,79.2085
2025-11-30 10:00:00+00:00,81.5425,82.31741
2025-11-30 11:00:00+00:00,80.695,81.76514
2025-11-30 12:00:00+00:00,82.5175,82.74704
2025-11-30 13:00:00+00:00,87.5475,85.452995
2025-11-30 14:00:00+00:00,93.5775,93.51737
2025-11-30 15:00:00+00:00,92.81,97.55526
2025-11-30 16:00:00+00:00,104.0475,101.311516
2025-11-30 17:00:00+00:00,106.2125,101.710556
2025-11-30 18:00:00+00:00,104.1275,98.63423
2025-11-30 19:00:00+00:00,97.525,91.42184
2025-11-30 20:00:00+00:00,92.93,87.72835
2025-11-30 21:00:00+00:00,92.5975,85.75902
2025-11-30 22:00:00+00:00,87.1275,83.841064
2025-11-30 23:00:00+00:00,87.995,78.781975
2025-12-01 00:00:00+00:00,86.02250000000001,81.41436
2025-12-01 01:00:00+00:00,81.34,81.10671
2025-12-01 02:00:00+00:00,85.14,78.40127
2025-12-01 03:00:00+00:00,80.2575,84.816795
2025-12-01 04:00:00+00:00,88.745,90.832924
2025-12-01 05:00:00+00:00,88.625,98.66308
2025-12-01 06:00:00+00:00,127.86,103.69255
2025-12-01 07:00:00+00:00,139.3325,125.96149
2025-12-01 08:00:00+00:00,105.095,125.630226
2025-12-01 09:00:00+00:00,93.7325,96.17058
2025-12-01 10:00:00+00:00,85.96,87.46385
2025-12-01 11:00:00+00:00,85.01750000000001,81.316795
2025-12-01 12:00:00+00:00,90.07,87.415344
2025-12-01 13:00:00+00:00,107.2175,96.88217
2025-12-01 14:00:00+00:00,120.3225,115.72844
2025-12-01 15:00:00+00:00,112.965,131.2223
2025-12-01 16:00:00+00:00,94.4125,126.55824
2025-12-01 17:00:00+00:00,88.9925,103.62127
2025-12-01 18:00:00+00:00,86.7675,88.84098
2025-12-01 19:00:00+00:00,82.3,79.515724
2025-12-01 20:00:00+00:00,75.95,74.50845
2025-12-01 21:00:00+00:00,76.43,69.252625
2025-12-01 22:00:00+00:00,71.80250000000001,66.14597
2025-12-01 23:00:00+00:00,65.7775,61.75967
2025-12-02 00:00:00+00:00,58.82,55.683613
2025-12-02 01:00:00+00:00,54.935,52.468243
2025-12-02 02:00:00+00:00,53.7325,50.24246
2025-12-02 03:00:00+00:00,50.4675,57.598568
2025-12-02 04:00:00+00:00,64.58500000000001,66.325745
2025-12-02 05:00:00+00:00,78.5125,81.5053
2025-12-02 06:00:00+00:00,87.7875,105.557434
2025-12-02 07:00:00+00:00,87.65,99.01561
2025-12-02 08:00:00+00:00,88.28,93.82198
2025-12-02 09:00:00+00:00,85.8325,90.52254
2025-12-02 10:00:00+00:00,86.7225,88.74146
2025-12-02 11:00:00+00:00,87.44749999999999,88.544136
2025-12-02 12:00:00+00:00,97.035,91.85512
2025-12-02 13:00:00+00:00,105.0075,103.99485
2025-12-02 14:00:00+00:00,140.37,116.64356
2025-12-02 15:00:00+00:00,136.34,150.4355
2025-12-02 16:00:00+00:00,151.64,157.59805
2025-12-02 17:00:00+00:00,162.14249999999998,159.41591
2025-12-02 18:00:00+00:00,163.2025,157.07109
2025-12-02 19:00:00+00:00,154.885,148.57713
2025-12-02 20:00:00+00:00,129.3475,130.94894
2025-12-02 21:00:00+00:00,119.2225,114.28153
2025-12-02 22:00:00+00:00,99.1375,108.06973
2025-12-02 23:00:00+00:00,90.835,95.95957
2025-12-03 00:00:00+00:00,89.0725,89.63717
2025-12-03 01:00:00+00:00,90.2575,89.49178
2025-12-03 02:00:00+00:00,89.8775,91.39445
2025-12-03 03:00:00+00:00,90.02,93.96436
2025-12-03 04:00:00+00:00,98.98,102.00852
2025-12-03 05:00:00+00:00,150.945,119.210754
2025-12-03 06:00:00+00:00,200.0,205.79478
2025-12-03 07:00:00+00:00,249.9975,241.95064
2025-12-03 08:00:00+00:00,219.89,238.49307
2025-12-03 09:00:00+00:00,187.18,208.60715
2025-12-03 10:00:00+00:00,173.3725,182.40695
2025-12-03 11:00:00+00:00,167.725,171.44774
2025-12-03 12:00:00+00:00,181.4075,179.20227
2025-12-03 13:00:00+00:00,199.9375,193.87999
2025-12-03 14:00:00+00:00,242.5625,231.73688
2025-12-03 15:00:00+00:00,308.35,284.56177
2025-12-03 16:00:00+00:00,259.6025,362.8164
2025-12-03 17:00:00+00:00,204.12,260.8842
2025-12-03 18:00:00+00:00,172.6275,175.0881
2025-12-03 19:00:00+00:00,146.24,142.49284
2025-12-03 20:00:00+00:00,124.825,123.04775
2025-12-03 21:00:00+00:00,113.405,111.423325
2025-12-03 22:00:00+00:00,104.135,102.08926
2025-12-03 23:00:00+00:00,97.3825,100.838104
2025-12-04 00:00:00+00:00,93.8825,92.87874
2025-12-04 01:00:00+00:00,90.8325,89.85786
2025-12-04 02:00:00+00:00,90.3575,87.788086
2025-12-04 03:00:00+00:00,92.3275,93.85668
2025-12-04 04:00:00+00:00,96.755,102.20796
2025-12-04 05:00:00+00:00,124.865,117.11927
2025-12-04 06:00:00+00:00,128.41,164.62367
2025-12-04 07:00:00+00:00,144.7025,160.05649
2025-12-04 08:00:00+00:00,163.985,157.33452
2025-12-04 09:00:00+00:00,138.405,159.07083
2025-12-04 10:00:00+00:00,148.0925,138.55989
2025-12-04 11:00:00+00:00,141.9625,144.96158
2025-12-04 12:00:00+00:00,145.1825,149.548
2025-12-04 13:00:00+00:00,152.0675,160.11333
2025-12-04 14:00:00+00:00,150.9925,171.33737
2025-12-04 15:00:00+00:00,145.1975,180.68445
2025-12-04 16:00:00+00:00,144.6975,164.08546
2025-12-04 17:00:00+00:00,142.33249999999998,153.27972
2025-12-04 18:00:00+00:00,134.985,134.33125
2025-12-04 19:00:00+00:00,118.6025,121.19933
2025-12-04 20:00:00+00:00,103.3525,107.694725
2025-12-04 21:00:00+00:00,109.0375,98.481026
2025-12-04 22:00:00+00:00,98.2575,101.90221
2025-12-04 23:00:00+00:00,95.7425,98.099846
2025-12-05 00:00:00+00:00,93.8625,94.22229
2025-12-05 01:00:00+00:00,90.92,93.80854
2025-12-05 02:00:00+00:00,90.5675,91.783195
2025-12-05 03:00:00+00:00,94.03,95.87125
2025-12-05 04:00:00+00:00,100.8725,104.77557
2025-12-05 05:00:00+00:00,123.99,124.86794
2025-12-05 06:00:00+00:00,162.4175,160.71484
2025-12-05 07:00:00+00:00,184.4325,189.40112
2025-12-05 08:00:00+00:00,184.145,182.57892
2025-12-05 09:00:00+00:00,171.3475,175.71309
2025-12-05 10:00:00+00:00,167.515,162.85704
2025-12-05 11:00:00+00:00,161.56,168.0131
2025-12-05 12:00:00+00:00,157.4475,160.56354
2025-12-05 13:00:00+00:00,161.1775,173.92882
2025-12-05 14:00:00+00:00,162.3475,180.43413
2025-12-05 15:00:00+00:00,169.4975,180.2999
2025-12-05 16:00:00+00:00,158.305,187.25226
2025-12-05 17:00:00+00:00,147.2475,165.62653
2025-12-05 18:00:00+00:00,131.54,140.0472
2025-12-05 19:00:00+00:00,115.15,121.50146
2025-12-05 20:00:00+00:00,97.555,110.54001
2025-12-05 21:00:00+00:00,93.08,98.73297
2025-12-05 22:00:00+00:00,84.1225,92.27674
2025-12-05 23:00:00+00:00,82.08,84.10525
2025-12-06 00:00:00+00:00,76.9725,79.45423
2025-12-06 01:00:00+00:00,73.63,71.783394
2025-12-06 02:00:00+00:00,70.01,67.61355
2025-12-06 03:00:00+00:00,67.42750000000001,62.794567
2025-12-06 04:00:00+00:00,64.9725,62.093483
2025-12-06 05:00:00+00:00,64.585,59.90667
2025-12-06 06:00:00+00:00,67.87,64.320465
2025-12-06 07:00:00+00:00,78.6125,72.89539
2025-12-06 08:00:00+00:00,80.94,77.59171
2025-12-06 09:00:00+00:00,82.295,78.42195
2025-12-06 10:00:00+00:00,80.6125,80.66059
2025-12-06 11:00:00+00:00,80.615,80.055145
2025-12-06 12:00:00+00:00,81.325,82.95135
2025-12-06 13:00:00+00:00,86.1725,89.252235
2025-12-06 14:00:00+00:00,91.0225,96.07884
2025-12-06 15:00:00+00:00,95.5875,99.23349
2025-12-06 16:00:00+00:00,95.1175,101.86428
2025-12-06 17:00:00+00:00,89.1825,92.70724
2025-12-06 18:00:00+00:00,89.655,82.42625
2025-12-06 19:00:00+00:00,83.385,79.06967
2025-12-06 20:00:00+00:00,80.61,73.581985
2025-12-06 21:00:00+00:00,76.495,70.879265
2025-12-06 22:00:00+00:00,71.565,62.777275
2025-12-06 23:00:00+00:00,67.32249999999999,56.6141
2025-12-07 00:00:00+00:00,60.995000000000005,56.31644
2025-12-07 01:00:00+00:00,59.4225,53.080963
2025-12-07 02:00:00+00:00,58.56,51.776897
2025-12-07 03:00:00+00:00,62.075,54.09112
2025-12-07 04:00:00+00:00,62.005,59.345768
2025-12-07 05:00:00+00:00,63.72,59.7852
2025-12-07 06:00:00+00:00,71.83500000000001,65.91803
2025-12-07 07:00:00+00:00,77.9975,77.89807
2025-12-07 08:00:00+00:00,85.555,80.4951
2025-12-07 09:00:00+00:00,90.53,83.86465
2025-12-07 10:00:00+00:00,91.9225,89.53117
2025-12-07 11:00:00+00:00,97.4375,90.44675
2025-12-07 12:00:00+00:00,99.5725,95.313034
2025-12-07 13:00:00+00:00,104.145,99.067375
2025-12-07 14:00:00+00:00,105.735,106.04239
2025-12-07 15:00:00+00:00,109.6075,108.16141
2025-12-07 16:00:00+00:00,111.82,117.10594
2025-12-07 17:00:00+00:00,96.88,112.60461
2025-12-07 18:00:00+00:00,87.4625,89.56279
2025-12-07 19:00:00+00:00,83.75999999999999,77.60935
2025-12-07 20:00:00+00:00,73.72,69.51421
2025-12-07 21:00:00+00:00,65.5975,55.934303
2025-12-07 22:00:00+00:00,41.7375,47.089558
2025-12-07 23:00:00+00:00,19.27,25.44069
2025-12-08 00:00:00+00:00,11.09,13.336177
2025-12-08 01:00:00+00:00,11.6625,9.159643
2025-12-08 02:00:00+00:00,5.59,10.244277
2025-12-08 03:00:00+00:00,12.89,6.521697
2025-12-08 04:00:00+00:00,28.655,21.326334
2025-12-08 05:00:00+00:00,64.3175,49.912968
2025-12-08 06:00:00+00:00,82.84,86.09876
2025-12-08 07:00:00+00:00,100.0,97.69998
2025-12-08 08:00:00+00:00,98.3375,93.62846
2025-12-08 09:00:00+00:00,86.0375,90.27784
2025-12-08 10:00:00+00:00,79.99000000000001,81.96885
2025-12-08 11:00:00+00:00,79.3475,79.17226
2025-12-08 12:00:00+00:00,86.845,82.107
2025-12-08 13:00:00+00:00,94.08,97.95359
2025-12-08 14:00:00+00:00,100.145,106.83166
2025-12-08 15:00:00+00:00,101.075,110.6452
2025-12-08 16:00:00+00:00,109.85,111.18661
2025-12-08 17:00:00+00:00,100.2625,107.27827
2025-12-08 18:00:00+00:00,96.635,90.65533
2025-12-08 19:00:00+00:00,89.345,83.04706
2025-12-08 20:00:00+00:00,83.5175,79.67809
2025-12-08 21:00:00+00:00,80.21,75.07102
2025-12-08 22:00:00+00:00,73.2525,71.1215
2025-12-08 23:00:00+00:00,73.69749999999999,62.99571
2025-12-09 00:00:00+00:00,72.785,68.1659
2025-12-09 01:00:00+00:00,73.7125,69.469955
2025-12-09 02:00:00+00:00,74.845,70.889565
2025-12-09 03:00:00+00:00,73.72,74.75229
2025-12-09 04:00:00+00:00,80.205,81.329796
2025-12-09 05:00:00+00:00,98.8475,91.930244
2025-12-09 06:00:00+00:00,105.79,109.95016
2025-12-09 07:00:00+00:00,129.75,111.45696
2025-12-09 08:00:00+00:00,111.335,117.34653
2025-12-09 09:00:00+00:00,103.06,104.18241
2025-12-09 10:00:00+00:00,103.34,96.67635
2025-12-09 11:00:00+00:00,97.83,95.301025
2025-12-09 12:00:00+00:00,101.1,95.66245
2025-12-09 13:00:00+00:00,100.22,103.477486
2025-12-09 14:00:00+00:00,110.885,110.64715
2025-12-09 15:00:00+00:00,108.3,119.16807
2025-12-09 16:00:00+00:00,104.5675,118.83612
2025-12-09 17:00:00+00:00,96.91,112.62967
2025-12-09 18:00:00+00:00,85.1025,95.84347
2025-12-09 19:00:00+00:00,83.67,82.013535
2025-12-09 20:00:00+00:00,79.35499999999999,75.5077
2025-12-09 21:00:00+00:00,73.3325,68.42735
2025-12-09 22:00:00+00:00,55.42,59.093395
2025-12-09 23:00:00+00:00,43.9,47.735325
2025-12-10 00:00:00+00:00,36.48,38.694996
2025-12-10 01:00:00+00:00,31.0,31.550764
2025-12-10 02:00:00+00:00,35.1125,30.885115
2025-12-10 03:00:00+00:00,48.09,40.49794
2025-12-10 04:00:00+00:00,69.65,62.088326
2025-12-10 05:00:00+00:00,79.12,89.68778
2025-12-10 06:00:00+00:00,87.505,107.21068
2025-12-10 07:00:00+00:00,94.3325,104.4439
2025-12-10 08:00:00+00:00,94.225,101.27954
2025-12-10 09:00:00+00:00,87.72749999999999,98.041824
2025-12-10 10:00:00+00:00,80.9975,94.53899
2025-12-10 11:00:00+00:00,79.5,87.105515
2025-12-10 12:00:00+00:00,81.4425,87.87596
2025-12-10 13:00:00+00:00,90.2225,94.67817
2025-12-10 14:00:00+00:00,100.665,103.174034
2025-12-10 15:00:00+00:00,104.0025,111.19662
2025-12-10 16:00:00+00:00,105.6725,117.552025
2025-12-10 17:00:00+00:00,104.695,111.6605
2025-12-10 18:00:00+00:00,96.7725,102.03667
2025-12-10 19:00:00+00:00,87.75,89.68845
2025-12-10 20:00:00+00:00,86.31,82.750305
2025-12-10 21:00:00+00:00,82.485,79.850266
2025-12-10 22:00:00+00:00,76.425,74.19116
2025-12-10 23:00:00+00:00,73.975,67.30293
2025-12-11 00:00:00+00:00,73.41749999999999,67.915596
2025-12-11 01:00:00+00:00,72.515,65.37229
2025-12-11 02:00:00+00:00,75.2075,68.24594
2025-12-11 03:00:00+00:00,76.9125,73.85202
2025-12-11 04:00:00+00:00,80.5925,83.900475
2025-12-11 05:00:00+00:00,90.09,93.93406
2025-12-11 06:00:00+00:00,98.11,105.51035
2025-12-11 07:00:00+00:00,110.3575,109.946594
2025-12-11 08:00:00+00:00,106.1675,111.74426
2025-12-11 09:00:00+00:00,93.18,102.32946
2025-12-11 10:00:00+00:00,91.9175,93.410065
2025-12-11 11:00:00+00:00,89.4,89.72597
2025-12-11 12:00:00+00:00,90.22,90.35849
2025-12-11 13:00:00+00:00,97.7875,94.8114
2025-12-11 14:00:00+00:00,111.265,107.37999
2025-12-11 15:00:00+00:00,114.7,121.295784
2025-12-11 16:00:00+00:00,115.405,122.007454
2025-12-11 17:00:00+00:00,112.5675,118.13316
2025-12-11 18:00:00+00:00,107.79,111.91358
2025-12-11 19:00:00+00:00,103.6425,98.73486
2025-12-11 20:00:00+00:00,94.3925,93.86226
2025-12-11 21:00:00+00:00,93.585,91.514465
2025-12-11 22:00:00+00:00,93.735,89.24811
2025-12-11 23:00:00+00:00,83.78,91.345695
2025-12-12 00:00:00+00:00,86.22,82.996826
2025-12-12 01:00:00+00:00,87.9,84.22911
2025-12-12 02:00:00+00:00,90.1825,86.7755
2025-12-12 03:00:00+00:00,90.7075,92.63105
2025-12-12 04:00:00+00:00,92.2125,99.30759
2025-12-12 05:00:00+00:00,101.2275,108.11825
2025-12-12 06:00:00+00:00,121.325,121.94595
2025-12-12 07:00:00+00:00,130.8525,136.87335
2025-12-12 08:00:00+00:00,126.9025,136.03583
2025-12-12 09:00:00+00:00,121.955,127.20381
2025-12-12 10:00:00+00:00,118.305,121.50284
2025-12-12 11:00:00+00:00,113.0675,120.076675
2025-12-12 12:00:00+00:00,118.26,121.218254
2025-12-12 13:00:00+00:00,126.8225,129.97847
2025-12-12 14:00:00+00:00,131.9475,142.39072
2025-12-12 15:00:00+00:00,145.4875,150.18784
2025-12-12 16:00:00+00:00,146.825,163.9162
2025-12-12 17:00:00+00:00,133.1,151.75235
2025-12-12 18:00:00+00:00,128.0575,125.72771
2025-12-12 19:00:00+00:00,117.0025,113.88857
2025-12-12 20:00:00+00:00,114.93,108.19621
2025-12-12 21:00:00+00:00,103.82,106.07569
2025-12-12 22:00:00+00:00,91.7525,99.40994
2025-12-12 23:00:00+00:00,92.2825,90.32295
2025-12-13 00:00:00+00:00,90.5025,90.53037
2025-12-13 01:00:00+00:00,87.39,89.158875
2025-12-13 02:00:00+00:00,87.0425,85.08577
2025-12-13 03:00:00+00:00,85.0,86.416664
2025-12-13 04:00:00+00:00,84.66749999999999,85.42826
2025-12-13 05:00:00+00:00,79.1425,88.7097
2025-12-13 06:00:00+00:00,81.135,84.06256
2025-12-13 07:00:00+00:00,95.9525,92.02407
2025-12-13 08:00:00+00:00,106.77,101.19504
2025-12-13 09:00:00+00:00,102.585,111.90376
2025-12-13 10:00:00+00:00,98.0925,110.40308
2025-12-13 11:00:00+00:00,93.7575,103.19683
2025-12-13 12:00:00+00:00,92.935,98.534836
2025-12-13 13:00:00+00:00,95.7575,101.20902
2025-12-13 14:00:00+00:00,114.6575,102.650566
2025-12-13 15:00:00+00:00,119.7075,125.82915
2025-12-13 16:00:00+00:00,118.4475,129.0501
2025-12-13 17:00:00+00:00,112.255,124.22298
2025-12-13 18:00:00+00:00,103.63,115.66077
2025-12-13 19:00:00+00:00,91.7075,101.33715
2025-12-13 20:00:00+00:00,90.5575,89.642365
2025-12-13 21:00:00+00:00,93.685,89.53501
2025-12-13 22:00:00+00:00,84.3875,88.585526
2025-12-13 23:00:00+00:00,91.195,80.63298
2025-12-14 00:00:00+00:00,90.5225,84.35311
2025-12-14 01:00:00+00:00,81.9,84.997086
2025-12-14 02:00:00+00:00,79.95,78.535416
2025-12-14 03:00:00+00:00,77.305,77.189316
2025-12-14 04:00:00+00:00,78.7625,76.062454
2025-12-14 05:00:00+00:00,77.175,76.68025
2025-12-14 06:00:00+00:00,77.4725,78.01337
2025-12-14 07:00:00+00:00,81.76,83.56554
2025-12-14 08:00:00+00:00,82.345,86.13691
2025-12-14 09:00:00+00:00,80.005,85.66693
2025-12-14 10:00:00+00:00,84.0775,82.67919
2025-12-14 11:00:00+00:00,87.27250000000001,85.32785
2025-12-14 12:00:00+00:00,86.95750000000001,88.62445
2025-12-14 13:00:00+00:00,88.65,91.749855
2025-12-14 14:00:00+00:00,92.0975,97.08223
2025-12-14 15:00:00+00:00,99.2825,102.302345
2025-12-14 16:00:00+00:00,102.785,111.33913
2025-12-14 17:00:00+00:00,103.2925,106.93652
2025-12-14 18:00:00+00:00,92.99,99.27324
2025-12-14 19:00:00+00:00,90.3975,86.31244
2025-12-14 20:00:00+00:00,84.4025,85.46222
2025-12-14 21:00:00+00:00,82.65,79.77715
2025-12-14 22:00:00+00:00,75.75,75.51154
2025-12-14 23:00:00+00:00,72.5,69.898026
2025-12-15 00:00:00+00:00,71.8775,69.20425
2025-12-15 01:00:00+00:00,71.0375,68.666885
2025-12-15 02:00:00+00:00,70.6675,68.092705
2025-12-15 03:00:00+00:00,75.28,71.065
2025-12-15 04:00:00+00:00,76.8025,82.44388
2025-12-15 05:00:00+00:00,86.525,87.98723
2025-12-15 06:00:00+00:00,98.79,98.0607
2025-12-15 07:00:00+00:00,101.1275,107.27015
2025-12-15 08:00:00+00:00,96.65,102.26803
2025-12-15 09:00:00+00:00,89.61500000000001,93.39
2025-12-15 10:00:00+00:00,79.7225,86.06396
2025-12-15 11:00:00+00:00,79.77,75.50732
2025-12-15 12:00:00+00:00,88.26,82.29392
2025-12-15 13:00:00+00:00,95.4375,92.630356
2025-12-15 14:00:00+00:00,107.3,101.95395
2025-12-15 15:00:00+00:00,108.655,113.650375
2025-12-15 16:00:00+00:00,104.2125,114.89469
2025-12-15 17:00:00+00:00,98.1575,108.14703
2025-12-15 18:00:00+00:00,90.4175,97.37412
2025-12-15 19:00:00+00:00,84.25,84.48259
2025-12-15 20:00:00+00:00,85.17,79.04613
2025-12-15 21:00:00+00:00,84.9775,79.941765
2025-12-15 22:00:00+00:00,80.4625,78.495636
2025-12-15 23:00:00+00:00,80.67,74.74142
2025-12-16 00:00:00+00:00,79.05250000000001,76.820175
2025-12-16 01:00:00+00:00,77.0975,75.43005
2025-12-16 02:00:00+00:00,79.0525,75.57352
2025-12-16 03:00:00+00:00,80.3875,80.682495
2025-12-16 04:00:00+00:00,82.3125,89.90085
2025-12-16 05:00:00+00:00,88.4,94.354515
2025-12-16 06:00:00+00:00,91.385,102.640656
2025-12-16 07:00:00+00:00,100.4675,105.67586
2025-12-16 08:00:00+00:00,101.265,101.95965
2025-12-16 09:00:00+00:00,92.345,100.63237
2025-12-16 10:00:00+00:00,90.6075,91.5693
2025-12-16 11:00:00+00:00,91.5125,89.391426
2025-12-16 12:00:00+00:00,99.885,92.53682
2025-12-16 13:00:00+00:00,124.3975,102.434525
2025-12-16 14:00:00+00:00,139.3775,128.52678
2025-12-16 15:00:00+00:00,155.3125,143.0961
2025-12-16 16:00:00+00:00,162.20499999999998,165.79877
2025-12-16 17:00:00+00:00,142.25,158.08102
2025-12-16 18:00:00+00:00,137.0975,132.95618
2025-12-16 19:00:00+00:00,128.85,120.00898
2025-12-16 20:00:00+00:00,118.9425,117.585365
2025-12-16 21:00:00+00:00,115.575,108.70451
2025-12-16 22:00:00+00:00,103.42,108.23438
2025-12-16 23:00:00+00:00,89.0025,100.3798
2025-12-17 00:00:00+00:00,89.79,87.31385
2025-12-17 01:00:00+00:00,86.4925,88.83139
2025-12-17 02:00:00+00:00,85.025,86.20455
2025-12-17 03:00:00+00:00,88.0775,87.9883
2025-12-17 04:00:00+00:00,90.4975,96.882355
2025-12-17 05:00:00+00:00,95.4875,106.777084
2025-12-17 06:00:00+00:00,108.825,113.08547
2025-12-17 07:00:00+00:00,133.46,126.81283
2025-12-17 08:00:00+00:00,126.295,131.45616
2025-12-17 09:00:00+00:00,124.535,122.02936
2025-12-17 10:00:00+00:00,118.15,114.14836
2025-12-17 11:00:00+00:00,111.895,111.43617
2025-12-17 12:00:00+00:00,122.6575,114.29154
2025-12-17 13:00:00+00:00,129.97,128.83995
2025-12-17 14:00:00+00:00,127.5025,142.8734
2025-12-17 15:00:00+00:00,126.4975,137.79288
2025-12-17 16:00:00+00:00,122.825,135.32344
2025-12-17 17:00:00+00:00,111.4,124.00619
2025-12-17 18:00:00+00:00,97.505,114.71992
2025-12-17 19:00:00+00:00,94.71,95.17167
2025-12-17 20:00:00+00:00,94.7025,91.298874
2025-12-17 21:00:00+00:00,93.2175,90.94476
2025-12-17 22:00:00+00:00,85.0,87.299965
2025-12-17 23:00:00+00:00,77.755,76.82155
2025-12-18 00:00:00+00:00,69.065,71.95658
2025-12-18 01:00:00+00:00,60.1275,64.251175
2025-12-18 02:00:00+00:00,48.89,60.40656
2025-12-18 03:00:00+00:00,44.8175,49.699512
2025-12-18 04:00:00+00:00,50.8275,57.741276
2025-12-18 05:00:00+00:00,63.24250000000001,66.72821
2025-12-18 06:00:00+00:00,81.525,82.07279
2025-12-18 07:00:00+00:00,90.7425,92.35891
2025-12-18 08:00:00+00:00,88.5575,88.660805
2025-12-18 09:00:00+00:00,78.2825,79.35758
2025-12-18 10:00:00+00:00,78.2875,65.76433
2025-12-18 11:00:00+00:00,77.4225,66.74294
2025-12-18 12:00:00+00:00,79.47749999999999,71.25575
2025-12-18 13:00:00+00:00,103.755,79.501236
2025-12-18 14:00:00+00:00,114.4925,109.00449
2025-12-18 15:00:00+00:00,110.8825,116.493706
2025-12-18 16:00:00+00:00,103.4175,112.022964
2025-12-18 17:00:00+00:00,88.255,98.417534
2025-12-18 18:00:00+00:00,80.14,79.43017
2025-12-18 19:00:00+00:00,67.6825,67.81441
2025-12-18 20:00:00+00:00,53.255,54.918808
2025-12-18 21:00:00+00:00,51.8,46.08153
2025-12-18 22:00:00+00:00,18.6525,34.865532
2025-12-18 23:00:00+00:00,9.84,11.973593
2025-12-19 00:00:00+00:00,5.8575,8.823154
2025-12-19 01:00:00+00:00,4.33,4.1515164
2025-12-19 02:00:00+00:00,3.515,5.5615196
2025-12-19 03:00:00+00:00,4.115,9.342959
2025-12-19 04:00:00+00:00,10.775,20.010006
2025-12-19 05:00:00+00:00,40.28,40.580574
2025-12-19 06:00:00+00:00,76.7125,62.5158
2025-12-19 07:00:00+00:00,89.5425,89.73863
2025-12-19 08:00:00+00:00,89.38499999999999,92.037766
2025-12-19 09:00:00+00:00,89.23,89.01347
2025-12-19 10:00:00+00:00,87.49000000000001,90.47229
2025-12-19 11:00:00+00:00,84.57249999999999,90.91608
2025-12-19 12:00:00+00:00,87.625,91.973564
2025-12-19 13:00:00+00:00,93.3475,101.21421
2025-12-19 14:00:00+00:00,97.4025,107.045074
2025-12-19 15:00:00+00:00,100.3325,114.58163
2025-12-19 16:00:00+00:00,106.905,123.86868
2025-12-19 17:00:00+00:00,107.48,117.28956
2025-12-19 18:00:00+00:00,105.1225,107.81347
2025-12-19 19:00:00+00:00,102.91,98.06774
2025-12-19 20:00:00+00:00,98.4625,98.79989
2025-12-19 21:00:00+00:00,96.2775,95.938225
2025-12-19 22:00:00+00:00,90.18,87.60199
2025-12-19 23:00:00+00:00,84.8125,86.75266
2025-12-20 00:00:00+00:00,83.4,82.265755
2025-12-20 01:00:00+00:00,85.0025,82.00102
2025-12-20 02:00:00+00:00,87.4875,84.19805
2025-12-20 03:00:00+00:00,88.46000000000001,88.26576
2025-12-20 04:00:00+00:00,89.915,89.69255
2025-12-20 05:00:00+00:00,95.975,90.87836
2025-12-20 06:00:00+00:00,104.0,100.5255
2025-12-20 07:00:00+00:00,113.2075,111.74643
2025-12-20 08:00:00+00:00,114.8,114.703865
2025-12-20 09:00:00+00:00,112.6675,114.57932
2025-12-20 10:00:00+00:00,110.9875,111.18082
2025-12-20 11:00:00+00:00,110.2675,109.73471
2025-12-20 12:00:00+00:00,114.9825,112.84471
2025-12-20 13:00:00+00:00,119.4825,120.46446
2025-12-20 14:00:00+00:00,120.6375,127.95814
2025-12-20 15:00:00+00:00,120.205,136.56317
2025-12-20 16:00:00+00:00,122.3925,136.27931
2025-12-20 17:00:00+00:00,118.265,127.911446
2025-12-20 18:00:00+00:00,104.11,115.6776
2025-12-20 19:00:00+00:00,96.3825,100.37637
2025-12-20 20:00:00+00:00,93.01,95.41069
2025-12-20 21:00:00+00:00,92.245,91.73285
2025-12-20 22:00:00+00:00,90.6725,90.10079
2025-12-20 23:00:00+00:00,95.7,88.20587
2025-12-21 00:00:00+00:00,90.045,89.85341
2025-12-21 01:00:00+00:00,86.485,85.25768
2025-12-21 02:00:00+00:00,85.39500000000001,81.54786
2025-12-21 03:00:00+00:00,85.6275,81.232376
2025-12-21 04:00:00+00:00,86.825,82.11773
2025-12-21 05:00:00+00:00,88.14,83.13398
2025-12-21 06:00:00+00:00,92.8525,89.62423
2025-12-21 07:00:00+00:00,102.1475,96.37111
2025-12-21 08:00:00+00:00,107.01,99.24091
2025-12-21 09:00:00+00:00,102.5825,100.7594
2025-12-21 10:00:00+00:00,101.3,96.083626
2025-12-21 11:00:00+00:00,98.4825,92.94809
2025-12-21 12:00:00+00:00,94.8675,92.2188
2025-12-21 13:00:00+00:00,98.8925,94.48956
2025-12-21 14:00:00+00:00,100.87,102.57123
2025-12-21 15:00:00+00:00,97.515,105.84075
2025-12-21 16:00:00+00:00,97.0675,104.731674
2025-12-21 17:00:00+00:00,90.795,96.43284
2025-12-21 18:00:00+00:00,86.14,84.99485
2025-12-21 19:00:00+00:00,81.655,74.8985
2025-12-21 20:00:00+00:00,78.8625,68.664406
2025-12-21 21:00:00+00:00,77.495,65.82069
2025-12-21 22:00:00+00:00,70.905,62.82142
2025-12-21 23:00:00+00:00,70.22749999999999,56.221344
2025-12-22 00:00:00+00:00,68.8275,58.4692
2025-12-22 01:00:00+00:00,67.785,57.545063
2025-12-22 02:00:00+00:00,66.31,58.29591
2025-12-22 03:00:00+00:00,71.5175,59.882267
2025-12-22 04:00:00+00:00,74.1125,68.824326
2025-12-22 05:00:00+00:00,78.1875,77.131836
2025-12-22 06:00:00+00:00,90.4475,88.8175
2025-12-22 07:00:00+00:00,93.3425,100.40448
2025-12-22 08:00:00+00:00,90.7925,96.46634
2025-12-22 09:00:00+00:00,89.2475,92.22591
2025-12-22 10:00:00+00:00,85.0,91.53365
2025-12-22 11:00:00+00:00,86.34,86.749245
2025-12-22 12:00:00+00:00,88.615,88.62414
2025-12-22 13:00:00+00:00,92.1225,90.7934
2025-12-22 14:00:00+00:00,99.5375,101.41785
2025-12-22 15:00:00+00:00,101.18,106.08569
2025-12-22 16:00:00+00:00,107.8925,109.4309
2025-12-22 17:00:00+00:00,100.9,107.46074
2025-12-22 18:00:00+00:00,93.79,96.193054
2025-12-22 19:00:00+00:00,89.47749999999999,84.21857
2025-12-22 20:00:00+00:00,84.86,82.30249
2025-12-22 21:00:00+00:00,84.8225,78.02938
2025-12-22 22:00:00+00:00,77.9675,74.91105
2025-12-22 23:00:00+00:00,72.2325,65.8192
2025-12-23 00:00:00+00:00,65.0325,60.153526
2025-12-23 01:00:00+00:00,62.005,56.33304
2025-12-23 02:00:00+00:00,59.06,56.639194
2025-12-23 03:00:00+00:00,58.1125,55.19296
2025-12-23 04:00:00+00:00,59.0225,59.9534
2025-12-23 05:00:00+00:00,67.8475,62.494633
2025-12-23 06:00:00+00:00,78.0175,75.212364
2025-12-23 07:00:00+00:00,83.875,82.84957
2025-12-23 08:00:00+00:00,85.465,86.30859
2025-12-23 09:00:00+00:00,83.8375,84.64422
2025-12-23 10:00:00+00:00,81.86749999999999,82.77394
2025-12-23 11:00:00+00:00,80.485,81.39988
2025-12-23 12:00:00+00:00,79.2125,80.72786
2025-12-23 13:00:00+00:00,79.215,80.21061
2025-12-23 14:00:00+00:00,81.8275,80.48802
2025-12-23 15:00:00+00:00,83.6875,83.40334
2025-12-23 16:00:00+00:00,82.4675,89.73052
2025-12-23 17:00:00+00:00,83.945,82.70659
2025-12-23 18:00:00+00:00,82.465,76.8281
2025-12-23 19:00:00+00:00,78.005,71.12519
2025-12-23 20:00:00+00:00,69.93,62.94595
2025-12-23 21:00:00+00:00,71.83500000000001,56.333054
2025-12-23 22:00:00+00:00,64.0925,54.48942
2025-12-23 23:00:00+00:00,60.2475,48.753887
2025-12-24 00:00:00+00:00,55.8625,50.31551
2025-12-24 01:00:00+00:00,56.8,42.229446
2025-12-24 02:00:00+00:00,55.84,46.985367
2025-12-24 03:00:00+00:00,55.8475,45.23898
2025-12-24 04:00:00+00:00,55.85,49.222977
2025-12-24 05:00:00+00:00,57.215,52.370987
2025-12-24 06:00:00+00:00,67.44500000000001,57.94382
2025-12-24 07:00:00+00:00,81.0,68.05615
2025-12-24 08:00:00+00:00,82.47,79.79096
2025-12-24 09:00:00+00:00,76.02250000000001,75.95082
2025-12-24 10:00:00+00:00,69.2875,65.431335
2025-12-24 11:00:00+00:00,68.5125,57.66502
2025-12-24 12:00:00+00:00,67.9875,59.922195
2025-12-24 13:00:00+00:00,73.7575,67.17039
2025-12-24 14:00:00+00:00,83.0525,72.679344
2025-12-24 15:00:00+00:00,87.9,82.15253
2025-12-24 16:00:00+00:00,89.1325,91.05828
2025-12-24 17:00:00+00:00,78.9075,84.24799
2025-12-24 18:00:00+00:00,71.77250000000001,61.3908
2025-12-24 19:00:00+00:00,68.1575,53.701157
2025-12-24 20:00:00+00:00,67.9875,52.714664
2025-12-24 21:00:00+00:00,69.0075,54.482086
2025-12-24 22:00:00+00:00,65.1625,54.562607
2025-12-24 23:00:00+00:00,63.22,51.884438
2025-12-25 00:00:00+00:00,58.4425,55.29978
2025-12-25 01:00:00+00:00,56.8575,50.94903
2025-12-25 02:00:00+00:00,55.845,47.95283
2025-12-25 03:00:00+00:00,54.53,48.11386
2025-12-25 04:00:00+00:00,52.605,50.0132
2025-12-25 05:00:00+00:00,49.165,49.84817
2025-12-25 06:00:00+00:00,54.0275,51.358704
2025-12-25 07:00:00+00:00,64.205,58.285034
2025-12-25 08:00:00+00:00,64.7075,64.17958
2025-12-25 09:00:00+00:00,53.765,59.49372
2025-12-25 10:00:00+00:00,48.9825,51.053963
2025-12-25 11:00:00+00:00,48.4875,44.710583
2025-12-25 12:00:00+00:00,47.865,47.133045
2025-12-25 13:00:00+00:00,68.5475,58.975033
2025-12-25 14:00:00+00:00,89.41499999999999,83.44776
2025-12-25 15:00:00+00:00,92.235,98.33597
2025-12-25 16:00:00+00:00,94.005,101.26208
2025-12-25 17:00:00+00:00,94.055,94.51553
2025-12-25 18:00:00+00:00,91.715,88.723694
2025-12-25 19:00:00+00:00,91.0325,81.275375
2025-12-25 20:00:00+00:00,92.7,82.28656
2025-12-25 21:00:00+00:00,96.1525,84.374504
2025-12-25 22:00:00+00:00,91.47,85.221436
2025-12-25 23:00:00+00:00,97.1,84.26106
2025-12-26 00:00:00+00:00,91.0525,86.02282
2025-12-26 01:00:00+00:00,85.8175,84.231224
2025-12-26 02:00:00+00:00,83.05250000000001,81.03666
2025-12-26 03:00:00+00:00,82.3925,80.68558
2025-12-26 04:00:00+00:00,82.83500000000001,82.91475
2025-12-26 05:00:00+00:00,85.02,84.867935
2025-12-26 06:00:00+00:00,93.115,87.063515
2025-12-26 07:00:00+00:00,98.9,97.76223
2025-12-26 08:00:00+00:00,96.73,98.07884
2025-12-26 09:00:00+00:00,89.25,88.26605
2025-12-26 10:00:00+00:00,84.9925,85.39983
2025-12-26 11:00:00+00:00,82.3125,78.99488
2025-12-26 12:00:00+00:00,83.0975,81.31757
2025-12-26 13:00:00+00:00,92.7,87.161674
2025-12-26 14:00:00+00:00,109.1425,102.07177
2025-12-26 15:00:00+00:00,116.7725,120.807076
2025-12-26 16:00:00+00:00,120.47,128.7887
2025-12-26 17:00:00+00:00,116.9725,125.11779
2025-12-26 18:00:00+00:00,116.2625,118.516525
2025-12-26 19:00:00+00:00,113.725,107.889
2025-12-26 20:00:00+00:00,111.5,105.57757
2025-12-26 21:00:00+00:00,108.255,105.51502
2025-12-26 22:00:00+00:00,99.3675,100.04339
2025-12-26 23:00:00+00:00,96.69,96.09839
2025-12-27 00:00:00+00:00,91.725,91.877785
2025-12-27 01:00:00+00:00,84.7075,88.448524
2025-12-27 02:00:00+00:00,82.7175,83.17125
2025-12-27 03:00:00+00:00,83.9975,82.37691
2025-12-27 04:00:00+00:00,83.17,83.969215
2025-12-27 05:00:00+00:00,88.015,83.42562
2025-12-27 06:00:00+00:00,99.505,91.59958
2025-12-27 07:00:00+00:00,102.32,102.71929
2025-12-27 08:00:00+00:00,93.81,99.66304
2025-12-27 09:00:00+00:00,80.0325,88.465675
2025-12-27 10:00:00+00:00,75.395,73.16183
2025-12-27 11:00:00+00:00,74.54,67.70881
2025-12-27 12:00:00+00:00,76.7375,72.05397
2025-12-27 13:00:00+00:00,81.19999999999999,80.86404
2025-12-27 14:00:00+00:00,94.5425,94.11814
2025-12-27 15:00:00+00:00,103.0075,103.56252
2025-12-27 16:00:00+00:00,105.925,117.44347
2025-12-27 17:00:00+00:00,108.4275,113.40124
2025-12-27 18:00:00+00:00,105.0,103.66031
2025-12-27 19:00:00+00:00,102.5875,95.160255
2025-12-27 20:00:00+00:00,93.895,96.93511
2025-12-27 21:00:00+00:00,95.4175,91.75923
2025-12-27 22:00:00+00:00,91.295,90.50477
2025-12-27 23:00:00+00:00,84.33500000000001,88.462364
2025-12-28 00:00:00+00:00,83.37,80.788994
2025-12-28 01:00:00+00:00,79.96000000000001,80.942764
2025-12-28 02:00:00+00:00,78.8175,79.89149
2025-12-28 03:00:00+00:00,80.4475,80.00488
2025-12-28 04:00:00+00:00,83.61,84.16729
2025-12-28 05:00:00+00:00,86.47749999999999,86.36992
2025-12-28 06:00:00+00:00,92.15,89.950874
2025-12-28 07:00:00+00:00,97.3625,103.324615
2025-12-28 08:00:00+00:00,96.565,101.2419
2025-12-28 09:00:00+00:00,88.2125,94.62205
2025-12-28 10:00:00+00:00,88.3675,85.94097
2025-12-28 11:00:00+00:00,80.0225,85.33827
2025-12-28 12:00:00+00:00,80.025,80.16092
2025-12-28 13:00:00+00:00,86.6775,86.566895
2025-12-28 14:00:00+00:00,100.87,96.40746
2025-12-28 15:00:00+00:00,110.8825,113.551735
2025-12-28 16:00:00+00:00,113.7025,121.18639
2025-12-28 17:00:00+00:00,114.455,116.305374
2025-12-28 18:00:00+00:00,109.3325,107.863266
2025-12-28 19:00:00+00:00,105.01,101.31251
2025-12-28 20:00:00+00:00,99.0275,97.245026
2025-12-28 21:00:00+00:00,98.2825,91.433716
2025-12-28 22:00:00+00:00,88.44,90.16121
2025-12-28 23:00:00+00:00,89.88,80.23611
2025-12-29 00:00:00+00:00,84.98249999999999,83.23819
2025-12-29 01:00:00+00:00,84.1825,79.44599
2025-12-29 02:00:00+00:00,82.19,80.172424
2025-12-29 03:00:00+00:00,83.6225,81.75423
2025-12-29 04:00:00+00:00,90.7925,87.06247
2025-12-29 05:00:00+00:00,96.3325,95.70689
2025-12-29 06:00:00+00:00,104.7175,102.19229
2025-12-29 07:00:00+00:00,113.8775,108.97153
2025-12-29 08:00:00+00:00,111.01,111.07107
2025-12-29 09:00:00+00:00,97.645,108.93948
2025-12-29 10:00:00+00:00,90.345,94.92504
2025-12-29 11:00:00+00:00,87.6575,88.098694
2025-12-29 12:00:00+00:00,88.52250000000001,87.05239
2025-12-29 13:00:00+00:00,96.1025,90.54031
2025-12-29 14:00:00+00:00,103.5075,102.8377
2025-12-29 15:00:00+00:00,108.655,108.63745
2025-12-29 16:00:00+00:00,107.0075,116.84025
2025-12-29 17:00:00+00:00,103.3075,110.90027
2025-12-29 18:00:00+00:00,95.1475,101.23352
2025-12-29 19:00:00+00:00,90.3725,85.37127
2025-12-29 20:00:00+00:00,83.245,83.60418
2025-12-29 21:00:00+00:00,87.91499999999999,77.936356
2025-12-29 22:00:00+00:00,83.3425,75.62476
2025-12-29 23:00:00+00:00,77.8625,75.66582
2025-12-30 00:00:00+00:00,73.215,71.02218
2025-12-30 01:00:00+00:00,71.855,64.24784
2025-12-30 02:00:00+00:00,69.3575,65.352875
2025-12-30 03:00:00+00:00,68.5375,65.01826
2025-12-30 04:00:00+00:00,71.99,72.06452
2025-12-30 05:00:00+00:00,80.02,77.5291
2025-12-30 06:00:00+00:00,87.97,89.892456
2025-12-30 07:00:00+00:00,94.8775,95.35501
2025-12-30 08:00:00+00:00,94.3925,93.172485
2025-12-30 09:00:00+00:00,85.82,90.21088
2025-12-30 10:00:00+00:00,79.38,77.55295
2025-12-30 11:00:00+00:00,76.155,71.34774
2025-12-30 12:00:00+00:00,76.7575,71.52257
2025-12-30 13:00:00+00:00,88.9675,79.40859
2025-12-30 14:00:00+00:00,102.325,94.379196
2025-12-30 15:00:00+00:00,109.1,111.122406
2025-12-30 16:00:00+00:00,110.715,118.06456
2025-12-30 17:00:00+00:00,109.12,113.18039
2025-12-30 18:00:00+00:00,105.6075,106.49611
2025-12-30 19:00:00+00:00,101.04,97.77686
2025-12-30 20:00:00+00:00,93.3225,97.33983
2025-12-30 21:00:00+00:00,92.045,91.08221
2025-12-30 22:00:00+00:00,85.8075,86.519035
2025-12-30 23:00:00+00:00,85.82,78.76001
2025-12-31 00:00:00+00:00,84.3375,78.41917
2025-12-31 01:00:00+00:00,80.2125,76.41533
2025-12-31 02:00:00+00:00,76.58,73.89488
2025-12-31 03:00:00+00:00,74.9325,69.174706
2025-12-31 04:00:00+00:00,77.3775,72.75936
2025-12-31 05:00:00+00:00,81.86749999999999,78.12531
2025-12-31 06:00:00+00:00,85.2825,84.10744
2025-12-31 07:00:00+00:00,95.7925,89.12536
2025-12-31 08:00:00+00:00,95.335,91.92796
2025-12-31 09:00:00+00:00,89.26249999999999,86.58074
2025-12-31 10:00:00+00:00,83.48,79.8545
2025-12-31 11:00:00+00:00,83.0475,73.73031
2025-12-31 12:00:00+00:00,85.17,75.893166
2025-12-31 13:00:00+00:00,85.17750000000001,80.5686
2025-12-31 14:00:00+00:00,90.8325,87.447
2025-12-31 15:00:00+00:00,100.705,94.49323
2025-12-31 16:00:00+00:00,110.1,106.629616
2025-12-31 17:00:00+00:00,107.5275,110.14902
2025-12-31 18:00:00+00:00,95.99,97.52774
2025-12-31 19:00:00+00:00,86.8025,82.630394
2025-12-31 20:00:00+00:00,79.7975,77.16501
2025-12-31 21:00:00+00:00,81.39,69.89858
2025-12-31 22:00:00+00:00,76.4475,65.67307
2025-12-31 23:00:00+00:00,58.2775,60.43931
2026-01-01 00:00:00+00:00,42.395,49.79223
2026-01-01 01:00:00+00:00,19.57,33.883434
2026-01-01 02:00:00+00:00,6.285,13.716416
2026-01-01 03:00:00+00:00,3.0925,5.7795563
2026-01-01 04:00:00+00:00,0.83,7.696229
2026-01-01 05:00:00+00:00,0.0525,8.550034
2026-01-01 06:00:00+00:00,0.0249999999999999,5.288197
2026-01-01 07:00:00+00:00,0.0575,2.8038938
2026-01-01 08:00:00+00:00,0.0,0.7704942
2026-01-01 09:00:00+00:00,-0.0025,0.33357236
2026-01-01 10:00:00+00:00,-0.0025,-1.6235747
2026-01-01 11:00:00+00:00,-0.01,-2.0200725
2026-01-01 12:00:00+00:00,-0.0075,0.9431145
2026-01-01 13:00:00+00:00,0.0175,6.0592504
2026-01-01 14:00:00+00:00,3.51,12.198185
2026-01-01 15:00:00+00:00,10.345,15.525584
2026-01-01 16:00:00+00:00,21.795,25.367088
2026-01-01 17:00:00+00:00,23.1275,29.052242
2026-01-01 18:00:00+00:00,18.0925,18.719027
2026-01-01 19:00:00+00:00,10.0425,13.457589
2026-01-01 20:00:00+00:00,8.95,7.9345765
2026-01-01 21:00:00+00:00,7.3725,6.9748626
2026-01-01 22:00:00+00:00,0.285,4.892713
2026-01-01 23:00:00+00:00,9.68,0.3007179
2026-01-02 00:00:00+00:00,3.01,6.8654075
2026-01-02 01:00:00+00:00,1.8075,2.9470012
2026-01-02 02:00:00+00:00,0.245,2.8293664
2026-01-02 03:00:00+00:00,1.725,1.6006999
2026-01-02 04:00:00+00:00,11.9975,9.364347
2026-01-02 05:00:00+00:00,21.795,19.369835
2026-01-02 06:00:00+00:00,50.965,35.178295
2026-01-02 07:00:00+00:00,68.8675,57.60966
2026-01-02 08:00:00+00:00,71.1975,70.38049
2026-01-02 09:00:00+00:00,57.8875,69.21392
2026-01-02 10:00:00+00:00,55.9275,59.140125
2026-01-02 11:00:00+00:00,58.0025,53.190617
2026-01-02 12:00:00+00:00,66.94749999999999,60.135445
2026-01-02 13:00:00+00:00,70.12,67.953964
2026-01-02 14:00:00+00:00,77.495,77.53739
2026-01-02 15:00:00+00:00,82.455,82.67351
2026-01-02 16:00:00+00:00,85.435,89.82198
2026-01-02 17:00:00+00:00,88.3425,88.091156
2026-01-02 18:00:00+00:00,88.5725,86.290665
2026-01-02 19:00:00+00:00,89.1525,80.01198
2026-01-02 20:00:00+00:00,83.5175,81.2862
2026-01-02 21:00:00+00:00,85.5925,73.78702
2026-01-02 22:00:00+00:00,81.8325,72.93663
2026-01-02 23:00:00+00:00,80.165,65.96766
2026-01-03 00:00:00+00:00,78.33,73.23443
2026-01-03 01:00:00+00:00,75.82,68.279465
2026-01-03 02:00:00+00:00,74.82,67.438126
2026-01-03 03:00:00+00:00,73.02250000000001,65.08934
2026-01-03 04:00:00+00:00,74.99,63.753887
2026-01-03 05:00:00+00:00,75.91,69.40435
2026-01-03 06:00:00+00:00,79.3125,72.60343
2026-01-03 07:00:00+00:00,90.69,82.38698
2026-01-03 08:00:00+00:00,94.09,89.35358
2026-01-03 09:00:00+00:00,93.31,88.66781
2026-01-03 10:00:00+00:00,88.7075,86.1552
2026-01-03 11:00:00+00:00,87.4125,82.83445
2026-01-03 12:00:00+00:00,86.60499999999999,83.13544
2026-01-03 13:00:00+00:00,89.6825,85.81852
2026-01-03 14:00:00+00:00,94.6,93.0582
2026-01-03 15:00:00+00:00,99.88,97.197914
2026-01-03 16:00:00+00:00,109.715,104.31512
2026-01-03 17:00:00+00:00,110.825,111.75643
2026-01-03 18:00:00+00:00,104.76,101.226135
2026-01-03 19:00:00+00:00,97.625,94.89834
2026-01-03 20:00:00+00:00,91.1175,91.02756
2026-01-03 21:00:00+00:00,90.7125,81.81172
2026-01-03 22:00:00+00:00,86.015,75.274994
2026-01-03 23:00:00+00:00,88.8225,67.90934
2026-01-04 00:00:00+00:00,85.33,76.06612
2026-01-04 01:00:00+00:00,85.0425,74.107475
2026-01-04 02:00:00+00:00,83.7375,74.315895
2026-01-04 03:00:00+00:00,82.5575,75.94414
2026-01-04 04:00:00+00:00,83.4075,79.84168
2026-01-04 05:00:00+00:00,83.795,79.88024
2026-01-04 06:00:00+00:00,86.4825,84.142426
2026-01-04 07:00:00+00:00,88.1225,86.009895
2026-01-04 08:00:00+00:00,94.3,89.2479
2026-01-04 09:00:00+00:00,94.755,91.25652
2026-01-04 10:00:00+00:00,90.8775,91.38284
2026-01-04 11:00:00+00:00,89.5425,88.49726
2026-01-04 12:00:00+00:00,86.7775,88.06215
2026-01-04 13:00:00+00:00,92.675,89.73115
2026-01-04 14:00:00+00:00,93.1975,100.76697
2026-01-04 15:00:00+00:00,100.5925,108.56873
2026-01-04 16:00:00+00:00,118.425,115.62424
2026-01-04 17:00:00+00:00,121.18,126.41359
2026-01-04 18:00:00+00:00,119.715,116.93784
2026-01-04 19:00:00+00:00,112.45,109.64396
2026-01-04 20:00:00+00:00,99.7,104.84962
2026-01-04 21:00:00+00:00,95.765,97.52433
2026-01-04 22:00:00+00:00,89.21000000000001,93.18349
2026-01-04 23:00:00+00:00,92.4525,87.84027
2026-01-05 00:00:00+00:00,88.8475,89.70738
2026-01-05 01:00:00+00:00,86.5075,88.233315
2026-01-05 02:00:00+00:00,86.3125,86.35588
2026-01-05 03:00:00+00:00,87.495,90.511826
2026-01-05 04:00:00+00:00,90.8575,96.51619
2026-01-05 05:00:00+00:00,109.0225,105.77061
2026-01-05 06:00:00+00:00,129.3125,124.90636
2026-01-05 07:00:00+00:00,151.175,135.86981
2026-01-05 08:00:00+00:00,152.15,147.23608
2026-01-05 09:00:00+00:00,145.6275,145.15875
2026-01-05 10:00:00+00:00,136.57,136.96565
2026-01-05 11:00:00+00:00,134.3025,128.31389
2026-01-05 12:00:00+00:00,134.3025,130.2952
2026-01-05 13:00:00+00:00,140.15,140.46126
2026-01-05 14:00:00+00:00,148.99,149.76701
2026-01-05 15:00:00+00:00,180.7075,159.83134
2026-01-05 16:00:00+00:00,223.425,197.16754
2026-01-05 17:00:00+00:00,213.585,224.32423
2026-01-05 18:00:00+00:00,182.8,167.61221
2026-01-05 19:00:00+00:00,147.0325,151.19733
2026-01-05 20:00:00+00:00,129.1025,134.98395
2026-01-05 21:00:00+00:00,123.85,120.22437
2026-01-05 22:00:00+00:00,111.3,115.39703
2026-01-05 23:00:00+00:00,104.695,110.024864
2026-01-06 00:00:00+00:00,104.6,105.67258
2026-01-06 01:00:00+00:00,101.545,106.4913
2026-01-06 02:00:00+00:00,100.0875,104.47863
2026-01-06 03:00:00+00:00,102.4525,106.24351
2026-01-06 04:00:00+00:00,107.0,115.81239
2026-01-06 05:00:00+00:00,121.2875,124.61022
2026-01-06 06:00:00+00:00,138.4975,145.63054
2026-01-06 07:00:00+00:00,164.185,167.22267
2026-01-06 08:00:00+00:00,168.82,175.72339
2026-01-06 09:00:00+00:00,154.8425,173.35368
2026-01-06 10:00:00+00:00,147.265,151.03143
2026-01-06 11:00:00+00:00,134.4325,143.20932
2026-01-06 12:00:00+00:00,130.2025,138.66861
2026-01-06 13:00:00+00:00,130.7025,141.25638
2026-01-06 14:00:00+00:00,136.985,151.67982
2026-01-06 15:00:00+00:00,145.0075,161.12646
2026-01-06 16:00:00+00:00,152.9925,169.04375
2026-01-06 17:00:00+00:00,148.26749999999998,170.04697
2026-01-06 18:00:00+00:00,139.1175,144.73927
2026-01-06 19:00:00+00:00,121.6025,127.74269
2026-01-06 20:00:00+00:00,108.5625,115.12799
2026-01-06 21:00:00+00:00,102.2225,107.63933
2026-01-06 22:00:00+00:00,92.8175,99.77568
2026-01-06 23:00:00+00:00,93.9875,93.65932
2026-01-07 00:00:00+00:00,88.61,92.926865
2026-01-07 01:00:00+00:00,85.045,90.19702
2026-01-07 02:00:00+00:00,81.64750000000001,87.704994
2026-01-07 03:00:00+00:00,80.7825,88.06584
2026-01-07 04:00:00+00:00,84.8825,95.101555
2026-01-07 05:00:00+00:00,92.77,101.461235
2026-01-07 06:00:00+00:00,99.2,111.35905
2026-01-07 07:00:00+00:00,109.35,113.89816
2026-01-07 08:00:00+00:00,112.1275,115.11353
2026-01-07 09:00:00+00:00,108.3125,113.08005
2026-01-07 10:00:00+00:00,99.935,104.28029
2026-01-07 11:00:00+00:00,96.34,92.13174
2026-01-07 12:00:00+00:00,93.155,93.25486
2026-01-07 13:00:00+00:00,95.2275,96.69717
2026-01-07 14:00:00+00:00,101.8375,100.411804
2026-01-07 15:00:00+00:00,106.385,112.890945
2026-01-07 16:00:00+00:00,125.1875,121.09924
2026-01-07 17:00:00+00:00,124.1,128.37233
2026-01-07 18:00:00+00:00,116.7325,119.730804
2026-01-07 19:00:00+00:00,108.7275,108.95409
2026-01-07 20:00:00+00:00,98.455,99.47365
2026-01-07 21:00:00+00:00,93.96,95.59412
2026-01-07 22:00:00+00:00,88.7625,89.0212
2026-01-07 23:00:00+00:00,84.08,87.392845
2026-01-08 00:00:00+00:00,83.08250000000001,86.885025
2026-01-08 01:00:00+00:00,84.52250000000001,86.67652
2026-01-08 02:00:00+00:00,82.4725,88.92845
2026-01-08 03:00:00+00:00,85.265,89.49089
2026-01-08 04:00:00+00:00,87.8875,96.29745
2026-01-08 05:00:00+00:00,97.88,101.64068
2026-01-08 06:00:00+00:00,126.7125,116.46899
2026-01-08 07:00:00+00:00,168.81,135.10664
2026-01-08 08:00:00+00:00,192.72,174.07695
2026-01-08 09:00:00+00:00,207.9325,186.5133
2026-01-08 10:00:00+00:00,213.1125,195.28778
2026-01-08 11:00:00+00:00,220.27,197.87617
2026-01-08 12:00:00+00:00,236.215,209.94023
2026-01-08 13:00:00+00:00,264.585,235.77798
2026-01-08 14:00:00+00:00,264.42,273.5604
2026-01-08 15:00:00+00:00,259.49,279.91202
2026-01-08 16:00:00+00:00,233.8525,293.3015
2026-01-08 17:00:00+00:00,199.3975,236.0677
2026-01-08 18:00:00+00:00,139.2475,173.47975
2026-01-08 19:00:00+00:00,102.125,129.19182
2026-01-08 20:00:00+00:00,94.4825,98.009285
2026-01-08 21:00:00+00:00,91.305,91.14341
2026-01-08 22:00:00+00:00,79.035,83.86892
2026-01-08 23:00:00+00:00,78.9625,73.11272
2026-01-09 00:00:00+00:00,70.69,72.72052
2026-01-09 01:00:00+00:00,57.35,58.884094
2026-01-09 02:00:00+00:00,50.84,45.662777
2026-01-09 03:00:00+00:00,47.845,42.0673
2026-01-09 04:00:00+00:00,56.575,52.107056
2026-01-09 05:00:00+00:00,72.605,71.41806
2026-01-09 06:00:00+00:00,84.3025,87.37846
2026-01-09 07:00:00+00:00,89.7625,93.949165
2026-01-09 08:00:00+00:00,89.1475,90.144066
2026-01-09 09:00:00+00:00,93.93,86.67652
2026-01-09 10:00:00+00:00,85.795,88.427795
2026-01-09 11:00:00+00:00,83.015,83.62292
2026-01-09 12:00:00+00:00,82.85,81.14754
2026-01-09 13:00:00+00:00,82.83500000000001,85.17441
2026-01-09 14:00:00+00:00,85.245,86.73098
2026-01-09 15:00:00+00:00,87.5725,95.01421
2026-01-09 16:00:00+00:00,92.52,99.610466
2026-01-09 17:00:00+00:00,91.6625,95.79209
2026-01-09 18:00:00+00:00,87.28,84.02825
2026-01-09 19:00:00+00:00,82.80250000000001,77.357635
2026-01-09 20:00:00+00:00,80.36,72.21421
2026-01-09 21:00:00+00:00,80.35,71.15543
2026-01-09 22:00:00+00:00,74.51,70.3779
2026-01-09 23:00:00+00:00,72.78999999999999,59.86314
2026-01-10 00:00:00+00:00,69.775,63.70878
2026-01-10 01:00:00+00:00,66.2375,60.793137
2026-01-10 02:00:00+00:00,66.535,60.780388
2026-01-10 03:00:00+00:00,66.5125,60.41952
2026-01-10 04:00:00+00:00,68.46000000000001,63.33118
2026-01-10 05:00:00+00:00,69.96000000000001,65.80714
2026-01-10 06:00:00+00:00,76.66499999999999,74.54073
2026-01-10 07:00:00+00:00,85.0275,82.03576
2026-01-10 08:00:00+00:00,92.3625,86.14273
2026-01-10 09:00:00+00:00,97.595,91.05154
2026-01-10 10:00:00+00:00,101.5575,96.7988
2026-01-10 11:00:00+00:00,101.57,99.380844
2026-01-10 12:00:00+00:00,104.825,100.57002
2026-01-10 13:00:00+00:00,111.4425,105.38814
2026-01-10 14:00:00+00:00,117.7175,115.7886
2026-01-10 15:00:00+00:00,128.0075,124.90268
2026-01-10 16:00:00+00:00,139.5275,134.1747
2026-01-10 17:00:00+00:00,136.91,143.5982
2026-01-10 18:00:00+00:00,128.305,129.874
2026-01-10 19:00:00+00:00,120.49,116.11862
2026-01-10 20:00:00+00:00,113.21,111.62222
2026-01-10 21:00:00+00:00,107.68,106.81229
2026-01-10 22:00:00+00:00,98.1975,103.117165
2026-01-10 23:00:00+00:00,96.9025,102.502525
2026-01-11 00:00:00+00:00,92.7475,97.42776
2026-01-11 01:00:00+00:00,88.035,94.68677
2026-01-11 02:00:00+00:00,84.86,88.68361
2026-01-11 03:00:00+00:00,82.68,86.34997
2026-01-11 04:00:00+00:00,82.26,86.53957
2026-01-11 05:00:00+00:00,81.6025,86.570595
2026-01-11 06:00:00+00:00,84.25999999999999,90.865486
2026-01-11 07:00:00+00:00,92.06,94.41319
2026-01-11 08:00:00+00:00,103.1025,99.977875
2026-01-11 09:00:00+00:00,100.6825,106.50819
2026-01-11 10:00:00+00:00,99.9175,103.3699
2026-01-11 11:00:00+00:00,97.0875,100.99972
2026-01-11 12:00:00+00:00,96.5175,96.63755
2026-01-11 13:00:00+00:00,98.8775,100.805016
2026-01-11 14:00:00+00:00,101.275,111.84702
2026-01-11 15:00:00+00:00,111.755,115.61171
2026-01-11 16:00:00+00:00,116.25,126.207184
2026-01-11 17:00:00+00:00,112.2475,125.08138
2026-01-11 18:00:00+00:00,106.2075,119.312584
2026-01-11 19:00:00+00:00,96.04,107.82156
2026-01-11 20:00:00+00:00,95.005,93.65188
2026-01-11 21:00:00+00:00,93.02,93.21564
2026-01-11 22:00:00+00:00,85.22999999999999,87.9897
2026-01-11 23:00:00+00:00,81.2575,86.221
2026-01-12 00:00:00+00:00,81.1925,83.41744
2026-01-12 01:00:00+00:00,79.0425,83.08058
2026-01-12 02:00:00+00:00,77.31,80.922585
2026-01-12 03:00:00+00:00,76.58500000000001,81.85931
2026-01-12 04:00:00+00:00,80.1625,87.87519
2026-01-12 05:00:00+00:00,86.9225,97.925865
2026-01-12 06:00:00+00:00,97.8725,104.1682
2026-01-12 07:00:00+00:00,115.6175,113.540245
2026-01-12 08:00:00+00:00,129.8475,125.04571
2026-01-12 09:00:00+00:00,124.3975,133.0172
2026-01-12 10:00:00+00:00,129.8675,125.31669
2026-01-12 11:00:00+00:00,129.9625,127.4554
2026-01-12 12:00:00+00:00,132.76,129.07294
2026-01-12 13:00:00+00:00,128.37,138.27542
2026-01-12 14:00:00+00:00,131.7125,141.4227
2026-01-12 15:00:00+00:00,119.58,148.89516
2026-01-12 16:00:00+00:00,119.6,141.32468
2026-01-12 17:00:00+00:00,116.5,138.97694
2026-01-12 18:00:00+00:00,102.3375,124.485085
2026-01-12 19:00:00+00:00,93.48,99.7565
2026-01-12 20:00:00+00:00,91.795,93.27624
2026-01-12 21:00:00+00:00,92.165,90.22366
2026-01-12 22:00:00+00:00,86.0475,89.94389
2026-01-12 23:00:00+00:00,84.30499999999999,85.18892
2026-01-13 00:00:00+00:00,82.69,85.06705
2026-01-13 01:00:00+00:00,82.685,83.58045
2026-01-13 02:00:00+00:00,84.115,84.36873
2026-01-13 03:00:00+00:00,86.7475,88.66626
2026-01-13 04:00:00+00:00,88.725,96.7855
2026-01-13 05:00:00+00:00,97.5525,102.88037
2026-01-13 06:00:00+00:00,116.03,117.33567
2026-01-13 07:00:00+00:00,129.805,133.66803
2026-01-13 08:00:00+00:00,132.5175,133.57
2026-01-13 09:00:00+00:00,142.1975,133.8931
2026-01-13 10:00:00+00:00,123.8525,136.17722
2026-01-13 11:00:00+00:00,117.675,123.3148
2026-01-13 12:00:00+00:00,112.9775,122.572044
2026-01-13 13:00:00+00:00,122.215,122.87485
2026-01-13 14:00:00+00:00,120.515,132.48575
2026-01-13 15:00:00+00:00,122.15,134.04974
2026-01-13 16:00:00+00:00,122.33,134.75732
2026-01-13 17:00:00+00:00,113.3525,130.87221
2026-01-13 18:00:00+00:00,98.735,115.408455
2026-01-13 19:00:00+00:00,90.95,95.53461
2026-01-13 20:00:00+00:00,92.2075,86.39209
2026-01-13 21:00:00+00:00,90.0,86.04347
2026-01-13 22:00:00+00:00,82.6725,80.63801
2026-01-13 23:00:00+00:00,85.5625,76.38455
2026-01-14 00:00:00+00:00,84.295,79.88065
2026-01-14 01:00:00+00:00,85.8775,80.511246
2026-01-14 02:00:00+00:00,86.16250000000001,83.06884
2026-01-14 03:00:00+00:00,87.645,84.91298
2026-01-14 04:00:00+00:00,89.86,92.17454
2026-01-14 05:00:00+00:00,95.145,98.69579
2026-01-14 06:00:00+00:00,105.14,108.19733
2026-01-14 07:00:00+00:00,128.9575,118.527695
2026-01-14 08:00:00+00:00,132.0325,122.47644
2026-01-14 09:00:00+00:00,116.4525,123.66772
2026-01-14 10:00:00+00:00,107.5325,113.04259
2026-01-14 11:00:00+00:00,103.475,105.77277
2026-01-14 12:00:00+00:00,103.6,102.17831
2026-01-14 13:00:00+00:00,118.2175,107.25997
2026-01-14 14:00:00+00:00,144.63,124.87487
2026-01-14 15:00:00+00:00,152.85750000000002,147.79222
2026-01-14 16:00:00+00:00,200.0225,164.6566
2026-01-14 17:00:00+00:00,182.355,207.62624
2026-01-14 18:00:00+00:00,158.76749999999998,172.09143
2026-01-14 19:00:00+00:00,134.01,141.8893
2026-01-14 20:00:00+00:00,121.7875,124.28511
2026-01-14 21:00:00+00:00,113.8625,111.14412
2026-01-14 22:00:00+00:00,97.0875,106.54596
2026-01-14 23:00:00+00:00,100.615,94.00489
2026-01-15 00:00:00+00:00,94.0475,98.62709
2026-01-15 01:00:00+00:00,89.34,92.11842
2026-01-15 02:00:00+00:00,84.8075,87.974556
2026-01-15 03:00:00+00:00,82.92999999999999,87.00208
2026-01-15 04:00:00+00:00,86.0,92.2019
2026-01-15 05:00:00+00:00,98.2025,99.750626
2026-01-15 06:00:00+00:00,105.115,117.98558
2026-01-15 07:00:00+00:00,104.975,124.48534
2026-01-15 08:00:00+00:00,101.415,116.15515
2026-01-15 09:00:00+00:00,100.4,105.533455
2026-01-15 10:00:00+00:00,97.8625,98.86593
2026-01-15 11:00:00+00:00,95.2825,92.46955
2026-01-15 12:00:00+00:00,100.615,95.93778
2026-01-15 13:00:00+00:00,105.645,114.31958
2026-01-15 14:00:00+00:00,123.095,125.12152
2026-01-15 15:00:00+00:00,135.3725,145.62468
2026-01-15 16:00:00+00:00,145.495,158.23012
2026-01-15 17:00:00+00:00,119.745,160.91948
2026-01-15 18:00:00+00:00,105.4925,122.2131
2026-01-15 19:00:00+00:00,98.16,101.17016
2026-01-15 20:00:00+00:00,90.995,88.8138
2026-01-15 21:00:00+00:00,88.3925,84.12634
2026-01-15 22:00:00+00:00,81.155,79.02711
2026-01-15 23:00:00+00:00,81.05,67.67905
2026-01-16 00:00:00+00:00,75.0,72.37772
2026-01-16 01:00:00+00:00,70.57249999999999,63.926693
2026-01-16 02:00:00+00:00,67.23,60.87563
2026-01-16 03:00:00+00:00,71.38,62.649223
2026-01-16 04:00:00+00:00,82.05000000000001,77.331505
2026-01-16 05:00:00+00:00,90.7225,92.14535
2026-01-16 06:00:00+00:00,98.6,104.559044
2026-01-16 07:00:00+00:00,109.3075,106.11584
2026-01-16 08:00:00+00:00,108.9275,103.25895
2026-01-16 09:00:00+00:00,103.0275,94.57155
2026-01-16 10:00:00+00:00,99.7875,91.049286
2026-01-16 11:00:00+00:00,99.1975,88.74632
2026-01-16 12:00:00+00:00,99.3125,93.37719
2026-01-16 13:00:00+00:00,113.2,100.57074
2026-01-16 14:00:00+00:00,141.0,123.59164
2026-01-16 15:00:00+00:00,162.68,152.39941
2026-01-16 16:00:00+00:00,170.325,172.73761
2026-01-16 17:00:00+00:00,162.4425,175.08464
2026-01-16 18:00:00+00:00,154.18,153.13864
2026-01-16 19:00:00+00:00,134.0,138.47069
2026-01-16 20:00:00+00:00,117.6125,127.31515
2026-01-16 21:00:00+00:00,117.705,112.89593
2026-01-16 22:00:00+00:00,104.17,111.078354
2026-01-16 23:00:00+00:00,104.66,101.78922
2026-01-17 00:00:00+00:00,101.2875,101.65408
2026-01-17 01:00:00+00:00,98.235,100.04389
2026-01-17 02:00:00+00:00,96.1375,98.50522
2026-01-17 03:00:00+00:00,95.1875,96.207344
2026-01-17 04:00:00+00:00,95.2425,96.071625
2026-01-17 05:00:00+00:00,95.8525,96.80166
2026-01-17 06:00:00+00:00,99.1875,104.784096
2026-01-17 07:00:00+00:00,105.97,110.214645
2026-01-17 08:00:00+00:00,116.655,109.37389
2026-01-17 09:00:00+00:00,115.1,115.454575
2026-01-17 10:00:00+00:00,111.6075,105.85351
2026-01-17 11:00:00+00:00,111.9475,104.42237
2026-01-17 12:00:00+00:00,108.64,108.747246
2026-01-17 13:00:00+00:00,112.8175,116.17903
2026-01-17 14:00:00+00:00,122.77,129.66792
2026-01-17 15:00:00+00:00,135.775,137.99696
2026-01-17 16:00:00+00:00,140.9125,153.81776
2026-01-17 17:00:00+00:00,142.84750000000005,154.04216
2026-01-17 18:00:00+00:00,138.5875,139.2901
2026-01-17 19:00:00+00:00,120.79,127.39661
2026-01-17 20:00:00+00:00,107.805,113.50004
2026-01-17 21:00:00+00:00,109.15,106.32187
2026-01-17 22:00:00+00:00,107.0225,102.14191
2026-01-17 23:00:00+00:00,110.715,102.185936
2026-01-18 00:00:00+00:00,109.19,103.41
2026-01-18 01:00:00+00:00,107.39,103.4967
2026-01-18 02:00:00+00:00,102.54,102.10383
2026-01-18 03:00:00+00:00,102.235,99.77421
2026-01-18 04:00:00+00:00,102.08,99.91808
2026-01-18 05:00:00+00:00,101.05,100.28739
2026-01-18 06:00:00+00:00,100.605,103.29772
2026-01-18 07:00:00+00:00,105.68,109.261505
2026-01-18 08:00:00+00:00,107.4225,108.213036
2026-01-18 09:00:00+00:00,101.91,102.3478
2026-01-18 10:00:00+00:00,98.4825,95.98023
2026-01-18 11:00:00+00:00,96.855,93.11531
2026-01-18 12:00:00+00:00,96.9625,91.1482
2026-01-18 13:00:00+00:00,100.845,97.22114
2026-01-18 14:00:00+00:00,105.55,112.902954
2026-01-18 15:00:00+00:00,114.875,123.1535
2026-01-18 16:00:00+00:00,129.9925,128.87843
2026-01-18 17:00:00+00:00,142.195,134.22464
2026-01-18 18:00:00+00:00,136.6725,135.73277
2026-01-18 19:00:00+00:00,123.0525,123.56863
2026-01-18 20:00:00+00:00,110.63,113.30088
2026-01-18 21:00:00+00:00,114.28,104.129974
2026-01-18 22:00:00+00:00,103.7325,105.17334
2026-01-18 23:00:00+00:00,101.15,100.58006
2026-01-19 00:00:00+00:00,100.44,96.52397
2026-01-19 01:00:00+00:00,100.8325,97.3378
2026-01-19 02:00:00+00:00,100.4375,97.70229
2026-01-19 03:00:00+00:00,100.135,102.42003
2026-01-19 04:00:00+00:00,102.53,109.02385
2026-01-19 05:00:00+00:00,126.38,115.99407
2026-01-19 06:00:00+00:00,161.08249999999998,144.38913
2026-01-19 07:00:00+00:00,175.98250000000002,163.14038
2026-01-19 08:00:00+00:00,161.9375,156.9334
2026-01-19 09:00:00+00:00,135.9225,139.35805
2026-01-19 10:00:00+00:00,120.5275,120.87062
2026-01-19 11:00:00+00:00,117.56,108.8257
2026-01-19 12:00:00+00:00,125.0025,113.092064
2026-01-19 13:00:00+00:00,144.35,121.46047
2026-01-19 14:00:00+00:00,170.0425,150.74599
2026-01-19 15:00:00+00:00,194.89,179.80833
2026-01-19 16:00:00+00:00,208.2275,210.81534
2026-01-19 17:00:00+00:00,200.055,221.46931
2026-01-19 18:00:00+00:00,180.9625,179.36407
2026-01-19 19:00:00+00:00,157.385,157.69394
2026-01-19 20:00:00+00:00,135.17,141.93391
2026-01-19 21:00:00+00:00,126.4025,123.76045
2026-01-19 22:00:00+00:00,112.47,116.39776
2026-01-19 23:00:00+00:00,115.06,110.3697
2026-01-20 00:00:00+00:00,114.335,114.85467
2026-01-20 01:00:00+00:00,110.355,114.27803
2026-01-20 02:00:00+00:00,109.8675,112.00205
2026-01-20 03:00:00+00:00,113.1725,114.320076
2026-01-20 04:00:00+00:00,125.28,125.5932
2026-01-20 05:00:00+00:00,190.105,154.90092
2026-01-20 06:00:00+00:00,240.8775,229.13605
2026-01-20 07:00:00+00:00,262.785,239.08101
2026-01-20 08:00:00+00:00,179.535,225.63657
2026-01-20 09:00:00+00:00,132.17,158.4018
2026-01-20 10:00:00+00:00,107.9525,114.90514
2026-01-20 11:00:00+00:00,103.6225,104.7742
2026-01-20 12:00:00+00:00,105.755,106.0236
2026-01-20 13:00:00+00:00,136.7225,118.56627
2026-01-20 14:00:00+00:00,178.26,153.22705
2026-01-20 15:00:00+00:00,276.735,199.18492
2026-01-20 16:00:00+00:00,249.63,294.16284
2026-01-20 17:00:00+00:00,193.925,233.44406
2026-01-20 18:00:00+00:00,181.9175,180.4669
2026-01-20 19:00:00+00:00,155.10000000000002,158.61308
2026-01-20 20:00:00+00:00,139.89,136.53787
2026-01-20 21:00:00+00:00,117.1925,124.352234
2026-01-20 22:00:00+00:00,107.8375,110.016365
2026-01-20 23:00:00+00:00,101.49,108.994514
2026-01-21 00:00:00+00:00,101.7175,102.695526
2026-01-21 01:00:00+00:00,98.7575,103.1999
2026-01-21 02:00:00+00:00,100.91,101.15125
2026-01-21 03:00:00+00:00,98.845,107.72933
2026-01-21 04:00:00+00:00,98.6925,113.62026
2026-01-21 05:00:00+00:00,107.8725,129.54674
2026-01-21 06:00:00+00:00,160.0,153.82751
2026-01-21 07:00:00+00:00,176.3975,175.38026
2026-01-21 08:00:00+00:00,142.89249999999998,157.54848
2026-01-21 09:00:00+00:00,118.3,124.13979
2026-01-21 10:00:00+00:00,100.9925,103.342255
2026-01-21 11:00:00+00:00,99.13,92.56287
2026-01-21 12:00:00+00:00,103.475,93.23174
2026-01-21 13:00:00+00:00,108.6225,111.80976
2026-01-21 14:00:00+00:00,126.9275,131.93391
2026-01-21 15:00:00+00:00,145.035,152.63728
2026-01-21 16:00:00+00:00,139.11,162.05098
2026-01-21 17:00:00+00:00,138.9075,155.87881
2026-01-21 18:00:00+00:00,127.83,140.63934
2026-01-21 19:00:00+00:00,105.4475,123.018585
2026-01-21 20:00:00+00:00,102.44,107.85704
2026-01-21 21:00:00+00:00,104.76,103.66334
2026-01-21 22:00:00+00:00,99.375,99.96036
2026-01-21 23:00:00+00:00,92.7975,97.26933
2026-01-22 00:00:00+00:00,92.5275,93.01113
2026-01-22 01:00:00+00:00,91.45,92.683945
2026-01-22 02:00:00+00:00,91.82,93.47076
2026-01-22 03:00:00+00:00,92.85,95.12594
2026-01-22 04:00:00+00:00,93.1875,103.601875
2026-01-22 05:00:00+00:00,100.6775,113.735405
2026-01-22 06:00:00+00:00,125.52,125.904076
2026-01-22 07:00:00+00:00,137.1225,134.98788
2026-01-22 08:00:00+00:00,114.4175,130.48618
2026-01-22 09:00:00+00:00,95.2575,107.52202
2026-01-22 10:00:00+00:00,89.075,94.192
2026-01-22 11:00:00+00:00,83.8575,86.08008
2026-01-22 12:00:00+00:00,88.065,85.1666
2026-01-22 13:00:00+00:00,94.91,93.07394
2026-01-22 14:00:00+00:00,107.78,103.615524
2026-01-22 15:00:00+00:00,130.8975,125.56093
2026-01-22 16:00:00+00:00,136.365,150.53026
2026-01-22 17:00:00+00:00,129.6675,144.09052
2026-01-22 18:00:00+00:00,121.5675,124.271996
2026-01-22 19:00:00+00:00,109.35,110.07145
2026-01-22 20:00:00+00:00,106.945,102.90984
2026-01-22 21:00:00+00:00,103.3225,98.25514
2026-01-22 22:00:00+00:00,97.3075,96.8228
2026-01-22 23:00:00+00:00,97.8875,93.80597
2026-01-23 00:00:00+00:00,97.245,96.97047
2026-01-23 01:00:00+00:00,95.9475,96.68664
2026-01-23 02:00:00+00:00,95.0025,93.79556
2026-01-23 03:00:00+00:00,95.6225,95.28497
2026-01-23 04:00:00+00:00,96.9975,102.74992
2026-01-23 05:00:00+00:00,108.1975,109.947685
2026-01-23 06:00:00+00:00,133.0,130.62054
2026-01-23 07:00:00+00:00,152.9375,139.5487
2026-01-23 08:00:00+00:00,142.4875,135.71094
2026-01-23 09:00:00+00:00,115.3775,121.89245
2026-01-23 10:00:00+00:00,100.1275,101.24622
2026-01-23 11:00:00+00:00,96.2125,88.85595
2026-01-23 12:00:00+00:00,95.76,87.50571
2026-01-23 13:00:00+00:00,97.08,94.5845
2026-01-23 14:00:00+00:00,108.7675,103.03977
2026-01-23 15:00:00+00:00,124.0475,126.30858
2026-01-23 16:00:00+00:00,136.08499999999998,140.00278
2026-01-23 17:00:00+00:00,128.48250000000002,147.05304
2026-01-23 18:00:00+00:00,116.8025,125.31701
2026-01-23 19:00:00+00:00,107.2225,111.401794
2026-01-23 20:00:00+00:00,103.96,100.1947
2026-01-23 21:00:00+00:00,104.79,99.35314
2026-01-23 22:00:00+00:00,96.995,95.82098
2026-01-23 23:00:00+00:00,99.8,92.338974
2026-01-24 00:00:00+00:00,99.035,95.938896
2026-01-24 01:00:00+00:00,98.315,95.78279
2026-01-24 02:00:00+00:00,97.825,95.82471
2026-01-24 03:00:00+00:00,97.5475,95.07852
2026-01-24 04:00:00+00:00,98.91,97.12754
2026-01-24 05:00:00+00:00,100.3975,100.493576
2026-01-24 06:00:00+00:00,104.06,111.764824
2026-01-24 07:00:00+00:00,110.9975,117.485596
2026-01-24 08:00:00+00:00,123.0925,115.11272
2026-01-24 09:00:00+00:00,119.24,116.976364
2026-01-24 10:00:00+00:00,110.2975,106.24556
2026-01-24 11:00:00+00:00,106.2175,101.97283
2026-01-24 12:00:00+00:00,101.8725,103.43219
2026-01-24 13:00:00+00:00,105.12,105.9624
2026-01-24 14:00:00+00:00,118.2275,117.89702
2026-01-24 15:00:00+00:00,131.905,134.4299
2026-01-24 16:00:00+00:00,146.7225,148.41916
2026-01-24 17:00:00+00:00,141.7475,152.72246
2026-01-24 18:00:00+00:00,131.9325,134.89122
2026-01-24 19:00:00+00:00,118.6725,119.278114
2026-01-24 20:00:00+00:00,110.5375,111.82922
2026-01-24 21:00:00+00:00,110.31,103.53095
2026-01-24 22:00:00+00:00,104.15,102.72046
2026-01-24 23:00:00+00:00,101.4425,103.21942
2026-01-25 00:00:00+00:00,101.7575,99.22005
2026-01-25 01:00:00+00:00,101.315,98.01022
2026-01-25 02:00:00+00:00,101.77,98.1742
2026-01-25 03:00:00+00:00,100.8625,100.6884
2026-01-25 04:00:00+00:00,100.5125,102.08877
2026-01-25 05:00:00+00:00,99.965,102.96797
2026-01-25 06:00:00+00:00,102.06,104.45323
2026-01-25 07:00:00+00:00,103.7575,113.29728
2026-01-25 08:00:00+00:00,108.8875,114.89265
2026-01-25 09:00:00+00:00,113.1925,116.51091
2026-01-25 10:00:00+00:00,116.0175,115.62009
2026-01-25 11:00:00+00:00,120.03,116.93477
2026-01-25 12:00:00+00:00,116.1075,120.14329
2026-01-25 13:00:00+00:00,114.315,119.797935
2026-01-25 14:00:00+00:00,111.7525,125.690155
2026-01-25 15:00:00+00:00,116.9,129.86543
2026-01-25 16:00:00+00:00,131.2125,136.68097
2026-01-25 17:00:00+00:00,137.375,147.37889
2026-01-25 18:00:00+00:00,132.575,136.21785
2026-01-25 19:00:00+00:00,124.0175,123.176605
2026-01-25 20:00:00+00:00,114.0225,118.14026
2026-01-25 21:00:00+00:00,111.9425,112.34637
2026-01-25 22:00:00+00:00,104.49,108.65861
2026-01-25 23:00:00+00:00,103.925,104.57613
2026-01-26 00:00:00+00:00,101.1125,105.01585
2026-01-26 01:00:00+00:00,98.7275,104.354675
2026-01-26 02:00:00+00:00,95.8525,102.82071
2026-01-26 03:00:00+00:00,95.0325,103.050865
2026-01-26 04:00:00+00:00,97.1925,107.64981
2026-01-26 05:00:00+00:00,114.2775,117.72151
2026-01-26 06:00:00+00:00,153.1975,142.65926
2026-01-26 07:00:00+00:00,175.1325,172.2018
2026-01-26 08:00:00+00:00,177.9675,182.68515
2026-01-26 09:00:00+00:00,178.0125,173.30896
2026-01-26 10:00:00+00:00,170.3425,170.8253
2026-01-26 11:00:00+00:00,156.03,166.02777
2026-01-26 12:00:00+00:00,149.39499999999998,161.14403
2026-01-26 13:00:00+00:00,147.78,157.3181
2026-01-26 14:00:00+00:00,159.97,163.61842
2026-01-26 15:00:00+00:00,166.32999999999998,175.94435
2026-01-26 16:00:00+00:00,178.6975,187.62222
2026-01-26 17:00:00+00:00,178.0225,191.89394
2026-01-26 18:00:00+00:00,169.9725,168.83426
2026-01-26 19:00:00+00:00,154.16500000000002,150.49786
2026-01-26 20:00:00+00:00,137.1125,136.21188
2026-01-26 21:00:00+00:00,121.5,127.01104
2026-01-26 22:00:00+00:00,111.685,112.65259
2026-01-26 23:00:00+00:00,118.7675,110.66287
2026-01-27 00:00:00+00:00,113.7025,116.733795
2026-01-27 01:00:00+00:00,112.1575,113.86284
2026-01-27 02:00:00+00:00,111.4875,113.8023
2026-01-27 03:00:00+00:00,110.545,117.386566
2026-01-27 04:00:00+00:00,111.65,124.83019
2026-01-27 05:00:00+00:00,133.61,149.88177
2026-01-27 06:00:00+00:00,159.875,180.22672
2026-01-27 07:00:00+00:00,176.635,182.3144
2026-01-27 08:00:00+00:00,171.195,168.22719
2026-01-27 09:00:00+00:00,148.45749999999998,156.34691
2026-01-27 10:00:00+00:00,133.29,136.045
2026-01-27 11:00:00+00:00,123.03,129.30873
2026-01-27 12:00:00+00:00,112.4875,126.737724
2026-01-27 13:00:00+00:00,131.0825,125.724266
2026-01-27 14:00:00+00:00,127.4475,149.93541
2026-01-27 15:00:00+00:00,132.98,145.02606
2026-01-27 16:00:00+00:00,152.62,153.41347
2026-01-27 17:00:00+00:00,141.14,154.64857
2026-01-27 18:00:00+00:00,138.8825,140.19255
2026-01-27 19:00:00+00:00,121.5875,130.57516
2026-01-27 20:00:00+00:00,119.3675,118.95113
2026-01-27 21:00:00+00:00,120.7,111.67272
2026-01-27 22:00:00+00:00,111.85,108.6079
2026-01-27 23:00:00+00:00,105.475,110.109825
2026-01-28 00:00:00+00:00,104.465,104.755936
2026-01-28 01:00:00+00:00,104.465,104.10608
2026-01-28 02:00:00+00:00,102.24,103.8033
2026-01-28 03:00:00+00:00,104.7125,107.708084
2026-01-28 04:00:00+00:00,106.6,115.50436
2026-01-28 05:00:00+00:00,113.6975,128.40392
2026-01-28 06:00:00+00:00,143.5975,147.14618
2026-01-28 07:00:00+00:00,171.0025,160.79697
2026-01-28 08:00:00+00:00,173.64499999999998,166.1046
2026-01-28 09:00:00+00:00,172.325,154.93645
2026-01-28 10:00:00+00:00,166.24,154.95927
2026-01-28 11:00:00+00:00,157.0875,149.05995
2026-01-28 12:00:00+00:00,147.9125,147.6845
2026-01-28 13:00:00+00:00,145.035,147.76799
2026-01-28 14:00:00+00:00,141.13750000000002,151.4227
2026-01-28 15:00:00+00:00,147.1275,153.0269
2026-01-28 16:00:00+00:00,164.2225,156.86696
2026-01-28 17:00:00+00:00,170.425,170.32709
2026-01-28 18:00:00+00:00,161.225,150.9147
2026-01-28 19:00:00+00:00,134.265,138.20218
2026-01-28 20:00:00+00:00,119.01,120.47865
2026-01-28 21:00:00+00:00,117.0,110.761894
2026-01-28 22:00:00+00:00,110.9575,106.85911
2026-01-28 23:00:00+00:00,104.55,103.42179
2026-01-29 00:00:00+00:00,104.0,102.03869
2026-01-29 01:00:00+00:00,101.88,103.029366
2026-01-29 02:00:00+00:00,100.0225,103.08955
2026-01-29 03:00:00+00:00,100.9325,104.94422
2026-01-29 04:00:00+00:00,104.6375,112.39084
2026-01-29 05:00:00+00:00,116.12,121.660576
2026-01-29 06:00:00+00:00,149.595,145.31541
2026-01-29 07:00:00+00:00,165.6825,168.01776
2026-01-29 08:00:00+00:00,168.035,172.05061
2026-01-29 09:00:00+00:00,160.675,172.49075
2026-01-29 10:00:00+00:00,152.7925,160.24463
2026-01-29 11:00:00+00:00,143.035,150.36285
2026-01-29 12:00:00+00:00,142.815,145.157
2026-01-29 13:00:00+00:00,142.9925,148.03957
2026-01-29 14:00:00+00:00,147.6125,152.32922
2026-01-29 15:00:00+00:00,153.1025,156.921
2026-01-29 16:00:00+00:00,159.4775,162.63683
2026-01-29 17:00:00+00:00,157.24,163.21796
2026-01-29 18:00:00+00:00,150.0375,148.9563
2026-01-29 19:00:00+00:00,126.5575,133.6528
2026-01-29 20:00:00+00:00,113.57,118.331276
2026-01-29 21:00:00+00:00,109.315,110.69445
2026-01-29 22:00:00+00:00,102.9775,103.41097
2026-01-29 23:00:00+00:00,111.065,103.07602
2026-01-30 00:00:00+00:00,103.3125,108.61039
2026-01-30 01:00:00+00:00,100.8525,103.91969
2026-01-30 02:00:00+00:00,97.3875,103.60502
2026-01-30 03:00:00+00:00,97.3,103.93732
2026-01-30 04:00:00+00:00,96.2775,109.293785
2026-01-30 05:00:00+00:00,111.125,116.58201
2026-01-30 06:00:00+00:00,131.7775,142.24463
2026-01-30 07:00:00+00:00,143.755,153.57994
2026-01-30 08:00:00+00:00,147.035,141.10307
2026-01-30 09:00:00+00:00,132.63,139.64404
2026-01-30 10:00:00+00:00,126.1,129.7306
2026-01-30 11:00:00+00:00,118.205,123.87303
2026-01-30 12:00:00+00:00,110.39,120.63516
2026-01-30 13:00:00+00:00,110.3175,116.10337
2026-01-30 14:00:00+00:00,111.195,121.27404
2026-01-30 15:00:00+00:00,114.9375,128.93628
2026-01-30 16:00:00+00:00,124.81,133.8933
2026-01-30 17:00:00+00:00,122.8875,134.16338
2026-01-30 18:00:00+00:00,113.0875,121.13916
2026-01-30 19:00:00+00:00,108.5975,109.707115
2026-01-30 20:00:00+00:00,101.6825,100.574
2026-01-30 21:00:00+00:00,101.09,97.71113
2026-01-30 22:00:00+00:00,92.695,94.19309
2026-01-30 23:00:00+00:00,96.9525,90.98771
2026-01-31 00:00:00+00:00,97.3775,91.54121
2026-01-31 01:00:00+00:00,94.5075,93.77055
2026-01-31 02:00:00+00:00,94.08,90.15521
2026-01-31 03:00:00+00:00,93.325,89.72751
2026-01-31 04:00:00+00:00,94.0575,90.77619
2026-01-31 05:00:00+00:00,93.45,93.77898
2026-01-31 06:00:00+00:00,92.9025,97.16129
2026-01-31 07:00:00+00:00,103.955,98.68111
2026-01-31 08:00:00+00:00,109.0625,102.53971
2026-01-31 09:00:00+00:00,114.215,104.0248
2026-01-31 10:00:00+00:00,113.47,106.12723
2026-01-31 11:00:00+00:00,111.2775,103.53182
2026-01-31 12:00:00+00:00,107.39,105.825005
2026-01-31 13:00:00+00:00,110.305,104.37309
2026-01-31 14:00:00+00:00,113.1675,111.59673
2026-01-31 15:00:00+00:00,119.3575,122.71154
2026-01-31 16:00:00+00:00,134.605,136.30243
2026-01-31 17:00:00+00:00,138.0375,144.74594
2026-01-31 18:00:00+00:00,133.95,129.643
2026-01-31 19:00:00+00:00,125.645,118.16454
2026-01-31 20:00:00+00:00,114.2075,112.27415
2026-01-31 21:00:00+00:00,114.145,103.808304
2026-01-31 22:00:00+00:00,105.9,103.114975
2026-01-31 23:00:00+00:00,96.09,99.95654
2026-02-01 00:00:00+00:00,94.0075,93.284935
2026-02-01 01:00:00+00:00,98.4025,92.30239
2026-02-01 02:00:00+00:00,96.0575,95.35498
2026-02-01 03:00:00+00:00,98.3125,93.71017
2026-02-01 04:00:00+00:00,98.2225,97.66435
2026-02-01 05:00:00+00:00,96.015,98.27062
2026-02-01 06:00:00+00:00,99.5,97.87346
2026-02-01 07:00:00+00:00,105.255,105.25417
2026-02-01 08:00:00+00:00,109.235,107.189995
2026-02-01 09:00:00+00:00,109.845,108.73811
2026-02-01 10:00:00+00:00,108.1575,108.48597
2026-02-01 11:00:00+00:00,107.125,104.60192
2026-02-01 12:00:00+00:00,100.3875,105.43801
2026-02-01 13:00:00+00:00,102.235,102.758095
2026-02-01 14:00:00+00:00,108.9575,105.37655
2026-02-01 15:00:00+00:00,114.6675,121.81351
2026-02-01 16:00:00+00:00,129.4875,132.62537
2026-02-01 17:00:00+00:00,136.8425,139.24896
2026-02-01 18:00:00+00:00,137.39,130.48741
2026-02-01 19:00:00+00:00,125.5925,121.735664
2026-02-01 20:00:00+00:00,113.8575,112.95824
2026-02-01 21:00:00+00:00,113.885,104.07699
2026-02-01 22:00:00+00:00,106.5525,102.058556
2026-02-01 23:00:00+00:00,99.5925,98.183586
2026-02-02 00:00:00+00:00,97.9925,93.51654
2026-02-02 01:00:00+00:00,95.0925,93.738846
2026-02-02 02:00:00+00:00,91.0,89.1546
2026-02-02 03:00:00+00:00,91.7325,91.06372
2026-02-02 04:00:00+00:00,94.7225,97.8044
2026-02-02 05:00:00+00:00,106.575,109.992935
2026-02-02 06:00:00+00:00,122.885,126.08646
2026-02-02 07:00:00+00:00,136.8675,131.92389
2026-02-02 08:00:00+00:00,140.155,133.65631
2026-02-02 09:00:00+00:00,124.54,132.12033
2026-02-02 10:00:00+00:00,114.6675,117.84196
2026-02-02 11:00:00+00:00,109.2125,106.10554
2026-02-02 12:00:00+00:00,104.0,106.32008
2026-02-02 13:00:00+00:00,102.9025,108.44205
2026-02-02 14:00:00+00:00,105.0775,111.76138
2026-02-02 15:00:00+00:00,109.7775,118.48353
2026-02-02 16:00:00+00:00,118.1975,128.7586
2026-02-02 17:00:00+00:00,118.9675,129.79643
2026-02-02 18:00:00+00:00,105.0,119.12236
2026-02-02 19:00:00+00:00,102.255,101.023186
2026-02-02 20:00:00+00:00,102.015,95.38257
2026-02-02 21:00:00+00:00,101.2275,93.4318
2026-02-02 22:00:00+00:00,91.385,90.5761
2026-02-02 23:00:00+00:00,91.7175,81.58648
2026-02-03 00:00:00+00:00,89.36500000000001,86.78918
2026-02-03 01:00:00+00:00,84.0075,83.65104
2026-02-03 02:00:00+00:00,79.9375,79.20548
2026-02-03 03:00:00+00:00,76.84,78.889145
2026-02-03 04:00:00+00:00,82.16,82.683105
2026-02-03 05:00:00+00:00,91.16,92.80014
2026-02-03 06:00:00+00:00,97.6925,106.26989
2026-02-03 07:00:00+00:00,106.2725,104.320465
2026-02-03 08:00:00+00:00,108.225,100.10053
2026-02-03 09:00:00+00:00,99.94,100.14492
2026-02-03 10:00:00+00:00,90.83,92.085945
2026-02-03 11:00:00+00:00,87.94749999999999,87.160805
2026-02-03 12:00:00+00:00,89.905,87.28403
2026-02-03 13:00:00+00:00,93.1525,90.45379
2026-02-03 14:00:00+00:00,100.41,96.576385
2026-02-03 15:00:00+00:00,106.615,108.87629
2026-02-03 16:00:00+00:00,125.7725,119.33508
2026-02-03 17:00:00+00:00,126.3475,131.32903
2026-02-03 18:00:00+00:00,123.2275,117.554146
2026-02-03 19:00:00+00:00,112.9,107.685036
2026-02-03 20:00:00+00:00,103.2925,102.53003
2026-02-03 21:00:00+00:00,100.895,98.93238
2026-02-03 22:00:00+00:00,94.8125,93.733116
2026-02-03 23:00:00+00:00,95.0025,89.326096
2026-02-04 00:00:00+00:00,92.7875,93.50666
2026-02-04 01:00:00+00:00,92.9625,93.60115
2026-02-04 02:00:00+00:00,94.6225,94.16581
2026-02-04 03:00:00+00:00,93.9575,96.99253
2026-02-04 04:00:00+00:00,96.585,104.47939
2026-02-04 05:00:00+00:00,105.285,110.8535
2026-02-04 06:00:00+00:00,122.935,126.27257
2026-02-04 07:00:00+00:00,131.605,134.12473
2026-02-04 08:00:00+00:00,122.6725,134.81305
2026-02-04 09:00:00+00:00,110.0,120.15357
2026-02-04 10:00:00+00:00,98.7075,111.98279
2026-02-04 11:00:00+00:00,91.915,102.36686
2026-02-04 12:00:00+00:00,91.3825,94.67389
2026-02-04 13:00:00+00:00,96.0775,97.01639
2026-02-04 14:00:00+00:00,102.875,105.72255
2026-02-04 15:00:00+00:00,114.185,115.24663
2026-02-04 16:00:00+00:00,124.6175,132.8987
2026-02-04 17:00:00+00:00,117.04,137.8012
2026-02-04 18:00:00+00:00,104.52,123.04899
2026-02-04 19:00:00+00:00,96.2875,102.15795
2026-02-04 20:00:00+00:00,94.7525,93.30637
2026-02-04 21:00:00+00:00,93.8225,94.00306
2026-02-04 22:00:00+00:00,86.3075,91.346115
2026-02-04 23:00:00+00:00,90.3025,84.91513
2026-02-05 00:00:00+00:00,88.4375,90.48338
2026-02-05 01:00:00+00:00,87.4325,88.691414
2026-02-05 02:00:00+00:00,87.795,90.35566
2026-02-05 03:00:00+00:00,89.565,93.3125
2026-02-05 04:00:00+00:00,91.51,101.538635
2026-02-05 05:00:00+00:00,102.845,108.141655
2026-02-05 06:00:00+00:00,113.32,127.72009
2026-02-05 07:00:00+00:00,125.365,135.97897
2026-02-05 08:00:00+00:00,121.52,130.15234
2026-02-05 09:00:00+00:00,118.1925,124.5242
2026-02-05 10:00:00+00:00,121.0675,121.18169
2026-02-05 11:00:00+00:00,108.2525,115.92013
2026-02-05 12:00:00+00:00,109.7575,111.11119
2026-02-05 13:00:00+00:00,110.1025,117.28196
2026-02-05 14:00:00+00:00,116.98,121.48416
2026-02-05 15:00:00+00:00,126.0,133.528
2026-02-05 16:00:00+00:00,140.5,142.69835
2026-02-05 17:00:00+00:00,136.64499999999998,151.74908
2026-02-05 18:00:00+00:00,132.9075,140.5354
2026-02-05 19:00:00+00:00,120.81,124.18643
2026-02-05 20:00:00+00:00,107.7825,112.54788
2026-02-05 21:00:00+00:00,105.88,105.112335
2026-02-05 22:00:00+00:00,100.0375,102.646194
2026-02-05 23:00:00+00:00,99.31,101.74904
2026-02-06 00:00:00+00:00,99.1275,103.757286
2026-02-06 01:00:00+00:00,98.0875,103.3648
2026-02-06 02:00:00+00:00,98.2275,104.31321
2026-02-06 03:00:00+00:00,98.7425,106.41213
2026-02-06 04:00:00+00:00,102.3325,110.96926
2026-02-06 05:00:00+00:00,115.4225,121.217514
2026-02-06 06:00:00+00:00,139.4625,139.74443
2026-02-06 07:00:00+00:00,144.74,158.13913
2026-02-06 08:00:00+00:00,144.2025,142.9927
2026-02-06 09:00:00+00:00,142.0925,137.64815
2026-02-06 10:00:00+00:00,138.91,137.2418
2026-02-06 11:00:00+00:00,136.21,131.83508
2026-02-06 12:00:00+00:00,135.89249999999998,133.66354
2026-02-06 13:00:00+00:00,135.66750000000002,136.60933
2026-02-06 14:00:00+00:00,139.4725,142.1805
2026-02-06 15:00:00+00:00,133.9625,146.76247
2026-02-06 16:00:00+00:00,137.1875,148.74272
2026-02-06 17:00:00+00:00,132.19,144.06355
2026-02-06 18:00:00+00:00,125.6275,129.789
2026-02-06 19:00:00+00:00,110.9825,118.19391
2026-02-06 20:00:00+00:00,108.85,108.112755
2026-02-06 21:00:00+00:00,106.2625,104.70706
2026-02-06 22:00:00+00:00,102.2375,102.648026
2026-02-06 23:00:00+00:00,101.4925,103.96719
2026-02-07 00:00:00+00:00,100.0,102.16567
2026-02-07 01:00:00+00:00,98.0425,101.907036
2026-02-07 02:00:00+00:00,96.885,100.75702
2026-02-07 03:00:00+00:00,96.395,97.26336
2026-02-07 04:00:00+00:00,96.725,98.718376
2026-02-07 05:00:00+00:00,97.095,101.84035
2026-02-07 06:00:00+00:00,105.5475,105.914474
2026-02-07 07:00:00+00:00,114.08,120.17238
2026-02-07 08:00:00+00:00,117.975,119.974686
2026-02-07 09:00:00+00:00,110.0625,118.93243
2026-02-07 10:00:00+00:00,104.5325,111.780365
2026-02-07 11:00:00+00:00,100.1175,108.37385
2026-02-07 12:00:00+00:00,97.3875,103.656746
2026-02-07 13:00:00+00:00,99.9275,107.85224
2026-02-07 14:00:00+00:00,106.3325,112.27093
2026-02-07 15:00:00+00:00,120.29,127.83184
2026-02-07 16:00:00+00:00,134.03750000000002,144.29088
2026-02-07 17:00:00+00:00,135.33249999999998,149.50189
2026-02-07 18:00:00+00:00,127.4975,140.22731
2026-02-07 19:00:00+00:00,113.395,117.69123
2026-02-07 20:00:00+00:00,104.39,109.423965
2026-02-07 21:00:00+00:00,104.0725,102.9975
2026-02-07 22:00:00+00:00,98.76,101.06659
2026-02-07 23:00:00+00:00,102.035,99.73568
2026-02-08 00:00:00+00:00,99.045,100.94532
2026-02-08 01:00:00+00:00,97.5675,98.04525
2026-02-08 02:00:00+00:00,96.425,97.32192
2026-02-08 03:00:00+00:00,94.86,96.122185
2026-02-08 04:00:00+00:00,95.75,96.0937
2026-02-08 05:00:00+00:00,95.0,97.220604
2026-02-08 06:00:00+00:00,95.805,101.1766
2026-02-08 07:00:00+00:00,100.3475,105.33139
2026-02-08 08:00:00+00:00,101.9875,106.99438
2026-02-08 09:00:00+00:00,102.645,103.44691
2026-02-08 10:00:00+00:00,99.6,102.61449
2026-02-08 11:00:00+00:00,96.5725,96.69307
2026-02-08 12:00:00+00:00,95.45,92.19335
2026-02-08 13:00:00+00:00,97.22,97.519875
2026-02-08 14:00:00+00:00,103.3225,106.79335
2026-02-08 15:00:00+00:00,111.785,121.87673
2026-02-08 16:00:00+00:00,127.6325,134.26268
2026-02-08 17:00:00+00:00,131.26749999999998,137.8511
2026-02-08 18:00:00+00:00,126.9075,135.50383
2026-02-08 19:00:00+00:00,113.2825,117.33388
2026-02-08 20:00:00+00:00,107.6275,109.072716
2026-02-08 21:00:00+00:00,105.14,104.61778
2026-02-08 22:00:00+00:00,99.9825,100.65619
2026-02-08 23:00:00+00:00,96.745,98.984055
2026-02-09 00:00:00+00:00,95.4525,97.43183
2026-02-09 01:00:00+00:00,95.7025,96.49311
2026-02-09 02:00:00+00:00,95.4675,96.37276
2026-02-09 03:00:00+00:00,96.565,98.17566
2026-02-09 04:00:00+00:00,104.735,103.89487
2026-02-09 05:00:00+00:00,132.235,121.10551
2026-02-09 06:00:00+00:00,158.595,157.43608
2026-02-09 07:00:00+00:00,182.71,177.62347
2026-02-09 08:00:00+00:00,169.2075,176.53078
2026-02-09 09:00:00+00:00,157.29,155.48587
2026-02-09 10:00:00+00:00,144.38,144.63017
2026-02-09 11:00:00+00:00,137.0725,131.8306
2026-02-09 12:00:00+00:00,135.025,131.22983
2026-02-09 13:00:00+00:00,137.6575,139.21297
2026-02-09 14:00:00+00:00,149.0775,150.9827
2026-02-09 15:00:00+00:00,168.9825,167.04443
2026-02-09 16:00:00+00:00,227.2125,189.0687
2026-02-09 17:00:00+00:00,182.225,225.54556
2026-02-09 18:00:00+00:00,165.81,177.91278
2026-02-09 19:00:00+00:00,144.1275,143.78247
2026-02-09 20:00:00+00:00,134.6,131.29282
2026-02-09 21:00:00+00:00,122.895,122.67202
2026-02-09 22:00:00+00:00,108.9225,111.4784
2026-02-09 23:00:00+00:00,104.6425,108.65956
2026-02-10 00:00:00+00:00,103.745,105.17163
2026-02-10 01:00:00+00:00,102.7475,105.80612
2026-02-10 02:00:00+00:00,102.435,105.05388
2026-02-10 03:00:00+00:00,102.435,109.01709
2026-02-10 04:00:00+00:00,105.4275,113.66272
2026-02-10 05:00:00+00:00,119.9175,132.38269
2026-02-10 06:00:00+00:00,134.89,149.49837
2026-02-10 07:00:00+00:00,143.8275,143.83134
2026-02-10 08:00:00+00:00,132.08249999999998,136.40283
2026-02-10 09:00:00+00:00,129.0875,123.050514
2026-02-10 10:00:00+00:00,119.4425,119.22426
2026-02-10 11:00:00+00:00,109.2225,111.95481
2026-02-10 12:00:00+00:00,109.47,109.87533
2026-02-10 13:00:00+00:00,116.2225,117.5369
2026-02-10 14:00:00+00:00,128.115,128.74777
2026-02-10 15:00:00+00:00,127.6625,142.77145
2026-02-10 16:00:00+00:00,135.2425,143.33191
2026-02-10 17:00:00+00:00,131.7125,147.09329
2026-02-10 18:00:00+00:00,120.3275,133.85965
2026-02-10 19:00:00+00:00,111.2525,115.8366
2026-02-10 20:00:00+00:00,107.1575,111.213356
2026-02-10 21:00:00+00:00,106.69,104.32139
2026-02-10 22:00:00+00:00,100.5275,98.55856
2026-02-10 23:00:00+00:00,96.7825,99.873215
2026-02-11 00:00:00+00:00,96.63,94.350914
2026-02-11 01:00:00+00:00,95.605,93.783875
2026-02-11 02:00:00+00:00,94.68,94.03793
2026-02-11 03:00:00+00:00,94.845,95.42841
2026-02-11 04:00:00+00:00,99.1425,103.519684
2026-02-11 05:00:00+00:00,110.4775,113.337906
2026-02-11 06:00:00+00:00,129.0,135.5266
2026-02-11 07:00:00+00:00,137.0675,137.85384
2026-02-11 08:00:00+00:00,131.4375,129.83759
2026-02-11 09:00:00+00:00,127.5,124.33624
2026-02-11 10:00:00+00:00,125.94,118.18357
2026-02-11 11:00:00+00:00,115.8625,115.962425
2026-02-11 12:00:00+00:00,116.7,114.19273
2026-02-11 13:00:00+00:00,116.7,118.96785
2026-02-11 14:00:00+00:00,118.185,126.814095
2026-02-11 15:00:00+00:00,122.315,129.93701
2026-02-11 16:00:00+00:00,127.9,134.50578
2026-02-11 17:00:00+00:00,125.465,129.658
2026-02-11 18:00:00+00:00,112.02,120.68596
2026-02-11 19:00:00+00:00,104.9275,103.05944
2026-02-11 20:00:00+00:00,104.38,96.39191
2026-02-11 21:00:00+00:00,101.9975,96.14716
2026-02-11 22:00:00+00:00,95.3075,93.13434
2026-02-11 23:00:00+00:00,88.1925,89.34548
2026-02-12 00:00:00+00:00,87.58,85.6062
2026-02-12 01:00:00+00:00,86.2025,85.484985
2026-02-12 02:00:00+00:00,84.8925,84.63383
2026-02-12 03:00:00+00:00,86.0125,86.248146
2026-02-12 04:00:00+00:00,89.43,93.10609
2026-02-12 05:00:00+00:00,99.8625,105.08355
2026-02-12 06:00:00+00:00,116.0075,119.2823
2026-02-12 07:00:00+00:00,123.0725,126.71769
2026-02-12 08:00:00+00:00,121.205,118.22293
2026-02-12 09:00:00+00:00,117.52,114.53342
2026-02-12 10:00:00+00:00,111.1525,109.734245
2026-02-12 11:00:00+00:00,105.515,104.77847
2026-02-12 12:00:00+00:00,103.555,106.00964
2026-02-12 13:00:00+00:00,105.2125,105.552246
2026-02-12 14:00:00+00:00,107.98,110.375656
2026-02-12 15:00:00+00:00,110.785,119.767654
2026-02-12 16:00:00+00:00,123.05,127.942245
2026-02-12 17:00:00+00:00,125.6625,128.283
2026-02-12 18:00:00+00:00,120.8725,118.06039
2026-02-12 19:00:00+00:00,109.1025,105.48147
2026-02-12 20:00:00+00:00,99.6925,96.74632
2026-02-12 21:00:00+00:00,97.175,90.16681
2026-02-12 22:00:00+00:00,89.33250000000001,89.07425
2026-02-12 23:00:00+00:00,83.8575,83.28521
2026-02-13 00:00:00+00:00,83.66,81.313286
2026-02-13 01:00:00+00:00,82.2175,81.89907
2026-02-13 02:00:00+00:00,81.855,81.88294
2026-02-13 03:00:00+00:00,83.35,83.81034
2026-02-13 04:00:00+00:00,87.1875,90.82222
2026-02-13 05:00:00+00:00,98.7275,100.94035
2026-02-13 06:00:00+00:00,117.7275,119.111275
2026-02-13 07:00:00+00:00,123.85,129.5862
2026-02-13 08:00:00+00:00,119.15,123.72793
2026-02-13 09:00:00+00:00,106.3925,118.17472
2026-02-13 10:00:00+00:00,101.03,103.277596
2026-02-13 11:00:00+00:00,97.3,101.30538
2026-02-13 12:00:00+00:00,97.495,100.726326
2026-02-13 13:00:00+00:00,102.09,105.00371
2026-02-13 14:00:00+00:00,118.0975,111.330215
2026-02-13 15:00:00+00:00,125.905,133.56468
2026-02-13 16:00:00+00:00,131.985,141.54788
2026-02-13 17:00:00+00:00,136.02249999999998,143.488
2026-02-13 18:00:00+00:00,131.89249999999998,134.43091
2026-02-13 19:00:00+00:00,126.0,120.92626
2026-02-13 20:00:00+00:00,117.58,115.97516
2026-02-13 21:00:00+00:00,109.9475,110.168816
2026-02-13 22:00:00+00:00,100.8575,104.481834
2026-02-13 23:00:00+00:00,96.9925,101.74212
2026-02-14 00:00:00+00:00,91.83,96.34591
2026-02-14 01:00:00+00:00,89.09,93.46619
2026-02-14 02:00:00+00:00,88.6725,92.0527
2026-02-14 03:00:00+00:00,87.5075,91.5182
2026-02-14 04:00:00+00:00,88.75,91.23109
2026-02-14 05:00:00+00:00,90.2175,93.48075
2026-02-14 06:00:00+00:00,93.1175,104.00049
2026-02-14 07:00:00+00:00,101.8325,106.285194
2026-02-14 08:00:00+00:00,107.49,113.40145
2026-02-14 09:00:00+00:00,103.97,110.39692
2026-02-14 10:00:00+00:00,98.1625,105.99785
2026-02-14 11:00:00+00:00,95.16,101.184944
2026-02-14 12:00:00+00:00,93.9725,97.8082
2026-02-14 13:00:00+00:00,97.1125,100.619156
2026-02-14 14:00:00+00:00,104.9525,106.7115
2026-02-14 15:00:00+00:00,116.8875,122.924034
2026-02-14 16:00:00+00:00,126.1,139.93092
2026-02-14 17:00:00+00:00,131.9275,140.2911
2026-02-14 18:00:00+00:00,128.72,133.05768
2026-02-14 19:00:00+00:00,123.1925,120.62721
2026-02-14 20:00:00+00:00,116.98,117.37527
2026-02-14 21:00:00+00:00,111.2025,111.78242
2026-02-14 22:00:00+00:00,101.1,106.78323
2026-02-14 23:00:00+00:00,101.7775,101.608284
2026-02-15 00:00:00+00:00,99.9475,101.241234
2026-02-15 01:00:00+00:00,100.755,99.69592
2026-02-15 02:00:00+00:00,98.025,101.479706
2026-02-15 03:00:00+00:00,96.52,99.64998
2026-02-15 04:00:00+00:00,94.355,97.8142
2026-02-15 05:00:00+00:00,94.1675,97.08455
2026-02-15 06:00:00+00:00,96.115,102.70071
2026-02-15 07:00:00+00:00,96.8,104.142006
2026-02-15 08:00:00+00:00,93.065,97.652824
2026-02-15 09:00:00+00:00,83.0175,89.89174
2026-02-15 10:00:00+00:00,74.7225,79.8159
2026-02-15 11:00:00+00:00,67.37,68.38299
2026-02-15 12:00:00+00:00,64.4075,60.12939
2026-02-15 13:00:00+00:00,64.4225,66.11878
2026-02-15 14:00:00+00:00,71.9525,74.701294
2026-02-15 15:00:00+00:00,84.205,88.89729
2026-02-15 16:00:00+00:00,96.385,99.51089
2026-02-15 17:00:00+00:00,98.2025,100.35979
2026-02-15 18:00:00+00:00,83.6125,93.665085
2026-02-15 19:00:00+00:00,71.0025,76.74352
2026-02-15 20:00:00+00:00,67.2625,65.86153
2026-02-15 21:00:00+00:00,65.61500000000001,67.14262
2026-02-15 22:00:00+00:00,58.04,59.911762
2026-02-15 23:00:00+00:00,68.93,54.718124
2026-02-16 00:00:00+00:00,65.375,61.25059
2026-02-16 01:00:00+00:00,64.41,59.877243
2026-02-16 02:00:00+00:00,64.4125,61.063656
2026-02-16 03:00:00+00:00,66.0525,63.945774
2026-02-16 04:00:00+00:00,69.985,77.74974
2026-02-16 05:00:00+00:00,79.3275,85.4777
2026-02-16 06:00:00+00:00,94.0725,95.827614
2026-02-16 07:00:00+00:00,101.0325,103.67644
2026-02-16 08:00:00+00:00,104.425,103.06599
2026-02-16 09:00:00+00:00,101.54,104.56228
2026-02-16 10:00:00+00:00,94.86,102.261154
2026-02-16 11:00:00+00:00,92.0025,94.23912
2026-02-16 12:00:00+00:00,94.4025,94.47567
2026-02-16 13:00:00+00:00,96.0125,100.69392
2026-02-16 14:00:00+00:00,104.075,106.23791
2026-02-16 15:00:00+00:00,115.3025,118.463875
2026-02-16 16:00:00+00:00,130.355,135.15594
2026-02-16 17:00:00+00:00,129.1175,145.04842
2026-02-16 18:00:00+00:00,126.355,136.09084
2026-02-16 19:00:00+00:00,115.6325,122.69296
2026-02-16 20:00:00+00:00,103.8975,114.45999
2026-02-16 21:00:00+00:00,101.92,101.336525
2026-02-16 22:00:00+00:00,92.755,98.86895
2026-02-16 23:00:00+00:00,87.02000000000001,93.3763
2026-02-17 00:00:00+00:00,85.105,87.62143
2026-02-17 01:00:00+00:00,84.78,87.78586
2026-02-17 02:00:00+00:00,85.65,87.51756
2026-02-17 03:00:00+00:00,84.8175,90.56017
2026-02-17 04:00:00+00:00,88.8425,94.63095
2026-02-17 05:00:00+00:00,102.7225,102.844734
2026-02-17 06:00:00+00:00,114.3275,123.312065
2026-02-17 07:00:00+00:00,114.855,126.71064
2026-02-17 08:00:00+00:00,110.8375,116.95019
2026-02-17 09:00:00+00:00,102.4,109.75499
2026-02-17 10:00:00+00:00,93.055,102.53923
2026-02-17 11:00:00+00:00,83.94,93.85831
2026-02-17 12:00:00+00:00,82.2925,87.85224
2026-02-17 13:00:00+00:00,82.4175,88.44606
2026-02-17 14:00:00+00:00,86.3775,94.65819
2026-02-17 15:00:00+00:00,94.0825,103.7887
2026-02-17 16:00:00+00:00,110.805,109.52235
2026-02-17 17:00:00+00:00,126.975,123.35916
2026-02-17 18:00:00+00:00,126.6,120.7713
2026-02-17 19:00:00+00:00,111.2275,113.66407
2026-02-17 20:00:00+00:00,99.9525,101.69014
2026-02-17 21:00:00+00:00,93.225,95.09023
2026-02-17 22:00:00+00:00,89.61,90.326645
2026-02-17 23:00:00+00:00,95.63,89.170425
2026-02-18 00:00:00+00:00,93.5625,96.46384
2026-02-18 01:00:00+00:00,93.2925,94.85867
2026-02-18 02:00:00+00:00,92.675,95.04778
2026-02-18 03:00:00+00:00,93.4175,96.968834
2026-02-18 04:00:00+00:00,101.1975,105.21197
2026-02-18 05:00:00+00:00,122.5125,121.79318
2026-02-18 06:00:00+00:00,175.6875,156.95633
2026-02-18 07:00:00+00:00,186.0925,194.54172
2026-02-18 08:00:00+00:00,135.64249999999998,173.21361
2026-02-18 09:00:00+00:00,115.88,126.42867
2026-02-18 10:00:00+00:00,106.2225,111.597374
2026-02-18 11:00:00+00:00,101.3325,101.44715
2026-02-18 12:00:00+00:00,100.5025,102.23224
2026-02-18 13:00:00+00:00,103.6425,108.406166
2026-02-18 14:00:00+00:00,114.09,113.64294
2026-02-18 15:00:00+00:00,122.0825,128.60768
2026-02-18 16:00:00+00:00,140.405,137.13307
2026-02-18 17:00:00+00:00,142.5975,151.04205
2026-02-18 18:00:00+00:00,119.8425,135.35356
2026-02-18 19:00:00+00:00,102.67,110.0224
2026-02-18 20:00:00+00:00,96.14,98.04499
2026-02-18 21:00:00+00:00,95.0975,92.716675
2026-02-18 22:00:00+00:00,89.465,88.314026
2026-02-18 23:00:00+00:00,83.775,85.978264
2026-02-19 00:00:00+00:00,81.85,83.65767
2026-02-19 01:00:00+00:00,81.93,83.06636
2026-02-19 02:00:00+00:00,81.45,84.805405
2026-02-19 03:00:00+00:00,77.655,86.7233
2026-02-19 04:00:00+00:00,84.15,90.57464
2026-02-19 05:00:00+00:00,87.11250000000001,99.944084
2026-02-19 06:00:00+00:00,89.2375,106.503296
2026-02-19 07:00:00+00:00,96.945,101.57826
2026-02-19 08:00:00+00:00,103.61,98.30606
2026-02-19 09:00:00+00:00,100.995,102.76445
2026-02-19 10:00:00+00:00,95.1075,98.31548
2026-02-19 11:00:00+00:00,91.0,92.06188
2026-02-19 12:00:00+00:00,90.1,90.24378
2026-02-19 13:00:00+00:00,90.16,92.37572
2026-02-19 14:00:00+00:00,92.5875,98.77493
2026-02-19 15:00:00+00:00,96.3925,105.11986
2026-02-19 16:00:00+00:00,105.6925,108.63824
2026-02-19 17:00:00+00:00,113.5175,118.224754
2026-02-19 18:00:00+00:00,111.385,114.86346
2026-02-19 19:00:00+00:00,100.485,100.72865
2026-02-19 20:00:00+00:00,98.115,95.41403
2026-02-19 21:00:00+00:00,92.1,91.48092
2026-02-19 22:00:00+00:00,85.185,84.883095
2026-02-19 23:00:00+00:00,86.06,79.86226
2026-02-20 00:00:00+00:00,85.9275,83.55262
2026-02-20 01:00:00+00:00,85.4375,85.13487
2026-02-20 02:00:00+00:00,84.88,85.62174
2026-02-20 03:00:00+00:00,84.4175,86.015366
2026-02-20 04:00:00+00:00,90.27,92.14449
2026-02-20 05:00:00+00:00,104.8325,104.1835
2026-02-20 06:00:00+00:00,113.7825,120.25455
2026-02-20 07:00:00+00:00,116.1425,115.06938
2026-02-20 08:00:00+00:00,109.1825,105.97973
2026-02-20 09:00:00+00:00,91.1,98.0364
2026-02-20 10:00:00+00:00,83.6825,87.014084
2026-02-20 11:00:00+00:00,81.0125,79.60241
2026-02-20 12:00:00+00:00,79.6,79.81187
2026-02-20 13:00:00+00:00,79.95750000000001,81.88753
2026-02-20 14:00:00+00:00,83.465,88.899315
2026-02-20 15:00:00+00:00,91.8575,97.10852
2026-02-20 16:00:00+00:00,101.4375,107.16304
2026-02-20 17:00:00+00:00,93.7825,112.298416
2026-02-20 18:00:00+00:00,82.9875,94.25313
2026-02-20 19:00:00+00:00,78.715,77.775505
2026-02-20 20:00:00+00:00,67.9975,70.378914
2026-02-20 21:00:00+00:00,64.64,59.026543
2026-02-20 22:00:00+00:00,46.805,53.6133
2026-02-20 23:00:00+00:00,52.44,33.124786
2026-02-21 00:00:00+00:00,46.645,41.394497
2026-02-21 01:00:00+00:00,43.4575,35.67851
2026-02-21 02:00:00+00:00,41.6575,34.41399
2026-02-21 03:00:00+00:00,38.975,34.60474
2026-02-21 04:00:00+00:00,39.4775,37.07088
2026-02-21 05:00:00+00:00,35.86,40.039227
2026-02-21 06:00:00+00:00,46.99,35.753307
2026-02-21 07:00:00+00:00,56.05,40.694717
2026-02-21 08:00:00+00:00,58.035,46.153652
2026-02-21 09:00:00+00:00,59.525,48.09965
2026-02-21 10:00:00+00:00,55.385000000000005,48.188057
2026-02-21 11:00:00+00:00,50.5275,41.442738
2026-02-21 12:00:00+00:00,45.1625,41.743893
2026-02-21 13:00:00+00:00,56.005,47.42232
2026-02-21 14:00:00+00:00,68.88499999999999,64.40282
2026-02-21 15:00:00+00:00,81.94,81.35061
2026-02-21 16:00:00+00:00,98.635,96.63672
2026-02-21 17:00:00+00:00,108.3125,105.32144
2026-02-21 18:00:00+00:00,101.1725,105.333534
2026-02-21 19:00:00+00:00,89.0975,91.61468
2026-02-21 20:00:00+00:00,82.8125,80.11839
2026-02-21 21:00:00+00:00,76.5925,73.85258
2026-02-21 22:00:00+00:00,66.71000000000001,63.163673
2026-02-21 23:00:00+00:00,56.675,53.585304
2026-02-22 00:00:00+00:00,52.51,47.34903
2026-02-22 01:00:00+00:00,44.0575,40.861904
2026-02-22 02:00:00+00:00,40.9575,33.280296
2026-02-22 03:00:00+00:00,39.0175,30.239298
2026-02-22 04:00:00+00:00,38.2875,31.375275
2026-02-22 05:00:00+00:00,34.875,29.187756
2026-02-22 06:00:00+00:00,41.5025,27.515007
2026-02-22 07:00:00+00:00,47.355,33.55611
2026-02-22 08:00:00+00:00,55.462500000000006,33.49238
2026-02-22 09:00:00+00:00,55.1025,40.424934
2026-02-22 10:00:00+00:00,53.962500000000006,38.457302
2026-02-22 11:00:00+00:00,50.585,37.654312
2026-02-22 12:00:00+00:00,45.08,37.910946
2026-02-22 13:00:00+00:00,43.307500000000005,40.124584
2026-02-22 14:00:00+00:00,47.9425,43.803253
2026-02-22 15:00:00+00:00,56.9275,45.549194
2026-02-22 16:00:00+00:00,75.95,58.274303
2026-02-22 17:00:00+00:00,79.4425,69.18713
2026-02-22 18:00:00+00:00,75.12,65.42706
2026-02-22 19:00:00+00:00,68.5175,56.740185
2026-02-22 20:00:00+00:00,67.69,50.325558
2026-02-22 21:00:00+00:00,70.41,51.52236
2026-02-22 22:00:00+00:00,51.9475,50.17936
2026-02-22 23:00:00+00:00,45.35,33.676548
2026-02-23 00:00:00+00:00,45.5125,33.700253
2026-02-23 01:00:00+00:00,43.975,35.55274
2026-02-23 02:00:00+00:00,44.915,35.46463
2026-02-23 03:00:00+00:00,45.145,38.770023
2026-02-23 04:00:00+00:00,56.07,47.565456
2026-02-23 05:00:00+00:00,77.7625,65.54663
2026-02-23 06:00:00+00:00,95.9575,83.73153
2026-02-23 07:00:00+00:00,99.0425,91.41328
2026-02-23 08:00:00+00:00,87.4675,89.097244
2026-02-23 09:00:00+00:00,67.015,72.70864
2026-02-23 10:00:00+00:00,48.85,43.5097
2026-02-23 11:00:00+00:00,7.88,25.173264
2026-02-23 12:00:00+00:00,2.9025,2.8835375
2026-02-23 13:00:00+00:00,34.8925,7.2666574
2026-02-23 14:00:00+00:00,58.5075,35.933613
2026-02-23 15:00:00+00:00,79.5075,66.92492
2026-02-23 16:00:00+00:00,96.09,88.82205
2026-02-23 17:00:00+00:00,107.27,100.59698
2026-02-23 18:00:00+00:00,110.8975,102.25476
2026-02-23 19:00:00+00:00,98.025,93.984314
2026-02-23 20:00:00+00:00,97.235,88.17613
2026-02-23 21:00:00+00:00,95.855,87.74724
2026-02-23 22:00:00+00:00,87.2875,83.30474
2026-02-23 23:00:00+00:00,82.3575,77.92445
2026-02-24 00:00:00+00:00,83.9625,80.12543
2026-02-24 01:00:00+00:00,85.975,81.28909
2026-02-24 02:00:00+00:00,86.45,84.30024
2026-02-24 03:00:00+00:00,88.205,86.6572
2026-02-24 04:00:00+00:00,94.17,94.18242
2026-02-24 05:00:00+00:00,111.1225,108.31382
2026-02-24 06:00:00+00:00,133.0975,131.18555
2026-02-24 07:00:00+00:00,147.475,136.45206
2026-02-24 08:00:00+00:00,140.72,134.10126
2026-02-24 09:00:00+00:00,128.7675,124.18995
2026-02-24 10:00:00+00:00,111.395,114.38619
2026-02-24 11:00:00+00:00,100.19,103.172874
2026-02-24 12:00:00+00:00,99.3,96.160126
2026-02-24 13:00:00+00:00,95.005,100.56449
2026-02-24 14:00:00+00:00,107.0725,100.071976
2026-02-24 15:00:00+00:00,125.8075,118.2518
2026-02-24 16:00:00+00:00,182.22,147.80685
2026-02-24 17:00:00+00:00,184.0475,190.58539
2026-02-24 18:00:00+00:00,144.4175,168.81831
2026-02-24 19:00:00+00:00,118.9575,127.56443
2026-02-24 20:00:00+00:00,108.725,112.1205
2026-02-24 21:00:00+00:00,101.705,105.7463
2026-02-24 22:00:00+00:00,93.9025,98.65115
2026-02-24 23:00:00+00:00,92.1425,92.75365
2026-02-25 00:00:00+00:00,87.4025,92.52386
2026-02-25 01:00:00+00:00,84.83250000000001,87.18223
2026-02-25 02:00:00+00:00,88.095,86.535416
2026-02-25 03:00:00+00:00,88.61,93.53412
2026-02-25 04:00:00+00:00,93.1725,101.336494
2026-02-25 05:00:00+00:00,113.8175,118.92769
2026-02-25 06:00:00+00:00,130.7325,148.47151
2026-02-25 07:00:00+00:00,119.8525,141.37842
2026-02-25 08:00:00+00:00,107.175,117.303444
2026-02-25 09:00:00+00:00,90.83,104.58744
2026-02-25 10:00:00+00:00,79.8475,89.773766
2026-02-25 11:00:00+00:00,65.80250000000001,74.037476
2026-02-25 12:00:00+00:00,60.1975,66.93966
2026-02-25 13:00:00+00:00,67.8475,71.7472
2026-02-25 14:00:00+00:00,80.9825,83.35758
2026-02-25 15:00:00+00:00,101.37,104.72816
2026-02-25 16:00:00+00:00,118.6425,133.5611
2026-02-25 17:00:00+00:00,121.77,138.82074
2026-02-25 18:00:00+00:00,107.1525,119.66898
2026-02-25 19:00:00+00:00,94.255,100.64144
2026-02-25 20:00:00+00:00,87.28,87.49933
2026-02-25 21:00:00+00:00,86.8275,81.94459
2026-02-25 22:00:00+00:00,79.12,79.038795
2026-02-25 23:00:00+00:00,76.4225,74.87596
2026-02-26 00:00:00+00:00,72.39,74.1991
2026-02-26 01:00:00+00:00,68.74249999999999,70.23363
2026-02-26 02:00:00+00:00,67.9325,68.35611
2026-02-26 03:00:00+00:00,67.3775,71.34324
2026-02-26 04:00:00+00:00,75.855,78.34022
2026-02-26 05:00:00+00:00,100.8175,90.49274
2026-02-26 06:00:00+00:00,110.1,115.997185
2026-02-26 07:00:00+00:00,97.4475,102.747
2026-02-26 08:00:00+00:00,80.42500000000001,85.09556
2026-02-26 09:00:00+00:00,67.85,68.84643
2026-02-26 10:00:00+00:00,53.345,52.967434
2026-02-26 11:00:00+00:00,20.0375,40.86105
2026-02-26 12:00:00+00:00,14.0525,19.333174
2026-02-26 13:00:00+00:00,44.6375,25.797762
2026-02-26 14:00:00+00:00,71.3075,58.71396
2026-02-26 15:00:00+00:00,94.7325,86.370804
2026-02-26 16:00:00+00:00,111.1375,113.56878
2026-02-26 17:00:00+00:00,113.095,126.73774
2026-02-26 18:00:00+00:00,107.985,109.15494
2026-02-26 19:00:00+00:00,93.4475,98.383446
2026-02-26 20:00:00+00:00,84.0775,87.217545
2026-02-26 21:00:00+00:00,80.45750000000001,77.436134
2026-02-26 22:00:00+00:00,71.575,73.02259
2026-02-26 23:00:00+00:00,55.1475,61.837387
2026-02-27 00:00:00+00:00,56.0075,51.195305
2026-02-27 01:00:00+00:00,57.3025,53.23905
2026-02-27 02:00:00+00:00,60.0,53.70323
2026-02-27 03:00:00+00:00,61.795,60.0632
2026-02-27 04:00:00+00:00,65.9925,71.53151
2026-02-27 05:00:00+00:00,76.565,82.97128
2026-02-27 06:00:00+00:00,88.525,89.216896
2026-02-27 07:00:00+00:00,79.33,80.40274
2026-02-27 08:00:00+00:00,64.415,61.644512
2026-02-27 09:00:00+00:00,31.5475,42.27088
2026-02-27 10:00:00+00:00,0.97,13.654799
2026-02-27 11:00:00+00:00,-0.0125,-0.7918756
2026-02-27 12:00:00+00:00,-0.01,-1.2694345
2026-02-27 13:00:00+00:00,7.7375,6.5264993
2026-02-27 14:00:00+00:00,59.755,25.602345
2026-02-27 15:00:00+00:00,92.0,79.77709
2026-02-27 16:00:00+00:00,115.195,116.49904
2026-02-27 17:00:00+00:00,118.1,124.44238
2026-02-27 18:00:00+00:00,109.2525,110.4537
2026-02-27 19:00:00+00:00,100.03,99.58501
2026-02-27 20:00:00+00:00,90.9625,93.638565
2026-02-27 21:00:00+00:00,87.51,87.8673
2026-02-27 22:00:00+00:00,80.0025,83.12496
2026-02-27 23:00:00+00:00,80.02,74.730194
2026-02-28 00:00:00+00:00,76.305,76.08418
2026-02-28 01:00:00+00:00,74.7275,72.667946
2026-02-28 02:00:00+00:00,71.775,70.220665
2026-02-28 03:00:00+00:00,71.8925,68.808716
2026-02-28 04:00:00+00:00,72.25,68.55992
2026-02-28 05:00:00+00:00,72.9225,71.793724
2026-02-28 06:00:00+00:00,76.29,71.49215
2026-02-28 07:00:00+00:00,57.115,59.30151
2026-02-28 08:00:00+00:00,17.7975,36.746403
2026-02-28 09:00:00+00:00,-0.01,6.0163784
2026-02-28 10:00:00+00:00,-0.0275,-4.5584974
2026-02-28 11:00:00+00:00,-0.2525,-5.102835
2026-02-28 12:00:00+00:00,-0.2225,-4.6434846
2026-02-28 13:00:00+00:00,-0.0075,2.9859169
2026-02-28 14:00:00+00:00,14.8625,8.141472
2026-02-28 15:00:00+00:00,65.6475,32.488636
2026-02-28 16:00:00+00:00,89.935,78.931526
2026-02-28 17:00:00+00:00,95.1925,95.091125
2026-02-28 18:00:00+00:00,85.1675,86.09105
2026-02-28 19:00:00+00:00,69.1175,69.91548
2026-02-28 20:00:00+00:00,64.6675,53.664024
2026-02-28 21:00:00+00:00,64.6625,53.18369
2026-02-28 22:00:00+00:00,60.6725,51.55162
2026-02-28 23:00:00+00:00,47.6475,46.451015
2026-03-01 00:00:00+00:00,51.55,34.024693
2026-03-01 01:00:00+00:00,54.2475,38.960697
2026-03-01 02:00:00+00:00,57.072500000000005,41.38354
2026-03-01 03:00:00+00:00,61.085,49.74024
2026-03-01 04:00:00+00:00,65.18,53.45161
2026-03-01 05:00:00+00:00,66.00750000000001,56.586983
2026-03-01 06:00:00+00:00,64.9975,60.50839
2026-03-01 07:00:00+00:00,52.535,52.572075
2026-03-01 08:00:00+00:00,19.98,39.79314
2026-03-01 09:00:00+00:00,0.0,10.055235
2026-03-01 10:00:00+00:00,-0.025,-6.505797
2026-03-01 11:00:00+00:00,-0.365,-7.38241
2026-03-01 12:00:00+00:00,-0.7875,-6.129662
2026-03-01 13:00:00+00:00,-0.005,-1.082542
2026-03-01 14:00:00+00:00,25.9525,12.988186
2026-03-01 15:00:00+00:00,74.84,46.88364
2026-03-01 16:00:00+00:00,103.76,94.071686
2026-03-01 17:00:00+00:00,110.2025,116.69556
2026-03-01 18:00:00+00:00,101.685,106.18262
2026-03-01 19:00:00+00:00,90.735,92.02213
2026-03-01 20:00:00+00:00,81.315,82.43477
2026-03-01 21:00:00+00:00,74.66499999999999,74.48948
2026-03-01 22:00:00+00:00,68.1475,67.351166
2026-03-01 23:00:00+00:00,65.13,62.351116
2026-03-02 00:00:00+00:00,66.94500000000001,60.461933
2026-03-02 01:00:00+00:00,69.0075,64.53921
2026-03-02 02:00:00+00:00,69.5675,67.342316
2026-03-02 03:00:00+00:00,74.03,72.02133
2026-03-02 04:00:00+00:00,85.03,80.90511
2026-03-02 05:00:00+00:00,100.1675,98.80809
2026-03-02 06:00:00+00:00,138.6525,110.24279
2026-03-02 07:00:00+00:00,124.8625,112.05556
2026-03-02 08:00:00+00:00,89.4625,101.21765
2026-03-02 09:00:00+00:00,69.9,75.53532
2026-03-02 10:00:00+00:00,53.5625,46.178642
2026-03-02 11:00:00+00:00,29.067500000000003,32.477245
2026-03-02 12:00:00+00:00,40.2525,16.924923
2026-03-02 13:00:00+00:00,64.03,42.267597
2026-03-02 14:00:00+00:00,84.9875,73.221664
2026-03-02 15:00:00+00:00,109.1525,98.655334
2026-03-02 16:00:00+00:00,173.5,135.4739
2026-03-02 17:00:00+00:00,187.995,188.42625
2026-03-02 18:00:00+00:00,143.61,170.44073
2026-03-02 19:00:00+00:00,107.685,124.53774
2026-03-02 20:00:00+00:00,96.4675,101.02553
2026-03-02 21:00:00+00:00,96.8,92.3979
2026-03-02 22:00:00+00:00,88.89500000000001,90.0595
2026-03-02 23:00:00+00:00,89.0625,84.7807
2026-03-03 00:00:00+00:00,90.1225,86.70701
2026-03-03 01:00:00+00:00,89.425,89.692116
2026-03-03 02:00:00+00:00,92.815,88.88491
2026-03-03 03:00:00+00:00,95.7225,96.179955
2026-03-03 04:00:00+00:00,103.32,103.17985
2026-03-03 05:00:00+00:00,136.0475,128.93037
2026-03-03 06:00:00+00:00,156.3975,159.50354
2026-03-03 07:00:00+00:00,136.78,140.4882
2026-03-03 08:00:00+00:00,99.52,116.03183
2026-03-03 09:00:00+00:00,78.17,88.084404
2026-03-03 10:00:00+00:00,55.9225,62.101635
2026-03-03 11:00:00+00:00,32.365,35.755627
2026-03-03 12:00:00+00:00,35.6625,27.455952
2026-03-03 13:00:00+00:00,64.14500000000001,46.93755
2026-03-03 14:00:00+00:00,86.7675,82.934746
2026-03-03 15:00:00+00:00,114.18,116.397224
2026-03-03 16:00:00+00:00,158.615,155.60027
2026-03-03 17:00:00+00:00,204.2575,190.41006
2026-03-03 18:00:00+00:00,173.37,178.3571
2026-03-03 19:00:00+00:00,131.725,146.8668
2026-03-03 20:00:00+00:00,116.18,126.163765
2026-03-03 21:00:00+00:00,111.32,108.40197
2026-03-03 22:00:00+00:00,104.695,105.729645
2026-03-03 23:00:00+00:00,129.01,100.918304
2026-03-04 00:00:00+00:00,127.8225,119.69758
2026-03-04 01:00:00+00:00,125.3225,118.24598
2026-03-04 02:00:00+00:00,124.735,118.53978
2026-03-04 03:00:00+00:00,128.2025,121.90581
2026-03-04 04:00:00+00:00,141.16,133.9475
2026-03-04 05:00:00+00:00,200.2975,170.09499
2026-03-04 06:00:00+00:00,267.485,209.32184
2026-03-04 07:00:00+00:00,193.3475,224.39032
2026-03-04 08:00:00+00:00,150.76,161.2845
2026-03-04 09:00:00+00:00,110.4175,124.08574
2026-03-04 10:00:00+00:00,78.2975,88.71856
2026-03-04 11:00:00+00:00,42.495,57.335552
2026-03-04 12:00:00+00:00,32.975,36.36156
2026-03-04 13:00:00+00:00,65.405,45.585644
2026-03-04 14:00:00+00:00,99.1125,84.66077
2026-03-04 15:00:00+00:00,137.21,126.6946
2026-03-04 16:00:00+00:00,244.265,184.19617
2026-03-04 17:00:00+00:00,310.86,245.73004
2026-03-04 18:00:00+00:00,239.6275,240.71243
2026-03-04 19:00:00+00:00,169.86,175.88612
2026-03-04 20:00:00+00:00,151.8775,148.8602
2026-03-04 21:00:00+00:00,142.24,136.39337
2026-03-04 22:00:00+00:00,124.8075,125.91063
2026-03-04 23:00:00+00:00,116.485,117.45245
2026-03-05 00:00:00+00:00,109.9325,112.60606
2026-03-05 01:00:00+00:00,109.2625,106.0644
2026-03-05 02:00:00+00:00,108.785,106.10142
2026-03-05 03:00:00+00:00,111.0625,112.49332
2026-03-05 04:00:00+00:00,126.9325,128.7909
2026-03-05 05:00:00+00:00,154.3875,156.4736
2026-03-05 06:00:00+00:00,175.54500000000002,176.08282
2026-03-05 07:00:00+00:00,139.32999999999998,159.66212
2026-03-05 08:00:00+00:00,97.0925,114.49835
2026-03-05 09:00:00+00:00,64.145,82.262566
2026-03-05 10:00:00+00:00,22.955,42.499947
2026-03-05 11:00:00+00:00,2.1225,7.639258
2026-03-05 12:00:00+00:00,2.825,-0.044650815
2026-03-05 13:00:00+00:00,38.835,17.225424
2026-03-05 14:00:00+00:00,90.0025,69.71652
2026-03-05 15:00:00+00:00,137.75,124.44548
2026-03-05 16:00:00+00:00,180.375,179.29897
2026-03-05 17:00:00+00:00,192.02,197.86932
2026-03-05 18:00:00+00:00,165.0,176.0943
2026-03-05 19:00:00+00:00,135.245,137.11887
2026-03-05 20:00:00+00:00,130.59,119.67876
2026-03-05 21:00:00+00:00,130.1425,115.87219
2026-03-05 22:00:00+00:00,119.7,113.05061
2026-03-05 23:00:00+00:00,104.125,108.57101
2026-03-06 00:00:00+00:00,106.0,98.88835
2026-03-06 01:00:00+00:00,108.5225,101.09525
2026-03-06 02:00:00+00:00,109.525,104.11732
2026-03-06 03:00:00+00:00,115.5,110.011505
2026-03-06 04:00:00+00:00,129.6575,134.56227
2026-03-06 05:00:00+00:00,157.285,161.50752
2026-03-06 06:00:00+00:00,177.025,169.93565
2026-03-06 07:00:00+00:00,138.2875,157.26962
2026-03-06 08:00:00+00:00,111.9625,114.137276
2026-03-06 09:00:00+00:00,96.5,90.8332
2026-03-06 10:00:00+00:00,66.7125,74.19036
2026-03-06 11:00:00+00:00,52.64,46.965427
2026-03-06 12:00:00+00:00,48.6525,42.679188
2026-03-06 13:00:00+00:00,73.9375,60.55522
2026-03-06 14:00:00+00:00,107.0675,86.95139
2026-03-06 15:00:00+00:00,130.39749999999998,135.30484
2026-03-06 16:00:00+00:00,177.4375,161.16454
2026-03-06 17:00:00+00:00,229.5525,204.82352
2026-03-06 18:00:00+00:00,189.765,211.40292
2026-03-06 19:00:00+00:00,153.11,174.89633
2026-03-06 20:00:00+00:00,134.1925,139.57121
2026-03-06 21:00:00+00:00,127.245,127.10648
2026-03-06 22:00:00+00:00,126.075,118.70536
2026-03-06 23:00:00+00:00,135.1625,118.45998
2026-03-07 00:00:00+00:00,130.6775,126.90124
2026-03-07 01:00:00+00:00,125.6725,124.76447
2026-03-07 02:00:00+00:00,124.39,119.59373
2026-03-07 03:00:00+00:00,124.7475,121.70174
2026-03-07 04:00:00+00:00,129.575,130.36844
2026-03-07 05:00:00+00:00,135.62,145.6178
2026-03-07 06:00:00+00:00,129.5575,142.83878
2026-03-07 07:00:00+00:00,112.9025,113.63342
2026-03-07 08:00:00+00:00,102.7875,95.60549
2026-03-07 09:00:00+00:00,74.445,80.06795
2026-03-07 10:00:00+00:00,30.5425,49.052002
2026-03-07 11:00:00+00:00,13.03,16.753489
2026-03-07 12:00:00+00:00,1.4175,11.785653
2026-03-07 13:00:00+00:00,18.1775,20.74435
2026-03-07 14:00:00+00:00,83.285,60.93002
2026-03-07 15:00:00+00:00,126.315,110.24377
2026-03-07 16:00:00+00:00,147.37,164.52083
2026-03-07 17:00:00+00:00,180.8725,182.68214
2026-03-07 18:00:00+00:00,166.725,179.63716
2026-03-07 19:00:00+00:00,148.1975,150.89928
2026-03-07 20:00:00+00:00,137.61,134.6598
2026-03-07 21:00:00+00:00,134.1975,129.57936
2026-03-07 22:00:00+00:00,130.645,122.08593
2026-03-07 23:00:00+00:00,135.9925,122.6796
2026-03-08 00:00:00+00:00,132.7325,127.85142
2026-03-08 01:00:00+00:00,131.1925,122.37572
2026-03-08 02:00:00+00:00,130.0925,123.71282
2026-03-08 03:00:00+00:00,129.335,122.17832
2026-03-08 04:00:00+00:00,129.635,126.6961
2026-03-08 05:00:00+00:00,131.0975,134.60684
2026-03-08 06:00:00+00:00,116.985,131.29095
2026-03-08 07:00:00+00:00,108.5625,101.64187
2026-03-08 08:00:00+00:00,90.7175,88.06743
2026-03-08 09:00:00+00:00,62.94,73.57684
2026-03-08 10:00:00+00:00,18.0275,43.350315
2026-03-08 11:00:00+00:00,8.3325,15.594526
2026-03-08 12:00:00+00:00,-0.005,9.358683
2026-03-08 13:00:00+00:00,6.48,13.219033
2026-03-08 14:00:00+00:00,64.25999999999999,40.29035
2026-03-08 15:00:00+00:00,117.2025,94.23297
2026-03-08 16:00:00+00:00,146.3125,153.89003
2026-03-08 17:00:00+00:00,160.26,167.74385
2026-03-08 18:00:00+00:00,154.0525,155.50317
2026-03-08 19:00:00+00:00,138.7925,135.87624
2026-03-08 20:00:00+00:00,127.435,127.43993
2026-03-08 21:00:00+00:00,121.115,117.94786
2026-03-08 22:00:00+00:00,113.5725,112.855125
2026-03-08 23:00:00+00:00,114.0875,109.249695
2026-03-09 00:00:00+00:00,109.2725,109.4727
2026-03-09 01:00:00+00:00,109.12,109.46305
2026-03-09 02:00:00+00:00,110.48,112.49513
2026-03-09 03:00:00+00:00,116.39,119.609116
2026-03-09 04:00:00+00:00,136.9975,134.38686
2026-03-09 05:00:00+00:00,163.925,172.45802
2026-03-09 06:00:00+00:00,191.58,181.28246
2026-03-09 07:00:00+00:00,162.605,174.05272
2026-03-09 08:00:00+00:00,127.0725,133.53256
2026-03-09 09:00:00+00:00,101.1175,110.1188
2026-03-09 10:00:00+00:00,81.0475,90.41128
2026-03-09 11:00:00+00:00,67.69,73.56572
2026-03-09 12:00:00+00:00,67.2925,68.419914
2026-03-09 13:00:00+00:00,81.375,79.7109
2026-03-09 14:00:00+00:00,112.9925,94.175896
2026-03-09 15:00:00+00:00,143.4375,135.78282
2026-03-09 16:00:00+00:00,187.025,183.56032
2026-03-09 17:00:00+00:00,243.9725,222.37556
2026-03-09 18:00:00+00:00,222.405,236.26263
2026-03-09 19:00:00+00:00,180.89,200.97911
2026-03-09 20:00:00+00:00,152.1575,165.16028
2026-03-09 21:00:00+00:00,143.27,136.2986
2026-03-09 22:00:00+00:00,132.695,129.50899
2026-03-09 23:00:00+00:00,138.58,125.24313
2026-03-10 00:00:00+00:00,130.44,131.42801
2026-03-10 01:00:00+00:00,127.6125,120.82495
2026-03-10 02:00:00+00:00,126.9,121.007744
2026-03-10 03:00:00+00:00,128.48250000000002,125.56742
2026-03-10 04:00:00+00:00,140.70999999999998,137.32147
2026-03-10 05:00:00+00:00,168.1025,175.75648
2026-03-10 06:00:00+00:00,180.17,185.11932
2026-03-10 07:00:00+00:00,173.32,161.9258
2026-03-10 08:00:00+00:00,140.53750000000002,145.91364
2026-03-10 09:00:00+00:00,118.25,122.2527
2026-03-10 10:00:00+00:00,103.7925,104.226875
2026-03-10 11:00:00+00:00,91.44,91.39433
2026-03-10 12:00:00+00:00,97.0375,88.00797
2026-03-10 13:00:00+00:00,107.165,96.49568
2026-03-10 14:00:00+00:00,121.4925,111.63442
2026-03-10 15:00:00+00:00,144.3925,142.42578
2026-03-10 16:00:00+00:00,179.0025,179.59958
2026-03-10 17:00:00+00:00,218.2275,203.59856
2026-03-10 18:00:00+00:00,201.13,217.11435
2026-03-10 19:00:00+00:00,159.5475,189.27501
2026-03-10 20:00:00+00:00,139.9675,141.51
2026-03-10 21:00:00+00:00,123.255,126.67592
2026-03-10 22:00:00+00:00,98.5825,111.829
2026-03-10 23:00:00+00:00,83.9575,95.37478
2026-03-11 00:00:00+00:00,70.805,81.108536
2026-03-11 01:00:00+00:00,65.425,72.96855
2026-03-11 02:00:00+00:00,63.5725,61.45672
2026-03-11 03:00:00+00:00,56.0725,65.637794
2026-03-11 04:00:00+00:00,64.535,71.48375
2026-03-11 05:00:00+00:00,70.8675,90.50957
2026-03-11 06:00:00+00:00,80.87,87.51738
2026-03-11 07:00:00+00:00,75.5025,73.932846
2026-03-11 08:00:00+00:00,57.945,52.290104
2026-03-11 09:00:00+00:00,26.2275,32.7594
2026-03-11 10:00:00+00:00,12.1975,15.285415
2026-03-11 11:00:00+00:00,9.9125,7.049827
2026-03-11 12:00:00+00:00,16.1375,10.719738
2026-03-11 13:00:00+00:00,47.2725,24.063314
2026-03-11 14:00:00+00:00,79.33,56.65571
2026-03-11 15:00:00+00:00,104.105,102.42913
2026-03-11 16:00:00+00:00,128.7775,127.25541
2026-03-11 17:00:00+00:00,153.13750000000002,144.2041
2026-03-11 18:00:00+00:00,156.72,154.02269
2026-03-11 19:00:00+00:00,132.19,140.66864
2026-03-11 20:00:00+00:00,123.0275,118.89696
2026-03-11 21:00:00+00:00,119.3025,112.51221
2026-03-11 22:00:00+00:00,104.0025,105.61569
2026-03-11 23:00:00+00:00,100.185,95.75869
2026-03-12 00:00:00+00:00,92.0425,92.88678
2026-03-12 01:00:00+00:00,88.8125,89.33285
2026-03-12 02:00:00+00:00,88.61,86.67554
2026-03-12 03:00:00+00:00,89.6625,90.77095
2026-03-12 04:00:00+00:00,99.8225,100.5992
2026-03-12 05:00:00+00:00,130.6675,121.66321
2026-03-12 06:00:00+00:00,137.14,141.42686
2026-03-12 07:00:00+00:00,104.805,115.68098
2026-03-12 08:00:00+00:00,79.9975,82.34058
2026-03-12 09:00:00+00:00,28.475,52.56593
2026-03-12 10:00:00+00:00,0.3425,8.334883
2026-03-12 11:00:00+00:00,-1.0925,-0.9623791
2026-03-12 12:00:00+00:00,-2.4925,-3.63246
2026-03-12 13:00:00+00:00,-0.9025,2.91094
2026-03-12 14:00:00+00:00,3.6,5.93063
2026-03-12 15:00:00+00:00,51.165,33.23532
2026-03-12 16:00:00+00:00,108.5775,86.349495
2026-03-12 17:00:00+00:00,114.865,125.60748
2026-03-12 18:00:00+00:00,105.9975,115.86653
2026-03-12 19:00:00+00:00,86.57,95.0738
2026-03-12 20:00:00+00:00,69.79,75.60561
2026-03-12 21:00:00+00:00,62.555,57.112793
2026-03-12 22:00:00+00:00,17.9025,43.36218
2026-03-12 23:00:00+00:00,6.29,12.753009
2026-03-13 00:00:00+00:00,4.1025,3.7477183
2026-03-13 01:00:00+00:00,2.8875,2.1422818
2026-03-13 02:00:00+00:00,1.1475,1.352089
2026-03-13 03:00:00+00:00,1.46,4.142425
2026-03-13 04:00:00+00:00,2.9075,15.038865
2026-03-13 05:00:00+00:00,8.46,20.318798
2026-03-13 06:00:00+00:00,19.9375,13.2322445
2026-03-13 07:00:00+00:00,6.415,8.443486
2026-03-13 08:00:00+00:00,-0.24,-4.2057343
2026-03-13 09:00:00+00:00,-4.9975,-8.551868
2026-03-13 10:00:00+00:00,-9.0,-15.229977
2026-03-13 11:00:00+00:00,-8.3475,-14.166174
2026-03-13 12:00:00+00:00,-2.5525,-13.177435
2026-03-13 13:00:00+00:00,1.1725,-2.012643
2026-03-13 14:00:00+00:00,47.07,23.060244
2026-03-13 15:00:00+00:00,101.31,76.1855
2026-03-13 16:00:00+00:00,141.93,130.40422
2026-03-13 17:00:00+00:00,161.4925,159.56813
2026-03-13 18:00:00+00:00,165.745,161.7623
2026-03-13 19:00:00+00:00,145.7225,152.77888
2026-03-13 20:00:00+00:00,130.335,131.94157
2026-03-13 21:00:00+00:00,123.4225,119.082375
2026-03-13 22:00:00+00:00,115.8075,115.51659
2026-03-13 23:00:00+00:00,112.945,113.97327
2026-03-14 00:00:00+00:00,109.07,109.802
2026-03-14 01:00:00+00:00,103.99,107.158195
2026-03-14 02:00:00+00:00,101.8625,105.53885
2026-03-14 03:00:00+00:00,105.115,104.38622
2026-03-14 04:00:00+00:00,109.0675,109.46717
2026-03-14 05:00:00+00:00,111.52,121.35457
2026-03-14 06:00:00+00:00,116.7075,123.080956
2026-03-14 07:00:00+00:00,121.88,114.29955
2026-03-14 08:00:00+00:00,116.14,103.780914
2026-03-14 09:00:00+00:00,107.5225,101.76388
2026-03-14 10:00:00+00:00,103.525,98.55769
2026-03-14 11:00:00+00:00,104.195,99.0816
2026-03-14 12:00:00+00:00,103.43,101.869576
2026-03-14 13:00:00+00:00,105.6775,108.00961
2026-03-14 14:00:00+00:00,114.22,112.67243
2026-03-14 15:00:00+00:00,130.0,131.75177
2026-03-14 16:00:00+00:00,138.65,156.19566
2026-03-14 17:00:00+00:00,161.1,164.05139
2026-03-14 18:00:00+00:00,169.83499999999998,162.9898
2026-03-14 19:00:00+00:00,150.265,156.73752
2026-03-14 20:00:00+00:00,137.4525,136.97067
2026-03-14 21:00:00+00:00,135.2375,129.96596
2026-03-14 22:00:00+00:00,128.04500000000002,124.53306
2026-03-14 23:00:00+00:00,137.3425,122.448135
2026-03-15 00:00:00+00:00,133.73000000000002,130.55638
2026-03-15 01:00:00+00:00,124.96,128.58992
2026-03-15 02:00:00+00:00,123.5275,118.904236
2026-03-15 03:00:00+00:00,122.1775,119.90145
2026-03-15 04:00:00+00:00,124.12,122.58204
2026-03-15 05:00:00+00:00,124.3875,128.17703
2026-03-15 06:00:00+00:00,118.46,128.97458
2026-03-15 07:00:00+00:00,109.095,114.62927
2026-03-15 08:00:00+00:00,94.77,101.75179
2026-03-15 09:00:00+00:00,87.305,89.091
2026-03-15 10:00:00+00:00,72.21,83.271286
2026-03-15 11:00:00+00:00,52.9675,71.599754
2026-03-15 12:00:00+00:00,36.4575,56.711617
2026-03-15 13:00:00+00:00,37.1975,54.58826
2026-03-15 14:00:00+00:00,63.0775,65.41524
2026-03-15 15:00:00+00:00,89.245,92.20595
2026-03-15 16:00:00+00:00,127.9125,124.59567
2026-03-15 17:00:00+00:00,149.115,152.59363
2026-03-15 18:00:00+00:00,131.87,139.70918
2026-03-15 19:00:00+00:00,108.4825,118.547615
2026-03-15 20:00:00+00:00,91.875,101.294624
2026-03-15 21:00:00+00:00,82.8625,84.16195
2026-03-15 22:00:00+00:00,64.015,71.99617
2026-03-15 23:00:00+00:00,34.165,52.67201
2026-03-16 00:00:00+00:00,23.3275,24.865551
2026-03-16 01:00:00+00:00,17.59,20.777838
2026-03-16 02:00:00+00:00,14.1375,20.709175
2026-03-16 03:00:00+00:00,20.0575,25.651155
2026-03-16 04:00:00+00:00,37.4275,43.40316
2026-03-16 05:00:00+00:00,66.19,70.97673
2026-03-16 06:00:00+00:00,95.5675,80.91647
2026-03-16 07:00:00+00:00,95.9775,92.42341
2026-03-16 08:00:00+00:00,73.105,82.616554
2026-03-16 09:00:00+00:00,42.595,57.35621
2026-03-16 10:00:00+00:00,17.365000000000002,30.995022
2026-03-16 11:00:00+00:00,12.035,12.963565
2026-03-16 12:00:00+00:00,15.88,8.271624
2026-03-16 13:00:00+00:00,42.1725,25.456125
2026-03-16 14:00:00+00:00,64.445,56.8514
2026-03-16 15:00:00+00:00,106.21,88.22768
2026-03-16 16:00:00+00:00,138.6025,142.30725
2026-03-16 17:00:00+00:00,165.035,172.76204
2026-03-16 18:00:00+00:00,179.8875,174.09276
2026-03-16 19:00:00+00:00,154.785,155.04811
2026-03-16 20:00:00+00:00,125.7125,135.432
2026-03-16 21:00:00+00:00,121.9125,119.49411
2026-03-16 22:00:00+00:00,99.765,113.97199
2026-03-16 23:00:00+00:00,113.665,104.7673
2026-03-17 00:00:00+00:00,105.585,110.88944
2026-03-17 01:00:00+00:00,106.4225,105.694695
2026-03-17 02:00:00+00:00,106.5225,107.26794
2026-03-17 03:00:00+00:00,110.03,111.11321
2026-03-17 04:00:00+00:00,119.915,124.14642
2026-03-17 05:00:00+00:00,147.965,154.94862
2026-03-17 06:00:00+00:00,167.98,168.37001
2026-03-17 07:00:00+00:00,152.5125,161.51678
2026-03-17 08:00:00+00:00,124.0725,125.89865
2026-03-17 09:00:00+00:00,108.64,104.2739
2026-03-17 10:00:00+00:00,100.65,94.66229
2026-03-17 11:00:00+00:00,95.2275,91.93873
2026-03-17 12:00:00+00:00,96.765,91.63827
2026-03-17 13:00:00+00:00,99.325,98.77626
2026-03-17 14:00:00+00:00,112.1075,109.020836
2026-03-17 15:00:00+00:00,131.7775,132.84355
2026-03-17 16:00:00+00:00,162.2025,163.4186
2026-03-17 17:00:00+00:00,207.2975,183.50864
2026-03-17 18:00:00+00:00,170.3825,189.66388
2026-03-17 19:00:00+00:00,144.2375,147.88437
2026-03-17 20:00:00+00:00,129.79000000000002,128.19598
2026-03-17 21:00:00+00:00,114.24,115.36522
2026-03-17 22:00:00+00:00,100.4575,103.23865
2026-03-17 23:00:00+00:00,89.8,95.9018
2026-03-18 00:00:00+00:00,86.72749999999999,87.468445
2026-03-18 01:00:00+00:00,85.685,84.8755
2026-03-18 02:00:00+00:00,86.8675,85.65243
2026-03-18 03:00:00+00:00,88.83500000000001,88.97816
2026-03-18 04:00:00+00:00,100.055,96.450836
2026-03-18 05:00:00+00:00,130.74,115.74432
2026-03-18 06:00:00+00:00,133.5925,130.58939
2026-03-18 07:00:00+00:00,99.9375,113.0973
2026-03-18 08:00:00+00:00,62.95,77.05543
2026-03-18 09:00:00+00:00,9.9975,35.547962
2026-03-18 10:00:00+00:00,-1.62,9.381115
2026-03-18 11:00:00+00:00,-2.31,-8.820383
2026-03-18 12:00:00+00:00,-2.7125,-11.369372
2026-03-18 13:00:00+00:00,0.2224999999999999,0.69545484
2026-03-18 14:00:00+00:00,47.19499999999999,15.937546
2026-03-18 15:00:00+00:00,107.0325,84.388084
2026-03-18 16:00:00+00:00,145.2125,152.51674
2026-03-18 17:00:00+00:00,177.6225,182.95619
2026-03-18 18:00:00+00:00,170.1975,170.6858
2026-03-18 19:00:00+00:00,148.49,150.4401
2026-03-18 20:00:00+00:00,132.0575,129.61047
2026-03-18 21:00:00+00:00,123.775,116.31074
2026-03-18 22:00:00+00:00,113.375,110.079926
2026-03-18 23:00:00+00:00,109.25,104.469795
2026-03-19 00:00:00+00:00,112.64,100.63105
2026-03-19 01:00:00+00:00,113.9925,105.88609
2026-03-19 02:00:00+00:00,115.525,107.61733
2026-03-19 03:00:00+00:00,123.275,115.128334
2026-03-19 04:00:00+00:00,132.78,130.88985
2026-03-19 05:00:00+00:00,160.1275,161.94035
2026-03-19 06:00:00+00:00,158.2425,157.11128
2026-03-19 07:00:00+00:00,138.6025,135.14713
2026-03-19 08:00:00+00:00,90.9025,110.533936
2026-03-19 09:00:00+00:00,55.3,75.43087
2026-03-19 10:00:00+00:00,7.869999999999999,30.827475
2026-03-19 11:00:00+00:00,0.0,1.2567698
2026-03-19 12:00:00+00:00,2.53,1.4676808
2026-03-19 13:00:00+00:00,43.715,25.29301
2026-03-19 14:00:00+00:00,85.9475,65.9399
2026-03-19 15:00:00+00:00,120.3475,109.603035
2026-03-19 16:00:00+00:00,152.175,157.18562
2026-03-19 17:00:00+00:00,209.2675,176.83186
2026-03-19 18:00:00+00:00,214.3825,195.56725
2026-03-19 19:00:00+00:00,163.37,186.7521
2026-03-19 20:00:00+00:00,149.04000000000002,143.25497
2026-03-19 21:00:00+00:00,139.55,127.333275
2026-03-19 22:00:00+00:00,132.2375,123.519165
2026-03-19 23:00:00+00:00,143.5625,121.50005
2026-03-20 00:00:00+00:00,137.96,132.85934
2026-03-20 01:00:00+00:00,135.6425,130.49379
2026-03-20 02:00:00+00:00,137.475,127.46113
2026-03-20 03:00:00+00:00,138.905,137.2806
2026-03-20 04:00:00+00:00,154.59,151.36876
2026-03-20 05:00:00+00:00,192.295,181.82759
2026-03-20 06:00:00+00:00,197.6425,183.7749
2026-03-20 07:00:00+00:00,161.3025,178.509
2026-03-20 08:00:00+00:00,132.0075,131.9713
2026-03-20 09:00:00+00:00,101.085,109.17408
2026-03-20 10:00:00+00:00,78.4725,86.471405
2026-03-20 11:00:00+00:00,65.61,65.11351
2026-03-20 12:00:00+00:00,65.61,60.941055
2026-03-20 13:00:00+00:00,87.4,75.12633
2026-03-20 14:00:00+00:00,117.155,99.073654
2026-03-20 15:00:00+00:00,144.675,142.74515
2026-03-20 16:00:00+00:00,174.8175,176.59747
2026-03-20 17:00:00+00:00,211.005,200.45164
2026-03-20 18:00:00+00:00,212.31,209.58467
2026-03-20 19:00:00+00:00,180.035,201.67087
2026-03-20 20:00:00+00:00,163.05,165.566
2026-03-20 21:00:00+00:00,151.8525,148.2008
2026-03-20 22:00:00+00:00,148.125,133.8109
2026-03-20 23:00:00+00:00,142.3975,136.33606
2026-03-21 00:00:00+00:00,138.3425,135.27577
2026-03-21 01:00:00+00:00,136.085,132.61057
2026-03-21 02:00:00+00:00,132.0575,132.60649
2026-03-21 03:00:00+00:00,131.1925,132.07047
2026-03-21 04:00:00+00:00,137.665,138.44868
2026-03-21 05:00:00+00:00,142.34,151.29039
2026-03-21 06:00:00+00:00,139.6625,148.70547
2026-03-21 07:00:00+00:00,127.265,124.053734
2026-03-21 08:00:00+00:00,100.5775,110.29939
2026-03-21 09:00:00+00:00,76.4725,93.09854
2026-03-21 10:00:00+00:00,45.9,69.04253
2026-03-21 11:00:00+00:00,23.49,42.84394
2026-03-21 12:00:00+00:00,24.27,41.30775
2026-03-21 13:00:00+00:00,62.9275,52.695652
2026-03-21 14:00:00+00:00,90.0,84.38739
2026-03-21 15:00:00+00:00,115.665,116.96433
2026-03-21 16:00:00+00:00,146.025,152.5225
2026-03-21 17:00:00+00:00,171.6175,174.31134
2026-03-21 18:00:00+00:00,163.10500000000002,174.677
2026-03-21 19:00:00+00:00,141.8275,150.65807
2026-03-21 20:00:00+00:00,126.875,129.78078
2026-03-21 21:00:00+00:00,120.2425,120.4044
2026-03-21 22:00:00+00:00,108.0,110.74187
2026-03-21 23:00:00+00:00,100.4125,105.322655
2026-03-22 00:00:00+00:00,95.755,97.56999
2026-03-22 01:00:00+00:00,94.2025,93.25371
2026-03-22 02:00:00+00:00,95.26,92.99229
2026-03-22 03:00:00+00:00,98.5975,93.6293
2026-03-22 04:00:00+00:00,101.6625,97.91979
2026-03-22 05:00:00+00:00,100.105,105.8729
2026-03-22 06:00:00+00:00,84.71,94.237495
2026-03-22 07:00:00+00:00,41.33,68.589386
2026-03-22 08:00:00+00:00,6.7725,25.981
2026-03-22 09:00:00+00:00,-0.43,1.1429282
2026-03-22 10:00:00+00:00,-4.3625,-6.4860544
2026-03-22 11:00:00+00:00,-11.76,-10.905917
2026-03-22 12:00:00+00:00,-10.31,-30.693348
2026-03-22 13:00:00+00:00,-2.1775,-12.948231
2026-03-22 14:00:00+00:00,11.25,6.9215646
2026-03-22 15:00:00+00:00,93.1525,61.68436
2026-03-22 16:00:00+00:00,145.635,131.20164
2026-03-22 17:00:00+00:00,174.19,176.75781
2026-03-22 18:00:00+00:00,173.3825,167.63797
2026-03-22 19:00:00+00:00,164.7325,152.49026
2026-03-22 20:00:00+00:00,155.3775,139.92877
2026-03-22 21:00:00+00:00,146.7975,139.04756
2026-03-22 22:00:00+00:00,143.505,126.919525
2026-03-22 23:00:00+00:00,131.13750000000002,128.40617
2026-03-23 00:00:00+00:00,125.9,126.11731
2026-03-23 01:00:00+00:00,125.16,119.30032
2026-03-23 02:00:00+00:00,128.5875,119.87272
2026-03-23 03:00:00+00:00,138.26749999999998,131.60693
2026-03-23 04:00:00+00:00,155.72,162.42723
2026-03-23 05:00:00+00:00,182.29,200.03258
2026-03-23 06:00:00+00:00,186.185,181.4312
2026-03-23 07:00:00+00:00,147.60500000000002,170.75601
2026-03-23 08:00:00+00:00,108.0,121.439476
2026-03-23 09:00:00+00:00,81.4325,91.7299
2026-03-23 10:00:00+00:00,48.0825,66.61614
2026-03-23 11:00:00+00:00,49.255,35.367096
2026-03-23 12:00:00+00:00,74.875,54.42455
2026-03-23 13:00:00+00:00,94.98,86.93756
2026-03-23 14:00:00+00:00,114.4525,102.2104
2026-03-23 15:00:00+00:00,138.5425,133.18391
2026-03-23 16:00:00+00:00,190.775,180.39479
2026-03-23 17:00:00+00:00,263.01,238.85474
2026-03-23 18:00:00+00:00,241.56,261.50085
2026-03-23 19:00:00+00:00,206.5875,222.91624
2026-03-23 20:00:00+00:00,177.32,185.67343
2026-03-23 21:00:00+00:00,155.74,155.36145
2026-03-23 22:00:00+00:00,140.45,141.15428
2026-03-23 23:00:00+00:00,141.0625,131.83214
2026-03-24 00:00:00+00:00,124.3175,130.84233
2026-03-24 01:00:00+00:00,109.9975,116.12307
2026-03-24 02:00:00+00:00,101.64,108.23728
2026-03-24 03:00:00+00:00,100.375,104.53888
2026-03-24 04:00:00+00:00,100.9725,109.97448
2026-03-24 05:00:00+00:00,110.8175,119.19844
2026-03-24 06:00:00+00:00,113.0475,114.30142
2026-03-24 07:00:00+00:00,97.4575,95.75637
2026-03-24 08:00:00+00:00,70.905,73.78598
2026-03-24 09:00:00+00:00,23.7275,35.800533
2026-03-24 10:00:00+00:00,1.195,6.2965517
2026-03-24 11:00:00+00:00,-0.01,-3.1141677
2026-03-24 12:00:00+00:00,-0.02,-1.8636085
2026-03-24 13:00:00+00:00,-0.0025,6.619655
2026-03-24 14:00:00+00:00,19.9975,11.384509
2026-03-24 15:00:00+00:00,77.4325,48.720444
2026-03-24 16:00:00+00:00,112.84,112.856
2026-03-24 17:00:00+00:00,135.8425,138.42639
2026-03-24 18:00:00+00:00,137.9925,130.02504
2026-03-24 19:00:00+00:00,101.1,110.706726
2026-03-24 20:00:00+00:00,74.4975,81.12329
2026-03-24 21:00:00+00:00,66.1025,50.699318
2026-03-24 22:00:00+00:00,22.0975,40.620922
2026-03-24 23:00:00+00:00,1.81,14.910465
2026-03-25 00:00:00+00:00,0.3675,0.32486674
2026-03-25 01:00:00+00:00,-0.0025,-0.03501225
2026-03-25 02:00:00+00:00,-0.01,0.36942393
2026-03-25 03:00:00+00:00,-0.005,0.9159614
2026-03-25 04:00:00+00:00,0.365,10.082544
2026-03-25 05:00:00+00:00,3.6425,14.733313
2026-03-25 06:00:00+00:00,8.9025,10.9647455
2026-03-25 07:00:00+00:00,0.9075,-0.019339249
2026-03-25 08:00:00+00:00,-0.03,-7.355596
2026-03-25 09:00:00+00:00,-0.0275,-8.190386
2026-03-25 10:00:00+00:00,-0.01,-8.801355
2026-03-25 11:00:00+00:00,-0.01,-7.553966
2026-03-25 12:00:00+00:00,-0.01,-4.7119756
2026-03-25 13:00:00+00:00,0.0075,5.123525
2026-03-25 14:00:00+00:00,4.775,16.389147
2026-03-25 15:00:00+00:00,41.9025,59.100338
2026-03-25 16:00:00+00:00,98.8375,83.788414
2026-03-25 17:00:00+00:00,134.82999999999998,126.3631
2026-03-25 18:00:00+00:00,161.925,139.35715
2026-03-25 19:00:00+00:00,134.9075,144.35916
2026-03-25 20:00:00+00:00,114.46,118.36422
2026-03-25 21:00:00+00:00,108.1,100.127396
2026-03-25 22:00:00+00:00,88.80250000000001,95.17859
2026-03-25 23:00:00+00:00,99.6375,81.41049
2026-03-26 00:00:00+00:00,95.0725,91.08024
2026-03-26 01:00:00+00:00,91.605,88.00558
2026-03-26 02:00:00+00:00,94.87,86.21886
2026-03-26 03:00:00+00:00,97.5775,92.38578
2026-03-26 04:00:00+00:00,105.2675,104.1202
2026-03-26 05:00:00+00:00,120.28,126.553795
2026-03-26 06:00:00+00:00,137.345,122.11649
2026-03-26 07:00:00+00:00,125.79,112.317474
2026-03-26 08:00:00+00:00,87.41499999999999,95.78333
2026-03-26 09:00:00+00:00,41.8525,65.78737
2026-03-26 10:00:00+00:00,13.74,26.292696
2026-03-26 11:00:00+00:00,3.12,5.440908
2026-03-26 12:00:00+00:00,0.6300000000000001,0.9712961
2026-03-26 13:00:00+00:00,5.9025,10.813655
2026-03-26 14:00:00+00:00,37.435,19.372498
2026-03-26 15:00:00+00:00,75.8175,62.83449
2026-03-26 16:00:00+00:00,115.9225,107.066505
2026-03-26 17:00:00+00:00,155.4175,150.43681
2026-03-26 18:00:00+00:00,167.22,165.99626
2026-03-26 19:00:00+00:00,153.745,154.54839
2026-03-26 20:00:00+00:00,130.505,135.34937
2026-03-26 21:00:00+00:00,124.3725,116.388145
2026-03-26 22:00:00+00:00,115.025,112.24415
2026-03-26 23:00:00+00:00,119.3925,109.22011
2026-03-27 00:00:00+00:00,119.5,113.243195
2026-03-27 01:00:00+00:00,117.3425,114.087326
2026-03-27 02:00:00+00:00,117.8325,114.658714
2026-03-27 03:00:00+00:00,120.2475,119.86423
2026-03-27 04:00:00+00:00,136.4625,136.27309
2026-03-27 05:00:00+00:00,172.63,172.67914
2026-03-27 06:00:00+00:00,176.395,170.51704
2026-03-27 07:00:00+00:00,147.5575,155.21034
2026-03-27 08:00:00+00:00,114.0025,117.04477
2026-03-27 09:00:00+00:00,87.25999999999999,87.8487
2026-03-27 10:00:00+00:00,72.81,63.738544
2026-03-27 11:00:00+00:00,63.31999999999999,47.105595
2026-03-27 12:00:00+00:00,59.6,50.220318
2026-03-27 13:00:00+00:00,74.075,57.78719
2026-03-27 14:00:00+00:00,92.3225,78.51467
2026-03-27 15:00:00+00:00,103.0825,104.38931
2026-03-27 16:00:00+00:00,139.05,134.74292
2026-03-27 17:00:00+00:00,158.9325,169.3394
2026-03-27 18:00:00+00:00,168.245,163.01823
2026-03-27 19:00:00+00:00,142.89,156.6774
2026-03-27 20:00:00+00:00,118.995,128.72049
2026-03-27 21:00:00+00:00,116.66,108.05601
2026-03-27 22:00:00+00:00,106.0125,107.75184
2026-03-27 23:00:00+00:00,95.135,101.74803
2026-03-28 00:00:00+00:00,92.665,92.17082
2026-03-28 01:00:00+00:00,89.5475,92.30123
2026-03-28 02:00:00+00:00,87.2625,91.05669
2026-03-28 03:00:00+00:00,88.1175,89.168396
2026-03-28 04:00:00+00:00,91.6125,93.42363
2026-03-28 05:00:00+00:00,87.92,96.63762
2026-03-28 06:00:00+00:00,79.185,87.02642
2026-03-28 07:00:00+00:00,68.3,68.65569
2026-03-28 08:00:00+00:00,44.9075,50.560627
2026-03-28 09:00:00+00:00,17.5825,39.59932
2026-03-28 10:00:00+00:00,7.6425,17.7292
2026-03-28 11:00:00+00:00,6.695,11.58944
2026-03-28 12:00:00+00:00,7.8475,15.550673
2026-03-28 13:00:00+00:00,20.475,26.950676
2026-03-28 14:00:00+00:00,54.2425,61.900608
2026-03-28 15:00:00+00:00,81.05250000000001,86.361046
2026-03-28 16:00:00+00:00,110.34,114.9458
2026-03-28 17:00:00+00:00,138.925,145.14316
2026-03-28 18:00:00+00:00,154.07,147.3764
2026-03-28 19:00:00+00:00,143.9525,144.44637
2026-03-28 20:00:00+00:00,131.595,129.87466
2026-03-28 21:00:00+00:00,125.33,120.337204
2026-03-28 22:00:00+00:00,119.58,115.41705
2026-03-28 23:00:00+00:00,114.56,109.81262
2026-03-29 00:00:00+00:00,107.6975,104.34459
2026-03-29 01:00:00+00:00,101.165,100.28
2026-03-29 02:00:00+00:00,105.225,96.15896
2026-03-29 03:00:00+00:00,104.605,101.93665
2026-03-29 04:00:00+00:00,109.755,106.62781
2026-03-29 05:00:00+00:00,115.03,114.38491
2026-03-29 06:00:00+00:00,114.8425,111.96049
2026-03-29 07:00:00+00:00,94.3975,94.46974
2026-03-29 08:00:00+00:00,74.8075,74.06163
2026-03-29 09:00:00+00:00,44.6975,49.25752
2026-03-29 10:00:00+00:00,9.73,24.972483
2026-03-29 11:00:00+00:00,-0.005,0.8148656
2026-03-29 12:00:00+00:00,-1.785,-3.6319563
2026-03-29 13:00:00+00:00,-2.1,1.6917958
2026-03-29 14:00:00+00:00,0.8724999999999999,6.8521247
2026-03-29 15:00:00+00:00,33.31,39.898632
2026-03-29 16:00:00+00:00,89.25999999999999,81.968346
2026-03-29 17:00:00+00:00,105.6775,115.86737
2026-03-29 18:00:00+00:00,95.18,110.103745
2026-03-29 19:00:00+00:00,74.8125,83.25602
2026-03-29 20:00:00+00:00,66.85,58.609783
2026-03-29 21:00:00+00:00,25.635,50.193813
2026-03-29 22:00:00+00:00,9.1975,18.847591
2026-03-29 23:00:00+00:00,2.3000000000000003,7.430881
2026-03-30 00:00:00+00:00,5.02,0.32955572
2026-03-30 01:00:00+00:00,3.825,3.0441628
2026-03-30 02:00:00+00:00,4.3575,3.8707724
2026-03-30 03:00:00+00:00,18.4225,12.792795
2026-03-30 04:00:00+00:00,66.87,41.434486
2026-03-30 05:00:00+00:00,90.3125,84.148926
2026-03-30 06:00:00+00:00,109.2225,99.81517
2026-03-30 07:00:00+00:00,96.8375,94.89631
2026-03-30 08:00:00+00:00,73.8475,77.73869
2026-03-30 09:00:00+00:00,45.9975,52.134014
2026-03-30 10:00:00+00:00,23.5875,25.763197
2026-03-30 11:00:00+00:00,11.4,9.849156
2026-03-30 12:00:00+00:00,7.5425,5.0472417
2026-03-30 13:00:00+00:00,12.9375,11.828938
2026-03-30 14:00:00+00:00,35.145,25.087936
2026-03-30 15:00:00+00:00,77.45,53.190197
2026-03-30 16:00:00+00:00,104.8275,101.52053
2026-03-30 17:00:00+00:00,121.6525,128.74254
2026-03-30 18:00:00+00:00,125.6075,131.13414
2026-03-30 19:00:00+00:00,126.165,122.49667
2026-03-30 20:00:00+00:00,121.175,116.48194
2026-03-30 21:00:00+00:00,108.88,108.55375
2026-03-30 22:00:00+00:00,109.245,101.710396
2026-03-30 23:00:00+00:00,102.68,104.166534
2026-03-31 00:00:00+00:00,101.26,97.69659
2026-03-31 01:00:00+00:00,100.535,95.613075
2026-03-31 02:00:00+00:00,101.68,96.67203
2026-03-31 03:00:00+00:00,108.0425,101.64006
2026-03-31 04:00:00+00:00,137.1975,121.01695
2026-03-31 05:00:00+00:00,152.125,153.08762
2026-03-31 06:00:00+00:00,163.79,148.16075
2026-03-31 07:00:00+00:00,135.555,143.75311
2026-03-31 08:00:00+00:00,104.255,107.93516
2026-03-31 09:00:00+00:00,87.35,86.98877
2026-03-31 10:00:00+00:00,78.67,77.085785
2026-03-31 11:00:00+00:00,55.225,64.1195
2026-03-31 12:00:00+00:00,53.4875,38.612537
2026-03-31 13:00:00+00:00,63.0525,52.215843
2026-03-31 14:00:00+00:00,82.2175,74.04379
2026-03-31 15:00:00+00:00,110.9675,94.840004
2026-03-31 16:00:00+00:00,151.0,130.19698
2026-03-31 17:00:00+00:00,175.0025,164.02602
2026-03-31 18:00:00+00:00,176.005,165.58606
2026-03-31 19:00:00+00:00,171.725,153.9606
2026-03-31 20:00:00+00:00,158.32999999999998,146.85738
2026-03-31 21:00:00+00:00,148.475,135.9389
2026-03-31 22:00:00+00:00,145.51,126.730515
2026-03-31 23:00:00+00:00,129.48749999999998,130.96785
2026-04-01 00:00:00+00:00,125.345,120.59682
2026-04-01 01:00:00+00:00,129.4275,118.46195
2026-04-01 02:00:00+00:00,136.025,124.15633
2026-04-01 03:00:00+00:00,149.115,140.81383
2026-04-01 04:00:00+00:00,180.835,176.92465
2026-04-01 05:00:00+00:00,226.9475,204.56058
2026-04-01 06:00:00+00:00,199.9775,210.8224
2026-04-01 07:00:00+00:00,171.515,178.73582
2026-04-01 08:00:00+00:00,139.8,143.39903
2026-04-01 09:00:00+00:00,128.0775,117.77788
2026-04-01 10:00:00+00:00,115.0525,110.3047
2026-04-01 11:00:00+00:00,93.835,100.314514
2026-04-01 12:00:00+00:00,86.3325,86.159386
2026-04-01 13:00:00+00:00,93.8375,89.372
2026-04-01 14:00:00+00:00,105.515,100.21824
2026-04-01 15:00:00+00:00,130.12,119.07677
2026-04-01 16:00:00+00:00,152.095,156.62944
2026-04-01 17:00:00+00:00,188.665,185.27287
2026-04-01 18:00:00+00:00,181.1925,188.7912
2026-04-01 19:00:00+00:00,165.8225,168.91875
2026-04-01 20:00:00+00:00,152.8225,146.46602
2026-04-01 21:00:00+00:00,133.7825,134.94582
2026-04-01 22:00:00+00:00,127.1725,126.25252
2026-04-01 23:00:00+00:00,118.995,122.755226
2026-04-02 00:00:00+00:00,114.13,116.35448
2026-04-02 01:00:00+00:00,109.185,117.95956
2026-04-02 02:00:00+00:00,107.41,117.10387
2026-04-02 03:00:00+00:00,119.2925,120.895195
2026-04-02 04:00:00+00:00,152.0525,151.0335
2026-04-02 05:00:00+00:00,160.0075,179.67532
2026-04-02 06:00:00+00:00,157.6575,152.59248
2026-04-02 07:00:00+00:00,114.2775,137.27284
2026-04-02 08:00:00+00:00,90.6625,99.82313
2026-04-02 09:00:00+00:00,74.25,74.96309
2026-04-02 10:00:00+00:00,59.745000000000005,49.4397
2026-04-02 11:00:00+00:00,42.455,38.782677
2026-04-02 12:00:00+00:00,52.86,33.631546
2026-04-02 13:00:00+00:00,73.77,58.281265
2026-04-02 14:00:00+00:00,92.7575,84.56226
2026-04-02 15:00:00+00:00,108.81,110.52717
2026-04-02 16:00:00+00:00,134.385,140.6818
2026-04-02 17:00:00+00:00,161.84,167.32024
2026-04-02 18:00:00+00:00,159.635,163.30403
2026-04-02 19:00:00+00:00,146.5225,152.34723
2026-04-02 20:00:00+00:00,134.9975,134.00809
2026-04-02 21:00:00+00:00,123.97,126.0275
2026-04-02 22:00:00+00:00,133.6,112.79475
2026-04-02 23:00:00+00:00,121.985,121.796585
2026-04-03 00:00:00+00:00,119.515,111.06559
2026-04-03 01:00:00+00:00,117.6675,111.80469
2026-04-03 02:00:00+00:00,120.1825,110.72588
2026-04-03 03:00:00+00:00,123.4025,115.96266
2026-04-03 04:00:00+00:00,133.125,131.41515
2026-04-03 05:00:00+00:00,135.8625,138.27843
2026-04-03 06:00:00+00:00,131.04250000000002,124.5588
2026-04-03 07:00:00+00:00,113.18,108.5249
2026-04-03 08:00:00+00:00,85.585,87.220894
2026-04-03 09:00:00+00:00,52.9575,57.386925
2026-04-03 10:00:00+00:00,27.01,24.336327
2026-04-03 11:00:00+00:00,9.945,6.5539694
2026-04-03 12:00:00+00:00,1.6525,5.6671886
2026-04-03 13:00:00+00:00,3.05,10.837074
2026-04-03 14:00:00+00:00,23.942500000000003,21.328745
2026-04-03 15:00:00+00:00,66.7975,40.656914
2026-04-03 16:00:00+00:00,88.9725,84.93957
2026-04-03 17:00:00+00:00,99.39,101.11805
2026-04-03 18:00:00+00:00,96.3375,93.060455
2026-04-03 19:00:00+00:00,84.2025,77.54209
2026-04-03 20:00:00+00:00,81.28,62.544773
2026-04-03 21:00:00+00:00,60.5875,58.462624
2026-04-03 22:00:00+00:00,9.7275,39.926495
2026-04-03 23:00:00+00:00,8.955,8.639107
2026-04-04 00:00:00+00:00,6.4325,4.504979
2026-04-04 01:00:00+00:00,1.9875,4.9267864
2026-04-04 02:00:00+00:00,6.4025,2.629404
2026-04-04 03:00:00+00:00,11.735,7.0392346
2026-04-04 04:00:00+00:00,13.3625,12.124656
2026-04-04 05:00:00+00:00,19.2675,16.390001
2026-04-04 06:00:00+00:00,16.695,19.873495
2026-04-04 07:00:00+00:00,6.6,12.18289
2026-04-04 08:00:00+00:00,1.81,-6.6491303
2026-04-04 09:00:00+00:00,-0.01,-4.7028446
2026-04-04 10:00:00+00:00,-0.2475,-9.256233
2026-04-04 11:00:00+00:00,-0.035,-16.558851
2026-04-04 12:00:00+00:00,-0.0175,-16.056383
2026-04-04 13:00:00+00:00,0.025,-1.681361
2026-04-04 14:00:00+00:00,10.69,6.7625127
2026-04-04 15:00:00+00:00,62.735,35.610435
2026-04-04 16:00:00+00:00,109.595,86.87272
2026-04-04 17:00:00+00:00,149.8725,132.00424
2026-04-04 18:00:00+00:00,135.74,148.57225
2026-04-04 19:00:00+00:00,103.8375,125.56459
2026-04-04 20:00:00+00:00,76.8075,93.71753
2026-04-04 21:00:00+00:00,41.8325,57.001484
2026-04-04 22:00:00+00:00,1.0575,26.052578
2026-04-04 23:00:00+00:00,-0.005,0.5400182
2026-04-05 00:00:00+00:00,-0.3625,-6.803245
2026-04-05 01:00:00+00:00,-1.2075,-7.3757176
2026-04-05 02:00:00+00:00,-1.6175,-9.571831
2026-04-05 03:00:00+00:00,-2.0425,-12.033452
2026-04-05 04:00:00+00:00,-2.995,-3.4845333
2026-04-05 05:00:00+00:00,-1.29,-6.7448735
2026-04-05 06:00:00+00:00,-2.43,-13.483022
2026-04-05 07:00:00+00:00,-10.5575,-25.08536
2026-04-05 08:00:00+00:00,-39.9675,-28.29634
2026-04-05 09:00:00+00:00,-71.3425,-71.50522
2026-04-05 10:00:00+00:00,-84.9525,-83.611595
2026-04-05 11:00:00+00:00,-105.175,-94.33898
2026-04-05 12:00:00+00:00,-98.705,-102.10759
2026-04-05 13:00:00+00:00,-66.9075,-86.02603
2026-04-05 14:00:00+00:00,-29.98,-49.607235
2026-04-05 15:00:00+00:00,-6.5875,-40.8478
2026-04-05 16:00:00+00:00,-0.1025,8.960588
2026-04-05 17:00:00+00:00,20.0425,9.705294
2026-04-05 18:00:00+00:00,33.35,22.924671
2026-04-05 19:00:00+00:00,30.205,20.859634
2026-04-05 20:00:00+00:00,30.3775,17.14085
2026-04-05 21:00:00+00:00,19.0225,14.8480835
2026-04-05 22:00:00+00:00,3.24,7.209567
2026-04-05 23:00:00+00:00,1.985,-2.7661183
2026-04-06 00:00:00+00:00,1.04,-5.2340064
2026-04-06 01:00:00+00:00,1.36,-4.599284
2026-04-06 02:00:00+00:00,1.06,-4.2400517
2026-04-06 03:00:00+00:00,2.11,-1.9346719
2026-04-06 04:00:00+00:00,1.985,5.244931
2026-04-06 05:00:00+00:00,1.3325,6.320712
2026-04-06 06:00:00+00:00,-0.9425,-8.554562
2026-04-06 07:00:00+00:00,-11.105,-41.324715
2026-04-06 08:00:00+00:00,-26.0025,-59.66384
2026-04-06 09:00:00+00:00,-59.760000000000005,-76.946594
2026-04-06 10:00:00+00:00,-79.515,-108.12007
2026-04-06 11:00:00+00:00,-125.6375,-115.58797
2026-04-06 12:00:00+00:00,-123.535,-125.11934
2026-04-06 13:00:00+00:00,-84.6175,-97.049934
2026-04-06 14:00:00+00:00,-28.72,-79.20453
2026-04-06 15:00:00+00:00,-5.609999999999999,-46.997894
2026-04-06 16:00:00+00:00,48.625,15.29039
2026-04-06 17:00:00+00:00,107.6875,80.69601
2026-04-06 18:00:00+00:00,116.005,117.98239
2026-04-06 19:00:00+00:00,109.2225,109.2558
2026-04-06 20:00:00+00:00,113.8475,107.50964
2026-04-06 21:00:00+00:00,108.805,103.27839
2026-04-06 22:00:00+00:00,106.4,98.893364
2026-04-06 23:00:00+00:00,101.295,96.767914
2026-04-07 00:00:00+00:00,101.6475,98.00129
2026-04-07 01:00:00+00:00,102.28,100.450966
2026-04-07 02:00:00+00:00,105.135,104.15379
2026-04-07 03:00:00+00:00,117.7675,112.898895
2026-04-07 04:00:00+00:00,143.9125,143.63232
2026-04-07 05:00:00+00:00,178.2625,155.76416
2026-04-07 06:00:00+00:00,127.8575,158.75081
2026-04-07 07:00:00+00:00,81.8025,98.69252
2026-04-07 08:00:00+00:00,24.8875,52.7175
2026-04-07 09:00:00+00:00,-0.0074999999999999,-1.9200454
2026-04-07 10:00:00+00:00,-3.01,-23.614826
2026-04-07 11:00:00+00:00,-11.2875,-33.09809
2026-04-07 12:00:00+00:00,-11.23,-24.03877
2026-04-07 13:00:00+00:00,-4.205,-13.539798
2026-04-07 14:00:00+00:00,3.8,0.33143422
2026-04-07 15:00:00+00:00,79.9025,53.02801
2026-04-07 16:00:00+00:00,137.995,116.98557
2026-04-07 17:00:00+00:00,194.0275,182.67722
2026-04-07 18:00:00+00:00,188.8825,179.7421
2026-04-07 19:00:00+00:00,144.0025,161.68596
2026-04-07 20:00:00+00:00,129.01,132.49564
2026-04-07 21:00:00+00:00,118.2,117.93704
2026-04-07 22:00:00+00:00,107.17,108.43699
2026-04-07 23:00:00+00:00,102.21,100.734825
2026-04-08 00:00:00+00:00,100.82,98.37833
2026-04-08 01:00:00+00:00,103.4975,98.52104
2026-04-08 02:00:00+00:00,107.5125,101.4054
2026-04-08 03:00:00+00:00,116.9275,117.85792
2026-04-08 04:00:00+00:00,149.79500000000002,155.48567
2026-04-08 05:00:00+00:00,168.7975,168.52283
2026-04-08 06:00:00+00:00,138.5075,161.227
2026-04-08 07:00:00+00:00,97.45,110.789474
2026-04-08 08:00:00+00:00,51.12,68.592804
2026-04-08 09:00:00+00:00,-0.0499999999999998,19.010406
2026-04-08 10:00:00+00:00,-18.8275,-15.116521
2026-04-08 11:00:00+00:00,-32.78,-40.288837
2026-04-08 12:00:00+00:00,-29.735,-69.66088
2026-04-08 13:00:00+00:00,-13.155,-53.028313
2026-04-08 14:00:00+00:00,13.3525,-11.466653
2026-04-08 15:00:00+00:00,91.875,56.69962
2026-04-08 16:00:00+00:00,134.2475,128.47198
2026-04-08 17:00:00+00:00,170.0075,182.2082
2026-04-08 18:00:00+00:00,160.5525,175.70651
2026-04-08 19:00:00+00:00,137.10250000000002,146.09285
2026-04-08 20:00:00+00:00,121.3925,123.39723
2026-04-08 21:00:00+00:00,109.475,107.77726
2026-04-08 22:00:00+00:00,104.8975,99.36862
2026-04-08 23:00:00+00:00,101.1025,95.98894
2026-04-09 00:00:00+00:00,101.095,93.41592
2026-04-09 01:00:00+00:00,101.8625,93.742836
2026-04-09 02:00:00+00:00,105.1,95.165855
2026-04-09 03:00:00+00:00,115.8725,105.905556
2026-04-09 04:00:00+00:00,135.29500000000002,137.57137
2026-04-09 05:00:00+00:00,146.6,147.96736
2026-04-09 06:00:00+00:00,128.09,130.5181
2026-04-09 07:00:00+00:00,99.675,98.29657
2026-04-09 08:00:00+00:00,54.9975,65.038864
2026-04-09 09:00:00+00:00,1.2075,18.984175
2026-04-09 10:00:00+00:00,-1.03,-8.872224
2026-04-09 11:00:00+00:00,-7.865,-17.697832
2026-04-09 12:00:00+00:00,-8.1375,-19.966087
2026-04-09 13:00:00+00:00,-1.3025,-8.685536
2026-04-09 14:00:00+00:00,27.08,5.6195354
2026-04-09 15:00:00+00:00,82.5275,54.930782
2026-04-09 16:00:00+00:00,115.355,114.29299
2026-04-09 17:00:00+00:00,137.1675,146.46544
2026-04-09 18:00:00+00:00,127.325,136.99564
2026-04-09 19:00:00+00:00,110.95,114.109375
2026-04-09 20:00:00+00:00,100.23,101.061516
2026-04-09 21:00:00+00:00,81.05250000000001,89.17255
2026-04-09 22:00:00+00:00,81.88,69.589584
2026-04-09 23:00:00+00:00,79.32,68.529205
2026-04-10 00:00:00+00:00,78.83,70.38953
2026-04-10 01:00:00+00:00,78.5525,68.64482
2026-04-10 02:00:00+00:00,81.1225,72.592606
2026-04-10 03:00:00+00:00,88.7675,82.99035
2026-04-10 04:00:00+00:00,112.1575,104.67319
2026-04-10 05:00:00+00:00,126.4375,131.54385
2026-04-10 06:00:00+00:00,123.16,130.97755
2026-04-10 07:00:00+00:00,119.265,113.32515
2026-04-10 08:00:00+00:00,109.84,97.34992
2026-04-10 09:00:00+00:00,102.99,91.15931
2026-04-10 10:00:00+00:00,92.09,89.62159
2026-04-10 11:00:00+00:00,88.9375,83.65364
2026-04-10 12:00:00+00:00,87.4,82.04335
2026-04-10 13:00:00+00:00,94.0175,87.96343
2026-04-10 14:00:00+00:00,108.78,94.45022
2026-04-10 15:00:00+00:00,130.1025,116.57967
2026-04-10 16:00:00+00:00,155.29,140.89037
2026-04-10 17:00:00+00:00,227.7675,178.1561
2026-04-10 18:00:00+00:00,245.115,197.61531
2026-04-10 19:00:00+00:00,176.4775,184.4581
2026-04-10 20:00:00+00:00,149.305,157.74295
2026-04-10 21:00:00+00:00,131.96,135.14645
2026-04-10 22:00:00+00:00,134.015,120.87436
2026-04-10 23:00:00+00:00,120.6325,122.32483
2026-04-11 00:00:00+00:00,114.3825,110.30361
2026-04-11 01:00:00+00:00,112.35,106.36464
2026-04-11 02:00:00+00:00,110.8375,107.18273
2026-04-11 03:00:00+00:00,108.36,106.03421
2026-04-11 04:00:00+00:00,106.605,110.66749
2026-04-11 05:00:00+00:00,93.2375,107.36995
2026-04-11 06:00:00+00:00,69.61,77.86954
2026-04-11 07:00:00+00:00,21.57,35.587994
2026-04-11 08:00:00+00:00,-0.1574999999999997,3.7492464
2026-04-11 09:00:00+00:00,-8.307500000000001,-17.191805
2026-04-11 10:00:00+00:00,-40.2525,-30.38202
2026-04-11 11:00:00+00:00,-79.965,-154.00072
2026-04-11 12:00:00+00:00,-77.635,-203.61578
2026-04-11 13:00:00+00:00,-45.8275,-179.8943
2026-04-11 14:00:00+00:00,-15.7975,-182.24228
2026-04-11 15:00:00+00:00,-0.7149999999999999,-60.766685
2026-04-11 16:00:00+00:00,43.697500000000005,22.063852
2026-04-11 17:00:00+00:00,73.8175,85.35488
2026-04-11 18:00:00+00:00,74.7875,71.93866
2026-04-11 19:00:00+00:00,65.2325,57.8853
2026-04-11 20:00:00+00:00,68.6275,50.27378
2026-04-11 21:00:00+00:00,68.625,49.608765
2026-04-11 22:00:00+00:00,72.52250000000001,52.274235
2026-04-11 23:00:00+00:00,76.57249999999999,55.203346
2026-04-12 00:00:00+00:00,80.4225,62.715755
2026-04-12 01:00:00+00:00,85.26,69.03171
2026-04-12 02:00:00+00:00,95.1025,74.05345
2026-04-12 03:00:00+00:00,98.05,83.41448
2026-04-12 04:00:00+00:00,98.7,87.888214
2026-04-12 05:00:00+00:00,94.3175,88.18837
2026-04-12 06:00:00+00:00,76.10249999999999,75.89617
2026-04-12 07:00:00+00:00,53.3225,49.546955
2026-04-12 08:00:00+00:00,30.2325,33.214863
2026-04-12 09:00:00+00:00,22.415,24.459461
2026-04-12 10:00:00+00:00,14.975,18.734503
2026-04-12 11:00:00+00:00,1.97,12.85107
2026-04-12 12:00:00+00:00,4.625,13.817436
2026-04-12 13:00:00+00:00,15.905,27.902191
2026-04-12 14:00:00+00:00,67.55,39.878204
2026-04-12 15:00:00+00:00,110.1775,84.508965
2026-04-12 16:00:00+00:00,135.3875,129.02997
2026-04-12 17:00:00+00:00,144.765,154.87523
2026-04-12 18:00:00+00:00,146.8025,140.50807
2026-04-12 19:00:00+00:00,136.73250000000002,125.946945
2026-04-12 20:00:00+00:00,130.6075,119.175545
2026-04-12 21:00:00+00:00,121.0175,112.50456
2026-04-12 22:00:00+00:00,116.5425,107.785255
2026-04-12 23:00:00+00:00,109.795,108.034645
2026-04-13 00:00:00+00:00,107.315,103.47931
2026-04-13 01:00:00+00:00,107.59,103.15767
2026-04-13 02:00:00+00:00,110.02,105.73419
2026-04-13 03:00:00+00:00,119.0725,113.0375
2026-04-13 04:00:00+00:00,136.115,148.59373
2026-04-13 05:00:00+00:00,145.12,170.95023
2026-04-13 06:00:00+00:00,173.88,163.70027
2026-04-13 07:00:00+00:00,160.965,157.60994
2026-04-13 08:00:00+00:00,138.63,135.03166
2026-04-13 09:00:00+00:00,116.0,116.2307
2026-04-13 10:00:00+00:00,104.735,103.29782
2026-04-13 11:00:00+00:00,97.3925,98.329765
2026-04-13 12:00:00+00:00,101.695,96.20383
2026-04-13 13:00:00+00:00,104.6375,105.51476
2026-04-13 14:00:00+00:00,114.5975,111.17106
2026-04-13 15:00:00+00:00,130.3775,124.96491
2026-04-13 16:00:00+00:00,148.2,146.39783
2026-04-13 17:00:00+00:00,164.5225,166.96999
2026-04-13 18:00:00+00:00,156.61,158.83453
2026-04-13 19:00:00+00:00,139.0475,140.68695
2026-04-13 20:00:00+00:00,129.76,124.246475
2026-04-13 21:00:00+00:00,122.6275,115.0903
2026-04-13 22:00:00+00:00,116.0625,110.95579
2026-04-13 23:00:00+00:00,113.665,108.54544
2026-04-14 00:00:00+00:00,114.99,107.47871
2026-04-14 01:00:00+00:00,113.385,109.51512
2026-04-14 02:00:00+00:00,114.68,109.43539
2026-04-14 03:00:00+00:00,118.1475,119.53582
2026-04-14 04:00:00+00:00,138.72,143.03732
2026-04-14 05:00:00+00:00,163.0225,164.13379
2026-04-14 06:00:00+00:00,164.495,159.44463
2026-04-14 07:00:00+00:00,144.32999999999998,145.7938
2026-04-14 08:00:00+00:00,128.82999999999998,123.29634
2026-04-14 09:00:00+00:00,117.3325,110.79237
2026-04-14 10:00:00+00:00,109.5075,103.05262
2026-04-14 11:00:00+00:00,104.7,94.939316
2026-04-14 12:00:00+00:00,108.91,94.52105
2026-04-14 13:00:00+00:00,115.5675,107.11539
2026-04-14 14:00:00+00:00,121.695,115.08261
2026-04-14 15:00:00+00:00,137.4375,136.25905
2026-04-14 16:00:00+00:00,160.015,156.24376
2026-04-14 17:00:00+00:00,224.7525,191.1536
2026-04-14 18:00:00+00:00,234.2775,220.20674
2026-04-14 19:00:00+00:00,165.9475,206.75456
2026-04-14 20:00:00+00:00,148.2575,145.06746
2026-04-14 21:00:00+00:00,135.37,131.3509
2026-04-14 22:00:00+00:00,121.6,122.08088
2026-04-14 23:00:00+00:00,116.4575,114.94336
2026-04-15 00:00:00+00:00,111.7675,113.98852
2026-04-15 01:00:00+00:00,110.0175,110.03159
2026-04-15 02:00:00+00:00,110.8425,110.28142
2026-04-15 03:00:00+00:00,123.18,117.82634
2026-04-15 04:00:00+00:00,148.44,159.86476
2026-04-15 05:00:00+00:00,159.5525,173.57991
2026-04-15 06:00:00+00:00,140.1,151.90662
2026-04-15 07:00:00+00:00,116.32,119.18578
2026-04-15 08:00:00+00:00,100.8025,101.14219
2026-04-15 09:00:00+00:00,78.94,82.397896
2026-04-15 10:00:00+00:00,58.3175,55.56037
2026-04-15 11:00:00+00:00,50.2325,39.467167
2026-04-15 12:00:00+00:00,67.25750000000001,38.403362
2026-04-15 13:00:00+00:00,81.4925,74.36715
2026-04-15 14:00:00+00:00,99.255,94.30311
2026-04-15 15:00:00+00:00,124.84,123.20932
2026-04-15 16:00:00+00:00,141.9,163.949
2026-04-15 17:00:00+00:00,180.07999999999998,187.90192
2026-04-15 18:00:00+00:00,180.8,187.54053
2026-04-15 19:00:00+00:00,148.07999999999998,163.93996
2026-04-15 20:00:00+00:00,132.685,133.41107
2026-04-15 21:00:00+00:00,117.77,120.44744
2026-04-15 22:00:00+00:00,106.215,108.79993
2026-04-15 23:00:00+00:00,101.3975,102.84927
2026-04-16 00:00:00+00:00,99.595,98.84156
2026-04-16 01:00:00+00:00,98.365,99.00962
2026-04-16 02:00:00+00:00,100.9025,99.61549
2026-04-16 03:00:00+00:00,110.605,111.27912
2026-04-16 04:00:00+00:00,139.475,144.00206
2026-04-16 05:00:00+00:00,145.02249999999998,164.57625
2026-04-16 06:00:00+00:00,133.635,139.2041
2026-04-16 07:00:00+00:00,110.195,114.91427
2026-04-16 08:00:00+00:00,96.3525,92.36524
2026-04-16 09:00:00+00:00,75.6725,72.6933
2026-04-16 10:00:00+00:00,60.5125,52.675323
2026-04-16 11:00:00+00:00,45.7675,43.065594
2026-04-16 12:00:00+00:00,53.9725,34.902756
2026-04-16 13:00:00+00:00,70.87,57.86208
2026-04-16 14:00:00+00:00,89.7575,83.13466
2026-04-16 15:00:00+00:00,111.555,103.80428
2026-04-16 16:00:00+00:00,131.145,142.53941
2026-04-16 17:00:00+00:00,166.9275,171.05641
2026-04-16 18:00:00+00:00,187.3175,175.18253
2026-04-16 19:00:00+00:00,155.01,173.59187
2026-04-16 20:00:00+00:00,138.76,137.02007
2026-04-16 21:00:00+00:00,127.3625,123.93744
2026-04-16 22:00:00+00:00,121.7725,113.421936
2026-04-16 23:00:00+00:00,115.5225,112.10422
2026-04-17 00:00:00+00:00,112.5325,111.15575
2026-04-17 01:00:00+00:00,108.5125,109.158264
2026-04-17 02:00:00+00:00,111.4675,106.31959
2026-04-17 03:00:00+00:00,120.1925,115.386345
2026-04-17 04:00:00+00:00,146.5675,144.45161
2026-04-17 05:00:00+00:00,148.555,156.7549
2026-04-17 06:00:00+00:00,127.1575,134.9347
2026-04-17 07:00:00+00:00,101.9025,105.791855
2026-04-17 08:00:00+00:00,90.7825,78.81162
2026-04-17 09:00:00+00:00,57.88,69.12708
2026-04-17 10:00:00+00:00,30.87,32.342678
2026-04-17 11:00:00+00:00,26.445,12.147734
2026-04-17 12:00:00+00:00,31.3725,14.335919
2026-04-17 13:00:00+00:00,59.9975,37.906292
2026-04-17 14:00:00+00:00,81.82,77.92638
2026-04-17 15:00:00+00:00,102.31,109.09659
2026-04-17 16:00:00+00:00,126.755,143.39774
2026-04-17 17:00:00+00:00,157.405,172.84215
2026-04-17 18:00:00+00:00,157.1125,170.91324
2026-04-17 19:00:00+00:00,138.0075,154.78252
2026-04-17 20:00:00+00:00,123.93,132.59213
2026-04-17 21:00:00+00:00,112.71,114.26988
2026-04-17 22:00:00+00:00,116.245,109.38063
2026-04-17 23:00:00+00:00,110.8775,110.313354
2026-04-18 00:00:00+00:00,109.6625,105.086624
2026-04-18 01:00:00+00:00,107.695,105.80839
2026-04-18 02:00:00+00:00,108.8725,105.82418
2026-04-18 03:00:00+00:00,110.905,111.58493
2026-04-18 04:00:00+00:00,110.83,126.83396
2026-04-18 05:00:00+00:00,105.7425,115.16922
2026-04-18 06:00:00+00:00,92.2875,97.79525
2026-04-18 07:00:00+00:00,75.1275,78.527695
2026-04-18 08:00:00+00:00,39.5675,50.714302
2026-04-18 09:00:00+00:00,3.94,18.13445
2026-04-18 10:00:00+00:00,-3.3825000000000003,-4.866576
2026-04-18 11:00:00+00:00,-4.08,-10.829167
2026-04-18 12:00:00+00:00,-0.1,-6.718584
2026-04-18 13:00:00+00:00,18.8975,12.502821
2026-04-18 14:00:00+00:00,44.8875,55.15232
2026-04-18 15:00:00+00:00,90.805,74.87928
2026-04-18 16:00:00+00:00,119.595,117.5397
2026-04-18 17:00:00+00:00,131.54,149.64494
2026-04-18 18:00:00+00:00,144.89,142.19922
2026-04-18 19:00:00+00:00,140.29500000000002,134.55615
2026-04-18 20:00:00+00:00,129.9925,131.44133
2026-04-18 21:00:00+00:00,125.0,116.50065
2026-04-18 22:00:00+00:00,116.56,113.09002
2026-04-18 23:00:00+00:00,109.95,110.0489
2026-04-19 00:00:00+00:00,109.205,100.700195
2026-04-19 01:00:00+00:00,106.3225,101.72766
2026-04-19 02:00:00+00:00,105.415,99.77035
2026-04-19 03:00:00+00:00,106.55,100.105316
2026-04-19 04:00:00+00:00,104.7825,109.01545
2026-04-19 05:00:00+00:00,100.0325,103.722015
2026-04-19 06:00:00+00:00,96.63,94.61318
2026-04-19 07:00:00+00:00,93.8425,78.45327
2026-04-19 08:00:00+00:00,71.385,70.23026
2026-04-19 09:00:00+00:00,31.985,47.553795
2026-04-19 10:00:00+00:00,5.735,16.95691
2026-04-19 11:00:00+00:00,-0.8475,0.28872883
2026-04-19 12:00:00+00:00,-3.005,-5.265369
2026-04-19 13:00:00+00:00,-2.255,3.2837923
2026-04-19 14:00:00+00:00,16.02,4.380597
2026-04-19 15:00:00+00:00,73.7575,36.848736
2026-04-19 16:00:00+00:00,103.855,91.677826
2026-04-19 17:00:00+00:00,117.3525,124.71436
2026-04-19 18:00:00+00:00,124.1125,122.91499
2026-04-19 19:00:00+00:00,121.5475,115.29313
2026-04-19 20:00:00+00:00,119.3625,109.64645
2026-04-19 21:00:00+00:00,111.2325,105.52315
2026-04-19 22:00:00+00:00,106.3075,98.766136
2026-04-19 23:00:00+00:00,101.1125,93.890976
2026-04-20 00:00:00+00:00,99.0125,93.44795
2026-04-20 01:00:00+00:00,99.04,93.166595
2026-04-20 02:00:00+00:00,102.3025,97.57196
2026-04-20 03:00:00+00:00,111.6,107.06848
2026-04-20 04:00:00+00:00,129.385,134.49033
2026-04-20 05:00:00+00:00,142.2075,140.67749
2026-04-20 06:00:00+00:00,134.32,130.81754
2026-04-20 07:00:00+00:00,110.015,109.62494
2026-04-20 08:00:00+00:00,90.1975,81.89503
2026-04-20 09:00:00+00:00,75.88749999999999,66.90273
2026-04-20 10:00:00+00:00,51.182500000000005,48.385403
2026-04-20 11:00:00+00:00,32.595,28.35246
2026-04-20 12:00:00+00:00,29.57,19.110085
2026-04-20 13:00:00+00:00,46.475,29.027834
2026-04-20 14:00:00+00:00,78.325,59.041332
2026-04-20 15:00:00+00:00,97.245,89.759254
2026-04-20 16:00:00+00:00,112.91,116.02757
2026-04-20 17:00:00+00:00,123.4075,138.21643
2026-04-20 18:00:00+00:00,127.18,131.364
2026-04-20 19:00:00+00:00,121.94,116.018654
2026-04-20 20:00:00+00:00,115.9725,108.1883
2026-04-20 21:00:00+00:00,106.7925,104.386314
2026-04-20 22:00:00+00:00,99.0,94.10805
2026-04-20 23:00:00+00:00,98.6425,91.90174
2026-04-21 00:00:00+00:00,98.3725,94.447754
2026-04-21 01:00:00+00:00,99.075,95.16749
2026-04-21 02:00:00+00:00,100.19,96.27335
2026-04-21 03:00:00+00:00,108.4475,105.776505
2026-04-21 04:00:00+00:00,127.085,138.06967
2026-04-21 05:00:00+00:00,135.3275,140.94017
2026-04-21 06:00:00+00:00,118.9475,124.328026
2026-04-21 07:00:00+00:00,97.305,104.71421
2026-04-21 08:00:00+00:00,59.895,79.3215
2026-04-21 09:00:00+00:00,19.602500000000003,33.12282
2026-04-21 10:00:00+00:00,-0.0974999999999999,6.6616282
2026-04-21 11:00:00+00:00,-1.7525,-8.494436
2026-04-21 12:00:00+00:00,-3.7,-8.429502
2026-04-21 13:00:00+00:00,-1.8625,-5.153465
2026-04-21 14:00:00+00:00,14.535,6.3908663
2026-04-21 15:00:00+00:00,69.83,68.56361
2026-04-21 16:00:00+00:00,102.645,106.010284
2026-04-21 17:00:00+00:00,134.11,146.96136
2026-04-21 18:00:00+00:00,144.775,152.81541
2026-04-21 19:00:00+00:00,129.62,134.61794
2026-04-21 20:00:00+00:00,119.845,117.815735
2026-04-21 21:00:00+00:00,111.8725,108.210594
2026-04-21 22:00:00+00:00,107.095,103.723526
2026-04-21 23:00:00+00:00,104.11,100.53917
2026-04-22 00:00:00+00:00,104.2,99.85811
2026-04-22 01:00:00+00:00,104.8475,101.863846
2026-04-22 02:00:00+00:00,109.6925,106.77323
2026-04-22 03:00:00+00:00,121.2325,116.63929
2026-04-22 04:00:00+00:00,139.8425,152.04828
2026-04-22 05:00:00+00:00,134.7975,144.54622
2026-04-22 06:00:00+00:00,113.865,120.96641
2026-04-22 07:00:00+00:00,79.555,89.66778
2026-04-22 08:00:00+00:00,20.155,41.548885
2026-04-22 09:00:00+00:00,-2.42,0.26929125
2026-04-22 10:00:00+00:00,-8.8325,-17.51165
2026-04-22 11:00:00+00:00,-20.985,-24.163313
2026-04-22 12:00:00+00:00,-19.0,-35.44845
2026-04-22 13:00:00+00:00,-4.92,-23.22208
2026-04-22 14:00:00+00:00,-0.0099999999999998,-2.2545154
2026-04-22 15:00:00+00:00,57.405,20.441143
2026-04-22 16:00:00+00:00,105.2975,92.18303
2026-04-22 17:00:00+00:00,140.1175,147.34222
2026-04-22 18:00:00+00:00,153.91,156.14392
2026-04-22 19:00:00+00:00,128.51,140.26987
2026-04-22 20:00:00+00:00,114.45,113.10694
2026-04-22 21:00:00+00:00,105.0775,102.45032
2026-04-22 22:00:00+00:00,100.14,95.06778
2026-04-22 23:00:00+00:00,97.625,91.29788
2026-04-23 00:00:00+00:00,96.735,93.138214
2026-04-23 01:00:00+00:00,96.2075,91.24811
2026-04-23 02:00:00+00:00,95.85,95.13831
2026-04-23 03:00:00+00:00,104.16,103.00884
2026-04-23 04:00:00+00:00,119.0,132.97614
2026-04-23 05:00:00+00:00,119.4,127.59159
2026-04-23 06:00:00+00:00,109.6975,101.020164
2026-04-23 07:00:00+00:00,63.2925,76.39273
2026-04-23 08:00:00+00:00,-0.5625,22.828005
2026-04-23 09:00:00+00:00,-6.175,-17.206942
2026-04-23 10:00:00+00:00,-29.0075,-29.580292
2026-04-23 11:00:00+00:00,-49.56,-121.26722
2026-04-23 12:00:00+00:00,-48.8625,-118.72053
2026-04-23 13:00:00+00:00,-22.89,-100.31927
2026-04-23 14:00:00+00:00,-1.93,-25.305864
2026-04-23 15:00:00+00:00,21.9675,8.575902
2026-04-23 16:00:00+00:00,93.5725,59.673813
2026-04-23 17:00:00+00:00,121.5,132.29646
2026-04-23 18:00:00+00:00,136.955,132.06383
2026-04-23 19:00:00+00:00,116.2875,121.9686
2026-04-23 20:00:00+00:00,108.235,102.05321
2026-04-23 21:00:00+00:00,99.4575,95.54055
2026-04-23 22:00:00+00:00,102.455,86.2202
2026-04-23 23:00:00+00:00,100.13,89.270294
2026-04-24 00:00:00+00:00,100.71,89.60479
2026-04-24 01:00:00+00:00,101.69,92.898476
2026-04-24 02:00:00+00:00,105.3575,94.0998
2026-04-24 03:00:00+00:00,116.305,104.69141
2026-04-24 04:00:00+00:00,131.8725,137.75096
2026-04-24 05:00:00+00:00,137.9875,141.62308
2026-04-24 06:00:00+00:00,117.685,118.81731
2026-04-24 07:00:00+00:00,80.905,91.21262
2026-04-24 08:00:00+00:00,19.5725,45.57746
2026-04-24 09:00:00+00:00,-0.035,-2.3641593
2026-04-24 10:00:00+00:00,-6.9075,-13.758942
2026-04-24 11:00:00+00:00,-26.14,-26.009804
2026-04-24 12:00:00+00:00,-30.0025,-45.063778
2026-04-24 13:00:00+00:00,-16.555,-55.863003
2026-04-24 14:00:00+00:00,-1.6124999999999998,-20.422228
2026-04-24 15:00:00+00:00,50.9075,7.6149464
2026-04-24 16:00:00+00:00,104.8175,82.96844
2026-04-24 17:00:00+00:00,133.81,139.14952
2026-04-24 18:00:00+00:00,137.34,146.08664
2026-04-24 19:00:00+00:00,131.025,131.9658
2026-04-24 20:00:00+00:00,121.8775,124.65001
2026-04-24 21:00:00+00:00,113.4425,106.55797
2026-04-24 22:00:00+00:00,100.625,101.362976
2026-04-24 23:00:00+00:00,95.54,93.58383
2026-04-25 00:00:00+00:00,95.12,89.852516
2026-04-25 01:00:00+00:00,95.1575,89.532005
2026-04-25 02:00:00+00:00,88.4575,91.7558
2026-04-25 03:00:00+00:00,88.03,86.681366
2026-04-25 04:00:00+00:00,83.1825,89.5162
2026-04-25 05:00:00+00:00,71.3625,77.71158
2026-04-25 06:00:00+00:00,20.035,44.47643
2026-04-25 07:00:00+00:00,-0.0424999999999999,1.5332205
2026-04-25 08:00:00+00:00,-7.27,-23.894106
2026-04-25 09:00:00+00:00,-42.1425,-36.19935
2026-04-25 10:00:00+00:00,-100.5125,-93.58567
2026-04-25 11:00:00+00:00,-176.4425,-243.45236
2026-04-25 12:00:00+00:00,-190.865,-273.13644
2026-04-25 13:00:00+00:00,-133.8025,-249.32654
2026-04-25 14:00:00+00:00,-53.975,-211.63774
2026-04-25 15:00:00+00:00,-5.245,-165.79538
2026-04-25 16:00:00+00:00,4.615,9.802469
2026-04-25 17:00:00+00:00,65.19749999999999,34.731396
2026-04-25 18:00:00+00:00,75.42,60.853523
2026-04-25 19:00:00+00:00,72.005,57.838684
2026-04-25 20:00:00+00:00,72.6775,56.66295
2026-04-25 21:00:00+00:00,69.97999999999999,37.670975
2026-04-25 22:00:00+00:00,79.44,36.039856
2026-04-25 23:00:00+00:00,83.595,44.725746
2026-04-26 00:00:00+00:00,87.1,66.63371
2026-04-26 01:00:00+00:00,90.4875,80.336555
2026-04-26 02:00:00+00:00,94.1525,88.63125
2026-04-26 03:00:00+00:00,98.64,96.26162
2026-04-26 04:00:00+00:00,94.185,99.88639
2026-04-26 05:00:00+00:00,83.1525,86.97283
2026-04-26 06:00:00+00:00,54.3125,50.85299
2026-04-26 07:00:00+00:00,-0.01,-4.7188244
2026-04-26 08:00:00+00:00,-28.185,-71.66851
2026-04-26 09:00:00+00:00,-127.365,-279.835
2026-04-26 10:00:00+00:00,-259.96000000000004,-295.34637
2026-04-26 11:00:00+00:00,-413.77,-339.41675
2026-04-26 12:00:00+00:00,-413.245,-357.35934
2026-04-26 13:00:00+00:00,-235.8925,-342.47806
2026-04-26 14:00:00+00:00,-37.305,-260.5704
2026-04-26 15:00:00+00:00,11.177499999999998,-84.10511
2026-04-26 16:00:00+00:00,113.0975,79.63568
2026-04-26 17:00:00+00:00,150.2875,156.08847
2026-04-26 18:00:00+00:00,157.815,177.91557
2026-04-26 19:00:00+00:00,140.6525,155.59041
2026-04-26 20:00:00+00:00,126.4075,132.16205
2026-04-26 21:00:00+00:00,122.875,119.919685
2026-04-26 22:00:00+00:00,118.4475,111.65622
2026-04-26 23:00:00+00:00,113.03,111.25343
2026-04-27 00:00:00+00:00,112.71,111.85997
2026-04-27 01:00:00+00:00,112.825,113.8953
2026-04-27 02:00:00+00:00,116.74,118.066734
2026-04-27 03:00:00+00:00,125.6675,137.93797
2026-04-27 04:00:00+00:00,165.5675,162.90933
2026-04-27 05:00:00+00:00,153.69,172.73186
2026-04-27 06:00:00+00:00,126.5475,138.99457
2026-04-27 07:00:00+00:00,92.5275,96.71291
2026-04-27 08:00:00+00:00,59.1425,63.78096
2026-04-27 09:00:00+00:00,4.14,13.845288
2026-04-27 10:00:00+00:00,-0.0975,-44.832745
2026-04-27 11:00:00+00:00,-0.83,-70.3193
2026-04-27 12:00:00+00:00,-0.1625,-44.91037
2026-04-27 13:00:00+00:00,5.1425,-3.0091553
2026-04-27 14:00:00+00:00,68.66499999999999,28.918447
2026-04-27 15:00:00+00:00,107.185,94.09145
2026-04-27 16:00:00+00:00,129.8525,145.86252
2026-04-27 17:00:00+00:00,172.3,170.87326
2026-04-27 18:00:00+00:00,188.1175,179.87288
2026-04-27 19:00:00+00:00,148.46,164.79767
2026-04-27 20:00:00+00:00,125.6475,129.55183
2026-04-27 21:00:00+00:00,115.2025,111.18182
2026-04-27 22:00:00+00:00,112.66,102.29885
2026-04-27 23:00:00+00:00,106.9025,101.563866
2026-04-28 00:00:00+00:00,102.98,96.97253
2026-04-28 01:00:00+00:00,102.83,96.319115
2026-04-28 02:00:00+00:00,105.2775,98.81704
2026-04-28 03:00:00+00:00,111.835,109.85054
2026-04-28 04:00:00+00:00,122.1,131.67203
2026-04-28 05:00:00+00:00,121.43,122.64957
2026-04-28 06:00:00+00:00,112.315,106.19756
2026-04-28 07:00:00+00:00,79.7775,81.68308
2026-04-28 08:00:00+00:00,21.815,44.59799
2026-04-28 09:00:00+00:00,-1.085,0.09780998
2026-04-28 10:00:00+00:00,-14.0425,-26.652636
2026-04-28 11:00:00+00:00,-29.0,-55.979763
2026-04-28 12:00:00+00:00,-29.0075,-91.132835
2026-04-28 13:00:00+00:00,-17.33,-62.54424
2026-04-28 14:00:00+00:00,-4.655,-23.757875
2026-04-28 15:00:00+00:00,33.315,3.484155
2026-04-28 16:00:00+00:00,90.1,67.8908
2026-04-28 17:00:00+00:00,117.4,118.45498
2026-04-28 18:00:00+00:00,120.9725,126.953896
2026-04-28 19:00:00+00:00,115.8275,106.464874
2026-04-28 20:00:00+00:00,111.295,102.1871
2026-04-28 21:00:00+00:00,101.77,96.60843
2026-04-28 22:00:00+00:00,98.2075,88.256546
2026-04-28 23:00:00+00:00,96.725,87.2488
2026-04-29 00:00:00+00:00,97.9175,87.61585
2026-04-29 01:00:00+00:00,98.5275,91.45154
2026-04-29 02:00:00+00:00,100.65,95.82277
2026-04-29 03:00:00+00:00,107.905,106.70439
2026-04-29 04:00:00+00:00,139.7975,132.68028
2026-04-29 05:00:00+00:00,126.8475,136.14789
2026-04-29 06:00:00+00:00,112.365,109.20938
2026-04-29 07:00:00+00:00,66.42,77.68649
2026-04-29 08:00:00+00:00,-1.0775,24.303354
2026-04-29 09:00:00+00:00,-11.5675,-34.864925
2026-04-29 10:00:00+00:00,-33.765,-54.663372
2026-04-29 11:00:00+00:00,-60.3625,-89.090836
2026-04-29 12:00:00+00:00,-55.4325,-90.92897
2026-04-29 13:00:00+00:00,-36.22,-73.9457
2026-04-29 14:00:00+00:00,-11.25,-47.472366
2026-04-29 15:00:00+00:00,19.645,-1.3082362
2026-04-29 16:00:00+00:00,91.145,66.656845
2026-04-29 17:00:00+00:00,125.81,130.82825
2026-04-29 18:00:00+00:00,145.5925,137.14566
2026-04-29 19:00:00+00:00,129.95,134.6586
2026-04-29 20:00:00+00:00,115.6575,114.26336
2026-04-29 21:00:00+00:00,105.0975,102.55074
2026-04-29 22:00:00+00:00,100.32,94.42759
2026-04-29 23:00:00+00:00,100.11,90.550735
2026-04-30 00:00:00+00:00,98.57,91.55116
2026-04-30 01:00:00+00:00,99.4775,94.47861
2026-04-30 02:00:00+00:00,104.09,96.25666
2026-04-30 03:00:00+00:00,114.1025,112.40446
2026-04-30 04:00:00+00:00,139.12,140.91064
2026-04-30 05:00:00+00:00,122.285,132.03233
2026-04-30 06:00:00+00:00,96.2175,102.54365
2026-04-30 07:00:00+00:00,45.555,60.98415
2026-04-30 08:00:00+00:00,-0.0375,-4.5091186
2026-04-30 09:00:00+00:00,-3.875,-31.170662
2026-04-30 10:00:00+00:00,-16.2525,-40.314358
2026-04-30 11:00:00+00:00,-32.02,-56.947243
2026-04-30 12:00:00+00:00,-28.93,-83.50237
2026-04-30 13:00:00+00:00,-12.05,-67.00984
2026-04-30 14:00:00+00:00,-2.2925,-17.56742
2026-04-30 15:00:00+00:00,20.58,1.830701
2026-04-30 16:00:00+00:00,92.43,58.56392
2026-04-30 17:00:00+00:00,139.0875,130.1464
2026-04-30 18:00:00+00:00,178.62,153.04509
2026-04-30 19:00:00+00:00,145.84,157.63637
2026-04-30 20:00:00+00:00,118.92,125.72618
2026-04-30 21:00:00+00:00,109.6075,103.30288
2026-04-30 22:00:00+00:00,107.2275,96.92449
2026-04-30 23:00:00+00:00,103.085,94.33626
2026-05-01 00:00:00+00:00,101.385,94.5195
2026-05-01 01:00:00+00:00,99.245,94.63543
2026-05-01 02:00:00+00:00,97.98,93.1785
2026-05-01 03:00:00+00:00,97.495,99.80939
2026-05-01 04:00:00+00:00,103.7675,103.20013
2026-05-01 05:00:00+00:00,80.34,91.739365
2026-05-01 06:00:00+00:00,35.3325,46.928
2026-05-01 07:00:00+00:00,-0.0275,4.527563
2026-05-01 08:00:00+00:00,-21.18,-30.684994
2026-05-01 09:00:00+00:00,-108.6175,-74.0166
2026-05-01 10:00:00+00:00,-318.58,-241.07568
2026-05-01 11:00:00+00:00,-499.0,-339.0864
2026-05-01 12:00:00+00:00,-474.9675,-354.44052
2026-05-01 13:00:00+00:00,-205.8775,-311.59622
2026-05-01 14:00:00+00:00,-26.2475,-181.54034
2026-05-01 15:00:00+00:00,5.555,-85.25542
2026-05-01 16:00:00+00:00,92.53,22.087677
2026-05-01 17:00:00+00:00,154.19,131.29248
2026-05-01 18:00:00+00:00,173.325,187.00778
2026-05-01 19:00:00+00:00,142.95,163.59074
2026-05-01 20:00:00+00:00,113.2225,123.50001
2026-05-01 21:00:00+00:00,96.9825,99.16978
2026-05-01 22:00:00+00:00,117.425,79.46361
2026-05-01 23:00:00+00:00,103.7125,94.21138
2026-05-02 00:00:00+00:00,99.4775,90.551216
2026-05-02 01:00:00+00:00,93.335,83.98114
2026-05-02 02:00:00+00:00,93.545,82.78457
2026-05-02 03:00:00+00:00,93.6975,83.46199
2026-05-02 04:00:00+00:00,91.78,77.71527
2026-05-02 05:00:00+00:00,78.0125,44.859512
2026-05-02 06:00:00+00:00,18.27,-4.5235133
2026-05-02 07:00:00+00:00,1.27,-79.37931
2026-05-02 08:00:00+00:00,-2.3875,-92.90221
2026-05-02 09:00:00+00:00,-21.9125,-122.20902
2026-05-02 10:00:00+00:00,-83.6075,-246.99605
2026-05-02 11:00:00+00:00,-130.0275,-328.13498
2026-05-02 12:00:00+00:00,-86.8425,-277.53253
2026-05-02 13:00:00+00:00,-14.0375,-224.37614
2026-05-02 14:00:00+00:00,0.0325,-91.43335
2026-05-02 15:00:00+00:00,54.945,-6.700601
2026-05-02 16:00:00+00:00,127.14,86.395615
2026-05-02 17:00:00+00:00,165.0,160.65913
2026-05-02 18:00:00+00:00,195.45,172.3018
2026-05-02 19:00:00+00:00,154.32,152.64471
2026-05-02 20:00:00+00:00,139.96,131.62099
2026-05-02 21:00:00+00:00,123.865,119.95903
2026-05-02 22:00:00+00:00,121.195,109.34079
2026-05-02 23:00:00+00:00,116.0325,106.100334
2026-05-03 00:00:00+00:00,110.1625,105.72981
2026-05-03 01:00:00+00:00,108.4775,100.29117
2026-05-03 02:00:00+00:00,106.2925,99.40855
2026-05-03 03:00:00+00:00,107.0725,102.69472
2026-05-03 04:00:00+00:00,101.7,107.779655
2026-05-03 05:00:00+00:00,85.3375,78.212654
2026-05-03 06:00:00+00:00,71.7375,33.564667
2026-05-03 07:00:00+00:00,32.6575,-4.4773364
2026-05-03 08:00:00+00:00,1.2875,-48.71335
2026-05-03 09:00:00+00:00,-1.4275,-62.02809
2026-05-03 10:00:00+00:00,-6.79,-114.92254
2026-05-03 11:00:00+00:00,-14.435,-68.17558
2026-05-03 12:00:00+00:00,-10.8825,-63.145397
2026-05-03 13:00:00+00:00,-3.9675,-33.823887
2026-05-03 14:00:00+00:00,9.1325,-10.571879
2026-05-03 15:00:00+00:00,80.7075,27.273464
2026-05-03 16:00:00+00:00,120.5725,109.25424
2026-05-03 17:00:00+00:00,134.795,146.33238
2026-05-03 18:00:00+00:00,140.87,144.16058
2026-05-03 19:00:00+00:00,137.31,127.60116
2026-05-03 20:00:00+00:00,130.3775,121.96437
2026-05-03 21:00:00+00:00,121.115,113.63303
2026-05-03 22:00:00+00:00,117.355,103.80357
2026-05-03 23:00:00+00:00,108.41,103.65088
2026-05-04 00:00:00+00:00,110.5575,99.53041
2026-05-04 01:00:00+00:00,106.3475,101.70081
2026-05-04 02:00:00+00:00,109.9075,103.29037
2026-05-04 03:00:00+00:00,128.8825,117.90839
2026-05-04 04:00:00+00:00,149.5475,153.46606
2026-05-04 05:00:00+00:00,151.26749999999998,155.08282
2026-05-04 06:00:00+00:00,134.6025,133.00659
2026-05-04 07:00:00+00:00,113.625,109.1675
2026-05-04 08:00:00+00:00,99.99,90.01444
2026-05-04 09:00:00+00:00,93.095,79.692726
2026-05-04 10:00:00+00:00,75.065,78.295044
2026-05-04 11:00:00+00:00,69.4075,60.767002
2026-05-04 12:00:00+00:00,81.0775,66.15757
2026-05-04 13:00:00+00:00,94.0025,86.23306
2026-05-04 14:00:00+00:00,107.9675,99.25253
2026-05-04 15:00:00+00:00,128.9925,121.166794
2026-05-04 16:00:00+00:00,169.0,152.1136
2026-05-04 17:00:00+00:00,245.03,205.77942
2026-05-04 18:00:00+00:00,266.83500000000004,202.83722
2026-05-04 19:00:00+00:00,194.3,184.23079
2026-05-04 20:00:00+00:00,153.04500000000002,155.50699
2026-05-04 21:00:00+00:00,137.2,132.48456
2026-05-04 22:00:00+00:00,131.36,121.72526
2026-05-04 23:00:00+00:00,126.2,122.112114
2026-05-05 00:00:00+00:00,122.11,118.7329
2026-05-05 01:00:00+00:00,122.045,115.51057
2026-05-05 02:00:00+00:00,123.9,116.57525
2026-05-05 03:00:00+00:00,133.9025,129.79152
2026-05-05 04:00:00+00:00,160.1125,162.86761
2026-05-05 05:00:00+00:00,160.765,171.0209
2026-05-05 06:00:00+00:00,147.23250000000002,148.12538
2026-05-05 07:00:00+00:00,129.61,123.1928
2026-05-05 08:00:00+00:00,114.12,106.073
2026-05-05 09:00:00+00:00,108.2575,98.90198
2026-05-05 10:00:00+00:00,99.0925,95.12518
2026-05-05 11:00:00+00:00,98.055,92.68852
2026-05-05 12:00:00+00:00,97.745,95.29485
2026-05-05 13:00:00+00:00,105.99,105.1951
2026-05-05 14:00:00+00:00,111.9775,115.6238
2026-05-05 15:00:00+00:00,128.67000000000002,140.6925
2026-05-05 16:00:00+00:00,145.7625,162.55795
2026-05-05 17:00:00+00:00,163.685,182.44374
2026-05-05 18:00:00+00:00,163.9025,173.54883
2026-05-05 19:00:00+00:00,146.9975,146.80923
2026-05-05 20:00:00+00:00,132.745,132.14125
2026-05-05 21:00:00+00:00,115.2925,119.90715
2026-05-05 22:00:00+00:00,120.035,107.55967
2026-05-05 23:00:00+00:00,114.23,110.05451
2026-05-06 00:00:00+00:00,113.165,106.67312
2026-05-06 01:00:00+00:00,112.995,107.13791
2026-05-06 02:00:00+00:00,113.34,107.83361
2026-05-06 03:00:00+00:00,118.225,115.05236
2026-05-06 04:00:00+00:00,131.14,132.35713
2026-05-06 05:00:00+00:00,142.45,138.15227
2026-05-06 06:00:00+00:00,141.55,127.42347
2026-05-06 07:00:00+00:00,121.305,119.281136
2026-05-06 08:00:00+00:00,108.8,102.97205
2026-05-06 09:00:00+00:00,104.12,91.93317
2026-05-06 10:00:00+00:00,100.0925,92.533844
2026-05-06 11:00:00+00:00,89.34,90.07455
2026-05-06 12:00:00+00:00,91.33,86.13491
2026-05-06 13:00:00+00:00,103.125,91.8579
2026-05-06 14:00:00+00:00,112.6625,104.54192
2026-05-06 15:00:00+00:00,125.0525,127.279205
2026-05-06 16:00:00+00:00,137.91,141.04703
2026-05-06 17:00:00+00:00,154.605,151.94801
2026-05-06 18:00:00+00:00,156.915,158.06648
2026-05-06 19:00:00+00:00,154.61,139.26053
2026-05-06 20:00:00+00:00,143.4125,132.8284
2026-05-06 21:00:00+00:00,128.26,123.449135
2026-05-06 22:00:00+00:00,125.1525,117.93745
2026-05-06 23:00:00+00:00,116.485,114.914696
2026-05-07 00:00:00+00:00,115.2575,111.33563
2026-05-07 01:00:00+00:00,116.49,109.110596
2026-05-07 02:00:00+00:00,119.1375,112.36508
2026-05-07 03:00:00+00:00,126.875,121.34985
2026-05-07 04:00:00+00:00,151.0,144.9879
2026-05-07 05:00:00+00:00,167.29250000000002,159.8901
2026-05-07 06:00:00+00:00,155.5925,159.77902
2026-05-07 07:00:00+00:00,136.41,139.43831
2026-05-07 08:00:00+00:00,120.1325,117.37525
2026-05-07 09:00:00+00:00,113.525,105.852394
2026-05-07 10:00:00+00:00,103.9225,101.27748
2026-05-07 11:00:00+00:00,101.915,95.394196
2026-05-07 12:00:00+00:00,101.73,94.90749
2026-05-07 13:00:00+00:00,107.445,101.244865
2026-05-07 14:00:00+00:00,117.9975,111.78604
2026-05-07 15:00:00+00:00,132.56,133.38799
2026-05-07 16:00:00+00:00,148.70499999999998,149.23071
2026-05-07 17:00:00+00:00,185.655,175.68202
2026-05-07 18:00:00+00:00,221.4775,206.87068
2026-05-07 19:00:00+00:00,182.715,175.36035
2026-05-07 20:00:00+00:00,154.435,162.149
2026-05-07 21:00:00+00:00,142.7575,136.41008
2026-05-07 22:00:00+00:00,130.3425,126.73338
2026-05-07 23:00:00+00:00,120.66,120.395134
2026-05-08 00:00:00+00:00,118.215,116.50687
2026-05-08 01:00:00+00:00,116.9775,117.84877
2026-05-08 02:00:00+00:00,118.565,118.54192
2026-05-08 03:00:00+00:00,126.185,131.25223
2026-05-08 04:00:00+00:00,143.6,149.15477
2026-05-08 05:00:00+00:00,147.0275,150.47241
2026-05-08 06:00:00+00:00,137.4,136.85883
2026-05-08 07:00:00+00:00,115.2475,117.34386
2026-05-08 08:00:00+00:00,97.7475,97.448616
2026-05-08 09:00:00+00:00,75.81,80.029274
2026-05-08 10:00:00+00:00,65.37,54.11332
2026-05-08 11:00:00+00:00,58.7075,44.737194
2026-05-08 12:00:00+00:00,64.34,45.710896
2026-05-08 13:00:00+00:00,81.8925,66.07701
2026-05-08 14:00:00+00:00,94.0625,89.41897
2026-05-08 15:00:00+00:00,109.5,110.32623
2026-05-08 16:00:00+00:00,127.815,136.88837
2026-05-08 17:00:00+00:00,143.54250000000002,158.5532
2026-05-08 18:00:00+00:00,152.9775,163.93599
2026-05-08 19:00:00+00:00,138.9,139.48177
2026-05-08 20:00:00+00:00,127.5025,125.97557
2026-05-08 21:00:00+00:00,119.14,118.219284
2026-05-08 22:00:00+00:00,127.6925,110.99679
2026-05-08 23:00:00+00:00,123.4075,115.26059
2026-05-09 00:00:00+00:00,123.48,115.77905
2026-05-09 01:00:00+00:00,124.3525,116.63713
2026-05-09 02:00:00+00:00,125.7375,117.95491
2026-05-09 03:00:00+00:00,126.4525,125.10727
2026-05-09 04:00:00+00:00,127.5225,130.64767
2026-05-09 05:00:00+00:00,118.67,121.5293
2026-05-09 06:00:00+00:00,107.6725,108.2835
2026-05-09 07:00:00+00:00,68.3075,86.902374
2026-05-09 08:00:00+00:00,9.9275,37.044506
2026-05-09 09:00:00+00:00,-0.015,-0.3635897
2026-05-09 10:00:00+00:00,-0.0625,-6.713347
2026-05-09 11:00:00+00:00,-0.09,-6.2021737
2026-05-09 12:00:00+00:00,-0.0125,-14.352714
2026-05-09 13:00:00+00:00,0.0025,3.066656
2026-05-09 14:00:00+00:00,27.715000000000003,10.845863
2026-05-09 15:00:00+00:00,93.69,58.944595
2026-05-09 16:00:00+00:00,123.19,124.41718
2026-05-09 17:00:00+00:00,138.5075,160.8286
2026-05-09 18:00:00+00:00,146.965,165.82779
2026-05-09 19:00:00+00:00,143.485,139.56128
2026-05-09 20:00:00+00:00,136.3,131.5026
2026-05-09 21:00:00+00:00,127.0875,121.81559
2026-05-09 22:00:00+00:00,128.0925,111.84585
2026-05-09 23:00:00+00:00,125.4475,113.53876
2026-05-10 00:00:00+00:00,125.4325,113.17665
2026-05-10 01:00:00+00:00,123.4825,115.04896
2026-05-10 02:00:00+00:00,124.1975,113.76035
2026-05-10 03:00:00+00:00,123.94,119.9786
2026-05-10 04:00:00+00:00,115.14,122.98607
2026-05-10 05:00:00+00:00,101.1675,105.377014
2026-05-10 06:00:00+00:00,70.835,78.0619
2026-05-10 07:00:00+00:00,11.18,33.13472
2026-05-10 08:00:00+00:00,0.0025,-6.7012973
2026-05-10 09:00:00+00:00,-0.6699999999999999,-24.467926
2026-05-10 10:00:00+00:00,-1.88,-36.03469
2026-05-10 11:00:00+00:00,-2.165,-36.802555
2026-05-10 12:00:00+00:00,-1.4,-43.322483
2026-05-10 13:00:00+00:00,-0.255,-22.711676
2026-05-10 14:00:00+00:00,1.8825,3.6571345
2026-05-10 15:00:00+00:00,71.005,26.010082
2026-05-10 16:00:00+00:00,110.9425,98.8098
2026-05-10 17:00:00+00:00,122.0,139.81326
2026-05-10 18:00:00+00:00,129.3175,134.93246
2026-05-10 19:00:00+00:00,128.515,122.09744
2026-05-10 20:00:00+00:00,124.14,118.95059
2026-05-10 21:00:00+00:00,119.8375,115.93661
2026-05-10 22:00:00+00:00,118.785,110.11759
2026-05-10 23:00:00+00:00,112.335,109.886665
2026-05-11 00:00:00+00:00,110.4275,106.564255
2026-05-11 01:00:00+00:00,112.6575,105.89447
2026-05-11 02:00:00+00:00,113.0925,109.295906
2026-05-11 03:00:00+00:00,122.1375,125.60805
2026-05-11 04:00:00+00:00,136.475,140.60033
2026-05-11 05:00:00+00:00,154.0475,152.29646
2026-05-11 06:00:00+00:00,150.0125,139.78438
2026-05-11 07:00:00+00:00,136.79999999999998,125.732735
2026-05-11 08:00:00+00:00,126.3075,112.1922
2026-05-11 09:00:00+00:00,113.4325,104.63839
2026-05-11 10:00:00+00:00,105.485,93.70395
2026-05-11 11:00:00+00:00,98.78,84.720314
2026-05-11 12:00:00+00:00,95.98,82.294655
2026-05-11 13:00:00+00:00,96.2,89.55119
2026-05-11 14:00:00+00:00,100.49,94.12113
2026-05-11 15:00:00+00:00,116.3025,105.957596
2026-05-11 16:00:00+00:00,122.98,124.933205
2026-05-11 17:00:00+00:00,130.7175,134.30539
2026-05-11 18:00:00+00:00,131.12,136.22261
2026-05-11 19:00:00+00:00,127.8725,119.36004
2026-05-11 20:00:00+00:00,120.765,112.422
2026-05-11 21:00:00+00:00,108.9525,103.17108
2026-05-11 22:00:00+00:00,99.065,93.639366
2026-05-11 23:00:00+00:00,95.275,83.79595
2026-05-12 00:00:00+00:00,91.73,83.91688
2026-05-12 01:00:00+00:00,89.8975,82.13396
2026-05-12 02:00:00+00:00,91.375,83.07316
2026-05-12 03:00:00+00:00,94.0025,90.01502
2026-05-12 04:00:00+00:00,111.2625,99.54973
2026-05-12 05:00:00+00:00,122.575,112.93828
2026-05-12 06:00:00+00:00,112.145,103.22207
2026-05-12 07:00:00+00:00,94.075,87.07568
2026-05-12 08:00:00+00:00,79.5575,70.34078
2026-05-12 09:00:00+00:00,63.535,55.061058
2026-05-12 10:00:00+00:00,45.91,42.919796
2026-05-12 11:00:00+00:00,27.33,25.134995
2026-05-12 12:00:00+00:00,19.9725,14.107566
2026-05-12 13:00:00+00:00,44.760000000000005,19.402687
2026-05-12 14:00:00+00:00,74.405,45.96326
2026-05-12 15:00:00+00:00,96.0,82.78411
2026-05-12 16:00:00+00:00,114.88,110.97946
2026-05-12 17:00:00+00:00,136.2775,133.01698
2026-05-12 18:00:00+00:00,142.985,144.19551
2026-05-12 19:00:00+00:00,142.7425,127.75548
2026-05-12 20:00:00+00:00,131.225,124.456894
2026-05-12 21:00:00+00:00,118.345,113.80722
2026-05-12 22:00:00+00:00,114.33,105.19732
2026-05-12 23:00:00+00:00,106.2175,98.45551
2026-05-13 00:00:00+00:00,104.3575,92.83171
2026-05-13 01:00:00+00:00,107.435,93.38238
2026-05-13 02:00:00+00:00,111.195,99.72669
2026-05-13 03:00:00+00:00,120.0,114.124825
2026-05-13 04:00:00+00:00,137.1825,129.85164
2026-05-13 05:00:00+00:00,141.1225,140.75667
2026-05-13 06:00:00+00:00,126.7,129.12843
2026-05-13 07:00:00+00:00,102.525,103.36388
2026-05-13 08:00:00+00:00,86.44,80.28011
2026-05-13 09:00:00+00:00,83.7775,64.83009
2026-05-13 10:00:00+00:00,74.10249999999999,61.515003
2026-05-13 11:00:00+00:00,71.77250000000001,47.992237
2026-05-13 12:00:00+00:00,70.2025,52.59693
2026-05-13 13:00:00+00:00,82.2675,64.315926
2026-05-13 14:00:00+00:00,92.375,83.41636
2026-05-13 15:00:00+00:00,112.6025,100.68329
2026-05-13 16:00:00+00:00,132.355,124.59157
2026-05-13 17:00:00+00:00,151.4925,147.83054
2026-05-13 18:00:00+00:00,171.26749999999998,162.1254
2026-05-13 19:00:00+00:00,160.04500000000002,151.16647
2026-05-13 20:00:00+00:00,142.20499999999998,139.05646
2026-05-13 21:00:00+00:00,123.095,125.05519
2026-05-13 22:00:00+00:00,130.54,110.19009
2026-05-13 23:00:00+00:00,121.75,113.06911
2026-05-14 00:00:00+00:00,119.225,108.90469
2026-05-14 01:00:00+00:00,115.6375,109.44905
2026-05-14 02:00:00+00:00,112.9175,107.50136
2026-05-14 03:00:00+00:00,112.045,112.48417
2026-05-14 04:00:00+00:00,111.405,119.38404
2026-05-14 05:00:00+00:00,108.09,112.24138
2026-05-14 06:00:00+00:00,99.2575,97.21883
2026-05-14 07:00:00+00:00,85.15,78.54075
2026-05-14 08:00:00+00:00,58.6425,65.1556
2026-05-14 09:00:00+00:00,35.5675,38.06012
2026-05-14 10:00:00+00:00,16.055,16.400936
2026-05-14 11:00:00+00:00,7.5525,5.4945493
2026-05-14 12:00:00+00:00,4.6025,-4.198737
2026-05-14 13:00:00+00:00,17.8475,11.019057
2026-05-14 14:00:00+00:00,66.9125,33.3333
2026-05-14 15:00:00+00:00,94.76,80.604706
2026-05-14 16:00:00+00:00,126.0,114.62001
2026-05-14 17:00:00+00:00,142.5825,149.83427
2026-05-14 18:00:00+00:00,150.4475,166.6237
2026-05-14 19:00:00+00:00,152.2025,138.41432
2026-05-14 20:00:00+00:00,150.91,137.04865
2026-05-14 21:00:00+00:00,136.32,130.48177
2026-05-14 22:00:00+00:00,137.9725,120.48243
2026-05-14 23:00:00+00:00,131.3725,122.81642
2026-05-15 00:00:00+00:00,126.3125,122.98332
2026-05-15 01:00:00+00:00,121.9375,115.75691
2026-05-15 02:00:00+00:00,123.7125,114.51409
2026-05-15 03:00:00+00:00,127.16,125.85303
2026-05-15 04:00:00+00:00,136.1,133.27324
2026-05-15 05:00:00+00:00,132.515,128.36122
2026-05-15 06:00:00+00:00,123.995,113.71895
2026-05-15 07:00:00+00:00,104.54,95.321495
2026-05-15 08:00:00+00:00,81.7825,73.8075
2026-05-15 09:00:00+00:00,66.8175,53.53421
2026-05-15 10:00:00+00:00,54.3025,34.28319
2026-05-15 11:00:00+00:00,40.3225,22.700775
2026-05-15 12:00:00+00:00,40.1475,26.154657
2026-05-15 13:00:00+00:00,51.0025,38.318855
2026-05-15 14:00:00+00:00,77.32,52.707886
2026-05-15 15:00:00+00:00,105.0475,83.33209
2026-05-15 16:00:00+00:00,125.0425,120.08003
2026-05-15 17:00:00+00:00,143.31,142.36807
2026-05-15 18:00:00+00:00,153.455,152.47226
2026-05-15 19:00:00+00:00,151.14499999999998,135.04182
2026-05-15 20:00:00+00:00,144.685,130.3082
2026-05-15 21:00:00+00:00,135.5125,124.870705
2026-05-15 22:00:00+00:00,130.0,118.22998
2026-05-15 23:00:00+00:00,121.7875,114.37117
2026-05-16 00:00:00+00:00,117.5625,109.911095
2026-05-16 01:00:00+00:00,116.0025,108.988846
2026-05-16 02:00:00+00:00,114.02,107.13048
2026-05-16 03:00:00+00:00,109.3425,112.03659
2026-05-16 04:00:00+00:00,105.7075,106.38216
2026-05-16 05:00:00+00:00,100.045,95.15223
2026-05-16 06:00:00+00:00,86.9525,80.35244
2026-05-16 07:00:00+00:00,43.9525,56.348694
2026-05-16 08:00:00+00:00,4.2025,16.295017
2026-05-16 09:00:00+00:00,-0.03,-7.1864586
2026-05-16 10:00:00+00:00,-1.195,-7.6275835
2026-05-16 11:00:00+00:00,-2.2,-13.658602
2026-05-16 12:00:00+00:00,-1.9325,-13.711332
2026-05-16 13:00:00+00:00,-0.9975,-4.0899925
2026-05-16 14:00:00+00:00,4.779999999999999,-6.271207
2026-05-16 15:00:00+00:00,60.0925,26.993706
2026-05-16 16:00:00+00:00,100.2225,81.25167
2026-05-16 17:00:00+00:00,126.47,122.620514
2026-05-16 18:00:00+00:00,139.9975,137.62561
2026-05-16 19:00:00+00:00,140.6875,132.04301
2026-05-16 20:00:00+00:00,135.99,127.18418
2026-05-16 21:00:00+00:00,127.7,122.91123
2026-05-16 22:00:00+00:00,127.7175,111.6043
2026-05-16 23:00:00+00:00,119.0625,113.07442
2026-05-17 00:00:00+00:00,115.565,108.741776
2026-05-17 01:00:00+00:00,113.8975,107.16969
2026-05-17 02:00:00+00:00,109.17,105.78641
2026-05-17 03:00:00+00:00,105.445,107.53343
2026-05-17 04:00:00+00:00,98.7925,102.50308
2026-05-17 05:00:00+00:00,80.795,83.253174
2026-05-17 06:00:00+00:00,53.8425,51.435825
2026-05-17 07:00:00+00:00,18.97,14.864777
2026-05-17 08:00:00+00:00,3.49,-17.578527
2026-05-17 09:00:00+00:00,0.56,-29.376951
2026-05-17 10:00:00+00:00,0.8225,-25.929447
2026-05-17 11:00:00+00:00,0.0,-26.655703
2026-05-17 12:00:00+00:00,0.98,-18.412056
2026-05-17 13:00:00+00:00,11.31,2.9357166
2026-05-17 14:00:00+00:00,52.4375,18.63382
2026-05-17 15:00:00+00:00,100.315,70.475945
2026-05-17 16:00:00+00:00,129.3875,120.6314
2026-05-17 17:00:00+00:00,143.0675,151.30975
2026-05-17 18:00:00+00:00,155.8,161.92604
2026-05-17 19:00:00+00:00,156.70499999999998,148.98232
2026-05-17 20:00:00+00:00,151.3675,144.3316
2026-05-17 21:00:00+00:00,142.575,132.9709
2026-05-17 22:00:00+00:00,134.6575,127.509026
2026-05-17 23:00:00+00:00,125.9725,122.515724
2026-05-18 00:00:00+00:00,125.9975,118.07353
2026-05-18 01:00:00+00:00,126.3925,117.80063
2026-05-18 02:00:00+00:00,129.36,119.58614
2026-05-18 03:00:00+00:00,137.0225,132.72197
2026-05-18 04:00:00+00:00,152.51749999999998,154.3267
2026-05-18 05:00:00+00:00,160.075,151.46324
2026-05-18 06:00:00+00:00,152.105,144.40512
2026-05-18 07:00:00+00:00,125.88,121.07471
2026-05-18 08:00:00+00:00,107.85,98.343834
2026-05-18 09:00:00+00:00,100.0525,81.83597
2026-05-18 10:00:00+00:00,94.895,76.41325
2026-05-18 11:00:00+00:00,94.9775,75.37549
2026-05-18 12:00:00+00:00,96.77,85.547935
2026-05-18 13:00:00+00:00,102.405,95.36015
2026-05-18 14:00:00+00:00,113.965,106.75746
2026-05-18 15:00:00+00:00,134.065,124.286804
2026-05-18 16:00:00+00:00,152.1375,144.24455
2026-05-18 17:00:00+00:00,192.8525,164.80641
2026-05-18 18:00:00+00:00,250.8975,198.66516
2026-05-18 19:00:00+00:00,214.3375,209.12518
2026-05-18 20:00:00+00:00,160.6475,167.25835
2026-05-18 21:00:00+00:00,148.89499999999998,140.14175
2026-05-18 22:00:00+00:00,148.2525,128.03105
2026-05-18 23:00:00+00:00,141.9425,129.82494
2026-05-19 00:00:00+00:00,139.3225,133.52345
2026-05-19 01:00:00+00:00,138.54000000000002,131.64217
2026-05-19 02:00:00+00:00,141.5675,134.86394
2026-05-19 03:00:00+00:00,146.92000000000002,146.71516
2026-05-19 04:00:00+00:00,164.46,164.15793
2026-05-19 05:00:00+00:00,153.7725,159.11565
2026-05-19 06:00:00+00:00,131.855,133.52238
2026-05-19 07:00:00+00:00,108.7425,107.178894
2026-05-19 08:00:00+00:00,94.265,80.45367
2026-05-19 09:00:00+00:00,82.08500000000001,66.67293
2026-05-19 10:00:00+00:00,73.145,56.27982
2026-05-19 11:00:00+00:00,73.7375,43.299805
2026-05-19 12:00:00+00:00,79.81,51.94471
2026-05-19 13:00:00+00:00,87.57,78.95353
2026-05-19 14:00:00+00:00,102.25,98.13115
2026-05-19 15:00:00+00:00,127.2925,122.63401
2026-05-19 16:00:00+00:00,144.95,148.71538
2026-05-19 17:00:00+00:00,172.485,168.94733
2026-05-19 18:00:00+00:00,180.9025,177.79826
2026-05-19 19:00:00+00:00,163.63,166.88216
2026-05-19 20:00:00+00:00,145.545,145.58432
2026-05-19 21:00:00+00:00,131.8025,129.65666
2026-05-19 22:00:00+00:00,123.73,120.157776
2026-05-19 23:00:00+00:00,114.635,115.81715
2026-05-20 00:00:00+00:00,109.7525,109.68192
2026-05-20 01:00:00+00:00,109.9725,108.1347
2026-05-20 02:00:00+00:00,110.41,108.08912
2026-05-20 03:00:00+00:00,119.05,116.69347
2026-05-20 04:00:00+00:00,134.9875,139.14247
2026-05-20 05:00:00+00:00,136.975,145.50932
2026-05-20 06:00:00+00:00,125.5125,127.051155
2026-05-20 07:00:00+00:00,109.06,106.74689
2026-05-20 08:00:00+00:00,89.7,93.039925
2026-05-20 09:00:00+00:00,75.46249999999999,77.359604
2026-05-20 10:00:00+00:00,64.005,54.459953
2026-05-20 11:00:00+00:00,44.9975,42.99731
2026-05-20 12:00:00+00:00,33.5125,27.264683
2026-05-20 13:00:00+00:00,45.66,27.31351
2026-05-20 14:00:00+00:00,65.01,58.359543
2026-05-20 15:00:00+00:00,99.3975,89.05684
2026-05-20 16:00:00+00:00,130.2125,121.17757
2026-05-20 17:00:00+00:00,149.5675,156.6279
2026-05-20 18:00:00+00:00,167.9225,174.24187
2026-05-20 19:00:00+00:00,165.0,157.1766
2026-05-20 20:00:00+00:00,150.02,146.82835
2026-05-20 21:00:00+00:00,139.0025,130.22153
2026-05-20 22:00:00+00:00,133.0275,122.88574
2026-05-20 23:00:00+00:00,121.66,119.70939
2026-05-21 00:00:00+00:00,116.0225,111.788216
2026-05-21 01:00:00+00:00,113.55,109.64764
2026-05-21 02:00:00+00:00,116.01,109.65591
2026-05-21 03:00:00+00:00,128.405,122.868195
2026-05-21 04:00:00+00:00,142.815,138.97928
2026-05-21 05:00:00+00:00,143.6175,138.05698
2026-05-21 06:00:00+00:00,131.3875,125.24296
2026-05-21 07:00:00+00:00,104.14,105.61561
2026-05-21 08:00:00+00:00,81.1975,76.914085
2026-05-21 09:00:00+00:00,42.752500000000005,55.18447
2026-05-21 10:00:00+00:00,12.1375,22.245783
2026-05-21 11:00:00+00:00,7.369999999999999,4.167203
2026-05-21 12:00:00+00:00,8.8125,8.054937
2026-05-21 13:00:00+00:00,35.2,26.401613
2026-05-21 14:00:00+00:00,71.7075,54.33512
2026-05-21 15:00:00+00:00,104.995,95.501396
2026-05-21 16:00:00+00:00,135.8875,133.43816
2026-05-21 17:00:00+00:00,163.35500000000002,166.53679
2026-05-21 18:00:00+00:00,204.695,183.24303
2026-05-21 19:00:00+00:00,188.4175,184.40317
2026-05-21 20:00:00+00:00,166.035,162.09323
2026-05-21 21:00:00+00:00,146.39249999999998,143.09807
2026-05-21 22:00:00+00:00,144.315,132.54546
2026-05-21 23:00:00+00:00,136.9,129.05643
2026-05-22 00:00:00+00:00,131.6375,129.71063
2026-05-22 01:00:00+00:00,128.95000000000002,124.29572
2026-05-22 02:00:00+00:00,131.4975,121.78896
2026-05-22 03:00:00+00:00,135.7175,140.45528
2026-05-22 04:00:00+00:00,144.35500000000002,155.65854
2026-05-22 05:00:00+00:00,138.1775,141.97939
2026-05-22 06:00:00+00:00,123.135,121.50821
2026-05-22 07:00:00+00:00,91.8825,99.11765
2026-05-22 08:00:00+00:00,42.48,58.86987
2026-05-22 09:00:00+00:00,3.94,17.4158
2026-05-22 10:00:00+00:00,0.005,-6.7473288
2026-05-22 11:00:00+00:00,0.0,-8.919722
2026-05-22 12:00:00+00:00,1.0,-8.008348
2026-05-22 13:00:00+00:00,20.305,7.915248
2026-05-22 14:00:00+00:00,70.24,37.971157
2026-05-22 15:00:00+00:00,104.195,98.35936
2026-05-22 16:00:00+00:00,134.95,151.94682
2026-05-22 17:00:00+00:00,161.2225,183.65584
2026-05-22 18:00:00+00:00,218.4275,196.55165
2026-05-22 19:00:00+00:00,193.6625,201.42793
2026-05-22 20:00:00+00:00,154.635,172.35219
2026-05-22 21:00:00+00:00,140.735,138.8358
2026-05-22 22:00:00+00:00,136.76,126.55672
2026-05-22 23:00:00+00:00,130.0,123.18496
2026-05-23 00:00:00+00:00,125.8675,116.63255
2026-05-23 01:00:00+00:00,125.3675,116.55
2026-05-23 02:00:00+00:00,121.7325,117.77858
2026-05-23 03:00:00+00:00,119.26,117.165146
2026-05-23 04:00:00+00:00,116.3675,116.664505
2026-05-23 05:00:00+00:00,97.085,104.6576
2026-05-23 06:00:00+00:00,49.8625,66.8133
2026-05-23 07:00:00+00:00,1.6,15.524815
2026-05-23 08:00:00+00:00,-0.3325,-21.001589
2026-05-23 09:00:00+00:00,-3.9,-33.340782
2026-05-23 10:00:00+00:00,-12.392499999999998,-45.442513
2026-05-23 11:00:00+00:00,-31.8175,-76.380066
2026-05-23 12:00:00+00:00,-18.42,-165.78825
2026-05-23 13:00:00+00:00,-4.0,-48.913002
2026-05-23 14:00:00+00:00,-0.2875,-4.679029
2026-05-23 15:00:00+00:00,44.4475,20.786282
2026-05-23 16:00:00+00:00,120.7625,91.36354
2026-05-23 17:00:00+00:00,149.6575,164.17395
2026-05-23 18:00:00+00:00,174.52,176.54675
2026-05-23 19:00:00+00:00,171.065,166.10594
2026-05-23 20:00:00+00:00,156.915,150.39453
2026-05-23 21:00:00+00:00,144.6525,142.4177
2026-05-23 22:00:00+00:00,143.8025,126.442276
2026-05-23 23:00:00+00:00,133.3775,125.78063
2026-05-24 00:00:00+00:00,136.885,123.58846
2026-05-24 01:00:00+00:00,125.44,127.453186
2026-05-24 02:00:00+00:00,122.89,117.98315
2026-05-24 03:00:00+00:00,117.7225,116.19121
2026-05-24 04:00:00+00:00,108.795,110.38747
2026-05-24 05:00:00+00:00,88.4625,89.98045
2026-05-24 06:00:00+00:00,16.3675,52.64495
2026-05-24 07:00:00+00:00,-0.0275,-14.381577
2026-05-24 08:00:00+00:00,-2.5025,-38.997597
2026-05-24 09:00:00+00:00,-13.8325,-57.277195
2026-05-24 10:00:00+00:00,-37.6125,-90.705315
2026-05-24 11:00:00+00:00,-75.9375,-262.45056
2026-05-24 12:00:00+00:00,-61.7525,-295.85046
2026-05-24 13:00:00+00:00,-23.4925,-259.1799
2026-05-24 14:00:00+00:00,-1.9575,-79.92361
2026-05-24 15:00:00+00:00,14.375,-6.646194
2026-05-24 16:00:00+00:00,96.3775,64.66951
2026-05-24 17:00:00+00:00,133.2175,130.33725
2026-05-24 18:00:00+00:00,151.0175,159.0052
2026-05-24 19:00:00+00:00,153.2275,144.19127
2026-05-24 20:00:00+00:00,144.42000000000002,140.5143
2026-05-24 21:00:00+00:00,132.1,127.838585
2026-05-24 22:00:00+00:00,130.8675,119.68943
2026-05-24 23:00:00+00:00,125.9825,119.630775
2026-05-25 00:00:00+00:00,125.24,121.47416
2026-05-25 01:00:00+00:00,126.0125,123.02685
2026-05-25 02:00:00+00:00,129.3125,125.13783
2026-05-25 03:00:00+00:00,131.995,137.242
2026-05-25 04:00:00+00:00,130.195,140.34894
2026-05-25 05:00:00+00:00,117.8775,120.492744
2026-05-25 06:00:00+00:00,77.68,80.97578
2026-05-25 07:00:00+00:00,5.0,29.977123
2026-05-25 08:00:00+00:00,-0.1674999999999999,-31.121593
2026-05-25 09:00:00+00:00,-5.2625,-56.48553
2026-05-25 10:00:00+00:00,-12.7125,-68.40183
2026-05-25 11:00:00+00:00,-29.295,-79.82845
2026-05-25 12:00:00+00:00,-27.1825,-143.19978
2026-05-25 13:00:00+00:00,-10.05,-49.731846
2026-05-25 14:00:00+00:00,-2.915,-17.967112
2026-05-25 15:00:00+00:00,31.95,7.469836
2026-05-25 16:00:00+00:00,118.8225,76.08896
2026-05-25 17:00:00+00:00,150.575,165.04091
2026-05-25 18:00:00+00:00,172.185,197.79192
2026-05-25 19:00:00+00:00,170.25,180.50641
2026-05-25 20:00:00+00:00,157.33249999999998,152.10281
2026-05-25 21:00:00+00:00,141.025,139.98328
2026-05-25 22:00:00+00:00,136.36,127.76184
2026-05-25 23:00:00+00:00,125.6475,122.830505
2026-05-26 00:00:00+00:00,120.645,119.37971
2026-05-26 01:00:00+00:00,121.18,114.76914
2026-05-26 02:00:00+00:00,119.53,117.72074
2026-05-26 03:00:00+00:00,128.91,128.1667
2026-05-26 04:00:00+00:00,143.105,148.91893
2026-05-26 05:00:00+00:00,141.54,135.0865
2026-05-26 06:00:00+00:00,122.045,118.361176
2026-05-26 07:00:00+00:00,78.8,89.45759
2026-05-26 08:00:00+00:00,6.52,40.113632
2026-05-26 09:00:00+00:00,-0.0075,-8.083043
2026-05-26 10:00:00+00:00,-1.825,-18.139734
2026-05-26 11:00:00+00:00,-2.5,-24.950268
2026-05-26 12:00:00+00:00,-0.835,-19.184687
2026-05-26 13:00:00+00:00,-0.015,-10.278275
2026-05-26 14:00:00+00:00,13.115,5.91578
2026-05-26 15:00:00+00:00,89.685,41.572273
2026-05-26 16:00:00+00:00,134.7875,121.649185
2026-05-26 17:00:00+00:00,185.1025,167.66025
2026-05-26 18:00:00+00:00,217.9475,203.61935
2026-05-26 19:00:00+00:00,184.785,186.40785
2026-05-26 20:00:00+00:00,153.775,153.65758
2026-05-26 21:00:00+00:00,130.5325,130.26741
2026-05-26 22:00:00+00:00,134.7875,111.65457
2026-05-26 23:00:00+00:00,127.5175,117.6406
2026-05-27 00:00:00+00:00,120.5425,114.14301
2026-05-27 01:00:00+00:00,118.87,110.48747
2026-05-27 02:00:00+00:00,119.0475,110.30363
2026-05-27 03:00:00+00:00,121.235,118.955185
2026-05-27 04:00:00+00:00,134.2,123.83251
2026-05-27 05:00:00+00:00,131.1,123.95263
2026-05-27 06:00:00+00:00,106.4525,106.53056
2026-05-27 07:00:00+00:00,48.235,68.52119
2026-05-27 08:00:00+00:00,3.425,11.539792
2026-05-27 09:00:00+00:00,-0.27,-12.04092
2026-05-27 10:00:00+00:00,-1.05,-22.792984
2026-05-27 11:00:00+00:00,-1.635,-25.568962
2026-05-27 12:00:00+00:00,-1.645,-23.036636
2026-05-27 13:00:00+00:00,-1.7025,-10.725873
2026-05-27 14:00:00+00:00,-0.4225,-4.504943
2026-05-27 15:00:00+00:00,32.2075,13.940844
2026-05-27 16:00:00+00:00,97.8475,70.25185
2026-05-27 17:00:00+00:00,136.51749999999998,131.14143
2026-05-27 18:00:00+00:00,156.6775,158.60127
2026-05-27 19:00:00+00:00,157.53,152.98381
2026-05-27 20:00:00+00:00,144.16,141.25867
2026-05-27 21:00:00+00:00,133.45499999999998,123.57032
2026-05-27 22:00:00+00:00,132.945,119.05219
2026-05-27 23:00:00+00:00,129.5375,117.27128
2026-05-28 00:00:00+00:00,127.2375,118.22216
2026-05-28 01:00:00+00:00,127.3625,116.177925
2026-05-28 02:00:00+00:00,130.09,118.28053
2026-05-28 03:00:00+00:00,135.5025,130.61317
2026-05-28 04:00:00+00:00,148.4525,144.48024
2026-05-28 05:00:00+00:00,138.155,135.30829
2026-05-28 06:00:00+00:00,123.4025,116.32687
2026-05-28 07:00:00+00:00,87.5425,92.39217
2026-05-28 08:00:00+00:00,19.3075,52.295856
2026-05-28 09:00:00+00:00,0.5675,0.82059914
2026-05-28 10:00:00+00:00,0.0024999999999999,-4.7640624
2026-05-28 11:00:00+00:00,-0.0125,-7.397469
2026-05-28 12:00:00+00:00,0.0,-3.554184
2026-05-28 13:00:00+00:00,1.2975,7.208144
2026-05-28 14:00:00+00:00,39.645,15.562524
2026-05-28 15:00:00+00:00,101.2575,64.899445
2026-05-28 16:00:00+00:00,138.25,133.36813
2026-05-28 17:00:00+00:00,217.6025,184.0109
2026-05-28 18:00:00+00:00,393.935,271.35602
2026-05-28 19:00:00+00:00,368.0175,388.79498
2026-05-28 20:00:00+00:00,215.75,341.65402
2026-05-28 21:00:00+00:00,159.7975,168.3196
2026-05-28 22:00:00+00:00,144.4425,140.77376
2026-05-28 23:00:00+00:00,133.9275,126.9544
2026-05-29 00:00:00+00:00,127.975,124.528915
2026-05-29 01:00:00+00:00,126.1925,118.83232
2026-05-29 02:00:00+00:00,125.2775,117.983315
2026-05-29 03:00:00+00:00,125.495,127.983284
2026-05-29 04:00:00+00:00,131.885,132.34506
2026-05-29 05:00:00+00:00,125.995,122.07999
2026-05-29 06:00:00+00:00,113.565,106.54468
2026-05-29 07:00:00+00:00,71.9075,66.90229
2026-05-29 08:00:00+00:00,17.0275,14.3018265
2026-05-29 09:00:00+00:00,0.29,-28.28052
2026-05-29 10:00:00+00:00,-0.055,-47.538887
2026-05-29 11:00:00+00:00,-0.0349999999999999,-58.61599
2026-05-29 12:00:00+00:00,0.0,-50.172276
2026-05-29 13:00:00+00:00,9.41,-30.491692
2026-05-29 14:00:00+00:00,51.61,-5.6138234
2026-05-29 15:00:00+00:00,103.4075,83.59482
2026-05-29 16:00:00+00:00,136.985,138.82597
2026-05-29 17:00:00+00:00,174.9475,195.51106
2026-05-29 18:00:00+00:00,240.61,219.06485
2026-05-29 19:00:00+00:00,201.405,227.21631
2026-05-29 20:00:00+00:00,161.70000000000002,169.2977
2026-05-29 21:00:00+00:00,145.1925,135.42514
2026-05-29 22:00:00+00:00,135.515,125.235504
2026-05-29 23:00:00+00:00,128.45,118.27747
2026-05-30 00:00:00+00:00,123.7725,114.09365
2026-05-30 01:00:00+00:00,121.085,113.43159
2026-05-30 02:00:00+00:00,125.3575,110.16847
2026-05-30 03:00:00+00:00,125.045,119.83361
2026-05-30 04:00:00+00:00,118.9925,120.535675
2026-05-30 05:00:00+00:00,109.095,105.26387
2026-05-30 06:00:00+00:00,88.8675,85.00738
2026-05-30 07:00:00+00:00,36.682500000000005,54.830105
2026-05-30 08:00:00+00:00,2.96,6.298416
2026-05-30 09:00:00+00:00,-0.005,-14.928218
2026-05-30 10:00:00+00:00,-0.0525,-16.56233
2026-05-30 11:00:00+00:00,-1.4425,-18.383764
2026-05-30 12:00:00+00:00,-0.7475,-28.331953
2026-05-30 13:00:00+00:00,-0.01,-10.33155
2026-05-30 14:00:00+00:00,3.0075,-4.265664
2026-05-30 15:00:00+00:00,62.5,24.243477
2026-05-30 16:00:00+00:00,107.0075,94.12674
2026-05-30 17:00:00+00:00,139.8725,141.89978
2026-05-30 18:00:00+00:00,160.52499999999998,164.43013
2026-05-30 19:00:00+00:00,171.845,163.12083
2026-05-30 20:00:00+00:00,159.4025,154.33032
2026-05-30 21:00:00+00:00,143.04000000000002,140.8953
2026-05-30 22:00:00+00:00,136.4125,128.3095
2026-05-30 23:00:00+00:00,129.10500000000002,123.36656
2026-05-31 00:00:00+00:00,125.915,121.25081
2026-05-31 01:00:00+00:00,125.1975,118.73482
2026-05-31 02:00:00+00:00,126.95,117.78477
2026-05-31 03:00:00+00:00,123.3575,122.6861
2026-05-31 04:00:00+00:00,115.0025,116.876564
2026-05-31 05:00:00+00:00,100.56,98.62877
2026-05-31 06:00:00+00:00,90.4375,73.6373
2026-05-31 07:00:00+00:00,56.29,59.62071
2026-05-31 08:00:00+00:00,7.5675,22.89183
2026-05-31 09:00:00+00:00,0.0,-6.1357374
2026-05-31 10:00:00+00:00,-0.005,-10.629977
2026-05-31 11:00:00+00:00,-0.01,-12.456511
2026-05-31 12:00:00+00:00,-0.01,-12.666282
2026-05-31 13:00:00+00:00,0.0,-1.2001921
2026-05-31 14:00:00+00:00,49.002500000000005,15.983251
2026-05-31 15:00:00+00:00,95.925,70.84168
2026-05-31 16:00:00+00:00,127.265,123.19729
2026-05-31 17:00:00+00:00,141.37,155.29427
2026-05-31 18:00:00+00:00,152.7625,155.62608
2026-05-31 19:00:00+00:00,156.035,142.33275
2026-05-31 20:00:00+00:00,153.1275,142.84839
2026-05-31 21:00:00+00:00,145.3475,135.91685
2026-05-31 22:00:00+00:00,141.0075,128.62752
2026-05-31 23:00:00+00:00,128.255,124.05472
2026-06-01 00:00:00+00:00,123.1375,119.12816
2026-06-01 01:00:00+00:00,120.295,118.21663
2026-06-01 02:00:00+00:00,124.4875,118.55938
2026-06-01 03:00:00+00:00,135.0925,132.6835
2026-06-01 04:00:00+00:00,164.03,148.82903
2026-06-01 05:00:00+00:00,160.0,159.44398
2026-06-01 06:00:00+00:00,151.715,139.75714
2026-06-01 07:00:00+00:00,133.2,120.84899
2026-06-01 08:00:00+00:00,117.66,101.94879
2026-06-01 09:00:00+00:00,108.1425,91.86724
2026-06-01 10:00:00+00:00,93.0825,81.48742
2026-06-01 11:00:00+00:00,89.9075,70.78981
2026-06-01 12:00:00+00:00,87.44749999999999,70.95648
2026-06-01 13:00:00+00:00,95.0975,80.07006
2026-06-01 14:00:00+00:00,106.735,97.47557
2026-06-01 15:00:00+00:00,125.2425,117.038414
2026-06-01 16:00:00+00:00,141.4575,142.86368
2026-06-01 17:00:00+00:00,226.6125,177.52344
2026-06-01 18:00:00+00:00,355.2525,235.72462
2026-06-01 19:00:00+00:00,333.3675,337.94742
2026-06-01 20:00:00+00:00,222.5025,237.80629
2026-06-01 21:00:00+00:00,161.025,159.18768
2026-06-01 22:00:00+00:00,142.065,136.74054
2026-06-01 23:00:00+00:00,131.7225,127.11431
2026-06-02 00:00:00+00:00,125.085,121.834694
2026-06-02 01:00:00+00:00,120.915,117.287315
2026-06-02 02:00:00+00:00,120.6275,111.81603
2026-06-02 03:00:00+00:00,124.215,124.40698
2026-06-02 04:00:00+00:00,131.0275,133.62393
2026-06-02 05:00:00+00:00,131.79500000000002,128.54988
2026-06-02 06:00:00+00:00,121.0825,116.41817
2026-06-02 07:00:00+00:00,105.41,98.62882
2026-06-02 08:00:00+00:00,90.515,77.57811
2026-06-02 09:00:00+00:00,84.69999999999999,61.313988
2026-06-02 10:00:00+00:00,80.2925,55.03129
2026-06-02 11:00:00+00:00,84.9575,48.540546
2026-06-02 12:00:00+00:00,90.7825,61.66686
2026-06-02 13:00:00+00:00,99.7375,81.49336
2026-06-02 14:00:00+00:00,112.2475,101.3717
2026-06-02 15:00:00+00:00,131.1375,135.86993
2026-06-02 16:00:00+00:00,146.97750000000002,161.21016
2026-06-02 17:00:00+00:00,167.9375,196.04216
2026-06-02 18:00:00+00:00,167.2725,183.94995
2026-06-02 19:00:00+00:00,152.325,160.17825
2026-06-02 20:00:00+00:00,140.435,129.04697
2026-06-02 21:00:00+00:00,125.2375,120.44212
2026-06-02 22:00:00+00:00,116.3,109.1657
2026-06-02 23:00:00+00:00,111.895,103.55904
2026-06-03 00:00:00+00:00,108.0175,102.34703
2026-06-03 01:00:00+00:00,107.3,100.73475
2026-06-03 02:00:00+00:00,107.19,103.71151
2026-06-03 03:00:00+00:00,113.275,109.50796
2026-06-03 04:00:00+00:00,130.7375,127.64371
2026-06-03 05:00:00+00:00,136.82999999999998,134.09239
2026-06-03 06:00:00+00:00,131.0775,120.684494
2026-06-03 07:00:00+00:00,112.1475,106.621475
2026-06-03 08:00:00+00:00,94.0925,88.39993
2026-06-03 09:00:00+00:00,80.2475,71.598045
2026-06-03 10:00:00+00:00,58.17,55.341
2026-06-03 11:00:00+00:00,37.8325,33.97744
2026-06-03 12:00:00+00:00,38.0425,24.169065
2026-06-03 13:00:00+00:00,47.1,34.074863
2026-06-03 14:00:00+00:00,76.9,43.88964
2026-06-03 15:00:00+00:00,95.5325,83.25839
2026-06-03 16:00:00+00:00,122.1875,107.7164
2026-06-03 17:00:00+00:00,138.3675,136.18198
2026-06-03 18:00:00+00:00,146.2375,147.95137
2026-06-03 19:00:00+00:00,133.42000000000002,124.55846
2026-06-03 20:00:00+00:00,120.9525,110.18347
2026-06-03 21:00:00+00:00,99.4075,91.53884
2026-06-03 22:00:00+00:00,86.205,73.89811
2026-06-03 23:00:00+00:00,75.4875,60.606503
2026-06-04 00:00:00+00:00,66.92,52.324993
2026-06-04 01:00:00+00:00,67.4725,46.125168
2026-06-04 02:00:00+00:00,68.2925,48.66693
2026-06-04 03:00:00+00:00,71.185,60.54553
2026-06-04 04:00:00+00:00,73.97,54.92327
2026-06-04 05:00:00+00:00,87.08,51.92523
2026-06-04 06:00:00+00:00,75.62,63.695923
2026-06-04 07:00:00+00:00,34.125,41.484726
2026-06-04 08:00:00+00:00,4.79,10.367778
2026-06-04 09:00:00+00:00,-0.0025,-4.4153624
2026-06-04 10:00:00+00:00,-0.025,-7.225199
2026-06-04 11:00:00+00:00,-0.0475,-7.8652086
2026-06-04 12:00:00+00:00,-0.035,-5.455114
2026-06-04 13:00:00+00:00,1.6175,3.4347234
2026-06-04 14:00:00+00:00,28.6375,9.015998
2026-06-04 15:00:00+00:00,70.1525,32.441036
2026-06-04 16:00:00+00:00,101.5025,79.486755
2026-06-04 17:00:00+00:00,114.165,114.07767
2026-06-04 18:00:00+00:00,117.9625,116.53098
2026-06-04 19:00:00+00:00,115.3725,111.004364
2026-06-04 20:00:00+00:00,111.69,92.81608
2026-06-04 21:00:00+00:00,100.05,85.54108
2026-06-04 22:00:00+00:00,80.695,71.71821
2026-06-04 23:00:00+00:00,79.44749999999999,54.452194
2026-06-05 00:00:00+00:00,83.44749999999999,58.171234
2026-06-05 01:00:00+00:00,85.025,65.1507
2026-06-05 02:00:00+00:00,89.8325,68.99805
2026-06-05 03:00:00+00:00,97.2575,85.42174
2026-06-05 04:00:00+00:00,114.8975,100.74198
2026-06-05 05:00:00+00:00,118.6175,111.22907
2026-06-05 06:00:00+00:00,113.8175,98.059944
2026-06-05 07:00:00+00:00,98.3,78.69494
2026-06-05 08:00:00+00:00,86.115,63.674477
2026-06-05 09:00:00+00:00,70.825,55.269867
2026-06-05 10:00:00+00:00,45.205,39.03567
2026-06-05 11:00:00+00:00,34.1775,21.611155
2026-06-05 12:00:00+00:00,27.2,16.589611
2026-06-05 13:00:00+00:00,38.01,19.337334
2026-06-05 14:00:00+00:00,72.555,36.30324
2026-06-05 15:00:00+00:00,104.2525,76.04591
2026-06-05 16:00:00+00:00,128.9025,115.695915
2026-06-05 17:00:00+00:00,150.4975,143.61046
2026-06-05 18:00:00+00:00,179.0775,178.70853
2026-06-05 19:00:00+00:00,189.355,169.89006
2026-06-05 20:00:00+00:00,169.135,159.58034
2026-06-05 21:00:00+00:00,152.06,143.22125
2026-06-05 22:00:00+00:00,148.2425,128.44205
2026-06-05 23:00:00+00:00,137.18,127.257195
2026-06-06 00:00:00+00:00,134.79,125.44282
2026-06-06 01:00:00+00:00,116.1675,124.684326
2026-06-06 02:00:00+00:00,130.1825,112.06923
2026-06-06 03:00:00+00:00,126.035,123.85729
2026-06-06 04:00:00+00:00,117.69,120.36039
2026-06-06 05:00:00+00:00,102.315,103.46102
2026-06-06 06:00:00+00:00,81.0175,83.46423
2026-06-06 07:00:00+00:00,50.0,50.862045
2026-06-06 08:00:00+00:00,14.7425,21.913136
2026-06-06 09:00:00+00:00,0.0325,2.9918642
2026-06-06 10:00:00+00:00,-0.03,-10.3596525
2026-06-06 11:00:00+00:00,-0.025,-7.1465063
2026-06-06 12:00:00+00:00,0.0225,-9.328757
2026-06-06 13:00:00+00:00,9.51,7.861996
2026-06-06 14:00:00+00:00,46.105,22.254467
2026-06-06 15:00:00+00:00,93.2825,63.155415
2026-06-06 16:00:00+00:00,121.7875,123.04819
2026-06-06 17:00:00+00:00,133.85,148.75215
2026-06-06 18:00:00+00:00,152.4325,149.35042
2026-06-06 19:00:00+00:00,150.9225,136.27904
2026-06-06 20:00:00+00:00,134.3275,132.48964
2026-06-06 21:00:00+00:00,121.5425,120.64862
2026-06-06 22:00:00+00:00,110.7,103.03474
2026-06-06 23:00:00+00:00,99.5125,96.969604
2026-06-07 00:00:00+00:00,92.2075,92.25595
2026-06-07 01:00:00+00:00,81.41499999999999,81.100136
2026-06-07 02:00:00+00:00,67.0125,66.533516
2026-06-07 03:00:00+00:00,39.21,47.83929
2026-06-07 04:00:00+00:00,5.0475,29.633408
2026-06-07 05:00:00+00:00,0.46,-2.5351257
2026-06-07 06:00:00+00:00,-0.5525,-7.756948
2026-06-07 07:00:00+00:00,-5.05,-19.744654
2026-06-07 08:00:00+00:00,-8.0,-34.02366
2026-06-07 09:00:00+00:00,-14.0525,-32.545586
2026-06-07 10:00:00+00:00,-18.2625,-44.568104
2026-06-07 11:00:00+00:00,-35.9375,-48.143425
2026-06-07 12:00:00+00:00,-44.7375,-122.1289
2026-06-07 13:00:00+00:00,-36.47,-100.73691
2026-06-07 14:00:00+00:00,-15.96,-89.046036
2026-06-07 15:00:00+00:00,-1.135,-5.723037
2026-06-07 16:00:00+00:00,53.625,18.285954
2026-06-07 17:00:00+00:00,108.0025,86.519936
2026-06-07 18:00:00+00:00,128.26749999999998,131.2185
2026-06-07 19:00:00+00:00,137.1375,126.51586
2026-06-07 20:00:00+00:00,141.1875,130.11374
2026-06-07 21:00:00+00:00,140.3425,126.94149
2026-06-07 22:00:00+00:00,140.43,126.53069
2026-06-07 23:00:00+00:00,134.2375,127.89676
2026-06-08 00:00:00+00:00,132.71,131.19818
2026-06-08 01:00:00+00:00,127.67,132.6854
2026-06-08 02:00:00+00:00,130.175,124.08581
2026-06-08 03:00:00+00:00,138.5625,136.85197
2026-06-08 04:00:00+00:00,150.675,152.70517
2026-06-08 05:00:00+00:00,145.675,145.78099
2026-06-08 06:00:00+00:00,124.875,126.807434
2026-06-08 07:00:00+00:00,100.9025,101.59585
2026-06-08 08:00:00+00:00,75.91499999999999,75.62185
2026-06-08 09:00:00+00:00,55.6425,46.66011
2026-06-08 10:00:00+00:00,54.4825,30.60875
2026-06-08 11:00:00+00:00,55.2175,30.36832
2026-06-08 12:00:00+00:00,68.67,41.609253
2026-06-08 13:00:00+00:00,88.8525,71.559975
2026-06-08 14:00:00+00:00,102.58,97.22754
2026-06-08 15:00:00+00:00,128.875,120.593475
2026-06-08 16:00:00+00:00,151.32999999999998,143.09326
2026-06-08 17:00:00+00:00,199.3225,182.50906
2026-06-08 18:00:00+00:00,208.9025,194.07294
2026-06-08 19:00:00+00:00,185.75,176.17026
2026-06-08 20:00:00+00:00,152.3675,156.92487
2026-06-08 21:00:00+00:00,128.20499999999998,125.11889
2026-06-08 22:00:00+00:00,129.0125,113.87311
2026-06-08 23:00:00+00:00,122.1575,111.3229
2026-06-09 00:00:00+00:00,115.5,106.1993
2026-06-09 01:00:00+00:00,111.2175,104.489334
2026-06-09 02:00:00+00:00,110.475,105.33854
2026-06-09 03:00:00+00:00,115.8425,110.63285
2026-06-09 04:00:00+00:00,130.1525,123.86618
2026-06-09 05:00:00+00:00,134.6325,130.93636
2026-06-09 06:00:00+00:00,126.89,118.637856
2026-06-09 07:00:00+00:00,107.0,98.961
2026-06-09 08:00:00+00:00,82.33500000000001,77.21598
2026-06-09 09:00:00+00:00,60.9,52.488026
2026-06-09 10:00:00+00:00,25.215,33.239494
2026-06-09 11:00:00+00:00,3.5325,8.463646
2026-06-09 12:00:00+00:00,0.145,1.5426362
2026-06-09 13:00:00+00:00,1.52,8.68968
2026-06-09 14:00:00+00:00,30.585,18.857721
2026-06-09 15:00:00+00:00,75.72749999999999,41.129284
2026-06-09 16:00:00+00:00,118.5475,97.31367
2026-06-09 17:00:00+00:00,137.3,149.49101
2026-06-09 18:00:00+00:00,153.73000000000002,154.41724
2026-06-09 19:00:00+00:00,156.275,146.27768
2026-06-09 20:00:00+00:00,144.9925,133.64566
2026-06-09 21:00:00+00:00,131.3075,119.11923
2026-06-09 22:00:00+00:00,124.9125,111.95855
2026-06-09 23:00:00+00:00,116.9025,106.851135
2026-06-10 00:00:00+00:00,111.1275,104.12593
2026-06-10 01:00:00+00:00,111.3075,100.195366
2026-06-10 02:00:00+00:00,113.24,103.25029
2026-06-10 03:00:00+00:00,118.7525,113.61716
2026-06-10 04:00:00+00:00,131.89249999999998,126.57881
2026-06-10 05:00:00+00:00,136.8075,126.74031
2026-06-10 06:00:00+00:00,126.6525,116.77586
2026-06-10 07:00:00+00:00,104.6025,99.85242
2026-06-10 08:00:00+00:00,86.5575,77.92879
2026-06-10 09:00:00+00:00,73.0575,66.28935
2026-06-10 10:00:00+00:00,68.67750000000001,50.996418
2026-06-10 11:00:00+00:00,71.5675,49.91035
2026-06-10 12:00:00+00:00,77.825,60.236958
2026-06-10 13:00:00+00:00,86.625,79.59245
2026-06-10 14:00:00+00:00,103.4525,89.57079
2026-06-10 15:00:00+00:00,125.4,110.98389
2026-06-10 16:00:00+00:00,140.525,137.70076
2026-06-10 17:00:00+00:00,170.9675,151.14645
2026-06-10 18:00:00+00:00,213.98,175.05963
2026-06-10 19:00:00+00:00,204.9975,164.07112
2026-06-10 20:00:00+00:00,168.635,138.3897
2026-06-10 21:00:00+00:00,151.75,129.4907
2026-06-10 22:00:00+00:00,140.7325,121.54297
2026-06-10 23:00:00+00:00,133.4875,119.211365
2026-06-11 00:00:00+00:00,126.195,122.623505
2026-06-11 01:00:00+00:00,125.7575,114.96866
2026-06-11 02:00:00+00:00,126.045,115.6428
2026-06-11 03:00:00+00:00,126.6625,124.68364
2026-06-11 04:00:00+00:00,138.32999999999998,132.46507
2026-06-11 05:00:00+00:00,138.7975,128.52792
2026-06-11 06:00:00+00:00,126.64,117.78398
2026-06-11 07:00:00+00:00,103.7975,104.856125
2026-06-11 08:00:00+00:00,90.5425,85.75967
2026-06-11 09:00:00+00:00,76.9725,70.94794
2026-06-11 10:00:00+00:00,60.2725,52.760426
2026-06-11 11:00:00+00:00,45.31,35.297436
2026-06-11 12:00:00+00:00,31.58,25.970577
2026-06-11 13:00:00+00:00,51.025,25.674782
2026-06-11 14:00:00+00:00,78.4675,49.292145
2026-06-11 15:00:00+00:00,101.5975,93.14915
2026-06-11 16:00:00+00:00,127.98,119.265976
2026-06-11 17:00:00+00:00,146.235,147.48434
2026-06-11 18:00:00+00:00,174.85750000000002,167.47754
2026-06-11 19:00:00+00:00,164.9425,144.85864
2026-06-11 20:00:00+00:00,137.2325,128.99033
2026-06-11 21:00:00+00:00,116.0625,115.35384
2026-06-11 22:00:00+00:00,116.895,103.069336
2026-06-11 23:00:00+00:00,102.0125,104.756615
2026-06-12 00:00:00+00:00,94.505,93.71849
2026-06-12 01:00:00+00:00,92.0525,87.67544
2026-06-12 02:00:00+00:00,93.0475,89.517426
2026-06-12 03:00:00+00:00,96.0775,96.91725
2026-06-12 04:00:00+00:00,117.7575,109.68029
2026-06-12 05:00:00+00:00,122.655,125.62303
2026-06-12 06:00:00+00:00,127.34,114.317406
2026-06-12 07:00:00+00:00,117.405,103.961945
2026-06-12 08:00:00+00:00,102.1,96.290596
2026-06-12 09:00:00+00:00,90.51,86.53307
2026-06-12 10:00:00+00:00,81.005,79.29982
2026-06-12 11:00:00+00:00,70.1325,68.90353
2026-06-12 12:00:00+00:00,60.370000000000005,59.488693
2026-06-12 13:00:00+00:00,56.0475,61.05437
2026-06-12 14:00:00+00:00,68.2675,59.894867
2026-06-12 15:00:00+00:00,78.8725,74.77192
2026-06-12 16:00:00+00:00,103.65,91.74183
2026-06-12 17:00:00+00:00,115.8725,113.72339
2026-06-12 18:00:00+00:00,110.665,117.95191
2026-06-12 19:00:00+00:00,109.81,107.09301
2026-06-12 20:00:00+00:00,111.1225,97.48004
2026-06-12 21:00:00+00:00,100.8975,96.12381
2026-06-12 22:00:00+00:00,87.085,88.06645
2026-06-12 23:00:00+00:00,74.045,69.05873
2026-06-13 00:00:00+00:00,65.85249999999999,54.349194
2026-06-13 01:00:00+00:00,63.835,47.882217
2026-06-13 02:00:00+00:00,65.5575,49.721436
2026-06-13 03:00:00+00:00,53.795,53.86042
2026-06-13 04:00:00+00:00,31.63,44.14017
2026-06-13 05:00:00+00:00,13.655,20.104721
2026-06-13 06:00:00+00:00,0.3274999999999999,6.1052303
2026-06-13 07:00:00+00:00,-1.1075,-7.4819627
2026-06-13 08:00:00+00:00,-4.9175,-11.819498
2026-06-13 09:00:00+00:00,-15.695,-17.579449
2026-06-13 10:00:00+00:00,-27.4225,-35.47514
2026-06-13 11:00:00+00:00,-45.8675,-35.92162
2026-06-13 12:00:00+00:00,-44.9975,-96.12426
2026-06-13 13:00:00+00:00,-31.54,-76.906525
2026-06-13 14:00:00+00:00,-19.17,-69.00369
2026-06-13 15:00:00+00:00,-4.215,-4.557949
2026-06-13 16:00:00+00:00,-0.5475000000000001,13.7662945
2026-06-13 17:00:00+00:00,33.410000000000004,15.857949
2026-06-13 18:00:00+00:00,72.25500000000001,34.790222
2026-06-13 19:00:00+00:00,87.16,58.343918
2026-06-13 20:00:00+00:00,102.485,68.57277
2026-06-13 21:00:00+00:00,88.0,74.95049
2026-06-13 22:00:00+00:00,67.7875,59.396915
2026-06-13 23:00:00+00:00,49.44,37.76365
2026-06-14 00:00:00+00:00,34.0775,27.319178
2026-06-14 01:00:00+00:00,28.0725,19.180243
2026-06-14 02:00:00+00:00,26.5725,15.5374155
2026-06-14 03:00:00+00:00,21.3675,13.519381
2026-06-14 04:00:00+00:00,7.74,12.568734
2026-06-14 05:00:00+00:00,0.4599999999999999,1.0215303
2026-06-14 06:00:00+00:00,-0.3475,-4.9907746
2026-06-14 07:00:00+00:00,-2.8325,-10.295046
2026-06-14 08:00:00+00:00,-6.37,-31.443628
2026-06-14 09:00:00+00:00,-9.2875,-30.719954
2026-06-14 10:00:00+00:00,-14.9925,-31.151535
2026-06-14 11:00:00+00:00,-23.4225,-49.14011
2026-06-14 12:00:00+00:00,-25.0,-43.445427
2026-06-14 13:00:00+00:00,-20.0,-33.544426
2026-06-14 14:00:00+00:00,-9.2025,-18.28319
2026-06-14 15:00:00+00:00,-1.745,2.9828768
2026-06-14 16:00:00+00:00,5.28,12.886354
2026-06-14 17:00:00+00:00,62.0825,23.230885
2026-06-14 18:00:00+00:00,94.88,63.993954
2026-06-14 19:00:00+00:00,102.6275,83.64439
2026-06-14 20:00:00+00:00,112.28,84.087135
2026-06-14 21:00:00+00:00,103.395,86.96967
2026-06-14 22:00:00+00:00,101.4325,77.68419
2026-06-14 23:00:00+00:00,92.91,74.65963
2026-06-15 00:00:00+00:00,85.375,77.1135
2026-06-15 01:00:00+00:00,83.7475,70.52614
2026-06-15 02:00:00+00:00,84.3875,72.09408
2026-06-15 03:00:00+00:00,91.405,80.198044
2026-06-15 04:00:00+00:00,105.6925,95.05382
2026-06-15 05:00:00+00:00,107.3925,102.67263
2026-06-15 06:00:00+00:00,91.44,86.4649
2026-06-15 07:00:00+00:00,63.6525,65.29817
2026-06-15 08:00:00+00:00,21.5575,35.49086
2026-06-15 09:00:00+00:00,1.0075,6.4601655
2026-06-15 10:00:00+00:00,-0.0275,-2.949175
2026-06-15 11:00:00+00:00,-1.4825,-5.857462
2026-06-15 12:00:00+00:00,-2.9025,-6.9140263
2026-06-15 13:00:00+00:00,-0.9325,-3.0775237
2026-06-15 14:00:00+00:00,-0.015,3.3022828
2026-06-15 15:00:00+00:00,43.6775,14.936724
2026-06-15 16:00:00+00:00,91.4525,60.09141
2026-06-15 17:00:00+00:00,129.0825,115.14347
2026-06-15 18:00:00+00:00,148.695,154.89508
2026-06-15 19:00:00+00:00,156.26,141.06245
2026-06-15 20:00:00+00:00,153.7925,136.81212
2026-06-15 21:00:00+00:00,134.755,128.3513
2026-06-15 22:00:00+00:00,122.8275,117.85094
2026-06-15 23:00:00+00:00,117.3175,110.746735
2026-06-16 00:00:00+00:00,113.775,110.44186
2026-06-16 01:00:00+00:00,110.9925,107.020805
2026-06-16 02:00:00+00:00,111.24,110.17926
2026-06-16 03:00:00+00:00,115.1225,119.91206
2026-06-16 04:00:00+00:00,127.9925,128.15598
2026-06-16 05:00:00+00:00,131.695,124.48007
2026-06-16 06:00:00+00:00,126.315,114.99336
2026-06-16 07:00:00+00:00,109.5025,101.13313
2026-06-16 08:00:00+00:00,85.98,87.1157
2026-06-16 09:00:00+00:00,80.5375,71.78347
2026-06-16 10:00:00+00:00,66.4975,68.368484
2026-06-16 11:00:00+00:00,54.255,51.80349
2026-06-16 12:00:00+00:00,50.7325,46.899216
2026-06-16 13:00:00+00:00,60.22,55.573505
2026-06-16 14:00:00+00:00,81.4575,70.58862
2026-06-16 15:00:00+00:00,109.7225,94.11746
2026-06-16 16:00:00+00:00,127.11,123.96891
2026-06-16 17:00:00+00:00,148.1175,145.12411
2026-06-16 18:00:00+00:00,174.1025,169.9704
2026-06-16 19:00:00+00:00,181.42,162.73236
2026-06-16 20:00:00+00:00,163.86,150.70271
2026-06-16 21:00:00+00:00,143.10750000000002,139.78346
2026-06-16 22:00:00+00:00,141.23000000000002,122.732544
2026-06-16 23:00:00+00:00,135.39249999999998,123.06577
2026-06-17 00:00:00+00:00,129.32999999999998,123.60832
2026-06-17 01:00:00+00:00,127.54,118.73258
2026-06-17 02:00:00+00:00,127.415,118.08849
2026-06-17 03:00:00+00:00,128.045,127.81153
2026-06-17 04:00:00+00:00,140.265,139.34833
2026-06-17 05:00:00+00:00,136.675,130.89882
2026-06-17 06:00:00+00:00,121.755,118.812614
2026-06-17 07:00:00+00:00,105.795,97.75371
2026-06-17 08:00:00+00:00,88.245,83.73241
2026-06-17 09:00:00+00:00,78.4875,67.698
2026-06-17 10:00:00+00:00,72.23,51.226944
2026-06-17 11:00:00+00:00,62.7925,44.1694
2026-06-17 12:00:00+00:00,66.2575,45.476746
2026-06-17 13:00:00+00:00,75.975,58.26984
2026-06-17 14:00:00+00:00,88.0925,73.61968
2026-06-17 15:00:00+00:00,106.425,99.98062
2026-06-17 16:00:00+00:00,120.7375,124.74055
2026-06-17 17:00:00+00:00,142.5575,150.70482
2026-06-17 18:00:00+00:00,162.39,170.56728
2026-06-17 19:00:00+00:00,164.115,172.55217
2026-06-17 20:00:00+00:00,158.61,152.05255
2026-06-17 21:00:00+00:00,142.7375,138.58945
2026-06-17 22:00:00+00:00,135.2575,127.48943
2026-06-17 23:00:00+00:00,125.7275,123.6558
2026-06-18 00:00:00+00:00,121.8625,118.16088
2026-06-18 01:00:00+00:00,119.685,119.06826
2026-06-18 02:00:00+00:00,119.3125,121.05941
2026-06-18 03:00:00+00:00,127.09,129.89728
2026-06-18 04:00:00+00:00,135.3,141.88602
2026-06-18 05:00:00+00:00,135.265,131.3292
2026-06-18 06:00:00+00:00,118.7325,117.68506
2026-06-18 07:00:00+00:00,101.715,98.68593
2026-06-18 08:00:00+00:00,75.135,79.69177
2026-06-18 09:00:00+00:00,44.0275,46.787594
2026-06-18 10:00:00+00:00,28.2475,24.905197
2026-06-18 11:00:00+00:00,18.67,8.607918
2026-06-18 12:00:00+00:00,25.9,10.81944
2026-06-18 13:00:00+00:00,48.0975,23.489607
2026-06-18 14:00:00+00:00,79.06,54.276108
2026-06-18 15:00:00+00:00,105.515,97.60874
2026-06-18 16:00:00+00:00,135.70749999999998,133.02412
2026-06-18 17:00:00+00:00,253.3925,178.18193
2026-06-18 18:00:00+00:00,435.0675,290.12317
2026-06-18 19:00:00+00:00,441.915,344.759
2026-06-18 20:00:00+00:00,264.32,270.11972
2026-06-18 21:00:00+00:00,163.0175,184.46951
2026-06-18 22:00:00+00:00,146.6425,145.98135
2026-06-18 23:00:00+00:00,132.5125,126.37091
2026-06-19 00:00:00+00:00,124.8225,120.37575
2026-06-19 01:00:00+00:00,120.46,114.663765
2026-06-19 02:00:00+00:00,118.4675,113.46177
2026-06-19 03:00:00+00:00,120.595,126.754944
2026-06-19 04:00:00+00:00,138.7175,130.13625
2026-06-19 05:00:00+00:00,127.3725,129.83298
2026-06-19 06:00:00+00:00,111.9575,110.5732
2026-06-19 07:00:00+00:00,95.395,90.721275
2026-06-19 08:00:00+00:00,69.9075,57.99992
2026-06-19 09:00:00+00:00,32.09,16.278816
2026-06-19 10:00:00+00:00,15.0,-16.745153
2026-06-19 11:00:00+00:00,11.235,-25.022429
2026-06-19 12:00:00+00:00,16.305,-27.007235
2026-06-19 13:00:00+00:00,42.8525,-7.162181
2026-06-19 14:00:00+00:00,80.685,52.99537
2026-06-19 15:00:00+00:00,108.3225,105.62549
2026-06-19 16:00:00+00:00,129.7025,147.02667
2026-06-19 17:00:00+00:00,170.785,172.67784
2026-06-19 18:00:00+00:00,201.36,193.48233
2026-06-19 19:00:00+00:00,185.5325,181.18828
2026-06-19 20:00:00+00:00,157.8625,153.83804
2026-06-19 21:00:00+00:00,137.7825,132.61104
2026-06-19 22:00:00+00:00,130.35,117.945045
2026-06-19 23:00:00+00:00,121.12,112.49288
2026-06-20 00:00:00+00:00,118.6,103.85191
2026-06-20 01:00:00+00:00,116.7625,106.6213
2026-06-20 02:00:00+00:00,114.7975,109.5196
2026-06-20 03:00:00+00:00,114.4925,111.752716
2026-06-20 04:00:00+00:00,109.7275,109.722084
2026-06-20 05:00:00+00:00,101.6775,99.468475
2026-06-20 06:00:00+00:00,89.9875,76.26664
2026-06-20 07:00:00+00:00,41.335,56.42651
2026-06-20 08:00:00+00:00,4.125,12.102137
2026-06-20 09:00:00+00:00,-0.0025,-7.172914
2026-06-20 10:00:00+00:00,-0.0125,-6.156667
2026-06-20 11:00:00+00:00,-0.0175,-6.690554
2026-06-20 12:00:00+00:00,-0.0125,-3.944514
2026-06-20 13:00:00+00:00,0.25,8.082795
2026-06-20 14:00:00+00:00,18.3075,10.159882
2026-06-20 15:00:00+00:00,84.22,41.896965
2026-06-20 16:00:00+00:00,119.7825,108.61138
2026-06-20 17:00:00+00:00,147.3975,150.62206
2026-06-20 18:00:00+00:00,171.98749999999998,167.0331
2026-06-20 19:00:00+00:00,182.55,165.80756
2026-06-20 20:00:00+00:00,165.0675,155.69753
2026-06-20 21:00:00+00:00,146.8075,140.60657
2026-06-20 22:00:00+00:00,137.915,127.05966
2026-06-20 23:00:00+00:00,128.565,122.128784
2026-06-21 00:00:00+00:00,126.415,116.57885
2026-06-21 01:00:00+00:00,124.17,115.66975
2026-06-21 02:00:00+00:00,122.4325,114.56389
2026-06-21 03:00:00+00:00,119.5875,113.42323
2026-06-21 04:00:00+00:00,112.1,109.50471
2026-06-21 05:00:00+00:00,102.355,94.019104
2026-06-21 06:00:00+00:00,70.815,78.2449
2026-06-21 07:00:00+00:00,25.9825,33.806534
2026-06-21 08:00:00+00:00,1.3624999999999998,5.193157
2026-06-21 09:00:00+00:00,-0.0025,-11.58003
2026-06-21 10:00:00+00:00,-0.0075,-15.075612
2026-06-21 11:00:00+00:00,-0.01,-16.000349
2026-06-21 12:00:00+00:00,-0.005,-16.19886
2026-06-21 13:00:00+00:00,0.0075,-0.6779041
2026-06-21 14:00:00+00:00,12.7625,13.524502
2026-06-21 15:00:00+00:00,77.72,48.35556
2026-06-21 16:00:00+00:00,115.615,106.640594
2026-06-21 17:00:00+00:00,133.92000000000002,144.86894
2026-06-21 18:00:00+00:00,150.0025,151.52011
2026-06-21 19:00:00+00:00,150.265,151.03876
2026-06-21 20:00:00+00:00,146.1,134.24252
2026-06-21 21:00:00+00:00,133.9925,130.13632
2026-06-21 22:00:00+00:00,128.3775,122.652885
2026-06-21 23:00:00+00:00,120.1225,115.49478
2026-06-22 00:00:00+00:00,114.9625,113.39848
2026-06-22 01:00:00+00:00,115.225,110.77768
2026-06-22 02:00:00+00:00,117.13,112.55123
2026-06-22 03:00:00+00:00,123.89,126.642746
2026-06-22 04:00:00+00:00,140.3425,135.15381
2026-06-22 05:00:00+00:00,146.0375,135.48227
2026-06-22 06:00:00+00:00,128.8225,127.83574
2026-06-22 07:00:00+00:00,107.1625,103.160034
2026-06-22 08:00:00+00:00,84.64750000000001,82.52628
2026-06-22 09:00:00+00:00,57.3025,61.725235
2026-06-22 10:00:00+00:00,39.5175,38.18157
2026-06-22 11:00:00+00:00,32.34,26.300797
2026-06-22 12:00:00+00:00,41.805,22.647713
2026-06-22 13:00:00+00:00,63.517500000000005,45.345184
2026-06-22 14:00:00+00:00,90.8975,71.381905
2026-06-22 15:00:00+00:00,114.07,103.65275
2026-06-22 16:00:00+00:00,145.585,129.67297
2026-06-22 17:00:00+00:00,198.5075,156.7833
2026-06-22 18:00:00+00:00,271.77750000000003,205.83575
2026-06-22 19:00:00+00:00,250.455,232.14793
2026-06-22 20:00:00+00:00,189.57,198.29489
2026-06-22 21:00:00+00:00,156.0025,156.50089
2026-06-22 22:00:00+00:00,146.06,137.70465
2026-06-22 23:00:00+00:00,139.125,129.5485
2026-06-23 00:00:00+00:00,135.01,128.8813
2026-06-23 01:00:00+00:00,135.8225,127.5742
2026-06-23 02:00:00+00:00,138.06,129.92757
2026-06-23 03:00:00+00:00,142.3,148.32361
2026-06-23 04:00:00+00:00,164.22,175.3477
2026-06-23 05:00:00+00:00,160.1325,163.45967
2026-06-23 06:00:00+00:00,133.7875,147.54509
2026-06-23 07:00:00+00:00,112.1175,111.12272
2026-06-23 08:00:00+00:00,96.3125,84.36513
2026-06-23 09:00:00+00:00,76.52,67.27351
2026-06-23 10:00:00+00:00,67.145,45.627747
2026-06-23 11:00:00+00:00,60.345,41.04526
2026-06-23 12:00:00+00:00,67.6525,47.220886
2026-06-23 13:00:00+00:00,81.35249999999999,66.79667
2026-06-23 14:00:00+00:00,101.065,93.56506
2026-06-23 15:00:00+00:00,121.7075,121.28198
2026-06-23 16:00:00+00:00,169.6825,154.51184
2026-06-23 17:00:00+00:00,340.70500000000004,214.17499
2026-06-23 18:00:00+00:00,545.505,322.904
2026-06-23 19:00:00+00:00,528.7375,481.82632
2026-06-23 20:00:00+00:00,335.1175,336.98804
2026-06-23 21:00:00+00:00,199.3975,271.55557
2026-06-23 22:00:00+00:00,178.8025,172.54424
2026-06-23 23:00:00+00:00,162.655,159.30455
2026-06-24 00:00:00+00:00,148.005,150.32335
2026-06-24 01:00:00+00:00,144.05,138.40073
2026-06-24 02:00:00+00:00,144.46,135.78468
2026-06-24 03:00:00+00:00,151.6175,149.83696
2026-06-24 04:00:00+00:00,178.1675,159.53687
2026-06-24 05:00:00+00:00,172.61,168.16547
2026-06-24 06:00:00+00:00,149.3475,148.56525
2026-06-24 07:00:00+00:00,119.3125,115.1196
2026-06-24 08:00:00+00:00,102.4125,85.460815
2026-06-24 09:00:00+00:00,84.52,71.075325
2026-06-24 10:00:00+00:00,73.51,57.001396
2026-06-24 11:00:00+00:00,70.9825,41.05232
2026-06-24 12:00:00+00:00,74.515,44.356728
2026-06-24 13:00:00+00:00,89.3475,63.77792
2026-06-24 14:00:00+00:00,109.375,98.838356
2026-06-24 15:00:00+00:00,129.66,147.62057
2026-06-24 16:00:00+00:00,196.785,168.96854
2026-06-24 17:00:00+00:00,455.1375,273.4529
2026-06-24 18:00:00+00:00,665.8199999999999,417.11096
2026-06-24 19:00:00+00:00,660.1575,589.15186
2026-06-24 20:00:00+00:00,463.2525,486.27338
2026-06-24 21:00:00+00:00,263.61,302.11398
2026-06-24 22:00:00+00:00,169.5675,220.40652
2026-06-24 23:00:00+00:00,154.935,168.40598
2026-06-25 00:00:00+00:00,145.385,155.96198
2026-06-25 01:00:00+00:00,142.9725,153.0574
2026-06-25 02:00:00+00:00,141.9075,151.36264
2026-06-25 03:00:00+00:00,144.5725,169.04378
2026-06-25 04:00:00+00:00,161.32999999999998,170.98347
2026-06-25 05:00:00+00:00,148.41750000000002,164.07997
2026-06-25 06:00:00+00:00,119.0975,135.94923
2026-06-25 07:00:00+00:00,105.0075,103.45176
2026-06-25 08:00:00+00:00,84.745,74.3139
2026-06-25 09:00:00+00:00,67.0925,54.26779
2026-06-25 10:00:00+00:00,42.7,34.40308
2026-06-25 11:00:00+00:00,33.96,19.710356
2026-06-25 12:00:00+00:00,37.265,25.973825
2026-06-25 13:00:00+00:00,67.8075,38.772903
2026-06-25 14:00:00+00:00,88.2925,73.310425
2026-06-25 15:00:00+00:00,106.6,121.58225
2026-06-25 16:00:00+00:00,135.23,162.7888
2026-06-25 17:00:00+00:00,203.315,221.21434
2026-06-25 18:00:00+00:00,285.77250000000004,236.4933
2026-06-25 19:00:00+00:00,276.615,290.21408
2026-06-25 20:00:00+00:00,186.6375,242.29755
2026-06-25 21:00:00+00:00,155.745,169.9813
2026-06-25 22:00:00+00:00,144.7,142.02162
2026-06-25 23:00:00+00:00,130.725,130.98758
2026-06-26 00:00:00+00:00,122.4825,126.39282
2026-06-26 01:00:00+00:00,120.9325,121.003265
2026-06-26 02:00:00+00:00,122.605,122.28613
2026-06-26 03:00:00+00:00,129.5475,131.33115
2026-06-26 04:00:00+00:00,146.03,143.26083
2026-06-26 05:00:00+00:00,137.97,137.88814
2026-06-26 06:00:00+00:00,119.805,117.35504
2026-06-26 07:00:00+00:00,108.2725,91.30997
2026-06-26 08:00:00+00:00,93.2425,73.82158
2026-06-26 09:00:00+00:00,67.705,62.15857
2026-06-26 10:00:00+00:00,49.49,34.738056
2026-06-26 11:00:00+00:00,38.5,24.701727
2026-06-26 12:00:00+00:00,40.0,23.270702
2026-06-26 13:00:00+00:00,68.9825,38.275887
2026-06-26 14:00:00+00:00,93.12,73.78589
2026-06-26 15:00:00+00:00,110.9925,119.52371
2026-06-26 16:00:00+00:00,150.345,153.4963
2026-06-26 17:00:00+00:00,243.545,196.14824
2026-06-26 18:00:00+00:00,350.46000000000004,247.90892
2026-06-26 19:00:00+00:00,295.77750000000003,308.27182
2026-06-26 20:00:00+00:00,202.655,240.37492
2026-06-26 21:00:00+00:00,154.86,173.82124
2026-06-26 22:00:00+00:00,132.045,135.00026
2026-06-26 23:00:00+00:00,124.5,122.8969
2026-06-27 00:00:00+00:00,117.995,116.2468
2026-06-27 01:00:00+00:00,115.83,115.111725
2026-06-27 02:00:00+00:00,115.325,113.04136
2026-06-27 03:00:00+00:00,114.0,122.01786
2026-06-27 04:00:00+00:00,112.725,118.0657
2026-06-27 05:00:00+00:00,109.2725,105.70378
2026-06-27 06:00:00+00:00,102.8675,96.89452
2026-06-27 07:00:00+00:00,73.5675,80.205086
2026-06-27 08:00:00+00:00,36.025,40.06924
2026-06-27 09:00:00+00:00,9.6675,14.488944
2026-06-27 10:00:00+00:00,0.525,-17.057938
2026-06-27 11:00:00+00:00,0.0275,-47.035362
2026-06-27 12:00:00+00:00,3.3925,-49.359
2026-06-27 13:00:00+00:00,12.7675,-15.30793
2026-06-27 14:00:00+00:00,51.0,19.804035
2026-06-27 15:00:00+00:00,100.605,83.69836
2026-06-27 16:00:00+00:00,127.1325,148.93631
2026-06-27 17:00:00+00:00,171.755,184.86836
2026-06-27 18:00:00+00:00,221.25,197.96237
2026-06-27 19:00:00+00:00,214.3075,219.00859
2026-06-27 20:00:00+00:00,174.9975,182.13097
2026-06-27 21:00:00+00:00,144.595,145.65619
2026-06-27 22:00:00+00:00,136.46,125.082436
2026-06-27 23:00:00+00:00,126.03,121.38986
2026-06-28 00:00:00+00:00,119.6825,112.80709
2026-06-28 01:00:00+00:00,115.6875,107.080025
2026-06-28 02:00:00+00:00,114.735,106.71677
2026-06-28 03:00:00+00:00,115.1225,111.29942
2026-06-28 04:00:00+00:00,112.0625,109.30917
2026-06-28 05:00:00+00:00,104.43,98.24342
2026-06-28 06:00:00+00:00,76.685,81.40601
2026-06-28 07:00:00+00:00,32.8125,44.606564
2026-06-28 08:00:00+00:00,5.1525,8.488145
2026-06-28 09:00:00+00:00,0.12,-18.786617
2026-06-28 10:00:00+00:00,-0.0225,-21.061874
2026-06-28 11:00:00+00:00,-0.905,-23.41269
2026-06-28 12:00:00+00:00,-0.0275,-30.042635
2026-06-28 13:00:00+00:00,1.62,-11.95709
2026-06-28 14:00:00+00:00,27.665,11.401671
2026-06-28 15:00:00+00:00,84.6425,51.226658
2026-06-28 16:00:00+00:00,114.51,114.87935
2026-06-28 17:00:00+00:00,137.9875,149.6229
2026-06-28 18:00:00+00:00,153.1775,167.04079
2026-06-28 19:00:00+00:00,161.04,164.34229
2026-06-28 20:00:00+00:00,157.29500000000002,145.91628
2026-06-28 21:00:00+00:00,144.115,141.00676
2026-06-28 22:00:00+00:00,123.1175,127.58171
2026-06-28 23:00:00+00:00,113.665,117.43637
2026-06-29 00:00:00+00:00,113.025,114.31071
2026-06-29 01:00:00+00:00,109.76,111.888794
2026-06-29 02:00:00+00:00,114.87,111.3865
2026-06-29 03:00:00+00:00,127.3425,129.33719
2026-06-29 04:00:00+00:00,149.7375,160.23497
2026-06-29 05:00:00+00:00,152.1625,179.20888
2026-06-29 06:00:00+00:00,143.2925,139.3913
2026-06-29 07:00:00+00:00,120.9475,118.90452
2026-06-29 08:00:00+00:00,106.925,97.50797
2026-06-29 09:00:00+00:00,99.1,90.38596
2026-06-29 10:00:00+00:00,89.5075,86.394844
2026-06-29 11:00:00+00:00,82.0275,74.84989
2026-06-29 12:00:00+00:00,86.38499999999999,75.83217
2026-06-29 13:00:00+00:00,96.78,85.32875
2026-06-29 14:00:00+00:00,103.7325,98.49434
2026-06-29 15:00:00+00:00,115.075,113.769516
2026-06-29 16:00:00+00:00,134.91,135.21004
2026-06-29 17:00:00+00:00,197.65,170.60213
2026-06-29 18:00:00+00:00,284.3325,236.66193
2026-06-29 19:00:00+00:00,301.365,268.77966
2026-06-29 20:00:00+00:00,230.89,257.9511
2026-06-29 21:00:00+00:00,170.0,191.12454
2026-06-29 22:00:00+00:00,161.735,150.96571
2026-06-29 23:00:00+00:00,145.37,150.23938
2026-06-30 00:00:00+00:00,140.20499999999998,140.0003
2026-06-30 01:00:00+00:00,140.7225,135.01613
2026-06-30 02:00:00+00:00,141.3675,138.8602
2026-06-30 03:00:00+00:00,151.505,152.1277
2026-06-30 04:00:00+00:00,186.655,167.65588
2026-06-30 05:00:00+00:00,189.31,185.34946
2026-06-30 06:00:00+00:00,156.0175,167.41164
2026-06-30 07:00:00+00:00,122.595,130.49434
2026-06-30 08:00:00+00:00,108.8675,96.66546
2026-06-30 09:00:00+00:00,101.795,84.728584
2026-06-30 10:00:00+00:00,99.075,79.81629
2026-06-30 11:00:00+00:00,99.42,80.18971
2026-06-30 12:00:00+00:00,102.89,87.37439
2026-06-30 13:00:00+00:00,116.105,102.2242
2026-06-30 14:00:00+00:00,127.4,118.74238
2026-06-30 15:00:00+00:00,151.23250000000002,143.41182
2026-06-30 16:00:00+00:00,245.4775,179.71729
2026-06-30 17:00:00+00:00,451.58,284.3883
2026-06-30 18:00:00+00:00,504.7675,365.30643
2026-06-30 19:00:00+00:00,395.7425,422.17343
2026-06-30 20:00:00+00:00,273.5325,357.50406
2026-06-30 21:00:00+00:00,182.48,241.58998
2026-06-30 22:00:00+00:00,164.9,169.9697
2026-06-30 23:00:00+00:00,150.3075,157.76743
2026-07-01 00:00:00+00:00,146.78,149.01082
2026-07-01 01:00:00+00:00,146.995,143.84746
2026-07-01 02:00:00+00:00,151.0375,149.6547
2026-07-01 03:00:00+00:00,160.35500000000002,167.07272
2026-07-01 04:00:00+00:00,196.3275,197.7105
2026-07-01 05:00:00+00:00,203.2975,209.1711
2026-07-01 06:00:00+00:00,180.2425,189.3233
2026-07-01 07:00:00+00:00,145.70000000000002,148.6163
2026-07-01 08:00:00+00:00,125.41,126.03768
2026-07-01 09:00:00+00:00,119.4475,107.08283
2026-07-01 10:00:00+00:00,115.8575,110.35374
2026-07-01 11:00:00+00:00,110.3925,102.05394
2026-07-01 12:00:00+00:00,99.715,98.74614
2026-07-01 13:00:00+00:00,97.275,104.622375
2026-07-01 14:00:00+00:00,99.39,108.18109
2026-07-01 15:00:00+00:00,101.41,133.32788
2026-07-01 16:00:00+00:00,120.27,150.2098
2026-07-01 17:00:00+00:00,167.9975,183.55243
2026-07-01 18:00:00+00:00,231.685,184.6353
2026-07-01 19:00:00+00:00,243.455,213.08308
2026-07-01 20:00:00+00:00,199.465,204.95866
2026-07-01 21:00:00+00:00,156.66500000000002,171.46086
2026-07-01 22:00:00+00:00,160.165,145.78055
2026-07-01 23:00:00+00:00,143.41,141.38248
2026-07-02 00:00:00+00:00,130.3575,134.55353
2026-07-02 01:00:00+00:00,120.3275,124.624695
2026-07-02 02:00:00+00:00,114.0925,118.639656
2026-07-02 03:00:00+00:00,114.4525,126.02799
2026-07-02 04:00:00+00:00,121.065,131.94722
2026-07-02 05:00:00+00:00,112.9275,118.35572
2026-07-02 06:00:00+00:00,91.315,97.698715
2026-07-02 07:00:00+00:00,45.0925,58.670918
2026-07-02 08:00:00+00:00,5.534999999999999,18.572746
2026-07-02 09:00:00+00:00,-0.0725,-6.0732203
2026-07-02 10:00:00+00:00,-1.6475,-4.849576
2026-07-02 11:00:00+00:00,-1.965,-8.662817
2026-07-02 12:00:00+00:00,-3.0025,-6.9712195
2026-07-02 13:00:00+00:00,-1.9975,4.9349027
2026-07-02 14:00:00+00:00,-0.505,7.753289
2026-07-02 15:00:00+00:00,2.895,15.15343
2026-07-02 16:00:00+00:00,46.8375,27.203053
2026-07-02 17:00:00+00:00,90.46,74.544464
2026-07-02 18:00:00+00:00,107.2525,111.845215
2026-07-02 19:00:00+00:00,117.9225,106.5026
2026-07-02 20:00:00+00:00,126.9,104.0074
2026-07-02 21:00:00+00:00,117.6075,105.224365
2026-07-02 22:00:00+00:00,91.2625,87.79468
2026-07-02 23:00:00+00:00,86.995,66.40808
2026-07-03 00:00:00+00:00,82.6825,69.69695
2026-07-03 01:00:00+00:00,85.91,69.76937
2026-07-03 02:00:00+00:00,84.4575,77.42208
2026-07-03 03:00:00+00:00,86.82,84.04932
2026-07-03 04:00:00+00:00,99.4925,92.52618
2026-07-03 05:00:00+00:00,104.4675,92.08758
2026-07-03 06:00:00+00:00,63.0275,77.8994
2026-07-03 07:00:00+00:00,9.565,29.602808
2026-07-03 08:00:00+00:00,-0.1,-8.441844
2026-07-03 09:00:00+00:00,-1.055,-10.411155
2026-07-03 10:00:00+00:00,-1.885,-13.259868
2026-07-03 11:00:00+00:00,-3.5025,-14.068293
2026-07-03 12:00:00+00:00,-4.9875,-12.553878
2026-07-03 13:00:00+00:00,-4.055,-4.3968096
2026-07-03 14:00:00+00:00,-2.605,2.3453786
2026-07-03 15:00:00+00:00,-0.0474999999999999,6.276051
2026-07-03 16:00:00+00:00,35.385,16.594696
2026-07-03 17:00:00+00:00,102.645,65.580475
2026-07-03 18:00:00+00:00,124.4425,123.30894
2026-07-03 19:00:00+00:00,130.0275,125.98097
2026-07-03 20:00:00+00:00,135.805,119.12661
2026-07-03 21:00:00+00:00,124.275,116.0755
2026-07-03 22:00:00+00:00,125.0,107.42094
2026-07-03 23:00:00+00:00,120.0875,109.05476
2026-07-04 00:00:00+00:00,116.435,109.01103
2026-07-04 01:00:00+00:00,113.8225,107.050255
2026-07-04 02:00:00+00:00,106.3375,104.48505
2026-07-04 03:00:00+00:00,99.6725,105.2753
2026-07-04 04:00:00+00:00,92.25,96.79365
2026-07-04 05:00:00+00:00,72.6525,81.8376
2026-07-04 06:00:00+00:00,28.93,41.091236
2026-07-04 07:00:00+00:00,0.9925,1.4155633
2026-07-04 08:00:00+00:00,-0.01,-10.753475
2026-07-04 09:00:00+00:00,-0.8,-10.777183
2026-07-04 10:00:00+00:00,-3.1025,-20.849628
2026-07-04 11:00:00+00:00,-8.25,-26.438206
2026-07-04 12:00:00+00:00,-10.31,-29.007128
2026-07-04 13:00:00+00:00,-4.265000000000001,-6.109546
2026-07-04 14:00:00+00:00,-0.34,2.7563152
2026-07-04 15:00:00+00:00,4.2925,7.2736
2026-07-04 16:00:00+00:00,57.7325,30.050688
2026-07-04 17:00:00+00:00,107.1925,71.38579
2026-07-04 18:00:00+00:00,125.64,125.49861
2026-07-04 19:00:00+00:00,131.03,126.219154
2026-07-04 20:00:00+00:00,128.0275,116.85558
2026-07-04 21:00:00+00:00,118.62,107.66057
2026-07-04 22:00:00+00:00,122.8725,89.63625
2026-07-04 23:00:00+00:00,115.9225,85.24339
2026-07-05 00:00:00+00:00,110.4975,89.59601
2026-07-05 01:00:00+00:00,105.9525,84.49779
2026-07-05 02:00:00+00:00,101.41,83.79941
2026-07-05 03:00:00+00:00,97.09,84.77368
2026-07-05 04:00:00+00:00,85.0025,77.71151
2026-07-05 05:00:00+00:00,44.1625,63.729797
2026-07-05 06:00:00+00:00,14.795,25.273378
2026-07-05 07:00:00+00:00,1.3825,-4.2503014
2026-07-05 08:00:00+00:00,-0.0075,-13.430259
2026-07-05 09:00:00+00:00,-0.03,-17.295341
2026-07-05 10:00:00+00:00,-0.105,-16.562723
2026-07-05 11:00:00+00:00,-0.6174999999999999,-12.865953
2026-07-05 12:00:00+00:00,-1.165,-15.621401
2026-07-05 13:00:00+00:00,-1.0225,-8.8456955
2026-07-05 14:00:00+00:00,-0.06,-6.3802395
2026-07-05 15:00:00+00:00,4.9,10.266643
2026-07-05 16:00:00+00:00,64.0,34.061005
2026-07-05 17:00:00+00:00,107.505,83.58481
2026-07-05 18:00:00+00:00,129.2975,124.17462
2026-07-05 19:00:00+00:00,136.54,127.965675
2026-07-05 20:00:00+00:00,139.8925,127.8053
2026-07-05 21:00:00+00:00,127.895,125.90362
2026-07-05 22:00:00+00:00,138.555,113.46374
2026-07-05 23:00:00+00:00,124.5375,118.855095
2026-07-06 00:00:00+00:00,119.7625,114.5929
2026-07-06 01:00:00+00:00,115.55,109.776955
2026-07-06 02:00:00+00:00,115.925,109.20909
2026-07-06 03:00:00+00:00,120.86,121.9471
2026-07-06 04:00:00+00:00,136.0325,135.70882
2026-07-06 05:00:00+00:00,139.56,139.13571
2026-07-06 06:00:00+00:00,133.865,121.301285
2026-07-06 07:00:00+00:00,110.615,102.88296
2026-07-06 08:00:00+00:00,90.275,81.04177
2026-07-06 09:00:00+00:00,72.065,66.59992
2026-07-06 10:00:00+00:00,43.015,39.115055
2026-07-06 11:00:00+00:00,20.445,22.81907
2026-07-06 12:00:00+00:00,9.8075,8.229275
2026-07-06 13:00:00+00:00,5.0,17.755404
2026-07-06 14:00:00+00:00,20.51,19.53792
2026-07-06 15:00:00+00:00,66.5825,33.1088
2026-07-06 16:00:00+00:00,99.3375,74.45132
2026-07-06 17:00:00+00:00,117.865,109.28746
2026-07-06 18:00:00+00:00,138.32999999999998,125.710144
2026-07-06 19:00:00+00:00,151.2025,127.18065
2026-07-06 20:00:00+00:00,147.155,124.53586
2026-07-06 21:00:00+00:00,135.0,114.76735
2026-07-06 22:00:00+00:00,120.98,99.96846
2026-07-06 23:00:00+00:00,114.6525,91.08487
2026-07-07 00:00:00+00:00,107.9875,94.11802
2026-07-07 01:00:00+00:00,101.0025,89.44429
2026-07-07 02:00:00+00:00,98.3825,88.054955
2026-07-07 03:00:00+00:00,102.4075,93.86484
2026-07-07 04:00:00+00:00,115.6,104.78988
2026-07-07 05:00:00+00:00,118.6425,107.38121
2026-07-07 06:00:00+00:00,114.89,93.08314
2026-07-07 07:00:00+00:00,94.6475,75.306496
2026-07-07 08:00:00+00:00,43.39,56.98382
2026-07-07 09:00:00+00:00,4.922499999999999,17.700638
2026-07-07 10:00:00+00:00,-0.8300000000000001,-9.343022
2026-07-07 11:00:00+00:00,-2.705,-14.829218
2026-07-07 12:00:00+00:00,-2.835,-13.606191
2026-07-07 13:00:00+00:00,-1.485,-8.129647
2026-07-07 14:00:00+00:00,-0.52,3.8309116
2026-07-07 15:00:00+00:00,7.0175,14.000333
2026-07-07 16:00:00+00:00,60.712500000000006,38.17648
2026-07-07 17:00:00+00:00,86.1825,78.731964
2026-07-07 18:00:00+00:00,107.9725,91.54616
2026-07-07 19:00:00+00:00,118.4025,100.640465
2026-07-07 20:00:00+00:00,120.755,98.91999
2026-07-07 21:00:00+00:00,117.0825,92.07827
2026-07-07 22:00:00+00:00,114.9225,91.34382
2026-07-07 23:00:00+00:00,115.845,90.346954
2026-07-08 00:00:00+00:00,111.7575,103.93905
2026-07-08 01:00:00+00:00,108.17,102.30336
2026-07-08 02:00:00+00:00,113.5825,102.54637
2026-07-08 03:00:00+00:00,119.705,115.65699
2026-07-08 04:00:00+00:00,130.75,139.05573
2026-07-08 05:00:00+00:00,131.91,146.46092
2026-07-08 06:00:00+00:00,125.7925,119.97299
2026-07-08 07:00:00+00:00,100.4225,104.21145
2026-07-08 08:00:00+00:00,79.5825,82.5023
2026-07-08 09:00:00+00:00,71.075,61.725975
2026-07-08 10:00:00+00:00,49.0075,46.254948
2026-07-08 11:00:00+00:00,17.245,26.662008
2026-07-08 12:00:00+00:00,7.9025,15.451191
2026-07-08 13:00:00+00:00,9.79,19.878239
2026-07-08 14:00:00+00:00,35.02,30.729439
2026-07-08 15:00:00+00:00,77.3075,43.844864
2026-07-08 16:00:00+00:00,104.43,96.64806
2026-07-08 17:00:00+00:00,135.0475,123.31329
2026-07-08 18:00:00+00:00,150.8475,153.47247
2026-07-08 19:00:00+00:00,160.62,146.63933
2026-07-08 20:00:00+00:00,159.2,144.4555
2026-07-08 21:00:00+00:00,145.0475,135.66345
2026-07-08 22:00:00+00:00,140.3275,124.59556
2026-07-08 23:00:00+00:00,133.20749999999998,123.37092
2026-07-09 00:00:00+00:00,127.3225,123.36262
2026-07-09 01:00:00+00:00,124.8475,115.11623
2026-07-09 02:00:00+00:00,125.4425,116.5949
2026-07-09 03:00:00+00:00,133.955,125.35931
2026-07-09 04:00:00+00:00,149.15,142.38965
2026-07-09 05:00:00+00:00,147.66,136.63263
2026-07-09 06:00:00+00:00,138.2975,124.463745
2026-07-09 07:00:00+00:00,118.03,111.29528
2026-07-09 08:00:00+00:00,99.63,94.516365
2026-07-09 09:00:00+00:00,86.83,79.60345
2026-07-09 10:00:00+00:00,66.69,63.207016
2026-07-09 11:00:00+00:00,43.625,38.05399
2026-07-09 12:00:00+00:00,38.005,30.680725
2026-07-09 13:00:00+00:00,51.04,35.897026
2026-07-09 14:00:00+00:00,81.01,49.86368
2026-07-09 15:00:00+00:00,108.4125,94.98008
2026-07-09 16:00:00+00:00,130.4075,121.53658
2026-07-09 17:00:00+00:00,166.5,144.04225
2026-07-09 18:00:00+00:00,210.7,174.60493
2026-07-09 19:00:00+00:00,213.3125,169.93828
2026-07-09 20:00:00+00:00,183.965,158.60078
2026-07-09 21:00:00+00:00,162.745,150.07861
2026-07-09 22:00:00+00:00,153.5575,140.35312
2026-07-09 23:00:00+00:00,143.4325,134.72151
2026-07-10 00:00:00+00:00,139.7,130.62607
2026-07-10 01:00:00+00:00,137.9275,129.36404
2026-07-10 02:00:00+00:00,138.27,131.88213
2026-07-10 03:00:00+00:00,142.4525,142.51591
2026-07-10 04:00:00+00:00,151.14,153.77493
2026-07-10 05:00:00+00:00,147.6925,140.44995
2026-07-10 06:00:00+00:00,134.9025,128.14084
2026-07-10 07:00:00+00:00,121.975,108.7219
2026-07-10 08:00:00+00:00,99.895,85.213036
2026-07-10 09:00:00+00:00,78.31,69.48429
2026-07-10 10:00:00+00:00,56.805,47.96154
2026-07-10 11:00:00+00:00,37.36,28.893398
2026-07-10 12:00:00+00:00,40.95,23.171957
2026-07-10 13:00:00+00:00,62.1,38.11752
2026-07-10 14:00:00+00:00,88.4125,61.413563
2026-07-10 15:00:00+00:00,113.82,102.91991
2026-07-10 16:00:00+00:00,128.435,134.97844
2026-07-10 17:00:00+00:00,165.01999999999998,148.3298
2026-07-10 18:00:00+00:00,186.6775,183.50363
2026-07-10 19:00:00+00:00,176.885,178.36061
2026-07-10 20:00:00+00:00,168.0,152.03998
2026-07-10 21:00:00+00:00,154.4625,142.42284
2026-07-10 22:00:00+00:00,150.4975,131.41223
2026-07-10 23:00:00+00:00,143.95,130.1687
2026-07-11 00:00:00+00:00,141.10750000000002,134.33484
2026-07-11 01:00:00+00:00,140.6725,134.97714
2026-07-11 02:00:00+00:00,140.4625,136.9183
2026-07-11 03:00:00+00:00,138.8625,141.89757
2026-07-11 04:00:00+00:00,136.335,135.509
2026-07-11 05:00:00+00:00,124.2825,121.2304
2026-07-11 06:00:00+00:00,115.3525,106.183716
2026-07-11 07:00:00+00:00,73.86,76.502495
2026-07-11 08:00:00+00:00,16.0875,34.973553
2026-07-11 09:00:00+00:00,0.3275,-0.81421
2026-07-11 10:00:00+00:00,-0.0075,-15.460753
2026-07-11 11:00:00+00:00,-0.6950000000000001,-18.144016
2026-07-11 12:00:00+00:00,-0.975,-18.710697
2026-07-11 13:00:00+00:00,-0.5025000000000001,-5.6595626
2026-07-11 14:00:00+00:00,6.1725,-7.1126595
2026-07-11 15:00:00+00:00,74.695,29.965061
2026-07-11 16:00:00+00:00,120.3525,89.167755
2026-07-11 17:00:00+00:00,141.0,145.74232
2026-07-11 18:00:00+00:00,151.82,156.488
2026-07-11 19:00:00+00:00,156.375,142.82178
2026-07-11 20:00:00+00:00,154.8875,137.97264
2026-07-11 21:00:00+00:00,145.58249999999998,130.37152
2026-07-11 22:00:00+00:00,137.4425,124.107895
2026-07-11 23:00:00+00:00,131.885,121.48107
2026-07-12 00:00:00+00:00,125.57,121.80433
2026-07-12 01:00:00+00:00,125.1,116.712814
2026-07-12 02:00:00+00:00,122.8825,116.09138
2026-07-12 03:00:00+00:00,119.915,115.75586
2026-07-12 04:00:00+00:00,111.6125,111.103516
2026-07-12 05:00:00+00:00,99.775,89.96588
2026-07-12 06:00:00+00:00,62.1175,65.99482
2026-07-12 07:00:00+00:00,5.385,21.346659
2026-07-12 08:00:00+00:00,-0.045,-26.139313
2026-07-12 09:00:00+00:00,-2.165,-30.607924
2026-07-12 10:00:00+00:00,-7.1575,-36.440315
2026-07-12 11:00:00+00:00,-10.7125,-41.93976
2026-07-12 12:00:00+00:00,-10.055,-40.251347
2026-07-12 13:00:00+00:00,-5.9075,-32.692577
2026-07-12 14:00:00+00:00,-2.6925,-17.344463
2026-07-12 15:00:00+00:00,7.630000000000001,8.841252
2026-07-12 16:00:00+00:00,93.4325,46.663624
2026-07-12 17:00:00+00:00,131.8075,120.77265
2026-07-12 18:00:00+00:00,140.8975,149.07231
2026-07-12 19:00:00+00:00,144.4875,137.12985
2026-07-12 20:00:00+00:00,144.93,129.56056
2026-07-12 21:00:00+00:00,139.3175,126.270935
2026-07-12 22:00:00+00:00,129.73,126.87398
2026-07-12 23:00:00+00:00,124.605,119.920074
2026-07-13 00:00:00+00:00,120.5675,113.98883
2026-07-13 01:00:00+00:00,121.475,112.74009
2026-07-13 02:00:00+00:00,123.5425,116.31925
2026-07-13 03:00:00+00:00,134.2425,129.98322
2026-07-13 04:00:00+00:00,149.8425,148.2606
2026-07-13 05:00:00+00:00,159.43,143.33672
2026-07-13 06:00:00+00:00,138.9875,138.94766
2026-07-13 07:00:00+00:00,122.6075,111.77465
2026-07-13 08:00:00+00:00,100.0175,85.24131
2026-07-13 09:00:00+00:00,74.1225,68.09261
2026-07-13 10:00:00+00:00,50.6225,42.76748
2026-07-13 11:00:00+00:00,32.900000000000006,22.891178
2026-07-13 12:00:00+00:00,38.5375,17.64248
2026-07-13 13:00:00+00:00,63.97500000000001,37.111885
2026-07-13 14:00:00+00:00,90.95,69.04182
2026-07-13 15:00:00+00:00,121.5275,103.79036
2026-07-13 16:00:00+00:00,140.0,136.78264
2026-07-13 17:00:00+00:00,165.9625,153.56606
2026-07-13 18:00:00+00:00,182.9975,172.64238
2026-07-13 19:00:00+00:00,168.8,158.85193
2026-07-13 20:00:00+00:00,159.0725,142.18527
2026-07-13 21:00:00+00:00,144.07,136.1394
2026-07-13 22:00:00+00:00,139.64,124.08924
2026-07-13 23:00:00+00:00,133.8875,123.902466
2026-07-14 00:00:00+00:00,127.35,123.37053
2026-07-14 01:00:00+00:00,127.2175,115.482376
2026-07-14 02:00:00+00:00,127.65,118.154755
2026-07-14 03:00:00+00:00,135.02,127.51689
2026-07-14 04:00:00+00:00,145.805,144.52525
2026-07-14 05:00:00+00:00,152.265,139.80171
2026-07-14 06:00:00+00:00,135.67000000000002,129.72658
2026-07-14 07:00:00+00:00,121.8925,110.68494
2026-07-14 08:00:00+00:00,107.4775,94.77035
2026-07-14 09:00:00+00:00,91.6875,78.405914
2026-07-14 10:00:00+00:00,64.0425,60.415928
2026-07-14 11:00:00+00:00,51.825,34.458588
2026-07-14 12:00:00+00:00,57.73,27.711851
2026-07-14 13:00:00+00:00,70.0,47.25501
2026-07-14 14:00:00+00:00,93.2575,64.89164
2026-07-14 15:00:00+00:00,117.44,102.1116
2026-07-14 16:00:00+00:00,138.2975,135.10023
2026-07-14 17:00:00+00:00,159.005,152.9103
2026-07-14 18:00:00+00:00,182.48,171.10504
2026-07-14 19:00:00+00:00,175.315,168.0265
2026-07-14 20:00:00+00:00,168.765,153.34912
2026-07-14 21:00:00+00:00,151.51999999999998,142.29004
2026-07-14 22:00:00+00:00,153.5175,128.56282
2026-07-14 23:00:00+00:00,144.4475,133.83908
2026-07-15 00:00:00+00:00,139.0375,129.85599
2026-07-15 01:00:00+00:00,136.6175,128.78288
2026-07-15 02:00:00+00:00,140.865,131.57785
2026-07-15 03:00:00+00:00,150.2825,143.95787
2026-07-15 04:00:00+00:00,166.6925,156.36002
2026-07-15 05:00:00+00:00,165.88,155.26515
2026-07-15 06:00:00+00:00,155.9325,148.19342
2026-07-15 07:00:00+00:00,135.10250000000002,133.46873
2026-07-15 08:00:00+00:00,111.4175,105.36203
2026-07-15 09:00:00+00:00,96.2525,77.60172
2026-07-15 10:00:00+00:00,74.345,65.848305
2026-07-15 11:00:00+00:00,63.5975,43.273285
2026-07-15 12:00:00+00:00,62.9175,44.601044
2026-07-15 13:00:00+00:00,73.075,55.017937
2026-07-15 14:00:00+00:00,97.1475,74.54618
2026-07-15 15:00:00+00:00,118.1825,108.60863
2026-07-15 16:00:00+00:00,145.5625,135.89915
2026-07-15 17:00:00+00:00,175.8875,160.75636
2026-07-15 18:00:00+00:00,205.975,199.79295
2026-07-15 19:00:00+00:00,201.65,189.50348
2026-07-15 20:00:00+00:00,188.38,172.93532
2026-07-15 21:00:00+00:00,171.415,154.85106
2026-07-15 22:00:00+00:00,166.0325,146.07146
2026-07-15 23:00:00+00:00,159.2,145.42677
2026-07-16 00:00:00+00:00,152.9075,152.19374
2026-07-16 01:00:00+00:00,148.97750000000002,142.88771
2026-07-16 02:00:00+00:00,152.1875,145.09262
2026-07-16 03:00:00+00:00,159.945,159.3416
2026-07-16 04:00:00+00:00,175.45,177.5912
2026-07-16 05:00:00+00:00,172.76,169.97662
2026-07-16 06:00:00+00:00,158.5125,154.45322
2026-07-16 07:00:00+00:00,137.14249999999998,132.76955
2026-07-16 08:00:00+00:00,118.3075,106.15392
2026-07-16 09:00:00+00:00,107.2325,87.09112
2026-07-16 10:00:00+00:00,94.69,79.11548
2026-07-16 11:00:00+00:00,87.475,72.642914
2026-07-16 12:00:00+00:00,96.46,75.36089
2026-07-16 13:00:00+00:00,109.6025,93.04903
2026-07-16 14:00:00+00:00,119.6375,114.147995
2026-07-16 15:00:00+00:00,139.935,132.62288
2026-07-16 16:00:00+00:00,177.6975,156.7033
2026-07-16 17:00:00+00:00,241.1025,197.34477
2026-07-16 18:00:00+00:00,311.685,232.04356
2026-07-16 19:00:00+00:00,262.6,277.56647
2026-07-16 20:00:00+00:00,206.84,223.9901
2026-07-16 21:00:00+00:00,180.3125,179.05682
2026-07-16 22:00:00+00:00,170.565,157.29384
2026-07-16 23:00:00+00:00,161.45,154.86679
2026-07-17 00:00:00+00:00,151.975,152.86238
2026-07-17 01:00:00+00:00,143.94,143.29216
2026-07-17 02:00:00+00:00,142.89999999999998,141.88097
2026-07-17 03:00:00+00:00,153.4875,152.79008
2026-07-17 04:00:00+00:00,165.11,167.70471
2026-07-17 05:00:00+00:00,165.7525,160.40842
2026-07-17 06:00:00+00:00,157.10500000000002,151.45352
2026-07-17 07:00:00+00:00,135.42000000000002,134.12323
2026-07-17 08:00:00+00:00,127.4525,112.07022
2026-07-17 09:00:00+00:00,113.7825,102.47895
2026-07-17 10:00:00+00:00,103.8875,89.35848
2026-07-17 11:00:00+00:00,98.2,82.20866
2026-07-17 12:00:00+00:00,98.4275,82.98705
2026-07-17 13:00:00+00:00,105.98,94.12667
2026-07-17 14:00:00+00:00,114.7,111.94165
2026-07-17 15:00:00+00:00,127.425,134.55585
2026-07-17 16:00:00+00:00,137.58,150.97389
2026-07-17 17:00:00+00:00,151.0325,166.89302
2026-07-17 18:00:00+00:00,159.065,189.55742
2026-07-17 19:00:00+00:00,166.8625,160.43939
2026-07-17 20:00:00+00:00,164.675,152.27487
2026-07-17 21:00:00+00:00,158.3,145.0976
2026-07-17 22:00:00+00:00,156.2,136.9828
2026-07-17 23:00:00+00:00,145.38,140.4097
2026-07-18 00:00:00+00:00,142.0,136.736
2026-07-18 01:00:00+00:00,135.3,130.90546
2026-07-18 02:00:00+00:00,134.81,125.77035
2026-07-18 03:00:00+00:00,132.235,132.46284
2026-07-18 04:00:00+00:00,126.5075,131.77719
2026-07-18 05:00:00+00:00,119.3,113.95997
2026-07-18 06:00:00+00:00,97.5425,96.572334
2026-07-18 07:00:00+00:00,44.9275,70.15204
2026-07-18 08:00:00+00:00,9.9675,19.108448
2026-07-18 09:00:00+00:00,-0.005,-3.5662055
2026-07-18 10:00:00+00:00,-0.125,-8.941444
2026-07-18 11:00:00+00:00,-1.165,-10.353487
2026-07-18 12:00:00+00:00,-1.9925,-14.612025
2026-07-18 13:00:00+00:00,-2.9475,-4.222163
2026-07-18 14:00:00+00:00,-1.76,-3.2600877
2026-07-18 15:00:00+00:00,0.4325,3.9585836
2026-07-18 16:00:00+00:00,55.9225,20.336304
2026-07-18 17:00:00+00:00,110.2,74.787895
2026-07-18 18:00:00+00:00,132.17000000000002,127.81202
2026-07-18 19:00:00+00:00,145.95,128.46516
2026-07-18 20:00:00+00:00,152.4625,131.75156
2026-07-18 21:00:00+00:00,145.7625,131.93292
2026-07-18 22:00:00+00:00,138.6975,124.741516
2026-07-18 23:00:00+00:00,130.7425,120.08604
2026-07-19 00:00:00+00:00,121.9,119.10388
2026-07-19 01:00:00+00:00,118.8975,110.37484
2026-07-19 02:00:00+00:00,115.275,108.31502
2026-07-19 03:00:00+00:00,109.4175,112.24679
2026-07-19 04:00:00+00:00,101.8475,104.32139
2026-07-19 05:00:00+00:00,88.46000000000001,83.48044
2026-07-19 06:00:00+00:00,43.1575,63.150455
2026-07-19 07:00:00+00:00,4.165,17.255661
2026-07-19 08:00:00+00:00,0.015,-8.107659
2026-07-19 09:00:00+00:00,-0.045,-17.39155
2026-07-19 10:00:00+00:00,-0.7424999999999999,-16.518496
2026-07-19 11:00:00+00:00,-2.6775,-25.07791
2026-07-19 12:00:00+00:00,-4.9975000000000005,-31.00152
2026-07-19 13:00:00+00:00,-4.955,-25.014793
2026-07-19 14:00:00+00:00,-2.4375,-9.439476
2026-07-19 15:00:00+00:00,-0.395,-1.8240789
2026-07-19 16:00:00+00:00,47.8425,23.200562
2026-07-19 17:00:00+00:00,117.16,65.78041
2026-07-19 18:00:00+00:00,144.1225,135.21008
2026-07-19 19:00:00+00:00,149.68,134.16997
2026-07-19 20:00:00+00:00,149.6575,129.02678
2026-07-19 21:00:00+00:00,138.2025,126.74466
2026-07-19 22:00:00+00:00,147.4525,112.93213
2026-07-19 23:00:00+00:00,138.48250000000002,118.54832
2026-07-20 00:00:00+00:00,128.85500000000002,119.68862
2026-07-20 01:00:00+00:00,123.53,110.84602
2026-07-20 02:00:00+00:00,131.27,112.158714
2026-07-20 03:00:00+00:00,138.79,133.76894
2026-07-20 04:00:00+00:00,149.31,153.74782
2026-07-20 05:00:00+00:00,150.5275,139.79433
2026-07-20 06:00:00+00:00,130.9975,126.46633
2026-07-20 07:00:00+00:00,92.7175,92.57779
2026-07-20 08:00:00+00:00,60.2725,61.478764
2026-07-20 09:00:00+00:00,15.7875,31.324919
2026-07-20 10:00:00+00:00,7.6625,5.7399426
2026-07-20 11:00:00+00:00,0.015,-5.314565
2026-07-20 12:00:00+00:00,0.0075,-2.6960583
2026-07-20 13:00:00+00:00,0.9575,2.9704227
2026-07-20 14:00:00+00:00,15.105,15.440964
2026-07-20 15:00:00+00:00,74.7625,38.05903
2026-07-20 16:00:00+00:00,118.4125,97.86478
2026-07-20 17:00:00+00:00,158.7625,148.29823
2026-07-20 18:00:00+00:00,178.245,179.37924
2026-07-20 19:00:00+00:00,179.73,163.29097
2026-07-20 20:00:00+00:00,174.815,153.40166
2026-07-20 21:00:00+00:00,159.4675,144.71344
2026-07-20 22:00:00+00:00,148.7775,135.72812
2026-07-20 23:00:00+00:00,149.52,131.45734
2026-07-21 00:00:00+00:00,143.39,137.00284
2026-07-21 01:00:00+00:00,138.8675,131.8294
2026-07-21 02:00:00+00:00,139.2525,132.65942
2026-07-21 03:00:00+00:00,144.9125,144.18887
2026-07-21 04:00:00+00:00,157.65,156.19391
2026-07-21 05:00:00+00:00,154.4275,155.54282
2026-07-21 06:00:00+00:00,145.3775,132.16466
2026-07-21 07:00:00+00:00,114.9525,112.3901
2026-07-21 08:00:00+00:00,83.69,77.02811
2026-07-21 09:00:00+00:00,43.6375,49.817223
2026-07-21 10:00:00+00:00,7.052499999999999,17.548342
2026-07-21 11:00:00+00:00,1.01,-4.9283223
2026-07-21 12:00:00+00:00,1.0025,-5.351843
2026-07-21 13:00:00+00:00,13.670000000000002,8.855941
2026-07-21 14:00:00+00:00,62.2325,28.257946
2026-07-21 15:00:00+00:00,102.565,79.76208
2026-07-21 16:00:00+00:00,135.365,133.78491
2026-07-21 17:00:00+00:00,153.61,165.5148
2026-07-21 18:00:00+00:00,172.0,179.54181
2026-07-21 19:00:00+00:00,174.5625,164.05548
2026-07-21 20:00:00+00:00,168.3175,154.73657
2026-07-21 21:00:00+00:00,155.1875,148.54301
2026-07-21 22:00:00+00:00,152.19,139.56421
2026-07-21 23:00:00+00:00,148.2875,133.08737
2026-07-22 00:00:00+00:00,143.2325,134.06616
2026-07-22 01:00:00+00:00,134.91250000000002,130.83669
2026-07-22 02:00:00+00:00,130.66500000000002,128.54115
2026-07-22 03:00:00+00:00,135.9575,136.19113
2026-07-22 04:00:00+00:00,149.41,149.23352
2026-07-22 05:00:00+00:00,145.345,139.81636
2026-07-22 06:00:00+00:00,131.98250000000002,120.572266
2026-07-22 07:00:00+00:00,90.9425,91.96231
2026-07-22 08:00:00+00:00,66.1525,61.40078
2026-07-22 09:00:00+00:00,30.935,36.769344
2026-07-22 10:00:00+00:00,10.385,13.052214
2026-07-22 11:00:00+00:00,1.29,0.050523724
2026-07-22 12:00:00+00:00,0.0375,-0.533535
2026-07-22 13:00:00+00:00,0.4975,8.996766
2026-07-22 14:00:00+00:00,9.15,17.76358
2026-07-22 15:00:00+00:00,63.21,31.77519
2026-07-22 16:00:00+00:00,108.1,78.796265
2026-07-22 17:00:00+00:00,137.8275,130.18385
2026-07-22 18:00:00+00:00,157.01,150.89674
2026-07-22 19:00:00+00:00,161.76,143.89026
2026-07-22 20:00:00+00:00,157.61,132.2858
2026-07-22 21:00:00+00:00,143.5425,132.41676
