MAE,RMSE,R2
0.4433837010998516,0.755777795448888,0.981642938288638
