,actual,forecast
2025-04-02 19:00:00+00:00,150.01,122.42169482666341
2025-04-02 20:00:00+00:00,185.7,128.2785081388591
2025-04-02 21:00:00+00:00,140.0,153.29309477832206
2025-04-02 22:00:00+00:00,73.09,139.06565829914015
2025-04-02 23:00:00+00:00,76.64,117.93884183983704
2025-04-03 00:00:00+00:00,72.26,99.39348768578157
2025-04-03 01:00:00+00:00,72.05,101.37926231901272
2025-04-03 02:00:00+00:00,78.95,99.1531568804162
2025-04-03 03:00:00+00:00,102.82,100.56351791318289
2025-04-03 04:00:00+00:00,141.51,122.08696684043731
2025-04-03 05:00:00+00:00,165.94,164.970984218406
2025-04-03 06:00:00+00:00,133.3,147.67934290790453
2025-04-03 07:00:00+00:00,79.11,120.40698031525382
2025-04-03 08:00:00+00:00,41.38,74.53205599650268
2025-04-03 09:00:00+00:00,6.98,40.673569440473976
2025-04-03 10:00:00+00:00,7.62,6.228733352692222
2025-04-03 11:00:00+00:00,7.75,6.598927506316115
2025-04-03 12:00:00+00:00,34.66,11.337411874690867
2025-04-03 13:00:00+00:00,98.75,60.22753432264391
2025-04-03 14:00:00+00:00,43.96,100.7858224000865
2025-04-03 15:00:00+00:00,111.89,83.05005756758177
2025-04-03 16:00:00+00:00,146.51,129.90333316193568
2025-04-03 17:00:00+00:00,195.91,180.2074944670176
2025-04-03 18:00:00+00:00,185.07,170.3522705668734
2025-04-03 19:00:00+00:00,143.87,155.19768573610304
2025-04-03 20:00:00+00:00,115.56,141.04968623957845
2025-04-03 21:00:00+00:00,106.49,118.34177726543406
2025-04-03 22:00:00+00:00,111.1,100.53698242245024
2025-04-03 23:00:00+00:00,106.13,102.99335933233877
2025-04-04 00:00:00+00:00,106.69,102.58848015568765
2025-04-04 01:00:00+00:00,106.76,102.65339309619361
2025-04-04 02:00:00+00:00,110.09,102.80904926769294
2025-04-04 03:00:00+00:00,116.21,108.08277587486147
2025-04-04 04:00:00+00:00,157.53,127.68860059231069
2025-04-04 05:00:00+00:00,184.66,171.17410597630104
2025-04-04 06:00:00+00:00,141.75,164.06224704619413
2025-04-04 07:00:00+00:00,96.62,128.0376152547681
2025-04-04 08:00:00+00:00,97.05,90.50199820039417
2025-04-04 09:00:00+00:00,101.05,91.39949541687591
2025-04-04 10:00:00+00:00,78.0,88.75382387179565
2025-04-04 11:00:00+00:00,67.45,67.2294122482697
2025-04-04 12:00:00+00:00,72.0,69.33899017214118
2025-04-04 13:00:00+00:00,78.0,84.17185907337296
2025-04-04 14:00:00+00:00,55.0,88.26004146894061
2025-04-04 15:00:00+00:00,110.35,99.88737006748288
2025-04-04 16:00:00+00:00,131.75,136.29425704968014
2025-04-04 17:00:00+00:00,178.74,161.52736886682433
2025-04-04 18:00:00+00:00,169.59,178.82883815823322
2025-04-04 19:00:00+00:00,138.32,146.14988539104783
2025-04-04 20:00:00+00:00,137.16,125.44337496606826
2025-04-04 21:00:00+00:00,112.65,120.95185445443173
2025-04-04 22:00:00+00:00,124.51,108.83118106885365
2025-04-04 23:00:00+00:00,117.36,115.69179947784018
2025-04-05 00:00:00+00:00,113.5,110.27423113399047
2025-04-05 01:00:00+00:00,110.9,108.08227695288218
2025-04-05 02:00:00+00:00,110.34,109.27256550512176
2025-04-05 03:00:00+00:00,113.63,112.80466675755885
2025-04-05 04:00:00+00:00,120.58,125.36945974573868
2025-04-05 05:00:00+00:00,116.55,129.5972641589321
2025-04-05 06:00:00+00:00,102.2,115.08611610623649
2025-04-05 07:00:00+00:00,57.79,89.86048048201727
2025-04-05 08:00:00+00:00,0.66,60.69236961820587
2025-04-05 09:00:00+00:00,0.04,10.376501527702533
2025-04-05 10:00:00+00:00,0.04,2.6501549326189333
2025-04-05 11:00:00+00:00,0.04,2.922354065215545
2025-04-05 12:00:00+00:00,0.04,3.2444700175219547
2025-04-05 13:00:00+00:00,10.0,16.668376171662985
2025-04-05 14:00:00+00:00,13.26,45.53837003735523
2025-04-05 15:00:00+00:00,106.02,91.01707105604775
2025-04-05 16:00:00+00:00,141.42,122.3080670580516
2025-04-05 17:00:00+00:00,165.0,170.8594996292574
2025-04-05 18:00:00+00:00,134.61,172.9604714784639
2025-04-05 19:00:00+00:00,109.64,125.62490411271891
2025-04-05 20:00:00+00:00,108.99,112.83007575113072
2025-04-05 21:00:00+00:00,98.2,107.28569727733704
2025-04-05 22:00:00+00:00,82.93,105.23128635851613
2025-04-05 23:00:00+00:00,62.18,98.43478585805788
2025-04-06 00:00:00+00:00,64.25,74.59955435032313
2025-04-06 01:00:00+00:00,70.54,73.96981945242064
2025-04-06 02:00:00+00:00,72.49,74.31552771053427
2025-04-06 03:00:00+00:00,80.34,79.72729766609433
2025-04-06 04:00:00+00:00,79.59,98.9099570906403
2025-04-06 05:00:00+00:00,81.13,91.34258753888402
2025-04-06 06:00:00+00:00,34.67,66.42451726928972
2025-04-06 07:00:00+00:00,0.1,28.94899041151338
2025-04-06 08:00:00+00:00,0.0,3.4522654840183242
2025-04-06 09:00:00+00:00,0.0,0.1301957495948709
2025-04-06 10:00:00+00:00,0.0,0.11594756278168411
2025-04-06 11:00:00+00:00,0.0,0.11594756278168411
2025-04-06 12:00:00+00:00,0.0,0.12768842651170734
2025-04-06 13:00:00+00:00,0.0,2.2080921824589836
2025-04-06 14:00:00+00:00,1.12,12.333695885758921
2025-04-06 15:00:00+00:00,75.15,45.89519300262521
2025-04-06 16:00:00+00:00,141.13,129.4478175747084
2025-04-06 17:00:00+00:00,153.3,153.32293585379676
2025-04-06 18:00:00+00:00,144.9,149.41760343928615
2025-04-06 19:00:00+00:00,125.67,125.6978559078596
2025-04-06 20:00:00+00:00,114.51,113.48990238892682
2025-04-06 21:00:00+00:00,102.15,105.15369499628505
2025-04-06 22:00:00+00:00,89.64,93.22502098210155
2025-04-06 23:00:00+00:00,88.28,82.80750416926459
2025-04-07 00:00:00+00:00,84.66,85.80007833874362
2025-04-07 01:00:00+00:00,86.88,81.36100404669804
2025-04-07 02:00:00+00:00,88.6,86.91176498182239
2025-04-07 03:00:00+00:00,102.06,91.6472006534131
2025-04-07 04:00:00+00:00,132.39,127.56242975179268
2025-04-07 05:00:00+00:00,176.94,152.42175138378047
2025-04-07 06:00:00+00:00,144.41,161.02382042418196
2025-04-07 07:00:00+00:00,108.67,120.68046434949156
2025-04-07 08:00:00+00:00,84.64,81.9513586119251
2025-04-07 09:00:00+00:00,64.81,69.35341876072727
2025-04-07 10:00:00+00:00,44.5,42.29057801278448
2025-04-07 11:00:00+00:00,46.34,40.891424508832394
2025-04-07 12:00:00+00:00,61.1,48.873124482652365
2025-04-07 13:00:00+00:00,85.0,62.116202815851885
2025-04-07 14:00:00+00:00,94.13,86.81295328396763
2025-04-07 15:00:00+00:00,116.7,101.76197065738131
2025-04-07 16:00:00+00:00,166.99,132.96070204784493
2025-04-07 17:00:00+00:00,229.99,186.66822469006223
2025-04-07 18:00:00+00:00,199.39,211.15605068066188
2025-04-07 19:00:00+00:00,153.29,154.8700289978033
2025-04-07 20:00:00+00:00,130.01,128.6998181379921
2025-04-07 21:00:00+00:00,112.57,118.38622845141215
2025-04-07 22:00:00+00:00,95.06,102.6454606371925
2025-04-07 23:00:00+00:00,90.1,90.53576561775395
2025-04-08 00:00:00+00:00,90.91,86.42415473647667
2025-04-08 01:00:00+00:00,92.68,87.28197159238563
2025-04-08 02:00:00+00:00,94.77,92.4747873970555
2025-04-08 03:00:00+00:00,110.59,95.2859377715954
2025-04-08 04:00:00+00:00,153.29,126.21522831579425
2025-04-08 05:00:00+00:00,180.97,166.43041037384873
2025-04-08 06:00:00+00:00,136.77,164.42999472627994
2025-04-08 07:00:00+00:00,91.31,116.97141849638265
2025-04-08 08:00:00+00:00,67.02,83.7639388255212
2025-04-08 09:00:00+00:00,71.33,64.78392354875412
2025-04-08 10:00:00+00:00,47.59,59.066070273285476
2025-04-08 11:00:00+00:00,43.43,48.784086894597806
2025-04-08 12:00:00+00:00,56.46,53.572543849583326
2025-04-08 13:00:00+00:00,85.0,82.78771782208314
2025-04-08 14:00:00+00:00,108.7,93.52792492924065
2025-04-08 15:00:00+00:00,112.85,118.44876730504738
2025-04-08 16:00:00+00:00,197.66,145.45724900271165
2025-04-08 17:00:00+00:00,262.7,232.08065226364886
2025-04-08 18:00:00+00:00,250.43,214.2087429080333
2025-04-08 19:00:00+00:00,153.3,183.7813911336214
2025-04-08 20:00:00+00:00,128.33,131.97257150319214
2025-04-08 21:00:00+00:00,112.67,116.92382866042117
2025-04-08 22:00:00+00:00,117.95,112.23391918121035
2025-04-08 23:00:00+00:00,112.99,110.84150276136728
2025-04-09 00:00:00+00:00,108.69,116.01746640880948
2025-04-09 01:00:00+00:00,107.47,114.02959213007374
2025-04-09 02:00:00+00:00,113.57,130.46082416235143
2025-04-09 03:00:00+00:00,129.24,128.22543425162337
2025-04-09 04:00:00+00:00,164.02,157.20704471678525
2025-04-09 05:00:00+00:00,177.5,161.49080035522454
2025-04-09 06:00:00+00:00,122.51,142.86224791089043
2025-04-09 07:00:00+00:00,93.66,101.61781443772162
2025-04-09 08:00:00+00:00,85.48,75.88702054824543
2025-04-09 09:00:00+00:00,64.38,75.81268505584764
2025-04-09 10:00:00+00:00,15.16,56.15277893777903
2025-04-09 11:00:00+00:00,17.86,16.7342513324604
2025-04-09 12:00:00+00:00,60.0,22.597250654528594
2025-04-09 13:00:00+00:00,80.0,72.85423989279137
2025-04-09 14:00:00+00:00,108.69,91.7031681124414
2025-04-09 15:00:00+00:00,138.66,113.6106877622062
2025-04-09 16:00:00+00:00,210.52,172.12570194586445
2025-04-09 17:00:00+00:00,308.0,273.1423296697527
2025-04-09 18:00:00+00:00,302.32,331.9371748534634
2025-04-09 19:00:00+00:00,203.13,214.42868750000002
2025-04-09 20:00:00+00:00,175.0,155.63943639560165
2025-04-09 21:00:00+00:00,119.96,133.96912790911088
2025-04-09 22:00:00+00:00,114.56,115.2548356779081
2025-04-09 23:00:00+00:00,114.16,112.00813746671339
2025-04-10 00:00:00+00:00,109.65,108.81223978913137
2025-04-10 01:00:00+00:00,97.83,106.02451224469267
2025-04-10 02:00:00+00:00,107.37,102.6252230427777
2025-04-10 03:00:00+00:00,122.83,114.89987544508458
2025-04-10 04:00:00+00:00,153.3,149.73359854745112
2025-04-10 05:00:00+00:00,177.67,162.60699557549037
2025-04-10 06:00:00+00:00,138.19,134.67175854664777
2025-04-10 07:00:00+00:00,63.55,93.73464198399702
2025-04-10 08:00:00+00:00,46.34,52.903737784087134
2025-04-10 09:00:00+00:00,37.15,50.25920921791076
2025-04-10 10:00:00+00:00,16.66,50.02748114495797
2025-04-10 11:00:00+00:00,2.48,17.862537761669966
2025-04-10 12:00:00+00:00,0.09,3.636324344241715
2025-04-10 13:00:00+00:00,9.64,13.188901247955611
2025-04-10 14:00:00+00:00,68.08,57.70649450424705
2025-04-10 15:00:00+00:00,94.01,106.78308126298602
2025-04-10 16:00:00+00:00,117.24,129.86939216649512
2025-04-10 17:00:00+00:00,165.35,166.89689360179608
2025-04-10 18:00:00+00:00,174.89,200.84682656249632
2025-04-10 19:00:00+00:00,136.67,147.84845415352063
2025-04-10 20:00:00+00:00,128.63,127.69481084409368
2025-04-10 21:00:00+00:00,110.12,119.67294797401114
2025-04-10 22:00:00+00:00,79.33,106.08353356733659
2025-04-10 23:00:00+00:00,75.56,92.0091463932027
2025-04-11 00:00:00+00:00,67.4,81.108025671081
2025-04-11 01:00:00+00:00,68.44,71.77574884336268
2025-04-11 02:00:00+00:00,76.37,77.31312767666655
2025-04-11 03:00:00+00:00,85.56,100.75156448300525
2025-04-11 04:00:00+00:00,110.93,118.05172892527668
2025-04-11 05:00:00+00:00,112.0,129.9305455107152
2025-04-11 06:00:00+00:00,70.32,83.57724726356044
2025-04-11 07:00:00+00:00,62.57,54.665839551505066
2025-04-11 08:00:00+00:00,11.29,54.49165134586123
2025-04-11 09:00:00+00:00,0.28,11.400720944370683
2025-04-11 10:00:00+00:00,0.04,3.762141786973189
2025-04-11 11:00:00+00:00,0.04,2.811491427588067
2025-04-11 12:00:00+00:00,1.87,4.031767576495798
2025-04-11 13:00:00+00:00,5.0,13.558721097517378
2025-04-11 14:00:00+00:00,47.06,37.27736896580255
2025-04-11 15:00:00+00:00,95.0,83.68675007356636
2025-04-11 16:00:00+00:00,150.7,114.65201481889298
2025-04-11 17:00:00+00:00,215.2,175.82492161904577
2025-04-11 18:00:00+00:00,206.31,197.64943977487036
2025-04-11 19:00:00+00:00,171.23,153.78537108681724
2025-04-11 20:00:00+00:00,145.87,137.7345924808259
2025-04-11 21:00:00+00:00,110.02,123.90538905894495
2025-04-11 22:00:00+00:00,111.15,102.14379257810153
2025-04-11 23:00:00+00:00,107.8,103.35184390381639
2025-04-12 00:00:00+00:00,104.08,104.38164606370691
2025-04-12 01:00:00+00:00,102.09,101.79318991141598
2025-04-12 02:00:00+00:00,102.98,100.34268154840245
2025-04-12 03:00:00+00:00,103.88,102.32361078273361
2025-04-12 04:00:00+00:00,111.07,108.22203040627
2025-04-12 05:00:00+00:00,106.49,113.21400804392215
2025-04-12 06:00:00+00:00,98.42,95.20843844400187
2025-04-12 07:00:00+00:00,68.98,73.31560290896532
2025-04-12 08:00:00+00:00,20.19,42.170780358111536
2025-04-12 09:00:00+00:00,0.04,17.089875667543467
2025-04-12 10:00:00+00:00,0.04,2.6051260780633383
2025-04-12 11:00:00+00:00,0.04,3.155545823392396
2025-04-12 12:00:00+00:00,0.04,1.651643663649553
2025-04-12 13:00:00+00:00,0.04,3.788757152900148
2025-04-12 14:00:00+00:00,8.44,18.32432671235839
2025-04-12 15:00:00+00:00,90.21,54.548298823439154
2025-04-12 16:00:00+00:00,121.21,118.75439462650809
2025-04-12 17:00:00+00:00,195.49,156.49317547913122
2025-04-12 18:00:00+00:00,206.96,183.31774641638222
2025-04-12 19:00:00+00:00,153.3,164.44094534722444
2025-04-12 20:00:00+00:00,135.86,131.25811139994659
2025-04-12 21:00:00+00:00,111.64,120.14928273432017
2025-04-12 22:00:00+00:00,106.59,103.57480408860015
2025-04-12 23:00:00+00:00,85.01,95.5210452052867
2025-04-13 00:00:00+00:00,64.29,83.88082279608464
2025-04-13 01:00:00+00:00,66.39,72.5321296593706
2025-04-13 02:00:00+00:00,66.22,72.24352281782063
2025-04-13 03:00:00+00:00,96.64,78.934830378603
2025-04-13 04:00:00+00:00,95.97,95.7753043850817
2025-04-13 05:00:00+00:00,95.0,87.43315242135492
2025-04-13 06:00:00+00:00,13.19,82.44789297271147
2025-04-13 07:00:00+00:00,8.43,13.001512575263243
2025-04-13 08:00:00+00:00,7.0,5.811943510804605
2025-04-13 09:00:00+00:00,5.0,5.2769655626859615
2025-04-13 10:00:00+00:00,5.0,5.0740431017500605
2025-04-13 11:00:00+00:00,0.21,6.488796628368952
2025-04-13 12:00:00+00:00,5.0,5.807041168980661
2025-04-13 13:00:00+00:00,16.32,34.378307618364126
2025-04-13 14:00:00+00:00,74.0,44.33336639769769
2025-04-13 15:00:00+00:00,111.3,80.08715104745853
2025-04-13 16:00:00+00:00,135.33,124.77801246721592
2025-04-13 17:00:00+00:00,216.0,171.70128969956983
2025-04-13 18:00:00+00:00,216.0,195.4792353034396
2025-04-13 19:00:00+00:00,153.3,173.5421894351614
2025-04-13 20:00:00+00:00,129.0,130.96552423431288
2025-04-13 21:00:00+00:00,111.51,119.43547375112388
2025-04-13 22:00:00+00:00,91.7,100.64670402876867
2025-04-13 23:00:00+00:00,87.47,87.1475971747457
2025-04-14 00:00:00+00:00,85.75,85.84547803859526
2025-04-14 01:00:00+00:00,86.09,85.19078507107957
2025-04-14 02:00:00+00:00,88.89,85.49512034780011
2025-04-14 03:00:00+00:00,107.44,96.9073177375008
2025-04-14 04:00:00+00:00,124.44,129.24085396605628
2025-04-14 05:00:00+00:00,176.64,139.03747009345022
2025-04-14 06:00:00+00:00,144.23,154.8845654174886
2025-04-14 07:00:00+00:00,112.21,122.74058065720412
2025-04-14 08:00:00+00:00,103.48,102.22574602849122
2025-04-14 09:00:00+00:00,101.98,80.12702656689983
2025-04-14 10:00:00+00:00,100.04,84.09782989671199
2025-04-14 11:00:00+00:00,92.6,91.51470417860821
2025-04-14 12:00:00+00:00,89.18,87.4556846288312
2025-04-14 13:00:00+00:00,95.0,92.78668048720097
2025-04-14 14:00:00+00:00,111.32,96.81586262862336
2025-04-14 15:00:00+00:00,112.52,124.12565321598146
2025-04-14 16:00:00+00:00,182.87,137.11851567730594
2025-04-14 17:00:00+00:00,222.24,237.77692149619122
2025-04-14 18:00:00+00:00,218.85,219.95861953584466
2025-04-14 19:00:00+00:00,173.64,176.35149598960106
2025-04-14 20:00:00+00:00,141.5,141.3398573747359
2025-04-14 21:00:00+00:00,110.65,125.31167981388049
2025-04-14 22:00:00+00:00,83.12,102.70304658715297
2025-04-14 23:00:00+00:00,98.61,82.81242190592229
2025-04-15 00:00:00+00:00,91.74,96.89745846580449
2025-04-15 01:00:00+00:00,84.98,90.13333389825878
2025-04-15 02:00:00+00:00,87.16,85.50719662687692
2025-04-15 03:00:00+00:00,96.19,97.89308745402717
2025-04-15 04:00:00+00:00,115.3,118.85527705169638
2025-04-15 05:00:00+00:00,125.03,147.59961711739788
2025-04-15 06:00:00+00:00,111.19,139.0723314636231
2025-04-15 07:00:00+00:00,112.33,111.14342408532566
2025-04-15 08:00:00+00:00,99.29,107.26577532515141
2025-04-15 09:00:00+00:00,95.48,97.34956461596832
2025-04-15 10:00:00+00:00,100.45,93.8188996386291
2025-04-15 11:00:00+00:00,94.76,100.0189423824823
2025-04-15 12:00:00+00:00,94.75,91.80892694009584
2025-04-15 13:00:00+00:00,99.47,95.22714214425945
2025-04-15 14:00:00+00:00,108.69,103.19615994630196
2025-04-15 15:00:00+00:00,108.2,114.99615349721647
2025-04-15 16:00:00+00:00,113.66,150.7913422118848
2025-04-15 17:00:00+00:00,150.77,161.78729482229676
2025-04-15 18:00:00+00:00,153.2,178.9776326663961
2025-04-15 19:00:00+00:00,116.14,145.23818926542057
2025-04-15 20:00:00+00:00,114.74,118.59428227613145
2025-04-15 21:00:00+00:00,102.23,108.6520990901236
2025-04-15 22:00:00+00:00,101.35,98.9257169263383
2025-04-15 23:00:00+00:00,100.37,97.75560325784738
2025-04-16 00:00:00+00:00,98.61,100.28632890550995
2025-04-16 01:00:00+00:00,94.76,97.00084368588438
2025-04-16 02:00:00+00:00,99.42,93.31674695512802
2025-04-16 03:00:00+00:00,105.85,102.86912990333907
2025-04-16 04:00:00+00:00,126.9,125.16130442848193
2025-04-16 05:00:00+00:00,135.6,136.52541606266328
2025-04-16 06:00:00+00:00,109.94,130.44433953614072
2025-04-16 07:00:00+00:00,53.88,103.03632142681417
2025-04-16 08:00:00+00:00,11.2,53.445454503730296
2025-04-16 09:00:00+00:00,3.0,16.63922135702838
2025-04-16 10:00:00+00:00,0.04,8.009118776563113
2025-04-16 11:00:00+00:00,0.04,7.717399860545323
2025-04-16 12:00:00+00:00,0.04,7.969540612305007
2025-04-16 13:00:00+00:00,11.57,20.2053420435622
2025-04-16 14:00:00+00:00,63.49,64.25285446077022
2025-04-16 15:00:00+00:00,96.36,105.62932099127201
2025-04-16 16:00:00+00:00,118.4,127.4703443787838
2025-04-16 17:00:00+00:00,165.33,159.2988089571448
2025-04-16 18:00:00+00:00,167.99,167.9411135797549
2025-04-16 19:00:00+00:00,122.64,140.31007106537777
2025-04-16 20:00:00+00:00,110.4,111.69070533425383
2025-04-16 21:00:00+00:00,98.59,103.52057736689092
2025-04-16 22:00:00+00:00,91.55,95.5218644517556
2025-04-16 23:00:00+00:00,86.36,92.6756731426208
2025-04-17 00:00:00+00:00,84.87,90.45367652166117
2025-04-17 01:00:00+00:00,84.06,84.63386534742612
2025-04-17 02:00:00+00:00,85.79,82.77875778791709
2025-04-17 03:00:00+00:00,94.83,92.02083084937871
2025-04-17 04:00:00+00:00,110.75,115.42859281888957
2025-04-17 05:00:00+00:00,123.48,116.6618552684502
2025-04-17 06:00:00+00:00,90.37,98.13612837680712
2025-04-17 07:00:00+00:00,51.64,76.93254431830069
2025-04-17 08:00:00+00:00,27.56,42.02101298804063
2025-04-17 09:00:00+00:00,14.81,20.90035401641598
2025-04-17 10:00:00+00:00,8.99,18.27914549583468
2025-04-17 11:00:00+00:00,5.11,7.540779347514553
2025-04-17 12:00:00+00:00,12.78,8.409405495534427
2025-04-17 13:00:00+00:00,73.76,40.93988071307521
2025-04-17 14:00:00+00:00,89.64,81.71815787761147
2025-04-17 15:00:00+00:00,101.89,97.37106855020504
2025-04-17 16:00:00+00:00,115.84,117.94010188255078
2025-04-17 17:00:00+00:00,133.88,147.58588230383143
2025-04-17 18:00:00+00:00,125.47,150.3817132973951
2025-04-17 19:00:00+00:00,113.95,108.18613335598258
2025-04-17 20:00:00+00:00,111.92,106.10098615315701
2025-04-17 21:00:00+00:00,96.89,102.63275987676668
2025-04-17 22:00:00+00:00,90.14,88.67636302365912
2025-04-17 23:00:00+00:00,81.53,84.89050211289617
2025-04-18 00:00:00+00:00,78.41,78.2129307941043
2025-04-18 01:00:00+00:00,78.0,74.32964979305696
2025-04-18 02:00:00+00:00,78.96,76.6950317224908
2025-04-18 03:00:00+00:00,78.41,79.68229476186505
2025-04-18 04:00:00+00:00,80.72,86.84316060737189
2025-04-18 05:00:00+00:00,85.74,91.34082103663795
2025-04-18 06:00:00+00:00,86.99,78.47629962936885
2025-04-18 07:00:00+00:00,45.0,72.64880385070661
2025-04-18 08:00:00+00:00,25.0,40.507078418725655
2025-04-18 09:00:00+00:00,9.79,15.179004667136693
2025-04-18 10:00:00+00:00,5.0,6.159213590158797
2025-04-18 11:00:00+00:00,5.0,3.700969361645639
2025-04-18 12:00:00+00:00,10.13,6.860034646450256
2025-04-18 13:00:00+00:00,45.2,33.87341861595956
2025-04-18 14:00:00+00:00,80.13,56.955133219304834
2025-04-18 15:00:00+00:00,94.63,90.8239960711345
2025-04-18 16:00:00+00:00,108.69,111.5977875861843
2025-04-18 17:00:00+00:00,129.59,132.23448861596628
2025-04-18 18:00:00+00:00,139.68,141.23955054810946
2025-04-18 19:00:00+00:00,120.66,124.25645596962502
2025-04-18 20:00:00+00:00,111.51,109.57636299279173
2025-04-18 21:00:00+00:00,104.03,101.63412941780327
2025-04-18 22:00:00+00:00,94.0,96.6426077646273
2025-04-18 23:00:00+00:00,83.87,87.97128659107305
2025-04-19 00:00:00+00:00,88.45,80.46833245686952
2025-04-19 01:00:00+00:00,86.62,84.35649730181663
2025-04-19 02:00:00+00:00,89.06,84.22439743603394
2025-04-19 03:00:00+00:00,95.5,86.59041320199034
2025-04-19 04:00:00+00:00,100.2,98.46700891284087
2025-04-19 05:00:00+00:00,96.54,98.87828341336294
2025-04-19 06:00:00+00:00,25.0,73.51453676182281
2025-04-19 07:00:00+00:00,20.0,18.345242890182767
2025-04-19 08:00:00+00:00,12.5,14.106872805963635
2025-04-19 09:00:00+00:00,9.88,9.905359354129695
2025-04-19 10:00:00+00:00,12.73,8.9851016970099
2025-04-19 11:00:00+00:00,13.33,13.79249291992909
2025-04-19 12:00:00+00:00,25.0,16.575188716612345
2025-04-19 13:00:00+00:00,18.3,44.61072208762537
2025-04-19 14:00:00+00:00,0.2,43.74836495933848
2025-04-19 15:00:00+00:00,69.95,51.458488399256005
2025-04-19 16:00:00+00:00,113.43,97.96193084806002
2025-04-19 17:00:00+00:00,145.06,135.8683540078107
2025-04-19 18:00:00+00:00,175.37,167.51182906124956
2025-04-19 19:00:00+00:00,138.23,143.14881089452263
2025-04-19 20:00:00+00:00,117.5,121.0298577468459
2025-04-19 21:00:00+00:00,100.67,107.72416426342639
2025-04-19 22:00:00+00:00,110.67,96.2240918879431
2025-04-19 23:00:00+00:00,98.48,99.4451844208828
2025-04-20 00:00:00+00:00,96.13,97.29643206243334
2025-04-20 01:00:00+00:00,99.07,92.81283183483256
2025-04-20 02:00:00+00:00,98.4,97.11438490908598
2025-04-20 03:00:00+00:00,97.53,98.92757985436539
2025-04-20 04:00:00+00:00,98.18,95.52171999427743
2025-04-20 05:00:00+00:00,81.51,91.09783225238988
2025-04-20 06:00:00+00:00,10.43,62.82776682954579
2025-04-20 07:00:00+00:00,1.04,16.638384277590905
2025-04-20 08:00:00+00:00,12.36,2.161403646756902
2025-04-20 09:00:00+00:00,2.94,16.279695935732285
2025-04-20 10:00:00+00:00,0.01,3.5391988847789757
2025-04-20 11:00:00+00:00,0.0,1.5407221941362925
2025-04-20 12:00:00+00:00,0.0,1.580812272098423
2025-04-20 13:00:00+00:00,0.0,2.5530594510180293
2025-04-20 14:00:00+00:00,0.0,18.938783175852087
2025-04-20 15:00:00+00:00,65.28,42.96923427934813
2025-04-20 16:00:00+00:00,107.21,107.9759390652623
2025-04-20 17:00:00+00:00,113.73,138.93730279328898
2025-04-20 18:00:00+00:00,139.41,153.52273985863866
2025-04-20 19:00:00+00:00,130.5,127.36555155377827
2025-04-20 20:00:00+00:00,121.52,113.0400440920278
2025-04-20 21:00:00+00:00,111.21,106.71728014501119
2025-04-20 22:00:00+00:00,107.29,105.68204787497515
2025-04-20 23:00:00+00:00,99.58,97.168090100497
2025-04-21 00:00:00+00:00,95.14,99.79761626893334
2025-04-21 01:00:00+00:00,94.99,90.07463409354655
2025-04-21 02:00:00+00:00,98.54,90.14654683980369
2025-04-21 03:00:00+00:00,97.98,103.08277395797695
2025-04-21 04:00:00+00:00,94.43,105.90987709370118
2025-04-21 05:00:00+00:00,88.1,100.14938725078727
2025-04-21 06:00:00+00:00,10.0,94.16148281941813
2025-04-21 07:00:00+00:00,8.44,10.645297306386055
2025-04-21 08:00:00+00:00,2.94,7.198994650426349
2025-04-21 09:00:00+00:00,2.93,6.457659286756108
2025-04-21 10:00:00+00:00,2.94,7.150717899365045
2025-04-21 11:00:00+00:00,2.94,6.418995982845213
2025-04-21 12:00:00+00:00,8.08,10.669970241150738
2025-04-21 13:00:00+00:00,25.0,29.75442815337889
2025-04-21 14:00:00+00:00,45.2,49.589444825886666
2025-04-21 15:00:00+00:00,80.0,58.21650070317736
2025-04-21 16:00:00+00:00,100.45,105.27960217315044
2025-04-21 17:00:00+00:00,121.13,137.89666694181776
2025-04-21 18:00:00+00:00,139.23,144.97256500566246
2025-04-21 19:00:00+00:00,132.1,124.8002058868316
2025-04-21 20:00:00+00:00,122.77,118.10836010979605
2025-04-21 21:00:00+00:00,106.5,107.59050682479644
2025-04-21 22:00:00+00:00,97.3,92.88184153014119
2025-04-21 23:00:00+00:00,90.95,90.35009052423842
2025-04-22 00:00:00+00:00,88.34,89.0635221861798
2025-04-22 01:00:00+00:00,85.81,87.82903234940787
2025-04-22 02:00:00+00:00,86.54,88.01276106794595
2025-04-22 03:00:00+00:00,103.46,89.27273060468652
2025-04-22 04:00:00+00:00,123.91,106.99717774175612
2025-04-22 05:00:00+00:00,151.67,116.96838484148648
2025-04-22 06:00:00+00:00,110.82,115.06129912118388
2025-04-22 07:00:00+00:00,92.63,88.61109564123875
2025-04-22 08:00:00+00:00,50.01,80.32072830922156
2025-04-22 09:00:00+00:00,50.0,54.27797206740233
2025-04-22 10:00:00+00:00,30.4,53.037329012614435
2025-04-22 11:00:00+00:00,50.0,37.11718914383633
2025-04-22 12:00:00+00:00,71.74,53.261499894884444
2025-04-22 13:00:00+00:00,78.95,73.01175722583817
2025-04-22 14:00:00+00:00,86.08,78.67193746477223
2025-04-22 15:00:00+00:00,108.69,90.62212067790578
2025-04-22 16:00:00+00:00,146.0,117.97593760785016
2025-04-22 17:00:00+00:00,225.41,159.65144970946574
2025-04-22 18:00:00+00:00,253.12,194.3997818247659
2025-04-22 19:00:00+00:00,154.57,187.18003913165285
2025-04-22 20:00:00+00:00,129.96,119.57319530816089
2025-04-22 21:00:00+00:00,115.56,110.83222950050522
2025-04-22 22:00:00+00:00,110.3,103.51919429935406
2025-04-22 23:00:00+00:00,101.72,99.7570942581698
2025-04-23 00:00:00+00:00,100.13,99.3220671180182
2025-04-23 01:00:00+00:00,100.08,99.21115184842897
2025-04-23 02:00:00+00:00,104.37,98.95723397019377
2025-04-23 03:00:00+00:00,113.59,103.40232685003808
2025-04-23 04:00:00+00:00,137.46,122.71859413601119
2025-04-23 05:00:00+00:00,144.7,133.99129924181082
2025-04-23 06:00:00+00:00,110.25,106.19872662201209
2025-04-23 07:00:00+00:00,27.6,80.89275984371339
2025-04-23 08:00:00+00:00,21.71,22.218820055721466
2025-04-23 09:00:00+00:00,16.0,18.414797566220592
2025-04-23 10:00:00+00:00,19.39,16.056209734666197
2025-04-23 11:00:00+00:00,60.0,20.59646120298748
2025-04-23 12:00:00+00:00,87.06,55.53300477256291
2025-04-23 13:00:00+00:00,96.01,84.39481015138877
2025-04-23 14:00:00+00:00,102.77,93.73907747242446
2025-04-23 15:00:00+00:00,112.0,105.23013109796346
2025-04-23 16:00:00+00:00,139.97,135.68401040763277
2025-04-23 17:00:00+00:00,185.0,183.40622259328063
2025-04-23 18:00:00+00:00,211.97,259.17733598526564
2025-04-23 19:00:00+00:00,150.0,164.5868760031911
2025-04-23 20:00:00+00:00,113.45,124.48189145501833
2025-04-23 21:00:00+00:00,115.0,107.58839128744
2025-04-23 22:00:00+00:00,98.65,107.78465351350442
2025-04-23 23:00:00+00:00,94.56,92.90620458016299
2025-04-24 00:00:00+00:00,92.5,92.64639820823375
2025-04-24 01:00:00+00:00,89.93,90.6979949317995
2025-04-24 02:00:00+00:00,93.94,87.95161718196931
2025-04-24 03:00:00+00:00,102.13,99.644508722968
2025-04-24 04:00:00+00:00,111.44,113.22289431946803
2025-04-24 05:00:00+00:00,119.83,127.59220669154347
2025-04-24 06:00:00+00:00,117.76,109.10310461735625
2025-04-24 07:00:00+00:00,102.13,98.3227189470532
2025-04-24 08:00:00+00:00,93.13,79.14437676793696
2025-04-24 09:00:00+00:00,78.04,74.27533411324877
2025-04-24 10:00:00+00:00,76.74,60.72445059129824
2025-04-24 11:00:00+00:00,70.92,62.00964755278337
2025-04-24 12:00:00+00:00,77.95,64.43190280104695
2025-04-24 13:00:00+00:00,81.15,85.30015203647088
2025-04-24 14:00:00+00:00,86.81,91.57969826493388
2025-04-24 15:00:00+00:00,100.0,102.14487644230532
2025-04-24 16:00:00+00:00,125.93,118.56583709039471
2025-04-24 17:00:00+00:00,123.51,157.26557534641933
2025-04-24 18:00:00+00:00,158.33,154.32043864103352
2025-04-24 19:00:00+00:00,114.48,128.79362904383032
2025-04-24 20:00:00+00:00,106.53,108.44705180020823
2025-04-24 21:00:00+00:00,93.1,105.34579443584953
2025-04-24 22:00:00+00:00,95.64,90.03123665613884
2025-04-24 23:00:00+00:00,84.16,94.35928895342178
2025-04-25 00:00:00+00:00,82.95,85.81414071073058
2025-04-25 01:00:00+00:00,84.68,82.50625945233341
2025-04-25 02:00:00+00:00,86.09,86.73000301425166
2025-04-25 03:00:00+00:00,97.81,90.96792398052358
2025-04-25 04:00:00+00:00,105.5,100.16413574472479
2025-04-25 05:00:00+00:00,113.39,108.55978780545688
2025-04-25 06:00:00+00:00,106.11,106.56664276802303
2025-04-25 07:00:00+00:00,50.03,92.38141468817204
2025-04-25 08:00:00+00:00,42.95,47.47366616033324
2025-04-25 09:00:00+00:00,73.98,48.28210192169306
2025-04-25 10:00:00+00:00,51.29,57.56238719959959
2025-04-25 11:00:00+00:00,50.67,54.02669095718507
2025-04-25 12:00:00+00:00,43.92,52.453644633021575
2025-04-25 13:00:00+00:00,65.54,56.273544911380505
2025-04-25 14:00:00+00:00,80.47,75.02332681425719
2025-04-25 15:00:00+00:00,85.76,90.4969239582797
2025-04-25 16:00:00+00:00,100.69,107.14156594282896
2025-04-25 17:00:00+00:00,116.68,122.47723179045113
2025-04-25 18:00:00+00:00,123.18,142.09571243983132
2025-04-25 19:00:00+00:00,109.63,109.47325724146326
2025-04-25 20:00:00+00:00,100.38,102.81503832360114
2025-04-25 21:00:00+00:00,92.09,97.17015114644872
2025-04-25 22:00:00+00:00,108.7,90.46965339354858
2025-04-25 23:00:00+00:00,94.22,99.91798802480189
2025-04-26 00:00:00+00:00,93.49,89.39665511375388
2025-04-26 01:00:00+00:00,91.85,89.71818840269694
2025-04-26 02:00:00+00:00,91.17,89.26007441606356
2025-04-26 03:00:00+00:00,99.07,93.45612754659838
2025-04-26 04:00:00+00:00,100.08,98.23692901249532
2025-04-26 05:00:00+00:00,97.61,101.31765251807339
2025-04-26 06:00:00+00:00,69.76,87.00499615243343
2025-04-26 07:00:00+00:00,34.45,51.11230785207395
2025-04-26 08:00:00+00:00,2.55,36.258279785387664
2025-04-26 09:00:00+00:00,0.04,5.310287575131112
2025-04-26 10:00:00+00:00,0.04,2.6670401324391166
2025-04-26 11:00:00+00:00,0.04,2.6655214743370443
2025-04-26 12:00:00+00:00,0.04,1.9717592595508495
2025-04-26 13:00:00+00:00,0.04,8.546515403024395
2025-04-26 14:00:00+00:00,1.0,44.64859233401121
2025-04-26 15:00:00+00:00,57.7,54.35142089176349
2025-04-26 16:00:00+00:00,87.2,92.12417308912958
2025-04-26 17:00:00+00:00,111.16,113.98464898180521
2025-04-26 18:00:00+00:00,115.9,119.00792250798912
2025-04-26 19:00:00+00:00,95.53,106.10504545787308
2025-04-26 20:00:00+00:00,86.11,97.98356277709446
2025-04-26 21:00:00+00:00,73.58,89.27956936958228
2025-04-26 22:00:00+00:00,93.65,83.1335251608904
2025-04-26 23:00:00+00:00,68.89,87.70171568847294
2025-04-27 00:00:00+00:00,58.0,67.22325387924394
2025-04-27 01:00:00+00:00,58.7,65.76187587614528
2025-04-27 02:00:00+00:00,64.39,64.73289085764071
2025-04-27 03:00:00+00:00,67.27,67.85032686201485
2025-04-27 04:00:00+00:00,66.86,69.10757667852488
2025-04-27 05:00:00+00:00,62.52,62.31372396057343
2025-04-27 06:00:00+00:00,35.05,53.43780760895055
2025-04-27 07:00:00+00:00,0.04,34.32302925603226
2025-04-27 08:00:00+00:00,0.04,1.2282296001063882
2025-04-27 09:00:00+00:00,0.04,1.468694578031429
2025-04-27 10:00:00+00:00,0.04,1.4551673231970381
2025-04-27 11:00:00+00:00,0.04,1.3473924092173477
2025-04-27 12:00:00+00:00,0.03,1.0991279488059553
2025-04-27 13:00:00+00:00,0.04,1.2959619923141534
2025-04-27 14:00:00+00:00,0.04,11.19873427052569
2025-04-27 15:00:00+00:00,18.36,37.16705990512106
2025-04-27 16:00:00+00:00,93.7,56.44261355573719
2025-04-27 17:00:00+00:00,110.5,102.67243850835199
2025-04-27 18:00:00+00:00,107.36,103.14410577298263
2025-04-27 19:00:00+00:00,100.67,95.5457177726219
2025-04-27 20:00:00+00:00,95.69,94.90978346946325
2025-04-27 21:00:00+00:00,92.61,84.5189864097778
2025-04-27 22:00:00+00:00,93.55,86.58117712963143
2025-04-27 23:00:00+00:00,87.96,83.73456676575083
2025-04-28 00:00:00+00:00,83.64,85.24542653155498
2025-04-28 01:00:00+00:00,86.69,74.72489207415464
2025-04-28 02:00:00+00:00,92.21,84.994383873845
2025-04-28 03:00:00+00:00,100.5,91.65629993558814
2025-04-28 04:00:00+00:00,139.74,103.93494366586005
2025-04-28 05:00:00+00:00,96.5,104.04943113520969
2025-04-28 06:00:00+00:00,38.31,66.85814745466517
2025-04-28 07:00:00+00:00,12.78,27.854592191016362
2025-04-28 08:00:00+00:00,5.0,15.801885167356145
2025-04-28 09:00:00+00:00,0.0,7.754716305919
2025-04-28 10:00:00+00:00,0.0,2.605573261291519
2025-04-28 11:00:00+00:00,0.0,2.740760729240238
2025-04-28 12:00:00+00:00,0.0,2.282724076167527
2025-04-28 13:00:00+00:00,0.0,2.8000615406486746
2025-04-28 14:00:00+00:00,2.16,15.528733608728736
2025-04-28 15:00:00+00:00,73.32,30.28367869502742
2025-04-28 16:00:00+00:00,110.32,82.75519212728102
2025-04-28 17:00:00+00:00,109.86,115.28982246617929
2025-04-28 18:00:00+00:00,110.4,103.21389590192719
2025-04-28 19:00:00+00:00,104.08,91.67411455128641
2025-04-28 20:00:00+00:00,105.73,96.15271742035358
2025-04-28 21:00:00+00:00,97.01,93.40513747847648
2025-04-28 22:00:00+00:00,92.32,88.6097312020062
2025-04-28 23:00:00+00:00,88.35,85.39236404311332
2025-04-29 00:00:00+00:00,83.48,80.90018711753841
2025-04-29 01:00:00+00:00,81.22,72.94893033512963
2025-04-29 02:00:00+00:00,82.35,74.03500396879855
2025-04-29 03:00:00+00:00,91.99,82.07267634466469
2025-04-29 04:00:00+00:00,97.07,102.12096625218743
2025-04-29 05:00:00+00:00,58.2,91.25303524533697
2025-04-29 06:00:00+00:00,1.38,40.227449237438684
2025-04-29 07:00:00+00:00,3.0,3.4714601679234574
2025-04-29 08:00:00+00:00,0.01,3.4148078404631383
2025-04-29 09:00:00+00:00,0.0,1.1549391206311577
2025-04-29 10:00:00+00:00,0.0,1.605932729790832
2025-04-29 11:00:00+00:00,-0.01,1.5329846222310244
2025-04-29 12:00:00+00:00,-0.01,3.2564184893039463
2025-04-29 13:00:00+00:00,0.0,2.3102458229459475
2025-04-29 14:00:00+00:00,15.0,18.49037512161558
2025-04-29 15:00:00+00:00,78.35,53.342653688965136
2025-04-29 16:00:00+00:00,102.0,103.17740250868768
2025-04-29 17:00:00+00:00,107.41,118.41688524090618
2025-04-29 18:00:00+00:00,112.14,116.02444261051805
2025-04-29 19:00:00+00:00,108.82,95.96542447758029
2025-04-29 20:00:00+00:00,107.76,90.58259169127281
2025-04-29 21:00:00+00:00,98.76,88.82363341955165
2025-04-29 22:00:00+00:00,95.0,90.1841007537108
2025-04-29 23:00:00+00:00,90.08,88.36676928217528
2025-04-30 00:00:00+00:00,89.2,83.72446490993946
2025-04-30 01:00:00+00:00,89.46,83.32412026535283
2025-04-30 02:00:00+00:00,90.29,83.76855179818577
2025-04-30 03:00:00+00:00,89.71,97.36655453437594
2025-04-30 04:00:00+00:00,91.35,101.23879614800502
2025-04-30 05:00:00+00:00,48.79,87.10900100030435
2025-04-30 06:00:00+00:00,7.0,45.259898828803145
2025-04-30 07:00:00+00:00,2.99,3.229917418760828
2025-04-30 08:00:00+00:00,0.0,4.731208359918428
2025-04-30 09:00:00+00:00,0.0,2.301282887174366
2025-04-30 10:00:00+00:00,0.0,2.72450761801761
2025-04-30 11:00:00+00:00,-0.01,2.9554652912002024
2025-04-30 12:00:00+00:00,-0.01,2.78826530301799
2025-04-30 13:00:00+00:00,-0.01,4.002212700329598
2025-04-30 14:00:00+00:00,4.41,21.36120623501855
2025-04-30 15:00:00+00:00,80.2,48.6053709567482
2025-04-30 16:00:00+00:00,129.35,100.00759568485171
2025-04-30 17:00:00+00:00,163.2,140.31892537151649
2025-04-30 18:00:00+00:00,163.2,142.52997429201534
2025-04-30 19:00:00+00:00,127.88,131.50194359282588
2025-04-30 20:00:00+00:00,107.12,102.69278239522582
2025-04-30 21:00:00+00:00,89.19,94.49863381360836
2025-04-30 22:00:00+00:00,99.63,83.91652942109215
2025-04-30 23:00:00+00:00,83.63,88.80402719106833
2025-05-01 00:00:00+00:00,80.19,75.65978546110156
2025-05-01 01:00:00+00:00,77.2,73.15857468650881
2025-05-01 02:00:00+00:00,80.71,71.74599837891033
2025-05-01 03:00:00+00:00,82.04,75.67012839009443
2025-05-01 04:00:00+00:00,81.97,77.92799875157743
2025-05-01 05:00:00+00:00,14.36,65.43969367520037
2025-05-01 06:00:00+00:00,8.77,14.494609379279506
2025-05-01 07:00:00+00:00,0.0,7.235545948552605
2025-05-01 08:00:00+00:00,-3.0,3.2934484169843268
2025-05-01 09:00:00+00:00,-20.0,3.574816990158395
2025-05-01 10:00:00+00:00,-20.0,8.538720686025396
2025-05-01 11:00:00+00:00,-50.0,9.837758996721565
2025-05-01 12:00:00+00:00,-50.0,10.775604230838487
2025-05-01 13:00:00+00:00,-25.0,10.763785005132057
2025-05-01 14:00:00+00:00,-5.17,12.868896077914
2025-05-01 15:00:00+00:00,7.54,41.4627832446939
2025-05-01 16:00:00+00:00,92.59,60.06520746353066
2025-05-01 17:00:00+00:00,85.95,121.60838849956717
2025-05-01 18:00:00+00:00,82.49,124.0790582626323
2025-05-01 19:00:00+00:00,96.04,110.3216802748154
2025-05-01 20:00:00+00:00,97.1,91.1219226181722
2025-05-01 21:00:00+00:00,86.5,87.95910986980951
2025-05-01 22:00:00+00:00,88.54,84.39390054557676
2025-05-01 23:00:00+00:00,73.03,79.5614370846056
2025-05-02 00:00:00+00:00,62.83,69.58791705405761
2025-05-02 01:00:00+00:00,62.38,61.08164900586714
2025-05-02 02:00:00+00:00,66.33,62.047979937980365
2025-05-02 03:00:00+00:00,76.6,70.01995065651407
2025-05-02 04:00:00+00:00,87.84,79.82082844089913
2025-05-02 05:00:00+00:00,79.75,81.83131964233831
2025-05-02 06:00:00+00:00,13.63,65.32614784467987
2025-05-02 07:00:00+00:00,7.0,22.27042332900784
2025-05-02 08:00:00+00:00,0.02,6.541563290512928
2025-05-02 09:00:00+00:00,0.0,2.820883932061707
2025-05-02 10:00:00+00:00,0.0,2.736814561747818
2025-05-02 11:00:00+00:00,0.0,2.4804114953359595
2025-05-02 12:00:00+00:00,0.0,2.3575558234377154
2025-05-02 13:00:00+00:00,0.0,3.2048164608869474
2025-05-02 14:00:00+00:00,0.3,10.013451751174795
2025-05-02 15:00:00+00:00,69.83,28.873242458996593
2025-05-02 16:00:00+00:00,102.45,84.43352900302814
2025-05-02 17:00:00+00:00,125.54,111.31649121955458
2025-05-02 18:00:00+00:00,148.78,119.66169034633418
2025-05-02 19:00:00+00:00,123.13,108.15700213700497
2025-05-02 20:00:00+00:00,108.69,95.6175772814467
2025-05-02 21:00:00+00:00,98.46,95.3891653228436
2025-05-02 22:00:00+00:00,99.47,92.26444452421546
2025-05-02 23:00:00+00:00,95.16,89.58694889799652
2025-05-03 00:00:00+00:00,93.69,90.8825920991689
2025-05-03 01:00:00+00:00,91.95,90.45347483867036
2025-05-03 02:00:00+00:00,89.72,89.15229508729648
2025-05-03 03:00:00+00:00,89.89,88.72126004730471
2025-05-03 04:00:00+00:00,89.0,89.64247504623471
2025-05-03 05:00:00+00:00,74.93,83.85762663049083
2025-05-03 06:00:00+00:00,20.93,42.91839803249236
2025-05-03 07:00:00+00:00,12.59,12.833935662168594
2025-05-03 08:00:00+00:00,0.01,12.363564350086653
2025-05-03 09:00:00+00:00,0.0,2.6488438560914314
2025-05-03 10:00:00+00:00,0.0,0.9442382775209885
2025-05-03 11:00:00+00:00,0.0,1.0741523400307023
2025-05-03 12:00:00+00:00,0.0,0.9545941205108524
2025-05-03 13:00:00+00:00,0.0,1.8741428162216056
2025-05-03 14:00:00+00:00,0.01,13.730261444638966
2025-05-03 15:00:00+00:00,29.46,43.017269683368276
2025-05-03 16:00:00+00:00,81.71,74.48405356951004
2025-05-03 17:00:00+00:00,94.9,103.4943289467698
2025-05-03 18:00:00+00:00,123.0,125.56290266862801
2025-05-03 19:00:00+00:00,103.17,105.77974696190978
2025-05-03 20:00:00+00:00,85.89,94.7756638539977
2025-05-03 21:00:00+00:00,85.11,83.92159800485244
2025-05-03 22:00:00+00:00,86.02,86.84717877916178
2025-05-03 23:00:00+00:00,52.0,85.99526130925891
2025-05-04 00:00:00+00:00,34.39,63.17664918459062
2025-05-04 01:00:00+00:00,21.14,44.943616543838225
2025-05-04 02:00:00+00:00,20.31,23.562461650897443
2025-05-04 03:00:00+00:00,48.58,28.83982096510161
2025-05-04 04:00:00+00:00,13.62,58.574264524334794
2025-05-04 05:00:00+00:00,7.83,14.853376026854775
2025-05-04 06:00:00+00:00,2.93,4.100417170569682
2025-05-04 07:00:00+00:00,0.0,4.03415480966964
2025-05-04 08:00:00+00:00,0.0,1.4716931931599775
2025-05-04 09:00:00+00:00,0.0,1.706789451994364
2025-05-04 10:00:00+00:00,0.0,1.9593155059182397
2025-05-04 11:00:00+00:00,0.0,2.177295482415367
2025-05-04 12:00:00+00:00,0.0,2.672043309128971
2025-05-04 13:00:00+00:00,0.0,1.5823706596538838
2025-05-04 14:00:00+00:00,0.0,3.4504355405755325
2025-05-04 15:00:00+00:00,10.54,11.761170860201934
2025-05-04 16:00:00+00:00,83.59,49.77098564435684
2025-05-04 17:00:00+00:00,99.03,95.18595797661501
2025-05-04 18:00:00+00:00,109.01,112.44415429754103
2025-05-04 19:00:00+00:00,106.68,90.90071970859753
2025-05-04 20:00:00+00:00,100.1,90.16168935670123
2025-05-04 21:00:00+00:00,89.78,87.5655193004915
2025-05-04 22:00:00+00:00,69.71,79.752578225039
2025-05-04 23:00:00+00:00,71.84,57.382518262693274
2025-05-05 00:00:00+00:00,65.71,70.0881730164015
2025-05-05 01:00:00+00:00,67.88,66.81484691533578
2025-05-05 02:00:00+00:00,70.04,70.60741158300819
2025-05-05 03:00:00+00:00,89.09,75.84093878249894
2025-05-05 04:00:00+00:00,106.8,102.2880923508549
2025-05-05 05:00:00+00:00,126.68,101.42160208917139
2025-05-05 06:00:00+00:00,111.0,115.08061225836218
2025-05-05 07:00:00+00:00,96.17,95.91238305852423
2025-05-05 08:00:00+00:00,88.21,76.39375704866112
2025-05-05 09:00:00+00:00,69.17,56.57810303399148
2025-05-05 10:00:00+00:00,50.0,48.543617799268496
2025-05-05 11:00:00+00:00,50.0,43.22758276195044
2025-05-05 12:00:00+00:00,58.85,45.61421401800037
2025-05-05 13:00:00+00:00,60.0,61.612541980363055
2025-05-05 14:00:00+00:00,80.25,63.67658081626574
2025-05-05 15:00:00+00:00,96.71,82.58936469887203
2025-05-05 16:00:00+00:00,115.02,103.07738896327794
2025-05-05 17:00:00+00:00,139.02,124.56902175166832
2025-05-05 18:00:00+00:00,206.32,130.2223024061251
2025-05-05 19:00:00+00:00,130.45,154.76729020733003
2025-05-05 20:00:00+00:00,108.69,106.73749882427246
2025-05-05 21:00:00+00:00,98.27,97.61660693092827
2025-05-05 22:00:00+00:00,85.1,90.84886787958348
2025-05-05 23:00:00+00:00,78.85,82.46726090967144
2025-05-06 00:00:00+00:00,75.98,75.96428436626478
2025-05-06 01:00:00+00:00,74.84,74.46199570978715
2025-05-06 02:00:00+00:00,82.5,74.92646957666315
2025-05-06 03:00:00+00:00,95.12,86.77992809689442
2025-05-06 04:00:00+00:00,111.09,97.65251441001142
2025-05-06 05:00:00+00:00,122.59,120.26734061767438
2025-05-06 06:00:00+00:00,98.87,109.3407686347619
2025-05-06 07:00:00+00:00,82.2,86.80630016721449
2025-05-06 08:00:00+00:00,70.21,73.77042286253717
2025-05-06 09:00:00+00:00,65.45,66.80646213947708
2025-05-06 10:00:00+00:00,55.0,52.380559932079024
2025-05-06 11:00:00+00:00,31.39,45.703840768924174
2025-05-06 12:00:00+00:00,55.0,38.20630531682139
2025-05-06 13:00:00+00:00,77.18,55.873112831438696
2025-05-06 14:00:00+00:00,82.73,78.6469132222408
2025-05-06 15:00:00+00:00,101.79,90.51212956705504
2025-05-06 16:00:00+00:00,120.61,116.86459878834397
2025-05-06 17:00:00+00:00,147.99,140.6792297729644
2025-05-06 18:00:00+00:00,149.25,159.38346768547063
2025-05-06 19:00:00+00:00,131.78,121.57093359275673
2025-05-06 20:00:00+00:00,111.28,108.4131369551475
2025-05-06 21:00:00+00:00,100.45,98.76540265700925
2025-05-06 22:00:00+00:00,96.23,93.96975753004067
2025-05-06 23:00:00+00:00,90.55,91.24457636706352
2025-05-07 00:00:00+00:00,88.7,85.86274431721405
2025-05-07 01:00:00+00:00,91.04,85.14077201209003
2025-05-07 02:00:00+00:00,93.07,88.2331967588798
2025-05-07 03:00:00+00:00,102.38,94.06616145451841
2025-05-07 04:00:00+00:00,126.23,103.80440165434942
2025-05-07 05:00:00+00:00,127.97,116.03137966731445
2025-05-07 06:00:00+00:00,87.65,100.54783345058182
2025-05-07 07:00:00+00:00,22.26,77.47453916690618
2025-05-07 08:00:00+00:00,15.0,16.405980379093265
2025-05-07 09:00:00+00:00,35.0,12.247799388534297
2025-05-07 10:00:00+00:00,18.79,33.98654650245681
2025-05-07 11:00:00+00:00,15.64,16.19777819200509
2025-05-07 12:00:00+00:00,22.49,20.399244908901753
2025-05-07 13:00:00+00:00,35.24,49.601393505417235
2025-05-07 14:00:00+00:00,50.58,57.66453989505826
2025-05-07 15:00:00+00:00,88.98,84.56719013239659
2025-05-07 16:00:00+00:00,113.69,113.58967189241672
2025-05-07 17:00:00+00:00,135.39,149.67377720365585
2025-05-07 18:00:00+00:00,165.52,162.39948864322233
2025-05-07 19:00:00+00:00,130.08,126.0673640007328
2025-05-07 20:00:00+00:00,110.9,107.93084172388555
2025-05-07 21:00:00+00:00,99.48,98.10098615639664
2025-05-07 22:00:00+00:00,99.35,92.80361367750491
2025-05-07 23:00:00+00:00,94.99,91.6336669255713
2025-05-08 00:00:00+00:00,94.87,91.90312851878922
2025-05-08 01:00:00+00:00,97.17,91.8301686332468
2025-05-08 02:00:00+00:00,95.86,94.8395113411987
2025-05-08 03:00:00+00:00,113.64,95.54735405086527
2025-05-08 04:00:00+00:00,127.34,117.9716482082834
2025-05-08 05:00:00+00:00,136.19,105.02286848792039
2025-05-08 06:00:00+00:00,120.74,102.5375431552337
2025-05-08 07:00:00+00:00,88.35,89.48659667246437
2025-05-08 08:00:00+00:00,45.03,65.32443089367834
2025-05-08 09:00:00+00:00,75.0,40.80556944057882
2025-05-08 10:00:00+00:00,59.68,53.725876447359376
2025-05-08 11:00:00+00:00,37.2,50.06251975457867
2025-05-08 12:00:00+00:00,30.0,34.225483261442626
2025-05-08 13:00:00+00:00,65.0,36.43250448117009
2025-05-08 14:00:00+00:00,92.2,62.68469548116191
2025-05-08 15:00:00+00:00,119.19,93.05437158163085
2025-05-08 16:00:00+00:00,145.23,122.77489299617909
2025-05-08 17:00:00+00:00,177.0,144.88861315249568
2025-05-08 18:00:00+00:00,222.3,169.88451512361382
2025-05-08 19:00:00+00:00,161.17,169.4542588584956
2025-05-08 20:00:00+00:00,145.25,117.73018081220094
2025-05-08 21:00:00+00:00,126.23,111.9996947143265
2025-05-08 22:00:00+00:00,101.34,107.0369657639254
2025-05-08 23:00:00+00:00,99.59,95.36771108579167
2025-05-09 00:00:00+00:00,96.66,96.98048630058301
2025-05-09 01:00:00+00:00,97.98,95.34085339014453
2025-05-09 02:00:00+00:00,99.86,94.9555954194198
2025-05-09 03:00:00+00:00,109.13,105.92998846778299
2025-05-09 04:00:00+00:00,134.47,119.77071979991321
2025-05-09 05:00:00+00:00,128.72,126.47494494502229
2025-05-09 06:00:00+00:00,94.37,110.07228274097726
2025-05-09 07:00:00+00:00,84.78,82.76895258400612
2025-05-09 08:00:00+00:00,54.23,68.54636771822535
2025-05-09 09:00:00+00:00,48.0,60.528680010037675
2025-05-09 10:00:00+00:00,48.0,49.42610661529015
2025-05-09 11:00:00+00:00,32.53,40.7804302119641
2025-05-09 12:00:00+00:00,10.0,40.672375117629706
2025-05-09 13:00:00+00:00,31.21,53.302083348377316
2025-05-09 14:00:00+00:00,73.31,60.47297655248246
2025-05-09 15:00:00+00:00,95.32,98.64676808047263
2025-05-09 16:00:00+00:00,128.39,118.05036995047412
2025-05-09 17:00:00+00:00,165.49,161.9215316095703
2025-05-09 18:00:00+00:00,191.34,176.80868268967515
2025-05-09 19:00:00+00:00,153.3,156.56607995827366
2025-05-09 20:00:00+00:00,134.33,121.36691732726517
2025-05-09 21:00:00+00:00,109.17,116.42259921489314
2025-05-09 22:00:00+00:00,119.98,101.85872750023692
2025-05-09 23:00:00+00:00,105.33,104.83155671773642
2025-05-10 00:00:00+00:00,101.13,102.67774493224928
2025-05-10 01:00:00+00:00,96.5,99.48239339732503
2025-05-10 02:00:00+00:00,100.67,95.47591560278438
2025-05-10 03:00:00+00:00,100.46,103.16773296660052
2025-05-10 04:00:00+00:00,97.61,104.55264886833518
2025-05-10 05:00:00+00:00,92.61,101.39893306524866
2025-05-10 06:00:00+00:00,71.18,84.64603198771353
2025-05-10 07:00:00+00:00,10.0,55.50411379527819
2025-05-10 08:00:00+00:00,2.94,8.502618139830053
2025-05-10 09:00:00+00:00,5.12,3.2451329713868113
2025-05-10 10:00:00+00:00,5.0,3.4619564498926834
2025-05-10 11:00:00+00:00,3.0,4.398700173147574
2025-05-10 12:00:00+00:00,5.52,5.21874896015541
2025-05-10 13:00:00+00:00,5.11,36.76629009396044
2025-05-10 14:00:00+00:00,66.92,67.36956389521039
2025-05-10 15:00:00+00:00,94.61,80.27197941012255
2025-05-10 16:00:00+00:00,102.16,107.62515167317301
2025-05-10 17:00:00+00:00,120.78,124.07918818484433
2025-05-10 18:00:00+00:00,125.34,145.92857236825247
2025-05-10 19:00:00+00:00,133.69,128.66492782157485
2025-05-10 20:00:00+00:00,114.81,112.98624945299538
2025-05-10 21:00:00+00:00,97.67,104.37165347531358
2025-05-10 22:00:00+00:00,99.35,96.1889295605376
2025-05-10 23:00:00+00:00,98.05,92.8103662265525
2025-05-11 00:00:00+00:00,96.58,92.7986080264257
2025-05-11 01:00:00+00:00,98.54,91.37550251328842
2025-05-11 02:00:00+00:00,98.55,94.09086123404975
2025-05-11 03:00:00+00:00,98.54,94.65002864901845
2025-05-11 04:00:00+00:00,90.63,93.49714813617724
2025-05-11 05:00:00+00:00,67.78,85.16997404949907
2025-05-11 06:00:00+00:00,4.96,52.8992437240122
2025-05-11 07:00:00+00:00,0.04,4.836986331078555
2025-05-11 08:00:00+00:00,0.04,1.1063356562205318
2025-05-11 09:00:00+00:00,0.04,1.0770147815070097
2025-05-11 10:00:00+00:00,0.04,1.2323133756092401
2025-05-11 11:00:00+00:00,0.04,1.0127307913180728
2025-05-11 12:00:00+00:00,0.04,1.0384125189383027
2025-05-11 13:00:00+00:00,3.0,2.2334296518418615
2025-05-11 14:00:00+00:00,42.64,61.82693464205938
2025-05-11 15:00:00+00:00,87.61,69.09550997947034
2025-05-11 16:00:00+00:00,129.98,97.73577329279567
2025-05-11 17:00:00+00:00,153.3,130.12736033899208
2025-05-11 18:00:00+00:00,184.0,131.79456431819779
2025-05-11 19:00:00+00:00,124.86,153.0064345392122
2025-05-11 20:00:00+00:00,110.68,107.58576665543842
2025-05-11 21:00:00+00:00,104.71,100.78003065892558
2025-05-11 22:00:00+00:00,102.17,99.67091431835331
2025-05-11 23:00:00+00:00,90.74,97.78482794549089
2025-05-12 00:00:00+00:00,89.06,86.76591500695316
2025-05-12 01:00:00+00:00,84.4,85.8146176525115
2025-05-12 02:00:00+00:00,88.17,84.60040402309518
2025-05-12 03:00:00+00:00,105.05,93.49427834859827
2025-05-12 04:00:00+00:00,155.92,107.9474685457478
2025-05-12 05:00:00+00:00,157.53,137.0866699087403
2025-05-12 06:00:00+00:00,120.18,116.72929494101662
2025-05-12 07:00:00+00:00,84.87,86.59815836339357
2025-05-12 08:00:00+00:00,48.26,76.80700334529422
2025-05-12 09:00:00+00:00,38.14,40.53392348972049
2025-05-12 10:00:00+00:00,55.0,41.813329697786656
2025-05-12 11:00:00+00:00,58.0,57.119634563629795
2025-05-12 12:00:00+00:00,57.22,56.20199507538028
2025-05-12 13:00:00+00:00,65.0,64.16789287127844
2025-05-12 14:00:00+00:00,83.33,70.31434259176264
2025-05-12 15:00:00+00:00,111.38,93.5243757830421
2025-05-12 16:00:00+00:00,178.22,132.204053150994
2025-05-12 17:00:00+00:00,263.17,172.11493653381
2025-05-12 18:00:00+00:00,361.77,233.30601331564156
2025-05-12 19:00:00+00:00,167.76,238.25282547619042
2025-05-12 20:00:00+00:00,163.22,125.13735200913575
2025-05-12 21:00:00+00:00,109.88,122.35458568453177
2025-05-12 22:00:00+00:00,104.56,103.95958551667205
2025-05-12 23:00:00+00:00,95.23,96.93589200068782
2025-05-13 00:00:00+00:00,94.31,93.29055501789487
2025-05-13 01:00:00+00:00,96.39,91.82179424310698
2025-05-13 02:00:00+00:00,99.34,94.39511887545503
2025-05-13 03:00:00+00:00,116.79,100.05075636742005
2025-05-13 04:00:00+00:00,137.26,136.80686355802985
2025-05-13 05:00:00+00:00,128.53,142.74419324251738
2025-05-13 06:00:00+00:00,100.45,115.79192578273779
2025-05-13 07:00:00+00:00,81.78,87.23170665844933
2025-05-13 08:00:00+00:00,29.44,76.71748006018443
2025-05-13 09:00:00+00:00,16.97,29.95875144676414
2025-05-13 10:00:00+00:00,26.74,21.780822210078227
2025-05-13 11:00:00+00:00,36.99,31.637285920548397
2025-05-13 12:00:00+00:00,39.3,65.70205992961803
2025-05-13 13:00:00+00:00,49.63,70.50029566321115
2025-05-13 14:00:00+00:00,87.95,79.7203943154627
2025-05-13 15:00:00+00:00,93.01,104.85300934162446
2025-05-13 16:00:00+00:00,115.26,132.03575200810445
2025-05-13 17:00:00+00:00,175.78,170.88038914891297
2025-05-13 18:00:00+00:00,321.14,223.3333018832843
2025-05-13 19:00:00+00:00,157.84,197.7761075000001
2025-05-13 20:00:00+00:00,128.54,141.78245879367248
2025-05-13 21:00:00+00:00,108.11,114.05214820774587
2025-05-13 22:00:00+00:00,113.82,103.39106949951565
2025-05-13 23:00:00+00:00,104.81,103.6467939327973
2025-05-14 00:00:00+00:00,104.18,101.7547045202419
2025-05-14 01:00:00+00:00,102.11,101.39577086464008
2025-05-14 02:00:00+00:00,102.13,100.4642672421179
2025-05-14 03:00:00+00:00,110.03,108.82027764721968
2025-05-14 04:00:00+00:00,138.55,128.17757186015467
2025-05-14 05:00:00+00:00,122.11,133.60703465523034
2025-05-14 06:00:00+00:00,99.74,101.02212181199263
2025-05-14 07:00:00+00:00,72.56,74.13970038353072
2025-05-14 08:00:00+00:00,9.92,51.13891799634316
2025-05-14 09:00:00+00:00,12.69,9.481376522690878
2025-05-14 10:00:00+00:00,17.79,12.247102204099473
2025-05-14 11:00:00+00:00,14.17,17.859615578857095
2025-05-14 12:00:00+00:00,15.82,23.709561000591393
2025-05-14 13:00:00+00:00,28.51,53.84494241768653
2025-05-14 14:00:00+00:00,60.4,58.799922883664685
2025-05-14 15:00:00+00:00,116.85,83.35837116704722
2025-05-14 16:00:00+00:00,153.3,126.79127721725906
2025-05-14 17:00:00+00:00,214.54,181.7738948586628
2025-05-14 18:00:00+00:00,353.1,252.07515331720518
2025-05-14 19:00:00+00:00,142.35,241.380992142857
2025-05-14 20:00:00+00:00,116.67,126.98827013247363
2025-05-14 21:00:00+00:00,107.33,109.33072421727839
2025-05-14 22:00:00+00:00,105.02,104.06688687195377
2025-05-14 23:00:00+00:00,96.8,99.49172640120385
2025-05-15 00:00:00+00:00,94.76,95.3823741383402
2025-05-15 01:00:00+00:00,95.66,93.29417955474639
2025-05-15 02:00:00+00:00,98.04,95.22703706154235
2025-05-15 03:00:00+00:00,105.68,107.68601575176882
2025-05-15 04:00:00+00:00,126.61,123.10148708020013
2025-05-15 05:00:00+00:00,131.0,120.1129351006741
2025-05-15 06:00:00+00:00,99.71,120.18021112980783
2025-05-15 07:00:00+00:00,70.34,80.08219617197553
2025-05-15 08:00:00+00:00,13.62,49.8051102543841
2025-05-15 09:00:00+00:00,21.3,15.928925733061842
2025-05-15 10:00:00+00:00,18.32,20.3469342386744
2025-05-15 11:00:00+00:00,12.77,18.23311933339495
2025-05-15 12:00:00+00:00,35.0,15.41612657209759
2025-05-15 13:00:00+00:00,83.0,43.94430978387765
2025-05-15 14:00:00+00:00,82.0,86.96316011312541
2025-05-15 15:00:00+00:00,108.0,108.01063602386238
2025-05-15 16:00:00+00:00,109.87,134.20925364793825
2025-05-15 17:00:00+00:00,136.98,153.1905524200818
2025-05-15 18:00:00+00:00,166.49,199.72971512243075
2025-05-15 19:00:00+00:00,129.91,142.65702442937055
2025-05-15 20:00:00+00:00,113.27,116.19421851099202
2025-05-15 21:00:00+00:00,107.03,105.04356286727767
2025-05-15 22:00:00+00:00,100.04,100.30860078944767
2025-05-15 23:00:00+00:00,90.16,94.55343858920858
2025-05-16 00:00:00+00:00,87.42,87.23093462341205
2025-05-16 01:00:00+00:00,86.65,86.7548947431063
2025-05-16 02:00:00+00:00,90.49,86.33023491050568
2025-05-16 03:00:00+00:00,97.37,97.00806546744542
2025-05-16 04:00:00+00:00,111.1,117.28441890475753
2025-05-16 05:00:00+00:00,116.65,127.04519916726345
2025-05-16 06:00:00+00:00,108.81,109.85067580299287
2025-05-16 07:00:00+00:00,94.76,103.92584995033849
2025-05-16 08:00:00+00:00,88.15,86.56923452302452
2025-05-16 09:00:00+00:00,60.0,80.89196201148863
2025-05-16 10:00:00+00:00,44.69,59.657387589618494
2025-05-16 11:00:00+00:00,54.09,51.254564923229864
2025-05-16 12:00:00+00:00,60.0,52.11249800828925
2025-05-16 13:00:00+00:00,88.17,69.94414780234622
2025-05-16 14:00:00+00:00,93.23,90.29958820728392
2025-05-16 15:00:00+00:00,106.06,100.2134742444606
2025-05-16 16:00:00+00:00,153.29,113.52745744758995
2025-05-16 17:00:00+00:00,130.34,144.34539063587712
2025-05-16 18:00:00+00:00,196.33,145.87975361166824
2025-05-16 19:00:00+00:00,153.29,154.45557672020212
2025-05-16 20:00:00+00:00,116.86,127.25838248541885
2025-05-16 21:00:00+00:00,119.31,107.63518335862987
2025-05-16 22:00:00+00:00,94.21,106.76125939376533
2025-05-16 23:00:00+00:00,94.36,89.5884973257962
2025-05-17 00:00:00+00:00,89.47,89.95678538188764
2025-05-17 01:00:00+00:00,89.77,85.96951267561282
2025-05-17 02:00:00+00:00,91.05,86.78467195953688
2025-05-17 03:00:00+00:00,95.81,93.79879106075661
2025-05-17 04:00:00+00:00,92.68,96.38579579158899
2025-05-17 05:00:00+00:00,90.5,90.83401112529147
2025-05-17 06:00:00+00:00,60.43,79.98716608458847
2025-05-17 07:00:00+00:00,1.0,54.32099287395324
2025-05-17 08:00:00+00:00,0.0,2.616648210840477
2025-05-17 09:00:00+00:00,0.0,0.5877404562765144
2025-05-17 10:00:00+00:00,0.0,1.4028711976758665
2025-05-17 11:00:00+00:00,0.0,2.2043230093272674
2025-05-17 12:00:00+00:00,0.0,2.0616752920478425
2025-05-17 13:00:00+00:00,0.0,8.750033636526592
2025-05-17 14:00:00+00:00,13.63,31.569618742638816
2025-05-17 15:00:00+00:00,57.37,66.57544901609222
2025-05-17 16:00:00+00:00,127.67,106.59838852690753
2025-05-17 17:00:00+00:00,157.11,138.6960197384874
2025-05-17 18:00:00+00:00,205.33,163.3493417635097
2025-05-17 19:00:00+00:00,169.51,155.834167925291
2025-05-17 20:00:00+00:00,153.29,126.7888482096537
2025-05-17 21:00:00+00:00,147.21,120.93749403453643
2025-05-17 22:00:00+00:00,108.09,113.56279682506194
2025-05-17 23:00:00+00:00,102.45,98.86156761549418
2025-05-18 00:00:00+00:00,99.56,100.064571847245
2025-05-18 01:00:00+00:00,98.38,97.43032314199439
2025-05-18 02:00:00+00:00,99.34,96.29109138722191
2025-05-18 03:00:00+00:00,99.0,98.336968926876
2025-05-18 04:00:00+00:00,92.11,97.3734174079745
2025-05-18 05:00:00+00:00,87.99,86.79233635633524
2025-05-18 06:00:00+00:00,45.32,67.28265884809315
2025-05-18 07:00:00+00:00,8.56,32.386321680963306
2025-05-18 08:00:00+00:00,0.0,14.264556850937549
2025-05-18 09:00:00+00:00,0.0,2.8575631707379876
2025-05-18 10:00:00+00:00,0.0,2.5674256257327714
2025-05-18 11:00:00+00:00,0.0,2.8751560434079
2025-05-18 12:00:00+00:00,0.0,3.1599614134962666
2025-05-18 13:00:00+00:00,0.0,5.580976314647916
2025-05-18 14:00:00+00:00,0.0,16.911654274778734
2025-05-18 15:00:00+00:00,25.34,35.05481382162786
2025-05-18 16:00:00+00:00,96.02,93.19183875
2025-05-18 17:00:00+00:00,131.0,128.78076773010827
2025-05-18 18:00:00+00:00,153.3,158.57741114543091
2025-05-18 19:00:00+00:00,132.39,142.445305950109
2025-05-18 20:00:00+00:00,120.04,123.33236955082944
2025-05-18 21:00:00+00:00,105.82,108.03715748017295
2025-05-18 22:00:00+00:00,112.56,99.9254134391914
2025-05-18 23:00:00+00:00,105.98,100.09693761441056
2025-05-19 00:00:00+00:00,99.06,104.3907757821633
2025-05-19 01:00:00+00:00,95.88,96.34427667460328
2025-05-19 02:00:00+00:00,105.75,93.80353821061368
2025-05-19 03:00:00+00:00,118.57,106.30465070001232
2025-05-19 04:00:00+00:00,139.58,136.79904759276718
2025-05-19 05:00:00+00:00,135.16,137.75598864024286
2025-05-19 06:00:00+00:00,89.3,115.47707896792582
2025-05-19 07:00:00+00:00,65.0,82.24535458492723
2025-05-19 08:00:00+00:00,20.03,44.69172061981901
2025-05-19 09:00:00+00:00,29.03,18.735367929918777
2025-05-19 10:00:00+00:00,12.77,23.430510419654652
2025-05-19 11:00:00+00:00,5.0,21.59023977818064
2025-05-19 12:00:00+00:00,8.0,10.877390869050299
2025-05-19 13:00:00+00:00,29.0,32.53054495380109
2025-05-19 14:00:00+00:00,81.99,52.518175107284826
2025-05-19 15:00:00+00:00,105.36,89.51899629060435
2025-05-19 16:00:00+00:00,124.08,124.6906778255252
2025-05-19 17:00:00+00:00,153.29,148.13093767464295
2025-05-19 18:00:00+00:00,230.28,164.3981281265313
2025-05-19 19:00:00+00:00,153.85,194.34853287236314
2025-05-19 20:00:00+00:00,136.23,139.14527798825705
2025-05-19 21:00:00+00:00,119.34,114.107049515264
2025-05-19 22:00:00+00:00,121.89,107.95740207499591
2025-05-19 23:00:00+00:00,110.55,109.04362850233618
2025-05-20 00:00:00+00:00,107.96,105.86483440295713
2025-05-20 01:00:00+00:00,111.42,104.58330634430949
2025-05-20 02:00:00+00:00,123.84,107.67190245916262
2025-05-20 03:00:00+00:00,133.98,123.91210688905318
2025-05-20 04:00:00+00:00,145.25,149.93892716512863
2025-05-20 05:00:00+00:00,134.4,131.30569835619022
2025-05-20 06:00:00+00:00,88.83,110.14320227136048
2025-05-20 07:00:00+00:00,31.61,80.36296943748967
2025-05-20 08:00:00+00:00,55.0,28.647932814913087
2025-05-20 09:00:00+00:00,15.99,50.599121933353175
2025-05-20 10:00:00+00:00,24.1,17.290471816761848
2025-05-20 11:00:00+00:00,26.34,23.746763319538395
2025-05-20 12:00:00+00:00,38.41,31.251589624757862
2025-05-20 13:00:00+00:00,63.22,54.61348345881318
2025-05-20 14:00:00+00:00,93.92,69.50783332355749
2025-05-20 15:00:00+00:00,109.38,98.40900404223162
2025-05-20 16:00:00+00:00,140.91,118.39889142429007
2025-05-20 17:00:00+00:00,242.78,169.1249705964874
2025-05-20 18:00:00+00:00,298.63,256.06738954085836
2025-05-20 19:00:00+00:00,176.41,183.79100589781757
2025-05-20 20:00:00+00:00,136.97,140.8552947299438
2025-05-20 21:00:00+00:00,114.82,118.12906602598831
2025-05-20 22:00:00+00:00,196.44,114.73726629291195
2025-05-20 23:00:00+00:00,180.16,150.81317994590287
2025-05-21 00:00:00+00:00,176.2,152.06158874668787
2025-05-21 01:00:00+00:00,181.11,146.60825399194746
2025-05-21 02:00:00+00:00,193.89,159.85216290146994
2025-05-21 03:00:00+00:00,221.78,172.99752155787428
2025-05-21 04:00:00+00:00,223.97,180.55156565985916
2025-05-21 05:00:00+00:00,138.0,173.44680341042528
2025-05-21 06:00:00+00:00,89.44,123.09274324255748
2025-05-21 07:00:00+00:00,84.82,83.19140417399807
2025-05-21 08:00:00+00:00,42.22,77.22089163671745
2025-05-21 09:00:00+00:00,57.3,46.800402397856175
2025-05-21 10:00:00+00:00,50.0,58.718462550879536
2025-05-21 11:00:00+00:00,45.17,50.69056858208163
2025-05-21 12:00:00+00:00,60.96,38.830602017953424
2025-05-21 13:00:00+00:00,101.77,60.13620703914167
2025-05-21 14:00:00+00:00,117.33,103.46724269885163
2025-05-21 15:00:00+00:00,178.77,127.03594491891604
2025-05-21 16:00:00+00:00,226.18,168.30849510904915
2025-05-21 17:00:00+00:00,292.13,280.21804173603635
2025-05-21 18:00:00+00:00,355.0,307.49083772950087
2025-05-21 19:00:00+00:00,189.04,233.7007218572181
2025-05-21 20:00:00+00:00,158.0,151.34466248933802
2025-05-21 21:00:00+00:00,158.77,127.74063979287672
2025-05-21 22:00:00+00:00,104.93,159.64774656368726
2025-05-21 23:00:00+00:00,95.73,111.55504191832044
2025-05-22 00:00:00+00:00,89.78,101.88561152135455
2025-05-22 01:00:00+00:00,90.54,98.72888487238085
2025-05-22 02:00:00+00:00,90.65,97.39192737705332
2025-05-22 03:00:00+00:00,97.46,107.93737208883725
2025-05-22 04:00:00+00:00,117.39,127.19361213859585
2025-05-22 05:00:00+00:00,120.39,122.37351235258193
2025-05-22 06:00:00+00:00,92.0,106.2197147289095
2025-05-22 07:00:00+00:00,79.17,81.31493693282373
2025-05-22 08:00:00+00:00,50.0,58.32564538045521
2025-05-22 09:00:00+00:00,65.52,45.37840081722318
2025-05-22 10:00:00+00:00,40.89,48.56102407478988
2025-05-22 11:00:00+00:00,50.0,54.95235970461087
2025-05-22 12:00:00+00:00,65.01,57.95225610600993
2025-05-22 13:00:00+00:00,92.96,86.18087896380592
2025-05-22 14:00:00+00:00,88.99,92.11884505249918
2025-05-22 15:00:00+00:00,110.09,107.18229938284944
2025-05-22 16:00:00+00:00,123.79,158.20953412999617
2025-05-22 17:00:00+00:00,132.38,173.17640239510283
2025-05-22 18:00:00+00:00,183.66,204.56518025125402
2025-05-22 19:00:00+00:00,137.35,165.22949602875448
2025-05-22 20:00:00+00:00,121.47,136.1708535905085
2025-05-22 21:00:00+00:00,115.61,121.48181182847908
2025-05-22 22:00:00+00:00,108.5,107.39825329565566
2025-05-22 23:00:00+00:00,99.49,101.11002476950647
2025-05-23 00:00:00+00:00,92.84,97.53977977773172
2025-05-23 01:00:00+00:00,92.53,90.1950575352713
2025-05-23 02:00:00+00:00,100.68,90.16203060466427
2025-05-23 03:00:00+00:00,116.43,102.4393049122007
2025-05-23 04:00:00+00:00,138.42,118.22191093940778
2025-05-23 05:00:00+00:00,145.0,133.54436084386873
2025-05-23 06:00:00+00:00,100.66,117.13252279947774
2025-05-23 07:00:00+00:00,65.0,90.06036737482754
2025-05-23 08:00:00+00:00,55.0,57.83459677924667
2025-05-23 09:00:00+00:00,55.0,53.08196810343108
2025-05-23 10:00:00+00:00,46.18,56.67628092958918
2025-05-23 11:00:00+00:00,45.37,49.61418413729141
2025-05-23 12:00:00+00:00,55.0,52.50468058283605
2025-05-23 13:00:00+00:00,77.37,73.56328105501427
2025-05-23 14:00:00+00:00,98.56,86.2474975124628
2025-05-23 15:00:00+00:00,99.63,106.43018890239864
2025-05-23 16:00:00+00:00,126.87,125.23000653138847
2025-05-23 17:00:00+00:00,149.76,140.3270019459505
2025-05-23 18:00:00+00:00,215.53,157.96072308609047
2025-05-23 19:00:00+00:00,151.61,171.50786026859132
2025-05-23 20:00:00+00:00,129.37,123.74120043420798
2025-05-23 21:00:00+00:00,112.54,115.84873669129242
2025-05-23 22:00:00+00:00,112.45,106.63418388973272
2025-05-23 23:00:00+00:00,98.89,104.63830477739616
2025-05-24 00:00:00+00:00,94.46,96.77155800066772
2025-05-24 01:00:00+00:00,89.91,91.51397591580772
2025-05-24 02:00:00+00:00,89.0,88.08935619384214
2025-05-24 03:00:00+00:00,89.0,95.35355556246934
2025-05-24 04:00:00+00:00,89.99,93.95892324927284
2025-05-24 05:00:00+00:00,78.2,88.7877109465674
2025-05-24 06:00:00+00:00,63.35,72.56074175732849
2025-05-24 07:00:00+00:00,12.26,57.026789805314756
2025-05-24 08:00:00+00:00,0.84,12.083237369294528
2025-05-24 09:00:00+00:00,7.69,3.7968872342876256
2025-05-24 10:00:00+00:00,8.44,5.790406617521529
2025-05-24 11:00:00+00:00,10.23,6.8541506367818155
2025-05-24 12:00:00+00:00,14.8,14.168297206495433
2025-05-24 13:00:00+00:00,15.0,56.938276373925895
2025-05-24 14:00:00+00:00,55.09,55.97105636271125
2025-05-24 15:00:00+00:00,70.65,87.4355377385042
2025-05-24 16:00:00+00:00,95.39,110.119844815094
2025-05-24 17:00:00+00:00,122.53,130.25649480148329
2025-05-24 18:00:00+00:00,176.7,159.91500772810625
2025-05-24 19:00:00+00:00,137.91,154.68472663239083
2025-05-24 20:00:00+00:00,130.29,124.1950838047781
2025-05-24 21:00:00+00:00,102.02,120.29981179045319
2025-05-24 22:00:00+00:00,89.02,102.64640651160717
2025-05-24 23:00:00+00:00,59.22,94.05017528190166
2025-05-25 00:00:00+00:00,25.92,76.63568117738109
2025-05-25 01:00:00+00:00,10.11,30.133222479075354
2025-05-25 02:00:00+00:00,8.0,26.74512620328363
2025-05-25 03:00:00+00:00,6.41,22.15925284831727
2025-05-25 04:00:00+00:00,1.48,13.47195212543675
2025-05-25 05:00:00+00:00,1.41,4.881467565353111
2025-05-25 06:00:00+00:00,3.62,3.475309383571116
2025-05-25 07:00:00+00:00,3.51,4.169136231428383
2025-05-25 08:00:00+00:00,12.26,4.924047415526732
2025-05-25 09:00:00+00:00,21.64,11.625801504395348
2025-05-25 10:00:00+00:00,30.0,20.18922166070815
2025-05-25 11:00:00+00:00,17.77,34.66969492738665
2025-05-25 12:00:00+00:00,18.09,21.9908733615322
2025-05-25 13:00:00+00:00,30.0,38.81441946330117
2025-05-25 14:00:00+00:00,6.16,40.29706517097068
2025-05-25 15:00:00+00:00,17.52,38.267975034075995
2025-05-25 16:00:00+00:00,68.03,52.662683261655495
2025-05-25 17:00:00+00:00,100.9,107.90175269342564
2025-05-25 18:00:00+00:00,116.37,126.06934856410622
2025-05-25 19:00:00+00:00,103.56,108.50256475804198
2025-05-25 20:00:00+00:00,105.22,109.96784983389296
2025-05-25 21:00:00+00:00,96.25,97.28215978709444
2025-05-25 22:00:00+00:00,95.0,85.88890698110936
2025-05-25 23:00:00+00:00,87.64,83.5807488330566
2025-05-26 00:00:00+00:00,84.68,87.33648270515465
2025-05-26 01:00:00+00:00,83.54,84.44568617865954
2025-05-26 02:00:00+00:00,88.41,83.68362231174835
2025-05-26 03:00:00+00:00,98.55,95.12882961276475
2025-05-26 04:00:00+00:00,92.67,109.66041675504376
2025-05-26 05:00:00+00:00,79.55,86.50053889512945
2025-05-26 06:00:00+00:00,4.7,67.40978828875095
2025-05-26 07:00:00+00:00,4.31,3.559397933833476
2025-05-26 08:00:00+00:00,45.0,8.573898580169853
2025-05-26 09:00:00+00:00,45.0,40.764116528170554
2025-05-26 10:00:00+00:00,33.87,41.91929795738212
2025-05-26 11:00:00+00:00,30.0,34.72855719025983
2025-05-26 12:00:00+00:00,19.84,30.57007388357754
2025-05-26 13:00:00+00:00,13.49,43.49099800897715
2025-05-26 14:00:00+00:00,5.0,49.21108008844553
2025-05-26 15:00:00+00:00,92.0,51.8146239557399
2025-05-26 16:00:00+00:00,129.69,105.68630792072061
2025-05-26 17:00:00+00:00,162.66,148.22739433785011
2025-05-26 18:00:00+00:00,240.25,175.31026552829277
2025-05-26 19:00:00+00:00,175.16,180.4964128233256
2025-05-26 20:00:00+00:00,144.21,131.7869743877278
2025-05-26 21:00:00+00:00,113.87,117.35717564587809
2025-05-26 22:00:00+00:00,105.78,104.56446522093398
2025-05-26 23:00:00+00:00,94.11,99.94293799598198
2025-05-27 00:00:00+00:00,87.61,92.1509013557852
2025-05-27 01:00:00+00:00,85.92,87.39478298231286
2025-05-27 02:00:00+00:00,89.02,89.8692622516279
2025-05-27 03:00:00+00:00,95.86,105.68485656097059
2025-05-27 04:00:00+00:00,111.66,114.44655044848791
2025-05-27 05:00:00+00:00,94.02,110.88424664269202
2025-05-27 06:00:00+00:00,62.59,85.58041047656383
2025-05-27 07:00:00+00:00,35.0,44.24806461149238
2025-05-27 08:00:00+00:00,4.51,25.668771152680918
2025-05-27 09:00:00+00:00,3.43,9.112751511906072
2025-05-27 10:00:00+00:00,1.32,5.064722192155276
2025-05-27 11:00:00+00:00,2.94,2.4294251768980533
2025-05-27 12:00:00+00:00,8.43,5.897267308330081
2025-05-27 13:00:00+00:00,18.82,37.96102434529196
2025-05-27 14:00:00+00:00,61.0,59.81003826752719
2025-05-27 15:00:00+00:00,92.0,83.17750059995971
2025-05-27 16:00:00+00:00,117.2,124.21832425558372
2025-05-27 17:00:00+00:00,143.95,157.2297342171702
2025-05-27 18:00:00+00:00,218.84,176.60175241365786
2025-05-27 19:00:00+00:00,148.57,195.01368641147852
2025-05-27 20:00:00+00:00,118.86,131.21795925041903
2025-05-27 21:00:00+00:00,99.37,110.17996436836225
2025-05-27 22:00:00+00:00,92.02,115.4230729360132
2025-05-27 23:00:00+00:00,76.94,96.44535769674928
2025-05-28 00:00:00+00:00,74.1,84.37376535113421
2025-05-28 01:00:00+00:00,69.61,78.0723548235981
2025-05-28 02:00:00+00:00,73.3,78.06373191926203
2025-05-28 03:00:00+00:00,84.18,94.4997713961031
2025-05-28 04:00:00+00:00,98.79,106.37509726519801
2025-05-28 05:00:00+00:00,102.78,105.32900183075124
2025-05-28 06:00:00+00:00,85.52,88.23109005248183
2025-05-28 07:00:00+00:00,21.36,78.37033959116991
2025-05-28 08:00:00+00:00,15.64,20.838846129705708
2025-05-28 09:00:00+00:00,18.01,17.743902038407512
2025-05-28 10:00:00+00:00,31.59,19.73174959735558
2025-05-28 11:00:00+00:00,27.06,31.611334911691834
2025-05-28 12:00:00+00:00,52.0,36.79958510198848
2025-05-28 13:00:00+00:00,59.56,58.65511595807175
2025-05-28 14:00:00+00:00,76.13,60.17042851573028
2025-05-28 15:00:00+00:00,112.06,97.80002361690401
2025-05-28 16:00:00+00:00,130.9,138.16434396582224
2025-05-28 17:00:00+00:00,141.38,170.0802880038569
2025-05-28 18:00:00+00:00,172.95,172.70553744539006
2025-05-28 19:00:00+00:00,138.98,147.0228095876738
2025-05-28 20:00:00+00:00,124.41,119.31065414044404
2025-05-28 21:00:00+00:00,110.83,114.28999161187447
2025-05-28 22:00:00+00:00,96.74,99.80282433116487
2025-05-28 23:00:00+00:00,92.31,92.50669712767116
2025-05-29 00:00:00+00:00,90.42,91.6708835968564
2025-05-29 01:00:00+00:00,89.99,93.04525821667832
2025-05-29 02:00:00+00:00,89.78,92.03518863873265
2025-05-29 03:00:00+00:00,90.25,94.54412716947225
2025-05-29 04:00:00+00:00,98.77,106.98443169713788
2025-05-29 05:00:00+00:00,82.37,104.11283115872737
2025-05-29 06:00:00+00:00,59.6,79.27067843479499
2025-05-29 07:00:00+00:00,30.0,50.282257810818166
2025-05-29 08:00:00+00:00,18.0,25.36262240572434
2025-05-29 09:00:00+00:00,2.94,18.100950483527537
2025-05-29 10:00:00+00:00,5.61,4.072241876164884
2025-05-29 11:00:00+00:00,10.53,6.276946226656882
2025-05-29 12:00:00+00:00,12.05,14.12363935617327
2025-05-29 13:00:00+00:00,19.75,44.27988021847214
2025-05-29 14:00:00+00:00,33.63,60.262718975771406
2025-05-29 15:00:00+00:00,82.45,81.80616984211868
2025-05-29 16:00:00+00:00,108.54,117.63314690961676
2025-05-29 17:00:00+00:00,110.03,139.6497035406214
2025-05-29 18:00:00+00:00,105.98,157.7802685552326
2025-05-29 19:00:00+00:00,104.1,122.89759704253551
2025-05-29 20:00:00+00:00,102.69,115.13567929636089
2025-05-29 21:00:00+00:00,85.68,100.09921418426326
2025-05-29 22:00:00+00:00,73.19,90.74843085048124
2025-05-29 23:00:00+00:00,57.81,70.45628884327604
2025-05-30 00:00:00+00:00,41.35,67.11012063442577
2025-05-30 01:00:00+00:00,33.95,44.585213575569696
2025-05-30 02:00:00+00:00,37.39,45.16406154512709
2025-05-30 03:00:00+00:00,57.25,54.50615128886135
2025-05-30 04:00:00+00:00,84.99,70.62753193722787
2025-05-30 05:00:00+00:00,64.0,87.37457785302252
2025-05-30 06:00:00+00:00,53.01,56.20420334719825
2025-05-30 07:00:00+00:00,29.13,49.555859304648685
2025-05-30 08:00:00+00:00,2.94,22.373353663487727
2025-05-30 09:00:00+00:00,2.94,5.197957307501711
2025-05-30 10:00:00+00:00,4.02,4.083290961770518
2025-05-30 11:00:00+00:00,0.77,5.163898684059948
2025-05-30 12:00:00+00:00,0.04,3.1666320899172784
2025-05-30 13:00:00+00:00,0.12,4.269421727078923
2025-05-30 14:00:00+00:00,0.14,24.596677525741246
2025-05-30 15:00:00+00:00,29.2,43.881558885784024
2025-05-30 16:00:00+00:00,80.72,71.52017621436337
2025-05-30 17:00:00+00:00,58.04,101.83969737897834
2025-05-30 18:00:00+00:00,57.84,89.51127812261811
2025-05-30 19:00:00+00:00,51.52,70.51340127008044
2025-05-30 20:00:00+00:00,85.0,66.41202000493821
2025-05-30 21:00:00+00:00,85.0,79.72715197417246
2025-05-30 22:00:00+00:00,102.99,79.6041380210052
2025-05-30 23:00:00+00:00,81.09,91.42890609849916
2025-05-31 00:00:00+00:00,72.79,82.73626430689808
2025-05-31 01:00:00+00:00,59.21,70.19534457548033
2025-05-31 02:00:00+00:00,58.26,60.69357266525107
2025-05-31 03:00:00+00:00,45.9,61.32097340448792
2025-05-31 04:00:00+00:00,40.0,53.81705141241134
2025-05-31 05:00:00+00:00,10.0,41.470605234399706
2025-05-31 06:00:00+00:00,3.23,10.318906823488978
2025-05-31 07:00:00+00:00,1.0,4.002091651353511
2025-05-31 08:00:00+00:00,0.04,2.7311087519127413
2025-05-31 09:00:00+00:00,0.04,1.9538382481505208
2025-05-31 10:00:00+00:00,0.04,1.6952638569167542
2025-05-31 11:00:00+00:00,0.04,1.7165003867625677
2025-05-31 12:00:00+00:00,0.04,1.517895779274837
2025-05-31 13:00:00+00:00,0.04,1.9073648832591863
2025-05-31 14:00:00+00:00,0.03,9.595486300949856
2025-05-31 15:00:00+00:00,43.43,26.461524064124802
2025-05-31 16:00:00+00:00,84.02,65.29655093541949
2025-05-31 17:00:00+00:00,100.0,92.17735294526524
2025-05-31 18:00:00+00:00,127.83,112.27029929530018
2025-05-31 19:00:00+00:00,112.04,101.50408408445577
2025-05-31 20:00:00+00:00,117.49,100.19169023123425
2025-05-31 21:00:00+00:00,103.19,96.83775605860559
2025-05-31 22:00:00+00:00,98.69,92.91187735323376
2025-05-31 23:00:00+00:00,85.15,86.54383486374485
2025-06-01 00:00:00+00:00,79.58,77.3851674263325
2025-06-01 01:00:00+00:00,72.89,69.29416390757568
2025-06-01 02:00:00+00:00,69.74,66.24279416590498
2025-06-01 03:00:00+00:00,63.38,62.053894362137356
2025-06-01 04:00:00+00:00,34.87,54.89158451384637
2025-06-01 05:00:00+00:00,13.0,30.532746434961062
2025-06-01 06:00:00+00:00,2.4,10.521785156314511
2025-06-01 07:00:00+00:00,0.0,2.6172179733690206
2025-06-01 08:00:00+00:00,0.0,1.764000633067483
2025-06-01 09:00:00+00:00,0.0,1.6073109711812708
2025-06-01 10:00:00+00:00,0.0,1.6208756302721798
2025-06-01 11:00:00+00:00,0.0,1.401884227082116
2025-06-01 12:00:00+00:00,0.0,1.293712392887106
2025-06-01 13:00:00+00:00,0.0,1.6507310167935196
2025-06-01 14:00:00+00:00,0.0,8.109734303886441
2025-06-01 15:00:00+00:00,26.1,26.456445845460813
2025-06-01 16:00:00+00:00,88.36,56.56328324146828
2025-06-01 17:00:00+00:00,151.93,102.82928495181842
2025-06-01 18:00:00+00:00,139.79,140.87723265107556
2025-06-01 19:00:00+00:00,135.99,116.04521486763873
2025-06-01 20:00:00+00:00,110.54,108.94124637380338
2025-06-01 21:00:00+00:00,97.81,97.4324994274262
2025-06-01 22:00:00+00:00,93.62,89.80989083692224
2025-06-01 23:00:00+00:00,87.8,87.84623598522208
2025-06-02 00:00:00+00:00,82.44,85.30054659002234
2025-06-02 01:00:00+00:00,83.34,82.18643032416901
2025-06-02 02:00:00+00:00,96.45,82.6634403149868
2025-06-02 03:00:00+00:00,102.89,97.80649872446148
2025-06-02 04:00:00+00:00,111.63,107.27653458841891
2025-06-02 05:00:00+00:00,108.85,101.54266968724882
2025-06-02 06:00:00+00:00,92.5,91.80211015751262
2025-06-02 07:00:00+00:00,84.21,72.56192429008632
2025-06-02 08:00:00+00:00,49.21,47.65573424594722
2025-06-02 09:00:00+00:00,33.21,37.0185576406356
2025-06-02 10:00:00+00:00,20.0,33.565103470587836
2025-06-02 11:00:00+00:00,12.78,24.310916045858416
2025-06-02 12:00:00+00:00,11.0,30.69297404623213
2025-06-02 13:00:00+00:00,19.75,42.385618398638634
2025-06-02 14:00:00+00:00,60.0,46.35531329442062
2025-06-02 15:00:00+00:00,97.01,65.43158536816686
2025-06-02 16:00:00+00:00,157.48,116.06862390421693
2025-06-02 17:00:00+00:00,215.35,193.0261797010232
2025-06-02 18:00:00+00:00,260.95,218.54780181665467
2025-06-02 19:00:00+00:00,136.58,190.89267342650106
2025-06-02 20:00:00+00:00,115.29,117.3626247456481
2025-06-02 21:00:00+00:00,121.84,102.08641087949904
2025-06-02 22:00:00+00:00,117.47,104.23907959320759
2025-06-02 23:00:00+00:00,115.08,99.69666837861021
2025-06-03 00:00:00+00:00,106.53,107.1429228542724
2025-06-03 01:00:00+00:00,104.42,103.20897240471814
2025-06-03 02:00:00+00:00,106.45,102.73034924857463
2025-06-03 03:00:00+00:00,122.0,105.04036903949225
2025-06-03 04:00:00+00:00,140.46,125.45149722788796
2025-06-03 05:00:00+00:00,124.4,128.53983744421953
2025-06-03 06:00:00+00:00,85.26,101.93081858728668
2025-06-03 07:00:00+00:00,34.4,72.60162916871593
2025-06-03 08:00:00+00:00,5.83,28.612038277211813
2025-06-03 09:00:00+00:00,5.48,6.183312800793094
2025-06-03 10:00:00+00:00,6.72,6.243489385974299
2025-06-03 11:00:00+00:00,5.12,7.055314645160008
2025-06-03 12:00:00+00:00,3.35,10.184195077083434
2025-06-03 13:00:00+00:00,9.92,35.16568261891838
2025-06-03 14:00:00+00:00,45.22,46.37601545974669
2025-06-03 15:00:00+00:00,90.76,74.15145649275343
2025-06-03 16:00:00+00:00,143.72,123.76656821532374
2025-06-03 17:00:00+00:00,165.55,194.4081439511527
2025-06-03 18:00:00+00:00,251.65,207.10896574525563
2025-06-03 19:00:00+00:00,153.71,186.81833744241027
2025-06-03 20:00:00+00:00,121.36,118.19332317049992
2025-06-03 21:00:00+00:00,131.53,109.37948864089282
2025-06-03 22:00:00+00:00,119.95,106.68400917148934
2025-06-03 23:00:00+00:00,97.11,106.36726588843344
2025-06-04 00:00:00+00:00,88.57,94.65560715632455
2025-06-04 01:00:00+00:00,87.58,87.0719968531333
2025-06-04 02:00:00+00:00,93.67,86.73879420836911
2025-06-04 03:00:00+00:00,98.87,108.21237606296961
2025-06-04 04:00:00+00:00,101.45,114.32607513680676
2025-06-04 05:00:00+00:00,112.12,112.71597608635224
2025-06-04 06:00:00+00:00,48.4,96.65578727683746
2025-06-04 07:00:00+00:00,31.41,34.335082333154965
2025-06-04 08:00:00+00:00,12.78,29.446797795824438
2025-06-04 09:00:00+00:00,12.1,17.89186323241102
2025-06-04 10:00:00+00:00,9.53,18.93879481864415
2025-06-04 11:00:00+00:00,9.69,14.555101422054907
2025-06-04 12:00:00+00:00,18.5,19.450643775519403
2025-06-04 13:00:00+00:00,51.48,50.80268155987285
2025-06-04 14:00:00+00:00,86.33,60.20682201817921
2025-06-04 15:00:00+00:00,117.59,99.11497381424168
2025-06-04 16:00:00+00:00,121.39,147.9117337871432
2025-06-04 17:00:00+00:00,213.95,159.22943666575395
2025-06-04 18:00:00+00:00,339.78,232.02570693727242
2025-06-04 19:00:00+00:00,248.01,227.54568357142855
2025-06-04 20:00:00+00:00,156.36,165.20502504396154
2025-06-04 21:00:00+00:00,128.71,120.78257884729186
2025-06-04 22:00:00+00:00,120.77,107.7865457162113
2025-06-04 23:00:00+00:00,108.77,103.36839623574522
2025-06-05 00:00:00+00:00,100.02,104.19183748603626
2025-06-05 01:00:00+00:00,98.19,97.73388814153272
2025-06-05 02:00:00+00:00,101.21,95.9523680013287
2025-06-05 03:00:00+00:00,106.97,102.90176465162975
2025-06-05 04:00:00+00:00,111.48,104.69953223276376
2025-06-05 05:00:00+00:00,127.78,109.8661970861076
2025-06-05 06:00:00+00:00,101.93,105.59121134420312
2025-06-05 07:00:00+00:00,79.51,85.33437816984245
2025-06-05 08:00:00+00:00,66.34,59.466585397448405
2025-06-05 09:00:00+00:00,48.97,46.07178771638005
2025-06-05 10:00:00+00:00,20.41,37.538516211140056
2025-06-05 11:00:00+00:00,12.27,25.7026750381408
2025-06-05 12:00:00+00:00,8.52,15.080924618583381
2025-06-05 13:00:00+00:00,23.54,42.72820096771082
2025-06-05 14:00:00+00:00,79.07,58.763921545844035
2025-06-05 15:00:00+00:00,98.84,96.36889091839389
2025-06-05 16:00:00+00:00,138.32,119.86457504649168
2025-06-05 17:00:00+00:00,175.51,185.66722581539594
2025-06-05 18:00:00+00:00,262.51,208.70024037766788
2025-06-05 19:00:00+00:00,135.53,215.98758728991598
2025-06-05 20:00:00+00:00,118.68,132.6362217126314
2025-06-05 21:00:00+00:00,117.87,110.87191343958526
2025-06-05 22:00:00+00:00,103.57,110.49951033991006
2025-06-05 23:00:00+00:00,120.2,97.90769951954664
2025-06-06 00:00:00+00:00,108.37,110.89564795155111
2025-06-06 01:00:00+00:00,102.2,104.0025429751952
2025-06-06 02:00:00+00:00,108.5,99.61065604432551
2025-06-06 03:00:00+00:00,98.25,109.292821726325
2025-06-06 04:00:00+00:00,107.69,100.59513504967805
2025-06-06 05:00:00+00:00,98.9,109.8114074773318
2025-06-06 06:00:00+00:00,67.34,85.73949525332168
2025-06-06 07:00:00+00:00,8.44,59.25652994892344
2025-06-06 08:00:00+00:00,0.04,7.870660630057967
2025-06-06 09:00:00+00:00,1.98,2.0972335254795813
2025-06-06 10:00:00+00:00,12.73,3.9598384136037565
2025-06-06 11:00:00+00:00,28.47,14.156832561094605
2025-06-06 12:00:00+00:00,24.7,29.114069941814783
2025-06-06 13:00:00+00:00,42.08,47.87164257532059
2025-06-06 14:00:00+00:00,82.1,62.18146077059923
2025-06-06 15:00:00+00:00,138.02,89.14275408050389
2025-06-06 16:00:00+00:00,209.72,155.27880777350614
2025-06-06 17:00:00+00:00,146.92,209.77548363450921
2025-06-06 18:00:00+00:00,190.2,184.21143137759663
2025-06-06 19:00:00+00:00,136.97,148.56842543420692
2025-06-06 20:00:00+00:00,125.37,112.30110347614372
2025-06-06 21:00:00+00:00,109.17,110.41695985693079
2025-06-06 22:00:00+00:00,103.83,103.11369240302773
2025-06-06 23:00:00+00:00,99.5,102.16856552273686
2025-06-07 00:00:00+00:00,96.12,97.30622819730948
2025-06-07 01:00:00+00:00,96.25,94.40800725861915
2025-06-07 02:00:00+00:00,91.51,95.74841821612777
2025-06-07 03:00:00+00:00,90.21,93.43730838881018
2025-06-07 04:00:00+00:00,81.23,90.70821253246804
2025-06-07 05:00:00+00:00,80.58,76.53749611064542
2025-06-07 06:00:00+00:00,73.7,72.61930758007497
2025-06-07 07:00:00+00:00,59.48,50.122611243512466
2025-06-07 08:00:00+00:00,13.71,51.940762535048144
2025-06-07 09:00:00+00:00,9.44,20.531776588566004
2025-06-07 10:00:00+00:00,1.19,9.249037412928446
2025-06-07 11:00:00+00:00,0.04,2.8072642922186573
2025-06-07 12:00:00+00:00,0.04,2.8786131249372264
2025-06-07 13:00:00+00:00,0.04,6.316675222780775
2025-06-07 14:00:00+00:00,5.09,37.70760358705115
2025-06-07 15:00:00+00:00,89.21,57.14492037565031
2025-06-07 16:00:00+00:00,135.63,113.43063862666804
2025-06-07 17:00:00+00:00,182.64,157.70038077392408
2025-06-07 18:00:00+00:00,143.86,192.63352468814793
2025-06-07 19:00:00+00:00,120.44,129.81584704668413
2025-06-07 20:00:00+00:00,123.32,111.40584403136226
2025-06-07 21:00:00+00:00,118.45,109.83659096657124
2025-06-07 22:00:00+00:00,96.01,104.88205951620569
2025-06-07 23:00:00+00:00,88.63,92.3558237706281
2025-06-08 00:00:00+00:00,86.39,86.55735261227368
2025-06-08 01:00:00+00:00,84.11,85.06565282648705
2025-06-08 02:00:00+00:00,78.96,82.50200690964249
2025-06-08 03:00:00+00:00,65.93,80.22501883828244
2025-06-08 04:00:00+00:00,45.44,67.68801255959345
2025-06-08 05:00:00+00:00,4.01,52.487274594678404
2025-06-08 06:00:00+00:00,0.0,3.8517592544411388
2025-06-08 07:00:00+00:00,0.0,3.1130683341618943
2025-06-08 08:00:00+00:00,0.0,2.699041652881576
2025-06-08 09:00:00+00:00,0.0,2.7540731746587044
2025-06-08 10:00:00+00:00,0.0,2.5955125596854436
2025-06-08 11:00:00+00:00,0.0,2.579123282296166
2025-06-08 12:00:00+00:00,0.0,2.7460391876289467
2025-06-08 13:00:00+00:00,0.59,4.567640501389522
2025-06-08 14:00:00+00:00,14.45,28.96829040231005
2025-06-08 15:00:00+00:00,91.58,51.79479008077565
2025-06-08 16:00:00+00:00,157.8,106.68826021301064
2025-06-08 17:00:00+00:00,151.36,174.05005684866902
2025-06-08 18:00:00+00:00,177.62,165.40902636522551
2025-06-08 19:00:00+00:00,159.02,148.97164886955747
2025-06-08 20:00:00+00:00,124.71,126.97407631587095
2025-06-08 21:00:00+00:00,100.94,107.37817078364725
2025-06-08 22:00:00+00:00,99.12,97.70034464267884
2025-06-08 23:00:00+00:00,94.51,93.7629099219396
2025-06-09 00:00:00+00:00,87.49,91.69113723614014
2025-06-09 01:00:00+00:00,85.21,86.47614284875961
2025-06-09 02:00:00+00:00,87.33,85.60578471719556
2025-06-09 03:00:00+00:00,91.81,93.96024092353842
2025-06-09 04:00:00+00:00,93.32,101.8555452439527
2025-06-09 05:00:00+00:00,89.91,95.9300038130541
2025-06-09 06:00:00+00:00,63.08,80.79548102414543
2025-06-09 07:00:00+00:00,16.3,61.13798838493835
2025-06-09 08:00:00+00:00,9.85,29.223542261366603
2025-06-09 09:00:00+00:00,14.56,27.45325968229275
2025-06-09 10:00:00+00:00,12.57,29.86957220813534
2025-06-09 11:00:00+00:00,10.7,30.04938678613827
2025-06-09 12:00:00+00:00,13.87,32.8523590760492
2025-06-09 13:00:00+00:00,14.24,43.298716803015125
2025-06-09 14:00:00+00:00,10.0,48.388318538531486
2025-06-09 15:00:00+00:00,87.84,53.00081604622443
2025-06-09 16:00:00+00:00,122.93,123.7563583577399
2025-06-09 17:00:00+00:00,136.49,158.45092532609152
2025-06-09 18:00:00+00:00,153.75,185.19099129253874
2025-06-09 19:00:00+00:00,135.0,153.1495144511531
2025-06-09 20:00:00+00:00,124.85,117.44775305921534
2025-06-09 21:00:00+00:00,106.28,105.20946244707785
2025-06-09 22:00:00+00:00,89.91,100.68945066412778
2025-06-09 23:00:00+00:00,81.81,91.19887905463375
2025-06-10 00:00:00+00:00,71.07,82.12568545507027
2025-06-10 01:00:00+00:00,61.82,74.62533406864537
2025-06-10 02:00:00+00:00,56.22,68.51090478796647
2025-06-10 03:00:00+00:00,70.35,72.848122990812
2025-06-10 04:00:00+00:00,81.73,77.85720994384046
2025-06-10 05:00:00+00:00,85.1,82.55326960813382
2025-06-10 06:00:00+00:00,86.14,74.87927725233102
2025-06-10 07:00:00+00:00,65.81,66.02396727539788
2025-06-10 08:00:00+00:00,23.09,53.50491467713182
2025-06-10 09:00:00+00:00,8.75,21.243924914779384
2025-06-10 10:00:00+00:00,11.5,7.743022284138256
2025-06-10 11:00:00+00:00,14.05,13.443406197364197
2025-06-10 12:00:00+00:00,30.39,23.53462497138755
2025-06-10 13:00:00+00:00,62.32,37.70727930334487
2025-06-10 14:00:00+00:00,89.13,63.366427951948516
2025-06-10 15:00:00+00:00,105.72,97.13626682272297
2025-06-10 16:00:00+00:00,134.92,127.87915875176161
2025-06-10 17:00:00+00:00,155.0,162.20886482689437
2025-06-10 18:00:00+00:00,179.55,167.15617707797955
2025-06-10 19:00:00+00:00,139.09,150.61484411705817
2025-06-10 20:00:00+00:00,102.18,121.76631599337902
2025-06-10 21:00:00+00:00,97.75,102.03255070348929
2025-06-10 22:00:00+00:00,81.11,96.59039817284281
2025-06-10 23:00:00+00:00,74.99,79.12811814884697
2025-06-11 00:00:00+00:00,68.99,76.34758223070953
2025-06-11 01:00:00+00:00,72.64,71.38227331776682
2025-06-11 02:00:00+00:00,73.35,73.27400273332944
2025-06-11 03:00:00+00:00,87.65,75.69314770809251
2025-06-11 04:00:00+00:00,109.64,93.52318504220185
2025-06-11 05:00:00+00:00,88.42,101.48220654482378
2025-06-11 06:00:00+00:00,82.32,77.67383398434227
2025-06-11 07:00:00+00:00,59.79,65.86877917887979
2025-06-11 08:00:00+00:00,20.0,41.89654065838401
2025-06-11 09:00:00+00:00,4.38,21.26447609019858
2025-06-11 10:00:00+00:00,8.36,11.33269310593043
2025-06-11 11:00:00+00:00,10.23,7.325301176263444
2025-06-11 12:00:00+00:00,15.07,15.15630301780454
2025-06-11 13:00:00+00:00,33.52,48.91131963110522
2025-06-11 14:00:00+00:00,79.2,62.223472887503014
2025-06-11 15:00:00+00:00,104.96,96.04014619082045
2025-06-11 16:00:00+00:00,141.78,124.92427555728047
2025-06-11 17:00:00+00:00,150.59,182.10951206405684
2025-06-11 18:00:00+00:00,219.16,210.37941023112828
2025-06-11 19:00:00+00:00,185.7,194.10933530077935
2025-06-11 20:00:00+00:00,123.18,148.11720184237134
2025-06-11 21:00:00+00:00,103.67,106.90024524178457
2025-06-11 22:00:00+00:00,107.36,102.9057939326021
2025-06-11 23:00:00+00:00,90.0,99.2605089000217
2025-06-12 00:00:00+00:00,84.77,88.89108135457933
2025-06-12 01:00:00+00:00,85.12,85.15294518077214
2025-06-12 02:00:00+00:00,89.35,85.81625032814729
2025-06-12 03:00:00+00:00,96.89,96.24772913110829
2025-06-12 04:00:00+00:00,111.79,109.40032277831226
2025-06-12 05:00:00+00:00,79.62,111.25264534074664
2025-06-12 06:00:00+00:00,77.27,78.17335342102534
2025-06-12 07:00:00+00:00,36.67,67.53050569504819
2025-06-12 08:00:00+00:00,0.01,34.040195693799134
2025-06-12 09:00:00+00:00,7.0,1.8518561850903195
2025-06-12 10:00:00+00:00,13.95,7.191075717321304
2025-06-12 11:00:00+00:00,15.0,22.09894497025386
2025-06-12 12:00:00+00:00,31.86,23.14227451969673
2025-06-12 13:00:00+00:00,40.34,37.314052414785706
2025-06-12 14:00:00+00:00,63.75,58.552593471533164
2025-06-12 15:00:00+00:00,91.33,94.9288252082497
2025-06-12 16:00:00+00:00,130.91,121.82793503246758
2025-06-12 17:00:00+00:00,189.44,192.1057611961061
2025-06-12 18:00:00+00:00,220.26,226.76962176933
2025-06-12 19:00:00+00:00,152.25,184.1697707950243
2025-06-12 20:00:00+00:00,127.74,123.82803795896966
2025-06-12 21:00:00+00:00,107.26,107.23706363930529
2025-06-12 22:00:00+00:00,111.99,97.67810245956635
2025-06-12 23:00:00+00:00,96.95,103.04776641232073
2025-06-13 00:00:00+00:00,91.54,95.55558887001818
2025-06-13 01:00:00+00:00,88.88,91.34238215813544
2025-06-13 02:00:00+00:00,86.82,89.84211281861441
2025-06-13 03:00:00+00:00,94.34,97.20138628043786
2025-06-13 04:00:00+00:00,101.36,108.3413217052116
2025-06-13 05:00:00+00:00,87.38,101.02424692920559
2025-06-13 06:00:00+00:00,76.04,81.31723665424246
2025-06-13 07:00:00+00:00,40.2,64.45994991082874
2025-06-13 08:00:00+00:00,8.44,26.47252866174655
2025-06-13 09:00:00+00:00,12.78,7.638565607663463
2025-06-13 10:00:00+00:00,15.0,14.599310137815323
2025-06-13 11:00:00+00:00,20.0,20.422149488144836
2025-06-13 12:00:00+00:00,30.91,27.904326664624527
2025-06-13 13:00:00+00:00,52.18,36.965852404808736
2025-06-13 14:00:00+00:00,76.93,71.77982876574397
2025-06-13 15:00:00+00:00,102.06,93.71313579587896
2025-06-13 16:00:00+00:00,122.36,132.41858244181907
2025-06-13 17:00:00+00:00,190.0,163.54345709267204
2025-06-13 18:00:00+00:00,175.94,255.5898898025394
2025-06-13 19:00:00+00:00,157.62,149.40585193834534
2025-06-13 20:00:00+00:00,132.13,121.79799698672092
2025-06-13 21:00:00+00:00,115.16,110.06551578463295
2025-06-13 22:00:00+00:00,110.51,107.1976577820315
2025-06-13 23:00:00+00:00,93.08,99.9433154057192
2025-06-14 00:00:00+00:00,87.33,90.42139755817702
2025-06-14 01:00:00+00:00,82.11,86.93084796530711
2025-06-14 02:00:00+00:00,70.44,82.39611399367519
2025-06-14 03:00:00+00:00,64.29,81.1334317597888
2025-06-14 04:00:00+00:00,52.0,71.45285846979554
2025-06-14 05:00:00+00:00,22.22,64.6128046588701
2025-06-14 06:00:00+00:00,8.43,16.169254206210745
2025-06-14 07:00:00+00:00,0.89,6.340484506236278
2025-06-14 08:00:00+00:00,0.01,1.8637108611539746
2025-06-14 09:00:00+00:00,12.29,0.6109784392728241
2025-06-14 10:00:00+00:00,10.57,13.391157390465974
2025-06-14 11:00:00+00:00,11.99,13.157083901306942
2025-06-14 12:00:00+00:00,17.04,14.384422962558563
2025-06-14 13:00:00+00:00,15.4,43.48038077249892
2025-06-14 14:00:00+00:00,13.22,44.02790586373379
2025-06-14 15:00:00+00:00,49.0,68.83499513546036
2025-06-14 16:00:00+00:00,90.75,86.58576347753726
2025-06-14 17:00:00+00:00,148.17,135.8321203353986
2025-06-14 18:00:00+00:00,180.24,171.93068724045312
2025-06-14 19:00:00+00:00,160.66,151.4248669804393
2025-06-14 20:00:00+00:00,148.93,129.77538768995623
2025-06-14 21:00:00+00:00,113.27,116.9383472134558
2025-06-14 22:00:00+00:00,92.84,104.14002161558409
2025-06-14 23:00:00+00:00,87.92,89.1708963286887
2025-06-15 00:00:00+00:00,86.24,87.02171852643642
2025-06-15 01:00:00+00:00,88.33,85.92061209146706
2025-06-15 02:00:00+00:00,90.32,86.80159595177268
2025-06-15 03:00:00+00:00,90.92,83.99972017434426
2025-06-15 04:00:00+00:00,80.79,79.64953913036686
2025-06-15 05:00:00+00:00,60.19,72.50854217878725
2025-06-15 06:00:00+00:00,9.4,50.81817093427735
2025-06-15 07:00:00+00:00,0.01,6.168828296974461
2025-06-15 08:00:00+00:00,0.0,2.4291590218696526
2025-06-15 09:00:00+00:00,0.01,2.315690019034429
2025-06-15 10:00:00+00:00,0.01,2.37155090299639
2025-06-15 11:00:00+00:00,0.01,2.578582506382139
2025-06-15 12:00:00+00:00,0.01,2.752931469268875
2025-06-15 13:00:00+00:00,0.01,4.118043020114837
2025-06-15 14:00:00+00:00,0.01,17.322671450706487
2025-06-15 15:00:00+00:00,78.56,39.89396554121259
2025-06-15 16:00:00+00:00,106.16,100.01431623150673
2025-06-15 17:00:00+00:00,136.0,137.5377575877078
2025-06-15 18:00:00+00:00,160.32,166.8852912457334
2025-06-15 19:00:00+00:00,145.61,144.353766349995
2025-06-15 20:00:00+00:00,135.0,126.24376937198562
2025-06-15 21:00:00+00:00,126.26,109.97699135106846
2025-06-15 22:00:00+00:00,104.21,102.51325420414067
2025-06-15 23:00:00+00:00,100.88,97.50638955104654
2025-06-16 00:00:00+00:00,94.38,100.05822787759499
2025-06-16 01:00:00+00:00,88.33,91.21807684333231
2025-06-16 02:00:00+00:00,88.72,87.60613214530595
2025-06-16 03:00:00+00:00,102.66,95.03629920324171
2025-06-16 04:00:00+00:00,110.07,106.4012607862506
2025-06-16 05:00:00+00:00,122.89,106.45363170730344
2025-06-16 06:00:00+00:00,86.74,104.70280346351502
2025-06-16 07:00:00+00:00,36.08,60.40239393820864
2025-06-16 08:00:00+00:00,31.96,26.380069363644466
2025-06-16 09:00:00+00:00,27.03,31.378483830671588
2025-06-16 10:00:00+00:00,40.0,20.903825774343623
2025-06-16 11:00:00+00:00,40.14,40.22920432135632
2025-06-16 12:00:00+00:00,40.14,36.950042161365765
2025-06-16 13:00:00+00:00,61.1,39.664323224841574
2025-06-16 14:00:00+00:00,83.57,64.50926066278696
2025-06-16 15:00:00+00:00,94.43,87.84842501252363
2025-06-16 16:00:00+00:00,116.05,113.72064988367103
2025-06-16 17:00:00+00:00,129.96,145.9681950321484
2025-06-16 18:00:00+00:00,189.07,185.864781975775
2025-06-16 19:00:00+00:00,159.66,160.73850964965953
2025-06-16 20:00:00+00:00,137.98,125.40653417910615
2025-06-16 21:00:00+00:00,120.3,116.44605064001304
2025-06-16 22:00:00+00:00,104.77,99.31020737501484
2025-06-16 23:00:00+00:00,101.83,97.7064633350751
2025-06-17 00:00:00+00:00,94.3,99.17873225701989
2025-06-17 01:00:00+00:00,93.81,91.2514700335185
2025-06-17 02:00:00+00:00,94.71,92.17874532048408
2025-06-17 03:00:00+00:00,102.51,96.7562122505193
2025-06-17 04:00:00+00:00,117.31,104.92821321027473
2025-06-17 05:00:00+00:00,101.77,116.45466610213049
2025-06-17 06:00:00+00:00,87.57,88.94518998867285
2025-06-17 07:00:00+00:00,58.0,74.55654783648338
2025-06-17 08:00:00+00:00,6.22,43.5184195892849
2025-06-17 09:00:00+00:00,14.0,6.1650671983633
2025-06-17 10:00:00+00:00,13.73,20.104734724568125
2025-06-17 11:00:00+00:00,14.0,21.358420571036948
2025-06-17 12:00:00+00:00,24.63,22.729305979590368
2025-06-17 13:00:00+00:00,34.02,51.70511473959459
2025-06-17 14:00:00+00:00,74.18,58.28560277755257
2025-06-17 15:00:00+00:00,99.41,88.54429152079183
2025-06-17 16:00:00+00:00,122.0,121.66544933115627
2025-06-17 17:00:00+00:00,153.01,147.39199928587215
2025-06-17 18:00:00+00:00,244.33,180.16129848423472
2025-06-17 19:00:00+00:00,160.0,192.67692477971616
2025-06-17 20:00:00+00:00,145.0,129.23480631721299
2025-06-17 21:00:00+00:00,119.48,118.66112807245712
2025-06-17 22:00:00+00:00,112.83,104.4006869164797
2025-06-17 23:00:00+00:00,106.35,103.7237946232278
2025-06-18 00:00:00+00:00,101.33,102.43500223392304
2025-06-18 01:00:00+00:00,95.15,99.07663283845848
2025-06-18 02:00:00+00:00,96.42,95.40895879652763
2025-06-18 03:00:00+00:00,102.35,100.47137172746244
2025-06-18 04:00:00+00:00,111.3,114.5840059104986
2025-06-18 05:00:00+00:00,114.34,105.90739755633356
2025-06-18 06:00:00+00:00,86.07,100.28986332277795
2025-06-18 07:00:00+00:00,37.54,73.33063826821905
2025-06-18 08:00:00+00:00,21.97,27.56206819528601
2025-06-18 09:00:00+00:00,24.3,23.55513162817315
2025-06-18 10:00:00+00:00,25.0,26.84716115298178
2025-06-18 11:00:00+00:00,33.4,28.445661758429424
2025-06-18 12:00:00+00:00,45.0,37.35277261571094
2025-06-18 13:00:00+00:00,83.37,40.659065910380285
2025-06-18 14:00:00+00:00,91.48,86.04352702697484
2025-06-18 15:00:00+00:00,106.35,102.0875974478991
2025-06-18 16:00:00+00:00,135.0,126.53933141829262
2025-06-18 17:00:00+00:00,155.8,172.01245196565245
2025-06-18 18:00:00+00:00,176.15,192.27963066684654
2025-06-18 19:00:00+00:00,165.12,148.84763900096684
2025-06-18 20:00:00+00:00,135.47,133.04567823346437
2025-06-18 21:00:00+00:00,116.32,112.24437087872859
2025-06-18 22:00:00+00:00,113.66,109.46137703092914
2025-06-18 23:00:00+00:00,107.84,104.84656369861243
2025-06-19 00:00:00+00:00,103.5,105.81543985084254
2025-06-19 01:00:00+00:00,100.14,101.37960620003176
2025-06-19 02:00:00+00:00,98.26,100.0039871057503
2025-06-19 03:00:00+00:00,99.95,100.62277502425151
2025-06-19 04:00:00+00:00,98.58,108.55697962687417
2025-06-19 05:00:00+00:00,86.34,97.9118778155471
2025-06-19 06:00:00+00:00,48.67,81.45804288400959
2025-06-19 07:00:00+00:00,8.43,37.266262068844846
2025-06-19 08:00:00+00:00,0.98,6.25112402305137
2025-06-19 09:00:00+00:00,12.07,3.216438361872294
2025-06-19 10:00:00+00:00,14.88,14.859864363895626
2025-06-19 11:00:00+00:00,21.74,20.60444719615603
2025-06-19 12:00:00+00:00,40.19,29.413843068389284
2025-06-19 13:00:00+00:00,79.92,57.02424376998124
2025-06-19 14:00:00+00:00,86.61,83.41946258009656
2025-06-19 15:00:00+00:00,122.34,97.81854935401272
2025-06-19 16:00:00+00:00,163.88,139.5828297479141
2025-06-19 17:00:00+00:00,164.89,207.49449534009975
2025-06-19 18:00:00+00:00,184.8,224.06759755644478
2025-06-19 19:00:00+00:00,160.5,168.79953142775324
2025-06-19 20:00:00+00:00,150.0,132.7348039384309
2025-06-19 21:00:00+00:00,130.64,115.22152122317829
2025-06-19 22:00:00+00:00,116.31,107.61509423877531
2025-06-19 23:00:00+00:00,109.29,107.4445650098913
2025-06-20 00:00:00+00:00,106.88,106.1562677706946
2025-06-20 01:00:00+00:00,106.32,103.25949497664115
2025-06-20 02:00:00+00:00,104.26,103.34065279087696
2025-06-20 03:00:00+00:00,109.29,103.55334942439518
2025-06-20 04:00:00+00:00,119.99,111.17209429711278
2025-06-20 05:00:00+00:00,112.83,111.02845186359289
2025-06-20 06:00:00+00:00,101.18,104.08168554497217
2025-06-20 07:00:00+00:00,55.0,90.18466123233082
2025-06-20 08:00:00+00:00,13.63,54.12365346121759
2025-06-20 09:00:00+00:00,27.4,22.789490194195647
2025-06-20 10:00:00+00:00,50.0,35.77459211986913
2025-06-20 11:00:00+00:00,59.09,54.7355763568169
2025-06-20 12:00:00+00:00,102.9,58.7831291135248
2025-06-20 13:00:00+00:00,112.21,102.64971405794742
2025-06-20 14:00:00+00:00,112.56,111.13704374946215
2025-06-20 15:00:00+00:00,117.54,118.05950831747982
2025-06-20 16:00:00+00:00,124.93,148.9675790841733
2025-06-20 17:00:00+00:00,136.41,161.54742041846887
2025-06-20 18:00:00+00:00,166.21,174.95409095248135
2025-06-20 19:00:00+00:00,166.28,143.70445102398978
2025-06-20 20:00:00+00:00,137.05,133.32511869665862
2025-06-20 21:00:00+00:00,121.38,117.51389685249232
2025-06-20 22:00:00+00:00,119.37,114.28590039386135
2025-06-20 23:00:00+00:00,110.48,109.63146917170472
2025-06-21 00:00:00+00:00,108.15,106.46389707210955
2025-06-21 01:00:00+00:00,107.01,106.05106099339562
2025-06-21 02:00:00+00:00,108.62,100.92104630646885
2025-06-21 03:00:00+00:00,104.19,112.87164452212339
2025-06-21 04:00:00+00:00,100.69,108.87200223314605
2025-06-21 05:00:00+00:00,90.74,101.09613985480922
2025-06-21 06:00:00+00:00,75.93,83.90763957062325
2025-06-21 07:00:00+00:00,23.4,51.62502185392616
2025-06-21 08:00:00+00:00,5.45,21.59913686809281
2025-06-21 09:00:00+00:00,5.08,5.502220432567982
2025-06-21 10:00:00+00:00,13.77,4.363687373385623
2025-06-21 11:00:00+00:00,15.0,20.18606229612911
2025-06-21 12:00:00+00:00,20.0,42.55974272787993
2025-06-21 13:00:00+00:00,20.0,77.58711822621832
2025-06-21 14:00:00+00:00,20.0,76.62962624819636
2025-06-21 15:00:00+00:00,73.26,83.2211085851123
2025-06-21 16:00:00+00:00,115.69,102.84047695209631
2025-06-21 17:00:00+00:00,148.43,140.1182830407149
2025-06-21 18:00:00+00:00,186.43,167.31674308709543
2025-06-21 19:00:00+00:00,165.39,163.30222667393684
2025-06-21 20:00:00+00:00,141.25,140.52188015482076
2025-06-21 21:00:00+00:00,125.9,119.88361928970755
2025-06-21 22:00:00+00:00,108.97,108.97532634647871
2025-06-21 23:00:00+00:00,100.99,104.0020718583396
2025-06-22 00:00:00+00:00,96.33,99.52320597421435
2025-06-22 01:00:00+00:00,93.05,94.3769568855342
2025-06-22 02:00:00+00:00,90.84,92.49479758049156
2025-06-22 03:00:00+00:00,87.85,93.41104373787721
2025-06-22 04:00:00+00:00,73.72,87.36618586612913
2025-06-22 05:00:00+00:00,15.99,68.43266989048055
2025-06-22 06:00:00+00:00,0.01,14.532029497197046
2025-06-22 07:00:00+00:00,0.0,1.4126276146958503
2025-06-22 08:00:00+00:00,0.0,1.9501807860052178
2025-06-22 09:00:00+00:00,0.01,2.761603612544655
2025-06-22 10:00:00+00:00,0.01,2.7112508219674702
2025-06-22 11:00:00+00:00,0.01,2.7772460775796195
2025-06-22 12:00:00+00:00,0.01,2.9060630984131297
2025-06-22 13:00:00+00:00,0.01,4.772116161666002
2025-06-22 14:00:00+00:00,4.08,23.63712364323542
2025-06-22 15:00:00+00:00,21.29,47.596789140188775
2025-06-22 16:00:00+00:00,95.16,76.64317570726342
2025-06-22 17:00:00+00:00,118.83,130.9533508153232
2025-06-22 18:00:00+00:00,143.6,161.81593818842322
2025-06-22 19:00:00+00:00,137.96,138.151270933316
2025-06-22 20:00:00+00:00,126.69,125.15539787738071
2025-06-22 21:00:00+00:00,101.63,115.63075010146709
2025-06-22 22:00:00+00:00,85.8,98.36159608761514
2025-06-22 23:00:00+00:00,82.44,88.37369859415223
2025-06-23 00:00:00+00:00,74.45,83.94202512102471
2025-06-23 01:00:00+00:00,75.06,78.18121329694829
2025-06-23 02:00:00+00:00,86.1,77.41837603435171
2025-06-23 03:00:00+00:00,106.19,99.1067232901315
2025-06-23 04:00:00+00:00,107.35,109.73504174063699
2025-06-23 05:00:00+00:00,87.08,114.34558646679471
2025-06-23 06:00:00+00:00,55.0,78.05754219188059
2025-06-23 07:00:00+00:00,35.49,46.18015674782224
2025-06-23 08:00:00+00:00,20.0,29.95571055822402
2025-06-23 09:00:00+00:00,35.0,22.219170940704476
2025-06-23 10:00:00+00:00,45.0,32.09239556252156
2025-06-23 11:00:00+00:00,55.0,44.72384556269636
2025-06-23 12:00:00+00:00,60.01,56.65888864723582
2025-06-23 13:00:00+00:00,69.01,62.504782957031445
2025-06-23 14:00:00+00:00,98.99,77.68758559280357
2025-06-23 15:00:00+00:00,139.0,100.92146332164188
2025-06-23 16:00:00+00:00,153.37,133.05120713170206
2025-06-23 17:00:00+00:00,163.01,156.13189130319097
2025-06-23 18:00:00+00:00,167.24,176.47610759108852
2025-06-23 19:00:00+00:00,154.54,151.23633295269195
2025-06-23 20:00:00+00:00,133.0,134.44960471031672
2025-06-23 21:00:00+00:00,132.87,111.90201797448493
2025-06-23 22:00:00+00:00,108.97,108.32281847551909
2025-06-23 23:00:00+00:00,104.46,101.82452902685282
2025-06-24 00:00:00+00:00,99.37,101.19221717356054
2025-06-24 01:00:00+00:00,95.62,97.10579294200222
2025-06-24 02:00:00+00:00,91.14,95.16467416729046
2025-06-24 03:00:00+00:00,104.78,101.88589511910789
2025-06-24 04:00:00+00:00,109.52,109.18984503361402
2025-06-24 05:00:00+00:00,110.35,109.31601077510021
2025-06-24 06:00:00+00:00,86.53,101.83657032970231
2025-06-24 07:00:00+00:00,56.31,78.59525392390978
2025-06-24 08:00:00+00:00,30.0,43.715714545493555
2025-06-24 09:00:00+00:00,21.46,33.29218844609782
2025-06-24 10:00:00+00:00,60.0,29.3421667579807
2025-06-24 11:00:00+00:00,85.0,70.73102554912059
2025-06-24 12:00:00+00:00,85.0,72.26671738079501
2025-06-24 13:00:00+00:00,37.95,79.56835412547952
2025-06-24 14:00:00+00:00,67.14,71.94127122791514
2025-06-24 15:00:00+00:00,112.67,102.08943675867972
2025-06-24 16:00:00+00:00,157.06,143.39050291631764
2025-06-24 17:00:00+00:00,191.15,189.2463595890341
2025-06-24 18:00:00+00:00,167.89,197.1216828611272
2025-06-24 19:00:00+00:00,161.0,153.12415318118818
2025-06-24 20:00:00+00:00,154.44,136.5107163978177
2025-06-24 21:00:00+00:00,144.26,134.00646565282207
2025-06-24 22:00:00+00:00,133.0,118.99372970962571
2025-06-24 23:00:00+00:00,116.02,112.26551141068667
2025-06-25 00:00:00+00:00,110.35,112.26766260887713
2025-06-25 01:00:00+00:00,109.01,106.62013044354988
2025-06-25 02:00:00+00:00,120.0,106.00563529561245
2025-06-25 03:00:00+00:00,116.53,117.11581061586426
2025-06-25 04:00:00+00:00,109.01,122.96427102754028
2025-06-25 05:00:00+00:00,111.89,113.81786052126296
2025-06-25 06:00:00+00:00,98.4,103.7433929144953
2025-06-25 07:00:00+00:00,60.0,85.01846107682923
2025-06-25 08:00:00+00:00,24.01,52.299140832955345
2025-06-25 09:00:00+00:00,30.4,34.12475618555711
2025-06-25 10:00:00+00:00,35.6,36.55441996619952
2025-06-25 11:00:00+00:00,20.0,44.858052973788226
2025-06-25 12:00:00+00:00,30.8,42.619732317118945
2025-06-25 13:00:00+00:00,44.41,52.56052812906635
2025-06-25 14:00:00+00:00,92.05,57.545199333126604
2025-06-25 15:00:00+00:00,113.15,104.51519277520771
2025-06-25 16:00:00+00:00,136.95,147.27088711810404
2025-06-25 17:00:00+00:00,179.6,199.17377348911035
2025-06-25 18:00:00+00:00,209.41,210.499612365799
2025-06-25 19:00:00+00:00,248.76,174.22108637190672
2025-06-25 20:00:00+00:00,176.5,200.90762075235622
2025-06-25 21:00:00+00:00,133.3,144.2789768120951
2025-06-25 22:00:00+00:00,119.95,132.1513696854981
2025-06-25 23:00:00+00:00,108.86,114.55993745895495
2025-06-26 00:00:00+00:00,104.4,108.69638985151448
2025-06-26 01:00:00+00:00,102.19,103.51878967186583
2025-06-26 02:00:00+00:00,102.21,105.7967847751928
2025-06-26 03:00:00+00:00,108.86,110.68784254698656
2025-06-26 04:00:00+00:00,119.28,117.43094479530464
2025-06-26 05:00:00+00:00,120.99,118.44919052169239
2025-06-26 06:00:00+00:00,100.33,106.4115114455638
2025-06-26 07:00:00+00:00,55.99,90.5237914351551
2025-06-26 08:00:00+00:00,37.7,44.189739422145514
2025-06-26 09:00:00+00:00,38.57,38.23593242147539
2025-06-26 10:00:00+00:00,70.65,40.04129231652727
2025-06-26 11:00:00+00:00,66.55,62.38879362440508
2025-06-26 12:00:00+00:00,65.8,60.17304599637077
2025-06-26 13:00:00+00:00,87.44,72.45284101209727
2025-06-26 14:00:00+00:00,101.7,95.23490939945832
2025-06-26 15:00:00+00:00,117.45,115.04347764672515
2025-06-26 16:00:00+00:00,153.29,141.18697806951798
2025-06-26 17:00:00+00:00,226.53,226.2070832764067
2025-06-26 18:00:00+00:00,237.36,239.64666355268128
2025-06-26 19:00:00+00:00,188.37,209.8699790347995
2025-06-26 20:00:00+00:00,150.72,166.96160076148652
2025-06-26 21:00:00+00:00,131.31,145.21788000557865
2025-06-26 22:00:00+00:00,125.0,122.96571358221814
2025-06-26 23:00:00+00:00,120.84,118.68133053045273
2025-06-27 00:00:00+00:00,117.0,118.65504311629861
2025-06-27 01:00:00+00:00,112.13,113.4953724790322
2025-06-27 02:00:00+00:00,110.34,109.1302033539637
2025-06-27 03:00:00+00:00,108.83,115.9947034388026
2025-06-27 04:00:00+00:00,108.87,120.71594756240495
2025-06-27 05:00:00+00:00,113.2,116.01733618351525
2025-06-27 06:00:00+00:00,99.18,106.35352503240217
2025-06-27 07:00:00+00:00,88.34,88.80328974964226
2025-06-27 08:00:00+00:00,79.23,74.8648168409888
2025-06-27 09:00:00+00:00,67.45,68.34216612256434
2025-06-27 10:00:00+00:00,54.95,67.0611251390712
2025-06-27 11:00:00+00:00,68.05,61.9132972567994
2025-06-27 12:00:00+00:00,75.96,74.81065243351362
2025-06-27 13:00:00+00:00,107.77,85.41034875487523
2025-06-27 14:00:00+00:00,115.0,114.36419622509474
2025-06-27 15:00:00+00:00,117.45,131.1213319986214
2025-06-27 16:00:00+00:00,149.68,159.38635949403937
2025-06-27 17:00:00+00:00,163.97,232.76700885749986
2025-06-27 18:00:00+00:00,177.5,217.09724331065084
2025-06-27 19:00:00+00:00,142.55,161.1353756671132
2025-06-27 20:00:00+00:00,130.05,138.52566976897188
2025-06-27 21:00:00+00:00,117.0,119.92352516126138
2025-06-27 22:00:00+00:00,101.75,114.96026013330734
2025-06-27 23:00:00+00:00,90.04,106.40668595703818
2025-06-28 00:00:00+00:00,88.39,97.26570971582423
2025-06-28 01:00:00+00:00,87.91,93.17709620924008
2025-06-28 02:00:00+00:00,70.87,89.93992377745222
2025-06-28 03:00:00+00:00,76.62,83.91667213411685
2025-06-28 04:00:00+00:00,75.64,87.3611476591702
2025-06-28 05:00:00+00:00,59.36,80.9747784430739
2025-06-28 06:00:00+00:00,27.8,57.19778327345258
2025-06-28 07:00:00+00:00,2.35,23.241800797953445
2025-06-28 08:00:00+00:00,0.01,3.7526305746117448
2025-06-28 09:00:00+00:00,0.5,2.077369886967397
2025-06-28 10:00:00+00:00,2.56,3.1697114906623396
2025-06-28 11:00:00+00:00,10.0,6.743261800564055
2025-06-28 12:00:00+00:00,10.0,20.140884466244604
2025-06-28 13:00:00+00:00,4.78,57.22324190884109
2025-06-28 14:00:00+00:00,31.42,45.379097530948584
2025-06-28 15:00:00+00:00,101.73,81.09166369362639
2025-06-28 16:00:00+00:00,108.45,124.43153923285277
2025-06-28 17:00:00+00:00,113.41,139.92422847671673
2025-06-28 18:00:00+00:00,125.89,149.30714527067204
2025-06-28 19:00:00+00:00,127.19,131.81123276667435
2025-06-28 20:00:00+00:00,120.07,114.6428206562641
2025-06-28 21:00:00+00:00,103.5,110.57638061159749
2025-06-28 22:00:00+00:00,95.07,99.14191046407332
2025-06-28 23:00:00+00:00,89.42,90.01194476127117
2025-06-29 00:00:00+00:00,89.66,87.26469561623473
2025-06-29 01:00:00+00:00,86.82,86.25452839070243
2025-06-29 02:00:00+00:00,85.22,84.14533156057351
2025-06-29 03:00:00+00:00,85.3,81.82457263694077
2025-06-29 04:00:00+00:00,86.35,79.34240767309058
2025-06-29 05:00:00+00:00,40.6,72.32622278421773
2025-06-29 06:00:00+00:00,6.19,27.81941421405181
2025-06-29 07:00:00+00:00,0.1,3.9449024489034787
2025-06-29 08:00:00+00:00,0.0,4.643154078327227
2025-06-29 09:00:00+00:00,0.0,1.9166240503063943
2025-06-29 10:00:00+00:00,0.0,1.9014046954676849
2025-06-29 11:00:00+00:00,0.0,1.8055413658806052
2025-06-29 12:00:00+00:00,0.0,1.7771846885778066
2025-06-29 13:00:00+00:00,0.0,4.624988894572121
2025-06-29 14:00:00+00:00,1.04,18.78757155346747
2025-06-29 15:00:00+00:00,46.33,35.16238428533199
2025-06-29 16:00:00+00:00,92.84,80.0243921887131
2025-06-29 17:00:00+00:00,102.14,114.90119336903054
2025-06-29 18:00:00+00:00,111.98,122.97551111648956
2025-06-29 19:00:00+00:00,118.07,117.75041537331388
2025-06-29 20:00:00+00:00,113.73,114.6623430487109
2025-06-29 21:00:00+00:00,101.0,103.57458346896996
2025-06-29 22:00:00+00:00,98.73,95.31166407332574
2025-06-29 23:00:00+00:00,89.03,91.04154002969304
2025-06-30 00:00:00+00:00,85.03,85.17611500412985
2025-06-30 01:00:00+00:00,84.13,83.89784246111758
2025-06-30 02:00:00+00:00,86.22,82.80500058971114
2025-06-30 03:00:00+00:00,94.97,98.25054579866946
2025-06-30 04:00:00+00:00,99.87,99.38005611904923
2025-06-30 05:00:00+00:00,86.05,96.38531392657133
2025-06-30 06:00:00+00:00,43.83,71.83390508003464
2025-06-30 07:00:00+00:00,27.63,41.468756823976385
2025-06-30 08:00:00+00:00,33.56,25.068681238535294
2025-06-30 09:00:00+00:00,50.0,26.630749218367946
2025-06-30 10:00:00+00:00,41.18,51.24796010061059
2025-06-30 11:00:00+00:00,55.1,32.0334236461964
2025-06-30 12:00:00+00:00,63.41,58.235704356260314
2025-06-30 13:00:00+00:00,105.25,65.67536822959431
2025-06-30 14:00:00+00:00,101.41,102.0593102321513
2025-06-30 15:00:00+00:00,108.31,107.82261558298883
2025-06-30 16:00:00+00:00,113.44,128.39316866997638
2025-06-30 17:00:00+00:00,178.94,137.25310600261423
2025-06-30 18:00:00+00:00,185.0,177.3466409606863
2025-06-30 19:00:00+00:00,175.01,163.9890974823631
2025-06-30 20:00:00+00:00,157.0,139.35778549898748
2025-06-30 21:00:00+00:00,122.65,129.92182989634136
2025-06-30 22:00:00+00:00,111.28,110.04847624772285
2025-06-30 23:00:00+00:00,100.31,103.640708346977
2025-07-01 00:00:00+00:00,89.1,99.29834309842994
2025-07-01 01:00:00+00:00,88.46,89.68919589773688
2025-07-01 02:00:00+00:00,90.01,89.20915230940095
2025-07-01 03:00:00+00:00,102.39,100.04200820403813
2025-07-01 04:00:00+00:00,114.97,105.2659898600014
2025-07-01 05:00:00+00:00,107.11,113.59638895086091
2025-07-01 06:00:00+00:00,90.9,97.26468794652575
2025-07-01 07:00:00+00:00,86.34,80.31044106864734
2025-07-01 08:00:00+00:00,51.66,73.36207856459336
2025-07-01 09:00:00+00:00,63.7,44.474168059617526
2025-07-01 10:00:00+00:00,44.77,65.41642204154311
2025-07-01 11:00:00+00:00,43.92,52.694723880865276
2025-07-01 12:00:00+00:00,65.0,54.381345960990814
2025-07-01 13:00:00+00:00,78.28,88.55240308041846
2025-07-01 14:00:00+00:00,90.8,87.09947717302603
2025-07-01 15:00:00+00:00,115.0,101.1647191494635
2025-07-01 16:00:00+00:00,152.09,139.1009201976858
2025-07-01 17:00:00+00:00,243.56,228.4420669583873
2025-07-01 18:00:00+00:00,290.86,232.33742773380348
2025-07-01 19:00:00+00:00,215.0,223.48710041666672
2025-07-01 20:00:00+00:00,199.3,169.54892695430527
2025-07-01 21:00:00+00:00,137.81,148.35666158407844
2025-07-01 22:00:00+00:00,119.29,123.18574807875386
2025-07-01 23:00:00+00:00,102.8,108.78861754992249
2025-07-02 00:00:00+00:00,92.54,100.22026185931294
2025-07-02 01:00:00+00:00,92.08,92.14031584152968
2025-07-02 02:00:00+00:00,90.63,93.37119809122838
2025-07-02 03:00:00+00:00,99.44,103.37084626003413
2025-07-02 04:00:00+00:00,113.9,111.24168991137206
2025-07-02 05:00:00+00:00,94.99,111.22673101125271
2025-07-02 06:00:00+00:00,58.55,89.9511991075401
2025-07-02 07:00:00+00:00,33.95,57.23910448290952
2025-07-02 08:00:00+00:00,20.0,29.983049707623493
2025-07-02 09:00:00+00:00,15.99,32.62658942779136
2025-07-02 10:00:00+00:00,16.25,24.187222685456955
2025-07-02 11:00:00+00:00,30.0,25.278405775326224
2025-07-02 12:00:00+00:00,31.6,44.78473825235122
2025-07-02 13:00:00+00:00,55.03,48.33440761259525
2025-07-02 14:00:00+00:00,85.67,82.50155100205743
2025-07-02 15:00:00+00:00,115.16,100.67957998305057
2025-07-02 16:00:00+00:00,173.22,148.69484958352018
2025-07-02 17:00:00+00:00,190.4,236.53924231209254
2025-07-02 18:00:00+00:00,200.0,218.01175177695367
2025-07-02 19:00:00+00:00,158.31,196.25126126105096
2025-07-02 20:00:00+00:00,137.24,145.59454569001912
2025-07-02 21:00:00+00:00,112.48,124.23090023611766
2025-07-02 22:00:00+00:00,97.73,111.49839796968598
2025-07-02 23:00:00+00:00,89.34,96.19847493310523
2025-07-03 00:00:00+00:00,87.06,89.93592268067367
2025-07-03 01:00:00+00:00,78.93,89.52647187447184
2025-07-03 02:00:00+00:00,80.88,82.85278063940099
2025-07-03 03:00:00+00:00,90.88,92.08685195291375
2025-07-03 04:00:00+00:00,103.83,105.31407760458029
2025-07-03 05:00:00+00:00,91.34,104.90580637503462
2025-07-03 06:00:00+00:00,71.69,86.49248480363133
2025-07-03 07:00:00+00:00,16.24,62.84072145932842
2025-07-03 08:00:00+00:00,10.93,21.927976299909883
2025-07-03 09:00:00+00:00,10.01,13.307463403624418
2025-07-03 10:00:00+00:00,20.0,13.18117501759903
2025-07-03 11:00:00+00:00,25.0,28.156628928181412
2025-07-03 12:00:00+00:00,34.0,39.76180100709796
2025-07-03 13:00:00+00:00,72.56,47.90893963770796
2025-07-03 14:00:00+00:00,95.0,84.00501193088661
2025-07-03 15:00:00+00:00,118.08,109.83183337653392
2025-07-03 16:00:00+00:00,131.6,158.90729201638197
2025-07-03 17:00:00+00:00,156.06,180.31204185430863
2025-07-03 18:00:00+00:00,177.56,189.87943938318224
2025-07-03 19:00:00+00:00,159.69,159.43175348490107
2025-07-03 20:00:00+00:00,138.0,137.70602495172506
2025-07-03 21:00:00+00:00,117.08,121.47348613157456
2025-07-03 22:00:00+00:00,121.83,106.93242776125254
2025-07-03 23:00:00+00:00,108.56,107.70165833157424
2025-07-04 00:00:00+00:00,105.99,106.36079738884312
2025-07-04 01:00:00+00:00,97.22,102.02667627298753
2025-07-04 02:00:00+00:00,103.68,97.94172097021445
2025-07-04 03:00:00+00:00,109.52,104.05886867325067
2025-07-04 04:00:00+00:00,121.0,112.32172204376228
2025-07-04 05:00:00+00:00,94.0,110.00520287584115
2025-07-04 06:00:00+00:00,71.69,85.40912412190877
2025-07-04 07:00:00+00:00,32.36,62.045089859299814
2025-07-04 08:00:00+00:00,20.0,30.80701936017116
2025-07-04 09:00:00+00:00,10.17,26.422064041768827
2025-07-04 10:00:00+00:00,15.12,13.012537705856216
2025-07-04 11:00:00+00:00,17.62,21.841484898926996
2025-07-04 12:00:00+00:00,32.14,26.887641614542527
2025-07-04 13:00:00+00:00,60.0,52.79691674899401
2025-07-04 14:00:00+00:00,87.72,85.22498301756632
2025-07-04 15:00:00+00:00,123.32,100.9617239627503
2025-07-04 16:00:00+00:00,140.5,142.40274885110534
2025-07-04 17:00:00+00:00,149.04,185.15143085419547
2025-07-04 18:00:00+00:00,170.15,188.24790697940745
2025-07-04 19:00:00+00:00,154.48,148.2407643241036
2025-07-04 20:00:00+00:00,130.0,126.19072977133705
2025-07-04 21:00:00+00:00,114.48,112.00357386260701
2025-07-04 22:00:00+00:00,109.09,109.96977059076475
2025-07-04 23:00:00+00:00,102.71,104.86223952084597
2025-07-05 00:00:00+00:00,98.53,100.16129534031089
2025-07-05 01:00:00+00:00,94.76,96.05783070003964
2025-07-05 02:00:00+00:00,91.69,91.70923120688772
2025-07-05 03:00:00+00:00,87.24,95.73568756522211
2025-07-05 04:00:00+00:00,82.37,90.11866812920172
2025-07-05 05:00:00+00:00,45.55,75.33952439021247
2025-07-05 06:00:00+00:00,17.86,45.22029128208156
2025-07-05 07:00:00+00:00,3.34,12.119610791395695
2025-07-05 08:00:00+00:00,0.0,2.8230283767820037
2025-07-05 09:00:00+00:00,10.0,0.6842938901427676
2025-07-05 10:00:00+00:00,20.77,12.186692445502436
2025-07-05 11:00:00+00:00,39.5,21.72350816848822
2025-07-05 12:00:00+00:00,44.03,38.080820058834895
2025-07-05 13:00:00+00:00,25.0,51.945691451348836
2025-07-05 14:00:00+00:00,85.34,54.752374797878645
2025-07-05 15:00:00+00:00,125.53,100.38683577726437
2025-07-05 16:00:00+00:00,171.7,136.56992358173378
2025-07-05 17:00:00+00:00,194.88,156.81774162392796
2025-07-05 18:00:00+00:00,180.81,182.28735800517384
2025-07-05 19:00:00+00:00,165.0,157.57822854344258
2025-07-05 20:00:00+00:00,138.12,134.64833851697256
2025-07-05 21:00:00+00:00,123.8,115.59573319389132
2025-07-05 22:00:00+00:00,109.37,112.16735075381149
2025-07-05 23:00:00+00:00,106.58,101.84379698526278
2025-07-06 00:00:00+00:00,93.64,101.77784867346777
2025-07-06 01:00:00+00:00,93.65,91.09448906021323
2025-07-06 02:00:00+00:00,93.14,90.60854280041671
2025-07-06 03:00:00+00:00,88.27,91.73160739955705
2025-07-06 04:00:00+00:00,75.64,87.76436665726214
2025-07-06 05:00:00+00:00,74.61,66.36643754135774
2025-07-06 06:00:00+00:00,67.57,49.2542552904267
2025-07-06 07:00:00+00:00,26.0,42.42130599918496
2025-07-06 08:00:00+00:00,15.0,16.96082222175988
2025-07-06 09:00:00+00:00,15.0,13.155714652197565
2025-07-06 10:00:00+00:00,23.92,15.130166297287753
2025-07-06 11:00:00+00:00,30.6,21.126811050229158
2025-07-06 12:00:00+00:00,44.92,34.46493293434332
2025-07-06 13:00:00+00:00,66.06,41.58657030928825
2025-07-06 14:00:00+00:00,75.81,79.39481857071401
2025-07-06 15:00:00+00:00,100.8,97.09801888312955
2025-07-06 16:00:00+00:00,119.99,122.30439037471686
2025-07-06 17:00:00+00:00,167.0,164.03581044460805
2025-07-06 18:00:00+00:00,188.63,206.9127214111509
2025-07-06 19:00:00+00:00,154.25,166.6220620737603
2025-07-06 20:00:00+00:00,130.01,138.92433263541562
2025-07-06 21:00:00+00:00,113.26,119.43282152420025
2025-07-06 22:00:00+00:00,117.53,108.51930826431379
2025-07-06 23:00:00+00:00,105.0,105.294718106984
2025-07-07 00:00:00+00:00,100.38,101.70103682578284
2025-07-07 01:00:00+00:00,97.3,99.53958864216001
2025-07-07 02:00:00+00:00,98.68,95.89788403290193
2025-07-07 03:00:00+00:00,108.7,101.76442294335303
2025-07-07 04:00:00+00:00,131.04,114.06527713358474
2025-07-07 05:00:00+00:00,134.66,129.5207787765717
2025-07-07 06:00:00+00:00,96.22,114.05035493279023
2025-07-07 07:00:00+00:00,86.59,88.54506362514758
2025-07-07 08:00:00+00:00,65.16,75.93218586370001
2025-07-07 09:00:00+00:00,82.77,65.76482266497285
2025-07-07 10:00:00+00:00,86.57,72.36598247726593
2025-07-07 11:00:00+00:00,82.19,77.49036365135585
2025-07-07 12:00:00+00:00,89.25,76.8212360090501
2025-07-07 13:00:00+00:00,94.52,94.50546824587018
2025-07-07 14:00:00+00:00,115.0,97.17158863726924
2025-07-07 15:00:00+00:00,126.0,124.99190118030955
2025-07-07 16:00:00+00:00,175.2,142.0972455063175
2025-07-07 17:00:00+00:00,180.0,207.92225383048105
2025-07-07 18:00:00+00:00,200.03,210.64557367980217
2025-07-07 19:00:00+00:00,158.77,172.12316419972737
2025-07-07 20:00:00+00:00,130.0,137.81492593129124
2025-07-07 21:00:00+00:00,113.76,118.76879798510105
2025-07-07 22:00:00+00:00,108.7,114.6831842706156
2025-07-07 23:00:00+00:00,94.56,104.72935541385945
2025-07-08 00:00:00+00:00,90.19,96.27686734803184
2025-07-08 01:00:00+00:00,89.7,90.27760234592051
2025-07-08 02:00:00+00:00,90.16,90.7508619501252
2025-07-08 03:00:00+00:00,93.22,102.05114686770547
2025-07-08 04:00:00+00:00,111.78,112.04958723039303
2025-07-08 05:00:00+00:00,117.4,121.13281122092656
2025-07-08 06:00:00+00:00,75.44,109.26554034482818
2025-07-08 07:00:00+00:00,87.5,78.17502743121703
2025-07-08 08:00:00+00:00,84.84,77.09092538811558
2025-07-08 09:00:00+00:00,83.96,78.69099968069997
2025-07-08 10:00:00+00:00,70.94,79.93777467848322
2025-07-08 11:00:00+00:00,80.08,74.02291544208647
2025-07-08 12:00:00+00:00,76.02,82.7690173597122
2025-07-08 13:00:00+00:00,88.46,84.340236997496
2025-07-08 14:00:00+00:00,104.36,96.23505740944884
2025-07-08 15:00:00+00:00,108.7,111.93936031308216
2025-07-08 16:00:00+00:00,163.98,148.34674559478213
2025-07-08 17:00:00+00:00,161.89,202.53534837805927
2025-07-08 18:00:00+00:00,153.19,192.1320642953143
2025-07-08 19:00:00+00:00,144.36,153.943210477833
2025-07-08 20:00:00+00:00,124.82,125.93549479603793
2025-07-08 21:00:00+00:00,102.83,117.22022194540945
2025-07-08 22:00:00+00:00,103.7,104.36719338653685
2025-07-08 23:00:00+00:00,93.7,98.77599218473813
2025-07-09 00:00:00+00:00,90.0,92.4663620462291
2025-07-09 01:00:00+00:00,88.71,88.48506228927987
2025-07-09 02:00:00+00:00,91.23,88.54430323954789
2025-07-09 03:00:00+00:00,107.06,99.48927576754049
2025-07-09 04:00:00+00:00,113.13,110.47813605146347
2025-07-09 05:00:00+00:00,114.4,114.93511723626156
2025-07-09 06:00:00+00:00,91.44,105.19839968862502
2025-07-09 07:00:00+00:00,55.91,87.43996716740537
2025-07-09 08:00:00+00:00,47.4,61.77568565480899
2025-07-09 09:00:00+00:00,43.28,54.58545477853496
2025-07-09 10:00:00+00:00,26.0,49.417032834975565
2025-07-09 11:00:00+00:00,18.81,36.5214749724088
2025-07-09 12:00:00+00:00,26.0,34.45822336065671
2025-07-09 13:00:00+00:00,51.21,58.21145584632421
2025-07-09 14:00:00+00:00,69.03,79.2441986634855
2025-07-09 15:00:00+00:00,87.77,99.66344295411857
2025-07-09 16:00:00+00:00,108.6,115.71523921792244
2025-07-09 17:00:00+00:00,120.74,153.68333125648664
2025-07-09 18:00:00+00:00,140.14,152.40946222499136
2025-07-09 19:00:00+00:00,128.36,124.79259735085638
2025-07-09 20:00:00+00:00,123.19,116.34740879192063
2025-07-09 21:00:00+00:00,104.64,110.5367051376809
2025-07-09 22:00:00+00:00,100.91,99.62915057348523
2025-07-09 23:00:00+00:00,95.73,96.98765277093551
2025-07-10 00:00:00+00:00,89.1,94.25059418755278
2025-07-10 01:00:00+00:00,84.1,86.8762959211916
2025-07-10 02:00:00+00:00,87.24,83.85000329094278
2025-07-10 03:00:00+00:00,98.25,95.75765701189621
2025-07-10 04:00:00+00:00,93.57,105.73994762720072
2025-07-10 05:00:00+00:00,72.44,93.65007357740369
2025-07-10 06:00:00+00:00,63.85,69.0954466992023
2025-07-10 07:00:00+00:00,26.35,52.150877618460235
2025-07-10 08:00:00+00:00,24.37,25.543274541262413
2025-07-10 09:00:00+00:00,30.0,24.83367921579747
2025-07-10 10:00:00+00:00,45.0,31.29789701821754
2025-07-10 11:00:00+00:00,38.75,38.95119342784241
2025-07-10 12:00:00+00:00,38.75,32.60189182768979
2025-07-10 13:00:00+00:00,55.84,41.79405108776414
2025-07-10 14:00:00+00:00,76.12,64.33485362430933
2025-07-10 15:00:00+00:00,89.9,87.22843089580246
2025-07-10 16:00:00+00:00,108.53,106.47109486975063
2025-07-10 17:00:00+00:00,126.88,127.60709310639285
2025-07-10 18:00:00+00:00,151.23,144.37935937353097
2025-07-10 19:00:00+00:00,143.43,134.91071289909104
2025-07-10 20:00:00+00:00,123.25,123.69070218035529
2025-07-10 21:00:00+00:00,108.53,109.4327681185477
2025-07-10 22:00:00+00:00,104.04,103.60878002916537
2025-07-10 23:00:00+00:00,97.32,98.46002442750512
2025-07-11 00:00:00+00:00,92.22,95.46947656913686
2025-07-11 01:00:00+00:00,88.11,90.58713034690369
2025-07-11 02:00:00+00:00,88.87,89.06325690866677
2025-07-11 03:00:00+00:00,95.15,97.76224444930826
2025-07-11 04:00:00+00:00,104.2,108.69983576494671
2025-07-11 05:00:00+00:00,102.7,102.20733583913763
2025-07-11 06:00:00+00:00,90.1,91.7319616756269
2025-07-11 07:00:00+00:00,71.58,75.94397307951772
2025-07-11 08:00:00+00:00,41.89,62.01538807936198
2025-07-11 09:00:00+00:00,30.59,39.86970642869435
2025-07-11 10:00:00+00:00,55.0,35.09291841116623
2025-07-11 11:00:00+00:00,40.19,50.01541676397496
2025-07-11 12:00:00+00:00,32.04,38.41371253019238
2025-07-11 13:00:00+00:00,66.0,42.55627843055058
2025-07-11 14:00:00+00:00,93.61,72.25886508807636
2025-07-11 15:00:00+00:00,117.39,104.3768530513297
2025-07-11 16:00:00+00:00,138.61,129.7909586499459
2025-07-11 17:00:00+00:00,148.14,155.86229514810535
2025-07-11 18:00:00+00:00,142.19,171.8395422663134
2025-07-11 19:00:00+00:00,136.21,118.73390728834853
2025-07-11 20:00:00+00:00,133.14,123.01008658379722
2025-07-11 21:00:00+00:00,117.67,115.7357567091308
2025-07-11 22:00:00+00:00,121.04,108.80147459810641
2025-07-11 23:00:00+00:00,108.32,107.60229727055011
2025-07-12 00:00:00+00:00,106.56,106.48344466081545
2025-07-12 01:00:00+00:00,95.59,102.05822178679942
2025-07-12 02:00:00+00:00,102.54,97.44879767865315
2025-07-12 03:00:00+00:00,94.17,101.99035005097791
2025-07-12 04:00:00+00:00,88.48,95.64978713992886
2025-07-12 05:00:00+00:00,89.92,88.79145571806242
2025-07-12 06:00:00+00:00,81.66,83.28067639143053
2025-07-12 07:00:00+00:00,46.0,70.26368921840017
2025-07-12 08:00:00+00:00,18.19,37.53737872594293
2025-07-12 09:00:00+00:00,15.7,16.58373635400158
2025-07-12 10:00:00+00:00,23.48,17.119029974230934
2025-07-12 11:00:00+00:00,34.03,26.24936041724944
2025-07-12 12:00:00+00:00,37.31,32.51574235880372
2025-07-12 13:00:00+00:00,35.59,46.29420008366625
2025-07-12 14:00:00+00:00,52.0,66.5258957312654
2025-07-12 15:00:00+00:00,90.79,94.88945353210322
2025-07-12 16:00:00+00:00,103.03,115.36261093598999
2025-07-12 17:00:00+00:00,108.41,134.1893455867429
2025-07-12 18:00:00+00:00,127.28,136.7146986574178
2025-07-12 19:00:00+00:00,130.3,119.22670239636926
2025-07-12 20:00:00+00:00,124.99,114.8909752339163
2025-07-12 21:00:00+00:00,118.63,113.36957721784835
2025-07-12 22:00:00+00:00,113.94,113.89106271504421
2025-07-12 23:00:00+00:00,107.14,106.40039156782221
2025-07-13 00:00:00+00:00,105.43,103.53266207186002
2025-07-13 01:00:00+00:00,103.55,101.6448860324019
2025-07-13 02:00:00+00:00,100.56,100.98828601392584
2025-07-13 03:00:00+00:00,96.96,101.47282404320381
2025-07-13 04:00:00+00:00,91.97,96.88153548056269
2025-07-13 05:00:00+00:00,77.05,87.96703375044144
2025-07-13 06:00:00+00:00,18.19,65.54013597590793
2025-07-13 07:00:00+00:00,8.44,13.630177509103369
2025-07-13 08:00:00+00:00,0.0,2.498304816768532
2025-07-13 09:00:00+00:00,0.01,3.1195827743518203
2025-07-13 10:00:00+00:00,0.0,1.771106639125126
2025-07-13 11:00:00+00:00,0.0,1.917686707294066
2025-07-13 12:00:00+00:00,0.0,2.384311779293515
2025-07-13 13:00:00+00:00,0.0,6.300732313457344
2025-07-13 14:00:00+00:00,2.23,21.98185299427515
2025-07-13 15:00:00+00:00,67.75,42.00070113566862
2025-07-13 16:00:00+00:00,105.87,98.7399502287871
2025-07-13 17:00:00+00:00,114.11,121.66246500295823
2025-07-13 18:00:00+00:00,125.58,128.90801553589347
2025-07-13 19:00:00+00:00,128.6,117.59970331604038
2025-07-13 20:00:00+00:00,126.94,114.11215839320636
2025-07-13 21:00:00+00:00,116.15,109.62908395933454
2025-07-13 22:00:00+00:00,113.03,109.71320571501066
2025-07-13 23:00:00+00:00,101.6,102.77828657517368
2025-07-14 00:00:00+00:00,94.79,100.73968773740202
2025-07-14 01:00:00+00:00,90.93,94.11994288225247
2025-07-14 02:00:00+00:00,93.59,91.01664923493244
2025-07-14 03:00:00+00:00,105.6,103.10497714593116
2025-07-14 04:00:00+00:00,115.83,119.03427253731292
2025-07-14 05:00:00+00:00,116.02,115.82162276877563
2025-07-14 06:00:00+00:00,90.51,101.71147109692286
2025-07-14 07:00:00+00:00,82.68,82.66823522899536
2025-07-14 08:00:00+00:00,45.2,58.56463608370765
2025-07-14 09:00:00+00:00,28.29,37.678217802033444
2025-07-14 10:00:00+00:00,38.29,40.70365038401263
2025-07-14 11:00:00+00:00,49.67,35.626346106963354
2025-07-14 12:00:00+00:00,58.76,58.29053551230518
2025-07-14 13:00:00+00:00,75.36,67.82309037491423
2025-07-14 14:00:00+00:00,105.8,86.2395830151932
2025-07-14 15:00:00+00:00,116.02,109.72037621986274
2025-07-14 16:00:00+00:00,132.81,140.21552672980098
2025-07-14 17:00:00+00:00,172.57,163.79398990531485
2025-07-14 18:00:00+00:00,238.17,169.37665114252405
2025-07-14 19:00:00+00:00,186.71,188.97870942574514
2025-07-14 20:00:00+00:00,130.45,148.2206036456684
2025-07-14 21:00:00+00:00,116.56,113.3262044978577
2025-07-14 22:00:00+00:00,107.11,111.70715924959363
2025-07-14 23:00:00+00:00,100.14,101.36133700312985
2025-07-15 00:00:00+00:00,90.57,99.58655763433367
2025-07-15 01:00:00+00:00,86.75,88.56142481289689
2025-07-15 02:00:00+00:00,85.59,88.24724659248301
2025-07-15 03:00:00+00:00,91.75,95.36616457799701
2025-07-15 04:00:00+00:00,108.25,108.96114947997374
2025-07-15 05:00:00+00:00,93.91,115.23007792464938
2025-07-15 06:00:00+00:00,86.73,89.81322122426376
2025-07-15 07:00:00+00:00,80.03,81.12598022640708
2025-07-15 08:00:00+00:00,27.03,73.21605129684454
2025-07-15 09:00:00+00:00,10.01,38.243803684248995
2025-07-15 10:00:00+00:00,18.17,13.42473387965978
2025-07-15 11:00:00+00:00,49.45,26.709996589003648
2025-07-15 12:00:00+00:00,55.78,52.70718277211908
2025-07-15 13:00:00+00:00,83.02,67.6493937921888
2025-07-15 14:00:00+00:00,105.75,93.13199839613773
2025-07-15 15:00:00+00:00,116.53,110.41292165049862
2025-07-15 16:00:00+00:00,127.6,139.017232355459
2025-07-15 17:00:00+00:00,158.15,178.59405910737743
2025-07-15 18:00:00+00:00,168.85,195.95683629444852
2025-07-15 19:00:00+00:00,148.44,151.27832658642825
2025-07-15 20:00:00+00:00,119.88,126.12040342323948
2025-07-15 21:00:00+00:00,108.25,110.81383218746846
2025-07-15 22:00:00+00:00,97.0,102.71839298359009
2025-07-15 23:00:00+00:00,90.49,94.64831635866896
2025-07-16 00:00:00+00:00,83.51,87.52236174941444
2025-07-16 01:00:00+00:00,79.9,82.98292975624385
2025-07-16 02:00:00+00:00,80.29,80.53910901497922
2025-07-16 03:00:00+00:00,86.05,89.52251079152184
2025-07-16 04:00:00+00:00,104.11,98.5315631278639
2025-07-16 05:00:00+00:00,98.25,103.37186066474558
2025-07-16 06:00:00+00:00,71.69,90.35902287868016
2025-07-16 07:00:00+00:00,41.05,71.38310459967569
2025-07-16 08:00:00+00:00,25.99,32.803907228289624
2025-07-16 09:00:00+00:00,22.71,36.14590142754036
2025-07-16 10:00:00+00:00,50.01,31.997738480344815
2025-07-16 11:00:00+00:00,89.37,48.073590452702234
2025-07-16 12:00:00+00:00,93.99,77.30870843423338
2025-07-16 13:00:00+00:00,103.35,88.73384393103429
2025-07-16 14:00:00+00:00,107.87,102.90353629341534
2025-07-16 15:00:00+00:00,111.23,116.8047329820263
2025-07-16 16:00:00+00:00,128.59,131.83997266739044
2025-07-16 17:00:00+00:00,150.0,177.12769797277707
2025-07-16 18:00:00+00:00,161.12,186.89829901981182
2025-07-16 19:00:00+00:00,148.46,149.10894197886685
2025-07-16 20:00:00+00:00,143.72,125.95503285132419
2025-07-16 21:00:00+00:00,125.0,120.3892257227778
2025-07-16 22:00:00+00:00,120.0,109.59849863037218
2025-07-16 23:00:00+00:00,120.34,106.94372450731949
2025-07-17 00:00:00+00:00,111.64,109.3629305400472
2025-07-17 01:00:00+00:00,110.0,107.73652331463323
2025-07-17 02:00:00+00:00,108.32,106.71579819132211
2025-07-17 03:00:00+00:00,111.02,112.26092230511044
2025-07-17 04:00:00+00:00,120.0,110.20310020869681
2025-07-17 05:00:00+00:00,125.53,115.94431863334987
2025-07-17 06:00:00+00:00,105.92,110.67787639045879
2025-07-17 07:00:00+00:00,93.1,98.00460105385099
2025-07-17 08:00:00+00:00,85.0,84.7804350407653
2025-07-17 09:00:00+00:00,77.07,73.0555485623468
2025-07-17 10:00:00+00:00,70.17,72.53999067099106
2025-07-17 11:00:00+00:00,63.0,71.69089281805913
2025-07-17 12:00:00+00:00,63.0,71.39761216529475
2025-07-17 13:00:00+00:00,68.99,82.67058840422766
2025-07-17 14:00:00+00:00,104.37,89.75651912878361
2025-07-17 15:00:00+00:00,115.0,105.68778192473621
2025-07-17 16:00:00+00:00,123.04,130.8235824668448
2025-07-17 17:00:00+00:00,141.33,138.49419355184503
2025-07-17 18:00:00+00:00,153.49,167.02105478802576
2025-07-17 19:00:00+00:00,135.81,137.13874472414471
2025-07-17 20:00:00+00:00,125.08,121.16970314624832
2025-07-17 21:00:00+00:00,114.18,115.41631033276346
2025-07-17 22:00:00+00:00,108.28,112.18637481637546
2025-07-17 23:00:00+00:00,99.67,108.3815394885439
2025-07-18 00:00:00+00:00,96.61,99.15401563358787
2025-07-18 01:00:00+00:00,95.59,97.76495951107479
2025-07-18 02:00:00+00:00,96.58,97.00611758115903
2025-07-18 03:00:00+00:00,105.87,101.65459878014867
2025-07-18 04:00:00+00:00,116.22,110.31527975986661
2025-07-18 05:00:00+00:00,115.09,119.84495848198969
2025-07-18 06:00:00+00:00,108.43,110.55766553928908
2025-07-18 07:00:00+00:00,87.25,105.1622385401274
2025-07-18 08:00:00+00:00,70.27,85.41968619471055
2025-07-18 09:00:00+00:00,81.99,70.53661270964203
2025-07-18 10:00:00+00:00,80.0,74.50766246398501
2025-07-18 11:00:00+00:00,73.02,72.68549349985577
2025-07-18 12:00:00+00:00,71.2,69.83023769954903
2025-07-18 13:00:00+00:00,72.68,75.83986065425543
2025-07-18 14:00:00+00:00,104.26,90.59174593947307
2025-07-18 15:00:00+00:00,108.79,112.46216366701148
2025-07-18 16:00:00+00:00,129.0,126.9151302737824
2025-07-18 17:00:00+00:00,141.86,167.6834473504719
2025-07-18 18:00:00+00:00,166.84,187.50803856911855
2025-07-18 19:00:00+00:00,163.35,136.39036832387805
2025-07-18 20:00:00+00:00,132.25,128.02669949053373
2025-07-18 21:00:00+00:00,126.24,119.48127756822203
2025-07-18 22:00:00+00:00,129.87,117.50199738233408
2025-07-18 23:00:00+00:00,129.87,111.0598963780819
2025-07-19 00:00:00+00:00,120.0,117.94428467358537
2025-07-19 01:00:00+00:00,110.76,110.86686276319149
2025-07-19 02:00:00+00:00,105.52,108.10750450716407
2025-07-19 03:00:00+00:00,105.12,103.99920118978004
2025-07-19 04:00:00+00:00,103.9,108.79352453649211
2025-07-19 05:00:00+00:00,95.89,106.78257265138875
2025-07-19 06:00:00+00:00,76.65,92.75320229421288
2025-07-19 07:00:00+00:00,51.11,74.18505133858325
2025-07-19 08:00:00+00:00,10.0,55.367645568312106
2025-07-19 09:00:00+00:00,3.9,15.767819039829442
2025-07-19 10:00:00+00:00,0.01,4.3145259274127445
2025-07-19 11:00:00+00:00,0.46,2.4493326845260204
2025-07-19 12:00:00+00:00,3.28,3.24521843486128
2025-07-19 13:00:00+00:00,40.0,41.832251199554875
2025-07-19 14:00:00+00:00,65.28,67.73815931018879
2025-07-19 15:00:00+00:00,104.22,100.01859403276354
2025-07-19 16:00:00+00:00,130.0,117.15147068479045
2025-07-19 17:00:00+00:00,140.74,153.54246034595752
2025-07-19 18:00:00+00:00,151.25,177.73122403952385
2025-07-19 19:00:00+00:00,165.66,144.12882433481929
2025-07-19 20:00:00+00:00,138.01,135.76793541383148
2025-07-19 21:00:00+00:00,131.4,124.76410175058265
2025-07-19 22:00:00+00:00,112.77,122.66590564314949
2025-07-19 23:00:00+00:00,107.19,113.90422694117083
2025-07-20 00:00:00+00:00,110.33,106.30440226992683
2025-07-20 01:00:00+00:00,104.86,109.22153517001925
2025-07-20 02:00:00+00:00,98.57,101.75096246900412
2025-07-20 03:00:00+00:00,100.28,99.90029810006583
2025-07-20 04:00:00+00:00,94.59,101.65191413405421
2025-07-20 05:00:00+00:00,74.59,92.31495703186101
2025-07-20 06:00:00+00:00,70.17,71.57289869316551
2025-07-20 07:00:00+00:00,37.01,51.5947291832799
2025-07-20 08:00:00+00:00,7.45,29.034774679950065
2025-07-20 09:00:00+00:00,1.93,4.514373037728007
2025-07-20 10:00:00+00:00,0.0,4.978236057069461
2025-07-20 11:00:00+00:00,0.0,1.2069320994844424
2025-07-20 12:00:00+00:00,0.01,0.973555919655527
2025-07-20 13:00:00+00:00,8.43,6.377506563390886
2025-07-20 14:00:00+00:00,70.81,48.71756922292183
2025-07-20 15:00:00+00:00,106.74,91.50578065956384
2025-07-20 16:00:00+00:00,117.72,118.66696152695069
2025-07-20 17:00:00+00:00,134.98,135.7121304108446
2025-07-20 18:00:00+00:00,141.86,158.20768759836082
2025-07-20 19:00:00+00:00,140.0,143.79575537457168
2025-07-20 20:00:00+00:00,132.25,130.85616048107454
2025-07-20 21:00:00+00:00,131.24,123.90439152967582
2025-07-20 22:00:00+00:00,116.82,117.65875930914147
2025-07-20 23:00:00+00:00,112.99,107.80576916798026
2025-07-21 00:00:00+00:00,105.9,109.42115490531313
2025-07-21 01:00:00+00:00,97.9,102.64599443966898
2025-07-21 02:00:00+00:00,93.17,96.72597473812473
2025-07-21 03:00:00+00:00,106.84,104.50708685717765
2025-07-21 04:00:00+00:00,119.61,113.26994076101047
2025-07-21 05:00:00+00:00,120.0,123.06694137820469
2025-07-21 06:00:00+00:00,111.46,111.17093122437316
2025-07-21 07:00:00+00:00,97.18,105.91357687800709
2025-07-21 08:00:00+00:00,88.78,88.39150523129449
2025-07-21 09:00:00+00:00,86.29,78.93296494106114
2025-07-21 10:00:00+00:00,85.06,60.16440002208021
2025-07-21 11:00:00+00:00,85.58,56.12243629812536
2025-07-21 12:00:00+00:00,78.22,57.08281163347362
2025-07-21 13:00:00+00:00,80.06,79.6596225119082
2025-07-21 14:00:00+00:00,103.95,86.37288067227679
2025-07-21 15:00:00+00:00,110.3,109.80737524349614
2025-07-21 16:00:00+00:00,152.82,128.40080298028712
2025-07-21 17:00:00+00:00,213.53,174.43237030239234
2025-07-21 18:00:00+00:00,200.73,208.71307091174728
2025-07-21 19:00:00+00:00,155.74,173.29136073845083
2025-07-21 20:00:00+00:00,129.88,130.22300363317365
2025-07-21 21:00:00+00:00,110.0,120.96903413768423
2025-07-21 22:00:00+00:00,114.4,113.764832837069
2025-07-21 23:00:00+00:00,110.0,111.82756365503978
2025-07-22 00:00:00+00:00,105.29,107.51301358147424
2025-07-22 01:00:00+00:00,103.67,102.03545168542347
2025-07-22 02:00:00+00:00,103.48,101.6166698308142
2025-07-22 03:00:00+00:00,105.29,105.87337861522401
2025-07-22 04:00:00+00:00,110.71,114.96139840720136
2025-07-22 05:00:00+00:00,109.43,117.46708490943084
2025-07-22 06:00:00+00:00,99.67,111.21532894813157
2025-07-22 07:00:00+00:00,96.56,95.93240491424909
2025-07-22 08:00:00+00:00,84.21,91.65982070982223
2025-07-22 09:00:00+00:00,71.06,76.83340483633404
2025-07-22 10:00:00+00:00,54.94,72.77283175946849
2025-07-22 11:00:00+00:00,44.1,71.57963615012068
2025-07-22 12:00:00+00:00,49.17,63.86941699819018
2025-07-22 13:00:00+00:00,80.58,73.1005361948971
2025-07-22 14:00:00+00:00,110.0,91.90061070979705
2025-07-22 15:00:00+00:00,110.0,122.81122475406042
2025-07-22 16:00:00+00:00,158.4,148.6853595527713
2025-07-22 17:00:00+00:00,195.85,224.4635994330138
2025-07-22 18:00:00+00:00,222.87,204.88010426008105
2025-07-22 19:00:00+00:00,170.0,189.73967404456377
2025-07-22 20:00:00+00:00,144.66,132.05101583328613
2025-07-22 21:00:00+00:00,117.0,125.31796537084853
2025-07-22 22:00:00+00:00,119.53,112.92542170332709
2025-07-22 23:00:00+00:00,114.35,113.22464346026882
2025-07-23 00:00:00+00:00,108.48,109.24030725014933
2025-07-23 01:00:00+00:00,108.48,106.66690265155174
2025-07-23 02:00:00+00:00,109.51,106.86120898672561
2025-07-23 03:00:00+00:00,114.2,110.93039258262849
2025-07-23 04:00:00+00:00,109.33,123.248990776731
2025-07-23 05:00:00+00:00,110.0,112.83702039089789
2025-07-23 06:00:00+00:00,96.5,107.32557215486266
2025-07-23 07:00:00+00:00,85.01,93.40653115508458
2025-07-23 08:00:00+00:00,81.34,79.83316229933219
2025-07-23 09:00:00+00:00,80.0,72.30501516446299
2025-07-23 10:00:00+00:00,80.93,71.94993093400956
2025-07-23 11:00:00+00:00,81.74,79.97286027793054
2025-07-23 12:00:00+00:00,90.0,83.93803371401478
2025-07-23 13:00:00+00:00,108.48,93.70073517499341
2025-07-23 14:00:00+00:00,117.26,115.72418226887936
2025-07-23 15:00:00+00:00,182.61,134.98173564394986
2025-07-23 16:00:00+00:00,283.2,210.23542916928596
2025-07-23 17:00:00+00:00,313.52,302.0568716687739
2025-07-23 18:00:00+00:00,327.62,312.64195478942764
2025-07-23 19:00:00+00:00,229.91,254.49309583333346
2025-07-23 20:00:00+00:00,175.24,172.95176178373083
2025-07-23 21:00:00+00:00,138.67,145.85226790857573
2025-07-23 22:00:00+00:00,120.67,130.78326962069255
2025-07-23 23:00:00+00:00,120.0,121.42301121577442
2025-07-24 00:00:00+00:00,108.86,120.01827415254448
2025-07-24 01:00:00+00:00,107.09,109.43558138838517
2025-07-24 02:00:00+00:00,105.76,106.42992412266736
2025-07-24 03:00:00+00:00,105.47,115.09759238307234
2025-07-24 04:00:00+00:00,110.65,115.52147908825256
2025-07-24 05:00:00+00:00,115.31,115.32072456014598
2025-07-24 06:00:00+00:00,110.75,111.88602387098557
2025-07-24 07:00:00+00:00,96.57,105.25568535011524
2025-07-24 08:00:00+00:00,90.36,92.0488060006002
2025-07-24 09:00:00+00:00,85.6,85.87267948137963
2025-07-24 10:00:00+00:00,83.3,83.22955937256476
2025-07-24 11:00:00+00:00,89.87,81.28134789889981
2025-07-24 12:00:00+00:00,95.15,92.11163850681969
2025-07-24 13:00:00+00:00,99.99,98.28512437025165
2025-07-24 14:00:00+00:00,108.47,107.25791654861897
2025-07-24 15:00:00+00:00,116.44,139.90795445798673
2025-07-24 16:00:00+00:00,211.14,222.3835979907744
2025-07-24 17:00:00+00:00,350.0,291.81803134243063
2025-07-24 18:00:00+00:00,392.98,355.21115071131584
2025-07-24 19:00:00+00:00,222.58,350.19326861742394
2025-07-24 20:00:00+00:00,164.13,170.46606815546096
2025-07-24 21:00:00+00:00,120.13,147.30309691449673
2025-07-24 22:00:00+00:00,115.0,117.67912094248848
2025-07-24 23:00:00+00:00,108.5,114.93707330284185
2025-07-25 00:00:00+00:00,104.31,108.601595227634
2025-07-25 01:00:00+00:00,103.17,102.3372303648795
2025-07-25 02:00:00+00:00,103.83,101.73343538640411
2025-07-25 03:00:00+00:00,111.0,105.88498641355132
2025-07-25 04:00:00+00:00,116.59,119.28135478291212
2025-07-25 05:00:00+00:00,113.08,125.12291710465905
2025-07-25 06:00:00+00:00,112.94,112.92176365913596
2025-07-25 07:00:00+00:00,100.38,105.87800056009837
2025-07-25 08:00:00+00:00,98.63,93.59684175800649
2025-07-25 09:00:00+00:00,88.0,88.42884959505365
2025-07-25 10:00:00+00:00,87.44,86.01310216900902
2025-07-25 11:00:00+00:00,89.31,87.65637576328635
2025-07-25 12:00:00+00:00,90.38,92.48916825464343
2025-07-25 13:00:00+00:00,101.26,95.46020457194564
2025-07-25 14:00:00+00:00,115.0,108.22389550308937
2025-07-25 15:00:00+00:00,132.96,137.5283564062637
2025-07-25 16:00:00+00:00,267.91,243.06770507348716
2025-07-25 17:00:00+00:00,388.29,358.07344708166113
2025-07-25 18:00:00+00:00,410.5,423.98258318003946
2025-07-25 19:00:00+00:00,177.21,386.25225829004324
2025-07-25 20:00:00+00:00,163.74,165.05782750000535
2025-07-25 21:00:00+00:00,122.78,138.51830446887044
2025-07-25 22:00:00+00:00,116.7,122.43141971785595
2025-07-25 23:00:00+00:00,108.5,113.81640653930313
2025-07-26 00:00:00+00:00,118.23,107.17466005161104
2025-07-26 01:00:00+00:00,108.5,111.67394988499485
2025-07-26 02:00:00+00:00,106.56,107.41474912284686
2025-07-26 03:00:00+00:00,102.97,106.85914935709701
2025-07-26 04:00:00+00:00,103.76,109.2461122077707
2025-07-26 05:00:00+00:00,101.04,106.65285213295675
2025-07-26 06:00:00+00:00,89.58,100.65769700266732
2025-07-26 07:00:00+00:00,86.26,81.90661299991315
2025-07-26 08:00:00+00:00,82.59,78.13563897062483
2025-07-26 09:00:00+00:00,60.0,69.55483650765373
2025-07-26 10:00:00+00:00,68.76,64.14247834816454
2025-07-26 11:00:00+00:00,65.67,66.84114996951413
2025-07-26 12:00:00+00:00,65.99,70.47825339875503
2025-07-26 13:00:00+00:00,78.97,90.97015738165057
2025-07-26 14:00:00+00:00,105.1,91.84250460239333
2025-07-26 15:00:00+00:00,142.09,113.39957386364613
2025-07-26 16:00:00+00:00,142.38,255.09629475385123
2025-07-26 17:00:00+00:00,174.09,262.5398152281965
2025-07-26 18:00:00+00:00,215.53,267.33430693412413
2025-07-26 19:00:00+00:00,182.13,197.09621551949397
2025-07-26 20:00:00+00:00,129.16,163.26624322128598
2025-07-26 21:00:00+00:00,109.77,120.70851103056728
2025-07-26 22:00:00+00:00,105.34,110.71027838958554
2025-07-26 23:00:00+00:00,108.46,101.04736406561686
2025-07-27 00:00:00+00:00,108.09,111.46008969886627
2025-07-27 01:00:00+00:00,96.88,106.67032832587937
2025-07-27 02:00:00+00:00,103.19,97.3374011838912
2025-07-27 03:00:00+00:00,101.08,103.03742747558164
2025-07-27 04:00:00+00:00,93.2,102.30189592937276
2025-07-27 05:00:00+00:00,84.11,93.05221709995543
2025-07-27 06:00:00+00:00,77.6,78.14030484856717
2025-07-27 07:00:00+00:00,41.37,73.31823203467465
2025-07-27 08:00:00+00:00,36.22,39.12872349908133
2025-07-27 09:00:00+00:00,33.17,41.88048076233385
2025-07-27 10:00:00+00:00,46.48,37.45107472993836
2025-07-27 11:00:00+00:00,15.04,52.82577238172638
2025-07-27 12:00:00+00:00,8.85,28.977953638593625
2025-07-27 13:00:00+00:00,23.13,49.31097080993996
2025-07-27 14:00:00+00:00,74.54,78.81466747800819
2025-07-27 15:00:00+00:00,92.44,105.81696759711889
2025-07-27 16:00:00+00:00,148.89,119.70517652058871
2025-07-27 17:00:00+00:00,176.92,178.09168587174932
2025-07-27 18:00:00+00:00,171.02,204.02378851509337
2025-07-27 19:00:00+00:00,163.58,155.15849612830465
2025-07-27 20:00:00+00:00,148.89,138.55302621297128
2025-07-27 21:00:00+00:00,119.0,129.04754240527436
2025-07-27 22:00:00+00:00,105.05,107.94664133532387
2025-07-27 23:00:00+00:00,93.68,101.52269085486246
2025-07-28 00:00:00+00:00,88.62,94.98047304829143
2025-07-28 01:00:00+00:00,85.0,88.3102181534868
2025-07-28 02:00:00+00:00,82.73,86.42911637114634
2025-07-28 03:00:00+00:00,92.94,91.56362094896024
2025-07-28 04:00:00+00:00,108.46,106.34265154851444
2025-07-28 05:00:00+00:00,116.42,114.20954093941023
2025-07-28 06:00:00+00:00,117.0,111.5042881910677
2025-07-28 07:00:00+00:00,110.76,106.06911062414501
2025-07-28 08:00:00+00:00,103.07,102.39186543052108
2025-07-28 09:00:00+00:00,93.46,85.1301401125025
2025-07-28 10:00:00+00:00,86.99,87.59824076197418
2025-07-28 11:00:00+00:00,82.69,85.91765668787286
2025-07-28 12:00:00+00:00,79.18,82.87649291187135
2025-07-28 13:00:00+00:00,87.77,79.71604482965134
2025-07-28 14:00:00+00:00,98.29,95.57817080860235
2025-07-28 15:00:00+00:00,111.56,106.98952973162807
2025-07-28 16:00:00+00:00,208.98,152.31684135353586
2025-07-28 17:00:00+00:00,178.72,229.66602922452043
2025-07-28 18:00:00+00:00,192.99,228.65790604813176
2025-07-28 19:00:00+00:00,169.6,175.58011026334276
2025-07-28 20:00:00+00:00,124.6,140.82775393835047
2025-07-28 21:00:00+00:00,105.1,118.0545842046479
2025-07-28 22:00:00+00:00,111.67,101.25855633526382
2025-07-28 23:00:00+00:00,105.1,106.01459856432956
2025-07-29 00:00:00+00:00,101.78,101.67307466989446
2025-07-29 01:00:00+00:00,97.78,99.67885330973873
2025-07-29 02:00:00+00:00,93.71,96.29585237824386
2025-07-29 03:00:00+00:00,103.99,99.8310681764005
2025-07-29 04:00:00+00:00,120.0,107.41261685178398
2025-07-29 05:00:00+00:00,108.46,118.10492409186202
2025-07-29 06:00:00+00:00,95.16,108.0553628969344
2025-07-29 07:00:00+00:00,83.64,95.00805515829481
2025-07-29 08:00:00+00:00,70.68,83.60415180185709
2025-07-29 09:00:00+00:00,57.0,69.71045193558038
2025-07-29 10:00:00+00:00,56.16,68.18065954638936
2025-07-29 11:00:00+00:00,60.0,63.59501342330299
2025-07-29 12:00:00+00:00,68.66,68.94712435164689
2025-07-29 13:00:00+00:00,85.0,80.23307590376672
2025-07-29 14:00:00+00:00,93.71,95.11350005371963
2025-07-29 15:00:00+00:00,111.61,105.34789127701067
2025-07-29 16:00:00+00:00,155.9,162.10547514136584
2025-07-29 17:00:00+00:00,148.89,195.6480891467242
2025-07-29 18:00:00+00:00,159.85,196.5576295420672
2025-07-29 19:00:00+00:00,167.63,155.7274797577842
2025-07-29 20:00:00+00:00,125.0,132.5617763208425
2025-07-29 21:00:00+00:00,105.2,114.57500806885454
2025-07-29 22:00:00+00:00,97.09,107.08936784322727
2025-07-29 23:00:00+00:00,93.01,97.72705590676262
2025-07-30 00:00:00+00:00,89.16,94.71598702539035
2025-07-30 01:00:00+00:00,88.1,90.25105942891807
2025-07-30 02:00:00+00:00,88.89,89.99191202407093
2025-07-30 03:00:00+00:00,99.03,101.85850827471936
2025-07-30 04:00:00+00:00,108.47,110.17693256417141
2025-07-30 05:00:00+00:00,104.61,111.62934721307992
2025-07-30 06:00:00+00:00,88.88,98.44330491340703
2025-07-30 07:00:00+00:00,66.32,84.75789855118555
2025-07-30 08:00:00+00:00,25.0,68.95569801244514
2025-07-30 09:00:00+00:00,32.53,41.01144853432458
2025-07-30 10:00:00+00:00,24.79,43.0022742790312
2025-07-30 11:00:00+00:00,17.69,40.19618255637268
2025-07-30 12:00:00+00:00,10.7,31.74367079816381
2025-07-30 13:00:00+00:00,50.0,55.32063614258754
2025-07-30 14:00:00+00:00,71.59,94.37823173242565
2025-07-30 15:00:00+00:00,111.06,110.65262012172292
2025-07-30 16:00:00+00:00,170.36,165.42956254414102
2025-07-30 17:00:00+00:00,183.77,199.20772099576516
2025-07-30 18:00:00+00:00,223.94,197.3729734200855
2025-07-30 19:00:00+00:00,178.4,197.9884053944291
2025-07-30 20:00:00+00:00,135.33,156.85169802043075
2025-07-30 21:00:00+00:00,102.97,121.1871459834444
2025-07-30 22:00:00+00:00,101.31,103.72895918166535
2025-07-30 23:00:00+00:00,102.92,103.14166296927345
2025-07-31 00:00:00+00:00,90.37,100.10882144287827
2025-07-31 01:00:00+00:00,82.88,89.45907084680226
2025-07-31 02:00:00+00:00,78.26,86.79976374064069
2025-07-31 03:00:00+00:00,93.7,90.07766492996247
2025-07-31 04:00:00+00:00,104.89,106.22996908642257
2025-07-31 05:00:00+00:00,101.29,106.17497767880619
2025-07-31 06:00:00+00:00,93.86,103.18511579692554
2025-07-31 07:00:00+00:00,83.43,92.9672933511406
2025-07-31 08:00:00+00:00,73.26,81.56898105235783
2025-07-31 09:00:00+00:00,72.99,71.9721972839474
2025-07-31 10:00:00+00:00,63.23,72.05690474776235
2025-07-31 11:00:00+00:00,50.29,63.14738443787389
2025-07-31 12:00:00+00:00,63.03,62.32588225199337
2025-07-31 13:00:00+00:00,79.1,68.56899051481109
2025-07-31 14:00:00+00:00,98.46,85.73187824873263
2025-07-31 15:00:00+00:00,101.56,107.52538569469625
2025-07-31 16:00:00+00:00,148.77,131.44616148372802
2025-07-31 17:00:00+00:00,136.61,167.44316602464576
2025-07-31 18:00:00+00:00,130.56,189.70790714425675
2025-07-31 19:00:00+00:00,103.25,125.29861381361754
2025-07-31 20:00:00+00:00,148.77,112.30382684780841
2025-07-31 21:00:00+00:00,103.88,124.82003843740941
2025-07-31 22:00:00+00:00,105.8,99.19635173616507
2025-07-31 23:00:00+00:00,99.26,99.17512253928383
2025-08-01 00:00:00+00:00,91.62,96.99611299348682
2025-08-01 01:00:00+00:00,87.87,89.75004443703533
2025-08-01 02:00:00+00:00,93.38,87.23916352919596
2025-08-01 03:00:00+00:00,100.5,99.68821925307226
2025-08-01 04:00:00+00:00,103.56,104.86820034507562
2025-08-01 05:00:00+00:00,92.99,103.01773437992982
2025-08-01 06:00:00+00:00,65.0,88.8696233220203
2025-08-01 07:00:00+00:00,67.9,54.44235993957746
2025-08-01 08:00:00+00:00,63.93,54.95531815375679
2025-08-01 09:00:00+00:00,41.3,47.63137416575235
2025-08-01 10:00:00+00:00,40.0,35.464432760840154
2025-08-01 11:00:00+00:00,51.3,36.20139340851633
2025-08-01 12:00:00+00:00,51.44,50.71805667451167
2025-08-01 13:00:00+00:00,52.03,60.716588688351905
2025-08-01 14:00:00+00:00,74.29,69.39925581798303
2025-08-01 15:00:00+00:00,108.5,92.30309443419159
2025-08-01 16:00:00+00:00,115.0,144.25729973447503
2025-08-01 17:00:00+00:00,150.23,143.51773651774022
2025-08-01 18:00:00+00:00,160.91,169.11683430005922
2025-08-01 19:00:00+00:00,150.23,144.1761041108213
2025-08-01 20:00:00+00:00,136.84,134.1903116627719
2025-08-01 21:00:00+00:00,112.34,119.14556650063196
2025-08-01 22:00:00+00:00,112.9,106.38281667363904
2025-08-01 23:00:00+00:00,101.13,105.71927985744428
2025-08-02 00:00:00+00:00,96.78,102.16523712556241
2025-08-02 01:00:00+00:00,90.6,96.39885749115484
2025-08-02 02:00:00+00:00,89.74,90.01830238918075
2025-08-02 03:00:00+00:00,89.38,96.12465088896583
2025-08-02 04:00:00+00:00,88.0,95.11188889375477
2025-08-02 05:00:00+00:00,83.26,90.15044336996684
2025-08-02 06:00:00+00:00,60.23,76.85627104940914
2025-08-02 07:00:00+00:00,13.62,42.49326700014853
2025-08-02 08:00:00+00:00,5.0,16.687261709222827
2025-08-02 09:00:00+00:00,0.01,3.974135500935937
2025-08-02 10:00:00+00:00,0.01,0.5093698744157981
2025-08-02 11:00:00+00:00,0.0,0.20425808836775666
2025-08-02 12:00:00+00:00,0.0,0.2489956043410246
2025-08-02 13:00:00+00:00,0.0,6.543303820458075
2025-08-02 14:00:00+00:00,5.61,36.6748662225812
2025-08-02 15:00:00+00:00,63.73,52.05901178881208
2025-08-02 16:00:00+00:00,95.54,108.02635844119894
2025-08-02 17:00:00+00:00,136.42,135.24355684069786
2025-08-02 18:00:00+00:00,180.0,176.6098043214513
2025-08-02 19:00:00+00:00,149.71,165.23900105661878
2025-08-02 20:00:00+00:00,121.04,129.41956864543172
2025-08-02 21:00:00+00:00,96.53,111.75889544228427
2025-08-02 22:00:00+00:00,95.14,99.37155290138787
2025-08-02 23:00:00+00:00,78.06,93.97509604445654
2025-08-03 00:00:00+00:00,79.38,83.64869470463765
2025-08-03 01:00:00+00:00,81.7,81.43439581286968
2025-08-03 02:00:00+00:00,85.86,82.86435346831365
2025-08-03 03:00:00+00:00,86.25,88.73362235210621
2025-08-03 04:00:00+00:00,80.72,87.62404447026823
2025-08-03 05:00:00+00:00,26.23,82.02194389995122
2025-08-03 06:00:00+00:00,6.16,25.384979068874777
2025-08-03 07:00:00+00:00,0.0,4.445155718297201
2025-08-03 08:00:00+00:00,0.0,0.1437474186116473
2025-08-03 09:00:00+00:00,0.0,0.14899125722401535
2025-08-03 10:00:00+00:00,0.0,0.6767188755140588
2025-08-03 11:00:00+00:00,0.0,0.1436351966179547
2025-08-03 12:00:00+00:00,0.0,0.16253725579689068
2025-08-03 13:00:00+00:00,0.0,7.991567767420543
2025-08-03 14:00:00+00:00,5.0,28.108529719803165
2025-08-03 15:00:00+00:00,84.0,53.341023191156765
2025-08-03 16:00:00+00:00,123.08,103.54294825269463
2025-08-03 17:00:00+00:00,115.44,144.54265832457475
2025-08-03 18:00:00+00:00,157.4,168.3455603592066
2025-08-03 19:00:00+00:00,130.1,147.81862145408354
2025-08-03 20:00:00+00:00,114.94,115.33314575263182
2025-08-03 21:00:00+00:00,91.46,103.1619483165102
2025-08-03 22:00:00+00:00,85.16,91.65187908141883
2025-08-03 23:00:00+00:00,85.41,83.98151125842998
2025-08-04 00:00:00+00:00,82.73,85.42612157054754
2025-08-04 01:00:00+00:00,77.95,82.91013798995445
2025-08-04 02:00:00+00:00,75.99,78.68207852830623
2025-08-04 03:00:00+00:00,87.21,83.45063085497668
2025-08-04 04:00:00+00:00,93.77,97.59774006830082
2025-08-04 05:00:00+00:00,101.39,102.13633427348024
2025-08-04 06:00:00+00:00,88.23,102.71304570425876
2025-08-04 07:00:00+00:00,71.7,80.36468780498082
2025-08-04 08:00:00+00:00,63.07,62.45979412639128
2025-08-04 09:00:00+00:00,50.24,62.35627921133589
2025-08-04 10:00:00+00:00,14.71,61.07132135851059
2025-08-04 11:00:00+00:00,4.05,36.98280053169084
2025-08-04 12:00:00+00:00,0.66,17.15596747580472
2025-08-04 13:00:00+00:00,30.0,17.44276370722045
2025-08-04 14:00:00+00:00,65.9,61.579709028371525
2025-08-04 15:00:00+00:00,124.35,77.8532659889187
2025-08-04 16:00:00+00:00,147.75,154.17536629233976
2025-08-04 17:00:00+00:00,191.82,184.85644077830148
2025-08-04 18:00:00+00:00,215.81,179.1234385190225
2025-08-04 19:00:00+00:00,136.27,181.0426269640269
2025-08-04 20:00:00+00:00,122.22,116.23057850213391
2025-08-04 21:00:00+00:00,88.64,105.33804927877475
2025-08-04 22:00:00+00:00,95.99,93.16173802598864
2025-08-04 23:00:00+00:00,90.82,92.72801273269249
2025-08-05 00:00:00+00:00,90.76,88.79471165669487
2025-08-05 01:00:00+00:00,92.75,88.44354339174839
2025-08-05 02:00:00+00:00,89.52,90.59043406459094
2025-08-05 03:00:00+00:00,93.29,92.9007257453366
2025-08-05 04:00:00+00:00,99.9,109.6008246813629
2025-08-05 05:00:00+00:00,94.23,101.95120986535207
2025-08-05 06:00:00+00:00,73.82,91.43041105541924
2025-08-05 07:00:00+00:00,3.82,74.34183643146658
2025-08-05 08:00:00+00:00,0.0,11.072135274971712
2025-08-05 09:00:00+00:00,0.01,4.979595428291542
2025-08-05 10:00:00+00:00,0.01,3.0553833968960755
2025-08-05 11:00:00+00:00,5.11,3.047754927125957
2025-08-05 12:00:00+00:00,5.0,12.737324530155725
2025-08-05 13:00:00+00:00,8.43,31.886122471941004
2025-08-05 14:00:00+00:00,64.87,46.27341533979707
2025-08-05 15:00:00+00:00,103.95,107.54306257499579
2025-08-05 16:00:00+00:00,121.03,133.52847140745519
2025-08-05 17:00:00+00:00,148.71,172.80032171761843
2025-08-05 18:00:00+00:00,180.18,206.01805904944138
2025-08-05 19:00:00+00:00,135.13,158.71837457743
2025-08-05 20:00:00+00:00,123.27,118.15422340695886
2025-08-05 21:00:00+00:00,88.83,104.76037901694698
2025-08-05 22:00:00+00:00,77.04,87.30600986276646
2025-08-05 23:00:00+00:00,87.07,74.47462105944425
2025-08-06 00:00:00+00:00,86.45,85.16546114948706
2025-08-06 01:00:00+00:00,77.58,84.80651831923552
2025-08-06 02:00:00+00:00,72.91,77.64461641197121
2025-08-06 03:00:00+00:00,82.26,81.6840100292172
2025-08-06 04:00:00+00:00,96.7,92.70270222231841
2025-08-06 05:00:00+00:00,98.03,96.78435577315207
2025-08-06 06:00:00+00:00,83.98,84.22425718487717
2025-08-06 07:00:00+00:00,27.83,65.08387237028957
2025-08-06 08:00:00+00:00,0.01,19.393404649791638
2025-08-06 09:00:00+00:00,0.98,0.692086895492946
2025-08-06 10:00:00+00:00,4.99,4.188278756683559
2025-08-06 11:00:00+00:00,4.91,5.7058872849891795
2025-08-06 12:00:00+00:00,3.13,8.251652445223852
2025-08-06 13:00:00+00:00,27.27,26.194014504027933
2025-08-06 14:00:00+00:00,86.62,50.90335573783828
2025-08-06 15:00:00+00:00,98.76,97.3781897771732
2025-08-06 16:00:00+00:00,107.91,125.3078313508046
2025-08-06 17:00:00+00:00,122.5,144.36087171190513
2025-08-06 18:00:00+00:00,123.0,160.27277921592963
2025-08-06 19:00:00+00:00,112.67,119.1786424750513
2025-08-06 20:00:00+00:00,110.0,111.78495938233085
2025-08-06 21:00:00+00:00,101.26,98.11094293012192
2025-08-06 22:00:00+00:00,97.45,93.76543804924124
2025-08-06 23:00:00+00:00,94.97,89.80819584258286
2025-08-07 00:00:00+00:00,88.1,89.50047715329754
2025-08-07 01:00:00+00:00,80.67,83.89706837213035
2025-08-07 02:00:00+00:00,84.32,80.41889990530842
2025-08-07 03:00:00+00:00,71.97,84.45287102511762
2025-08-07 04:00:00+00:00,78.85,78.8805873666457
2025-08-07 05:00:00+00:00,59.43,79.9624028679849
2025-08-07 06:00:00+00:00,15.08,48.35833361632684
2025-08-07 07:00:00+00:00,0.0,21.258400903833014
2025-08-07 08:00:00+00:00,0.0,3.267597005211747
2025-08-07 09:00:00+00:00,0.0,0.1661746158278949
2025-08-07 10:00:00+00:00,0.0,0.6875828041198367
2025-08-07 11:00:00+00:00,0.0,0.6654351667572
2025-08-07 12:00:00+00:00,0.0,0.25150071237506016
2025-08-07 13:00:00+00:00,0.01,7.368963863606833
2025-08-07 14:00:00+00:00,38.72,32.07255439863374
2025-08-07 15:00:00+00:00,85.19,80.10740775162338
2025-08-07 16:00:00+00:00,121.03,105.79910909450663
2025-08-07 17:00:00+00:00,164.68,139.0045595602899
2025-08-07 18:00:00+00:00,172.23,140.70687830170868
2025-08-07 19:00:00+00:00,131.0,117.83992836869173
2025-08-07 20:00:00+00:00,110.0,112.50396571036336
2025-08-07 21:00:00+00:00,101.28,92.98794792960817
2025-08-07 22:00:00+00:00,94.14,94.10901963387518
2025-08-07 23:00:00+00:00,90.1,87.91195829218104
2025-08-08 00:00:00+00:00,86.25,85.98470097905437
2025-08-08 01:00:00+00:00,83.09,84.1760567422599
2025-08-08 02:00:00+00:00,81.33,82.0496087763162
2025-08-08 03:00:00+00:00,91.3,87.51933699772486
2025-08-08 04:00:00+00:00,88.87,93.90185125834762
2025-08-08 05:00:00+00:00,72.31,86.51229350909936
2025-08-08 06:00:00+00:00,10.0,59.28219851522636
2025-08-08 07:00:00+00:00,0.0,21.272793305673517
2025-08-08 08:00:00+00:00,0.0,2.739872575502422
2025-08-08 09:00:00+00:00,0.0,1.9160262354717315
2025-08-08 10:00:00+00:00,0.0,3.167338055826201
2025-08-08 11:00:00+00:00,-0.01,1.3902355151793637
2025-08-08 12:00:00+00:00,-0.01,1.6755573163573656
2025-08-08 13:00:00+00:00,0.0,12.009439969526843
2025-08-08 14:00:00+00:00,10.49,27.673135649623333
2025-08-08 15:00:00+00:00,86.26,54.495811275025375
2025-08-08 16:00:00+00:00,140.73,110.29052187769408
2025-08-08 17:00:00+00:00,153.13,176.10184583039012
2025-08-08 18:00:00+00:00,154.51,165.13460305679254
2025-08-08 19:00:00+00:00,143.38,125.01324104019741
2025-08-08 20:00:00+00:00,125.88,117.33812069374748
2025-08-08 21:00:00+00:00,109.16,102.63464687505018
2025-08-08 22:00:00+00:00,102.87,95.69752212470678
2025-08-08 23:00:00+00:00,102.32,93.09027838140162
2025-08-09 00:00:00+00:00,101.61,99.89511281112676
2025-08-09 01:00:00+00:00,98.7,99.4484283172335
2025-08-09 02:00:00+00:00,98.59,96.28925735702731
2025-08-09 03:00:00+00:00,97.53,98.43242329444382
2025-08-09 04:00:00+00:00,83.94,96.38524348476847
2025-08-09 05:00:00+00:00,61.82,73.71558173744475
2025-08-09 06:00:00+00:00,-0.01,42.14758649911038
2025-08-09 07:00:00+00:00,-0.95,2.723433709342052
2025-08-09 08:00:00+00:00,-1.0,2.2514768323213694
2025-08-09 09:00:00+00:00,-1.0,2.4398258617655904
2025-08-09 10:00:00+00:00,-1.0,2.0987059021711145
2025-08-09 11:00:00+00:00,-1.0,2.1186559021711147
2025-08-09 12:00:00+00:00,-0.88,2.8541838183804247
2025-08-09 13:00:00+00:00,-0.46,8.585860782818951
2025-08-09 14:00:00+00:00,0.0,19.990414576834148
2025-08-09 15:00:00+00:00,76.49,38.520490484427015
2025-08-09 16:00:00+00:00,149.74,104.51605337921085
2025-08-09 17:00:00+00:00,124.9,157.0742472345171
2025-08-09 18:00:00+00:00,131.66,154.0636890147323
2025-08-09 19:00:00+00:00,133.92,119.28924361623572
2025-08-09 20:00:00+00:00,117.73,115.88866588673304
2025-08-09 21:00:00+00:00,95.18,101.90068438106772
2025-08-09 22:00:00+00:00,84.7,91.53507490064781
2025-08-09 23:00:00+00:00,83.02,80.74945395440817
2025-08-10 00:00:00+00:00,82.78,79.18065252019224
2025-08-10 01:00:00+00:00,77.58,79.81857441872353
2025-08-10 02:00:00+00:00,80.25,78.73310106179059
2025-08-10 03:00:00+00:00,83.2,82.27754129385467
2025-08-10 04:00:00+00:00,81.51,80.42131890240267
2025-08-10 05:00:00+00:00,30.89,63.31699580868809
2025-08-10 06:00:00+00:00,-0.1,27.311725386588737
2025-08-10 07:00:00+00:00,-2.89,1.6367244630845292
2025-08-10 08:00:00+00:00,-10.0,0.8166399034223556
2025-08-10 09:00:00+00:00,-12.92,0.5023323699642056
2025-08-10 10:00:00+00:00,-10.0,0.8930412801104971
2025-08-10 11:00:00+00:00,-6.1,1.176058763264488
2025-08-10 12:00:00+00:00,-3.11,2.477232413908133
2025-08-10 13:00:00+00:00,-3.03,11.371318119685286
2025-08-10 14:00:00+00:00,0.0,17.436494065599668
2025-08-10 15:00:00+00:00,36.8,37.846665089405384
2025-08-10 16:00:00+00:00,97.42,81.37814301587302
2025-08-10 17:00:00+00:00,121.9,122.2825618422812
2025-08-10 18:00:00+00:00,138.32,137.7976277348249
2025-08-10 19:00:00+00:00,121.04,121.18802170900233
2025-08-10 20:00:00+00:00,106.75,105.41082935624874
2025-08-10 21:00:00+00:00,98.21,94.83463171359318
2025-08-10 22:00:00+00:00,99.81,88.7775450652759
2025-08-10 23:00:00+00:00,91.69,88.62856308112345
2025-08-11 00:00:00+00:00,87.28,86.24111506073224
2025-08-11 01:00:00+00:00,84.83,86.45641570988795
2025-08-11 02:00:00+00:00,92.9,82.71904787605436
2025-08-11 03:00:00+00:00,104.03,90.26126163635638
2025-08-11 04:00:00+00:00,95.0,103.78487062614866
2025-08-11 05:00:00+00:00,71.7,90.58524515296916
2025-08-11 06:00:00+00:00,0.0,61.01606477229175
2025-08-11 07:00:00+00:00,0.0,2.1337401638458164
2025-08-11 08:00:00+00:00,-0.01,1.424099939643146
2025-08-11 09:00:00+00:00,0.0,1.8097965431781486
2025-08-11 10:00:00+00:00,0.0,2.0111071677966823
2025-08-11 11:00:00+00:00,0.0,2.698200988438366
2025-08-11 12:00:00+00:00,0.0,3.569460470795481
2025-08-11 13:00:00+00:00,9.0,9.819815679061133
2025-08-11 14:00:00+00:00,58.97,39.84049867817635
2025-08-11 15:00:00+00:00,97.2,61.969759435099064
2025-08-11 16:00:00+00:00,143.19,118.40659420373993
2025-08-11 17:00:00+00:00,183.56,174.32449012792165
2025-08-11 18:00:00+00:00,209.47,176.08072458329528
2025-08-11 19:00:00+00:00,140.53,156.54084006799582
2025-08-11 20:00:00+00:00,108.87,116.72112994844034
2025-08-11 21:00:00+00:00,96.0,95.6345412705715
2025-08-11 22:00:00+00:00,93.0,92.29274992269892
2025-08-11 23:00:00+00:00,89.67,88.88617419675475
2025-08-12 00:00:00+00:00,85.41,87.19258263394345
2025-08-12 01:00:00+00:00,83.6,83.15686542210601
2025-08-12 02:00:00+00:00,83.78,82.59758739000881
2025-08-12 03:00:00+00:00,79.61,89.16342747719058
2025-08-12 04:00:00+00:00,80.0,84.21563551002762
2025-08-12 05:00:00+00:00,67.49,76.45774541414633
2025-08-12 06:00:00+00:00,0.0,48.79231153477554
2025-08-12 07:00:00+00:00,0.0,7.8411392219437674
2025-08-12 08:00:00+00:00,-0.1,3.5028227927845887
2025-08-12 09:00:00+00:00,0.0,3.1797854528075398
2025-08-12 10:00:00+00:00,0.0,3.403113901269285
2025-08-12 11:00:00+00:00,0.0,2.481945611987826
2025-08-12 12:00:00+00:00,0.0,2.5065041076502426
2025-08-12 13:00:00+00:00,0.01,8.263506046055793
2025-08-12 14:00:00+00:00,73.15,26.66465736558169
2025-08-12 15:00:00+00:00,109.06,88.76249093983078
2025-08-12 16:00:00+00:00,141.32,141.215515636676
2025-08-12 17:00:00+00:00,174.87,182.5311803604258
2025-08-12 18:00:00+00:00,187.78,185.01403256878467
2025-08-12 19:00:00+00:00,137.78,156.9763301086435
2025-08-12 20:00:00+00:00,109.84,116.99857500748612
2025-08-12 21:00:00+00:00,98.17,93.049072671581
2025-08-12 22:00:00+00:00,89.52,90.49752220947028
2025-08-12 23:00:00+00:00,90.0,86.55786619623663
2025-08-13 00:00:00+00:00,86.24,86.26909858428486
2025-08-13 01:00:00+00:00,84.32,84.28195780039394
2025-08-13 02:00:00+00:00,84.6,82.25098944864894
2025-08-13 03:00:00+00:00,86.87,84.65764843561601
2025-08-13 04:00:00+00:00,88.14,91.30294501995164
2025-08-13 05:00:00+00:00,79.6,83.56385401019465
2025-08-13 06:00:00+00:00,0.0,65.04459118130102
2025-08-13 07:00:00+00:00,-0.1,4.464640927361274
2025-08-13 08:00:00+00:00,-1.58,3.2943069605001964
2025-08-13 09:00:00+00:00,0.0,2.52958602152763
2025-08-13 10:00:00+00:00,0.0,2.3990609661811373
2025-08-13 11:00:00+00:00,0.0,2.4092109661811363
2025-08-13 12:00:00+00:00,0.0,3.3731952179864386
2025-08-13 13:00:00+00:00,0.0,8.886737756628714
2025-08-13 14:00:00+00:00,72.95,32.29084443007971
2025-08-13 15:00:00+00:00,96.64,95.4736567423682
2025-08-13 16:00:00+00:00,138.47,123.84195912707756
2025-08-13 17:00:00+00:00,240.13,182.58114300928327
2025-08-13 18:00:00+00:00,200.0,195.09928691165965
2025-08-13 19:00:00+00:00,142.35,155.2667941774139
2025-08-13 20:00:00+00:00,120.43,116.45565049839584
2025-08-13 21:00:00+00:00,106.27,100.30162184494696
2025-08-13 22:00:00+00:00,96.2,94.41833611043455
2025-08-13 23:00:00+00:00,92.0,92.38588015006879
2025-08-14 00:00:00+00:00,88.45,91.4558866051724
2025-08-14 01:00:00+00:00,87.69,89.15313175395222
2025-08-14 02:00:00+00:00,88.05,89.86919473586342
2025-08-14 03:00:00+00:00,96.7,90.01156188573482
2025-08-14 04:00:00+00:00,101.16,97.51554365626916
2025-08-14 05:00:00+00:00,86.29,97.34843245836178
2025-08-14 06:00:00+00:00,69.8,57.7235696433839
2025-08-14 07:00:00+00:00,0.01,57.554837965767355
2025-08-14 08:00:00+00:00,0.0,3.7760797291233956
2025-08-14 09:00:00+00:00,5.0,3.4889798712160083
2025-08-14 10:00:00+00:00,5.0,7.9100119195173555
2025-08-14 11:00:00+00:00,15.99,8.496698887763719
2025-08-14 12:00:00+00:00,54.9,32.554362201916156
2025-08-14 13:00:00+00:00,69.43,56.473835534284355
2025-08-14 14:00:00+00:00,78.99,70.32597641192581
2025-08-14 15:00:00+00:00,101.71,89.94227743651729
2025-08-14 16:00:00+00:00,141.99,124.25809739587945
2025-08-14 17:00:00+00:00,250.0,208.00111635497606
2025-08-14 18:00:00+00:00,278.77,282.8184879259423
2025-08-14 19:00:00+00:00,157.46,217.3936351190475
2025-08-14 20:00:00+00:00,122.93,121.31145517277113
2025-08-14 21:00:00+00:00,105.95,106.73686088794045
2025-08-14 22:00:00+00:00,99.43,94.44208481140525
2025-08-14 23:00:00+00:00,98.35,93.07343467429179
2025-08-15 00:00:00+00:00,92.86,95.91471746885847
2025-08-15 01:00:00+00:00,88.75,90.7638067074995
2025-08-15 02:00:00+00:00,90.78,88.22168422719155
2025-08-15 03:00:00+00:00,94.8,96.69188050997265
2025-08-15 04:00:00+00:00,83.49,98.4378483302373
2025-08-15 05:00:00+00:00,67.92,72.10574028224144
2025-08-15 06:00:00+00:00,0.0,59.17744250901367
2025-08-15 07:00:00+00:00,-0.1,2.3221495707841857
2025-08-15 08:00:00+00:00,-0.1,2.6598599109559666
2025-08-15 09:00:00+00:00,0.0,2.002982667366222
2025-08-15 10:00:00+00:00,0.0,2.103284122066237
2025-08-15 11:00:00+00:00,0.0,2.2283187171757155
2025-08-15 12:00:00+00:00,0.0,3.1251250383221083
2025-08-15 13:00:00+00:00,0.0,10.981756291655865
2025-08-15 14:00:00+00:00,39.5,29.97337675219935
2025-08-15 15:00:00+00:00,84.59,76.95076897481404
2025-08-15 16:00:00+00:00,105.57,121.7473367480287
2025-08-15 17:00:00+00:00,96.06,136.53962047235314
2025-08-15 18:00:00+00:00,99.35,141.27799372966993
2025-08-15 19:00:00+00:00,96.62,120.12961324281605
2025-08-15 20:00:00+00:00,96.4,108.32535370985234
2025-08-15 21:00:00+00:00,95.79,95.06980615716174
2025-08-15 22:00:00+00:00,83.73,89.90351384163503
2025-08-15 23:00:00+00:00,83.4,80.16472602085042
2025-08-16 00:00:00+00:00,83.92,82.86055193274444
2025-08-16 01:00:00+00:00,77.04,81.87015551812463
2025-08-16 02:00:00+00:00,77.96,76.66246949914678
2025-08-16 03:00:00+00:00,74.47,82.40978876466404
2025-08-16 04:00:00+00:00,65.0,78.32720814037174
2025-08-16 05:00:00+00:00,0.0,63.02521608288336
2025-08-16 06:00:00+00:00,-0.39,5.113962123683869
2025-08-16 07:00:00+00:00,-5.0,2.45651195365804
2025-08-16 08:00:00+00:00,-5.0,1.0641661353355294
2025-08-16 09:00:00+00:00,-3.64,1.1218586353355295
2025-08-16 10:00:00+00:00,-2.0,0.9970266681224145
2025-08-16 11:00:00+00:00,-1.0,2.4052449597866428
2025-08-16 12:00:00+00:00,-0.1,2.3216858651194245
2025-08-16 13:00:00+00:00,0.0,12.241063939807564
2025-08-16 14:00:00+00:00,0.01,26.502118062944326
2025-08-16 15:00:00+00:00,84.46,45.590399560057264
2025-08-16 16:00:00+00:00,77.12,104.84745302690975
2025-08-16 17:00:00+00:00,83.93,92.51113352582225
2025-08-16 18:00:00+00:00,91.28,93.62654801198555
2025-08-16 19:00:00+00:00,91.66,95.35297246695501
2025-08-16 20:00:00+00:00,104.07,97.20095554750567
2025-08-16 21:00:00+00:00,89.78,94.92556175167701
2025-08-16 22:00:00+00:00,90.08,86.25385271070856
2025-08-16 23:00:00+00:00,83.78,84.2132375027133
2025-08-17 00:00:00+00:00,84.31,82.35374568998083
2025-08-17 01:00:00+00:00,83.27,82.1265831417939
2025-08-17 02:00:00+00:00,83.76,82.44847515605001
2025-08-17 03:00:00+00:00,85.11,86.12134898128035
2025-08-17 04:00:00+00:00,85.08,86.74595120169062
2025-08-17 05:00:00+00:00,67.08,55.674117865347235
2025-08-17 06:00:00+00:00,0.0,49.60661953113471
2025-08-17 07:00:00+00:00,-1.0,2.2054441265537417
2025-08-17 08:00:00+00:00,-0.7,0.47820620742205305
2025-08-17 09:00:00+00:00,-0.04,0.5139762074220531
2025-08-17 10:00:00+00:00,0.0,0.5948789359587197
2025-08-17 11:00:00+00:00,0.0,0.5791107165574122
2025-08-17 12:00:00+00:00,0.0,0.43724703855686065
2025-08-17 13:00:00+00:00,0.65,6.588500439375583
2025-08-17 14:00:00+00:00,65.0,34.69282751651197
2025-08-17 15:00:00+00:00,99.32,73.82043952149981
2025-08-17 16:00:00+00:00,99.48,105.03836199460127
2025-08-17 17:00:00+00:00,111.8,125.58919737388833
2025-08-17 18:00:00+00:00,128.66,118.51708920243591
2025-08-17 19:00:00+00:00,116.61,111.04275899663475
2025-08-17 20:00:00+00:00,119.67,100.32700558958
2025-08-17 21:00:00+00:00,153.08,97.57379526714234
2025-08-17 22:00:00+00:00,90.58,108.93747979843798
2025-08-17 23:00:00+00:00,85.69,90.72951591702444
2025-08-18 00:00:00+00:00,83.21,89.07470641555393
2025-08-18 01:00:00+00:00,81.52,84.11707253217459
2025-08-18 02:00:00+00:00,86.61,90.39081391989762
2025-08-18 03:00:00+00:00,97.25,96.28445936460251
2025-08-18 04:00:00+00:00,114.7,102.51708230005521
2025-08-18 05:00:00+00:00,121.03,107.89422050708649
2025-08-18 06:00:00+00:00,84.62,107.78930379356457
2025-08-18 07:00:00+00:00,56.89,53.918438811729395
2025-08-18 08:00:00+00:00,44.87,55.334967464406844
2025-08-18 09:00:00+00:00,45.93,47.358335791914186
2025-08-18 10:00:00+00:00,20.04,44.54613730025308
2025-08-18 11:00:00+00:00,14.23,21.52332476513132
2025-08-18 12:00:00+00:00,18.34,35.423586563728755
2025-08-18 13:00:00+00:00,54.57,49.159294206442674
2025-08-18 14:00:00+00:00,74.54,63.91372770037462
2025-08-18 15:00:00+00:00,114.76,89.95493788236342
2025-08-18 16:00:00+00:00,113.88,138.55261412246125
2025-08-18 17:00:00+00:00,182.32,143.26661694273494
2025-08-18 18:00:00+00:00,212.78,184.95475414012137
2025-08-18 19:00:00+00:00,125.21,161.19020968585602
2025-08-18 20:00:00+00:00,106.81,113.45809825897146
2025-08-18 21:00:00+00:00,99.9,111.94040844469527
2025-08-18 22:00:00+00:00,100.5,94.38804871106616
2025-08-18 23:00:00+00:00,93.67,95.45807972647803
2025-08-19 00:00:00+00:00,87.14,90.9720273770561
2025-08-19 01:00:00+00:00,85.09,88.04452482874629
2025-08-19 02:00:00+00:00,88.51,87.26589468571856
2025-08-19 03:00:00+00:00,100.78,93.19488090531426
2025-08-19 04:00:00+00:00,109.42,111.03481018589505
2025-08-19 05:00:00+00:00,108.64,116.83516426944375
2025-08-19 06:00:00+00:00,91.16,101.47541071488845
2025-08-19 07:00:00+00:00,81.57,76.8623317545477
2025-08-19 08:00:00+00:00,67.09,63.61078293438446
2025-08-19 09:00:00+00:00,43.23,48.32821134030354
2025-08-19 10:00:00+00:00,28.71,38.28828158143377
2025-08-19 11:00:00+00:00,35.0,29.209476997406796
2025-08-19 12:00:00+00:00,41.28,37.364710458458866
2025-08-19 13:00:00+00:00,72.47,43.72342319368779
2025-08-19 14:00:00+00:00,92.09,80.58810168616276
2025-08-19 15:00:00+00:00,108.64,109.6071862206957
2025-08-19 16:00:00+00:00,128.03,130.754904350822
2025-08-19 17:00:00+00:00,177.48,172.9257543749736
2025-08-19 18:00:00+00:00,178.08,194.28003355901322
2025-08-19 19:00:00+00:00,117.16,141.39749816635901
2025-08-19 20:00:00+00:00,105.3,104.42404207546511
2025-08-19 21:00:00+00:00,98.41,97.17830390373015
2025-08-19 22:00:00+00:00,96.74,94.95263574157453
2025-08-19 23:00:00+00:00,91.94,95.29968108832728
2025-08-20 00:00:00+00:00,86.46,93.0391577083631
2025-08-20 01:00:00+00:00,84.5,89.23091369113541
2025-08-20 02:00:00+00:00,88.31,87.74440873789646
2025-08-20 03:00:00+00:00,97.23,95.89256106991759
2025-08-20 04:00:00+00:00,108.72,101.02843667947462
2025-08-20 05:00:00+00:00,107.85,109.68187824872963
2025-08-20 06:00:00+00:00,87.6,100.473148606725
2025-08-20 07:00:00+00:00,35.35,78.12791684576477
2025-08-20 08:00:00+00:00,13.62,32.212749866264915
2025-08-20 09:00:00+00:00,35.0,17.227168492657423
2025-08-20 10:00:00+00:00,15.37,30.961430951723184
2025-08-20 11:00:00+00:00,15.99,21.417356502207493
2025-08-20 12:00:00+00:00,40.0,24.149309076494184
2025-08-20 13:00:00+00:00,59.45,47.101226682486086
2025-08-20 14:00:00+00:00,77.78,75.09604954179396
2025-08-20 15:00:00+00:00,103.15,93.06903414638803
2025-08-20 16:00:00+00:00,116.18,126.8786925229546
2025-08-20 17:00:00+00:00,133.17,170.60699144396855
2025-08-20 18:00:00+00:00,135.79,177.51998678812194
2025-08-20 19:00:00+00:00,117.1,116.49579736119951
2025-08-20 20:00:00+00:00,108.72,105.64375248894386
2025-08-20 21:00:00+00:00,100.68,100.08871507181486
2025-08-20 22:00:00+00:00,95.38,95.55125681596667
2025-08-20 23:00:00+00:00,85.0,94.57515778315175
2025-08-21 00:00:00+00:00,83.94,88.41811644555074
2025-08-21 01:00:00+00:00,86.46,87.29955529624807
2025-08-21 02:00:00+00:00,87.34,90.83971742761572
2025-08-21 03:00:00+00:00,102.39,95.3728900222677
2025-08-21 04:00:00+00:00,110.04,105.9166489346637
2025-08-21 05:00:00+00:00,111.07,105.75523953679892
2025-08-21 06:00:00+00:00,84.43,99.52129343357494
2025-08-21 07:00:00+00:00,54.12,68.20210961252779
2025-08-21 08:00:00+00:00,20.0,36.356441358406556
2025-08-21 09:00:00+00:00,25.99,24.62172172245886
2025-08-21 10:00:00+00:00,16.0,28.15385502963254
2025-08-21 11:00:00+00:00,31.0,21.2065867295644
2025-08-21 12:00:00+00:00,57.69,36.61674936203871
2025-08-21 13:00:00+00:00,80.0,64.43334947635618
2025-08-21 14:00:00+00:00,94.18,84.74927605067018
2025-08-21 15:00:00+00:00,108.75,101.29266183011507
2025-08-21 16:00:00+00:00,125.65,128.70663068913828
2025-08-21 17:00:00+00:00,138.58,151.19803244295687
2025-08-21 18:00:00+00:00,142.9,170.75043232577272
2025-08-21 19:00:00+00:00,115.74,120.88963157387705
2025-08-21 20:00:00+00:00,102.03,107.42564885045621
2025-08-21 21:00:00+00:00,97.21,96.05937126422376
2025-08-21 22:00:00+00:00,87.16,93.1943371783502
2025-08-21 23:00:00+00:00,79.21,85.14294012795594
2025-08-22 00:00:00+00:00,75.65,78.26406752268831
2025-08-22 01:00:00+00:00,74.01,76.99331875891518
2025-08-22 02:00:00+00:00,73.11,76.37406835969249
2025-08-22 03:00:00+00:00,83.62,84.29176398496456
2025-08-22 04:00:00+00:00,102.93,92.62570382455502
2025-08-22 05:00:00+00:00,104.36,101.05648612726412
2025-08-22 06:00:00+00:00,60.95,86.28710528196548
2025-08-22 07:00:00+00:00,20.0,61.643814453696976
2025-08-22 08:00:00+00:00,11.95,18.00160247896604
2025-08-22 09:00:00+00:00,41.3,11.768764615962734
2025-08-22 10:00:00+00:00,15.95,32.98678331070893
2025-08-22 11:00:00+00:00,5.25,19.687937452478817
2025-08-22 12:00:00+00:00,1.52,9.581569761497938
2025-08-22 13:00:00+00:00,5.92,20.058273814008828
2025-08-22 14:00:00+00:00,47.39,40.437286726276945
2025-08-22 15:00:00+00:00,71.65,76.55403676548259
2025-08-22 16:00:00+00:00,92.91,102.05796608357464
2025-08-22 17:00:00+00:00,103.82,117.45768517604179
2025-08-22 18:00:00+00:00,112.74,119.06959870060037
2025-08-22 19:00:00+00:00,107.33,111.76127355724405
2025-08-22 20:00:00+00:00,102.93,96.06643744933945
2025-08-22 21:00:00+00:00,94.37,95.40018767368844
2025-08-22 22:00:00+00:00,95.33,89.77253377441524
2025-08-22 23:00:00+00:00,89.32,88.27585911915808
2025-08-23 00:00:00+00:00,87.14,86.97687429416419
2025-08-23 01:00:00+00:00,84.57,86.04762974772308
2025-08-23 02:00:00+00:00,84.7,83.17538254158279
2025-08-23 03:00:00+00:00,85.01,84.8500422787602
2025-08-23 04:00:00+00:00,86.43,87.5533023619039
2025-08-23 05:00:00+00:00,86.74,88.6762365316311
2025-08-23 06:00:00+00:00,70.6,76.30740242655813
2025-08-23 07:00:00+00:00,0.02,58.14271729700572
2025-08-23 08:00:00+00:00,0.01,1.4628852325169006
2025-08-23 09:00:00+00:00,3.34,1.6233986016456319
2025-08-23 10:00:00+00:00,1.35,4.084972816367126
2025-08-23 11:00:00+00:00,0.07,3.7899597918353214
2025-08-23 12:00:00+00:00,0.41,0.6508243861316274
2025-08-23 13:00:00+00:00,3.52,7.938905450931973
2025-08-23 14:00:00+00:00,16.34,49.90845328618079
2025-08-23 15:00:00+00:00,94.18,60.000958773682385
2025-08-23 16:00:00+00:00,124.66,95.64426958983643
2025-08-23 17:00:00+00:00,134.8,119.08865987977757
2025-08-23 18:00:00+00:00,147.95,126.70870310207636
2025-08-23 19:00:00+00:00,120.16,120.93032443087377
2025-08-23 20:00:00+00:00,111.16,102.27512292483414
2025-08-23 21:00:00+00:00,105.85,99.65020545895459
2025-08-23 22:00:00+00:00,100.5,96.9285639529305
2025-08-23 23:00:00+00:00,95.11,95.23021857386209
2025-08-24 00:00:00+00:00,93.84,91.2501385487918
2025-08-24 01:00:00+00:00,91.44,89.82928354573305
2025-08-24 02:00:00+00:00,90.4,88.60925273087068
2025-08-24 03:00:00+00:00,90.5,88.92729910613843
2025-08-24 04:00:00+00:00,90.0,90.44115285608815
2025-08-24 05:00:00+00:00,84.73,83.24701709251698
2025-08-24 06:00:00+00:00,20.99,69.33997775646868
2025-08-24 07:00:00+00:00,1.52,16.453390482971862
2025-08-24 08:00:00+00:00,-0.01,4.1405033023947855
2025-08-24 09:00:00+00:00,-0.07,0.40403817540178805
2025-08-24 10:00:00+00:00,-1.0,0.3686876948227852
2025-08-24 11:00:00+00:00,-1.0,0.34158105875882067
2025-08-24 12:00:00+00:00,-0.79,1.3592775988142711
2025-08-24 13:00:00+00:00,-0.1,4.967824452102677
2025-08-24 14:00:00+00:00,0.0,27.344585807287263
2025-08-24 15:00:00+00:00,70.35,47.26547490304204
2025-08-24 16:00:00+00:00,102.1,103.08312143707312
2025-08-24 17:00:00+00:00,110.34,124.4037681455586
2025-08-24 18:00:00+00:00,117.2,136.63519551328437
2025-08-24 19:00:00+00:00,114.32,113.85421525200668
2025-08-24 20:00:00+00:00,107.5,107.82608728490132
2025-08-24 21:00:00+00:00,100.52,109.75933218566155
2025-08-24 22:00:00+00:00,95.28,96.88261369437781
2025-08-24 23:00:00+00:00,87.03,90.63434354229868
2025-08-25 00:00:00+00:00,82.86,86.2158906336464
2025-08-25 01:00:00+00:00,80.34,82.58737996795232
2025-08-25 02:00:00+00:00,81.22,83.39941897589195
2025-08-25 03:00:00+00:00,100.31,90.31258916711968
2025-08-25 04:00:00+00:00,112.77,112.02663940883517
2025-08-25 05:00:00+00:00,121.75,123.3200248287339
2025-08-25 06:00:00+00:00,98.51,101.60644000843878
2025-08-25 07:00:00+00:00,81.35,80.34026976796103
2025-08-25 08:00:00+00:00,45.46,56.39766356013795
2025-08-25 09:00:00+00:00,35.02,42.92104714639656
2025-08-25 10:00:00+00:00,10.0,34.05180859344741
2025-08-25 11:00:00+00:00,5.93,25.303511549276617
2025-08-25 12:00:00+00:00,8.43,16.83210939573417
2025-08-25 13:00:00+00:00,25.2,34.024139916034706
2025-08-25 14:00:00+00:00,67.62,56.06957617394232
2025-08-25 15:00:00+00:00,89.74,77.53717179360893
2025-08-25 16:00:00+00:00,111.97,108.00174423241718
2025-08-25 17:00:00+00:00,154.17,139.0631186066478
2025-08-25 18:00:00+00:00,190.55,177.80665825983866
2025-08-25 19:00:00+00:00,136.69,148.77472797171416
2025-08-25 20:00:00+00:00,115.04,110.02498280414257
2025-08-25 21:00:00+00:00,105.15,101.90955185965028
2025-08-25 22:00:00+00:00,104.79,97.41389499318147
2025-08-25 23:00:00+00:00,101.58,97.22712696633245
2025-08-26 00:00:00+00:00,98.86,99.28877455696374
2025-08-26 01:00:00+00:00,97.48,96.10634955229051
2025-08-26 02:00:00+00:00,99.62,95.67930153135995
2025-08-26 03:00:00+00:00,102.71,101.16460980125078
2025-08-26 04:00:00+00:00,120.36,113.44064948472642
2025-08-26 05:00:00+00:00,109.61,121.32305751003786
2025-08-26 06:00:00+00:00,57.91,100.30460183196739
2025-08-26 07:00:00+00:00,46.6,56.25788133827557
2025-08-26 08:00:00+00:00,15.99,32.338793001680706
2025-08-26 09:00:00+00:00,26.65,16.92445471967418
2025-08-26 10:00:00+00:00,16.0,25.947526870862035
2025-08-26 11:00:00+00:00,26.28,18.526247233855717
2025-08-26 12:00:00+00:00,38.05,29.239047213785724
2025-08-26 13:00:00+00:00,73.77,47.67364487377044
2025-08-26 14:00:00+00:00,90.52,86.45326188757497
2025-08-26 15:00:00+00:00,109.87,101.2576730457894
2025-08-26 16:00:00+00:00,130.09,127.27877100589987
2025-08-26 17:00:00+00:00,186.99,183.0875815469957
2025-08-26 18:00:00+00:00,184.04,196.30968811492346
2025-08-26 19:00:00+00:00,125.61,149.81044713168387
2025-08-26 20:00:00+00:00,109.78,110.76696794544203
2025-08-26 21:00:00+00:00,100.02,101.32162866435823
2025-08-26 22:00:00+00:00,99.75,95.99849902389016
2025-08-26 23:00:00+00:00,90.32,95.91366744558181
2025-08-27 00:00:00+00:00,86.85,89.11256791344331
2025-08-27 01:00:00+00:00,88.34,87.61114899958095
2025-08-27 02:00:00+00:00,91.55,89.17319592489986
2025-08-27 03:00:00+00:00,99.42,97.46564875383774
2025-08-27 04:00:00+00:00,109.92,116.04395830431159
2025-08-27 05:00:00+00:00,89.55,110.46961401220531
2025-08-27 06:00:00+00:00,46.02,83.31097381301828
2025-08-27 07:00:00+00:00,8.44,37.36139197237551
2025-08-27 08:00:00+00:00,0.0,3.82976859228769
2025-08-27 09:00:00+00:00,0.01,1.1922864164264404
2025-08-27 10:00:00+00:00,0.01,1.1554396701047338
2025-08-27 11:00:00+00:00,0.01,1.1183782097909143
2025-08-27 12:00:00+00:00,3.43,0.6868022603531665
2025-08-27 13:00:00+00:00,25.99,32.06942074244212
2025-08-27 14:00:00+00:00,81.8,63.066908069567404
2025-08-27 15:00:00+00:00,107.04,96.20377030916636
2025-08-27 16:00:00+00:00,131.08,126.22757912859832
2025-08-27 17:00:00+00:00,209.97,183.92989000520413
2025-08-27 18:00:00+00:00,186.51,171.02822294654842
2025-08-27 19:00:00+00:00,126.85,146.7301676212754
2025-08-27 20:00:00+00:00,113.63,108.66177021098736
2025-08-27 21:00:00+00:00,103.57,99.55925532212704
2025-08-27 22:00:00+00:00,97.15,96.22221283528897
2025-08-27 23:00:00+00:00,92.08,93.14673121952022
2025-08-28 00:00:00+00:00,88.06,90.4730463747847
2025-08-28 01:00:00+00:00,88.3,87.24734950072364
2025-08-28 02:00:00+00:00,87.67,84.85053877417504
2025-08-28 03:00:00+00:00,90.0,94.40557876958225
2025-08-28 04:00:00+00:00,104.69,104.78035871500771
2025-08-28 05:00:00+00:00,86.14,101.58192564939827
2025-08-28 06:00:00+00:00,15.0,77.40859563592318
2025-08-28 07:00:00+00:00,0.0,19.41543976740895
2025-08-28 08:00:00+00:00,0.0,2.056786032314098
2025-08-28 09:00:00+00:00,0.0,2.050462230738895
2025-08-28 10:00:00+00:00,0.0,2.454586560574902
2025-08-28 11:00:00+00:00,0.0,2.104080297407194
2025-08-28 12:00:00+00:00,0.0,1.6431748590120168
2025-08-28 13:00:00+00:00,0.01,6.675820205105753
2025-08-28 14:00:00+00:00,61.59,34.41026594288322
2025-08-28 15:00:00+00:00,118.73,100.98338005055349
2025-08-28 16:00:00+00:00,147.91,137.62392421896124
2025-08-28 17:00:00+00:00,173.04,178.93919196477376
2025-08-28 18:00:00+00:00,146.29,180.19041326276923
2025-08-28 19:00:00+00:00,121.05,120.08647411280474
2025-08-28 20:00:00+00:00,106.03,105.50549716239402
2025-08-28 21:00:00+00:00,91.22,95.0437990321558
2025-08-28 22:00:00+00:00,85.27,89.27834151042991
2025-08-28 23:00:00+00:00,86.39,83.19739847206098
2025-08-29 00:00:00+00:00,86.14,87.97076121924505
2025-08-29 01:00:00+00:00,86.77,87.47184983550088
2025-08-29 02:00:00+00:00,88.52,89.07689006593567
2025-08-29 03:00:00+00:00,97.51,92.6520730584029
2025-08-29 04:00:00+00:00,109.35,103.62817896900276
2025-08-29 05:00:00+00:00,91.38,105.20436410677681
2025-08-29 06:00:00+00:00,71.4,80.10835426520576
2025-08-29 07:00:00+00:00,0.01,56.373488774371864
2025-08-29 08:00:00+00:00,0.0,1.7110985770217437
2025-08-29 09:00:00+00:00,0.0,2.174069860839121
2025-08-29 10:00:00+00:00,0.0,2.0138936843685333
2025-08-29 11:00:00+00:00,0.0,2.151948918212774
2025-08-29 12:00:00+00:00,0.01,2.283559983319992
2025-08-29 13:00:00+00:00,40.0,14.594365738318873
2025-08-29 14:00:00+00:00,91.72,51.86742134991
2025-08-29 15:00:00+00:00,113.53,102.0403262540969
2025-08-29 16:00:00+00:00,130.53,141.65645655697767
2025-08-29 17:00:00+00:00,153.6,173.8628021241145
2025-08-29 18:00:00+00:00,149.83,148.6647580113577
2025-08-29 19:00:00+00:00,121.27,121.7042947889532
2025-08-29 20:00:00+00:00,101.98,102.37559680851133
2025-08-29 21:00:00+00:00,98.81,95.81412863536062
2025-08-29 22:00:00+00:00,94.21,91.48532611781619
2025-08-29 23:00:00+00:00,88.75,89.83286676189685
2025-08-30 00:00:00+00:00,86.19,87.38545888962132
2025-08-30 01:00:00+00:00,85.46,85.81065121080552
2025-08-30 02:00:00+00:00,86.37,84.69771682660087
2025-08-30 03:00:00+00:00,91.79,87.18267425211754
2025-08-30 04:00:00+00:00,92.44,97.07029091671785
2025-08-30 05:00:00+00:00,94.47,93.21831168568629
2025-08-30 06:00:00+00:00,88.36,85.90887568772281
2025-08-30 07:00:00+00:00,26.0,58.41708091683292
2025-08-30 08:00:00+00:00,0.0,26.78005113451141
2025-08-30 09:00:00+00:00,5.23,1.9706043360603054
2025-08-30 10:00:00+00:00,0.0,7.014443540790848
2025-08-30 11:00:00+00:00,0.0,1.517956726849897
2025-08-30 12:00:00+00:00,0.0,1.1159381497158738
2025-08-30 13:00:00+00:00,9.38,5.418857746089819
2025-08-30 14:00:00+00:00,56.63,42.71070486961545
2025-08-30 15:00:00+00:00,100.89,99.85038331625843
2025-08-30 16:00:00+00:00,121.03,122.06151866124945
2025-08-30 17:00:00+00:00,127.24,150.0890241405406
2025-08-30 18:00:00+00:00,128.58,158.91257615757647
2025-08-30 19:00:00+00:00,114.96,114.92237212779106
2025-08-30 20:00:00+00:00,101.05,102.88524435391987
2025-08-30 21:00:00+00:00,86.3,96.50918881334363
2025-08-30 22:00:00+00:00,83.17,89.33454338979098
2025-08-30 23:00:00+00:00,79.01,77.93501291059503
2025-08-31 00:00:00+00:00,81.3,76.92759376877233
2025-08-31 01:00:00+00:00,78.31,81.61289839640612
2025-08-31 02:00:00+00:00,75.04,77.57538525116891
2025-08-31 03:00:00+00:00,68.99,79.39384931535287
2025-08-31 04:00:00+00:00,69.54,76.29379749972752
2025-08-31 05:00:00+00:00,65.91,69.96816481444516
2025-08-31 06:00:00+00:00,22.31,58.00670231452335
2025-08-31 07:00:00+00:00,0.0,16.109258367419752
2025-08-31 08:00:00+00:00,-1.0,1.296096243439569
2025-08-31 09:00:00+00:00,-0.01,0.47275224094669127
2025-08-31 10:00:00+00:00,-0.1,0.870272128158015
2025-08-31 11:00:00+00:00,-0.98,0.4494778683232274
2025-08-31 12:00:00+00:00,-0.6,0.4476452726715994
2025-08-31 13:00:00+00:00,0.0,6.141964084067475
2025-08-31 14:00:00+00:00,27.24,27.71827799309244
2025-08-31 15:00:00+00:00,85.69,63.56771530611912
2025-08-31 16:00:00+00:00,115.64,109.27416736171406
2025-08-31 17:00:00+00:00,133.25,129.09147593105828
2025-08-31 18:00:00+00:00,130.57,139.7769927692107
2025-08-31 19:00:00+00:00,113.31,109.80007905187195
2025-08-31 20:00:00+00:00,101.77,98.28316111170183
2025-08-31 21:00:00+00:00,94.93,94.72169545317185
2025-08-31 22:00:00+00:00,88.39,88.95574974901712
2025-08-31 23:00:00+00:00,87.67,84.89836209338195
2025-09-01 00:00:00+00:00,86.63,87.22438351273132
2025-09-01 01:00:00+00:00,85.65,86.54649650644282
2025-09-01 02:00:00+00:00,87.37,83.20556868345247
2025-09-01 03:00:00+00:00,97.67,90.87926026028858
2025-09-01 04:00:00+00:00,116.93,105.27048440660921
2025-09-01 05:00:00+00:00,122.24,125.75653983257209
2025-09-01 06:00:00+00:00,108.43,105.37144468301554
2025-09-01 07:00:00+00:00,81.51,78.79578186130239
2025-09-01 08:00:00+00:00,13.8,52.935857190932786
2025-09-01 09:00:00+00:00,40.0,30.25909296155864
2025-09-01 10:00:00+00:00,40.0,35.19115119134033
2025-09-01 11:00:00+00:00,23.36,34.984633568997
2025-09-01 12:00:00+00:00,39.69,34.550680567909374
2025-09-01 13:00:00+00:00,70.84,39.88956621724266
2025-09-01 14:00:00+00:00,83.47,78.24597363427341
2025-09-01 15:00:00+00:00,110.84,89.15872207324699
2025-09-01 16:00:00+00:00,165.6,131.02674354260415
2025-09-01 17:00:00+00:00,225.31,181.45330745023773
2025-09-01 18:00:00+00:00,204.66,210.99891041556302
2025-09-01 19:00:00+00:00,138.01,149.4670405218987
2025-09-01 20:00:00+00:00,108.99,109.40689622812066
2025-09-01 21:00:00+00:00,99.49,101.264100409026
2025-09-01 22:00:00+00:00,89.92,93.93452901264209
2025-09-01 23:00:00+00:00,85.27,92.50626413552669
2025-09-02 00:00:00+00:00,87.59,90.51411033385214
2025-09-02 01:00:00+00:00,88.12,89.53044642463347
2025-09-02 02:00:00+00:00,90.46,90.32136432830737
2025-09-02 03:00:00+00:00,99.6,93.47874324218607
2025-09-02 04:00:00+00:00,121.85,118.40453961254738
2025-09-02 05:00:00+00:00,139.21,123.12844352788196
2025-09-02 06:00:00+00:00,65.06,109.42133621151049
2025-09-02 07:00:00+00:00,26.0,59.08984844575531
2025-09-02 08:00:00+00:00,12.78,30.122921120299676
2025-09-02 09:00:00+00:00,15.33,13.233314846444742
2025-09-02 10:00:00+00:00,22.09,22.319115018003632
2025-09-02 11:00:00+00:00,44.89,30.139045883590928
2025-09-02 12:00:00+00:00,71.59,34.93605348114578
2025-09-02 13:00:00+00:00,77.11,77.90971932473317
2025-09-02 14:00:00+00:00,96.36,86.19302265400184
2025-09-02 15:00:00+00:00,115.89,110.97714579870542
2025-09-02 16:00:00+00:00,166.95,150.85908875132714
2025-09-02 17:00:00+00:00,286.05,241.42029651616602
2025-09-02 18:00:00+00:00,242.78,252.17050499396933
2025-09-02 19:00:00+00:00,130.38,173.59519482830984
2025-09-02 20:00:00+00:00,110.89,110.92243274208919
2025-09-02 21:00:00+00:00,108.08,102.20065514190178
2025-09-02 22:00:00+00:00,102.94,101.07689334371831
2025-09-02 23:00:00+00:00,84.06,96.56496363619173
2025-09-03 00:00:00+00:00,80.84,83.20207567971654
2025-09-03 01:00:00+00:00,75.39,82.59470845831947
2025-09-03 02:00:00+00:00,79.33,77.78740445609056
2025-09-03 03:00:00+00:00,95.98,88.77884876114894
2025-09-03 04:00:00+00:00,117.01,117.30827717025463
2025-09-03 05:00:00+00:00,117.8,128.08839368640855
2025-09-03 06:00:00+00:00,88.09,100.68151928952435
2025-09-03 07:00:00+00:00,77.41,68.35969277616115
2025-09-03 08:00:00+00:00,16.0,51.3675898381587
2025-09-03 09:00:00+00:00,8.23,20.280846670440454
2025-09-03 10:00:00+00:00,6.2,6.173409259642958
2025-09-03 11:00:00+00:00,6.12,6.550902179349286
2025-09-03 12:00:00+00:00,10.05,9.513134837426069
2025-09-03 13:00:00+00:00,53.89,50.61625186858821
2025-09-03 14:00:00+00:00,91.62,84.96755828309914
2025-09-03 15:00:00+00:00,144.95,109.59090484139777
2025-09-03 16:00:00+00:00,172.76,185.6257302646918
2025-09-03 17:00:00+00:00,198.5,209.451428042294
2025-09-03 18:00:00+00:00,171.04,263.0915394187809
2025-09-03 19:00:00+00:00,149.98,131.86653286098746
2025-09-03 20:00:00+00:00,129.0,115.6468772624504
2025-09-03 21:00:00+00:00,108.43,108.55061324450853
2025-09-03 22:00:00+00:00,101.38,101.67262668585371
2025-09-03 23:00:00+00:00,97.29,96.50189734612331
2025-09-04 00:00:00+00:00,88.2,94.83651666015389
2025-09-04 01:00:00+00:00,83.79,86.48651825204763
2025-09-04 02:00:00+00:00,79.97,82.03469072938789
2025-09-04 03:00:00+00:00,97.67,88.38305704444247
2025-09-04 04:00:00+00:00,119.17,108.33807023696663
2025-09-04 05:00:00+00:00,120.65,119.5388405144381
2025-09-04 06:00:00+00:00,78.36,99.86752863368216
2025-09-04 07:00:00+00:00,71.09,64.62185656359938
2025-09-04 08:00:00+00:00,39.5,47.809799814695296
2025-09-04 09:00:00+00:00,5.79,25.910058545741084
2025-09-04 10:00:00+00:00,3.2,4.942869122554326
2025-09-04 11:00:00+00:00,3.22,6.065512144369584
2025-09-04 12:00:00+00:00,32.1,7.581287589754237
2025-09-04 13:00:00+00:00,65.18,39.13526569290159
2025-09-04 14:00:00+00:00,94.15,80.23376251190187
2025-09-04 15:00:00+00:00,126.54,119.30330587864597
2025-09-04 16:00:00+00:00,178.63,158.1853975535069
2025-09-04 17:00:00+00:00,292.09,193.3480129407942
2025-09-04 18:00:00+00:00,241.63,254.1764021252574
2025-09-04 19:00:00+00:00,132.69,175.50337566307957
2025-09-04 20:00:00+00:00,118.36,114.34959321854394
2025-09-04 21:00:00+00:00,107.87,107.44479034069555
2025-09-04 22:00:00+00:00,98.23,101.50938368714311
2025-09-04 23:00:00+00:00,85.91,94.31039705698173
2025-09-05 00:00:00+00:00,83.29,82.75123711177461
2025-09-05 01:00:00+00:00,82.38,81.10586037698098
2025-09-05 02:00:00+00:00,82.4,81.99346823102347
2025-09-05 03:00:00+00:00,94.54,87.00045703255893
2025-09-05 04:00:00+00:00,115.23,112.28846194140331
2025-09-05 05:00:00+00:00,128.27,117.02667236855734
2025-09-05 06:00:00+00:00,78.0,101.69914260940976
2025-09-05 07:00:00+00:00,0.0,58.96090355298387
2025-09-05 08:00:00+00:00,0.0,2.5770663926452393
2025-09-05 09:00:00+00:00,0.0,3.8884326672043135
2025-09-05 10:00:00+00:00,0.0,4.23845756700546
2025-09-05 11:00:00+00:00,0.0,4.325085876982213
2025-09-05 12:00:00+00:00,0.01,3.6131964972574595
2025-09-05 13:00:00+00:00,72.66,9.421040112317574
2025-09-05 14:00:00+00:00,96.76,84.14788941202355
2025-09-05 15:00:00+00:00,129.17,114.9925147344972
2025-09-05 16:00:00+00:00,167.37,166.21817468167228
2025-09-05 17:00:00+00:00,192.79,198.87824937511348
2025-09-05 18:00:00+00:00,166.17,207.3873921913659
2025-09-05 19:00:00+00:00,139.98,138.05595676342801
2025-09-05 20:00:00+00:00,146.01,117.82277924912789
2025-09-05 21:00:00+00:00,111.7,115.76334313753489
2025-09-05 22:00:00+00:00,102.67,102.04556874822445
2025-09-05 23:00:00+00:00,102.96,97.7766079261342
2025-09-06 00:00:00+00:00,102.81,100.62798010601973
2025-09-06 01:00:00+00:00,102.1,100.40824254857303
2025-09-06 02:00:00+00:00,101.2,100.36094399746982
2025-09-06 03:00:00+00:00,102.03,101.53889712088063
2025-09-06 04:00:00+00:00,96.25,109.3643086038014
2025-09-06 05:00:00+00:00,91.71,104.01699707289983
2025-09-06 06:00:00+00:00,77.4,84.08470487164686
2025-09-06 07:00:00+00:00,0.0,54.812722035355364
2025-09-06 08:00:00+00:00,0.0,1.9024361229001545
2025-09-06 09:00:00+00:00,0.0,1.1273703501349082
2025-09-06 10:00:00+00:00,-0.02,1.6298386363220763
2025-09-06 11:00:00+00:00,-0.86,1.5849690735024402
2025-09-06 12:00:00+00:00,-0.99,1.52619475990656
2025-09-06 13:00:00+00:00,-0.01,6.992718882158565
2025-09-06 14:00:00+00:00,46.01,34.967976013926176
2025-09-06 15:00:00+00:00,119.96,80.34165533078213
2025-09-06 16:00:00+00:00,178.64,150.87798493044767
2025-09-06 17:00:00+00:00,190.01,183.81972411136658
2025-09-06 18:00:00+00:00,177.21,173.4249954373372
2025-09-06 19:00:00+00:00,178.89,149.99406200583687
2025-09-06 20:00:00+00:00,150.0,144.58215241760277
2025-09-06 21:00:00+00:00,93.07,119.72022713518882
2025-09-06 22:00:00+00:00,86.01,90.07219639632405
2025-09-06 23:00:00+00:00,78.93,85.65481487116286
2025-09-07 00:00:00+00:00,75.0,81.25122605631189
2025-09-07 01:00:00+00:00,77.44,78.05883132973958
2025-09-07 02:00:00+00:00,76.98,80.59613805612071
2025-09-07 03:00:00+00:00,76.77,79.49091173110283
2025-09-07 04:00:00+00:00,75.38,79.01098336828817
2025-09-07 05:00:00+00:00,51.8,73.56884686951926
2025-09-07 06:00:00+00:00,0.0,48.26565413171119
2025-09-07 07:00:00+00:00,-0.1,1.8160690508826605
2025-09-07 08:00:00+00:00,-4.0,1.748202671843529
2025-09-07 09:00:00+00:00,-5.0,1.1393387325457789
2025-09-07 10:00:00+00:00,-5.0,1.1888487325457788
2025-09-07 11:00:00+00:00,-5.0,1.22390883355588
2025-09-07 12:00:00+00:00,-5.0,1.345074738888662
2025-09-07 13:00:00+00:00,-3.0,5.1373961001065584
2025-09-07 14:00:00+00:00,0.01,26.95222150430643
2025-09-07 15:00:00+00:00,95.4,51.21967289022126
2025-09-07 16:00:00+00:00,111.22,131.65620061019618
2025-09-07 17:00:00+00:00,147.08,154.4880202892474
2025-09-07 18:00:00+00:00,143.15,154.6856103106692
2025-09-07 19:00:00+00:00,131.65,129.25509340613837
2025-09-07 20:00:00+00:00,115.72,115.11128259598937
2025-09-07 21:00:00+00:00,95.58,102.66843013273811
2025-09-07 22:00:00+00:00,87.38,90.48305072628617
2025-09-07 23:00:00+00:00,87.5,84.11263410304387
2025-09-08 00:00:00+00:00,86.84,86.92768476148254
2025-09-08 01:00:00+00:00,86.97,86.83283351011004
2025-09-08 02:00:00+00:00,88.54,87.44479283764147
2025-09-08 03:00:00+00:00,100.45,89.95322764603642
2025-09-08 04:00:00+00:00,128.69,113.54804088052305
2025-09-08 05:00:00+00:00,146.09,135.27191043481147
2025-09-08 06:00:00+00:00,61.93,113.97514657305582
2025-09-08 07:00:00+00:00,12.77,43.45597262481576
2025-09-08 08:00:00+00:00,11.91,19.76869681374347
2025-09-08 09:00:00+00:00,13.62,19.849920647653306
2025-09-08 10:00:00+00:00,15.08,28.029914468700298
2025-09-08 11:00:00+00:00,40.0,24.58741826667136
2025-09-08 12:00:00+00:00,55.0,41.36736769068363
2025-09-08 13:00:00+00:00,81.38,65.20089212857991
2025-09-08 14:00:00+00:00,103.2,81.33147716042829
2025-09-08 15:00:00+00:00,136.03,105.73330910550047
2025-09-08 16:00:00+00:00,220.44,162.48967057391957
2025-09-08 17:00:00+00:00,367.9,283.54995963321153
2025-09-08 18:00:00+00:00,311.98,298.6884968978734
2025-09-08 19:00:00+00:00,148.52,231.03720208333317
2025-09-08 20:00:00+00:00,150.89,124.29677803177727
2025-09-08 21:00:00+00:00,136.13,121.52101402308779
2025-09-08 22:00:00+00:00,108.3,110.76422292198305
2025-09-08 23:00:00+00:00,104.39,101.12431196745624
2025-09-09 00:00:00+00:00,103.18,101.72795723012126
2025-09-09 01:00:00+00:00,102.54,101.1727680868816
2025-09-09 02:00:00+00:00,102.5,101.4159185520297
2025-09-09 03:00:00+00:00,110.44,103.60737094628419
2025-09-09 04:00:00+00:00,182.87,134.42879758535128
2025-09-09 05:00:00+00:00,216.17,175.82866259721825
2025-09-09 06:00:00+00:00,88.23,171.7197319726198
2025-09-09 07:00:00+00:00,58.73,77.18588661201906
2025-09-09 08:00:00+00:00,20.02,44.04589240810618
2025-09-09 09:00:00+00:00,13.63,23.43699430008873
2025-09-09 10:00:00+00:00,12.78,18.584045859056218
2025-09-09 11:00:00+00:00,16.0,13.93749568013453
2025-09-09 12:00:00+00:00,55.0,28.044249149545116
2025-09-09 13:00:00+00:00,78.83,68.45757839599565
2025-09-09 14:00:00+00:00,108.3,90.02147129881884
2025-09-09 15:00:00+00:00,153.3,125.93658030484929
2025-09-09 16:00:00+00:00,243.63,201.86651573245194
2025-09-09 17:00:00+00:00,392.05,322.4626628694657
2025-09-09 18:00:00+00:00,241.83,315.53204059972484
2025-09-09 19:00:00+00:00,151.0,175.77198901725205
2025-09-09 20:00:00+00:00,137.83,134.23304173476203
2025-09-09 21:00:00+00:00,129.25,125.89045543185654
2025-09-09 22:00:00+00:00,100.11,118.5766227524721
2025-09-09 23:00:00+00:00,96.14,97.64950988723056
2025-09-10 00:00:00+00:00,94.18,95.48971912993697
2025-09-10 01:00:00+00:00,94.55,95.51774694121742
2025-09-10 02:00:00+00:00,93.78,95.8012864859411
2025-09-10 03:00:00+00:00,102.19,100.83458003277788
2025-09-10 04:00:00+00:00,130.4,135.54694785725948
2025-09-10 05:00:00+00:00,210.33,162.73029061118706
2025-09-10 06:00:00+00:00,100.95,176.932532822357
2025-09-10 07:00:00+00:00,57.01,84.98044808126514
2025-09-10 08:00:00+00:00,67.0,42.09452082000459
2025-09-10 09:00:00+00:00,41.0,44.36825403901669
2025-09-10 10:00:00+00:00,51.69,52.881877402959006
2025-09-10 11:00:00+00:00,56.42,44.63812727446719
2025-09-10 12:00:00+00:00,56.68,51.874709827869566
2025-09-10 13:00:00+00:00,93.77,66.44880671860864
2025-09-10 14:00:00+00:00,115.27,99.75638683705237
2025-09-10 15:00:00+00:00,145.01,143.47552350477727
2025-09-10 16:00:00+00:00,184.21,209.43127558902768
2025-09-10 17:00:00+00:00,272.86,245.47598703363067
2025-09-10 18:00:00+00:00,174.25,235.34641224558425
2025-09-10 19:00:00+00:00,134.85,152.41231818037727
2025-09-10 20:00:00+00:00,117.19,125.4130327762993
2025-09-10 21:00:00+00:00,99.29,116.24651199797596
2025-09-10 22:00:00+00:00,87.8,95.60525259224946
2025-09-10 23:00:00+00:00,84.94,89.55983178972947
2025-09-11 00:00:00+00:00,83.89,85.99892899987577
2025-09-11 01:00:00+00:00,82.82,84.5122688391288
2025-09-11 02:00:00+00:00,91.81,85.14719242350888
2025-09-11 03:00:00+00:00,131.64,95.50354677456508
2025-09-11 04:00:00+00:00,152.93,142.88063163689264
2025-09-11 05:00:00+00:00,163.01,176.99596481511477
2025-09-11 06:00:00+00:00,118.63,131.18812491216954
2025-09-11 07:00:00+00:00,107.74,104.25840404425533
2025-09-11 08:00:00+00:00,78.29,100.76186645991157
2025-09-11 09:00:00+00:00,78.83,69.21476492371175
2025-09-11 10:00:00+00:00,84.33,70.03628618037986
2025-09-11 11:00:00+00:00,80.89,78.95319608015
2025-09-11 12:00:00+00:00,76.63,77.78805132900179
2025-09-11 13:00:00+00:00,101.16,83.92733478343717
2025-09-11 14:00:00+00:00,153.29,108.64518616874962
2025-09-11 15:00:00+00:00,167.12,153.06331224267652
2025-09-11 16:00:00+00:00,215.9,191.9158848159111
2025-09-11 17:00:00+00:00,232.83,248.16786587633223
2025-09-11 18:00:00+00:00,164.2,220.76107924595146
2025-09-11 19:00:00+00:00,148.64,137.64786657929218
2025-09-11 20:00:00+00:00,147.93,128.13182161660612
2025-09-11 21:00:00+00:00,129.1,119.73960238298145
2025-09-11 22:00:00+00:00,96.92,113.75313356407896
2025-09-11 23:00:00+00:00,89.46,93.02208182980142
2025-09-12 00:00:00+00:00,84.28,86.56851466881757
2025-09-12 01:00:00+00:00,83.42,83.04325071694589
2025-09-12 02:00:00+00:00,86.02,84.49343280165493
2025-09-12 03:00:00+00:00,138.17,96.82028456234555
2025-09-12 04:00:00+00:00,166.36,150.36120194582972
2025-09-12 05:00:00+00:00,165.87,165.48984836118765
2025-09-12 06:00:00+00:00,121.91,133.11594674667174
2025-09-12 07:00:00+00:00,94.51,105.00979369375686
2025-09-12 08:00:00+00:00,61.2,78.90437956535408
2025-09-12 09:00:00+00:00,50.93,66.04970211868549
2025-09-12 10:00:00+00:00,41.99,47.72234306387881
2025-09-12 11:00:00+00:00,50.0,54.91027477943534
2025-09-12 12:00:00+00:00,60.0,52.684744440182904
2025-09-12 13:00:00+00:00,83.71,87.28147201724185
2025-09-12 14:00:00+00:00,122.13,102.79554424077467
2025-09-12 15:00:00+00:00,159.17,145.98086647504712
2025-09-12 16:00:00+00:00,174.06,194.94918491757676
2025-09-12 17:00:00+00:00,228.79,222.23044580751633
2025-09-12 18:00:00+00:00,166.13,210.6136579739505
2025-09-12 19:00:00+00:00,120.78,144.74580828145898
2025-09-12 20:00:00+00:00,116.07,132.6156619328373
2025-09-12 21:00:00+00:00,97.15,118.2191743203403
2025-09-12 22:00:00+00:00,94.59,95.2343507527171
2025-09-12 23:00:00+00:00,79.2,91.30481789320694
2025-09-13 00:00:00+00:00,69.39,78.78559145461935
2025-09-13 01:00:00+00:00,71.06,74.19561515751222
2025-09-13 02:00:00+00:00,79.4,76.57202706220768
2025-09-13 03:00:00+00:00,83.14,95.94629333954346
2025-09-13 04:00:00+00:00,91.76,99.10976085484421
2025-09-13 05:00:00+00:00,79.69,100.11593566934697
2025-09-13 06:00:00+00:00,68.21,77.90268129400066
2025-09-13 07:00:00+00:00,2.89,50.86256196408791
2025-09-13 08:00:00+00:00,0.0,4.660116336646988
2025-09-13 09:00:00+00:00,0.01,0.824931201165024
2025-09-13 10:00:00+00:00,0.0,1.9859825373644255
2025-09-13 11:00:00+00:00,0.0,2.4116987133576315
2025-09-13 12:00:00+00:00,0.0,2.087114393390897
2025-09-13 13:00:00+00:00,0.01,13.366336610374988
2025-09-13 14:00:00+00:00,69.83,35.330400790915235
2025-09-13 15:00:00+00:00,120.32,118.91510496659494
2025-09-13 16:00:00+00:00,128.37,151.8466743787888
2025-09-13 17:00:00+00:00,144.37,159.0033511621976
2025-09-13 18:00:00+00:00,128.25,151.77186553244704
2025-09-13 19:00:00+00:00,108.58,116.65254295220653
2025-09-13 20:00:00+00:00,100.76,111.67175874608027
2025-09-13 21:00:00+00:00,89.93,96.17120034314951
2025-09-13 22:00:00+00:00,83.21,86.61826861993309
2025-09-13 23:00:00+00:00,74.01,77.25672182040387
2025-09-14 00:00:00+00:00,75.53,72.17149831954974
2025-09-14 01:00:00+00:00,80.53,73.97748880515917
2025-09-14 02:00:00+00:00,82.35,81.13497680036177
2025-09-14 03:00:00+00:00,87.63,82.82167598126027
2025-09-14 04:00:00+00:00,91.78,88.26441147847804
2025-09-14 05:00:00+00:00,97.87,82.4298686802836
2025-09-14 06:00:00+00:00,0.01,80.11750429993913
2025-09-14 07:00:00+00:00,0.0,0.2498908823888284
2025-09-14 08:00:00+00:00,-0.1,0.5421687330105536
2025-09-14 09:00:00+00:00,0.0,0.47088469912483993
2025-09-14 10:00:00+00:00,0.0,0.2447720853525314
2025-09-14 11:00:00+00:00,0.0,0.2447720853525314
2025-09-14 12:00:00+00:00,-0.01,0.5551336562004786
2025-09-14 13:00:00+00:00,0.0,8.8489291115046
2025-09-14 14:00:00+00:00,20.0,47.608344989980225
2025-09-14 15:00:00+00:00,94.62,84.11644136797035
2025-09-14 16:00:00+00:00,126.16,118.2261015788197
2025-09-14 17:00:00+00:00,159.56,150.4743035587921
2025-09-14 18:00:00+00:00,126.55,150.48934919040911
2025-09-14 19:00:00+00:00,91.49,112.85772890054596
2025-09-14 20:00:00+00:00,78.16,92.32547227525345
2025-09-14 21:00:00+00:00,63.9,75.03517615699556
2025-09-14 22:00:00+00:00,75.97,55.343271658840216
2025-09-14 23:00:00+00:00,46.7,69.11271630176027
2025-09-15 00:00:00+00:00,51.95,61.51401349944153
2025-09-15 01:00:00+00:00,49.29,72.2795808537743
2025-09-15 02:00:00+00:00,52.21,72.8063958352736
2025-09-15 03:00:00+00:00,85.33,85.9714901843024
2025-09-15 04:00:00+00:00,142.22,102.3553679604725
2025-09-15 05:00:00+00:00,155.18,143.0309287531591
2025-09-15 06:00:00+00:00,106.98,113.85112478372184
2025-09-15 07:00:00+00:00,61.05,76.45603057887271
2025-09-15 08:00:00+00:00,11.95,42.03838572546196
2025-09-15 09:00:00+00:00,0.01,22.416133286408964
2025-09-15 10:00:00+00:00,0.01,1.528922416903444
2025-09-15 11:00:00+00:00,0.27,1.5299216578901613
2025-09-15 12:00:00+00:00,10.1,4.796266536645048
2025-09-15 13:00:00+00:00,31.24,40.94194582253566
2025-09-15 14:00:00+00:00,88.26,55.288234976222874
2025-09-15 15:00:00+00:00,159.82,109.63660079035229
2025-09-15 16:00:00+00:00,219.74,203.19472060392712
2025-09-15 17:00:00+00:00,275.16,288.15370330190035
2025-09-15 18:00:00+00:00,187.96,261.46361892344123
2025-09-15 19:00:00+00:00,177.48,144.70188476081995
2025-09-15 20:00:00+00:00,150.17,142.0233748360533
2025-09-15 21:00:00+00:00,138.45,127.41470409756485
2025-09-15 22:00:00+00:00,108.49,112.0773841904123
2025-09-15 23:00:00+00:00,105.1,100.91965768246527
2025-09-16 00:00:00+00:00,88.41,102.11218064903049
2025-09-16 01:00:00+00:00,85.62,88.7390208094018
2025-09-16 02:00:00+00:00,87.04,86.36697383983073
2025-09-16 03:00:00+00:00,108.49,89.45381799464589
2025-09-16 04:00:00+00:00,149.34,140.7518310883541
2025-09-16 05:00:00+00:00,132.31,151.21342194247225
2025-09-16 06:00:00+00:00,82.81,113.80575348925917
2025-09-16 07:00:00+00:00,16.0,73.94019448981932
2025-09-16 08:00:00+00:00,0.0,21.521965360627004
2025-09-16 09:00:00+00:00,0.01,3.3026099267882953
2025-09-16 10:00:00+00:00,0.01,3.2656353434549623
2025-09-16 11:00:00+00:00,1.0,3.160785343454963
2025-09-16 12:00:00+00:00,45.0,6.069754142271453
2025-09-16 13:00:00+00:00,70.0,42.01687211514485
2025-09-16 14:00:00+00:00,116.02,86.51012347063697
2025-09-16 15:00:00+00:00,181.48,150.55721839143425
2025-09-16 16:00:00+00:00,221.37,240.46605960301846
2025-09-16 17:00:00+00:00,324.79,315.4301990021239
2025-09-16 18:00:00+00:00,167.89,317.49999141353686
2025-09-16 19:00:00+00:00,143.12,145.60101515289867
2025-09-16 20:00:00+00:00,129.21,126.98177962125634
2025-09-16 21:00:00+00:00,101.59,120.41956016135109
2025-09-16 22:00:00+00:00,88.87,100.50502150554718
2025-09-16 23:00:00+00:00,77.88,93.58859429652057
2025-09-17 00:00:00+00:00,77.06,78.38427555388817
2025-09-17 01:00:00+00:00,76.13,77.11802950234389
2025-09-17 02:00:00+00:00,76.22,76.99852172805235
2025-09-17 03:00:00+00:00,97.6,89.18997489486095
2025-09-17 04:00:00+00:00,121.03,127.69234011893096
2025-09-17 05:00:00+00:00,126.86,137.0974148340415
2025-09-17 06:00:00+00:00,112.65,116.1641752073659
2025-09-17 07:00:00+00:00,93.7,104.63706220011389
2025-09-17 08:00:00+00:00,68.7,87.2515685059317
2025-09-17 09:00:00+00:00,43.63,46.04599179152696
2025-09-17 10:00:00+00:00,15.02,48.49218614280504
2025-09-17 11:00:00+00:00,13.6,23.748081717398712
2025-09-17 12:00:00+00:00,15.1,23.975097561784793
2025-09-17 13:00:00+00:00,47.62,61.317044729066254
2025-09-17 14:00:00+00:00,85.69,81.56771402711487
2025-09-17 15:00:00+00:00,108.82,125.56392760030727
2025-09-17 16:00:00+00:00,183.54,156.24458022621974
2025-09-17 17:00:00+00:00,232.3,224.8485526534661
2025-09-17 18:00:00+00:00,159.89,197.73854559810047
2025-09-17 19:00:00+00:00,108.63,137.99031643768626
2025-09-17 20:00:00+00:00,101.96,107.7980335644247
2025-09-17 21:00:00+00:00,84.96,96.86452371158845
2025-09-17 22:00:00+00:00,58.02,80.59851756003324
2025-09-17 23:00:00+00:00,50.06,49.19228360282666
2025-09-18 00:00:00+00:00,39.22,63.3957700393089
2025-09-18 01:00:00+00:00,39.5,48.82329872511289
2025-09-18 02:00:00+00:00,50.27,49.640124903420784
2025-09-18 03:00:00+00:00,77.56,75.5567431443114
2025-09-18 04:00:00+00:00,114.68,109.44348034919365
2025-09-18 05:00:00+00:00,103.53,119.43965298291786
2025-09-18 06:00:00+00:00,14.11,85.16210630552183
2025-09-18 07:00:00+00:00,0.0,28.150117807250002
2025-09-18 08:00:00+00:00,-0.01,1.4148243013697868
2025-09-18 09:00:00+00:00,0.0,0.9810022153706641
2025-09-18 10:00:00+00:00,0.0,1.2442608742178811
2025-09-18 11:00:00+00:00,0.0,1.3115713526864723
2025-09-18 12:00:00+00:00,0.0,1.6319412182078343
2025-09-18 13:00:00+00:00,0.02,6.865470501400864
2025-09-18 14:00:00+00:00,56.76,40.55399708855471
2025-09-18 15:00:00+00:00,131.64,105.09972343401036
2025-09-18 16:00:00+00:00,156.2,160.55921134165732
2025-09-18 17:00:00+00:00,204.27,185.99480626353431
2025-09-18 18:00:00+00:00,154.8,158.97750365381629
2025-09-18 19:00:00+00:00,108.66,128.30037575331372
2025-09-18 20:00:00+00:00,104.23,103.72050229068716
2025-09-18 21:00:00+00:00,88.2,101.29897848607523
2025-09-18 22:00:00+00:00,74.09,83.91775148664428
2025-09-18 23:00:00+00:00,71.96,55.91282022204356
2025-09-19 00:00:00+00:00,71.15,68.78861055119626
2025-09-19 01:00:00+00:00,70.86,68.90352604143112
2025-09-19 02:00:00+00:00,70.86,69.23209077281837
2025-09-19 03:00:00+00:00,91.16,76.98189397250329
2025-09-19 04:00:00+00:00,117.94,115.63719033560363
2025-09-19 05:00:00+00:00,138.15,122.40927395352236
2025-09-19 06:00:00+00:00,0.01,98.12044327671248
2025-09-19 07:00:00+00:00,0.0,2.3793915288930303
2025-09-19 08:00:00+00:00,-1.0,1.985361439868696
2025-09-19 09:00:00+00:00,-1.86,1.5067851341800185
2025-09-19 10:00:00+00:00,-1.0,1.0848092727606902
2025-09-19 11:00:00+00:00,-1.0,1.2506426060940237
2025-09-19 12:00:00+00:00,-0.62,1.2592391364268058
2025-09-19 13:00:00+00:00,0.0,9.857085021636424
2025-09-19 14:00:00+00:00,79.1,31.709489789009016
2025-09-19 15:00:00+00:00,115.79,120.12020082683692
2025-09-19 16:00:00+00:00,242.1,152.58254659899524
2025-09-19 17:00:00+00:00,188.66,247.52628475410958
2025-09-19 18:00:00+00:00,142.59,153.07633674803026
2025-09-19 19:00:00+00:00,108.42,115.22404367244162
2025-09-19 20:00:00+00:00,101.78,97.60218811958262
2025-09-19 21:00:00+00:00,80.61,93.92234896017055
2025-09-19 22:00:00+00:00,82.68,76.26029119222385
2025-09-19 23:00:00+00:00,83.36,75.78383932470632
2025-09-20 00:00:00+00:00,79.53,78.30165816736262
2025-09-20 01:00:00+00:00,79.41,72.9746049697741
2025-09-20 02:00:00+00:00,79.36,73.8530482211165
2025-09-20 03:00:00+00:00,85.27,80.33297772600152
2025-09-20 04:00:00+00:00,93.69,91.08788840745845
2025-09-20 05:00:00+00:00,84.13,93.12232362646054
2025-09-20 06:00:00+00:00,0.0,58.687775986266715
2025-09-20 07:00:00+00:00,-1.0,2.837166728558789
2025-09-20 08:00:00+00:00,-1.0,2.6966452453110294
2025-09-20 09:00:00+00:00,-1.29,2.215350032278448
2025-09-20 10:00:00+00:00,-8.35,2.183060833681632
2025-09-20 11:00:00+00:00,-9.74,2.1495989906117803
2025-09-20 12:00:00+00:00,-4.32,2.1323748959445625
2025-09-20 13:00:00+00:00,0.16,7.474743071068378
2025-09-20 14:00:00+00:00,31.11,32.69962518775855
2025-09-20 15:00:00+00:00,103.96,78.15431785714286
2025-09-20 16:00:00+00:00,157.07,130.80319954546422
2025-09-20 17:00:00+00:00,163.96,164.6754244115614
2025-09-20 18:00:00+00:00,121.04,132.4048153074084
2025-09-20 19:00:00+00:00,94.2,102.08757673915942
2025-09-20 20:00:00+00:00,77.92,85.44948724542115
2025-09-20 21:00:00+00:00,50.29,68.07366371690141
2025-09-20 22:00:00+00:00,45.92,60.70210309573949
2025-09-20 23:00:00+00:00,24.74,55.071006782153866
2025-09-21 00:00:00+00:00,10.15,26.307392550989192
2025-09-21 01:00:00+00:00,10.15,21.669184439021073
2025-09-21 02:00:00+00:00,8.53,18.22558498833907
2025-09-21 03:00:00+00:00,25.0,16.284322138896215
2025-09-21 04:00:00+00:00,4.41,29.458963931297408
2025-09-21 05:00:00+00:00,5.23,20.954911796842683
2025-09-21 06:00:00+00:00,0.0,7.786188311019838
2025-09-21 07:00:00+00:00,-1.0,0.6836988407593769
2025-09-21 08:00:00+00:00,-2.0,0.43480805087661956
2025-09-21 09:00:00+00:00,-9.92,0.40531716851403277
2025-09-21 10:00:00+00:00,-14.66,0.414717048609956
2025-09-21 11:00:00+00:00,-14.79,0.44928777842362067
2025-09-21 12:00:00+00:00,-3.17,0.4748586837564028
2025-09-21 13:00:00+00:00,-0.69,4.118658093955422
2025-09-21 14:00:00+00:00,9.47,13.057048873354804
2025-09-21 15:00:00+00:00,92.47,53.54125679492145
2025-09-21 16:00:00+00:00,106.13,121.64203093262964
2025-09-21 17:00:00+00:00,119.55,132.4999283759465
2025-09-21 18:00:00+00:00,115.64,115.8247798498168
2025-09-21 19:00:00+00:00,100.24,94.68581179513376
2025-09-21 20:00:00+00:00,99.17,91.44146552269441
2025-09-21 21:00:00+00:00,86.44,86.60208454889755
2025-09-21 22:00:00+00:00,79.47,78.20691683759783
2025-09-21 23:00:00+00:00,75.89,54.313715089485285
2025-09-22 00:00:00+00:00,72.88,67.21177106311863
2025-09-22 01:00:00+00:00,71.77,64.59525728674245
2025-09-22 02:00:00+00:00,71.95,65.3284565280336
2025-09-22 03:00:00+00:00,86.17,72.15169456767245
2025-09-22 04:00:00+00:00,116.03,107.95136929401995
2025-09-22 05:00:00+00:00,127.38,130.3865541751953
2025-09-22 06:00:00+00:00,25.85,95.82792332708678
2025-09-22 07:00:00+00:00,0.0,22.141873000787722
2025-09-22 08:00:00+00:00,0.0,0.8409142948802719
2025-09-22 09:00:00+00:00,0.0,1.0708903679175947
2025-09-22 10:00:00+00:00,0.0,1.4977224212471192
2025-09-22 11:00:00+00:00,0.0,1.2169852424761696
2025-09-22 12:00:00+00:00,5.0,0.9162995622768659
2025-09-22 13:00:00+00:00,30.66,30.83500398060765
2025-09-22 14:00:00+00:00,89.59,55.182859777301516
2025-09-22 15:00:00+00:00,126.02,117.81153377604643
2025-09-22 16:00:00+00:00,143.26,152.65064253926818
2025-09-22 17:00:00+00:00,247.33,178.35213416796276
2025-09-22 18:00:00+00:00,145.93,186.47846741236387
2025-09-22 19:00:00+00:00,114.07,116.8170797378979
2025-09-22 20:00:00+00:00,108.44,106.22570639755739
2025-09-22 21:00:00+00:00,93.41,103.80454483105224
2025-09-22 22:00:00+00:00,82.03,91.96864280024815
2025-09-22 23:00:00+00:00,81.23,78.59826236583979
2025-09-23 00:00:00+00:00,80.28,81.3659620671019
2025-09-23 01:00:00+00:00,80.13,81.34179770025585
2025-09-23 02:00:00+00:00,83.59,81.63379258017137
2025-09-23 03:00:00+00:00,100.25,86.42251675642298
2025-09-23 04:00:00+00:00,124.06,131.66305971051545
2025-09-23 05:00:00+00:00,167.82,131.49131313558703
2025-09-23 06:00:00+00:00,95.45,114.48308627058528
2025-09-23 07:00:00+00:00,40.0,76.2152112156387
2025-09-23 08:00:00+00:00,10.22,29.99424945901471
2025-09-23 09:00:00+00:00,10.0,18.751108058649944
2025-09-23 10:00:00+00:00,10.1,17.406047070721833
2025-09-23 11:00:00+00:00,11.95,18.001257404523262
2025-09-23 12:00:00+00:00,42.0,15.74259461940441
2025-09-23 13:00:00+00:00,92.48,43.007737022354604
2025-09-23 14:00:00+00:00,112.8,99.89778347795897
2025-09-23 15:00:00+00:00,162.06,134.431277755869
2025-09-23 16:00:00+00:00,188.29,178.60031004146484
2025-09-23 17:00:00+00:00,363.6,264.6173509593988
2025-09-23 18:00:00+00:00,202.1,246.6333844047617
2025-09-23 19:00:00+00:00,131.36,149.10534258429854
2025-09-23 20:00:00+00:00,121.03,112.0382910176294
2025-09-23 21:00:00+00:00,98.88,102.4492086427488
2025-09-23 22:00:00+00:00,86.55,93.01028378045822
2025-09-23 23:00:00+00:00,79.67,84.21186669563654
2025-09-24 00:00:00+00:00,79.3,81.07272351918684
2025-09-24 01:00:00+00:00,79.53,80.6797658783282
2025-09-24 02:00:00+00:00,89.73,81.33376198131417
2025-09-24 03:00:00+00:00,133.86,91.16492483923744
2025-09-24 04:00:00+00:00,149.99,154.8908434814825
2025-09-24 05:00:00+00:00,134.91,169.6462118314553
2025-09-24 06:00:00+00:00,100.98,118.02062419399824
2025-09-24 07:00:00+00:00,70.24,82.0280843520023
2025-09-24 08:00:00+00:00,15.99,54.635013135613825
2025-09-24 09:00:00+00:00,15.06,21.048611961335883
2025-09-24 10:00:00+00:00,12.78,20.996084853475526
2025-09-24 11:00:00+00:00,15.09,13.81612422622507
2025-09-24 12:00:00+00:00,44.78,27.564953576780425
2025-09-24 13:00:00+00:00,95.38,61.47551539641124
2025-09-24 14:00:00+00:00,107.54,104.14296365151573
2025-09-24 15:00:00+00:00,168.83,138.43634127651185
2025-09-24 16:00:00+00:00,206.93,204.4944138741227
2025-09-24 17:00:00+00:00,266.0,249.27099338814355
2025-09-24 18:00:00+00:00,156.59,197.61277338282125
2025-09-24 19:00:00+00:00,112.99,121.94373652752965
2025-09-24 20:00:00+00:00,93.45,109.83738921205565
2025-09-24 21:00:00+00:00,86.59,90.82509732794615
2025-09-24 22:00:00+00:00,72.46,84.34591598645756
2025-09-24 23:00:00+00:00,79.17,71.75893047888889
2025-09-25 00:00:00+00:00,79.45,77.73809338459995
2025-09-25 01:00:00+00:00,79.56,77.57105472330902
2025-09-25 02:00:00+00:00,79.58,80.85794985065088
2025-09-25 03:00:00+00:00,80.0,89.17765768040114
2025-09-25 04:00:00+00:00,108.89,116.75517920438774
2025-09-25 05:00:00+00:00,128.9,123.5808877691435
2025-09-25 06:00:00+00:00,124.72,106.05168459551557
2025-09-25 07:00:00+00:00,48.78,97.56976723376982
2025-09-25 08:00:00+00:00,16.0,31.383527953413196
2025-09-25 09:00:00+00:00,41.95,20.022330909485166
2025-09-25 10:00:00+00:00,40.0,34.26206489979104
2025-09-25 11:00:00+00:00,42.4,40.50587619072688
2025-09-25 12:00:00+00:00,55.93,37.56217794321486
2025-09-25 13:00:00+00:00,92.48,76.84058303708362
2025-09-25 14:00:00+00:00,104.08,96.67602207841615
2025-09-25 15:00:00+00:00,121.83,131.9499871775309
2025-09-25 16:00:00+00:00,128.17,157.87557034302964
2025-09-25 17:00:00+00:00,141.97,160.5910768211905
2025-09-25 18:00:00+00:00,123.54,152.77377529185978
2025-09-25 19:00:00+00:00,110.01,106.27501464719506
2025-09-25 20:00:00+00:00,100.37,99.35291596283216
2025-09-25 21:00:00+00:00,81.09,94.65182451104151
2025-09-25 22:00:00+00:00,78.48,77.94486051119088
2025-09-25 23:00:00+00:00,75.2,73.96029830154338
2025-09-26 00:00:00+00:00,73.18,74.7004217122105
2025-09-26 01:00:00+00:00,73.26,75.21719858207354
2025-09-26 02:00:00+00:00,75.4,75.15590457039748
2025-09-26 03:00:00+00:00,82.71,79.79739575429109
2025-09-26 04:00:00+00:00,113.01,98.73010066566485
2025-09-26 05:00:00+00:00,106.73,129.97242035947278
2025-09-26 06:00:00+00:00,88.0,106.90806198055903
2025-09-26 07:00:00+00:00,86.12,71.96457246392588
2025-09-26 08:00:00+00:00,94.81,64.94746405101019
2025-09-26 09:00:00+00:00,98.71,75.40059860315115
2025-09-26 10:00:00+00:00,94.5,84.76298703401352
2025-09-26 11:00:00+00:00,30.0,78.44717341186376
2025-09-26 12:00:00+00:00,46.6,33.01117853973847
2025-09-26 13:00:00+00:00,57.81,57.35123074042457
2025-09-26 14:00:00+00:00,102.19,79.92033397547283
2025-09-26 15:00:00+00:00,112.37,116.89013418364064
2025-09-26 16:00:00+00:00,123.6,136.75861970109412
2025-09-26 17:00:00+00:00,132.44,145.69833177332035
2025-09-26 18:00:00+00:00,119.61,133.26458373431961
2025-09-26 19:00:00+00:00,106.21,105.21689937712101
2025-09-26 20:00:00+00:00,96.9,96.06895977703545
2025-09-26 21:00:00+00:00,89.9,89.77088081795732
2025-09-26 22:00:00+00:00,84.88,84.54411098124834
2025-09-26 23:00:00+00:00,84.62,80.1764540322768
2025-09-27 00:00:00+00:00,84.45,82.55930313556854
2025-09-27 01:00:00+00:00,84.49,82.12657203718292
2025-09-27 02:00:00+00:00,87.8,82.52640338103718
2025-09-27 03:00:00+00:00,91.77,86.24467063325463
2025-09-27 04:00:00+00:00,88.72,101.86421627249256
2025-09-27 05:00:00+00:00,102.4,88.92012083730904
2025-09-27 06:00:00+00:00,83.61,96.93640094008067
2025-09-27 07:00:00+00:00,79.34,67.85522177760927
2025-09-27 08:00:00+00:00,45.0,64.37721498467816
2025-09-27 09:00:00+00:00,80.19,41.65767609994231
2025-09-27 10:00:00+00:00,64.16,65.56298458911898
2025-09-27 11:00:00+00:00,37.61,54.8797299575056
2025-09-27 12:00:00+00:00,51.02,36.093951756401005
2025-09-27 13:00:00+00:00,82.49,53.220930443604765
2025-09-27 14:00:00+00:00,98.32,84.85561939482075
2025-09-27 15:00:00+00:00,111.2,107.52141845633633
2025-09-27 16:00:00+00:00,132.09,131.68054696039565
2025-09-27 17:00:00+00:00,147.5,144.5480558149255
2025-09-27 18:00:00+00:00,125.8,126.59635387597874
2025-09-27 19:00:00+00:00,112.87,104.2079080114943
2025-09-27 20:00:00+00:00,106.42,102.206224213066
2025-09-27 21:00:00+00:00,100.52,97.2244445230805
2025-09-27 22:00:00+00:00,100.09,93.76297772496909
2025-09-27 23:00:00+00:00,97.9,95.29182845554935
2025-09-28 00:00:00+00:00,92.79,93.05191952161813
2025-09-28 01:00:00+00:00,91.94,86.20402149480455
2025-09-28 02:00:00+00:00,92.98,86.66765831959226
2025-09-28 03:00:00+00:00,93.56,88.87674639182583
2025-09-28 04:00:00+00:00,95.91,90.7155653282387
2025-09-28 05:00:00+00:00,101.13,92.31222346399794
2025-09-28 06:00:00+00:00,94.76,97.01515522857939
2025-09-28 07:00:00+00:00,91.61,85.67410205867225
2025-09-28 08:00:00+00:00,85.47,81.05906822946413
2025-09-28 09:00:00+00:00,50.0,78.60625914312307
2025-09-28 10:00:00+00:00,17.6,57.35774835891348
2025-09-28 11:00:00+00:00,50.0,21.659577090365318
2025-09-28 12:00:00+00:00,98.0,47.35734543191085
2025-09-28 13:00:00+00:00,85.93,94.686321057622
2025-09-28 14:00:00+00:00,126.09,102.1104919176766
2025-09-28 15:00:00+00:00,162.02,121.08896189751607
2025-09-28 16:00:00+00:00,154.54,138.36014548584373
2025-09-28 17:00:00+00:00,194.22,141.08993436305084
2025-09-28 18:00:00+00:00,167.12,147.9074349760965
2025-09-28 19:00:00+00:00,147.14,121.6950608164277
2025-09-28 20:00:00+00:00,136.07,116.48107270645014
2025-09-28 21:00:00+00:00,99.2,112.29388456167925
2025-09-28 22:00:00+00:00,94.09,94.54461049863235
2025-09-28 23:00:00+00:00,92.09,90.61246468885193
2025-09-29 00:00:00+00:00,91.31,89.99942597450412
2025-09-29 01:00:00+00:00,91.65,88.79032402957982
2025-09-29 02:00:00+00:00,91.62,89.82202367252131
2025-09-29 03:00:00+00:00,101.87,90.65553852038757
2025-09-29 04:00:00+00:00,173.38,111.5881586733787
2025-09-29 05:00:00+00:00,275.65,156.12391653916345
2025-09-29 06:00:00+00:00,168.4,186.0515887432452
2025-09-29 07:00:00+00:00,116.8,132.6113238699995
2025-09-29 08:00:00+00:00,92.06,104.86101950147929
2025-09-29 09:00:00+00:00,87.66,79.55860421149771
2025-09-29 10:00:00+00:00,81.39,80.08301263867767
2025-09-29 11:00:00+00:00,80.03,76.1072020339843
2025-09-29 12:00:00+00:00,79.86,80.23247757734919
2025-09-29 13:00:00+00:00,91.02,80.12969605746358
2025-09-29 14:00:00+00:00,107.41,98.55067174087641
2025-09-29 15:00:00+00:00,172.3,128.70978116002297
2025-09-29 16:00:00+00:00,348.5,177.0663536344179
2025-09-29 17:00:00+00:00,425.83,326.79555310120656
2025-09-29 18:00:00+00:00,174.28,253.53742846568537
2025-09-29 19:00:00+00:00,135.64,148.03835447238234
2025-09-29 20:00:00+00:00,118.18,124.8359150443726
2025-09-29 21:00:00+00:00,106.84,109.18564716523642
2025-09-29 22:00:00+00:00,100.55,100.24332729800122
2025-09-29 23:00:00+00:00,95.59,96.19699913834431
2025-09-30 00:00:00+00:00,96.83,94.58558741290457
2025-09-30 01:00:00+00:00,98.28,94.93181314987983
2025-09-30 02:00:00+00:00,98.28,96.23274683725822
2025-09-30 03:00:00+00:00,111.39,98.95813790218205
2025-09-30 04:00:00+00:00,165.38,134.84492908639587
2025-09-30 05:00:00+00:00,265.96,204.74786202701588
2025-09-30 06:00:00+00:00,209.23,211.1231871477303
2025-09-30 07:00:00+00:00,92.03,160.3201093072662
2025-09-30 08:00:00+00:00,84.64,86.16678385972544
2025-09-30 09:00:00+00:00,71.01,75.81348196651729
2025-09-30 10:00:00+00:00,54.21,56.40373708398069
2025-09-30 11:00:00+00:00,76.05,49.80764062838772
2025-09-30 12:00:00+00:00,90.0,71.25953872589271
2025-09-30 13:00:00+00:00,98.31,95.68232746142655
2025-09-30 14:00:00+00:00,146.8,103.73111338595672
2025-09-30 15:00:00+00:00,212.52,186.45471805864614
2025-09-30 16:00:00+00:00,355.79,258.6661696120914
2025-09-30 17:00:00+00:00,367.91,360.0515966942301
2025-09-30 18:00:00+00:00,194.54,291.0924229102446
2025-09-30 19:00:00+00:00,142.88,154.10184239617575
2025-09-30 20:00:00+00:00,126.3,125.47742603428377
2025-09-30 21:00:00+00:00,108.33,117.94454021652456
2025-09-30 22:00:00+00:00,97.2625,104.22329950387919
2025-09-30 23:00:00+00:00,89.005,93.92512106136697
2025-10-01 00:00:00+00:00,91.255,88.35278387851002
2025-10-01 01:00:00+00:00,92.7225,90.26427815466735
2025-10-01 02:00:00+00:00,90.89,91.95044288411098
2025-10-01 03:00:00+00:00,100.0975,102.60285569486788
2025-10-01 04:00:00+00:00,127.5,125.11840234584324
2025-10-01 05:00:00+00:00,174.97,156.94809479085342
2025-10-01 06:00:00+00:00,137.0425,174.76776554103225
2025-10-01 07:00:00+00:00,104.6625,127.67352520373186
2025-10-01 08:00:00+00:00,87.205,94.65931557359082
2025-10-01 09:00:00+00:00,85.34,78.63246936796205
2025-10-01 10:00:00+00:00,85.0,79.44034333688678
2025-10-01 11:00:00+00:00,84.83,80.63678326877996
2025-10-01 12:00:00+00:00,94.0225,84.49613268328281
2025-10-01 13:00:00+00:00,102.9975,99.15060599215523
2025-10-01 14:00:00+00:00,114.0675,115.15784465326797
2025-10-01 15:00:00+00:00,153.6025,147.16816813581107
2025-10-01 16:00:00+00:00,252.29,243.25408081637363
2025-10-01 17:00:00+00:00,321.545,296.3905557167728
2025-10-01 18:00:00+00:00,155.4975,241.8948391732868
2025-10-01 19:00:00+00:00,117.315,139.22659508794638
2025-10-01 20:00:00+00:00,99.5325,113.61482642126798
2025-10-01 21:00:00+00:00,91.485,97.5355478811944
2025-10-01 22:00:00+00:00,92.4275,89.587718092406
2025-10-01 23:00:00+00:00,89.5175,89.27812290807354
2025-10-02 00:00:00+00:00,89.0325,87.10173794913936
2025-10-02 01:00:00+00:00,93.085,86.69782291201506
2025-10-02 02:00:00+00:00,94.625,91.15772976626587
2025-10-02 03:00:00+00:00,98.2,92.84071839802604
2025-10-02 04:00:00+00:00,131.14,112.19299786419907
2025-10-02 05:00:00+00:00,185.455,154.66304058636243
2025-10-02 06:00:00+00:00,155.4225,178.20772443458165
2025-10-02 07:00:00+00:00,136.88750000000002,141.8773661305568
2025-10-02 08:00:00+00:00,134.04,126.4786567706332
2025-10-02 09:00:00+00:00,108.355,124.12214800654557
2025-10-02 10:00:00+00:00,99.855,107.55317514782973
2025-10-02 11:00:00+00:00,96.0,98.42392107809604
2025-10-02 12:00:00+00:00,94.195,96.29579631160883
2025-10-02 13:00:00+00:00,102.4575,97.53242016607108
2025-10-02 14:00:00+00:00,144.9225,110.84701510662507
2025-10-02 15:00:00+00:00,140.9125,156.92269272413824
2025-10-02 16:00:00+00:00,176.35000000000002,168.93887277532292
2025-10-02 17:00:00+00:00,185.7525,184.56262281938427
2025-10-02 18:00:00+00:00,133.835,163.51392795154624
2025-10-02 19:00:00+00:00,110.2825,119.61082680791442
2025-10-02 20:00:00+00:00,104.2425,104.01016390299263
2025-10-02 21:00:00+00:00,91.3775,97.8442997634776
2025-10-02 22:00:00+00:00,80.5775,87.97458803134298
2025-10-02 23:00:00+00:00,73.905,78.39851719987806
2025-10-03 00:00:00+00:00,75.105,72.54926741000776
2025-10-03 01:00:00+00:00,76.8175,74.68720111249081
2025-10-03 02:00:00+00:00,79.8925,77.03345932599673
2025-10-03 03:00:00+00:00,94.6525,83.39061534548574
2025-10-03 04:00:00+00:00,128.585,112.18434386761191
2025-10-03 05:00:00+00:00,146.005,142.77848863888926
2025-10-03 06:00:00+00:00,103.2,137.1721505621414
2025-10-03 07:00:00+00:00,61.4375,90.00542403201891
2025-10-03 08:00:00+00:00,53.5475,63.40306929969281
2025-10-03 09:00:00+00:00,50.0475,58.779575332254225
2025-10-03 10:00:00+00:00,21.78,60.988697485173596
2025-10-03 11:00:00+00:00,32.995,25.436035906352984
2025-10-03 12:00:00+00:00,39.9975,48.433149076893244
2025-10-03 13:00:00+00:00,45.8125,73.56067561429352
2025-10-03 14:00:00+00:00,95.7725,76.41784530300133
2025-10-03 15:00:00+00:00,127.6425,119.24896121093711
2025-10-03 16:00:00+00:00,133.1725,147.200948719439
2025-10-03 17:00:00+00:00,130.78,146.7135150223683
2025-10-03 18:00:00+00:00,134.7225,130.81436236447456
2025-10-03 19:00:00+00:00,119.935,115.29075940336038
2025-10-03 20:00:00+00:00,123.52,107.28878351781032
2025-10-03 21:00:00+00:00,103.7425,107.24347057980431
2025-10-03 22:00:00+00:00,102.1325,97.27852179175142
2025-10-03 23:00:00+00:00,90.32,97.0825093122
2025-10-04 00:00:00+00:00,85.6675,86.14601011837313
2025-10-04 01:00:00+00:00,82.2325,80.14398073340091
2025-10-04 02:00:00+00:00,87.6525,82.36883216217426
2025-10-04 03:00:00+00:00,99.7225,88.431839623237
2025-10-04 04:00:00+00:00,111.0425,104.03742648412869
2025-10-04 05:00:00+00:00,144.9725,122.59667325871102
2025-10-04 06:00:00+00:00,108.735,120.27250789398946
2025-10-04 07:00:00+00:00,33.945,82.79683421832164
2025-10-04 08:00:00+00:00,0.0025,32.636420338868334
2025-10-04 09:00:00+00:00,0.955,2.7556371531613815
2025-10-04 10:00:00+00:00,0.2875,3.6708195169117634
2025-10-04 11:00:00+00:00,1.7625,3.196544822115582
2025-10-04 12:00:00+00:00,24.692500000000003,4.828738511760074
2025-10-04 13:00:00+00:00,62.77,59.76201123088036
2025-10-04 14:00:00+00:00,93.74,91.75356226088765
2025-10-04 15:00:00+00:00,156.22750000000002,118.39345946037255
2025-10-04 16:00:00+00:00,225.2675,147.90128580987297
2025-10-04 17:00:00+00:00,208.5675,201.53051491226125
2025-10-04 18:00:00+00:00,185.0275,158.55594867532136
2025-10-04 19:00:00+00:00,147.33249999999998,154.68081193268458
2025-10-04 20:00:00+00:00,118.375,122.62280154831255
2025-10-04 21:00:00+00:00,106.9025,106.92662333573726
2025-10-04 22:00:00+00:00,56.0,95.92470947068855
2025-10-04 23:00:00+00:00,42.8675,74.32934473500347
2025-10-05 00:00:00+00:00,68.48,54.461487120554345
2025-10-05 01:00:00+00:00,63.5225,64.88770846661092
2025-10-05 02:00:00+00:00,79.1075,63.80968956182691
2025-10-05 03:00:00+00:00,83.13,81.36712806665784
2025-10-05 04:00:00+00:00,82.5325,89.08952038277117
2025-10-05 05:00:00+00:00,74.145,93.39824600282533
2025-10-05 06:00:00+00:00,21.7975,68.14519700487486
2025-10-05 07:00:00+00:00,-1.5025,20.040839313193874
2025-10-05 08:00:00+00:00,-2.2525,2.6423548656600047
2025-10-05 09:00:00+00:00,-2.5925,2.6427667711856726
2025-10-05 10:00:00+00:00,-2.91,2.6954532151093957
2025-10-05 11:00:00+00:00,-3.0075,2.5399225951302453
2025-10-05 12:00:00+00:00,-3.265,2.4996789414316303
2025-10-05 13:00:00+00:00,-0.5,16.798710923623897
2025-10-05 14:00:00+00:00,49.6125,41.08019933079982
2025-10-05 15:00:00+00:00,128.845,95.98719753356313
2025-10-05 16:00:00+00:00,152.61,163.65095622629505
2025-10-05 17:00:00+00:00,151.3075,168.93612899528298
2025-10-05 18:00:00+00:00,140.70749999999998,153.01498922934297
2025-10-05 19:00:00+00:00,122.82,124.41636533358137
2025-10-05 20:00:00+00:00,113.6125,108.68975595237875
2025-10-05 21:00:00+00:00,85.7025,101.8510712302731
2025-10-05 22:00:00+00:00,92.46,84.25026292095704
2025-10-05 23:00:00+00:00,77.43,89.09759182727372
2025-10-06 00:00:00+00:00,60.3175,75.06877274989674
2025-10-06 01:00:00+00:00,68.1225,59.595298133697916
2025-10-06 02:00:00+00:00,83.225,70.04019488364165
2025-10-06 03:00:00+00:00,117.0375,84.83317808829457
2025-10-06 04:00:00+00:00,174.1925,136.92611177463726
2025-10-06 05:00:00+00:00,237.2125,201.65087252771463
2025-10-06 06:00:00+00:00,200.3925,212.7363522461344
2025-10-06 07:00:00+00:00,136.95,165.89449050722462
2025-10-06 08:00:00+00:00,105.9175,122.49652167793002
2025-10-06 09:00:00+00:00,95.9975,103.76853394011935
2025-10-06 10:00:00+00:00,88.955,94.83212815603918
2025-10-06 11:00:00+00:00,81.5225,80.76103106258338
2025-10-06 12:00:00+00:00,79.86500000000001,79.02679049515449
2025-10-06 13:00:00+00:00,79.08,88.02463250609398
2025-10-06 14:00:00+00:00,130.6525,91.90799419038393
2025-10-06 15:00:00+00:00,194.69,157.53721804846475
2025-10-06 16:00:00+00:00,240.0025,235.16932044698333
2025-10-06 17:00:00+00:00,239.0725,263.4113808337566
2025-10-06 18:00:00+00:00,174.6975,205.62700143835494
2025-10-06 19:00:00+00:00,118.975,142.63487033968033
2025-10-06 20:00:00+00:00,120.17,114.50550230074515
2025-10-06 21:00:00+00:00,106.44,108.76908940283379
2025-10-06 22:00:00+00:00,96.595,98.67086777768085
2025-10-06 23:00:00+00:00,93.745,92.69058341421875
2025-10-07 00:00:00+00:00,87.225,91.05141550105081
2025-10-07 01:00:00+00:00,85.51,85.04453930323551
2025-10-07 02:00:00+00:00,86.035,83.42170724550574
2025-10-07 03:00:00+00:00,93.51,94.48486707222584
2025-10-07 04:00:00+00:00,128.135,118.69455912782388
2025-10-07 05:00:00+00:00,109.6625,150.25950736459075
2025-10-07 06:00:00+00:00,94.5075,122.21530888842369
2025-10-07 07:00:00+00:00,33.8125,90.66115988065472
2025-10-07 08:00:00+00:00,51.5,53.62966057858808
2025-10-07 09:00:00+00:00,5.8,61.45777898716823
2025-10-07 10:00:00+00:00,14.505,10.954296275825692
2025-10-07 11:00:00+00:00,33.8,34.20005146151112
2025-10-07 12:00:00+00:00,58.0075,53.60652561417202
2025-10-07 13:00:00+00:00,64.005,71.02566654099249
2025-10-07 14:00:00+00:00,96.635,106.81018684906125
2025-10-07 15:00:00+00:00,140.3675,136.2210052967256
2025-10-07 16:00:00+00:00,202.995,179.33675049194346
2025-10-07 17:00:00+00:00,194.23,280.6401115446603
2025-10-07 18:00:00+00:00,146.39999999999998,180.91531415826492
2025-10-07 19:00:00+00:00,123.2425,124.63518637100697
2025-10-07 20:00:00+00:00,107.4225,111.07302364100275
2025-10-07 21:00:00+00:00,97.4825,102.56718138625723
2025-10-07 22:00:00+00:00,92.9775,93.3775032014866
2025-10-07 23:00:00+00:00,88.4375,88.28534073631265
2025-10-08 00:00:00+00:00,87.56,85.50816354410489
2025-10-08 01:00:00+00:00,87.4825,85.35080543141572
2025-10-08 02:00:00+00:00,91.0075,85.64833641228138
2025-10-08 03:00:00+00:00,99.3175,91.42971304827348
2025-10-08 04:00:00+00:00,116.5625,120.62773459600169
2025-10-08 05:00:00+00:00,162.885,129.3683825016145
2025-10-08 06:00:00+00:00,165.2825,138.09049994872836
2025-10-08 07:00:00+00:00,116.6325,123.36064728128231
2025-10-08 08:00:00+00:00,90.1075,98.05886979143406
2025-10-08 09:00:00+00:00,88.39750000000001,82.83211944374412
2025-10-08 10:00:00+00:00,88.3625,84.67838484494446
2025-10-08 11:00:00+00:00,87.8425,85.05550051119677
2025-10-08 12:00:00+00:00,89.03,90.56973087788413
2025-10-08 13:00:00+00:00,98.87,95.29650092126057
2025-10-08 14:00:00+00:00,127.465,106.12276558968216
2025-10-08 15:00:00+00:00,156.41,144.3824585150606
2025-10-08 16:00:00+00:00,196.135,179.3958220544969
2025-10-08 17:00:00+00:00,198.125,199.99279016199168
2025-10-08 18:00:00+00:00,152.16500000000002,173.2793658270196
2025-10-08 19:00:00+00:00,123.9375,128.666796671163
2025-10-08 20:00:00+00:00,109.85,111.52909527943837
2025-10-08 21:00:00+00:00,99.3125,103.48299391197935
2025-10-08 22:00:00+00:00,97.59,94.73230087246425
2025-10-08 23:00:00+00:00,93.4725,93.83759973382301
2025-10-09 00:00:00+00:00,94.25,91.20815119326934
2025-10-09 01:00:00+00:00,92.8325,91.3301563198497
2025-10-09 02:00:00+00:00,95.505,91.43489652293577
2025-10-09 03:00:00+00:00,107.4125,96.2663327393188
2025-10-09 04:00:00+00:00,133.515,120.25200644387033
2025-10-09 05:00:00+00:00,167.9875,152.09712285077245
2025-10-09 06:00:00+00:00,118.72,157.00315508920892
2025-10-09 07:00:00+00:00,73.2175,102.36167748909276
2025-10-09 08:00:00+00:00,46.3075,63.36269947254647
2025-10-09 09:00:00+00:00,0.0075,58.28963075067032
2025-10-09 10:00:00+00:00,0.0,4.357770767375196
2025-10-09 11:00:00+00:00,0.0,3.9913811870345226
2025-10-09 12:00:00+00:00,11.84,4.940986647139959
2025-10-09 13:00:00+00:00,41.3775,64.98472163421543
2025-10-09 14:00:00+00:00,126.1,79.75099320239264
2025-10-09 15:00:00+00:00,169.7525,147.66946527818095
2025-10-09 16:00:00+00:00,183.54,194.13133555381114
2025-10-09 17:00:00+00:00,191.195,203.34393096507102
2025-10-09 18:00:00+00:00,170.85500000000002,152.66658714555757
2025-10-09 19:00:00+00:00,166.47,135.35300993638702
2025-10-09 20:00:00+00:00,152.41,129.89088640518924
2025-10-09 21:00:00+00:00,119.84,119.88654048846006
2025-10-09 22:00:00+00:00,91.15,106.27515319880928
2025-10-09 23:00:00+00:00,87.635,88.7740824720776
2025-10-10 00:00:00+00:00,82.6275,86.43914220904234
2025-10-10 01:00:00+00:00,82.985,84.14482109355612
2025-10-10 02:00:00+00:00,87.87,84.50808511629386
2025-10-10 03:00:00+00:00,134.11,90.49185246949048
2025-10-10 04:00:00+00:00,188.7375,149.62458371513083
2025-10-10 05:00:00+00:00,200.6425,179.46601309196728
2025-10-10 06:00:00+00:00,130.23,161.37205486115548
2025-10-10 07:00:00+00:00,78.565,113.72232453423761
2025-10-10 08:00:00+00:00,63.7275,55.06402329165905
2025-10-10 09:00:00+00:00,33.4975,44.70450487808155
2025-10-10 10:00:00+00:00,30.79,33.766284768647886
2025-10-10 11:00:00+00:00,49.795,32.32225200870163
2025-10-10 12:00:00+00:00,79.0025,46.38313811520435
2025-10-10 13:00:00+00:00,93.8325,75.96958752835461
2025-10-10 14:00:00+00:00,142.4175,105.88320605344134
2025-10-10 15:00:00+00:00,195.1525,167.52578181723428
2025-10-10 16:00:00+00:00,243.325,196.1444966800321
2025-10-10 17:00:00+00:00,242.2325,238.83752130514625
2025-10-10 18:00:00+00:00,197.045,182.13817496964057
2025-10-10 19:00:00+00:00,160.32,164.6498029997577
2025-10-10 20:00:00+00:00,136.02,142.55233304339185
2025-10-10 21:00:00+00:00,108.1175,122.00247327020477
2025-10-10 22:00:00+00:00,97.115,103.5700950431581
2025-10-10 23:00:00+00:00,89.4475,94.10649273236862
2025-10-11 00:00:00+00:00,88.315,86.7375740825983
2025-10-11 01:00:00+00:00,85.2925,86.18535420500038
2025-10-11 02:00:00+00:00,83.695,83.70023111705348
2025-10-11 03:00:00+00:00,85.5025,95.04063224604674
2025-10-11 04:00:00+00:00,90.265,107.6936595208824
2025-10-11 05:00:00+00:00,96.7525,119.06932702946143
2025-10-11 06:00:00+00:00,68.68,92.9115800904547
2025-10-11 07:00:00+00:00,-0.2725,61.32411962689971
2025-10-11 08:00:00+00:00,-0.0275,4.639674925705321
2025-10-11 09:00:00+00:00,-0.16,3.5691937150003827
2025-10-11 10:00:00+00:00,-0.1,3.3466064326372993
2025-10-11 11:00:00+00:00,-0.0525,3.7732540683303206
2025-10-11 12:00:00+00:00,0.0,2.6967228292544836
2025-10-11 13:00:00+00:00,20.28,17.019069664065015
2025-10-11 14:00:00+00:00,90.46,82.66386567799897
2025-10-11 15:00:00+00:00,119.5125,123.49804448845234
2025-10-11 16:00:00+00:00,145.9775,157.54782775426375
2025-10-11 17:00:00+00:00,135.3825,167.42916908718237
2025-10-11 18:00:00+00:00,122.6475,152.67207151982794
2025-10-11 19:00:00+00:00,114.425,131.84748008418697
2025-10-11 20:00:00+00:00,108.39,104.59534709029231
2025-10-11 21:00:00+00:00,95.235,99.84182683217303
2025-10-11 22:00:00+00:00,82.5925,89.16152932790561
2025-10-11 23:00:00+00:00,90.175,77.48869797553598
2025-10-12 00:00:00+00:00,89.08,83.35786212392475
2025-10-12 01:00:00+00:00,87.7575,81.69015218341018
2025-10-12 02:00:00+00:00,88.765,84.8339118690177
2025-10-12 03:00:00+00:00,89.7075,85.57866096345491
2025-10-12 04:00:00+00:00,89.605,89.0856591425887
2025-10-12 05:00:00+00:00,89.795,88.81978511117939
2025-10-12 06:00:00+00:00,21.4275,74.02037588186715
2025-10-12 07:00:00+00:00,-1.62,16.66222853189323
2025-10-12 08:00:00+00:00,-0.505,1.2659961859331188
2025-10-12 09:00:00+00:00,-0.1,1.3344741423265543
2025-10-12 10:00:00+00:00,-0.1,1.6687690539591378
2025-10-12 11:00:00+00:00,-0.05,1.2622807170835297
2025-10-12 12:00:00+00:00,0.0025,1.2657042150089046
2025-10-12 13:00:00+00:00,41.765,8.693314521686482
2025-10-12 14:00:00+00:00,97.2375,64.11770701386034
2025-10-12 15:00:00+00:00,139.2825,118.7590402608862
2025-10-12 16:00:00+00:00,172.225,165.59486418878657
2025-10-12 17:00:00+00:00,179.0475,150.11584966075955
2025-10-12 18:00:00+00:00,169.735,152.437382225915
2025-10-12 19:00:00+00:00,127.4275,131.04844592070813
2025-10-12 20:00:00+00:00,109.975,113.48982686909672
2025-10-12 21:00:00+00:00,94.6275,101.3934410284734
2025-10-12 22:00:00+00:00,96.42,88.94730069346296
2025-10-12 23:00:00+00:00,92.8275,93.90581557455567
2025-10-13 00:00:00+00:00,93.71,88.9397074846799
2025-10-13 01:00:00+00:00,94.775,90.15343546454305
2025-10-13 02:00:00+00:00,100.05,92.7520870422471
2025-10-13 03:00:00+00:00,107.4625,106.91148172811408
2025-10-13 04:00:00+00:00,186.5875,156.5181040320159
2025-10-13 05:00:00+00:00,263.065,210.74854270776075
2025-10-13 06:00:00+00:00,193.74,191.7485414389701
2025-10-13 07:00:00+00:00,91.99,139.2594135067572
2025-10-13 08:00:00+00:00,80.57,89.13020348054111
2025-10-13 09:00:00+00:00,34.4975,75.95129078288537
2025-10-13 10:00:00+00:00,65.0,41.92429218598388
2025-10-13 11:00:00+00:00,81.2075,67.61894012341666
2025-10-13 12:00:00+00:00,90.2,79.21000580807258
2025-10-13 13:00:00+00:00,101.8175,93.91370049031262
2025-10-13 14:00:00+00:00,205.245,125.87545446711749
2025-10-13 15:00:00+00:00,265.065,221.43915110112516
2025-10-13 16:00:00+00:00,373.5675,270.71733353335355
2025-10-13 17:00:00+00:00,379.9925,325.23899469012144
2025-10-13 18:00:00+00:00,318.0075,282.40912825915063
2025-10-13 19:00:00+00:00,225.2675,212.29006041666665
2025-10-13 20:00:00+00:00,138.7125,166.52984129988886
2025-10-13 21:00:00+00:00,120.69,117.82305496821878
2025-10-13 22:00:00+00:00,110.515,114.00526778229205
2025-10-13 23:00:00+00:00,104.8625,103.90363713183743
2025-10-14 00:00:00+00:00,101.2675,101.88297376065681
2025-10-14 01:00:00+00:00,101.7225,99.95260294436495
2025-10-14 02:00:00+00:00,103.4875,100.63499805032706
2025-10-14 03:00:00+00:00,114.6475,104.05940433915802
2025-10-14 04:00:00+00:00,206.5575,145.39557729694198
2025-10-14 05:00:00+00:00,286.855,247.25031063808794
2025-10-14 06:00:00+00:00,105.925,229.0437740578187
2025-10-14 07:00:00+00:00,42.975,96.42077246703197
2025-10-14 08:00:00+00:00,38.7025,56.486021020761925
2025-10-14 09:00:00+00:00,0.0025,54.391707712141425
2025-10-14 10:00:00+00:00,0.005,5.067274988243251
2025-10-14 11:00:00+00:00,17.865000000000002,5.613885224005786
2025-10-14 12:00:00+00:00,55.0075,40.602826768761204
2025-10-14 13:00:00+00:00,61.785,86.4888782424306
2025-10-14 14:00:00+00:00,177.8875,112.70847497463889
2025-10-14 15:00:00+00:00,300.005,210.97817653816253
2025-10-14 16:00:00+00:00,462.6975,341.0841126609506
2025-10-14 17:00:00+00:00,478.9125,334.6713696971289
2025-10-14 18:00:00+00:00,290.27750000000003,309.1579412745098
2025-10-14 19:00:00+00:00,242.615,195.08700183581783
2025-10-14 20:00:00+00:00,152.77,173.55942115039127
2025-10-14 21:00:00+00:00,128.0275,130.1328295499558
2025-10-14 22:00:00+00:00,121.37,120.81121975110908
2025-10-14 23:00:00+00:00,116.265,116.59118675866537
2025-10-15 00:00:00+00:00,111.1125,111.25257566798932
2025-10-15 01:00:00+00:00,107.6975,108.06503191694152
2025-10-15 02:00:00+00:00,111.155,106.39249603597365
2025-10-15 03:00:00+00:00,134.13,112.29770345363345
2025-10-15 04:00:00+00:00,200.41,174.85741003053042
2025-10-15 05:00:00+00:00,325.605,273.23232738965055
2025-10-15 06:00:00+00:00,217.31,251.39289737765398
2025-10-15 07:00:00+00:00,98.045,193.52527908184936
2025-10-15 08:00:00+00:00,80.8175,83.87931409456924
2025-10-15 09:00:00+00:00,37.3225,76.66667414218864
2025-10-15 10:00:00+00:00,37.76,57.96254669933832
2025-10-15 11:00:00+00:00,55.6575,60.96548526968543
2025-10-15 12:00:00+00:00,79.35,63.88124958877186
2025-10-15 13:00:00+00:00,92.605,86.81408631802807
2025-10-15 14:00:00+00:00,195.1475,123.41660214110254
2025-10-15 15:00:00+00:00,271.9075,258.74255046417636
2025-10-15 16:00:00+00:00,346.0875,332.809056372809
2025-10-15 17:00:00+00:00,311.425,379.6413645783445
2025-10-15 18:00:00+00:00,274.67,286.57787219145797
2025-10-15 19:00:00+00:00,234.095,201.771487944221
2025-10-15 20:00:00+00:00,129.0875,179.64722039238634
2025-10-15 21:00:00+00:00,108.05,120.31121393903291
2025-10-15 22:00:00+00:00,109.0125,109.49915563340008
2025-10-15 23:00:00+00:00,103.5425,110.69550030487879
2025-10-16 00:00:00+00:00,95.8275,101.15658952586202
2025-10-16 01:00:00+00:00,96.425,95.57486809007962
2025-10-16 02:00:00+00:00,98.5425,97.18227217705869
2025-10-16 03:00:00+00:00,113.8175,106.55879909762544
2025-10-16 04:00:00+00:00,166.9675,140.91969693063186
2025-10-16 05:00:00+00:00,286.1575,196.64758742589865
2025-10-16 06:00:00+00:00,155.0175,233.42352175323123
2025-10-16 07:00:00+00:00,116.1225,148.18730412111722
2025-10-16 08:00:00+00:00,89.39,107.88659674248402
2025-10-16 09:00:00+00:00,87.36500000000001,80.97284013927299
2025-10-16 10:00:00+00:00,87.38499999999999,78.68086691605802
2025-10-16 11:00:00+00:00,88.53,78.81733632210364
2025-10-16 12:00:00+00:00,86.95,86.88100163716264
2025-10-16 13:00:00+00:00,98.31,94.37973291295938
2025-10-16 14:00:00+00:00,142.97,122.07762860224338
2025-10-16 15:00:00+00:00,203.8975,171.6583513975612
2025-10-16 16:00:00+00:00,196.51,226.9074547613217
2025-10-16 17:00:00+00:00,182.905,216.4625855465447
2025-10-16 18:00:00+00:00,178.82,192.41904842198505
2025-10-16 19:00:00+00:00,135.77,169.46262841950943
2025-10-16 20:00:00+00:00,125.3925,124.41366995734501
2025-10-16 21:00:00+00:00,105.6625,117.38035166735386
2025-10-16 22:00:00+00:00,99.5975,100.08127475854582
2025-10-16 23:00:00+00:00,92.865,95.88711973335806
2025-10-17 00:00:00+00:00,92.3825,90.57163633272172
2025-10-17 01:00:00+00:00,91.985,90.38802334167062
2025-10-17 02:00:00+00:00,93.89,90.83925964744873
2025-10-17 03:00:00+00:00,105.785,106.47190074174645
2025-10-17 04:00:00+00:00,137.3675,137.580054664861
2025-10-17 05:00:00+00:00,148.23250000000002,170.85056863278524
2025-10-17 06:00:00+00:00,157.175,155.55192714581645
2025-10-17 07:00:00+00:00,129.02,147.13576800848656
2025-10-17 08:00:00+00:00,119.1825,123.61259563935813
2025-10-17 09:00:00+00:00,100.58,113.45839501344823
2025-10-17 10:00:00+00:00,91.9225,101.68128489511977
2025-10-17 11:00:00+00:00,92.68,93.01896026869149
2025-10-17 12:00:00+00:00,99.5025,93.22879883449806
2025-10-17 13:00:00+00:00,130.0025,102.50444145461654
2025-10-17 14:00:00+00:00,162.365,150.03357115715585
2025-10-17 15:00:00+00:00,165.79500000000002,178.830091190431
2025-10-17 16:00:00+00:00,194.315,181.81495997642767
2025-10-17 17:00:00+00:00,176.7625,200.6935292495095
2025-10-17 18:00:00+00:00,162.225,187.69672627838915
2025-10-17 19:00:00+00:00,150.01,147.14251658792793
2025-10-17 20:00:00+00:00,136.7,132.58246407270434
2025-10-17 21:00:00+00:00,108.305,119.25771704729168
2025-10-17 22:00:00+00:00,108.085,104.77264216335861
2025-10-17 23:00:00+00:00,100.28,104.70993695257735
2025-10-18 00:00:00+00:00,95.78,99.55823485670622
2025-10-18 01:00:00+00:00,92.2775,94.9306034390824
2025-10-18 02:00:00+00:00,91.665,90.67058780584206
2025-10-18 03:00:00+00:00,102.8575,91.0492599072642
2025-10-18 04:00:00+00:00,146.2875,112.02807154336887
2025-10-18 05:00:00+00:00,170.04500000000002,148.62817313243283
2025-10-18 06:00:00+00:00,142.54,165.8036348584826
2025-10-18 07:00:00+00:00,108.085,131.39036062682086
2025-10-18 08:00:00+00:00,88.7025,109.55759842637461
2025-10-18 09:00:00+00:00,82.75999999999999,90.49617010700575
2025-10-18 10:00:00+00:00,73.7425,74.19042440652656
2025-10-18 11:00:00+00:00,47.557500000000005,73.06193059172753
2025-10-18 12:00:00+00:00,72.4175,70.99324830809007
2025-10-18 13:00:00+00:00,85.36,98.54444337426621
2025-10-18 14:00:00+00:00,139.1775,108.73787769507297
2025-10-18 15:00:00+00:00,164.1875,155.92779163355627
2025-10-18 16:00:00+00:00,185.8475,172.9856313974738
2025-10-18 17:00:00+00:00,185.6575,181.80856989374098
2025-10-18 18:00:00+00:00,164.7375,174.77715068982502
2025-10-18 19:00:00+00:00,123.9675,141.5995053055445
2025-10-18 20:00:00+00:00,108.45,121.09421642755726
2025-10-18 21:00:00+00:00,94.995,105.38881561202405
2025-10-18 22:00:00+00:00,92.96,93.52171756824708
2025-10-18 23:00:00+00:00,90.175,88.90106175215034
2025-10-19 00:00:00+00:00,87.6625,88.01960877465362
2025-10-19 01:00:00+00:00,87.71000000000001,88.7367443869715
2025-10-19 02:00:00+00:00,88.955,88.07164956452398
2025-10-19 03:00:00+00:00,90.5525,90.1565478780844
2025-10-19 04:00:00+00:00,98.6025,94.5615640324626
2025-10-19 05:00:00+00:00,105.8175,106.2999085938942
2025-10-19 06:00:00+00:00,97.9325,110.34710137135437
2025-10-19 07:00:00+00:00,85.45750000000001,93.02004861253499
2025-10-19 08:00:00+00:00,74.7175,73.90669091805229
2025-10-19 09:00:00+00:00,73.9225,64.92128346902628
2025-10-19 10:00:00+00:00,38.2425,63.337801418183744
2025-10-19 11:00:00+00:00,47.1125,39.926421872574394
2025-10-19 12:00:00+00:00,58.0,57.62564687279132
2025-10-19 13:00:00+00:00,72.74249999999999,75.60296588988912
2025-10-19 14:00:00+00:00,111.845,103.23995049060485
2025-10-19 15:00:00+00:00,148.5675,145.53378229243586
2025-10-19 16:00:00+00:00,180.74,170.48599427920172
2025-10-19 17:00:00+00:00,200.375,182.52930838135563
2025-10-19 18:00:00+00:00,182.3425,189.4531674273082
2025-10-19 19:00:00+00:00,138.2025,154.70651345233526
2025-10-19 20:00:00+00:00,129.395,117.6336275935073
2025-10-19 21:00:00+00:00,101.435,112.7879345751716
2025-10-19 22:00:00+00:00,89.16,98.23968531075232
2025-10-19 23:00:00+00:00,81.665,88.14748067145163
2025-10-20 00:00:00+00:00,80.0125,84.34331456203432
2025-10-20 01:00:00+00:00,79.9775,84.52378348031962
2025-10-20 02:00:00+00:00,87.695,83.99099632163261
2025-10-20 03:00:00+00:00,123.9675,92.33616275092307
2025-10-20 04:00:00+00:00,230.3725,145.74723786141257
2025-10-20 05:00:00+00:00,293.01,233.8484540694468
2025-10-20 06:00:00+00:00,146.045,233.7773194995451
2025-10-20 07:00:00+00:00,110.29,137.1679148517739
2025-10-20 08:00:00+00:00,86.175,107.71520336480236
2025-10-20 09:00:00+00:00,80.6575,79.05448334689953
2025-10-20 10:00:00+00:00,78.3175,76.19928969417903
2025-10-20 11:00:00+00:00,83.525,75.29324554998666
2025-10-20 12:00:00+00:00,87.6325,89.3625194108443
2025-10-20 13:00:00+00:00,107.5125,98.08760039369488
2025-10-20 14:00:00+00:00,186.7875,143.20921681776016
2025-10-20 15:00:00+00:00,276.21,231.2856187470396
2025-10-20 16:00:00+00:00,360.7025,265.9408787094754
2025-10-20 17:00:00+00:00,336.0875,280.8783268013123
2025-10-20 18:00:00+00:00,287.64,268.4761583539676
2025-10-20 19:00:00+00:00,221.1075,185.25298859346051
2025-10-20 20:00:00+00:00,157.9275,172.2101806116287
2025-10-20 21:00:00+00:00,127.53,132.55621486558547
2025-10-20 22:00:00+00:00,119.0175,118.71638829077328
2025-10-20 23:00:00+00:00,91.155,111.02584644008313
2025-10-21 00:00:00+00:00,88.0675,91.43270690145935
2025-10-21 01:00:00+00:00,86.27250000000001,88.45945046608432
2025-10-21 02:00:00+00:00,90.57,87.76851384760167
2025-10-21 03:00:00+00:00,129.29500000000002,107.6849737175182
2025-10-21 04:00:00+00:00,241.90000000000003,192.83361010301104
2025-10-21 05:00:00+00:00,305.6575,311.0873629707063
2025-10-21 06:00:00+00:00,228.655,261.6814682706758
2025-10-21 07:00:00+00:00,154.635,184.18390644661463
2025-10-21 08:00:00+00:00,128.5725,147.70223541478134
2025-10-21 09:00:00+00:00,113.2625,118.4900506081984
2025-10-21 10:00:00+00:00,103.45,108.05211842378452
2025-10-21 11:00:00+00:00,93.6025,100.56364201428858
2025-10-21 12:00:00+00:00,103.0975,94.0386886876317
2025-10-21 13:00:00+00:00,133.89499999999998,104.12366320999504
2025-10-21 14:00:00+00:00,195.9175,176.1303110677726
2025-10-21 15:00:00+00:00,227.0075,249.60264246346284
2025-10-21 16:00:00+00:00,246.53,311.9964434748352
2025-10-21 17:00:00+00:00,214.96,309.2724591788579
2025-10-21 18:00:00+00:00,171.97,244.43665089705235
2025-10-21 19:00:00+00:00,147.4025,190.88577062416124
2025-10-21 20:00:00+00:00,127.7575,143.98144018951382
2025-10-21 21:00:00+00:00,99.53,121.6995545332833
2025-10-21 22:00:00+00:00,96.3575,110.43446344632206
2025-10-21 23:00:00+00:00,96.02,95.8292530216474
2025-10-22 00:00:00+00:00,96.8625,95.38420875314822
2025-10-22 01:00:00+00:00,95.82,95.76948381780662
2025-10-22 02:00:00+00:00,95.435,96.00860682233997
2025-10-22 03:00:00+00:00,108.2725,114.23231728252962
2025-10-22 04:00:00+00:00,172.065,165.01727961734545
2025-10-22 05:00:00+00:00,181.9175,220.2008810926159
2025-10-22 06:00:00+00:00,144.2875,206.03212199732909
2025-10-22 07:00:00+00:00,127.125,149.4969559188457
2025-10-22 08:00:00+00:00,108.63,126.93733883422524
2025-10-22 09:00:00+00:00,95.6575,111.62961485662461
2025-10-22 10:00:00+00:00,92.7075,95.624712398671
2025-10-22 11:00:00+00:00,92.0775,91.881492259024
2025-10-22 12:00:00+00:00,98.9075,94.84596824058343
2025-10-22 13:00:00+00:00,119.7725,106.44809792827547
2025-10-22 14:00:00+00:00,157.27499999999998,154.77710657464556
2025-10-22 15:00:00+00:00,200.6625,197.39522925298988
2025-10-22 16:00:00+00:00,283.4925,268.50079154330706
2025-10-22 17:00:00+00:00,269.89750000000004,279.7840861407717
2025-10-22 18:00:00+00:00,184.58,259.5116503623044
2025-10-22 19:00:00+00:00,140.84,162.8579024955451
2025-10-22 20:00:00+00:00,129.61249999999998,129.9841082973127
2025-10-22 21:00:00+00:00,115.0875,115.659742006857
2025-10-22 22:00:00+00:00,108.555,108.91064779281683
2025-10-22 23:00:00+00:00,107.39,105.41775353482456
2025-10-23 00:00:00+00:00,100.6,105.67054639291894
2025-10-23 01:00:00+00:00,93.7,100.03039518741673
2025-10-23 02:00:00+00:00,92.3375,92.47647138941646
2025-10-23 03:00:00+00:00,119.6125,99.7028322430192
2025-10-23 04:00:00+00:00,137.51,154.09812177259346
2025-10-23 05:00:00+00:00,145.475,170.96415808359563
2025-10-23 06:00:00+00:00,136.6175,149.76096190617693
2025-10-23 07:00:00+00:00,119.355,125.04892930575508
2025-10-23 08:00:00+00:00,89.95,105.53079023210108
2025-10-23 09:00:00+00:00,66.7675,86.14018974151514
2025-10-23 10:00:00+00:00,49.52,68.86358814447898
2025-10-23 11:00:00+00:00,55.0,69.95481578401669
2025-10-23 12:00:00+00:00,73.875,71.1011180073936
2025-10-23 13:00:00+00:00,105.115,101.17892970858188
2025-10-23 14:00:00+00:00,139.1375,122.63912117336427
2025-10-23 15:00:00+00:00,136.59,173.52361961421656
2025-10-23 16:00:00+00:00,146.1675,170.36090013097433
2025-10-23 17:00:00+00:00,137.5125,163.44531805252146
2025-10-23 18:00:00+00:00,139.7,150.71680391256635
2025-10-23 19:00:00+00:00,141.725,126.2526111982628
2025-10-23 20:00:00+00:00,100.265,127.39216851205465
2025-10-23 21:00:00+00:00,80.9325,103.15423051842872
2025-10-23 22:00:00+00:00,62.9525,86.61155662283885
2025-10-23 23:00:00+00:00,50.6175,83.0460765797459
2025-10-24 00:00:00+00:00,42.17,70.01115079651167
2025-10-24 01:00:00+00:00,47.595,50.649544455596036
2025-10-24 02:00:00+00:00,55.4375,65.09771009682301
2025-10-24 03:00:00+00:00,73.7475,74.55248110663233
2025-10-24 04:00:00+00:00,108.81,109.6272123692835
2025-10-24 05:00:00+00:00,130.2875,131.2610702042942
2025-10-24 06:00:00+00:00,93.8875,122.9415227419979
2025-10-24 07:00:00+00:00,37.815,90.93404923644879
2025-10-24 08:00:00+00:00,0.0,50.92270581465921
2025-10-24 09:00:00+00:00,0.0,5.09320084540372
2025-10-24 10:00:00+00:00,-0.025,2.2723975659675175
2025-10-24 11:00:00+00:00,-0.1,1.7000595447148104
2025-10-24 12:00:00+00:00,-0.025,1.43100726806948
2025-10-24 13:00:00+00:00,0.0,17.331809738682043
2025-10-24 14:00:00+00:00,81.80000000000001,38.168315290309124
2025-10-24 15:00:00+00:00,120.7025,121.93263874127042
2025-10-24 16:00:00+00:00,137.64249999999998,141.22963005876267
2025-10-24 17:00:00+00:00,145.22,150.17146888320616
2025-10-24 18:00:00+00:00,121.3375,147.84340025664633
2025-10-24 19:00:00+00:00,108.4,123.33823392943731
2025-10-24 20:00:00+00:00,107.9125,103.21482653764323
2025-10-24 21:00:00+00:00,88.41,101.12576207845372
2025-10-24 22:00:00+00:00,81.9075,78.82214758308974
2025-10-24 23:00:00+00:00,76.605,78.5938146266996
2025-10-25 00:00:00+00:00,74.7,73.6522155707913
2025-10-25 01:00:00+00:00,79.2575,70.68529068247062
2025-10-25 02:00:00+00:00,83.2375,75.96919797446029
2025-10-25 03:00:00+00:00,94.845,86.4185597872937
2025-10-25 04:00:00+00:00,117.86,107.32825216116453
2025-10-25 05:00:00+00:00,125.065,129.6082396743494
2025-10-25 06:00:00+00:00,100.7525,109.74476555245654
2025-10-25 07:00:00+00:00,59.6,79.86848431109878
2025-10-25 08:00:00+00:00,46.815,42.56544615213164
2025-10-25 09:00:00+00:00,11.8,51.22534101170497
2025-10-25 10:00:00+00:00,0.1275,22.595437791293975
2025-10-25 11:00:00+00:00,0.3475,4.3214494470244516
2025-10-25 12:00:00+00:00,31.335,4.281108046004122
2025-10-25 13:00:00+00:00,73.29249999999999,60.248159955862796
2025-10-25 14:00:00+00:00,108.415,89.55677699686169
2025-10-25 15:00:00+00:00,152.555,129.039663562929
2025-10-25 16:00:00+00:00,216.195,167.06006812181806
2025-10-25 17:00:00+00:00,195.34,206.4353259611979
2025-10-25 18:00:00+00:00,157.21,167.60818494927636
2025-10-25 19:00:00+00:00,150.39,130.24939908942176
2025-10-25 20:00:00+00:00,117.86,122.39024919113216
2025-10-25 21:00:00+00:00,103.5175,105.59773311743369
2025-10-25 22:00:00+00:00,90.58,86.39469772077221
2025-10-25 23:00:00+00:00,71.745,81.02808289888249
2025-10-26 00:00:00+00:00,62.015,69.50105771471482
2025-10-26 01:00:00+00:00,60.9075,62.799704426740135
2025-10-26 02:00:00+00:00,56.05,60.260944812074584
2025-10-26 03:00:00+00:00,61.4625,63.71219078853203
2025-10-26 04:00:00+00:00,63.385000000000005,76.235123159924
2025-10-26 05:00:00+00:00,63.6875,76.31488778805424
2025-10-26 06:00:00+00:00,52.7675,65.24896555258469
2025-10-26 07:00:00+00:00,0.0025,42.57768879065051
2025-10-26 08:00:00+00:00,0.0025,3.974342452403363
2025-10-26 09:00:00+00:00,0.01,3.5343576678429787
2025-10-26 10:00:00+00:00,2.01,3.163256847591437
2025-10-26 11:00:00+00:00,8.895,3.9374551651058174
2025-10-26 12:00:00+00:00,14.837500000000002,15.37589992057145
2025-10-26 13:00:00+00:00,73.3075,43.787216117963645
2025-10-26 14:00:00+00:00,114.305,91.80464138049754
2025-10-26 15:00:00+00:00,140.0075,138.82234045300547
2025-10-26 16:00:00+00:00,146.6225,165.12840916781772
2025-10-26 17:00:00+00:00,136.9125,159.0828359080974
2025-10-26 18:00:00+00:00,121.93,149.37113899381964
2025-10-26 19:00:00+00:00,115.25,129.13117380361788
2025-10-26 20:00:00+00:00,95.9075,106.72636213498357
2025-10-26 21:00:00+00:00,66.97749999999999,91.46361828024543
2025-10-26 22:00:00+00:00,36.4125,67.02697000462874
2025-10-26 23:00:00+00:00,62.385000000000005,54.546176870926594
2025-10-27 00:00:00+00:00,34.4725,58.66410889481979
2025-10-27 01:00:00+00:00,32.5675,39.02473261264808
2025-10-27 02:00:00+00:00,37.2075,38.56245384974158
2025-10-27 03:00:00+00:00,50.7075,55.97784746542253
2025-10-27 04:00:00+00:00,91.0025,74.94971959889398
2025-10-27 05:00:00+00:00,110.52,108.73334624993895
2025-10-27 06:00:00+00:00,89.8375,103.17716830187952
2025-10-27 07:00:00+00:00,78.1825,84.7911310712597
2025-10-27 08:00:00+00:00,52.475,58.07338221702749
2025-10-27 09:00:00+00:00,65.5275,49.247448713481255
2025-10-27 10:00:00+00:00,27.0,53.258706289388876
2025-10-27 11:00:00+00:00,19.5,27.942633027981824
2025-10-27 12:00:00+00:00,37.795,25.783545118031608
2025-10-27 13:00:00+00:00,83.375,56.63080980421495
2025-10-27 14:00:00+00:00,124.8875,105.99077540272157
2025-10-27 15:00:00+00:00,204.78,144.64390060710176
2025-10-27 16:00:00+00:00,224.41,218.395014732547
2025-10-27 17:00:00+00:00,182.48,242.12174654298659
2025-10-27 18:00:00+00:00,188.695,178.0694429643045
2025-10-27 19:00:00+00:00,174.6275,159.36595421361355
2025-10-27 20:00:00+00:00,132.44,147.0557835140374
2025-10-27 21:00:00+00:00,108.3875,113.87555400389655
2025-10-27 22:00:00+00:00,101.0725,103.40939396304202
2025-10-27 23:00:00+00:00,87.7575,96.55133394856705
2025-10-28 00:00:00+00:00,84.3675,84.77274846665168
2025-10-28 01:00:00+00:00,81.9975,82.51117682448785
2025-10-28 02:00:00+00:00,81.0375,82.04359996015424
2025-10-28 03:00:00+00:00,82.8925,88.1399222622635
2025-10-28 04:00:00+00:00,99.465,104.46527707123673
2025-10-28 05:00:00+00:00,102.095,122.4265128500821
2025-10-28 06:00:00+00:00,101.85,112.41233309754877
2025-10-28 07:00:00+00:00,67.5125,100.13397900575339
2025-10-28 08:00:00+00:00,33.73,46.30878642512036
2025-10-28 09:00:00+00:00,0.0575,39.11875524521321
2025-10-28 10:00:00+00:00,0.305,2.6505328379737936
2025-10-28 11:00:00+00:00,30.0,4.1311866675111535
2025-10-28 12:00:00+00:00,58.99,52.81558712272324
2025-10-28 13:00:00+00:00,62.685,69.12245220093979
2025-10-28 14:00:00+00:00,131.645,115.42305258206517
2025-10-28 15:00:00+00:00,174.76749999999998,168.20970798012215
2025-10-28 16:00:00+00:00,196.515,200.50463886543764
2025-10-28 17:00:00+00:00,211.345,206.39858908651215
2025-10-28 18:00:00+00:00,192.695,187.95072559063595
2025-10-28 19:00:00+00:00,150.18,170.0148481469913
2025-10-28 20:00:00+00:00,125.3825,130.65969769653304
2025-10-28 21:00:00+00:00,110.7775,113.82024188372415
2025-10-28 22:00:00+00:00,106.4825,104.14963349302906
2025-10-28 23:00:00+00:00,83.285,99.35355046585379
2025-10-29 00:00:00+00:00,83.13499999999999,82.56583778895526
2025-10-29 01:00:00+00:00,78.185,82.69234522126214
2025-10-29 02:00:00+00:00,75.685,79.13463793899209
2025-10-29 03:00:00+00:00,86.075,79.66503993086965
2025-10-29 04:00:00+00:00,113.395,100.51491738790867
2025-10-29 05:00:00+00:00,127.635,131.287325720653
2025-10-29 06:00:00+00:00,110.9325,111.97022312995432
2025-10-29 07:00:00+00:00,100.2,93.68149349163161
2025-10-29 08:00:00+00:00,71.7825,75.1028162896314
2025-10-29 09:00:00+00:00,5.225,50.90472122656981
2025-10-29 10:00:00+00:00,5.55,6.211822160168618
2025-10-29 11:00:00+00:00,49.6775,7.5099010114469165
2025-10-29 12:00:00+00:00,77.39750000000001,60.61630953495832
2025-10-29 13:00:00+00:00,89.0475,85.91185111699242
2025-10-29 14:00:00+00:00,127.635,114.31653283446565
2025-10-29 15:00:00+00:00,221.195,170.86967731944952
2025-10-29 16:00:00+00:00,160.9425,230.68173632819617
2025-10-29 17:00:00+00:00,140.33249999999998,206.05182609283594
2025-10-29 18:00:00+00:00,146.2975,171.11854929034405
2025-10-29 19:00:00+00:00,150.54500000000002,125.98428696814399
2025-10-29 20:00:00+00:00,137.98250000000002,127.74985403022686
2025-10-29 21:00:00+00:00,122.9025,116.83011745134037
2025-10-29 22:00:00+00:00,108.1675,112.95275145921921
2025-10-29 23:00:00+00:00,97.8275,104.1194678653541
2025-10-30 00:00:00+00:00,83.5525,95.21998707167387
2025-10-30 01:00:00+00:00,83.5875,82.49773537440375
2025-10-30 02:00:00+00:00,80.5825,83.35834726551316
2025-10-30 03:00:00+00:00,90.1675,85.46413989437335
2025-10-30 04:00:00+00:00,139.8,104.02761420245237
2025-10-30 05:00:00+00:00,151.275,156.20531435879676
2025-10-30 06:00:00+00:00,130.68,132.57731651817642
2025-10-30 07:00:00+00:00,96.1375,111.79760714484166
2025-10-30 08:00:00+00:00,40.6525,79.59210451981501
2025-10-30 09:00:00+00:00,0.01,41.767858384981395
2025-10-30 10:00:00+00:00,15.755,2.679581699217907
2025-10-30 11:00:00+00:00,66.32249999999999,22.97089962101671
2025-10-30 12:00:00+00:00,88.19,67.62076128357187
2025-10-30 13:00:00+00:00,115.9775,97.54132125366824
2025-10-30 14:00:00+00:00,156.82,130.93371145418473
2025-10-30 15:00:00+00:00,199.5525,188.01357333211388
2025-10-30 16:00:00+00:00,191.645,199.69555141909376
2025-10-30 17:00:00+00:00,177.73250000000002,192.80269768710608
2025-10-30 18:00:00+00:00,175.645,154.51454180571983
2025-10-30 19:00:00+00:00,134.12,148.89859193514718
2025-10-30 20:00:00+00:00,116.155,119.44505588727718
2025-10-30 21:00:00+00:00,108.37,113.47837514051089
2025-10-30 22:00:00+00:00,96.595,105.60552736455769
2025-10-30 23:00:00+00:00,103.235,98.31674886858224
2025-10-31 00:00:00+00:00,91.5125,100.94344778990582
2025-10-31 01:00:00+00:00,87.48750000000001,87.23789626129368
2025-10-31 02:00:00+00:00,87.475,85.05198009552531
2025-10-31 03:00:00+00:00,93.755,87.72367155975157
2025-10-31 04:00:00+00:00,116.5825,111.58390415810577
2025-10-31 05:00:00+00:00,136.9025,138.80488371237627
2025-10-31 06:00:00+00:00,127.2175,135.68303725122246
2025-10-31 07:00:00+00:00,113.735,120.08726416047317
2025-10-31 08:00:00+00:00,87.045,102.51681155652832
2025-10-31 09:00:00+00:00,79.8825,61.032023908282184
2025-10-31 10:00:00+00:00,78.3575,68.31073256576714
2025-10-31 11:00:00+00:00,80.0975,68.11947401589538
2025-10-31 12:00:00+00:00,88.75,76.50736325719653
2025-10-31 13:00:00+00:00,119.1,103.25975744055033
2025-10-31 14:00:00+00:00,183.5525,136.61121312491568
2025-10-31 15:00:00+00:00,250.465,198.0729943530385
2025-10-31 16:00:00+00:00,287.0,206.03168919666206
2025-10-31 17:00:00+00:00,273.4925,220.7979289005906
2025-10-31 18:00:00+00:00,250.78,212.79849741861358
2025-10-31 19:00:00+00:00,184.865,179.29885668974003
2025-10-31 20:00:00+00:00,140.5425,145.78307015161292
2025-10-31 21:00:00+00:00,137.51749999999998,121.13722050510447
2025-10-31 22:00:00+00:00,101.95,117.20436501963451
2025-10-31 23:00:00+00:00,113.9125,98.14581437270442
2025-11-01 00:00:00+00:00,88.52,108.34253388348039
2025-11-01 01:00:00+00:00,78.67999999999999,86.52961362937899
2025-11-01 02:00:00+00:00,75.5375,81.99555766269843
2025-11-01 03:00:00+00:00,78.7775,83.07194309933891
2025-11-01 04:00:00+00:00,90.2075,99.63348994761476
2025-11-01 05:00:00+00:00,105.31,113.98200070171022
2025-11-01 06:00:00+00:00,73.99,111.43755886852655
2025-11-01 07:00:00+00:00,55.3125,78.4731355241176
2025-11-01 08:00:00+00:00,42.52,66.21344963969115
2025-11-01 09:00:00+00:00,18.3,56.704117045236345
2025-11-01 10:00:00+00:00,15.7575,28.913448441775785
2025-11-01 11:00:00+00:00,21.015,26.306947280403648
2025-11-01 12:00:00+00:00,30.6225,31.014627740604983
2025-11-01 13:00:00+00:00,65.1875,81.64558640151519
2025-11-01 14:00:00+00:00,92.17,112.16813699635168
2025-11-01 15:00:00+00:00,159.435,165.57533980449588
2025-11-01 16:00:00+00:00,131.7625,214.99096829508392
2025-11-01 17:00:00+00:00,123.8175,184.95003224466075
2025-11-01 18:00:00+00:00,116.68,162.4087350267008
2025-11-01 19:00:00+00:00,140.735,153.65623832930174
2025-11-01 20:00:00+00:00,140.2,129.20671648170344
2025-11-01 21:00:00+00:00,109.22,127.44804833523126
2025-11-01 22:00:00+00:00,90.2375,102.6985513177468
2025-11-01 23:00:00+00:00,82.9175,89.84665563232389
2025-11-02 00:00:00+00:00,78.725,81.46965715791116
2025-11-02 01:00:00+00:00,76.255,78.21615491103026
2025-11-02 02:00:00+00:00,76.315,80.20439358102276
2025-11-02 03:00:00+00:00,77.38,80.19076367273895
2025-11-02 04:00:00+00:00,79.565,81.88657214151412
2025-11-02 05:00:00+00:00,83.62,81.68419878832877
2025-11-02 06:00:00+00:00,80.1375,79.42991032117149
2025-11-02 07:00:00+00:00,80.9125,69.13188843731864
2025-11-02 08:00:00+00:00,22.8425,63.87215776595221
2025-11-02 09:00:00+00:00,6.779999999999999,15.787303821151152
2025-11-02 10:00:00+00:00,14.71,5.695338024109736
2025-11-02 11:00:00+00:00,26.7925,18.95411285438879
2025-11-02 12:00:00+00:00,56.01,31.664863775122647
2025-11-02 13:00:00+00:00,95.985,65.31071271229992
2025-11-02 14:00:00+00:00,122.6825,107.70454023419622
2025-11-02 15:00:00+00:00,125.0025,150.6180872368286
2025-11-02 16:00:00+00:00,128.6625,139.72005404986078
2025-11-02 17:00:00+00:00,139.9325,145.7078869242979
2025-11-02 18:00:00+00:00,134.0275,136.94795281224717
2025-11-02 19:00:00+00:00,136.805,125.10162744030725
2025-11-02 20:00:00+00:00,105.245,127.58415103978795
2025-11-02 21:00:00+00:00,101.7875,101.59901508958609
2025-11-02 22:00:00+00:00,89.09,97.6506471110894
2025-11-02 23:00:00+00:00,86.52,85.19596630048127
2025-11-03 00:00:00+00:00,79.2525,83.69731495682333
2025-11-03 01:00:00+00:00,81.4525,77.91555337769847
2025-11-03 02:00:00+00:00,81.1575,79.80985208760342
2025-11-03 03:00:00+00:00,84.3125,80.43194047384956
2025-11-03 04:00:00+00:00,96.1375,86.33610846904888
2025-11-03 05:00:00+00:00,122.635,100.59085495318506
2025-11-03 06:00:00+00:00,127.73250000000002,117.13288114898027
2025-11-03 07:00:00+00:00,85.945,108.78406734046472
2025-11-03 08:00:00+00:00,58.19,78.6331183008995
2025-11-03 09:00:00+00:00,26.7925,51.46091156854188
2025-11-03 10:00:00+00:00,48.97,32.52951622976389
2025-11-03 11:00:00+00:00,78.7925,51.85092950599736
2025-11-03 12:00:00+00:00,87.2975,75.89175110311585
2025-11-03 13:00:00+00:00,108.5075,95.64363153333132
2025-11-03 14:00:00+00:00,158.4025,127.06284302297725
2025-11-03 15:00:00+00:00,209.5625,175.58264938084258
2025-11-03 16:00:00+00:00,167.2,205.40829906088936
2025-11-03 17:00:00+00:00,234.035,200.4412302438464
2025-11-03 18:00:00+00:00,224.225,192.91281918392934
2025-11-03 19:00:00+00:00,162.5775,180.91868631141548
2025-11-03 20:00:00+00:00,137.405,130.40769452375454
2025-11-03 21:00:00+00:00,122.13,115.59538402903966
2025-11-03 22:00:00+00:00,97.4525,108.62914171744224
2025-11-03 23:00:00+00:00,92.095,94.32790361803731
2025-11-04 00:00:00+00:00,82.7775,89.41991570552194
2025-11-04 01:00:00+00:00,82.65,82.51228309855755
2025-11-04 02:00:00+00:00,82.655,82.69841829248827
2025-11-04 03:00:00+00:00,87.1425,84.40174181072013
2025-11-04 04:00:00+00:00,116.6475,90.51328438871374
2025-11-04 05:00:00+00:00,166.335,122.56931352607816
2025-11-04 06:00:00+00:00,135.0075,144.69494236233527
2025-11-04 07:00:00+00:00,115.0025,127.89951216367673
2025-11-04 08:00:00+00:00,98.4575,108.77723088058804
2025-11-04 09:00:00+00:00,90.465,94.8861495728536
2025-11-04 10:00:00+00:00,88.5325,85.07668437461213
2025-11-04 11:00:00+00:00,95.995,87.12569433935796
2025-11-04 12:00:00+00:00,89.42750000000001,94.89822160887338
2025-11-04 13:00:00+00:00,111.1975,97.01632708159572
2025-11-04 14:00:00+00:00,197.4475,135.96191957926197
2025-11-04 15:00:00+00:00,240.23,217.40175070256043
2025-11-04 16:00:00+00:00,189.865,228.7885596913368
2025-11-04 17:00:00+00:00,271.4,226.46178632284176
2025-11-04 18:00:00+00:00,208.25,230.32370763961083
2025-11-04 19:00:00+00:00,157.98749999999998,168.15286378173397
2025-11-04 20:00:00+00:00,118.6725,140.15262509698428
2025-11-04 21:00:00+00:00,108.355,113.02924861786988
2025-11-04 22:00:00+00:00,94.0525,103.44016292365248
2025-11-04 23:00:00+00:00,93.885,90.65685431731586
2025-11-05 00:00:00+00:00,88.9825,90.02653544235947
2025-11-05 01:00:00+00:00,88.4425,86.17298621196691
2025-11-05 02:00:00+00:00,81.64750000000001,85.97759052799465
2025-11-05 03:00:00+00:00,84.35249999999999,83.97386705213029
2025-11-05 04:00:00+00:00,102.2025,100.04259218937803
2025-11-05 05:00:00+00:00,122.5425,122.28887776247511
2025-11-05 06:00:00+00:00,146.4675,128.26178950551167
2025-11-05 07:00:00+00:00,123.5075,133.95948382616817
2025-11-05 08:00:00+00:00,107.5175,120.83892925139044
2025-11-05 09:00:00+00:00,104.5225,101.28288204544302
2025-11-05 10:00:00+00:00,96.175,100.24244797237532
2025-11-05 11:00:00+00:00,91.8425,94.79497054456833
2025-11-05 12:00:00+00:00,93.7975,94.54575258875357
2025-11-05 13:00:00+00:00,108.1375,99.30277788780342
2025-11-05 14:00:00+00:00,135.1125,138.02449424019258
2025-11-05 15:00:00+00:00,225.8025,165.96634441063378
2025-11-05 16:00:00+00:00,190.45,206.92128489934103
2025-11-05 17:00:00+00:00,190.0,210.4988671108541
2025-11-05 18:00:00+00:00,190.08,178.55116662178122
2025-11-05 19:00:00+00:00,157.8025,160.32763290964425
2025-11-05 20:00:00+00:00,117.015,135.59501442839854
2025-11-05 21:00:00+00:00,111.31,109.67191521328486
2025-11-05 22:00:00+00:00,105.1,104.70339631580892
2025-11-05 23:00:00+00:00,93.0,99.8721605586595
2025-11-06 00:00:00+00:00,93.0,89.25262519106586
2025-11-06 01:00:00+00:00,93.0,88.81996515760146
2025-11-06 02:00:00+00:00,95.7375,86.9328223857499
2025-11-06 03:00:00+00:00,96.985,93.60019196771437
2025-11-06 04:00:00+00:00,105.1,101.50919450717026
2025-11-06 05:00:00+00:00,145.98250000000002,125.22793753242618
2025-11-06 06:00:00+00:00,144.785,142.96891899795574
2025-11-06 07:00:00+00:00,120.365,132.24126712551643
2025-11-06 08:00:00+00:00,102.83,111.91763787475243
2025-11-06 09:00:00+00:00,98.0,98.13183611147008
2025-11-06 10:00:00+00:00,94.75,92.76527013172766
2025-11-06 11:00:00+00:00,94.4075,93.16471397621746
2025-11-06 12:00:00+00:00,94.13,96.24575548681112
2025-11-06 13:00:00+00:00,105.2125,104.73386912450059
2025-11-06 14:00:00+00:00,162.4525,125.73087049097383
2025-11-06 15:00:00+00:00,243.55,186.53049845910465
2025-11-06 16:00:00+00:00,241.81,222.38763835042965
2025-11-06 17:00:00+00:00,207.7475,217.03048854892552
2025-11-06 18:00:00+00:00,200.6425,188.28223875197259
2025-11-06 19:00:00+00:00,151.65,159.79367814230218
2025-11-06 20:00:00+00:00,127.59,128.2945060731899
2025-11-06 21:00:00+00:00,117.7025,116.41131131613339
2025-11-06 22:00:00+00:00,106.46,108.62607701989732
2025-11-06 23:00:00+00:00,93.0175,99.08624596832398
2025-11-07 00:00:00+00:00,91.46,91.60360707453148
2025-11-07 01:00:00+00:00,92.49,90.74054884229346
2025-11-07 02:00:00+00:00,93.3625,90.74243392736072
2025-11-07 03:00:00+00:00,94.435,92.71226122119695
2025-11-07 04:00:00+00:00,104.895,96.19635114921266
2025-11-07 05:00:00+00:00,160.4725,130.1596294180014
2025-11-07 06:00:00+00:00,173.8975,152.82854289685244
2025-11-07 07:00:00+00:00,128.0025,151.522239903017
2025-11-07 08:00:00+00:00,110.11,115.94342581409802
2025-11-07 09:00:00+00:00,96.005,105.85655747431589
2025-11-07 10:00:00+00:00,97.98,93.38825414736773
2025-11-07 11:00:00+00:00,92.455,95.89936732484283
2025-11-07 12:00:00+00:00,94.78,94.5555668222402
2025-11-07 13:00:00+00:00,120.22,102.8436128005591
2025-11-07 14:00:00+00:00,216.305,156.76682805358186
2025-11-07 15:00:00+00:00,275.315,251.48199339834207
2025-11-07 16:00:00+00:00,339.4775,279.9939789274743
2025-11-07 17:00:00+00:00,154.005,280.8662609514866
2025-11-07 18:00:00+00:00,149.78,180.93591222348078
2025-11-07 19:00:00+00:00,131.1275,131.90835375516832
2025-11-07 20:00:00+00:00,113.5,122.28801191100455
2025-11-07 21:00:00+00:00,108.92,115.14884062391253
2025-11-07 22:00:00+00:00,101.445,104.56462013185255
2025-11-07 23:00:00+00:00,103.81,97.24275713653334
2025-11-08 00:00:00+00:00,100.6025,101.41598122353683
2025-11-08 01:00:00+00:00,98.455,99.8973621977271
2025-11-08 02:00:00+00:00,96.9175,95.9959330812597
2025-11-08 03:00:00+00:00,98.635,95.90063024753867
2025-11-08 04:00:00+00:00,101.3925,97.91590012197028
2025-11-08 05:00:00+00:00,104.7975,109.0819064339983
2025-11-08 06:00:00+00:00,111.615,113.24628692274935
2025-11-08 07:00:00+00:00,112.4825,118.6288425958832
2025-11-08 08:00:00+00:00,109.3425,109.43277901553951
2025-11-08 09:00:00+00:00,102.64,96.13525720403773
2025-11-08 10:00:00+00:00,102.54,98.83736319912596
2025-11-08 11:00:00+00:00,98.8475,100.13602064101278
2025-11-08 12:00:00+00:00,102.59,97.65544376682976
2025-11-08 13:00:00+00:00,104.455,108.92491767385462
2025-11-08 14:00:00+00:00,122.1325,118.8593207284405
2025-11-08 15:00:00+00:00,147.9525,152.84327555778492
2025-11-08 16:00:00+00:00,138.725,179.49643294397174
2025-11-08 17:00:00+00:00,134.3175,146.73907597832297
2025-11-08 18:00:00+00:00,132.51999999999998,138.6102214235984
2025-11-08 19:00:00+00:00,125.1225,123.66655332820756
2025-11-08 20:00:00+00:00,115.4825,114.84850989024277
2025-11-08 21:00:00+00:00,108.0,109.59812459947705
2025-11-08 22:00:00+00:00,98.16,103.21440948989662
2025-11-08 23:00:00+00:00,97.985,96.14507470986707
2025-11-09 00:00:00+00:00,96.495,94.80621032737419
2025-11-09 01:00:00+00:00,95.0375,95.47267374569101
2025-11-09 02:00:00+00:00,93.4225,92.86495418727263
2025-11-09 03:00:00+00:00,94.0025,91.41143039762363
2025-11-09 04:00:00+00:00,93.865,91.36943788250673
2025-11-09 05:00:00+00:00,91.5725,93.98179694841677
2025-11-09 06:00:00+00:00,94.115,95.98278904133382
2025-11-09 07:00:00+00:00,100.8275,94.32714447748103
2025-11-09 08:00:00+00:00,100.2925,97.12366642985877
2025-11-09 09:00:00+00:00,98.2125,92.31580890845875
2025-11-09 10:00:00+00:00,100.625,90.32365938640923
2025-11-09 11:00:00+00:00,101.0675,100.04668879505789
2025-11-09 12:00:00+00:00,103.1725,101.05889208150349
2025-11-09 13:00:00+00:00,105.1,104.56848181930889
2025-11-09 14:00:00+00:00,112.285,113.78211070449908
2025-11-09 15:00:00+00:00,126.2225,131.09909442591416
2025-11-09 16:00:00+00:00,132.48250000000002,132.56802610955228
2025-11-09 17:00:00+00:00,129.6975,135.77610798143033
2025-11-09 18:00:00+00:00,130.54500000000002,131.55120224235563
2025-11-09 19:00:00+00:00,123.6675,119.7875878056875
2025-11-09 20:00:00+00:00,112.5375,112.30807750801704
2025-11-09 21:00:00+00:00,105.1,105.5915368376309
2025-11-09 22:00:00+00:00,94.6525,96.92324707847241
2025-11-09 23:00:00+00:00,92.0425,90.49127381089231
2025-11-10 00:00:00+00:00,90.665,88.75054371191312
2025-11-10 01:00:00+00:00,92.205,86.44251393998006
2025-11-10 02:00:00+00:00,91.5025,89.8681577435251
2025-11-10 03:00:00+00:00,91.385,89.95042185425915
2025-11-10 04:00:00+00:00,96.8625,90.06135181352647
2025-11-10 05:00:00+00:00,118.925,104.79561653111139
2025-11-10 06:00:00+00:00,142.8975,123.04301089801939
2025-11-10 07:00:00+00:00,141.6375,132.95548569931535
2025-11-10 08:00:00+00:00,114.435,128.7559362063064
2025-11-10 09:00:00+00:00,105.5075,107.89502907777964
2025-11-10 10:00:00+00:00,105.1,102.39726689268528
2025-11-10 11:00:00+00:00,104.4025,103.97347106690114
2025-11-10 12:00:00+00:00,116.2925,105.70491650553058
2025-11-10 13:00:00+00:00,146.505,123.31090966069141
2025-11-10 14:00:00+00:00,171.01,155.06363329753663
2025-11-10 15:00:00+00:00,183.26,174.14903359431239
2025-11-10 16:00:00+00:00,164.325,180.9307635056444
2025-11-10 17:00:00+00:00,155.015,173.59645191385167
2025-11-10 18:00:00+00:00,142.1625,163.15177688849315
2025-11-10 19:00:00+00:00,140.7825,129.9113179614179
2025-11-10 20:00:00+00:00,115.0375,129.51730980595562
2025-11-10 21:00:00+00:00,112.09,107.76508277735803
2025-11-10 22:00:00+00:00,99.4825,105.17527604849562
2025-11-10 23:00:00+00:00,91.8625,95.03441875848998
2025-11-11 00:00:00+00:00,91.015,89.12317412791316
2025-11-11 01:00:00+00:00,87.38,89.02811838370671
2025-11-11 02:00:00+00:00,90.895,85.89790643391746
2025-11-11 03:00:00+00:00,91.79,88.95968704277271
2025-11-11 04:00:00+00:00,107.5975,94.85362813287769
2025-11-11 05:00:00+00:00,151.8,125.23383685988996
2025-11-11 06:00:00+00:00,146.5025,138.68046607016404
2025-11-11 07:00:00+00:00,123.9025,118.58023900333703
2025-11-11 08:00:00+00:00,91.01,102.35046252670028
2025-11-11 09:00:00+00:00,66.0075,84.6340068690718
2025-11-11 10:00:00+00:00,54.09,71.7521293166827
2025-11-11 11:00:00+00:00,85.1425,67.10499044470231
2025-11-11 12:00:00+00:00,94.8275,89.6358814432705
2025-11-11 13:00:00+00:00,109.1675,107.58778440598319
2025-11-11 14:00:00+00:00,129.41750000000002,145.17207643810215
2025-11-11 15:00:00+00:00,142.10500000000002,161.6702186608462
2025-11-11 16:00:00+00:00,161.78,161.57877924578602
2025-11-11 17:00:00+00:00,143.3325,172.6945570872276
2025-11-11 18:00:00+00:00,149.2225,163.95459265451404
2025-11-11 19:00:00+00:00,127.265,128.66731661163874
2025-11-11 20:00:00+00:00,120.965,117.9412320550606
2025-11-11 21:00:00+00:00,115.0975,113.23521658795366
2025-11-11 22:00:00+00:00,104.8775,107.19387543252424
2025-11-11 23:00:00+00:00,104.73,99.77803559829243
2025-11-12 00:00:00+00:00,94.6825,101.78812441915724
2025-11-12 01:00:00+00:00,92.5525,92.57572542837879
2025-11-12 02:00:00+00:00,94.9675,91.16594282767338
2025-11-12 03:00:00+00:00,98.7625,93.81805777943319
2025-11-12 04:00:00+00:00,111.56,99.78252513946536
2025-11-12 05:00:00+00:00,152.6125,130.29702102839744
2025-11-12 06:00:00+00:00,152.32,143.83332643037565
2025-11-12 07:00:00+00:00,123.9325,130.84334451067423
2025-11-12 08:00:00+00:00,91.515,106.78153886655497
2025-11-12 09:00:00+00:00,63.81,77.8757065978042
2025-11-12 10:00:00+00:00,66.325,47.997392090762304
2025-11-12 11:00:00+00:00,81.6825,69.70902672608374
2025-11-12 12:00:00+00:00,93.055,86.36967388414445
2025-11-12 13:00:00+00:00,110.57,101.57694461004489
2025-11-12 14:00:00+00:00,156.7825,130.27663614482262
2025-11-12 15:00:00+00:00,239.995,164.02682291659178
2025-11-12 16:00:00+00:00,261.9725,220.9804848927874
2025-11-12 17:00:00+00:00,245.5875,214.18020131012523
2025-11-12 18:00:00+00:00,235.7725,199.45816156007652
2025-11-12 19:00:00+00:00,181.7625,177.41428591371408
2025-11-12 20:00:00+00:00,127.545,153.5034834587888
2025-11-12 21:00:00+00:00,125.1775,118.35578355414134
2025-11-12 22:00:00+00:00,108.3475,113.69780454783034
2025-11-12 23:00:00+00:00,113.29,104.19956578927993
2025-11-13 00:00:00+00:00,108.635,108.41013524509219
2025-11-13 01:00:00+00:00,105.1025,106.58367084947595
2025-11-13 02:00:00+00:00,104.6225,102.39017212153273
2025-11-13 03:00:00+00:00,104.79,103.82749854915008
2025-11-13 04:00:00+00:00,141.4925,106.16545220465053
2025-11-13 05:00:00+00:00,174.6475,159.72296223659808
2025-11-13 06:00:00+00:00,143.25,157.7978800203147
2025-11-13 07:00:00+00:00,114.8575,121.19625954316065
2025-11-13 08:00:00+00:00,84.955,95.24473413499636
2025-11-13 09:00:00+00:00,30.675,79.09913825359278
2025-11-13 10:00:00+00:00,8.2075,44.80422276696108
2025-11-13 11:00:00+00:00,56.82,11.770720193790787
2025-11-13 12:00:00+00:00,81.1375,69.89504171118625
2025-11-13 13:00:00+00:00,117.68,99.31605092886423
2025-11-13 14:00:00+00:00,194.3575,145.92806393959992
2025-11-13 15:00:00+00:00,289.115,232.19953130914269
2025-11-13 16:00:00+00:00,299.4675,291.52509655627466
2025-11-13 17:00:00+00:00,302.1425,290.44894784511575
2025-11-13 18:00:00+00:00,286.3025,286.3400434583954
2025-11-13 19:00:00+00:00,220.4175,195.68670584131402
2025-11-13 20:00:00+00:00,138.24,170.48582980876188
2025-11-13 21:00:00+00:00,122.8275,125.50181472750889
2025-11-13 22:00:00+00:00,119.745,115.8916100760739
2025-11-13 23:00:00+00:00,106.605,114.17661465131974
2025-11-14 00:00:00+00:00,105.14,102.86968167087241
2025-11-14 01:00:00+00:00,104.5,102.03924471472635
2025-11-14 02:00:00+00:00,102.1475,102.14825519142778
2025-11-14 03:00:00+00:00,101.2925,103.08427629169125
2025-11-14 04:00:00+00:00,127.0325,108.80205712333529
2025-11-14 05:00:00+00:00,135.47,156.88112147335397
2025-11-14 06:00:00+00:00,132.74,139.89220677987853
2025-11-14 07:00:00+00:00,127.785,121.33122537870273
2025-11-14 08:00:00+00:00,64.8675,109.34561821696037
2025-11-14 09:00:00+00:00,18.165,43.63469800942445
2025-11-14 10:00:00+00:00,8.790000000000001,23.591799843872742
2025-11-14 11:00:00+00:00,58.8175,12.543413320511124
2025-11-14 12:00:00+00:00,68.42,63.966290437460465
2025-11-14 13:00:00+00:00,120.485,106.05662588607942
2025-11-14 14:00:00+00:00,174.95749999999998,164.208422608521
2025-11-14 15:00:00+00:00,255.68,225.78490116300915
2025-11-14 16:00:00+00:00,196.935,298.5292419649634
2025-11-14 17:00:00+00:00,166.23,237.42029963647343
2025-11-14 18:00:00+00:00,155.735,208.79509015643453
2025-11-14 19:00:00+00:00,127.0375,167.74378908677522
2025-11-14 20:00:00+00:00,113.845,120.03383691613368
2025-11-14 21:00:00+00:00,111.52,114.29832138064471
2025-11-14 22:00:00+00:00,104.68,111.91699534466456
2025-11-14 23:00:00+00:00,115.16,100.47121837820013
2025-11-15 00:00:00+00:00,101.2375,110.86796022217678
2025-11-15 01:00:00+00:00,98.42,100.10369273191465
2025-11-15 02:00:00+00:00,94.19,96.67367138918117
2025-11-15 03:00:00+00:00,96.33,92.85835466470769
2025-11-15 04:00:00+00:00,102.915,108.96742322984097
2025-11-15 05:00:00+00:00,108.38,114.69185411675394
2025-11-15 06:00:00+00:00,107.575,114.69109565516817
2025-11-15 07:00:00+00:00,88.635,101.71509841871692
2025-11-15 08:00:00+00:00,52.89,82.0222662222916
2025-11-15 09:00:00+00:00,0.0025,43.94085643848546
2025-11-15 10:00:00+00:00,0.005,2.6068798642439974
2025-11-15 11:00:00+00:00,42.28,3.4212093349068833
2025-11-15 12:00:00+00:00,74.8175,56.86092393382676
2025-11-15 13:00:00+00:00,112.145,100.7046797858217
2025-11-15 14:00:00+00:00,134.0275,135.0506265914327
2025-11-15 15:00:00+00:00,179.2525,170.7659157182509
2025-11-15 16:00:00+00:00,160.0725,180.62294736027303
2025-11-15 17:00:00+00:00,145.335,168.35656555459653
2025-11-15 18:00:00+00:00,141.555,163.7681821661432
2025-11-15 19:00:00+00:00,125.84,125.7967441966118
2025-11-15 20:00:00+00:00,115.49,116.97190507684518
2025-11-15 21:00:00+00:00,113.8925,110.17183862238512
2025-11-15 22:00:00+00:00,108.0,105.74561326953199
2025-11-15 23:00:00+00:00,108.165,106.90383842327276
2025-11-16 00:00:00+00:00,100.315,106.05197461460025
2025-11-16 01:00:00+00:00,99.685,99.67535208498691
2025-11-16 02:00:00+00:00,100.68,98.46530899753638
2025-11-16 03:00:00+00:00,101.56,101.52891619254814
2025-11-16 04:00:00+00:00,104.5125,102.06393204779363
2025-11-16 05:00:00+00:00,105.1,104.30463742174342
2025-11-16 06:00:00+00:00,100.385,102.35877914604161
2025-11-16 07:00:00+00:00,86.925,90.0623284025393
2025-11-16 08:00:00+00:00,34.7725,77.93098857175931
2025-11-16 09:00:00+00:00,1.2575,48.71338537097993
2025-11-16 10:00:00+00:00,0.01,7.826532986383021
2025-11-16 11:00:00+00:00,18.02,5.899283047696958
2025-11-16 12:00:00+00:00,45.795,30.737921606345076
2025-11-16 13:00:00+00:00,98.5275,80.05899745721952
2025-11-16 14:00:00+00:00,121.0575,115.18446526194845
2025-11-16 15:00:00+00:00,142.41,144.70308722912006
2025-11-16 16:00:00+00:00,134.91,164.04412002838816
2025-11-16 17:00:00+00:00,127.4975,160.87576611971363
2025-11-16 18:00:00+00:00,120.775,139.44120820482317
2025-11-16 19:00:00+00:00,115.4275,113.50639751466129
2025-11-16 20:00:00+00:00,107.3725,109.36838937335988
2025-11-16 21:00:00+00:00,99.0625,105.79385375390262
2025-11-16 22:00:00+00:00,87.84,95.8625039906397
2025-11-16 23:00:00+00:00,90.975,90.72914796810892
2025-11-17 00:00:00+00:00,82.36,88.52278429283052
2025-11-17 01:00:00+00:00,76.0125,82.61954945504463
2025-11-17 02:00:00+00:00,74.62,79.40947985404713
2025-11-17 03:00:00+00:00,78.5675,80.04484598546355
2025-11-17 04:00:00+00:00,90.68,83.06530243473877
2025-11-17 05:00:00+00:00,108.905,106.73583424410859
2025-11-17 06:00:00+00:00,120.0025,122.4055517171967
2025-11-17 07:00:00+00:00,116.535,117.10265936514448
2025-11-17 08:00:00+00:00,99.9475,103.97010094603549
2025-11-17 09:00:00+00:00,29.8225,94.72810858714864
2025-11-17 10:00:00+00:00,0.0325,49.05138147842389
2025-11-17 11:00:00+00:00,19.75,8.10272667346844
2025-11-17 12:00:00+00:00,76.17,28.6930974189683
2025-11-17 13:00:00+00:00,106.27,95.66216267808014
2025-11-17 14:00:00+00:00,115.18,120.46527981938672
2025-11-17 15:00:00+00:00,121.3725,135.63743180547274
2025-11-17 16:00:00+00:00,118.91,130.00777075505698
2025-11-17 17:00:00+00:00,116.7,126.60212859674046
2025-11-17 18:00:00+00:00,110.7125,120.993621659598
2025-11-17 19:00:00+00:00,103.1075,101.37426521780515
2025-11-17 20:00:00+00:00,93.75,97.90397351118736
2025-11-17 21:00:00+00:00,90.45,89.29770548423589
2025-11-17 22:00:00+00:00,81.1975,86.6578527883199
2025-11-17 23:00:00+00:00,83.47,77.33552788432564
2025-11-18 00:00:00+00:00,83.3075,81.68606209625544
2025-11-18 01:00:00+00:00,79.49000000000001,82.44570359639168
2025-11-18 02:00:00+00:00,78.295,74.88866186400051
2025-11-18 03:00:00+00:00,81.2125,78.68557547440207
2025-11-18 04:00:00+00:00,84.325,84.59480401353882
2025-11-18 05:00:00+00:00,102.065,104.45482266465511
2025-11-18 06:00:00+00:00,117.41,117.57113117047196
2025-11-18 07:00:00+00:00,120.4225,116.39623909281599
2025-11-18 08:00:00+00:00,91.985,105.29882352376364
2025-11-18 09:00:00+00:00,85.915,83.57725835703224
2025-11-18 10:00:00+00:00,86.1425,75.13557029192987
2025-11-18 11:00:00+00:00,86.3325,81.50623428702613
2025-11-18 12:00:00+00:00,92.2825,86.44969841480005
2025-11-18 13:00:00+00:00,116.0175,96.4445364491711
2025-11-18 14:00:00+00:00,129.09,123.45658615874807
2025-11-18 15:00:00+00:00,135.66,133.58916856764793
2025-11-18 16:00:00+00:00,139.325,136.4702929351896
2025-11-18 17:00:00+00:00,136.905,136.93638767028108
2025-11-18 18:00:00+00:00,133.97750000000002,133.16383304565832
2025-11-18 19:00:00+00:00,125.3375,119.84951075259546
2025-11-18 20:00:00+00:00,112.4875,110.64335670877405
2025-11-18 21:00:00+00:00,105.2275,101.12513476059479
2025-11-18 22:00:00+00:00,89.3175,98.7035373192679
2025-11-18 23:00:00+00:00,87.225,85.32954268885923
2025-11-19 00:00:00+00:00,86.38,86.94859287982125
2025-11-19 01:00:00+00:00,84.8175,85.37599730759172
2025-11-19 02:00:00+00:00,84.525,83.7103652395012
2025-11-19 03:00:00+00:00,86.1825,85.68546430414561
2025-11-19 04:00:00+00:00,102.5975,87.36323629295012
2025-11-19 05:00:00+00:00,122.0425,114.53200914892118
2025-11-19 06:00:00+00:00,138.0975,132.50354614328154
2025-11-19 07:00:00+00:00,132.945,132.78290648794976
2025-11-19 08:00:00+00:00,110.0175,124.73195994551672
2025-11-19 09:00:00+00:00,105.3275,103.33154944597806
2025-11-19 10:00:00+00:00,103.0525,101.88975826698632
2025-11-19 11:00:00+00:00,109.8675,102.57391786313865
2025-11-19 12:00:00+00:00,116.1875,108.69898571972413
2025-11-19 13:00:00+00:00,127.22,121.12365121185428
2025-11-19 14:00:00+00:00,135.55,136.4897326903846
2025-11-19 15:00:00+00:00,147.6575,151.19036179990954
2025-11-19 16:00:00+00:00,145.6375,153.01878731142494
2025-11-19 17:00:00+00:00,134.64,153.1082359432307
2025-11-19 18:00:00+00:00,133.0275,149.6057184392544
2025-11-19 19:00:00+00:00,128.82,122.10599064558022
2025-11-19 20:00:00+00:00,120.4525,118.74496611579082
2025-11-19 21:00:00+00:00,107.9975,110.37097655287847
2025-11-19 22:00:00+00:00,91.885,102.75109947424227
2025-11-19 23:00:00+00:00,85.585,89.27854695682684
2025-11-20 00:00:00+00:00,83.96000000000001,83.56823103916642
2025-11-20 01:00:00+00:00,83.1075,82.74418528092882
2025-11-20 02:00:00+00:00,83.8025,82.80543473170972
2025-11-20 03:00:00+00:00,87.935,84.24965246974178
2025-11-20 04:00:00+00:00,101.535,94.98089643673771
2025-11-20 05:00:00+00:00,125.0025,118.46492325014977
2025-11-20 06:00:00+00:00,140.6825,132.0855846651624
2025-11-20 07:00:00+00:00,118.1525,125.29748518071949
2025-11-20 08:00:00+00:00,59.54,102.78994317154647
2025-11-20 09:00:00+00:00,15.0075,63.66683551374278
2025-11-20 10:00:00+00:00,0.0,39.15005065641007
2025-11-20 11:00:00+00:00,0.005,5.3451963935442155
2025-11-20 12:00:00+00:00,66.1875,9.611164229874142
2025-11-20 13:00:00+00:00,109.31,97.20352895822224
2025-11-20 14:00:00+00:00,128.0725,132.23036688302085
2025-11-20 15:00:00+00:00,150.4975,146.88357255882676
2025-11-20 16:00:00+00:00,155.0025,156.5709668496671
2025-11-20 17:00:00+00:00,155.0025,157.4446562382058
2025-11-20 18:00:00+00:00,152.20999999999998,151.76201860236068
2025-11-20 19:00:00+00:00,129.6,132.85045188235497
2025-11-20 20:00:00+00:00,118.9,115.78585875569601
2025-11-20 21:00:00+00:00,100.01,105.39423742287656
2025-11-20 22:00:00+00:00,87.775,93.02628311259755
2025-11-20 23:00:00+00:00,92.895,82.91728331265169
2025-11-21 00:00:00+00:00,92.2925,86.47009590621188
2025-11-21 01:00:00+00:00,86.92500000000001,86.85699599377193
2025-11-21 02:00:00+00:00,85.965,83.02927937286982
2025-11-21 03:00:00+00:00,85.19,83.47697191812578
2025-11-21 04:00:00+00:00,93.6975,88.57982025803716
2025-11-21 05:00:00+00:00,116.825,110.13444377221535
2025-11-21 06:00:00+00:00,129.54250000000002,127.74431665457813
2025-11-21 07:00:00+00:00,89.68,119.06691773211061
2025-11-21 08:00:00+00:00,40.58,74.37021318525706
2025-11-21 09:00:00+00:00,0.0025,30.418406040412375
2025-11-21 10:00:00+00:00,0.0,9.052934006161001
2025-11-21 11:00:00+00:00,16.255,10.825128286168924
2025-11-21 12:00:00+00:00,56.805,32.015343023899234
2025-11-21 13:00:00+00:00,94.8475,84.54398783745742
2025-11-21 14:00:00+00:00,105.0025,115.89296845434163
2025-11-21 15:00:00+00:00,158.65,130.30628211133092
2025-11-21 16:00:00+00:00,136.57,158.54797056284565
2025-11-21 17:00:00+00:00,114.595,148.09570532007427
2025-11-21 18:00:00+00:00,112.4875,129.37247318375185
2025-11-21 19:00:00+00:00,108.82,109.47112477601046
2025-11-21 20:00:00+00:00,103.1,105.8513663781166
2025-11-21 21:00:00+00:00,93.05,97.62601811127699
2025-11-21 22:00:00+00:00,80.08500000000001,88.02615088728052
2025-11-21 23:00:00+00:00,86.14,79.29872857317503
2025-11-22 00:00:00+00:00,86.42,84.05385301405055
2025-11-22 01:00:00+00:00,86.5275,81.90409973413226
2025-11-22 02:00:00+00:00,85.255,81.34393130519177
2025-11-22 03:00:00+00:00,86.865,81.35894801753835
2025-11-22 04:00:00+00:00,86.1125,87.26872994501123
2025-11-22 05:00:00+00:00,91.9425,95.36556059001528
2025-11-22 06:00:00+00:00,97.2325,99.6652007695987
2025-11-22 07:00:00+00:00,36.615,87.2074332619635
2025-11-22 08:00:00+00:00,4.1825,27.975148444964965
2025-11-22 09:00:00+00:00,0.0,10.644584462324017
2025-11-22 10:00:00+00:00,0.0,8.595723135504084
2025-11-22 11:00:00+00:00,0.0,7.2264897773113095
2025-11-22 12:00:00+00:00,22.3925,9.434630277841277
2025-11-22 13:00:00+00:00,69.91,57.116890401097045
2025-11-22 14:00:00+00:00,88.625,97.80427106921772
2025-11-22 15:00:00+00:00,109.7575,114.37674869469546
2025-11-22 16:00:00+00:00,109.455,120.5130081092658
2025-11-22 17:00:00+00:00,103.59,113.4639008263203
2025-11-22 18:00:00+00:00,101.64,105.80271410705308
2025-11-22 19:00:00+00:00,98.4925,99.33422207284829
2025-11-22 20:00:00+00:00,99.96,93.96874608075046
2025-11-22 21:00:00+00:00,88.92,94.3813331539409
2025-11-22 22:00:00+00:00,82.5025,82.59482879548774
2025-11-22 23:00:00+00:00,78.28,74.5510819629898
2025-11-23 00:00:00+00:00,74.35249999999999,75.4578046012654
2025-11-23 01:00:00+00:00,70.44,73.16491921793478
2025-11-23 02:00:00+00:00,63.23,70.81443759973946
2025-11-23 03:00:00+00:00,60.885,62.965412079314575
2025-11-23 04:00:00+00:00,68.865,63.75842171022741
2025-11-23 05:00:00+00:00,81.9675,70.18473956522035
2025-11-23 06:00:00+00:00,40.1425,81.7147947084547
2025-11-23 07:00:00+00:00,-0.05,31.509550747682677
2025-11-23 08:00:00+00:00,-1.275,3.095743512902284
2025-11-23 09:00:00+00:00,-3.235,2.6336329528628877
2025-11-23 10:00:00+00:00,-2.94,3.3745199223231155
2025-11-23 11:00:00+00:00,-2.1025,3.367143873154959
2025-11-23 12:00:00+00:00,-2.0,2.469195848712392
2025-11-23 13:00:00+00:00,0.725,21.04948682433129
2025-11-23 14:00:00+00:00,68.7525,46.2060404837049
2025-11-23 15:00:00+00:00,123.91,106.3707781290641
2025-11-23 16:00:00+00:00,136.7275,123.18560787245627
2025-11-23 17:00:00+00:00,136.73250000000002,131.51720290696932
2025-11-23 18:00:00+00:00,137.2525,125.95776226601083
2025-11-23 19:00:00+00:00,122.725,114.02390988086074
2025-11-23 20:00:00+00:00,106.2375,103.04953736816097
2025-11-23 21:00:00+00:00,95.635,96.5928486812033
2025-11-23 22:00:00+00:00,76.13,88.85025952454549
2025-11-23 23:00:00+00:00,76.255,69.27635086838285
2025-11-24 00:00:00+00:00,71.58,74.81890937206045
2025-11-24 01:00:00+00:00,73.3275,71.13955489406823
2025-11-24 02:00:00+00:00,75.4125,70.49550973761002
2025-11-24 03:00:00+00:00,76.655,75.07637057637328
2025-11-24 04:00:00+00:00,93.77,78.88720178726071
2025-11-24 05:00:00+00:00,134.45,102.02096684072589
2025-11-24 06:00:00+00:00,116.855,132.2681985305294
2025-11-24 07:00:00+00:00,44.8975,98.8560806609135
2025-11-24 08:00:00+00:00,7.55,34.75821567212158
2025-11-24 09:00:00+00:00,0.0,12.679682617873517
2025-11-24 10:00:00+00:00,0.0,3.0800199058154725
2025-11-24 11:00:00+00:00,0.0,2.947753093461161
2025-11-24 12:00:00+00:00,7.505,3.915784784254699
2025-11-24 13:00:00+00:00,80.185,36.494594649412285
2025-11-24 14:00:00+00:00,212.7025,94.59746254609598
2025-11-24 15:00:00+00:00,267.0875,196.28936046629343
2025-11-24 16:00:00+00:00,266.615,199.52825343509423
2025-11-24 17:00:00+00:00,239.0,200.2733402677061
2025-11-24 18:00:00+00:00,205.2425,168.90617451074496
2025-11-24 19:00:00+00:00,177.98250000000002,145.98791858295365
2025-11-24 20:00:00+00:00,141.5375,131.1390263739669
2025-11-24 21:00:00+00:00,126.4125,117.6158233007562
2025-11-24 22:00:00+00:00,104.84,109.61052103522442
2025-11-24 23:00:00+00:00,104.02,94.45231576872293
2025-11-25 00:00:00+00:00,100.9525,101.32216265634158
2025-11-25 01:00:00+00:00,101.8425,100.18668033246716
2025-11-25 02:00:00+00:00,92.545,100.82294027598235
2025-11-25 03:00:00+00:00,102.15,89.16689243443001
2025-11-25 04:00:00+00:00,105.1,104.70187811628942
2025-11-25 05:00:00+00:00,129.57,115.201548901761
2025-11-25 06:00:00+00:00,147.2775,131.41679138293242
2025-11-25 07:00:00+00:00,94.5025,126.73979119746915
2025-11-25 08:00:00+00:00,83.9425,89.99597973196023
2025-11-25 09:00:00+00:00,81.565,77.6270469503615
2025-11-25 10:00:00+00:00,56.985,79.39688740951469
2025-11-25 11:00:00+00:00,49.88,65.53800406948898
2025-11-25 12:00:00+00:00,68.6675,65.343883954076
2025-11-25 13:00:00+00:00,89.7375,81.18111736023074
2025-11-25 14:00:00+00:00,121.225,125.6432512110415
2025-11-25 15:00:00+00:00,290.305,152.70518520215654
2025-11-25 16:00:00+00:00,132.17000000000002,245.4645046265843
2025-11-25 17:00:00+00:00,165.1825,161.34992060081356
2025-11-25 18:00:00+00:00,146.4875,167.89682472790653
2025-11-25 19:00:00+00:00,128.0275,132.02333998983858
2025-11-25 20:00:00+00:00,112.005,119.92333614845148
2025-11-25 21:00:00+00:00,97.355,110.38773056649035
2025-11-25 22:00:00+00:00,83.275,94.54217886695682
2025-11-25 23:00:00+00:00,84.725,80.39847182824852
2025-11-26 00:00:00+00:00,69.5275,82.69792320897251
2025-11-26 01:00:00+00:00,83.0725,71.95195725598373
2025-11-26 02:00:00+00:00,83.8075,81.93314861543986
2025-11-26 03:00:00+00:00,85.7025,85.28152115762629
2025-11-26 04:00:00+00:00,89.70750000000001,90.15047323954406
2025-11-26 05:00:00+00:00,112.235,110.68322303878975
2025-11-26 06:00:00+00:00,84.295,126.84161136748929
2025-11-26 07:00:00+00:00,70.0,81.94170425323254
2025-11-26 08:00:00+00:00,68.0975,58.713924634126016
2025-11-26 09:00:00+00:00,12.3925,52.69476543896365
2025-11-26 10:00:00+00:00,26.18,21.476711183679527
2025-11-26 11:00:00+00:00,51.905,30.870695034607582
2025-11-26 12:00:00+00:00,87.1175,61.78071693343337
2025-11-26 13:00:00+00:00,62.815,97.99261147840078
2025-11-26 14:00:00+00:00,108.3925,107.4261879754274
2025-11-26 15:00:00+00:00,195.41,139.32234522515614
2025-11-26 16:00:00+00:00,195.0,163.92728973941482
2025-11-26 17:00:00+00:00,187.2775,166.75978965041887
2025-11-26 18:00:00+00:00,154.3225,147.36307158715752
2025-11-26 19:00:00+00:00,99.715,131.17736761435788
2025-11-26 20:00:00+00:00,96.325,103.4074101642103
2025-11-26 21:00:00+00:00,88.4675,93.17930792424278
2025-11-26 22:00:00+00:00,67.0075,83.30712078168854
2025-11-26 23:00:00+00:00,78.02000000000001,67.3205894024064
2025-11-27 00:00:00+00:00,82.685,71.80568228094506
2025-11-27 01:00:00+00:00,79.8175,77.53432009773071
2025-11-27 02:00:00+00:00,78.03999999999999,75.89091451193242
2025-11-27 03:00:00+00:00,81.91,78.21773967533794
2025-11-27 04:00:00+00:00,83.7175,83.8559967054162
2025-11-27 05:00:00+00:00,112.725,100.6393839617188
2025-11-27 06:00:00+00:00,103.1725,118.71857389634015
2025-11-27 07:00:00+00:00,101.54,103.19329569886725
2025-11-27 08:00:00+00:00,97.925,100.4128060416628
2025-11-27 09:00:00+00:00,89.89500000000001,93.42769335467196
2025-11-27 10:00:00+00:00,89.4025,79.01437499873968
2025-11-27 11:00:00+00:00,90.985,82.15350734908868
2025-11-27 12:00:00+00:00,89.795,89.45631854565755
2025-11-27 13:00:00+00:00,93.4025,97.4680319838775
2025-11-27 14:00:00+00:00,138.5775,110.69117077702015
2025-11-27 15:00:00+00:00,150.1875,152.34554246935392
2025-11-27 16:00:00+00:00,141.35250000000002,164.39415821613483
2025-11-27 17:00:00+00:00,135.7225,152.88080750101642
2025-11-27 18:00:00+00:00,134.0525,147.8418063164624
2025-11-27 19:00:00+00:00,120.995,119.11262017076686
2025-11-27 20:00:00+00:00,105.6475,108.51316638313492
2025-11-27 21:00:00+00:00,91.2275,98.40087138445513
2025-11-27 22:00:00+00:00,72.475,85.4187810661868
2025-11-27 23:00:00+00:00,86.5475,71.92423825179232
2025-11-28 00:00:00+00:00,71.655,84.86697411159432
2025-11-28 01:00:00+00:00,72.03,75.29113002663321
2025-11-28 02:00:00+00:00,79.8925,75.17293008011802
2025-11-28 03:00:00+00:00,74.835,83.00134786420772
2025-11-28 04:00:00+00:00,101.01,81.10022966701167
2025-11-28 05:00:00+00:00,119.88,114.83473264484266
2025-11-28 06:00:00+00:00,118.2725,123.66315308476288
2025-11-28 07:00:00+00:00,105.0825,117.01168392088212
2025-11-28 08:00:00+00:00,95.7875,102.60950416601243
2025-11-28 09:00:00+00:00,90.26,99.13759714913708
2025-11-28 10:00:00+00:00,88.7975,88.20548695854067
2025-11-28 11:00:00+00:00,88.51,91.98267834249471
2025-11-28 12:00:00+00:00,85.88,90.52187762691807
2025-11-28 13:00:00+00:00,97.11,96.60921814800815
2025-11-28 14:00:00+00:00,118.75,109.76363447195628
2025-11-28 15:00:00+00:00,137.2475,141.4148453221932
2025-11-28 16:00:00+00:00,135.245,144.88411679703995
2025-11-28 17:00:00+00:00,135.895,136.21766890195923
2025-11-28 18:00:00+00:00,134.67,135.12108294624784
2025-11-28 19:00:00+00:00,123.87,121.99637499626424
2025-11-28 20:00:00+00:00,113.1025,111.14344271674364
2025-11-28 21:00:00+00:00,110.2325,105.00647092446681
2025-11-28 22:00:00+00:00,93.585,102.24280876084396
2025-11-28 23:00:00+00:00,96.4025,88.84285443697789
2025-11-29 00:00:00+00:00,92.5375,93.2939214103539
2025-11-29 01:00:00+00:00,90.85,88.0139512314064
2025-11-29 02:00:00+00:00,90.2825,87.44918668363437
2025-11-29 03:00:00+00:00,91.625,86.45315534710005
2025-11-29 04:00:00+00:00,97.5375,91.23347046229327
2025-11-29 05:00:00+00:00,101.555,104.9885607316498
2025-11-29 06:00:00+00:00,112.93,109.84540345889859
2025-11-29 07:00:00+00:00,114.8525,108.89636553147004
2025-11-29 08:00:00+00:00,111.2275,103.73439138050377
2025-11-29 09:00:00+00:00,105.1,97.93265641088685
2025-11-29 10:00:00+00:00,102.2125,96.58813368552649
2025-11-29 11:00:00+00:00,101.51,99.32849867848311
2025-11-29 12:00:00+00:00,98.5175,101.7083963406379
2025-11-29 13:00:00+00:00,109.6475,101.02480217775172
2025-11-29 14:00:00+00:00,121.855,114.9980811101608
2025-11-29 15:00:00+00:00,142.4875,123.64848985187342
2025-11-29 16:00:00+00:00,139.9,141.8749959830535
2025-11-29 17:00:00+00:00,138.4675,140.57172755386654
2025-11-29 18:00:00+00:00,135.915,136.841744423887
2025-11-29 19:00:00+00:00,130.48250000000002,124.70972163518418
2025-11-29 20:00:00+00:00,117.415,119.67824767753167
2025-11-29 21:00:00+00:00,115.6975,109.89813675751222
2025-11-29 22:00:00+00:00,102.1375,106.91427764206647
2025-11-29 23:00:00+00:00,96.68,96.88236656293012
2025-11-30 00:00:00+00:00,93.4225,95.32813720581845
2025-11-30 01:00:00+00:00,87.43,90.65730209409926
2025-11-30 02:00:00+00:00,86.0625,86.45329440382682
2025-11-30 03:00:00+00:00,84.6875,85.52829550392434
2025-11-30 04:00:00+00:00,90.92,85.60615495918665
2025-11-30 05:00:00+00:00,94.0225,92.2448494749371
2025-11-30 06:00:00+00:00,95.6775,99.15036945883082
2025-11-30 07:00:00+00:00,94.235,96.97668654704685
2025-11-30 08:00:00+00:00,83.81,91.21171678498416
2025-11-30 09:00:00+00:00,45.0,74.01496134548358
2025-11-30 10:00:00+00:00,48.41,56.731822868664096
2025-11-30 11:00:00+00:00,58.75,60.556326432136075
2025-11-30 12:00:00+00:00,63.010000000000005,67.70577286908076
2025-11-30 13:00:00+00:00,102.2975,84.738213614666
2025-11-30 14:00:00+00:00,110.41,112.30609319161725
2025-11-30 15:00:00+00:00,125.66,129.80422103816835
2025-11-30 16:00:00+00:00,127.49,133.15245117675912
2025-11-30 17:00:00+00:00,129.2175,135.80658970892463
2025-11-30 18:00:00+00:00,131.05,138.42777478683976
2025-11-30 19:00:00+00:00,129.9075,119.50834031911342
2025-11-30 20:00:00+00:00,120.725,119.15843477345936
2025-11-30 21:00:00+00:00,114.13,109.88806553018439
2025-11-30 22:00:00+00:00,98.5975,105.5094500602955
2025-11-30 23:00:00+00:00,100.2175,94.8858563443798
2025-12-01 00:00:00+00:00,99.59,99.32223271877436
2025-12-01 01:00:00+00:00,96.7025,97.58589728956564
2025-12-01 02:00:00+00:00,92.4725,94.40445905360819
2025-12-01 03:00:00+00:00,96.8525,89.73773592043491
2025-12-01 04:00:00+00:00,105.5725,97.04341661057825
2025-12-01 05:00:00+00:00,144.985,129.765266255512
2025-12-01 06:00:00+00:00,138.60000000000002,138.55447572958425
2025-12-01 07:00:00+00:00,145.71,123.80204026705732
2025-12-01 08:00:00+00:00,115.785,116.52298625846328
2025-12-01 09:00:00+00:00,42.0725,103.17216263733962
2025-12-01 10:00:00+00:00,52.2825,45.20443665345761
2025-12-01 11:00:00+00:00,69.165,47.52572776278337
2025-12-01 12:00:00+00:00,102.86,68.24763687506969
2025-12-01 13:00:00+00:00,148.95,105.77341033442065
2025-12-01 14:00:00+00:00,162.51,168.3503893462417
2025-12-01 15:00:00+00:00,253.335,197.51801325083744
2025-12-01 16:00:00+00:00,217.78,245.57894641844214
2025-12-01 17:00:00+00:00,238.4325,254.67463286590043
2025-12-01 18:00:00+00:00,216.29,208.83322317352264
2025-12-01 19:00:00+00:00,180.7525,176.16056689848824
2025-12-01 20:00:00+00:00,146.7925,147.60169157416527
2025-12-01 21:00:00+00:00,130.7775,127.05438710169648
2025-12-01 22:00:00+00:00,112.9225,114.77582319720419
2025-12-01 23:00:00+00:00,107.63,106.65599559672806
2025-12-02 00:00:00+00:00,104.05,106.24332855947225
2025-12-02 01:00:00+00:00,99.13,101.71287300703924
2025-12-02 02:00:00+00:00,94.7625,97.23972512600473
2025-12-02 03:00:00+00:00,97.8975,95.73057042341476
2025-12-02 04:00:00+00:00,103.2575,99.69469045557655
2025-12-02 05:00:00+00:00,132.5225,140.8839036346607
2025-12-02 06:00:00+00:00,137.3,152.06947730188483
2025-12-02 07:00:00+00:00,132.925,132.58510317060808
2025-12-02 08:00:00+00:00,94.2025,122.47060796914228
2025-12-02 09:00:00+00:00,79.3775,89.3902929511657
2025-12-02 10:00:00+00:00,83.65,72.396199898539
2025-12-02 11:00:00+00:00,87.895,79.7314857525644
2025-12-02 12:00:00+00:00,104.1575,93.23094865583899
2025-12-02 13:00:00+00:00,135.1,112.53505230382733
2025-12-02 14:00:00+00:00,150.89249999999998,175.93886724360397
2025-12-02 15:00:00+00:00,206.25,219.4238626659237
2025-12-02 16:00:00+00:00,188.4275,225.93603404135317
2025-12-02 17:00:00+00:00,173.6275,222.6416247863222
2025-12-02 18:00:00+00:00,166.64,190.04763417628018
2025-12-02 19:00:00+00:00,150.265,148.66176881885593
2025-12-02 20:00:00+00:00,130.01999999999998,135.34623691915095
2025-12-02 21:00:00+00:00,120.1125,121.05367519620617
2025-12-02 22:00:00+00:00,105.0025,114.25287394620318
2025-12-02 23:00:00+00:00,104.0375,99.87293435513277
2025-12-03 00:00:00+00:00,103.6,101.27133712080031
2025-12-03 01:00:00+00:00,99.7075,100.99204292777561
2025-12-03 02:00:00+00:00,99.35,98.30282447551222
2025-12-03 03:00:00+00:00,102.265,99.73021352092448
2025-12-03 04:00:00+00:00,107.2825,103.50917580469319
2025-12-03 05:00:00+00:00,144.86,122.16167984863957
2025-12-03 06:00:00+00:00,183.4825,145.9293446296829
2025-12-03 07:00:00+00:00,185.6,177.14197598656375
2025-12-03 08:00:00+00:00,163.92000000000002,174.89131955118535
2025-12-03 09:00:00+00:00,142.44,154.84681454820424
2025-12-03 10:00:00+00:00,136.9775,140.38567794281124
2025-12-03 11:00:00+00:00,141.965,137.8703652904728
2025-12-03 12:00:00+00:00,144.8175,142.14406862310824
2025-12-03 13:00:00+00:00,173.5025,152.27878350695946
2025-12-03 14:00:00+00:00,185.48,168.43302993849974
2025-12-03 15:00:00+00:00,185.4975,196.86181318073318
2025-12-03 16:00:00+00:00,255.7375,195.22303521165938
2025-12-03 17:00:00+00:00,202.4125,246.63008575180658
2025-12-03 18:00:00+00:00,171.66,186.4460835346597
2025-12-03 19:00:00+00:00,145.19,150.58539222674844
2025-12-03 20:00:00+00:00,124.26,128.61533941828887
2025-12-03 21:00:00+00:00,119.4,118.74066401693158
2025-12-03 22:00:00+00:00,109.28,109.1391017084574
2025-12-03 23:00:00+00:00,100.29,105.54612201354445
2025-12-04 00:00:00+00:00,96.1225,99.79782513918137
2025-12-04 01:00:00+00:00,93.23,94.85674216113507
2025-12-04 02:00:00+00:00,93.2725,91.50074674319512
2025-12-04 03:00:00+00:00,97.22,92.24752156259242
2025-12-04 04:00:00+00:00,104.3225,97.29359464705477
2025-12-04 05:00:00+00:00,111.665,126.02210313462014
2025-12-04 06:00:00+00:00,117.6525,144.34885122217517
2025-12-04 07:00:00+00:00,117.65,145.76031643052173
2025-12-04 08:00:00+00:00,117.235,138.9729032445476
2025-12-04 09:00:00+00:00,108.3325,129.37045960827257
2025-12-04 10:00:00+00:00,104.815,119.83137694416253
2025-12-04 11:00:00+00:00,118.38,112.14704239682312
2025-12-04 12:00:00+00:00,116.8225,133.65268044888523
2025-12-04 13:00:00+00:00,138.495,137.32647352494095
2025-12-04 14:00:00+00:00,145.7425,161.81544312180097
2025-12-04 15:00:00+00:00,155.395,166.86795789301155
2025-12-04 16:00:00+00:00,147.88750000000002,174.9606174229864
2025-12-04 17:00:00+00:00,145.8725,161.2777762857605
2025-12-04 18:00:00+00:00,141.005,153.4627833855347
2025-12-04 19:00:00+00:00,128.97,127.02665729855282
2025-12-04 20:00:00+00:00,119.0025,122.60163397684055
2025-12-04 21:00:00+00:00,112.4,112.1302970699112
2025-12-04 22:00:00+00:00,100.585,107.01247767181307
2025-12-04 23:00:00+00:00,99.3,97.23538471857249
2025-12-05 00:00:00+00:00,97.485,97.27609767499739
2025-12-05 01:00:00+00:00,93.8025,94.4651704205452
2025-12-05 02:00:00+00:00,93.6,91.3945465100205
2025-12-05 03:00:00+00:00,98.2675,91.7739725428344
2025-12-05 04:00:00+00:00,104.25,98.92856619663411
2025-12-05 05:00:00+00:00,125.75,109.54021478098969
2025-12-05 06:00:00+00:00,143.5075,129.10269455171553
2025-12-05 07:00:00+00:00,149.7475,138.80429365448896
2025-12-05 08:00:00+00:00,155.07999999999998,141.71082874063293
2025-12-05 09:00:00+00:00,146.8725,148.28594316460192
2025-12-05 10:00:00+00:00,155.6275,139.17316270073997
2025-12-05 11:00:00+00:00,138.31,149.4017448906528
2025-12-05 12:00:00+00:00,137.955,137.33876229085766
2025-12-05 13:00:00+00:00,145.3075,141.71192967784563
2025-12-05 14:00:00+00:00,149.8775,147.58548351747194
2025-12-05 15:00:00+00:00,152.0975,156.7588163650026
2025-12-05 16:00:00+00:00,148.845,151.40798420424818
2025-12-05 17:00:00+00:00,142.0775,149.84505042816926
2025-12-05 18:00:00+00:00,128.205,141.40354918985426
2025-12-05 19:00:00+00:00,113.175,120.47319935108798
2025-12-05 20:00:00+00:00,101.3125,108.56096613316133
2025-12-05 21:00:00+00:00,96.8975,101.74756303383003
2025-12-05 22:00:00+00:00,85.91999999999999,93.52840756619663
2025-12-05 23:00:00+00:00,83.2725,84.61382677709696
2025-12-06 00:00:00+00:00,79.64500000000001,85.48542127466702
2025-12-06 01:00:00+00:00,76.32000000000001,79.78875237489098
2025-12-06 02:00:00+00:00,78.7125,78.40940306459407
2025-12-06 03:00:00+00:00,81.905,82.42742821983992
2025-12-06 04:00:00+00:00,85.1,86.11656025732543
2025-12-06 05:00:00+00:00,92.1675,95.03025701232995
2025-12-06 06:00:00+00:00,103.58,114.22094290192939
2025-12-06 07:00:00+00:00,110.885,119.77194891819681
2025-12-06 08:00:00+00:00,109.45,125.1967711803749
2025-12-06 09:00:00+00:00,99.885,121.11514035411383
2025-12-06 10:00:00+00:00,98.1925,105.8639223187805
2025-12-06 11:00:00+00:00,98.195,104.50948841379041
2025-12-06 12:00:00+00:00,104.245,105.44989975059099
2025-12-06 13:00:00+00:00,111.2325,116.49019101070195
2025-12-06 14:00:00+00:00,118.82,131.76350215028478
2025-12-06 15:00:00+00:00,127.65,143.09791709600293
2025-12-06 16:00:00+00:00,123.9575,141.82548096784743
2025-12-06 17:00:00+00:00,122.135,140.45239119890957
2025-12-06 18:00:00+00:00,121.2625,132.4915231776116
2025-12-06 19:00:00+00:00,120.1875,116.38544388097444
2025-12-06 20:00:00+00:00,100.67,109.40787889861623
2025-12-06 21:00:00+00:00,94.715,99.49131196987739
2025-12-06 22:00:00+00:00,89.1275,87.0856789755464
2025-12-06 23:00:00+00:00,86.0725,78.27059518198487
2025-12-07 00:00:00+00:00,82.615,85.21212834084328
2025-12-07 01:00:00+00:00,81.74,83.56711693621953
2025-12-07 02:00:00+00:00,76.10499999999999,83.67291634249443
2025-12-07 03:00:00+00:00,77.7025,79.18043885302737
2025-12-07 04:00:00+00:00,78.0675,80.97944214914962
2025-12-07 05:00:00+00:00,81.62,86.58978653295635
2025-12-07 06:00:00+00:00,86.75,89.60771302153242
2025-12-07 07:00:00+00:00,88.3425,93.88208908742403
2025-12-07 08:00:00+00:00,90.94,88.92696501631389
2025-12-07 09:00:00+00:00,84.015,88.0955859247598
2025-12-07 10:00:00+00:00,83.575,81.30470628432617
2025-12-07 11:00:00+00:00,89.705,83.60848532491934
2025-12-07 12:00:00+00:00,94.0,91.60501552257946
2025-12-07 13:00:00+00:00,100.1575,101.23811528080789
2025-12-07 14:00:00+00:00,111.1375,116.36327332510265
2025-12-07 15:00:00+00:00,114.91,122.91423782115953
2025-12-07 16:00:00+00:00,108.505,125.17054946141329
2025-12-07 17:00:00+00:00,109.23,118.07658066381813
2025-12-07 18:00:00+00:00,113.1,117.618648182726
2025-12-07 19:00:00+00:00,111.8875,111.72961757085906
2025-12-07 20:00:00+00:00,100.605,106.72384864911596
2025-12-07 21:00:00+00:00,90.61,97.70841212025614
2025-12-07 22:00:00+00:00,77.0925,86.18612795986981
2025-12-07 23:00:00+00:00,79.5475,75.40896692935246
2025-12-08 00:00:00+00:00,79.16,80.06303424035522
2025-12-08 01:00:00+00:00,72.37,79.50654092831547
2025-12-08 02:00:00+00:00,77.8275,76.41193834898259
2025-12-08 03:00:00+00:00,78.255,79.97498553159988
2025-12-08 04:00:00+00:00,84.85,81.50316907627233
2025-12-08 05:00:00+00:00,104.2975,97.30369665785177
2025-12-08 06:00:00+00:00,126.6225,111.3566918158512
2025-12-08 07:00:00+00:00,117.4425,129.59685763888083
2025-12-08 08:00:00+00:00,109.18,110.83716436683362
2025-12-08 09:00:00+00:00,92.5,102.86901510473658
2025-12-08 10:00:00+00:00,85.39750000000001,84.97004015618519
2025-12-08 11:00:00+00:00,83.7875,79.71615386944478
2025-12-08 12:00:00+00:00,85.045,90.29126945276545
2025-12-08 13:00:00+00:00,101.3025,101.40285673542472
2025-12-08 14:00:00+00:00,105.1025,116.35849726558425
2025-12-08 15:00:00+00:00,118.9575,131.56804685027416
2025-12-08 16:00:00+00:00,122.045,137.54130829625845
2025-12-08 17:00:00+00:00,120.6025,147.30948750305686
2025-12-08 18:00:00+00:00,122.92,138.36269950398534
2025-12-08 19:00:00+00:00,118.35,120.02997763524716
2025-12-08 20:00:00+00:00,104.925,109.65027356836414
2025-12-08 21:00:00+00:00,100.64,103.68768046384601
2025-12-08 22:00:00+00:00,89.1575,95.14419453256012
2025-12-08 23:00:00+00:00,82.82,84.60247257264207
2025-12-09 00:00:00+00:00,84.61,83.2131243197704
2025-12-09 01:00:00+00:00,84.2525,85.18489519208165
2025-12-09 02:00:00+00:00,83.815,84.94161956723501
2025-12-09 03:00:00+00:00,87.64500000000001,85.39870220854594
2025-12-09 04:00:00+00:00,97.605,88.61520893549284
2025-12-09 05:00:00+00:00,124.14,110.94012756162132
2025-12-09 06:00:00+00:00,121.715,132.30300123870248
2025-12-09 07:00:00+00:00,62.040000000000006,118.70311680561218
2025-12-09 08:00:00+00:00,40.25,70.36510765946298
2025-12-09 09:00:00+00:00,0.0,43.9198824772473
2025-12-09 10:00:00+00:00,0.0,7.2278454136527905
2025-12-09 11:00:00+00:00,0.0025,7.901625554591166
2025-12-09 12:00:00+00:00,53.3925,8.612075213854162
2025-12-09 13:00:00+00:00,84.61,83.66202976831968
2025-12-09 14:00:00+00:00,111.19,103.13253369922019
2025-12-09 15:00:00+00:00,131.8725,135.7549085119976
2025-12-09 16:00:00+00:00,134.9875,153.4580757892174
2025-12-09 17:00:00+00:00,136.27,152.36916536121055
2025-12-09 18:00:00+00:00,137.475,151.6517880559014
2025-12-09 19:00:00+00:00,125.8,122.476130656136
2025-12-09 20:00:00+00:00,120.0425,114.651785011427
2025-12-09 21:00:00+00:00,108.21,107.68281905935672
2025-12-09 22:00:00+00:00,88.0175,102.19229426778041
2025-12-09 23:00:00+00:00,84.78,84.91718290243435
2025-12-10 00:00:00+00:00,83.6225,85.14645647726319
2025-12-10 01:00:00+00:00,81.89,83.73134947247765
2025-12-10 02:00:00+00:00,83.335,84.16867839992794
2025-12-10 03:00:00+00:00,85.465,86.45883869833862
2025-12-10 04:00:00+00:00,94.4875,90.9416437541361
2025-12-10 05:00:00+00:00,121.4875,119.82676081333635
2025-12-10 06:00:00+00:00,132.48,136.45750929581342
2025-12-10 07:00:00+00:00,111.545,133.97770880507605
2025-12-10 08:00:00+00:00,117.7675,109.50447326714604
2025-12-10 09:00:00+00:00,45.915,109.75108430013472
2025-12-10 10:00:00+00:00,46.6,59.20992178900984
2025-12-10 11:00:00+00:00,75.475,58.41370079441
2025-12-10 12:00:00+00:00,97.91,82.82219501122594
2025-12-10 13:00:00+00:00,95.48,108.91831303902643
2025-12-10 14:00:00+00:00,127.6,117.66677473989336
2025-12-10 15:00:00+00:00,136.54500000000002,147.16824622856814
2025-12-10 16:00:00+00:00,137.085,167.9302744772116
2025-12-10 17:00:00+00:00,137.6575,161.6538967640393
2025-12-10 18:00:00+00:00,150.585,160.33814318563714
2025-12-10 19:00:00+00:00,148.60500000000002,128.90362144415732
2025-12-10 20:00:00+00:00,137.0325,126.71648288635586
2025-12-10 21:00:00+00:00,125.4925,119.76165713920878
2025-12-10 22:00:00+00:00,107.8075,109.1036390945657
2025-12-10 23:00:00+00:00,94.4225,103.15749193456958
2025-12-11 00:00:00+00:00,90.4475,91.53488959999811
2025-12-11 01:00:00+00:00,88.29249999999999,88.48974388380509
2025-12-11 02:00:00+00:00,88.27250000000001,87.86824833701468
2025-12-11 03:00:00+00:00,90.1925,88.95050787491539
2025-12-11 04:00:00+00:00,104.82,92.67735576724856
2025-12-11 05:00:00+00:00,122.6925,119.77364992227493
2025-12-11 06:00:00+00:00,114.005,129.98123220822234
2025-12-11 07:00:00+00:00,86.56,110.5703292612005
2025-12-11 08:00:00+00:00,56.095,93.30621455839113
2025-12-11 09:00:00+00:00,0.0025,43.18561196060108
2025-12-11 10:00:00+00:00,0.0,8.756250279899755
2025-12-11 11:00:00+00:00,36.8125,8.578113185538085
2025-12-11 12:00:00+00:00,103.84,63.52856942699947
2025-12-11 13:00:00+00:00,108.2325,108.21831963445943
2025-12-11 14:00:00+00:00,128.1,128.28295995693242
2025-12-11 15:00:00+00:00,140.005,149.1623720012983
2025-12-11 16:00:00+00:00,133.14249999999998,165.06974931138987
2025-12-11 17:00:00+00:00,129.75,157.78294960778422
2025-12-11 18:00:00+00:00,130.2175,155.36172350186567
2025-12-11 19:00:00+00:00,126.9975,121.52795535846073
2025-12-11 20:00:00+00:00,118.45,119.31145286561866
2025-12-11 21:00:00+00:00,108.2575,113.74310082949879
2025-12-11 22:00:00+00:00,95.865,104.4728088059562
2025-12-11 23:00:00+00:00,96.19,94.05227434429703
2025-12-12 00:00:00+00:00,95.4625,95.45080386135504
2025-12-12 01:00:00+00:00,96.1075,94.65003010600296
2025-12-12 02:00:00+00:00,95.015,95.29303611817495
2025-12-12 03:00:00+00:00,94.5375,94.84838187931312
2025-12-12 04:00:00+00:00,101.3075,95.51028329096764
2025-12-12 05:00:00+00:00,128.14249999999998,123.04404512681523
2025-12-12 06:00:00+00:00,131.16500000000002,136.57276729136765
2025-12-12 07:00:00+00:00,134.95499999999998,129.4634550048738
2025-12-12 08:00:00+00:00,110.125,123.27973189674204
2025-12-12 09:00:00+00:00,78.9725,101.67858920972427
2025-12-12 10:00:00+00:00,61.165,80.46906672481605
2025-12-12 11:00:00+00:00,56.1925,53.41843451462572
2025-12-12 12:00:00+00:00,97.5375,69.2954284701995
2025-12-12 13:00:00+00:00,111.75,105.67260628391551
2025-12-12 14:00:00+00:00,130.5675,132.263037512695
2025-12-12 15:00:00+00:00,159.3625,149.68659542489613
2025-12-12 16:00:00+00:00,146.0025,152.13618713001267
2025-12-12 17:00:00+00:00,134.5625,174.37220663630228
2025-12-12 18:00:00+00:00,130.0,139.98352277241057
2025-12-12 19:00:00+00:00,123.59,120.002608560246
2025-12-12 20:00:00+00:00,114.85,115.58800715594668
2025-12-12 21:00:00+00:00,108.265,108.00631591648678
2025-12-12 22:00:00+00:00,99.87,103.07907096095757
2025-12-12 23:00:00+00:00,102.09,95.40453449639422
2025-12-13 00:00:00+00:00,98.025,100.08818940873206
2025-12-13 01:00:00+00:00,94.4925,95.42258931943802
2025-12-13 02:00:00+00:00,90.1775,91.35676646176579
2025-12-13 03:00:00+00:00,90.8225,88.26861492325907
2025-12-13 04:00:00+00:00,95.755,89.40148978217623
2025-12-13 05:00:00+00:00,103.05,104.72143238086989
2025-12-13 06:00:00+00:00,110.9475,115.07606257108658
2025-12-13 07:00:00+00:00,112.2075,120.1527187658713
2025-12-13 08:00:00+00:00,79.09,107.23520360192624
2025-12-13 09:00:00+00:00,85.67,78.3954026331254
2025-12-13 10:00:00+00:00,84.25750000000001,85.09551866529021
2025-12-13 11:00:00+00:00,84.35,84.38172556362309
2025-12-13 12:00:00+00:00,87.6725,90.11072519338347
2025-12-13 13:00:00+00:00,95.3,98.05929248606279
2025-12-13 14:00:00+00:00,113.3325,115.78794665622944
2025-12-13 15:00:00+00:00,121.8,131.92956414477115
2025-12-13 16:00:00+00:00,122.2375,130.65294941915747
2025-12-13 17:00:00+00:00,119.9525,131.58512938865763
2025-12-13 18:00:00+00:00,120.765,127.79762566091827
2025-12-13 19:00:00+00:00,114.6025,116.92689995568043
2025-12-13 20:00:00+00:00,106.5375,111.38882911452608
2025-12-13 21:00:00+00:00,101.7625,100.60498626837149
2025-12-13 22:00:00+00:00,93.97,97.2391699829783
2025-12-13 23:00:00+00:00,91.8325,91.72667570865242
2025-12-14 00:00:00+00:00,91.5675,90.0537707275849
2025-12-14 01:00:00+00:00,85.75,89.72599593988527
2025-12-14 02:00:00+00:00,81.85249999999999,85.8007866689933
2025-12-14 03:00:00+00:00,85.5975,84.27113548229114
2025-12-14 04:00:00+00:00,86.3725,85.63536827095633
2025-12-14 05:00:00+00:00,87.3,91.30220776363603
2025-12-14 06:00:00+00:00,90.455,92.36532350853494
2025-12-14 07:00:00+00:00,84.61,89.3469871993482
2025-12-14 08:00:00+00:00,89.0825,79.6368613136616
2025-12-14 09:00:00+00:00,67.4275,80.97146055450132
2025-12-14 10:00:00+00:00,83.1775,62.74329617573035
2025-12-14 11:00:00+00:00,85.2375,78.60088771674083
2025-12-14 12:00:00+00:00,70.03999999999999,85.69488078534155
2025-12-14 13:00:00+00:00,94.7375,83.03611550269858
2025-12-14 14:00:00+00:00,105.1,110.83684547185563
2025-12-14 15:00:00+00:00,117.5225,113.72007418189756
2025-12-14 16:00:00+00:00,120.5,120.97120455187645
2025-12-14 17:00:00+00:00,121.71,127.54922238758888
2025-12-14 18:00:00+00:00,121.3,127.5165318764426
2025-12-14 19:00:00+00:00,113.695,114.82126155006426
2025-12-14 20:00:00+00:00,103.27,106.6613784472342
2025-12-14 21:00:00+00:00,97.6025,98.09842111285508
2025-12-14 22:00:00+00:00,91.43,93.49210582919764
2025-12-14 23:00:00+00:00,87.365,87.77124573095398
2025-12-15 00:00:00+00:00,85.095,86.5354157296371
2025-12-15 01:00:00+00:00,85.1775,83.84226055274497
2025-12-15 02:00:00+00:00,84.8075,83.75976539992149
2025-12-15 03:00:00+00:00,87.46000000000001,84.4688904837505
2025-12-15 04:00:00+00:00,103.215,86.75563672896376
2025-12-15 05:00:00+00:00,155.47,105.15070128370152
2025-12-15 06:00:00+00:00,159.13,144.5531509588455
2025-12-15 07:00:00+00:00,133.0725,126.18140880845777
2025-12-15 08:00:00+00:00,125.555,116.49307180190874
2025-12-15 09:00:00+00:00,67.0775,105.72471672676855
2025-12-15 10:00:00+00:00,55.7575,55.2499901028775
2025-12-15 11:00:00+00:00,63.285,59.4887486114379
2025-12-15 12:00:00+00:00,84.0675,64.55866885558454
2025-12-15 13:00:00+00:00,92.315,92.98294852450152
2025-12-15 14:00:00+00:00,151.535,108.75364291844204
2025-12-15 15:00:00+00:00,174.78,144.01756716141756
2025-12-15 16:00:00+00:00,180.1225,167.2287332616612
2025-12-15 17:00:00+00:00,166.0025,167.34345801772884
2025-12-15 18:00:00+00:00,152.04500000000002,149.02379783170792
2025-12-15 19:00:00+00:00,147.66,127.82146442648406
2025-12-15 20:00:00+00:00,131.03,121.89382194394106
2025-12-15 21:00:00+00:00,129.1325,114.8453734584806
2025-12-15 22:00:00+00:00,107.2875,113.38625715906613
2025-12-15 23:00:00+00:00,102.8975,99.6363082415774
2025-12-16 00:00:00+00:00,96.9475,100.62945029410292
2025-12-16 01:00:00+00:00,96.105,94.59556872336456
2025-12-16 02:00:00+00:00,97.35,93.9615313054103
2025-12-16 03:00:00+00:00,99.2825,97.50858071849649
2025-12-16 04:00:00+00:00,127.1625,100.64708812195809
2025-12-16 05:00:00+00:00,176.0525,148.27456557889616
2025-12-16 06:00:00+00:00,193.9775,176.64002572932384
2025-12-16 07:00:00+00:00,138.34,166.548953452343
2025-12-16 08:00:00+00:00,94.04,125.0951231761195
2025-12-16 09:00:00+00:00,79.1375,83.42324426666742
2025-12-16 10:00:00+00:00,78.71000000000001,70.87411123054159
2025-12-16 11:00:00+00:00,78.5275,70.82956384435204
2025-12-16 12:00:00+00:00,88.34,82.43451069187962
2025-12-16 13:00:00+00:00,121.0875,97.24183919472766
2025-12-16 14:00:00+00:00,170.8425,142.7035594856997
2025-12-16 15:00:00+00:00,231.59,189.4573864001442
2025-12-16 16:00:00+00:00,210.0025,229.0099629915944
2025-12-16 17:00:00+00:00,201.0925,210.8400618510192
2025-12-16 18:00:00+00:00,172.16,161.2620116467726
2025-12-16 19:00:00+00:00,139.015,150.8229670257521
2025-12-16 20:00:00+00:00,120.0025,125.33637362481817
2025-12-16 21:00:00+00:00,117.2575,114.94120276777899
2025-12-16 22:00:00+00:00,105.1375,108.09243468882822
2025-12-16 23:00:00+00:00,104.685,98.35649766396713
2025-12-17 00:00:00+00:00,97.4675,101.54235695247682
2025-12-17 01:00:00+00:00,97.1675,95.40629351763931
2025-12-17 02:00:00+00:00,98.485,95.40482439349728
2025-12-17 03:00:00+00:00,103.8375,98.46129286643892
2025-12-17 04:00:00+00:00,104.08,107.31882449104234
2025-12-17 05:00:00+00:00,135.5975,124.39300795447487
2025-12-17 06:00:00+00:00,152.86,158.67780865124337
2025-12-17 07:00:00+00:00,134.0225,138.15765639148245
2025-12-17 08:00:00+00:00,96.075,120.77364257672663
2025-12-17 09:00:00+00:00,81.22999999999999,85.83938334603046
2025-12-17 10:00:00+00:00,79.9625,78.51056420943489
2025-12-17 11:00:00+00:00,80.4525,79.69091856575426
2025-12-17 12:00:00+00:00,99.755,87.66964528648937
2025-12-17 13:00:00+00:00,120.3725,107.9677226471093
2025-12-17 14:00:00+00:00,137.44,144.49873566851258
2025-12-17 15:00:00+00:00,152.9875,191.07735542507464
2025-12-17 16:00:00+00:00,153.105,184.92951580052784
2025-12-17 17:00:00+00:00,182.4175,176.91872438966456
2025-12-17 18:00:00+00:00,177.0,182.18854568556918
2025-12-17 19:00:00+00:00,141.265,161.51516420579338
2025-12-17 20:00:00+00:00,119.7775,126.62905269208801
2025-12-17 21:00:00+00:00,119.7975,120.69231871905768
2025-12-17 22:00:00+00:00,110.315,109.55696337675572
2025-12-17 23:00:00+00:00,109.1,105.75019394056005
2025-12-18 00:00:00+00:00,106.56,107.09691341791577
2025-12-18 01:00:00+00:00,97.3975,102.34673924261435
2025-12-18 02:00:00+00:00,96.595,97.01048452530561
2025-12-18 03:00:00+00:00,106.4,98.56759618115979
2025-12-18 04:00:00+00:00,136.3825,105.67725762712709
2025-12-18 05:00:00+00:00,205.71,150.09037479391947
2025-12-18 06:00:00+00:00,213.6725,198.20017250406622
2025-12-18 07:00:00+00:00,135.2025,168.25136817762316
2025-12-18 08:00:00+00:00,128.9275,121.14230863490963
2025-12-18 09:00:00+00:00,96.4275,117.70036979949015
2025-12-18 10:00:00+00:00,95.4775,92.25445232790682
2025-12-18 11:00:00+00:00,97.6675,92.95611767599128
2025-12-18 12:00:00+00:00,114.7675,100.85184572529853
2025-12-18 13:00:00+00:00,127.225,123.89788430981831
2025-12-18 14:00:00+00:00,208.335,142.7254960260136
2025-12-18 15:00:00+00:00,275.985,218.47032033730275
2025-12-18 16:00:00+00:00,245.49,248.62878501558066
2025-12-18 17:00:00+00:00,262.845,247.12613350208764
2025-12-18 18:00:00+00:00,255.2475,245.25567976513676
2025-12-18 19:00:00+00:00,206.65,186.23367741844436
2025-12-18 20:00:00+00:00,159.14,168.10094475206958
2025-12-18 21:00:00+00:00,132.155,130.18876353833878
2025-12-18 22:00:00+00:00,113.9325,121.12794358620373
2025-12-18 23:00:00+00:00,109.2175,109.8717592134221
2025-12-19 00:00:00+00:00,106.66,108.01606145643265
2025-12-19 01:00:00+00:00,104.0925,102.5444042079444
2025-12-19 02:00:00+00:00,104.9975,102.19609634729724
2025-12-19 03:00:00+00:00,104.3225,104.27125981802905
2025-12-19 04:00:00+00:00,113.885,110.30338353172016
2025-12-19 05:00:00+00:00,147.6125,148.46082632230363
2025-12-19 06:00:00+00:00,162.5575,185.4645405037923
2025-12-19 07:00:00+00:00,140.3075,151.32487496671408
2025-12-19 08:00:00+00:00,127.4925,128.43671904358135
2025-12-19 09:00:00+00:00,92.85,115.12926861194124
2025-12-19 10:00:00+00:00,94.645,92.92319844062355
2025-12-19 11:00:00+00:00,102.2125,95.46816016406535
2025-12-19 12:00:00+00:00,115.2,109.47363279056327
2025-12-19 13:00:00+00:00,137.29,124.6046651667572
2025-12-19 14:00:00+00:00,178.4025,177.2203659540984
2025-12-19 15:00:00+00:00,216.5775,220.53391582540775
2025-12-19 16:00:00+00:00,154.29250000000002,238.67180710184212
2025-12-19 17:00:00+00:00,152.66,199.66434923291195
2025-12-19 18:00:00+00:00,163.6275,192.42560450877997
2025-12-19 19:00:00+00:00,141.55,154.34024840483065
2025-12-19 20:00:00+00:00,117.7175,140.18278041737648
2025-12-19 21:00:00+00:00,116.655,118.76079643909705
2025-12-19 22:00:00+00:00,111.0175,112.85309063513898
2025-12-19 23:00:00+00:00,98.4475,108.26494956990763
2025-12-20 00:00:00+00:00,94.47,96.88542977859375
2025-12-20 01:00:00+00:00,90.15,92.67424640689498
2025-12-20 02:00:00+00:00,88.77,89.32423993950057
2025-12-20 03:00:00+00:00,90.105,89.62632194732355
2025-12-20 04:00:00+00:00,91.5675,93.38226394845549
2025-12-20 05:00:00+00:00,98.71,106.02124375646203
2025-12-20 06:00:00+00:00,106.625,118.56266919366337
2025-12-20 07:00:00+00:00,115.44,116.28986301589735
2025-12-20 08:00:00+00:00,117.1375,121.46654549437625
2025-12-20 09:00:00+00:00,112.52,111.55873679830658
2025-12-20 10:00:00+00:00,110.9925,109.66968130644511
2025-12-20 11:00:00+00:00,109.61,109.81842103253693
2025-12-20 12:00:00+00:00,112.06,117.42497179582264
2025-12-20 13:00:00+00:00,124.3675,124.04473505355757
2025-12-20 14:00:00+00:00,127.8825,141.76443319485816
2025-12-20 15:00:00+00:00,133.2125,153.30521186218976
2025-12-20 16:00:00+00:00,127.445,144.2802729472436
2025-12-20 17:00:00+00:00,126.4325,136.2609124003237
2025-12-20 18:00:00+00:00,122.37,137.03976872393014
2025-12-20 19:00:00+00:00,116.6025,117.72648776038271
2025-12-20 20:00:00+00:00,111.7825,116.5668735582215
2025-12-20 21:00:00+00:00,107.695,113.04334725181761
2025-12-20 22:00:00+00:00,94.465,107.93884146716127
2025-12-20 23:00:00+00:00,99.1125,96.32012957292258
2025-12-21 00:00:00+00:00,92.3225,96.60188163066567
2025-12-21 01:00:00+00:00,90.84,90.85981300726567
2025-12-21 02:00:00+00:00,90.85,88.61938984859412
2025-12-21 03:00:00+00:00,89.435,88.99309604655383
2025-12-21 04:00:00+00:00,90.7575,89.6506658309511
2025-12-21 05:00:00+00:00,93.8,89.98837241301004
2025-12-21 06:00:00+00:00,100.34,99.24604080935218
2025-12-21 07:00:00+00:00,103.345,108.61950690757816
2025-12-21 08:00:00+00:00,104.63,108.83618272058
2025-12-21 09:00:00+00:00,106.1,105.46400663727947
2025-12-21 10:00:00+00:00,106.09,102.82382846767874
2025-12-21 11:00:00+00:00,106.9675,104.1385964426442
2025-12-21 12:00:00+00:00,106.2025,105.81367635846306
2025-12-21 13:00:00+00:00,108.57,109.84855296641017
2025-12-21 14:00:00+00:00,110.535,119.48828971443949
2025-12-21 15:00:00+00:00,118.2225,119.71826154487275
2025-12-21 16:00:00+00:00,121.2125,125.69362409463173
2025-12-21 17:00:00+00:00,121.565,125.93310500788621
2025-12-21 18:00:00+00:00,121.565,124.3721075106473
2025-12-21 19:00:00+00:00,117.2275,115.72409017417834
2025-12-21 20:00:00+00:00,116.775,111.46162487303265
2025-12-21 21:00:00+00:00,106.08,109.21076901203952
2025-12-21 22:00:00+00:00,95.9925,99.1935209176169
2025-12-21 23:00:00+00:00,90.9525,94.15010458482871
2025-12-22 00:00:00+00:00,88.5775,88.09016112256599
2025-12-22 01:00:00+00:00,88.36,86.79864591577945
2025-12-22 02:00:00+00:00,85.84,86.49751027147767
2025-12-22 03:00:00+00:00,89.3075,86.19940934930614
2025-12-22 04:00:00+00:00,97.595,91.94155354687213
2025-12-22 05:00:00+00:00,109.9425,108.68006202695543
2025-12-22 06:00:00+00:00,135.195,126.2343330479394
2025-12-22 07:00:00+00:00,125.06,140.73692166602686
2025-12-22 08:00:00+00:00,122.1,129.74960010301703
2025-12-22 09:00:00+00:00,119.4325,126.67833812500386
2025-12-22 10:00:00+00:00,118.3075,118.20104929574681
2025-12-22 11:00:00+00:00,116.7225,119.13227934773013
2025-12-22 12:00:00+00:00,117.2525,119.63520856496655
2025-12-22 13:00:00+00:00,122.6925,125.82159367280553
2025-12-22 14:00:00+00:00,139.1175,144.39945376828888
2025-12-22 15:00:00+00:00,145.0075,155.47679928193713
2025-12-22 16:00:00+00:00,151.0,157.04403119386953
2025-12-22 17:00:00+00:00,140.0075,158.75927884041363
2025-12-22 18:00:00+00:00,141.0,146.59213721320322
2025-12-22 19:00:00+00:00,121.5875,131.10404927792314
2025-12-22 20:00:00+00:00,118.675,117.55170713118892
2025-12-22 21:00:00+00:00,103.9475,109.3216002673087
2025-12-22 22:00:00+00:00,92.2175,98.16505828657736
2025-12-22 23:00:00+00:00,82.485,91.06061880344105
2025-12-23 00:00:00+00:00,83.625,83.56571316337867
2025-12-23 01:00:00+00:00,83.495,84.31960028624597
2025-12-23 02:00:00+00:00,82.03,83.94621241415547
2025-12-23 03:00:00+00:00,83.2525,85.81836421542293
2025-12-23 04:00:00+00:00,100.7,93.46446910312507
2025-12-23 05:00:00+00:00,108.2575,120.81667326288193
2025-12-23 06:00:00+00:00,130.9725,133.30332444288752
2025-12-23 07:00:00+00:00,142.5875,138.68369694499725
2025-12-23 08:00:00+00:00,122.91,137.35615089791057
2025-12-23 09:00:00+00:00,119.655,121.009794586475
2025-12-23 10:00:00+00:00,102.58,119.64514041207572
2025-12-23 11:00:00+00:00,113.2975,107.16877479556017
2025-12-23 12:00:00+00:00,109.7,120.2208849762092
2025-12-23 13:00:00+00:00,121.31,122.8607892253556
2025-12-23 14:00:00+00:00,151.0025,142.87207300004738
2025-12-23 15:00:00+00:00,157.1825,198.98504817315677
2025-12-23 16:00:00+00:00,173.0025,167.08772176183885
2025-12-23 17:00:00+00:00,156.4925,173.0764441069059
2025-12-23 18:00:00+00:00,149.0,165.04784668325127
2025-12-23 19:00:00+00:00,130.0575,131.31094783530972
2025-12-23 20:00:00+00:00,112.0725,121.86493039734125
2025-12-23 21:00:00+00:00,112.79,108.35850405983724
2025-12-23 22:00:00+00:00,96.19,105.82879262948978
2025-12-23 23:00:00+00:00,95.3425,91.55260875052967
2025-12-24 00:00:00+00:00,88.0775,92.24342080795073
2025-12-24 01:00:00+00:00,85.92,87.90047831704696
2025-12-24 02:00:00+00:00,79.235,87.76222306568023
2025-12-24 03:00:00+00:00,80.0,82.1277123833427
2025-12-24 04:00:00+00:00,86.5025,89.20617207915856
2025-12-24 05:00:00+00:00,102.46,97.76889329094786
2025-12-24 06:00:00+00:00,114.6275,125.22974514491852
2025-12-24 07:00:00+00:00,139.10500000000002,134.06164170465865
2025-12-24 08:00:00+00:00,123.0025,137.7273424301398
2025-12-24 09:00:00+00:00,137.3275,127.19629603755224
2025-12-24 10:00:00+00:00,144.865,133.3187860902841
2025-12-24 11:00:00+00:00,152.845,139.10570101453976
2025-12-24 12:00:00+00:00,137.1675,145.13735161049104
2025-12-24 13:00:00+00:00,126.2925,139.416909766179
2025-12-24 14:00:00+00:00,116.0,143.29346638895078
2025-12-24 15:00:00+00:00,116.1525,144.10241561726457
2025-12-24 16:00:00+00:00,116.345,144.88382240353826
2025-12-24 17:00:00+00:00,98.1275,141.20260022229687
2025-12-24 18:00:00+00:00,98.1275,120.16760534888071
2025-12-24 19:00:00+00:00,91.16,109.16952870992537
2025-12-24 20:00:00+00:00,85.8575,96.27400313953825
2025-12-24 21:00:00+00:00,81.7,88.76887636556276
2025-12-24 22:00:00+00:00,67.405,81.44555079182891
2025-12-24 23:00:00+00:00,74.4925,73.81910511944633
2025-12-25 00:00:00+00:00,72.935,75.30493368123331
2025-12-25 01:00:00+00:00,78.5325,74.35298891438664
2025-12-25 02:00:00+00:00,70.22,77.9297635617978
2025-12-25 03:00:00+00:00,76.075,78.43641460436706
2025-12-25 04:00:00+00:00,79.4875,81.8353042023498
2025-12-25 05:00:00+00:00,81.6225,95.6731997098047
2025-12-25 06:00:00+00:00,83.725,100.75497822801934
2025-12-25 07:00:00+00:00,80.9975,102.55547666349472
2025-12-25 08:00:00+00:00,81.05250000000001,92.8333522593692
2025-12-25 09:00:00+00:00,78.3075,86.67744196067021
2025-12-25 10:00:00+00:00,76.19749999999999,83.87777969922406
2025-12-25 11:00:00+00:00,77.52250000000001,83.97337845378598
2025-12-25 12:00:00+00:00,81.2975,93.98439539188175
2025-12-25 13:00:00+00:00,86.75,96.70882144260057
2025-12-25 14:00:00+00:00,100.97,110.21426201299145
2025-12-25 15:00:00+00:00,105.14,130.00786838384107
2025-12-25 16:00:00+00:00,105.6,127.64721499304267
2025-12-25 17:00:00+00:00,107.1675,123.92971142223901
2025-12-25 18:00:00+00:00,109.345,124.38990297099222
2025-12-25 19:00:00+00:00,110.8475,113.98092292840698
2025-12-25 20:00:00+00:00,108.235,108.09155096955197
2025-12-25 21:00:00+00:00,105.0925,106.13179080089802
2025-12-25 22:00:00+00:00,96.37,97.90981096707932
2025-12-25 23:00:00+00:00,97.1,92.79471209453256
2025-12-26 00:00:00+00:00,91.0525,95.5668404199012
2025-12-26 01:00:00+00:00,85.8625,91.17678864288166
2025-12-26 02:00:00+00:00,83.2425,87.75982571956995
2025-12-26 03:00:00+00:00,83.0575,85.40774734069397
2025-12-26 04:00:00+00:00,83.725,86.69435930721914
2025-12-26 05:00:00+00:00,85.17750000000001,91.78119973782412
2025-12-26 06:00:00+00:00,95.1025,102.47878373012469
2025-12-26 07:00:00+00:00,99.305,99.04443305982973
2025-12-26 08:00:00+00:00,96.9725,99.80454254454624
2025-12-26 09:00:00+00:00,89.25,93.71960829454586
2025-12-26 10:00:00+00:00,84.9925,88.2000962127687
2025-12-26 11:00:00+00:00,82.3125,88.56114663653598
2025-12-26 12:00:00+00:00,83.2825,89.37238112606735
2025-12-26 13:00:00+00:00,93.7275,94.54749756431393
2025-12-26 14:00:00+00:00,111.655,105.26893284598854
2025-12-26 15:00:00+00:00,118.925,127.856421735072
2025-12-26 16:00:00+00:00,122.295,129.62772316371127
2025-12-26 17:00:00+00:00,118.1775,130.12932280593324
2025-12-26 18:00:00+00:00,117.4275,126.64322141104134
2025-12-26 19:00:00+00:00,115.1025,111.89268537482563
2025-12-26 20:00:00+00:00,112.895,109.94651045121937
2025-12-26 21:00:00+00:00,109.225,107.18868839028458
2025-12-26 22:00:00+00:00,99.895,104.80226667371797
2025-12-26 23:00:00+00:00,96.98,95.32521810642251
2025-12-27 00:00:00+00:00,91.9675,94.98421042948443
2025-12-27 01:00:00+00:00,84.9825,89.33974428933742
2025-12-27 02:00:00+00:00,83.55250000000001,83.08244216712609
2025-12-27 03:00:00+00:00,84.9725,83.46629698342659
2025-12-27 04:00:00+00:00,84.10249999999999,84.66595581214398
2025-12-27 05:00:00+00:00,90.3825,86.18511298815933
2025-12-27 06:00:00+00:00,101.37,95.27881506336892
2025-12-27 07:00:00+00:00,101.5925,101.20908015743879
2025-12-27 08:00:00+00:00,90.775,83.29388770186647
2025-12-27 09:00:00+00:00,71.815,81.40123047974808
2025-12-27 10:00:00+00:00,68.79249999999999,63.729550402024245
2025-12-27 11:00:00+00:00,66.0525,64.15442990268846
2025-12-27 12:00:00+00:00,72.1925,64.83944252112677
2025-12-27 13:00:00+00:00,91.1475,82.55199097199822
2025-12-27 14:00:00+00:00,109.0175,106.72902302178612
2025-12-27 15:00:00+00:00,118.905,120.852695058054
2025-12-27 16:00:00+00:00,123.3,125.46818699597458
2025-12-27 17:00:00+00:00,125.6025,135.90847195331912
2025-12-27 18:00:00+00:00,129.2725,130.16079077751678
2025-12-27 19:00:00+00:00,127.45,119.37761436712866
2025-12-27 20:00:00+00:00,108.05,117.46202316931326
2025-12-27 21:00:00+00:00,100.98,106.63405154709837
2025-12-27 22:00:00+00:00,94.01,97.4502215502899
2025-12-27 23:00:00+00:00,91.855,91.03832382954936
2025-12-28 00:00:00+00:00,86.6075,90.38494777886972
2025-12-28 01:00:00+00:00,84.14,86.12984528187172
2025-12-28 02:00:00+00:00,82.6,82.72432013639371
2025-12-28 03:00:00+00:00,83.375,83.07353205178684
2025-12-28 04:00:00+00:00,86.4425,84.31119660178929
2025-12-28 05:00:00+00:00,88.72,89.34570684069402
2025-12-28 06:00:00+00:00,95.97,92.79878186661699
2025-12-28 07:00:00+00:00,90.8575,88.79403470707925
2025-12-28 08:00:00+00:00,74.6925,74.96997600364023
2025-12-28 09:00:00+00:00,17.05,58.229553164382715
2025-12-28 10:00:00+00:00,25.1,22.19113084700397
2025-12-28 11:00:00+00:00,29.4925,26.52692868927979
2025-12-28 12:00:00+00:00,60.245000000000005,35.85897574198205
2025-12-28 13:00:00+00:00,83.3275,76.90098983584885
2025-12-28 14:00:00+00:00,102.0975,97.51922238867384
2025-12-28 15:00:00+00:00,112.325,117.60607994272036
2025-12-28 16:00:00+00:00,114.7525,119.87452353342108
2025-12-28 17:00:00+00:00,115.39,122.48478008595146
2025-12-28 18:00:00+00:00,110.1425,122.99599832654276
2025-12-28 19:00:00+00:00,105.01,113.7852141312962
2025-12-28 20:00:00+00:00,99.0275,100.36036267896684
2025-12-28 21:00:00+00:00,98.2825,96.94422819053662
2025-12-28 22:00:00+00:00,89.6275,94.73296038663841
2025-12-28 23:00:00+00:00,90.295,90.51533907000469
2025-12-29 00:00:00+00:00,86.9275,91.7966618617701
2025-12-29 01:00:00+00:00,84.745,91.42611708743554
2025-12-29 02:00:00+00:00,82.19,85.10403859922259
2025-12-29 03:00:00+00:00,84.015,85.24445262368037
2025-12-29 04:00:00+00:00,90.7925,85.85843053672104
2025-12-29 05:00:00+00:00,96.3325,96.19244703093271
2025-12-29 06:00:00+00:00,108.2725,110.45981723171398
2025-12-29 07:00:00+00:00,102.295,109.55299714842913
2025-12-29 08:00:00+00:00,79.8475,95.29120071849385
2025-12-29 09:00:00+00:00,70.3,78.20500634078545
2025-12-29 10:00:00+00:00,58.4,70.44620919466786
2025-12-29 11:00:00+00:00,75.1,48.10463162490942
2025-12-29 12:00:00+00:00,87.5725,78.94437588564107
2025-12-29 13:00:00+00:00,104.1175,96.6857901407775
2025-12-29 14:00:00+00:00,125.0,123.5066686048095
2025-12-29 15:00:00+00:00,151.7225,147.09119760499124
2025-12-29 16:00:00+00:00,145.06,151.77082611433272
2025-12-29 17:00:00+00:00,144.335,149.69684564423443
2025-12-29 18:00:00+00:00,146.99,146.97191091929085
2025-12-29 19:00:00+00:00,125.7,121.16694439363873
2025-12-29 20:00:00+00:00,121.605,111.03704848135841
2025-12-29 21:00:00+00:00,114.4,107.64788280728078
2025-12-29 22:00:00+00:00,90.0575,105.96192731240443
2025-12-29 23:00:00+00:00,94.7025,86.60202946240913
2025-12-30 00:00:00+00:00,81.6275,91.3838227706479
2025-12-30 01:00:00+00:00,80.2525,81.59073065683839
2025-12-30 02:00:00+00:00,79.1425,81.55362675940216
2025-12-30 03:00:00+00:00,77.0725,79.28549382049948
2025-12-30 04:00:00+00:00,91.97,81.080180489034
2025-12-30 05:00:00+00:00,104.855,99.04954788462074
2025-12-30 06:00:00+00:00,108.2725,109.77982387680252
2025-12-30 07:00:00+00:00,90.975,104.51313261019925
2025-12-30 08:00:00+00:00,90.49,79.75579109993514
2025-12-30 09:00:00+00:00,72.86500000000001,73.22817326485585
2025-12-30 10:00:00+00:00,40.565,67.86838263867433
2025-12-30 11:00:00+00:00,72.0425,47.05847102280358
2025-12-30 12:00:00+00:00,77.045,75.79999193120445
2025-12-30 13:00:00+00:00,90.2075,91.39668034660309
2025-12-30 14:00:00+00:00,111.095,107.99798892585191
2025-12-30 15:00:00+00:00,118.0,139.34049814725049
2025-12-30 16:00:00+00:00,122.21,137.08894254235875
2025-12-30 17:00:00+00:00,122.7675,135.69357952806206
2025-12-30 18:00:00+00:00,131.1225,137.91804025476628
2025-12-30 19:00:00+00:00,120.3175,123.63450371297975
2025-12-30 20:00:00+00:00,112.405,112.52033285390773
2025-12-30 21:00:00+00:00,109.45,109.85909849450243
2025-12-30 22:00:00+00:00,85.97749999999999,103.63426229402734
2025-12-30 23:00:00+00:00,86.31,86.14970214953043
2025-12-31 00:00:00+00:00,84.715,84.5577435442855
2025-12-31 01:00:00+00:00,80.24000000000001,82.45769680597725
2025-12-31 02:00:00+00:00,76.58,80.25491167850335
2025-12-31 03:00:00+00:00,74.9325,77.57025296420935
2025-12-31 04:00:00+00:00,77.3775,79.48567678828857
2025-12-31 05:00:00+00:00,81.9425,88.86804436628944
2025-12-31 06:00:00+00:00,87.7975,95.34756613892985
2025-12-31 07:00:00+00:00,96.825,101.86383535281337
2025-12-31 08:00:00+00:00,95.9475,97.36700877643821
2025-12-31 09:00:00+00:00,85.7475,93.02518423597344
2025-12-31 10:00:00+00:00,83.1825,90.86090116487735
2025-12-31 11:00:00+00:00,83.0475,95.01066299628447
2025-12-31 12:00:00+00:00,85.17,91.83264600361906
2025-12-31 13:00:00+00:00,99.9525,94.12420806891924
2025-12-31 14:00:00+00:00,124.65,108.31654293509985
2025-12-31 15:00:00+00:00,174.7725,136.50864448214273
2025-12-31 16:00:00+00:00,144.65,151.91721201379704
2025-12-31 17:00:00+00:00,141.145,141.73342366659878
2025-12-31 18:00:00+00:00,121.0,140.44327540406567
2025-12-31 19:00:00+00:00,113.6675,113.13869554526646
2025-12-31 20:00:00+00:00,111.2,108.4575412757094
2025-12-31 21:00:00+00:00,108.0025,106.41641027607528
2025-12-31 22:00:00+00:00,89.7275,104.05327723349073
2025-12-31 23:00:00+00:00,98.1,86.27355409209126
2026-01-01 00:00:00+00:00,93.945,95.67632178099913
2026-01-01 01:00:00+00:00,88.0575,89.15980183330808
2026-01-01 02:00:00+00:00,77.9925,84.729420947775
2026-01-01 03:00:00+00:00,72.0675,77.29586868364498
2026-01-01 04:00:00+00:00,70.27,79.31567427307122
2026-01-01 05:00:00+00:00,81.2375,79.45144773271447
2026-01-01 06:00:00+00:00,67.225,84.16540574973429
2026-01-01 07:00:00+00:00,42.94,61.52133186002854
2026-01-01 08:00:00+00:00,34.345,33.845062537908625
2026-01-01 09:00:00+00:00,18.1125,24.1148178548651
2026-01-01 10:00:00+00:00,26.495,21.577690996521916
2026-01-01 11:00:00+00:00,28.2075,26.34289547543585
2026-01-01 12:00:00+00:00,36.2275,29.736026781417102
2026-01-01 13:00:00+00:00,57.2075,71.67839344854018
2026-01-01 14:00:00+00:00,100.845,93.21162911393345
2026-01-01 15:00:00+00:00,111.455,120.91087747605634
2026-01-01 16:00:00+00:00,120.0,129.32334255653598
2026-01-01 17:00:00+00:00,120.3175,136.35832388665608
2026-01-01 18:00:00+00:00,120.4125,125.29682677469081
2026-01-01 19:00:00+00:00,119.365,113.3982755383764
2026-01-01 20:00:00+00:00,115.0,111.13684350919254
2026-01-01 21:00:00+00:00,109.28,107.1129482635717
2026-01-01 22:00:00+00:00,97.375,101.66414734209106
2026-01-01 23:00:00+00:00,91.1075,93.35432977867868
2026-01-02 00:00:00+00:00,86.22,88.97500616145857
2026-01-02 01:00:00+00:00,78.39750000000001,85.60484885292527
2026-01-02 02:00:00+00:00,76.865,76.94960287191606
2026-01-02 03:00:00+00:00,79.6475,76.76323565171896
2026-01-02 04:00:00+00:00,86.025,78.80984306184959
2026-01-02 05:00:00+00:00,105.4425,86.37090160673894
2026-01-02 06:00:00+00:00,104.0525,102.15666073175902
2026-01-02 07:00:00+00:00,96.11,100.15489745091594
2026-01-02 08:00:00+00:00,91.0025,86.90320220615966
2026-01-02 09:00:00+00:00,85.465,83.54347530250742
2026-01-02 10:00:00+00:00,83.0075,80.27149910667197
2026-01-02 11:00:00+00:00,60.0,80.62284308430011
2026-01-02 12:00:00+00:00,82.2575,59.63692312035837
2026-01-02 13:00:00+00:00,92.85,85.07997469837976
2026-01-02 14:00:00+00:00,106.0125,101.14726444741419
2026-01-02 15:00:00+00:00,116.225,110.00659366654702
2026-01-02 16:00:00+00:00,117.9625,120.21111646703407
2026-01-02 17:00:00+00:00,116.28,120.79406220956926
2026-01-02 18:00:00+00:00,118.22,116.22248727074202
2026-01-02 19:00:00+00:00,114.9975,108.14476678360066
2026-01-02 20:00:00+00:00,103.55,106.84495302845525
2026-01-02 21:00:00+00:00,95.1825,100.3883199711611
2026-01-02 22:00:00+00:00,83.2675,89.39294257664343
2026-01-02 23:00:00+00:00,80.42750000000001,79.48601126838355
2026-01-03 00:00:00+00:00,80.03,80.38895889239797
2026-01-03 01:00:00+00:00,80.755,79.0858976358069
2026-01-03 02:00:00+00:00,79.805,80.61803949770882
2026-01-03 03:00:00+00:00,77.38,78.46218518807423
2026-01-03 04:00:00+00:00,76.2975,78.22737577810437
2026-01-03 05:00:00+00:00,79.305,80.25428436700805
2026-01-03 06:00:00+00:00,83.9225,84.61149388999866
2026-01-03 07:00:00+00:00,90.69,83.2611635383107
2026-01-03 08:00:00+00:00,88.85249999999999,87.63132951670406
2026-01-03 09:00:00+00:00,85.185,79.8264985723758
2026-01-03 10:00:00+00:00,85.1075,78.48683778919718
2026-01-03 11:00:00+00:00,83.905,76.76171462651116
2026-01-03 12:00:00+00:00,80.465,83.40137777822291
2026-01-03 13:00:00+00:00,83.515,87.77307645320838
2026-01-03 14:00:00+00:00,94.865,93.6493866485114
2026-01-03 15:00:00+00:00,108.105,106.52168154723209
2026-01-03 16:00:00+00:00,111.725,112.37280074314764
2026-01-03 17:00:00+00:00,111.825,113.39662000841997
2026-01-03 18:00:00+00:00,109.0325,114.86469040876636
2026-01-03 19:00:00+00:00,103.1025,105.10926688571429
2026-01-03 20:00:00+00:00,96.035,97.30025126325674
2026-01-03 21:00:00+00:00,89.94,91.67872336713555
2026-01-03 22:00:00+00:00,82.27250000000001,85.61004180628176
2026-01-03 23:00:00+00:00,84.7525,78.4057443771765
2026-01-04 00:00:00+00:00,85.33,80.77042938992889
2026-01-04 01:00:00+00:00,85.0425,80.80177773689877
2026-01-04 02:00:00+00:00,83.915,80.41015482882204
2026-01-04 03:00:00+00:00,82.5575,79.58954948132964
2026-01-04 04:00:00+00:00,83.4075,81.79526314450453
2026-01-04 05:00:00+00:00,83.9575,81.84319811410043
2026-01-04 06:00:00+00:00,86.84,81.69876689980346
2026-01-04 07:00:00+00:00,88.4,84.11096865653826
2026-01-04 08:00:00+00:00,86.0175,77.16251199715686
2026-01-04 09:00:00+00:00,77.925,62.94974776424349
2026-01-04 10:00:00+00:00,60.0,57.84922526866821
2026-01-04 11:00:00+00:00,78.35,55.9498660265519
2026-01-04 12:00:00+00:00,86.2775,71.10843333797575
2026-01-04 13:00:00+00:00,93.055,84.04082112375468
2026-01-04 14:00:00+00:00,94.7925,95.12343360885242
2026-01-04 15:00:00+00:00,113.5125,99.27769897883161
2026-01-04 16:00:00+00:00,118.425,110.67139430057642
2026-01-04 17:00:00+00:00,121.18,119.80280145271833
2026-01-04 18:00:00+00:00,104.065,119.94430616832348
2026-01-04 19:00:00+00:00,102.855,98.14255298311909
2026-01-04 20:00:00+00:00,100.195,97.47934460484285
2026-01-04 21:00:00+00:00,96.565,95.13971469143638
2026-01-04 22:00:00+00:00,85.005,90.2105454334048
2026-01-04 23:00:00+00:00,26.225,79.89420123483418
2026-01-05 00:00:00+00:00,26.0075,32.087061985372934
2026-01-05 01:00:00+00:00,16.695,31.711288410090184
2026-01-05 02:00:00+00:00,27.0175,41.85499718541883
2026-01-05 03:00:00+00:00,52.67,32.64006821082399
2026-01-05 04:00:00+00:00,74.7725,60.98134207003441
2026-01-05 05:00:00+00:00,84.055,80.10578584943045
2026-01-05 06:00:00+00:00,87.805,91.0162542902783
2026-01-05 07:00:00+00:00,86.8125,94.96123262327792
2026-01-05 08:00:00+00:00,81.9425,86.07163846679612
2026-01-05 09:00:00+00:00,73.425,79.44818400568364
2026-01-05 10:00:00+00:00,76.325,68.78652328487239
2026-01-05 11:00:00+00:00,77.0625,75.4775821716938
2026-01-05 12:00:00+00:00,79.895,83.22830519076516
2026-01-05 13:00:00+00:00,79.1175,90.11055546839908
2026-01-05 14:00:00+00:00,87.7525,92.58252411764835
2026-01-05 15:00:00+00:00,96.9725,106.69281473378844
2026-01-05 16:00:00+00:00,105.2075,112.6590528176543
2026-01-05 17:00:00+00:00,95.6075,115.54904455576842
2026-01-05 18:00:00+00:00,93.915,99.71051021551366
2026-01-05 19:00:00+00:00,91.1,92.13474158705041
2026-01-05 20:00:00+00:00,87.9375,87.16458778061387
2026-01-05 21:00:00+00:00,84.705,87.16430343652748
2026-01-05 22:00:00+00:00,76.58250000000001,80.2512450301582
2026-01-05 23:00:00+00:00,84.13,60.93362284988237
2026-01-06 00:00:00+00:00,84.42,82.3403683563202
2026-01-06 01:00:00+00:00,83.8575,81.75672877020058
2026-01-06 02:00:00+00:00,84.07,81.8629430818645
2026-01-06 03:00:00+00:00,87.11,81.17490769510505
2026-01-06 04:00:00+00:00,91.825,83.96185195667344
2026-01-06 05:00:00+00:00,91.915,91.15057864632821
2026-01-06 06:00:00+00:00,94.6925,91.26903878754318
2026-01-06 07:00:00+00:00,74.6025,89.42930066522312
2026-01-06 08:00:00+00:00,76.015,72.69374721750002
2026-01-06 09:00:00+00:00,67.8675,62.23779267842627
2026-01-06 10:00:00+00:00,67.4325,61.289089656819606
2026-01-06 11:00:00+00:00,68.715,62.85793781284181
2026-01-06 12:00:00+00:00,81.735,70.82776106982352
2026-01-06 13:00:00+00:00,85.9075,87.98186320846305
2026-01-06 14:00:00+00:00,86.0325,95.30386281715502
2026-01-06 15:00:00+00:00,90.685,97.98771814781126
2026-01-06 16:00:00+00:00,96.97,94.91202741385587
2026-01-06 17:00:00+00:00,94.79,97.86581785682692
2026-01-06 18:00:00+00:00,91.4675,93.797265435502
2026-01-06 19:00:00+00:00,94.6825,89.52348654035163
2026-01-06 20:00:00+00:00,95.2425,89.46528972917329
2026-01-06 21:00:00+00:00,90.86,88.97121719938836
2026-01-06 22:00:00+00:00,86.4975,84.39011212015488
2026-01-06 23:00:00+00:00,83.9175,82.67452392059647
2026-01-07 00:00:00+00:00,83.53999999999999,81.99831614911587
2026-01-07 01:00:00+00:00,81.405,81.8039063454784
2026-01-07 02:00:00+00:00,81.2475,80.93452243044871
2026-01-07 03:00:00+00:00,84.6975,81.51439607042957
2026-01-07 04:00:00+00:00,87.7825,85.39698834286675
2026-01-07 05:00:00+00:00,116.56,90.61917739131303
2026-01-07 06:00:00+00:00,113.9925,105.68608586229811
2026-01-07 07:00:00+00:00,88.195,105.37139157736486
2026-01-07 08:00:00+00:00,83.8425,85.6315291075631
2026-01-07 09:00:00+00:00,76.7175,73.28380400546177
2026-01-07 10:00:00+00:00,65.0,69.27548419028248
2026-01-07 11:00:00+00:00,74.725,53.92948927160771
2026-01-07 12:00:00+00:00,86.9675,77.01237372199733
2026-01-07 13:00:00+00:00,109.18,91.63971912089535
2026-01-07 14:00:00+00:00,92.4825,112.93394549498436
2026-01-07 15:00:00+00:00,107.2975,103.75468788247345
2026-01-07 16:00:00+00:00,110.795,105.20134491000582
2026-01-07 17:00:00+00:00,94.34,106.63334365521416
2026-01-07 18:00:00+00:00,93.8725,93.72046797456315
2026-01-07 19:00:00+00:00,96.4375,91.77447763741404
2026-01-07 20:00:00+00:00,92.7775,92.19705983837568
2026-01-07 21:00:00+00:00,86.21,89.13283008017657
2026-01-07 22:00:00+00:00,84.69749999999999,80.5828937237137
2026-01-07 23:00:00+00:00,71.8375,77.1545020595443
2026-01-08 00:00:00+00:00,76.5775,72.76504691926661
2026-01-08 01:00:00+00:00,78.1275,73.82422953246476
2026-01-08 02:00:00+00:00,79.495,71.7880036717083
2026-01-08 03:00:00+00:00,80.08,71.35921990395433
2026-01-08 04:00:00+00:00,88.77000000000001,75.75207042421239
2026-01-08 05:00:00+00:00,97.82,93.17043280304878
2026-01-08 06:00:00+00:00,93.9875,101.05119935213038
2026-01-08 07:00:00+00:00,57.64,85.12679345214333
2026-01-08 08:00:00+00:00,17.2875,48.073987588622224
2026-01-08 09:00:00+00:00,0.0,29.188554413221265
2026-01-08 10:00:00+00:00,0.0,5.678323037940645
2026-01-08 11:00:00+00:00,0.0,7.5610310348865255
2026-01-08 12:00:00+00:00,0.0525,8.80764021732816
2026-01-08 13:00:00+00:00,48.6225,23.104645691543354
2026-01-08 14:00:00+00:00,78.1825,73.73930433471772
2026-01-08 15:00:00+00:00,89.33500000000001,95.3919816203725
2026-01-08 16:00:00+00:00,115.7225,97.58577411018354
2026-01-08 17:00:00+00:00,116.745,122.95807135157703
2026-01-08 18:00:00+00:00,144.4375,120.38309488431665
2026-01-08 19:00:00+00:00,127.2,120.99127212064889
2026-01-08 20:00:00+00:00,104.3875,107.45303005417256
2026-01-08 21:00:00+00:00,99.645,97.51003965182514
2026-01-08 22:00:00+00:00,96.8275,93.02639131782247
2026-01-08 23:00:00+00:00,90.0,90.6395060377681
2026-01-09 00:00:00+00:00,89.32249999999999,86.64268454774542
2026-01-09 01:00:00+00:00,90.0,86.5736096550764
2026-01-09 02:00:00+00:00,87.455,86.7677214615144
2026-01-09 03:00:00+00:00,92.06,86.99435183226181
2026-01-09 04:00:00+00:00,110.055,91.59686342953209
2026-01-09 05:00:00+00:00,128.36,117.08290388583353
2026-01-09 06:00:00+00:00,144.46,120.93255329813506
2026-01-09 07:00:00+00:00,107.5225,121.40600721042671
2026-01-09 08:00:00+00:00,82.085,93.14896786532934
2026-01-09 09:00:00+00:00,74.20750000000001,74.4930340909064
2026-01-09 10:00:00+00:00,79.9075,70.53273807564284
2026-01-09 11:00:00+00:00,83.0375,62.37224031370798
2026-01-09 12:00:00+00:00,100.385,82.0800994456247
2026-01-09 13:00:00+00:00,110.3875,102.88063492265661
2026-01-09 14:00:00+00:00,130.1875,114.15570721045741
2026-01-09 15:00:00+00:00,143.6125,132.94440990763297
2026-01-09 16:00:00+00:00,135.5625,134.89096367715263
2026-01-09 17:00:00+00:00,133.75,136.43284404596474
2026-01-09 18:00:00+00:00,130.0475,138.06622636163505
2026-01-09 19:00:00+00:00,126.4125,110.2720611617322
2026-01-09 20:00:00+00:00,126.18,111.74744442395385
2026-01-09 21:00:00+00:00,111.375,108.60880156325628
2026-01-09 22:00:00+00:00,97.0,102.80110973833317
2026-01-09 23:00:00+00:00,78.095,92.74110888164964
2026-01-10 00:00:00+00:00,80.5775,77.25942987141062
2026-01-10 01:00:00+00:00,80.905,80.51960384081595
2026-01-10 02:00:00+00:00,85.2375,80.4449389320328
2026-01-10 03:00:00+00:00,85.1375,82.81630172638461
2026-01-10 04:00:00+00:00,77.2375,83.83270745849559
2026-01-10 05:00:00+00:00,82.81,81.06889410285555
2026-01-10 06:00:00+00:00,105.5425,88.79906993056497
2026-01-10 07:00:00+00:00,89.9825,99.99328911787201
2026-01-10 08:00:00+00:00,86.9375,81.52242980980367
2026-01-10 09:00:00+00:00,62.815,78.9709543953474
2026-01-10 10:00:00+00:00,70.0,62.79691015605774
2026-01-10 11:00:00+00:00,68.58500000000001,75.00046349689012
2026-01-10 12:00:00+00:00,61.875,71.85208640753095
2026-01-10 13:00:00+00:00,69.795,83.97989980775296
2026-01-10 14:00:00+00:00,87.7,96.3498337011827
2026-01-10 15:00:00+00:00,108.8025,104.5982053899958
2026-01-10 16:00:00+00:00,124.7675,118.5741156770744
2026-01-10 17:00:00+00:00,114.1875,127.55499093593906
2026-01-10 18:00:00+00:00,110.855,123.08818401321048
2026-01-10 19:00:00+00:00,94.04,111.70608316312057
2026-01-10 20:00:00+00:00,86.3775,101.23235553355966
2026-01-10 21:00:00+00:00,83.1925,89.75406725176902
2026-01-10 22:00:00+00:00,63.57,80.65332845628717
2026-01-10 23:00:00+00:00,83.2325,61.33010630659172
2026-01-11 00:00:00+00:00,83.965,83.11624389546256
2026-01-11 01:00:00+00:00,82.1425,83.47887219470904
2026-01-11 02:00:00+00:00,84.72,82.55596839369441
2026-01-11 03:00:00+00:00,82.68,83.30081701940372
2026-01-11 04:00:00+00:00,82.26,83.80692134105153
2026-01-11 05:00:00+00:00,81.6025,84.20304847028905
2026-01-11 06:00:00+00:00,84.15,87.73842608848004
2026-01-11 07:00:00+00:00,76.6125,78.1060256964587
2026-01-11 08:00:00+00:00,52.625,75.94481211942697
2026-01-11 09:00:00+00:00,57.585,50.01766222528261
2026-01-11 10:00:00+00:00,76.9925,52.05905597301252
2026-01-11 11:00:00+00:00,95.35,72.18712254426981
2026-01-11 12:00:00+00:00,91.1975,87.64841077028312
2026-01-11 13:00:00+00:00,85.8975,91.18728278516029
2026-01-11 14:00:00+00:00,87.08,93.93939150465539
2026-01-11 15:00:00+00:00,115.7225,99.55454638492049
2026-01-11 16:00:00+00:00,121.735,123.80799413330642
2026-01-11 17:00:00+00:00,121.2625,124.15603255143796
2026-01-11 18:00:00+00:00,123.555,121.93774465622333
2026-01-11 19:00:00+00:00,112.83,108.51970203605516
2026-01-11 20:00:00+00:00,87.0025,104.59148870872566
2026-01-11 21:00:00+00:00,83.5575,85.30591079293941
2026-01-11 22:00:00+00:00,80.5325,79.38733629777238
2026-01-11 23:00:00+00:00,82.085,77.90101008101385
2026-01-12 00:00:00+00:00,80.6725,78.937296721424
2026-01-12 01:00:00+00:00,84.5375,78.07244212307064
2026-01-12 02:00:00+00:00,79.4025,80.21880468970906
2026-01-12 03:00:00+00:00,81.2425,79.82034550987038
2026-01-12 04:00:00+00:00,83.9775,84.35039802613008
2026-01-12 05:00:00+00:00,101.83,83.95910031644334
2026-01-12 06:00:00+00:00,137.3275,104.35435879590497
2026-01-12 07:00:00+00:00,87.5925,119.6071362296936
2026-01-12 08:00:00+00:00,61.4225,80.25825265846458
2026-01-12 09:00:00+00:00,55.48,46.8423736854021
2026-01-12 10:00:00+00:00,14.8625,44.389231904927136
2026-01-12 11:00:00+00:00,27.865,43.378874245200635
2026-01-12 12:00:00+00:00,52.5,37.980958633454435
2026-01-12 13:00:00+00:00,61.115,60.98339754894454
2026-01-12 14:00:00+00:00,93.9475,75.05982651846074
2026-01-12 15:00:00+00:00,155.70749999999998,115.9530757029015
2026-01-12 16:00:00+00:00,161.86,146.96572314779252
2026-01-12 17:00:00+00:00,148.96,151.52465061978657
2026-01-12 18:00:00+00:00,150.0375,146.77420257504943
2026-01-12 19:00:00+00:00,150.0025,126.68024917259216
2026-01-12 20:00:00+00:00,142.2225,125.96322900524363
2026-01-12 21:00:00+00:00,104.395,122.50768030841645
2026-01-12 22:00:00+00:00,104.0675,97.5787543186113
2026-01-12 23:00:00+00:00,112.69,97.49039256535711
2026-01-13 00:00:00+00:00,105.2975,107.40625295333456
2026-01-13 01:00:00+00:00,110.15,102.65560969129697
2026-01-13 02:00:00+00:00,104.2625,105.56605264381572
2026-01-13 03:00:00+00:00,113.12,104.14053466606364
2026-01-13 04:00:00+00:00,117.0025,115.35409866164314
2026-01-13 05:00:00+00:00,125.88,120.69960387611557
2026-01-13 06:00:00+00:00,149.0075,135.04883159367418
2026-01-13 07:00:00+00:00,124.805,125.47271556649022
2026-01-13 08:00:00+00:00,99.41,108.07489066869508
2026-01-13 09:00:00+00:00,89.345,90.86009328254697
2026-01-13 10:00:00+00:00,86.4,78.20851482397808
2026-01-13 11:00:00+00:00,84.9425,78.28460821548092
2026-01-13 12:00:00+00:00,86.7375,84.81927758525453
2026-01-13 13:00:00+00:00,97.635,90.13359638329632
2026-01-13 14:00:00+00:00,133.895,105.17763363036758
2026-01-13 15:00:00+00:00,255.39,188.02038950108505
2026-01-13 16:00:00+00:00,378.485,291.1915753400201
2026-01-13 17:00:00+00:00,371.47,269.60220983893555
2026-01-13 18:00:00+00:00,269.7175,265.23203079131656
2026-01-13 19:00:00+00:00,140.0,225.91245435550084
2026-01-13 20:00:00+00:00,134.805,159.97769404004887
2026-01-13 21:00:00+00:00,124.225,122.28427371680112
2026-01-13 22:00:00+00:00,118.02,115.71460124403657
2026-01-13 23:00:00+00:00,100.88,114.54482613549224
2026-01-14 00:00:00+00:00,108.2575,102.11620102650575
2026-01-14 01:00:00+00:00,107.02,109.1399138524758
2026-01-14 02:00:00+00:00,114.195,103.64096480202899
2026-01-14 03:00:00+00:00,94.975,116.78590742773733
2026-01-14 04:00:00+00:00,113.335,110.32501933951698
2026-01-14 05:00:00+00:00,131.0375,131.4458682088133
2026-01-14 06:00:00+00:00,150.0,152.23600142357662
2026-01-14 07:00:00+00:00,104.6625,133.46097064303933
2026-01-14 08:00:00+00:00,86.66499999999999,92.14212552782796
2026-01-14 09:00:00+00:00,80.58,80.18161313282694
2026-01-14 10:00:00+00:00,75.9725,73.15487860061651
2026-01-14 11:00:00+00:00,75.59,74.71214961447497
2026-01-14 12:00:00+00:00,80.6975,78.33362550287843
2026-01-14 13:00:00+00:00,83.2675,91.65898814994263
2026-01-14 14:00:00+00:00,137.6275,107.8842545045704
2026-01-14 15:00:00+00:00,190.0,222.30734983490763
2026-01-14 16:00:00+00:00,283.0,252.90984540906413
2026-01-14 17:00:00+00:00,261.7475,368.6753614919859
2026-01-14 18:00:00+00:00,250.065,294.42546090688296
2026-01-14 19:00:00+00:00,165.2375,219.54032592088478
2026-01-14 20:00:00+00:00,140.2,147.07282140736334
2026-01-14 21:00:00+00:00,124.83,140.19098821141318
2026-01-14 22:00:00+00:00,119.6625,120.13863753592267
2026-01-14 23:00:00+00:00,112.69,108.221358025272
2026-01-15 00:00:00+00:00,114.1425,110.25179430779419
2026-01-15 01:00:00+00:00,109.1875,109.90771489809727
2026-01-15 02:00:00+00:00,95.73,111.9197795062845
2026-01-15 03:00:00+00:00,94.7425,97.98441943166348
2026-01-15 04:00:00+00:00,116.34,105.3869086942874
2026-01-15 05:00:00+00:00,136.5,134.83942808842002
2026-01-15 06:00:00+00:00,151.0,151.8079836357438
2026-01-15 07:00:00+00:00,98.0275,128.91807445803644
2026-01-15 08:00:00+00:00,83.5975,87.39552247093776
2026-01-15 09:00:00+00:00,82.265,68.26901947880644
2026-01-15 10:00:00+00:00,71.3225,67.26638097808112
2026-01-15 11:00:00+00:00,74.695,63.9323668180755
2026-01-15 12:00:00+00:00,83.7475,72.63871989375463
2026-01-15 13:00:00+00:00,86.955,82.83569748139305
2026-01-15 14:00:00+00:00,116.8025,105.48915879663372
2026-01-15 15:00:00+00:00,169.4275,150.03541410537545
2026-01-15 16:00:00+00:00,260.78000000000003,220.77846898200758
2026-01-15 17:00:00+00:00,283.5675,302.03414889787206
2026-01-15 18:00:00+00:00,259.9775,301.39618086610767
2026-01-15 19:00:00+00:00,190.2675,235.66029535714281
2026-01-15 20:00:00+00:00,151.3625,157.16295516824763
2026-01-15 21:00:00+00:00,135.46,150.90558045056088
2026-01-15 22:00:00+00:00,119.2125,126.24009938001811
2026-01-15 23:00:00+00:00,121.5325,116.01219819617367
2026-01-16 00:00:00+00:00,122.375,123.32979492274646
2026-01-16 01:00:00+00:00,118.4125,125.72467951854775
2026-01-16 02:00:00+00:00,117.5375,112.64011528570613
2026-01-16 03:00:00+00:00,113.14,119.46124536381923
2026-01-16 04:00:00+00:00,121.5775,120.0403874271125
2026-01-16 05:00:00+00:00,139.145,140.51864232013145
2026-01-16 06:00:00+00:00,156.3775,165.01068320748578
2026-01-16 07:00:00+00:00,135.735,144.22232198364875
2026-01-16 08:00:00+00:00,91.115,122.861181078142
2026-01-16 09:00:00+00:00,79.4525,85.13231265658709
2026-01-16 10:00:00+00:00,75.48,77.10852242275331
2026-01-16 11:00:00+00:00,77.3825,76.1343767714483
2026-01-16 12:00:00+00:00,83.7875,84.8909794049436
2026-01-16 13:00:00+00:00,97.4675,95.47246309336397
2026-01-16 14:00:00+00:00,144.9975,120.79789552365934
2026-01-16 15:00:00+00:00,182.0625,194.99865868419033
2026-01-16 16:00:00+00:00,203.3975,226.7015797832399
2026-01-16 17:00:00+00:00,180.805,228.11406183890847
2026-01-16 18:00:00+00:00,176.1425,204.1422455684669
2026-01-16 19:00:00+00:00,145.085,159.68293296229453
2026-01-16 20:00:00+00:00,132.0975,131.45778106886573
2026-01-16 21:00:00+00:00,123.725,128.08365848923793
2026-01-16 22:00:00+00:00,99.0025,117.62212820561236
2026-01-16 23:00:00+00:00,101.26,102.66498691937994
2026-01-17 00:00:00+00:00,103.56,105.35786579987207
2026-01-17 01:00:00+00:00,102.5075,105.18403834415604
2026-01-17 02:00:00+00:00,97.6775,105.25204563815747
2026-01-17 03:00:00+00:00,92.245,100.81676517787088
2026-01-17 04:00:00+00:00,92.9225,98.68609997961553
2026-01-17 05:00:00+00:00,96.175,101.15341347602298
2026-01-17 06:00:00+00:00,97.02,111.58367305351412
2026-01-17 07:00:00+00:00,94.5325,109.21319701405685
2026-01-17 08:00:00+00:00,78.3475,94.31094373548318
2026-01-17 09:00:00+00:00,78.5775,73.40614424837023
2026-01-17 10:00:00+00:00,84.83,74.40288386847017
2026-01-17 11:00:00+00:00,85.875,80.04304846760485
2026-01-17 12:00:00+00:00,92.9,86.21632087361411
2026-01-17 13:00:00+00:00,92.4225,96.0436076672289
2026-01-17 14:00:00+00:00,96.5125,110.38774505665988
2026-01-17 15:00:00+00:00,104.425,122.07542534304035
2026-01-17 16:00:00+00:00,137.245,124.50248972668625
2026-01-17 17:00:00+00:00,120.59,147.93160154818344
2026-01-17 18:00:00+00:00,105.28,133.22612700569667
2026-01-17 19:00:00+00:00,93.67,108.9053906960751
2026-01-17 20:00:00+00:00,92.45,100.28414267724138
2026-01-17 21:00:00+00:00,95.955,97.66680648350837
2026-01-17 22:00:00+00:00,82.1875,97.0482948208835
2026-01-17 23:00:00+00:00,77.0,79.8521038006939
2026-01-18 00:00:00+00:00,88.4625,78.55857192859365
2026-01-18 01:00:00+00:00,84.4125,85.32752533417177
2026-01-18 02:00:00+00:00,86.3325,83.01494867886926
2026-01-18 03:00:00+00:00,86.28999999999999,85.45154579986026
2026-01-18 04:00:00+00:00,97.725,85.39316196078347
2026-01-18 05:00:00+00:00,99.515,95.911945129466
2026-01-18 06:00:00+00:00,115.92,98.62429779068009
2026-01-18 07:00:00+00:00,88.91,105.2845302911189
2026-01-18 08:00:00+00:00,79.445,75.53875642362611
2026-01-18 09:00:00+00:00,77.24000000000001,67.17110429674395
2026-01-18 10:00:00+00:00,86.265,75.96385977814057
2026-01-18 11:00:00+00:00,86.095,84.19263127609557
2026-01-18 12:00:00+00:00,78.8775,90.86339488559581
2026-01-18 13:00:00+00:00,84.025,85.8540737796009
2026-01-18 14:00:00+00:00,88.105,91.4128686906758
2026-01-18 15:00:00+00:00,100.4,101.35559717367201
2026-01-18 16:00:00+00:00,143.1125,111.00417254221125
2026-01-18 17:00:00+00:00,148.2075,140.16005624319953
2026-01-18 18:00:00+00:00,145.57,137.41023508191893
2026-01-18 19:00:00+00:00,117.8125,125.0898608077471
2026-01-18 20:00:00+00:00,91.4075,107.99087029317882
2026-01-18 21:00:00+00:00,91.6375,87.7337759713809
2026-01-18 22:00:00+00:00,80.52250000000001,80.61761982060708
2026-01-18 23:00:00+00:00,101.15,80.28987972135674
2026-01-19 00:00:00+00:00,99.7575,100.33714933755478
2026-01-19 01:00:00+00:00,97.8175,98.5743632306216
2026-01-19 02:00:00+00:00,97.3225,95.85021139007709
2026-01-19 03:00:00+00:00,97.29,97.34246854972878
2026-01-19 04:00:00+00:00,98.07,97.15540613681577
2026-01-19 05:00:00+00:00,92.7775,100.69929338037856
2026-01-19 06:00:00+00:00,97.2475,107.53215380160101
2026-01-19 07:00:00+00:00,94.0575,97.3132311495071
2026-01-19 08:00:00+00:00,87.795,86.30839510921591
2026-01-19 09:00:00+00:00,89.05499999999999,80.13686993192809
2026-01-19 10:00:00+00:00,88.615,82.79590980285742
2026-01-19 11:00:00+00:00,92.5325,84.69361606674745
2026-01-19 12:00:00+00:00,96.71,88.6435221441056
2026-01-19 13:00:00+00:00,93.9025,96.43275759379561
2026-01-19 14:00:00+00:00,126.5325,99.26616381135256
2026-01-19 15:00:00+00:00,144.7525,138.0703427881531
2026-01-19 16:00:00+00:00,152.2075,154.47596129780294
2026-01-19 17:00:00+00:00,154.1775,160.40328499666379
2026-01-19 18:00:00+00:00,162.4075,157.49172706660454
2026-01-19 19:00:00+00:00,145.16,140.52825505521054
2026-01-19 20:00:00+00:00,138.065,125.24063176951613
2026-01-19 21:00:00+00:00,97.745,119.82560364702667
2026-01-19 22:00:00+00:00,89.7125,91.71206591694887
2026-01-19 23:00:00+00:00,93.7225,91.03839672832288
2026-01-20 00:00:00+00:00,92.84,89.77385986261254
2026-01-20 01:00:00+00:00,90.425,90.6490337286671
2026-01-20 02:00:00+00:00,88.9225,86.10306323919185
2026-01-20 03:00:00+00:00,93.3175,90.76497414080653
2026-01-20 04:00:00+00:00,102.8675,94.6608920362141
2026-01-20 05:00:00+00:00,106.0675,102.12141542298741
2026-01-20 06:00:00+00:00,98.295,102.71030030547365
2026-01-20 07:00:00+00:00,92.6325,94.7797181065554
2026-01-20 08:00:00+00:00,85.6075,86.72575787087604
2026-01-20 09:00:00+00:00,88.745,76.31633136785847
2026-01-20 10:00:00+00:00,95.0125,87.52007374209265
2026-01-20 11:00:00+00:00,100.5425,95.18682786769281
2026-01-20 12:00:00+00:00,105.1,102.99114247160402
2026-01-20 13:00:00+00:00,100.04,106.36235987165938
2026-01-20 14:00:00+00:00,121.5275,117.73419946851463
2026-01-20 15:00:00+00:00,148.01,144.6986140959151
2026-01-20 16:00:00+00:00,155.76,166.50328778665892
2026-01-20 17:00:00+00:00,153.8775,172.1996754456377
2026-01-20 18:00:00+00:00,157.4125,176.84055117815555
2026-01-20 19:00:00+00:00,147.185,145.4752211316487
2026-01-20 20:00:00+00:00,138.635,124.69614184507923
2026-01-20 21:00:00+00:00,121.65,123.32540748541413
2026-01-20 22:00:00+00:00,114.4075,109.51721343811408
2026-01-20 23:00:00+00:00,124.385,106.05176531720701
2026-01-21 00:00:00+00:00,123.3,118.96098816953052
2026-01-21 01:00:00+00:00,122.2025,117.92264560797095
2026-01-21 02:00:00+00:00,115.8125,119.08569103961793
2026-01-21 03:00:00+00:00,118.0675,112.49480017157957
2026-01-21 04:00:00+00:00,130.0,116.6411499240076
2026-01-21 05:00:00+00:00,139.0525,134.51880002545875
2026-01-21 06:00:00+00:00,141.7175,147.0965578585873
2026-01-21 07:00:00+00:00,146.525,138.1898056045996
2026-01-21 08:00:00+00:00,146.01999999999998,139.15387589708314
2026-01-21 09:00:00+00:00,148.62,138.78559029004316
2026-01-21 10:00:00+00:00,135.7375,145.22648307519518
2026-01-21 11:00:00+00:00,138.3625,138.16635385230404
2026-01-21 12:00:00+00:00,136.9775,141.26050560109957
2026-01-21 13:00:00+00:00,147.6025,141.35623837023257
2026-01-21 14:00:00+00:00,167.0,152.92299119667197
2026-01-21 15:00:00+00:00,176.51,162.6823147731804
2026-01-21 16:00:00+00:00,179.6275,201.22314500396703
2026-01-21 17:00:00+00:00,177.24,201.17402045955384
2026-01-21 18:00:00+00:00,179.65,197.4656945368719
2026-01-21 19:00:00+00:00,172.62,165.96384023306314
2026-01-21 20:00:00+00:00,159.9425,151.39336971172563
2026-01-21 21:00:00+00:00,146.525,143.52289882018857
2026-01-21 22:00:00+00:00,134.305,129.9546489045939
2026-01-21 23:00:00+00:00,127.07,128.2795111601067
2026-01-22 00:00:00+00:00,127.54,123.96545612179052
2026-01-22 01:00:00+00:00,128.075,124.82841803797008
2026-01-22 02:00:00+00:00,126.56,124.28156432930012
2026-01-22 03:00:00+00:00,130.83749999999998,124.16737210433791
2026-01-22 04:00:00+00:00,143.065,136.14160276940027
2026-01-22 05:00:00+00:00,160.0575,149.43349494117402
2026-01-22 06:00:00+00:00,166.48250000000002,162.73665937363594
2026-01-22 07:00:00+00:00,197.435,161.71354870399853
2026-01-22 08:00:00+00:00,155.255,202.67749932166058
2026-01-22 09:00:00+00:00,139.0,154.47483058658327
2026-01-22 10:00:00+00:00,141.7,138.15396882555754
2026-01-22 11:00:00+00:00,142.025,139.74626233445505
2026-01-22 12:00:00+00:00,143.4975,142.33695515020005
2026-01-22 13:00:00+00:00,159.085,145.28123253451992
2026-01-22 14:00:00+00:00,159.5,177.0624244175489
2026-01-22 15:00:00+00:00,185.615,180.33470429060463
2026-01-22 16:00:00+00:00,281.0475,228.01396513771329
2026-01-22 17:00:00+00:00,294.7925,274.9394170560215
2026-01-22 18:00:00+00:00,256.595,295.4181213886494
2026-01-22 19:00:00+00:00,176.15,214.0610534412146
2026-01-22 20:00:00+00:00,176.9375,156.9635469132133
2026-01-22 21:00:00+00:00,137.7,159.2316303636754
2026-01-22 22:00:00+00:00,143.2975,130.048333708213
2026-01-22 23:00:00+00:00,140.0,131.26572754475535
2026-01-23 00:00:00+00:00,138.1775,140.59955697928157
2026-01-23 01:00:00+00:00,136.97,137.74995800022822
2026-01-23 02:00:00+00:00,137.105,137.39765970314284
2026-01-23 03:00:00+00:00,136.695,139.453108417917
2026-01-23 04:00:00+00:00,139.3675,147.66286114449954
2026-01-23 05:00:00+00:00,164.3475,185.9717762923762
2026-01-23 06:00:00+00:00,187.7425,189.07301879899856
2026-01-23 07:00:00+00:00,194.8575,192.64371784989635
2026-01-23 08:00:00+00:00,189.92,186.77431224345466
2026-01-23 09:00:00+00:00,171.7625,181.29963784085822
2026-01-23 10:00:00+00:00,115.0,158.1229250121595
2026-01-23 11:00:00+00:00,102.7675,130.57837323174354
2026-01-23 12:00:00+00:00,118.96,115.58288680401073
2026-01-23 13:00:00+00:00,119.7525,133.09068747275603
2026-01-23 14:00:00+00:00,169.0,151.4282264014529
2026-01-23 15:00:00+00:00,247.6525,219.15858591189277
2026-01-23 16:00:00+00:00,278.1825,281.56536169931763
2026-01-23 17:00:00+00:00,274.4725,299.5133594310233
2026-01-23 18:00:00+00:00,239.06,281.09652327456274
2026-01-23 19:00:00+00:00,202.405,209.9594166027561
2026-01-23 20:00:00+00:00,162.1375,181.77260996107572
2026-01-23 21:00:00+00:00,141.915,146.02558048396588
2026-01-23 22:00:00+00:00,135.91,134.34530240723947
2026-01-23 23:00:00+00:00,135.4775,131.6323637640979
2026-01-24 00:00:00+00:00,129.655,135.70005232716278
2026-01-24 01:00:00+00:00,127.7525,133.30259780871293
2026-01-24 02:00:00+00:00,127.3,130.05248155098292
2026-01-24 03:00:00+00:00,126.0375,132.34560196187468
2026-01-24 04:00:00+00:00,128.12,133.33393278008515
2026-01-24 05:00:00+00:00,129.6875,150.60175101368378
2026-01-24 06:00:00+00:00,143.14499999999998,172.84577893224824
2026-01-24 07:00:00+00:00,150.9,170.01654894993456
2026-01-24 08:00:00+00:00,136.5775,160.95713616284095
2026-01-24 09:00:00+00:00,111.1675,144.43591962749682
2026-01-24 10:00:00+00:00,130.23,114.91323598069201
2026-01-24 11:00:00+00:00,121.94,127.23479652926302
2026-01-24 12:00:00+00:00,119.085,120.61948312038889
2026-01-24 13:00:00+00:00,130.905,124.17341694982828
2026-01-24 14:00:00+00:00,140.4075,160.15209036115905
2026-01-24 15:00:00+00:00,142.9,186.20298599836005
2026-01-24 16:00:00+00:00,150.0975,190.8342838587142
2026-01-24 17:00:00+00:00,151.28,188.56118974640293
2026-01-24 18:00:00+00:00,148.2125,184.8353057370588
2026-01-24 19:00:00+00:00,144.51,153.9106885153998
2026-01-24 20:00:00+00:00,131.76999999999998,145.6344930810256
2026-01-24 21:00:00+00:00,131.19,127.82500927330351
2026-01-24 22:00:00+00:00,123.3325,128.0731388003001
2026-01-24 23:00:00+00:00,101.125,118.823527372461
2026-01-25 00:00:00+00:00,102.155,107.96712364342983
2026-01-25 01:00:00+00:00,102.625,107.66766637383338
2026-01-25 02:00:00+00:00,104.3775,109.09784390546896
2026-01-25 03:00:00+00:00,103.0575,109.31992543737098
2026-01-25 04:00:00+00:00,103.655,110.28072528556623
2026-01-25 05:00:00+00:00,103.8725,113.65134237023807
2026-01-25 06:00:00+00:00,108.16,115.30510272629019
2026-01-25 07:00:00+00:00,120.0675,114.23148120427335
2026-01-25 08:00:00+00:00,113.5725,116.70650770835331
2026-01-25 09:00:00+00:00,128.29500000000002,104.04036065262876
2026-01-25 10:00:00+00:00,93.115,109.58609444838802
2026-01-25 11:00:00+00:00,74.0125,88.14734211011688
2026-01-25 12:00:00+00:00,76.22749999999999,84.9784932614712
2026-01-25 13:00:00+00:00,113.745,93.86763562049653
2026-01-25 14:00:00+00:00,128.315,124.61663018347484
2026-01-25 15:00:00+00:00,132.7225,130.95976724650046
2026-01-25 16:00:00+00:00,138.835,147.74861940867527
2026-01-25 17:00:00+00:00,124.4675,149.57117513901028
2026-01-25 18:00:00+00:00,96.86,134.00104314899335
2026-01-25 19:00:00+00:00,91.8125,107.05434643731147
2026-01-25 20:00:00+00:00,89.59,98.72446616647817
2026-01-25 21:00:00+00:00,51.8675,94.88052212845923
2026-01-25 22:00:00+00:00,68.025,69.19814539353649
2026-01-25 23:00:00+00:00,91.4125,77.57986451832646
2026-01-26 00:00:00+00:00,86.08500000000001,87.47193244584737
2026-01-26 01:00:00+00:00,85.4675,85.51510766676445
2026-01-26 02:00:00+00:00,85.705,83.70579444428084
2026-01-26 03:00:00+00:00,86.16,90.76284702154676
2026-01-26 04:00:00+00:00,88.7,90.03493785844005
2026-01-26 05:00:00+00:00,106.7625,96.13453122325163
2026-01-26 06:00:00+00:00,111.7725,104.8656543137765
2026-01-26 07:00:00+00:00,119.685,123.88597288228674
2026-01-26 08:00:00+00:00,106.465,125.0434317903744
2026-01-26 09:00:00+00:00,96.1075,113.80852460267646
2026-01-26 10:00:00+00:00,94.8425,106.14586949249426
2026-01-26 11:00:00+00:00,94.6725,97.81077174351054
2026-01-26 12:00:00+00:00,88.8325,98.81170512496672
2026-01-26 13:00:00+00:00,88.7825,102.28604429285498
2026-01-26 14:00:00+00:00,164.1025,107.9604700262221
2026-01-26 15:00:00+00:00,156.365,158.97477288323918
2026-01-26 16:00:00+00:00,126.64,157.65322650702944
2026-01-26 17:00:00+00:00,154.0075,141.48644246342627
2026-01-26 18:00:00+00:00,131.7375,152.31425403403782
2026-01-26 19:00:00+00:00,100.85,121.95363397296269
2026-01-26 20:00:00+00:00,100.045,99.25975256404219
2026-01-26 21:00:00+00:00,102.3875,94.09446643670157
2026-01-26 22:00:00+00:00,93.895,96.6395455108242
2026-01-26 23:00:00+00:00,83.65,88.79957626036894
2026-01-27 00:00:00+00:00,84.14750000000001,86.08222037533875
2026-01-27 01:00:00+00:00,86.3775,85.62257193199787
2026-01-27 02:00:00+00:00,91.09,86.21486230227147
2026-01-27 03:00:00+00:00,85.1125,90.75401493396146
2026-01-27 04:00:00+00:00,94.1825,88.89412684074824
2026-01-27 05:00:00+00:00,145.97750000000002,102.18601758994647
2026-01-27 06:00:00+00:00,184.0,137.41216573728488
2026-01-27 07:00:00+00:00,192.96,179.057479704091
2026-01-27 08:00:00+00:00,166.8125,167.2762989038023
2026-01-27 09:00:00+00:00,133.115,135.57745329003296
2026-01-27 10:00:00+00:00,105.395,127.66669714373607
2026-01-27 11:00:00+00:00,100.88,103.11929713771575
2026-01-27 12:00:00+00:00,98.43,104.43220379402837
2026-01-27 13:00:00+00:00,122.6975,103.24199471389512
2026-01-27 14:00:00+00:00,141.48250000000002,138.80506305999089
2026-01-27 15:00:00+00:00,170.0375,181.10635530138265
2026-01-27 16:00:00+00:00,223.73,173.8270016117181
2026-01-27 17:00:00+00:00,260.1975,230.416852841872
2026-01-27 18:00:00+00:00,233.3775,222.4917736589676
2026-01-27 19:00:00+00:00,166.1,199.32594749166716
2026-01-27 20:00:00+00:00,145.98,149.79841736629186
2026-01-27 21:00:00+00:00,103.04,126.53020091964994
2026-01-27 22:00:00+00:00,85.7025,99.64880927428344
2026-01-27 23:00:00+00:00,89.895,94.32689124354843
2026-01-28 00:00:00+00:00,86.9375,97.86410521940405
2026-01-28 01:00:00+00:00,85.8825,91.15271143100257
2026-01-28 02:00:00+00:00,84.69,94.49437288778161
2026-01-28 03:00:00+00:00,83.0375,89.55678376480297
2026-01-28 04:00:00+00:00,85.2175,100.17821842232071
2026-01-28 05:00:00+00:00,100.1275,123.206708566101
2026-01-28 06:00:00+00:00,98.61,129.02993815919115
2026-01-28 07:00:00+00:00,84.8575,112.99104683580808
2026-01-28 08:00:00+00:00,80.9625,103.67487020798288
2026-01-28 09:00:00+00:00,66.4175,99.36901800074622
2026-01-28 10:00:00+00:00,62.1425,71.82372426808914
2026-01-28 11:00:00+00:00,84.42750000000001,74.31309512313615
2026-01-28 12:00:00+00:00,93.275,98.67074685282816
2026-01-28 13:00:00+00:00,108.27,117.56947583216413
2026-01-28 14:00:00+00:00,100.0575,135.27469908572186
2026-01-28 15:00:00+00:00,122.82,129.8178053609546
2026-01-28 16:00:00+00:00,148.2075,142.35552936389604
2026-01-28 17:00:00+00:00,151.79500000000002,179.01022065048772
2026-01-28 18:00:00+00:00,107.39,172.52710579030241
2026-01-28 19:00:00+00:00,95.995,117.30499130125575
2026-01-28 20:00:00+00:00,85.9175,104.01234039370125
2026-01-28 21:00:00+00:00,84.0675,95.81901367934806
2026-01-28 22:00:00+00:00,80.05,84.9844493298516
2026-01-28 23:00:00+00:00,64.9025,82.37224420227557
2026-01-29 00:00:00+00:00,79.8925,66.35450124119613
2026-01-29 01:00:00+00:00,84.6225,81.47458300778722
2026-01-29 02:00:00+00:00,84.745,83.11555447707082
2026-01-29 03:00:00+00:00,83.115,81.64303358070289
2026-01-29 04:00:00+00:00,109.28,86.18658877035834
2026-01-29 05:00:00+00:00,97.3325,119.92797508924727
2026-01-29 06:00:00+00:00,113.5925,103.76319850718227
2026-01-29 07:00:00+00:00,164.85500000000002,126.06191660801493
2026-01-29 08:00:00+00:00,104.6725,136.53528573657707
2026-01-29 09:00:00+00:00,94.0925,103.29812182605137
2026-01-29 10:00:00+00:00,98.405,98.43386433233822
2026-01-29 11:00:00+00:00,99.1225,103.67709011623054
2026-01-29 12:00:00+00:00,92.6875,97.71632174887459
2026-01-29 13:00:00+00:00,83.99000000000001,105.65438375041742
2026-01-29 14:00:00+00:00,96.3875,100.01883477604053
2026-01-29 15:00:00+00:00,98.9425,119.15342143370344
2026-01-29 16:00:00+00:00,114.0825,128.83390801496068
2026-01-29 17:00:00+00:00,134.73250000000002,141.977548409446
2026-01-29 18:00:00+00:00,99.2025,159.7639016498047
2026-01-29 19:00:00+00:00,97.1025,97.92216282247138
2026-01-29 20:00:00+00:00,95.9475,96.68933132557162
2026-01-29 21:00:00+00:00,82.5575,90.93985508146558
2026-01-29 22:00:00+00:00,52.1025,85.6046725035149
2026-01-29 23:00:00+00:00,80.945,58.485240803178705
2026-01-30 00:00:00+00:00,78.455,82.86115641942379
2026-01-30 01:00:00+00:00,75.63,78.30025377933003
2026-01-30 02:00:00+00:00,85.39750000000001,78.66713928451115
2026-01-30 03:00:00+00:00,59.865,85.12171309694374
2026-01-30 04:00:00+00:00,93.4475,81.97554413255516
2026-01-30 05:00:00+00:00,94.585,100.53150154486008
2026-01-30 06:00:00+00:00,96.7675,104.35950646469448
2026-01-30 07:00:00+00:00,91.8525,98.87336479244922
2026-01-30 08:00:00+00:00,101.0025,81.33637994876455
2026-01-30 09:00:00+00:00,57.58,79.25382613569636
2026-01-30 10:00:00+00:00,38.9,58.258308873802186
2026-01-30 11:00:00+00:00,61.2575,45.863182424681234
2026-01-30 12:00:00+00:00,106.56,67.8732987482345
2026-01-30 13:00:00+00:00,103.8925,105.6028476558997
2026-01-30 14:00:00+00:00,94.025,107.15866829638462
2026-01-30 15:00:00+00:00,114.0675,107.28230891665027
2026-01-30 16:00:00+00:00,144.2825,132.4418478383508
2026-01-30 17:00:00+00:00,147.62,167.45389208856443
2026-01-30 18:00:00+00:00,140.8925,162.70513328462465
2026-01-30 19:00:00+00:00,145.0175,126.1628391097629
2026-01-30 20:00:00+00:00,119.975,123.7548809835802
2026-01-30 21:00:00+00:00,98.7125,112.16015725278376
2026-01-30 22:00:00+00:00,108.7,100.33906805363215
2026-01-30 23:00:00+00:00,97.07,105.55618207191432
2026-01-31 00:00:00+00:00,96.535,101.11983879826597
2026-01-31 01:00:00+00:00,96.8,100.81858958479829
2026-01-31 02:00:00+00:00,98.2775,100.66746135444495
2026-01-31 03:00:00+00:00,99.985,102.49633421089196
2026-01-31 04:00:00+00:00,100.94,105.06671489834389
2026-01-31 05:00:00+00:00,109.2675,108.50810233089312
2026-01-31 06:00:00+00:00,118.375,121.53684137384609
2026-01-31 07:00:00+00:00,125.2475,108.72044173282455
2026-01-31 08:00:00+00:00,101.9775,104.61836564734509
2026-01-31 09:00:00+00:00,87.6075,88.82112770828218
2026-01-31 10:00:00+00:00,65.9025,82.61922045574052
2026-01-31 11:00:00+00:00,68.2775,54.173495697708155
2026-01-31 12:00:00+00:00,84.85,72.25706676183236
2026-01-31 13:00:00+00:00,83.455,94.93137392206906
2026-01-31 14:00:00+00:00,89.015,98.67623301582697
2026-01-31 15:00:00+00:00,131.51,108.40811657365876
2026-01-31 16:00:00+00:00,148.345,153.3390889261349
2026-01-31 17:00:00+00:00,150.1975,165.2279718949536
2026-01-31 18:00:00+00:00,140.48250000000002,160.60265457115594
2026-01-31 19:00:00+00:00,126.66,120.56985955036205
2026-01-31 20:00:00+00:00,116.0875,118.20113748813202
2026-01-31 21:00:00+00:00,97.67,108.32771820398558
2026-01-31 22:00:00+00:00,102.685,101.43693556545186
2026-01-31 23:00:00+00:00,100.915,97.36412206773294
2026-02-01 00:00:00+00:00,97.625,99.74836982897354
2026-02-01 01:00:00+00:00,88.7425,96.31358681698708
2026-02-01 02:00:00+00:00,67.7075,87.22941363285412
2026-02-01 03:00:00+00:00,72.2525,75.36925102773795
2026-02-01 04:00:00+00:00,93.4875,82.3808077444634
2026-02-01 05:00:00+00:00,98.4075,98.63593381058294
2026-02-01 06:00:00+00:00,108.3975,106.94719039922956
2026-02-01 07:00:00+00:00,111.035,117.62126050605507
2026-02-01 08:00:00+00:00,108.205,107.57413105987395
2026-02-01 09:00:00+00:00,97.745,101.29076056569279
2026-02-01 10:00:00+00:00,94.4025,92.47826103893392
2026-02-01 11:00:00+00:00,101.5875,87.6144715121612
2026-02-01 12:00:00+00:00,91.6125,103.907995296486
2026-02-01 13:00:00+00:00,90.245,98.84678981428202
2026-02-01 14:00:00+00:00,96.4,102.76301150696547
2026-02-01 15:00:00+00:00,115.8775,119.42316975223237
2026-02-01 16:00:00+00:00,126.125,136.59983360521176
2026-02-01 17:00:00+00:00,120.7025,135.8406216840832
2026-02-01 18:00:00+00:00,132.9925,128.3305830577542
2026-02-01 19:00:00+00:00,118.0325,127.81492284161426
2026-02-01 20:00:00+00:00,102.27,113.72612641270383
2026-02-01 21:00:00+00:00,97.1575,96.65750919951579
2026-02-01 22:00:00+00:00,95.5025,93.23188591352655
2026-02-01 23:00:00+00:00,94.4425,93.33682965222454
2026-02-02 00:00:00+00:00,92.8825,90.9047333674762
2026-02-02 01:00:00+00:00,94.2925,89.93954786387302
2026-02-02 02:00:00+00:00,91.3675,89.88855046925708
2026-02-02 03:00:00+00:00,94.2275,88.99868331484129
2026-02-02 04:00:00+00:00,113.4925,91.64564054328306
2026-02-02 05:00:00+00:00,113.67,122.59562122816871
2026-02-02 06:00:00+00:00,112.485,120.84366461083636
2026-02-02 07:00:00+00:00,95.4375,114.4029396290558
2026-02-02 08:00:00+00:00,95.5425,94.99420701887098
2026-02-02 09:00:00+00:00,96.77,91.6582833238354
2026-02-02 10:00:00+00:00,97.15,93.72631432650508
2026-02-02 11:00:00+00:00,93.3575,95.86778639535441
2026-02-02 12:00:00+00:00,92.0875,94.68104648487835
2026-02-02 13:00:00+00:00,92.1575,96.21478054232448
2026-02-02 14:00:00+00:00,105.865,105.98193399899388
2026-02-02 15:00:00+00:00,157.0975,122.193027011267
2026-02-02 16:00:00+00:00,218.3675,163.6481528921193
2026-02-02 17:00:00+00:00,228.17,225.5927313009608
2026-02-02 18:00:00+00:00,211.2475,199.4250609709065
2026-02-02 19:00:00+00:00,153.10750000000002,172.08671187816452
2026-02-02 20:00:00+00:00,144.52,132.32140865931976
2026-02-02 21:00:00+00:00,127.845,125.27311576013628
2026-02-02 22:00:00+00:00,108.1825,114.6065844456283
2026-02-02 23:00:00+00:00,102.7575,104.24109473511542
2026-02-03 00:00:00+00:00,101.895,101.17505509275219
2026-02-03 01:00:00+00:00,101.8,101.00940631396895
2026-02-03 02:00:00+00:00,100.19,102.53170508164379
2026-02-03 03:00:00+00:00,101.0725,104.28412546775984
2026-02-03 04:00:00+00:00,115.6375,110.79563170642865
2026-02-03 05:00:00+00:00,140.0,136.44443413232446
2026-02-03 06:00:00+00:00,151.825,149.19008189698175
2026-02-03 07:00:00+00:00,126.03,126.11717292359351
2026-02-03 08:00:00+00:00,94.1825,118.68393716950186
2026-02-03 09:00:00+00:00,89.4925,95.1778127767655
2026-02-03 10:00:00+00:00,83.75,93.48922122209224
2026-02-03 11:00:00+00:00,81.9525,85.64383682363183
2026-02-03 12:00:00+00:00,90.8025,86.79480343103565
2026-02-03 13:00:00+00:00,101.345,103.57833766563836
2026-02-03 14:00:00+00:00,125.0675,108.38320433712484
2026-02-03 15:00:00+00:00,155.0,158.87314428764367
2026-02-03 16:00:00+00:00,190.0725,202.94631629787645
2026-02-03 17:00:00+00:00,191.8675,228.09299588496012
2026-02-03 18:00:00+00:00,179.7425,210.66109118976706
2026-02-03 19:00:00+00:00,146.5,169.37933429917
2026-02-03 20:00:00+00:00,134.7125,121.35721685889769
2026-02-03 21:00:00+00:00,112.1975,125.73893801037701
2026-02-03 22:00:00+00:00,105.86,108.87013829518091
2026-02-03 23:00:00+00:00,104.2725,99.50942969506701
2026-02-04 00:00:00+00:00,104.7475,103.10055959775944
2026-02-04 01:00:00+00:00,103.65,102.3207130519483
2026-02-04 02:00:00+00:00,100.9225,102.33661095802634
2026-02-04 03:00:00+00:00,103.8825,104.11495596906144
2026-02-04 04:00:00+00:00,105.97,109.68900533694473
2026-02-04 05:00:00+00:00,116.13,120.82124473095904
2026-02-04 06:00:00+00:00,122.2325,135.56364623426538
2026-02-04 07:00:00+00:00,98.2925,126.03670569417208
2026-02-04 08:00:00+00:00,91.95,97.04848193424546
2026-02-04 09:00:00+00:00,107.9175,88.03036493357524
2026-02-04 10:00:00+00:00,96.7025,97.7851593580746
2026-02-04 11:00:00+00:00,70.47749999999999,94.80885862751417
2026-02-04 12:00:00+00:00,76.795,75.20826686532322
2026-02-04 13:00:00+00:00,89.92,88.85111430137742
2026-02-04 14:00:00+00:00,54.655,103.84161603824612
2026-02-04 15:00:00+00:00,104.7575,85.42730572342565
2026-02-04 16:00:00+00:00,136.2925,127.14419924723416
2026-02-04 17:00:00+00:00,125.5275,149.2978671847919
2026-02-04 18:00:00+00:00,118.93,136.31431750762087
2026-02-04 19:00:00+00:00,101.4225,120.95193465696224
2026-02-04 20:00:00+00:00,91.8,103.51424842550514
2026-02-04 21:00:00+00:00,91.8825,94.00796747731944
2026-02-04 22:00:00+00:00,87.235,87.5267224308231
2026-02-04 23:00:00+00:00,72.345,84.42922751460772
2026-02-05 00:00:00+00:00,87.2925,76.80498699926578
2026-02-05 01:00:00+00:00,89.7425,83.15096523124899
2026-02-05 02:00:00+00:00,90.5625,84.03852866249227
2026-02-05 03:00:00+00:00,92.2875,85.24950193171752
2026-02-05 04:00:00+00:00,92.805,93.91440416952706
2026-02-05 05:00:00+00:00,90.105,102.21423401666505
2026-02-05 06:00:00+00:00,91.57,103.77181595344724
2026-02-05 07:00:00+00:00,97.4975,99.41865333127309
2026-02-05 08:00:00+00:00,99.02,93.510100291782
2026-02-05 09:00:00+00:00,94.925,96.09231067981013
2026-02-05 10:00:00+00:00,94.38,92.86872756740007
2026-02-05 11:00:00+00:00,94.255,89.79819848947359
2026-02-05 12:00:00+00:00,92.95,91.63758034615117
2026-02-05 13:00:00+00:00,90.8325,94.94950480083558
2026-02-05 14:00:00+00:00,92.2425,95.03866370441364
2026-02-05 15:00:00+00:00,98.5475,104.6724987731247
2026-02-05 16:00:00+00:00,138.7425,113.4502544327547
2026-02-05 17:00:00+00:00,146.0225,141.22315744812698
2026-02-05 18:00:00+00:00,149.1975,134.36507438768402
2026-02-05 19:00:00+00:00,130.94,126.43516158843522
2026-02-05 20:00:00+00:00,113.25,118.81729814205697
2026-02-05 21:00:00+00:00,95.235,107.11699441400435
2026-02-05 22:00:00+00:00,92.09,93.06246420590553
2026-02-05 23:00:00+00:00,96.7625,87.43732166485889
2026-02-06 00:00:00+00:00,94.1025,95.37948045621798
2026-02-06 01:00:00+00:00,95.9925,91.18636494029312
2026-02-06 02:00:00+00:00,98.7625,95.24995592560768
2026-02-06 03:00:00+00:00,98.4675,98.18375790794164
2026-02-06 04:00:00+00:00,98.3625,99.96509350093092
2026-02-06 05:00:00+00:00,124.2775,100.96160727060838
2026-02-06 06:00:00+00:00,117.495,117.46146663922126
2026-02-06 07:00:00+00:00,93.52,110.21847935988961
2026-02-06 08:00:00+00:00,85.935,95.27474315165689
2026-02-06 09:00:00+00:00,45.025,88.12237382718105
2026-02-06 10:00:00+00:00,66.4,60.3517253670692
2026-02-06 11:00:00+00:00,85.405,70.7245366566259
2026-02-06 12:00:00+00:00,95.1425,90.87809088968608
2026-02-06 13:00:00+00:00,92.2625,97.98401039065082
2026-02-06 14:00:00+00:00,59.0975,96.87755470188702
2026-02-06 15:00:00+00:00,102.44,84.18546021370635
2026-02-06 16:00:00+00:00,130.1,115.44491237978893
2026-02-06 17:00:00+00:00,137.155,142.13392453093584
2026-02-06 18:00:00+00:00,123.8525,144.2576085152317
2026-02-06 19:00:00+00:00,98.3125,113.00351151800193
2026-02-06 20:00:00+00:00,90.92,98.46715954306376
2026-02-06 21:00:00+00:00,91.3425,87.60640236502898
2026-02-06 22:00:00+00:00,92.975,88.64797087713377
2026-02-06 23:00:00+00:00,85.0125,88.87093733744793
2026-02-07 00:00:00+00:00,92.825,80.38410929131564
2026-02-07 01:00:00+00:00,92.76,90.32987384764651
2026-02-07 02:00:00+00:00,91.8875,90.86644585923113
2026-02-07 03:00:00+00:00,74.495,91.01493934314578
2026-02-07 04:00:00+00:00,72.7925,81.11732202391191
2026-02-07 05:00:00+00:00,88.0725,95.21753431958093
2026-02-07 06:00:00+00:00,79.6825,99.51451889607442
2026-02-07 07:00:00+00:00,52.0,75.15549161792717
2026-02-07 08:00:00+00:00,0.005,52.864736904135796
2026-02-07 09:00:00+00:00,0.0,3.495085696817681
2026-02-07 10:00:00+00:00,-0.0125,3.58182404081866
2026-02-07 11:00:00+00:00,-0.0575,3.237072004336994
2026-02-07 12:00:00+00:00,0.0,3.7158914359730613
2026-02-07 13:00:00+00:00,0.0025,18.421688398769376
2026-02-07 14:00:00+00:00,53.370000000000005,39.165618320802
2026-02-07 15:00:00+00:00,114.665,82.66242982808862
2026-02-07 16:00:00+00:00,130.0,130.4000062862454
2026-02-07 17:00:00+00:00,128.0025,155.97723796512327
2026-02-07 18:00:00+00:00,122.1625,139.0704497485816
2026-02-07 19:00:00+00:00,105.395,110.08158823453097
2026-02-07 20:00:00+00:00,93.2675,99.00310430892743
2026-02-07 21:00:00+00:00,92.185,88.96326384733226
2026-02-07 22:00:00+00:00,90.9925,89.80816782910455
2026-02-07 23:00:00+00:00,96.7575,87.80220222597318
2026-02-08 00:00:00+00:00,97.8425,95.9006622269326
2026-02-08 01:00:00+00:00,99.5425,96.2356238261854
2026-02-08 02:00:00+00:00,97.8725,98.30624795557605
2026-02-08 03:00:00+00:00,94.805,95.15084719167851
2026-02-08 04:00:00+00:00,98.85,91.12940161823211
2026-02-08 05:00:00+00:00,97.485,99.97076963310421
2026-02-08 06:00:00+00:00,93.115,99.30854869047172
2026-02-08 07:00:00+00:00,22.505000000000003,85.4072601697587
2026-02-08 08:00:00+00:00,68.415,19.03801142361746
2026-02-08 09:00:00+00:00,21.02,53.08256672057854
2026-02-08 10:00:00+00:00,15.5025,22.322214534555997
2026-02-08 11:00:00+00:00,8.6975,31.497792832006223
2026-02-08 12:00:00+00:00,29.7425,27.169756334975965
2026-02-08 13:00:00+00:00,100.6325,51.2267892181988
2026-02-08 14:00:00+00:00,105.495,103.25142724614729
2026-02-08 15:00:00+00:00,110.07,115.4484078515582
2026-02-08 16:00:00+00:00,131.435,127.33386379384075
2026-02-08 17:00:00+00:00,132.135,141.23185021772682
2026-02-08 18:00:00+00:00,127.2975,140.27944448577276
2026-02-08 19:00:00+00:00,122.84,116.50835942397107
2026-02-08 20:00:00+00:00,110.9875,110.71950668635043
2026-02-08 21:00:00+00:00,108.2025,108.19240214518517
2026-02-08 22:00:00+00:00,101.375,105.74260161152917
2026-02-08 23:00:00+00:00,100.0125,97.16553667556883
2026-02-09 00:00:00+00:00,98.8025,100.5681430005531
2026-02-09 01:00:00+00:00,99.24,99.31925993915938
2026-02-09 02:00:00+00:00,99.5875,99.3860890899594
2026-02-09 03:00:00+00:00,101.03,102.23556695259889
2026-02-09 04:00:00+00:00,108.2025,105.72691700733384
2026-02-09 05:00:00+00:00,130.585,123.19950156594996
2026-02-09 06:00:00+00:00,159.9975,133.47665794952118
2026-02-09 07:00:00+00:00,171.94,134.21650708081444
2026-02-09 08:00:00+00:00,161.565,136.53139727778554
2026-02-09 09:00:00+00:00,104.1875,126.24224156494421
2026-02-09 10:00:00+00:00,112.925,100.05606725059516
2026-02-09 11:00:00+00:00,105.0,107.29913970769394
2026-02-09 12:00:00+00:00,105.6275,106.67960435647396
2026-02-09 13:00:00+00:00,111.0,106.6369833710072
2026-02-09 14:00:00+00:00,131.2775,120.06172742138708
2026-02-09 15:00:00+00:00,161.845,150.5639018535434
2026-02-09 16:00:00+00:00,189.4525,176.15549479654598
2026-02-09 17:00:00+00:00,185.8175,216.36716624371508
2026-02-09 18:00:00+00:00,170.0525,194.3281639319513
2026-02-09 19:00:00+00:00,148.1,149.20197138397853
2026-02-09 20:00:00+00:00,140.4,131.1913397398792
2026-02-09 21:00:00+00:00,127.8,128.26335112813234
2026-02-09 22:00:00+00:00,108.2025,114.8891850061381
2026-02-09 23:00:00+00:00,101.845,103.89501790550699
2026-02-10 00:00:00+00:00,109.8375,101.83494201999449
2026-02-10 01:00:00+00:00,109.1025,108.71688191508623
2026-02-10 02:00:00+00:00,107.8475,109.3833160743665
2026-02-10 03:00:00+00:00,99.9625,110.18495728144224
2026-02-10 04:00:00+00:00,95.2525,104.96975688621012
2026-02-10 05:00:00+00:00,108.725,120.6523880039603
2026-02-10 06:00:00+00:00,118.73,139.9771289245308
2026-02-10 07:00:00+00:00,110.3075,134.69832904979967
2026-02-10 08:00:00+00:00,93.95,126.38264150806668
2026-02-10 09:00:00+00:00,90.385,93.0238493349688
2026-02-10 10:00:00+00:00,90.205,93.99915228691673
2026-02-10 11:00:00+00:00,95.345,94.56524308838186
2026-02-10 12:00:00+00:00,107.795,99.88807281522664
2026-02-10 13:00:00+00:00,111.7125,119.31758688878232
2026-02-10 14:00:00+00:00,124.0,133.39524597428814
2026-02-10 15:00:00+00:00,143.4275,151.65056869431524
2026-02-10 16:00:00+00:00,166.255,183.5553211994428
2026-02-10 17:00:00+00:00,162.285,200.9170589111892
2026-02-10 18:00:00+00:00,171.1,178.00565995588948
2026-02-10 19:00:00+00:00,139.3375,156.19197342927166
2026-02-10 20:00:00+00:00,122.705,125.38139690994318
2026-02-10 21:00:00+00:00,119.6775,119.60001217070969
2026-02-10 22:00:00+00:00,108.2025,113.09356919531903
2026-02-10 23:00:00+00:00,98.79,104.38346028773918
2026-02-11 00:00:00+00:00,94.87,103.48530939674922
2026-02-11 01:00:00+00:00,94.805,100.47356601149251
2026-02-11 02:00:00+00:00,94.535,98.87066255832842
2026-02-11 03:00:00+00:00,95.1675,98.01565528975848
2026-02-11 04:00:00+00:00,106.265,101.37408994429353
2026-02-11 05:00:00+00:00,118.0,112.7600266525224
2026-02-11 06:00:00+00:00,133.0,130.9855690717537
2026-02-11 07:00:00+00:00,112.3175,135.21875032673478
2026-02-11 08:00:00+00:00,99.29,108.11590711940184
2026-02-11 09:00:00+00:00,98.55,94.89918802970779
2026-02-11 10:00:00+00:00,59.9975,94.5765993927482
2026-02-11 11:00:00+00:00,88.88,72.79410561787557
2026-02-11 12:00:00+00:00,78.2325,92.68872934470082
2026-02-11 13:00:00+00:00,74.2175,94.54356122483001
2026-02-11 14:00:00+00:00,102.2125,98.35412130624398
2026-02-11 15:00:00+00:00,126.3475,120.44656119943477
2026-02-11 16:00:00+00:00,133.5925,139.00060317166
2026-02-11 17:00:00+00:00,135.8025,146.97143896414786
2026-02-11 18:00:00+00:00,130.655,145.9729906156706
2026-02-11 19:00:00+00:00,123.555,125.63589056941089
2026-02-11 20:00:00+00:00,102.7425,113.8942321878631
2026-02-11 21:00:00+00:00,93.035,104.73448711779002
2026-02-11 22:00:00+00:00,90.855,92.75255568568929
2026-02-11 23:00:00+00:00,94.59,86.64269754075734
2026-02-12 00:00:00+00:00,96.1925,90.5941875262619
2026-02-12 01:00:00+00:00,94.7525,94.50497599192354
2026-02-12 02:00:00+00:00,93.2075,91.18290618197783
2026-02-12 03:00:00+00:00,91.01,88.94768186993359
2026-02-12 04:00:00+00:00,88.08,90.22496123323235
2026-02-12 05:00:00+00:00,106.77,95.5962594164498
2026-02-12 06:00:00+00:00,96.49,106.07231526057156
2026-02-12 07:00:00+00:00,78.5825,78.36887870949013
2026-02-12 08:00:00+00:00,58.75,69.92392625185217
2026-02-12 09:00:00+00:00,55.48,58.056967173503054
2026-02-12 10:00:00+00:00,26.525,41.73104666755038
2026-02-12 11:00:00+00:00,51.05,26.7191233091618
2026-02-12 12:00:00+00:00,90.595,57.057378199371534
2026-02-12 13:00:00+00:00,61.8575,88.86693744044611
2026-02-12 14:00:00+00:00,64.905,81.69864026558055
2026-02-12 15:00:00+00:00,93.0025,89.31847247126254
2026-02-12 16:00:00+00:00,95.4125,111.57028484771485
2026-02-12 17:00:00+00:00,103.845,117.49298976974809
2026-02-12 18:00:00+00:00,100.495,116.05767822402402
2026-02-12 19:00:00+00:00,95.0,109.01590053860951
2026-02-12 20:00:00+00:00,92.285,96.83648225570552
2026-02-12 21:00:00+00:00,90.505,89.66614667619503
2026-02-12 22:00:00+00:00,90.3275,88.18381914616397
2026-02-12 23:00:00+00:00,91.155,88.31383068939134
2026-02-13 00:00:00+00:00,91.415,89.48452993827048
2026-02-13 01:00:00+00:00,90.325,89.57000835392654
2026-02-13 02:00:00+00:00,89.965,88.58091404849048
2026-02-13 03:00:00+00:00,90.86,89.00091814264293
2026-02-13 04:00:00+00:00,91.91,90.36567999560131
2026-02-13 05:00:00+00:00,107.0,101.31895610804578
2026-02-13 06:00:00+00:00,118.5075,103.55870817625046
2026-02-13 07:00:00+00:00,94.05,108.58827493100013
2026-02-13 08:00:00+00:00,82.1375,86.40105982010718
2026-02-13 09:00:00+00:00,71.0375,75.01965679995995
2026-02-13 10:00:00+00:00,33.475,67.64875126291537
2026-02-13 11:00:00+00:00,44.375,37.919193440970965
2026-02-13 12:00:00+00:00,60.81,65.20887455790331
2026-02-13 13:00:00+00:00,88.72,64.40953573170108
2026-02-13 14:00:00+00:00,65.375,83.89134720561724
2026-02-13 15:00:00+00:00,95.6375,78.01209464066031
2026-02-13 16:00:00+00:00,126.795,103.2164533273656
2026-02-13 17:00:00+00:00,133.8875,128.06690117383963
2026-02-13 18:00:00+00:00,131.48000000000002,132.4561307238626
2026-02-13 19:00:00+00:00,118.1075,120.2872087145085
2026-02-13 20:00:00+00:00,96.41,110.07220236918593
2026-02-13 21:00:00+00:00,91.0075,92.76851049462779
2026-02-13 22:00:00+00:00,89.9775,88.23029370695428
2026-02-13 23:00:00+00:00,92.8675,86.63951515166869
2026-02-14 00:00:00+00:00,94.18,90.83649304196204
2026-02-14 01:00:00+00:00,91.7075,91.42724779548806
2026-02-14 02:00:00+00:00,88.94,90.46428109653374
2026-02-14 03:00:00+00:00,91.2325,87.19023930357585
2026-02-14 04:00:00+00:00,91.4575,89.18452798794272
2026-02-14 05:00:00+00:00,95.4875,94.92107253828871
2026-02-14 06:00:00+00:00,97.6075,99.49945763147414
2026-02-14 07:00:00+00:00,42.9075,89.75906097049511
2026-02-14 08:00:00+00:00,12.565,56.243362777857165
2026-02-14 09:00:00+00:00,8.815,17.180439822833563
2026-02-14 10:00:00+00:00,5.935,14.30050331550993
2026-02-14 11:00:00+00:00,6.3725000000000005,15.405790919304147
2026-02-14 12:00:00+00:00,12.565,16.24893795316842
2026-02-14 13:00:00+00:00,63.615,60.88598830628569
2026-02-14 14:00:00+00:00,63.7475,64.64047571071418
2026-02-14 15:00:00+00:00,97.51,85.64617149719835
2026-02-14 16:00:00+00:00,107.0,113.427227949396
2026-02-14 17:00:00+00:00,98.2075,113.5120766128546
2026-02-14 18:00:00+00:00,92.9475,108.28451362724434
2026-02-14 19:00:00+00:00,90.8725,97.87296640815346
2026-02-14 20:00:00+00:00,49.4275,86.63992007826884
2026-02-14 21:00:00+00:00,32.34,66.4826939069276
2026-02-14 22:00:00+00:00,48.4325,46.75108259566189
2026-02-14 23:00:00+00:00,2.505,65.99843683864422
2026-02-15 00:00:00+00:00,15.044999999999998,18.219446633338922
2026-02-15 01:00:00+00:00,5.9575000000000005,32.082149221191834
2026-02-15 02:00:00+00:00,0.01,26.906775622988498
2026-02-15 03:00:00+00:00,0.0125,8.801715812173308
2026-02-15 04:00:00+00:00,3.785,9.012705427557925
2026-02-15 05:00:00+00:00,3.8,27.70150650389394
2026-02-15 06:00:00+00:00,30.1425,25.64422080837463
2026-02-15 07:00:00+00:00,41.2875,22.701766068242506
2026-02-15 08:00:00+00:00,1.285,34.44261290619575
2026-02-15 09:00:00+00:00,0.0025,11.293177293551283
2026-02-15 10:00:00+00:00,0.0,5.332199826794334
2026-02-15 11:00:00+00:00,0.0,3.320292101201079
2026-02-15 12:00:00+00:00,-0.1,2.495287040320491
2026-02-15 13:00:00+00:00,-0.1,14.005891590304497
2026-02-15 14:00:00+00:00,0.0,29.75748357589344
2026-02-15 15:00:00+00:00,23.3375,41.59247980158726
2026-02-15 16:00:00+00:00,43.75,71.54398399814806
2026-02-15 17:00:00+00:00,74.31,77.92901626620713
2026-02-15 18:00:00+00:00,81.0625,82.14865609213274
2026-02-15 19:00:00+00:00,78.675,81.35956598457216
2026-02-15 20:00:00+00:00,77.495,68.07386949569806
2026-02-15 21:00:00+00:00,84.45,64.90929805956912
2026-02-15 22:00:00+00:00,83.64,73.04481340317115
2026-02-15 23:00:00+00:00,90.4275,72.92212982020796
2026-02-16 00:00:00+00:00,90.42,85.99883721705845
2026-02-16 01:00:00+00:00,88.725,85.63605832845356
2026-02-16 02:00:00+00:00,87.08,82.1487808067648
2026-02-16 03:00:00+00:00,88.3725,85.01150806660273
2026-02-16 04:00:00+00:00,80.7525,87.64153862081774
2026-02-16 05:00:00+00:00,93.4075,92.70456423232955
2026-02-16 06:00:00+00:00,104.0925,106.04952722938573
2026-02-16 07:00:00+00:00,12.3975,105.15179005596929
2026-02-16 08:00:00+00:00,0.0025,26.086785807600624
2026-02-16 09:00:00+00:00,0.0,7.045068158455105
2026-02-16 10:00:00+00:00,0.0,6.046312310221497
2026-02-16 11:00:00+00:00,0.0,5.827962310221494
2026-02-16 12:00:00+00:00,0.0,6.857041469220835
2026-02-16 13:00:00+00:00,22.5075,12.48830839280602
2026-02-16 14:00:00+00:00,67.12,53.32993411245038
2026-02-16 15:00:00+00:00,126.65,78.74658694886567
2026-02-16 16:00:00+00:00,127.785,135.81391813856945
2026-02-16 17:00:00+00:00,127.8575,138.06042898847502
2026-02-16 18:00:00+00:00,122.065,134.42927880945584
2026-02-16 19:00:00+00:00,118.7,105.73494877474084
2026-02-16 20:00:00+00:00,92.9175,104.19980100119734
2026-02-16 21:00:00+00:00,95.145,93.34133097532752
2026-02-16 22:00:00+00:00,90.7225,91.45061215474105
2026-02-16 23:00:00+00:00,0.6499999999999999,85.50299726484474
2026-02-17 00:00:00+00:00,10.000000000000002,13.676604190013176
2026-02-17 01:00:00+00:00,0.01,45.49318733963238
2026-02-17 02:00:00+00:00,0.01,9.358877042347787
2026-02-17 03:00:00+00:00,0.01,9.173519072422975
2026-02-17 04:00:00+00:00,30.0075,11.243165269893046
2026-02-17 05:00:00+00:00,104.995,47.67933012985895
2026-02-17 06:00:00+00:00,115.125,98.10509391018522
2026-02-17 07:00:00+00:00,115.2125,101.23580124656
2026-02-17 08:00:00+00:00,24.8675,95.56918536903025
2026-02-17 09:00:00+00:00,117.0275,24.331614105701203
2026-02-17 10:00:00+00:00,108.16,89.07016271260049
2026-02-17 11:00:00+00:00,39.07,91.54494076455796
2026-02-17 12:00:00+00:00,0.01,49.54811050347082
2026-02-17 13:00:00+00:00,0.01,12.462050717951279
2026-02-17 14:00:00+00:00,0.0025,44.18227272556394
2026-02-17 15:00:00+00:00,90.5475,46.31766611111111
2026-02-17 16:00:00+00:00,110.6,114.7388591724038
2026-02-17 17:00:00+00:00,125.975,129.91985868642922
2026-02-17 18:00:00+00:00,129.8675,136.50887119593938
2026-02-17 19:00:00+00:00,108.16,115.37509811562781
2026-02-17 20:00:00+00:00,85.61,100.20511354123792
2026-02-17 21:00:00+00:00,71.16250000000001,83.4929653009118
2026-02-17 22:00:00+00:00,0.0075,65.78459323108946
2026-02-17 23:00:00+00:00,12.555,35.15026388888885
2026-02-18 00:00:00+00:00,12.56,25.992725595778342
2026-02-18 01:00:00+00:00,12.56,29.549137465691455
2026-02-18 02:00:00+00:00,16.6225,27.882068961930162
2026-02-18 03:00:00+00:00,15.06,27.360272675834196
2026-02-18 04:00:00+00:00,75.92,30.271986385758133
2026-02-18 05:00:00+00:00,108.14,83.07106518538099
2026-02-18 06:00:00+00:00,63.2775,78.63029308123362
2026-02-18 07:00:00+00:00,0.0025,71.8832063562479
2026-02-18 08:00:00+00:00,-0.0025,7.181100226918959
2026-02-18 09:00:00+00:00,-0.1125,7.5181066711439835
2026-02-18 10:00:00+00:00,-0.55,7.42914316403302
2026-02-18 11:00:00+00:00,-1.005,6.520097737523921
2026-02-18 12:00:00+00:00,-0.1,6.7659365242922584
2026-02-18 13:00:00+00:00,-0.01,10.33887735567939
2026-02-18 14:00:00+00:00,0.0025,29.744237529474443
2026-02-18 15:00:00+00:00,88.53,49.34415031446367
2026-02-18 16:00:00+00:00,131.8625,109.72273812400016
2026-02-18 17:00:00+00:00,136.07999999999998,150.6451137987579
2026-02-18 18:00:00+00:00,134.14,149.1295813999632
2026-02-18 19:00:00+00:00,127.29,118.19685275259033
2026-02-18 20:00:00+00:00,116.6325,101.96801233971559
2026-02-18 21:00:00+00:00,106.4375,97.02965413568175
2026-02-18 22:00:00+00:00,93.325,93.9531223633673
2026-02-18 23:00:00+00:00,94.7875,87.13094339209174
2026-02-19 00:00:00+00:00,94.08,90.42929095860676
2026-02-19 01:00:00+00:00,91.825,91.40150640323498
2026-02-19 02:00:00+00:00,90.575,91.39911897368765
2026-02-19 03:00:00+00:00,93.9575,89.86241920325699
2026-02-19 04:00:00+00:00,94.8325,91.49976137381444
2026-02-19 05:00:00+00:00,116.44,106.03608379400967
2026-02-19 06:00:00+00:00,88.295,101.22415240577413
2026-02-19 07:00:00+00:00,28.5425,72.26362793092005
2026-02-19 08:00:00+00:00,0.0,23.401958018426217
2026-02-19 09:00:00+00:00,-0.0025,5.997974381432318
2026-02-19 10:00:00+00:00,-0.01,5.670181524289458
2026-02-19 11:00:00+00:00,-0.01,5.4924967983003254
2026-02-19 12:00:00+00:00,0.0,5.75133176070634
2026-02-19 13:00:00+00:00,0.0025,10.117682873192267
2026-02-19 14:00:00+00:00,67.8425,25.000569029418347
2026-02-19 15:00:00+00:00,120.0,78.15259975242915
2026-02-19 16:00:00+00:00,120.0,136.82162916717357
2026-02-19 17:00:00+00:00,123.0525,131.46823825154735
2026-02-19 18:00:00+00:00,125.0,129.19099634463583
2026-02-19 19:00:00+00:00,114.8475,113.45238927299727
2026-02-19 20:00:00+00:00,99.565,106.77668020761361
2026-02-19 21:00:00+00:00,89.37,93.18792856343555
2026-02-19 22:00:00+00:00,87.06,86.08084418714526
2026-02-19 23:00:00+00:00,75.27,82.45406610723127
2026-02-20 00:00:00+00:00,78.325,73.98453961757332
2026-02-20 01:00:00+00:00,74.4,73.9348662384885
2026-02-20 02:00:00+00:00,55.035,69.95159067768692
2026-02-20 03:00:00+00:00,78.325,58.818503897818644
2026-02-20 04:00:00+00:00,92.9525,75.87338539704895
2026-02-20 05:00:00+00:00,97.855,94.46076164891377
2026-02-20 06:00:00+00:00,119.9575,73.20580925919296
2026-02-20 07:00:00+00:00,104.3925,95.581759354845
2026-02-20 08:00:00+00:00,61.4925,78.84681964758587
2026-02-20 09:00:00+00:00,90.99,48.111225202139906
2026-02-20 10:00:00+00:00,0.515,61.78805566352913
2026-02-20 11:00:00+00:00,0.01,14.371836680150771
2026-02-20 12:00:00+00:00,0.01,10.502997326314171
2026-02-20 13:00:00+00:00,0.0125,11.75856588008404
2026-02-20 14:00:00+00:00,39.9025,41.92730219848713
2026-02-20 15:00:00+00:00,115.1425,78.7818242335064
2026-02-20 16:00:00+00:00,123.8425,126.34386979894785
2026-02-20 17:00:00+00:00,128.10750000000002,130.817132955371
2026-02-20 18:00:00+00:00,118.0875,136.63703560857232
2026-02-20 19:00:00+00:00,106.1,108.87544786317117
2026-02-20 20:00:00+00:00,84.8825,94.13892671972054
2026-02-20 21:00:00+00:00,74.9875,82.95251939998954
2026-02-20 22:00:00+00:00,58.09,72.73944659440508
2026-02-20 23:00:00+00:00,57.975,60.72760248311705
2026-02-21 00:00:00+00:00,62.8625,64.69944145814132
2026-02-21 01:00:00+00:00,62.7975,65.71368782614861
2026-02-21 02:00:00+00:00,64.6125,62.499869351354576
2026-02-21 03:00:00+00:00,69.56,70.35348882025058
2026-02-21 04:00:00+00:00,72.61,77.65344218619443
2026-02-21 05:00:00+00:00,75.2775,82.1581436556401
2026-02-21 06:00:00+00:00,80.4975,87.5198231288321
2026-02-21 07:00:00+00:00,83.19999999999999,68.00319708272242
2026-02-21 08:00:00+00:00,0.0125,62.84129291800534
2026-02-21 09:00:00+00:00,0.01,5.772509872534548
2026-02-21 10:00:00+00:00,0.01,5.230361267928847
2026-02-21 11:00:00+00:00,0.01,3.9952874105350396
2026-02-21 12:00:00+00:00,15.5125,5.00204885308271
2026-02-21 13:00:00+00:00,52.095,48.671469132472396
2026-02-21 14:00:00+00:00,59.2125,53.225993228482615
2026-02-21 15:00:00+00:00,98.4675,86.40550824664804
2026-02-21 16:00:00+00:00,109.475,116.14301767771065
2026-02-21 17:00:00+00:00,113.865,122.80562331305957
2026-02-21 18:00:00+00:00,108.585,113.319733900647
2026-02-21 19:00:00+00:00,102.045,102.49575449385577
2026-02-21 20:00:00+00:00,90.055,89.75795818532788
2026-02-21 21:00:00+00:00,81.2975,80.21500528017052
2026-02-21 22:00:00+00:00,71.3225,73.22143410544533
2026-02-21 23:00:00+00:00,61.24250000000001,61.706475018965754
2026-02-22 00:00:00+00:00,56.89,60.33351233726964
2026-02-22 01:00:00+00:00,55.865,50.252429606064325
2026-02-22 02:00:00+00:00,61.85249999999999,46.84716337909088
2026-02-22 03:00:00+00:00,69.0075,50.03129859122148
2026-02-22 04:00:00+00:00,64.8425,59.6388110060293
2026-02-22 05:00:00+00:00,61.0075,52.0931541704705
2026-02-22 06:00:00+00:00,39.995000000000005,47.88169096783158
2026-02-22 07:00:00+00:00,0.0,33.178509046742526
2026-02-22 08:00:00+00:00,-0.005,4.967179990543446
2026-02-22 09:00:00+00:00,0.0,4.334027903517098
2026-02-22 10:00:00+00:00,-0.005,3.4737147837921536
2026-02-22 11:00:00+00:00,0.0,3.2348434414874547
2026-02-22 12:00:00+00:00,0.0,3.7664455697290773
2026-02-22 13:00:00+00:00,0.0,9.748810577713531
2026-02-22 14:00:00+00:00,0.0,31.15214967067016
2026-02-22 15:00:00+00:00,39.3075,42.10201291074906
2026-02-22 16:00:00+00:00,98.47,66.80139010599507
2026-02-22 17:00:00+00:00,100.6725,100.11000199473689
2026-02-22 18:00:00+00:00,96.5275,99.19222701773042
2026-02-22 19:00:00+00:00,90.3525,89.99224480699323
2026-02-22 20:00:00+00:00,78.08,84.97166556222275
2026-02-22 21:00:00+00:00,75.01,73.21991807607063
2026-02-22 22:00:00+00:00,34.2325,69.98101149583422
2026-02-22 23:00:00+00:00,48.2475,45.66947695578606
2026-02-23 00:00:00+00:00,48.5,54.54363408748752
2026-02-23 01:00:00+00:00,46.4625,54.59079063034332
2026-02-23 02:00:00+00:00,48.1625,53.645052327274435
2026-02-23 03:00:00+00:00,48.4575,54.732324691988744
2026-02-23 04:00:00+00:00,42.0675,52.46936788862564
2026-02-23 05:00:00+00:00,47.2575,51.92590740503292
2026-02-23 06:00:00+00:00,0.0,53.70965254799641
2026-02-23 07:00:00+00:00,0.0,7.562027657720812
2026-02-23 08:00:00+00:00,-2.3875,7.074543121701951
2026-02-23 09:00:00+00:00,-10.3775,7.124666930605339
2026-02-23 10:00:00+00:00,-23.7325,4.996966186058367
2026-02-23 11:00:00+00:00,-25.0,4.777457852725034
2026-02-23 12:00:00+00:00,-21.1525,4.6467441696910985
2026-02-23 13:00:00+00:00,-1.025,8.411823503310218
2026-02-23 14:00:00+00:00,-2.2775,28.5311450278667
2026-02-23 15:00:00+00:00,44.795,38.50216356981979
2026-02-23 16:00:00+00:00,100.4175,78.95729334386961
2026-02-23 17:00:00+00:00,131.9275,108.32940066192647
2026-02-23 18:00:00+00:00,132.3775,125.4987755250707
2026-02-23 19:00:00+00:00,120.3825,112.21628508554471
2026-02-23 20:00:00+00:00,103.315,99.87936769125321
2026-02-23 21:00:00+00:00,90.835,92.41291617212588
2026-02-23 22:00:00+00:00,87.2425,86.67878858492675
2026-02-23 23:00:00+00:00,87.7025,75.23418779011618
2026-02-24 00:00:00+00:00,89.8725,78.7876604487562
2026-02-24 01:00:00+00:00,90.3325,78.09698914866748
2026-02-24 02:00:00+00:00,91.7125,78.02197330018794
2026-02-24 03:00:00+00:00,93.5825,79.18021235359026
2026-02-24 04:00:00+00:00,98.32,80.45570468288287
2026-02-24 05:00:00+00:00,112.725,105.21830870947508
2026-02-24 06:00:00+00:00,106.295,99.88862955487913
2026-02-24 07:00:00+00:00,0.005,66.98266312010666
2026-02-24 08:00:00+00:00,0.0,7.078840323408316
2026-02-24 09:00:00+00:00,0.0025,6.752691386715424
2026-02-24 10:00:00+00:00,0.0,7.0049533516444304
2026-02-24 11:00:00+00:00,0.0,6.430667806419258
2026-02-24 12:00:00+00:00,0.0,6.590709819760685
2026-02-24 13:00:00+00:00,0.0,9.40688089391242
2026-02-24 14:00:00+00:00,46.0125,31.063433260584848
2026-02-24 15:00:00+00:00,115.1275,43.02170795253941
2026-02-24 16:00:00+00:00,110.1825,121.53983401889451
2026-02-24 17:00:00+00:00,112.0275,127.14629368501929
2026-02-24 18:00:00+00:00,105.9375,126.43922356094346
2026-02-24 19:00:00+00:00,92.065,112.9650665429943
2026-02-24 20:00:00+00:00,67.195,88.51268498157809
2026-02-24 21:00:00+00:00,50.35,68.54096795551126
2026-02-24 22:00:00+00:00,90.55,69.10863577737523
2026-02-24 23:00:00+00:00,32.395,83.65252424272427
2026-02-25 00:00:00+00:00,26.62,36.08222593231719
2026-02-25 01:00:00+00:00,40.9875,25.85668985253988
2026-02-25 02:00:00+00:00,68.03999999999999,43.8672964652717
2026-02-25 03:00:00+00:00,29.1125,63.22451819813087
2026-02-25 04:00:00+00:00,62.365,34.83274139516188
2026-02-25 05:00:00+00:00,86.885,79.35248035684182
2026-02-25 06:00:00+00:00,44.13,82.92381986026858
2026-02-25 07:00:00+00:00,9.175,45.07448753270003
2026-02-25 08:00:00+00:00,0.0,20.456716377763453
2026-02-25 09:00:00+00:00,0.0,6.0682840845102035
2026-02-25 10:00:00+00:00,0.0,6.0682840845102035
2026-02-25 11:00:00+00:00,0.0,5.849784084510203
2026-02-25 12:00:00+00:00,0.0,5.85455075117687
2026-02-25 13:00:00+00:00,0.0075,10.074518646209263
2026-02-25 14:00:00+00:00,3.0025,24.796803602599162
2026-02-25 15:00:00+00:00,84.16,51.76568311054442
2026-02-25 16:00:00+00:00,121.1,100.54655483652473
2026-02-25 17:00:00+00:00,144.0575,125.68814956449232
2026-02-25 18:00:00+00:00,139.6875,141.26748925560207
2026-02-25 19:00:00+00:00,125.655,117.66260574614766
2026-02-25 20:00:00+00:00,113.565,101.50838294772525
2026-02-25 21:00:00+00:00,94.4425,101.22448600882151
2026-02-25 22:00:00+00:00,83.60499999999999,89.15571729470003
2026-02-25 23:00:00+00:00,84.7175,79.19554142319441
2026-02-26 00:00:00+00:00,77.43,88.11725105839224
2026-02-26 01:00:00+00:00,73.9225,76.7979644670106
2026-02-26 02:00:00+00:00,73.8125,74.87321560219348
2026-02-26 03:00:00+00:00,73.145,72.75003009299022
2026-02-26 04:00:00+00:00,79.0875,75.11813853785215
2026-02-26 05:00:00+00:00,87.3325,87.42858416549115
2026-02-26 06:00:00+00:00,63.2525,78.27079011342833
2026-02-26 07:00:00+00:00,19.62,39.066073270277386
2026-02-26 08:00:00+00:00,-0.005,21.486309906626758
2026-02-26 09:00:00+00:00,0.0,6.227998184046146
2026-02-26 10:00:00+00:00,0.0,5.154123601666168
2026-02-26 11:00:00+00:00,0.0,3.3895758835138583
2026-02-26 12:00:00+00:00,0.0,3.252840836465688
2026-02-26 13:00:00+00:00,0.005,9.387553510439897
2026-02-26 14:00:00+00:00,0.005,25.159825980247867
2026-02-26 15:00:00+00:00,42.515,47.971348003341674
2026-02-26 16:00:00+00:00,94.525,79.93083087803657
2026-02-26 17:00:00+00:00,112.6725,123.95568951712501
2026-02-26 18:00:00+00:00,115.37,129.30114635985794
2026-02-26 19:00:00+00:00,111.815,113.21309402411961
2026-02-26 20:00:00+00:00,93.79,109.40992679951958
2026-02-26 21:00:00+00:00,89.61,90.07370643124997
2026-02-26 22:00:00+00:00,77.5875,83.1566342065558
2026-02-26 23:00:00+00:00,59.5975,74.52171004555547
2026-02-27 00:00:00+00:00,60.415,62.978063073071986
2026-02-27 01:00:00+00:00,61.8325,63.600393686482015
2026-02-27 02:00:00+00:00,64.455,65.38686089702963
2026-02-27 03:00:00+00:00,67.6275,70.10004583312357
2026-02-27 04:00:00+00:00,83.0225,74.24792195237184
2026-02-27 05:00:00+00:00,108.86,91.99407352328326
2026-02-27 06:00:00+00:00,75.86,106.89988954656208
2026-02-27 07:00:00+00:00,23.95,66.66978722169993
2026-02-27 08:00:00+00:00,8.352500000000001,22.880672884157807
2026-02-27 09:00:00+00:00,8.535,21.456715684228858
2026-02-27 10:00:00+00:00,0.3625,16.201007576195128
2026-02-27 11:00:00+00:00,0.4425,8.293337308971338
2026-02-27 12:00:00+00:00,2.0625,7.682837925571728
2026-02-27 13:00:00+00:00,12.56,15.430356701655722
2026-02-27 14:00:00+00:00,59.6625,45.0661087146933
2026-02-27 15:00:00+00:00,105.7175,62.58424931766386
2026-02-27 16:00:00+00:00,125.6775,109.0933055334637
2026-02-27 17:00:00+00:00,126.0025,128.32135954654785
2026-02-27 18:00:00+00:00,122.005,131.52879028758443
2026-02-27 19:00:00+00:00,120.0975,107.78467608022466
2026-02-27 20:00:00+00:00,99.7775,99.61399047268642
2026-02-27 21:00:00+00:00,93.6225,90.45430073596383
2026-02-27 22:00:00+00:00,85.42,85.18775470302606
2026-02-27 23:00:00+00:00,86.1075,73.79393480007874
2026-02-28 00:00:00+00:00,83.77250000000001,78.20587156130573
2026-02-28 01:00:00+00:00,80.97,74.81593265854818
2026-02-28 02:00:00+00:00,78.0625,72.53089614377984
2026-02-28 03:00:00+00:00,78.21,67.89731175652202
2026-02-28 04:00:00+00:00,78.63250000000001,73.8840975834359
2026-02-28 05:00:00+00:00,79.765,81.31585386425245
2026-02-28 06:00:00+00:00,41.17,71.78347721651895
2026-02-28 07:00:00+00:00,12.805,33.84644305516967
2026-02-28 08:00:00+00:00,0.015,15.972363790361918
2026-02-28 09:00:00+00:00,-0.01,3.815661427937985
2026-02-28 10:00:00+00:00,-0.005,3.526959381658396
2026-02-28 11:00:00+00:00,-0.01,4.189143843688038
2026-02-28 12:00:00+00:00,-0.0025,4.060232797912648
2026-02-28 13:00:00+00:00,0.0,8.87124848467159
2026-02-28 14:00:00+00:00,0.01,30.556593576545982
2026-02-28 15:00:00+00:00,59.12,44.487048134920606
2026-02-28 16:00:00+00:00,99.01,94.59495899203331
2026-02-28 17:00:00+00:00,104.1175,111.56887893868691
2026-02-28 18:00:00+00:00,98.215,111.33372811010608
2026-02-28 19:00:00+00:00,87.925,104.41554907446472
2026-02-28 20:00:00+00:00,76.74000000000001,87.01549274701705
2026-02-28 21:00:00+00:00,70.18,77.96303773970735
2026-02-28 22:00:00+00:00,36.07,69.01914641188625
2026-02-28 23:00:00+00:00,15.31,58.94180278301064
2026-03-01 00:00:00+00:00,20.095,31.31409055919666
2026-03-01 01:00:00+00:00,19.79,26.447083562720394
2026-03-01 02:00:00+00:00,24.6275,26.97479077981755
2026-03-01 03:00:00+00:00,26.3575,27.344590716628105
2026-03-01 04:00:00+00:00,69.995,28.48779213165202
2026-03-01 05:00:00+00:00,69.67,53.46628657807289
2026-03-01 06:00:00+00:00,10.9575,44.633646916815
2026-03-01 07:00:00+00:00,-0.0025,13.2514871620008
2026-03-01 08:00:00+00:00,-0.115,3.181768467959033
2026-03-01 09:00:00+00:00,-0.285,3.0267728113659533
2026-03-01 10:00:00+00:00,-0.565,3.2319592768131082
2026-03-01 11:00:00+00:00,-0.825,3.0581575801374496
2026-03-01 12:00:00+00:00,-0.7875,3.01056559073339
2026-03-01 13:00:00+00:00,-0.265,7.237057304778776
2026-03-01 14:00:00+00:00,0.0025,17.31321720163348
2026-03-01 15:00:00+00:00,59.900000000000006,35.63824928571425
2026-03-01 16:00:00+00:00,93.3275,78.93180071862152
2026-03-01 17:00:00+00:00,96.4925,96.2352320628113
2026-03-01 18:00:00+00:00,100.8925,93.09194586391608
2026-03-01 19:00:00+00:00,101.7225,89.79950585056453
2026-03-01 20:00:00+00:00,93.1125,89.8341266442961
2026-03-01 21:00:00+00:00,86.3525,81.23513683907008
2026-03-01 22:00:00+00:00,76.855,67.33331201576115
2026-03-01 23:00:00+00:00,81.545,53.2165778969534
2026-03-02 00:00:00+00:00,77.07,74.8191891390177
2026-03-02 01:00:00+00:00,75.02000000000001,71.10476351061764
2026-03-02 02:00:00+00:00,75.58,71.48775386919931
2026-03-02 03:00:00+00:00,81.705,71.80623824039075
2026-03-02 04:00:00+00:00,100.235,77.08636146584082
2026-03-02 05:00:00+00:00,123.39,100.61803769445707
2026-03-02 06:00:00+00:00,106.085,98.42135393268236
2026-03-02 07:00:00+00:00,41.81,69.6624952528506
2026-03-02 08:00:00+00:00,0.0025,37.681739476888986
2026-03-02 09:00:00+00:00,0.0075,4.983513350400791
2026-03-02 10:00:00+00:00,0.0,4.944133047370488
2026-03-02 11:00:00+00:00,0.0075,4.765013350400791
2026-03-02 12:00:00+00:00,3.785,4.7705834224002395
2026-03-02 13:00:00+00:00,41.8925,33.34832460592901
2026-03-02 14:00:00+00:00,78.24,48.252579722950976
2026-03-02 15:00:00+00:00,91.555,77.66297888146056
2026-03-02 16:00:00+00:00,145.3475,109.27225407603397
2026-03-02 17:00:00+00:00,160.31,152.14960954724512
2026-03-02 18:00:00+00:00,170.4675,155.82505541199555
2026-03-02 19:00:00+00:00,138.8525,140.21851614835631
2026-03-02 20:00:00+00:00,126.51,115.65593285505697
2026-03-02 21:00:00+00:00,107.33,103.01976684396347
2026-03-02 22:00:00+00:00,94.3175,95.84880804979755
2026-03-02 23:00:00+00:00,91.79,93.31428263251902
2026-03-03 00:00:00+00:00,92.805,94.66545510190127
2026-03-03 01:00:00+00:00,92.0725,94.83346539592556
2026-03-03 02:00:00+00:00,91.66,95.91645073413235
2026-03-03 03:00:00+00:00,93.195,96.40838799926904
2026-03-03 04:00:00+00:00,109.3,98.1983205040357
2026-03-03 05:00:00+00:00,131.375,128.848079017209
2026-03-03 06:00:00+00:00,102.0075,126.89688585888312
2026-03-03 07:00:00+00:00,109.805,79.9156587668473
2026-03-03 08:00:00+00:00,99.4625,81.36910547176443
2026-03-03 09:00:00+00:00,81.22,66.82786312445158
2026-03-03 10:00:00+00:00,58.16,53.705540475109586
2026-03-03 11:00:00+00:00,22.3425,49.49226578565308
2026-03-03 12:00:00+00:00,37.615,24.887024987222713
2026-03-03 13:00:00+00:00,67.41,38.822638814669894
2026-03-03 14:00:00+00:00,92.5675,72.27838701254782
2026-03-03 15:00:00+00:00,118.47,113.57940728570327
2026-03-03 16:00:00+00:00,151.315,140.6889812744563
2026-03-03 17:00:00+00:00,211.3225,191.24508336139684
2026-03-03 18:00:00+00:00,193.9225,179.4558897417729
2026-03-03 19:00:00+00:00,148.48000000000002,165.5248604379623
2026-03-03 20:00:00+00:00,131.45,121.44053322604836
2026-03-03 21:00:00+00:00,116.9125,115.78809826606137
2026-03-03 22:00:00+00:00,94.2525,106.58051156141403
2026-03-03 23:00:00+00:00,128.7475,90.14793856865337
2026-03-04 00:00:00+00:00,126.015,125.14187294097799
2026-03-04 01:00:00+00:00,131.56,123.53323561878497
2026-03-04 02:00:00+00:00,126.56,124.64957778931077
2026-03-04 03:00:00+00:00,115.135,125.10634818193702
2026-03-04 04:00:00+00:00,116.805,115.45123533065689
2026-03-04 05:00:00+00:00,139.055,137.41045609449628
2026-03-04 06:00:00+00:00,93.7925,126.83324417234026
2026-03-04 07:00:00+00:00,65.62,92.68598712097418
2026-03-04 08:00:00+00:00,26.9925,56.61676256994946
2026-03-04 09:00:00+00:00,0.0125,23.7631657033089
2026-03-04 10:00:00+00:00,0.01,5.697622222062063
2026-03-04 11:00:00+00:00,2.5675000000000003,5.110097455519806
2026-03-04 12:00:00+00:00,11.445,10.009757695745167
2026-03-04 13:00:00+00:00,13.802499999999998,63.978490386002875
2026-03-04 14:00:00+00:00,96.34,65.1998877272728
2026-03-04 15:00:00+00:00,97.025,115.65755763104808
2026-03-04 16:00:00+00:00,157.8675,131.00048281841046
2026-03-04 17:00:00+00:00,215.3925,193.48733820375026
2026-03-04 18:00:00+00:00,207.775,213.41576798221402
2026-03-04 19:00:00+00:00,165.995,164.5859928467984
2026-03-04 20:00:00+00:00,151.19,140.88616117511344
2026-03-04 21:00:00+00:00,135.61,124.36005808545534
2026-03-04 22:00:00+00:00,123.585,114.35040392766801
2026-03-04 23:00:00+00:00,118.8525,113.37483874000446
2026-03-05 00:00:00+00:00,112.9125,122.75049419371811
2026-03-05 01:00:00+00:00,111.005,122.14883131555767
2026-03-05 02:00:00+00:00,112.8975,120.55834381131432
2026-03-05 03:00:00+00:00,114.0875,115.94859576541675
2026-03-05 04:00:00+00:00,127.475,117.45608614132212
2026-03-05 05:00:00+00:00,143.18,139.50065414346
2026-03-05 06:00:00+00:00,108.5025,129.06713699634454
2026-03-05 07:00:00+00:00,105.6075,101.8271428883055
2026-03-05 08:00:00+00:00,98.555,86.51778358480318
2026-03-05 09:00:00+00:00,62.545,79.89888156480762
2026-03-05 10:00:00+00:00,24.1175,57.35642815773859
2026-03-05 11:00:00+00:00,10.945,26.84770078859447
2026-03-05 12:00:00+00:00,9.6125,17.293867546923558
2026-03-05 13:00:00+00:00,50.875,49.421303629426475
2026-03-05 14:00:00+00:00,92.9875,83.35592891920297
2026-03-05 15:00:00+00:00,100.35,98.18148512481712
2026-03-05 16:00:00+00:00,123.9775,131.1016070696514
2026-03-05 17:00:00+00:00,185.8675,163.0196636139728
2026-03-05 18:00:00+00:00,180.2,193.193800748137
2026-03-05 19:00:00+00:00,157.9575,151.69488613975045
2026-03-05 20:00:00+00:00,146.565,138.50380351780038
2026-03-05 21:00:00+00:00,135.7825,120.62815799017473
2026-03-05 22:00:00+00:00,98.745,118.7131432204141
2026-03-05 23:00:00+00:00,109.1175,103.94788499258956
2026-03-06 00:00:00+00:00,111.1625,110.91517389178402
2026-03-06 01:00:00+00:00,114.5425,111.86830370474337
2026-03-06 02:00:00+00:00,115.2275,115.75554001186322
2026-03-06 03:00:00+00:00,121.9025,119.16891289746336
2026-03-06 04:00:00+00:00,135.5625,132.3195934640842
2026-03-06 05:00:00+00:00,140.87,148.1355638546985
2026-03-06 06:00:00+00:00,59.045,117.15144785648823
2026-03-06 07:00:00+00:00,22.37,53.13328666781688
2026-03-06 08:00:00+00:00,0.005,26.04286346994323
2026-03-06 09:00:00+00:00,0.0,3.503046744353429
2026-03-06 10:00:00+00:00,0.0,3.1960129762703695
2026-03-06 11:00:00+00:00,0.0,2.9702090179370373
2026-03-06 12:00:00+00:00,0.0,2.932141589936486
2026-03-06 13:00:00+00:00,0.165,10.675551130645058
2026-03-06 14:00:00+00:00,46.0175,47.89161334568212
2026-03-06 15:00:00+00:00,126.6,84.68383517314415
2026-03-06 16:00:00+00:00,130.5875,150.25971811556704
2026-03-06 17:00:00+00:00,172.345,179.82982633989758
2026-03-06 18:00:00+00:00,170.64249999999998,191.77293473261653
2026-03-06 19:00:00+00:00,145.2325,151.0966788185571
2026-03-06 20:00:00+00:00,137.125,124.84111201228241
2026-03-06 21:00:00+00:00,128.94,121.92013620266748
2026-03-06 22:00:00+00:00,104.275,113.63937023448241
2026-03-06 23:00:00+00:00,136.0975,102.44722095178828
2026-03-07 00:00:00+00:00,133.025,134.22801234616472
2026-03-07 01:00:00+00:00,106.8525,132.2398858550259
2026-03-07 02:00:00+00:00,109.5675,109.39358254338816
2026-03-07 03:00:00+00:00,121.5125,117.41204653863036
2026-03-07 04:00:00+00:00,128.625,127.89416052173125
2026-03-07 05:00:00+00:00,135.315,134.16024506440678
2026-03-07 06:00:00+00:00,80.66499999999999,106.3327021962126
2026-03-07 07:00:00+00:00,12.05,58.75229218232719
2026-03-07 08:00:00+00:00,0.0,17.092687975313932
2026-03-07 09:00:00+00:00,0.0,3.0124899968376537
2026-03-07 10:00:00+00:00,-1.965,2.2085946325793935
2026-03-07 11:00:00+00:00,-2.8125,4.197173832510566
2026-03-07 12:00:00+00:00,-0.3525,2.642806843924306
2026-03-07 13:00:00+00:00,0.0,8.924318301144503
2026-03-07 14:00:00+00:00,57.355,36.05597358081896
2026-03-07 15:00:00+00:00,114.465,100.58029080981132
2026-03-07 16:00:00+00:00,113.5775,133.85367504208622
2026-03-07 17:00:00+00:00,150.01,147.96776961347462
2026-03-07 18:00:00+00:00,125.6425,166.58790526941067
2026-03-07 19:00:00+00:00,149.8275,123.03560515298781
2026-03-07 20:00:00+00:00,115.595,125.97530433755233
2026-03-07 21:00:00+00:00,132.6725,110.52571161927834
2026-03-07 22:00:00+00:00,97.3975,113.9909910354101
2026-03-07 23:00:00+00:00,98.12,105.51722030519821
2026-03-08 00:00:00+00:00,103.6725,105.6694130732652
2026-03-08 01:00:00+00:00,106.755,99.61365018015483
2026-03-08 02:00:00+00:00,134.7475,104.07863521554125
2026-03-08 03:00:00+00:00,118.9425,130.15164867487093
2026-03-08 04:00:00+00:00,128.8725,125.65368112806703
2026-03-08 05:00:00+00:00,135.2425,130.12587008667865
2026-03-08 06:00:00+00:00,112.4,115.64120931154815
2026-03-08 07:00:00+00:00,17.5025,80.6901723453829
2026-03-08 08:00:00+00:00,0.0,21.300577080407006
2026-03-08 09:00:00+00:00,0.0,2.7468063614893676
2026-03-08 10:00:00+00:00,-0.0025,2.713956361489368
2026-03-08 11:00:00+00:00,-1.5625,1.9694467317675373
2026-03-08 12:00:00+00:00,-0.125,2.1881384983011203
2026-03-08 13:00:00+00:00,0.0,8.163790320456329
2026-03-08 14:00:00+00:00,58.19,40.432132786375824
2026-03-08 15:00:00+00:00,92.1175,96.53742694485571
2026-03-08 16:00:00+00:00,147.6625,108.1870501906603
2026-03-08 17:00:00+00:00,156.7875,153.855020838693
2026-03-08 18:00:00+00:00,146.825,139.1747852928405
2026-03-08 19:00:00+00:00,121.235,125.99131949309668
2026-03-08 20:00:00+00:00,94.1825,110.58300587005209
2026-03-08 21:00:00+00:00,109.8325,104.18335078491496
2026-03-08 22:00:00+00:00,94.0825,92.77194381515237
2026-03-08 23:00:00+00:00,104.24,88.58307346438173
2026-03-09 00:00:00+00:00,111.81,102.69067581629218
2026-03-09 01:00:00+00:00,106.105,95.9366477845673
2026-03-09 02:00:00+00:00,103.785,101.24673575339486
2026-03-09 03:00:00+00:00,106.5725,100.47352455075944
2026-03-09 04:00:00+00:00,97.47,110.20076233798164
2026-03-09 05:00:00+00:00,163.975,108.2047277519362
2026-03-09 06:00:00+00:00,59.7625,123.61104934788918
2026-03-09 07:00:00+00:00,0.005,42.00844300746059
2026-03-09 08:00:00+00:00,0.0,3.0536373434209496
2026-03-09 09:00:00+00:00,0.0,2.6031589674525923
2026-03-09 10:00:00+00:00,-0.0075,2.6184825523582527
2026-03-09 11:00:00+00:00,-0.01,3.3935594715489192
2026-03-09 12:00:00+00:00,-0.005,3.2395859170223757
2026-03-09 13:00:00+00:00,0.0,9.943052234662057
2026-03-09 14:00:00+00:00,15.0025,32.70393289882506
2026-03-09 15:00:00+00:00,59.8325,57.25247865499594
2026-03-09 16:00:00+00:00,124.2025,109.00101260912702
2026-03-09 17:00:00+00:00,212.2975,145.9052819907405
2026-03-09 18:00:00+00:00,218.06,194.51244160083687
2026-03-09 19:00:00+00:00,143.99,185.12634882349488
2026-03-09 20:00:00+00:00,104.8725,123.98885772239984
2026-03-09 21:00:00+00:00,152.13,101.87152118508108
2026-03-09 22:00:00+00:00,106.395,120.58645472448283
2026-03-09 23:00:00+00:00,89.6925,98.99413717754253
2026-03-10 00:00:00+00:00,95.95,87.87396983590719
2026-03-10 01:00:00+00:00,89.07,95.15887951397119
2026-03-10 02:00:00+00:00,88.6575,85.87183400193751
2026-03-10 03:00:00+00:00,91.4375,88.97700990310709
2026-03-10 04:00:00+00:00,100.505,99.25642275592989
2026-03-10 05:00:00+00:00,102.6875,115.2433076758638
2026-03-10 06:00:00+00:00,32.0025,77.08336837609775
2026-03-10 07:00:00+00:00,21.6125,40.2465915339865
2026-03-10 08:00:00+00:00,0.0,18.96227242644955
2026-03-10 09:00:00+00:00,0.0,1.7889628888864297
2026-03-10 10:00:00+00:00,0.0,1.7406356161591565
2026-03-10 11:00:00+00:00,0.0,1.6636885573356266
2026-03-10 12:00:00+00:00,0.0,2.059985529199068
2026-03-10 13:00:00+00:00,0.0075,9.075518937231655
2026-03-10 14:00:00+00:00,27.375,31.225150881261552
2026-03-10 15:00:00+00:00,118.275,52.172062163224346
2026-03-10 16:00:00+00:00,189.8025,140.5233036277894
2026-03-10 17:00:00+00:00,215.4125,236.33841871974866
2026-03-10 18:00:00+00:00,200.0,232.26377315656867
2026-03-10 19:00:00+00:00,173.5025,170.09100402488937
2026-03-10 20:00:00+00:00,157.8425,141.9027975843954
2026-03-10 21:00:00+00:00,136.04,145.32321077938198
2026-03-10 22:00:00+00:00,107.81,119.06065104461794
2026-03-10 23:00:00+00:00,97.1,102.58514051643951
2026-03-11 00:00:00+00:00,89.2525,101.6086219024113
2026-03-11 01:00:00+00:00,85.505,94.31396443532654
2026-03-11 02:00:00+00:00,87.825,88.84293484619342
2026-03-11 03:00:00+00:00,94.1,94.69598994047789
2026-03-11 04:00:00+00:00,124.255,110.63696340402444
2026-03-11 05:00:00+00:00,136.57500000000002,131.34035651912836
2026-03-11 06:00:00+00:00,70.58,116.82193191721478
2026-03-11 07:00:00+00:00,13.625,51.67242965257672
2026-03-11 08:00:00+00:00,0.6425,26.040526313374958
2026-03-11 09:00:00+00:00,0.0,5.121142182676483
2026-03-11 10:00:00+00:00,0.0,2.7854195777905955
2026-03-11 11:00:00+00:00,0.0,2.4147974938141314
2026-03-11 12:00:00+00:00,0.0,1.2846419791455068
2026-03-11 13:00:00+00:00,5.307499999999999,10.115632090221338
2026-03-11 14:00:00+00:00,73.755,47.42257347032203
2026-03-11 15:00:00+00:00,148.43,104.73463439019827
2026-03-11 16:00:00+00:00,155.33749999999998,186.55065910858997
2026-03-11 17:00:00+00:00,215.5825,206.86326293436932
2026-03-11 18:00:00+00:00,215.5825,225.50201494341746
2026-03-11 19:00:00+00:00,209.6825,194.1005420630737
2026-03-11 20:00:00+00:00,162.185,175.77627433515963
2026-03-11 21:00:00+00:00,138.0,150.68197014469956
2026-03-11 22:00:00+00:00,117.015,123.06881405602189
2026-03-11 23:00:00+00:00,126.61,107.2026913866138
2026-03-12 00:00:00+00:00,121.25,121.3002758006757
2026-03-12 01:00:00+00:00,113.7275,115.81716488040229
2026-03-12 02:00:00+00:00,111.765,113.95846691475093
2026-03-12 03:00:00+00:00,122.845,117.10264256906052
2026-03-12 04:00:00+00:00,132.1175,136.54041811376544
2026-03-12 05:00:00+00:00,150.8375,163.01221229228213
2026-03-12 06:00:00+00:00,151.04,125.75152898506256
2026-03-12 07:00:00+00:00,84.9275,103.4725787393293
2026-03-12 08:00:00+00:00,22.97,66.68488920062389
2026-03-12 09:00:00+00:00,0.005,27.35624318321371
2026-03-12 10:00:00+00:00,0.0,3.3234072580923226
2026-03-12 11:00:00+00:00,0.0,3.019440664414895
2026-03-12 12:00:00+00:00,2.12,3.2568967855934945
2026-03-12 13:00:00+00:00,26.3025,16.842008012943385
2026-03-12 14:00:00+00:00,85.97749999999999,65.28754164758845
2026-03-12 15:00:00+00:00,143.3725,114.03958126530638
2026-03-12 16:00:00+00:00,151.45499999999998,168.55783482267765
2026-03-12 17:00:00+00:00,190.43,205.04765856802854
2026-03-12 18:00:00+00:00,207.9325,213.57082292423678
2026-03-12 19:00:00+00:00,224.355,190.79654369537417
2026-03-12 20:00:00+00:00,161.655,195.93602324271853
2026-03-12 21:00:00+00:00,142.395,149.5603191214823
2026-03-12 22:00:00+00:00,123.5675,121.71465368536047
2026-03-12 23:00:00+00:00,119.2075,114.64714915966096
2026-03-13 00:00:00+00:00,104.5125,117.76371142263733
2026-03-13 01:00:00+00:00,102.085,107.97133342124698
2026-03-13 02:00:00+00:00,102.0875,105.342309545545
2026-03-13 03:00:00+00:00,112.5,117.04835974991269
2026-03-13 04:00:00+00:00,134.32999999999998,134.28376616093624
2026-03-13 05:00:00+00:00,152.87,142.6990410162575
2026-03-13 06:00:00+00:00,137.2775,120.84843717268367
2026-03-13 07:00:00+00:00,33.3925,92.47199285136932
2026-03-13 08:00:00+00:00,3.195,26.792763564175658
2026-03-13 09:00:00+00:00,0.0,4.030250428656581
2026-03-13 10:00:00+00:00,-0.1,3.0271350416297778
2026-03-13 11:00:00+00:00,0.0,2.9574927731753546
2026-03-13 12:00:00+00:00,0.2675,2.9894896328599945
2026-03-13 13:00:00+00:00,8.185,10.087222825829121
2026-03-13 14:00:00+00:00,67.6225,51.8374129197113
2026-03-13 15:00:00+00:00,89.24,113.26475394663626
2026-03-13 16:00:00+00:00,137.055,126.57507704829233
2026-03-13 17:00:00+00:00,168.3675,175.83540116904373
2026-03-13 18:00:00+00:00,153.0,183.11687267497763
2026-03-13 19:00:00+00:00,147.9525,184.0841468074572
2026-03-13 20:00:00+00:00,134.17,142.0047025500526
2026-03-13 21:00:00+00:00,124.99,119.15212867533802
2026-03-13 22:00:00+00:00,116.905,113.19284989163356
2026-03-13 23:00:00+00:00,114.7825,109.81453608421025
2026-03-14 00:00:00+00:00,110.285,111.41030027581162
2026-03-14 01:00:00+00:00,104.775,109.5201161327151
2026-03-14 02:00:00+00:00,106.76,102.4260061690196
2026-03-14 03:00:00+00:00,108.2975,111.5061455548647
2026-03-14 04:00:00+00:00,110.8775,127.48098015558908
2026-03-14 05:00:00+00:00,112.7025,127.52620558929499
2026-03-14 06:00:00+00:00,85.7,90.63707815459274
2026-03-14 07:00:00+00:00,1.25,67.6948115362068
2026-03-14 08:00:00+00:00,-0.0775,3.851469744567075
2026-03-14 09:00:00+00:00,-2.4725,1.875395398681783
2026-03-14 10:00:00+00:00,-3.3375,2.0473659622440206
2026-03-14 11:00:00+00:00,-4.0525,1.8282496019570318
2026-03-14 12:00:00+00:00,-3.9925,1.966820878064767
2026-03-14 13:00:00+00:00,-0.625,6.579571796854894
2026-03-14 14:00:00+00:00,42.0125,35.84392321080646
2026-03-14 15:00:00+00:00,118.425,75.93560842028693
2026-03-14 16:00:00+00:00,142.16750000000002,135.19700769844584
2026-03-14 17:00:00+00:00,161.1,169.30247044601646
2026-03-14 18:00:00+00:00,169.83499999999998,158.44138911601917
2026-03-14 19:00:00+00:00,150.265,155.37328194443145
2026-03-14 20:00:00+00:00,137.4525,131.94014162922238
2026-03-14 21:00:00+00:00,135.2375,122.44775870570865
2026-03-14 22:00:00+00:00,128.04500000000002,117.3013314398491
2026-03-14 23:00:00+00:00,124.08,113.24697757572486
2026-03-15 00:00:00+00:00,126.655,120.03310279973786
2026-03-15 01:00:00+00:00,109.4475,118.39973719327716
2026-03-15 02:00:00+00:00,119.07,109.14600180328922
2026-03-15 03:00:00+00:00,124.06,118.68168553714878
2026-03-15 04:00:00+00:00,125.4225,132.11963652654651
2026-03-15 05:00:00+00:00,111.4,128.94436983451627
2026-03-15 06:00:00+00:00,85.0675,89.80992715910291
2026-03-15 07:00:00+00:00,0.0,70.13453607484067
2026-03-15 08:00:00+00:00,-0.0775,2.123798140847266
2026-03-15 09:00:00+00:00,-0.7825,1.9987222711490296
2026-03-15 10:00:00+00:00,-1.0025,1.9957131555940049
2026-03-15 11:00:00+00:00,-0.33,2.054826298000987
2026-03-15 12:00:00+00:00,-0.055,2.3803963353580686
2026-03-15 13:00:00+00:00,0.0025,6.858114080269928
2026-03-15 14:00:00+00:00,29.01,22.320601380536676
2026-03-15 15:00:00+00:00,99.09,83.50304095861289
2026-03-15 16:00:00+00:00,137.22250000000005,131.8694751976874
2026-03-15 17:00:00+00:00,155.4925,173.9759011880192
2026-03-15 18:00:00+00:00,151.9825,169.02558989927712
2026-03-15 19:00:00+00:00,154.9225,137.94505501183204
2026-03-15 20:00:00+00:00,131.15,136.83591789059497
2026-03-15 21:00:00+00:00,116.0025,110.77056898123809
2026-03-15 22:00:00+00:00,103.5975,110.91722449386049
2026-03-15 23:00:00+00:00,82.045,109.80807868616553
2026-03-16 00:00:00+00:00,78.605,101.27475985401432
2026-03-16 01:00:00+00:00,81.18,90.3963919130688
2026-03-16 02:00:00+00:00,65.5075,96.17863014442015
2026-03-16 03:00:00+00:00,83.6,91.98050124329353
2026-03-16 04:00:00+00:00,123.5975,99.63054466429361
2026-03-16 05:00:00+00:00,148.1075,138.13033890946977
2026-03-16 06:00:00+00:00,136.9425,119.36423309572793
2026-03-16 07:00:00+00:00,88.19,104.29285862529852
2026-03-16 08:00:00+00:00,44.655,59.501441741200416
2026-03-16 09:00:00+00:00,23.555,33.686363846741415
2026-03-16 10:00:00+00:00,15.9925,20.57282063709424
2026-03-16 11:00:00+00:00,25.85,26.033656038584617
2026-03-16 12:00:00+00:00,54.3,24.521642798293396
2026-03-16 13:00:00+00:00,77.73,55.575996553089674
2026-03-16 14:00:00+00:00,110.9525,75.40163272322546
2026-03-16 15:00:00+00:00,140.4575,114.75798130711986
2026-03-16 16:00:00+00:00,158.11,155.27487704926253
2026-03-16 17:00:00+00:00,167.76999999999998,194.48652685647997
2026-03-16 18:00:00+00:00,179.925,185.95475893309748
2026-03-16 19:00:00+00:00,161.6725,156.37995725350845
2026-03-16 20:00:00+00:00,137.38,140.57241663793414
2026-03-16 21:00:00+00:00,123.2575,122.34114414447049
2026-03-16 22:00:00+00:00,100.02,110.66425212739681
2026-03-16 23:00:00+00:00,111.9725,96.36085129071124
2026-03-17 00:00:00+00:00,104.2525,112.00474530401715
2026-03-17 01:00:00+00:00,107.5775,102.17472821042281
2026-03-17 02:00:00+00:00,108.7975,107.19299061565998
2026-03-17 03:00:00+00:00,111.6025,106.40783190932072
2026-03-17 04:00:00+00:00,116.74,129.4224645542062
2026-03-17 05:00:00+00:00,126.18,132.48510913017577
2026-03-17 06:00:00+00:00,118.2075,121.95048813644878
2026-03-17 07:00:00+00:00,115.665,102.81927103837424
2026-03-17 08:00:00+00:00,80.2725,103.78897466962948
2026-03-17 09:00:00+00:00,80.785,72.76075949655498
2026-03-17 10:00:00+00:00,110.01,74.72667190760691
2026-03-17 11:00:00+00:00,104.6725,104.66546696905003
2026-03-17 12:00:00+00:00,106.895,100.5609166257204
2026-03-17 13:00:00+00:00,109.57,103.33490622044222
2026-03-17 14:00:00+00:00,126.5225,117.84363114281157
2026-03-17 15:00:00+00:00,130.37,136.4363096053912
2026-03-17 16:00:00+00:00,168.9975,165.05878339287716
2026-03-17 17:00:00+00:00,146.7925,189.57423426355857
2026-03-17 18:00:00+00:00,120.925,181.874016749112
2026-03-17 19:00:00+00:00,132.92000000000002,136.61332088390805
2026-03-17 20:00:00+00:00,130.045,123.96856928323795
2026-03-17 21:00:00+00:00,111.6325,121.89385931396517
2026-03-17 22:00:00+00:00,107.3625,105.75605436023461
2026-03-17 23:00:00+00:00,96.7725,104.61682624290508
2026-03-18 00:00:00+00:00,96.0075,97.25222650171442
2026-03-18 01:00:00+00:00,95.105,96.59101146117965
2026-03-18 02:00:00+00:00,96.3325,97.24357910235771
2026-03-18 03:00:00+00:00,99.47,99.95963663257862
2026-03-18 04:00:00+00:00,107.6625,111.33979484358926
2026-03-18 05:00:00+00:00,129.27,123.52399475849715
2026-03-18 06:00:00+00:00,107.19,129.11199101994137
2026-03-18 07:00:00+00:00,104.0025,108.18805515792866
2026-03-18 08:00:00+00:00,82.0325,97.50924443710328
2026-03-18 09:00:00+00:00,37.8425,74.62505676340761
2026-03-18 10:00:00+00:00,8.6325,53.220728437244816
2026-03-18 11:00:00+00:00,7.8075,19.3486089251367
2026-03-18 12:00:00+00:00,11.52,24.2589496967654
2026-03-18 13:00:00+00:00,30.3,60.6541922067541
2026-03-18 14:00:00+00:00,66.365,77.00978530627171
2026-03-18 15:00:00+00:00,105.6525,108.49754086506125
2026-03-18 16:00:00+00:00,139.9425,127.38623189826114
2026-03-18 17:00:00+00:00,153.5625,165.6655914823965
2026-03-18 18:00:00+00:00,120.6175,143.77442378106701
2026-03-18 19:00:00+00:00,119.5175,116.59371603967831
2026-03-18 20:00:00+00:00,124.12,110.23750800432637
2026-03-18 21:00:00+00:00,127.38,109.15402647641805
2026-03-18 22:00:00+00:00,113.4,110.60723754306366
2026-03-18 23:00:00+00:00,92.9525,92.00869704448489
2026-03-19 00:00:00+00:00,99.8275,90.51972610836337
2026-03-19 01:00:00+00:00,106.325,97.96552282199028
2026-03-19 02:00:00+00:00,118.885,102.93910539619623
2026-03-19 03:00:00+00:00,129.1,109.33407528271317
2026-03-19 04:00:00+00:00,126.0025,123.30161154067538
2026-03-19 05:00:00+00:00,116.37,135.8586153043851
2026-03-19 06:00:00+00:00,96.1625,117.77070561504064
2026-03-19 07:00:00+00:00,87.55250000000001,95.18803746060658
2026-03-19 08:00:00+00:00,89.735,79.81801172050078
2026-03-19 09:00:00+00:00,60.05,73.2611556067977
2026-03-19 10:00:00+00:00,10.2975,63.09971303867987
2026-03-19 11:00:00+00:00,24.1725,15.289618269325171
2026-03-19 12:00:00+00:00,25.5975,31.716997650061828
2026-03-19 13:00:00+00:00,69.105,47.5045563718241
2026-03-19 14:00:00+00:00,94.31,79.42046108157356
2026-03-19 15:00:00+00:00,127.82,107.92324836512873
2026-03-19 16:00:00+00:00,137.425,140.90884274409223
2026-03-19 17:00:00+00:00,167.9175,159.24004681799443
2026-03-19 18:00:00+00:00,171.2875,151.1506294180237
2026-03-19 19:00:00+00:00,130.01,144.31988801975794
2026-03-19 20:00:00+00:00,113.145,119.52119407361239
2026-03-19 21:00:00+00:00,120.4025,107.41206260058681
2026-03-19 22:00:00+00:00,115.1425,106.83495927268285
2026-03-19 23:00:00+00:00,99.0775,97.28550132074699
2026-03-20 00:00:00+00:00,104.3975,97.7848306706317
2026-03-20 01:00:00+00:00,100.4175,102.56567770127089
2026-03-20 02:00:00+00:00,96.63,104.95434983808069
2026-03-20 03:00:00+00:00,95.575,108.80347020976927
2026-03-20 04:00:00+00:00,95.35,113.20667081186754
2026-03-20 05:00:00+00:00,107.9575,110.18639393790127
2026-03-20 06:00:00+00:00,86.6725,100.96415515573992
2026-03-20 07:00:00+00:00,95.195,74.76464046161723
2026-03-20 08:00:00+00:00,60.085,84.24069068668322
2026-03-20 09:00:00+00:00,74.985,49.128123773974714
2026-03-20 10:00:00+00:00,84.83500000000001,53.24994939196591
2026-03-20 11:00:00+00:00,71.07,64.94681972876658
2026-03-20 12:00:00+00:00,71.26,64.84033835205713
2026-03-20 13:00:00+00:00,95.12,73.45526084192636
2026-03-20 14:00:00+00:00,127.63,95.76554201384819
2026-03-20 15:00:00+00:00,138.0075,135.74065981791375
2026-03-20 16:00:00+00:00,157.0775,152.15122412475563
2026-03-20 17:00:00+00:00,205.5125,173.9501599321955
2026-03-20 18:00:00+00:00,165.9375,189.68855756872074
2026-03-20 19:00:00+00:00,181.185,143.24833789501994
2026-03-20 20:00:00+00:00,132.0,146.22283031561324
2026-03-20 21:00:00+00:00,119.8675,124.17182206197532
2026-03-20 22:00:00+00:00,123.025,113.16495350396298
2026-03-20 23:00:00+00:00,136.4375,109.64010095573029
2026-03-21 00:00:00+00:00,108.485,127.39343345398979
2026-03-21 01:00:00+00:00,106.655,106.14296670776385
2026-03-21 02:00:00+00:00,138.31,102.68896875891089
2026-03-21 03:00:00+00:00,125.9125,130.96422660475483
2026-03-21 04:00:00+00:00,119.4025,119.66582289218216
2026-03-21 05:00:00+00:00,111.92,117.63583537525638
2026-03-21 06:00:00+00:00,107.3325,105.72316410745023
2026-03-21 07:00:00+00:00,57.3775,92.17920381575624
2026-03-21 08:00:00+00:00,0.0,44.428013338521986
2026-03-21 09:00:00+00:00,0.0,2.3089972082100356
2026-03-21 10:00:00+00:00,0.01,2.5831280900004625
2026-03-21 11:00:00+00:00,10.2075,3.524335858430102
2026-03-21 12:00:00+00:00,31.2875,14.8603576158932
2026-03-21 13:00:00+00:00,81.2925,59.29519120445539
2026-03-21 14:00:00+00:00,84.9675,99.98838769037776
2026-03-21 15:00:00+00:00,128.9075,115.06645581524006
2026-03-21 16:00:00+00:00,157.8775,173.49945567183195
2026-03-21 17:00:00+00:00,159.2625,177.45691839795313
2026-03-21 18:00:00+00:00,136.96,167.32038847637978
2026-03-21 19:00:00+00:00,140.135,150.25626143789617
2026-03-21 20:00:00+00:00,133.0075,129.4478823132816
2026-03-21 21:00:00+00:00,128.4325,124.42585885145677
2026-03-21 22:00:00+00:00,115.79,117.92534345417113
2026-03-21 23:00:00+00:00,102.8925,111.69989978921572
2026-03-22 00:00:00+00:00,100.5025,104.34162528918687
2026-03-22 01:00:00+00:00,100.27,100.45285635259528
2026-03-22 02:00:00+00:00,101.5975,110.51066918817209
2026-03-22 03:00:00+00:00,105.15,112.47941386771963
2026-03-22 04:00:00+00:00,104.53,116.26949878288323
2026-03-22 05:00:00+00:00,103.6675,108.64626542928576
2026-03-22 06:00:00+00:00,84.51,98.47528922712267
2026-03-22 07:00:00+00:00,0.0,65.78648453139746
2026-03-22 08:00:00+00:00,0.0,0.9003446950993212
2026-03-22 09:00:00+00:00,0.0,0.5548295201063662
2026-03-22 10:00:00+00:00,0.01,0.5996409090398943
2026-03-22 11:00:00+00:00,0.01,1.2210700487021509
2026-03-22 12:00:00+00:00,1.825,2.988950263253697
2026-03-22 13:00:00+00:00,8.845,28.256306368660603
2026-03-22 14:00:00+00:00,62.4775,45.17357214088338
2026-03-22 15:00:00+00:00,96.17,104.84193041686343
2026-03-22 16:00:00+00:00,140.14,129.3929360953218
2026-03-22 17:00:00+00:00,131.76,169.97806100211247
2026-03-22 18:00:00+00:00,178.8425,156.7479978924252
2026-03-22 19:00:00+00:00,178.6475,164.50271759916822
2026-03-22 20:00:00+00:00,144.8625,145.71839824542184
2026-03-22 21:00:00+00:00,154.7575,129.89348369513607
2026-03-22 22:00:00+00:00,133.185,126.24080620418592
2026-03-22 23:00:00+00:00,141.85750000000002,114.93502643694274
2026-03-23 00:00:00+00:00,134.5575,133.80740021769893
2026-03-23 01:00:00+00:00,131.8125,125.29276012434384
2026-03-23 02:00:00+00:00,129.5375,123.47528058097495
2026-03-23 03:00:00+00:00,146.0425,125.98888762770176
2026-03-23 04:00:00+00:00,163.6975,142.783362993807
2026-03-23 05:00:00+00:00,186.4875,156.7324960758802
2026-03-23 06:00:00+00:00,160.6775,154.12267940061335
2026-03-23 07:00:00+00:00,113.005,121.3617258287345
2026-03-23 08:00:00+00:00,120.475,96.72349046123378
2026-03-23 09:00:00+00:00,99.8075,100.60564939538392
2026-03-23 10:00:00+00:00,81.4975,92.06792652387237
2026-03-23 11:00:00+00:00,95.9025,59.47957500428737
2026-03-23 12:00:00+00:00,117.005,91.71085894284444
2026-03-23 13:00:00+00:00,124.885,116.78112156140278
2026-03-23 14:00:00+00:00,136.6675,127.18832782405558
2026-03-23 15:00:00+00:00,155.5075,149.13968928177385
2026-03-23 16:00:00+00:00,191.8275,183.2572183536512
2026-03-23 17:00:00+00:00,223.6675,198.15989223879453
2026-03-23 18:00:00+00:00,224.63,216.81348181226906
2026-03-23 19:00:00+00:00,200.64,196.36383342433405
2026-03-23 20:00:00+00:00,169.9,159.53313010818138
2026-03-23 21:00:00+00:00,152.745,157.67818888985664
2026-03-23 22:00:00+00:00,142.8275,137.74582097366027
2026-03-23 23:00:00+00:00,146.24,132.66912508699465
2026-03-24 00:00:00+00:00,132.5775,140.79078279112613
2026-03-24 01:00:00+00:00,116.42,129.26581591103476
2026-03-24 02:00:00+00:00,106.7125,119.29839527436592
2026-03-24 03:00:00+00:00,106.0125,116.77646612721004
2026-03-24 04:00:00+00:00,131.1725,123.77352059502495
2026-03-24 05:00:00+00:00,134.73000000000002,143.28157171754742
2026-03-24 06:00:00+00:00,115.5875,137.10096458594268
2026-03-24 07:00:00+00:00,100.085,110.67659624825248
2026-03-24 08:00:00+00:00,72.015,81.59265952382552
2026-03-24 09:00:00+00:00,29.3125,61.555072463909625
2026-03-24 10:00:00+00:00,17.39,31.51673458555006
2026-03-24 11:00:00+00:00,24.285,40.56288035409368
2026-03-24 12:00:00+00:00,51.24,60.52068919933573
2026-03-24 13:00:00+00:00,80.86,91.38321980836552
2026-03-24 14:00:00+00:00,95.095,110.61766453512836
2026-03-24 15:00:00+00:00,137.2475,126.76060671454
2026-03-24 16:00:00+00:00,157.29,172.52283782566414
2026-03-24 17:00:00+00:00,159.5025,185.17037188051233
2026-03-24 18:00:00+00:00,153.1,183.1128642072784
2026-03-24 19:00:00+00:00,153.845,146.6580941036008
2026-03-24 20:00:00+00:00,159.0725,146.03424653453015
2026-03-24 21:00:00+00:00,124.1375,139.75185052000342
2026-03-24 22:00:00+00:00,112.55,115.72300641555653
2026-03-24 23:00:00+00:00,104.1825,105.40809854266635
2026-03-25 00:00:00+00:00,104.35,106.85994384825615
2026-03-25 01:00:00+00:00,97.205,103.43282726501535
2026-03-25 02:00:00+00:00,96.52,94.141047722195
2026-03-25 03:00:00+00:00,108.14,95.58555063509955
2026-03-25 04:00:00+00:00,104.9275,109.16735354840013
2026-03-25 05:00:00+00:00,95.125,104.69717490733893
2026-03-25 06:00:00+00:00,39.48,80.11066852390307
2026-03-25 07:00:00+00:00,0.0025,56.973427203282824
2026-03-25 08:00:00+00:00,0.0,4.126182427232567
2026-03-25 09:00:00+00:00,0.0,0.9601002285535598
2026-03-25 10:00:00+00:00,0.0,0.8220556168364689
2026-03-25 11:00:00+00:00,0.0,0.8513083418384171
2026-03-25 12:00:00+00:00,0.0,3.0951983674440373
2026-03-25 13:00:00+00:00,0.0,10.68079545974577
2026-03-25 14:00:00+00:00,22.32,37.89966899152418
2026-03-25 15:00:00+00:00,107.04,87.64680217872042
2026-03-25 16:00:00+00:00,160.1075,132.73277254720145
2026-03-25 17:00:00+00:00,135.82,173.14913487860633
2026-03-25 18:00:00+00:00,158.4425,153.21967935638924
2026-03-25 19:00:00+00:00,158.685,146.7915718726944
2026-03-25 20:00:00+00:00,153.4525,142.40953577413546
2026-03-25 21:00:00+00:00,136.2025,131.34306179773483
2026-03-25 22:00:00+00:00,110.9725,119.78615026786966
2026-03-25 23:00:00+00:00,102.9425,101.48871925093148
2026-03-26 00:00:00+00:00,98.4225,100.69522359336945
2026-03-26 01:00:00+00:00,95.3175,96.69224839186816
2026-03-26 02:00:00+00:00,100.1775,95.25366681042686
2026-03-26 03:00:00+00:00,107.14,106.757678788625
2026-03-26 04:00:00+00:00,131.945,113.76165270787753
2026-03-26 05:00:00+00:00,147.695,133.59636724504128
2026-03-26 06:00:00+00:00,124.12,121.93336515308565
2026-03-26 07:00:00+00:00,25.3325,95.51594713953618
2026-03-26 08:00:00+00:00,0.0025,22.05356081430984
2026-03-26 09:00:00+00:00,0.0,1.0111025002132314
2026-03-26 10:00:00+00:00,0.0,1.3246870675883367
2026-03-26 11:00:00+00:00,0.0,1.2931528168953366
2026-03-26 12:00:00+00:00,0.0,1.7415279035143942
2026-03-26 13:00:00+00:00,0.0075,7.992143761744459
2026-03-26 14:00:00+00:00,41.8725,30.346350170722086
2026-03-26 15:00:00+00:00,94.6925,83.97578426788931
2026-03-26 16:00:00+00:00,154.785,124.68487418477274
2026-03-26 17:00:00+00:00,136.11,142.88489016943507
2026-03-26 18:00:00+00:00,126.9675,163.14858458597502
2026-03-26 19:00:00+00:00,139.7,134.07291700716925
2026-03-26 20:00:00+00:00,133.99,127.89717335838182
2026-03-26 21:00:00+00:00,126.33,127.78665009154457
2026-03-26 22:00:00+00:00,115.445,111.7528324299282
2026-03-26 23:00:00+00:00,118.5425,101.19534500532993
2026-03-27 00:00:00+00:00,121.905,103.97343476051498
2026-03-27 01:00:00+00:00,117.3425,107.94168461489606
2026-03-27 02:00:00+00:00,117.8325,101.20960860904395
2026-03-27 03:00:00+00:00,120.2475,104.78995898583662
2026-03-27 04:00:00+00:00,137.03750000000002,120.42105182181177
2026-03-27 05:00:00+00:00,126.3475,132.66639280188028
2026-03-27 06:00:00+00:00,110.51,101.39162250532237
2026-03-27 07:00:00+00:00,87.0475,84.34729294213648
2026-03-27 08:00:00+00:00,7.007499999999999,55.35075204639545
2026-03-27 09:00:00+00:00,0.325,9.342132604451132
2026-03-27 10:00:00+00:00,5.5025,7.129034968871599
2026-03-27 11:00:00+00:00,35.947500000000005,9.193718467990356
2026-03-27 12:00:00+00:00,41.05,43.97373134202297
2026-03-27 13:00:00+00:00,57.255,49.41993304015895
2026-03-27 14:00:00+00:00,103.05,56.245079653428455
2026-03-27 15:00:00+00:00,120.735,107.16218780697089
2026-03-27 16:00:00+00:00,124.98,145.0030720786433
2026-03-27 17:00:00+00:00,123.8025,137.43044101824887
2026-03-27 18:00:00+00:00,127.57,134.52165707001487
2026-03-27 19:00:00+00:00,125.4975,127.95059007739714
2026-03-27 20:00:00+00:00,124.705,118.41510436745817
2026-03-27 21:00:00+00:00,116.66,116.90153841102028
2026-03-27 22:00:00+00:00,106.0125,108.92275021348432
2026-03-27 23:00:00+00:00,95.135,111.66152921562325
2026-03-28 00:00:00+00:00,92.675,101.99691072127912
2026-03-28 01:00:00+00:00,90.4675,96.41378681047115
2026-03-28 02:00:00+00:00,90.3075,101.54033556449902
2026-03-28 03:00:00+00:00,92.105,102.02467918138812
2026-03-28 04:00:00+00:00,95.4075,110.28363960816495
2026-03-28 05:00:00+00:00,90.765,108.41630330089868
2026-03-28 06:00:00+00:00,80.27250000000001,90.11882889371354
2026-03-28 07:00:00+00:00,68.3,75.88700022314481
2026-03-28 08:00:00+00:00,45.0225,46.46748424222157
2026-03-28 09:00:00+00:00,17.5825,42.55363334049125
2026-03-28 10:00:00+00:00,7.99,12.385515753020327
2026-03-28 11:00:00+00:00,6.72,3.7043533427328414
2026-03-28 12:00:00+00:00,7.9375,7.522359152321758
2026-03-28 13:00:00+00:00,21.0325,36.03175343210578
2026-03-28 14:00:00+00:00,57.69,74.53721247530616
2026-03-28 15:00:00+00:00,94.0775,101.31948710021418
2026-03-28 16:00:00+00:00,128.39,119.22812038214241
2026-03-28 17:00:00+00:00,143.625,143.2317505932371
2026-03-28 18:00:00+00:00,154.07,148.4282686045134
2026-03-28 19:00:00+00:00,145.725,133.36903039046607
2026-03-28 20:00:00+00:00,140.93,128.6987680296734
2026-03-28 21:00:00+00:00,127.41,124.81389889416698
2026-03-28 22:00:00+00:00,119.58,111.70512413054547
2026-03-28 23:00:00+00:00,116.2,104.69430301107333
2026-03-29 00:00:00+00:00,109.76,107.86234701087922
2026-03-29 01:00:00+00:00,108.0975,104.75695330587541
2026-03-29 02:00:00+00:00,115.48,104.55529043832513
2026-03-29 03:00:00+00:00,111.5275,111.29173708689481
2026-03-29 04:00:00+00:00,110.025,109.28034033490374
2026-03-29 05:00:00+00:00,115.0025,107.35058767750154
2026-03-29 06:00:00+00:00,107.235,92.36614714419308
2026-03-29 07:00:00+00:00,0.0025,68.33637714344833
2026-03-29 08:00:00+00:00,0.0,0.721777950678188
2026-03-29 09:00:00+00:00,0.0,0.6463372606005434
2026-03-29 10:00:00+00:00,0.0,0.8463207999413194
2026-03-29 11:00:00+00:00,0.0025,1.2250192333102439
2026-03-29 12:00:00+00:00,0.0075,1.4422218501042048
2026-03-29 13:00:00+00:00,0.3325,5.228788420416436
2026-03-29 14:00:00+00:00,22.5875,23.992321095437216
2026-03-29 15:00:00+00:00,92.3125,62.900882479876756
2026-03-29 16:00:00+00:00,106.8325,116.66309545951839
2026-03-29 17:00:00+00:00,127.8975,124.15563160322245
2026-03-29 18:00:00+00:00,134.6275,157.66267560338167
2026-03-29 19:00:00+00:00,141.575,125.18587492135075
2026-03-29 20:00:00+00:00,151.205,130.59831923486053
2026-03-29 21:00:00+00:00,138.625,137.596762542097
2026-03-29 22:00:00+00:00,94.07,125.3715770039411
2026-03-29 23:00:00+00:00,92.1675,101.13865483706697
2026-03-30 00:00:00+00:00,79.6725,94.83443330543336
2026-03-30 01:00:00+00:00,74.35,90.04697967082407
2026-03-30 02:00:00+00:00,91.1125,92.05500187690157
2026-03-30 03:00:00+00:00,114.425,100.61192284084613
2026-03-30 04:00:00+00:00,159.57,132.2975925616411
2026-03-30 05:00:00+00:00,176.1625,172.3449459784068
2026-03-30 06:00:00+00:00,166.4125,148.20583001062272
2026-03-30 07:00:00+00:00,122.6275,109.7367880823288
2026-03-30 08:00:00+00:00,69.915,84.3869562707148
2026-03-30 09:00:00+00:00,13.3925,40.596515971022455
2026-03-30 10:00:00+00:00,0.02,27.756261586326897
2026-03-30 11:00:00+00:00,32.0925,1.3540396284060818
2026-03-30 12:00:00+00:00,107.3775,51.36880564566198
2026-03-30 13:00:00+00:00,124.9975,102.86911049581185
2026-03-30 14:00:00+00:00,138.7175,120.0232038496064
2026-03-30 15:00:00+00:00,148.57,144.69275766683847
2026-03-30 16:00:00+00:00,180.0,160.4493679228881
2026-03-30 17:00:00+00:00,212.8825,221.13627291349607
2026-03-30 18:00:00+00:00,194.58,208.9989539841794
2026-03-30 19:00:00+00:00,177.3625,163.12175679950596
2026-03-30 20:00:00+00:00,141.18,165.38638364412236
2026-03-30 21:00:00+00:00,120.6225,130.30028706928726
2026-03-30 22:00:00+00:00,116.805,110.14862457873662
2026-03-30 23:00:00+00:00,107.2775,109.67745997335864
2026-03-31 00:00:00+00:00,104.62,106.10809206441029
2026-03-31 01:00:00+00:00,104.895,103.02667886075737
2026-03-31 02:00:00+00:00,105.9775,102.075260821215
2026-03-31 03:00:00+00:00,126.3825,108.12370112782023
2026-03-31 04:00:00+00:00,161.235,145.5515842162597
2026-03-31 05:00:00+00:00,192.6325,177.93173722640083
2026-03-31 06:00:00+00:00,179.2375,174.58416540364257
2026-03-31 07:00:00+00:00,133.58249999999998,134.2281059499384
2026-03-31 08:00:00+00:00,113.6775,116.47194596327114
2026-03-31 09:00:00+00:00,97.895,97.31196983255671
2026-03-31 10:00:00+00:00,93.125,86.15737641841693
2026-03-31 11:00:00+00:00,92.4975,82.18268581606446
2026-03-31 12:00:00+00:00,97.8075,88.71776103276834
2026-03-31 13:00:00+00:00,98.2675,101.5195359037132
2026-03-31 14:00:00+00:00,123.525,106.52975163013835
2026-03-31 15:00:00+00:00,147.7975,142.57399356797325
2026-03-31 16:00:00+00:00,162.3425,165.54349410862702
2026-03-31 17:00:00+00:00,184.58,181.61043693038613
2026-03-31 18:00:00+00:00,183.525,192.31462820848878
2026-03-31 19:00:00+00:00,176.115,168.43040741429442
2026-03-31 20:00:00+00:00,158.8475,153.6680656231957
2026-03-31 21:00:00+00:00,149.615,136.92770870267844
2026-03-31 22:00:00+00:00,147.7375,128.9102707490725
2026-03-31 23:00:00+00:00,131.6875,124.18582373006683
2026-04-01 00:00:00+00:00,126.33,122.61553506779481
2026-04-01 01:00:00+00:00,129.4275,118.83142196333864
2026-04-01 02:00:00+00:00,136.93,123.85798238082569
2026-04-01 03:00:00+00:00,152.43,136.4380404431372
2026-04-01 04:00:00+00:00,188.6075,164.8611090756041
2026-04-01 05:00:00+00:00,222.6175,184.05939251651802
2026-04-01 06:00:00+00:00,199.9775,195.06112654616325
2026-04-01 07:00:00+00:00,173.58,170.05507053113314
2026-04-01 08:00:00+00:00,144.52249999999998,150.96390211443358
2026-04-01 09:00:00+00:00,137.2525,123.76788397607078
2026-04-01 10:00:00+00:00,129.57,125.83236189868705
2026-04-01 11:00:00+00:00,122.89,123.59885167836457
2026-04-01 12:00:00+00:00,124.2275,120.64732435334764
2026-04-01 13:00:00+00:00,128.7775,120.65356798677497
2026-04-01 14:00:00+00:00,152.6325,127.85464287291242
2026-04-01 15:00:00+00:00,159.06,150.5021772298776
2026-04-01 16:00:00+00:00,176.495,162.62090757858527
2026-04-01 17:00:00+00:00,188.94,177.94465469374518
2026-04-01 18:00:00+00:00,191.25,164.88865982395384
2026-04-01 19:00:00+00:00,167.1025,162.9230577943699
2026-04-01 20:00:00+00:00,153.3125,146.22477260049735
2026-04-01 21:00:00+00:00,134.345,141.12801468166998
2026-04-01 22:00:00+00:00,127.79,127.53895964325679
2026-04-01 23:00:00+00:00,118.995,121.30277986649794
2026-04-02 00:00:00+00:00,114.13,118.75999787268222
2026-04-02 01:00:00+00:00,110.1125,115.51552350193457
2026-04-02 02:00:00+00:00,107.995,115.60395836633349
2026-04-02 03:00:00+00:00,119.48,119.18764741539891
2026-04-02 04:00:00+00:00,153.82,135.27258400237935
2026-04-02 05:00:00+00:00,160.0075,169.34872327475335
2026-04-02 06:00:00+00:00,162.8775,168.50407976666622
2026-04-02 07:00:00+00:00,139.70999999999998,160.25705885133908
2026-04-02 08:00:00+00:00,129.3175,126.88826478033377
2026-04-02 09:00:00+00:00,119.2075,120.29058469579729
2026-04-02 10:00:00+00:00,119.5275,110.92098086538631
2026-04-02 11:00:00+00:00,105.77,113.03323506818812
2026-04-02 12:00:00+00:00,112.755,103.22978875258353
2026-04-02 13:00:00+00:00,125.3475,114.02408275082324
2026-04-02 14:00:00+00:00,139.10750000000002,126.44870531344141
2026-04-02 15:00:00+00:00,146.4525,147.9892639180958
2026-04-02 16:00:00+00:00,178.8425,158.0582427581815
2026-04-02 17:00:00+00:00,174.56,178.55189357670002
2026-04-02 18:00:00+00:00,173.7725,177.57296161102622
2026-04-02 19:00:00+00:00,164.74,161.07020572067222
2026-04-02 20:00:00+00:00,142.60000000000002,149.27746201133806
2026-04-02 21:00:00+00:00,130.95,131.850051608573
2026-04-02 22:00:00+00:00,135.0,125.15207933505077
2026-04-02 23:00:00+00:00,122.6225,123.85970021795079
2026-04-03 00:00:00+00:00,120.56,118.71253606165736
2026-04-03 01:00:00+00:00,118.615,117.4565064165796
2026-04-03 02:00:00+00:00,121.85,113.96926060504437
2026-04-03 03:00:00+00:00,128.4525,120.82009222795185
2026-04-03 04:00:00+00:00,147.8125,143.36081352921323
2026-04-03 05:00:00+00:00,156.5375,155.68963999217414
2026-04-03 06:00:00+00:00,134.6225,151.49332588931887
2026-04-03 07:00:00+00:00,130.07999999999998,129.93100420110258
2026-04-03 08:00:00+00:00,104.9575,123.26781172948296
2026-04-03 09:00:00+00:00,107.8725,88.67749707152382
2026-04-03 10:00:00+00:00,95.8125,96.76608071463163
2026-04-03 11:00:00+00:00,96.8925,88.2417941442779
2026-04-03 12:00:00+00:00,93.6525,87.95999522354606
2026-04-03 13:00:00+00:00,91.8675,96.61736235016066
2026-04-03 14:00:00+00:00,99.76,99.99669912813116
2026-04-03 15:00:00+00:00,135.775,114.02362517493049
2026-04-03 16:00:00+00:00,167.1425,154.84365160228765
2026-04-03 17:00:00+00:00,175.5475,177.6615658088427
2026-04-03 18:00:00+00:00,170.1725,178.22271143900215
2026-04-03 19:00:00+00:00,161.0825,160.01437180805925
2026-04-03 20:00:00+00:00,158.755,147.40701467182853
2026-04-03 21:00:00+00:00,135.3775,140.87733126737882
2026-04-03 22:00:00+00:00,129.93,129.5565732712401
2026-04-03 23:00:00+00:00,112.29,123.85531253705571
2026-04-04 00:00:00+00:00,98.2575,111.24046854906692
2026-04-04 01:00:00+00:00,78.1325,99.5182280642197
2026-04-04 02:00:00+00:00,76.57249999999999,82.785190814135
2026-04-04 03:00:00+00:00,94.9975,85.23292717076356
2026-04-04 04:00:00+00:00,109.735,103.85422298691266
2026-04-04 05:00:00+00:00,88.2575,122.51737629463675
2026-04-04 06:00:00+00:00,37.3525,87.07597638244988
2026-04-04 07:00:00+00:00,17.635,45.37735970513987
2026-04-04 08:00:00+00:00,5.4925,39.74639667136992
2026-04-04 09:00:00+00:00,2.36,4.865844554617027
2026-04-04 10:00:00+00:00,0.5599999999999999,2.653108462848702
2026-04-04 11:00:00+00:00,0.0,2.2023139474423377
2026-04-04 12:00:00+00:00,0.0,1.8991697691059581
2026-04-04 13:00:00+00:00,0.035,7.399992309699169
2026-04-04 14:00:00+00:00,11.985,31.292003443002777
2026-04-04 15:00:00+00:00,73.2925,72.55974033561222
2026-04-04 16:00:00+00:00,140.1125,122.30414660379921
2026-04-04 17:00:00+00:00,156.76,158.07997609107997
2026-04-04 18:00:00+00:00,147.63,158.44133929817747
2026-04-04 19:00:00+00:00,128.735,138.62348889337665
2026-04-04 20:00:00+00:00,104.67,124.57873642239048
2026-04-04 21:00:00+00:00,72.1525,106.53824970463735
2026-04-04 22:00:00+00:00,65.685,98.6059001925756
2026-04-04 23:00:00+00:00,60.685,92.85358708433132
2026-04-05 00:00:00+00:00,29.7575,67.32145063464442
2026-04-05 01:00:00+00:00,40.34,40.84255022317521
2026-04-05 02:00:00+00:00,22.695,54.43084161833035
2026-04-05 03:00:00+00:00,51.905,33.404703426763774
2026-04-05 04:00:00+00:00,56.102500000000006,65.89942881724865
2026-04-05 05:00:00+00:00,7.24,58.89002718313492
2026-04-05 06:00:00+00:00,-0.5249999999999999,5.611316684029848
2026-04-05 07:00:00+00:00,-6.545,0.6491294055190336
2026-04-05 08:00:00+00:00,-24.495,0.6753223148596826
2026-04-05 09:00:00+00:00,-35.455,2.220627281115059
2026-04-05 10:00:00+00:00,-35.7825,2.1888596868436636
2026-04-05 11:00:00+00:00,-50.0,2.557380178656753
2026-04-05 12:00:00+00:00,-50.0,2.8023006323857755
2026-04-05 13:00:00+00:00,-47.47,5.2446420374086475
2026-04-05 14:00:00+00:00,-9.8625,14.884322053668184
2026-04-05 15:00:00+00:00,16.23,33.39113314382599
2026-04-05 16:00:00+00:00,85.11,88.62266233669112
2026-04-05 17:00:00+00:00,119.5725,125.1759131522154
2026-04-05 18:00:00+00:00,120.0,129.09771267581272
2026-04-05 19:00:00+00:00,120.825,109.12782918269873
2026-04-05 20:00:00+00:00,114.33,111.2595783879841
2026-04-05 21:00:00+00:00,97.4475,104.80469248478248
2026-04-05 22:00:00+00:00,79.3275,80.21693090138109
2026-04-05 23:00:00+00:00,77.97749999999999,65.30056293982084
2026-04-06 00:00:00+00:00,74.9525,69.84231567358296
2026-04-06 01:00:00+00:00,72.42750000000001,66.45463862111036
2026-04-06 02:00:00+00:00,83.5,63.702928751561195
2026-04-06 03:00:00+00:00,121.7775,83.16537429313288
2026-04-06 04:00:00+00:00,151.6325,141.40903545810562
2026-04-06 05:00:00+00:00,108.95,150.41972472600048
2026-04-06 06:00:00+00:00,11.9875,111.89989813179695
2026-04-06 07:00:00+00:00,-0.0725,29.31568742071835
2026-04-06 08:00:00+00:00,-10.255,5.009375196861914
2026-04-06 09:00:00+00:00,-17.8275,2.627793878561109
2026-04-06 10:00:00+00:00,-15.005,2.9696954097627484
2026-04-06 11:00:00+00:00,-8.07,3.161620928453233
2026-04-06 12:00:00+00:00,-3.7125,4.142106932124098
2026-04-06 13:00:00+00:00,-0.8075,9.874449551989308
2026-04-06 14:00:00+00:00,-0.0225,30.069916978779116
2026-04-06 15:00:00+00:00,58.27,37.914834122000585
2026-04-06 16:00:00+00:00,158.7175,89.03718845000132
2026-04-06 17:00:00+00:00,167.2625,179.43638621108298
2026-04-06 18:00:00+00:00,163.0975,175.1463352620292
2026-04-06 19:00:00+00:00,145.655,154.20959147726185
2026-04-06 20:00:00+00:00,146.415,126.54986079591058
2026-04-06 21:00:00+00:00,122.12,121.4924673388966
2026-04-06 22:00:00+00:00,120.8025,110.76280351069536
2026-04-06 23:00:00+00:00,116.8775,105.94962091403994
2026-04-07 00:00:00+00:00,113.375,108.5857619513368
2026-04-07 01:00:00+00:00,109.75,106.548742640419
2026-04-07 02:00:00+00:00,113.7025,105.18767764198374
2026-04-07 03:00:00+00:00,128.48000000000002,113.59480582945251
2026-04-07 04:00:00+00:00,154.9025,150.5685153157132
2026-04-07 05:00:00+00:00,158.115,142.5462104959625
2026-04-07 06:00:00+00:00,69.22,126.56931636044891
2026-04-07 07:00:00+00:00,2.11,52.09630720597178
2026-04-07 08:00:00+00:00,0.0,5.467106406885232
2026-04-07 09:00:00+00:00,-0.2725,1.6518399828502168
2026-04-07 10:00:00+00:00,-3.01,2.90587934463899
2026-04-07 11:00:00+00:00,-4.9975000000000005,1.671931727210461
2026-04-07 12:00:00+00:00,-3.44,3.381294458241435
2026-04-07 13:00:00+00:00,-0.5675,8.08045101177896
2026-04-07 14:00:00+00:00,4.405,28.747852592681678
2026-04-07 15:00:00+00:00,85.9475,51.08245806514755
2026-04-07 16:00:00+00:00,159.765,128.50282679783902
2026-04-07 17:00:00+00:00,178.59,172.0023282098299
2026-04-07 18:00:00+00:00,145.8,179.68478080193526
2026-04-07 19:00:00+00:00,145.51999999999998,123.70516268710018
2026-04-07 20:00:00+00:00,131.6075,127.03465994274471
2026-04-07 21:00:00+00:00,120.93,120.9087909790028
2026-04-07 22:00:00+00:00,110.305,103.30126770644516
2026-04-07 23:00:00+00:00,105.1,106.23958531654327
2026-04-08 00:00:00+00:00,103.6375,102.67104300118628
2026-04-08 01:00:00+00:00,107.135,100.26187928150914
2026-04-08 02:00:00+00:00,111.3475,109.57504649413471
2026-04-08 03:00:00+00:00,120.4,123.67701098685711
2026-04-08 04:00:00+00:00,139.2275,142.93672288775122
2026-04-08 05:00:00+00:00,134.82999999999998,143.91058278806068
2026-04-08 06:00:00+00:00,15.995,117.42742974545416
2026-04-08 07:00:00+00:00,-0.0025,22.47735221463534
2026-04-08 08:00:00+00:00,-0.105,1.86057725364093
2026-04-08 09:00:00+00:00,-1.8225,1.4413208306026755
2026-04-08 10:00:00+00:00,-6.88,1.342611233237794
2026-04-08 11:00:00+00:00,-8.4775,1.6502028364986645
2026-04-08 12:00:00+00:00,-6.4625,3.3903155958946063
2026-04-08 13:00:00+00:00,-1.1325,8.38767823953995
2026-04-08 14:00:00+00:00,11.99,28.370933386324605
2026-04-08 15:00:00+00:00,92.4175,46.6197524656505
2026-04-08 16:00:00+00:00,133.53,132.76727562539864
2026-04-08 17:00:00+00:00,162.925,158.56693770462937
2026-04-08 18:00:00+00:00,170.7375,154.053407885545
2026-04-08 19:00:00+00:00,155.6325,143.70252134108034
2026-04-08 20:00:00+00:00,149.6825,131.9833662619185
2026-04-08 21:00:00+00:00,129.735,124.3707922279522
2026-04-08 22:00:00+00:00,122.8625,114.33277111978182
2026-04-08 23:00:00+00:00,115.68,109.75986163745885
2026-04-09 00:00:00+00:00,109.2675,109.45256601505085
2026-04-09 01:00:00+00:00,106.11,105.5711772164253
2026-04-09 02:00:00+00:00,109.22,100.8250400139659
2026-04-09 03:00:00+00:00,121.46,115.74102001109988
2026-04-09 04:00:00+00:00,148.7875,137.3422211044707
2026-04-09 05:00:00+00:00,147.58249999999998,141.0094757484315
2026-04-09 06:00:00+00:00,127.2375,123.80456665762522
2026-04-09 07:00:00+00:00,60.33,95.38300993021664
2026-04-09 08:00:00+00:00,0.0075,42.46310765886169
2026-04-09 09:00:00+00:00,0.0025,1.6083505087437913
2026-04-09 10:00:00+00:00,-0.1275,1.400407476336384
2026-04-09 11:00:00+00:00,-0.15,1.4170625209928678
2026-04-09 12:00:00+00:00,0.0,1.0701998979081964
2026-04-09 13:00:00+00:00,0.04,8.919177276109394
2026-04-09 14:00:00+00:00,50.7,28.725540190765045
2026-04-09 15:00:00+00:00,116.6975,88.88652017031544
2026-04-09 16:00:00+00:00,159.285,140.674913821865
2026-04-09 17:00:00+00:00,168.5075,169.00733762028764
2026-04-09 18:00:00+00:00,174.69,176.8659075508884
2026-04-09 19:00:00+00:00,158.615,148.11073825429415
2026-04-09 20:00:00+00:00,139.70749999999998,133.8566407963448
2026-04-09 21:00:00+00:00,126.91,122.15294765893303
2026-04-09 22:00:00+00:00,134.0575,113.02829671811897
2026-04-09 23:00:00+00:00,122.75,115.63313242967135
2026-04-10 00:00:00+00:00,117.455,119.04908991706272
2026-04-10 01:00:00+00:00,117.2475,111.036055917611
2026-04-10 02:00:00+00:00,111.54,114.54670099807483
2026-04-10 03:00:00+00:00,115.355,117.44628996031491
2026-04-10 04:00:00+00:00,129.5225,134.598320959192
2026-04-10 05:00:00+00:00,129.4275,136.72614775502876
2026-04-10 06:00:00+00:00,71.43,103.77059836285825
2026-04-10 07:00:00+00:00,-0.2775,58.1023106918391
2026-04-10 08:00:00+00:00,-9.0025,2.993707328049159
2026-04-10 09:00:00+00:00,-1.0,1.409739939864177
2026-04-10 10:00:00+00:00,-0.55,1.3469999398641763
2026-04-10 11:00:00+00:00,-0.1,1.3682508657901027
2026-04-10 12:00:00+00:00,-0.0575,1.640786123370057
2026-04-10 13:00:00+00:00,0.005,7.5101581267202455
2026-04-10 14:00:00+00:00,115.0075,30.360926924686932
2026-04-10 15:00:00+00:00,138.735,121.10258026328964
2026-04-10 16:00:00+00:00,170.6325,159.23488989292105
2026-04-10 17:00:00+00:00,172.7825,179.56876996571162
2026-04-10 18:00:00+00:00,180.5,177.17558898838666
2026-04-10 19:00:00+00:00,187.2475,150.52712129809262
2026-04-10 20:00:00+00:00,150.3,157.105288112954
2026-04-10 21:00:00+00:00,134.2375,123.87817762102833
2026-04-10 22:00:00+00:00,144.9325,122.04531646150527
2026-04-10 23:00:00+00:00,130.79250000000002,116.56008642775208
2026-04-11 00:00:00+00:00,122.645,129.7337824355108
2026-04-11 01:00:00+00:00,122.415,117.59686653389008
2026-04-11 02:00:00+00:00,124.7375,119.88782001237053
2026-04-11 03:00:00+00:00,125.555,123.23838787357607
2026-04-11 04:00:00+00:00,123.77,131.11845424225442
2026-04-11 05:00:00+00:00,102.19,124.05133013066144
2026-04-11 06:00:00+00:00,75.0675,98.49104060999196
2026-04-11 07:00:00+00:00,22.325,60.747331169719736
2026-04-11 08:00:00+00:00,1.9325,28.19643618958687
2026-04-11 09:00:00+00:00,0.01,8.5695883223516
2026-04-11 10:00:00+00:00,0.0,6.21346771734674
2026-04-11 11:00:00+00:00,0.0,6.247643226603055
2026-04-11 12:00:00+00:00,0.0,5.728159763319821
2026-04-11 13:00:00+00:00,0.0075,7.701957315365028
2026-04-11 14:00:00+00:00,19.9575,47.14786838554722
2026-04-11 15:00:00+00:00,80.7875,97.01609083333337
2026-04-11 16:00:00+00:00,141.4025,137.3294376890019
2026-04-11 17:00:00+00:00,159.68,171.89272781391202
2026-04-11 18:00:00+00:00,166.57999999999998,172.98094660523557
2026-04-11 19:00:00+00:00,159.64249999999998,141.28789184862194
2026-04-11 20:00:00+00:00,140.815,132.95182378624568
2026-04-11 21:00:00+00:00,132.0075,121.5407023350786
2026-04-11 22:00:00+00:00,136.0425,116.52806371369468
2026-04-11 23:00:00+00:00,124.265,118.55136692818924
2026-04-12 00:00:00+00:00,120.715,120.81243789950409
2026-04-12 01:00:00+00:00,118.6275,118.6517606177163
2026-04-12 02:00:00+00:00,119.42,115.76693782192665
2026-04-12 03:00:00+00:00,117.55,118.48990171472616
2026-04-12 04:00:00+00:00,111.3525,116.4955368840763
2026-04-12 05:00:00+00:00,101.605,97.79348750913302
2026-04-12 06:00:00+00:00,57.64,70.67495960932413
2026-04-12 07:00:00+00:00,0.0,41.7983586523557
2026-04-12 08:00:00+00:00,-0.0025,2.8199959657202482
2026-04-12 09:00:00+00:00,-0.005,2.95845396029129
2026-04-12 10:00:00+00:00,-0.125,2.9253060146543346
2026-04-12 11:00:00+00:00,-0.2825,2.527171213253883
2026-04-12 12:00:00+00:00,-0.175,2.5552646185866648
2026-04-12 13:00:00+00:00,-0.0775,5.70750524732368
2026-04-12 14:00:00+00:00,23.8525,28.194325830708895
2026-04-12 15:00:00+00:00,85.1225,58.80163076126993
2026-04-12 16:00:00+00:00,126.9,118.05802729373099
2026-04-12 17:00:00+00:00,140.64,145.13792938358304
2026-04-12 18:00:00+00:00,143.445,157.8600261340449
2026-04-12 19:00:00+00:00,136.73250000000002,136.47970550915466
2026-04-12 20:00:00+00:00,130.6075,122.83967844431005
2026-04-12 21:00:00+00:00,121.0275,104.03721878304218
2026-04-12 22:00:00+00:00,117.13,108.163417437369
2026-04-12 23:00:00+00:00,109.795,110.26180475812063
2026-04-13 00:00:00+00:00,108.1525,105.03205479046701
2026-04-13 01:00:00+00:00,108.99,102.33767481503114
2026-04-13 02:00:00+00:00,110.945,104.38037586705133
2026-04-13 03:00:00+00:00,120.6725,109.37564024522219
2026-04-13 04:00:00+00:00,136.865,133.4560122838834
2026-04-13 05:00:00+00:00,128.985,136.05206696895002
2026-04-13 06:00:00+00:00,115.665,115.71233750701778
2026-04-13 07:00:00+00:00,21.325,92.40543055102835
2026-04-13 08:00:00+00:00,0.0125,20.135441890258615
2026-04-13 09:00:00+00:00,0.005,2.339806819193653
2026-04-13 10:00:00+00:00,0.0,2.3554620692058132
2026-04-13 11:00:00+00:00,0.0,2.321195152526986
2026-04-13 12:00:00+00:00,0.0,2.2422687716468532
2026-04-13 13:00:00+00:00,0.005,5.469538939519072
2026-04-13 14:00:00+00:00,82.765,32.089674075464686
2026-04-13 15:00:00+00:00,134.7725,81.86962128666983
2026-04-13 16:00:00+00:00,149.9875,149.19828363273186
2026-04-13 17:00:00+00:00,140.2775,149.84002084774767
2026-04-13 18:00:00+00:00,149.8225,152.7461557299336
2026-04-13 19:00:00+00:00,150.0025,127.17002660584349
2026-04-13 20:00:00+00:00,141.79500000000002,129.1724032694115
2026-04-13 21:00:00+00:00,133.35500000000002,121.318256040231
2026-04-13 22:00:00+00:00,121.03,116.14550120355945
2026-04-13 23:00:00+00:00,119.8975,107.63911911715488
2026-04-14 00:00:00+00:00,121.035,114.63087352882985
2026-04-14 01:00:00+00:00,118.67,116.60303370698342
2026-04-14 02:00:00+00:00,121.015,113.19499561682252
2026-04-14 03:00:00+00:00,130.8525,124.6574959884433
2026-04-14 04:00:00+00:00,149.635,150.39279550564618
2026-04-14 05:00:00+00:00,163.2775,145.9737326556507
2026-04-14 06:00:00+00:00,156.6525,123.70141817310005
2026-04-14 07:00:00+00:00,88.795,111.39436598674101
2026-04-14 08:00:00+00:00,44.0825,67.1575197140434
2026-04-14 09:00:00+00:00,102.81,35.685721584008654
2026-04-14 10:00:00+00:00,109.89,86.13897766178854
2026-04-14 11:00:00+00:00,107.32,95.5790808382798
2026-04-14 12:00:00+00:00,105.275,96.23443990503696
2026-04-14 13:00:00+00:00,124.8375,103.19721247477024
2026-04-14 14:00:00+00:00,133.1675,122.22610271134941
2026-04-14 15:00:00+00:00,145.69,138.5796938852199
2026-04-14 16:00:00+00:00,175.1975,161.5079298219002
2026-04-14 17:00:00+00:00,200.01,175.93134277832525
2026-04-14 18:00:00+00:00,189.855,171.65650133109034
2026-04-14 19:00:00+00:00,169.535,159.51860255160375
2026-04-14 20:00:00+00:00,151.05,143.7799590854312
2026-04-14 21:00:00+00:00,137.8875,137.25667263704335
2026-04-14 22:00:00+00:00,125.9275,123.74528075119979
2026-04-14 23:00:00+00:00,119.4425,117.14159646193953
2026-04-15 00:00:00+00:00,116.63,117.78971171235855
2026-04-15 01:00:00+00:00,119.37,114.93234209346826
2026-04-15 02:00:00+00:00,125.45,118.57776369276782
2026-04-15 03:00:00+00:00,136.41250000000002,127.53946779288187
2026-04-15 04:00:00+00:00,153.0025,154.74705044211743
2026-04-15 05:00:00+00:00,160.7475,168.5930908441274
2026-04-15 06:00:00+00:00,139.91,161.09042921632087
2026-04-15 07:00:00+00:00,122.6925,118.19345054351601
2026-04-15 08:00:00+00:00,121.4175,110.4984758623221
2026-04-15 09:00:00+00:00,106.48,109.04030354481884
2026-04-15 10:00:00+00:00,102.425,95.40158412913692
2026-04-15 11:00:00+00:00,79.99,95.88990462041323
2026-04-15 12:00:00+00:00,83.3325,79.50443038290088
2026-04-15 13:00:00+00:00,97.565,99.63172143318258
2026-04-15 14:00:00+00:00,117.635,108.55290346929615
2026-04-15 15:00:00+00:00,142.3625,132.5675522673669
2026-04-15 16:00:00+00:00,150.0,153.07098520968503
2026-04-15 17:00:00+00:00,145.10500000000002,164.91732949533755
2026-04-15 18:00:00+00:00,138.47,157.077087644751
2026-04-15 19:00:00+00:00,155.185,130.88518760000179
2026-04-15 20:00:00+00:00,134.8025,141.184344893192
2026-04-15 21:00:00+00:00,126.585,127.61462352279328
2026-04-15 22:00:00+00:00,122.7325,117.34561352810823
2026-04-15 23:00:00+00:00,120.765,113.74146392023145
2026-04-16 00:00:00+00:00,118.1325,115.76630635603928
2026-04-16 01:00:00+00:00,109.705,113.10041390036096
2026-04-16 02:00:00+00:00,117.3375,111.31560763939206
2026-04-16 03:00:00+00:00,127.18,119.72778778027856
2026-04-16 04:00:00+00:00,143.805,140.8820621365996
2026-04-16 05:00:00+00:00,143.77,150.95718848232954
2026-04-16 06:00:00+00:00,114.235,123.43804995544824
2026-04-16 07:00:00+00:00,7.03,102.08797121754685
2026-04-16 08:00:00+00:00,0.0,17.84748857527014
2026-04-16 09:00:00+00:00,0.0,5.059534690303867
2026-04-16 10:00:00+00:00,0.0,3.418973670087895
2026-04-16 11:00:00+00:00,0.0,2.3338029897805295
2026-04-16 12:00:00+00:00,0.01,4.217121763089227
2026-04-16 13:00:00+00:00,0.1375,15.41280982482547
2026-04-16 14:00:00+00:00,81.0875,37.56838000260203
2026-04-16 15:00:00+00:00,116.6625,110.72533534838658
2026-04-16 16:00:00+00:00,137.3525,144.10114523485117
2026-04-16 17:00:00+00:00,153.89,147.22095375696634
2026-04-16 18:00:00+00:00,165.69,137.81409345830562
2026-04-16 19:00:00+00:00,153.82,128.5586413589285
2026-04-16 20:00:00+00:00,137.9,131.7447080296455
2026-04-16 21:00:00+00:00,127.2475,124.16046405858164
2026-04-16 22:00:00+00:00,121.945,109.90855426958264
2026-04-16 23:00:00+00:00,115.58,101.76068654244891
2026-04-17 00:00:00+00:00,112.5325,106.83409542001097
2026-04-17 01:00:00+00:00,108.7375,96.0418636092226
2026-04-17 02:00:00+00:00,112.09,97.167045390072
2026-04-17 03:00:00+00:00,119.71,113.13668229904525
2026-04-17 04:00:00+00:00,132.6325,134.8686647814146
2026-04-17 05:00:00+00:00,112.715,122.88637962206704
2026-04-17 06:00:00+00:00,8.7525,82.10368437457875
2026-04-17 07:00:00+00:00,-0.0025,7.588715604675732
2026-04-17 08:00:00+00:00,-0.1,4.073099342024188
2026-04-17 09:00:00+00:00,-0.0775,2.6118094598613912
2026-04-17 10:00:00+00:00,-0.1,2.6098594598613913
2026-04-17 11:00:00+00:00,-0.1,2.6056094598613915
2026-04-17 12:00:00+00:00,-0.0775,2.768775151407086
2026-04-17 13:00:00+00:00,-0.0325,6.464050322109979
2026-04-17 14:00:00+00:00,0.0025,36.84023783789538
2026-04-17 15:00:00+00:00,103.455,44.27481699071396
2026-04-17 16:00:00+00:00,132.14249999999998,126.16391624056828
2026-04-17 17:00:00+00:00,152.1925,153.04160341144652
2026-04-17 18:00:00+00:00,152.0,149.94465897482252
2026-04-17 19:00:00+00:00,134.9625,136.36608640296384
2026-04-17 20:00:00+00:00,124.96,122.70102572358975
2026-04-17 21:00:00+00:00,113.59,108.57907990586213
2026-04-17 22:00:00+00:00,105.43,95.71704985813831
2026-04-17 23:00:00+00:00,112.6775,97.28493507747633
2026-04-18 00:00:00+00:00,112.0325,91.53243322146582
2026-04-18 01:00:00+00:00,100.525,90.71189534160911
2026-04-18 02:00:00+00:00,105.105,93.44059803803871
2026-04-18 03:00:00+00:00,113.995,99.25403468803569
2026-04-18 04:00:00+00:00,113.1225,106.00340918255883
2026-04-18 05:00:00+00:00,27.7225,87.66976085178015
2026-04-18 06:00:00+00:00,-0.2775,25.7736345258395
2026-04-18 07:00:00+00:00,-3.0,1.2576400183861594
2026-04-18 08:00:00+00:00,-6.175,1.5977468513825839
2026-04-18 09:00:00+00:00,-6.91,2.1058045315627645
2026-04-18 10:00:00+00:00,-6.9025,2.6005315454516547
2026-04-18 11:00:00+00:00,-5.6075,2.4017815454516533
2026-04-18 12:00:00+00:00,-5.485,2.4309830776396826
2026-04-18 13:00:00+00:00,-3.0,5.941360488067236
2026-04-18 14:00:00+00:00,-0.0025,22.562277353820942
2026-04-18 15:00:00+00:00,58.1775,45.735280183354604
2026-04-18 16:00:00+00:00,122.18,105.59917187921246
2026-04-18 17:00:00+00:00,133.565,142.77683297471881
2026-04-18 18:00:00+00:00,145.0875,147.012800646155
2026-04-18 19:00:00+00:00,142.70749999999998,125.4045320876211
2026-04-18 20:00:00+00:00,133.135,124.80749473600764
2026-04-18 21:00:00+00:00,127.725,119.40364515602897
2026-04-18 22:00:00+00:00,118.1625,111.33214054280108
2026-04-18 23:00:00+00:00,113.3525,106.6561957877686
2026-04-19 00:00:00+00:00,110.4475,106.88469503397386
2026-04-19 01:00:00+00:00,109.6525,105.70772377812892
2026-04-19 02:00:00+00:00,108.11,105.88751420784104
2026-04-19 03:00:00+00:00,112.4925,108.8267300285103
2026-04-19 04:00:00+00:00,115.6025,108.98392075212645
2026-04-19 05:00:00+00:00,51.5125,100.42684438659094
2026-04-19 06:00:00+00:00,-0.0075,56.25055939648614
2026-04-19 07:00:00+00:00,-1.28,2.621045933075507
2026-04-19 08:00:00+00:00,-4.5025,2.525922715671653
2026-04-19 09:00:00+00:00,-2.7525,2.1934331304830725
2026-04-19 10:00:00+00:00,-3.5,2.1344568317817734
2026-04-19 11:00:00+00:00,-5.01,2.078874797149739
2026-04-19 12:00:00+00:00,-5.675,1.843856656539383
2026-04-19 13:00:00+00:00,-2.255,5.798190669828703
2026-04-19 14:00:00+00:00,11.7675,15.321229530268974
2026-04-19 15:00:00+00:00,80.475,38.52697158814922
2026-04-19 16:00:00+00:00,133.2525,112.33332352697462
2026-04-19 17:00:00+00:00,146.4275,152.32189999789375
2026-04-19 18:00:00+00:00,157.14,166.8018929089981
2026-04-19 19:00:00+00:00,143.4625,139.04318644628967
2026-04-19 20:00:00+00:00,120.9025,128.40369225426238
2026-04-19 21:00:00+00:00,112.545,111.64729145200812
2026-04-19 22:00:00+00:00,107.2925,105.89694477373621
2026-04-19 23:00:00+00:00,107.225,102.16825244133531
2026-04-20 00:00:00+00:00,105.66,101.7760373544802
2026-04-20 01:00:00+00:00,108.7775,106.26583589522832
2026-04-20 02:00:00+00:00,105.61,105.03723086848349
2026-04-20 03:00:00+00:00,120.66,113.42666813052152
2026-04-20 04:00:00+00:00,166.825,136.24181486053226
2026-04-20 05:00:00+00:00,140.0025,136.3127396146693
2026-04-20 06:00:00+00:00,84.845,118.51507387276773
2026-04-20 07:00:00+00:00,0.0075,55.08344514329399
2026-04-20 08:00:00+00:00,-0.055,2.728866269921288
2026-04-20 09:00:00+00:00,-0.0025,2.4571542706628047
2026-04-20 10:00:00+00:00,0.0,2.5901048115879535
2026-04-20 11:00:00+00:00,0.0,2.7579409695813912
2026-04-20 12:00:00+00:00,0.0,2.288615166568679
2026-04-20 13:00:00+00:00,0.13,7.913769683244984
2026-04-20 14:00:00+00:00,57.795,22.07179667387423
2026-04-20 15:00:00+00:00,108.57,72.11273627790975
2026-04-20 16:00:00+00:00,130.9725,134.8484577877444
2026-04-20 17:00:00+00:00,133.245,150.22698400917244
2026-04-20 18:00:00+00:00,131.6425,154.00253873056735
2026-04-20 19:00:00+00:00,139.9,122.84336466399058
2026-04-20 20:00:00+00:00,128.10750000000002,123.80852984404495
2026-04-20 21:00:00+00:00,124.715,114.64966485074869
2026-04-20 22:00:00+00:00,112.0,110.5391078589708
2026-04-20 23:00:00+00:00,110.125,102.24929447357728
2026-04-21 00:00:00+00:00,107.8325,106.18139206856178
2026-04-21 01:00:00+00:00,104.495,104.93043153646848
2026-04-21 02:00:00+00:00,105.8825,103.86144664770335
2026-04-21 03:00:00+00:00,117.205,117.15349368056468
2026-04-21 04:00:00+00:00,135.765,145.54356323102195
2026-04-21 05:00:00+00:00,137.8625,133.74497759421888
2026-04-21 06:00:00+00:00,80.4725,125.3320496655192
2026-04-21 07:00:00+00:00,0.0025,75.72323386810005
2026-04-21 08:00:00+00:00,-0.0075,3.7084020624080183
2026-04-21 09:00:00+00:00,0.0,0.7731484577631875
2026-04-21 10:00:00+00:00,0.0,1.2353120839680587
2026-04-21 11:00:00+00:00,0.0,1.1690620839680586
2026-04-21 12:00:00+00:00,0.0,1.157553439036291
2026-04-21 13:00:00+00:00,0.0,11.531831674159834
2026-04-21 14:00:00+00:00,54.36,40.711096148198585
2026-04-21 15:00:00+00:00,114.0725,87.95433043667697
2026-04-21 16:00:00+00:00,128.605,136.15793589382199
2026-04-21 17:00:00+00:00,140.01999999999998,154.74702600868727
2026-04-21 18:00:00+00:00,140.525,154.95051852312807
2026-04-21 19:00:00+00:00,147.5825,125.44855163909436
2026-04-21 20:00:00+00:00,130.1,122.06001308860772
2026-04-21 21:00:00+00:00,126.715,109.99765206322131
2026-04-21 22:00:00+00:00,118.3975,108.77461507422817
2026-04-21 23:00:00+00:00,115.4075,107.71156406746493
2026-04-22 00:00:00+00:00,113.11,110.89054978387303
2026-04-22 01:00:00+00:00,113.4925,108.03547599493692
2026-04-22 02:00:00+00:00,118.88,108.74165072602942
2026-04-22 03:00:00+00:00,129.97,127.28897751209132
2026-04-22 04:00:00+00:00,148.215,149.98757083252767
2026-04-22 05:00:00+00:00,137.1875,149.0904534379488
2026-04-22 06:00:00+00:00,126.3225,134.17080360322228
2026-04-22 07:00:00+00:00,92.2075,108.31786129684899
2026-04-22 08:00:00+00:00,39.81,87.7095424208095
2026-04-22 09:00:00+00:00,129.6675,48.64677970330477
2026-04-22 10:00:00+00:00,71.25,115.18395805721832
2026-04-22 11:00:00+00:00,44.23,60.33705269885279
2026-04-22 12:00:00+00:00,34.6425,52.67448673592048
2026-04-22 13:00:00+00:00,35.06,56.698653552074056
2026-04-22 14:00:00+00:00,74.05250000000001,57.61965812876337
2026-04-22 15:00:00+00:00,152.7775,102.90919938473566
2026-04-22 16:00:00+00:00,140.1425,152.7332020950154
2026-04-22 17:00:00+00:00,208.4975,162.26446706437252
2026-04-22 18:00:00+00:00,226.065,169.17114335464404
2026-04-22 19:00:00+00:00,136.8425,185.95822914193937
2026-04-22 20:00:00+00:00,123.6125,123.98119718947217
2026-04-22 21:00:00+00:00,118.0725,113.42517885161044
2026-04-22 22:00:00+00:00,145.7175,109.73951897274551
2026-04-22 23:00:00+00:00,122.2175,118.97130938008199
2026-04-23 00:00:00+00:00,110.26,116.39993903769346
2026-04-23 01:00:00+00:00,107.84,105.45616035040447
2026-04-23 02:00:00+00:00,114.6075,107.27024513419268
2026-04-23 03:00:00+00:00,121.075,127.90990647344394
2026-04-23 04:00:00+00:00,127.71,140.54766428635918
2026-04-23 05:00:00+00:00,127.06,137.6508020230117
2026-04-23 06:00:00+00:00,104.905,111.37253586498032
2026-04-23 07:00:00+00:00,39.81,90.97023166730176
2026-04-23 08:00:00+00:00,1.335,35.18527881761517
2026-04-23 09:00:00+00:00,0.0,7.715210261481154
2026-04-23 10:00:00+00:00,0.0,4.300278274412117
2026-04-23 11:00:00+00:00,0.0,3.699703694607347
2026-04-23 12:00:00+00:00,0.0,3.428773468531943
2026-04-23 13:00:00+00:00,0.0,5.143992428419208
2026-04-23 14:00:00+00:00,0.0025,42.272373443618875
2026-04-23 15:00:00+00:00,56.49,55.64675025052049
2026-04-23 16:00:00+00:00,133.0475,107.67688576834003
2026-04-23 17:00:00+00:00,187.4075,167.41905922762714
2026-04-23 18:00:00+00:00,186.3125,205.2498943465562
2026-04-23 19:00:00+00:00,179.855,158.7154477066832
2026-04-23 20:00:00+00:00,124.4725,136.8018781599549
2026-04-23 21:00:00+00:00,124.6775,111.96914431101109
2026-04-23 22:00:00+00:00,112.6,115.41504091516934
2026-04-23 23:00:00+00:00,109.445,106.27565514620197
2026-04-24 00:00:00+00:00,110.36,105.67405470582855
2026-04-24 01:00:00+00:00,109.93,106.10093655721795
2026-04-24 02:00:00+00:00,110.9525,105.40819527229101
2026-04-24 03:00:00+00:00,126.855,117.66311740037179
2026-04-24 04:00:00+00:00,136.57,139.06285490417255
2026-04-24 05:00:00+00:00,82.1575,122.79321988441316
2026-04-24 06:00:00+00:00,6.585,67.60528960036783
2026-04-24 07:00:00+00:00,-0.5275,5.855308322788737
2026-04-24 08:00:00+00:00,-5.0025,3.103310133396878
2026-04-24 09:00:00+00:00,-4.2525,1.6794204777496562
2026-04-24 10:00:00+00:00,-7.905,1.810263689888497
2026-04-24 11:00:00+00:00,-13.52,1.6605980703422487
2026-04-24 12:00:00+00:00,-13.155,1.6642082603139583
2026-04-24 13:00:00+00:00,-14.5225,3.669242544860063
2026-04-24 14:00:00+00:00,-0.155,26.30266457038359
2026-04-24 15:00:00+00:00,69.82249999999999,43.62968400989147
2026-04-24 16:00:00+00:00,121.34,117.88269359751943
2026-04-24 17:00:00+00:00,197.225,163.66944906165244
2026-04-24 18:00:00+00:00,159.4125,187.49644980728434
2026-04-24 19:00:00+00:00,185.855,145.06340141529978
2026-04-24 20:00:00+00:00,130.89249999999998,149.55300102465029
2026-04-24 21:00:00+00:00,127.1775,106.4365255764032
2026-04-24 22:00:00+00:00,107.955,109.15451886429095
2026-04-24 23:00:00+00:00,101.88,100.85353895080814
2026-04-25 00:00:00+00:00,98.7075,94.06494875570102
2026-04-25 01:00:00+00:00,98.19,90.5577738751263
2026-04-25 02:00:00+00:00,102.4375,93.18003834096739
2026-04-25 03:00:00+00:00,105.7525,109.40451345668211
2026-04-25 04:00:00+00:00,100.205,103.82569955935192
2026-04-25 05:00:00+00:00,71.265,74.5088146614282
2026-04-25 06:00:00+00:00,0.0025,40.1161915216201
2026-04-25 07:00:00+00:00,-1.0275,1.5843169470340976
2026-04-25 08:00:00+00:00,-7.725,1.5178071739313148
2026-04-25 09:00:00+00:00,-35.0075,3.5603965038100056
2026-04-25 10:00:00+00:00,-48.9225,2.3530011417586936
2026-04-25 11:00:00+00:00,-50.0,2.5148771452851406
2026-04-25 12:00:00+00:00,-50.0,2.490910602196758
2026-04-25 13:00:00+00:00,-50.0,3.7940602688972627
2026-04-25 14:00:00+00:00,-18.815,28.46794771643696
2026-04-25 15:00:00+00:00,26.5625,48.110113302136455
2026-04-25 16:00:00+00:00,105.75,86.11092063079086
2026-04-25 17:00:00+00:00,149.6125,135.4539302797151
2026-04-25 18:00:00+00:00,163.975,166.49412804255016
2026-04-25 19:00:00+00:00,136.58249999999998,147.64652850065727
2026-04-25 20:00:00+00:00,119.6675,122.99519301410243
2026-04-25 21:00:00+00:00,110.26,111.11887776523285
2026-04-25 22:00:00+00:00,104.5,104.21966078092485
2026-04-25 23:00:00+00:00,100.355,91.43099412271864
2026-04-26 00:00:00+00:00,89.2625,99.97289823698442
2026-04-26 01:00:00+00:00,81.035,89.53740484412448
2026-04-26 02:00:00+00:00,83.2325,87.43583800966366
2026-04-26 03:00:00+00:00,94.7125,94.79159486246998
2026-04-26 04:00:00+00:00,82.6275,111.23765415296616
2026-04-26 05:00:00+00:00,25.675,72.18600819684544
2026-04-26 06:00:00+00:00,-0.585,16.710739607603088
2026-04-26 07:00:00+00:00,-6.4925,1.8465816213517372
2026-04-26 08:00:00+00:00,-28.1625,2.1433934118874145
2026-04-26 09:00:00+00:00,-50.0,2.500716022090566
2026-04-26 10:00:00+00:00,-50.0,2.5687526160409204
2026-04-26 11:00:00+00:00,-25.495,2.8752935447859165
2026-04-26 12:00:00+00:00,-12.5725,9.847983014758595
2026-04-26 13:00:00+00:00,-0.0775,6.069591514124762
2026-04-26 14:00:00+00:00,-0.7799999999999999,16.087694973411246
2026-04-26 15:00:00+00:00,9.5125,28.303616037437923
2026-04-26 16:00:00+00:00,94.2375,76.06849159389118
2026-04-26 17:00:00+00:00,109.7625,126.75243233352188
2026-04-26 18:00:00+00:00,106.5875,144.0345898240442
2026-04-26 19:00:00+00:00,116.5225,122.67800608055872
2026-04-26 20:00:00+00:00,122.9875,104.95295604488798
2026-04-26 21:00:00+00:00,125.545,103.40647498465648
2026-04-26 22:00:00+00:00,123.1725,103.04938229930394
2026-04-26 23:00:00+00:00,118.3575,101.82075076555446
2026-04-27 00:00:00+00:00,118.12,108.49002507407224
2026-04-27 01:00:00+00:00,118.6025,112.348960931737
2026-04-27 02:00:00+00:00,123.01,109.36887983420405
2026-04-27 03:00:00+00:00,128.16,132.81362296779915
2026-04-27 04:00:00+00:00,147.785,139.37559292174294
2026-04-27 05:00:00+00:00,95.37,134.36320516341965
2026-04-27 06:00:00+00:00,0.0075,79.86682884819248
2026-04-27 07:00:00+00:00,-0.78,2.495230889796159
2026-04-27 08:00:00+00:00,-1.505,2.1870327365480025
2026-04-27 09:00:00+00:00,-0.1,1.8470877365480027
2026-04-27 10:00:00+00:00,-0.1325,1.8059970768782523
2026-04-27 11:00:00+00:00,-0.83,1.8676735317985274
2026-04-27 12:00:00+00:00,-0.1625,1.9957166877101509
2026-04-27 13:00:00+00:00,-0.0025,5.869915358473812
2026-04-27 14:00:00+00:00,16.645,17.659564274033084
2026-04-27 15:00:00+00:00,114.5275,44.01582535987122
2026-04-27 16:00:00+00:00,127.1075,128.0828955539162
2026-04-27 17:00:00+00:00,114.965,140.44468914209864
2026-04-27 18:00:00+00:00,173.97,122.0365741769891
2026-04-27 19:00:00+00:00,153.755,126.69731794914605
2026-04-27 20:00:00+00:00,129.3525,118.92774731393092
2026-04-27 21:00:00+00:00,122.145,108.74217687873883
2026-04-27 22:00:00+00:00,118.1325,105.35480610457167
2026-04-27 23:00:00+00:00,114.205,103.22050807915231
2026-04-28 00:00:00+00:00,111.01,106.25261812713356
2026-04-28 01:00:00+00:00,111.2175,103.15223837237156
2026-04-28 02:00:00+00:00,113.8275,106.12828550051006
2026-04-28 03:00:00+00:00,120.6425,121.99383916661488
2026-04-28 04:00:00+00:00,131.81,135.076869475168
2026-04-28 05:00:00+00:00,86.14,130.5040314293021
2026-04-28 06:00:00+00:00,2.755,71.28925733725842
2026-04-28 07:00:00+00:00,-0.775,4.144905877659057
2026-04-28 08:00:00+00:00,-2.1275,3.1087809183358353
2026-04-28 09:00:00+00:00,-0.7675,2.42755424202077
2026-04-28 10:00:00+00:00,-0.99,2.6774340612978786
2026-04-28 11:00:00+00:00,-0.5475,2.10671152316555
2026-04-28 12:00:00+00:00,-0.0775,1.9760501798210837
2026-04-28 13:00:00+00:00,-0.0025,5.291069111114067
2026-04-28 14:00:00+00:00,13.565,15.951907999585309
2026-04-28 15:00:00+00:00,104.0325,78.99359128564703
2026-04-28 16:00:00+00:00,149.14,125.91306123028764
2026-04-28 17:00:00+00:00,148.5075,151.85388319534812
2026-04-28 18:00:00+00:00,117.905,172.29787668354567
2026-04-28 19:00:00+00:00,117.1325,134.8137640785365
2026-04-28 20:00:00+00:00,133.68,113.55934600646779
2026-04-28 21:00:00+00:00,127.37,117.6672614105606
2026-04-28 22:00:00+00:00,140.8625,111.84332326535774
2026-04-28 23:00:00+00:00,134.11,111.43965002532612
2026-04-29 00:00:00+00:00,133.13,134.71098121316885
2026-04-29 01:00:00+00:00,127.6275,132.7582767506249
2026-04-29 02:00:00+00:00,127.3025,131.7224783757533
2026-04-29 03:00:00+00:00,128.32999999999998,144.92062919558185
2026-04-29 04:00:00+00:00,159.4825,149.1034315369099
2026-04-29 05:00:00+00:00,127.6025,133.39529397365644
2026-04-29 06:00:00+00:00,70.2425,99.19306818346405
2026-04-29 07:00:00+00:00,0.0025,44.50390551023501
2026-04-29 08:00:00+00:00,-0.01,3.964045723483975
2026-04-29 09:00:00+00:00,-0.0025,3.85013479542056
2026-04-29 10:00:00+00:00,0.0,3.9320497653408863
2026-04-29 11:00:00+00:00,0.0,3.727628632155368
2026-04-29 12:00:00+00:00,0.0,2.7029736993757996
2026-04-29 13:00:00+00:00,0.0025,5.195488049322538
2026-04-29 14:00:00+00:00,68.9075,19.11562861673877
2026-04-29 15:00:00+00:00,149.5075,101.9354664558466
2026-04-29 16:00:00+00:00,146.7425,155.31397852121097
2026-04-29 17:00:00+00:00,194.1175,159.2902943053749
2026-04-29 18:00:00+00:00,169.8725,172.2403327565146
2026-04-29 19:00:00+00:00,172.97,126.67841630140595
2026-04-29 20:00:00+00:00,137.065,133.1405122556543
2026-04-29 21:00:00+00:00,140.3525,117.54616360758799
2026-04-29 22:00:00+00:00,119.1875,125.47446091506085
2026-04-29 23:00:00+00:00,112.935,109.69959626860665
2026-04-30 00:00:00+00:00,108.8775,115.02224296703862
2026-04-30 01:00:00+00:00,109.255,113.37538609718615
2026-04-30 02:00:00+00:00,114.39,115.05438398442176
2026-04-30 03:00:00+00:00,125.65,127.72478859751726
2026-04-30 04:00:00+00:00,133.3475,140.8067586988079
2026-04-30 05:00:00+00:00,121.525,129.14549797069867
2026-04-30 06:00:00+00:00,104.59,90.18096415786164
2026-04-30 07:00:00+00:00,43.695,64.04943428106836
2026-04-30 08:00:00+00:00,0.0175,35.05167617984022
2026-04-30 09:00:00+00:00,4.065,1.9838120395985674
2026-04-30 10:00:00+00:00,1.0,4.1658809221707
2026-04-30 11:00:00+00:00,0.4875,4.579380123015536
2026-04-30 12:00:00+00:00,1.285,5.318013001089937
2026-04-30 13:00:00+00:00,0.68,9.922602139388548
2026-04-30 14:00:00+00:00,17.955,50.76365243698037
2026-04-30 15:00:00+00:00,114.3675,91.00372440476194
2026-04-30 16:00:00+00:00,125.235,136.03163269230288
2026-04-30 17:00:00+00:00,171.715,160.3070984525031
2026-04-30 18:00:00+00:00,157.64249999999998,176.8768151808037
2026-04-30 19:00:00+00:00,136.0025,140.98458597808107
2026-04-30 20:00:00+00:00,131.4125,118.42488315912402
2026-04-30 21:00:00+00:00,119.055,113.47914933656932
2026-04-30 22:00:00+00:00,113.8375,101.89290263789573
2026-04-30 23:00:00+00:00,109.84,98.3454271461937
2026-05-01 00:00:00+00:00,109.4475,94.73645230597553
2026-05-01 01:00:00+00:00,107.44,91.69830021182992
2026-05-01 02:00:00+00:00,102.6125,95.02478837178381
2026-05-01 03:00:00+00:00,99.2925,103.19984254711154
2026-05-01 04:00:00+00:00,71.795,102.25587604870321
2026-05-01 05:00:00+00:00,27.6525,72.82328780980633
2026-05-01 06:00:00+00:00,0.005,29.890519399630563
2026-05-01 07:00:00+00:00,0.0,2.936194456445246
2026-05-01 08:00:00+00:00,0.0,2.570496437189533
2026-05-01 09:00:00+00:00,0.0,2.126223557497142
2026-05-01 10:00:00+00:00,0.0,2.2945261215997066
2026-05-01 11:00:00+00:00,0.0,2.3560798253034094
2026-05-01 12:00:00+00:00,0.0,2.2057591040459554
2026-05-01 13:00:00+00:00,0.0,5.0088575497243575
2026-05-01 14:00:00+00:00,0.0,28.453401092583807
2026-05-01 15:00:00+00:00,42.5025,43.604892915622365
2026-05-01 16:00:00+00:00,78.5525,80.26764941310705
2026-05-01 17:00:00+00:00,84.0325,124.10758952260902
2026-05-01 18:00:00+00:00,71.57,120.55563882629184
2026-05-01 19:00:00+00:00,79.51249999999999,118.89204379662006
2026-05-01 20:00:00+00:00,105.8475,105.54217158789199
2026-05-01 21:00:00+00:00,103.94,96.88487351067123
2026-05-01 22:00:00+00:00,103.3625,98.44429505014361
2026-05-01 23:00:00+00:00,105.55,90.2385834619919
2026-05-02 00:00:00+00:00,100.8575,88.05828998269698
2026-05-02 01:00:00+00:00,85.0,82.52596228015182
2026-05-02 02:00:00+00:00,91.4275,79.62328601851976
2026-05-02 03:00:00+00:00,99.205,91.0163529465378
2026-05-02 04:00:00+00:00,88.3,93.79611433695898
2026-05-02 05:00:00+00:00,18.02,73.85973246111398
2026-05-02 06:00:00+00:00,0.0,16.294028589437616
2026-05-02 07:00:00+00:00,-1.5275,1.1679324119555399
2026-05-02 08:00:00+00:00,-3.9,1.0472495985611625
2026-05-02 09:00:00+00:00,-2.9725,0.8825422521139525
2026-05-02 10:00:00+00:00,-3.9025,0.9303926309018312
2026-05-02 11:00:00+00:00,-3.915,0.7842458106823748
2026-05-02 12:00:00+00:00,-4.4675,0.7801083826818236
2026-05-02 13:00:00+00:00,-0.52,2.517770438225276
2026-05-02 14:00:00+00:00,0.0075,11.299032878001535
2026-05-02 15:00:00+00:00,44.91,28.00049387892334
2026-05-02 16:00:00+00:00,124.7425,67.8252237396892
2026-05-02 17:00:00+00:00,128.5375,117.28760065475382
2026-05-02 18:00:00+00:00,132.33249999999998,128.75186895614314
2026-05-02 19:00:00+00:00,123.9375,111.76653029292727
2026-05-02 20:00:00+00:00,129.5625,100.80371937933113
2026-05-02 21:00:00+00:00,118.96,108.04037419653454
2026-05-02 22:00:00+00:00,114.5,96.62301774638313
2026-05-02 23:00:00+00:00,110.9375,96.83006358051261
2026-05-03 00:00:00+00:00,107.51,89.28556636247842
2026-05-03 01:00:00+00:00,109.6125,97.65119960216649
2026-05-03 02:00:00+00:00,108.635,87.36678192438553
2026-05-03 03:00:00+00:00,104.5075,91.73375081063212
2026-05-03 04:00:00+00:00,93.8,94.87838732028057
2026-05-03 05:00:00+00:00,54.8775,79.46351666804813
2026-05-03 06:00:00+00:00,0.0075,40.7948735924758
2026-05-03 07:00:00+00:00,0.0,2.3558070976876517
2026-05-03 08:00:00+00:00,-0.0575,3.897536714247094
2026-05-03 09:00:00+00:00,-0.9575,4.284794422988235
2026-05-03 10:00:00+00:00,-5.2625,2.010746194509114
2026-05-03 11:00:00+00:00,-9.9925,1.2762146393062972
2026-05-03 12:00:00+00:00,-8.094999999999999,1.3069997113057463
2026-05-03 13:00:00+00:00,-2.975,2.6638342841203273
2026-05-03 14:00:00+00:00,0.0,22.36023859111582
2026-05-03 15:00:00+00:00,49.88,28.630119731636515
2026-05-03 16:00:00+00:00,122.48,80.55280251123298
2026-05-03 17:00:00+00:00,140.155,124.34368303672748
2026-05-03 18:00:00+00:00,137.2775,138.8471632924095
2026-05-03 19:00:00+00:00,135.60750000000002,119.86400075263265
2026-05-03 20:00:00+00:00,136.27249999999998,118.56046314841892
2026-05-03 21:00:00+00:00,138.185,116.91313176700896
2026-05-03 22:00:00+00:00,122.3275,114.43345147491044
2026-05-03 23:00:00+00:00,107.9825,104.99236839740537
2026-05-04 00:00:00+00:00,110.98,103.9354410729782
2026-05-04 01:00:00+00:00,106.7175,105.62503589690552
2026-05-04 02:00:00+00:00,110.9675,106.5335738387638
2026-05-04 03:00:00+00:00,124.84,124.38961041946564
2026-05-04 04:00:00+00:00,143.68,138.12748790802394
2026-05-04 05:00:00+00:00,119.245,119.642518811182
2026-05-04 06:00:00+00:00,40.4325,78.2894405249734
2026-05-04 07:00:00+00:00,0.0025,29.991809087592934
2026-05-04 08:00:00+00:00,0.0,2.2201631571638263
2026-05-04 09:00:00+00:00,-0.0075,2.758413157163827
2026-05-04 10:00:00+00:00,-0.01,2.161804444451195
2026-05-04 11:00:00+00:00,-0.055,2.2729588194511945
2026-05-04 12:00:00+00:00,-0.005,1.7686311365961216
2026-05-04 13:00:00+00:00,0.0025,8.463020813231646
2026-05-04 14:00:00+00:00,52.4525,17.354279162702095
2026-05-04 15:00:00+00:00,134.0475,62.582025340331114
2026-05-04 16:00:00+00:00,171.995,139.78921343181852
2026-05-04 17:00:00+00:00,220.765,156.3957718489832
2026-05-04 18:00:00+00:00,255.5875,204.76841034370165
2026-05-04 19:00:00+00:00,219.355,182.04840161453095
2026-05-04 20:00:00+00:00,163.22,170.18898246890421
2026-05-04 21:00:00+00:00,170.14,132.43927788262144
2026-05-04 22:00:00+00:00,162.425,133.03792149543222
2026-05-04 23:00:00+00:00,144.5,130.4245050630645
2026-05-05 00:00:00+00:00,125.07,137.07475778590708
2026-05-05 01:00:00+00:00,125.2125,124.15044963213471
2026-05-05 02:00:00+00:00,126.9875,124.1542040523871
2026-05-05 03:00:00+00:00,139.4075,134.1217890586565
2026-05-05 04:00:00+00:00,150.52,151.92240965823498
2026-05-05 05:00:00+00:00,121.6,127.4004916492504
2026-05-05 06:00:00+00:00,23.74,90.91936925638623
2026-05-05 07:00:00+00:00,-0.005,21.67213168214637
2026-05-05 08:00:00+00:00,0.0,4.405576322018899
2026-05-05 09:00:00+00:00,0.0,2.6399943858089823
2026-05-05 10:00:00+00:00,0.0,2.6430443858089827
2026-05-05 11:00:00+00:00,0.0,2.593197969902195
2026-05-05 12:00:00+00:00,0.0,2.7334317689169008
2026-05-05 13:00:00+00:00,0.0,6.583403522952958
2026-05-05 14:00:00+00:00,54.8125,22.024389589074545
2026-05-05 15:00:00+00:00,134.9925,91.5614960989201
2026-05-05 16:00:00+00:00,159.2125,163.78909736056798
2026-05-05 17:00:00+00:00,211.9675,197.30303588981235
2026-05-05 18:00:00+00:00,238.9475,223.73115549855905
2026-05-05 19:00:00+00:00,157.1175,206.22694029109402
2026-05-05 20:00:00+00:00,141.6175,154.7464596401004
2026-05-05 21:00:00+00:00,151.47,140.29371572888127
2026-05-05 22:00:00+00:00,164.94,152.4758220935603
2026-05-05 23:00:00+00:00,149.355,135.34883887252028
2026-05-06 00:00:00+00:00,149.3475,143.48588903605187
2026-05-06 01:00:00+00:00,157.9025,142.98691236837155
2026-05-06 02:00:00+00:00,170.615,137.6702015019911
2026-05-06 03:00:00+00:00,175.7425,153.0885834537033
2026-05-06 04:00:00+00:00,167.415,164.13171541471561
2026-05-06 05:00:00+00:00,144.2425,135.6727051489122
2026-05-06 06:00:00+00:00,50.51,107.2559956071741
2026-05-06 07:00:00+00:00,1.2525,35.154588948790355
2026-05-06 08:00:00+00:00,0.0,7.396898684165145
2026-05-06 09:00:00+00:00,0.0,2.6753192345384207
2026-05-06 10:00:00+00:00,0.0,2.534398817420231
2026-05-06 11:00:00+00:00,0.0,2.6085423378201034
2026-05-06 12:00:00+00:00,0.0,2.5928862005281474
2026-05-06 13:00:00+00:00,0.0025,6.106554978222319
2026-05-06 14:00:00+00:00,61.34,25.379639758010903
2026-05-06 15:00:00+00:00,129.2575,111.51986049072126
2026-05-06 16:00:00+00:00,141.77,170.9099887012217
2026-05-06 17:00:00+00:00,179.58249999999998,178.31271586324533
2026-05-06 18:00:00+00:00,151.035,190.27934495385972
2026-05-06 19:00:00+00:00,159.505,145.81806638600162
2026-05-06 20:00:00+00:00,161.70749999999998,136.23909129405337
2026-05-06 21:00:00+00:00,156.76,137.76631187217018
2026-05-06 22:00:00+00:00,127.0225,154.73187780413954
2026-05-06 23:00:00+00:00,121.555,115.32935440221095
2026-05-07 00:00:00+00:00,115.4025,127.42887848059382
2026-05-07 01:00:00+00:00,117.2725,125.09326701628648
2026-05-07 02:00:00+00:00,137.5575,128.74846721245407
2026-05-07 03:00:00+00:00,156.9375,156.59103090658667
2026-05-07 04:00:00+00:00,145.5675,166.3931447856452
2026-05-07 05:00:00+00:00,146.0075,134.94684678243178
2026-05-07 06:00:00+00:00,119.2175,121.0233503806703
2026-05-07 07:00:00+00:00,26.0,98.66204668482355
2026-05-07 08:00:00+00:00,77.27000000000001,24.42565597863736
2026-05-07 09:00:00+00:00,114.195,54.53673978484203
2026-05-07 10:00:00+00:00,108.8425,90.8597713912793
2026-05-07 11:00:00+00:00,108.235,87.44323053373905
2026-05-07 12:00:00+00:00,105.975,88.08765324334483
2026-05-07 13:00:00+00:00,107.12,98.29485216749737
2026-05-07 14:00:00+00:00,115.56,104.49989065423583
2026-05-07 15:00:00+00:00,139.925,125.16062733057704
2026-05-07 16:00:00+00:00,153.085,144.95707264075205
2026-05-07 17:00:00+00:00,160.5125,170.2758896342647
2026-05-07 18:00:00+00:00,130.075,155.9129436862444
2026-05-07 19:00:00+00:00,122.9725,126.19432214624192
2026-05-07 20:00:00+00:00,119.335,125.64086711018354
2026-05-07 21:00:00+00:00,113.685,121.79842231907209
2026-05-07 22:00:00+00:00,138.84,112.15840185587422
2026-05-07 23:00:00+00:00,122.155,120.43661310616051
2026-05-08 00:00:00+00:00,120.1525,118.30225337837153
2026-05-08 01:00:00+00:00,121.2175,115.80319403395428
2026-05-08 02:00:00+00:00,123.935,122.26186505220126
2026-05-08 03:00:00+00:00,148.2,130.09735777029036
2026-05-08 04:00:00+00:00,147.1875,143.0234925431486
2026-05-08 05:00:00+00:00,137.8775,140.5676356912338
2026-05-08 06:00:00+00:00,144.04,119.33455626782428
2026-05-08 07:00:00+00:00,120.0075,117.18700725040671
2026-05-08 08:00:00+00:00,108.7225,110.64113548153674
2026-05-08 09:00:00+00:00,94.8675,105.31001554430408
2026-05-08 10:00:00+00:00,103.5075,89.85895619510558
2026-05-08 11:00:00+00:00,62.9125,93.26551596934166
2026-05-08 12:00:00+00:00,68.6125,69.6652918609369
2026-05-08 13:00:00+00:00,87.7825,81.38720202089921
2026-05-08 14:00:00+00:00,101.4125,99.9382962479122
2026-05-08 15:00:00+00:00,117.4525,112.01445681334454
2026-05-08 16:00:00+00:00,146.3825,129.76293894105595
2026-05-08 17:00:00+00:00,126.515,151.7405365986993
2026-05-08 18:00:00+00:00,120.12,124.8979392414278
2026-05-08 19:00:00+00:00,156.345,114.66670276611109
2026-05-08 20:00:00+00:00,157.9875,130.73600038044916
2026-05-08 21:00:00+00:00,154.12,132.52018532932078
2026-05-08 22:00:00+00:00,171.27249999999998,134.6605438349205
2026-05-08 23:00:00+00:00,166.29,136.5254183655999
2026-05-09 00:00:00+00:00,168.54,138.58500287047949
2026-05-09 01:00:00+00:00,147.2,140.5288115979331
2026-05-09 02:00:00+00:00,173.54,133.61320686675802
2026-05-09 03:00:00+00:00,172.79,143.27771059358037
2026-05-09 04:00:00+00:00,146.5125,143.95361801098193
2026-05-09 05:00:00+00:00,123.395,129.18862152603614
2026-05-09 06:00:00+00:00,106.015,118.19752725101071
2026-05-09 07:00:00+00:00,33.29,85.97180413811691
2026-05-09 08:00:00+00:00,0.0,42.828170857633694
2026-05-09 09:00:00+00:00,0.0025,3.9744872106002025
2026-05-09 10:00:00+00:00,0.0,6.333605383372688
2026-05-09 11:00:00+00:00,0.0,3.6804852089934177
2026-05-09 12:00:00+00:00,0.0,4.377708398970391
2026-05-09 13:00:00+00:00,0.0,14.530634934532277
2026-05-09 14:00:00+00:00,29.97,53.793736106818095
2026-05-09 15:00:00+00:00,101.775,80.75651187922274
2026-05-09 16:00:00+00:00,146.3625,129.57157329397688
2026-05-09 17:00:00+00:00,187.54,148.7706711883147
2026-05-09 18:00:00+00:00,216.945,161.98604733551497
2026-05-09 19:00:00+00:00,185.7625,186.75223972898056
2026-05-09 20:00:00+00:00,164.8,158.20093992317985
2026-05-09 21:00:00+00:00,174.305,146.32391380642323
2026-05-09 22:00:00+00:00,162.025,149.7540510608288
2026-05-09 23:00:00+00:00,148.3775,156.24296660355364
2026-05-10 00:00:00+00:00,133.81,151.31764359471074
2026-05-10 01:00:00+00:00,131.7625,135.39094019180476
2026-05-10 02:00:00+00:00,134.4425,141.2659150321637
2026-05-10 03:00:00+00:00,140.0425,151.1689200300519
2026-05-10 04:00:00+00:00,122.64,139.07975646564756
2026-05-10 05:00:00+00:00,107.0625,115.28148199174706
2026-05-10 06:00:00+00:00,52.2225,77.83935772725108
2026-05-10 07:00:00+00:00,-0.0025,35.162770696623646
2026-05-10 08:00:00+00:00,-0.0175,3.129778403528763
2026-05-10 09:00:00+00:00,0.0,2.931195717809447
2026-05-10 10:00:00+00:00,-0.005,3.000352454454689
2026-05-10 11:00:00+00:00,-0.01,3.4769971734776557
2026-05-10 12:00:00+00:00,-0.0025,3.102010605857223
2026-05-10 13:00:00+00:00,0.0,8.887774867310783
2026-05-10 14:00:00+00:00,28.9675,26.730645907798657
2026-05-10 15:00:00+00:00,110.5075,70.42502880801965
2026-05-10 16:00:00+00:00,140.04500000000002,134.44003199724233
2026-05-10 17:00:00+00:00,175.91,172.0811089268727
2026-05-10 18:00:00+00:00,151.0425,188.5892975048615
2026-05-10 19:00:00+00:00,129.47,146.76879425222052
2026-05-10 20:00:00+00:00,179.64499999999998,134.77586454252474
2026-05-10 21:00:00+00:00,158.725,153.6577707164791
2026-05-10 22:00:00+00:00,136.615,146.5315431032822
2026-05-10 23:00:00+00:00,119.485,128.05607361897498
2026-05-11 00:00:00+00:00,117.5975,123.21170794122504
2026-05-11 01:00:00+00:00,119.5875,122.75051934768564
2026-05-11 02:00:00+00:00,143.5675,126.11867437809165
2026-05-11 03:00:00+00:00,166.1125,150.91874645020766
2026-05-11 04:00:00+00:00,173.5775,166.1011493451823
2026-05-11 05:00:00+00:00,121.75,146.3398274816641
2026-05-11 06:00:00+00:00,106.62,105.5638276619252
2026-05-11 07:00:00+00:00,0.0075,80.90631137473592
2026-05-11 08:00:00+00:00,0.0,2.4766488152728505
2026-05-11 09:00:00+00:00,0.0,2.4394885026006063
2026-05-11 10:00:00+00:00,0.0,2.3543776817434967
2026-05-11 11:00:00+00:00,0.0,2.3949189395692208
2026-05-11 12:00:00+00:00,0.0,2.4733519157591117
2026-05-11 13:00:00+00:00,0.0,7.98759716366798
2026-05-11 14:00:00+00:00,76.94,24.4532853072257
2026-05-11 15:00:00+00:00,144.045,104.99112061130921
2026-05-11 16:00:00+00:00,162.3175,156.79216968147094
2026-05-11 17:00:00+00:00,166.0575,187.2621927268586
2026-05-11 18:00:00+00:00,149.345,183.04534430450414
2026-05-11 19:00:00+00:00,136.84,127.35918928315627
2026-05-11 20:00:00+00:00,124.1375,136.73278290749792
2026-05-11 21:00:00+00:00,166.38,135.3310006359196
2026-05-11 22:00:00+00:00,118.9875,146.4563941540146
2026-05-11 23:00:00+00:00,109.545,103.9679452589147
2026-05-12 00:00:00+00:00,109.6875,109.59311680629668
2026-05-12 01:00:00+00:00,114.3925,107.55270272327627
2026-05-12 02:00:00+00:00,127.7975,126.0962643721469
2026-05-12 03:00:00+00:00,157.4925,143.38626677008313
2026-05-12 04:00:00+00:00,154.0025,163.48111478316756
2026-05-12 05:00:00+00:00,105.6475,131.75890074831557
2026-05-12 06:00:00+00:00,52.3525,76.96383244650917
2026-05-12 07:00:00+00:00,-0.0025,33.09608572473623
2026-05-12 08:00:00+00:00,-0.0175,1.850470689871911
2026-05-12 09:00:00+00:00,-0.015,1.9693179412115673
2026-05-12 10:00:00+00:00,-0.08,1.956543357878234
2026-05-12 11:00:00+00:00,-0.1,1.8957857482491534
2026-05-12 12:00:00+00:00,-0.1,1.880126414265696
2026-05-12 13:00:00+00:00,-0.08,7.9555777287727985
2026-05-12 14:00:00+00:00,0.0,37.67795645378687
2026-05-12 15:00:00+00:00,71.6925,47.54204959723028
2026-05-12 16:00:00+00:00,122.77,125.9347363958263
2026-05-12 17:00:00+00:00,151.20749999999998,147.96614983625167
2026-05-12 18:00:00+00:00,125.565,143.22383569560554
2026-05-12 19:00:00+00:00,129.7575,112.91018601235866
2026-05-12 20:00:00+00:00,122.83,114.99220830036177
2026-05-12 21:00:00+00:00,122.3525,127.66953670457562
2026-05-12 22:00:00+00:00,113.7,106.33881248099527
2026-05-12 23:00:00+00:00,115.8075,106.75832807915275
2026-05-13 00:00:00+00:00,113.265,116.91009170000584
2026-05-13 01:00:00+00:00,133.25,113.52695224389618
2026-05-13 02:00:00+00:00,138.4325,137.77938663078692
2026-05-13 03:00:00+00:00,148.0225,148.63739210183968
2026-05-13 04:00:00+00:00,154.54250000000002,150.27758705053105
2026-05-13 05:00:00+00:00,139.6325,138.204259926562
2026-05-13 06:00:00+00:00,100.0025,115.90140007140825
2026-05-13 07:00:00+00:00,9.3675,63.365057348048104
2026-05-13 08:00:00+00:00,0.0075,10.39741818612634
2026-05-13 09:00:00+00:00,0.01,1.8595058725245515
2026-05-13 10:00:00+00:00,0.005,1.8214005151041945
2026-05-13 11:00:00+00:00,0.0,1.8171505151041947
2026-05-13 12:00:00+00:00,0.01,1.856246843513899
2026-05-13 13:00:00+00:00,13.005,7.354661766486429
2026-05-13 14:00:00+00:00,99.02,48.788781968574575
2026-05-13 15:00:00+00:00,120.94,104.32729729742208
2026-05-13 16:00:00+00:00,157.1275,131.08443252358066
2026-05-13 17:00:00+00:00,146.10750000000002,135.19445663331882
2026-05-13 18:00:00+00:00,134.4775,146.35559870325588
2026-05-13 19:00:00+00:00,149.64499999999998,120.97053799177758
2026-05-13 20:00:00+00:00,132.6725,127.38787190638165
2026-05-13 21:00:00+00:00,160.965,120.05630347687314
2026-05-13 22:00:00+00:00,126.285,133.41500762110283
2026-05-13 23:00:00+00:00,123.55,113.97468803151013
2026-05-14 00:00:00+00:00,123.175,120.65187629585812
2026-05-14 01:00:00+00:00,131.345,122.64984735403186
2026-05-14 02:00:00+00:00,136.395,135.89550276778945
2026-05-14 03:00:00+00:00,136.9575,146.8348374305707
2026-05-14 04:00:00+00:00,141.9975,149.06148561098266
2026-05-14 05:00:00+00:00,121.2575,137.8257392967058
2026-05-14 06:00:00+00:00,107.96,99.98261673056545
2026-05-14 07:00:00+00:00,26.2475,76.71051793250675
2026-05-14 08:00:00+00:00,0.01,21.692230231539984
2026-05-14 09:00:00+00:00,0.0375,0.9767682410720565
2026-05-14 10:00:00+00:00,0.0125,4.694478525010998
2026-05-14 11:00:00+00:00,0.01,4.694453919823595
2026-05-14 12:00:00+00:00,0.005,4.241305354453139
2026-05-14 13:00:00+00:00,0.0125,6.679409472352935
2026-05-14 14:00:00+00:00,76.3125,46.24078934812782
2026-05-14 15:00:00+00:00,111.2525,110.37427818264923
2026-05-14 16:00:00+00:00,158.3675,142.4917858637027
2026-05-14 17:00:00+00:00,155.63,155.97190887600217
2026-05-14 18:00:00+00:00,172.4325,151.98904278886528
2026-05-14 19:00:00+00:00,142.99,148.6258608017573
2026-05-14 20:00:00+00:00,136.96,126.75404841914427
2026-05-14 21:00:00+00:00,135.99,133.1438078208041
2026-05-14 22:00:00+00:00,133.6,122.44991512028957
2026-05-14 23:00:00+00:00,126.2275,120.1304344180063
2026-05-15 00:00:00+00:00,123.4375,123.68642196427852
2026-05-15 01:00:00+00:00,124.4975,124.18352655668713
2026-05-15 02:00:00+00:00,131.9225,127.75489514819759
2026-05-15 03:00:00+00:00,134.76,142.76872768720213
2026-05-15 04:00:00+00:00,142.19,144.90431819005065
2026-05-15 05:00:00+00:00,127.695,134.86998135232807
2026-05-15 06:00:00+00:00,106.97,101.1205885472432
2026-05-15 07:00:00+00:00,0.0075,66.5176955537049
2026-05-15 08:00:00+00:00,0.0,0.8410827529234938
2026-05-15 09:00:00+00:00,0.0,0.8275505685800592
2026-05-15 10:00:00+00:00,0.0,0.8318005685800592
2026-05-15 11:00:00+00:00,0.0,0.9007675463933389
2026-05-15 12:00:00+00:00,0.0,0.8522649077700771
2026-05-15 13:00:00+00:00,0.0,6.7582224251384275
2026-05-15 14:00:00+00:00,26.012500000000003,41.10149375797724
2026-05-15 15:00:00+00:00,127.5225,77.73615561268072
2026-05-15 16:00:00+00:00,141.2375,147.75515634094904
2026-05-15 17:00:00+00:00,157.3425,155.08840784417887
2026-05-15 18:00:00+00:00,165.6,165.55736374118453
2026-05-15 19:00:00+00:00,147.07999999999998,142.70183272054325
2026-05-15 20:00:00+00:00,144.0,126.06633504542546
2026-05-15 21:00:00+00:00,139.54,129.37688359511128
2026-05-15 22:00:00+00:00,127.3375,127.68862799779943
2026-05-15 23:00:00+00:00,125.9925,114.5241502457918
2026-05-16 00:00:00+00:00,125.7875,129.85653133589602
2026-05-16 01:00:00+00:00,121.575,128.90748506050963
2026-05-16 02:00:00+00:00,126.0,131.55867560060034
2026-05-16 03:00:00+00:00,113.72,138.02321997517595
2026-05-16 04:00:00+00:00,109.39,132.51883423328047
2026-05-16 05:00:00+00:00,104.075,101.65009867246332
2026-05-16 06:00:00+00:00,72.16,74.05933827559343
2026-05-16 07:00:00+00:00,7.47,40.46879887962909
2026-05-16 08:00:00+00:00,7.075,8.310332476363248
2026-05-16 09:00:00+00:00,11.125,7.799526116906626
2026-05-16 10:00:00+00:00,7.015,21.519192733905424
2026-05-16 11:00:00+00:00,7.39,8.320630900835743
2026-05-16 12:00:00+00:00,6.1525,15.361727954087135
2026-05-16 13:00:00+00:00,6.9275,43.72227398960555
2026-05-16 14:00:00+00:00,20.9975,41.56702303184559
2026-05-16 15:00:00+00:00,65.3425,80.20399885884589
2026-05-16 16:00:00+00:00,109.475,106.12523892812054
2026-05-16 17:00:00+00:00,108.6425,137.05880255277273
2026-05-16 18:00:00+00:00,122.1875,131.16445647354143
2026-05-16 19:00:00+00:00,121.06,127.14789255763336
2026-05-16 20:00:00+00:00,123.9975,117.41050349589187
2026-05-16 21:00:00+00:00,129.855,112.88204842242969
2026-05-16 22:00:00+00:00,124.3325,113.83032948061117
2026-05-16 23:00:00+00:00,120.24,108.15004749973804
2026-05-17 00:00:00+00:00,117.8875,121.06541353931932
2026-05-17 01:00:00+00:00,117.1175,120.62498527329853
2026-05-17 02:00:00+00:00,111.455,118.8164327611762
2026-05-17 03:00:00+00:00,107.74,109.19522078266502
2026-05-17 04:00:00+00:00,100.84,97.97343855840909
2026-05-17 05:00:00+00:00,25.53,80.09271580335577
2026-05-17 06:00:00+00:00,-0.0025,18.704622121518995
2026-05-17 07:00:00+00:00,-0.055,0.7411668175299866
2026-05-17 08:00:00+00:00,-0.88,0.8126248371100506
2026-05-17 09:00:00+00:00,-0.3,0.2678254537212003
2026-05-17 10:00:00+00:00,-0.3,0.09770069777338997
2026-05-17 11:00:00+00:00,-0.5,0.09770069777338997
2026-05-17 12:00:00+00:00,-0.2,0.40075399015836843
2026-05-17 13:00:00+00:00,-0.035,3.693617990385915
2026-05-17 14:00:00+00:00,0.0075,15.879650560954538
2026-05-17 15:00:00+00:00,94.9325,44.79549434049868
2026-05-17 16:00:00+00:00,136.715,111.77835613673122
2026-05-17 17:00:00+00:00,137.4675,142.47894492056096
2026-05-17 18:00:00+00:00,144.225,140.00981185725223
2026-05-17 19:00:00+00:00,146.325,123.40529952562584
2026-05-17 20:00:00+00:00,155.0475,121.82208097045566
2026-05-17 21:00:00+00:00,167.33,134.25659399171013
2026-05-17 22:00:00+00:00,125.8225,133.029256989617
2026-05-17 23:00:00+00:00,123.4625,108.49550440151089
2026-05-18 00:00:00+00:00,129.21,119.28021736389826
2026-05-18 01:00:00+00:00,126.035,131.5539363597881
2026-05-18 02:00:00+00:00,125.105,132.17107436849668
2026-05-18 03:00:00+00:00,134.98250000000002,141.0689341625937
2026-05-18 04:00:00+00:00,133.6325,141.32519063121737
2026-05-18 05:00:00+00:00,108.565,120.47303559662083
2026-05-18 06:00:00+00:00,50.24,80.64739446818807
2026-05-18 07:00:00+00:00,0.0,30.736322085057058
2026-05-18 08:00:00+00:00,0.0,2.334904192563645
2026-05-18 09:00:00+00:00,0.0,1.9778204363020393
2026-05-18 10:00:00+00:00,0.0,2.0886204363020395
2026-05-18 11:00:00+00:00,0.01,1.955631006421435
2026-05-18 12:00:00+00:00,0.01,1.6844095576768603
2026-05-18 13:00:00+00:00,1.0075,6.648443421934482
2026-05-18 14:00:00+00:00,57.3,25.67807073739327
2026-05-18 15:00:00+00:00,131.8325,87.73523224888595
2026-05-18 16:00:00+00:00,167.975,159.19792861892475
2026-05-18 17:00:00+00:00,211.295,189.8594366914058
2026-05-18 18:00:00+00:00,247.88,183.99422349997639
2026-05-18 19:00:00+00:00,201.84,186.6067019491342
2026-05-18 20:00:00+00:00,161.6875,158.17870601430644
2026-05-18 21:00:00+00:00,152.925,157.34625233506648
2026-05-18 22:00:00+00:00,151.8425,125.27504386825798
2026-05-18 23:00:00+00:00,137.965,123.81534376485303
2026-05-19 00:00:00+00:00,136.95,140.95263329518735
2026-05-19 01:00:00+00:00,136.95,141.10928611967674
2026-05-19 02:00:00+00:00,149.745,146.46673595464418
2026-05-19 03:00:00+00:00,154.7925,163.35880030467558
2026-05-19 04:00:00+00:00,172.6725,145.15780847407635
2026-05-19 05:00:00+00:00,122.0725,136.61662341595954
2026-05-19 06:00:00+00:00,118.2575,102.69588674590011
2026-05-19 07:00:00+00:00,104.5,88.14230562831993
2026-05-19 08:00:00+00:00,85.115,65.41304926668343
2026-05-19 09:00:00+00:00,87.09,49.72876836741457
2026-05-19 10:00:00+00:00,78.2075,56.87746725574626
2026-05-19 11:00:00+00:00,78.58,54.02765483502071
2026-05-19 12:00:00+00:00,87.2975,57.10361200457437
2026-05-19 13:00:00+00:00,98.4975,78.71331869525022
2026-05-19 14:00:00+00:00,110.6325,97.4262743588035
2026-05-19 15:00:00+00:00,136.33249999999998,125.76460554980936
2026-05-19 16:00:00+00:00,182.5125,152.9369651356928
2026-05-19 17:00:00+00:00,175.98,198.95885562646444
2026-05-19 18:00:00+00:00,189.5125,178.7239207730021
2026-05-19 19:00:00+00:00,140.7725,165.32814895107666
2026-05-19 20:00:00+00:00,128.27,132.26728701918177
2026-05-19 21:00:00+00:00,142.95,124.32891926066803
2026-05-19 22:00:00+00:00,111.46,124.66746711240985
2026-05-19 23:00:00+00:00,106.87,105.23297555553044
2026-05-20 00:00:00+00:00,60.475,106.51774798401436
2026-05-20 01:00:00+00:00,13.14,86.19579017842614
2026-05-20 02:00:00+00:00,76.25,54.89324592696942
2026-05-20 03:00:00+00:00,105.3775,109.13184932855951
2026-05-20 04:00:00+00:00,78.14,113.15251093034476
2026-05-20 05:00:00+00:00,0.005,90.09715178312679
2026-05-20 06:00:00+00:00,0.0,1.8775893511631259
2026-05-20 07:00:00+00:00,-0.01,1.8097687451970896
2026-05-20 08:00:00+00:00,-0.08,2.3029627109135435
2026-05-20 09:00:00+00:00,-0.0075,1.8825504725590105
2026-05-20 10:00:00+00:00,0.0,2.1149472947900323
2026-05-20 11:00:00+00:00,0.0,1.6437879841649603
2026-05-20 12:00:00+00:00,0.0,1.6836278857846168
2026-05-20 13:00:00+00:00,0.0,9.957734505140436
2026-05-20 14:00:00+00:00,27.6375,33.47658687152929
2026-05-20 15:00:00+00:00,109.8975,81.06837241986001
2026-05-20 16:00:00+00:00,139.625,141.3434207087827
2026-05-20 17:00:00+00:00,159.585,157.518380738476
2026-05-20 18:00:00+00:00,193.155,168.69034986774975
2026-05-20 19:00:00+00:00,153.0625,161.6231105373641
2026-05-20 20:00:00+00:00,135.0075,129.97419982055453
2026-05-20 21:00:00+00:00,144.70749999999998,123.97667263290305
2026-05-20 22:00:00+00:00,127.465,123.20524304945175
2026-05-20 23:00:00+00:00,119.78,113.05240890036949
2026-05-21 00:00:00+00:00,116.41,118.97557172756201
2026-05-21 01:00:00+00:00,115.2375,115.36578496999918
2026-05-21 02:00:00+00:00,115.4325,116.18428570633154
2026-05-21 03:00:00+00:00,120.0,126.9248126596156
2026-05-21 04:00:00+00:00,116.29,126.96387883693119
2026-05-21 05:00:00+00:00,88.19,103.23418515363497
2026-05-21 06:00:00+00:00,26.59,77.98261573027592
2026-05-21 07:00:00+00:00,-0.005,18.940009957804197
2026-05-21 08:00:00+00:00,0.0,2.288797728265297
2026-05-21 09:00:00+00:00,0.0,2.369940186924365
2026-05-21 10:00:00+00:00,0.0,2.1790630831001856
2026-05-21 11:00:00+00:00,0.0,1.8405955151041942
2026-05-21 12:00:00+00:00,0.0075,1.8610548547804107
2026-05-21 13:00:00+00:00,1.13,7.829409572464076
2026-05-21 14:00:00+00:00,76.745,25.03069475456051
2026-05-21 15:00:00+00:00,106.255,96.28128749446878
2026-05-21 16:00:00+00:00,155.8425,126.10489201855444
2026-05-21 17:00:00+00:00,168.6925,168.070382681285
2026-05-21 18:00:00+00:00,208.795,181.29183344222724
2026-05-21 19:00:00+00:00,189.78,165.9732415924617
2026-05-21 20:00:00+00:00,163.515,153.05931287115192
2026-05-21 21:00:00+00:00,167.6325,142.32622343780324
2026-05-21 22:00:00+00:00,158.03750000000002,135.8197876591366
2026-05-21 23:00:00+00:00,140.2375,131.80565131113966
2026-05-22 00:00:00+00:00,132.6175,137.35726839794418
2026-05-22 01:00:00+00:00,132.9275,134.51206565244308
2026-05-22 02:00:00+00:00,136.765,131.22454720916926
2026-05-22 03:00:00+00:00,139.45,139.19378384055975
2026-05-22 04:00:00+00:00,142.4225,140.92500253204747
2026-05-22 05:00:00+00:00,104.465,132.01862781814953
2026-05-22 06:00:00+00:00,80.0525,89.13263874318312
2026-05-22 07:00:00+00:00,0.005,54.49577215031237
2026-05-22 08:00:00+00:00,0.0025,3.042419678076665
2026-05-22 09:00:00+00:00,0.1025,2.8860555765785687
2026-05-22 10:00:00+00:00,0.01,6.226318457269279
2026-05-22 11:00:00+00:00,0.6499999999999999,2.1557183439723526
2026-05-22 12:00:00+00:00,1.1,5.011437955909283
2026-05-22 13:00:00+00:00,22.2275,9.22506322045016
2026-05-22 14:00:00+00:00,77.2075,53.16958361976785
2026-05-22 15:00:00+00:00,114.1325,99.11498295832214
2026-05-22 16:00:00+00:00,136.79500000000002,143.37729426973615
2026-05-22 17:00:00+00:00,136.245,156.77562957285767
2026-05-22 18:00:00+00:00,120.89,155.90214265267704
2026-05-22 19:00:00+00:00,126.8975,146.27698516295496
2026-05-22 20:00:00+00:00,147.5,136.2298292541779
2026-05-22 21:00:00+00:00,166.36,132.1646072345002
2026-05-22 22:00:00+00:00,118.4675,142.3156792845997
2026-05-22 23:00:00+00:00,128.3725,115.20151190073834
2026-05-23 00:00:00+00:00,131.32,130.0810046304383
2026-05-23 01:00:00+00:00,129.79,129.1915039837898
2026-05-23 02:00:00+00:00,127.8325,129.95045653680785
2026-05-23 03:00:00+00:00,125.61,127.00513731134184
2026-05-23 04:00:00+00:00,90.07,129.23635686882432
2026-05-23 05:00:00+00:00,71.9275,88.20267235309622
2026-05-23 06:00:00+00:00,0.005,53.86506184313775
2026-05-23 07:00:00+00:00,-0.0025,1.6330107556436184
2026-05-23 08:00:00+00:00,-0.3325,1.5480613402012897
2026-05-23 09:00:00+00:00,-0.01,1.0038618461916147
2026-05-23 10:00:00+00:00,-0.01,1.2133210302574025
2026-05-23 11:00:00+00:00,-0.01,1.1321210302574025
2026-05-23 12:00:00+00:00,-0.01,1.2433269355901848
2026-05-23 13:00:00+00:00,-2.085,2.9557039343599096
2026-05-23 14:00:00+00:00,-0.27,29.76174802953274
2026-05-23 15:00:00+00:00,45.99,42.08547292395945
2026-05-23 16:00:00+00:00,135.4375,79.98405671183072
2026-05-23 17:00:00+00:00,157.38,145.66185121511649
2026-05-23 18:00:00+00:00,109.85,129.57266444388512
2026-05-23 19:00:00+00:00,119.655,105.54462393898892
2026-05-23 20:00:00+00:00,116.8225,127.8712709407104
2026-05-23 21:00:00+00:00,119.775,129.13545664208928
2026-05-23 22:00:00+00:00,115.0625,106.52908792393839
2026-05-23 23:00:00+00:00,119.5325,102.65569760109909
2026-05-24 00:00:00+00:00,118.27,114.54632076233503
2026-05-24 01:00:00+00:00,118.7275,112.46243892300721
2026-05-24 02:00:00+00:00,116.6125,112.91612298336031
2026-05-24 03:00:00+00:00,115.6075,108.36789309163935
2026-05-24 04:00:00+00:00,0.0,90.31359162299876
2026-05-24 05:00:00+00:00,-0.0025,1.6835850879383836
2026-05-24 06:00:00+00:00,-0.0325,1.334423968261724
2026-05-24 07:00:00+00:00,-4.2075,1.3119346182941904
2026-05-24 08:00:00+00:00,-3.5025,1.1597425938517516
2026-05-24 09:00:00+00:00,-5.0,1.3299656604512062
2026-05-24 10:00:00+00:00,-4.3675,1.2972235771178728
2026-05-24 11:00:00+00:00,-3.0075,1.2285075938517516
2026-05-24 12:00:00+00:00,-2.4425,1.2326367217952565
2026-05-24 13:00:00+00:00,-4.45,2.0959236860023096
2026-05-24 14:00:00+00:00,-1.95,21.794969722902838
2026-05-24 15:00:00+00:00,17.1825,37.354952939202875
2026-05-24 16:00:00+00:00,125.265,81.1244616076249
2026-05-24 17:00:00+00:00,137.64,145.04741036666954
2026-05-24 18:00:00+00:00,136.44,138.45386601285648
2026-05-24 19:00:00+00:00,114.6975,117.25736273364465
2026-05-24 20:00:00+00:00,120.9725,106.02954717501429
2026-05-24 21:00:00+00:00,120.24,104.00826875099379
2026-05-24 22:00:00+00:00,112.2025,103.12293882861408
2026-05-24 23:00:00+00:00,110.4225,98.02610966877741
2026-05-25 00:00:00+00:00,111.2,102.16723301128414
2026-05-25 01:00:00+00:00,110.305,102.57038680905136
2026-05-25 02:00:00+00:00,110.4075,103.64641155894851
2026-05-25 03:00:00+00:00,112.3825,110.84045731370783
2026-05-25 04:00:00+00:00,117.275,106.1270820975873
2026-05-25 05:00:00+00:00,65.2875,84.43805425645806
2026-05-25 06:00:00+00:00,0.005,47.73470159785445
2026-05-25 07:00:00+00:00,-0.005,2.5574178210130905
2026-05-25 08:00:00+00:00,-0.01,1.9409312236850746
2026-05-25 09:00:00+00:00,0.0,1.959351223685075
2026-05-25 10:00:00+00:00,0.0,1.8832849363977062
2026-05-25 11:00:00+00:00,0.0,1.8559086376964071
2026-05-25 12:00:00+00:00,0.0,2.020143726345872
2026-05-25 13:00:00+00:00,0.0,7.077317303256876
2026-05-25 14:00:00+00:00,16.482499999999998,20.297970964472526
2026-05-25 15:00:00+00:00,83.3825,55.457024190870754
2026-05-25 16:00:00+00:00,117.205,119.47053888240393
2026-05-25 17:00:00+00:00,128.3975,143.7095472459745
2026-05-25 18:00:00+00:00,130.04,153.2631412784153
2026-05-25 19:00:00+00:00,131.785,118.09836708276242
2026-05-25 20:00:00+00:00,158.14,116.60768625257792
2026-05-25 21:00:00+00:00,147.6625,133.47130090187625
2026-05-25 22:00:00+00:00,124.9525,123.66846365135407
2026-05-25 23:00:00+00:00,125.28,106.22165374262606
2026-05-26 00:00:00+00:00,124.3275,125.87085310865912
2026-05-26 01:00:00+00:00,125.1475,125.40050836418992
2026-05-26 02:00:00+00:00,122.7925,126.71701110098672
2026-05-26 03:00:00+00:00,132.345,135.29408148311674
2026-05-26 04:00:00+00:00,140.3075,137.50169843799034
2026-05-26 05:00:00+00:00,111.38,111.00196687584094
2026-05-26 06:00:00+00:00,2.5025,80.28546573848683
2026-05-26 07:00:00+00:00,0.0,6.100021927782319
2026-05-26 08:00:00+00:00,-0.005,1.5268180256636534
2026-05-26 09:00:00+00:00,0.0,1.459475773266549
2026-05-26 10:00:00+00:00,0.0,1.4701144901202496
2026-05-26 11:00:00+00:00,0.0,1.4956019901202497
2026-05-26 12:00:00+00:00,0.0,1.6455547419388123
2026-05-26 13:00:00+00:00,0.0,8.225507902465637
2026-05-26 14:00:00+00:00,27.8925,26.58290458020722
2026-05-26 15:00:00+00:00,99.91,58.60452693330062
2026-05-26 16:00:00+00:00,132.54250000000002,123.76072577228581
2026-05-26 17:00:00+00:00,141.0425,158.77794932700678
2026-05-26 18:00:00+00:00,154.675,161.06560921253714
2026-05-26 19:00:00+00:00,160.54500000000002,122.46718552452917
2026-05-26 20:00:00+00:00,135.36,143.95317143274113
2026-05-26 21:00:00+00:00,169.115,120.90772743787737
2026-05-26 22:00:00+00:00,125.54,131.40063785995952
2026-05-26 23:00:00+00:00,126.1025,106.86682765348849
2026-05-27 00:00:00+00:00,125.46,121.07413963810706
2026-05-27 01:00:00+00:00,124.92,121.20073625727305
2026-05-27 02:00:00+00:00,125.935,121.38803888526297
2026-05-27 03:00:00+00:00,131.3625,131.73604839444735
2026-05-27 04:00:00+00:00,119.2325,123.70457973292957
2026-05-27 05:00:00+00:00,108.6475,92.49486216633476
2026-05-27 06:00:00+00:00,6.25,76.45920089120655
2026-05-27 07:00:00+00:00,-0.0075,5.3084768878061706
2026-05-27 08:00:00+00:00,-0.01,1.766155258422865
2026-05-27 09:00:00+00:00,0.0,1.6049717856178918
2026-05-27 10:00:00+00:00,0.0,1.6120913484375277
2026-05-27 11:00:00+00:00,0.0,1.6375788484375275
2026-05-27 12:00:00+00:00,0.0,1.6489447537703088
2026-05-27 13:00:00+00:00,0.005,6.783040365680289
2026-05-27 14:00:00+00:00,40.98,21.169704536517347
2026-05-27 15:00:00+00:00,104.60750000000002,79.37000419691417
2026-05-27 16:00:00+00:00,177.3875,129.25109398568168
2026-05-27 17:00:00+00:00,228.53,171.5539556798377
2026-05-27 18:00:00+00:00,228.5325,210.40967862318212
2026-05-27 19:00:00+00:00,211.0075,189.1088431756763
2026-05-27 20:00:00+00:00,165.4875,163.18075696883832
2026-05-27 21:00:00+00:00,153.4525,152.30103769027863
2026-05-27 22:00:00+00:00,136.455,120.82197507262022
2026-05-27 23:00:00+00:00,131.8625,118.01816667714542
2026-05-28 00:00:00+00:00,130.6125,138.0885384588725
2026-05-28 01:00:00+00:00,131.7875,136.5699933370247
2026-05-28 02:00:00+00:00,133.20999999999998,136.50809427600677
2026-05-28 03:00:00+00:00,137.76749999999998,143.41671414801567
2026-05-28 04:00:00+00:00,141.14,137.49029853903366
2026-05-28 05:00:00+00:00,117.72,122.8413524050232
2026-05-28 06:00:00+00:00,87.7525,89.71876118331396
2026-05-28 07:00:00+00:00,0.005,52.87349926253677
2026-05-28 08:00:00+00:00,0.0,3.2952004310021175
2026-05-28 09:00:00+00:00,0.0,3.2421183224162586
2026-05-28 10:00:00+00:00,0.0025,3.2128308224162585
2026-05-28 11:00:00+00:00,0.0075,3.3494891557495925
2026-05-28 12:00:00+00:00,0.0125,2.801073262365332
2026-05-28 13:00:00+00:00,1.3,8.42083772967053
2026-05-28 14:00:00+00:00,41.0,28.072864490482583
2026-05-28 15:00:00+00:00,104.4575,80.39506502519949
2026-05-28 16:00:00+00:00,131.8225,138.13238353105532
2026-05-28 17:00:00+00:00,166.805,175.79475879388582
2026-05-28 18:00:00+00:00,164.175,194.2991204631309
2026-05-28 19:00:00+00:00,128.5625,152.15225552314752
2026-05-28 20:00:00+00:00,136.54,134.57686846151526
2026-05-28 21:00:00+00:00,128.375,124.15514590615454
2026-05-28 22:00:00+00:00,125.84,115.27487992942855
2026-05-28 23:00:00+00:00,126.04,113.54336614749725
2026-05-29 00:00:00+00:00,128.585,129.05742178050133
2026-05-29 01:00:00+00:00,127.115,129.3759533282049
2026-05-29 02:00:00+00:00,126.4575,128.8293252910713
2026-05-29 03:00:00+00:00,126.1375,136.6011362973757
2026-05-29 04:00:00+00:00,125.505,143.51329676756427
2026-05-29 05:00:00+00:00,91.3975,95.26873818209442
2026-05-29 06:00:00+00:00,0.0025,72.20220439440135
2026-05-29 07:00:00+00:00,-0.0025,1.0769984045708325
2026-05-29 08:00:00+00:00,0.0,1.1787902518901796
2026-05-29 09:00:00+00:00,0.0,1.6199690829514568
2026-05-29 10:00:00+00:00,0.0,1.6199690829514568
2026-05-29 11:00:00+00:00,0.0,1.3790619681039928
2026-05-29 12:00:00+00:00,0.0,1.1142202986371033
2026-05-29 13:00:00+00:00,0.0,6.753837340467759
2026-05-29 14:00:00+00:00,44.2725,23.817957653392014
2026-05-29 15:00:00+00:00,104.9125,76.16042517374815
2026-05-29 16:00:00+00:00,139.435,127.4756494680494
2026-05-29 17:00:00+00:00,150.98000000000002,174.35302767111708
2026-05-29 18:00:00+00:00,159.115,169.28431390289768
2026-05-29 19:00:00+00:00,156.53,139.3398138113351
2026-05-29 20:00:00+00:00,141.21,136.3551656431259
2026-05-29 21:00:00+00:00,136.9825,122.78337591561433
2026-05-29 22:00:00+00:00,170.8825,117.3619204975763
2026-05-29 23:00:00+00:00,168.34,142.1430600846948
2026-05-30 00:00:00+00:00,166.84,146.90676327624277
2026-05-30 01:00:00+00:00,163.9775,137.5790624076909
2026-05-30 02:00:00+00:00,132.6675,136.60087179228313
2026-05-30 03:00:00+00:00,131.1525,139.892697385171
2026-05-30 04:00:00+00:00,121.1075,131.11606367438714
2026-05-30 05:00:00+00:00,88.545,97.99538189344239
2026-05-30 06:00:00+00:00,4.79,59.39060522960612
2026-05-30 07:00:00+00:00,0.0,6.982612322191125
2026-05-30 08:00:00+00:00,-0.01,2.7551311300551204
2026-05-30 09:00:00+00:00,-0.005,1.8763849576048912
2026-05-30 10:00:00+00:00,-0.0425,2.1651975338009763
2026-05-30 11:00:00+00:00,-1.1675,1.8428656557846679
2026-05-30 12:00:00+00:00,-0.32,1.8804696400346195
2026-05-30 13:00:00+00:00,-0.01,6.070009935656869
2026-05-30 14:00:00+00:00,3.0075,27.579575354026037
2026-05-30 15:00:00+00:00,70.36500000000001,46.865170043596976
2026-05-30 16:00:00+00:00,157.0325,119.6694526637215
2026-05-30 17:00:00+00:00,175.715,160.35983641700392
2026-05-30 18:00:00+00:00,184.3675,171.49185533374387
2026-05-30 19:00:00+00:00,182.22,159.02148806227845
2026-05-30 20:00:00+00:00,155.0675,154.1673599164104
2026-05-30 21:00:00+00:00,148.32,124.33459648817879
2026-05-30 22:00:00+00:00,139.3275,139.05477438794455
2026-05-30 23:00:00+00:00,132.0475,136.84821672573537
2026-05-31 00:00:00+00:00,130.9325,152.84345330151828
2026-05-31 01:00:00+00:00,132.5075,148.3975303637961
2026-05-31 02:00:00+00:00,134.995,138.83795072682824
2026-05-31 03:00:00+00:00,130.855,143.61286246406732
2026-05-31 04:00:00+00:00,120.0275,126.42487920018982
2026-05-31 05:00:00+00:00,103.8675,93.74996253103653
2026-05-31 06:00:00+00:00,44.4675,73.00113274011065
2026-05-31 07:00:00+00:00,0.0,37.32911480358307
2026-05-31 08:00:00+00:00,-0.0075,2.9065463052570686
2026-05-31 09:00:00+00:00,0.0,2.822814657293165
2026-05-31 10:00:00+00:00,-0.005,2.784325953016757
2026-05-31 11:00:00+00:00,-0.01,2.474453403359385
2026-05-31 12:00:00+00:00,-0.01,2.5174555266408842
2026-05-31 13:00:00+00:00,0.0,6.021186867765104
2026-05-31 14:00:00+00:00,53.485,27.75964376248181
2026-05-31 15:00:00+00:00,104.1,73.79454205819191
2026-05-31 16:00:00+00:00,137.735,133.0728488741857
2026-05-31 17:00:00+00:00,147.495,162.83797233324302
2026-05-31 18:00:00+00:00,146.605,163.10046386584767
2026-05-31 19:00:00+00:00,143.905,147.5248171737514
2026-05-31 20:00:00+00:00,155.1275,142.09317402177362
2026-05-31 21:00:00+00:00,139.28,133.42333962749947
2026-05-31 22:00:00+00:00,136.3075,123.93544215983736
2026-05-31 23:00:00+00:00,133.35500000000002,120.2592625856475
2026-06-01 00:00:00+00:00,128.74,133.4309733768962
2026-06-01 01:00:00+00:00,126.45,131.06205195220602
2026-06-01 02:00:00+00:00,125.1525,130.82046892585893
2026-06-01 03:00:00+00:00,135.6025,133.1369011480984
2026-06-01 04:00:00+00:00,146.38,140.88156660243965
2026-06-01 05:00:00+00:00,130.6575,138.63585050739914
2026-06-01 06:00:00+00:00,83.8775,127.901723302323
2026-06-01 07:00:00+00:00,0.0025,59.85005537095567
2026-06-01 08:00:00+00:00,0.0,40.14272762011118
2026-06-01 09:00:00+00:00,0.0,40.58257762011118
2026-06-01 10:00:00+00:00,0.0,40.93202762011118
2026-06-01 11:00:00+00:00,0.0,40.14282762011118
2026-06-01 12:00:00+00:00,0.005,40.258501742918185
2026-06-01 13:00:00+00:00,11.0025,45.95513105185193
2026-06-01 14:00:00+00:00,110.3975,57.89627190405608
2026-06-01 15:00:00+00:00,134.85000000000002,115.3917502552776
2026-06-01 16:00:00+00:00,158.4325,155.54346231912947
2026-06-01 17:00:00+00:00,134.5325,161.36244920235904
2026-06-01 18:00:00+00:00,155.075,158.09600323724365
2026-06-01 19:00:00+00:00,170.0,139.69509683890442
2026-06-01 20:00:00+00:00,155.055,147.54230742031626
2026-06-01 21:00:00+00:00,154.9775,139.88417609054554
2026-06-01 22:00:00+00:00,139.76999999999998,136.06394943637773
2026-06-01 23:00:00+00:00,136.3,122.70325930687757
2026-06-02 00:00:00+00:00,132.865,140.11677026564195
2026-06-02 01:00:00+00:00,129.1225,138.81745657361895
2026-06-02 02:00:00+00:00,128.9525,136.4466132423129
2026-06-02 03:00:00+00:00,132.65,143.2555216688939
2026-06-02 04:00:00+00:00,138.96,159.37100719615486
2026-06-02 05:00:00+00:00,120.975,148.75220503595364
2026-06-02 06:00:00+00:00,91.835,124.27067346540657
2026-06-02 07:00:00+00:00,0.005,83.45382401728895
2026-06-02 08:00:00+00:00,0.005,42.57565656044105
2026-06-02 09:00:00+00:00,0.01,42.57565656044105
2026-06-02 10:00:00+00:00,0.01,42.57565656044105
2026-06-02 11:00:00+00:00,0.01,42.57565656044105
2026-06-02 12:00:00+00:00,0.01,42.57565656044105
2026-06-02 13:00:00+00:00,36.5075,46.25258464772121
2026-06-02 14:00:00+00:00,113.1875,73.80868674884978
2026-06-02 15:00:00+00:00,123.33,124.71912693425027
2026-06-02 16:00:00+00:00,148.38,147.97553751447137
2026-06-02 17:00:00+00:00,162.12,165.0408925457818
2026-06-02 18:00:00+00:00,162.4825,171.22834805798684
2026-06-02 19:00:00+00:00,143.305,139.79342207398244
2026-06-02 20:00:00+00:00,137.5325,141.5795229130527
2026-06-02 21:00:00+00:00,133.085,145.67924025247768
2026-06-02 22:00:00+00:00,125.415,118.30624212234157
2026-06-02 23:00:00+00:00,117.31,116.88597445584927
2026-06-03 00:00:00+00:00,115.1175,127.26748107018477
2026-06-03 01:00:00+00:00,113.9525,124.83351669536937
2026-06-03 02:00:00+00:00,114.4425,124.13798220159704
2026-06-03 03:00:00+00:00,120.495,126.99868118596142
2026-06-03 04:00:00+00:00,138.2775,135.75180631817358
2026-06-03 05:00:00+00:00,122.53,143.63026376484353
2026-06-03 06:00:00+00:00,93.7375,125.00126557045216
2026-06-03 07:00:00+00:00,12.505,85.29407323666418
2026-06-03 08:00:00+00:00,0.0025,47.69362221789216
2026-06-03 09:00:00+00:00,1.31,41.94621674116394
2026-06-03 10:00:00+00:00,0.01,44.77658401080894
2026-06-03 11:00:00+00:00,0.01,41.94621674116394
2026-06-03 12:00:00+00:00,0.01,41.94621674116394
2026-06-03 13:00:00+00:00,0.0125,46.8157523400289
2026-06-03 14:00:00+00:00,48.3625,74.91652424242422
2026-06-03 15:00:00+00:00,114.08,88.9865791075473
2026-06-03 16:00:00+00:00,130.3225,150.7762044336098
2026-06-03 17:00:00+00:00,140.0075,170.0635825996702
2026-06-03 18:00:00+00:00,147.51,168.3978342237959
2026-06-03 19:00:00+00:00,141.535,124.22059733523625
2026-06-03 20:00:00+00:00,129.545,124.92963594512139
2026-06-03 21:00:00+00:00,130.87,112.75858301937734
2026-06-03 22:00:00+00:00,116.235,111.31185745850306
2026-06-03 23:00:00+00:00,116.245,112.07426702958537
2026-06-04 00:00:00+00:00,87.2525,120.7406316978931
2026-06-04 01:00:00+00:00,109.97,99.62394075956749
2026-06-04 02:00:00+00:00,107.5225,114.49153194473458
2026-06-04 03:00:00+00:00,90.1375,122.11893621450514
2026-06-04 04:00:00+00:00,113.9725,121.13374105835794
2026-06-04 05:00:00+00:00,99.56,122.25051692680263
2026-06-04 06:00:00+00:00,80.24000000000001,102.96548315919418
2026-06-04 07:00:00+00:00,34.25,76.08753759827552
2026-06-04 08:00:00+00:00,9.94,37.81001832555706
2026-06-04 09:00:00+00:00,16.0,34.638855826431524
2026-06-04 10:00:00+00:00,15.9975,30.095602038542896
2026-06-04 11:00:00+00:00,25.945,29.652888620051414
2026-06-04 12:00:00+00:00,28.6,31.97332737369191
2026-06-04 13:00:00+00:00,9.975,42.87735975559453
2026-06-04 14:00:00+00:00,31.995,56.8710746830867
2026-06-04 15:00:00+00:00,84.61500000000001,78.23295843253966
2026-06-04 16:00:00+00:00,123.5175,117.97323423115087
2026-06-04 17:00:00+00:00,164.4325,143.65613513331448
2026-06-04 18:00:00+00:00,193.1775,157.32222101780343
2026-06-04 19:00:00+00:00,179.79,153.44739301094046
2026-06-04 20:00:00+00:00,170.6225,144.79352885666336
2026-06-04 21:00:00+00:00,175.185,139.40321660355426
2026-06-04 22:00:00+00:00,119.435,135.56668324085297
2026-06-04 23:00:00+00:00,124.1075,113.90367135817094
2026-06-05 00:00:00+00:00,113.2975,124.35534430348194
2026-06-05 01:00:00+00:00,120.17,114.53205374441255
2026-06-05 02:00:00+00:00,125.575,122.07418188049199
2026-06-05 03:00:00+00:00,168.335,127.71885807542446
2026-06-05 04:00:00+00:00,144.755,147.07146154818042
2026-06-05 05:00:00+00:00,125.17,139.70250643281116
2026-06-05 06:00:00+00:00,115.12,125.24318676146004
2026-06-05 07:00:00+00:00,97.8725,118.3512148903035
2026-06-05 08:00:00+00:00,88.87,97.86808745825476
2026-06-05 09:00:00+00:00,72.565,82.16265238152741
2026-06-05 10:00:00+00:00,54.85,63.559264057550074
2026-06-05 11:00:00+00:00,43.34,55.36705172544127
2026-06-05 12:00:00+00:00,32.0625,51.589069853544444
2026-06-05 13:00:00+00:00,46.4875,43.56025839594924
2026-06-05 14:00:00+00:00,78.76,55.27034425279815
2026-06-05 15:00:00+00:00,117.2375,88.88253979664542
2026-06-05 16:00:00+00:00,142.61,127.7561270599007
2026-06-05 17:00:00+00:00,157.5125,164.82018367710663
2026-06-05 18:00:00+00:00,179.0,167.3597793822276
2026-06-05 19:00:00+00:00,176.5425,147.43134905720333
2026-06-05 20:00:00+00:00,162.085,144.901956931293
2026-06-05 21:00:00+00:00,146.8275,140.93020264598218
2026-06-05 22:00:00+00:00,143.2025,122.63977834250453
2026-06-05 23:00:00+00:00,135.7225,124.2906481249729
2026-06-06 00:00:00+00:00,136.315,138.1429897469192
2026-06-06 01:00:00+00:00,117.74,139.21444874015657
2026-06-06 02:00:00+00:00,139.23,124.58650910299468
2026-06-06 03:00:00+00:00,129.4225,149.6234034188522
2026-06-06 04:00:00+00:00,108.48,142.90720194372219
2026-06-06 05:00:00+00:00,84.5775,120.33523216608893
2026-06-06 06:00:00+00:00,31.775,89.33675215824898
2026-06-06 07:00:00+00:00,0.5025,44.84379091506928
2026-06-06 08:00:00+00:00,0.0,43.52680084505502
2026-06-06 09:00:00+00:00,0.01,42.872254041559984
2026-06-06 10:00:00+00:00,0.0,42.74388029704923
2026-06-06 11:00:00+00:00,0.0,41.234330907830596
2026-06-06 12:00:00+00:00,0.0125,41.029055907830596
2026-06-06 13:00:00+00:00,4.935,46.40668885963672
2026-06-06 14:00:00+00:00,49.8275,77.89624697330443
2026-06-06 15:00:00+00:00,83.8075,90.89968698442739
2026-06-06 16:00:00+00:00,128.8725,126.59840606795869
2026-06-06 17:00:00+00:00,131.4875,167.21817670871104
2026-06-06 18:00:00+00:00,133.935,166.3995071530343
2026-06-06 19:00:00+00:00,137.54,143.46909713312573
2026-06-06 20:00:00+00:00,131.81,146.1048843250678
2026-06-06 21:00:00+00:00,138.0075,123.44247785597085
2026-06-06 22:00:00+00:00,123.375,125.41033351821092
2026-06-06 23:00:00+00:00,115.435,117.1830749259584
2026-06-07 00:00:00+00:00,111.685,128.02150156869467
2026-06-07 01:00:00+00:00,113.15,117.35824758784455
2026-06-07 02:00:00+00:00,95.07,130.82769033994808
2026-06-07 03:00:00+00:00,56.6425,117.35796411169666
2026-06-07 04:00:00+00:00,20.9475,84.3453011428189
2026-06-07 05:00:00+00:00,0.46,42.83716962959372
2026-06-07 06:00:00+00:00,-0.0075,41.1178640842089
2026-06-07 07:00:00+00:00,-2.6475,38.53838231001933
2026-06-07 08:00:00+00:00,-4.995,38.865032678201146
2026-06-07 09:00:00+00:00,-1.73,41.20810657147598
2026-06-07 10:00:00+00:00,-1.0,41.18310657147598
2026-06-07 11:00:00+00:00,-1.9075,38.89298267820115
2026-06-07 12:00:00+00:00,-1.5074999999999998,38.78113267820115
2026-06-07 13:00:00+00:00,-4.6725,44.24392323754572
2026-06-07 14:00:00+00:00,-0.2825,67.89945444417471
2026-06-07 15:00:00+00:00,29.6975,80.21987531385275
2026-06-07 16:00:00+00:00,104.855,81.74100291666666
2026-06-07 17:00:00+00:00,117.3075,131.74485972772365
2026-06-07 18:00:00+00:00,120.19,133.68012298947085
2026-06-07 19:00:00+00:00,128.67000000000002,116.77392489984226
2026-06-07 20:00:00+00:00,136.86,113.19048479645083
2026-06-07 21:00:00+00:00,132.985,121.91415313465708
2026-06-07 22:00:00+00:00,136.7275,114.59663485655261
2026-06-07 23:00:00+00:00,130.06,116.83221124324069
2026-06-08 00:00:00+00:00,121.61,137.07909517752663
2026-06-08 01:00:00+00:00,117.4475,124.30562193168835
2026-06-08 02:00:00+00:00,116.59,124.20285346754666
2026-06-08 03:00:00+00:00,115.68,130.40243227091673
2026-06-08 04:00:00+00:00,124.6775,133.7532369892172
2026-06-08 05:00:00+00:00,81.4175,136.67969605542777
2026-06-08 06:00:00+00:00,48.58,80.78767905077535
2026-06-08 07:00:00+00:00,-0.01,42.48816847535467
2026-06-08 08:00:00+00:00,-0.01,43.24974586212855
2026-06-08 09:00:00+00:00,-0.01,43.38286779313466
2026-06-08 10:00:00+00:00,-0.005,46.28444632529896
2026-06-08 11:00:00+00:00,5.6425,43.38286779313466
2026-06-08 12:00:00+00:00,56.6525,53.01714683279345
2026-06-08 13:00:00+00:00,72.27,60.28191143379943
2026-06-08 14:00:00+00:00,98.8225,84.65390261170958
2026-06-08 15:00:00+00:00,125.0025,114.47790675795322
2026-06-08 16:00:00+00:00,157.235,136.93381967030143
2026-06-08 17:00:00+00:00,172.3275,161.72716860422946
2026-06-08 18:00:00+00:00,171.8375,168.82062401676177
2026-06-08 19:00:00+00:00,157.65,149.33546674520036
2026-06-08 20:00:00+00:00,137.435,147.92744759197976
2026-06-08 21:00:00+00:00,142.5325,122.21246845861123
2026-06-08 22:00:00+00:00,161.215,123.22345076621554
2026-06-08 23:00:00+00:00,129.3225,139.50545209382045
2026-06-09 00:00:00+00:00,136.5225,138.8192574135145
2026-06-09 01:00:00+00:00,131.8625,140.84277321621374
2026-06-09 02:00:00+00:00,148.84,137.89278243638628
2026-06-09 03:00:00+00:00,133.4075,144.99526473628546
2026-06-09 04:00:00+00:00,137.9975,152.31471100306075
2026-06-09 05:00:00+00:00,140.7875,143.07861589455456
2026-06-09 06:00:00+00:00,79.80499999999999,137.6174580905893
2026-06-09 07:00:00+00:00,3.1875,63.711033061562986
2026-06-09 08:00:00+00:00,-0.0075,45.64623288256842
2026-06-09 09:00:00+00:00,56.2825,42.96857522869083
2026-06-09 10:00:00+00:00,34.7475,58.420682438157236
2026-06-09 11:00:00+00:00,37.325,40.70818696642088
2026-06-09 12:00:00+00:00,41.27,55.97938142344324
2026-06-09 13:00:00+00:00,68.43,60.53679614783205
2026-06-09 14:00:00+00:00,93.015,89.74260778702654
2026-06-09 15:00:00+00:00,136.2,115.89913411546135
2026-06-09 16:00:00+00:00,161.2275,166.4488542474188
2026-06-09 17:00:00+00:00,184.515,183.588011220568
2026-06-09 18:00:00+00:00,196.785,192.54866806736686
2026-06-09 19:00:00+00:00,189.1125,156.48219670599272
2026-06-09 20:00:00+00:00,174.64,149.69418530243206
2026-06-09 21:00:00+00:00,170.635,146.08950195712742
2026-06-09 22:00:00+00:00,130.86249999999998,143.47478351309528
2026-06-09 23:00:00+00:00,121.7025,111.46530699804414
2026-06-10 00:00:00+00:00,117.3275,130.1934650823414
2026-06-10 01:00:00+00:00,119.935,127.52847390505795
2026-06-10 02:00:00+00:00,122.2675,139.77187164185642
2026-06-10 03:00:00+00:00,126.485,133.15229798574583
2026-06-10 04:00:00+00:00,138.4175,139.92792607635826
2026-06-10 05:00:00+00:00,118.29,153.78520330037253
2026-06-10 06:00:00+00:00,36.8575,119.84334153125836
2026-06-10 07:00:00+00:00,0.0,50.697376795140315
2026-06-10 08:00:00+00:00,-0.01,42.57626842685116
2026-06-10 09:00:00+00:00,0.0025,43.77462389182888
2026-06-10 10:00:00+00:00,19.2325,42.887676378828566
2026-06-10 11:00:00+00:00,61.9125,31.459813415984172
2026-06-10 12:00:00+00:00,81.72,64.63181929878415
2026-06-10 13:00:00+00:00,78.1825,78.76508015462242
2026-06-10 14:00:00+00:00,113.0575,84.46534450580327
2026-06-10 15:00:00+00:00,136.82,126.18493807801126
2026-06-10 16:00:00+00:00,156.6275,168.90473920555556
2026-06-10 17:00:00+00:00,167.2575,185.6053706843519
2026-06-10 18:00:00+00:00,180.0,192.83948097032993
2026-06-10 19:00:00+00:00,173.105,153.02217650872194
2026-06-10 20:00:00+00:00,155.2025,146.37873117278235
2026-06-10 21:00:00+00:00,144.2275,144.55319488888586
2026-06-10 22:00:00+00:00,128.7775,124.86535676352152
2026-06-10 23:00:00+00:00,122.0525,118.29252718576349
2026-06-11 00:00:00+00:00,118.36,121.2943210105812
2026-06-11 01:00:00+00:00,119.84,121.40289183893111
2026-06-11 02:00:00+00:00,120.4875,122.93079756396467
2026-06-11 03:00:00+00:00,118.6075,128.14563690068704
2026-06-11 04:00:00+00:00,123.38,133.4628799645043
2026-06-11 05:00:00+00:00,121.2475,126.50748908589345
2026-06-11 06:00:00+00:00,106.55,124.00456595561113
2026-06-11 07:00:00+00:00,64.38,108.17061564307376
2026-06-11 08:00:00+00:00,36.5975,59.18784993699004
2026-06-11 09:00:00+00:00,35.9375,51.81321902599091
2026-06-11 10:00:00+00:00,33.47,50.54008018431293
2026-06-11 11:00:00+00:00,25.08,40.04638922078535
2026-06-11 12:00:00+00:00,24.2325,39.25429079942435
2026-06-11 13:00:00+00:00,40.9475,54.28495837065224
2026-06-11 14:00:00+00:00,81.3675,71.55560101926011
2026-06-11 15:00:00+00:00,109.9775,102.60444919814324
2026-06-11 16:00:00+00:00,137.0025,139.16512051066914
2026-06-11 17:00:00+00:00,160.0025,169.1738714274136
2026-06-11 18:00:00+00:00,160.12,178.36669854504885
2026-06-11 19:00:00+00:00,158.4775,140.74863609709115
2026-06-11 20:00:00+00:00,135.565,145.31117691549204
2026-06-11 21:00:00+00:00,135.4025,121.72870834744649
2026-06-11 22:00:00+00:00,148.1275,121.50034188467815
2026-06-11 23:00:00+00:00,131.79250000000002,123.53468578596664
2026-06-12 00:00:00+00:00,124.4875,129.92956753689904
2026-06-12 01:00:00+00:00,118.375,125.87041698535373
2026-06-12 02:00:00+00:00,110.4775,123.07272135986733
2026-06-12 03:00:00+00:00,130.7975,123.42192811372243
2026-06-12 04:00:00+00:00,138.495,145.28410747255543
2026-06-12 05:00:00+00:00,129.0725,144.47818623198648
2026-06-12 06:00:00+00:00,123.9425,129.6209270338281
2026-06-12 07:00:00+00:00,103.9625,123.49104776473702
2026-06-12 08:00:00+00:00,95.4375,106.8887929804763
2026-06-12 09:00:00+00:00,97.8625,93.60580729441419
2026-06-12 10:00:00+00:00,88.77250000000001,96.59271665115408
2026-06-12 11:00:00+00:00,77.97749999999999,83.6247780570482
2026-06-12 12:00:00+00:00,110.02,75.00117046064847
2026-06-12 13:00:00+00:00,124.98,112.02834739499345
2026-06-12 14:00:00+00:00,83.4775,121.85759769367576
2026-06-12 15:00:00+00:00,114.1825,98.00972891000661
2026-06-12 16:00:00+00:00,126.105,129.3737986129632
2026-06-12 17:00:00+00:00,138.1875,149.63787793767958
2026-06-12 18:00:00+00:00,131.085,151.85013562176238
2026-06-12 19:00:00+00:00,123.95,136.98628663911126
2026-06-12 20:00:00+00:00,117.8575,122.65444434423902
2026-06-12 21:00:00+00:00,104.9675,119.89732897539533
2026-06-12 22:00:00+00:00,95.0525,124.31760762949685
2026-06-12 23:00:00+00:00,83.8425,113.03803683155216
2026-06-13 00:00:00+00:00,73.39,97.25220636925633
2026-06-13 01:00:00+00:00,79.68,95.3907893992614
2026-06-13 02:00:00+00:00,76.9425,92.62759514196652
2026-06-13 03:00:00+00:00,63.27,103.59019296269797
2026-06-13 04:00:00+00:00,35.3825,91.82698292284775
2026-06-13 05:00:00+00:00,13.655,53.45920585854324
2026-06-13 06:00:00+00:00,-0.025,70.1897353849032
2026-06-13 07:00:00+00:00,-1.1075,42.72558061287047
2026-06-13 08:00:00+00:00,-4.9175,43.600269375990926
2026-06-13 09:00:00+00:00,-7.9975,43.918463973060504
2026-06-13 10:00:00+00:00,-4.575,42.20984017269423
2026-06-13 11:00:00+00:00,-5.05,42.11986144087537
2026-06-13 12:00:00+00:00,-9.6325,42.1614520040501
2026-06-13 13:00:00+00:00,-24.9675,54.99843437998398
2026-06-13 14:00:00+00:00,-6.0,73.31442090909087
2026-06-13 15:00:00+00:00,10.0475,77.92456257575758
2026-06-13 16:00:00+00:00,91.625,85.64363785714289
2026-06-13 17:00:00+00:00,114.0725,122.18629503339885
2026-06-13 18:00:00+00:00,126.3075,127.9349660946215
2026-06-13 19:00:00+00:00,122.0075,112.8267589490039
2026-06-13 20:00:00+00:00,130.96249999999998,113.14228646675758
2026-06-13 21:00:00+00:00,140.4775,114.19359443411071
2026-06-13 22:00:00+00:00,129.12,117.92427424672184
2026-06-13 23:00:00+00:00,119.12,112.54796444938125
2026-06-14 00:00:00+00:00,113.6725,115.76902398488001
2026-06-14 01:00:00+00:00,106.09,115.12640842096359
2026-06-14 02:00:00+00:00,93.8775,106.15081410786841
2026-06-14 03:00:00+00:00,59.14,84.02691369492848
2026-06-14 04:00:00+00:00,15.63,58.72358422237322
2026-06-14 05:00:00+00:00,0.4599999999999999,22.3525073099475
2026-06-14 06:00:00+00:00,-0.3475,40.46743337688892
2026-06-14 07:00:00+00:00,-2.8325,38.24858267820114
2026-06-14 08:00:00+00:00,-4.6175,38.55778267820115
2026-06-14 09:00:00+00:00,-6.1275,38.90723267820115
2026-06-14 10:00:00+00:00,-3.5,38.90723267820115
2026-06-14 11:00:00+00:00,-6.3,38.90723267820115
2026-06-14 12:00:00+00:00,-5.3,38.12338267820114
2026-06-14 13:00:00+00:00,-7.814999999999999,43.88519318950895
2026-06-14 14:00:00+00:00,-1.535,67.28531411836019
2026-06-14 15:00:00+00:00,4.08,67.87672674242427
2026-06-14 16:00:00+00:00,154.4325,81.16424001355304
2026-06-14 17:00:00+00:00,146.08249999999998,134.01078824419642
2026-06-14 18:00:00+00:00,142.97,144.18963557629706
2026-06-14 19:00:00+00:00,138.5775,124.93780630263284
2026-06-14 20:00:00+00:00,115.055,124.52077007682605
2026-06-14 21:00:00+00:00,134.81,120.5079509890522
2026-06-14 22:00:00+00:00,106.99,120.34802336575973
2026-06-14 23:00:00+00:00,94.875,117.78480847853103
2026-06-15 00:00:00+00:00,99.595,114.85906446723702
2026-06-15 01:00:00+00:00,110.0,116.1233432281606
2026-06-15 02:00:00+00:00,106.89,116.85230928531159
2026-06-15 03:00:00+00:00,122.75,110.76160602379599
2026-06-15 04:00:00+00:00,120.87,135.63885957526844
2026-06-15 05:00:00+00:00,113.2875,123.37289539719181
2026-06-15 06:00:00+00:00,82.0075,114.02871563141753
2026-06-15 07:00:00+00:00,10.07,60.932343315866156
2026-06-15 08:00:00+00:00,1.485,50.64680690822128
2026-06-15 09:00:00+00:00,7.455,46.616817138147745
2026-06-15 10:00:00+00:00,6.44,51.237185901810165
2026-06-15 11:00:00+00:00,5.605,52.255750220554475
2026-06-15 12:00:00+00:00,6.64,53.73778995794385
2026-06-15 13:00:00+00:00,11.1325,55.11138185478537
2026-06-15 14:00:00+00:00,38.225,57.2578920864167
2026-06-15 15:00:00+00:00,109.755,64.53008085155331
2026-06-15 16:00:00+00:00,163.1225,149.7913240642004
2026-06-15 17:00:00+00:00,143.8525,188.16495244268364
2026-06-15 18:00:00+00:00,163.7225,167.3094265524239
2026-06-15 19:00:00+00:00,160.0325,151.85725066980206
2026-06-15 20:00:00+00:00,153.7925,135.28683914808383
2026-06-15 21:00:00+00:00,143.325,137.83709149463556
2026-06-15 22:00:00+00:00,137.41750000000002,121.5888666016846
2026-06-15 23:00:00+00:00,120.685,115.28267696622316
2026-06-16 00:00:00+00:00,115.68,124.26829031706804
2026-06-16 01:00:00+00:00,115.31,118.88794606221865
2026-06-16 02:00:00+00:00,115.5125,124.86359929635447
2026-06-16 03:00:00+00:00,122.06,126.66100834056482
2026-06-16 04:00:00+00:00,127.9925,129.99455393172636
2026-06-16 05:00:00+00:00,131.695,136.70706301591463
2026-06-16 06:00:00+00:00,112.605,131.07735018685875
2026-06-16 07:00:00+00:00,64.49000000000001,112.26538291024077
2026-06-16 08:00:00+00:00,37.5525,57.67784067195294
2026-06-16 09:00:00+00:00,22.2225,49.34380785787889
2026-06-16 10:00:00+00:00,37.43,35.070197822528264
2026-06-16 11:00:00+00:00,26.8675,52.03978796332559
2026-06-16 12:00:00+00:00,36.4575,39.69567837393219
2026-06-16 13:00:00+00:00,54.307500000000005,56.39879351510317
2026-06-16 14:00:00+00:00,83.52250000000001,66.1325687496757
2026-06-16 15:00:00+00:00,117.7725,102.50111064110955
2026-06-16 16:00:00+00:00,134.93,158.74514463545162
2026-06-16 17:00:00+00:00,129.77,163.1373391184427
2026-06-16 18:00:00+00:00,138.64249999999998,166.34936733416987
2026-06-16 19:00:00+00:00,127.6825,145.78592584193478
2026-06-16 20:00:00+00:00,154.7525,144.0115920715274
2026-06-16 21:00:00+00:00,156.6025,139.72063360615013
2026-06-16 22:00:00+00:00,154.03,137.8721053260132
2026-06-16 23:00:00+00:00,136.0125,132.44967349042616
2026-06-17 00:00:00+00:00,129.91750000000002,133.17368518657136
2026-06-17 01:00:00+00:00,128.29500000000002,129.2317407185403
2026-06-17 02:00:00+00:00,128.5075,129.23280313358438
2026-06-17 03:00:00+00:00,129.3725,134.28273190513656
2026-06-17 04:00:00+00:00,143.1375,148.49969212852395
2026-06-17 05:00:00+00:00,138.6825,150.29345646336435
2026-06-17 06:00:00+00:00,122.4475,133.80281689782078
2026-06-17 07:00:00+00:00,95.9175,125.63818129631395
2026-06-17 08:00:00+00:00,64.64,94.6608332892096
2026-06-17 09:00:00+00:00,72.2775,57.958100175065056
2026-06-17 10:00:00+00:00,65.7525,68.01085608152003
2026-06-17 11:00:00+00:00,51.23,70.97083407007429
2026-06-17 12:00:00+00:00,62.3425,61.65479165084815
2026-06-17 13:00:00+00:00,75.3125,70.15474813188041
2026-06-17 14:00:00+00:00,90.635,85.73499891678844
2026-06-17 15:00:00+00:00,116.925,108.92422936302839
2026-06-17 16:00:00+00:00,161.8275,133.63220500512273
2026-06-17 17:00:00+00:00,164.34,162.12264357009633
2026-06-17 18:00:00+00:00,167.1975,155.7396170045846
2026-06-17 19:00:00+00:00,162.5775,141.35146893317295
2026-06-17 20:00:00+00:00,158.60750000000002,147.65407543984512
2026-06-17 21:00:00+00:00,143.45749999999998,147.1266251514955
2026-06-17 22:00:00+00:00,136.845,135.78254360069218
2026-06-17 23:00:00+00:00,126.7525,122.27910677207633
2026-06-18 00:00:00+00:00,122.745,129.7746797213489
2026-06-18 01:00:00+00:00,121.1975,128.31592571882072
2026-06-18 02:00:00+00:00,120.785,128.39892080925247
2026-06-18 03:00:00+00:00,122.33,131.3064559701385
2026-06-18 04:00:00+00:00,118.7175,139.08820148812106
2026-06-18 05:00:00+00:00,47.7175,133.5519018648473
2026-06-18 06:00:00+00:00,2.745,86.7764647204398
2026-06-18 07:00:00+00:00,-0.01,47.695463034113985
2026-06-18 08:00:00+00:00,-0.01,43.14817694522696
2026-06-18 09:00:00+00:00,-0.01,45.51061334034327
2026-06-18 10:00:00+00:00,-0.01,45.814406854399486
2026-06-18 11:00:00+00:00,-0.01,43.113803727268056
2026-06-18 12:00:00+00:00,-0.01,42.648064660879385
2026-06-18 13:00:00+00:00,-0.01,54.70712471611722
2026-06-18 14:00:00+00:00,16.459999999999997,76.95240452020198
2026-06-18 15:00:00+00:00,102.235,84.79967688810015
2026-06-18 16:00:00+00:00,136.0875,136.21153354782837
2026-06-18 17:00:00+00:00,129.9025,173.6274760132494
2026-06-18 18:00:00+00:00,130.16750000000002,166.53256157747094
2026-06-18 19:00:00+00:00,117.1325,138.58701386873128
2026-06-18 20:00:00+00:00,137.57999999999998,131.28413715917117
2026-06-18 21:00:00+00:00,154.5275,125.92646053795397
2026-06-18 22:00:00+00:00,125.2975,137.00576671705107
2026-06-18 23:00:00+00:00,123.02,113.06515235555364
2026-06-19 00:00:00+00:00,125.8525,124.21474644602156
2026-06-19 01:00:00+00:00,121.4525,125.86960562625873
2026-06-19 02:00:00+00:00,120.565,122.7812831641688
2026-06-19 03:00:00+00:00,119.56,127.54641630962111
2026-06-19 04:00:00+00:00,108.4075,126.75332346311338
2026-06-19 05:00:00+00:00,58.9625,116.07296200985715
2026-06-19 06:00:00+00:00,3.0575,59.70797470520785
2026-06-19 07:00:00+00:00,-0.01,47.1333355949897
2026-06-19 08:00:00+00:00,-0.01,43.083699734810544
2026-06-19 09:00:00+00:00,-0.01,43.083699734810544
2026-06-19 10:00:00+00:00,-0.01,45.86777743641008
2026-06-19 11:00:00+00:00,-0.01,43.36254973481054
2026-06-19 12:00:00+00:00,-0.01,42.81856741642303
2026-06-19 13:00:00+00:00,-0.01,49.60172427124584
2026-06-19 14:00:00+00:00,36.155,65.78853494682023
2026-06-19 15:00:00+00:00,107.6825,71.74863158279221
2026-06-19 16:00:00+00:00,127.645,126.30088667259054
2026-06-19 17:00:00+00:00,129.67,142.4558896669225
2026-06-19 18:00:00+00:00,131.5925,143.15716300705452
2026-06-19 19:00:00+00:00,123.9275,115.94013662074413
2026-06-19 20:00:00+00:00,143.495,113.18380318331887
2026-06-19 21:00:00+00:00,137.9475,138.73641141417986
2026-06-19 22:00:00+00:00,130.85,119.83926706937648
2026-06-19 23:00:00+00:00,121.1375,108.53359967872687
2026-06-20 00:00:00+00:00,118.6,121.93340690518917
2026-06-20 01:00:00+00:00,117.245,119.39656543277037
2026-06-20 02:00:00+00:00,115.255,119.40257879972867
2026-06-20 03:00:00+00:00,115.7775,120.82807793369518
2026-06-20 04:00:00+00:00,109.165,119.31413820021518
2026-06-20 05:00:00+00:00,30.0525,110.57558548867387
2026-06-20 06:00:00+00:00,-0.01,37.1857897852703
2026-06-20 07:00:00+00:00,-0.01,41.30162399571841
2026-06-20 08:00:00+00:00,-0.01,41.31697399571842
2026-06-20 09:00:00+00:00,-0.01,41.31697399571842
2026-06-20 10:00:00+00:00,-0.0125,41.31697399571842
2026-06-20 11:00:00+00:00,-0.0175,41.31697399571842
2026-06-20 12:00:00+00:00,-0.0125,41.30162399571841
2026-06-20 13:00:00+00:00,-0.01,45.31664484002889
2026-06-20 14:00:00+00:00,-0.005,70.40501611084137
2026-06-20 15:00:00+00:00,81.87,74.83643507575754
2026-06-20 16:00:00+00:00,115.4325,103.58215867415362
2026-06-20 17:00:00+00:00,124.2325,126.80328781781866
2026-06-20 18:00:00+00:00,122.4725,132.8429667406964
2026-06-20 19:00:00+00:00,116.4875,110.5745366842396
2026-06-20 20:00:00+00:00,114.6,122.08974026446846
2026-06-20 21:00:00+00:00,132.4175,119.47395606547789
2026-06-20 22:00:00+00:00,118.915,118.1895172426491
2026-06-20 23:00:00+00:00,126.555,110.84734260239185
2026-06-21 00:00:00+00:00,127.7475,123.53774934622113
2026-06-21 01:00:00+00:00,126.705,123.63251679984782
2026-06-21 02:00:00+00:00,124.945,122.43831652941083
2026-06-21 03:00:00+00:00,123.395,125.3071311788667
2026-06-21 04:00:00+00:00,98.555,125.440391158312
2026-06-21 05:00:00+00:00,3.19,98.9878693387781
2026-06-21 06:00:00+00:00,-0.0125,42.903731401595685
2026-06-21 07:00:00+00:00,-0.08,39.13143065531438
2026-06-21 08:00:00+00:00,-0.775,39.203366356829534
2026-06-21 09:00:00+00:00,-0.01,41.39443649571841
2026-06-21 10:00:00+00:00,-0.02,41.40573649571841
2026-06-21 11:00:00+00:00,-0.02,41.40573649571841
2026-06-21 12:00:00+00:00,-0.02,39.254380655314385
2026-06-21 13:00:00+00:00,-0.0175,44.553528161788144
2026-06-21 14:00:00+00:00,-0.01,69.00295777750804
2026-06-21 15:00:00+00:00,74.46,75.6567392424242
2026-06-21 16:00:00+00:00,115.735,109.39039103323829
2026-06-21 17:00:00+00:00,115.105,128.32847553467073
2026-06-21 18:00:00+00:00,115.4375,124.61732733870559
2026-06-21 19:00:00+00:00,112.235,110.99511073818097
2026-06-21 20:00:00+00:00,125.7875,110.83875008364868
2026-06-21 21:00:00+00:00,134.5875,114.43118990295007
2026-06-21 22:00:00+00:00,128.88,114.75762879792207
2026-06-21 23:00:00+00:00,120.5925,107.11576008651238
2026-06-22 00:00:00+00:00,117.06,125.65952853215119
2026-06-22 01:00:00+00:00,118.27,124.89521224676793
2026-06-22 02:00:00+00:00,120.0225,122.71190257721439
2026-06-22 03:00:00+00:00,126.045,129.8449365804218
2026-06-22 04:00:00+00:00,134.875,134.73216859130892
2026-06-22 05:00:00+00:00,84.0175,139.36535509852754
2026-06-22 06:00:00+00:00,5.3,79.1135770589202
2026-06-22 07:00:00+00:00,-0.01,52.218126962978694
2026-06-22 08:00:00+00:00,-0.01,46.538617158632285
2026-06-22 09:00:00+00:00,-0.01,46.65251715863228
2026-06-22 10:00:00+00:00,-0.01,46.65251715863228
2026-06-22 11:00:00+00:00,-0.01,46.65251715863228
2026-06-22 12:00:00+00:00,-0.005,46.65901715863228
2026-06-22 13:00:00+00:00,0.005,48.66850303571431
2026-06-22 14:00:00+00:00,37.4675,62.585611742424234
2026-06-22 15:00:00+00:00,123.385,66.5068534168912
2026-06-22 16:00:00+00:00,156.6,136.16316799133233
2026-06-22 17:00:00+00:00,154.75,159.534660005231
2026-06-22 18:00:00+00:00,148.72,168.18451146695796
2026-06-22 19:00:00+00:00,126.43,125.96876508101028
2026-06-22 20:00:00+00:00,133.05,113.5474937524445
2026-06-22 21:00:00+00:00,153.4025,115.85394030816579
2026-06-22 22:00:00+00:00,146.4675,131.41634283787852
2026-06-22 23:00:00+00:00,140.15,119.6446265598214
2026-06-23 00:00:00+00:00,135.9675,139.58740967235704
2026-06-23 01:00:00+00:00,136.87,136.2806145756286
2026-06-23 02:00:00+00:00,134.9975,139.51292531924264
2026-06-23 03:00:00+00:00,137.7425,145.50659699322247
2026-06-23 04:00:00+00:00,140.0025,157.3540505916374
2026-06-23 05:00:00+00:00,114.6775,150.88172594977698
2026-06-23 06:00:00+00:00,50.4075,119.21627405546374
2026-06-23 07:00:00+00:00,2.75,67.65575612514729
2026-06-23 08:00:00+00:00,0.0,47.5634121846802
2026-06-23 09:00:00+00:00,65.9725,46.05061664210334
2026-06-23 10:00:00+00:00,68.4275,61.638150792574024
2026-06-23 11:00:00+00:00,62.5775,59.245862978702355
2026-06-23 12:00:00+00:00,70.8825,64.37732728694711
2026-06-23 13:00:00+00:00,93.465,74.13354275532558
2026-06-23 14:00:00+00:00,123.4675,93.64122942232298
2026-06-23 15:00:00+00:00,142.3725,129.39274903488928
2026-06-23 16:00:00+00:00,189.71,171.1808034244117
2026-06-23 17:00:00+00:00,238.715,202.47092676531355
2026-06-23 18:00:00+00:00,183.3725,174.05390305964065
2026-06-23 19:00:00+00:00,229.875,144.95000338002436
2026-06-23 20:00:00+00:00,172.41,173.83382895783666
2026-06-23 21:00:00+00:00,187.2175,149.17720052125472
2026-06-23 22:00:00+00:00,164.11,158.16567289861857
2026-06-23 23:00:00+00:00,157.585,142.62282507508257
2026-06-24 00:00:00+00:00,145.6925,151.77168722046554
2026-06-24 01:00:00+00:00,141.015,148.65843652783695
2026-06-24 02:00:00+00:00,140.3175,149.4625713366039
2026-06-24 03:00:00+00:00,147.3025,156.90783675949422
2026-06-24 04:00:00+00:00,146.88,163.56460308938978
2026-06-24 05:00:00+00:00,135.02,151.6609189720259
2026-06-24 06:00:00+00:00,118.865,140.00622120362507
2026-06-24 07:00:00+00:00,101.4225,120.05434386092085
2026-06-24 08:00:00+00:00,53.0,106.62459513099365
2026-06-24 09:00:00+00:00,70.3875,73.27053955415937
2026-06-24 10:00:00+00:00,62.75,75.12313199735975
2026-06-24 11:00:00+00:00,91.3975,65.0675863713634
2026-06-24 12:00:00+00:00,98.0925,89.07625688100278
2026-06-24 13:00:00+00:00,109.255,100.40594118403008
2026-06-24 14:00:00+00:00,130.0,119.5552295422212
2026-06-24 15:00:00+00:00,151.14999999999998,153.30907264104445
2026-06-24 16:00:00+00:00,197.1175,185.6019193341299
2026-06-24 17:00:00+00:00,198.75,227.45960337054362
2026-06-24 18:00:00+00:00,177.31,192.91090033724558
2026-06-24 19:00:00+00:00,177.3075,170.7109113204263
2026-06-24 20:00:00+00:00,230.01,151.41434459859673
2026-06-24 21:00:00+00:00,211.73,193.78592717027576
2026-06-24 22:00:00+00:00,169.8175,167.2096935079631
2026-06-24 23:00:00+00:00,156.1025,146.58997393903329
2026-06-25 00:00:00+00:00,148.3675,153.52931168980174
2026-06-25 01:00:00+00:00,145.8625,148.69290346386336
2026-06-25 02:00:00+00:00,144.71,147.60625648699542
2026-06-25 03:00:00+00:00,147.855,150.85642135114327
2026-06-25 04:00:00+00:00,153.3025,155.24024761960442
2026-06-25 05:00:00+00:00,119.05,153.01431284149572
2026-06-25 06:00:00+00:00,20.91,121.71968663514768
2026-06-25 07:00:00+00:00,15.995,50.62863665830138
2026-06-25 08:00:00+00:00,56.645,28.5217530973112
2026-06-25 09:00:00+00:00,69.25,74.11947284091696
2026-06-25 10:00:00+00:00,45.9225,68.31189125969372
2026-06-25 11:00:00+00:00,38.325,71.05823335438119
2026-06-25 12:00:00+00:00,39.6725,66.0940515530303
2026-06-25 13:00:00+00:00,42.5,74.14950958333333
2026-06-25 14:00:00+00:00,109.7025,78.26850542479119
2026-06-25 15:00:00+00:00,143.4875,140.90121309149413
2026-06-25 16:00:00+00:00,205.4175,185.92302877401983
2026-06-25 17:00:00+00:00,207.82,208.58686561935923
2026-06-25 18:00:00+00:00,212.035,177.85329649104136
2026-06-25 19:00:00+00:00,169.52249999999998,170.608189654571
2026-06-25 20:00:00+00:00,172.64749999999998,177.48377104953082
2026-06-25 21:00:00+00:00,177.0025,157.91096966531376
2026-06-25 22:00:00+00:00,147.93,147.57963987113698
2026-06-25 23:00:00+00:00,131.8025,144.61547780859584
2026-06-26 00:00:00+00:00,124.0075,142.5058436393922
2026-06-26 01:00:00+00:00,119.275,140.2169985454517
2026-06-26 02:00:00+00:00,119.4425,137.58557963010523
2026-06-26 03:00:00+00:00,126.4475,141.60400367661276
2026-06-26 04:00:00+00:00,139.525,148.56648344576462
2026-06-26 05:00:00+00:00,109.1,140.6566057132048
2026-06-26 06:00:00+00:00,15.995,112.84381088782843
2026-06-26 07:00:00+00:00,-0.0075,26.30530925154481
2026-06-26 08:00:00+00:00,-0.01,45.83626584034325
2026-06-26 09:00:00+00:00,0.0,45.68931584034326
2026-06-26 10:00:00+00:00,0.01,45.95919604471379
2026-06-26 11:00:00+00:00,6.26,45.51530229471379
2026-06-26 12:00:00+00:00,9.455,46.11031434835083
2026-06-26 13:00:00+00:00,15.505,71.87249324738987
2026-06-26 14:00:00+00:00,56.12,79.86543575980404
2026-06-26 15:00:00+00:00,142.5,109.08616811547056
2026-06-26 16:00:00+00:00,167.885,187.85577590607005
2026-06-26 17:00:00+00:00,125.2575,202.88327614927005
2026-06-26 18:00:00+00:00,132.2375,181.6023200641613
2026-06-26 19:00:00+00:00,130.7425,141.41618120492092
2026-06-26 20:00:00+00:00,132.95,137.99672613454914
2026-06-26 21:00:00+00:00,152.21,139.5739605623348
2026-06-26 22:00:00+00:00,142.375,135.00159775764251
2026-06-26 23:00:00+00:00,130.7175,126.92411195849986
2026-06-27 00:00:00+00:00,121.91,134.95813762808086
2026-06-27 01:00:00+00:00,115.83,121.29971576146025
2026-06-27 02:00:00+00:00,115.325,120.10827515806433
2026-06-27 03:00:00+00:00,114.0,126.52406873465873
2026-06-27 04:00:00+00:00,108.75,132.3957046451139
2026-06-27 05:00:00+00:00,21.7675,110.67888931100808
2026-06-27 06:00:00+00:00,-0.0075,30.142740285857926
2026-06-27 07:00:00+00:00,-0.01,41.28952911199749
2026-06-27 08:00:00+00:00,-0.01,42.14766040941371
2026-06-27 09:00:00+00:00,-0.01,45.071236325298926
2026-06-27 10:00:00+00:00,-0.01,45.064736325298924
2026-06-27 11:00:00+00:00,-0.01,44.73229632529894
2026-06-27 12:00:00+00:00,-0.01,44.750296325298926
2026-06-27 13:00:00+00:00,-0.01,49.375321304945054
2026-06-27 14:00:00+00:00,6.3875,74.34787781385279
2026-06-27 15:00:00+00:00,101.7625,80.9705097979798
2026-06-27 16:00:00+00:00,130.76,129.2119167353346
2026-06-27 17:00:00+00:00,138.2075,141.32059321319193
2026-06-27 18:00:00+00:00,140.01,148.35318267756674
2026-06-27 19:00:00+00:00,131.8,128.32044189390984
2026-06-27 20:00:00+00:00,127.3,124.07449234347494
2026-06-27 21:00:00+00:00,140.005,131.6239340365793
2026-06-27 22:00:00+00:00,137.3,128.37558578836794
2026-06-27 23:00:00+00:00,125.26,124.01125696121197
2026-06-28 00:00:00+00:00,119.6825,127.25782829935898
2026-06-28 01:00:00+00:00,115.6875,121.05400867155566
2026-06-28 02:00:00+00:00,114.735,120.40025114043002
2026-06-28 03:00:00+00:00,115.1,118.03318472427308
2026-06-28 04:00:00+00:00,112.0625,121.41081992386097
2026-06-28 05:00:00+00:00,5.1875,110.51451448847665
2026-06-28 06:00:00+00:00,-0.015,48.17043399634375
2026-06-28 07:00:00+00:00,-0.325,41.352438995718416
2026-06-28 08:00:00+00:00,-0.775,41.35648899571842
2026-06-28 09:00:00+00:00,-0.02,41.35648899571842
2026-06-28 10:00:00+00:00,-0.02,41.36778899571842
2026-06-28 11:00:00+00:00,-0.02,41.36778899571842
2026-06-28 12:00:00+00:00,-0.02,41.36778899571842
2026-06-28 13:00:00+00:00,-0.0125,45.95984178447335
2026-06-28 14:00:00+00:00,-0.01,69.54225222195248
2026-06-28 15:00:00+00:00,58.815,77.3624142424242
2026-06-28 16:00:00+00:00,122.1725,106.50110884289194
2026-06-28 17:00:00+00:00,127.0375,131.06076226347784
2026-06-28 18:00:00+00:00,136.6875,138.45842086080455
2026-06-28 19:00:00+00:00,136.695,126.89303225234528
2026-06-28 20:00:00+00:00,127.9825,122.10484542363896
2026-06-28 21:00:00+00:00,126.1275,123.1447674591836
2026-06-28 22:00:00+00:00,123.1175,118.56678513881162
2026-06-28 23:00:00+00:00,113.665,114.36753595077276
2026-06-29 00:00:00+00:00,113.0775,118.65128181478883
2026-06-29 01:00:00+00:00,109.9475,118.85677278101565
2026-06-29 02:00:00+00:00,116.04,115.90301325962919
2026-06-29 03:00:00+00:00,129.0775,126.8631345167075
2026-06-29 04:00:00+00:00,138.25,147.139372721779
2026-06-29 05:00:00+00:00,45.0275,139.23056756650678
2026-06-29 06:00:00+00:00,2.1075,50.20578454390699
2026-06-29 07:00:00+00:00,-0.01,48.85730571817544
2026-06-29 08:00:00+00:00,-0.01,46.78948632529894
2026-06-29 09:00:00+00:00,-0.01,46.78948632529894
2026-06-29 10:00:00+00:00,-0.01,46.844252991965604
2026-06-29 11:00:00+00:00,-0.01,46.844252991965604
2026-06-29 12:00:00+00:00,0.0,46.844252991965604
2026-06-29 13:00:00+00:00,0.0,48.975901369047634
2026-06-29 14:00:00+00:00,25.135,62.070076147186136
2026-06-29 15:00:00+00:00,121.585,56.800615585709835
2026-06-29 16:00:00+00:00,141.41500000000002,132.21155037534203
2026-06-29 17:00:00+00:00,206.2,165.7809009607217
2026-06-29 18:00:00+00:00,164.4875,161.22633656232009
2026-06-29 19:00:00+00:00,153.4,139.9619029575336
2026-06-29 20:00:00+00:00,200.7375,131.87983960253433
2026-06-29 21:00:00+00:00,172.85,153.7649202832788
2026-06-29 22:00:00+00:00,165.015,138.96253821934823
2026-06-29 23:00:00+00:00,149.2,136.3970580723014
2026-06-30 00:00:00+00:00,136.59,145.81158445033782
2026-06-30 01:00:00+00:00,132.07,142.10226960546706
2026-06-30 02:00:00+00:00,135.3375,138.70441617392947
2026-06-30 03:00:00+00:00,135.195,148.53462770765552
2026-06-30 04:00:00+00:00,148.04,158.90888878773464
2026-06-30 05:00:00+00:00,57.7275,142.62251441157233
2026-06-30 06:00:00+00:00,6.26,64.46669016853737
2026-06-30 07:00:00+00:00,0.0025,51.03913559671203
2026-06-30 08:00:00+00:00,0.0,46.11420247543668
2026-06-30 09:00:00+00:00,70.8175,47.377393405824904
2026-06-30 10:00:00+00:00,84.1925,69.4701235272054
2026-06-30 11:00:00+00:00,33.335,59.87567588795477
2026-06-30 12:00:00+00:00,66.89,45.96083169664888
2026-06-30 13:00:00+00:00,25.995,76.93040050506396
2026-06-30 14:00:00+00:00,65.515,58.45640877857138
2026-06-30 15:00:00+00:00,183.2,111.17953925826367
2026-06-30 16:00:00+00:00,195.58,208.16948680311987
2026-06-30 17:00:00+00:00,249.9975,240.01741929938424
2026-06-30 18:00:00+00:00,405.425,215.67497692092343
2026-06-30 19:00:00+00:00,369.715,290.0915359007935
2026-06-30 20:00:00+00:00,262.9825,255.21642763603555
2026-06-30 21:00:00+00:00,226.225,200.78731587438205
2026-06-30 22:00:00+00:00,161.9225,180.37921964415972
2026-06-30 23:00:00+00:00,158.9425,143.84594313416662
2026-07-01 00:00:00+00:00,152.7625,158.18129303190926
2026-07-01 01:00:00+00:00,150.495,153.5314965971815
2026-07-01 02:00:00+00:00,159.395,154.19154145624665
2026-07-01 03:00:00+00:00,167.2075,158.75085244146018
2026-07-01 04:00:00+00:00,180.8625,162.88257642527623
2026-07-01 05:00:00+00:00,151.7625,178.62863538588945
2026-07-01 06:00:00+00:00,128.5375,142.27529206830627
2026-07-01 07:00:00+00:00,109.955,130.98783429664593
2026-07-01 08:00:00+00:00,94.41,113.71807715954175
2026-07-01 09:00:00+00:00,84.01,92.61942986807381
2026-07-01 10:00:00+00:00,103.1525,85.97463072205112
2026-07-01 11:00:00+00:00,115.2,106.90006031866726
2026-07-01 12:00:00+00:00,111.225,120.7700888338156
2026-07-01 13:00:00+00:00,106.39,117.27243761884372
2026-07-01 14:00:00+00:00,162.545,112.80398278577567
2026-07-01 15:00:00+00:00,193.965,199.94618217050203
2026-07-01 16:00:00+00:00,238.9525,229.5351000320044
2026-07-01 17:00:00+00:00,330.46500000000003,309.4025062422662
2026-07-01 18:00:00+00:00,190.675,344.4243290509758
2026-07-01 19:00:00+00:00,271.145,213.59563084597414
2026-07-01 20:00:00+00:00,333.4925,224.57620574271422
2026-07-01 21:00:00+00:00,201.2625,240.70291756218907
2026-07-01 22:00:00+00:00,154.5875,172.37695393323327
2026-07-01 23:00:00+00:00,150.915,152.47385161160366
2026-07-02 00:00:00+00:00,144.07,155.99524270122333
2026-07-02 01:00:00+00:00,145.005,153.9149284063444
2026-07-02 02:00:00+00:00,139.4475,169.2300688642416
2026-07-02 03:00:00+00:00,141.38,166.51070712801302
2026-07-02 04:00:00+00:00,146.39999999999998,173.91875133826025
2026-07-02 05:00:00+00:00,113.3825,154.37294306711956
2026-07-02 06:00:00+00:00,95.5975,122.97722310808439
2026-07-02 07:00:00+00:00,72.6375,105.81938492321356
2026-07-02 08:00:00+00:00,71.345,80.43365848641204
2026-07-02 09:00:00+00:00,93.75,78.68125532525214
2026-07-02 10:00:00+00:00,108.97,94.70819006168561
2026-07-02 11:00:00+00:00,108.59,115.5331849918557
2026-07-02 12:00:00+00:00,96.7575,114.28183922251607
2026-07-02 13:00:00+00:00,126.875,98.71124745574829
2026-07-02 14:00:00+00:00,139.055,164.43328870101587
2026-07-02 15:00:00+00:00,187.065,183.6986769083178
2026-07-02 16:00:00+00:00,242.16,244.74928417120577
2026-07-02 17:00:00+00:00,245.445,326.33684864173665
2026-07-02 18:00:00+00:00,213.2,227.54327444600185
2026-07-02 19:00:00+00:00,203.3525,230.2221677517272
2026-07-02 20:00:00+00:00,176.555,221.96619808347288
2026-07-02 21:00:00+00:00,175.79500000000002,156.78797237946162
2026-07-02 22:00:00+00:00,158.1875,153.12502675790157
2026-07-02 23:00:00+00:00,144.73000000000002,145.4124362951587
2026-07-03 00:00:00+00:00,136.035,147.0447022116498
2026-07-03 01:00:00+00:00,132.79500000000002,140.24001793890125
2026-07-03 02:00:00+00:00,133.38,137.96026714701551
2026-07-03 03:00:00+00:00,130.0975,146.00231771122293
2026-07-03 04:00:00+00:00,144.235,151.7245602394307
2026-07-03 05:00:00+00:00,111.8975,140.3757094631441
2026-07-03 06:00:00+00:00,73.6225,115.02056767197342
2026-07-03 07:00:00+00:00,37.1225,72.4125680444648
2026-07-03 08:00:00+00:00,9.97,52.872225128238945
2026-07-03 09:00:00+00:00,9.58,47.02156895718118
2026-07-03 10:00:00+00:00,9.9825,57.25429288087852
2026-07-03 11:00:00+00:00,12.985,59.35752759596386
2026-07-03 12:00:00+00:00,25.5075,42.251905060013065
2026-07-03 13:00:00+00:00,36.2775,76.49058166666673
2026-07-03 14:00:00+00:00,61.6175,76.8239331625465
2026-07-03 15:00:00+00:00,142.0,118.11336246619328
2026-07-03 16:00:00+00:00,151.265,214.44718404360893
2026-07-03 17:00:00+00:00,159.74,223.44886326723434
2026-07-03 18:00:00+00:00,170.1825,189.22574512088383
2026-07-03 19:00:00+00:00,159.47,153.81871908200873
2026-07-03 20:00:00+00:00,154.15,143.98396559671622
2026-07-03 21:00:00+00:00,140.935,144.28651428711655
2026-07-03 22:00:00+00:00,130.9225,142.27413300657534
2026-07-03 23:00:00+00:00,127.7975,121.10606915326508
2026-07-04 00:00:00+00:00,128.19,131.29448459379898
2026-07-04 01:00:00+00:00,122.7475,132.71791461966174
2026-07-04 02:00:00+00:00,111.6375,127.46379149287606
2026-07-04 03:00:00+00:00,102.8975,123.68137239015851
2026-07-04 04:00:00+00:00,95.1975,125.19294128097732
2026-07-04 05:00:00+00:00,76.3125,103.8942418961523
2026-07-04 06:00:00+00:00,26.0,73.76994144970959
2026-07-04 07:00:00+00:00,1.0575,38.18452214224227
2026-07-04 08:00:00+00:00,-0.0025,45.80685290162449
2026-07-04 09:00:00+00:00,0.0,44.74183888587501
2026-07-04 10:00:00+00:00,0.0,44.74183888587501
2026-07-04 11:00:00+00:00,0.0,44.74183888587501
2026-07-04 12:00:00+00:00,0.0,44.75166388587501
2026-07-04 13:00:00+00:00,-0.0075,49.436722971611715
2026-07-04 14:00:00+00:00,5.7325,69.12944281385282
2026-07-04 15:00:00+00:00,95.1775,81.46559257575763
2026-07-04 16:00:00+00:00,123.5425,125.18003905279
2026-07-04 17:00:00+00:00,129.9975,151.35391802269686
2026-07-04 18:00:00+00:00,129.4125,163.00900902047218
2026-07-04 19:00:00+00:00,136.245,133.48529536033516
2026-07-04 20:00:00+00:00,160.0075,131.57680856511402
2026-07-04 21:00:00+00:00,156.005,141.78104166716292
2026-07-04 22:00:00+00:00,133.5425,139.5404848453082
2026-07-04 23:00:00+00:00,145.0,121.70669839010542
2026-07-05 00:00:00+00:00,112.335,142.905339794708
2026-07-05 01:00:00+00:00,111.71,118.19981857048043
2026-07-05 02:00:00+00:00,109.955,114.82977527664961
2026-07-05 03:00:00+00:00,104.345,116.88942611940621
2026-07-05 04:00:00+00:00,88.46000000000001,107.52532543583467
2026-07-05 05:00:00+00:00,23.64,85.47954896159352
2026-07-05 06:00:00+00:00,-0.01,33.038022250510004
2026-07-05 07:00:00+00:00,-0.01,41.16755843280452
2026-07-05 08:00:00+00:00,-0.0125,41.503258432804515
2026-07-05 09:00:00+00:00,-0.01,41.503258432804515
2026-07-05 10:00:00+00:00,-0.01,41.503258432804515
2026-07-05 11:00:00+00:00,-0.01,41.503258432804515
2026-07-05 12:00:00+00:00,-0.01,41.503258432804515
2026-07-05 13:00:00+00:00,-0.0075,45.91575845114002
2026-07-05 14:00:00+00:00,2.2125,69.7585022219525
2026-07-05 15:00:00+00:00,64.89,79.02958009324004
2026-07-05 16:00:00+00:00,140.0,106.86708064932884
2026-07-05 17:00:00+00:00,132.1575,153.50351173380443
2026-07-05 18:00:00+00:00,137.33249999999998,148.47903510729674
2026-07-05 19:00:00+00:00,134.22,125.0097531524223
2026-07-05 20:00:00+00:00,137.26,138.54793990997737
2026-07-05 21:00:00+00:00,137.6575,145.38261538987337
2026-07-05 22:00:00+00:00,145.2425,125.0561317384788
2026-07-05 23:00:00+00:00,134.5975,128.13144643143477
2026-07-06 00:00:00+00:00,129.60750000000002,133.917204313095
2026-07-06 01:00:00+00:00,125.2225,130.96558923139193
2026-07-06 02:00:00+00:00,125.3575,127.84578694852603
2026-07-06 03:00:00+00:00,133.0725,136.30716935271687
2026-07-06 04:00:00+00:00,136.52,153.5139801300121
2026-07-06 05:00:00+00:00,135.4875,134.94434382998526
2026-07-06 06:00:00+00:00,56.0775,128.88959294999947
2026-07-06 07:00:00+00:00,41.5425,60.33861298078168
2026-07-06 08:00:00+00:00,67.6925,47.98283366466159
2026-07-06 09:00:00+00:00,66.6225,56.974407167333
2026-07-06 10:00:00+00:00,43.4125,54.847174883517745
2026-07-06 11:00:00+00:00,36.6675,56.36029875490834
2026-07-06 12:00:00+00:00,37.41,54.147290245826305
2026-07-06 13:00:00+00:00,39.5575,53.858191555988334
2026-07-06 14:00:00+00:00,87.4525,52.353998186762965
2026-07-06 15:00:00+00:00,117.7175,97.60863902662935
2026-07-06 16:00:00+00:00,159.32999999999998,140.34628101265173
2026-07-06 17:00:00+00:00,167.9175,185.31760912428578
2026-07-06 18:00:00+00:00,174.585,178.30067304134016
2026-07-06 19:00:00+00:00,152.63,151.96422360327836
2026-07-06 20:00:00+00:00,164.3375,136.35397985541843
2026-07-06 21:00:00+00:00,142.5075,152.52115429834458
2026-07-06 22:00:00+00:00,147.57999999999998,123.00384821439891
2026-07-06 23:00:00+00:00,131.355,124.51909550257014
2026-07-07 00:00:00+00:00,118.535,138.02190457893053
2026-07-07 01:00:00+00:00,110.6225,122.62496637285358
2026-07-07 02:00:00+00:00,110.865,120.04794111799221
2026-07-07 03:00:00+00:00,125.4625,125.51877969351634
2026-07-07 04:00:00+00:00,137.8925,138.81394085843755
2026-07-07 05:00:00+00:00,128.0675,149.0075469681038
2026-07-07 06:00:00+00:00,91.1375,128.59513040187832
2026-07-07 07:00:00+00:00,37.4525,85.943829302735
2026-07-07 08:00:00+00:00,37.395,50.50837188624407
2026-07-07 09:00:00+00:00,25.105,52.38409638047065
2026-07-07 10:00:00+00:00,15.9975,43.56153332107713
2026-07-07 11:00:00+00:00,22.005,29.354940090392244
2026-07-07 12:00:00+00:00,16.8725,40.30732769538547
2026-07-07 13:00:00+00:00,37.370000000000005,52.36233573017974
2026-07-07 14:00:00+00:00,94.2825,71.91496206195642
2026-07-07 15:00:00+00:00,127.1375,115.46650992415248
2026-07-07 16:00:00+00:00,145.9375,171.86376884542153
2026-07-07 17:00:00+00:00,164.9825,179.76641542038894
2026-07-07 18:00:00+00:00,174.22,192.0888169723209
2026-07-07 19:00:00+00:00,165.63,166.0203839448298
2026-07-07 20:00:00+00:00,158.25,153.5320923677798
2026-07-07 21:00:00+00:00,159.965,139.88474018299564
2026-07-07 22:00:00+00:00,156.10250000000002,141.02046030374714
2026-07-07 23:00:00+00:00,142.75,138.33478696920443
2026-07-08 00:00:00+00:00,137.04999999999998,145.19204661539507
2026-07-08 01:00:00+00:00,130.64249999999998,143.85407193238484
2026-07-08 02:00:00+00:00,130.7425,140.42394241948324
2026-07-08 03:00:00+00:00,163.33249999999998,147.73883718515185
2026-07-08 04:00:00+00:00,163.82999999999998,170.78176479388887
2026-07-08 05:00:00+00:00,149.4325,166.59235775321093
2026-07-08 06:00:00+00:00,63.405,146.20642262988193
2026-07-08 07:00:00+00:00,46.0725,69.76706346534468
2026-07-08 08:00:00+00:00,50.9575,58.5824366759802
2026-07-08 09:00:00+00:00,78.3925,63.15767957739848
2026-07-08 10:00:00+00:00,80.3125,80.56276200002415
2026-07-08 11:00:00+00:00,78.78,88.32410446050363
2026-07-08 12:00:00+00:00,52.2575,85.43744738368676
2026-07-08 13:00:00+00:00,74.92750000000001,66.15868892462784
2026-07-08 14:00:00+00:00,92.3325,92.36093683721309
2026-07-08 15:00:00+00:00,126.6675,122.70905782147396
2026-07-08 16:00:00+00:00,144.725,162.09594430132557
2026-07-08 17:00:00+00:00,138.14749999999998,175.10809805494083
2026-07-08 18:00:00+00:00,161.9975,166.3275897081142
2026-07-08 19:00:00+00:00,160.05,157.04962528475747
2026-07-08 20:00:00+00:00,159.2175,158.5058695173973
2026-07-08 21:00:00+00:00,145.2075,147.26866323967164
2026-07-08 22:00:00+00:00,146.235,142.48317769608616
2026-07-08 23:00:00+00:00,136.5025,124.69548392336401
2026-07-09 00:00:00+00:00,129.3975,149.84755553033568
2026-07-09 01:00:00+00:00,125.9825,140.65381551334735
2026-07-09 02:00:00+00:00,127.49,132.13054737320047
2026-07-09 03:00:00+00:00,134.0825,153.52847757250132
2026-07-09 04:00:00+00:00,146.8125,159.4636674963411
2026-07-09 05:00:00+00:00,146.92000000000002,153.59836621585654
2026-07-09 06:00:00+00:00,118.6325,141.00207229718353
2026-07-09 07:00:00+00:00,85.1375,118.37848569986501
2026-07-09 08:00:00+00:00,60.975,85.73726923005734
2026-07-09 09:00:00+00:00,75.74249999999999,71.21669386537612
2026-07-09 10:00:00+00:00,60.585,83.08795039325283
2026-07-09 11:00:00+00:00,39.4975,72.17427171421471
2026-07-09 12:00:00+00:00,36.585,57.71857503680293
2026-07-09 13:00:00+00:00,54.3525,71.60955103026912
2026-07-09 14:00:00+00:00,80.045,91.01218497271131
2026-07-09 15:00:00+00:00,114.7325,110.01729388572052
2026-07-09 16:00:00+00:00,142.2425,150.30286410773076
2026-07-09 17:00:00+00:00,166.07999999999998,171.88099135185976
2026-07-09 18:00:00+00:00,203.775,192.31972289572917
2026-07-09 19:00:00+00:00,205.5825,167.0825201466066
2026-07-09 20:00:00+00:00,181.415,160.94878827414215
2026-07-09 21:00:00+00:00,161.55,155.0498355772736
2026-07-09 22:00:00+00:00,152.4775,145.51738272106627
2026-07-09 23:00:00+00:00,143.10250000000002,135.2876274932315
2026-07-10 00:00:00+00:00,139.135,145.46326056509218
2026-07-10 01:00:00+00:00,137.76,142.118107764946
2026-07-10 02:00:00+00:00,139.0625,143.23208037027575
2026-07-10 03:00:00+00:00,141.805,152.6267770229067
2026-07-10 04:00:00+00:00,150.35750000000002,161.52555649978373
2026-07-10 05:00:00+00:00,142.3325,151.38024063690355
2026-07-10 06:00:00+00:00,50.9125,138.45431348231105
2026-07-10 07:00:00+00:00,36.4775,87.23875968021919
2026-07-10 08:00:00+00:00,49.2125,54.10202039549196
2026-07-10 09:00:00+00:00,78.515,72.082122013052
2026-07-10 10:00:00+00:00,54.5575,73.5184153259211
2026-07-10 11:00:00+00:00,37.36,55.637794923574205
2026-07-10 12:00:00+00:00,40.95,56.00357638874888
2026-07-10 13:00:00+00:00,62.1,56.485316613575954
2026-07-10 14:00:00+00:00,88.8675,73.7652477652171
2026-07-10 15:00:00+00:00,131.13,110.54092439209795
2026-07-10 16:00:00+00:00,160.0625,161.98898257926095
2026-07-10 17:00:00+00:00,166.585,179.4700096014566
2026-07-10 18:00:00+00:00,180.4425,187.75872278089878
2026-07-10 19:00:00+00:00,169.7075,156.12464571315707
2026-07-10 20:00:00+00:00,168.0,146.71855517889094
2026-07-10 21:00:00+00:00,154.4625,144.07567677752715
2026-07-10 22:00:00+00:00,156.3425,137.00618610948266
2026-07-10 23:00:00+00:00,150.22,138.2419666401233
2026-07-11 00:00:00+00:00,141.9675,150.56351962055777
2026-07-11 01:00:00+00:00,139.805,145.21683372182656
2026-07-11 02:00:00+00:00,145.8375,143.30357437356827
2026-07-11 03:00:00+00:00,143.45,149.53939066763468
2026-07-11 04:00:00+00:00,133.4775,151.4147016587214
2026-07-11 05:00:00+00:00,93.7725,146.4186357871705
2026-07-11 06:00:00+00:00,84.71,86.97130632747582
2026-07-11 07:00:00+00:00,35.0,80.071012817948
2026-07-11 08:00:00+00:00,16.0875,41.15286098603782
2026-07-11 09:00:00+00:00,0.3275,35.67171053675608
2026-07-11 10:00:00+00:00,0.0,46.01387422475984
2026-07-11 11:00:00+00:00,0.01,45.29490479471379
2026-07-11 12:00:00+00:00,0.01,45.35140479471378
2026-07-11 13:00:00+00:00,1.1625,54.0662026923077
2026-07-11 14:00:00+00:00,47.95,74.53218366466862
2026-07-11 15:00:00+00:00,138.3975,94.21162843350561
2026-07-11 16:00:00+00:00,159.46,168.77871804702278
2026-07-11 17:00:00+00:00,159.46,180.02551106504205
2026-07-11 18:00:00+00:00,164.0575,175.81804188475888
2026-07-11 19:00:00+00:00,156.3675,143.00250519321347
2026-07-11 20:00:00+00:00,154.8875,143.42564681654062
2026-07-11 21:00:00+00:00,149.02,143.9235347419904
2026-07-11 22:00:00+00:00,137.4425,141.74819949157992
2026-07-11 23:00:00+00:00,131.885,125.29481540932575
2026-07-12 00:00:00+00:00,125.57,137.84166177980126
2026-07-12 01:00:00+00:00,125.1,134.30728343175227
2026-07-12 02:00:00+00:00,122.8825,139.34197812459885
2026-07-12 03:00:00+00:00,119.7475,136.20356893682518
2026-07-12 04:00:00+00:00,111.6125,129.28365626301348
2026-07-12 05:00:00+00:00,99.775,115.89292885559009
2026-07-12 06:00:00+00:00,25.995,101.35941831509108
2026-07-12 07:00:00+00:00,3.1375,36.713525692318505
2026-07-12 08:00:00+00:00,-0.01,42.844479994963756
2026-07-12 09:00:00+00:00,-0.0075,41.62191848651872
2026-07-12 10:00:00+00:00,0.0,41.62191848651872
2026-07-12 11:00:00+00:00,0.0,41.623405469989805
2026-07-12 12:00:00+00:00,0.005,41.38313981826894
2026-07-12 13:00:00+00:00,0.5725,47.16052511780667
2026-07-12 14:00:00+00:00,13.1075,65.93994448051944
2026-07-12 15:00:00+00:00,76.425,90.1235483333334
2026-07-12 16:00:00+00:00,112.8,129.24525456312713
2026-07-12 17:00:00+00:00,138.14,141.27522926985873
2026-07-12 18:00:00+00:00,140.3625,166.19069767011194
2026-07-12 19:00:00+00:00,144.4875,142.251232522054
2026-07-12 20:00:00+00:00,144.93,138.57102631923073
2026-07-12 21:00:00+00:00,139.3175,124.38591350605631
2026-07-12 22:00:00+00:00,129.73,124.99582840395531
2026-07-12 23:00:00+00:00,124.2725,118.56458453671716
2026-07-13 00:00:00+00:00,121.3175,128.81283173913948
2026-07-13 01:00:00+00:00,122.2725,125.30762402355737
2026-07-13 02:00:00+00:00,123.71,126.17118355575158
2026-07-13 03:00:00+00:00,135.7025,133.3970421805311
2026-07-13 04:00:00+00:00,149.5775,151.25344063428363
2026-07-13 05:00:00+00:00,114.5475,154.93403154713317
2026-07-13 06:00:00+00:00,55.9,114.3894707367536
2026-07-13 07:00:00+00:00,25.755,59.597965464621446
2026-07-13 08:00:00+00:00,29.91,39.10532788806168
2026-07-13 09:00:00+00:00,68.8775,43.793028650240984
2026-07-13 10:00:00+00:00,68.65,63.774968230495276
2026-07-13 11:00:00+00:00,76.0425,60.10261841373682
2026-07-13 12:00:00+00:00,79.7625,71.15890305861329
2026-07-13 13:00:00+00:00,86.95750000000001,78.51773094455271
2026-07-13 14:00:00+00:00,102.095,92.18148704159367
2026-07-13 15:00:00+00:00,133.66,109.75546180586265
2026-07-13 16:00:00+00:00,156.08249999999998,153.17348538163844
2026-07-13 17:00:00+00:00,148.1625,170.03151539857333
2026-07-13 18:00:00+00:00,133.5125,169.03753682320138
2026-07-13 19:00:00+00:00,154.135,122.60555380769554
2026-07-13 20:00:00+00:00,154.4375,138.99389286397408
2026-07-13 21:00:00+00:00,148.805,134.84048577794726
2026-07-13 22:00:00+00:00,142.67000000000002,127.91817375636293
2026-07-13 23:00:00+00:00,133.8875,121.63919837928161
2026-07-14 00:00:00+00:00,127.35,135.4104401575812
2026-07-14 01:00:00+00:00,127.2175,127.68455634622374
2026-07-14 02:00:00+00:00,127.65,128.20234427672315
2026-07-14 03:00:00+00:00,135.02,133.9918299025732
2026-07-14 04:00:00+00:00,150.06,155.7776968886196
2026-07-14 05:00:00+00:00,121.41,146.83072965380205
2026-07-14 06:00:00+00:00,65.495,122.85476856592706
2026-07-14 07:00:00+00:00,39.8425,63.986138413993395
2026-07-14 08:00:00+00:00,37.91,49.41363913724549
2026-07-14 09:00:00+00:00,37.2,50.77109255751661
2026-07-14 10:00:00+00:00,75.3425,51.077904227946654
2026-07-14 11:00:00+00:00,80.4025,78.03689115495187
2026-07-14 12:00:00+00:00,83.825,82.74451085248023
2026-07-14 13:00:00+00:00,74.0775,85.49585336906237
2026-07-14 14:00:00+00:00,117.395,90.9449383581882
2026-07-14 15:00:00+00:00,143.3525,128.70121125644005
2026-07-14 16:00:00+00:00,167.685,165.64329444821175
2026-07-14 17:00:00+00:00,179.575,171.48113650158407
2026-07-14 18:00:00+00:00,178.875,178.71143141805766
2026-07-14 19:00:00+00:00,175.01,158.1322666960412
2026-07-14 20:00:00+00:00,168.765,153.35813248338536
2026-07-14 21:00:00+00:00,151.51999999999998,146.83310196879629
2026-07-14 22:00:00+00:00,153.2925,134.7298117497204
2026-07-14 23:00:00+00:00,144.4475,134.79065916518869
2026-07-15 00:00:00+00:00,138.915,145.3084897309276
2026-07-15 01:00:00+00:00,135.555,141.2271002709477
2026-07-15 02:00:00+00:00,139.4425,140.34332463998737
2026-07-15 03:00:00+00:00,150.1,157.10525706954974
2026-07-15 04:00:00+00:00,166.24,162.56770266112812
2026-07-15 05:00:00+00:00,165.32999999999998,165.2699229616853
2026-07-15 06:00:00+00:00,130.825,155.2334772121067
2026-07-15 07:00:00+00:00,111.6175,130.87792159995502
2026-07-15 08:00:00+00:00,108.8925,113.89833177975937
2026-07-15 09:00:00+00:00,30.53,113.60416502178472
2026-07-15 10:00:00+00:00,52.05,49.65563729574401
2026-07-15 11:00:00+00:00,86.5425,79.51548093588426
2026-07-15 12:00:00+00:00,47.3525,87.14422011551817
2026-07-15 13:00:00+00:00,84.84,74.11867823102106
2026-07-15 14:00:00+00:00,133.6475,100.0694282046507
2026-07-15 15:00:00+00:00,161.81,157.4905732951557
2026-07-15 16:00:00+00:00,192.8275,180.69964774995614
2026-07-15 17:00:00+00:00,195.0,210.53010153893308
2026-07-15 18:00:00+00:00,187.495,193.79363530507217
2026-07-15 19:00:00+00:00,196.745,172.64454493697048
2026-07-15 20:00:00+00:00,188.38,173.54895581110515
2026-07-15 21:00:00+00:00,171.415,154.36691296959722
2026-07-15 22:00:00+00:00,166.0325,148.2230339381406
2026-07-15 23:00:00+00:00,159.2,145.58497670375573
2026-07-16 00:00:00+00:00,152.865,158.3667088843407
2026-07-16 01:00:00+00:00,148.925,151.98346836343214
2026-07-16 02:00:00+00:00,151.4325,152.91755516186439
2026-07-16 03:00:00+00:00,158.9075,154.9653133333044
2026-07-16 04:00:00+00:00,174.1125,174.49499703531063
2026-07-16 05:00:00+00:00,160.89249999999998,184.22577925929818
2026-07-16 06:00:00+00:00,76.56,161.45499278351951
2026-07-16 07:00:00+00:00,70.2275,87.21891805473035
2026-07-16 08:00:00+00:00,11.885,87.66357467267389
2026-07-16 09:00:00+00:00,77.8175,37.98686421730004
2026-07-16 10:00:00+00:00,89.775,74.86213714223811
2026-07-16 11:00:00+00:00,87.3725,89.47780822156943
2026-07-16 12:00:00+00:00,101.795,82.54219202300519
2026-07-16 13:00:00+00:00,110.6025,105.77355911430473
2026-07-16 14:00:00+00:00,122.2025,121.59718890089518
2026-07-16 15:00:00+00:00,153.0225,149.73657258374817
2026-07-16 16:00:00+00:00,191.6275,180.36891408138084
2026-07-16 17:00:00+00:00,219.22,216.156741019846
2026-07-16 18:00:00+00:00,230.0325,215.85960292190146
2026-07-16 19:00:00+00:00,212.0125,208.15414307102287
2026-07-16 20:00:00+00:00,206.84,186.0812482544012
2026-07-16 21:00:00+00:00,180.3125,177.53858008439056
2026-07-16 22:00:00+00:00,170.565,157.75896511456486
2026-07-16 23:00:00+00:00,161.45,151.52593909057262
2026-07-17 00:00:00+00:00,151.975,160.53026116782868
2026-07-17 01:00:00+00:00,143.94,154.36717927232917
2026-07-17 02:00:00+00:00,142.89999999999998,151.46794402428475
2026-07-17 03:00:00+00:00,152.8525,164.4945092789876
2026-07-17 04:00:00+00:00,164.13,174.66497378804195
2026-07-17 05:00:00+00:00,134.32999999999998,175.92757075142643
2026-07-17 06:00:00+00:00,83.025,133.24626371127698
2026-07-17 07:00:00+00:00,85.355,81.72052631134348
2026-07-17 08:00:00+00:00,39.675,80.51648132779601
2026-07-17 09:00:00+00:00,39.925,52.80959615354409
2026-07-17 10:00:00+00:00,82.325,54.99834398916205
2026-07-17 11:00:00+00:00,98.2,86.58013775074089
2026-07-17 12:00:00+00:00,93.705,100.47012510323466
2026-07-17 13:00:00+00:00,96.48,98.63727267776311
2026-07-17 14:00:00+00:00,123.025,112.480628640727
2026-07-17 15:00:00+00:00,160.36,146.59920550589166
2026-07-17 16:00:00+00:00,196.0425,182.81314296260672
2026-07-17 17:00:00+00:00,198.3325,239.8936995795439
2026-07-17 18:00:00+00:00,198.125,215.55141768953894
2026-07-17 19:00:00+00:00,188.425,184.08325027420594
2026-07-17 20:00:00+00:00,194.395,177.45376869237447
2026-07-17 21:00:00+00:00,162.9625,174.3868102225742
2026-07-17 22:00:00+00:00,157.9575,145.49394531130133
2026-07-17 23:00:00+00:00,145.785,147.01178150487516
2026-07-18 00:00:00+00:00,142.0,151.15249283414553
2026-07-18 01:00:00+00:00,135.3,148.77853871166312
2026-07-18 02:00:00+00:00,138.5125,148.08445354834913
2026-07-18 03:00:00+00:00,132.81,155.53638741114983
2026-07-18 04:00:00+00:00,126.9825,155.97047401141552
2026-07-18 05:00:00+00:00,119.9675,129.2920966398024
2026-07-18 06:00:00+00:00,39.77,120.33131563945564
2026-07-18 07:00:00+00:00,19.765,54.48817177723198
2026-07-18 08:00:00+00:00,10.72,34.171460564918874
2026-07-18 09:00:00+00:00,8.1575,35.25190975002309
2026-07-18 10:00:00+00:00,10.385,48.37453663318938
2026-07-18 11:00:00+00:00,11.99,45.43667406850948
2026-07-18 12:00:00+00:00,13.5725,45.651122081588625
2026-07-18 13:00:00+00:00,22.3225,63.082140993589775
2026-07-18 14:00:00+00:00,77.465,85.43636500000008
2026-07-18 15:00:00+00:00,143.97500000000002,131.77019732404167
2026-07-18 16:00:00+00:00,187.48,184.80822640433288
2026-07-18 17:00:00+00:00,166.70749999999998,211.01382427786186
2026-07-18 18:00:00+00:00,142.4875,193.3793309202342
2026-07-18 19:00:00+00:00,145.025,147.11255580380575
2026-07-18 20:00:00+00:00,177.16,151.09309658739184
2026-07-18 21:00:00+00:00,155.26,153.2304746564028
2026-07-18 22:00:00+00:00,138.6975,149.1779253535461
2026-07-18 23:00:00+00:00,130.7425,124.16841282685833
2026-07-19 00:00:00+00:00,121.915,141.96922929043396
2026-07-19 01:00:00+00:00,119.13,128.1959489078446
2026-07-19 02:00:00+00:00,117.385,130.79477202743948
2026-07-19 03:00:00+00:00,112.7925,128.5186434424103
2026-07-19 04:00:00+00:00,109.775,124.37555837682139
2026-07-19 05:00:00+00:00,98.48,117.18451186663971
2026-07-19 06:00:00+00:00,46.42,100.63300377333707
2026-07-19 07:00:00+00:00,4.6875,53.562807237896685
2026-07-19 08:00:00+00:00,0.0375,46.83100349492849
2026-07-19 09:00:00+00:00,0.1825,44.81363888587502
2026-07-19 10:00:00+00:00,4.2775,45.46771630365228
2026-07-19 11:00:00+00:00,2.8525,50.34205091686524
2026-07-19 12:00:00+00:00,7.522499999999999,45.44286591333742
2026-07-19 13:00:00+00:00,11.97,62.804941499554396
2026-07-19 14:00:00+00:00,49.305,63.06658308912104
2026-07-19 15:00:00+00:00,109.8675,94.39541496388881
2026-07-19 16:00:00+00:00,156.7725,163.53795042598105
2026-07-19 17:00:00+00:00,142.1775,176.98085564806215
2026-07-19 18:00:00+00:00,148.19,167.77177347620807
2026-07-19 19:00:00+00:00,149.94,128.45912626478926
2026-07-19 20:00:00+00:00,150.005,142.5474852251651
2026-07-19 21:00:00+00:00,138.3075,138.80625396862843
2026-07-19 22:00:00+00:00,147.4525,124.4587920734004
2026-07-19 23:00:00+00:00,138.48250000000002,127.05026054354502
2026-07-20 00:00:00+00:00,132.85000000000002,137.7589960270989
2026-07-20 01:00:00+00:00,130.555,136.40693966781168
2026-07-20 02:00:00+00:00,151.92000000000002,136.63616850094468
2026-07-20 03:00:00+00:00,156.6375,153.60161637223786
2026-07-20 04:00:00+00:00,151.74,172.86099231091328
2026-07-20 05:00:00+00:00,141.1,145.06948222163876
2026-07-20 06:00:00+00:00,112.7725,138.6087622732815
2026-07-20 07:00:00+00:00,80.0375,115.11126310165042
2026-07-20 08:00:00+00:00,59.57,74.30263317728374
2026-07-20 09:00:00+00:00,44.010000000000005,65.75360057836826
2026-07-20 10:00:00+00:00,66.5925,57.7937767760992
2026-07-20 11:00:00+00:00,42.585,75.9112547775212
2026-07-20 12:00:00+00:00,57.795,61.22245516258898
2026-07-20 13:00:00+00:00,81.71000000000001,67.83620363606023
2026-07-20 14:00:00+00:00,98.445,90.78136381496142
2026-07-20 15:00:00+00:00,127.69,114.35060404799319
2026-07-20 16:00:00+00:00,178.85750000000002,190.1827363663596
2026-07-20 17:00:00+00:00,180.155,192.2912527528095
2026-07-20 18:00:00+00:00,186.0725,182.4655808426565
2026-07-20 19:00:00+00:00,190.27,161.8878482566144
2026-07-20 20:00:00+00:00,174.815,159.58890198944175
2026-07-20 21:00:00+00:00,164.985,150.21520476022837
2026-07-20 22:00:00+00:00,172.17,144.75185816653044
2026-07-20 23:00:00+00:00,162.5725,143.89438002764496
2026-07-21 00:00:00+00:00,160.175,160.31087036770495
2026-07-21 01:00:00+00:00,149.915,159.6092919525278
2026-07-21 02:00:00+00:00,148.0225,154.74695410665694
2026-07-21 03:00:00+00:00,154.19,165.52901401931322
2026-07-21 04:00:00+00:00,158.6125,165.32934820480668
2026-07-21 05:00:00+00:00,154.4275,163.68942678841478
2026-07-21 06:00:00+00:00,141.8,152.13000878854126
2026-07-21 07:00:00+00:00,99.745,142.66815977708927
2026-07-21 08:00:00+00:00,92.64,102.5467839237251
2026-07-21 09:00:00+00:00,92.1675,86.79431967472514
2026-07-21 10:00:00+00:00,80.3675,89.7566427934697
2026-07-21 11:00:00+00:00,73.355,85.53520564586603
2026-07-21 12:00:00+00:00,63.9375,83.01630580307976
2026-07-21 13:00:00+00:00,63.5475,77.52994545119319
2026-07-21 14:00:00+00:00,99.495,92.25578582094072
2026-07-21 15:00:00+00:00,160.3275,123.76915705951954
2026-07-21 16:00:00+00:00,197.2575,182.58980971375976
2026-07-21 17:00:00+00:00,216.415,217.0333113387264
2026-07-21 18:00:00+00:00,216.5,215.42351915840516
2026-07-21 19:00:00+00:00,202.9475,196.64503608230504
2026-07-21 20:00:00+00:00,189.5125,175.98745999476537
2026-07-21 21:00:00+00:00,162.92000000000002,166.85830278402537
2026-07-21 22:00:00+00:00,160.6125,147.222922017794
2026-07-21 23:00:00+00:00,150.1875,147.94966408475702
2026-07-22 00:00:00+00:00,152.8775,169.58259336973686
2026-07-22 01:00:00+00:00,136.835,156.2096478259252
2026-07-22 02:00:00+00:00,131.4525,147.8161024019908
2026-07-22 03:00:00+00:00,143.62,154.84621017445835
2026-07-22 04:00:00+00:00,154.5775,168.83946151942357
2026-07-22 05:00:00+00:00,147.5775,170.31814376798226
2026-07-22 06:00:00+00:00,140.23250000000002,161.9347342432699
2026-07-22 07:00:00+00:00,100.65,139.6618180902656
2026-07-22 08:00:00+00:00,76.685,107.58004523405754
2026-07-22 09:00:00+00:00,52.54,82.84347820127402
2026-07-22 10:00:00+00:00,50.305,82.84811339879103
2026-07-22 11:00:00+00:00,52.495000000000005,80.52495086354475
2026-07-22 12:00:00+00:00,47.6975,81.37538204061404
2026-07-22 13:00:00+00:00,49.5775,78.80078746313485
2026-07-22 14:00:00+00:00,68.565,96.51536374694753
2026-07-22 15:00:00+00:00,110.7675,129.61199874087959
2026-07-22 16:00:00+00:00,144.185,178.29722578998604
2026-07-22 17:00:00+00:00,146.1,200.59867008460932
2026-07-22 18:00:00+00:00,133.3425,192.17779747740417
2026-07-22 19:00:00+00:00,130.66,153.28305776123088
2026-07-22 20:00:00+00:00,151.2025,146.66199656174675
2026-07-22 21:00:00+00:00,148.3825,142.00663929432514
2026-07-22 22:00:00+00:00,152.05,142.259556875631
2026-07-22 23:00:00+00:00,144.56,134.70776290529565
2026-07-23 00:00:00+00:00,140.75,151.51110844253307
2026-07-23 01:00:00+00:00,139.9225,149.73125566828358
2026-07-23 02:00:00+00:00,143.505,147.35862033412056
2026-07-23 03:00:00+00:00,150.3375,157.3674225971423
2026-07-23 04:00:00+00:00,155.4725,164.28907968237962
2026-07-23 05:00:00+00:00,74.5,164.3973889457804
2026-07-23 06:00:00+00:00,35.7425,91.18814131363978
2026-07-23 07:00:00+00:00,9.215,51.861876165689374
2026-07-23 08:00:00+00:00,15.1425,46.29991575339775
2026-07-23 09:00:00+00:00,73.02,31.120674704326134
2026-07-23 10:00:00+00:00,40.0,75.8433766826693
2026-07-23 11:00:00+00:00,41.5075,54.13466793557219
2026-07-23 12:00:00+00:00,41.125,57.767786233154084
2026-07-23 13:00:00+00:00,50.22,61.939835831831104
2026-07-23 14:00:00+00:00,102.29,79.9524053890901
2026-07-23 15:00:00+00:00,118.0775,117.72980739672232
2026-07-23 16:00:00+00:00,153.7275,154.24531880264786
2026-07-23 17:00:00+00:00,165.2125,167.0223973019288
2026-07-23 18:00:00+00:00,187.9675,165.48881117031982
2026-07-23 19:00:00+00:00,190.0,160.3316840173181
2026-07-23 20:00:00+00:00,186.5425,162.58651246158306
2026-07-23 21:00:00+00:00,170.42000000000002,161.3668254753525
2026-07-23 22:00:00+00:00,161.0025,147.4853681294684
2026-07-23 23:00:00+00:00,157.19,142.72776072969194
2026-07-24 00:00:00+00:00,153.2575,162.70622558704545
2026-07-24 01:00:00+00:00,144.1925,159.04039947917352
2026-07-24 02:00:00+00:00,138.115,153.80500360551247
2026-07-24 03:00:00+00:00,161.3975,157.8861930473496
2026-07-24 04:00:00+00:00,162.0875,173.16670087117924
2026-07-24 05:00:00+00:00,128.9775,159.84651764842866
2026-07-24 06:00:00+00:00,131.54,129.89215017983372
2026-07-24 07:00:00+00:00,111.005,130.6372313342659
2026-07-24 08:00:00+00:00,97.5875,113.82526727780066
2026-07-24 09:00:00+00:00,72.2275,96.23188258487706
2026-07-24 10:00:00+00:00,86.0475,74.12607947706105
2026-07-24 11:00:00+00:00,100.015,90.91243784265585
2026-07-24 12:00:00+00:00,98.81,102.82711077275542
2026-07-24 13:00:00+00:00,81.4375,102.97057493403237
2026-07-24 14:00:00+00:00,91.245,93.70033091289937
2026-07-24 15:00:00+00:00,133.48000000000002,105.4884459205326
2026-07-24 16:00:00+00:00,148.4625,159.73081389065476
2026-07-24 17:00:00+00:00,123.4575,165.89114344522213
2026-07-24 18:00:00+00:00,114.8,160.97784440953046
