,actual,forecast
2025-04-02 19:00:00+00:00,150.01,128.86803
2025-04-02 20:00:00+00:00,185.7,128.35532
2025-04-02 21:00:00+00:00,140.0,151.0252
2025-04-02 22:00:00+00:00,73.09,147.86433
2025-04-02 23:00:00+00:00,76.64,112.1657
2025-04-03 00:00:00+00:00,72.26,95.83087
2025-04-03 01:00:00+00:00,72.05,95.433365
2025-04-03 02:00:00+00:00,78.95,99.95863
2025-04-03 03:00:00+00:00,102.82,113.6843
2025-04-03 04:00:00+00:00,141.51,128.03127
2025-04-03 05:00:00+00:00,165.94,168.40718
2025-04-03 06:00:00+00:00,133.3,146.86276
2025-04-03 07:00:00+00:00,79.11,113.38045
2025-04-03 08:00:00+00:00,41.38,68.06441
2025-04-03 09:00:00+00:00,6.98,42.49909
2025-04-03 10:00:00+00:00,7.62,18.956093
2025-04-03 11:00:00+00:00,7.75,15.559526
2025-04-03 12:00:00+00:00,34.66,24.197863
2025-04-03 13:00:00+00:00,98.75,58.912113
2025-04-03 14:00:00+00:00,43.96,103.61982
2025-04-03 15:00:00+00:00,111.89,77.11447
2025-04-03 16:00:00+00:00,146.51,136.40514
2025-04-03 17:00:00+00:00,195.91,180.57199
2025-04-03 18:00:00+00:00,185.07,197.1999
2025-04-03 19:00:00+00:00,143.87,155.63135
2025-04-03 20:00:00+00:00,115.56,143.8391
2025-04-03 21:00:00+00:00,106.49,118.27273
2025-04-03 22:00:00+00:00,111.1,99.62795
2025-04-03 23:00:00+00:00,106.13,103.05983
2025-04-04 00:00:00+00:00,106.69,101.059616
2025-04-04 01:00:00+00:00,106.76,101.364044
2025-04-04 02:00:00+00:00,110.09,101.62861
2025-04-04 03:00:00+00:00,116.21,111.002495
2025-04-04 04:00:00+00:00,157.53,136.24489
2025-04-04 05:00:00+00:00,184.66,170.58743
2025-04-04 06:00:00+00:00,141.75,162.87955
2025-04-04 07:00:00+00:00,96.62,121.611465
2025-04-04 08:00:00+00:00,97.05,85.69862
2025-04-04 09:00:00+00:00,101.05,86.49716
2025-04-04 10:00:00+00:00,78.0,88.43491
2025-04-04 11:00:00+00:00,67.45,69.81702
2025-04-04 12:00:00+00:00,72.0,69.76418
2025-04-04 13:00:00+00:00,78.0,90.10566
2025-04-04 14:00:00+00:00,55.0,88.14327
2025-04-04 15:00:00+00:00,110.35,86.98408
2025-04-04 16:00:00+00:00,131.75,136.46312
2025-04-04 17:00:00+00:00,178.74,159.20538
2025-04-04 18:00:00+00:00,169.59,179.12276
2025-04-04 19:00:00+00:00,138.32,146.44957
2025-04-04 20:00:00+00:00,137.16,126.35222
2025-04-04 21:00:00+00:00,112.65,122.303375
2025-04-04 22:00:00+00:00,124.51,110.367645
2025-04-04 23:00:00+00:00,117.36,115.661674
2025-04-05 00:00:00+00:00,113.5,111.99186
2025-04-05 01:00:00+00:00,110.9,108.79034
2025-04-05 02:00:00+00:00,110.34,109.74339
2025-04-05 03:00:00+00:00,113.63,111.540955
2025-04-05 04:00:00+00:00,120.58,123.89483
2025-04-05 05:00:00+00:00,116.55,133.24869
2025-04-05 06:00:00+00:00,102.2,112.29474
2025-04-05 07:00:00+00:00,57.79,85.45981
2025-04-05 08:00:00+00:00,0.66,61.047997
2025-04-05 09:00:00+00:00,0.04,11.889913
2025-04-05 10:00:00+00:00,0.04,13.620887
2025-04-05 11:00:00+00:00,0.04,10.868808
2025-04-05 12:00:00+00:00,0.04,15.803967
2025-04-05 13:00:00+00:00,10.0,33.671883
2025-04-05 14:00:00+00:00,13.26,52.312485
2025-04-05 15:00:00+00:00,106.02,68.96254
2025-04-05 16:00:00+00:00,141.42,129.9337
2025-04-05 17:00:00+00:00,165.0,174.02629
2025-04-05 18:00:00+00:00,134.61,166.30824
2025-04-05 19:00:00+00:00,109.64,126.878
2025-04-05 20:00:00+00:00,108.99,115.84808
2025-04-05 21:00:00+00:00,98.2,107.070114
2025-04-05 22:00:00+00:00,82.93,102.67085
2025-04-05 23:00:00+00:00,62.18,89.44006
2025-04-06 00:00:00+00:00,64.25,76.49721
2025-04-06 01:00:00+00:00,70.54,75.53642
2025-04-06 02:00:00+00:00,72.49,77.63792
2025-04-06 03:00:00+00:00,80.34,80.82478
2025-04-06 04:00:00+00:00,79.59,99.57078
2025-04-06 05:00:00+00:00,81.13,78.77252
2025-04-06 06:00:00+00:00,34.67,58.141426
2025-04-06 07:00:00+00:00,0.1,21.522305
2025-04-06 08:00:00+00:00,0.0,-3.9834023
2025-04-06 09:00:00+00:00,0.0,-4.2579446
2025-04-06 10:00:00+00:00,0.0,-3.8793368
2025-04-06 11:00:00+00:00,0.0,-2.50243
2025-04-06 12:00:00+00:00,0.0,-0.061449748
2025-04-06 13:00:00+00:00,0.0,9.917024
2025-04-06 14:00:00+00:00,1.12,18.318892
2025-04-06 15:00:00+00:00,75.15,49.717003
2025-04-06 16:00:00+00:00,141.13,118.20281
2025-04-06 17:00:00+00:00,153.3,165.07637
2025-04-06 18:00:00+00:00,144.9,151.60818
2025-04-06 19:00:00+00:00,125.67,125.494835
2025-04-06 20:00:00+00:00,114.51,116.47862
2025-04-06 21:00:00+00:00,102.15,103.17515
2025-04-06 22:00:00+00:00,89.64,90.81815
2025-04-06 23:00:00+00:00,88.28,77.12269
2025-04-07 00:00:00+00:00,84.66,85.485504
2025-04-07 01:00:00+00:00,86.88,80.778046
2025-04-07 02:00:00+00:00,88.6,95.81675
2025-04-07 03:00:00+00:00,102.06,104.76882
2025-04-07 04:00:00+00:00,132.39,137.8671
2025-04-07 05:00:00+00:00,176.94,162.93951
2025-04-07 06:00:00+00:00,144.41,162.07812
2025-04-07 07:00:00+00:00,108.67,121.156166
2025-04-07 08:00:00+00:00,84.64,75.02632
2025-04-07 09:00:00+00:00,64.81,61.777027
2025-04-07 10:00:00+00:00,44.5,49.831676
2025-04-07 11:00:00+00:00,46.34,43.922817
2025-04-07 12:00:00+00:00,61.1,55.245304
2025-04-07 13:00:00+00:00,85.0,73.07439
2025-04-07 14:00:00+00:00,94.13,96.64453
2025-04-07 15:00:00+00:00,116.7,108.65397
2025-04-07 16:00:00+00:00,166.99,142.20557
2025-04-07 17:00:00+00:00,229.99,188.49568
2025-04-07 18:00:00+00:00,199.39,197.46445
2025-04-07 19:00:00+00:00,153.29,153.9481
2025-04-07 20:00:00+00:00,130.01,126.87666
2025-04-07 21:00:00+00:00,112.57,115.58748
2025-04-07 22:00:00+00:00,95.06,102.63641
2025-04-07 23:00:00+00:00,90.1,89.11642
2025-04-08 00:00:00+00:00,90.91,87.27641
2025-04-08 01:00:00+00:00,92.68,87.77407
2025-04-08 02:00:00+00:00,94.77,93.02146
2025-04-08 03:00:00+00:00,110.59,101.02365
2025-04-08 04:00:00+00:00,153.29,130.2837
2025-04-08 05:00:00+00:00,180.97,172.44269
2025-04-08 06:00:00+00:00,136.77,157.92761
2025-04-08 07:00:00+00:00,91.31,114.36518
2025-04-08 08:00:00+00:00,67.02,73.64224
2025-04-08 09:00:00+00:00,71.33,53.460968
2025-04-08 10:00:00+00:00,47.59,60.697548
2025-04-08 11:00:00+00:00,43.43,50.717777
2025-04-08 12:00:00+00:00,56.46,57.534515
2025-04-08 13:00:00+00:00,85.0,85.91982
2025-04-08 14:00:00+00:00,108.7,101.25232
2025-04-08 15:00:00+00:00,112.85,125.5706
2025-04-08 16:00:00+00:00,197.66,144.79239
2025-04-08 17:00:00+00:00,262.7,229.17717
2025-04-08 18:00:00+00:00,250.43,217.71298
2025-04-08 19:00:00+00:00,153.3,165.05954
2025-04-08 20:00:00+00:00,128.33,132.7708
2025-04-08 21:00:00+00:00,112.67,116.051346
2025-04-08 22:00:00+00:00,117.95,111.94344
2025-04-08 23:00:00+00:00,112.99,115.26276
2025-04-09 00:00:00+00:00,108.69,113.05586
2025-04-09 01:00:00+00:00,107.47,113.83289
2025-04-09 02:00:00+00:00,113.57,117.219154
2025-04-09 03:00:00+00:00,129.24,132.37985
2025-04-09 04:00:00+00:00,164.02,156.70825
2025-04-09 05:00:00+00:00,177.5,169.62201
2025-04-09 06:00:00+00:00,122.51,142.08272
2025-04-09 07:00:00+00:00,93.66,96.18935
2025-04-09 08:00:00+00:00,85.48,65.06308
2025-04-09 09:00:00+00:00,64.38,62.577408
2025-04-09 10:00:00+00:00,15.16,51.80007
2025-04-09 11:00:00+00:00,17.86,17.204868
2025-04-09 12:00:00+00:00,60.0,27.658009
2025-04-09 13:00:00+00:00,80.0,82.71318
2025-04-09 14:00:00+00:00,108.69,98.91579
2025-04-09 15:00:00+00:00,138.66,119.8407
2025-04-09 16:00:00+00:00,210.52,180.55531
2025-04-09 17:00:00+00:00,308.0,258.3194
2025-04-09 18:00:00+00:00,302.32,284.46463
2025-04-09 19:00:00+00:00,203.13,194.90953
2025-04-09 20:00:00+00:00,175.0,171.31175
2025-04-09 21:00:00+00:00,119.96,148.61955
2025-04-09 22:00:00+00:00,114.56,114.44697
2025-04-09 23:00:00+00:00,114.16,111.0427
2025-04-10 00:00:00+00:00,109.65,109.958176
2025-04-10 01:00:00+00:00,97.83,106.16342
2025-04-10 02:00:00+00:00,107.37,104.27479
2025-04-10 03:00:00+00:00,122.83,120.62934
2025-04-10 04:00:00+00:00,153.3,151.70024
2025-04-10 05:00:00+00:00,177.67,163.19919
2025-04-10 06:00:00+00:00,138.19,141.22945
2025-04-10 07:00:00+00:00,63.55,96.773674
2025-04-10 08:00:00+00:00,46.34,44.098896
2025-04-10 09:00:00+00:00,37.15,34.18988
2025-04-10 10:00:00+00:00,16.66,32.03277
2025-04-10 11:00:00+00:00,2.48,16.62668
2025-04-10 12:00:00+00:00,0.09,10.661896
2025-04-10 13:00:00+00:00,9.64,31.099644
2025-04-10 14:00:00+00:00,68.08,56.86671
2025-04-10 15:00:00+00:00,94.01,103.466934
2025-04-10 16:00:00+00:00,117.24,136.30682
2025-04-10 17:00:00+00:00,165.35,159.92435
2025-04-10 18:00:00+00:00,174.89,173.46878
2025-04-10 19:00:00+00:00,136.67,157.1519
2025-04-10 20:00:00+00:00,128.63,133.45416
2025-04-10 21:00:00+00:00,110.12,114.95419
2025-04-10 22:00:00+00:00,79.33,106.74989
2025-04-10 23:00:00+00:00,75.56,89.90913
2025-04-11 00:00:00+00:00,67.4,83.93901
2025-04-11 01:00:00+00:00,68.44,76.7332
2025-04-11 02:00:00+00:00,76.37,79.38119
2025-04-11 03:00:00+00:00,85.56,98.85072
2025-04-11 04:00:00+00:00,110.93,119.322174
2025-04-11 05:00:00+00:00,112.0,131.8364
2025-04-11 06:00:00+00:00,70.32,99.990486
2025-04-11 07:00:00+00:00,62.57,49.926437
2025-04-11 08:00:00+00:00,11.29,45.93521
2025-04-11 09:00:00+00:00,0.28,12.325424
2025-04-11 10:00:00+00:00,0.04,8.74378
2025-04-11 11:00:00+00:00,0.04,7.7689505
2025-04-11 12:00:00+00:00,1.87,12.915091
2025-04-11 13:00:00+00:00,5.0,32.71901
2025-04-11 14:00:00+00:00,47.06,38.374153
2025-04-11 15:00:00+00:00,95.0,75.422226
2025-04-11 16:00:00+00:00,150.7,120.02367
2025-04-11 17:00:00+00:00,215.2,178.79034
2025-04-11 18:00:00+00:00,206.31,188.84184
2025-04-11 19:00:00+00:00,171.23,156.07426
2025-04-11 20:00:00+00:00,145.87,134.5981
2025-04-11 21:00:00+00:00,110.02,121.25473
2025-04-11 22:00:00+00:00,111.15,102.898575
2025-04-11 23:00:00+00:00,107.8,102.51008
2025-04-12 00:00:00+00:00,104.08,103.38968
2025-04-12 01:00:00+00:00,102.09,100.85145
2025-04-12 02:00:00+00:00,102.98,100.77288
2025-04-12 03:00:00+00:00,103.88,103.51417
2025-04-12 04:00:00+00:00,111.07,112.55249
2025-04-12 05:00:00+00:00,106.49,110.50979
2025-04-12 06:00:00+00:00,98.42,90.273575
2025-04-12 07:00:00+00:00,68.98,70.67251
2025-04-12 08:00:00+00:00,20.19,47.183224
2025-04-12 09:00:00+00:00,0.04,15.881133
2025-04-12 10:00:00+00:00,0.04,3.8428454
2025-04-12 11:00:00+00:00,0.04,5.219983
2025-04-12 12:00:00+00:00,0.04,5.012879
2025-04-12 13:00:00+00:00,0.04,21.21824
2025-04-12 14:00:00+00:00,8.44,31.937183
2025-04-12 15:00:00+00:00,90.21,64.46538
2025-04-12 16:00:00+00:00,121.21,123.287636
2025-04-12 17:00:00+00:00,195.49,148.27347
2025-04-12 18:00:00+00:00,206.96,175.3266
2025-04-12 19:00:00+00:00,153.3,159.69748
2025-04-12 20:00:00+00:00,135.86,127.11217
2025-04-12 21:00:00+00:00,111.64,116.18506
2025-04-12 22:00:00+00:00,106.59,103.616295
2025-04-12 23:00:00+00:00,85.01,97.490005
2025-04-13 00:00:00+00:00,64.29,86.310486
2025-04-13 01:00:00+00:00,66.39,76.52333
2025-04-13 02:00:00+00:00,66.22,78.501465
2025-04-13 03:00:00+00:00,96.64,85.079605
2025-04-13 04:00:00+00:00,95.97,99.03489
2025-04-13 05:00:00+00:00,95.0,88.47008
2025-04-13 06:00:00+00:00,13.19,77.45192
2025-04-13 07:00:00+00:00,8.43,14.245014
2025-04-13 08:00:00+00:00,7.0,7.7309833
2025-04-13 09:00:00+00:00,5.0,8.472265
2025-04-13 10:00:00+00:00,5.0,6.8840537
2025-04-13 11:00:00+00:00,0.21,7.6452584
2025-04-13 12:00:00+00:00,5.0,7.9460607
2025-04-13 13:00:00+00:00,16.32,24.246183
2025-04-13 14:00:00+00:00,74.0,45.484062
2025-04-13 15:00:00+00:00,111.3,93.424736
2025-04-13 16:00:00+00:00,135.33,134.54065
2025-04-13 17:00:00+00:00,216.0,166.38548
2025-04-13 18:00:00+00:00,216.0,186.83838
2025-04-13 19:00:00+00:00,153.3,164.2473
2025-04-13 20:00:00+00:00,129.0,129.34706
2025-04-13 21:00:00+00:00,111.51,115.95206
2025-04-13 22:00:00+00:00,91.7,103.65405
2025-04-13 23:00:00+00:00,87.47,87.33884
2025-04-14 00:00:00+00:00,85.75,85.15407
2025-04-14 01:00:00+00:00,86.09,84.994316
2025-04-14 02:00:00+00:00,88.89,86.26909
2025-04-14 03:00:00+00:00,107.44,99.29325
2025-04-14 04:00:00+00:00,124.44,127.6922
2025-04-14 05:00:00+00:00,176.64,151.47179
2025-04-14 06:00:00+00:00,144.23,152.4155
2025-04-14 07:00:00+00:00,112.21,125.3919
2025-04-14 08:00:00+00:00,103.48,95.961945
2025-04-14 09:00:00+00:00,101.98,86.35616
2025-04-14 10:00:00+00:00,100.04,86.36557
2025-04-14 11:00:00+00:00,92.6,92.51038
2025-04-14 12:00:00+00:00,89.18,92.39191
2025-04-14 13:00:00+00:00,95.0,101.42786
2025-04-14 14:00:00+00:00,111.32,106.62627
2025-04-14 15:00:00+00:00,112.52,126.88178
2025-04-14 16:00:00+00:00,182.87,144.91946
2025-04-14 17:00:00+00:00,222.24,232.9055
2025-04-14 18:00:00+00:00,218.85,217.46745
2025-04-14 19:00:00+00:00,173.64,173.67108
2025-04-14 20:00:00+00:00,141.5,144.42593
2025-04-14 21:00:00+00:00,110.65,127.6671
2025-04-14 22:00:00+00:00,83.12,105.53936
2025-04-14 23:00:00+00:00,98.61,86.63169
2025-04-15 00:00:00+00:00,91.74,96.63406
2025-04-15 01:00:00+00:00,84.98,91.18576
2025-04-15 02:00:00+00:00,87.16,89.90384
2025-04-15 03:00:00+00:00,96.19,100.07496
2025-04-15 04:00:00+00:00,115.3,125.727356
2025-04-15 05:00:00+00:00,125.03,149.2625
2025-04-15 06:00:00+00:00,111.19,135.59923
2025-04-15 07:00:00+00:00,112.33,102.353424
2025-04-15 08:00:00+00:00,99.29,100.96352
2025-04-15 09:00:00+00:00,95.48,93.24333
2025-04-15 10:00:00+00:00,100.45,91.97614
2025-04-15 11:00:00+00:00,94.76,97.993195
2025-04-15 12:00:00+00:00,94.75,93.87228
2025-04-15 13:00:00+00:00,99.47,103.377655
2025-04-15 14:00:00+00:00,108.69,110.86363
2025-04-15 15:00:00+00:00,108.2,122.53638
2025-04-15 16:00:00+00:00,113.66,145.96481
2025-04-15 17:00:00+00:00,150.77,148.79399
2025-04-15 18:00:00+00:00,153.2,175.71997
2025-04-15 19:00:00+00:00,116.14,149.1761
2025-04-15 20:00:00+00:00,114.74,119.38712
2025-04-15 21:00:00+00:00,102.23,110.2384
2025-04-15 22:00:00+00:00,101.35,101.09132
2025-04-15 23:00:00+00:00,100.37,101.41589
2025-04-16 00:00:00+00:00,98.61,101.08258
2025-04-16 01:00:00+00:00,94.76,95.392426
2025-04-16 02:00:00+00:00,99.42,96.409615
2025-04-16 03:00:00+00:00,105.85,105.2831
2025-04-16 04:00:00+00:00,126.9,125.80572
2025-04-16 05:00:00+00:00,135.6,141.15233
2025-04-16 06:00:00+00:00,109.94,123.86553
2025-04-16 07:00:00+00:00,53.88,100.47447
2025-04-16 08:00:00+00:00,11.2,50.564026
2025-04-16 09:00:00+00:00,3.0,14.400937
2025-04-16 10:00:00+00:00,0.04,16.119766
2025-04-16 11:00:00+00:00,0.04,15.108737
2025-04-16 12:00:00+00:00,0.04,18.232851
2025-04-16 13:00:00+00:00,11.57,34.402958
2025-04-16 14:00:00+00:00,63.49,66.2657
2025-04-16 15:00:00+00:00,96.36,98.679184
2025-04-16 16:00:00+00:00,118.4,138.17076
2025-04-16 17:00:00+00:00,165.33,155.38617
2025-04-16 18:00:00+00:00,167.99,173.9869
2025-04-16 19:00:00+00:00,122.64,148.18669
2025-04-16 20:00:00+00:00,110.4,117.87314
2025-04-16 21:00:00+00:00,98.59,105.84144
2025-04-16 22:00:00+00:00,91.55,97.79612
2025-04-16 23:00:00+00:00,86.36,92.07605
2025-04-17 00:00:00+00:00,84.87,90.67772
2025-04-17 01:00:00+00:00,84.06,88.693954
2025-04-17 02:00:00+00:00,85.79,88.45856
2025-04-17 03:00:00+00:00,94.83,97.5406
2025-04-17 04:00:00+00:00,110.75,120.51029
2025-04-17 05:00:00+00:00,123.48,126.321495
2025-04-17 06:00:00+00:00,90.37,107.58449
2025-04-17 07:00:00+00:00,51.64,64.935036
2025-04-17 08:00:00+00:00,27.56,35.52439
2025-04-17 09:00:00+00:00,14.81,17.70416
2025-04-17 10:00:00+00:00,8.99,18.19383
2025-04-17 11:00:00+00:00,5.11,12.178033
2025-04-17 12:00:00+00:00,12.78,9.749992
2025-04-17 13:00:00+00:00,73.76,38.673977
2025-04-17 14:00:00+00:00,89.64,81.087425
2025-04-17 15:00:00+00:00,101.89,103.04637
2025-04-17 16:00:00+00:00,115.84,119.754684
2025-04-17 17:00:00+00:00,133.88,142.68816
2025-04-17 18:00:00+00:00,125.47,146.78775
2025-04-17 19:00:00+00:00,113.95,114.114
2025-04-17 20:00:00+00:00,111.92,105.04217
2025-04-17 21:00:00+00:00,96.89,101.67986
2025-04-17 22:00:00+00:00,90.14,88.75488
2025-04-17 23:00:00+00:00,81.53,80.9481
2025-04-18 00:00:00+00:00,78.41,76.17884
2025-04-18 01:00:00+00:00,78.0,73.152855
2025-04-18 02:00:00+00:00,78.96,76.27784
2025-04-18 03:00:00+00:00,78.41,83.24881
2025-04-18 04:00:00+00:00,80.72,89.387856
2025-04-18 05:00:00+00:00,85.74,86.99476
2025-04-18 06:00:00+00:00,86.99,66.83519
2025-04-18 07:00:00+00:00,45.0,62.595783
2025-04-18 08:00:00+00:00,25.0,32.791485
2025-04-18 09:00:00+00:00,9.79,15.086096
2025-04-18 10:00:00+00:00,5.0,7.447061
2025-04-18 11:00:00+00:00,5.0,2.7161272
2025-04-18 12:00:00+00:00,10.13,6.2893724
2025-04-18 13:00:00+00:00,45.2,38.889004
2025-04-18 14:00:00+00:00,80.13,59.823994
2025-04-18 15:00:00+00:00,94.63,96.3202
2025-04-18 16:00:00+00:00,108.69,116.64938
2025-04-18 17:00:00+00:00,129.59,132.90894
2025-04-18 18:00:00+00:00,139.68,136.11176
2025-04-18 19:00:00+00:00,120.66,125.7083
2025-04-18 20:00:00+00:00,111.51,114.769394
2025-04-18 21:00:00+00:00,104.03,101.3569
2025-04-18 22:00:00+00:00,94.0,97.73708
2025-04-18 23:00:00+00:00,83.87,87.04238
2025-04-19 00:00:00+00:00,88.45,82.59307
2025-04-19 01:00:00+00:00,86.62,86.48595
2025-04-19 02:00:00+00:00,89.06,85.565765
2025-04-19 03:00:00+00:00,95.5,89.50665
2025-04-19 04:00:00+00:00,100.2,95.63881
2025-04-19 05:00:00+00:00,96.54,90.72754
2025-04-19 06:00:00+00:00,25.0,68.33889
2025-04-19 07:00:00+00:00,20.0,16.490988
2025-04-19 08:00:00+00:00,12.5,12.146863
2025-04-19 09:00:00+00:00,9.88,4.8268824
2025-04-19 10:00:00+00:00,12.73,10.013128
2025-04-19 11:00:00+00:00,13.33,9.032655
2025-04-19 12:00:00+00:00,25.0,15.187724
2025-04-19 13:00:00+00:00,18.3,36.66631
2025-04-19 14:00:00+00:00,0.2,42.497353
2025-04-19 15:00:00+00:00,69.95,43.15374
2025-04-19 16:00:00+00:00,113.43,99.26375
2025-04-19 17:00:00+00:00,145.06,141.35876
2025-04-19 18:00:00+00:00,175.37,158.69456
2025-04-19 19:00:00+00:00,138.23,141.48807
2025-04-19 20:00:00+00:00,117.5,127.043365
2025-04-19 21:00:00+00:00,100.67,112.2251
2025-04-19 22:00:00+00:00,110.67,100.82559
2025-04-19 23:00:00+00:00,98.48,100.88966
2025-04-20 00:00:00+00:00,96.13,94.132484
2025-04-20 01:00:00+00:00,99.07,93.076096
2025-04-20 02:00:00+00:00,98.4,94.83833
2025-04-20 03:00:00+00:00,97.53,100.05712
2025-04-20 04:00:00+00:00,98.18,97.745316
2025-04-20 05:00:00+00:00,81.51,83.755684
2025-04-20 06:00:00+00:00,10.43,55.052357
2025-04-20 07:00:00+00:00,1.04,5.170457
2025-04-20 08:00:00+00:00,12.36,-1.3371602
2025-04-20 09:00:00+00:00,2.94,6.1336527
2025-04-20 10:00:00+00:00,0.01,5.021995
2025-04-20 11:00:00+00:00,0.0,0.6188582
2025-04-20 12:00:00+00:00,0.0,4.3858314
2025-04-20 13:00:00+00:00,0.0,16.605848
2025-04-20 14:00:00+00:00,0.0,26.327734
2025-04-20 15:00:00+00:00,65.28,39.150974
2025-04-20 16:00:00+00:00,107.21,106.46644
2025-04-20 17:00:00+00:00,113.73,138.97235
2025-04-20 18:00:00+00:00,139.41,142.4728
2025-04-20 19:00:00+00:00,130.5,130.53844
2025-04-20 20:00:00+00:00,121.52,123.46905
2025-04-20 21:00:00+00:00,111.21,110.519936
2025-04-20 22:00:00+00:00,107.29,104.428894
2025-04-20 23:00:00+00:00,99.58,96.91969
2025-04-21 00:00:00+00:00,95.14,94.97014
2025-04-21 01:00:00+00:00,94.99,91.19842
2025-04-21 02:00:00+00:00,98.54,92.252075
2025-04-21 03:00:00+00:00,97.98,110.67581
2025-04-21 04:00:00+00:00,94.43,117.1978
2025-04-21 05:00:00+00:00,88.1,100.65739
2025-04-21 06:00:00+00:00,10.0,79.81367
2025-04-21 07:00:00+00:00,8.44,16.463425
2025-04-21 08:00:00+00:00,2.94,13.352625
2025-04-21 09:00:00+00:00,2.93,11.298391
2025-04-21 10:00:00+00:00,2.94,11.712763
2025-04-21 11:00:00+00:00,2.94,13.024102
2025-04-21 12:00:00+00:00,8.08,19.251444
2025-04-21 13:00:00+00:00,25.0,39.464836
2025-04-21 14:00:00+00:00,45.2,53.31996
2025-04-21 15:00:00+00:00,80.0,74.38661
2025-04-21 16:00:00+00:00,100.45,130.53719
2025-04-21 17:00:00+00:00,121.13,145.9654
2025-04-21 18:00:00+00:00,139.23,154.62404
2025-04-21 19:00:00+00:00,132.1,132.3081
2025-04-21 20:00:00+00:00,122.77,123.60786
2025-04-21 21:00:00+00:00,106.5,110.47663
2025-04-21 22:00:00+00:00,97.3,96.26549
2025-04-21 23:00:00+00:00,90.95,95.06682
2025-04-22 00:00:00+00:00,88.34,89.85426
2025-04-22 01:00:00+00:00,85.81,87.83595
2025-04-22 02:00:00+00:00,86.54,87.43953
2025-04-22 03:00:00+00:00,103.46,95.77964
2025-04-22 04:00:00+00:00,123.91,111.41798
2025-04-22 05:00:00+00:00,151.67,119.92707
2025-04-22 06:00:00+00:00,110.82,110.06155
2025-04-22 07:00:00+00:00,92.63,85.259895
2025-04-22 08:00:00+00:00,50.01,71.55448
2025-04-22 09:00:00+00:00,50.0,42.095116
2025-04-22 10:00:00+00:00,30.4,47.300888
2025-04-22 11:00:00+00:00,50.0,32.968002
2025-04-22 12:00:00+00:00,71.74,56.076015
2025-04-22 13:00:00+00:00,78.95,79.09675
2025-04-22 14:00:00+00:00,86.08,85.07064
2025-04-22 15:00:00+00:00,108.69,96.82366
2025-04-22 16:00:00+00:00,146.0,117.75506
2025-04-22 17:00:00+00:00,225.41,155.28772
2025-04-22 18:00:00+00:00,253.12,200.21077
2025-04-22 19:00:00+00:00,154.57,162.49248
2025-04-22 20:00:00+00:00,129.96,131.64357
2025-04-22 21:00:00+00:00,115.56,120.878944
2025-04-22 22:00:00+00:00,110.3,109.59879
2025-04-22 23:00:00+00:00,101.72,103.45486
2025-04-23 00:00:00+00:00,100.13,97.78705
2025-04-23 01:00:00+00:00,100.08,98.78317
2025-04-23 02:00:00+00:00,104.37,99.55317
2025-04-23 03:00:00+00:00,113.59,110.02758
2025-04-23 04:00:00+00:00,137.46,126.58921
2025-04-23 05:00:00+00:00,144.7,132.85095
2025-04-23 06:00:00+00:00,110.25,109.88988
2025-04-23 07:00:00+00:00,27.6,78.880516
2025-04-23 08:00:00+00:00,21.71,17.387415
2025-04-23 09:00:00+00:00,16.0,16.022581
2025-04-23 10:00:00+00:00,19.39,16.598288
2025-04-23 11:00:00+00:00,60.0,18.647186
2025-04-23 12:00:00+00:00,87.06,56.982475
2025-04-23 13:00:00+00:00,96.01,90.41154
2025-04-23 14:00:00+00:00,102.77,103.78269
2025-04-23 15:00:00+00:00,112.0,115.27059
2025-04-23 16:00:00+00:00,139.97,140.45418
2025-04-23 17:00:00+00:00,185.0,181.66914
2025-04-23 18:00:00+00:00,211.97,182.89172
2025-04-23 19:00:00+00:00,150.0,159.82701
2025-04-23 20:00:00+00:00,113.45,125.77471
2025-04-23 21:00:00+00:00,115.0,109.344406
2025-04-23 22:00:00+00:00,98.65,109.74374
2025-04-23 23:00:00+00:00,94.56,97.27861
2025-04-24 00:00:00+00:00,92.5,92.30126
2025-04-24 01:00:00+00:00,89.93,91.03142
2025-04-24 02:00:00+00:00,93.94,90.61165
2025-04-24 03:00:00+00:00,102.13,104.37311
2025-04-24 04:00:00+00:00,111.44,120.2858
2025-04-24 05:00:00+00:00,119.83,127.76922
2025-04-24 06:00:00+00:00,117.76,106.31503
2025-04-24 07:00:00+00:00,102.13,92.78943
2025-04-24 08:00:00+00:00,93.13,75.20011
2025-04-24 09:00:00+00:00,78.04,71.024475
2025-04-24 10:00:00+00:00,76.74,61.681267
2025-04-24 11:00:00+00:00,70.92,63.942875
2025-04-24 12:00:00+00:00,77.95,70.90715
2025-04-24 13:00:00+00:00,81.15,89.571236
2025-04-24 14:00:00+00:00,86.81,95.29373
2025-04-24 15:00:00+00:00,100.0,101.39944
2025-04-24 16:00:00+00:00,125.93,120.98581
2025-04-24 17:00:00+00:00,123.51,153.68117
2025-04-24 18:00:00+00:00,158.33,140.67802
2025-04-24 19:00:00+00:00,114.48,129.86853
2025-04-24 20:00:00+00:00,106.53,110.061066
2025-04-24 21:00:00+00:00,93.1,102.98379
2025-04-24 22:00:00+00:00,95.64,90.434326
2025-04-24 23:00:00+00:00,84.16,94.13258
2025-04-25 00:00:00+00:00,82.95,84.74915
2025-04-25 01:00:00+00:00,84.68,81.94507
2025-04-25 02:00:00+00:00,86.09,85.2716
2025-04-25 03:00:00+00:00,97.81,91.868355
2025-04-25 04:00:00+00:00,105.5,103.030396
2025-04-25 05:00:00+00:00,113.39,109.05379
2025-04-25 06:00:00+00:00,106.11,105.00614
2025-04-25 07:00:00+00:00,50.03,92.07802
2025-04-25 08:00:00+00:00,42.95,51.957657
2025-04-25 09:00:00+00:00,73.98,42.20208
2025-04-25 10:00:00+00:00,51.29,60.660072
2025-04-25 11:00:00+00:00,50.67,47.323063
2025-04-25 12:00:00+00:00,43.92,51.95542
2025-04-25 13:00:00+00:00,65.54,54.027374
2025-04-25 14:00:00+00:00,80.47,78.17719
2025-04-25 15:00:00+00:00,85.76,93.45074
2025-04-25 16:00:00+00:00,100.69,105.19844
2025-04-25 17:00:00+00:00,116.68,120.71319
2025-04-25 18:00:00+00:00,123.18,132.3243
2025-04-25 19:00:00+00:00,109.63,110.41592
2025-04-25 20:00:00+00:00,100.38,103.842186
2025-04-25 21:00:00+00:00,92.09,97.1747
2025-04-25 22:00:00+00:00,108.7,89.08771
2025-04-25 23:00:00+00:00,94.22,99.25385
2025-04-26 00:00:00+00:00,93.49,88.64356
2025-04-26 01:00:00+00:00,91.85,88.59532
2025-04-26 02:00:00+00:00,91.17,86.576004
2025-04-26 03:00:00+00:00,99.07,92.940956
2025-04-26 04:00:00+00:00,100.08,99.153694
2025-04-26 05:00:00+00:00,97.61,98.43489
2025-04-26 06:00:00+00:00,69.76,86.10914
2025-04-26 07:00:00+00:00,34.45,56.024715
2025-04-26 08:00:00+00:00,2.55,27.609673
2025-04-26 09:00:00+00:00,0.04,8.652149
2025-04-26 10:00:00+00:00,0.04,6.0659423
2025-04-26 11:00:00+00:00,0.04,5.08337
2025-04-26 12:00:00+00:00,0.04,6.168797
2025-04-26 13:00:00+00:00,0.04,21.298841
2025-04-26 14:00:00+00:00,1.0,31.336132
2025-04-26 15:00:00+00:00,57.7,45.66216
2025-04-26 16:00:00+00:00,87.2,88.67439
2025-04-26 17:00:00+00:00,111.16,116.84015
2025-04-26 18:00:00+00:00,115.9,124.80104
2025-04-26 19:00:00+00:00,95.53,111.064545
2025-04-26 20:00:00+00:00,86.11,95.475235
2025-04-26 21:00:00+00:00,73.58,89.34953
2025-04-26 22:00:00+00:00,93.65,84.74784
2025-04-26 23:00:00+00:00,68.89,89.46098
2025-04-27 00:00:00+00:00,58.0,73.36097
2025-04-27 01:00:00+00:00,58.7,67.01505
2025-04-27 02:00:00+00:00,64.39,65.40649
2025-04-27 03:00:00+00:00,67.27,72.231285
2025-04-27 04:00:00+00:00,66.86,71.70079
2025-04-27 05:00:00+00:00,62.52,64.67792
2025-04-27 06:00:00+00:00,35.05,45.312912
2025-04-27 07:00:00+00:00,0.04,19.524008
2025-04-27 08:00:00+00:00,0.04,-2.3805847
2025-04-27 09:00:00+00:00,0.04,-0.6550016
2025-04-27 10:00:00+00:00,0.04,0.76693636
2025-04-27 11:00:00+00:00,0.04,0.6937395
2025-04-27 12:00:00+00:00,0.03,2.1999679
2025-04-27 13:00:00+00:00,0.04,13.259847
2025-04-27 14:00:00+00:00,0.04,22.21897
2025-04-27 15:00:00+00:00,18.36,35.20246
2025-04-27 16:00:00+00:00,93.7,46.77107
2025-04-27 17:00:00+00:00,110.5,107.705086
2025-04-27 18:00:00+00:00,107.36,110.33477
2025-04-27 19:00:00+00:00,100.67,93.66117
2025-04-27 20:00:00+00:00,95.69,90.435776
2025-04-27 21:00:00+00:00,92.61,87.02355
2025-04-27 22:00:00+00:00,93.55,83.935875
2025-04-27 23:00:00+00:00,87.96,81.75438
2025-04-28 00:00:00+00:00,83.64,81.50827
2025-04-28 01:00:00+00:00,86.69,77.81257
2025-04-28 02:00:00+00:00,92.21,82.63397
2025-04-28 03:00:00+00:00,100.5,98.40043
2025-04-28 04:00:00+00:00,139.74,108.6092
2025-04-28 05:00:00+00:00,96.5,120.88563
2025-04-28 06:00:00+00:00,38.31,63.95879
2025-04-28 07:00:00+00:00,12.78,25.378117
2025-04-28 08:00:00+00:00,5.0,7.4383307
2025-04-28 09:00:00+00:00,0.0,5.9927545
2025-04-28 10:00:00+00:00,0.0,7.1341376
2025-04-28 11:00:00+00:00,0.0,6.873366
2025-04-28 12:00:00+00:00,0.0,12.500791
2025-04-28 13:00:00+00:00,0.0,19.73743
2025-04-28 14:00:00+00:00,2.16,26.91409
2025-04-28 15:00:00+00:00,73.32,38.90468
2025-04-28 16:00:00+00:00,110.32,96.05646
2025-04-28 17:00:00+00:00,109.86,128.15228
2025-04-28 18:00:00+00:00,110.4,113.20938
2025-04-28 19:00:00+00:00,104.08,97.94426
2025-04-28 20:00:00+00:00,105.73,94.961006
2025-04-28 21:00:00+00:00,97.01,91.969505
2025-04-28 22:00:00+00:00,92.32,87.01221
2025-04-28 23:00:00+00:00,88.35,80.630325
2025-04-29 00:00:00+00:00,83.48,80.613625
2025-04-29 01:00:00+00:00,81.22,76.48533
2025-04-29 02:00:00+00:00,82.35,77.79423
2025-04-29 03:00:00+00:00,91.99,89.49539
2025-04-29 04:00:00+00:00,97.07,107.81733
2025-04-29 05:00:00+00:00,58.2,92.63347
2025-04-29 06:00:00+00:00,1.38,39.92182
2025-04-29 07:00:00+00:00,3.0,-2.257103
2025-04-29 08:00:00+00:00,0.01,-4.357597
2025-04-29 09:00:00+00:00,0.0,0.54534197
2025-04-29 10:00:00+00:00,0.0,3.0050297
2025-04-29 11:00:00+00:00,-0.01,3.9403486
2025-04-29 12:00:00+00:00,-0.01,10.541807
2025-04-29 13:00:00+00:00,0.0,18.454926
2025-04-29 14:00:00+00:00,15.0,27.884968
2025-04-29 15:00:00+00:00,78.35,49.175247
2025-04-29 16:00:00+00:00,102.0,107.47717
2025-04-29 17:00:00+00:00,107.41,124.09951
2025-04-29 18:00:00+00:00,112.14,115.41866
2025-04-29 19:00:00+00:00,108.82,100.44231
2025-04-29 20:00:00+00:00,107.76,94.8215
2025-04-29 21:00:00+00:00,98.76,93.93194
2025-04-29 22:00:00+00:00,95.0,89.472244
2025-04-29 23:00:00+00:00,90.08,83.50681
2025-04-30 00:00:00+00:00,89.2,83.9065
2025-04-30 01:00:00+00:00,89.46,83.2045
2025-04-30 02:00:00+00:00,90.29,82.919586
2025-04-30 03:00:00+00:00,89.71,97.914505
2025-04-30 04:00:00+00:00,91.35,101.96513
2025-04-30 05:00:00+00:00,48.79,83.63972
2025-04-30 06:00:00+00:00,7.0,37.019794
2025-04-30 07:00:00+00:00,2.99,-0.9132539
2025-04-30 08:00:00+00:00,0.0,-3.4854271
2025-04-30 09:00:00+00:00,0.0,0.5895698
2025-04-30 10:00:00+00:00,0.0,3.992458
2025-04-30 11:00:00+00:00,-0.01,5.7253547
2025-04-30 12:00:00+00:00,-0.01,11.068746
2025-04-30 13:00:00+00:00,-0.01,16.879478
2025-04-30 14:00:00+00:00,4.41,30.368399
2025-04-30 15:00:00+00:00,80.2,41.852978
2025-04-30 16:00:00+00:00,129.35,104.90325
2025-04-30 17:00:00+00:00,163.2,144.901
2025-04-30 18:00:00+00:00,163.2,152.65038
2025-04-30 19:00:00+00:00,127.88,122.63863
2025-04-30 20:00:00+00:00,107.12,104.341675
2025-04-30 21:00:00+00:00,89.19,95.88936
2025-04-30 22:00:00+00:00,99.63,86.32945
2025-04-30 23:00:00+00:00,83.63,87.446884
2025-05-01 00:00:00+00:00,80.19,80.45922
2025-05-01 01:00:00+00:00,77.2,76.02682
2025-05-01 02:00:00+00:00,80.71,71.78124
2025-05-01 03:00:00+00:00,82.04,83.34014
2025-05-01 04:00:00+00:00,81.97,85.498795
2025-05-01 05:00:00+00:00,14.36,74.13343
2025-05-01 06:00:00+00:00,8.77,19.26892
2025-05-01 07:00:00+00:00,0.0,13.365591
2025-05-01 08:00:00+00:00,-3.0,8.225799
2025-05-01 09:00:00+00:00,-20.0,7.2639346
2025-05-01 10:00:00+00:00,-20.0,11.884063
2025-05-01 11:00:00+00:00,-50.0,10.4008465
2025-05-01 12:00:00+00:00,-50.0,12.459775
2025-05-01 13:00:00+00:00,-25.0,27.473
2025-05-01 14:00:00+00:00,-5.17,30.346624
2025-05-01 15:00:00+00:00,7.54,44.187897
2025-05-01 16:00:00+00:00,92.59,72.007385
2025-05-01 17:00:00+00:00,85.95,118.674545
2025-05-01 18:00:00+00:00,82.49,112.399826
2025-05-01 19:00:00+00:00,96.04,96.78264
2025-05-01 20:00:00+00:00,97.1,87.9871
2025-05-01 21:00:00+00:00,86.5,85.474365
2025-05-01 22:00:00+00:00,88.54,80.91035
2025-05-01 23:00:00+00:00,73.03,74.633354
2025-05-02 00:00:00+00:00,62.83,67.01339
2025-05-02 01:00:00+00:00,62.38,61.609234
2025-05-02 02:00:00+00:00,66.33,64.88246
2025-05-02 03:00:00+00:00,76.6,72.08573
2025-05-02 04:00:00+00:00,87.84,82.0718
2025-05-02 05:00:00+00:00,79.75,89.80652
2025-05-02 06:00:00+00:00,13.63,64.06032
2025-05-02 07:00:00+00:00,7.0,5.321495
2025-05-02 08:00:00+00:00,0.02,-0.32050672
2025-05-02 09:00:00+00:00,0.0,5.2675734
2025-05-02 10:00:00+00:00,0.0,1.6250441
2025-05-02 11:00:00+00:00,0.0,0.5927872
2025-05-02 12:00:00+00:00,0.0,5.770796
2025-05-02 13:00:00+00:00,0.0,14.326981
2025-05-02 14:00:00+00:00,0.3,22.54757
2025-05-02 15:00:00+00:00,69.83,29.99996
2025-05-02 16:00:00+00:00,102.45,91.54624
2025-05-02 17:00:00+00:00,125.54,115.63304
2025-05-02 18:00:00+00:00,148.78,126.839455
2025-05-02 19:00:00+00:00,123.13,117.965996
2025-05-02 20:00:00+00:00,108.69,102.944725
2025-05-02 21:00:00+00:00,98.46,95.95078
2025-05-02 22:00:00+00:00,99.47,91.39837
2025-05-02 23:00:00+00:00,95.16,88.60247
2025-05-03 00:00:00+00:00,93.69,87.549774
2025-05-03 01:00:00+00:00,91.95,86.53188
2025-05-03 02:00:00+00:00,89.72,85.562416
2025-05-03 03:00:00+00:00,89.89,89.8291
2025-05-03 04:00:00+00:00,89.0,87.91366
2025-05-03 05:00:00+00:00,74.93,78.66735
2025-05-03 06:00:00+00:00,20.93,46.025078
2025-05-03 07:00:00+00:00,12.59,8.399227
2025-05-03 08:00:00+00:00,0.01,3.6905236
2025-05-03 09:00:00+00:00,0.0,-0.7437189
2025-05-03 10:00:00+00:00,0.0,2.8621907
2025-05-03 11:00:00+00:00,0.0,2.0992677
2025-05-03 12:00:00+00:00,0.0,4.2566967
2025-05-03 13:00:00+00:00,0.0,11.602607
2025-05-03 14:00:00+00:00,0.01,20.54353
2025-05-03 15:00:00+00:00,29.46,34.98441
2025-05-03 16:00:00+00:00,81.71,60.73916
2025-05-03 17:00:00+00:00,94.9,110.55138
2025-05-03 18:00:00+00:00,123.0,118.60179
2025-05-03 19:00:00+00:00,103.17,111.11531
2025-05-03 20:00:00+00:00,85.89,95.203766
2025-05-03 21:00:00+00:00,85.11,84.071205
2025-05-03 22:00:00+00:00,86.02,87.10073
2025-05-03 23:00:00+00:00,52.0,83.20878
2025-05-04 00:00:00+00:00,34.39,62.934277
2025-05-04 01:00:00+00:00,21.14,45.901646
2025-05-04 02:00:00+00:00,20.31,31.664272
2025-05-04 03:00:00+00:00,48.58,35.844616
2025-05-04 04:00:00+00:00,13.62,53.00379
2025-05-04 05:00:00+00:00,7.83,18.602812
2025-05-04 06:00:00+00:00,2.93,-0.3844877
2025-05-04 07:00:00+00:00,0.0,0.26521
2025-05-04 08:00:00+00:00,0.0,-2.9433124
2025-05-04 09:00:00+00:00,0.0,-1.2464769
2025-05-04 10:00:00+00:00,0.0,0.14670138
2025-05-04 11:00:00+00:00,0.0,1.3941008
2025-05-04 12:00:00+00:00,0.0,5.117061
2025-05-04 13:00:00+00:00,0.0,9.754929
2025-05-04 14:00:00+00:00,0.0,14.641751
2025-05-04 15:00:00+00:00,10.54,18.670471
2025-05-04 16:00:00+00:00,83.59,50.351032
2025-05-04 17:00:00+00:00,99.03,100.95897
2025-05-04 18:00:00+00:00,109.01,108.62443
2025-05-04 19:00:00+00:00,106.68,98.408485
2025-05-04 20:00:00+00:00,100.1,91.229675
2025-05-04 21:00:00+00:00,89.78,87.41884
2025-05-04 22:00:00+00:00,69.71,79.92954
2025-05-04 23:00:00+00:00,71.84,64.25373
2025-05-05 00:00:00+00:00,65.71,69.50346
2025-05-05 01:00:00+00:00,67.88,64.02826
2025-05-05 02:00:00+00:00,70.04,68.850555
2025-05-05 03:00:00+00:00,89.09,80.08031
2025-05-05 04:00:00+00:00,106.8,111.385025
2025-05-05 05:00:00+00:00,126.68,110.62253
2025-05-05 06:00:00+00:00,111.0,109.74355
2025-05-05 07:00:00+00:00,96.17,92.3773
2025-05-05 08:00:00+00:00,88.21,75.04683
2025-05-05 09:00:00+00:00,69.17,66.57905
2025-05-05 10:00:00+00:00,50.0,52.407505
2025-05-05 11:00:00+00:00,50.0,45.31792
2025-05-05 12:00:00+00:00,58.85,51.279285
2025-05-05 13:00:00+00:00,60.0,62.849518
2025-05-05 14:00:00+00:00,80.25,68.34036
2025-05-05 15:00:00+00:00,96.71,85.97568
2025-05-05 16:00:00+00:00,115.02,107.94193
2025-05-05 17:00:00+00:00,139.02,128.36963
2025-05-05 18:00:00+00:00,206.32,137.94783
2025-05-05 19:00:00+00:00,130.45,145.98222
2025-05-05 20:00:00+00:00,108.69,110.872604
2025-05-05 21:00:00+00:00,98.27,98.38292
2025-05-05 22:00:00+00:00,85.1,91.388725
2025-05-05 23:00:00+00:00,78.85,81.99766
2025-05-06 00:00:00+00:00,75.98,76.44492
2025-05-06 01:00:00+00:00,74.84,75.49054
2025-05-06 02:00:00+00:00,82.5,75.78122
2025-05-06 03:00:00+00:00,95.12,88.507416
2025-05-06 04:00:00+00:00,111.09,100.737206
2025-05-06 05:00:00+00:00,122.59,116.06316
2025-05-06 06:00:00+00:00,98.87,107.116516
2025-05-06 07:00:00+00:00,82.2,86.52379
2025-05-06 08:00:00+00:00,70.21,72.539825
2025-05-06 09:00:00+00:00,65.45,62.955006
2025-05-06 10:00:00+00:00,55.0,50.977295
2025-05-06 11:00:00+00:00,31.39,46.468426
2025-05-06 12:00:00+00:00,55.0,35.754475
2025-05-06 13:00:00+00:00,77.18,65.44033
2025-05-06 14:00:00+00:00,82.73,83.50627
2025-05-06 15:00:00+00:00,101.79,94.32538
2025-05-06 16:00:00+00:00,120.61,114.40133
2025-05-06 17:00:00+00:00,147.99,140.69135
2025-05-06 18:00:00+00:00,149.25,156.65454
2025-05-06 19:00:00+00:00,131.78,123.169174
2025-05-06 20:00:00+00:00,111.28,111.59955
2025-05-06 21:00:00+00:00,100.45,100.43547
2025-05-06 22:00:00+00:00,96.23,91.37837
2025-05-06 23:00:00+00:00,90.55,88.80864
2025-05-07 00:00:00+00:00,88.7,85.219025
2025-05-07 01:00:00+00:00,91.04,84.585495
2025-05-07 02:00:00+00:00,93.07,86.659454
2025-05-07 03:00:00+00:00,102.38,94.91753
2025-05-07 04:00:00+00:00,126.23,107.54317
2025-05-07 05:00:00+00:00,127.97,119.5324
2025-05-07 06:00:00+00:00,87.65,106.06576
2025-05-07 07:00:00+00:00,22.26,68.979294
2025-05-07 08:00:00+00:00,15.0,18.78133
2025-05-07 09:00:00+00:00,35.0,12.282401
2025-05-07 10:00:00+00:00,18.79,27.50319
2025-05-07 11:00:00+00:00,15.64,16.695824
2025-05-07 12:00:00+00:00,22.49,23.086815
2025-05-07 13:00:00+00:00,35.24,50.9917
2025-05-07 14:00:00+00:00,50.58,56.33723
2025-05-07 15:00:00+00:00,88.98,80.85633
2025-05-07 16:00:00+00:00,113.69,114.96144
2025-05-07 17:00:00+00:00,135.39,152.66945
2025-05-07 18:00:00+00:00,165.52,149.00412
2025-05-07 19:00:00+00:00,130.08,126.66946
2025-05-07 20:00:00+00:00,110.9,111.185295
2025-05-07 21:00:00+00:00,99.48,99.09121
2025-05-07 22:00:00+00:00,99.35,94.54399
2025-05-07 23:00:00+00:00,94.99,92.361374
2025-05-08 00:00:00+00:00,94.87,90.20697
2025-05-08 01:00:00+00:00,97.17,90.55332
2025-05-08 02:00:00+00:00,95.86,94.65967
2025-05-08 03:00:00+00:00,113.64,98.91313
2025-05-08 04:00:00+00:00,127.34,119.18298
2025-05-08 05:00:00+00:00,136.19,117.00239
2025-05-08 06:00:00+00:00,120.74,105.28444
2025-05-08 07:00:00+00:00,88.35,87.83085
2025-05-08 08:00:00+00:00,45.03,57.94933
2025-05-08 09:00:00+00:00,75.0,31.772568
2025-05-08 10:00:00+00:00,59.68,50.018105
2025-05-08 11:00:00+00:00,37.2,48.14411
2025-05-08 12:00:00+00:00,30.0,39.648525
2025-05-08 13:00:00+00:00,65.0,46.877445
2025-05-08 14:00:00+00:00,92.2,73.19013
2025-05-08 15:00:00+00:00,119.19,97.5432
2025-05-08 16:00:00+00:00,145.23,123.714455
2025-05-08 17:00:00+00:00,177.0,152.25027
2025-05-08 18:00:00+00:00,222.3,173.81308
2025-05-08 19:00:00+00:00,161.17,156.08395
2025-05-08 20:00:00+00:00,145.25,126.09886
2025-05-08 21:00:00+00:00,126.23,115.96483
2025-05-08 22:00:00+00:00,101.34,108.76919
2025-05-08 23:00:00+00:00,99.59,97.65268
2025-05-09 00:00:00+00:00,96.66,96.678505
2025-05-09 01:00:00+00:00,97.98,95.83172
2025-05-09 02:00:00+00:00,99.86,96.248375
2025-05-09 03:00:00+00:00,109.13,105.26132
2025-05-09 04:00:00+00:00,134.47,119.30549
2025-05-09 05:00:00+00:00,128.72,129.37032
2025-05-09 06:00:00+00:00,94.37,111.34433
2025-05-09 07:00:00+00:00,84.78,72.65273
2025-05-09 08:00:00+00:00,54.23,63.68153
2025-05-09 09:00:00+00:00,48.0,48.498734
2025-05-09 10:00:00+00:00,48.0,46.48701
2025-05-09 11:00:00+00:00,32.53,43.916664
2025-05-09 12:00:00+00:00,10.0,39.959835
2025-05-09 13:00:00+00:00,31.21,46.794342
2025-05-09 14:00:00+00:00,73.31,60.713264
2025-05-09 15:00:00+00:00,95.32,105.190186
2025-05-09 16:00:00+00:00,128.39,115.39492
2025-05-09 17:00:00+00:00,165.49,161.16757
2025-05-09 18:00:00+00:00,191.34,171.84578
2025-05-09 19:00:00+00:00,153.3,152.87192
2025-05-09 20:00:00+00:00,134.33,130.59071
2025-05-09 21:00:00+00:00,109.17,119.70378
2025-05-09 22:00:00+00:00,119.98,103.91418
2025-05-09 23:00:00+00:00,105.33,108.36715
2025-05-10 00:00:00+00:00,101.13,100.28473
2025-05-10 01:00:00+00:00,96.5,98.202034
2025-05-10 02:00:00+00:00,100.67,94.49975
2025-05-10 03:00:00+00:00,100.46,101.97886
2025-05-10 04:00:00+00:00,97.61,106.76441
2025-05-10 05:00:00+00:00,92.61,95.47213
2025-05-10 06:00:00+00:00,71.18,76.481285
2025-05-10 07:00:00+00:00,10.0,48.80167
2025-05-10 08:00:00+00:00,2.94,3.6110616
2025-05-10 09:00:00+00:00,5.12,-1.9744034
2025-05-10 10:00:00+00:00,5.0,2.3827808
2025-05-10 11:00:00+00:00,3.0,3.628236
2025-05-10 12:00:00+00:00,5.52,9.158975
2025-05-10 13:00:00+00:00,5.11,27.913973
2025-05-10 14:00:00+00:00,66.92,43.80537
2025-05-10 15:00:00+00:00,94.61,88.14063
2025-05-10 16:00:00+00:00,102.16,111.74591
2025-05-10 17:00:00+00:00,120.78,126.21393
2025-05-10 18:00:00+00:00,125.34,135.68033
2025-05-10 19:00:00+00:00,133.69,119.650604
2025-05-10 20:00:00+00:00,114.81,114.2568
2025-05-10 21:00:00+00:00,97.67,102.0076
2025-05-10 22:00:00+00:00,99.35,92.695496
2025-05-10 23:00:00+00:00,98.05,90.55659
2025-05-11 00:00:00+00:00,96.58,91.95108
2025-05-11 01:00:00+00:00,98.54,91.631836
2025-05-11 02:00:00+00:00,98.55,92.340225
2025-05-11 03:00:00+00:00,98.54,94.917
2025-05-11 04:00:00+00:00,90.63,92.664604
2025-05-11 05:00:00+00:00,67.78,78.01706
2025-05-11 06:00:00+00:00,4.96,49.37161
2025-05-11 07:00:00+00:00,0.04,1.9413767
2025-05-11 08:00:00+00:00,0.04,0.16944335
2025-05-11 09:00:00+00:00,0.04,1.1434915
2025-05-11 10:00:00+00:00,0.04,4.6854987
2025-05-11 11:00:00+00:00,0.04,3.6958199
2025-05-11 12:00:00+00:00,0.04,6.379966
2025-05-11 13:00:00+00:00,3.0,16.24581
2025-05-11 14:00:00+00:00,42.64,34.720863
2025-05-11 15:00:00+00:00,87.61,63.669266
2025-05-11 16:00:00+00:00,129.98,99.94079
2025-05-11 17:00:00+00:00,153.3,138.23708
2025-05-11 18:00:00+00:00,184.0,147.12482
2025-05-11 19:00:00+00:00,124.86,149.55226
2025-05-11 20:00:00+00:00,110.68,112.5678
2025-05-11 21:00:00+00:00,104.71,102.22171
2025-05-11 22:00:00+00:00,102.17,97.89767
2025-05-11 23:00:00+00:00,90.74,96.99792
2025-05-12 00:00:00+00:00,89.06,87.79486
2025-05-12 01:00:00+00:00,84.4,87.26151
2025-05-12 02:00:00+00:00,88.17,84.87598
2025-05-12 03:00:00+00:00,105.05,99.08333
2025-05-12 04:00:00+00:00,155.92,114.67347
2025-05-12 05:00:00+00:00,157.53,139.46712
2025-05-12 06:00:00+00:00,120.18,121.6666
2025-05-12 07:00:00+00:00,84.87,98.23546
2025-05-12 08:00:00+00:00,48.26,67.83958
2025-05-12 09:00:00+00:00,38.14,44.56631
2025-05-12 10:00:00+00:00,55.0,37.97655
2025-05-12 11:00:00+00:00,58.0,56.475758
2025-05-12 12:00:00+00:00,57.22,66.45374
2025-05-12 13:00:00+00:00,65.0,71.915535
2025-05-12 14:00:00+00:00,83.33,79.46245
2025-05-12 15:00:00+00:00,111.38,101.12372
2025-05-12 16:00:00+00:00,178.22,136.97621
2025-05-12 17:00:00+00:00,263.17,194.872
2025-05-12 18:00:00+00:00,361.77,254.80515
2025-05-12 19:00:00+00:00,167.76,175.63383
2025-05-12 20:00:00+00:00,163.22,129.44632
2025-05-12 21:00:00+00:00,109.88,128.32448
2025-05-12 22:00:00+00:00,104.56,102.12836
2025-05-12 23:00:00+00:00,95.23,99.17241
2025-05-13 00:00:00+00:00,94.31,90.42777
2025-05-13 01:00:00+00:00,96.39,89.20586
2025-05-13 02:00:00+00:00,99.34,93.67682
2025-05-13 03:00:00+00:00,116.79,101.74363
2025-05-13 04:00:00+00:00,137.26,135.76778
2025-05-13 05:00:00+00:00,128.53,140.04308
2025-05-13 06:00:00+00:00,100.45,112.71666
2025-05-13 07:00:00+00:00,81.78,82.41432
2025-05-13 08:00:00+00:00,29.44,61.435802
2025-05-13 09:00:00+00:00,16.97,26.470892
2025-05-13 10:00:00+00:00,26.74,27.266994
2025-05-13 11:00:00+00:00,36.99,33.191715
2025-05-13 12:00:00+00:00,39.3,49.319775
2025-05-13 13:00:00+00:00,49.63,63.78624
2025-05-13 14:00:00+00:00,87.95,79.82939
2025-05-13 15:00:00+00:00,93.01,117.9838
2025-05-13 16:00:00+00:00,115.26,141.8632
2025-05-13 17:00:00+00:00,175.78,176.78667
2025-05-13 18:00:00+00:00,321.14,196.48898
2025-05-13 19:00:00+00:00,157.84,154.11946
2025-05-13 20:00:00+00:00,128.54,136.15895
2025-05-13 21:00:00+00:00,108.11,113.07217
2025-05-13 22:00:00+00:00,113.82,102.27978
2025-05-13 23:00:00+00:00,104.81,103.67228
2025-05-14 00:00:00+00:00,104.18,100.16379
2025-05-14 01:00:00+00:00,102.11,99.88684
2025-05-14 02:00:00+00:00,102.13,100.247284
2025-05-14 03:00:00+00:00,110.03,111.48024
2025-05-14 04:00:00+00:00,138.55,132.62209
2025-05-14 05:00:00+00:00,122.11,133.30927
2025-05-14 06:00:00+00:00,99.74,100.48247
2025-05-14 07:00:00+00:00,72.56,71.05982
2025-05-14 08:00:00+00:00,9.92,50.108025
2025-05-14 09:00:00+00:00,12.69,9.593124
2025-05-14 10:00:00+00:00,17.79,13.1814785
2025-05-14 11:00:00+00:00,14.17,17.282608
2025-05-14 12:00:00+00:00,15.82,29.597961
2025-05-14 13:00:00+00:00,28.51,49.39057
2025-05-14 14:00:00+00:00,60.4,52.35966
2025-05-14 15:00:00+00:00,116.85,90.20824
2025-05-14 16:00:00+00:00,153.3,136.9483
2025-05-14 17:00:00+00:00,214.54,194.4152
2025-05-14 18:00:00+00:00,353.1,242.79233
2025-05-14 19:00:00+00:00,142.35,176.0667
2025-05-14 20:00:00+00:00,116.67,126.00734
2025-05-14 21:00:00+00:00,107.33,111.328156
2025-05-14 22:00:00+00:00,105.02,106.02895
2025-05-14 23:00:00+00:00,96.8,101.55738
2025-05-15 00:00:00+00:00,94.76,96.96534
2025-05-15 01:00:00+00:00,95.66,95.50704
2025-05-15 02:00:00+00:00,98.04,98.31938
2025-05-15 03:00:00+00:00,105.68,114.47968
2025-05-15 04:00:00+00:00,126.61,128.70082
2025-05-15 05:00:00+00:00,131.0,126.169136
2025-05-15 06:00:00+00:00,99.71,112.032166
2025-05-15 07:00:00+00:00,70.34,74.00864
2025-05-15 08:00:00+00:00,13.62,46.74593
2025-05-15 09:00:00+00:00,21.3,18.126278
2025-05-15 10:00:00+00:00,18.32,23.16352
2025-05-15 11:00:00+00:00,12.77,15.683512
2025-05-15 12:00:00+00:00,35.0,15.103458
2025-05-15 13:00:00+00:00,83.0,50.632748
2025-05-15 14:00:00+00:00,82.0,93.055855
2025-05-15 15:00:00+00:00,108.0,111.7969
2025-05-15 16:00:00+00:00,109.87,140.06274
2025-05-15 17:00:00+00:00,136.98,157.29544
2025-05-15 18:00:00+00:00,166.49,161.42891
2025-05-15 19:00:00+00:00,129.91,131.90172
2025-05-15 20:00:00+00:00,113.27,118.37893
2025-05-15 21:00:00+00:00,107.03,102.742165
2025-05-15 22:00:00+00:00,100.04,97.48782
2025-05-15 23:00:00+00:00,90.16,96.07055
2025-05-16 00:00:00+00:00,87.42,89.09901
2025-05-16 01:00:00+00:00,86.65,89.566216
2025-05-16 02:00:00+00:00,90.49,91.55369
2025-05-16 03:00:00+00:00,97.37,99.42882
2025-05-16 04:00:00+00:00,111.1,119.362976
2025-05-16 05:00:00+00:00,116.65,127.43624
2025-05-16 06:00:00+00:00,108.81,109.82552
2025-05-16 07:00:00+00:00,94.76,96.15773
2025-05-16 08:00:00+00:00,88.15,80.41591
2025-05-16 09:00:00+00:00,60.0,76.48616
2025-05-16 10:00:00+00:00,44.69,58.263046
2025-05-16 11:00:00+00:00,54.09,47.31957
2025-05-16 12:00:00+00:00,60.0,54.633354
2025-05-16 13:00:00+00:00,88.17,74.19359
2025-05-16 14:00:00+00:00,93.23,95.27489
2025-05-16 15:00:00+00:00,106.06,102.22375
2025-05-16 16:00:00+00:00,153.29,117.94469
2025-05-16 17:00:00+00:00,130.34,159.42232
2025-05-16 18:00:00+00:00,196.33,149.81061
2025-05-16 19:00:00+00:00,153.29,153.20865
2025-05-16 20:00:00+00:00,116.86,122.8356
2025-05-16 21:00:00+00:00,119.31,105.86067
2025-05-16 22:00:00+00:00,94.21,106.70695
2025-05-16 23:00:00+00:00,94.36,89.10993
2025-05-17 00:00:00+00:00,89.47,88.82218
2025-05-17 01:00:00+00:00,89.77,86.27489
2025-05-17 02:00:00+00:00,91.05,88.099625
2025-05-17 03:00:00+00:00,95.81,91.65901
2025-05-17 04:00:00+00:00,92.68,97.2308
2025-05-17 05:00:00+00:00,90.5,88.422356
2025-05-17 06:00:00+00:00,60.43,73.5032
2025-05-17 07:00:00+00:00,1.0,54.555393
2025-05-17 08:00:00+00:00,0.0,7.6912117
2025-05-17 09:00:00+00:00,0.0,3.9290526
2025-05-17 10:00:00+00:00,0.0,7.1063786
2025-05-17 11:00:00+00:00,0.0,8.152479
2025-05-17 12:00:00+00:00,0.0,11.973042
2025-05-17 13:00:00+00:00,0.0,29.033426
2025-05-17 14:00:00+00:00,13.63,39.149075
2025-05-17 15:00:00+00:00,57.37,63.92823
2025-05-17 16:00:00+00:00,127.67,101.37268
2025-05-17 17:00:00+00:00,157.11,140.96704
2025-05-17 18:00:00+00:00,205.33,167.9977
2025-05-17 19:00:00+00:00,169.51,151.97202
2025-05-17 20:00:00+00:00,153.29,124.35322
2025-05-17 21:00:00+00:00,147.21,118.21398
2025-05-17 22:00:00+00:00,108.09,114.89726
2025-05-17 23:00:00+00:00,102.45,98.8222
2025-05-18 00:00:00+00:00,99.56,97.74147
2025-05-18 01:00:00+00:00,98.38,94.19815
2025-05-18 02:00:00+00:00,99.34,95.81983
2025-05-18 03:00:00+00:00,99.0,98.75811
2025-05-18 04:00:00+00:00,92.11,92.59604
2025-05-18 05:00:00+00:00,87.99,77.4564
2025-05-18 06:00:00+00:00,45.32,60.2008
2025-05-18 07:00:00+00:00,8.56,32.655487
2025-05-18 08:00:00+00:00,0.0,5.9956794
2025-05-18 09:00:00+00:00,0.0,4.4797697
2025-05-18 10:00:00+00:00,0.0,7.2798777
2025-05-18 11:00:00+00:00,0.0,5.6150904
2025-05-18 12:00:00+00:00,0.0,9.83267
2025-05-18 13:00:00+00:00,0.0,24.231886
2025-05-18 14:00:00+00:00,0.0,29.960705
2025-05-18 15:00:00+00:00,25.34,39.72687
2025-05-18 16:00:00+00:00,96.02,79.939995
2025-05-18 17:00:00+00:00,131.0,130.86644
2025-05-18 18:00:00+00:00,153.3,157.7304
2025-05-18 19:00:00+00:00,132.39,136.92218
2025-05-18 20:00:00+00:00,120.04,122.16763
2025-05-18 21:00:00+00:00,105.82,118.67202
2025-05-18 22:00:00+00:00,112.56,100.183
2025-05-18 23:00:00+00:00,105.98,102.37523
2025-05-19 00:00:00+00:00,99.06,101.61925
2025-05-19 01:00:00+00:00,95.88,95.75626
2025-05-19 02:00:00+00:00,105.75,95.47864
2025-05-19 03:00:00+00:00,118.57,115.53037
2025-05-19 04:00:00+00:00,139.58,141.94861
2025-05-19 05:00:00+00:00,135.16,141.62688
2025-05-19 06:00:00+00:00,89.3,117.43511
2025-05-19 07:00:00+00:00,65.0,69.63597
2025-05-19 08:00:00+00:00,20.03,45.98766
2025-05-19 09:00:00+00:00,29.03,17.907146
2025-05-19 10:00:00+00:00,12.77,28.220179
2025-05-19 11:00:00+00:00,5.0,18.573948
2025-05-19 12:00:00+00:00,8.0,16.877083
2025-05-19 13:00:00+00:00,29.0,41.94369
2025-05-19 14:00:00+00:00,81.99,56.743877
2025-05-19 15:00:00+00:00,105.36,101.93863
2025-05-19 16:00:00+00:00,124.08,130.25642
2025-05-19 17:00:00+00:00,153.29,162.09369
2025-05-19 18:00:00+00:00,230.28,176.11823
2025-05-19 19:00:00+00:00,153.85,174.23749
2025-05-19 20:00:00+00:00,136.23,128.45876
2025-05-19 21:00:00+00:00,119.34,113.198456
2025-05-19 22:00:00+00:00,121.89,107.8342
2025-05-19 23:00:00+00:00,110.55,105.52035
2025-05-20 00:00:00+00:00,107.96,105.617386
2025-05-20 01:00:00+00:00,111.42,103.12112
2025-05-20 02:00:00+00:00,123.84,108.0336
2025-05-20 03:00:00+00:00,133.98,131.72662
2025-05-20 04:00:00+00:00,145.25,146.21626
2025-05-20 05:00:00+00:00,134.4,136.35812
2025-05-20 06:00:00+00:00,88.83,108.676285
2025-05-20 07:00:00+00:00,31.61,67.253204
2025-05-20 08:00:00+00:00,55.0,23.120447
2025-05-20 09:00:00+00:00,15.99,42.502144
2025-05-20 10:00:00+00:00,24.1,19.885666
2025-05-20 11:00:00+00:00,26.34,24.584494
2025-05-20 12:00:00+00:00,38.41,34.96264
2025-05-20 13:00:00+00:00,63.22,52.089794
2025-05-20 14:00:00+00:00,93.92,82.161194
2025-05-20 15:00:00+00:00,109.38,104.64926
2025-05-20 16:00:00+00:00,140.91,129.03732
2025-05-20 17:00:00+00:00,242.78,170.9101
2025-05-20 18:00:00+00:00,298.63,261.5768
2025-05-20 19:00:00+00:00,176.41,162.96805
2025-05-20 20:00:00+00:00,136.97,136.62215
2025-05-20 21:00:00+00:00,114.82,117.35891
2025-05-20 22:00:00+00:00,196.44,112.219
2025-05-20 23:00:00+00:00,180.16,147.37372
2025-05-21 00:00:00+00:00,176.2,148.41745
2025-05-21 01:00:00+00:00,181.11,145.96797
2025-05-21 02:00:00+00:00,193.89,161.16705
2025-05-21 03:00:00+00:00,221.78,182.7215
2025-05-21 04:00:00+00:00,223.97,197.10544
2025-05-21 05:00:00+00:00,138.0,186.10004
2025-05-21 06:00:00+00:00,89.44,118.86225
2025-05-21 07:00:00+00:00,84.82,77.17073
2025-05-21 08:00:00+00:00,42.22,70.7918
2025-05-21 09:00:00+00:00,57.3,39.29861
2025-05-21 10:00:00+00:00,50.0,53.47321
2025-05-21 11:00:00+00:00,45.17,52.52413
2025-05-21 12:00:00+00:00,60.96,49.90351
2025-05-21 13:00:00+00:00,101.77,74.3282
2025-05-21 14:00:00+00:00,117.33,112.93431
2025-05-21 15:00:00+00:00,178.77,133.01804
2025-05-21 16:00:00+00:00,226.18,187.03926
2025-05-21 17:00:00+00:00,292.13,292.34238
2025-05-21 18:00:00+00:00,355.0,323.2893
2025-05-21 19:00:00+00:00,189.04,224.54735
2025-05-21 20:00:00+00:00,158.0,155.49855
2025-05-21 21:00:00+00:00,158.77,131.15393
2025-05-21 22:00:00+00:00,104.93,152.98578
2025-05-21 23:00:00+00:00,95.73,118.33936
2025-05-22 00:00:00+00:00,89.78,99.740105
2025-05-22 01:00:00+00:00,90.54,96.91823
2025-05-22 02:00:00+00:00,90.65,102.27497
2025-05-22 03:00:00+00:00,97.46,113.8772
2025-05-22 04:00:00+00:00,117.39,139.3443
2025-05-22 05:00:00+00:00,120.39,126.0317
2025-05-22 06:00:00+00:00,92.0,101.796364
2025-05-22 07:00:00+00:00,79.17,70.70212
2025-05-22 08:00:00+00:00,50.0,50.050724
2025-05-22 09:00:00+00:00,65.52,38.06223
2025-05-22 10:00:00+00:00,40.89,51.113922
2025-05-22 11:00:00+00:00,50.0,38.93626
2025-05-22 12:00:00+00:00,65.01,56.505768
2025-05-22 13:00:00+00:00,92.96,87.91172
2025-05-22 14:00:00+00:00,88.99,104.966415
2025-05-22 15:00:00+00:00,110.09,112.645836
2025-05-22 16:00:00+00:00,123.79,153.02274
2025-05-22 17:00:00+00:00,132.38,163.16176
2025-05-22 18:00:00+00:00,183.66,172.73488
2025-05-22 19:00:00+00:00,137.35,158.17564
2025-05-22 20:00:00+00:00,121.47,129.5187
2025-05-22 21:00:00+00:00,115.61,120.951096
2025-05-22 22:00:00+00:00,108.5,105.906334
2025-05-22 23:00:00+00:00,99.49,101.1083
2025-05-23 00:00:00+00:00,92.84,94.137856
2025-05-23 01:00:00+00:00,92.53,89.79481
2025-05-23 02:00:00+00:00,100.68,90.41783
2025-05-23 03:00:00+00:00,116.43,104.899796
2025-05-23 04:00:00+00:00,138.42,123.58573
2025-05-23 05:00:00+00:00,145.0,129.63402
2025-05-23 06:00:00+00:00,100.66,118.16044
2025-05-23 07:00:00+00:00,65.0,86.30081
2025-05-23 08:00:00+00:00,55.0,52.520508
2025-05-23 09:00:00+00:00,55.0,50.799133
2025-05-23 10:00:00+00:00,46.18,50.90437
2025-05-23 11:00:00+00:00,45.37,48.50794
2025-05-23 12:00:00+00:00,55.0,57.18231
2025-05-23 13:00:00+00:00,77.37,76.21804
2025-05-23 14:00:00+00:00,98.56,87.67266
2025-05-23 15:00:00+00:00,99.63,108.168144
2025-05-23 16:00:00+00:00,126.87,122.552704
2025-05-23 17:00:00+00:00,149.76,142.26097
2025-05-23 18:00:00+00:00,215.53,175.23608
2025-05-23 19:00:00+00:00,151.61,165.28453
2025-05-23 20:00:00+00:00,129.37,126.16621
2025-05-23 21:00:00+00:00,112.54,117.854675
2025-05-23 22:00:00+00:00,112.45,106.66242
2025-05-23 23:00:00+00:00,98.89,105.05443
2025-05-24 00:00:00+00:00,94.46,97.045906
2025-05-24 01:00:00+00:00,89.91,93.26839
2025-05-24 02:00:00+00:00,89.0,91.627754
2025-05-24 03:00:00+00:00,89.0,95.084175
2025-05-24 04:00:00+00:00,89.99,93.4546
2025-05-24 05:00:00+00:00,78.2,87.74164
2025-05-24 06:00:00+00:00,63.35,69.87522
2025-05-24 07:00:00+00:00,12.26,50.25098
2025-05-24 08:00:00+00:00,0.84,10.430895
2025-05-24 09:00:00+00:00,7.69,4.0140476
2025-05-24 10:00:00+00:00,8.44,11.167968
2025-05-24 11:00:00+00:00,10.23,11.320918
2025-05-24 12:00:00+00:00,14.8,23.530453
2025-05-24 13:00:00+00:00,15.0,48.334908
2025-05-24 14:00:00+00:00,55.09,56.815968
2025-05-24 15:00:00+00:00,70.65,84.094826
2025-05-24 16:00:00+00:00,95.39,114.24544
2025-05-24 17:00:00+00:00,122.53,129.30186
2025-05-24 18:00:00+00:00,176.7,164.91617
2025-05-24 19:00:00+00:00,137.91,148.65546
2025-05-24 20:00:00+00:00,130.29,126.209274
2025-05-24 21:00:00+00:00,102.02,124.967896
2025-05-24 22:00:00+00:00,89.02,101.0402
2025-05-24 23:00:00+00:00,59.22,90.46923
2025-05-25 00:00:00+00:00,25.92,76.69842
2025-05-25 01:00:00+00:00,10.11,37.112553
2025-05-25 02:00:00+00:00,8.0,28.915377
2025-05-25 03:00:00+00:00,6.41,27.608383
2025-05-25 04:00:00+00:00,1.48,22.087471
2025-05-25 05:00:00+00:00,1.41,13.091866
2025-05-25 06:00:00+00:00,3.62,6.829086
2025-05-25 07:00:00+00:00,3.51,4.1142197
2025-05-25 08:00:00+00:00,12.26,5.068841
2025-05-25 09:00:00+00:00,21.64,12.675001
2025-05-25 10:00:00+00:00,30.0,22.089321
2025-05-25 11:00:00+00:00,17.77,30.575157
2025-05-25 12:00:00+00:00,18.09,25.434523
2025-05-25 13:00:00+00:00,30.0,36.76737
2025-05-25 14:00:00+00:00,6.16,46.505196
2025-05-25 15:00:00+00:00,17.52,43.115993
2025-05-25 16:00:00+00:00,68.03,52.380642
2025-05-25 17:00:00+00:00,100.9,108.223305
2025-05-25 18:00:00+00:00,116.37,124.44432
2025-05-25 19:00:00+00:00,103.56,110.025246
2025-05-25 20:00:00+00:00,105.22,103.391365
2025-05-25 21:00:00+00:00,96.25,95.213135
2025-05-25 22:00:00+00:00,95.0,88.25481
2025-05-25 23:00:00+00:00,87.64,80.409256
2025-05-26 00:00:00+00:00,84.68,83.945694
2025-05-26 01:00:00+00:00,83.54,81.13087
2025-05-26 02:00:00+00:00,88.41,83.1398
2025-05-26 03:00:00+00:00,98.55,99.36228
2025-05-26 04:00:00+00:00,92.67,107.10308
2025-05-26 05:00:00+00:00,79.55,95.799736
2025-05-26 06:00:00+00:00,4.7,62.703876
2025-05-26 07:00:00+00:00,4.31,3.771925
2025-05-26 08:00:00+00:00,45.0,2.10847
2025-05-26 09:00:00+00:00,45.0,34.729424
2025-05-26 10:00:00+00:00,33.87,37.50142
2025-05-26 11:00:00+00:00,30.0,29.07745
2025-05-26 12:00:00+00:00,19.84,31.977482
2025-05-26 13:00:00+00:00,13.49,38.99927
2025-05-26 14:00:00+00:00,5.0,49.149357
2025-05-26 15:00:00+00:00,92.0,47.304607
2025-05-26 16:00:00+00:00,129.69,117.13569
2025-05-26 17:00:00+00:00,162.66,163.92418
2025-05-26 18:00:00+00:00,240.25,181.4531
2025-05-26 19:00:00+00:00,175.16,173.12895
2025-05-26 20:00:00+00:00,144.21,130.8015
2025-05-26 21:00:00+00:00,113.87,117.5723
2025-05-26 22:00:00+00:00,105.78,107.51976
2025-05-26 23:00:00+00:00,94.11,99.39115
2025-05-27 00:00:00+00:00,87.61,91.28293
2025-05-27 01:00:00+00:00,85.92,90.14628
2025-05-27 02:00:00+00:00,89.02,91.50551
2025-05-27 03:00:00+00:00,95.86,109.60882
2025-05-27 04:00:00+00:00,111.66,117.084335
2025-05-27 05:00:00+00:00,94.02,113.64096
2025-05-27 06:00:00+00:00,62.59,77.87772
2025-05-27 07:00:00+00:00,35.0,45.002808
2025-05-27 08:00:00+00:00,4.51,24.59875
2025-05-27 09:00:00+00:00,3.43,7.6734676
2025-05-27 10:00:00+00:00,1.32,10.430934
2025-05-27 11:00:00+00:00,2.94,9.654396
2025-05-27 12:00:00+00:00,8.43,12.959352
2025-05-27 13:00:00+00:00,18.82,42.088337
2025-05-27 14:00:00+00:00,61.0,54.235115
2025-05-27 15:00:00+00:00,92.0,92.18884
2025-05-27 16:00:00+00:00,117.2,127.39099
2025-05-27 17:00:00+00:00,143.95,164.39987
2025-05-27 18:00:00+00:00,218.84,185.35924
2025-05-27 19:00:00+00:00,148.57,175.95
2025-05-27 20:00:00+00:00,118.86,126.20014
2025-05-27 21:00:00+00:00,99.37,111.07792
2025-05-27 22:00:00+00:00,92.02,102.06401
2025-05-27 23:00:00+00:00,76.94,96.681885
2025-05-28 00:00:00+00:00,74.1,85.214615
2025-05-28 01:00:00+00:00,69.61,85.2228
2025-05-28 02:00:00+00:00,73.3,86.647255
2025-05-28 03:00:00+00:00,84.18,105.40056
2025-05-28 04:00:00+00:00,98.79,113.68711
2025-05-28 05:00:00+00:00,102.78,102.61594
2025-05-28 06:00:00+00:00,85.52,82.6373
2025-05-28 07:00:00+00:00,21.36,68.04706
2025-05-28 08:00:00+00:00,15.64,18.107634
2025-05-28 09:00:00+00:00,18.01,14.335076
2025-05-28 10:00:00+00:00,31.59,20.502768
2025-05-28 11:00:00+00:00,27.06,33.976986
2025-05-28 12:00:00+00:00,52.0,38.426888
2025-05-28 13:00:00+00:00,59.56,67.68838
2025-05-28 14:00:00+00:00,76.13,80.679794
2025-05-28 15:00:00+00:00,112.06,108.74314
2025-05-28 16:00:00+00:00,130.9,142.91266
2025-05-28 17:00:00+00:00,141.38,167.26909
2025-05-28 18:00:00+00:00,172.95,184.34082
2025-05-28 19:00:00+00:00,138.98,147.43773
2025-05-28 20:00:00+00:00,124.41,123.82672
2025-05-28 21:00:00+00:00,110.83,119.45669
2025-05-28 22:00:00+00:00,96.74,101.51959
2025-05-28 23:00:00+00:00,92.31,91.855095
2025-05-29 00:00:00+00:00,90.42,90.33542
2025-05-29 01:00:00+00:00,89.99,89.671776
2025-05-29 02:00:00+00:00,89.78,90.08908
2025-05-29 03:00:00+00:00,90.25,98.71636
2025-05-29 04:00:00+00:00,98.77,105.39382
2025-05-29 05:00:00+00:00,82.37,101.17783
2025-05-29 06:00:00+00:00,59.6,74.42941
2025-05-29 07:00:00+00:00,30.0,52.57977
2025-05-29 08:00:00+00:00,18.0,24.132284
2025-05-29 09:00:00+00:00,2.94,18.942
2025-05-29 10:00:00+00:00,5.61,7.776944
2025-05-29 11:00:00+00:00,10.53,12.821036
2025-05-29 12:00:00+00:00,12.05,24.780844
2025-05-29 13:00:00+00:00,19.75,46.632355
2025-05-29 14:00:00+00:00,33.63,57.065388
2025-05-29 15:00:00+00:00,82.45,76.78439
2025-05-29 16:00:00+00:00,108.54,118.67989
2025-05-29 17:00:00+00:00,110.03,146.08728
2025-05-29 18:00:00+00:00,105.98,140.32123
2025-05-29 19:00:00+00:00,104.1,110.758675
2025-05-29 20:00:00+00:00,102.69,105.76627
2025-05-29 21:00:00+00:00,85.68,99.834625
2025-05-29 22:00:00+00:00,73.19,86.124626
2025-05-29 23:00:00+00:00,57.81,75.93251
2025-05-30 00:00:00+00:00,41.35,66.303566
2025-05-30 01:00:00+00:00,33.95,47.917965
2025-05-30 02:00:00+00:00,37.39,44.517326
2025-05-30 03:00:00+00:00,57.25,55.121826
2025-05-30 04:00:00+00:00,84.99,74.45842
2025-05-30 05:00:00+00:00,64.0,89.86544
2025-05-30 06:00:00+00:00,53.01,55.39047
2025-05-30 07:00:00+00:00,29.13,42.900578
2025-05-30 08:00:00+00:00,2.94,18.311325
2025-05-30 09:00:00+00:00,2.94,5.8742905
2025-05-30 10:00:00+00:00,4.02,4.972507
2025-05-30 11:00:00+00:00,0.77,5.451056
2025-05-30 12:00:00+00:00,0.04,10.760014
2025-05-30 13:00:00+00:00,0.12,19.439455
2025-05-30 14:00:00+00:00,0.14,29.343388
2025-05-30 15:00:00+00:00,29.2,37.296078
2025-05-30 16:00:00+00:00,80.72,68.77409
2025-05-30 17:00:00+00:00,58.04,105.97912
2025-05-30 18:00:00+00:00,57.84,105.26462
2025-05-30 19:00:00+00:00,51.52,72.273346
2025-05-30 20:00:00+00:00,85.0,66.27041
2025-05-30 21:00:00+00:00,85.0,82.77513
2025-05-30 22:00:00+00:00,102.99,80.455894
2025-05-30 23:00:00+00:00,81.09,84.55619
2025-05-31 00:00:00+00:00,72.79,78.63264
2025-05-31 01:00:00+00:00,59.21,70.615555
2025-05-31 02:00:00+00:00,58.26,62.115612
2025-05-31 03:00:00+00:00,45.9,62.865154
2025-05-31 04:00:00+00:00,40.0,55.467712
2025-05-31 05:00:00+00:00,10.0,42.134304
2025-05-31 06:00:00+00:00,3.23,13.582533
2025-05-31 07:00:00+00:00,1.0,-0.8478825
2025-05-31 08:00:00+00:00,0.04,1.2321386
2025-05-31 09:00:00+00:00,0.04,-0.35790306
2025-05-31 10:00:00+00:00,0.04,1.8912061
2025-05-31 11:00:00+00:00,0.04,2.583126
2025-05-31 12:00:00+00:00,0.04,3.9411836
2025-05-31 13:00:00+00:00,0.04,10.459841
2025-05-31 14:00:00+00:00,0.03,19.984493
2025-05-31 15:00:00+00:00,43.43,25.609213
2025-05-31 16:00:00+00:00,84.02,63.698116
2025-05-31 17:00:00+00:00,100.0,96.39165
2025-05-31 18:00:00+00:00,127.83,102.02651
2025-05-31 19:00:00+00:00,112.04,106.30527
2025-05-31 20:00:00+00:00,117.49,98.52006
2025-05-31 21:00:00+00:00,103.19,98.44817
2025-05-31 22:00:00+00:00,98.69,91.34885
2025-05-31 23:00:00+00:00,85.15,81.44613
2025-06-01 00:00:00+00:00,79.58,76.45806
2025-06-01 01:00:00+00:00,72.89,65.64485
2025-06-01 02:00:00+00:00,69.74,61.82457
2025-06-01 03:00:00+00:00,63.38,61.075054
2025-06-01 04:00:00+00:00,34.87,52.192165
2025-06-01 05:00:00+00:00,13.0,22.800165
2025-06-01 06:00:00+00:00,2.4,2.8272943
2025-06-01 07:00:00+00:00,0.0,-0.50691926
2025-06-01 08:00:00+00:00,0.0,-2.4872334
2025-06-01 09:00:00+00:00,0.0,-0.8354092
2025-06-01 10:00:00+00:00,0.0,2.2527177
2025-06-01 11:00:00+00:00,0.0,0.8296854
2025-06-01 12:00:00+00:00,0.0,2.7012372
2025-06-01 13:00:00+00:00,0.0,12.328341
2025-06-01 14:00:00+00:00,0.0,16.885027
2025-06-01 15:00:00+00:00,26.1,23.815123
2025-06-01 16:00:00+00:00,88.36,50.85779
2025-06-01 17:00:00+00:00,151.93,105.846504
2025-06-01 18:00:00+00:00,139.79,150.46085
2025-06-01 19:00:00+00:00,135.99,121.66735
2025-06-01 20:00:00+00:00,110.54,113.329025
2025-06-01 21:00:00+00:00,97.81,100.8776
2025-06-01 22:00:00+00:00,93.62,92.13506
2025-06-01 23:00:00+00:00,87.8,85.12503
2025-06-02 00:00:00+00:00,82.44,83.193825
2025-06-02 01:00:00+00:00,83.34,79.95132
2025-06-02 02:00:00+00:00,96.45,82.48806
2025-06-02 03:00:00+00:00,102.89,104.52662
2025-06-02 04:00:00+00:00,111.63,109.91839
2025-06-02 05:00:00+00:00,108.85,106.3731
2025-06-02 06:00:00+00:00,92.5,92.88252
2025-06-02 07:00:00+00:00,84.21,69.540596
2025-06-02 08:00:00+00:00,49.21,56.420822
2025-06-02 09:00:00+00:00,33.21,40.500023
2025-06-02 10:00:00+00:00,20.0,35.030525
2025-06-02 11:00:00+00:00,12.78,27.975761
2025-06-02 12:00:00+00:00,11.0,25.011461
2025-06-02 13:00:00+00:00,19.75,43.325325
2025-06-02 14:00:00+00:00,60.0,48.05934
2025-06-02 15:00:00+00:00,97.01,79.67405
2025-06-02 16:00:00+00:00,157.48,135.57178
2025-06-02 17:00:00+00:00,215.35,214.56693
2025-06-02 18:00:00+00:00,260.95,237.67528
2025-06-02 19:00:00+00:00,136.58,185.60016
2025-06-02 20:00:00+00:00,115.29,121.86853
2025-06-02 21:00:00+00:00,121.84,108.2116
2025-06-02 22:00:00+00:00,117.47,109.00705
2025-06-02 23:00:00+00:00,115.08,104.308136
2025-06-03 00:00:00+00:00,106.53,111.04929
2025-06-03 01:00:00+00:00,104.42,101.75438
2025-06-03 02:00:00+00:00,106.45,103.14557
2025-06-03 03:00:00+00:00,122.0,114.76206
2025-06-03 04:00:00+00:00,140.46,132.44005
2025-06-03 05:00:00+00:00,124.4,131.9296
2025-06-03 06:00:00+00:00,85.26,102.284645
2025-06-03 07:00:00+00:00,34.4,66.27077
2025-06-03 08:00:00+00:00,5.83,22.992579
2025-06-03 09:00:00+00:00,5.48,8.706024
2025-06-03 10:00:00+00:00,6.72,8.826806
2025-06-03 11:00:00+00:00,5.12,12.962045
2025-06-03 12:00:00+00:00,3.35,12.9465065
2025-06-03 13:00:00+00:00,9.92,34.09298
2025-06-03 14:00:00+00:00,45.22,50.95945
2025-06-03 15:00:00+00:00,90.76,71.768745
2025-06-03 16:00:00+00:00,143.72,128.58147
2025-06-03 17:00:00+00:00,165.55,204.31427
2025-06-03 18:00:00+00:00,251.65,203.87883
2025-06-03 19:00:00+00:00,153.71,173.23128
2025-06-03 20:00:00+00:00,121.36,125.46424
2025-06-03 21:00:00+00:00,131.53,113.924385
2025-06-03 22:00:00+00:00,119.95,112.57623
2025-06-03 23:00:00+00:00,97.11,106.37923
2025-06-04 00:00:00+00:00,88.57,95.12466
2025-06-04 01:00:00+00:00,87.58,88.672775
2025-06-04 02:00:00+00:00,93.67,89.44688
2025-06-04 03:00:00+00:00,98.87,108.651985
2025-06-04 04:00:00+00:00,101.45,117.6962
2025-06-04 05:00:00+00:00,112.12,106.546684
2025-06-04 06:00:00+00:00,48.4,92.62112
2025-06-04 07:00:00+00:00,31.41,36.10027
2025-06-04 08:00:00+00:00,12.78,21.697273
2025-06-04 09:00:00+00:00,12.1,12.385942
2025-06-04 10:00:00+00:00,9.53,17.392277
2025-06-04 11:00:00+00:00,9.69,14.272743
2025-06-04 12:00:00+00:00,18.5,20.05081
2025-06-04 13:00:00+00:00,51.48,43.541534
2025-06-04 14:00:00+00:00,86.33,69.3968
2025-06-04 15:00:00+00:00,117.59,103.864815
2025-06-04 16:00:00+00:00,121.39,152.8187
2025-06-04 17:00:00+00:00,213.95,174.71356
2025-06-04 18:00:00+00:00,339.78,239.33745
2025-06-04 19:00:00+00:00,248.01,181.70755
2025-06-04 20:00:00+00:00,156.36,167.99072
2025-06-04 21:00:00+00:00,128.71,131.41997
2025-06-04 22:00:00+00:00,120.77,114.44543
2025-06-04 23:00:00+00:00,108.77,107.22532
2025-06-05 00:00:00+00:00,100.02,103.91502
2025-06-05 01:00:00+00:00,98.19,96.62894
2025-06-05 02:00:00+00:00,101.21,98.56145
2025-06-05 03:00:00+00:00,106.97,110.79698
2025-06-05 04:00:00+00:00,111.48,115.34264
2025-06-05 05:00:00+00:00,127.78,110.83547
2025-06-05 06:00:00+00:00,101.93,103.91926
2025-06-05 07:00:00+00:00,79.51,79.43818
2025-06-05 08:00:00+00:00,66.34,50.90731
2025-06-05 09:00:00+00:00,48.97,49.3863
2025-06-05 10:00:00+00:00,20.41,40.58877
2025-06-05 11:00:00+00:00,12.27,23.736639
2025-06-05 12:00:00+00:00,8.52,25.940453
2025-06-05 13:00:00+00:00,23.54,40.80524
2025-06-05 14:00:00+00:00,79.07,57.862747
2025-06-05 15:00:00+00:00,98.84,106.30758
2025-06-05 16:00:00+00:00,138.32,139.5754
2025-06-05 17:00:00+00:00,175.51,205.20451
2025-06-05 18:00:00+00:00,262.51,182.21484
2025-06-05 19:00:00+00:00,135.53,190.12509
2025-06-05 20:00:00+00:00,118.68,129.9364
2025-06-05 21:00:00+00:00,117.87,116.00718
2025-06-05 22:00:00+00:00,103.57,111.302765
2025-06-05 23:00:00+00:00,120.2,99.0295
2025-06-06 00:00:00+00:00,108.37,110.79221
2025-06-06 01:00:00+00:00,102.2,103.251816
2025-06-06 02:00:00+00:00,108.5,98.76103
2025-06-06 03:00:00+00:00,98.25,113.861534
2025-06-06 04:00:00+00:00,107.69,108.61149
2025-06-06 05:00:00+00:00,98.9,112.26247
2025-06-06 06:00:00+00:00,67.34,83.63361
2025-06-06 07:00:00+00:00,8.44,55.525806
2025-06-06 08:00:00+00:00,0.04,8.154596
2025-06-06 09:00:00+00:00,1.98,4.508677
2025-06-06 10:00:00+00:00,12.73,9.398763
2025-06-06 11:00:00+00:00,28.47,16.439886
2025-06-06 12:00:00+00:00,24.7,32.57082
2025-06-06 13:00:00+00:00,42.08,44.800495
2025-06-06 14:00:00+00:00,82.1,62.507286
2025-06-06 15:00:00+00:00,138.02,97.61132
2025-06-06 16:00:00+00:00,209.72,179.83556
2025-06-06 17:00:00+00:00,146.92,230.74406
2025-06-06 18:00:00+00:00,190.2,179.67218
2025-06-06 19:00:00+00:00,136.97,149.0965
2025-06-06 20:00:00+00:00,125.37,114.5129
2025-06-06 21:00:00+00:00,109.17,112.18127
2025-06-06 22:00:00+00:00,103.83,104.513084
2025-06-06 23:00:00+00:00,99.5,104.53789
2025-06-07 00:00:00+00:00,96.12,99.069756
2025-06-07 01:00:00+00:00,96.25,96.88041
2025-06-07 02:00:00+00:00,91.51,96.85972
2025-06-07 03:00:00+00:00,90.21,93.628944
2025-06-07 04:00:00+00:00,81.23,92.21486
2025-06-07 05:00:00+00:00,80.58,78.824356
2025-06-07 06:00:00+00:00,73.7,61.767513
2025-06-07 07:00:00+00:00,59.48,44.866142
2025-06-07 08:00:00+00:00,13.71,40.198505
2025-06-07 09:00:00+00:00,9.44,16.287779
2025-06-07 10:00:00+00:00,1.19,11.6376
2025-06-07 11:00:00+00:00,0.04,7.546703
2025-06-07 12:00:00+00:00,0.04,8.3477745
2025-06-07 13:00:00+00:00,0.04,24.088076
2025-06-07 14:00:00+00:00,5.09,37.650314
2025-06-07 15:00:00+00:00,89.21,62.81104
2025-06-07 16:00:00+00:00,135.63,120.2975
2025-06-07 17:00:00+00:00,182.64,172.9652
2025-06-07 18:00:00+00:00,143.86,199.94815
2025-06-07 19:00:00+00:00,120.44,133.56825
2025-06-07 20:00:00+00:00,123.32,112.14544
2025-06-07 21:00:00+00:00,118.45,108.741356
2025-06-07 22:00:00+00:00,96.01,106.68407
2025-06-07 23:00:00+00:00,88.63,92.358154
2025-06-08 00:00:00+00:00,86.39,88.235245
2025-06-08 01:00:00+00:00,84.11,85.70084
2025-06-08 02:00:00+00:00,78.96,83.27756
2025-06-08 03:00:00+00:00,65.93,78.48011
2025-06-08 04:00:00+00:00,45.44,63.029808
2025-06-08 05:00:00+00:00,4.01,45.44275
2025-06-08 06:00:00+00:00,0.0,6.7680945
2025-06-08 07:00:00+00:00,0.0,2.614699
2025-06-08 08:00:00+00:00,0.0,-0.35309517
2025-06-08 09:00:00+00:00,0.0,0.9619233
2025-06-08 10:00:00+00:00,0.0,3.7948148
2025-06-08 11:00:00+00:00,0.0,3.670598
2025-06-08 12:00:00+00:00,0.0,5.7945437
2025-06-08 13:00:00+00:00,0.59,16.63762
2025-06-08 14:00:00+00:00,14.45,24.971498
2025-06-08 15:00:00+00:00,91.58,48.85695
2025-06-08 16:00:00+00:00,157.8,110.51672
2025-06-08 17:00:00+00:00,151.36,176.78096
2025-06-08 18:00:00+00:00,177.62,167.39229
2025-06-08 19:00:00+00:00,159.02,153.09956
2025-06-08 20:00:00+00:00,124.71,131.17403
2025-06-08 21:00:00+00:00,100.94,113.49544
2025-06-08 22:00:00+00:00,99.12,97.41078
2025-06-08 23:00:00+00:00,94.51,92.32805
2025-06-09 00:00:00+00:00,87.49,90.48888
2025-06-09 01:00:00+00:00,85.21,85.672615
2025-06-09 02:00:00+00:00,87.33,89.58334
2025-06-09 03:00:00+00:00,91.81,103.05835
2025-06-09 04:00:00+00:00,93.32,107.85828
2025-06-09 05:00:00+00:00,89.91,100.317184
2025-06-09 06:00:00+00:00,63.08,76.714645
2025-06-09 07:00:00+00:00,16.3,54.69098
2025-06-09 08:00:00+00:00,9.85,19.670319
2025-06-09 09:00:00+00:00,14.56,12.433971
2025-06-09 10:00:00+00:00,12.57,23.522573
2025-06-09 11:00:00+00:00,10.7,20.497276
2025-06-09 12:00:00+00:00,13.87,23.743399
2025-06-09 13:00:00+00:00,14.24,44.451054
2025-06-09 14:00:00+00:00,10.0,48.651165
2025-06-09 15:00:00+00:00,87.84,64.26687
2025-06-09 16:00:00+00:00,122.93,132.41325
2025-06-09 17:00:00+00:00,136.49,206.24146
2025-06-09 18:00:00+00:00,153.75,184.04091
2025-06-09 19:00:00+00:00,135.0,146.6065
2025-06-09 20:00:00+00:00,124.85,119.97938
2025-06-09 21:00:00+00:00,106.28,112.45952
2025-06-09 22:00:00+00:00,89.91,100.00696
2025-06-09 23:00:00+00:00,81.81,89.713615
2025-06-10 00:00:00+00:00,71.07,83.423904
2025-06-10 01:00:00+00:00,61.82,76.608986
2025-06-10 02:00:00+00:00,56.22,73.51903
2025-06-10 03:00:00+00:00,70.35,77.4958
2025-06-10 04:00:00+00:00,81.73,87.28807
2025-06-10 05:00:00+00:00,85.1,82.63236
2025-06-10 06:00:00+00:00,86.14,66.531166
2025-06-10 07:00:00+00:00,65.81,56.63679
2025-06-10 08:00:00+00:00,23.09,47.403
2025-06-10 09:00:00+00:00,8.75,18.041182
2025-06-10 10:00:00+00:00,11.5,11.693812
2025-06-10 11:00:00+00:00,14.05,15.3069515
2025-06-10 12:00:00+00:00,30.39,24.57645
2025-06-10 13:00:00+00:00,62.32,44.2717
2025-06-10 14:00:00+00:00,89.13,70.98859
2025-06-10 15:00:00+00:00,105.72,99.8212
2025-06-10 16:00:00+00:00,134.92,135.95331
2025-06-10 17:00:00+00:00,155.0,168.16148
2025-06-10 18:00:00+00:00,179.55,172.53549
2025-06-10 19:00:00+00:00,139.09,151.27092
2025-06-10 20:00:00+00:00,102.18,116.299515
2025-06-10 21:00:00+00:00,97.75,99.88796
2025-06-10 22:00:00+00:00,81.11,94.64479
2025-06-10 23:00:00+00:00,74.99,79.51104
2025-06-11 00:00:00+00:00,68.99,75.83994
2025-06-11 01:00:00+00:00,72.64,71.059326
2025-06-11 02:00:00+00:00,73.35,76.59104
2025-06-11 03:00:00+00:00,87.65,81.840195
2025-06-11 04:00:00+00:00,109.64,97.67642
2025-06-11 05:00:00+00:00,88.42,105.315865
2025-06-11 06:00:00+00:00,82.32,70.552605
2025-06-11 07:00:00+00:00,59.79,59.70268
2025-06-11 08:00:00+00:00,20.0,43.37761
2025-06-11 09:00:00+00:00,4.38,18.852837
2025-06-11 10:00:00+00:00,8.36,9.012971
2025-06-11 11:00:00+00:00,10.23,11.142234
2025-06-11 12:00:00+00:00,15.07,19.754534
2025-06-11 13:00:00+00:00,33.52,44.506172
2025-06-11 14:00:00+00:00,79.2,60.746563
2025-06-11 15:00:00+00:00,104.96,102.57581
2025-06-11 16:00:00+00:00,141.78,139.31244
2025-06-11 17:00:00+00:00,150.59,196.64293
2025-06-11 18:00:00+00:00,219.16,212.88985
2025-06-11 19:00:00+00:00,185.7,190.57204
2025-06-11 20:00:00+00:00,123.18,146.27426
2025-06-11 21:00:00+00:00,103.67,110.67462
2025-06-11 22:00:00+00:00,107.36,100.96973
2025-06-11 23:00:00+00:00,90.0,98.25644
2025-06-12 00:00:00+00:00,84.77,90.313194
2025-06-12 01:00:00+00:00,85.12,87.6352
2025-06-12 02:00:00+00:00,89.35,89.3193
2025-06-12 03:00:00+00:00,96.89,98.57221
2025-06-12 04:00:00+00:00,111.79,114.93361
2025-06-12 05:00:00+00:00,79.62,113.42502
2025-06-12 06:00:00+00:00,77.27,70.042755
2025-06-12 07:00:00+00:00,36.67,57.904415
2025-06-12 08:00:00+00:00,0.01,31.751352
2025-06-12 09:00:00+00:00,7.0,5.7377124
2025-06-12 10:00:00+00:00,13.95,14.804195
2025-06-12 11:00:00+00:00,15.0,23.756092
2025-06-12 12:00:00+00:00,31.86,25.457466
2025-06-12 13:00:00+00:00,40.34,46.199116
2025-06-12 14:00:00+00:00,63.75,62.145847
2025-06-12 15:00:00+00:00,91.33,96.78489
2025-06-12 16:00:00+00:00,130.91,129.85425
2025-06-12 17:00:00+00:00,189.44,200.38345
2025-06-12 18:00:00+00:00,220.26,237.90932
2025-06-12 19:00:00+00:00,152.25,172.63745
2025-06-12 20:00:00+00:00,127.74,119.73263
2025-06-12 21:00:00+00:00,107.26,110.946365
2025-06-12 22:00:00+00:00,111.99,99.194496
2025-06-12 23:00:00+00:00,96.95,103.09414
2025-06-13 00:00:00+00:00,91.54,93.59408
2025-06-13 01:00:00+00:00,88.88,89.30061
2025-06-13 02:00:00+00:00,86.82,89.75141
2025-06-13 03:00:00+00:00,94.34,101.96938
2025-06-13 04:00:00+00:00,101.36,107.971985
2025-06-13 05:00:00+00:00,87.38,103.14683
2025-06-13 06:00:00+00:00,76.04,75.88594
2025-06-13 07:00:00+00:00,40.2,60.443336
2025-06-13 08:00:00+00:00,8.44,29.216152
2025-06-13 09:00:00+00:00,12.78,10.574878
2025-06-13 10:00:00+00:00,15.0,17.686592
2025-06-13 11:00:00+00:00,20.0,22.695793
2025-06-13 12:00:00+00:00,30.91,28.365875
2025-06-13 13:00:00+00:00,52.18,45.30379
2025-06-13 14:00:00+00:00,76.93,70.51676
2025-06-13 15:00:00+00:00,102.06,100.85625
2025-06-13 16:00:00+00:00,122.36,148.20927
2025-06-13 17:00:00+00:00,190.0,174.96161
2025-06-13 18:00:00+00:00,175.94,209.17696
2025-06-13 19:00:00+00:00,157.62,142.28035
2025-06-13 20:00:00+00:00,132.13,126.00082
2025-06-13 21:00:00+00:00,115.16,113.73706
2025-06-13 22:00:00+00:00,110.51,107.317276
2025-06-13 23:00:00+00:00,93.08,101.128204
2025-06-14 00:00:00+00:00,87.33,89.74587
2025-06-14 01:00:00+00:00,82.11,85.66418
2025-06-14 02:00:00+00:00,70.44,83.56902
2025-06-14 03:00:00+00:00,64.29,81.0423
2025-06-14 04:00:00+00:00,52.0,77.42997
2025-06-14 05:00:00+00:00,22.22,58.715405
2025-06-14 06:00:00+00:00,8.43,19.113766
2025-06-14 07:00:00+00:00,0.89,4.206783
2025-06-14 08:00:00+00:00,0.01,3.8325021
2025-06-14 09:00:00+00:00,12.29,2.8117192
2025-06-14 10:00:00+00:00,10.57,14.411221
2025-06-14 11:00:00+00:00,11.99,16.66061
2025-06-14 12:00:00+00:00,17.04,17.481815
2025-06-14 13:00:00+00:00,15.4,35.962124
2025-06-14 14:00:00+00:00,13.22,42.57779
2025-06-14 15:00:00+00:00,49.0,58.339424
2025-06-14 16:00:00+00:00,90.75,90.182755
2025-06-14 17:00:00+00:00,148.17,150.25902
2025-06-14 18:00:00+00:00,180.24,185.66705
2025-06-14 19:00:00+00:00,160.66,159.66924
2025-06-14 20:00:00+00:00,148.93,128.14528
2025-06-14 21:00:00+00:00,113.27,121.133606
2025-06-14 22:00:00+00:00,92.84,104.203896
2025-06-14 23:00:00+00:00,87.92,88.061226
2025-06-15 00:00:00+00:00,86.24,85.88578
2025-06-15 01:00:00+00:00,88.33,84.57624
2025-06-15 02:00:00+00:00,90.32,84.97774
2025-06-15 03:00:00+00:00,90.92,86.28305
2025-06-15 04:00:00+00:00,80.79,81.53857
2025-06-15 05:00:00+00:00,60.19,68.32852
2025-06-15 06:00:00+00:00,9.4,43.49642
2025-06-15 07:00:00+00:00,0.01,4.3794513
2025-06-15 08:00:00+00:00,0.0,1.399384
2025-06-15 09:00:00+00:00,0.01,2.4711273
2025-06-15 10:00:00+00:00,0.01,5.234796
2025-06-15 11:00:00+00:00,0.01,5.0466614
2025-06-15 12:00:00+00:00,0.01,7.126871
2025-06-15 13:00:00+00:00,0.01,18.000753
2025-06-15 14:00:00+00:00,0.01,24.683348
2025-06-15 15:00:00+00:00,78.56,36.900143
2025-06-15 16:00:00+00:00,106.16,105.933044
2025-06-15 17:00:00+00:00,136.0,142.25055
2025-06-15 18:00:00+00:00,160.32,172.05698
2025-06-15 19:00:00+00:00,145.61,164.0951
2025-06-15 20:00:00+00:00,135.0,126.26257
2025-06-15 21:00:00+00:00,126.26,116.07763
2025-06-15 22:00:00+00:00,104.21,110.19674
2025-06-15 23:00:00+00:00,100.88,94.80151
2025-06-16 00:00:00+00:00,94.38,96.351204
2025-06-16 01:00:00+00:00,88.33,89.98569
2025-06-16 02:00:00+00:00,88.72,88.55574
2025-06-16 03:00:00+00:00,102.66,103.433624
2025-06-16 04:00:00+00:00,110.07,113.29641
2025-06-16 05:00:00+00:00,122.89,113.57827
2025-06-16 06:00:00+00:00,86.74,104.9339
2025-06-16 07:00:00+00:00,36.08,74.17874
2025-06-16 08:00:00+00:00,31.96,34.40299
2025-06-16 09:00:00+00:00,27.03,30.259922
2025-06-16 10:00:00+00:00,40.0,28.115381
2025-06-16 11:00:00+00:00,40.14,39.528233
2025-06-16 12:00:00+00:00,40.14,45.15174
2025-06-16 13:00:00+00:00,61.1,55.18858
2025-06-16 14:00:00+00:00,83.57,73.2124
2025-06-16 15:00:00+00:00,94.43,97.4494
2025-06-16 16:00:00+00:00,116.05,121.58595
2025-06-16 17:00:00+00:00,129.96,172.86649
2025-06-16 18:00:00+00:00,189.07,182.5746
2025-06-16 19:00:00+00:00,159.66,166.49013
2025-06-16 20:00:00+00:00,137.98,131.46284
2025-06-16 21:00:00+00:00,120.3,121.52879
2025-06-16 22:00:00+00:00,104.77,106.46262
2025-06-16 23:00:00+00:00,101.83,98.652504
2025-06-17 00:00:00+00:00,94.3,100.164314
2025-06-17 01:00:00+00:00,93.81,91.45507
2025-06-17 02:00:00+00:00,94.71,91.903625
2025-06-17 03:00:00+00:00,102.51,100.81196
2025-06-17 04:00:00+00:00,117.31,112.44057
2025-06-17 05:00:00+00:00,101.77,118.79343
2025-06-17 06:00:00+00:00,87.57,84.78187
2025-06-17 07:00:00+00:00,58.0,68.095634
2025-06-17 08:00:00+00:00,6.22,43.65432
2025-06-17 09:00:00+00:00,14.0,10.0199
2025-06-17 10:00:00+00:00,13.73,20.726803
2025-06-17 11:00:00+00:00,14.0,21.416166
2025-06-17 12:00:00+00:00,24.63,26.262318
2025-06-17 13:00:00+00:00,34.02,48.2167
2025-06-17 14:00:00+00:00,74.18,59.51739
2025-06-17 15:00:00+00:00,99.41,94.03637
2025-06-17 16:00:00+00:00,122.0,129.01361
2025-06-17 17:00:00+00:00,153.01,174.18542
2025-06-17 18:00:00+00:00,244.33,189.16206
2025-06-17 19:00:00+00:00,160.0,196.16809
2025-06-17 20:00:00+00:00,145.0,128.76674
2025-06-17 21:00:00+00:00,119.48,120.219765
2025-06-17 22:00:00+00:00,112.83,107.66695
2025-06-17 23:00:00+00:00,106.35,102.9948
2025-06-18 00:00:00+00:00,101.33,102.02731
2025-06-18 01:00:00+00:00,95.15,101.054756
2025-06-18 02:00:00+00:00,96.42,94.780655
2025-06-18 03:00:00+00:00,102.35,106.898026
2025-06-18 04:00:00+00:00,111.3,119.98814
2025-06-18 05:00:00+00:00,114.34,109.398766
2025-06-18 06:00:00+00:00,86.07,91.42432
2025-06-18 07:00:00+00:00,37.54,65.25376
2025-06-18 08:00:00+00:00,21.97,30.792313
2025-06-18 09:00:00+00:00,24.3,20.994144
2025-06-18 10:00:00+00:00,25.0,26.74675
2025-06-18 11:00:00+00:00,33.4,30.058266
2025-06-18 12:00:00+00:00,45.0,41.985443
2025-06-18 13:00:00+00:00,83.37,57.310646
2025-06-18 14:00:00+00:00,91.48,94.5517
2025-06-18 15:00:00+00:00,106.35,105.71549
2025-06-18 16:00:00+00:00,135.0,139.28464
2025-06-18 17:00:00+00:00,155.8,184.70834
2025-06-18 18:00:00+00:00,176.15,185.79309
2025-06-18 19:00:00+00:00,165.12,162.99748
2025-06-18 20:00:00+00:00,135.47,132.81088
2025-06-18 21:00:00+00:00,116.32,116.492615
2025-06-18 22:00:00+00:00,113.66,109.94628
2025-06-18 23:00:00+00:00,107.84,105.870865
2025-06-19 00:00:00+00:00,103.5,103.80345
2025-06-19 01:00:00+00:00,100.14,101.02225
2025-06-19 02:00:00+00:00,98.26,99.32186
2025-06-19 03:00:00+00:00,99.95,105.76618
2025-06-19 04:00:00+00:00,98.58,113.05221
2025-06-19 05:00:00+00:00,86.34,101.259895
2025-06-19 06:00:00+00:00,48.67,73.93412
2025-06-19 07:00:00+00:00,8.43,40.6466
2025-06-19 08:00:00+00:00,0.98,4.606525
2025-06-19 09:00:00+00:00,12.07,6.161109
2025-06-19 10:00:00+00:00,14.88,18.541285
2025-06-19 11:00:00+00:00,21.74,23.966269
2025-06-19 12:00:00+00:00,40.19,31.783165
2025-06-19 13:00:00+00:00,79.92,57.26039
2025-06-19 14:00:00+00:00,86.61,93.695694
2025-06-19 15:00:00+00:00,122.34,106.59112
2025-06-19 16:00:00+00:00,163.88,156.53497
2025-06-19 17:00:00+00:00,164.89,228.39752
2025-06-19 18:00:00+00:00,184.8,222.77713
2025-06-19 19:00:00+00:00,160.5,166.08432
2025-06-19 20:00:00+00:00,150.0,140.11612
2025-06-19 21:00:00+00:00,130.64,123.26406
2025-06-19 22:00:00+00:00,116.31,117.713425
2025-06-19 23:00:00+00:00,109.29,107.078705
2025-06-20 00:00:00+00:00,106.88,104.65142
2025-06-20 01:00:00+00:00,106.32,101.93568
2025-06-20 02:00:00+00:00,104.26,102.338684
2025-06-20 03:00:00+00:00,109.29,112.07113
2025-06-20 04:00:00+00:00,119.99,117.394005
2025-06-20 05:00:00+00:00,112.83,117.41492
2025-06-20 06:00:00+00:00,101.18,96.97977
2025-06-20 07:00:00+00:00,55.0,83.09378
2025-06-20 08:00:00+00:00,13.63,47.00081
2025-06-20 09:00:00+00:00,27.4,20.120483
2025-06-20 10:00:00+00:00,50.0,30.844156
2025-06-20 11:00:00+00:00,59.09,56.196625
2025-06-20 12:00:00+00:00,102.9,63.784054
2025-06-20 13:00:00+00:00,112.21,103.158806
2025-06-20 14:00:00+00:00,112.56,110.9699
2025-06-20 15:00:00+00:00,117.54,120.971054
2025-06-20 16:00:00+00:00,124.93,144.97585
2025-06-20 17:00:00+00:00,136.41,167.41531
2025-06-20 18:00:00+00:00,166.21,164.52945
2025-06-20 19:00:00+00:00,166.28,156.3062
2025-06-20 20:00:00+00:00,137.05,134.92613
2025-06-20 21:00:00+00:00,121.38,121.98907
2025-06-20 22:00:00+00:00,119.37,112.61658
2025-06-20 23:00:00+00:00,110.48,110.06872
2025-06-21 00:00:00+00:00,108.15,105.25181
2025-06-21 01:00:00+00:00,107.01,104.58873
2025-06-21 02:00:00+00:00,108.62,100.72217
2025-06-21 03:00:00+00:00,104.19,109.26293
2025-06-21 04:00:00+00:00,100.69,103.758385
2025-06-21 05:00:00+00:00,90.74,92.81964
2025-06-21 06:00:00+00:00,75.93,78.27679
2025-06-21 07:00:00+00:00,23.4,54.847008
2025-06-21 08:00:00+00:00,5.45,19.455738
2025-06-21 09:00:00+00:00,5.08,4.9659286
2025-06-21 10:00:00+00:00,13.77,9.587831
2025-06-21 11:00:00+00:00,15.0,21.401222
2025-06-21 12:00:00+00:00,20.0,38.043896
2025-06-21 13:00:00+00:00,20.0,66.323494
2025-06-21 14:00:00+00:00,20.0,71.362656
2025-06-21 15:00:00+00:00,73.26,73.549904
2025-06-21 16:00:00+00:00,115.69,110.72274
2025-06-21 17:00:00+00:00,148.43,158.60327
2025-06-21 18:00:00+00:00,186.43,177.16757
2025-06-21 19:00:00+00:00,165.39,165.15538
2025-06-21 20:00:00+00:00,141.25,133.20541
2025-06-21 21:00:00+00:00,125.9,117.64023
2025-06-21 22:00:00+00:00,108.97,110.725975
2025-06-21 23:00:00+00:00,100.99,102.24635
2025-06-22 00:00:00+00:00,96.33,100.18451
2025-06-22 01:00:00+00:00,93.05,95.925446
2025-06-22 02:00:00+00:00,90.84,93.348915
2025-06-22 03:00:00+00:00,87.85,93.95419
2025-06-22 04:00:00+00:00,73.72,89.95637
2025-06-22 05:00:00+00:00,15.99,63.224648
2025-06-22 06:00:00+00:00,0.01,13.960919
2025-06-22 07:00:00+00:00,0.0,0.6486868
2025-06-22 08:00:00+00:00,0.0,2.3832724
2025-06-22 09:00:00+00:00,0.01,3.3955305
2025-06-22 10:00:00+00:00,0.01,5.785339
2025-06-22 11:00:00+00:00,0.01,5.9781284
2025-06-22 12:00:00+00:00,0.01,8.575724
2025-06-22 13:00:00+00:00,0.01,17.864662
2025-06-22 14:00:00+00:00,4.08,24.755613
2025-06-22 15:00:00+00:00,21.29,41.92843
2025-06-22 16:00:00+00:00,95.16,73.8827
2025-06-22 17:00:00+00:00,118.83,128.6066
2025-06-22 18:00:00+00:00,143.6,161.6263
2025-06-22 19:00:00+00:00,137.96,151.70175
2025-06-22 20:00:00+00:00,126.69,130.28084
2025-06-22 21:00:00+00:00,101.63,116.373726
2025-06-22 22:00:00+00:00,85.8,98.744576
2025-06-22 23:00:00+00:00,82.44,87.080734
2025-06-23 00:00:00+00:00,74.45,87.40778
2025-06-23 01:00:00+00:00,75.06,81.406586
2025-06-23 02:00:00+00:00,86.1,81.854576
2025-06-23 03:00:00+00:00,106.19,102.46693
2025-06-23 04:00:00+00:00,107.35,117.816536
2025-06-23 05:00:00+00:00,87.08,110.72421
2025-06-23 06:00:00+00:00,55.0,75.78883
2025-06-23 07:00:00+00:00,35.49,44.318703
2025-06-23 08:00:00+00:00,20.0,29.026524
2025-06-23 09:00:00+00:00,35.0,20.467701
2025-06-23 10:00:00+00:00,45.0,35.2693
2025-06-23 11:00:00+00:00,55.0,45.201443
2025-06-23 12:00:00+00:00,60.01,55.619965
2025-06-23 13:00:00+00:00,69.01,71.276886
2025-06-23 14:00:00+00:00,98.99,80.33098
2025-06-23 15:00:00+00:00,139.0,104.293846
2025-06-23 16:00:00+00:00,153.37,158.82822
2025-06-23 17:00:00+00:00,163.01,190.85382
2025-06-23 18:00:00+00:00,167.24,198.04451
2025-06-23 19:00:00+00:00,154.54,169.01848
2025-06-23 20:00:00+00:00,133.0,132.9109
2025-06-23 21:00:00+00:00,132.87,120.51665
2025-06-23 22:00:00+00:00,108.97,122.404274
2025-06-23 23:00:00+00:00,104.46,103.04807
2025-06-24 00:00:00+00:00,99.37,101.6078
2025-06-24 01:00:00+00:00,95.62,95.28765
2025-06-24 02:00:00+00:00,91.14,94.78897
2025-06-24 03:00:00+00:00,104.78,103.76916
2025-06-24 04:00:00+00:00,109.52,116.92139
2025-06-24 05:00:00+00:00,110.35,106.668915
2025-06-24 06:00:00+00:00,86.53,93.053314
2025-06-24 07:00:00+00:00,56.31,68.75233
2025-06-24 08:00:00+00:00,30.0,41.089325
2025-06-24 09:00:00+00:00,21.46,25.406488
2025-06-24 10:00:00+00:00,60.0,24.735193
2025-06-24 11:00:00+00:00,85.0,54.99805
2025-06-24 12:00:00+00:00,85.0,77.44383
2025-06-24 13:00:00+00:00,37.95,90.29661
2025-06-24 14:00:00+00:00,67.14,67.63712
2025-06-24 15:00:00+00:00,112.67,101.45107
2025-06-24 16:00:00+00:00,157.06,143.50699
2025-06-24 17:00:00+00:00,191.15,192.1013
2025-06-24 18:00:00+00:00,167.89,205.56288
2025-06-24 19:00:00+00:00,161.0,161.76059
2025-06-24 20:00:00+00:00,154.44,136.95673
2025-06-24 21:00:00+00:00,144.26,131.9598
2025-06-24 22:00:00+00:00,133.0,124.65295
2025-06-24 23:00:00+00:00,116.02,119.76798
2025-06-25 00:00:00+00:00,110.35,112.83718
2025-06-25 01:00:00+00:00,109.01,105.872284
2025-06-25 02:00:00+00:00,120.0,106.05452
2025-06-25 03:00:00+00:00,116.53,126.51253
2025-06-25 04:00:00+00:00,109.01,130.64934
2025-06-25 05:00:00+00:00,111.89,113.63729
2025-06-25 06:00:00+00:00,98.4,96.1965
2025-06-25 07:00:00+00:00,60.0,79.53051
2025-06-25 08:00:00+00:00,24.01,51.53032
2025-06-25 09:00:00+00:00,30.4,20.760288
2025-06-25 10:00:00+00:00,35.6,35.12131
2025-06-25 11:00:00+00:00,20.0,44.65392
2025-06-25 12:00:00+00:00,30.8,38.4646
2025-06-25 13:00:00+00:00,44.41,56.638847
2025-06-25 14:00:00+00:00,92.05,64.181656
2025-06-25 15:00:00+00:00,113.15,108.62849
2025-06-25 16:00:00+00:00,136.95,154.05472
2025-06-25 17:00:00+00:00,179.6,206.87076
2025-06-25 18:00:00+00:00,209.41,206.00984
2025-06-25 19:00:00+00:00,248.76,186.66154
2025-06-25 20:00:00+00:00,176.5,171.84341
2025-06-25 21:00:00+00:00,133.3,142.81316
2025-06-25 22:00:00+00:00,119.95,121.475
2025-06-25 23:00:00+00:00,108.86,112.05288
2025-06-26 00:00:00+00:00,104.4,108.76162
2025-06-26 01:00:00+00:00,102.19,103.916794
2025-06-26 02:00:00+00:00,102.21,107.08025
2025-06-26 03:00:00+00:00,108.86,115.00562
2025-06-26 04:00:00+00:00,119.28,123.29511
2025-06-26 05:00:00+00:00,120.99,123.75521
2025-06-26 06:00:00+00:00,100.33,109.50619
2025-06-26 07:00:00+00:00,55.99,84.70262
2025-06-26 08:00:00+00:00,37.7,48.471012
2025-06-26 09:00:00+00:00,38.57,41.1269
2025-06-26 10:00:00+00:00,70.65,45.497658
2025-06-26 11:00:00+00:00,66.55,69.45802
2025-06-26 12:00:00+00:00,65.8,69.18407
2025-06-26 13:00:00+00:00,87.44,80.03927
2025-06-26 14:00:00+00:00,101.7,102.30732
2025-06-26 15:00:00+00:00,117.45,122.39127
2025-06-26 16:00:00+00:00,153.29,165.40852
2025-06-26 17:00:00+00:00,226.53,225.35056
2025-06-26 18:00:00+00:00,237.36,250.12843
2025-06-26 19:00:00+00:00,188.37,200.68506
2025-06-26 20:00:00+00:00,150.72,166.48691
2025-06-26 21:00:00+00:00,131.31,126.57067
2025-06-26 22:00:00+00:00,125.0,118.054344
2025-06-26 23:00:00+00:00,120.84,114.88447
2025-06-27 00:00:00+00:00,117.0,112.44021
2025-06-27 01:00:00+00:00,112.13,112.51486
2025-06-27 02:00:00+00:00,110.34,107.487465
2025-06-27 03:00:00+00:00,108.83,121.39932
2025-06-27 04:00:00+00:00,108.87,122.31196
2025-06-27 05:00:00+00:00,113.2,118.764824
2025-06-27 06:00:00+00:00,99.18,104.703384
2025-06-27 07:00:00+00:00,88.34,83.80361
2025-06-27 08:00:00+00:00,79.23,72.83447
2025-06-27 09:00:00+00:00,67.45,67.68679
2025-06-27 10:00:00+00:00,54.95,68.62582
2025-06-27 11:00:00+00:00,68.05,60.07642
2025-06-27 12:00:00+00:00,75.96,77.205124
2025-06-27 13:00:00+00:00,107.77,92.11955
2025-06-27 14:00:00+00:00,115.0,117.423485
2025-06-27 15:00:00+00:00,117.45,135.51463
2025-06-27 16:00:00+00:00,149.68,165.15889
2025-06-27 17:00:00+00:00,163.97,223.43446
2025-06-27 18:00:00+00:00,177.5,195.20985
2025-06-27 19:00:00+00:00,142.55,166.80246
2025-06-27 20:00:00+00:00,130.05,132.24199
2025-06-27 21:00:00+00:00,117.0,120.34794
2025-06-27 22:00:00+00:00,101.75,112.04278
2025-06-27 23:00:00+00:00,90.04,103.83071
2025-06-28 00:00:00+00:00,88.39,93.01688
2025-06-28 01:00:00+00:00,87.91,91.68493
2025-06-28 02:00:00+00:00,70.87,89.70746
2025-06-28 03:00:00+00:00,76.62,79.86303
2025-06-28 04:00:00+00:00,75.64,82.243416
2025-06-28 05:00:00+00:00,59.36,79.491196
2025-06-28 06:00:00+00:00,27.8,62.302402
2025-06-28 07:00:00+00:00,2.35,24.056585
2025-06-28 08:00:00+00:00,0.01,7.1459
2025-06-28 09:00:00+00:00,0.5,6.7133985
2025-06-28 10:00:00+00:00,2.56,9.986209
2025-06-28 11:00:00+00:00,10.0,14.414089
2025-06-28 12:00:00+00:00,10.0,22.775024
2025-06-28 13:00:00+00:00,4.78,52.703022
2025-06-28 14:00:00+00:00,31.42,41.57933
2025-06-28 15:00:00+00:00,101.73,69.93048
2025-06-28 16:00:00+00:00,108.45,126.818016
2025-06-28 17:00:00+00:00,113.41,140.81271
2025-06-28 18:00:00+00:00,125.89,141.90125
2025-06-28 19:00:00+00:00,127.19,130.70595
2025-06-28 20:00:00+00:00,120.07,117.02845
2025-06-28 21:00:00+00:00,103.5,109.29909
2025-06-28 22:00:00+00:00,95.07,97.20528
2025-06-28 23:00:00+00:00,89.42,87.27683
2025-06-29 00:00:00+00:00,89.66,86.392654
2025-06-29 01:00:00+00:00,86.82,84.62604
2025-06-29 02:00:00+00:00,85.22,86.6177
2025-06-29 03:00:00+00:00,85.3,83.85912
2025-06-29 04:00:00+00:00,86.35,80.16521
2025-06-29 05:00:00+00:00,40.6,68.54687
2025-06-29 06:00:00+00:00,6.19,26.227776
2025-06-29 07:00:00+00:00,0.1,0.80010754
2025-06-29 08:00:00+00:00,0.0,1.4583471
2025-06-29 09:00:00+00:00,0.0,2.8793051
2025-06-29 10:00:00+00:00,0.0,5.608151
2025-06-29 11:00:00+00:00,0.0,3.5729175
2025-06-29 12:00:00+00:00,0.0,6.879851
2025-06-29 13:00:00+00:00,0.0,14.949955
2025-06-29 14:00:00+00:00,1.04,20.819778
2025-06-29 15:00:00+00:00,46.33,44.201687
2025-06-29 16:00:00+00:00,92.84,75.862045
2025-06-29 17:00:00+00:00,102.14,119.46945
2025-06-29 18:00:00+00:00,111.98,125.13544
2025-06-29 19:00:00+00:00,118.07,120.834885
2025-06-29 20:00:00+00:00,113.73,112.02776
2025-06-29 21:00:00+00:00,101.0,102.01322
2025-06-29 22:00:00+00:00,98.73,94.791466
2025-06-29 23:00:00+00:00,89.03,89.86742
2025-06-30 00:00:00+00:00,85.03,89.684425
2025-06-30 01:00:00+00:00,84.13,88.80845
2025-06-30 02:00:00+00:00,86.22,88.96196
2025-06-30 03:00:00+00:00,94.97,100.80184
2025-06-30 04:00:00+00:00,99.87,106.575096
2025-06-30 05:00:00+00:00,86.05,93.96643
2025-06-30 06:00:00+00:00,43.83,69.784546
2025-06-30 07:00:00+00:00,27.63,37.775352
2025-06-30 08:00:00+00:00,33.56,18.60201
2025-06-30 09:00:00+00:00,50.0,27.49683
2025-06-30 10:00:00+00:00,41.18,48.255646
2025-06-30 11:00:00+00:00,55.1,40.470036
2025-06-30 12:00:00+00:00,63.41,58.01206
2025-06-30 13:00:00+00:00,105.25,73.688614
2025-06-30 14:00:00+00:00,101.41,106.4306
2025-06-30 15:00:00+00:00,108.31,114.431
2025-06-30 16:00:00+00:00,113.44,151.22168
2025-06-30 17:00:00+00:00,178.94,161.49698
2025-06-30 18:00:00+00:00,185.0,190.06158
2025-06-30 19:00:00+00:00,175.01,168.58731
2025-06-30 20:00:00+00:00,157.0,137.3272
2025-06-30 21:00:00+00:00,122.65,129.66632
2025-06-30 22:00:00+00:00,111.28,110.01669
2025-06-30 23:00:00+00:00,100.31,102.12608
2025-07-01 00:00:00+00:00,89.1,97.47967
2025-07-01 01:00:00+00:00,88.46,87.95625
2025-07-01 02:00:00+00:00,90.01,88.73642
2025-07-01 03:00:00+00:00,102.39,101.75369
2025-07-01 04:00:00+00:00,114.97,114.057014
2025-07-01 05:00:00+00:00,107.11,115.23176
2025-07-01 06:00:00+00:00,90.9,92.46279
2025-07-01 07:00:00+00:00,86.34,73.62728
2025-07-01 08:00:00+00:00,51.66,71.15934
2025-07-01 09:00:00+00:00,63.7,50.482277
2025-07-01 10:00:00+00:00,44.77,63.349205
2025-07-01 11:00:00+00:00,43.92,54.140835
2025-07-01 12:00:00+00:00,65.0,57.75574
2025-07-01 13:00:00+00:00,78.28,88.70614
2025-07-01 14:00:00+00:00,90.8,93.10304
2025-07-01 15:00:00+00:00,115.0,106.863266
2025-07-01 16:00:00+00:00,152.09,156.76282
2025-07-01 17:00:00+00:00,243.56,234.40128
2025-07-01 18:00:00+00:00,290.86,228.02986
2025-07-01 19:00:00+00:00,215.0,180.35538
2025-07-01 20:00:00+00:00,199.3,168.10689
2025-07-01 21:00:00+00:00,137.81,152.0409
2025-07-01 22:00:00+00:00,119.29,120.02181
2025-07-01 23:00:00+00:00,102.8,109.97657
2025-07-02 00:00:00+00:00,92.54,100.269196
2025-07-02 01:00:00+00:00,92.08,89.99067
2025-07-02 02:00:00+00:00,90.63,94.36978
2025-07-02 03:00:00+00:00,99.44,103.10174
2025-07-02 04:00:00+00:00,113.9,112.409874
2025-07-02 05:00:00+00:00,94.99,117.788025
2025-07-02 06:00:00+00:00,58.55,85.71169
2025-07-02 07:00:00+00:00,33.95,57.746536
2025-07-02 08:00:00+00:00,20.0,27.543406
2025-07-02 09:00:00+00:00,15.99,20.472786
2025-07-02 10:00:00+00:00,16.25,23.310577
2025-07-02 11:00:00+00:00,30.0,26.588194
2025-07-02 12:00:00+00:00,31.6,45.381912
2025-07-02 13:00:00+00:00,55.03,59.524628
2025-07-02 14:00:00+00:00,85.67,83.945145
2025-07-02 15:00:00+00:00,115.16,109.28279
2025-07-02 16:00:00+00:00,173.22,156.43903
2025-07-02 17:00:00+00:00,190.4,255.6919
2025-07-02 18:00:00+00:00,200.0,232.89792
2025-07-02 19:00:00+00:00,158.31,197.91795
2025-07-02 20:00:00+00:00,137.24,151.24449
2025-07-02 21:00:00+00:00,112.48,121.935715
2025-07-02 22:00:00+00:00,97.73,109.33314
2025-07-02 23:00:00+00:00,89.34,96.42439
2025-07-03 00:00:00+00:00,87.06,91.20464
2025-07-03 01:00:00+00:00,78.93,91.11569
2025-07-03 02:00:00+00:00,80.88,84.34701
2025-07-03 03:00:00+00:00,90.88,95.7837
2025-07-03 04:00:00+00:00,103.83,110.882904
2025-07-03 05:00:00+00:00,91.34,106.377625
2025-07-03 06:00:00+00:00,71.69,78.28358
2025-07-03 07:00:00+00:00,16.24,55.237843
2025-07-03 08:00:00+00:00,10.93,14.6202
2025-07-03 09:00:00+00:00,10.01,5.3295474
2025-07-03 10:00:00+00:00,20.0,15.351099
2025-07-03 11:00:00+00:00,25.0,27.0675
2025-07-03 12:00:00+00:00,34.0,35.383137
2025-07-03 13:00:00+00:00,72.56,54.737392
2025-07-03 14:00:00+00:00,95.0,88.61731
2025-07-03 15:00:00+00:00,118.08,113.79888
2025-07-03 16:00:00+00:00,131.6,154.10727
2025-07-03 17:00:00+00:00,156.06,206.02055
2025-07-03 18:00:00+00:00,177.56,196.70781
2025-07-03 19:00:00+00:00,159.69,159.6847
2025-07-03 20:00:00+00:00,138.0,129.63554
2025-07-03 21:00:00+00:00,117.08,117.85299
2025-07-03 22:00:00+00:00,121.83,109.360085
2025-07-03 23:00:00+00:00,108.56,107.300255
2025-07-04 00:00:00+00:00,105.99,106.034325
2025-07-04 01:00:00+00:00,97.22,101.39398
2025-07-04 02:00:00+00:00,103.68,96.288765
2025-07-04 03:00:00+00:00,109.52,111.83175
2025-07-04 04:00:00+00:00,121.0,118.41995
2025-07-04 05:00:00+00:00,94.0,117.75108
2025-07-04 06:00:00+00:00,71.69,79.05714
2025-07-04 07:00:00+00:00,32.36,57.237057
2025-07-04 08:00:00+00:00,20.0,27.888294
2025-07-04 09:00:00+00:00,10.17,18.43349
2025-07-04 10:00:00+00:00,15.12,12.667597
2025-07-04 11:00:00+00:00,17.62,24.439308
2025-07-04 12:00:00+00:00,32.14,32.679657
2025-07-04 13:00:00+00:00,60.0,56.61049
2025-07-04 14:00:00+00:00,87.72,89.45604
2025-07-04 15:00:00+00:00,123.32,108.635345
2025-07-04 16:00:00+00:00,140.5,150.58101
2025-07-04 17:00:00+00:00,149.04,196.69296
2025-07-04 18:00:00+00:00,170.15,178.71771
2025-07-04 19:00:00+00:00,154.48,150.52142
2025-07-04 20:00:00+00:00,130.0,128.32318
2025-07-04 21:00:00+00:00,114.48,112.494514
2025-07-04 22:00:00+00:00,109.09,111.36347
2025-07-04 23:00:00+00:00,102.71,102.64018
2025-07-05 00:00:00+00:00,98.53,100.57518
2025-07-05 01:00:00+00:00,94.76,95.36614
2025-07-05 02:00:00+00:00,91.69,91.37063
2025-07-05 03:00:00+00:00,87.24,91.841835
2025-07-05 04:00:00+00:00,82.37,90.70942
2025-07-05 05:00:00+00:00,45.55,74.1055
2025-07-05 06:00:00+00:00,17.86,32.945847
2025-07-05 07:00:00+00:00,3.34,5.337457
2025-07-05 08:00:00+00:00,0.0,-4.027951
2025-07-05 09:00:00+00:00,10.0,0.5098034
2025-07-05 10:00:00+00:00,20.77,12.384652
2025-07-05 11:00:00+00:00,39.5,20.820847
2025-07-05 12:00:00+00:00,44.03,35.761368
2025-07-05 13:00:00+00:00,25.0,51.464195
2025-07-05 14:00:00+00:00,85.34,51.79749
2025-07-05 15:00:00+00:00,125.53,106.06807
2025-07-05 16:00:00+00:00,171.7,150.62485
2025-07-05 17:00:00+00:00,194.88,207.67242
2025-07-05 18:00:00+00:00,180.81,202.25018
2025-07-05 19:00:00+00:00,165.0,154.06348
2025-07-05 20:00:00+00:00,138.12,128.8954
2025-07-05 21:00:00+00:00,123.8,120.041115
2025-07-05 22:00:00+00:00,109.37,109.7183
2025-07-05 23:00:00+00:00,106.58,101.63283
2025-07-06 00:00:00+00:00,93.64,101.94508
2025-07-06 01:00:00+00:00,93.65,92.21192
2025-07-06 02:00:00+00:00,93.14,91.81996
2025-07-06 03:00:00+00:00,88.27,92.478134
2025-07-06 04:00:00+00:00,75.64,87.868706
2025-07-06 05:00:00+00:00,74.61,62.176155
2025-07-06 06:00:00+00:00,67.57,48.000397
2025-07-06 07:00:00+00:00,26.0,41.40775
2025-07-06 08:00:00+00:00,15.0,11.647229
2025-07-06 09:00:00+00:00,15.0,16.020578
2025-07-06 10:00:00+00:00,23.92,20.090775
2025-07-06 11:00:00+00:00,30.6,22.064598
2025-07-06 12:00:00+00:00,44.92,31.740908
2025-07-06 13:00:00+00:00,66.06,50.44895
2025-07-06 14:00:00+00:00,75.81,83.94967
2025-07-06 15:00:00+00:00,100.8,102.39427
2025-07-06 16:00:00+00:00,119.99,130.15726
2025-07-06 17:00:00+00:00,167.0,181.59746
2025-07-06 18:00:00+00:00,188.63,202.1772
2025-07-06 19:00:00+00:00,154.25,170.77048
2025-07-06 20:00:00+00:00,130.01,131.61996
2025-07-06 21:00:00+00:00,113.26,120.342545
2025-07-06 22:00:00+00:00,117.53,109.56215
2025-07-06 23:00:00+00:00,105.0,106.078865
2025-07-07 00:00:00+00:00,100.38,101.696945
2025-07-07 01:00:00+00:00,97.3,99.9743
2025-07-07 02:00:00+00:00,98.68,96.723656
2025-07-07 03:00:00+00:00,108.7,112.473625
2025-07-07 04:00:00+00:00,131.04,130.26657
2025-07-07 05:00:00+00:00,134.66,133.05415
2025-07-07 06:00:00+00:00,96.22,118.61554
2025-07-07 07:00:00+00:00,86.59,81.91141
2025-07-07 08:00:00+00:00,65.16,70.699165
2025-07-07 09:00:00+00:00,82.77,61.614017
2025-07-07 10:00:00+00:00,86.57,77.60853
2025-07-07 11:00:00+00:00,82.19,82.62446
2025-07-07 12:00:00+00:00,89.25,83.258705
2025-07-07 13:00:00+00:00,94.52,99.79732
2025-07-07 14:00:00+00:00,115.0,104.15547
2025-07-07 15:00:00+00:00,126.0,128.76955
2025-07-07 16:00:00+00:00,175.2,149.05869
2025-07-07 17:00:00+00:00,180.0,246.78833
2025-07-07 18:00:00+00:00,200.03,213.27219
2025-07-07 19:00:00+00:00,158.77,183.36111
2025-07-07 20:00:00+00:00,130.0,137.1588
2025-07-07 21:00:00+00:00,113.76,119.16764
2025-07-07 22:00:00+00:00,108.7,112.76558
2025-07-07 23:00:00+00:00,94.56,106.232895
2025-07-08 00:00:00+00:00,90.19,92.94846
2025-07-08 01:00:00+00:00,89.7,90.49631
2025-07-08 02:00:00+00:00,90.16,90.7856
2025-07-08 03:00:00+00:00,93.22,101.029945
2025-07-08 04:00:00+00:00,111.78,115.3724
2025-07-08 05:00:00+00:00,117.4,123.833694
2025-07-08 06:00:00+00:00,75.44,108.55542
2025-07-08 07:00:00+00:00,87.5,76.80087
2025-07-08 08:00:00+00:00,84.84,76.487724
2025-07-08 09:00:00+00:00,83.96,77.8182
2025-07-08 10:00:00+00:00,70.94,78.197136
2025-07-08 11:00:00+00:00,80.08,72.18616
2025-07-08 12:00:00+00:00,76.02,83.60704
2025-07-08 13:00:00+00:00,88.46,89.86364
2025-07-08 14:00:00+00:00,104.36,102.79976
2025-07-08 15:00:00+00:00,108.7,125.650764
2025-07-08 16:00:00+00:00,163.98,159.84633
2025-07-08 17:00:00+00:00,161.89,213.85745
2025-07-08 18:00:00+00:00,153.19,209.63261
2025-07-08 19:00:00+00:00,144.36,146.72565
2025-07-08 20:00:00+00:00,124.82,126.73646
2025-07-08 21:00:00+00:00,102.83,115.77171
2025-07-08 22:00:00+00:00,103.7,102.985176
2025-07-08 23:00:00+00:00,93.7,98.61193
2025-07-09 00:00:00+00:00,90.0,90.48409
2025-07-09 01:00:00+00:00,88.71,88.46676
2025-07-09 02:00:00+00:00,91.23,88.529854
2025-07-09 03:00:00+00:00,107.06,98.273186
2025-07-09 04:00:00+00:00,113.13,117.82525
2025-07-09 05:00:00+00:00,114.4,114.79123
2025-07-09 06:00:00+00:00,91.44,103.36216
2025-07-09 07:00:00+00:00,55.91,80.503456
2025-07-09 08:00:00+00:00,47.4,60.505566
2025-07-09 09:00:00+00:00,43.28,51.22788
2025-07-09 10:00:00+00:00,26.0,48.76246
2025-07-09 11:00:00+00:00,18.81,33.87392
2025-07-09 12:00:00+00:00,26.0,36.398453
2025-07-09 13:00:00+00:00,51.21,54.6566
2025-07-09 14:00:00+00:00,69.03,76.97756
2025-07-09 15:00:00+00:00,87.77,97.11293
2025-07-09 16:00:00+00:00,108.6,122.10517
2025-07-09 17:00:00+00:00,120.74,154.87416
2025-07-09 18:00:00+00:00,140.14,147.0891
2025-07-09 19:00:00+00:00,128.36,126.44807
2025-07-09 20:00:00+00:00,123.19,115.56358
2025-07-09 21:00:00+00:00,104.64,107.73861
2025-07-09 22:00:00+00:00,100.91,97.9539
2025-07-09 23:00:00+00:00,95.73,94.373535
2025-07-10 00:00:00+00:00,89.1,91.668686
2025-07-10 01:00:00+00:00,84.1,84.91044
2025-07-10 02:00:00+00:00,87.24,83.58359
2025-07-10 03:00:00+00:00,98.25,94.726166
2025-07-10 04:00:00+00:00,93.57,109.048416
2025-07-10 05:00:00+00:00,72.44,94.95507
2025-07-10 06:00:00+00:00,63.85,67.26768
2025-07-10 07:00:00+00:00,26.35,51.29181
2025-07-10 08:00:00+00:00,24.37,18.471395
2025-07-10 09:00:00+00:00,30.0,12.321803
2025-07-10 10:00:00+00:00,45.0,21.998417
2025-07-10 11:00:00+00:00,38.75,35.534153
2025-07-10 12:00:00+00:00,38.75,37.38376
2025-07-10 13:00:00+00:00,55.84,54.748344
2025-07-10 14:00:00+00:00,76.12,71.07947
2025-07-10 15:00:00+00:00,89.9,89.46393
2025-07-10 16:00:00+00:00,108.53,110.37206
2025-07-10 17:00:00+00:00,126.88,133.1634
2025-07-10 18:00:00+00:00,151.23,145.55806
2025-07-10 19:00:00+00:00,143.43,136.40656
2025-07-10 20:00:00+00:00,123.25,118.47197
2025-07-10 21:00:00+00:00,108.53,105.72797
2025-07-10 22:00:00+00:00,104.04,102.87387
2025-07-10 23:00:00+00:00,97.32,98.07112
2025-07-11 00:00:00+00:00,92.22,93.02971
2025-07-11 01:00:00+00:00,88.11,88.43493
2025-07-11 02:00:00+00:00,88.87,87.91792
2025-07-11 03:00:00+00:00,95.15,98.64712
2025-07-11 04:00:00+00:00,104.2,106.54933
2025-07-11 05:00:00+00:00,102.7,100.38232
2025-07-11 06:00:00+00:00,90.1,85.41916
2025-07-11 07:00:00+00:00,71.58,71.87459
2025-07-11 08:00:00+00:00,41.89,59.131123
2025-07-11 09:00:00+00:00,30.59,37.347385
2025-07-11 10:00:00+00:00,55.0,30.3175
2025-07-11 11:00:00+00:00,40.19,49.945576
2025-07-11 12:00:00+00:00,32.04,44.329857
2025-07-11 13:00:00+00:00,66.0,48.374565
2025-07-11 14:00:00+00:00,93.61,78.67799
2025-07-11 15:00:00+00:00,117.39,102.127716
2025-07-11 16:00:00+00:00,138.61,130.33473
2025-07-11 17:00:00+00:00,148.14,156.37259
2025-07-11 18:00:00+00:00,142.19,162.51428
2025-07-11 19:00:00+00:00,136.21,135.89983
2025-07-11 20:00:00+00:00,133.14,119.614746
2025-07-11 21:00:00+00:00,117.67,118.519035
2025-07-11 22:00:00+00:00,121.04,109.96991
2025-07-11 23:00:00+00:00,108.32,110.03783
2025-07-12 00:00:00+00:00,106.56,106.30553
2025-07-12 01:00:00+00:00,95.59,102.1524
2025-07-12 02:00:00+00:00,102.54,94.05355
2025-07-12 03:00:00+00:00,94.17,105.23456
2025-07-12 04:00:00+00:00,88.48,93.843575
2025-07-12 05:00:00+00:00,89.92,82.379196
2025-07-12 06:00:00+00:00,81.66,76.84819
2025-07-12 07:00:00+00:00,46.0,67.52396
2025-07-12 08:00:00+00:00,18.19,33.242413
2025-07-12 09:00:00+00:00,15.7,11.874875
2025-07-12 10:00:00+00:00,23.48,15.931455
2025-07-12 11:00:00+00:00,34.03,18.100765
2025-07-12 12:00:00+00:00,37.31,33.500725
2025-07-12 13:00:00+00:00,35.59,53.087494
2025-07-12 14:00:00+00:00,52.0,62.81658
2025-07-12 15:00:00+00:00,90.79,86.731064
2025-07-12 16:00:00+00:00,103.03,123.89987
2025-07-12 17:00:00+00:00,108.41,146.15935
2025-07-12 18:00:00+00:00,127.28,136.47095
2025-07-12 19:00:00+00:00,130.3,127.34245
2025-07-12 20:00:00+00:00,124.99,118.44644
2025-07-12 21:00:00+00:00,118.63,113.68636
2025-07-12 22:00:00+00:00,113.94,111.050575
2025-07-12 23:00:00+00:00,107.14,105.92876
2025-07-13 00:00:00+00:00,105.43,101.545746
2025-07-13 01:00:00+00:00,103.55,101.12543
2025-07-13 02:00:00+00:00,100.56,100.80726
2025-07-13 03:00:00+00:00,96.96,104.39202
2025-07-13 04:00:00+00:00,91.97,95.25782
2025-07-13 05:00:00+00:00,77.05,81.38407
2025-07-13 06:00:00+00:00,18.19,57.36216
2025-07-13 07:00:00+00:00,8.44,9.043658
2025-07-13 08:00:00+00:00,0.0,0.18015338
2025-07-13 09:00:00+00:00,0.01,2.3314135
2025-07-13 10:00:00+00:00,0.0,9.154184
2025-07-13 11:00:00+00:00,0.0,8.099873
2025-07-13 12:00:00+00:00,0.0,9.128803
2025-07-13 13:00:00+00:00,0.0,17.42971
2025-07-13 14:00:00+00:00,2.23,26.074968
2025-07-13 15:00:00+00:00,67.75,46.910957
2025-07-13 16:00:00+00:00,105.87,95.671585
2025-07-13 17:00:00+00:00,114.11,134.40912
2025-07-13 18:00:00+00:00,125.58,138.94717
2025-07-13 19:00:00+00:00,128.6,131.69652
2025-07-13 20:00:00+00:00,126.94,124.89475
2025-07-13 21:00:00+00:00,116.15,112.39294
2025-07-13 22:00:00+00:00,113.03,109.11624
2025-07-13 23:00:00+00:00,101.6,102.45252
2025-07-14 00:00:00+00:00,94.79,102.19209
2025-07-14 01:00:00+00:00,90.93,95.567726
2025-07-14 02:00:00+00:00,93.59,95.75194
2025-07-14 03:00:00+00:00,105.6,110.90857
2025-07-14 04:00:00+00:00,115.83,129.60938
2025-07-14 05:00:00+00:00,116.02,130.51375
2025-07-14 06:00:00+00:00,90.51,105.84426
2025-07-14 07:00:00+00:00,82.68,77.58052
2025-07-14 08:00:00+00:00,45.2,67.33048
2025-07-14 09:00:00+00:00,28.29,48.651634
2025-07-14 10:00:00+00:00,38.29,38.49455
2025-07-14 11:00:00+00:00,49.67,50.029327
2025-07-14 12:00:00+00:00,58.76,63.798416
2025-07-14 13:00:00+00:00,75.36,73.4903
2025-07-14 14:00:00+00:00,105.8,94.5226
2025-07-14 15:00:00+00:00,116.02,116.54761
2025-07-14 16:00:00+00:00,132.81,144.61057
2025-07-14 17:00:00+00:00,172.57,172.79552
2025-07-14 18:00:00+00:00,238.17,188.68553
2025-07-14 19:00:00+00:00,186.71,179.03252
2025-07-14 20:00:00+00:00,130.45,147.12633
2025-07-14 21:00:00+00:00,116.56,113.76931
2025-07-14 22:00:00+00:00,107.11,111.975464
2025-07-14 23:00:00+00:00,100.14,99.56276
2025-07-15 00:00:00+00:00,90.57,100.57209
2025-07-15 01:00:00+00:00,86.75,89.29112
2025-07-15 02:00:00+00:00,85.59,89.66904
2025-07-15 03:00:00+00:00,91.75,97.3382
2025-07-15 04:00:00+00:00,108.25,110.799095
2025-07-15 05:00:00+00:00,93.91,115.73203
2025-07-15 06:00:00+00:00,86.73,82.8231
2025-07-15 07:00:00+00:00,80.03,74.326324
2025-07-15 08:00:00+00:00,27.03,67.4104
2025-07-15 09:00:00+00:00,10.01,32.491745
2025-07-15 10:00:00+00:00,18.17,24.697327
2025-07-15 11:00:00+00:00,49.45,31.307384
2025-07-15 12:00:00+00:00,55.78,64.15789
2025-07-15 13:00:00+00:00,83.02,77.97943
2025-07-15 14:00:00+00:00,105.75,99.91297
2025-07-15 15:00:00+00:00,116.53,116.30156
2025-07-15 16:00:00+00:00,127.6,151.10754
2025-07-15 17:00:00+00:00,158.15,184.02875
2025-07-15 18:00:00+00:00,168.85,176.97568
2025-07-15 19:00:00+00:00,148.44,161.74881
2025-07-15 20:00:00+00:00,119.88,121.82983
2025-07-15 21:00:00+00:00,108.25,106.41286
2025-07-15 22:00:00+00:00,97.0,101.867195
2025-07-15 23:00:00+00:00,90.49,92.56597
2025-07-16 00:00:00+00:00,83.51,86.20344
2025-07-16 01:00:00+00:00,79.9,81.37853
2025-07-16 02:00:00+00:00,80.29,82.28023
2025-07-16 03:00:00+00:00,86.05,90.56744
2025-07-16 04:00:00+00:00,104.11,103.17116
2025-07-16 05:00:00+00:00,98.25,105.844925
2025-07-16 06:00:00+00:00,71.69,82.87436
2025-07-16 07:00:00+00:00,41.05,62.805473
2025-07-16 08:00:00+00:00,25.99,34.809406
2025-07-16 09:00:00+00:00,22.71,24.75057
2025-07-16 10:00:00+00:00,50.01,27.098352
2025-07-16 11:00:00+00:00,89.37,51.91159
2025-07-16 12:00:00+00:00,93.99,84.46901
2025-07-16 13:00:00+00:00,103.35,92.7409
2025-07-16 14:00:00+00:00,107.87,106.24346
2025-07-16 15:00:00+00:00,111.23,114.93633
2025-07-16 16:00:00+00:00,128.59,140.11838
2025-07-16 17:00:00+00:00,150.0,177.37898
2025-07-16 18:00:00+00:00,161.12,172.63823
2025-07-16 19:00:00+00:00,148.46,146.59775
2025-07-16 20:00:00+00:00,143.72,125.21329
2025-07-16 21:00:00+00:00,125.0,123.79404
2025-07-16 22:00:00+00:00,120.0,112.13416
2025-07-16 23:00:00+00:00,120.34,107.78026
2025-07-17 00:00:00+00:00,111.64,112.14095
2025-07-17 01:00:00+00:00,110.0,105.53802
2025-07-17 02:00:00+00:00,108.32,104.971375
2025-07-17 03:00:00+00:00,111.02,111.22887
2025-07-17 04:00:00+00:00,120.0,116.20756
2025-07-17 05:00:00+00:00,125.53,118.12958
2025-07-17 06:00:00+00:00,105.92,108.91831
2025-07-17 07:00:00+00:00,93.1,94.26595
2025-07-17 08:00:00+00:00,85.0,81.44628
2025-07-17 09:00:00+00:00,77.07,81.18787
2025-07-17 10:00:00+00:00,70.17,74.41675
2025-07-17 11:00:00+00:00,63.0,75.25482
2025-07-17 12:00:00+00:00,63.0,74.22966
2025-07-17 13:00:00+00:00,68.99,81.821526
2025-07-17 14:00:00+00:00,104.37,89.59085
2025-07-17 15:00:00+00:00,115.0,111.2134
2025-07-17 16:00:00+00:00,123.04,140.89345
2025-07-17 17:00:00+00:00,141.33,157.80872
2025-07-17 18:00:00+00:00,153.49,156.04793
2025-07-17 19:00:00+00:00,135.81,138.63167
2025-07-17 20:00:00+00:00,125.08,122.36536
2025-07-17 21:00:00+00:00,114.18,113.213715
2025-07-17 22:00:00+00:00,108.28,110.121666
2025-07-17 23:00:00+00:00,99.67,107.91686
2025-07-18 00:00:00+00:00,96.61,97.52511
2025-07-18 01:00:00+00:00,95.59,96.879715
2025-07-18 02:00:00+00:00,96.58,92.64374
2025-07-18 03:00:00+00:00,105.87,100.880226
2025-07-18 04:00:00+00:00,116.22,114.46429
2025-07-18 05:00:00+00:00,115.09,120.924034
2025-07-18 06:00:00+00:00,108.43,110.57886
2025-07-18 07:00:00+00:00,87.25,102.18748
2025-07-18 08:00:00+00:00,70.27,80.76949
2025-07-18 09:00:00+00:00,81.99,70.296005
2025-07-18 10:00:00+00:00,80.0,79.35996
2025-07-18 11:00:00+00:00,73.02,78.566216
2025-07-18 12:00:00+00:00,71.2,74.57518
2025-07-18 13:00:00+00:00,72.68,78.084595
2025-07-18 14:00:00+00:00,104.26,87.35725
2025-07-18 15:00:00+00:00,108.79,115.75785
2025-07-18 16:00:00+00:00,129.0,142.57033
2025-07-18 17:00:00+00:00,141.86,183.74384
2025-07-18 18:00:00+00:00,166.84,157.81625
2025-07-18 19:00:00+00:00,163.35,145.81413
2025-07-18 20:00:00+00:00,132.25,133.68176
2025-07-18 21:00:00+00:00,126.24,121.81211
2025-07-18 22:00:00+00:00,129.87,120.73776
2025-07-18 23:00:00+00:00,129.87,118.67758
2025-07-19 00:00:00+00:00,120.0,121.046165
2025-07-19 01:00:00+00:00,110.76,113.257576
2025-07-19 02:00:00+00:00,105.52,106.42846
2025-07-19 03:00:00+00:00,105.12,104.44991
2025-07-19 04:00:00+00:00,103.9,107.1236
2025-07-19 05:00:00+00:00,95.89,101.34612
2025-07-19 06:00:00+00:00,76.65,91.5157
2025-07-19 07:00:00+00:00,51.11,72.224045
2025-07-19 08:00:00+00:00,10.0,50.969933
2025-07-19 09:00:00+00:00,3.9,15.533903
2025-07-19 10:00:00+00:00,0.01,12.317075
2025-07-19 11:00:00+00:00,0.46,10.911063
2025-07-19 12:00:00+00:00,3.28,12.389764
2025-07-19 13:00:00+00:00,40.0,36.40473
2025-07-19 14:00:00+00:00,65.28,68.547554
2025-07-19 15:00:00+00:00,104.22,94.55728
2025-07-19 16:00:00+00:00,130.0,131.64809
2025-07-19 17:00:00+00:00,140.74,166.46764
2025-07-19 18:00:00+00:00,151.25,174.32883
2025-07-19 19:00:00+00:00,165.66,153.4973
2025-07-19 20:00:00+00:00,138.01,133.11418
2025-07-19 21:00:00+00:00,131.4,122.86904
2025-07-19 22:00:00+00:00,112.77,120.95135
2025-07-19 23:00:00+00:00,107.19,112.106865
2025-07-20 00:00:00+00:00,110.33,107.929
2025-07-20 01:00:00+00:00,104.86,109.49659
2025-07-20 02:00:00+00:00,98.57,103.674034
2025-07-20 03:00:00+00:00,100.28,101.83112
2025-07-20 04:00:00+00:00,94.59,103.10945
2025-07-20 05:00:00+00:00,74.59,86.00486
2025-07-20 06:00:00+00:00,70.17,65.33962
2025-07-20 07:00:00+00:00,37.01,48.51964
2025-07-20 08:00:00+00:00,7.45,21.474394
2025-07-20 09:00:00+00:00,1.93,7.3151135
2025-07-20 10:00:00+00:00,0.0,7.591942
2025-07-20 11:00:00+00:00,0.0,5.2172194
2025-07-20 12:00:00+00:00,0.01,7.019077
2025-07-20 13:00:00+00:00,8.43,25.738766
2025-07-20 14:00:00+00:00,70.81,54.150894
2025-07-20 15:00:00+00:00,106.74,90.98792
2025-07-20 16:00:00+00:00,117.72,130.1887
2025-07-20 17:00:00+00:00,134.98,158.10437
2025-07-20 18:00:00+00:00,141.86,159.9929
2025-07-20 19:00:00+00:00,140.0,145.39348
2025-07-20 20:00:00+00:00,132.25,126.16895
2025-07-20 21:00:00+00:00,131.24,121.207954
2025-07-20 22:00:00+00:00,116.82,115.9204
2025-07-20 23:00:00+00:00,112.99,107.0044
2025-07-21 00:00:00+00:00,105.9,112.174675
2025-07-21 01:00:00+00:00,97.9,106.05821
2025-07-21 02:00:00+00:00,93.17,102.121056
2025-07-21 03:00:00+00:00,106.84,111.95233
2025-07-21 04:00:00+00:00,119.61,128.25388
2025-07-21 05:00:00+00:00,120.0,130.84854
2025-07-21 06:00:00+00:00,111.46,117.054436
2025-07-21 07:00:00+00:00,97.18,100.778175
2025-07-21 08:00:00+00:00,88.78,86.40921
2025-07-21 09:00:00+00:00,86.29,82.15629
2025-07-21 10:00:00+00:00,85.06,85.5758
2025-07-21 11:00:00+00:00,85.58,87.349846
2025-07-21 12:00:00+00:00,78.22,89.462234
2025-07-21 13:00:00+00:00,80.06,84.45005
2025-07-21 14:00:00+00:00,103.95,93.0689
2025-07-21 15:00:00+00:00,110.3,116.70157
2025-07-21 16:00:00+00:00,152.82,152.88867
2025-07-21 17:00:00+00:00,213.53,201.31645
2025-07-21 18:00:00+00:00,200.73,224.69542
2025-07-21 19:00:00+00:00,155.74,176.82019
2025-07-21 20:00:00+00:00,129.88,128.4807
2025-07-21 21:00:00+00:00,110.0,121.58371
2025-07-21 22:00:00+00:00,114.4,108.89271
2025-07-21 23:00:00+00:00,110.0,110.75224
2025-07-22 00:00:00+00:00,105.29,103.69145
2025-07-22 01:00:00+00:00,103.67,102.09919
2025-07-22 02:00:00+00:00,103.48,102.701225
2025-07-22 03:00:00+00:00,105.29,111.700096
2025-07-22 04:00:00+00:00,110.71,120.97975
2025-07-22 05:00:00+00:00,109.43,117.2852
2025-07-22 06:00:00+00:00,99.67,106.07842
2025-07-22 07:00:00+00:00,96.56,93.54388
2025-07-22 08:00:00+00:00,84.21,88.82845
2025-07-22 09:00:00+00:00,71.06,78.3064
2025-07-22 10:00:00+00:00,54.94,74.07087
2025-07-22 11:00:00+00:00,44.1,65.87341
2025-07-22 12:00:00+00:00,49.17,60.770477
2025-07-22 13:00:00+00:00,80.58,74.106705
2025-07-22 14:00:00+00:00,110.0,99.45273
2025-07-22 15:00:00+00:00,110.0,121.93049
2025-07-22 16:00:00+00:00,158.4,159.9057
2025-07-22 17:00:00+00:00,195.85,231.45584
2025-07-22 18:00:00+00:00,222.87,219.5077
2025-07-22 19:00:00+00:00,170.0,199.69858
2025-07-22 20:00:00+00:00,144.66,130.8747
2025-07-22 21:00:00+00:00,117.0,121.69474
2025-07-22 22:00:00+00:00,119.53,108.87008
2025-07-22 23:00:00+00:00,114.35,109.61226
2025-07-23 00:00:00+00:00,108.48,104.097755
2025-07-23 01:00:00+00:00,108.48,104.02923
2025-07-23 02:00:00+00:00,109.51,104.26475
2025-07-23 03:00:00+00:00,114.2,114.98856
2025-07-23 04:00:00+00:00,109.33,127.242256
2025-07-23 05:00:00+00:00,110.0,114.105286
2025-07-23 06:00:00+00:00,96.5,102.5004
2025-07-23 07:00:00+00:00,85.01,89.26793
2025-07-23 08:00:00+00:00,81.34,76.76531
2025-07-23 09:00:00+00:00,80.0,75.19298
2025-07-23 10:00:00+00:00,80.93,76.26872
2025-07-23 11:00:00+00:00,81.74,80.93525
2025-07-23 12:00:00+00:00,90.0,86.989456
2025-07-23 13:00:00+00:00,108.48,98.03925
2025-07-23 14:00:00+00:00,117.26,117.57307
2025-07-23 15:00:00+00:00,182.61,127.42575
2025-07-23 16:00:00+00:00,283.2,238.06798
2025-07-23 17:00:00+00:00,313.52,342.0302
2025-07-23 18:00:00+00:00,327.62,346.65363
2025-07-23 19:00:00+00:00,229.91,259.99643
2025-07-23 20:00:00+00:00,175.24,185.9352
2025-07-23 21:00:00+00:00,138.67,149.15654
2025-07-23 22:00:00+00:00,120.67,128.0474
2025-07-23 23:00:00+00:00,120.0,116.530464
2025-07-24 00:00:00+00:00,108.86,117.7626
2025-07-24 01:00:00+00:00,107.09,110.31061
2025-07-24 02:00:00+00:00,105.76,105.7238
2025-07-24 03:00:00+00:00,105.47,121.583145
2025-07-24 04:00:00+00:00,110.65,128.58109
2025-07-24 05:00:00+00:00,115.31,120.21252
2025-07-24 06:00:00+00:00,110.75,114.061226
2025-07-24 07:00:00+00:00,96.57,101.94729
2025-07-24 08:00:00+00:00,90.36,89.5378
2025-07-24 09:00:00+00:00,85.6,86.68122
2025-07-24 10:00:00+00:00,83.3,86.803734
2025-07-24 11:00:00+00:00,89.87,84.89119
2025-07-24 12:00:00+00:00,95.15,91.761604
2025-07-24 13:00:00+00:00,99.99,104.58691
2025-07-24 14:00:00+00:00,108.47,116.955765
2025-07-24 15:00:00+00:00,116.44,150.60161
2025-07-24 16:00:00+00:00,211.14,213.1313
2025-07-24 17:00:00+00:00,350.0,333.03055
2025-07-24 18:00:00+00:00,392.98,382.98578
2025-07-24 19:00:00+00:00,222.58,353.14856
2025-07-24 20:00:00+00:00,164.13,192.82976
2025-07-24 21:00:00+00:00,120.13,145.80331
2025-07-24 22:00:00+00:00,115.0,115.08277
2025-07-24 23:00:00+00:00,108.5,110.73054
2025-07-25 00:00:00+00:00,104.31,105.47906
2025-07-25 01:00:00+00:00,103.17,100.46277
2025-07-25 02:00:00+00:00,103.83,99.81835
2025-07-25 03:00:00+00:00,111.0,113.7694
2025-07-25 04:00:00+00:00,116.59,132.25484
2025-07-25 05:00:00+00:00,113.08,125.672356
2025-07-25 06:00:00+00:00,112.94,115.241035
2025-07-25 07:00:00+00:00,100.38,101.07131
2025-07-25 08:00:00+00:00,98.63,90.50017
2025-07-25 09:00:00+00:00,88.0,88.652824
2025-07-25 10:00:00+00:00,87.44,85.90577
2025-07-25 11:00:00+00:00,89.31,85.83053
2025-07-25 12:00:00+00:00,90.38,91.18584
2025-07-25 13:00:00+00:00,101.26,101.816605
2025-07-25 14:00:00+00:00,115.0,127.65535
2025-07-25 15:00:00+00:00,132.96,170.07748
2025-07-25 16:00:00+00:00,267.91,250.86879
2025-07-25 17:00:00+00:00,388.29,392.10965
2025-07-25 18:00:00+00:00,410.5,461.70563
2025-07-25 19:00:00+00:00,177.21,364.9539
2025-07-25 20:00:00+00:00,163.74,183.78987
2025-07-25 21:00:00+00:00,122.78,144.45409
2025-07-25 22:00:00+00:00,116.7,118.9095
2025-07-25 23:00:00+00:00,108.5,117.98152
2025-07-26 00:00:00+00:00,118.23,114.25076
2025-07-26 01:00:00+00:00,108.5,114.18237
2025-07-26 02:00:00+00:00,106.56,105.80138
2025-07-26 03:00:00+00:00,102.97,106.96471
2025-07-26 04:00:00+00:00,103.76,102.994835
2025-07-26 05:00:00+00:00,101.04,94.24487
2025-07-26 06:00:00+00:00,89.58,90.82749
2025-07-26 07:00:00+00:00,86.26,76.23155
2025-07-26 08:00:00+00:00,82.59,74.78332
2025-07-26 09:00:00+00:00,60.0,71.183014
2025-07-26 10:00:00+00:00,68.76,66.83217
2025-07-26 11:00:00+00:00,65.67,72.15501
2025-07-26 12:00:00+00:00,65.99,77.702225
2025-07-26 13:00:00+00:00,78.97,91.07471
2025-07-26 14:00:00+00:00,105.1,101.86851
2025-07-26 15:00:00+00:00,142.09,124.68519
2025-07-26 16:00:00+00:00,142.38,227.53033
2025-07-26 17:00:00+00:00,174.09,253.48822
2025-07-26 18:00:00+00:00,215.53,253.46005
2025-07-26 19:00:00+00:00,182.13,193.44719
2025-07-26 20:00:00+00:00,129.16,148.86794
2025-07-26 21:00:00+00:00,109.77,118.614426
2025-07-26 22:00:00+00:00,105.34,108.16558
2025-07-26 23:00:00+00:00,108.46,100.50105
2025-07-27 00:00:00+00:00,108.09,109.54939
2025-07-27 01:00:00+00:00,96.88,104.49318
2025-07-27 02:00:00+00:00,103.19,96.62331
2025-07-27 03:00:00+00:00,101.08,104.93311
2025-07-27 04:00:00+00:00,93.2,101.42926
2025-07-27 05:00:00+00:00,84.11,86.14749
2025-07-27 06:00:00+00:00,77.6,74.64923
2025-07-27 07:00:00+00:00,41.37,70.152504
2025-07-27 08:00:00+00:00,36.22,43.492764
2025-07-27 09:00:00+00:00,33.17,39.245403
2025-07-27 10:00:00+00:00,46.48,39.69062
2025-07-27 11:00:00+00:00,15.04,52.807987
2025-07-27 12:00:00+00:00,8.85,36.520714
2025-07-27 13:00:00+00:00,23.13,46.075356
2025-07-27 14:00:00+00:00,74.54,74.903404
2025-07-27 15:00:00+00:00,92.44,113.202415
2025-07-27 16:00:00+00:00,148.89,120.68243
2025-07-27 17:00:00+00:00,176.92,191.75667
2025-07-27 18:00:00+00:00,171.02,197.88269
2025-07-27 19:00:00+00:00,163.58,165.27454
2025-07-27 20:00:00+00:00,148.89,133.90274
2025-07-27 21:00:00+00:00,119.0,125.34905
2025-07-27 22:00:00+00:00,105.05,106.58583
2025-07-27 23:00:00+00:00,93.68,99.11355
2025-07-28 00:00:00+00:00,88.62,92.817055
2025-07-28 01:00:00+00:00,85.0,90.856964
2025-07-28 02:00:00+00:00,82.73,89.098694
2025-07-28 03:00:00+00:00,92.94,97.981705
2025-07-28 04:00:00+00:00,108.46,113.26904
2025-07-28 05:00:00+00:00,116.42,119.44091
2025-07-28 06:00:00+00:00,117.0,113.81791
2025-07-28 07:00:00+00:00,110.76,101.832466
2025-07-28 08:00:00+00:00,103.07,93.56907
2025-07-28 09:00:00+00:00,93.46,91.3072
2025-07-28 10:00:00+00:00,86.99,89.779366
2025-07-28 11:00:00+00:00,82.69,87.04874
2025-07-28 12:00:00+00:00,79.18,86.704445
2025-07-28 13:00:00+00:00,87.77,88.01184
2025-07-28 14:00:00+00:00,98.29,99.0091
2025-07-28 15:00:00+00:00,111.56,111.256546
2025-07-28 16:00:00+00:00,208.98,160.63033
2025-07-28 17:00:00+00:00,178.72,257.87863
2025-07-28 18:00:00+00:00,192.99,211.98358
2025-07-28 19:00:00+00:00,169.6,175.30064
2025-07-28 20:00:00+00:00,124.6,136.98262
2025-07-28 21:00:00+00:00,105.1,116.083336
2025-07-28 22:00:00+00:00,111.67,101.94977
2025-07-28 23:00:00+00:00,105.1,104.975975
2025-07-29 00:00:00+00:00,101.78,98.8103
2025-07-29 01:00:00+00:00,97.78,96.8484
2025-07-29 02:00:00+00:00,93.71,93.79393
2025-07-29 03:00:00+00:00,103.99,100.73513
2025-07-29 04:00:00+00:00,120.0,114.48852
2025-07-29 05:00:00+00:00,108.46,121.53053
2025-07-29 06:00:00+00:00,95.16,107.30601
2025-07-29 07:00:00+00:00,83.64,91.87481
2025-07-29 08:00:00+00:00,70.68,79.066734
2025-07-29 09:00:00+00:00,57.0,74.289215
2025-07-29 10:00:00+00:00,56.16,66.18686
2025-07-29 11:00:00+00:00,60.0,61.800247
2025-07-29 12:00:00+00:00,68.66,70.52296
2025-07-29 13:00:00+00:00,85.0,89.42617
2025-07-29 14:00:00+00:00,93.71,102.92156
2025-07-29 15:00:00+00:00,111.61,111.93353
2025-07-29 16:00:00+00:00,155.9,159.8951
2025-07-29 17:00:00+00:00,148.89,197.34113
2025-07-29 18:00:00+00:00,159.85,188.78656
2025-07-29 19:00:00+00:00,167.63,156.42897
2025-07-29 20:00:00+00:00,125.0,141.45149
2025-07-29 21:00:00+00:00,105.2,111.944756
2025-07-29 22:00:00+00:00,97.09,105.164116
2025-07-29 23:00:00+00:00,93.01,97.49764
2025-07-30 00:00:00+00:00,89.16,92.57318
2025-07-30 01:00:00+00:00,88.1,91.474266
2025-07-30 02:00:00+00:00,88.89,92.11993
2025-07-30 03:00:00+00:00,99.03,101.05584
2025-07-30 04:00:00+00:00,108.47,113.47251
2025-07-30 05:00:00+00:00,104.61,113.0783
2025-07-30 06:00:00+00:00,88.88,94.579
2025-07-30 07:00:00+00:00,66.32,78.30711
2025-07-30 08:00:00+00:00,25.0,63.79899
2025-07-30 09:00:00+00:00,32.53,33.57345
2025-07-30 10:00:00+00:00,24.79,44.275074
2025-07-30 11:00:00+00:00,17.69,36.826027
2025-07-30 12:00:00+00:00,10.7,37.32667
2025-07-30 13:00:00+00:00,50.0,52.545193
2025-07-30 14:00:00+00:00,71.59,84.37667
2025-07-30 15:00:00+00:00,111.06,115.113266
2025-07-30 16:00:00+00:00,170.36,184.81128
2025-07-30 17:00:00+00:00,183.77,241.72488
2025-07-30 18:00:00+00:00,223.94,226.56952
2025-07-30 19:00:00+00:00,178.4,212.41837
2025-07-30 20:00:00+00:00,135.33,164.47246
2025-07-30 21:00:00+00:00,102.97,116.89424
2025-07-30 22:00:00+00:00,101.31,101.1166
2025-07-30 23:00:00+00:00,102.92,101.52016
2025-07-31 00:00:00+00:00,90.37,99.00453
2025-07-31 01:00:00+00:00,82.88,89.79047
2025-07-31 02:00:00+00:00,78.26,86.035904
2025-07-31 03:00:00+00:00,93.7,95.76657
2025-07-31 04:00:00+00:00,104.89,112.754845
2025-07-31 05:00:00+00:00,101.29,112.89715
2025-07-31 06:00:00+00:00,93.86,98.81539
2025-07-31 07:00:00+00:00,83.43,83.111374
2025-07-31 08:00:00+00:00,73.26,74.47564
2025-07-31 09:00:00+00:00,72.99,70.591324
2025-07-31 10:00:00+00:00,63.23,72.46062
2025-07-31 11:00:00+00:00,50.29,66.11485
2025-07-31 12:00:00+00:00,63.03,63.526283
2025-07-31 13:00:00+00:00,79.1,75.81219
2025-07-31 14:00:00+00:00,98.46,90.14929
2025-07-31 15:00:00+00:00,101.56,113.77578
2025-07-31 16:00:00+00:00,148.77,135.80196
2025-07-31 17:00:00+00:00,136.61,176.93936
2025-07-31 18:00:00+00:00,130.56,154.82509
2025-07-31 19:00:00+00:00,103.25,132.24329
2025-07-31 20:00:00+00:00,148.77,109.51531
2025-07-31 21:00:00+00:00,103.88,122.203094
2025-07-31 22:00:00+00:00,105.8,98.95422
2025-07-31 23:00:00+00:00,99.26,98.582085
2025-08-01 00:00:00+00:00,91.62,92.0813
2025-08-01 01:00:00+00:00,87.87,85.89042
2025-08-01 02:00:00+00:00,93.38,85.3745
2025-08-01 03:00:00+00:00,100.5,100.560135
2025-08-01 04:00:00+00:00,103.56,111.69582
2025-08-01 05:00:00+00:00,92.99,105.850044
2025-08-01 06:00:00+00:00,65.0,83.05692
2025-08-01 07:00:00+00:00,67.9,55.932724
2025-08-01 08:00:00+00:00,63.93,53.09355
2025-08-01 09:00:00+00:00,41.3,49.28651
2025-08-01 10:00:00+00:00,40.0,37.806698
2025-08-01 11:00:00+00:00,51.3,38.666805
2025-08-01 12:00:00+00:00,51.44,57.09915
2025-08-01 13:00:00+00:00,52.03,69.1932
2025-08-01 14:00:00+00:00,74.29,77.01431
2025-08-01 15:00:00+00:00,108.5,90.886086
2025-08-01 16:00:00+00:00,115.0,136.70915
2025-08-01 17:00:00+00:00,150.23,158.4722
2025-08-01 18:00:00+00:00,160.91,164.20592
2025-08-01 19:00:00+00:00,150.23,147.07298
2025-08-01 20:00:00+00:00,136.84,132.27774
2025-08-01 21:00:00+00:00,112.34,116.373116
2025-08-01 22:00:00+00:00,112.9,106.15062
2025-08-01 23:00:00+00:00,101.13,103.992546
2025-08-02 00:00:00+00:00,96.78,102.7936
2025-08-02 01:00:00+00:00,90.6,93.0877
2025-08-02 02:00:00+00:00,89.74,91.99594
2025-08-02 03:00:00+00:00,89.38,95.01143
2025-08-02 04:00:00+00:00,88.0,92.86687
2025-08-02 05:00:00+00:00,83.26,84.376205
2025-08-02 06:00:00+00:00,60.23,65.58888
2025-08-02 07:00:00+00:00,13.62,46.634224
2025-08-02 08:00:00+00:00,5.0,12.855457
2025-08-02 09:00:00+00:00,0.01,-1.0694932
2025-08-02 10:00:00+00:00,0.01,6.538227
2025-08-02 11:00:00+00:00,0.0,5.705037
2025-08-02 12:00:00+00:00,0.0,10.314438
2025-08-02 13:00:00+00:00,0.0,25.04657
2025-08-02 14:00:00+00:00,5.61,37.980797
2025-08-02 15:00:00+00:00,63.73,65.45663
2025-08-02 16:00:00+00:00,95.54,108.752144
2025-08-02 17:00:00+00:00,136.42,133.85625
2025-08-02 18:00:00+00:00,180.0,177.3259
2025-08-02 19:00:00+00:00,149.71,154.29352
2025-08-02 20:00:00+00:00,121.04,133.46992
2025-08-02 21:00:00+00:00,96.53,108.23323
2025-08-02 22:00:00+00:00,95.14,99.74183
2025-08-02 23:00:00+00:00,78.06,92.15814
2025-08-03 00:00:00+00:00,79.38,85.151
2025-08-03 01:00:00+00:00,81.7,81.85746
2025-08-03 02:00:00+00:00,85.86,84.43841
2025-08-03 03:00:00+00:00,86.25,89.20951
2025-08-03 04:00:00+00:00,80.72,85.9456
2025-08-03 05:00:00+00:00,26.23,72.75479
2025-08-03 06:00:00+00:00,6.16,20.836678
2025-08-03 07:00:00+00:00,0.0,4.1077595
2025-08-03 08:00:00+00:00,0.0,-5.7037926
2025-08-03 09:00:00+00:00,0.0,-3.451724
2025-08-03 10:00:00+00:00,0.0,2.3234515
2025-08-03 11:00:00+00:00,0.0,2.122826
2025-08-03 12:00:00+00:00,0.0,4.138104
2025-08-03 13:00:00+00:00,0.0,19.644062
2025-08-03 14:00:00+00:00,5.0,27.820223
2025-08-03 15:00:00+00:00,84.0,44.667973
2025-08-03 16:00:00+00:00,123.08,114.66053
2025-08-03 17:00:00+00:00,115.44,152.90141
2025-08-03 18:00:00+00:00,157.4,161.8393
2025-08-03 19:00:00+00:00,130.1,159.42128
2025-08-03 20:00:00+00:00,114.94,123.03464
2025-08-03 21:00:00+00:00,91.46,107.94231
2025-08-03 22:00:00+00:00,85.16,88.9128
2025-08-03 23:00:00+00:00,85.41,81.97375
2025-08-04 00:00:00+00:00,82.73,83.87573
2025-08-04 01:00:00+00:00,77.95,81.90088
2025-08-04 02:00:00+00:00,75.99,79.58812
2025-08-04 03:00:00+00:00,87.21,92.90927
2025-08-04 04:00:00+00:00,93.77,107.01625
2025-08-04 05:00:00+00:00,101.39,106.202896
2025-08-04 06:00:00+00:00,88.23,102.27287
2025-08-04 07:00:00+00:00,71.7,81.656815
2025-08-04 08:00:00+00:00,63.07,67.69589
2025-08-04 09:00:00+00:00,50.24,57.750187
2025-08-04 10:00:00+00:00,14.71,56.904263
2025-08-04 11:00:00+00:00,4.05,33.533226
2025-08-04 12:00:00+00:00,0.66,26.056427
2025-08-04 13:00:00+00:00,30.0,37.544697
2025-08-04 14:00:00+00:00,65.9,61.622612
2025-08-04 15:00:00+00:00,124.35,90.56362
2025-08-04 16:00:00+00:00,147.75,175.13686
2025-08-04 17:00:00+00:00,191.82,207.36589
2025-08-04 18:00:00+00:00,215.81,225.06075
2025-08-04 19:00:00+00:00,136.27,184.89633
2025-08-04 20:00:00+00:00,122.22,117.32148
2025-08-04 21:00:00+00:00,88.64,105.50002
2025-08-04 22:00:00+00:00,95.99,90.7623
2025-08-04 23:00:00+00:00,90.82,92.80634
2025-08-05 00:00:00+00:00,90.76,90.433426
2025-08-05 01:00:00+00:00,92.75,89.8612
2025-08-05 02:00:00+00:00,89.52,90.903496
2025-08-05 03:00:00+00:00,93.29,97.28593
2025-08-05 04:00:00+00:00,99.9,106.86111
2025-08-05 05:00:00+00:00,94.23,101.707146
2025-08-05 06:00:00+00:00,73.82,82.61507
2025-08-05 07:00:00+00:00,3.82,64.11713
2025-08-05 08:00:00+00:00,0.0,11.643535
2025-08-05 09:00:00+00:00,0.01,8.075819
2025-08-05 10:00:00+00:00,0.01,11.583471
2025-08-05 11:00:00+00:00,5.11,12.6508
2025-08-05 12:00:00+00:00,5.0,21.57719
2025-08-05 13:00:00+00:00,8.43,37.835194
2025-08-05 14:00:00+00:00,64.87,51.99699
2025-08-05 15:00:00+00:00,103.95,109.974846
2025-08-05 16:00:00+00:00,121.03,146.4785
2025-08-05 17:00:00+00:00,148.71,189.29042
2025-08-05 18:00:00+00:00,180.18,186.31227
2025-08-05 19:00:00+00:00,135.13,149.11917
2025-08-05 20:00:00+00:00,123.27,114.35736
2025-08-05 21:00:00+00:00,88.83,102.1397
2025-08-05 22:00:00+00:00,77.04,84.87687
2025-08-05 23:00:00+00:00,87.07,76.17233
2025-08-06 00:00:00+00:00,86.45,84.62507
2025-08-06 01:00:00+00:00,77.58,85.11502
2025-08-06 02:00:00+00:00,72.91,78.16308
2025-08-06 03:00:00+00:00,82.26,86.52238
2025-08-06 04:00:00+00:00,96.7,98.29044
2025-08-06 05:00:00+00:00,98.03,99.337166
2025-08-06 06:00:00+00:00,83.98,76.181526
2025-08-06 07:00:00+00:00,27.83,56.216915
2025-08-06 08:00:00+00:00,0.01,13.882846
2025-08-06 09:00:00+00:00,0.98,0.53437954
2025-08-06 10:00:00+00:00,4.99,1.8024125
2025-08-06 11:00:00+00:00,4.91,3.674659
2025-08-06 12:00:00+00:00,3.13,7.794325
2025-08-06 13:00:00+00:00,27.27,27.210505
2025-08-06 14:00:00+00:00,86.62,50.40048
2025-08-06 15:00:00+00:00,98.76,103.33303
2025-08-06 16:00:00+00:00,107.91,130.10316
2025-08-06 17:00:00+00:00,122.5,146.88947
2025-08-06 18:00:00+00:00,123.0,159.95377
2025-08-06 19:00:00+00:00,112.67,120.13195
2025-08-06 20:00:00+00:00,110.0,107.06218
2025-08-06 21:00:00+00:00,101.26,96.659355
2025-08-06 22:00:00+00:00,97.45,91.203026
2025-08-06 23:00:00+00:00,94.97,88.780495
2025-08-07 00:00:00+00:00,88.1,93.77915
2025-08-07 01:00:00+00:00,80.67,89.83342
2025-08-07 02:00:00+00:00,84.32,84.52756
2025-08-07 03:00:00+00:00,71.97,90.839905
2025-08-07 04:00:00+00:00,78.85,86.31364
2025-08-07 05:00:00+00:00,59.43,81.32393
2025-08-07 06:00:00+00:00,15.08,53.381313
2025-08-07 07:00:00+00:00,0.0,13.339666
2025-08-07 08:00:00+00:00,0.0,-1.1952416
2025-08-07 09:00:00+00:00,0.0,2.6270316
2025-08-07 10:00:00+00:00,0.0,5.214851
2025-08-07 11:00:00+00:00,0.0,3.7993734
2025-08-07 12:00:00+00:00,0.0,10.392751
2025-08-07 13:00:00+00:00,0.01,19.566156
2025-08-07 14:00:00+00:00,38.72,31.807896
2025-08-07 15:00:00+00:00,85.19,70.27902
2025-08-07 16:00:00+00:00,121.03,117.445114
2025-08-07 17:00:00+00:00,164.68,149.43938
2025-08-07 18:00:00+00:00,172.23,157.4815
2025-08-07 19:00:00+00:00,131.0,128.91763
2025-08-07 20:00:00+00:00,110.0,112.46299
2025-08-07 21:00:00+00:00,101.28,98.209335
2025-08-07 22:00:00+00:00,94.14,94.13689
2025-08-07 23:00:00+00:00,90.1,87.60957
2025-08-08 00:00:00+00:00,86.25,92.915985
2025-08-08 01:00:00+00:00,83.09,88.98483
2025-08-08 02:00:00+00:00,81.33,87.790665
2025-08-08 03:00:00+00:00,91.3,92.087654
2025-08-08 04:00:00+00:00,88.87,97.31958
2025-08-08 05:00:00+00:00,72.31,85.092545
2025-08-08 06:00:00+00:00,10.0,57.5219
2025-08-08 07:00:00+00:00,0.0,11.960027
2025-08-08 08:00:00+00:00,0.0,0.32349682
2025-08-08 09:00:00+00:00,0.0,-0.86582965
2025-08-08 10:00:00+00:00,0.0,2.7550843
2025-08-08 11:00:00+00:00,-0.01,3.6087658
2025-08-08 12:00:00+00:00,-0.01,11.1315365
2025-08-08 13:00:00+00:00,0.0,19.040136
2025-08-08 14:00:00+00:00,10.49,30.601215
2025-08-08 15:00:00+00:00,86.26,52.97291
2025-08-08 16:00:00+00:00,140.73,118.44757
2025-08-08 17:00:00+00:00,153.13,184.45982
2025-08-08 18:00:00+00:00,154.51,172.16801
2025-08-08 19:00:00+00:00,143.38,128.87476
2025-08-08 20:00:00+00:00,125.88,115.47789
2025-08-08 21:00:00+00:00,109.16,105.94321
2025-08-08 22:00:00+00:00,102.87,98.79311
2025-08-08 23:00:00+00:00,102.32,93.42276
2025-08-09 00:00:00+00:00,101.61,95.52225
2025-08-09 01:00:00+00:00,98.7,99.18461
2025-08-09 02:00:00+00:00,98.59,97.86208
2025-08-09 03:00:00+00:00,97.53,100.318375
2025-08-09 04:00:00+00:00,83.94,93.426735
2025-08-09 05:00:00+00:00,61.82,73.06965
2025-08-09 06:00:00+00:00,-0.01,46.107697
2025-08-09 07:00:00+00:00,-0.95,0.65248734
2025-08-09 08:00:00+00:00,-1.0,-4.9125147
2025-08-09 09:00:00+00:00,-1.0,0.572393
2025-08-09 10:00:00+00:00,-1.0,1.7550606
2025-08-09 11:00:00+00:00,-1.0,2.36118
2025-08-09 12:00:00+00:00,-0.88,10.652713
2025-08-09 13:00:00+00:00,-0.46,19.25524
2025-08-09 14:00:00+00:00,0.0,29.445639
2025-08-09 15:00:00+00:00,76.49,43.1255
2025-08-09 16:00:00+00:00,149.74,116.663536
2025-08-09 17:00:00+00:00,124.9,162.94833
2025-08-09 18:00:00+00:00,131.66,151.90909
2025-08-09 19:00:00+00:00,133.92,120.169586
2025-08-09 20:00:00+00:00,117.73,115.067764
2025-08-09 21:00:00+00:00,95.18,102.05072
2025-08-09 22:00:00+00:00,84.7,85.72558
2025-08-09 23:00:00+00:00,83.02,78.06826
2025-08-10 00:00:00+00:00,82.78,87.607254
2025-08-10 01:00:00+00:00,77.58,87.34086
2025-08-10 02:00:00+00:00,80.25,84.133606
2025-08-10 03:00:00+00:00,83.2,85.29092
2025-08-10 04:00:00+00:00,81.51,83.63249
2025-08-10 05:00:00+00:00,30.89,63.20474
2025-08-10 06:00:00+00:00,-0.1,30.9748
2025-08-10 07:00:00+00:00,-2.89,0.7269812
2025-08-10 08:00:00+00:00,-10.0,0.1831779
2025-08-10 09:00:00+00:00,-12.92,-0.95541143
2025-08-10 10:00:00+00:00,-10.0,5.7044377
2025-08-10 11:00:00+00:00,-6.1,7.0884233
2025-08-10 12:00:00+00:00,-3.11,13.369098
2025-08-10 13:00:00+00:00,-3.03,21.96828
2025-08-10 14:00:00+00:00,0.0,24.324266
2025-08-10 15:00:00+00:00,36.8,37.890987
2025-08-10 16:00:00+00:00,97.42,75.25329
2025-08-10 17:00:00+00:00,121.9,122.20246
2025-08-10 18:00:00+00:00,138.32,139.29561
2025-08-10 19:00:00+00:00,121.04,121.443924
2025-08-10 20:00:00+00:00,106.75,106.30061
2025-08-10 21:00:00+00:00,98.21,94.47254
2025-08-10 22:00:00+00:00,99.81,86.71307
2025-08-10 23:00:00+00:00,91.69,87.2848
2025-08-11 00:00:00+00:00,87.28,88.92483
2025-08-11 01:00:00+00:00,84.83,86.65595
2025-08-11 02:00:00+00:00,92.9,87.250275
2025-08-11 03:00:00+00:00,104.03,100.48988
2025-08-11 04:00:00+00:00,95.0,115.187675
2025-08-11 05:00:00+00:00,71.7,94.028656
2025-08-11 06:00:00+00:00,0.0,62.70539
2025-08-11 07:00:00+00:00,0.0,4.6894903
2025-08-11 08:00:00+00:00,-0.01,3.4869213
2025-08-11 09:00:00+00:00,0.0,3.3853245
2025-08-11 10:00:00+00:00,0.0,7.189497
2025-08-11 11:00:00+00:00,0.0,8.17888
2025-08-11 12:00:00+00:00,0.0,11.253885
2025-08-11 13:00:00+00:00,9.0,21.573467
2025-08-11 14:00:00+00:00,58.97,40.589443
2025-08-11 15:00:00+00:00,97.2,82.16669
2025-08-11 16:00:00+00:00,143.19,135.80475
2025-08-11 17:00:00+00:00,183.56,193.55025
2025-08-11 18:00:00+00:00,209.47,207.36246
2025-08-11 19:00:00+00:00,140.53,159.29742
2025-08-11 20:00:00+00:00,108.87,116.70536
2025-08-11 21:00:00+00:00,96.0,96.0185
2025-08-11 22:00:00+00:00,93.0,88.70982
2025-08-11 23:00:00+00:00,89.67,84.03673
2025-08-12 00:00:00+00:00,85.41,86.83654
2025-08-12 01:00:00+00:00,83.6,91.32504
2025-08-12 02:00:00+00:00,83.78,88.18589
2025-08-12 03:00:00+00:00,79.61,94.086975
2025-08-12 04:00:00+00:00,80.0,93.332756
2025-08-12 05:00:00+00:00,67.49,77.26502
2025-08-12 06:00:00+00:00,0.0,47.723766
2025-08-12 07:00:00+00:00,0.0,-6.475829
2025-08-12 08:00:00+00:00,-0.1,-5.248262
2025-08-12 09:00:00+00:00,0.0,-4.030252
2025-08-12 10:00:00+00:00,0.0,0.89887375
2025-08-12 11:00:00+00:00,0.0,1.9052774
2025-08-12 12:00:00+00:00,0.0,4.892392
2025-08-12 13:00:00+00:00,0.01,13.406953
2025-08-12 14:00:00+00:00,73.15,27.155458
2025-08-12 15:00:00+00:00,109.06,94.52754
2025-08-12 16:00:00+00:00,141.32,137.5805
2025-08-12 17:00:00+00:00,174.87,189.12697
2025-08-12 18:00:00+00:00,187.78,186.21815
2025-08-12 19:00:00+00:00,137.78,150.64671
2025-08-12 20:00:00+00:00,109.84,112.30893
2025-08-12 21:00:00+00:00,98.17,94.08648
2025-08-12 22:00:00+00:00,89.52,88.44842
2025-08-12 23:00:00+00:00,90.0,80.52329
2025-08-13 00:00:00+00:00,86.24,87.440575
2025-08-13 01:00:00+00:00,84.32,90.402626
2025-08-13 02:00:00+00:00,84.6,88.131516
2025-08-13 03:00:00+00:00,86.87,88.97576
2025-08-13 04:00:00+00:00,88.14,95.094
2025-08-13 05:00:00+00:00,79.6,84.93432
2025-08-13 06:00:00+00:00,0.0,59.18292
2025-08-13 07:00:00+00:00,-0.1,1.7406325
2025-08-13 08:00:00+00:00,-1.58,0.5826076
2025-08-13 09:00:00+00:00,0.0,-0.47825927
2025-08-13 10:00:00+00:00,0.0,4.361806
2025-08-13 11:00:00+00:00,0.0,5.4827337
2025-08-13 12:00:00+00:00,0.0,8.952694
2025-08-13 13:00:00+00:00,0.0,19.77381
2025-08-13 14:00:00+00:00,72.95,34.546143
2025-08-13 15:00:00+00:00,96.64,100.440636
2025-08-13 16:00:00+00:00,138.47,133.11305
2025-08-13 17:00:00+00:00,240.13,197.25636
2025-08-13 18:00:00+00:00,200.0,222.19829
2025-08-13 19:00:00+00:00,142.35,153.34879
2025-08-13 20:00:00+00:00,120.43,111.981316
2025-08-13 21:00:00+00:00,106.27,97.96396
2025-08-13 22:00:00+00:00,96.2,89.03057
2025-08-13 23:00:00+00:00,92.0,84.850945
2025-08-14 00:00:00+00:00,88.45,91.30621
2025-08-14 01:00:00+00:00,87.69,88.38299
2025-08-14 02:00:00+00:00,88.05,88.47345
2025-08-14 03:00:00+00:00,96.7,95.44445
2025-08-14 04:00:00+00:00,101.16,104.03071
2025-08-14 05:00:00+00:00,86.29,98.86065
2025-08-14 06:00:00+00:00,69.8,72.446014
2025-08-14 07:00:00+00:00,0.01,52.993626
2025-08-14 08:00:00+00:00,0.0,-0.94686073
2025-08-14 09:00:00+00:00,5.0,0.48368347
2025-08-14 10:00:00+00:00,5.0,8.17322
2025-08-14 11:00:00+00:00,15.99,9.240769
2025-08-14 12:00:00+00:00,54.9,28.485106
2025-08-14 13:00:00+00:00,69.43,62.180492
2025-08-14 14:00:00+00:00,78.99,81.818504
2025-08-14 15:00:00+00:00,101.71,96.47954
2025-08-14 16:00:00+00:00,141.99,148.22989
2025-08-14 17:00:00+00:00,250.0,208.27986
2025-08-14 18:00:00+00:00,278.77,237.98538
2025-08-14 19:00:00+00:00,157.46,176.53806
2025-08-14 20:00:00+00:00,122.93,123.50854
2025-08-14 21:00:00+00:00,105.95,104.1571
2025-08-14 22:00:00+00:00,99.43,97.53472
2025-08-14 23:00:00+00:00,98.35,92.43867
2025-08-15 00:00:00+00:00,92.86,95.57417
2025-08-15 01:00:00+00:00,88.75,90.52014
2025-08-15 02:00:00+00:00,90.78,88.91653
2025-08-15 03:00:00+00:00,94.8,99.870766
2025-08-15 04:00:00+00:00,83.49,103.197365
2025-08-15 05:00:00+00:00,67.92,84.30176
2025-08-15 06:00:00+00:00,0.0,54.193066
2025-08-15 07:00:00+00:00,-0.1,-3.1596212
2025-08-15 08:00:00+00:00,-0.1,-3.4734743
2025-08-15 09:00:00+00:00,0.0,-2.3188348
2025-08-15 10:00:00+00:00,0.0,2.925638
2025-08-15 11:00:00+00:00,0.0,4.0239778
2025-08-15 12:00:00+00:00,0.0,8.655237
2025-08-15 13:00:00+00:00,0.0,24.4038
2025-08-15 14:00:00+00:00,39.5,33.47042
2025-08-15 15:00:00+00:00,84.59,70.482796
2025-08-15 16:00:00+00:00,105.57,116.9834
2025-08-15 17:00:00+00:00,96.06,148.73337
2025-08-15 18:00:00+00:00,99.35,126.877525
2025-08-15 19:00:00+00:00,96.62,103.004616
2025-08-15 20:00:00+00:00,96.4,99.6252
2025-08-15 21:00:00+00:00,95.79,91.976105
2025-08-15 22:00:00+00:00,83.73,90.04887
2025-08-15 23:00:00+00:00,83.4,81.762
2025-08-16 00:00:00+00:00,83.92,85.513054
2025-08-16 01:00:00+00:00,77.04,81.30435
2025-08-16 02:00:00+00:00,77.96,79.174736
2025-08-16 03:00:00+00:00,74.47,84.531105
2025-08-16 04:00:00+00:00,65.0,74.910645
2025-08-16 05:00:00+00:00,0.0,61.689415
2025-08-16 06:00:00+00:00,-0.39,7.8415046
2025-08-16 07:00:00+00:00,-5.0,3.4567707
2025-08-16 08:00:00+00:00,-5.0,-1.6588696
2025-08-16 09:00:00+00:00,-3.64,-0.80158883
2025-08-16 10:00:00+00:00,-2.0,3.534476
2025-08-16 11:00:00+00:00,-1.0,5.487232
2025-08-16 12:00:00+00:00,-0.1,8.174527
2025-08-16 13:00:00+00:00,0.0,15.37792
2025-08-16 14:00:00+00:00,0.01,20.819696
2025-08-16 15:00:00+00:00,84.46,40.2364
2025-08-16 16:00:00+00:00,77.12,107.47703
2025-08-16 17:00:00+00:00,83.93,98.53564
2025-08-16 18:00:00+00:00,91.28,99.007935
2025-08-16 19:00:00+00:00,91.66,93.08146
2025-08-16 20:00:00+00:00,104.07,89.410904
2025-08-16 21:00:00+00:00,89.78,92.94802
2025-08-16 22:00:00+00:00,90.08,79.0073
2025-08-16 23:00:00+00:00,83.78,78.828804
2025-08-17 00:00:00+00:00,84.31,79.457016
2025-08-17 01:00:00+00:00,83.27,79.07878
2025-08-17 02:00:00+00:00,83.76,79.895226
2025-08-17 03:00:00+00:00,85.11,84.135
2025-08-17 04:00:00+00:00,85.08,83.89816
2025-08-17 05:00:00+00:00,67.08,74.181946
2025-08-17 06:00:00+00:00,0.0,56.439297
2025-08-17 07:00:00+00:00,-1.0,3.6705897
2025-08-17 08:00:00+00:00,-0.7,-1.690213
2025-08-17 09:00:00+00:00,-0.04,-1.7622898
2025-08-17 10:00:00+00:00,0.0,1.6300206
2025-08-17 11:00:00+00:00,0.0,2.1710763
2025-08-17 12:00:00+00:00,0.0,4.137983
2025-08-17 13:00:00+00:00,0.65,12.643895
2025-08-17 14:00:00+00:00,65.0,22.50355
2025-08-17 15:00:00+00:00,99.32,76.87752
2025-08-17 16:00:00+00:00,99.48,107.38878
2025-08-17 17:00:00+00:00,111.8,117.66817
2025-08-17 18:00:00+00:00,128.66,118.74196
2025-08-17 19:00:00+00:00,116.61,116.922966
2025-08-17 20:00:00+00:00,119.67,104.604195
2025-08-17 21:00:00+00:00,153.08,103.492966
2025-08-17 22:00:00+00:00,90.58,117.33192
2025-08-17 23:00:00+00:00,85.69,84.43426
2025-08-18 00:00:00+00:00,83.21,86.54867
2025-08-18 01:00:00+00:00,81.52,83.7626
2025-08-18 02:00:00+00:00,86.61,86.91143
2025-08-18 03:00:00+00:00,97.25,106.89592
2025-08-18 04:00:00+00:00,114.7,113.73831
2025-08-18 05:00:00+00:00,121.03,122.13446
2025-08-18 06:00:00+00:00,84.62,107.37103
2025-08-18 07:00:00+00:00,56.89,71.79679
2025-08-18 08:00:00+00:00,44.87,50.188663
2025-08-18 09:00:00+00:00,45.93,42.76491
2025-08-18 10:00:00+00:00,20.04,45.04476
2025-08-18 11:00:00+00:00,14.23,27.696402
2025-08-18 12:00:00+00:00,18.34,30.800175
2025-08-18 13:00:00+00:00,54.57,44.57016
2025-08-18 14:00:00+00:00,74.54,65.49535
2025-08-18 15:00:00+00:00,114.76,93.55831
2025-08-18 16:00:00+00:00,113.88,144.6673
2025-08-18 17:00:00+00:00,182.32,170.31773
2025-08-18 18:00:00+00:00,212.78,210.98116
2025-08-18 19:00:00+00:00,125.21,168.38837
2025-08-18 20:00:00+00:00,106.81,112.32131
2025-08-18 21:00:00+00:00,99.9,110.05371
2025-08-18 22:00:00+00:00,100.5,92.51163
2025-08-18 23:00:00+00:00,93.67,93.23565
2025-08-19 00:00:00+00:00,87.14,90.51535
2025-08-19 01:00:00+00:00,85.09,86.01951
2025-08-19 02:00:00+00:00,88.51,86.67302
2025-08-19 03:00:00+00:00,100.78,99.27079
2025-08-19 04:00:00+00:00,109.42,115.42991
2025-08-19 05:00:00+00:00,108.64,113.75595
2025-08-19 06:00:00+00:00,91.16,95.33521
2025-08-19 07:00:00+00:00,81.57,70.7628
2025-08-19 08:00:00+00:00,67.09,59.564255
2025-08-19 09:00:00+00:00,43.23,49.606983
2025-08-19 10:00:00+00:00,28.71,40.36353
2025-08-19 11:00:00+00:00,35.0,28.794455
2025-08-19 12:00:00+00:00,41.28,40.86351
2025-08-19 13:00:00+00:00,72.47,55.184406
2025-08-19 14:00:00+00:00,92.09,84.72669
2025-08-19 15:00:00+00:00,108.64,111.73375
2025-08-19 16:00:00+00:00,128.03,140.14496
2025-08-19 17:00:00+00:00,177.48,190.44768
2025-08-19 18:00:00+00:00,178.08,193.06921
2025-08-19 19:00:00+00:00,117.16,141.34914
2025-08-19 20:00:00+00:00,105.3,107.06074
2025-08-19 21:00:00+00:00,98.41,100.53827
2025-08-19 22:00:00+00:00,96.74,95.08822
2025-08-19 23:00:00+00:00,91.94,94.94098
2025-08-20 00:00:00+00:00,86.46,91.32845
2025-08-20 01:00:00+00:00,84.5,86.55442
2025-08-20 02:00:00+00:00,88.31,85.509766
2025-08-20 03:00:00+00:00,97.23,99.89306
2025-08-20 04:00:00+00:00,108.72,110.38755
2025-08-20 05:00:00+00:00,107.85,112.56663
2025-08-20 06:00:00+00:00,87.6,95.77873
2025-08-20 07:00:00+00:00,35.35,69.52649
2025-08-20 08:00:00+00:00,13.62,31.715689
2025-08-20 09:00:00+00:00,35.0,13.929564
2025-08-20 10:00:00+00:00,15.37,30.357454
2025-08-20 11:00:00+00:00,15.99,19.625343
2025-08-20 12:00:00+00:00,40.0,26.022541
2025-08-20 13:00:00+00:00,59.45,53.647648
2025-08-20 14:00:00+00:00,77.78,81.193085
2025-08-20 15:00:00+00:00,103.15,99.4284
2025-08-20 16:00:00+00:00,116.18,131.64896
2025-08-20 17:00:00+00:00,133.17,175.7891
2025-08-20 18:00:00+00:00,135.79,167.5896
2025-08-20 19:00:00+00:00,117.1,124.69585
2025-08-20 20:00:00+00:00,108.72,107.058
2025-08-20 21:00:00+00:00,100.68,101.358246
2025-08-20 22:00:00+00:00,95.38,95.21079
2025-08-20 23:00:00+00:00,85.0,90.55645
2025-08-21 00:00:00+00:00,83.94,85.86291
2025-08-21 01:00:00+00:00,86.46,84.50763
2025-08-21 02:00:00+00:00,87.34,87.4959
2025-08-21 03:00:00+00:00,102.39,100.76558
2025-08-21 04:00:00+00:00,110.04,113.034676
2025-08-21 05:00:00+00:00,111.07,108.08368
2025-08-21 06:00:00+00:00,84.43,94.09488
2025-08-21 07:00:00+00:00,54.12,63.738834
2025-08-21 08:00:00+00:00,20.0,38.936813
2025-08-21 09:00:00+00:00,25.99,15.991012
2025-08-21 10:00:00+00:00,16.0,21.899948
2025-08-21 11:00:00+00:00,31.0,18.68523
2025-08-21 12:00:00+00:00,57.69,39.434425
2025-08-21 13:00:00+00:00,80.0,67.99292
2025-08-21 14:00:00+00:00,94.18,87.60283
2025-08-21 15:00:00+00:00,108.75,100.651886
2025-08-21 16:00:00+00:00,125.65,127.988
2025-08-21 17:00:00+00:00,138.58,158.90872
2025-08-21 18:00:00+00:00,142.9,158.96454
2025-08-21 19:00:00+00:00,115.74,128.42584
2025-08-21 20:00:00+00:00,102.03,106.50729
2025-08-21 21:00:00+00:00,97.21,95.433556
2025-08-21 22:00:00+00:00,87.16,91.785645
2025-08-21 23:00:00+00:00,79.21,81.67013
2025-08-22 00:00:00+00:00,75.65,79.196754
2025-08-22 01:00:00+00:00,74.01,77.73834
2025-08-22 02:00:00+00:00,73.11,77.21979
2025-08-22 03:00:00+00:00,83.62,82.49241
2025-08-22 04:00:00+00:00,102.93,92.31479
2025-08-22 05:00:00+00:00,104.36,102.43983
2025-08-22 06:00:00+00:00,60.95,84.86978
2025-08-22 07:00:00+00:00,20.0,52.265297
2025-08-22 08:00:00+00:00,11.95,19.42092
2025-08-22 09:00:00+00:00,41.3,9.744436
2025-08-22 10:00:00+00:00,15.95,33.654713
2025-08-22 11:00:00+00:00,5.25,18.457989
2025-08-22 12:00:00+00:00,1.52,10.633303
2025-08-22 13:00:00+00:00,5.92,29.489595
2025-08-22 14:00:00+00:00,47.39,42.427853
2025-08-22 15:00:00+00:00,71.65,72.67926
2025-08-22 16:00:00+00:00,92.91,108.85877
2025-08-22 17:00:00+00:00,103.82,118.2817
2025-08-22 18:00:00+00:00,112.74,118.97436
2025-08-22 19:00:00+00:00,107.33,102.31268
2025-08-22 20:00:00+00:00,102.93,93.83015
2025-08-22 21:00:00+00:00,94.37,93.36935
2025-08-22 22:00:00+00:00,95.33,80.595665
2025-08-22 23:00:00+00:00,89.32,84.52162
2025-08-23 00:00:00+00:00,87.14,82.94926
2025-08-23 01:00:00+00:00,84.57,81.859474
2025-08-23 02:00:00+00:00,84.7,79.69036
2025-08-23 03:00:00+00:00,85.01,83.97373
2025-08-23 04:00:00+00:00,86.43,87.945946
2025-08-23 05:00:00+00:00,86.74,82.35187
2025-08-23 06:00:00+00:00,70.6,68.5545
2025-08-23 07:00:00+00:00,0.02,56.127148
2025-08-23 08:00:00+00:00,0.01,-0.8363493
2025-08-23 09:00:00+00:00,3.34,-1.1575053
2025-08-23 10:00:00+00:00,1.35,4.9489465
2025-08-23 11:00:00+00:00,0.07,5.0418096
2025-08-23 12:00:00+00:00,0.41,6.6503534
2025-08-23 13:00:00+00:00,3.52,15.311033
2025-08-23 14:00:00+00:00,16.34,30.49657
2025-08-23 15:00:00+00:00,94.18,47.664066
2025-08-23 16:00:00+00:00,124.66,103.89864
2025-08-23 17:00:00+00:00,134.8,133.7492
2025-08-23 18:00:00+00:00,147.95,131.31021
2025-08-23 19:00:00+00:00,120.16,123.11765
2025-08-23 20:00:00+00:00,111.16,104.0161
2025-08-23 21:00:00+00:00,105.85,98.928116
2025-08-23 22:00:00+00:00,100.5,95.77596
2025-08-23 23:00:00+00:00,95.11,91.1187
2025-08-24 00:00:00+00:00,93.84,88.46289
2025-08-24 01:00:00+00:00,91.44,87.66541
2025-08-24 02:00:00+00:00,90.4,85.19801
2025-08-24 03:00:00+00:00,90.5,90.44036
2025-08-24 04:00:00+00:00,90.0,89.638145
2025-08-24 05:00:00+00:00,84.73,77.01949
2025-08-24 06:00:00+00:00,20.99,58.098618
2025-08-24 07:00:00+00:00,1.52,14.985658
2025-08-24 08:00:00+00:00,-0.01,0.37001947
2025-08-24 09:00:00+00:00,-0.07,1.7468868
2025-08-24 10:00:00+00:00,-1.0,5.1924224
2025-08-24 11:00:00+00:00,-1.0,4.423642
2025-08-24 12:00:00+00:00,-0.79,9.297269
2025-08-24 13:00:00+00:00,-0.1,16.316593
2025-08-24 14:00:00+00:00,0.0,27.317385
2025-08-24 15:00:00+00:00,70.35,45.813473
2025-08-24 16:00:00+00:00,102.1,108.82727
2025-08-24 17:00:00+00:00,110.34,128.87737
2025-08-24 18:00:00+00:00,117.2,132.99484
2025-08-24 19:00:00+00:00,114.32,115.04055
2025-08-24 20:00:00+00:00,107.5,106.93096
2025-08-24 21:00:00+00:00,100.52,106.81067
2025-08-24 22:00:00+00:00,95.28,95.7676
2025-08-24 23:00:00+00:00,87.03,88.86323
2025-08-25 00:00:00+00:00,82.86,89.038536
2025-08-25 01:00:00+00:00,80.34,84.65681
2025-08-25 02:00:00+00:00,81.22,84.67429
2025-08-25 03:00:00+00:00,100.31,98.69509
2025-08-25 04:00:00+00:00,112.77,123.97409
2025-08-25 05:00:00+00:00,121.75,124.00314
2025-08-25 06:00:00+00:00,98.51,106.16464
2025-08-25 07:00:00+00:00,81.35,80.00294
2025-08-25 08:00:00+00:00,45.46,65.83322
2025-08-25 09:00:00+00:00,35.02,41.424988
2025-08-25 10:00:00+00:00,10.0,35.79369
2025-08-25 11:00:00+00:00,5.93,20.088861
2025-08-25 12:00:00+00:00,8.43,21.624195
2025-08-25 13:00:00+00:00,25.2,39.57878
2025-08-25 14:00:00+00:00,67.62,51.307297
2025-08-25 15:00:00+00:00,89.74,86.34454
2025-08-25 16:00:00+00:00,111.97,118.58373
2025-08-25 17:00:00+00:00,154.17,165.06862
2025-08-25 18:00:00+00:00,190.55,195.02315
2025-08-25 19:00:00+00:00,136.69,155.97366
2025-08-25 20:00:00+00:00,115.04,109.004036
2025-08-25 21:00:00+00:00,105.15,106.15361
2025-08-25 22:00:00+00:00,104.79,99.36999
2025-08-25 23:00:00+00:00,101.58,94.83803
2025-08-26 00:00:00+00:00,98.86,98.23658
2025-08-26 01:00:00+00:00,97.48,95.350815
2025-08-26 02:00:00+00:00,99.62,95.5588
2025-08-26 03:00:00+00:00,102.71,108.63835
2025-08-26 04:00:00+00:00,120.36,119.04298
2025-08-26 05:00:00+00:00,109.61,123.20468
2025-08-26 06:00:00+00:00,57.91,93.687546
2025-08-26 07:00:00+00:00,46.6,52.789085
2025-08-26 08:00:00+00:00,15.99,40.014927
2025-08-26 09:00:00+00:00,26.65,12.117671
2025-08-26 10:00:00+00:00,16.0,20.941847
2025-08-26 11:00:00+00:00,26.28,18.694193
2025-08-26 12:00:00+00:00,38.05,30.483187
2025-08-26 13:00:00+00:00,73.77,55.47253
2025-08-26 14:00:00+00:00,90.52,84.56937
2025-08-26 15:00:00+00:00,109.87,103.76287
2025-08-26 16:00:00+00:00,130.09,136.04494
2025-08-26 17:00:00+00:00,186.99,202.07802
2025-08-26 18:00:00+00:00,184.04,204.69478
2025-08-26 19:00:00+00:00,125.61,150.2496
2025-08-26 20:00:00+00:00,109.78,109.399704
2025-08-26 21:00:00+00:00,100.02,102.68549
2025-08-26 22:00:00+00:00,99.75,93.96039
2025-08-26 23:00:00+00:00,90.32,92.632805
2025-08-27 00:00:00+00:00,86.85,90.53686
2025-08-27 01:00:00+00:00,88.34,88.97844
2025-08-27 02:00:00+00:00,91.55,91.94824
2025-08-27 03:00:00+00:00,99.42,96.44121
2025-08-27 04:00:00+00:00,109.92,120.103485
2025-08-27 05:00:00+00:00,89.55,111.78367
2025-08-27 06:00:00+00:00,46.02,72.58749
2025-08-27 07:00:00+00:00,8.44,32.931496
2025-08-27 08:00:00+00:00,0.0,-2.6210973
2025-08-27 09:00:00+00:00,0.01,-5.9590993
2025-08-27 10:00:00+00:00,0.01,-1.84936
2025-08-27 11:00:00+00:00,0.01,2.915668
2025-08-27 12:00:00+00:00,3.43,9.598653
2025-08-27 13:00:00+00:00,25.99,32.888695
2025-08-27 14:00:00+00:00,81.8,55.43724
2025-08-27 15:00:00+00:00,107.04,103.36234
2025-08-27 16:00:00+00:00,131.08,133.08855
2025-08-27 17:00:00+00:00,209.97,185.10513
2025-08-27 18:00:00+00:00,186.51,188.89322
2025-08-27 19:00:00+00:00,126.85,142.26373
2025-08-27 20:00:00+00:00,113.63,107.46908
2025-08-27 21:00:00+00:00,103.57,99.62151
2025-08-27 22:00:00+00:00,97.15,94.82296
2025-08-27 23:00:00+00:00,92.08,89.018166
2025-08-28 00:00:00+00:00,88.06,88.84797
2025-08-28 01:00:00+00:00,88.3,86.46336
2025-08-28 02:00:00+00:00,87.67,89.18716
2025-08-28 03:00:00+00:00,90.0,100.13751
2025-08-28 04:00:00+00:00,104.69,109.641174
2025-08-28 05:00:00+00:00,86.14,98.82697
2025-08-28 06:00:00+00:00,15.0,65.93425
2025-08-28 07:00:00+00:00,0.0,11.755891
2025-08-28 08:00:00+00:00,0.0,-4.7065873
2025-08-28 09:00:00+00:00,0.0,-3.0628474
2025-08-28 10:00:00+00:00,0.0,2.6296623
2025-08-28 11:00:00+00:00,0.0,2.3108444
2025-08-28 12:00:00+00:00,0.0,11.998838
2025-08-28 13:00:00+00:00,0.01,25.969421
2025-08-28 14:00:00+00:00,61.59,39.578785
2025-08-28 15:00:00+00:00,118.73,96.759056
2025-08-28 16:00:00+00:00,147.91,149.40051
2025-08-28 17:00:00+00:00,173.04,196.73311
2025-08-28 18:00:00+00:00,146.29,177.17505
2025-08-28 19:00:00+00:00,121.05,122.70939
2025-08-28 20:00:00+00:00,106.03,104.159836
2025-08-28 21:00:00+00:00,91.22,93.55117
2025-08-28 22:00:00+00:00,85.27,83.86987
2025-08-28 23:00:00+00:00,86.39,81.27245
2025-08-29 00:00:00+00:00,86.14,84.94361
2025-08-29 01:00:00+00:00,86.77,85.27993
2025-08-29 02:00:00+00:00,88.52,85.53206
2025-08-29 03:00:00+00:00,97.51,96.47857
2025-08-29 04:00:00+00:00,109.35,110.72164
2025-08-29 05:00:00+00:00,91.38,105.16063
2025-08-29 06:00:00+00:00,71.4,69.60193
2025-08-29 07:00:00+00:00,0.01,48.83963
2025-08-29 08:00:00+00:00,0.0,0.61473066
2025-08-29 09:00:00+00:00,0.0,-0.037918672
2025-08-29 10:00:00+00:00,0.0,6.8322716
2025-08-29 11:00:00+00:00,0.0,7.5906105
2025-08-29 12:00:00+00:00,0.01,11.454876
2025-08-29 13:00:00+00:00,40.0,23.281908
2025-08-29 14:00:00+00:00,91.72,54.428265
2025-08-29 15:00:00+00:00,113.53,101.64546
2025-08-29 16:00:00+00:00,130.53,150.99911
2025-08-29 17:00:00+00:00,153.6,174.79247
2025-08-29 18:00:00+00:00,149.83,157.1288
2025-08-29 19:00:00+00:00,121.27,127.521866
2025-08-29 20:00:00+00:00,101.98,107.523476
2025-08-29 21:00:00+00:00,98.81,94.60554
2025-08-29 22:00:00+00:00,94.21,92.02769
2025-08-29 23:00:00+00:00,88.75,87.38445
2025-08-30 00:00:00+00:00,86.19,86.9141
2025-08-30 01:00:00+00:00,85.46,85.32244
2025-08-30 02:00:00+00:00,86.37,86.51013
2025-08-30 03:00:00+00:00,91.79,90.330086
2025-08-30 04:00:00+00:00,92.44,97.081245
2025-08-30 05:00:00+00:00,94.47,88.00535
2025-08-30 06:00:00+00:00,88.36,77.44301
2025-08-30 07:00:00+00:00,26.0,66.12841
2025-08-30 08:00:00+00:00,0.0,18.813927
2025-08-30 09:00:00+00:00,5.23,-0.842063
2025-08-30 10:00:00+00:00,0.0,6.1860266
2025-08-30 11:00:00+00:00,0.0,5.365691
2025-08-30 12:00:00+00:00,0.0,8.947393
2025-08-30 13:00:00+00:00,9.38,20.199326
2025-08-30 14:00:00+00:00,56.63,50.746826
2025-08-30 15:00:00+00:00,100.89,89.91867
2025-08-30 16:00:00+00:00,121.03,129.31387
2025-08-30 17:00:00+00:00,127.24,155.8526
2025-08-30 18:00:00+00:00,128.58,152.38531
2025-08-30 19:00:00+00:00,114.96,119.36639
2025-08-30 20:00:00+00:00,101.05,103.022995
2025-08-30 21:00:00+00:00,86.3,97.01681
2025-08-30 22:00:00+00:00,83.17,87.3887
2025-08-30 23:00:00+00:00,79.01,79.766
2025-08-31 00:00:00+00:00,81.3,78.4694
2025-08-31 01:00:00+00:00,78.31,81.64438
2025-08-31 02:00:00+00:00,75.04,77.43557
2025-08-31 03:00:00+00:00,68.99,79.65097
2025-08-31 04:00:00+00:00,69.54,78.35939
2025-08-31 05:00:00+00:00,65.91,71.93392
2025-08-31 06:00:00+00:00,22.31,55.871616
2025-08-31 07:00:00+00:00,0.0,15.026538
2025-08-31 08:00:00+00:00,-1.0,-2.294004
2025-08-31 09:00:00+00:00,-0.01,-0.45649406
2025-08-31 10:00:00+00:00,-0.1,3.0904713
2025-08-31 11:00:00+00:00,-0.98,3.3177814
2025-08-31 12:00:00+00:00,-0.6,5.6228724
2025-08-31 13:00:00+00:00,0.0,14.05962
2025-08-31 14:00:00+00:00,27.24,22.619244
2025-08-31 15:00:00+00:00,85.69,55.98855
2025-08-31 16:00:00+00:00,115.64,109.17273
2025-08-31 17:00:00+00:00,133.25,133.6581
2025-08-31 18:00:00+00:00,130.57,139.49847
2025-08-31 19:00:00+00:00,113.31,115.5709
2025-08-31 20:00:00+00:00,101.77,100.30539
2025-08-31 21:00:00+00:00,94.93,91.86222
2025-08-31 22:00:00+00:00,88.39,85.17343
2025-08-31 23:00:00+00:00,87.67,81.1087
2025-09-01 00:00:00+00:00,86.63,84.298546
2025-09-01 01:00:00+00:00,85.65,84.34184
2025-09-01 02:00:00+00:00,87.37,84.41359
2025-09-01 03:00:00+00:00,97.67,95.39729
2025-09-01 04:00:00+00:00,116.93,118.8955
2025-09-01 05:00:00+00:00,122.24,131.80563
2025-09-01 06:00:00+00:00,108.43,107.842285
2025-09-01 07:00:00+00:00,81.51,87.81962
2025-09-01 08:00:00+00:00,13.8,59.310616
2025-09-01 09:00:00+00:00,40.0,17.720898
2025-09-01 10:00:00+00:00,40.0,36.029507
2025-09-01 11:00:00+00:00,23.36,36.44783
2025-09-01 12:00:00+00:00,39.69,29.390625
2025-09-01 13:00:00+00:00,70.84,52.09583
2025-09-01 14:00:00+00:00,83.47,79.66016
2025-09-01 15:00:00+00:00,110.84,94.97972
2025-09-01 16:00:00+00:00,165.6,136.96103
2025-09-01 17:00:00+00:00,225.31,210.76387
2025-09-01 18:00:00+00:00,204.66,228.82677
2025-09-01 19:00:00+00:00,138.01,154.5702
2025-09-01 20:00:00+00:00,108.99,114.63001
2025-09-01 21:00:00+00:00,99.49,101.55239
2025-09-01 22:00:00+00:00,89.92,94.258575
2025-09-01 23:00:00+00:00,85.27,88.409004
2025-09-02 00:00:00+00:00,87.59,87.5252
2025-09-02 01:00:00+00:00,88.12,88.181526
2025-09-02 02:00:00+00:00,90.46,89.955734
2025-09-02 03:00:00+00:00,99.6,97.89904
2025-09-02 04:00:00+00:00,121.85,122.982704
2025-09-02 05:00:00+00:00,139.21,126.65026
2025-09-02 06:00:00+00:00,65.06,116.38101
2025-09-02 07:00:00+00:00,26.0,57.5969
2025-09-02 08:00:00+00:00,12.78,17.56428
2025-09-02 09:00:00+00:00,15.33,9.597586
2025-09-02 10:00:00+00:00,22.09,19.471643
2025-09-02 11:00:00+00:00,44.89,23.301523
2025-09-02 12:00:00+00:00,71.59,48.880146
2025-09-02 13:00:00+00:00,77.11,84.20998
2025-09-02 14:00:00+00:00,96.36,89.433815
2025-09-02 15:00:00+00:00,115.89,115.99556
2025-09-02 16:00:00+00:00,166.95,159.78482
2025-09-02 17:00:00+00:00,286.05,240.66638
2025-09-02 18:00:00+00:00,242.78,263.19354
2025-09-02 19:00:00+00:00,130.38,163.26141
2025-09-02 20:00:00+00:00,110.89,117.09623
2025-09-02 21:00:00+00:00,108.08,101.139984
2025-09-02 22:00:00+00:00,102.94,95.318855
2025-09-02 23:00:00+00:00,84.06,94.08951
2025-09-03 00:00:00+00:00,80.84,83.50464
2025-09-03 01:00:00+00:00,75.39,82.18598
2025-09-03 02:00:00+00:00,79.33,87.51474
2025-09-03 03:00:00+00:00,95.98,94.85704
2025-09-03 04:00:00+00:00,117.01,125.49906
2025-09-03 05:00:00+00:00,117.8,126.05839
2025-09-03 06:00:00+00:00,88.09,97.20797
2025-09-03 07:00:00+00:00,77.41,64.42163
2025-09-03 08:00:00+00:00,16.0,47.35757
2025-09-03 09:00:00+00:00,8.23,16.626598
2025-09-03 10:00:00+00:00,6.2,8.264521
2025-09-03 11:00:00+00:00,6.12,8.743261
2025-09-03 12:00:00+00:00,10.05,17.479012
2025-09-03 13:00:00+00:00,53.89,46.160732
2025-09-03 14:00:00+00:00,91.62,80.35512
2025-09-03 15:00:00+00:00,144.95,117.22645
2025-09-03 16:00:00+00:00,172.76,193.3041
2025-09-03 17:00:00+00:00,198.5,234.9242
2025-09-03 18:00:00+00:00,171.04,211.84389
2025-09-03 19:00:00+00:00,149.98,131.71648
2025-09-03 20:00:00+00:00,129.0,115.343445
2025-09-03 21:00:00+00:00,108.43,109.87254
2025-09-03 22:00:00+00:00,101.38,99.67014
2025-09-03 23:00:00+00:00,97.29,93.252594
2025-09-04 00:00:00+00:00,88.2,92.51071
2025-09-04 01:00:00+00:00,83.79,85.11831
2025-09-04 02:00:00+00:00,79.97,83.59764
2025-09-04 03:00:00+00:00,97.67,93.18516
2025-09-04 04:00:00+00:00,119.17,115.153694
2025-09-04 05:00:00+00:00,120.65,122.160965
2025-09-04 06:00:00+00:00,78.36,100.31067
2025-09-04 07:00:00+00:00,71.09,58.5538
2025-09-04 08:00:00+00:00,39.5,44.530384
2025-09-04 09:00:00+00:00,5.79,25.058723
2025-09-04 10:00:00+00:00,3.2,8.574641
2025-09-04 11:00:00+00:00,3.22,5.250149
2025-09-04 12:00:00+00:00,32.1,10.668112
2025-09-04 13:00:00+00:00,65.18,52.46426
2025-09-04 14:00:00+00:00,94.15,87.28007
2025-09-04 15:00:00+00:00,126.54,120.241104
2025-09-04 16:00:00+00:00,178.63,172.99239
2025-09-04 17:00:00+00:00,292.09,217.34221
2025-09-04 18:00:00+00:00,241.63,255.17601
2025-09-04 19:00:00+00:00,132.69,168.07152
2025-09-04 20:00:00+00:00,118.36,114.446625
2025-09-04 21:00:00+00:00,107.87,105.72506
2025-09-04 22:00:00+00:00,98.23,99.17204
2025-09-04 23:00:00+00:00,85.91,93.566154
2025-09-05 00:00:00+00:00,83.29,88.892815
2025-09-05 01:00:00+00:00,82.38,86.31172
2025-09-05 02:00:00+00:00,82.4,87.28782
2025-09-05 03:00:00+00:00,94.54,95.51556
2025-09-05 04:00:00+00:00,115.23,115.27905
2025-09-05 05:00:00+00:00,128.27,118.71407
2025-09-05 06:00:00+00:00,78.0,107.54038
2025-09-05 07:00:00+00:00,0.0,57.852272
2025-09-05 08:00:00+00:00,0.0,2.5305057
2025-09-05 09:00:00+00:00,0.0,4.637018
2025-09-05 10:00:00+00:00,0.0,9.226379
2025-09-05 11:00:00+00:00,0.0,10.260188
2025-09-05 12:00:00+00:00,0.01,11.954173
2025-09-05 13:00:00+00:00,72.66,30.979242
2025-09-05 14:00:00+00:00,96.76,92.80737
2025-09-05 15:00:00+00:00,129.17,125.15663
2025-09-05 16:00:00+00:00,167.37,183.20207
2025-09-05 17:00:00+00:00,192.79,199.32878
2025-09-05 18:00:00+00:00,166.17,204.9813
2025-09-05 19:00:00+00:00,139.98,132.6309
2025-09-05 20:00:00+00:00,146.01,118.21825
2025-09-05 21:00:00+00:00,111.7,117.439285
2025-09-05 22:00:00+00:00,102.67,101.12634
2025-09-05 23:00:00+00:00,102.96,95.184364
2025-09-06 00:00:00+00:00,102.81,98.83947
2025-09-06 01:00:00+00:00,102.1,99.109146
2025-09-06 02:00:00+00:00,101.2,98.668655
2025-09-06 03:00:00+00:00,102.03,101.51609
2025-09-06 04:00:00+00:00,96.25,108.98843
2025-09-06 05:00:00+00:00,91.71,100.1958
2025-09-06 06:00:00+00:00,77.4,73.992294
2025-09-06 07:00:00+00:00,0.0,53.566635
2025-09-06 08:00:00+00:00,0.0,-6.9649396
2025-09-06 09:00:00+00:00,0.0,-7.333422
2025-09-06 10:00:00+00:00,-0.02,-1.7775434
2025-09-06 11:00:00+00:00,-0.86,-0.5538643
2025-09-06 12:00:00+00:00,-0.99,2.2236814
2025-09-06 13:00:00+00:00,-0.01,24.028528
2025-09-06 14:00:00+00:00,46.01,43.30747
2025-09-06 15:00:00+00:00,119.96,77.39601
2025-09-06 16:00:00+00:00,178.64,154.53555
2025-09-06 17:00:00+00:00,190.01,201.21252
2025-09-06 18:00:00+00:00,177.21,181.87274
2025-09-06 19:00:00+00:00,178.89,143.54463
2025-09-06 20:00:00+00:00,150.0,133.16116
2025-09-06 21:00:00+00:00,93.07,116.09461
2025-09-06 22:00:00+00:00,86.01,86.546165
2025-09-06 23:00:00+00:00,78.93,81.2136
2025-09-07 00:00:00+00:00,75.0,84.29554
2025-09-07 01:00:00+00:00,77.44,81.08612
2025-09-07 02:00:00+00:00,76.98,82.92375
2025-09-07 03:00:00+00:00,76.77,82.872406
2025-09-07 04:00:00+00:00,75.38,86.98947
2025-09-07 05:00:00+00:00,51.8,77.139084
2025-09-07 06:00:00+00:00,0.0,43.19583
2025-09-07 07:00:00+00:00,-0.1,-1.1999009
2025-09-07 08:00:00+00:00,-4.0,-1.6647878
2025-09-07 09:00:00+00:00,-5.0,-4.7204165
2025-09-07 10:00:00+00:00,-5.0,-0.93308765
2025-09-07 11:00:00+00:00,-5.0,-0.19422378
2025-09-07 12:00:00+00:00,-5.0,4.361198
2025-09-07 13:00:00+00:00,-3.0,17.160389
2025-09-07 14:00:00+00:00,0.01,31.052324
2025-09-07 15:00:00+00:00,95.4,57.276077
2025-09-07 16:00:00+00:00,111.22,132.29889
2025-09-07 17:00:00+00:00,147.08,152.42413
2025-09-07 18:00:00+00:00,143.15,160.37303
2025-09-07 19:00:00+00:00,131.65,142.82196
2025-09-07 20:00:00+00:00,115.72,120.80886
2025-09-07 21:00:00+00:00,95.58,103.54977
2025-09-07 22:00:00+00:00,87.38,85.70463
2025-09-07 23:00:00+00:00,87.5,80.906296
2025-09-08 00:00:00+00:00,86.84,84.595856
2025-09-08 01:00:00+00:00,86.97,84.626595
2025-09-08 02:00:00+00:00,88.54,86.01949
2025-09-08 03:00:00+00:00,100.45,95.08597
2025-09-08 04:00:00+00:00,128.69,125.82645
2025-09-08 05:00:00+00:00,146.09,137.86055
2025-09-08 06:00:00+00:00,61.93,124.5524
2025-09-08 07:00:00+00:00,12.77,54.76262
2025-09-08 08:00:00+00:00,11.91,10.687975
2025-09-08 09:00:00+00:00,13.62,11.967182
2025-09-08 10:00:00+00:00,15.08,20.525595
2025-09-08 11:00:00+00:00,40.0,20.601036
2025-09-08 12:00:00+00:00,55.0,46.792934
2025-09-08 13:00:00+00:00,81.38,73.69255
2025-09-08 14:00:00+00:00,103.2,94.05439
2025-09-08 15:00:00+00:00,136.03,120.20192
2025-09-08 16:00:00+00:00,220.44,176.24706
2025-09-08 17:00:00+00:00,367.9,279.42245
2025-09-08 18:00:00+00:00,311.98,291.85263
2025-09-08 19:00:00+00:00,148.52,199.5294
2025-09-08 20:00:00+00:00,150.89,128.36774
2025-09-08 21:00:00+00:00,136.13,123.29466
2025-09-08 22:00:00+00:00,108.3,116.3188
2025-09-08 23:00:00+00:00,104.39,104.36814
2025-09-09 00:00:00+00:00,103.18,99.95289
2025-09-09 01:00:00+00:00,102.54,98.24259
2025-09-09 02:00:00+00:00,102.5,101.42091
2025-09-09 03:00:00+00:00,110.44,109.40888
2025-09-09 04:00:00+00:00,182.87,145.82022
2025-09-09 05:00:00+00:00,216.17,179.08882
2025-09-09 06:00:00+00:00,88.23,162.26384
2025-09-09 07:00:00+00:00,58.73,70.04776
2025-09-09 08:00:00+00:00,20.02,40.89729
2025-09-09 09:00:00+00:00,13.63,11.804505
2025-09-09 10:00:00+00:00,12.78,16.47638
2025-09-09 11:00:00+00:00,16.0,13.809911
2025-09-09 12:00:00+00:00,55.0,35.96763
2025-09-09 13:00:00+00:00,78.83,78.20912
2025-09-09 14:00:00+00:00,108.3,98.50562
2025-09-09 15:00:00+00:00,153.3,136.0863
2025-09-09 16:00:00+00:00,243.63,226.4817
2025-09-09 17:00:00+00:00,392.05,332.1174
2025-09-09 18:00:00+00:00,241.83,329.1632
2025-09-09 19:00:00+00:00,151.0,183.20557
2025-09-09 20:00:00+00:00,137.83,131.09933
2025-09-09 21:00:00+00:00,129.25,124.831375
2025-09-09 22:00:00+00:00,100.11,119.84714
2025-09-09 23:00:00+00:00,96.14,99.09256
2025-09-10 00:00:00+00:00,94.18,95.511665
2025-09-10 01:00:00+00:00,94.55,92.361885
2025-09-10 02:00:00+00:00,93.78,93.038315
2025-09-10 03:00:00+00:00,102.19,99.93812
2025-09-10 04:00:00+00:00,130.4,147.08128
2025-09-10 05:00:00+00:00,210.33,152.0699
2025-09-10 06:00:00+00:00,100.95,163.79672
2025-09-10 07:00:00+00:00,57.01,83.177895
2025-09-10 08:00:00+00:00,67.0,42.32837
2025-09-10 09:00:00+00:00,41.0,46.41355
2025-09-10 10:00:00+00:00,51.69,37.978085
2025-09-10 11:00:00+00:00,56.42,45.95066
2025-09-10 12:00:00+00:00,56.68,60.617462
2025-09-10 13:00:00+00:00,93.77,75.460625
2025-09-10 14:00:00+00:00,115.27,106.967224
2025-09-10 15:00:00+00:00,145.01,152.11414
2025-09-10 16:00:00+00:00,184.21,216.0931
2025-09-10 17:00:00+00:00,272.86,267.67883
2025-09-10 18:00:00+00:00,174.25,251.75769
2025-09-10 19:00:00+00:00,134.85,143.16373
2025-09-10 20:00:00+00:00,117.19,125.96839
2025-09-10 21:00:00+00:00,99.29,115.42768
2025-09-10 22:00:00+00:00,87.8,98.15993
2025-09-10 23:00:00+00:00,84.94,91.67028
2025-09-11 00:00:00+00:00,83.89,90.0134
2025-09-11 01:00:00+00:00,82.82,87.663315
2025-09-11 02:00:00+00:00,91.81,88.71582
2025-09-11 03:00:00+00:00,131.64,98.73866
2025-09-11 04:00:00+00:00,152.93,147.56895
2025-09-11 05:00:00+00:00,163.01,178.09958
2025-09-11 06:00:00+00:00,118.63,141.20946
2025-09-11 07:00:00+00:00,107.74,102.09499
2025-09-11 08:00:00+00:00,78.29,90.38236
2025-09-11 09:00:00+00:00,78.83,66.18737
2025-09-11 10:00:00+00:00,84.33,73.31194
2025-09-11 11:00:00+00:00,80.89,78.656006
2025-09-11 12:00:00+00:00,76.63,79.65313
2025-09-11 13:00:00+00:00,101.16,91.87383
2025-09-11 14:00:00+00:00,153.29,114.12563
2025-09-11 15:00:00+00:00,167.12,165.24457
2025-09-11 16:00:00+00:00,215.9,212.32355
2025-09-11 17:00:00+00:00,232.83,265.33502
2025-09-11 18:00:00+00:00,164.2,228.07248
2025-09-11 19:00:00+00:00,148.64,136.37689
2025-09-11 20:00:00+00:00,147.93,128.92067
2025-09-11 21:00:00+00:00,129.1,128.12665
2025-09-11 22:00:00+00:00,96.92,117.15422
2025-09-11 23:00:00+00:00,89.46,94.82632
2025-09-12 00:00:00+00:00,84.28,88.75664
2025-09-12 01:00:00+00:00,83.42,85.725044
2025-09-12 02:00:00+00:00,86.02,88.26592
2025-09-12 03:00:00+00:00,138.17,101.7225
2025-09-12 04:00:00+00:00,166.36,157.6053
2025-09-12 05:00:00+00:00,165.87,161.49069
2025-09-12 06:00:00+00:00,121.91,138.78984
2025-09-12 07:00:00+00:00,94.51,102.85604
2025-09-12 08:00:00+00:00,61.2,76.21747
2025-09-12 09:00:00+00:00,50.93,56.12937
2025-09-12 10:00:00+00:00,41.99,53.42252
2025-09-12 11:00:00+00:00,50.0,50.125328
2025-09-12 12:00:00+00:00,60.0,63.49998
2025-09-12 13:00:00+00:00,83.71,86.83661
2025-09-12 14:00:00+00:00,122.13,111.16801
2025-09-12 15:00:00+00:00,159.17,147.3009
2025-09-12 16:00:00+00:00,174.06,219.9426
2025-09-12 17:00:00+00:00,228.79,236.38342
2025-09-12 18:00:00+00:00,166.13,222.78487
2025-09-12 19:00:00+00:00,120.78,138.23813
2025-09-12 20:00:00+00:00,116.07,129.31944
2025-09-12 21:00:00+00:00,97.15,116.38675
2025-09-12 22:00:00+00:00,94.59,97.35736
2025-09-12 23:00:00+00:00,79.2,91.792404
2025-09-13 00:00:00+00:00,69.39,81.89458
2025-09-13 01:00:00+00:00,71.06,74.53804
2025-09-13 02:00:00+00:00,79.4,75.70834
2025-09-13 03:00:00+00:00,83.14,95.757904
2025-09-13 04:00:00+00:00,91.76,98.72939
2025-09-13 05:00:00+00:00,79.69,93.774994
2025-09-13 06:00:00+00:00,68.21,77.05408
2025-09-13 07:00:00+00:00,2.89,52.085052
2025-09-13 08:00:00+00:00,0.0,-1.9587722
2025-09-13 09:00:00+00:00,0.01,-4.3767433
2025-09-13 10:00:00+00:00,0.0,0.08110108
2025-09-13 11:00:00+00:00,0.0,2.8256245
2025-09-13 12:00:00+00:00,0.0,7.1342087
2025-09-13 13:00:00+00:00,0.01,25.816805
2025-09-13 14:00:00+00:00,69.83,45.269253
2025-09-13 15:00:00+00:00,120.32,113.10457
2025-09-13 16:00:00+00:00,128.37,159.95865
2025-09-13 17:00:00+00:00,144.37,162.63322
2025-09-13 18:00:00+00:00,128.25,146.4037
2025-09-13 19:00:00+00:00,108.58,119.08886
2025-09-13 20:00:00+00:00,100.76,108.74951
2025-09-13 21:00:00+00:00,89.93,93.067604
2025-09-13 22:00:00+00:00,83.21,84.14714
2025-09-13 23:00:00+00:00,74.01,75.83759
2025-09-14 00:00:00+00:00,75.53,72.16251
2025-09-14 01:00:00+00:00,80.53,73.98107
2025-09-14 02:00:00+00:00,82.35,79.91699
2025-09-14 03:00:00+00:00,87.63,82.16833
2025-09-14 04:00:00+00:00,91.78,90.61171
2025-09-14 05:00:00+00:00,97.87,78.9603
2025-09-14 06:00:00+00:00,0.01,65.905396
2025-09-14 07:00:00+00:00,0.0,-6.372554
2025-09-14 08:00:00+00:00,-0.1,-5.0174437
2025-09-14 09:00:00+00:00,0.0,-2.3565283
2025-09-14 10:00:00+00:00,0.0,-0.77029103
2025-09-14 11:00:00+00:00,0.0,0.11424278
2025-09-14 12:00:00+00:00,-0.01,5.4287667
2025-09-14 13:00:00+00:00,0.0,14.914931
2025-09-14 14:00:00+00:00,20.0,30.416288
2025-09-14 15:00:00+00:00,94.62,73.08246
2025-09-14 16:00:00+00:00,126.16,119.709206
2025-09-14 17:00:00+00:00,159.56,155.2331
2025-09-14 18:00:00+00:00,126.55,147.99174
2025-09-14 19:00:00+00:00,91.49,114.91987
2025-09-14 20:00:00+00:00,78.16,89.828804
2025-09-14 21:00:00+00:00,63.9,76.10325
2025-09-14 22:00:00+00:00,75.97,66.51197
2025-09-14 23:00:00+00:00,46.7,72.1938
2025-09-15 00:00:00+00:00,51.95,54.528557
2025-09-15 01:00:00+00:00,49.29,59.82973
2025-09-15 02:00:00+00:00,52.21,60.537106
2025-09-15 03:00:00+00:00,85.33,79.1785
2025-09-15 04:00:00+00:00,142.22,118.95219
2025-09-15 05:00:00+00:00,155.18,153.78915
2025-09-15 06:00:00+00:00,106.98,115.66753
2025-09-15 07:00:00+00:00,61.05,77.01294
2025-09-15 08:00:00+00:00,11.95,39.95948
2025-09-15 09:00:00+00:00,0.01,7.735692
2025-09-15 10:00:00+00:00,0.01,8.063141
2025-09-15 11:00:00+00:00,0.27,10.303261
2025-09-15 12:00:00+00:00,10.1,15.79767
2025-09-15 13:00:00+00:00,31.24,43.558445
2025-09-15 14:00:00+00:00,88.26,62.303825
2025-09-15 15:00:00+00:00,159.82,119.9713
2025-09-15 16:00:00+00:00,219.74,222.28276
2025-09-15 17:00:00+00:00,275.16,309.1824
2025-09-15 18:00:00+00:00,187.96,272.05426
2025-09-15 19:00:00+00:00,177.48,141.23212
2025-09-15 20:00:00+00:00,150.17,127.75186
2025-09-15 21:00:00+00:00,138.45,119.24199
2025-09-15 22:00:00+00:00,108.49,115.372536
2025-09-15 23:00:00+00:00,105.1,101.139175
2025-09-16 00:00:00+00:00,88.41,100.63671
2025-09-16 01:00:00+00:00,85.62,88.78708
2025-09-16 02:00:00+00:00,87.04,89.69546
2025-09-16 03:00:00+00:00,108.49,98.36415
2025-09-16 04:00:00+00:00,149.34,147.48846
2025-09-16 05:00:00+00:00,132.31,155.95667
2025-09-16 06:00:00+00:00,82.81,111.58366
2025-09-16 07:00:00+00:00,16.0,63.459694
2025-09-16 08:00:00+00:00,0.0,10.49297
2025-09-16 09:00:00+00:00,0.01,-4.562461
2025-09-16 10:00:00+00:00,0.01,1.3933728
2025-09-16 11:00:00+00:00,1.0,2.1249611
2025-09-16 12:00:00+00:00,45.0,11.748542
2025-09-16 13:00:00+00:00,70.0,62.60962
2025-09-16 14:00:00+00:00,116.02,90.30587
2025-09-16 15:00:00+00:00,181.48,147.23148
2025-09-16 16:00:00+00:00,221.37,241.35295
2025-09-16 17:00:00+00:00,324.79,341.50833
2025-09-16 18:00:00+00:00,167.89,259.2208
2025-09-16 19:00:00+00:00,143.12,150.8238
2025-09-16 20:00:00+00:00,129.21,125.03462
2025-09-16 21:00:00+00:00,101.59,121.83344
2025-09-16 22:00:00+00:00,88.87,97.450516
2025-09-16 23:00:00+00:00,77.88,87.232544
2025-09-17 00:00:00+00:00,77.06,79.56893
2025-09-17 01:00:00+00:00,76.13,78.49062
2025-09-17 02:00:00+00:00,76.22,79.671715
2025-09-17 03:00:00+00:00,97.6,94.611015
2025-09-17 04:00:00+00:00,121.03,134.45905
2025-09-17 05:00:00+00:00,126.86,146.52505
2025-09-17 06:00:00+00:00,112.65,112.10161
2025-09-17 07:00:00+00:00,93.7,92.459435
2025-09-17 08:00:00+00:00,68.7,78.60453
2025-09-17 09:00:00+00:00,43.63,51.715298
2025-09-17 10:00:00+00:00,15.02,43.23363
2025-09-17 11:00:00+00:00,13.6,24.357424
2025-09-17 12:00:00+00:00,15.1,27.65719
2025-09-17 13:00:00+00:00,47.62,53.153397
2025-09-17 14:00:00+00:00,85.69,78.78278
2025-09-17 15:00:00+00:00,108.82,128.65202
2025-09-17 16:00:00+00:00,183.54,156.14629
2025-09-17 17:00:00+00:00,232.3,221.06084
2025-09-17 18:00:00+00:00,159.89,183.5345
2025-09-17 19:00:00+00:00,108.63,126.179115
2025-09-17 20:00:00+00:00,101.96,108.12963
2025-09-17 21:00:00+00:00,84.96,95.60078
2025-09-17 22:00:00+00:00,58.02,79.7581
2025-09-17 23:00:00+00:00,50.06,61.794907
2025-09-18 00:00:00+00:00,39.22,58.201763
2025-09-18 01:00:00+00:00,39.5,47.565266
2025-09-18 02:00:00+00:00,50.27,50.039024
2025-09-18 03:00:00+00:00,77.56,74.48622
2025-09-18 04:00:00+00:00,114.68,110.46325
2025-09-18 05:00:00+00:00,103.53,125.00676
2025-09-18 06:00:00+00:00,14.11,82.34812
2025-09-18 07:00:00+00:00,0.0,15.072076
2025-09-18 08:00:00+00:00,-0.01,-1.7240305
2025-09-18 09:00:00+00:00,0.0,-0.6962163
2025-09-18 10:00:00+00:00,0.0,7.531945
2025-09-18 11:00:00+00:00,0.0,6.7165093
2025-09-18 12:00:00+00:00,0.0,10.398548
2025-09-18 13:00:00+00:00,0.02,20.79469
2025-09-18 14:00:00+00:00,56.76,35.59912
2025-09-18 15:00:00+00:00,131.64,99.60705
2025-09-18 16:00:00+00:00,156.2,167.85751
2025-09-18 17:00:00+00:00,204.27,179.24176
2025-09-18 18:00:00+00:00,154.8,162.40416
2025-09-18 19:00:00+00:00,108.66,116.22973
2025-09-18 20:00:00+00:00,104.23,97.222305
2025-09-18 21:00:00+00:00,88.2,94.397865
2025-09-18 22:00:00+00:00,74.09,78.48263
2025-09-18 23:00:00+00:00,71.96,66.35867
2025-09-19 00:00:00+00:00,71.15,69.83231
2025-09-19 01:00:00+00:00,70.86,68.23317
2025-09-19 02:00:00+00:00,70.86,75.00005
2025-09-19 03:00:00+00:00,91.16,83.29146
2025-09-19 04:00:00+00:00,117.94,117.050575
2025-09-19 05:00:00+00:00,138.15,125.67429
2025-09-19 06:00:00+00:00,0.01,100.91286
2025-09-19 07:00:00+00:00,0.0,0.72495633
2025-09-19 08:00:00+00:00,-1.0,-0.6369998
2025-09-19 09:00:00+00:00,-1.86,0.18870832
2025-09-19 10:00:00+00:00,-1.0,2.441653
2025-09-19 11:00:00+00:00,-1.0,3.449848
2025-09-19 12:00:00+00:00,-0.62,7.9758067
2025-09-19 13:00:00+00:00,0.0,23.70293
2025-09-19 14:00:00+00:00,79.1,33.114014
2025-09-19 15:00:00+00:00,115.79,115.60722
2025-09-19 16:00:00+00:00,242.1,144.56927
2025-09-19 17:00:00+00:00,188.66,242.59357
2025-09-19 18:00:00+00:00,142.59,153.75302
2025-09-19 19:00:00+00:00,108.42,102.37957
2025-09-19 20:00:00+00:00,101.78,89.81339
2025-09-19 21:00:00+00:00,80.61,86.313065
2025-09-19 22:00:00+00:00,82.68,73.918495
2025-09-19 23:00:00+00:00,83.36,69.83289
2025-09-20 00:00:00+00:00,79.53,78.95678
2025-09-20 01:00:00+00:00,79.41,76.66303
2025-09-20 02:00:00+00:00,79.36,75.93498
2025-09-20 03:00:00+00:00,85.27,80.69866
2025-09-20 04:00:00+00:00,93.69,97.64094
2025-09-20 05:00:00+00:00,84.13,92.489716
2025-09-20 06:00:00+00:00,0.0,58.311367
2025-09-20 07:00:00+00:00,-1.0,-1.434664
2025-09-20 08:00:00+00:00,-1.0,-1.545164
2025-09-20 09:00:00+00:00,-1.29,-0.7475366
2025-09-20 10:00:00+00:00,-8.35,4.4211783
2025-09-20 11:00:00+00:00,-9.74,5.8503237
2025-09-20 12:00:00+00:00,-4.32,9.647206
2025-09-20 13:00:00+00:00,0.16,20.830057
2025-09-20 14:00:00+00:00,31.11,35.447224
2025-09-20 15:00:00+00:00,103.96,76.37574
2025-09-20 16:00:00+00:00,157.07,136.04291
2025-09-20 17:00:00+00:00,163.96,163.67087
2025-09-20 18:00:00+00:00,121.04,134.03244
2025-09-20 19:00:00+00:00,94.2,104.53504
2025-09-20 20:00:00+00:00,77.92,84.577225
2025-09-20 21:00:00+00:00,50.29,70.493576
2025-09-20 22:00:00+00:00,45.92,56.382946
2025-09-20 23:00:00+00:00,24.74,49.8058
2025-09-21 00:00:00+00:00,10.15,31.203941
2025-09-21 01:00:00+00:00,10.15,18.060024
2025-09-21 02:00:00+00:00,8.53,18.40519
2025-09-21 03:00:00+00:00,25.0,17.344198
2025-09-21 04:00:00+00:00,4.41,37.21621
2025-09-21 05:00:00+00:00,5.23,13.754558
2025-09-21 06:00:00+00:00,0.0,0.96499854
2025-09-21 07:00:00+00:00,-1.0,-1.1630316
2025-09-21 08:00:00+00:00,-2.0,-0.9516869
2025-09-21 09:00:00+00:00,-9.92,-0.46953836
2025-09-21 10:00:00+00:00,-14.66,2.8446708
2025-09-21 11:00:00+00:00,-14.79,2.6925888
2025-09-21 12:00:00+00:00,-3.17,4.9322157
2025-09-21 13:00:00+00:00,-0.69,14.311189
2025-09-21 14:00:00+00:00,9.47,21.252392
2025-09-21 15:00:00+00:00,92.47,55.10177
2025-09-21 16:00:00+00:00,106.13,118.25422
2025-09-21 17:00:00+00:00,119.55,122.95727
2025-09-21 18:00:00+00:00,115.64,118.629814
2025-09-21 19:00:00+00:00,100.24,98.573364
2025-09-21 20:00:00+00:00,99.17,86.9363
2025-09-21 21:00:00+00:00,86.44,82.85362
2025-09-21 22:00:00+00:00,79.47,71.7816
2025-09-21 23:00:00+00:00,75.89,59.98775
2025-09-22 00:00:00+00:00,72.88,64.5155
2025-09-22 01:00:00+00:00,71.77,63.000595
2025-09-22 02:00:00+00:00,71.95,64.60812
2025-09-22 03:00:00+00:00,86.17,78.19527
2025-09-22 04:00:00+00:00,116.03,116.506195
2025-09-22 05:00:00+00:00,127.38,126.45371
2025-09-22 06:00:00+00:00,25.85,100.03638
2025-09-22 07:00:00+00:00,0.0,18.012129
2025-09-22 08:00:00+00:00,0.0,3.8142126
2025-09-22 09:00:00+00:00,0.0,5.1570888
2025-09-22 10:00:00+00:00,0.0,9.646658
2025-09-22 11:00:00+00:00,0.0,10.914585
2025-09-22 12:00:00+00:00,5.0,13.658252
2025-09-22 13:00:00+00:00,30.66,27.266403
2025-09-22 14:00:00+00:00,89.59,53.636604
2025-09-22 15:00:00+00:00,126.02,125.495224
2025-09-22 16:00:00+00:00,143.26,168.63553
2025-09-22 17:00:00+00:00,247.33,179.77362
2025-09-22 18:00:00+00:00,145.93,190.27437
2025-09-22 19:00:00+00:00,114.07,123.422066
2025-09-22 20:00:00+00:00,108.44,107.83831
2025-09-22 21:00:00+00:00,93.41,103.212456
2025-09-22 22:00:00+00:00,82.03,87.99986
2025-09-22 23:00:00+00:00,81.23,82.04648
2025-09-23 00:00:00+00:00,80.28,82.12361
2025-09-23 01:00:00+00:00,80.13,81.64859
2025-09-23 02:00:00+00:00,83.59,82.908165
2025-09-23 03:00:00+00:00,100.25,91.29616
2025-09-23 04:00:00+00:00,124.06,133.27402
2025-09-23 05:00:00+00:00,167.82,135.6594
2025-09-23 06:00:00+00:00,95.45,117.2242
2025-09-23 07:00:00+00:00,40.0,71.533936
2025-09-23 08:00:00+00:00,10.22,29.677603
2025-09-23 09:00:00+00:00,10.0,8.662444
2025-09-23 10:00:00+00:00,10.1,15.33664
2025-09-23 11:00:00+00:00,11.95,16.799149
2025-09-23 12:00:00+00:00,42.0,23.98751
2025-09-23 13:00:00+00:00,92.48,60.66416
2025-09-23 14:00:00+00:00,112.8,103.464005
2025-09-23 15:00:00+00:00,162.06,140.30057
2025-09-23 16:00:00+00:00,188.29,201.84703
2025-09-23 17:00:00+00:00,363.6,269.25577
2025-09-23 18:00:00+00:00,202.1,185.82715
2025-09-23 19:00:00+00:00,131.36,152.4939
2025-09-23 20:00:00+00:00,121.03,113.479065
2025-09-23 21:00:00+00:00,98.88,105.82149
2025-09-23 22:00:00+00:00,86.55,90.986046
2025-09-23 23:00:00+00:00,79.67,81.8058
2025-09-24 00:00:00+00:00,79.3,77.73663
2025-09-24 01:00:00+00:00,79.53,79.44459
2025-09-24 02:00:00+00:00,89.73,82.87035
2025-09-24 03:00:00+00:00,133.86,96.29198
2025-09-24 04:00:00+00:00,149.99,148.56456
2025-09-24 05:00:00+00:00,134.91,150.14966
2025-09-24 06:00:00+00:00,100.98,113.64365
2025-09-24 07:00:00+00:00,70.24,79.61599
2025-09-24 08:00:00+00:00,15.99,51.424335
2025-09-24 09:00:00+00:00,15.06,9.354352
2025-09-24 10:00:00+00:00,12.78,15.821307
2025-09-24 11:00:00+00:00,15.09,13.180069
2025-09-24 12:00:00+00:00,44.78,29.93101
2025-09-24 13:00:00+00:00,95.38,67.547775
2025-09-24 14:00:00+00:00,107.54,107.5093
2025-09-24 15:00:00+00:00,168.83,133.38977
2025-09-24 16:00:00+00:00,206.93,211.75626
2025-09-24 17:00:00+00:00,266.0,239.34433
2025-09-24 18:00:00+00:00,156.59,206.58432
2025-09-24 19:00:00+00:00,112.99,119.53041
2025-09-24 20:00:00+00:00,93.45,107.14108
2025-09-24 21:00:00+00:00,86.59,90.018074
2025-09-24 22:00:00+00:00,72.46,81.540665
2025-09-24 23:00:00+00:00,79.17,74.380066
2025-09-25 00:00:00+00:00,79.45,74.81256
2025-09-25 01:00:00+00:00,79.56,74.79658
2025-09-25 02:00:00+00:00,79.58,80.75011
2025-09-25 03:00:00+00:00,80.0,99.5007
2025-09-25 04:00:00+00:00,108.89,115.98163
2025-09-25 05:00:00+00:00,128.9,122.808975
2025-09-25 06:00:00+00:00,124.72,110.75704
2025-09-25 07:00:00+00:00,48.78,94.157684
2025-09-25 08:00:00+00:00,16.0,38.762535
2025-09-25 09:00:00+00:00,41.95,14.172381
2025-09-25 10:00:00+00:00,40.0,38.562096
2025-09-25 11:00:00+00:00,42.4,38.484093
2025-09-25 12:00:00+00:00,55.93,49.67476
2025-09-25 13:00:00+00:00,92.48,81.06904
2025-09-25 14:00:00+00:00,104.08,102.06988
2025-09-25 15:00:00+00:00,121.83,133.24704
2025-09-25 16:00:00+00:00,128.17,161.37038
2025-09-25 17:00:00+00:00,141.97,153.81177
2025-09-25 18:00:00+00:00,123.54,139.96568
2025-09-25 19:00:00+00:00,110.01,104.76967
2025-09-25 20:00:00+00:00,100.37,98.56306
2025-09-25 21:00:00+00:00,81.09,91.1499
2025-09-25 22:00:00+00:00,78.48,74.71621
2025-09-25 23:00:00+00:00,75.2,72.40557
2025-09-26 00:00:00+00:00,73.18,75.714355
2025-09-26 01:00:00+00:00,73.26,74.34701
2025-09-26 02:00:00+00:00,75.4,74.40415
2025-09-26 03:00:00+00:00,82.71,83.07016
2025-09-26 04:00:00+00:00,113.01,100.0308
2025-09-26 05:00:00+00:00,106.73,125.28396
2025-09-26 06:00:00+00:00,88.0,99.20277
2025-09-26 07:00:00+00:00,86.12,72.80852
2025-09-26 08:00:00+00:00,94.81,66.150696
2025-09-26 09:00:00+00:00,98.71,72.54063
2025-09-26 10:00:00+00:00,94.5,77.74948
2025-09-26 11:00:00+00:00,30.0,77.48129
2025-09-26 12:00:00+00:00,46.6,39.152985
2025-09-26 13:00:00+00:00,57.81,65.05356
2025-09-26 14:00:00+00:00,102.19,78.90994
2025-09-26 15:00:00+00:00,112.37,116.331345
2025-09-26 16:00:00+00:00,123.6,131.38855
2025-09-26 17:00:00+00:00,132.44,133.68645
2025-09-26 18:00:00+00:00,119.61,127.56359
2025-09-26 19:00:00+00:00,106.21,104.35086
2025-09-26 20:00:00+00:00,96.9,96.123085
2025-09-26 21:00:00+00:00,89.9,88.05462
2025-09-26 22:00:00+00:00,84.88,80.948784
2025-09-26 23:00:00+00:00,84.62,79.00046
2025-09-27 00:00:00+00:00,84.45,79.957954
2025-09-27 01:00:00+00:00,84.49,80.310745
2025-09-27 02:00:00+00:00,87.8,80.31266
2025-09-27 03:00:00+00:00,91.77,84.27428
2025-09-27 04:00:00+00:00,88.72,94.01656
2025-09-27 05:00:00+00:00,102.4,86.807304
2025-09-27 06:00:00+00:00,83.61,89.83897
2025-09-27 07:00:00+00:00,79.34,70.404274
2025-09-27 08:00:00+00:00,45.0,61.51421
2025-09-27 09:00:00+00:00,80.19,43.353752
2025-09-27 10:00:00+00:00,64.16,68.31116
2025-09-27 11:00:00+00:00,37.61,56.49293
2025-09-27 12:00:00+00:00,51.02,42.74839
2025-09-27 13:00:00+00:00,82.49,59.571144
2025-09-27 14:00:00+00:00,98.32,88.12972
2025-09-27 15:00:00+00:00,111.2,105.866325
2025-09-27 16:00:00+00:00,132.09,125.70176
2025-09-27 17:00:00+00:00,147.5,136.06773
2025-09-27 18:00:00+00:00,125.8,127.351814
2025-09-27 19:00:00+00:00,112.87,102.33878
2025-09-27 20:00:00+00:00,106.42,98.54115
2025-09-27 21:00:00+00:00,100.52,92.39003
2025-09-27 22:00:00+00:00,100.09,89.368774
2025-09-27 23:00:00+00:00,97.9,90.92172
2025-09-28 00:00:00+00:00,92.79,87.7668
2025-09-28 01:00:00+00:00,91.94,82.39724
2025-09-28 02:00:00+00:00,92.98,83.64533
2025-09-28 03:00:00+00:00,93.56,86.27995
2025-09-28 04:00:00+00:00,95.91,88.91282
2025-09-28 05:00:00+00:00,101.13,94.282425
2025-09-28 06:00:00+00:00,94.76,93.897064
2025-09-28 07:00:00+00:00,91.61,84.96184
2025-09-28 08:00:00+00:00,85.47,79.078415
2025-09-28 09:00:00+00:00,50.0,78.515335
2025-09-28 10:00:00+00:00,17.6,53.98371
2025-09-28 11:00:00+00:00,50.0,29.274298
2025-09-28 12:00:00+00:00,98.0,54.955143
2025-09-28 13:00:00+00:00,85.93,98.59496
2025-09-28 14:00:00+00:00,126.09,96.63406
2025-09-28 15:00:00+00:00,162.02,126.4146
2025-09-28 16:00:00+00:00,154.54,151.48671
2025-09-28 17:00:00+00:00,194.22,152.36525
2025-09-28 18:00:00+00:00,167.12,159.66139
2025-09-28 19:00:00+00:00,147.14,127.87989
2025-09-28 20:00:00+00:00,136.07,122.37639
2025-09-28 21:00:00+00:00,99.2,113.80019
2025-09-28 22:00:00+00:00,94.09,96.609116
2025-09-28 23:00:00+00:00,92.09,92.07398
2025-09-29 00:00:00+00:00,91.31,91.191605
2025-09-29 01:00:00+00:00,91.65,89.70602
2025-09-29 02:00:00+00:00,91.62,90.94017
2025-09-29 03:00:00+00:00,101.87,97.326065
2025-09-29 04:00:00+00:00,173.38,121.9001
2025-09-29 05:00:00+00:00,275.65,177.41002
2025-09-29 06:00:00+00:00,168.4,194.04544
2025-09-29 07:00:00+00:00,116.8,132.25674
2025-09-29 08:00:00+00:00,92.06,101.33103
2025-09-29 09:00:00+00:00,87.66,80.13342
2025-09-29 10:00:00+00:00,81.39,79.52225
2025-09-29 11:00:00+00:00,80.03,78.76196
2025-09-29 12:00:00+00:00,79.86,88.60578
2025-09-29 13:00:00+00:00,91.02,94.19294
2025-09-29 14:00:00+00:00,107.41,109.48875
2025-09-29 15:00:00+00:00,172.3,138.49638
2025-09-29 16:00:00+00:00,348.5,199.45552
2025-09-29 17:00:00+00:00,425.83,340.04428
2025-09-29 18:00:00+00:00,174.28,235.0954
2025-09-29 19:00:00+00:00,135.64,145.07635
2025-09-29 20:00:00+00:00,118.18,121.957695
2025-09-29 21:00:00+00:00,106.84,108.366714
2025-09-29 22:00:00+00:00,100.55,101.900665
2025-09-29 23:00:00+00:00,95.59,100.03085
2025-09-30 00:00:00+00:00,96.83,93.516174
2025-09-30 01:00:00+00:00,98.28,96.58869
2025-09-30 02:00:00+00:00,98.28,97.85167
2025-09-30 03:00:00+00:00,111.39,105.275345
2025-09-30 04:00:00+00:00,165.38,146.71118
2025-09-30 05:00:00+00:00,265.96,213.74516
2025-09-30 06:00:00+00:00,209.23,207.40887
2025-09-30 07:00:00+00:00,92.03,161.5691
2025-09-30 08:00:00+00:00,84.64,78.87393
2025-09-30 09:00:00+00:00,71.01,68.47251
2025-09-30 10:00:00+00:00,54.21,61.808865
2025-09-30 11:00:00+00:00,76.05,55.186646
2025-09-30 12:00:00+00:00,90.0,79.379814
2025-09-30 13:00:00+00:00,98.31,106.36194
2025-09-30 14:00:00+00:00,146.8,115.09555
2025-09-30 15:00:00+00:00,212.52,187.47055
2025-09-30 16:00:00+00:00,355.79,278.01672
2025-09-30 17:00:00+00:00,367.91,404.30225
2025-09-30 18:00:00+00:00,194.54,268.45398
2025-09-30 19:00:00+00:00,142.88,156.6166
2025-09-30 20:00:00+00:00,126.3,125.40435
2025-09-30 21:00:00+00:00,108.33,113.88052
2025-09-30 22:00:00+00:00,97.2625,104.547516
2025-09-30 23:00:00+00:00,89.005,95.93679
2025-10-01 00:00:00+00:00,91.255,90.878555
2025-10-01 01:00:00+00:00,92.7225,91.55827
2025-10-01 02:00:00+00:00,90.89,93.43565
2025-10-01 03:00:00+00:00,100.0975,112.440865
2025-10-01 04:00:00+00:00,127.5,134.82494
2025-10-01 05:00:00+00:00,174.97,168.13422
2025-10-01 06:00:00+00:00,137.0425,166.63335
2025-10-01 07:00:00+00:00,104.6625,119.27018
2025-10-01 08:00:00+00:00,87.205,89.36729
2025-10-01 09:00:00+00:00,85.34,74.31255
2025-10-01 10:00:00+00:00,85.0,76.93128
2025-10-01 11:00:00+00:00,84.83,80.31304
2025-10-01 12:00:00+00:00,94.0225,88.82798
2025-10-01 13:00:00+00:00,102.9975,107.69895
2025-10-01 14:00:00+00:00,114.0675,126.766624
2025-10-01 15:00:00+00:00,153.6025,160.77313
2025-10-01 16:00:00+00:00,252.29,236.13264
2025-10-01 17:00:00+00:00,321.545,283.52872
2025-10-01 18:00:00+00:00,155.4975,231.95755
2025-10-01 19:00:00+00:00,117.315,131.30167
2025-10-01 20:00:00+00:00,99.5325,113.07395
2025-10-01 21:00:00+00:00,91.485,95.99158
2025-10-01 22:00:00+00:00,92.4275,87.62116
2025-10-01 23:00:00+00:00,89.5175,87.96418
2025-10-02 00:00:00+00:00,89.0325,89.34828
2025-10-02 01:00:00+00:00,93.085,89.68108
2025-10-02 02:00:00+00:00,94.625,91.19659
2025-10-02 03:00:00+00:00,98.2,98.753975
2025-10-02 04:00:00+00:00,131.14,122.12017
2025-10-02 05:00:00+00:00,185.455,160.29312
2025-10-02 06:00:00+00:00,155.4225,180.96452
2025-10-02 07:00:00+00:00,136.88750000000002,147.8625
2025-10-02 08:00:00+00:00,134.04,125.08293
2025-10-02 09:00:00+00:00,108.355,122.23829
2025-10-02 10:00:00+00:00,99.855,104.345406
2025-10-02 11:00:00+00:00,96.0,94.95632
2025-10-02 12:00:00+00:00,94.195,99.89434
2025-10-02 13:00:00+00:00,102.4575,107.517296
2025-10-02 14:00:00+00:00,144.9225,120.157684
2025-10-02 15:00:00+00:00,140.9125,162.66734
2025-10-02 16:00:00+00:00,176.35000000000002,181.55338
2025-10-02 17:00:00+00:00,185.7525,184.45854
2025-10-02 18:00:00+00:00,133.835,152.09038
2025-10-02 19:00:00+00:00,110.2825,114.40543
2025-10-02 20:00:00+00:00,104.2425,102.7149
2025-10-02 21:00:00+00:00,91.3775,97.10687
2025-10-02 22:00:00+00:00,80.5775,85.80684
2025-10-02 23:00:00+00:00,73.905,78.05571
2025-10-03 00:00:00+00:00,75.105,76.28686
2025-10-03 01:00:00+00:00,76.8175,79.1321
2025-10-03 02:00:00+00:00,79.8925,81.733
2025-10-03 03:00:00+00:00,94.6525,90.37976
2025-10-03 04:00:00+00:00,128.585,114.92976
2025-10-03 05:00:00+00:00,146.005,143.69748
2025-10-03 06:00:00+00:00,103.2,130.5726
2025-10-03 07:00:00+00:00,61.4375,92.46267
2025-10-03 08:00:00+00:00,53.5475,63.954876
2025-10-03 09:00:00+00:00,50.0475,56.151768
2025-10-03 10:00:00+00:00,21.78,59.980907
2025-10-03 11:00:00+00:00,32.995,30.17093
2025-10-03 12:00:00+00:00,39.9975,49.698177
2025-10-03 13:00:00+00:00,45.8125,68.223236
2025-10-03 14:00:00+00:00,95.7725,77.97672
2025-10-03 15:00:00+00:00,127.6425,122.639336
2025-10-03 16:00:00+00:00,133.1725,148.57867
2025-10-03 17:00:00+00:00,130.78,145.37947
2025-10-03 18:00:00+00:00,134.7225,125.68506
2025-10-03 19:00:00+00:00,119.935,109.058205
2025-10-03 20:00:00+00:00,123.52,99.59908
2025-10-03 21:00:00+00:00,103.7425,100.83261
2025-10-03 22:00:00+00:00,102.1325,92.08222
2025-10-03 23:00:00+00:00,90.32,91.48699
2025-10-04 00:00:00+00:00,85.6675,84.00472
2025-10-04 01:00:00+00:00,82.2325,82.38425
2025-10-04 02:00:00+00:00,87.6525,81.329185
2025-10-04 03:00:00+00:00,99.7225,88.02508
2025-10-04 04:00:00+00:00,111.0425,104.837135
2025-10-04 05:00:00+00:00,144.9725,114.74751
2025-10-04 06:00:00+00:00,108.735,113.03147
2025-10-04 07:00:00+00:00,33.945,81.850235
2025-10-04 08:00:00+00:00,0.0025,26.299759
2025-10-04 09:00:00+00:00,0.955,4.1566544
2025-10-04 10:00:00+00:00,0.2875,7.189356
2025-10-04 11:00:00+00:00,1.7625,5.188922
2025-10-04 12:00:00+00:00,24.692500000000003,12.651209
2025-10-04 13:00:00+00:00,62.77,52.060932
2025-10-04 14:00:00+00:00,93.74,92.193855
2025-10-04 15:00:00+00:00,156.22750000000002,119.35116
2025-10-04 16:00:00+00:00,225.2675,159.31679
2025-10-04 17:00:00+00:00,208.5675,214.14783
2025-10-04 18:00:00+00:00,185.0275,155.67935
2025-10-04 19:00:00+00:00,147.33249999999998,135.94882
2025-10-04 20:00:00+00:00,118.375,114.67311
2025-10-04 21:00:00+00:00,106.9025,103.53755
2025-10-04 22:00:00+00:00,56.0,93.81212
2025-10-04 23:00:00+00:00,42.8675,66.4412
2025-10-05 00:00:00+00:00,68.48,58.55639
2025-10-05 01:00:00+00:00,63.5225,74.22002
2025-10-05 02:00:00+00:00,79.1075,74.46571
2025-10-05 03:00:00+00:00,83.13,86.43179
2025-10-05 04:00:00+00:00,82.5325,92.436226
2025-10-05 05:00:00+00:00,74.145,88.813416
2025-10-05 06:00:00+00:00,21.7975,61.105164
2025-10-05 07:00:00+00:00,-1.5025,20.074448
2025-10-05 08:00:00+00:00,-2.2525,3.7300498
2025-10-05 09:00:00+00:00,-2.5925,1.477931
2025-10-05 10:00:00+00:00,-2.91,6.4301057
2025-10-05 11:00:00+00:00,-3.0075,7.0945153
2025-10-05 12:00:00+00:00,-3.265,15.402238
2025-10-05 13:00:00+00:00,-0.5,32.852966
2025-10-05 14:00:00+00:00,49.6125,42.92712
2025-10-05 15:00:00+00:00,128.845,92.4906
2025-10-05 16:00:00+00:00,152.61,165.03505
2025-10-05 17:00:00+00:00,151.3075,170.47678
2025-10-05 18:00:00+00:00,140.70749999999998,152.22101
2025-10-05 19:00:00+00:00,122.82,118.60495
2025-10-05 20:00:00+00:00,113.6125,107.09446
2025-10-05 21:00:00+00:00,85.7025,101.78751
2025-10-05 22:00:00+00:00,92.46,76.569595
2025-10-05 23:00:00+00:00,77.43,79.62391
2025-10-06 00:00:00+00:00,60.3175,75.82727
2025-10-06 01:00:00+00:00,68.1225,63.434036
2025-10-06 02:00:00+00:00,83.225,74.01699
2025-10-06 03:00:00+00:00,117.0375,94.25036
2025-10-06 04:00:00+00:00,174.1925,150.09077
2025-10-06 05:00:00+00:00,237.2125,191.96776
2025-10-06 06:00:00+00:00,200.3925,210.23639
2025-10-06 07:00:00+00:00,136.95,160.69246
2025-10-06 08:00:00+00:00,105.9175,121.93425
2025-10-06 09:00:00+00:00,95.9975,98.76976
2025-10-06 10:00:00+00:00,88.955,95.75786
2025-10-06 11:00:00+00:00,81.5225,91.17595
2025-10-06 12:00:00+00:00,79.86500000000001,87.979515
2025-10-06 13:00:00+00:00,79.08,102.13147
2025-10-06 14:00:00+00:00,130.6525,103.50591
2025-10-06 15:00:00+00:00,194.69,161.28574
2025-10-06 16:00:00+00:00,240.0025,233.76448
2025-10-06 17:00:00+00:00,239.0725,271.20844
2025-10-06 18:00:00+00:00,174.6975,200.85556
2025-10-06 19:00:00+00:00,118.975,140.60872
2025-10-06 20:00:00+00:00,120.17,111.615265
2025-10-06 21:00:00+00:00,106.44,108.103775
2025-10-06 22:00:00+00:00,96.595,99.74755
2025-10-06 23:00:00+00:00,93.745,91.792206
2025-10-07 00:00:00+00:00,87.225,88.88695
2025-10-07 01:00:00+00:00,85.51,85.16923
2025-10-07 02:00:00+00:00,86.035,86.867355
2025-10-07 03:00:00+00:00,93.51,100.05628
2025-10-07 04:00:00+00:00,128.135,126.854836
2025-10-07 05:00:00+00:00,109.6625,172.19054
2025-10-07 06:00:00+00:00,94.5075,119.01514
2025-10-07 07:00:00+00:00,33.8125,88.24096
2025-10-07 08:00:00+00:00,51.5,50.185272
2025-10-07 09:00:00+00:00,5.8,61.70818
2025-10-07 10:00:00+00:00,14.505,22.970047
2025-10-07 11:00:00+00:00,33.8,34.81748
2025-10-07 12:00:00+00:00,58.0075,51.25757
2025-10-07 13:00:00+00:00,64.005,80.98389
2025-10-07 14:00:00+00:00,96.635,109.85429
2025-10-07 15:00:00+00:00,140.3675,145.33118
2025-10-07 16:00:00+00:00,202.995,192.21115
2025-10-07 17:00:00+00:00,194.23,237.28131
2025-10-07 18:00:00+00:00,146.39999999999998,173.65536
2025-10-07 19:00:00+00:00,123.2425,121.93491
2025-10-07 20:00:00+00:00,107.4225,108.009834
2025-10-07 21:00:00+00:00,97.4825,97.401245
2025-10-07 22:00:00+00:00,92.9775,91.23906
2025-10-07 23:00:00+00:00,88.4375,85.73223
2025-10-08 00:00:00+00:00,87.56,85.62483
2025-10-08 01:00:00+00:00,87.4825,85.06435
2025-10-08 02:00:00+00:00,91.0075,85.573
2025-10-08 03:00:00+00:00,99.3175,95.42241
2025-10-08 04:00:00+00:00,116.5625,125.56889
2025-10-08 05:00:00+00:00,162.885,141.25003
2025-10-08 06:00:00+00:00,165.2825,138.74309
2025-10-08 07:00:00+00:00,116.6325,128.36784
2025-10-08 08:00:00+00:00,90.1075,95.209755
2025-10-08 09:00:00+00:00,88.39750000000001,80.81878
2025-10-08 10:00:00+00:00,88.3625,83.478645
2025-10-08 11:00:00+00:00,87.8425,85.63008
2025-10-08 12:00:00+00:00,89.03,89.26391
2025-10-08 13:00:00+00:00,98.87,96.979164
2025-10-08 14:00:00+00:00,127.465,111.62971
2025-10-08 15:00:00+00:00,156.41,147.92131
2025-10-08 16:00:00+00:00,196.135,183.49783
2025-10-08 17:00:00+00:00,198.125,201.21884
2025-10-08 18:00:00+00:00,152.16500000000002,167.73114
2025-10-08 19:00:00+00:00,123.9375,123.256424
2025-10-08 20:00:00+00:00,109.85,110.9445
2025-10-08 21:00:00+00:00,99.3125,102.0776
2025-10-08 22:00:00+00:00,97.59,94.444534
2025-10-08 23:00:00+00:00,93.4725,93.22585
2025-10-09 00:00:00+00:00,94.25,91.61451
2025-10-09 01:00:00+00:00,92.8325,91.92506
2025-10-09 02:00:00+00:00,95.505,92.34692
2025-10-09 03:00:00+00:00,107.4125,99.64094
2025-10-09 04:00:00+00:00,133.515,122.12894
2025-10-09 05:00:00+00:00,167.9875,157.04182
2025-10-09 06:00:00+00:00,118.72,149.17479
2025-10-09 07:00:00+00:00,73.2175,103.16281
2025-10-09 08:00:00+00:00,46.3075,58.879658
2025-10-09 09:00:00+00:00,0.0075,47.686115
2025-10-09 10:00:00+00:00,0.0,5.748455
2025-10-09 11:00:00+00:00,0.0,10.295622
2025-10-09 12:00:00+00:00,11.84,21.662708
2025-10-09 13:00:00+00:00,41.3775,57.811676
2025-10-09 14:00:00+00:00,126.1,81.34813
2025-10-09 15:00:00+00:00,169.7525,156.23628
2025-10-09 16:00:00+00:00,183.54,197.18333
2025-10-09 17:00:00+00:00,191.195,204.13895
2025-10-09 18:00:00+00:00,170.85500000000002,164.04735
2025-10-09 19:00:00+00:00,166.47,128.86353
2025-10-09 20:00:00+00:00,152.41,127.19205
2025-10-09 21:00:00+00:00,119.84,122.98957
2025-10-09 22:00:00+00:00,91.15,107.16507
2025-10-09 23:00:00+00:00,87.635,87.86399
2025-10-10 00:00:00+00:00,82.6275,89.114
2025-10-10 01:00:00+00:00,82.985,85.840065
2025-10-10 02:00:00+00:00,87.87,86.92396
2025-10-10 03:00:00+00:00,134.11,97.42786
2025-10-10 04:00:00+00:00,188.7375,157.88483
2025-10-10 05:00:00+00:00,200.6425,179.81242
2025-10-10 06:00:00+00:00,130.23,160.73604
2025-10-10 07:00:00+00:00,78.565,104.9157
2025-10-10 08:00:00+00:00,63.7275,49.128025
2025-10-10 09:00:00+00:00,33.4975,44.70425
2025-10-10 10:00:00+00:00,30.79,30.315054
2025-10-10 11:00:00+00:00,49.795,29.128218
2025-10-10 12:00:00+00:00,79.0025,59.642982
2025-10-10 13:00:00+00:00,93.8325,83.398026
2025-10-10 14:00:00+00:00,142.4175,112.75785
2025-10-10 15:00:00+00:00,195.1525,172.73247
2025-10-10 16:00:00+00:00,243.325,208.26569
2025-10-10 17:00:00+00:00,242.2325,226.32886
2025-10-10 18:00:00+00:00,197.045,188.62518
2025-10-10 19:00:00+00:00,160.32,154.06598
2025-10-10 20:00:00+00:00,136.02,142.03532
2025-10-10 21:00:00+00:00,108.1175,123.73307
2025-10-10 22:00:00+00:00,97.115,106.00304
2025-10-10 23:00:00+00:00,89.4475,95.83713
2025-10-11 00:00:00+00:00,88.315,89.03485
2025-10-11 01:00:00+00:00,85.2925,88.05403
2025-10-11 02:00:00+00:00,83.695,87.1596
2025-10-11 03:00:00+00:00,85.5025,96.89447
2025-10-11 04:00:00+00:00,90.265,114.373695
2025-10-11 05:00:00+00:00,96.7525,114.88826
2025-10-11 06:00:00+00:00,68.68,94.499504
2025-10-11 07:00:00+00:00,-0.2725,57.43104
2025-10-11 08:00:00+00:00,-0.0275,4.3560495
2025-10-11 09:00:00+00:00,-0.16,0.7895447
2025-10-11 10:00:00+00:00,-0.1,7.729358
2025-10-11 11:00:00+00:00,-0.0525,7.374452
2025-10-11 12:00:00+00:00,0.0,14.668828
2025-10-11 13:00:00+00:00,20.28,39.871517
2025-10-11 14:00:00+00:00,90.46,81.95609
2025-10-11 15:00:00+00:00,119.5125,133.36372
2025-10-11 16:00:00+00:00,145.9775,151.54057
2025-10-11 17:00:00+00:00,135.3825,167.02629
2025-10-11 18:00:00+00:00,122.6475,147.31747
2025-10-11 19:00:00+00:00,114.425,117.8634
2025-10-11 20:00:00+00:00,108.39,107.57586
2025-10-11 21:00:00+00:00,95.235,97.55185
2025-10-11 22:00:00+00:00,82.5925,84.50296
2025-10-11 23:00:00+00:00,90.175,73.28924
2025-10-12 00:00:00+00:00,89.08,84.98993
2025-10-12 01:00:00+00:00,87.7575,82.34218
2025-10-12 02:00:00+00:00,88.765,84.09558
2025-10-12 03:00:00+00:00,89.7075,86.05288
2025-10-12 04:00:00+00:00,89.605,92.95
2025-10-12 05:00:00+00:00,89.795,88.062744
2025-10-12 06:00:00+00:00,21.4275,70.242096
2025-10-12 07:00:00+00:00,-1.62,17.539099
2025-10-12 08:00:00+00:00,-0.505,-4.225726
2025-10-12 09:00:00+00:00,-0.1,-2.0758264
2025-10-12 10:00:00+00:00,-0.1,3.611008
2025-10-12 11:00:00+00:00,-0.05,2.9642203
2025-10-12 12:00:00+00:00,0.0025,5.9300737
2025-10-12 13:00:00+00:00,41.765,24.989206
2025-10-12 14:00:00+00:00,97.2375,64.17554
2025-10-12 15:00:00+00:00,139.2825,125.02386
2025-10-12 16:00:00+00:00,172.225,161.6713
2025-10-12 17:00:00+00:00,179.0475,163.73438
2025-10-12 18:00:00+00:00,169.735,154.31671
2025-10-12 19:00:00+00:00,127.4275,133.19151
2025-10-12 20:00:00+00:00,109.975,115.20289
2025-10-12 21:00:00+00:00,94.6275,101.74252
2025-10-12 22:00:00+00:00,96.42,89.64046
2025-10-12 23:00:00+00:00,92.8275,93.13721
2025-10-13 00:00:00+00:00,93.71,90.723045
2025-10-13 01:00:00+00:00,94.775,92.39902
2025-10-13 02:00:00+00:00,100.05,95.3965
2025-10-13 03:00:00+00:00,107.4625,114.22893
2025-10-13 04:00:00+00:00,186.5875,141.42488
2025-10-13 05:00:00+00:00,263.065,204.52666
2025-10-13 06:00:00+00:00,193.74,209.00845
2025-10-13 07:00:00+00:00,91.99,159.07748
2025-10-13 08:00:00+00:00,80.57,87.01378
2025-10-13 09:00:00+00:00,34.4975,80.2024
2025-10-13 10:00:00+00:00,65.0,49.487038
2025-10-13 11:00:00+00:00,81.2075,73.099266
2025-10-13 12:00:00+00:00,90.2,88.88523
2025-10-13 13:00:00+00:00,101.8175,101.63811
2025-10-13 14:00:00+00:00,205.245,127.120476
2025-10-13 15:00:00+00:00,265.065,226.50293
2025-10-13 16:00:00+00:00,373.5675,304.07196
2025-10-13 17:00:00+00:00,379.9925,339.03336
2025-10-13 18:00:00+00:00,318.0075,305.56174
2025-10-13 19:00:00+00:00,225.2675,194.82477
2025-10-13 20:00:00+00:00,138.7125,168.89957
2025-10-13 21:00:00+00:00,120.69,123.55954
2025-10-13 22:00:00+00:00,110.515,105.649124
2025-10-13 23:00:00+00:00,104.8625,104.197426
2025-10-14 00:00:00+00:00,101.2675,103.753914
2025-10-14 01:00:00+00:00,101.7225,101.35098
2025-10-14 02:00:00+00:00,103.4875,102.90821
2025-10-14 03:00:00+00:00,114.6475,111.62381
2025-10-14 04:00:00+00:00,206.5575,162.38083
2025-10-14 05:00:00+00:00,286.855,243.77176
2025-10-14 06:00:00+00:00,105.925,232.70631
2025-10-14 07:00:00+00:00,42.975,94.743225
2025-10-14 08:00:00+00:00,38.7025,47.791798
2025-10-14 09:00:00+00:00,0.0025,40.202682
2025-10-14 10:00:00+00:00,0.005,11.563114
2025-10-14 11:00:00+00:00,17.865000000000002,12.358402
2025-10-14 12:00:00+00:00,55.0075,37.285133
2025-10-14 13:00:00+00:00,61.785,85.06696
2025-10-14 14:00:00+00:00,177.8875,108.78765
2025-10-14 15:00:00+00:00,300.005,232.64725
2025-10-14 16:00:00+00:00,462.6975,373.44067
2025-10-14 17:00:00+00:00,478.9125,424.11032
2025-10-14 18:00:00+00:00,290.27750000000003,301.97058
2025-10-14 19:00:00+00:00,242.615,210.08028
2025-10-14 20:00:00+00:00,152.77,177.94426
2025-10-14 21:00:00+00:00,128.0275,133.49768
2025-10-14 22:00:00+00:00,121.37,115.902
2025-10-14 23:00:00+00:00,116.265,109.86312
2025-10-15 00:00:00+00:00,111.1125,115.73018
2025-10-15 01:00:00+00:00,107.6975,110.42875
2025-10-15 02:00:00+00:00,111.155,108.77992
2025-10-15 03:00:00+00:00,134.13,124.44876
2025-10-15 04:00:00+00:00,200.41,183.13298
2025-10-15 05:00:00+00:00,325.605,253.76022
2025-10-15 06:00:00+00:00,217.31,246.16042
2025-10-15 07:00:00+00:00,98.045,167.83612
2025-10-15 08:00:00+00:00,80.8175,81.06873
2025-10-15 09:00:00+00:00,37.3225,73.63624
2025-10-15 10:00:00+00:00,37.76,50.19691
2025-10-15 11:00:00+00:00,55.6575,52.690647
2025-10-15 12:00:00+00:00,79.35,66.497345
2025-10-15 13:00:00+00:00,92.605,94.433266
2025-10-15 14:00:00+00:00,195.1475,134.92078
2025-10-15 15:00:00+00:00,271.9075,271.1738
2025-10-15 16:00:00+00:00,346.0875,317.73914
2025-10-15 17:00:00+00:00,311.425,368.6901
2025-10-15 18:00:00+00:00,274.67,297.85544
2025-10-15 19:00:00+00:00,234.095,205.58868
2025-10-15 20:00:00+00:00,129.0875,175.0056
2025-10-15 21:00:00+00:00,108.05,121.59914
2025-10-15 22:00:00+00:00,109.0125,106.562996
2025-10-15 23:00:00+00:00,103.5425,106.11478
2025-10-16 00:00:00+00:00,95.8275,102.84192
2025-10-16 01:00:00+00:00,96.425,95.87465
2025-10-16 02:00:00+00:00,98.5425,99.4467
2025-10-16 03:00:00+00:00,113.8175,114.21158
2025-10-16 04:00:00+00:00,166.9675,158.55943
2025-10-16 05:00:00+00:00,286.1575,216.90907
2025-10-16 06:00:00+00:00,155.0175,246.35497
2025-10-16 07:00:00+00:00,116.1225,131.75993
2025-10-16 08:00:00+00:00,89.39,98.31789
2025-10-16 09:00:00+00:00,87.36500000000001,74.29097
2025-10-16 10:00:00+00:00,87.38499999999999,77.64514
2025-10-16 11:00:00+00:00,88.53,81.02587
2025-10-16 12:00:00+00:00,86.95,85.13163
2025-10-16 13:00:00+00:00,98.31,101.91686
2025-10-16 14:00:00+00:00,142.97,136.38771
2025-10-16 15:00:00+00:00,203.8975,187.34981
2025-10-16 16:00:00+00:00,196.51,242.65643
2025-10-16 17:00:00+00:00,182.905,225.56714
2025-10-16 18:00:00+00:00,178.82,175.31837
2025-10-16 19:00:00+00:00,135.77,159.31992
2025-10-16 20:00:00+00:00,125.3925,126.14473
2025-10-16 21:00:00+00:00,105.6625,113.53956
2025-10-16 22:00:00+00:00,99.5975,100.74166
2025-10-16 23:00:00+00:00,92.865,94.348
2025-10-17 00:00:00+00:00,92.3825,91.637436
2025-10-17 01:00:00+00:00,91.985,91.7584
2025-10-17 02:00:00+00:00,93.89,92.92517
2025-10-17 03:00:00+00:00,105.785,109.689125
2025-10-17 04:00:00+00:00,137.3675,137.29095
2025-10-17 05:00:00+00:00,148.23250000000002,176.09169
2025-10-17 06:00:00+00:00,157.175,154.95604
2025-10-17 07:00:00+00:00,129.02,141.64362
2025-10-17 08:00:00+00:00,119.1825,118.53667
2025-10-17 09:00:00+00:00,100.58,109.31646
2025-10-17 10:00:00+00:00,91.9225,98.353
2025-10-17 11:00:00+00:00,92.68,91.16197
2025-10-17 12:00:00+00:00,99.5025,96.30309
2025-10-17 13:00:00+00:00,130.0025,106.5196
2025-10-17 14:00:00+00:00,162.365,154.41513
2025-10-17 15:00:00+00:00,165.79500000000002,182.99889
2025-10-17 16:00:00+00:00,194.315,183.2439
2025-10-17 17:00:00+00:00,176.7625,200.54909
2025-10-17 18:00:00+00:00,162.225,171.43178
2025-10-17 19:00:00+00:00,150.01,146.6969
2025-10-17 20:00:00+00:00,136.7,133.25175
2025-10-17 21:00:00+00:00,108.305,122.59649
2025-10-17 22:00:00+00:00,108.085,105.5071
2025-10-17 23:00:00+00:00,100.28,103.66915
2025-10-18 00:00:00+00:00,95.78,101.90785
2025-10-18 01:00:00+00:00,92.2775,97.45848
2025-10-18 02:00:00+00:00,91.665,93.68794
2025-10-18 03:00:00+00:00,102.8575,93.418655
2025-10-18 04:00:00+00:00,146.2875,114.257195
2025-10-18 05:00:00+00:00,170.04500000000002,146.40277
2025-10-18 06:00:00+00:00,142.54,161.11859
2025-10-18 07:00:00+00:00,108.085,132.89032
2025-10-18 08:00:00+00:00,88.7025,105.38164
2025-10-18 09:00:00+00:00,82.75999999999999,88.39005
2025-10-18 10:00:00+00:00,73.7425,84.92851
2025-10-18 11:00:00+00:00,47.557500000000005,78.41431
2025-10-18 12:00:00+00:00,72.4175,68.11529
2025-10-18 13:00:00+00:00,85.36,101.812515
2025-10-18 14:00:00+00:00,139.1775,111.55676
2025-10-18 15:00:00+00:00,164.1875,160.24031
2025-10-18 16:00:00+00:00,185.8475,175.19908
2025-10-18 17:00:00+00:00,185.6575,182.16971
2025-10-18 18:00:00+00:00,164.7375,163.9676
2025-10-18 19:00:00+00:00,123.9675,137.69958
2025-10-18 20:00:00+00:00,108.45,117.90954
2025-10-18 21:00:00+00:00,94.995,105.742805
2025-10-18 22:00:00+00:00,92.96,93.34693
2025-10-18 23:00:00+00:00,90.175,91.86496
2025-10-19 00:00:00+00:00,87.6625,91.71769
2025-10-19 01:00:00+00:00,87.71000000000001,89.967
2025-10-19 02:00:00+00:00,88.955,90.32088
2025-10-19 03:00:00+00:00,90.5525,92.172325
2025-10-19 04:00:00+00:00,98.6025,99.69852
2025-10-19 05:00:00+00:00,105.8175,107.83448
2025-10-19 06:00:00+00:00,97.9325,107.7326
2025-10-19 07:00:00+00:00,85.45750000000001,92.71634
2025-10-19 08:00:00+00:00,74.7175,77.2732
2025-10-19 09:00:00+00:00,73.9225,66.55586
2025-10-19 10:00:00+00:00,38.2425,68.53543
2025-10-19 11:00:00+00:00,47.1125,42.094437
2025-10-19 12:00:00+00:00,58.0,60.8089
2025-10-19 13:00:00+00:00,72.74249999999999,80.7296
2025-10-19 14:00:00+00:00,111.845,112.45271
2025-10-19 15:00:00+00:00,148.5675,140.25354
2025-10-19 16:00:00+00:00,180.74,174.07588
2025-10-19 17:00:00+00:00,200.375,189.88522
2025-10-19 18:00:00+00:00,182.3425,173.69334
2025-10-19 19:00:00+00:00,138.2025,152.62201
2025-10-19 20:00:00+00:00,129.395,122.61691
2025-10-19 21:00:00+00:00,101.435,115.90957
2025-10-19 22:00:00+00:00,89.16,98.40213
2025-10-19 23:00:00+00:00,81.665,88.93319
2025-10-20 00:00:00+00:00,80.0125,86.022385
2025-10-20 01:00:00+00:00,79.9775,85.79025
2025-10-20 02:00:00+00:00,87.695,87.96279
2025-10-20 03:00:00+00:00,123.9675,100.61242
2025-10-20 04:00:00+00:00,230.3725,157.3732
2025-10-20 05:00:00+00:00,293.01,254.1541
2025-10-20 06:00:00+00:00,146.045,233.79475
2025-10-20 07:00:00+00:00,110.29,129.30554
2025-10-20 08:00:00+00:00,86.175,104.93862
2025-10-20 09:00:00+00:00,80.6575,80.12843
2025-10-20 10:00:00+00:00,78.3175,80.03353
2025-10-20 11:00:00+00:00,83.525,81.14687
2025-10-20 12:00:00+00:00,87.6325,90.2365
2025-10-20 13:00:00+00:00,107.5125,109.3942
2025-10-20 14:00:00+00:00,186.7875,150.91794
2025-10-20 15:00:00+00:00,276.21,226.28069
2025-10-20 16:00:00+00:00,360.7025,298.19586
2025-10-20 17:00:00+00:00,336.0875,263.07877
2025-10-20 18:00:00+00:00,287.64,252.04826
2025-10-20 19:00:00+00:00,221.1075,191.32808
2025-10-20 20:00:00+00:00,157.9275,186.43068
2025-10-20 21:00:00+00:00,127.53,137.93268
2025-10-20 22:00:00+00:00,119.0175,120.58834
2025-10-20 23:00:00+00:00,91.155,114.451744
2025-10-21 00:00:00+00:00,88.0675,94.65526
2025-10-21 01:00:00+00:00,86.27250000000001,93.68334
2025-10-21 02:00:00+00:00,90.57,95.09222
2025-10-21 03:00:00+00:00,129.29500000000002,111.92022
2025-10-21 04:00:00+00:00,241.90000000000003,182.40485
2025-10-21 05:00:00+00:00,305.6575,310.69666
2025-10-21 06:00:00+00:00,228.655,257.219
2025-10-21 07:00:00+00:00,154.635,183.04521
2025-10-21 08:00:00+00:00,128.5725,127.653366
2025-10-21 09:00:00+00:00,113.2625,109.958954
2025-10-21 10:00:00+00:00,103.45,102.90668
2025-10-21 11:00:00+00:00,93.6025,98.67568
2025-10-21 12:00:00+00:00,103.0975,94.18735
2025-10-21 13:00:00+00:00,133.89499999999998,115.58664
2025-10-21 14:00:00+00:00,195.9175,177.5951
2025-10-21 15:00:00+00:00,227.0075,274.38483
2025-10-21 16:00:00+00:00,246.53,326.00082
2025-10-21 17:00:00+00:00,214.96,328.45636
2025-10-21 18:00:00+00:00,171.97,244.23187
2025-10-21 19:00:00+00:00,147.4025,183.87138
2025-10-21 20:00:00+00:00,127.7575,140.74918
2025-10-21 21:00:00+00:00,99.53,122.87159
2025-10-21 22:00:00+00:00,96.3575,106.69076
2025-10-21 23:00:00+00:00,96.02,100.74262
2025-10-22 00:00:00+00:00,96.8625,100.44656
2025-10-22 01:00:00+00:00,95.82,98.77191
2025-10-22 02:00:00+00:00,95.435,102.04876
2025-10-22 03:00:00+00:00,108.2725,114.74533
2025-10-22 04:00:00+00:00,172.065,159.09663
2025-10-22 05:00:00+00:00,181.9175,239.99872
2025-10-22 06:00:00+00:00,144.2875,209.3438
2025-10-22 07:00:00+00:00,127.125,141.97064
2025-10-22 08:00:00+00:00,108.63,122.74665
2025-10-22 09:00:00+00:00,95.6575,105.64661
2025-10-22 10:00:00+00:00,92.7075,96.6317
2025-10-22 11:00:00+00:00,92.0775,91.16717
2025-10-22 12:00:00+00:00,98.9075,95.93847
2025-10-22 13:00:00+00:00,119.7725,117.1385
2025-10-22 14:00:00+00:00,157.27499999999998,158.40329
2025-10-22 15:00:00+00:00,200.6625,204.1387
2025-10-22 16:00:00+00:00,283.4925,249.27617
2025-10-22 17:00:00+00:00,269.89750000000004,284.6016
2025-10-22 18:00:00+00:00,184.58,232.89384
2025-10-22 19:00:00+00:00,140.84,172.68866
2025-10-22 20:00:00+00:00,129.61249999999998,130.90091
2025-10-22 21:00:00+00:00,115.0875,120.43232
2025-10-22 22:00:00+00:00,108.555,112.07083
2025-10-22 23:00:00+00:00,107.39,106.81155
2025-10-23 00:00:00+00:00,100.6,104.59139
2025-10-23 01:00:00+00:00,93.7,102.6395
2025-10-23 02:00:00+00:00,92.3375,97.62661
2025-10-23 03:00:00+00:00,119.6125,105.00982
2025-10-23 04:00:00+00:00,137.51,156.51749
2025-10-23 05:00:00+00:00,145.475,187.17616
2025-10-23 06:00:00+00:00,136.6175,143.32353
2025-10-23 07:00:00+00:00,119.355,122.71047
2025-10-23 08:00:00+00:00,89.95,101.30487
2025-10-23 09:00:00+00:00,66.7675,79.67649
2025-10-23 10:00:00+00:00,49.52,72.01172
2025-10-23 11:00:00+00:00,55.0,64.64554
2025-10-23 12:00:00+00:00,73.875,76.94039
2025-10-23 13:00:00+00:00,105.115,108.55737
2025-10-23 14:00:00+00:00,139.1375,135.49329
2025-10-23 15:00:00+00:00,136.59,189.20456
2025-10-23 16:00:00+00:00,146.1675,172.87836
2025-10-23 17:00:00+00:00,137.5125,160.57646
2025-10-23 18:00:00+00:00,139.7,145.07188
2025-10-23 19:00:00+00:00,141.725,124.694534
2025-10-23 20:00:00+00:00,100.265,120.42944
2025-10-23 21:00:00+00:00,80.9325,99.712944
2025-10-23 22:00:00+00:00,62.9525,85.94362
2025-10-23 23:00:00+00:00,50.6175,74.321144
2025-10-24 00:00:00+00:00,42.17,64.633965
2025-10-24 01:00:00+00:00,47.595,55.53404
2025-10-24 02:00:00+00:00,55.4375,60.71664
2025-10-24 03:00:00+00:00,73.7475,79.72787
2025-10-24 04:00:00+00:00,108.81,106.806885
2025-10-24 05:00:00+00:00,130.2875,129.80354
2025-10-24 06:00:00+00:00,93.8875,125.549576
2025-10-24 07:00:00+00:00,37.815,88.01802
2025-10-24 08:00:00+00:00,0.0,40.069954
2025-10-24 09:00:00+00:00,0.0,3.1721222
2025-10-24 10:00:00+00:00,-0.025,6.258662
2025-10-24 11:00:00+00:00,-0.1,7.7304654
2025-10-24 12:00:00+00:00,-0.025,15.679115
2025-10-24 13:00:00+00:00,0.0,33.124058
2025-10-24 14:00:00+00:00,81.80000000000001,47.78686
2025-10-24 15:00:00+00:00,120.7025,118.0701
2025-10-24 16:00:00+00:00,137.64249999999998,144.5073
2025-10-24 17:00:00+00:00,145.22,143.84344
2025-10-24 18:00:00+00:00,121.3375,135.016
2025-10-24 19:00:00+00:00,108.4,117.8931
2025-10-24 20:00:00+00:00,107.9125,99.831726
2025-10-24 21:00:00+00:00,88.41,94.55282
2025-10-24 22:00:00+00:00,81.9075,82.70305
2025-10-24 23:00:00+00:00,76.605,76.996826
2025-10-25 00:00:00+00:00,74.7,76.0303
2025-10-25 01:00:00+00:00,79.2575,73.38036
2025-10-25 02:00:00+00:00,83.2375,77.18463
2025-10-25 03:00:00+00:00,94.845,85.56926
2025-10-25 04:00:00+00:00,117.86,112.927414
2025-10-25 05:00:00+00:00,125.065,129.5404
2025-10-25 06:00:00+00:00,100.7525,111.601456
2025-10-25 07:00:00+00:00,59.6,77.21974
2025-10-25 08:00:00+00:00,46.815,50.01406
2025-10-25 09:00:00+00:00,11.8,41.41364
2025-10-25 10:00:00+00:00,0.1275,20.062649
2025-10-25 11:00:00+00:00,0.3475,9.569607
2025-10-25 12:00:00+00:00,31.335,17.084114
2025-10-25 13:00:00+00:00,73.29249999999999,56.12425
2025-10-25 14:00:00+00:00,108.415,92.7324
2025-10-25 15:00:00+00:00,152.555,135.60127
2025-10-25 16:00:00+00:00,216.195,168.45316
2025-10-25 17:00:00+00:00,195.34,200.4254
2025-10-25 18:00:00+00:00,157.21,171.69838
2025-10-25 19:00:00+00:00,150.39,126.082306
2025-10-25 20:00:00+00:00,117.86,123.15455
2025-10-25 21:00:00+00:00,103.5175,104.149
2025-10-25 22:00:00+00:00,90.58,90.57926
2025-10-25 23:00:00+00:00,71.745,85.19695
2025-10-26 00:00:00+00:00,62.015,74.89204
2025-10-26 01:00:00+00:00,60.9075,67.48082
2025-10-26 02:00:00+00:00,56.05,66.01842
2025-10-26 03:00:00+00:00,61.4625,67.15309
2025-10-26 04:00:00+00:00,63.385000000000005,73.53597
2025-10-26 05:00:00+00:00,63.6875,72.94714
2025-10-26 06:00:00+00:00,52.7675,62.949997
2025-10-26 07:00:00+00:00,0.0025,49.15049
2025-10-26 08:00:00+00:00,0.0025,5.4933715
2025-10-26 09:00:00+00:00,0.01,5.0205693
2025-10-26 10:00:00+00:00,2.01,6.6045985
2025-10-26 11:00:00+00:00,8.895,9.439411
2025-10-26 12:00:00+00:00,14.837500000000002,21.927113
2025-10-26 13:00:00+00:00,73.3075,53.085285
2025-10-26 14:00:00+00:00,114.305,99.89539
2025-10-26 15:00:00+00:00,140.0075,137.02792
2025-10-26 16:00:00+00:00,146.6225,172.42053
2025-10-26 17:00:00+00:00,136.9125,163.5194
2025-10-26 18:00:00+00:00,121.93,139.04698
2025-10-26 19:00:00+00:00,115.25,118.1908
2025-10-26 20:00:00+00:00,95.9075,106.54811
2025-10-26 21:00:00+00:00,66.97749999999999,91.23193
2025-10-26 22:00:00+00:00,36.4125,69.30228
2025-10-26 23:00:00+00:00,62.385000000000005,41.248013
2025-10-27 00:00:00+00:00,34.4725,60.47804
2025-10-27 01:00:00+00:00,32.5675,40.675713
2025-10-27 02:00:00+00:00,37.2075,40.33341
2025-10-27 03:00:00+00:00,50.7075,60.192528
2025-10-27 04:00:00+00:00,91.0025,118.25034
2025-10-27 05:00:00+00:00,110.52,131.10901
2025-10-27 06:00:00+00:00,89.8375,117.82919
2025-10-27 07:00:00+00:00,78.1825,89.17144
2025-10-27 08:00:00+00:00,52.475,65.52922
2025-10-27 09:00:00+00:00,65.5275,52.86354
2025-10-27 10:00:00+00:00,27.0,62.666515
2025-10-27 11:00:00+00:00,19.5,35.38337
2025-10-27 12:00:00+00:00,37.795,37.1817
2025-10-27 13:00:00+00:00,83.375,68.38676
2025-10-27 14:00:00+00:00,124.8875,115.30004
2025-10-27 15:00:00+00:00,204.78,162.65169
2025-10-27 16:00:00+00:00,224.41,239.80345
2025-10-27 17:00:00+00:00,182.48,228.84837
2025-10-27 18:00:00+00:00,188.695,179.22615
2025-10-27 19:00:00+00:00,174.6275,157.46208
2025-10-27 20:00:00+00:00,132.44,137.7307
2025-10-27 21:00:00+00:00,108.3875,113.77544
2025-10-27 22:00:00+00:00,101.0725,103.44064
2025-10-27 23:00:00+00:00,87.7575,93.93485
2025-10-28 00:00:00+00:00,84.3675,84.8114
2025-10-28 01:00:00+00:00,81.9975,82.8457
2025-10-28 02:00:00+00:00,81.0375,83.79947
2025-10-28 03:00:00+00:00,82.8925,89.5445
2025-10-28 04:00:00+00:00,99.465,106.46681
2025-10-28 05:00:00+00:00,102.095,135.24432
2025-10-28 06:00:00+00:00,101.85,101.47581
2025-10-28 07:00:00+00:00,67.5125,92.95532
2025-10-28 08:00:00+00:00,33.73,52.70655
2025-10-28 09:00:00+00:00,0.0575,34.935017
2025-10-28 10:00:00+00:00,0.305,11.838544
2025-10-28 11:00:00+00:00,30.0,15.882493
2025-10-28 12:00:00+00:00,58.99,49.367657
2025-10-28 13:00:00+00:00,62.685,85.05554
2025-10-28 14:00:00+00:00,131.645,118.095505
2025-10-28 15:00:00+00:00,174.76749999999998,174.18733
2025-10-28 16:00:00+00:00,196.515,201.51361
2025-10-28 17:00:00+00:00,211.345,210.69827
2025-10-28 18:00:00+00:00,192.695,175.57019
2025-10-28 19:00:00+00:00,150.18,155.25781
2025-10-28 20:00:00+00:00,125.3825,125.94981
2025-10-28 21:00:00+00:00,110.7775,113.89107
2025-10-28 22:00:00+00:00,106.4825,103.54492
2025-10-28 23:00:00+00:00,83.285,99.512474
2025-10-29 00:00:00+00:00,83.13499999999999,85.81502
2025-10-29 01:00:00+00:00,78.185,85.84426
2025-10-29 02:00:00+00:00,75.685,82.804955
2025-10-29 03:00:00+00:00,86.075,86.74595
2025-10-29 04:00:00+00:00,113.395,115.23583
2025-10-29 05:00:00+00:00,127.635,136.93976
2025-10-29 06:00:00+00:00,110.9325,118.90662
2025-10-29 07:00:00+00:00,100.2,96.91143
2025-10-29 08:00:00+00:00,71.7825,74.20857
2025-10-29 09:00:00+00:00,5.225,57.453476
2025-10-29 10:00:00+00:00,5.55,14.271675
2025-10-29 11:00:00+00:00,49.6775,17.2836
2025-10-29 12:00:00+00:00,77.39750000000001,67.00525
2025-10-29 13:00:00+00:00,89.0475,90.88176
2025-10-29 14:00:00+00:00,127.635,121.671555
2025-10-29 15:00:00+00:00,221.195,173.1112
2025-10-29 16:00:00+00:00,160.9425,240.69226
2025-10-29 17:00:00+00:00,140.33249999999998,200.9493
2025-10-29 18:00:00+00:00,146.2975,153.99664
2025-10-29 19:00:00+00:00,150.54500000000002,129.7368
2025-10-29 20:00:00+00:00,137.98250000000002,123.25686
2025-10-29 21:00:00+00:00,122.9025,117.46127
2025-10-29 22:00:00+00:00,108.1675,110.94565
2025-10-29 23:00:00+00:00,97.8275,100.950226
2025-10-30 00:00:00+00:00,83.5525,94.85916
2025-10-30 01:00:00+00:00,83.5875,85.81859
2025-10-30 02:00:00+00:00,80.5825,86.234634
2025-10-30 03:00:00+00:00,90.1675,92.9574
2025-10-30 04:00:00+00:00,139.8,112.56575
2025-10-30 05:00:00+00:00,151.275,157.73392
2025-10-30 06:00:00+00:00,130.68,130.3473
2025-10-30 07:00:00+00:00,96.1375,109.97599
2025-10-30 08:00:00+00:00,40.6525,73.10887
2025-10-30 09:00:00+00:00,0.01,39.708908
2025-10-30 10:00:00+00:00,15.755,13.029212
2025-10-30 11:00:00+00:00,66.32249999999999,29.015913
2025-10-30 12:00:00+00:00,88.19,76.21837
2025-10-30 13:00:00+00:00,115.9775,102.07017
2025-10-30 14:00:00+00:00,156.82,133.52736
2025-10-30 15:00:00+00:00,199.5525,197.7301
2025-10-30 16:00:00+00:00,191.645,198.36601
2025-10-30 17:00:00+00:00,177.73250000000002,184.70236
2025-10-30 18:00:00+00:00,175.645,152.54044
2025-10-30 19:00:00+00:00,134.12,139.65518
2025-10-30 20:00:00+00:00,116.155,121.26883
2025-10-30 21:00:00+00:00,108.37,113.41591
2025-10-30 22:00:00+00:00,96.595,106.34188
2025-10-30 23:00:00+00:00,103.235,96.534355
2025-10-31 00:00:00+00:00,91.5125,98.84548
2025-10-31 01:00:00+00:00,87.48750000000001,87.138756
2025-10-31 02:00:00+00:00,87.475,86.87191
2025-10-31 03:00:00+00:00,93.755,93.90139
2025-10-31 04:00:00+00:00,116.5825,114.372604
2025-10-31 05:00:00+00:00,136.9025,143.17006
2025-10-31 06:00:00+00:00,127.2175,131.19687
2025-10-31 07:00:00+00:00,113.735,112.10236
2025-10-31 08:00:00+00:00,87.045,94.61263
2025-10-31 09:00:00+00:00,79.8825,76.16905
2025-10-31 10:00:00+00:00,78.3575,74.3173
2025-10-31 11:00:00+00:00,80.0975,73.29171
2025-10-31 12:00:00+00:00,88.75,84.455734
2025-10-31 13:00:00+00:00,119.1,101.94739
2025-10-31 14:00:00+00:00,183.5525,141.13069
2025-10-31 15:00:00+00:00,250.465,202.96303
2025-10-31 16:00:00+00:00,287.0,227.96652
2025-10-31 17:00:00+00:00,273.4925,229.41888
2025-10-31 18:00:00+00:00,250.78,223.83449
2025-10-31 19:00:00+00:00,184.865,165.13208
2025-10-31 20:00:00+00:00,140.5425,154.1815
2025-10-31 21:00:00+00:00,137.51749999999998,126.33919
2025-10-31 22:00:00+00:00,101.95,123.3967
2025-10-31 23:00:00+00:00,113.9125,100.86699
2025-11-01 00:00:00+00:00,88.52,109.45115
2025-11-01 01:00:00+00:00,78.67999999999999,88.94957
2025-11-01 02:00:00+00:00,75.5375,82.23755
2025-11-01 03:00:00+00:00,78.7775,87.49127
2025-11-01 04:00:00+00:00,90.2075,100.637596
2025-11-01 05:00:00+00:00,105.31,111.845566
2025-11-01 06:00:00+00:00,73.99,110.08825
2025-11-01 07:00:00+00:00,55.3125,80.77273
2025-11-01 08:00:00+00:00,42.52,60.52089
2025-11-01 09:00:00+00:00,18.3,48.0839
2025-11-01 10:00:00+00:00,15.7575,31.517643
2025-11-01 11:00:00+00:00,21.015,29.460066
2025-11-01 12:00:00+00:00,30.6225,37.14029
2025-11-01 13:00:00+00:00,65.1875,77.60523
2025-11-01 14:00:00+00:00,92.17,122.83958
2025-11-01 15:00:00+00:00,159.435,178.68083
2025-11-01 16:00:00+00:00,131.7625,225.96324
2025-11-01 17:00:00+00:00,123.8175,168.62955
2025-11-01 18:00:00+00:00,116.68,141.97406
2025-11-01 19:00:00+00:00,140.735,130.75145
2025-11-01 20:00:00+00:00,140.2,124.33371
2025-11-01 21:00:00+00:00,109.22,124.72279
2025-11-01 22:00:00+00:00,90.2375,100.86493
2025-11-01 23:00:00+00:00,82.9175,88.25827
2025-11-02 00:00:00+00:00,78.725,79.24314
2025-11-02 01:00:00+00:00,76.255,75.6496
2025-11-02 02:00:00+00:00,76.315,73.838295
2025-11-02 03:00:00+00:00,77.38,75.94682
2025-11-02 04:00:00+00:00,79.565,79.95853
2025-11-02 05:00:00+00:00,83.62,84.51272
2025-11-02 06:00:00+00:00,80.1375,74.81964
2025-11-02 07:00:00+00:00,80.9125,66.758064
2025-11-02 08:00:00+00:00,22.8425,57.254677
2025-11-02 09:00:00+00:00,6.779999999999999,19.93556
2025-11-02 10:00:00+00:00,14.71,12.823675
2025-11-02 11:00:00+00:00,26.7925,21.775496
2025-11-02 12:00:00+00:00,56.01,34.379677
2025-11-02 13:00:00+00:00,95.985,72.81457
2025-11-02 14:00:00+00:00,122.6825,114.698784
2025-11-02 15:00:00+00:00,125.0025,148.11609
2025-11-02 16:00:00+00:00,128.6625,141.01012
2025-11-02 17:00:00+00:00,139.9325,139.12846
2025-11-02 18:00:00+00:00,134.0275,132.03772
2025-11-02 19:00:00+00:00,136.805,123.16476
2025-11-02 20:00:00+00:00,105.245,121.961494
2025-11-02 21:00:00+00:00,101.7875,98.97444
2025-11-02 22:00:00+00:00,89.09,94.80174
2025-11-02 23:00:00+00:00,86.52,81.36187
2025-11-03 00:00:00+00:00,79.2525,80.594406
2025-11-03 01:00:00+00:00,81.4525,73.886246
2025-11-03 02:00:00+00:00,81.1575,77.80362
2025-11-03 03:00:00+00:00,84.3125,83.506226
2025-11-03 04:00:00+00:00,96.1375,94.074974
2025-11-03 05:00:00+00:00,122.635,111.269615
2025-11-03 06:00:00+00:00,127.73250000000002,112.462456
2025-11-03 07:00:00+00:00,85.945,108.29321
2025-11-03 08:00:00+00:00,58.19,71.74168
2025-11-03 09:00:00+00:00,26.7925,55.726814
2025-11-03 10:00:00+00:00,48.97,35.297665
2025-11-03 11:00:00+00:00,78.7925,53.74079
2025-11-03 12:00:00+00:00,87.2975,79.07058
2025-11-03 13:00:00+00:00,108.5075,100.386734
2025-11-03 14:00:00+00:00,158.4025,135.78674
2025-11-03 15:00:00+00:00,209.5625,182.99895
2025-11-03 16:00:00+00:00,167.2,211.98085
2025-11-03 17:00:00+00:00,234.035,178.70319
2025-11-03 18:00:00+00:00,224.225,181.21873
2025-11-03 19:00:00+00:00,162.5775,167.28445
2025-11-03 20:00:00+00:00,137.405,122.96032
2025-11-03 21:00:00+00:00,122.13,117.670685
2025-11-03 22:00:00+00:00,97.4525,110.92781
2025-11-03 23:00:00+00:00,92.095,93.66452
2025-11-04 00:00:00+00:00,82.7775,90.08781
2025-11-04 01:00:00+00:00,82.65,83.43846
2025-11-04 02:00:00+00:00,82.655,84.37602
2025-11-04 03:00:00+00:00,87.1425,89.339355
2025-11-04 04:00:00+00:00,116.6475,102.579124
2025-11-04 05:00:00+00:00,166.335,136.73831
2025-11-04 06:00:00+00:00,135.0075,159.09653
2025-11-04 07:00:00+00:00,115.0025,121.64379
2025-11-04 08:00:00+00:00,98.4575,100.37502
2025-11-04 09:00:00+00:00,90.465,88.302826
2025-11-04 10:00:00+00:00,88.5325,83.34826
2025-11-04 11:00:00+00:00,95.995,86.286064
2025-11-04 12:00:00+00:00,89.42750000000001,98.13304
2025-11-04 13:00:00+00:00,111.1975,104.9544
2025-11-04 14:00:00+00:00,197.4475,142.28293
2025-11-04 15:00:00+00:00,240.23,220.86702
2025-11-04 16:00:00+00:00,189.865,230.76686
2025-11-04 17:00:00+00:00,271.4,228.99689
2025-11-04 18:00:00+00:00,208.25,218.10922
2025-11-04 19:00:00+00:00,157.98749999999998,161.20921
2025-11-04 20:00:00+00:00,118.6725,134.38147
2025-11-04 21:00:00+00:00,108.355,115.39762
2025-11-04 22:00:00+00:00,94.0525,105.51087
2025-11-04 23:00:00+00:00,93.885,90.86727
2025-11-05 00:00:00+00:00,88.9825,90.85859
2025-11-05 01:00:00+00:00,88.4425,87.3768
2025-11-05 02:00:00+00:00,81.64750000000001,88.28935
2025-11-05 03:00:00+00:00,84.35249999999999,89.57847
2025-11-05 04:00:00+00:00,102.2025,106.25624
2025-11-05 05:00:00+00:00,122.5425,131.38055
2025-11-05 06:00:00+00:00,146.4675,133.13383
2025-11-05 07:00:00+00:00,123.5075,137.07184
2025-11-05 08:00:00+00:00,107.5175,110.62973
2025-11-05 09:00:00+00:00,104.5225,97.87008
2025-11-05 10:00:00+00:00,96.175,100.74984
2025-11-05 11:00:00+00:00,91.8425,96.69467
2025-11-05 12:00:00+00:00,93.7975,93.12326
2025-11-05 13:00:00+00:00,108.1375,109.68811
2025-11-05 14:00:00+00:00,135.1125,146.58186
2025-11-05 15:00:00+00:00,225.8025,172.9766
2025-11-05 16:00:00+00:00,190.45,220.4669
2025-11-05 17:00:00+00:00,190.0,195.3637
2025-11-05 18:00:00+00:00,190.08,168.74214
2025-11-05 19:00:00+00:00,157.8025,157.02866
2025-11-05 20:00:00+00:00,117.015,130.65717
2025-11-05 21:00:00+00:00,111.31,110.52989
2025-11-05 22:00:00+00:00,105.1,104.3889
2025-11-05 23:00:00+00:00,93.0,99.1625
2025-11-06 00:00:00+00:00,93.0,89.990326
2025-11-06 01:00:00+00:00,93.0,90.02276
2025-11-06 02:00:00+00:00,95.7375,90.81225
2025-11-06 03:00:00+00:00,96.985,98.544235
2025-11-06 04:00:00+00:00,105.1,110.96419
2025-11-06 05:00:00+00:00,145.98250000000002,129.56738
2025-11-06 06:00:00+00:00,144.785,146.33467
2025-11-06 07:00:00+00:00,120.365,131.63669
2025-11-06 08:00:00+00:00,102.83,107.85795
2025-11-06 09:00:00+00:00,98.0,94.71332
2025-11-06 10:00:00+00:00,94.75,95.50393
2025-11-06 11:00:00+00:00,94.4075,94.8998
2025-11-06 12:00:00+00:00,94.13,97.42194
2025-11-06 13:00:00+00:00,105.2125,112.06627
2025-11-06 14:00:00+00:00,162.4525,132.85287
2025-11-06 15:00:00+00:00,243.55,196.71867
2025-11-06 16:00:00+00:00,241.81,227.39153
2025-11-06 17:00:00+00:00,207.7475,220.04262
2025-11-06 18:00:00+00:00,200.6425,176.6478
2025-11-06 19:00:00+00:00,151.65,156.04008
2025-11-06 20:00:00+00:00,127.59,126.3233
2025-11-06 21:00:00+00:00,117.7025,115.82311
2025-11-06 22:00:00+00:00,106.46,108.70044
2025-11-06 23:00:00+00:00,93.0175,101.29008
2025-11-07 00:00:00+00:00,91.46,93.748245
2025-11-07 01:00:00+00:00,92.49,92.21846
2025-11-07 02:00:00+00:00,93.3625,93.57865
2025-11-07 03:00:00+00:00,94.435,99.615265
2025-11-07 04:00:00+00:00,104.895,111.53866
2025-11-07 05:00:00+00:00,160.4725,135.18265
2025-11-07 06:00:00+00:00,173.8975,162.7996
2025-11-07 07:00:00+00:00,128.0025,146.49074
2025-11-07 08:00:00+00:00,110.11,114.80556
2025-11-07 09:00:00+00:00,96.005,103.67384
2025-11-07 10:00:00+00:00,97.98,94.81167
2025-11-07 11:00:00+00:00,92.455,96.787605
2025-11-07 12:00:00+00:00,94.78,97.58408
2025-11-07 13:00:00+00:00,120.22,111.98568
2025-11-07 14:00:00+00:00,216.305,155.5689
2025-11-07 15:00:00+00:00,275.315,249.5705
2025-11-07 16:00:00+00:00,339.4775,294.4978
2025-11-07 17:00:00+00:00,154.005,285.42197
2025-11-07 18:00:00+00:00,149.78,178.49294
2025-11-07 19:00:00+00:00,131.1275,140.99487
2025-11-07 20:00:00+00:00,113.5,129.33974
2025-11-07 21:00:00+00:00,108.92,116.159485
2025-11-07 22:00:00+00:00,101.445,107.61133
2025-11-07 23:00:00+00:00,103.81,102.34349
2025-11-08 00:00:00+00:00,100.6025,100.739395
2025-11-08 01:00:00+00:00,98.455,99.53466
2025-11-08 02:00:00+00:00,96.9175,96.24448
2025-11-08 03:00:00+00:00,98.635,96.4445
2025-11-08 04:00:00+00:00,101.3925,100.75244
2025-11-08 05:00:00+00:00,104.7975,115.8992
2025-11-08 06:00:00+00:00,111.615,117.51397
2025-11-08 07:00:00+00:00,112.4825,113.62266
2025-11-08 08:00:00+00:00,109.3425,100.65012
2025-11-08 09:00:00+00:00,102.64,95.31237
2025-11-08 10:00:00+00:00,102.54,94.25223
2025-11-08 11:00:00+00:00,98.8475,95.41733
2025-11-08 12:00:00+00:00,102.59,98.13987
2025-11-08 13:00:00+00:00,104.455,116.73541
2025-11-08 14:00:00+00:00,122.1325,131.68262
2025-11-08 15:00:00+00:00,147.9525,156.44662
2025-11-08 16:00:00+00:00,138.725,167.77034
2025-11-08 17:00:00+00:00,134.3175,146.72044
2025-11-08 18:00:00+00:00,132.51999999999998,134.8617
2025-11-08 19:00:00+00:00,125.1225,123.89685
2025-11-08 20:00:00+00:00,115.4825,117.860275
2025-11-08 21:00:00+00:00,108.0,109.87639
2025-11-08 22:00:00+00:00,98.16,100.57426
2025-11-08 23:00:00+00:00,97.985,94.14026
2025-11-09 00:00:00+00:00,96.495,95.46293
2025-11-09 01:00:00+00:00,95.0375,95.39805
2025-11-09 02:00:00+00:00,93.4225,92.17725
2025-11-09 03:00:00+00:00,94.0025,92.48893
2025-11-09 04:00:00+00:00,93.865,94.42061
2025-11-09 05:00:00+00:00,91.5725,96.68738
2025-11-09 06:00:00+00:00,94.115,94.66599
2025-11-09 07:00:00+00:00,100.8275,94.4767
2025-11-09 08:00:00+00:00,100.2925,94.90727
2025-11-09 09:00:00+00:00,98.2125,90.05313
2025-11-09 10:00:00+00:00,100.625,88.52056
2025-11-09 11:00:00+00:00,101.0675,96.27825
2025-11-09 12:00:00+00:00,103.1725,103.02266
2025-11-09 13:00:00+00:00,105.1,106.875175
2025-11-09 14:00:00+00:00,112.285,123.455376
2025-11-09 15:00:00+00:00,126.2225,131.71896
2025-11-09 16:00:00+00:00,132.48250000000002,134.53027
2025-11-09 17:00:00+00:00,129.6975,134.51936
2025-11-09 18:00:00+00:00,130.54500000000002,128.81413
2025-11-09 19:00:00+00:00,123.6675,115.06003
2025-11-09 20:00:00+00:00,112.5375,108.43297
2025-11-09 21:00:00+00:00,105.1,102.70919
2025-11-09 22:00:00+00:00,94.6525,98.50711
2025-11-09 23:00:00+00:00,92.0425,87.520096
2025-11-10 00:00:00+00:00,90.665,86.64061
2025-11-10 01:00:00+00:00,92.205,86.441414
2025-11-10 02:00:00+00:00,91.5025,88.260666
2025-11-10 03:00:00+00:00,91.385,93.35421
2025-11-10 04:00:00+00:00,96.8625,100.75201
2025-11-10 05:00:00+00:00,118.925,117.85962
2025-11-10 06:00:00+00:00,142.8975,126.81261
2025-11-10 07:00:00+00:00,141.6375,135.552
2025-11-10 08:00:00+00:00,114.435,131.57423
2025-11-10 09:00:00+00:00,105.5075,110.42004
2025-11-10 10:00:00+00:00,105.1,105.567535
2025-11-10 11:00:00+00:00,104.4025,106.54614
2025-11-10 12:00:00+00:00,116.2925,108.41693
2025-11-10 13:00:00+00:00,146.505,127.52233
2025-11-10 14:00:00+00:00,171.01,159.8624
2025-11-10 15:00:00+00:00,183.26,187.98746
2025-11-10 16:00:00+00:00,164.325,189.27867
2025-11-10 17:00:00+00:00,155.015,170.35304
2025-11-10 18:00:00+00:00,142.1625,156.47343
2025-11-10 19:00:00+00:00,140.7825,131.28044
2025-11-10 20:00:00+00:00,115.0375,124.77975
2025-11-10 21:00:00+00:00,112.09,109.5295
2025-11-10 22:00:00+00:00,99.4825,104.70333
2025-11-10 23:00:00+00:00,91.8625,95.29829
2025-11-11 00:00:00+00:00,91.015,90.1262
2025-11-11 01:00:00+00:00,87.38,90.26077
2025-11-11 02:00:00+00:00,90.895,89.24246
2025-11-11 03:00:00+00:00,91.79,94.469795
2025-11-11 04:00:00+00:00,107.5975,104.31279
2025-11-11 05:00:00+00:00,151.8,131.0068
2025-11-11 06:00:00+00:00,146.5025,138.71602
2025-11-11 07:00:00+00:00,123.9025,128.68303
2025-11-11 08:00:00+00:00,91.01,102.742645
2025-11-11 09:00:00+00:00,66.0075,75.22403
2025-11-11 10:00:00+00:00,54.09,69.52436
2025-11-11 11:00:00+00:00,85.1425,65.964714
2025-11-11 12:00:00+00:00,94.8275,96.11714
2025-11-11 13:00:00+00:00,109.1675,111.94849
2025-11-11 14:00:00+00:00,129.41750000000002,142.51439
2025-11-11 15:00:00+00:00,142.10500000000002,159.36374
2025-11-11 16:00:00+00:00,161.78,159.52953
2025-11-11 17:00:00+00:00,143.3325,172.14984
2025-11-11 18:00:00+00:00,149.2225,143.0352
2025-11-11 19:00:00+00:00,127.265,130.53282
2025-11-11 20:00:00+00:00,120.965,115.860916
2025-11-11 21:00:00+00:00,115.0975,113.51948
2025-11-11 22:00:00+00:00,104.8775,108.70907
2025-11-11 23:00:00+00:00,104.73,100.77491
2025-11-12 00:00:00+00:00,94.6825,102.04016
2025-11-12 01:00:00+00:00,92.5525,91.89392
2025-11-12 02:00:00+00:00,94.9675,91.559364
2025-11-12 03:00:00+00:00,98.7625,97.31542
2025-11-12 04:00:00+00:00,111.56,106.95999
2025-11-12 05:00:00+00:00,152.6125,135.4169
2025-11-12 06:00:00+00:00,152.32,144.1442
2025-11-12 07:00:00+00:00,123.9325,131.14705
2025-11-12 08:00:00+00:00,91.515,102.15239
2025-11-12 09:00:00+00:00,63.81,77.087234
2025-11-12 10:00:00+00:00,66.325,62.10266
2025-11-12 11:00:00+00:00,81.6825,72.79727
2025-11-12 12:00:00+00:00,93.055,91.84728
2025-11-12 13:00:00+00:00,110.57,107.5581
2025-11-12 14:00:00+00:00,156.7825,130.96165
2025-11-12 15:00:00+00:00,239.995,177.39224
2025-11-12 16:00:00+00:00,261.9725,225.62926
2025-11-12 17:00:00+00:00,245.5875,217.97267
2025-11-12 18:00:00+00:00,235.7725,192.91222
2025-11-12 19:00:00+00:00,181.7625,171.15819
2025-11-12 20:00:00+00:00,127.545,151.4462
2025-11-12 21:00:00+00:00,125.1775,119.96676
2025-11-12 22:00:00+00:00,108.3475,116.72617
2025-11-12 23:00:00+00:00,113.29,105.22062
2025-11-13 00:00:00+00:00,108.635,108.74106
2025-11-13 01:00:00+00:00,105.1025,107.303734
2025-11-13 02:00:00+00:00,104.6225,104.44262
2025-11-13 03:00:00+00:00,104.79,110.040634
2025-11-13 04:00:00+00:00,141.4925,121.14745
2025-11-13 05:00:00+00:00,174.6475,167.94978
2025-11-13 06:00:00+00:00,143.25,153.3584
2025-11-13 07:00:00+00:00,114.8575,125.804756
2025-11-13 08:00:00+00:00,84.955,96.80648
2025-11-13 09:00:00+00:00,30.675,77.64088
2025-11-13 10:00:00+00:00,8.2075,42.399044
2025-11-13 11:00:00+00:00,56.82,24.770687
2025-11-13 12:00:00+00:00,81.1375,78.32913
2025-11-13 13:00:00+00:00,117.68,107.80669
2025-11-13 14:00:00+00:00,194.3575,153.8186
2025-11-13 15:00:00+00:00,289.115,250.9354
2025-11-13 16:00:00+00:00,299.4675,303.374
2025-11-13 17:00:00+00:00,302.1425,289.80054
2025-11-13 18:00:00+00:00,286.3025,265.29883
2025-11-13 19:00:00+00:00,220.4175,198.24803
2025-11-13 20:00:00+00:00,138.24,175.92409
2025-11-13 21:00:00+00:00,122.8275,127.72335
2025-11-13 22:00:00+00:00,119.745,113.80279
2025-11-13 23:00:00+00:00,106.605,113.381645
2025-11-14 00:00:00+00:00,105.14,104.43754
2025-11-14 01:00:00+00:00,104.5,103.70982
2025-11-14 02:00:00+00:00,102.1475,104.451355
2025-11-14 03:00:00+00:00,101.2925,110.18759
2025-11-14 04:00:00+00:00,127.0325,122.98237
2025-11-14 05:00:00+00:00,135.47,165.74506
2025-11-14 06:00:00+00:00,132.74,141.12785
2025-11-14 07:00:00+00:00,127.785,120.63621
2025-11-14 08:00:00+00:00,64.8675,103.71687
2025-11-14 09:00:00+00:00,18.165,58.868176
2025-11-14 10:00:00+00:00,8.790000000000001,30.624779
2025-11-14 11:00:00+00:00,58.8175,22.187613
2025-11-14 12:00:00+00:00,68.42,73.60997
2025-11-14 13:00:00+00:00,120.485,108.85801
2025-11-14 14:00:00+00:00,174.95749999999998,170.92496
2025-11-14 15:00:00+00:00,255.68,252.27696
2025-11-14 16:00:00+00:00,196.935,302.02844
2025-11-14 17:00:00+00:00,166.23,228.82826
2025-11-14 18:00:00+00:00,155.735,183.03172
2025-11-14 19:00:00+00:00,127.0375,162.32643
2025-11-14 20:00:00+00:00,113.845,121.98832
2025-11-14 21:00:00+00:00,111.52,112.16701
2025-11-14 22:00:00+00:00,104.68,110.05645
2025-11-14 23:00:00+00:00,115.16,102.16921
2025-11-15 00:00:00+00:00,101.2375,110.59752
2025-11-15 01:00:00+00:00,98.42,99.24853
2025-11-15 02:00:00+00:00,94.19,95.882164
2025-11-15 03:00:00+00:00,96.33,95.25739
2025-11-15 04:00:00+00:00,102.915,107.39979
2025-11-15 05:00:00+00:00,108.38,115.12611
2025-11-15 06:00:00+00:00,107.575,109.89277
2025-11-15 07:00:00+00:00,88.635,102.40236
2025-11-15 08:00:00+00:00,52.89,75.30845
2025-11-15 09:00:00+00:00,0.0025,50.646923
2025-11-15 10:00:00+00:00,0.005,16.384216
2025-11-15 11:00:00+00:00,42.28,17.267372
2025-11-15 12:00:00+00:00,74.8175,63.16814
2025-11-15 13:00:00+00:00,112.145,108.5508
2025-11-15 14:00:00+00:00,134.0275,142.50438
2025-11-15 15:00:00+00:00,179.2525,171.57637
2025-11-15 16:00:00+00:00,160.0725,188.75829
2025-11-15 17:00:00+00:00,145.335,166.49057
2025-11-15 18:00:00+00:00,141.555,142.80685
2025-11-15 19:00:00+00:00,125.84,122.11098
2025-11-15 20:00:00+00:00,115.49,111.72625
2025-11-15 21:00:00+00:00,113.8925,109.69705
2025-11-15 22:00:00+00:00,108.0,105.2012
2025-11-15 23:00:00+00:00,108.165,104.35979
2025-11-16 00:00:00+00:00,100.315,104.23675
2025-11-16 01:00:00+00:00,99.685,98.45467
2025-11-16 02:00:00+00:00,100.68,94.92748
2025-11-16 03:00:00+00:00,101.56,99.619934
2025-11-16 04:00:00+00:00,104.5125,101.28174
2025-11-16 05:00:00+00:00,105.1,106.54647
2025-11-16 06:00:00+00:00,100.385,98.47691
2025-11-16 07:00:00+00:00,86.925,87.765915
2025-11-16 08:00:00+00:00,34.7725,73.95838
2025-11-16 09:00:00+00:00,1.2575,37.015343
2025-11-16 10:00:00+00:00,0.01,17.739006
2025-11-16 11:00:00+00:00,18.02,17.13027
2025-11-16 12:00:00+00:00,45.795,40.5006
2025-11-16 13:00:00+00:00,98.5275,77.218956
2025-11-16 14:00:00+00:00,121.0575,123.704605
2025-11-16 15:00:00+00:00,142.41,154.36015
2025-11-16 16:00:00+00:00,134.91,161.26363
2025-11-16 17:00:00+00:00,127.4975,143.83781
2025-11-16 18:00:00+00:00,120.775,131.51454
2025-11-16 19:00:00+00:00,115.4275,112.51093
2025-11-16 20:00:00+00:00,107.3725,108.20237
2025-11-16 21:00:00+00:00,99.0625,101.28066
2025-11-16 22:00:00+00:00,87.84,91.677055
2025-11-16 23:00:00+00:00,90.975,85.07642
2025-11-17 00:00:00+00:00,82.36,87.357025
2025-11-17 01:00:00+00:00,76.0125,83.56768
2025-11-17 02:00:00+00:00,74.62,81.068245
2025-11-17 03:00:00+00:00,78.5675,84.99275
2025-11-17 04:00:00+00:00,90.68,96.20416
2025-11-17 05:00:00+00:00,108.905,115.11171
2025-11-17 06:00:00+00:00,120.0025,126.13353
2025-11-17 07:00:00+00:00,116.535,115.795784
2025-11-17 08:00:00+00:00,99.9475,107.98234
2025-11-17 09:00:00+00:00,29.8225,89.77975
2025-11-17 10:00:00+00:00,0.0325,43.129097
2025-11-17 11:00:00+00:00,19.75,26.164219
2025-11-17 12:00:00+00:00,76.17,41.43
2025-11-17 13:00:00+00:00,106.27,100.68322
2025-11-17 14:00:00+00:00,115.18,126.911804
2025-11-17 15:00:00+00:00,121.3725,144.31491
2025-11-17 16:00:00+00:00,118.91,133.87297
2025-11-17 17:00:00+00:00,116.7,125.68877
2025-11-17 18:00:00+00:00,110.7125,116.74235
2025-11-17 19:00:00+00:00,103.1075,101.90719
2025-11-17 20:00:00+00:00,93.75,94.65386
2025-11-17 21:00:00+00:00,90.45,87.321785
2025-11-17 22:00:00+00:00,81.1975,82.30404
2025-11-17 23:00:00+00:00,83.47,74.73324
2025-11-18 00:00:00+00:00,83.3075,80.13372
2025-11-18 01:00:00+00:00,79.49000000000001,79.026215
2025-11-18 02:00:00+00:00,78.295,76.99165
2025-11-18 03:00:00+00:00,81.2125,80.5394
2025-11-18 04:00:00+00:00,84.325,92.08614
2025-11-18 05:00:00+00:00,102.065,106.01883
2025-11-18 06:00:00+00:00,117.41,114.115486
2025-11-18 07:00:00+00:00,120.4225,113.41384
2025-11-18 08:00:00+00:00,91.985,100.846405
2025-11-18 09:00:00+00:00,85.915,74.305725
2025-11-18 10:00:00+00:00,86.1425,74.352325
2025-11-18 11:00:00+00:00,86.3325,81.17886
2025-11-18 12:00:00+00:00,92.2825,88.55883
2025-11-18 13:00:00+00:00,116.0175,100.296936
2025-11-18 14:00:00+00:00,129.09,124.814095
2025-11-18 15:00:00+00:00,135.66,134.2196
2025-11-18 16:00:00+00:00,139.325,137.71219
2025-11-18 17:00:00+00:00,136.905,139.92685
2025-11-18 18:00:00+00:00,133.97750000000002,127.73472
2025-11-18 19:00:00+00:00,125.3375,109.20154
2025-11-18 20:00:00+00:00,112.4875,104.67437
2025-11-18 21:00:00+00:00,105.2275,97.17614
2025-11-18 22:00:00+00:00,89.3175,95.27802
2025-11-18 23:00:00+00:00,87.225,83.66988
2025-11-19 00:00:00+00:00,86.38,85.61496
2025-11-19 01:00:00+00:00,84.8175,84.89561
2025-11-19 02:00:00+00:00,84.525,85.61181
2025-11-19 03:00:00+00:00,86.1825,87.79985
2025-11-19 04:00:00+00:00,102.5975,97.781685
2025-11-19 05:00:00+00:00,122.0425,120.42502
2025-11-19 06:00:00+00:00,138.0975,128.50166
2025-11-19 07:00:00+00:00,132.945,133.45177
2025-11-19 08:00:00+00:00,110.0175,118.25066
2025-11-19 09:00:00+00:00,105.3275,99.047066
2025-11-19 10:00:00+00:00,103.0525,97.71242
2025-11-19 11:00:00+00:00,109.8675,97.59292
2025-11-19 12:00:00+00:00,116.1875,106.97891
2025-11-19 13:00:00+00:00,127.22,123.62025
2025-11-19 14:00:00+00:00,135.55,138.25372
2025-11-19 15:00:00+00:00,147.6575,145.57404
2025-11-19 16:00:00+00:00,145.6375,151.40671
2025-11-19 17:00:00+00:00,134.64,147.97871
2025-11-19 18:00:00+00:00,133.0275,136.7215
2025-11-19 19:00:00+00:00,128.82,124.14086
2025-11-19 20:00:00+00:00,120.4525,111.347725
2025-11-19 21:00:00+00:00,107.9975,105.3468
2025-11-19 22:00:00+00:00,91.885,97.3113
2025-11-19 23:00:00+00:00,85.585,88.21804
2025-11-20 00:00:00+00:00,83.96000000000001,86.407074
2025-11-20 01:00:00+00:00,83.1075,84.10836
2025-11-20 02:00:00+00:00,83.8025,85.143394
2025-11-20 03:00:00+00:00,87.935,88.66228
2025-11-20 04:00:00+00:00,101.535,104.26879
2025-11-20 05:00:00+00:00,125.0025,123.59812
2025-11-20 06:00:00+00:00,140.6825,132.50058
2025-11-20 07:00:00+00:00,118.1525,127.133545
2025-11-20 08:00:00+00:00,59.54,103.29252
2025-11-20 09:00:00+00:00,15.0075,58.73473
2025-11-20 10:00:00+00:00,0.0,31.688799
2025-11-20 11:00:00+00:00,0.005,17.797255
2025-11-20 12:00:00+00:00,66.1875,26.627575
2025-11-20 13:00:00+00:00,109.31,102.052315
2025-11-20 14:00:00+00:00,128.0725,132.9832
2025-11-20 15:00:00+00:00,150.4975,154.99457
2025-11-20 16:00:00+00:00,155.0025,167.56712
2025-11-20 17:00:00+00:00,155.0025,167.87369
2025-11-20 18:00:00+00:00,152.20999999999998,148.61104
2025-11-20 19:00:00+00:00,129.6,130.88377
2025-11-20 20:00:00+00:00,118.9,111.6955
2025-11-20 21:00:00+00:00,100.01,102.185616
2025-11-20 22:00:00+00:00,87.775,92.175316
2025-11-20 23:00:00+00:00,92.895,82.35772
2025-11-21 00:00:00+00:00,92.2925,87.69356
2025-11-21 01:00:00+00:00,86.92500000000001,87.345985
2025-11-21 02:00:00+00:00,85.965,85.17205
2025-11-21 03:00:00+00:00,85.19,90.08449
2025-11-21 04:00:00+00:00,93.6975,99.99603
2025-11-21 05:00:00+00:00,116.825,114.61392
2025-11-21 06:00:00+00:00,129.54250000000002,124.19104
2025-11-21 07:00:00+00:00,89.68,116.42554
2025-11-21 08:00:00+00:00,40.58,71.31376
2025-11-21 09:00:00+00:00,0.0025,33.13732
2025-11-21 10:00:00+00:00,0.0,12.938917
2025-11-21 11:00:00+00:00,16.255,13.790249
2025-11-21 12:00:00+00:00,56.805,36.164387
2025-11-21 13:00:00+00:00,94.8475,90.60057
2025-11-21 14:00:00+00:00,105.0025,117.45959
2025-11-21 15:00:00+00:00,158.65,128.74092
2025-11-21 16:00:00+00:00,136.57,162.26208
2025-11-21 17:00:00+00:00,114.595,145.17868
2025-11-21 18:00:00+00:00,112.4875,117.16923
2025-11-21 19:00:00+00:00,108.82,106.15859
2025-11-21 20:00:00+00:00,103.1,101.92976
2025-11-21 21:00:00+00:00,93.05,94.16597
2025-11-21 22:00:00+00:00,80.08500000000001,82.38828
2025-11-21 23:00:00+00:00,86.14,80.49425
2025-11-22 00:00:00+00:00,86.42,86.44231
2025-11-22 01:00:00+00:00,86.5275,83.76926
2025-11-22 02:00:00+00:00,85.255,82.610504
2025-11-22 03:00:00+00:00,86.865,83.58027
2025-11-22 04:00:00+00:00,86.1125,87.897354
2025-11-22 05:00:00+00:00,91.9425,96.491585
2025-11-22 06:00:00+00:00,97.2325,98.93602
2025-11-22 07:00:00+00:00,36.615,78.29422
2025-11-22 08:00:00+00:00,4.1825,30.340471
2025-11-22 09:00:00+00:00,0.0,5.032757
2025-11-22 10:00:00+00:00,0.0,7.81891
2025-11-22 11:00:00+00:00,0.0,9.322769
2025-11-22 12:00:00+00:00,22.3925,16.554062
2025-11-22 13:00:00+00:00,69.91,61.6046
2025-11-22 14:00:00+00:00,88.625,100.24701
2025-11-22 15:00:00+00:00,109.7575,114.6994
2025-11-22 16:00:00+00:00,109.455,122.13745
2025-11-22 17:00:00+00:00,103.59,114.26795
2025-11-22 18:00:00+00:00,101.64,101.982506
2025-11-22 19:00:00+00:00,98.4925,91.99882
2025-11-22 20:00:00+00:00,99.96,90.77081
2025-11-22 21:00:00+00:00,88.92,89.93181
2025-11-22 22:00:00+00:00,82.5025,80.70452
2025-11-22 23:00:00+00:00,78.28,77.95409
2025-11-23 00:00:00+00:00,74.35249999999999,78.806366
2025-11-23 01:00:00+00:00,70.44,77.23901
2025-11-23 02:00:00+00:00,63.23,73.24125
2025-11-23 03:00:00+00:00,60.885,70.14418
2025-11-23 04:00:00+00:00,68.865,69.470215
2025-11-23 05:00:00+00:00,81.9675,78.17739
2025-11-23 06:00:00+00:00,40.1425,85.68804
2025-11-23 07:00:00+00:00,-0.05,40.974308
2025-11-23 08:00:00+00:00,-1.275,4.619597
2025-11-23 09:00:00+00:00,-3.235,2.4000428
2025-11-23 10:00:00+00:00,-2.94,6.900111
2025-11-23 11:00:00+00:00,-2.1025,9.865169
2025-11-23 12:00:00+00:00,-2.0,11.917834
2025-11-23 13:00:00+00:00,0.725,32.19597
2025-11-23 14:00:00+00:00,68.7525,44.870415
2025-11-23 15:00:00+00:00,123.91,103.36018
2025-11-23 16:00:00+00:00,136.7275,133.75148
2025-11-23 17:00:00+00:00,136.73250000000002,136.12303
2025-11-23 18:00:00+00:00,137.2525,121.9646
2025-11-23 19:00:00+00:00,122.725,108.85365
2025-11-23 20:00:00+00:00,106.2375,102.68382
2025-11-23 21:00:00+00:00,95.635,92.02017
2025-11-23 22:00:00+00:00,76.13,86.41057
2025-11-23 23:00:00+00:00,76.255,72.18844
2025-11-24 00:00:00+00:00,71.58,74.0419
2025-11-24 01:00:00+00:00,73.3275,71.35194
2025-11-24 02:00:00+00:00,75.4125,72.655
2025-11-24 03:00:00+00:00,76.655,81.22157
2025-11-24 04:00:00+00:00,93.77,90.06553
2025-11-24 05:00:00+00:00,134.45,113.58336
2025-11-24 06:00:00+00:00,116.855,136.59361
2025-11-24 07:00:00+00:00,44.8975,107.68931
2025-11-24 08:00:00+00:00,7.55,48.22372
2025-11-24 09:00:00+00:00,0.0,9.387388
2025-11-24 10:00:00+00:00,0.0,11.719331
2025-11-24 11:00:00+00:00,0.0,13.409118
2025-11-24 12:00:00+00:00,7.505,25.154135
2025-11-24 13:00:00+00:00,80.185,53.850388
2025-11-24 14:00:00+00:00,212.7025,114.68566
2025-11-24 15:00:00+00:00,267.0875,214.83707
2025-11-24 16:00:00+00:00,266.615,239.16
2025-11-24 17:00:00+00:00,239.0,242.4428
2025-11-24 18:00:00+00:00,205.2425,191.84752
2025-11-24 19:00:00+00:00,177.98250000000002,154.22548
2025-11-24 20:00:00+00:00,141.5375,135.4129
2025-11-24 21:00:00+00:00,126.4125,120.68234
2025-11-24 22:00:00+00:00,104.84,109.98504
2025-11-24 23:00:00+00:00,104.02,99.25099
2025-11-25 00:00:00+00:00,100.9525,101.04023
2025-11-25 01:00:00+00:00,101.8425,99.224884
2025-11-25 02:00:00+00:00,92.545,99.811745
2025-11-25 03:00:00+00:00,102.15,95.85826
2025-11-25 04:00:00+00:00,105.1,112.87293
2025-11-25 05:00:00+00:00,129.57,129.46985
2025-11-25 06:00:00+00:00,147.2775,131.29681
2025-11-25 07:00:00+00:00,94.5025,121.180504
2025-11-25 08:00:00+00:00,83.9425,84.08528
2025-11-25 09:00:00+00:00,81.565,78.309685
2025-11-25 10:00:00+00:00,56.985,81.13181
2025-11-25 11:00:00+00:00,49.88,63.666107
2025-11-25 12:00:00+00:00,68.6675,65.43896
2025-11-25 13:00:00+00:00,89.7375,93.603714
2025-11-25 14:00:00+00:00,121.225,131.36722
2025-11-25 15:00:00+00:00,290.305,151.63423
2025-11-25 16:00:00+00:00,132.17000000000002,239.45207
2025-11-25 17:00:00+00:00,165.1825,153.45346
2025-11-25 18:00:00+00:00,146.4875,156.09407
2025-11-25 19:00:00+00:00,128.0275,134.77937
2025-11-25 20:00:00+00:00,112.005,116.218994
2025-11-25 21:00:00+00:00,97.355,107.62575
2025-11-25 22:00:00+00:00,83.275,92.36976
2025-11-25 23:00:00+00:00,84.725,84.26143
2025-11-26 00:00:00+00:00,69.5275,84.58278
2025-11-26 01:00:00+00:00,83.0725,77.41202
2025-11-26 02:00:00+00:00,83.8075,83.3653
2025-11-26 03:00:00+00:00,85.7025,90.18108
2025-11-26 04:00:00+00:00,89.70750000000001,101.82954
2025-11-26 05:00:00+00:00,112.235,117.91456
2025-11-26 06:00:00+00:00,84.295,121.182816
2025-11-26 07:00:00+00:00,70.0,77.058365
2025-11-26 08:00:00+00:00,68.0975,61.527927
2025-11-26 09:00:00+00:00,12.3925,61.815487
2025-11-26 10:00:00+00:00,26.18,24.695862
2025-11-26 11:00:00+00:00,51.905,35.068512
2025-11-26 12:00:00+00:00,87.1175,69.63781
2025-11-26 13:00:00+00:00,62.815,107.1631
2025-11-26 14:00:00+00:00,108.3925,107.384026
2025-11-26 15:00:00+00:00,195.41,128.72874
2025-11-26 16:00:00+00:00,195.0,183.61569
2025-11-26 17:00:00+00:00,187.2775,178.49359
2025-11-26 18:00:00+00:00,154.3225,148.78638
2025-11-26 19:00:00+00:00,99.715,121.83541
2025-11-26 20:00:00+00:00,96.325,96.89068
2025-11-26 21:00:00+00:00,88.4675,91.35872
2025-11-26 22:00:00+00:00,67.0075,85.219215
2025-11-26 23:00:00+00:00,78.02000000000001,72.94741
2025-11-27 00:00:00+00:00,82.685,75.04262
2025-11-27 01:00:00+00:00,79.8175,80.87532
2025-11-27 02:00:00+00:00,78.03999999999999,82.43126
2025-11-27 03:00:00+00:00,81.91,83.49352
2025-11-27 04:00:00+00:00,83.7175,93.87828
2025-11-27 05:00:00+00:00,112.725,104.12582
2025-11-27 06:00:00+00:00,103.1725,115.72885
2025-11-27 07:00:00+00:00,101.54,102.43551
2025-11-27 08:00:00+00:00,97.925,93.59293
2025-11-27 09:00:00+00:00,89.89500000000001,89.03309
2025-11-27 10:00:00+00:00,89.4025,86.05372
2025-11-27 11:00:00+00:00,90.985,87.87567
2025-11-27 12:00:00+00:00,89.795,94.09885
2025-11-27 13:00:00+00:00,93.4025,102.924545
2025-11-27 14:00:00+00:00,138.5775,112.94035
2025-11-27 15:00:00+00:00,150.1875,162.01765
2025-11-27 16:00:00+00:00,141.35250000000002,162.5407
2025-11-27 17:00:00+00:00,135.7225,154.34439
2025-11-27 18:00:00+00:00,134.0525,137.18236
2025-11-27 19:00:00+00:00,120.995,114.07144
2025-11-27 20:00:00+00:00,105.6475,108.08535
2025-11-27 21:00:00+00:00,91.2275,97.23497
2025-11-27 22:00:00+00:00,72.475,84.133415
2025-11-27 23:00:00+00:00,86.5475,74.01731
2025-11-28 00:00:00+00:00,71.655,86.67552
2025-11-28 01:00:00+00:00,72.03,76.0417
2025-11-28 02:00:00+00:00,79.8925,76.13378
2025-11-28 03:00:00+00:00,74.835,86.47928
2025-11-28 04:00:00+00:00,101.01,87.05099
2025-11-28 05:00:00+00:00,119.88,120.07925
2025-11-28 06:00:00+00:00,118.2725,127.362274
2025-11-28 07:00:00+00:00,105.0825,116.49629
2025-11-28 08:00:00+00:00,95.7875,104.38705
2025-11-28 09:00:00+00:00,90.26,92.57026
2025-11-28 10:00:00+00:00,88.7975,86.88713
2025-11-28 11:00:00+00:00,88.51,88.821465
2025-11-28 12:00:00+00:00,85.88,89.92171
2025-11-28 13:00:00+00:00,97.11,99.60841
2025-11-28 14:00:00+00:00,118.75,114.83765
2025-11-28 15:00:00+00:00,137.2475,138.28993
2025-11-28 16:00:00+00:00,135.245,142.83252
2025-11-28 17:00:00+00:00,135.895,134.91573
2025-11-28 18:00:00+00:00,134.67,129.94427
2025-11-28 19:00:00+00:00,123.87,116.78204
2025-11-28 20:00:00+00:00,113.1025,109.48091
2025-11-28 21:00:00+00:00,110.2325,101.96873
2025-11-28 22:00:00+00:00,93.585,100.1995
2025-11-28 23:00:00+00:00,96.4025,88.22946
2025-11-29 00:00:00+00:00,92.5375,92.9626
2025-11-29 01:00:00+00:00,90.85,89.39766
2025-11-29 02:00:00+00:00,90.2825,88.162575
2025-11-29 03:00:00+00:00,91.625,88.5556
2025-11-29 04:00:00+00:00,97.5375,92.85125
2025-11-29 05:00:00+00:00,101.555,106.067444
2025-11-29 06:00:00+00:00,112.93,106.58053
2025-11-29 07:00:00+00:00,114.8525,107.36365
2025-11-29 08:00:00+00:00,111.2275,104.95204
2025-11-29 09:00:00+00:00,105.1,99.38965
2025-11-29 10:00:00+00:00,102.2125,96.08338
2025-11-29 11:00:00+00:00,101.51,97.186485
2025-11-29 12:00:00+00:00,98.5175,101.36532
2025-11-29 13:00:00+00:00,109.6475,104.31031
2025-11-29 14:00:00+00:00,121.855,117.142204
2025-11-29 15:00:00+00:00,142.4875,131.12212
2025-11-29 16:00:00+00:00,139.9,144.85
2025-11-29 17:00:00+00:00,138.4675,141.19897
2025-11-29 18:00:00+00:00,135.915,135.82881
2025-11-29 19:00:00+00:00,130.48250000000002,119.05285
2025-11-29 20:00:00+00:00,117.415,115.750534
2025-11-29 21:00:00+00:00,115.6975,108.15472
2025-11-29 22:00:00+00:00,102.1375,106.2471
2025-11-29 23:00:00+00:00,96.68,97.67788
2025-11-30 00:00:00+00:00,93.4225,95.34752
2025-11-30 01:00:00+00:00,87.43,91.36463
2025-11-30 02:00:00+00:00,86.0625,86.192085
2025-11-30 03:00:00+00:00,84.6875,87.8258
2025-11-30 04:00:00+00:00,90.92,86.72146
2025-11-30 05:00:00+00:00,94.0225,93.606476
2025-11-30 06:00:00+00:00,95.6775,98.468
2025-11-30 07:00:00+00:00,94.235,97.17215
2025-11-30 08:00:00+00:00,83.81,86.735725
2025-11-30 09:00:00+00:00,45.0,78.216194
2025-11-30 10:00:00+00:00,48.41,57.630116
2025-11-30 11:00:00+00:00,58.75,62.110023
2025-11-30 12:00:00+00:00,63.010000000000005,74.675735
2025-11-30 13:00:00+00:00,102.2975,88.44908
2025-11-30 14:00:00+00:00,110.41,114.44085
2025-11-30 15:00:00+00:00,125.66,133.1889
2025-11-30 16:00:00+00:00,127.49,135.99014
2025-11-30 17:00:00+00:00,129.2175,134.19287
2025-11-30 18:00:00+00:00,131.05,130.01793
2025-11-30 19:00:00+00:00,129.9075,117.65996
2025-11-30 20:00:00+00:00,120.725,114.66529
2025-11-30 21:00:00+00:00,114.13,108.75325
2025-11-30 22:00:00+00:00,98.5975,103.332756
2025-11-30 23:00:00+00:00,100.2175,93.34171
2025-12-01 00:00:00+00:00,99.59,97.87542
2025-12-01 01:00:00+00:00,96.7025,93.23467
2025-12-01 02:00:00+00:00,92.4725,92.86827
2025-12-01 03:00:00+00:00,96.8525,94.11635
2025-12-01 04:00:00+00:00,105.5725,104.8964
2025-12-01 05:00:00+00:00,144.985,128.91849
2025-12-01 06:00:00+00:00,138.60000000000002,142.21436
2025-12-01 07:00:00+00:00,145.71,127.70052
2025-12-01 08:00:00+00:00,115.785,118.73457
2025-12-01 09:00:00+00:00,42.0725,100.35522
2025-12-01 10:00:00+00:00,52.2825,49.265526
2025-12-01 11:00:00+00:00,69.165,59.299206
2025-12-01 12:00:00+00:00,102.86,75.689316
2025-12-01 13:00:00+00:00,148.95,110.74577
2025-12-01 14:00:00+00:00,162.51,176.18913
2025-12-01 15:00:00+00:00,253.335,184.2364
2025-12-01 16:00:00+00:00,217.78,256.50742
2025-12-01 17:00:00+00:00,238.4325,219.59483
2025-12-01 18:00:00+00:00,216.29,199.64023
2025-12-01 19:00:00+00:00,180.7525,174.22725
2025-12-01 20:00:00+00:00,146.7925,151.36249
2025-12-01 21:00:00+00:00,130.7775,125.07218
2025-12-01 22:00:00+00:00,112.9225,117.73236
2025-12-01 23:00:00+00:00,107.63,105.87761
2025-12-02 00:00:00+00:00,104.05,104.867905
2025-12-02 01:00:00+00:00,99.13,102.4869
2025-12-02 02:00:00+00:00,94.7625,97.63122
2025-12-02 03:00:00+00:00,97.8975,100.392525
2025-12-02 04:00:00+00:00,103.2575,110.74687
2025-12-02 05:00:00+00:00,132.5225,137.91887
2025-12-02 06:00:00+00:00,137.3,147.36032
2025-12-02 07:00:00+00:00,132.925,128.8639
2025-12-02 08:00:00+00:00,94.2025,114.758705
2025-12-02 09:00:00+00:00,79.3775,84.46232
2025-12-02 10:00:00+00:00,83.65,73.16216
2025-12-02 11:00:00+00:00,87.895,78.60316
2025-12-02 12:00:00+00:00,104.1575,91.2172
2025-12-02 13:00:00+00:00,135.1,120.731064
2025-12-02 14:00:00+00:00,150.89249999999998,172.94504
2025-12-02 15:00:00+00:00,206.25,211.82788
2025-12-02 16:00:00+00:00,188.4275,216.36594
2025-12-02 17:00:00+00:00,173.6275,200.4153
2025-12-02 18:00:00+00:00,166.64,172.88823
2025-12-02 19:00:00+00:00,150.265,155.57285
2025-12-02 20:00:00+00:00,130.01999999999998,134.6553
2025-12-02 21:00:00+00:00,120.1125,121.27199
2025-12-02 22:00:00+00:00,105.0025,112.92062
2025-12-02 23:00:00+00:00,104.0375,101.69717
2025-12-03 00:00:00+00:00,103.6,102.44516
2025-12-03 01:00:00+00:00,99.7075,101.4895
2025-12-03 02:00:00+00:00,99.35,98.68449
2025-12-03 03:00:00+00:00,102.265,102.098854
2025-12-03 04:00:00+00:00,107.2825,110.90459
2025-12-03 05:00:00+00:00,144.86,128.3964
2025-12-03 06:00:00+00:00,183.4825,153.74863
2025-12-03 07:00:00+00:00,185.6,178.4093
2025-12-03 08:00:00+00:00,163.92000000000002,169.5599
2025-12-03 09:00:00+00:00,142.44,148.53467
2025-12-03 10:00:00+00:00,136.9775,135.54784
2025-12-03 11:00:00+00:00,141.965,133.12085
2025-12-03 12:00:00+00:00,144.8175,142.38916
2025-12-03 13:00:00+00:00,173.5025,153.50162
2025-12-03 14:00:00+00:00,185.48,173.80153
2025-12-03 15:00:00+00:00,185.4975,197.79262
2025-12-03 16:00:00+00:00,255.7375,203.72853
2025-12-03 17:00:00+00:00,202.4125,230.61592
2025-12-03 18:00:00+00:00,171.66,170.333
2025-12-03 19:00:00+00:00,145.19,138.79153
2025-12-03 20:00:00+00:00,124.26,125.81559
2025-12-03 21:00:00+00:00,119.4,113.590614
2025-12-03 22:00:00+00:00,109.28,107.36341
2025-12-03 23:00:00+00:00,100.29,102.31445
2025-12-04 00:00:00+00:00,96.1225,98.81909
2025-12-04 01:00:00+00:00,93.23,92.919266
2025-12-04 02:00:00+00:00,93.2725,89.40783
2025-12-04 03:00:00+00:00,97.22,93.56399
2025-12-04 04:00:00+00:00,104.3225,107.12797
2025-12-04 05:00:00+00:00,111.665,129.80963
2025-12-04 06:00:00+00:00,117.6525,141.32805
2025-12-04 07:00:00+00:00,117.65,136.63939
2025-12-04 08:00:00+00:00,117.235,129.37296
2025-12-04 09:00:00+00:00,108.3325,124.96284
2025-12-04 10:00:00+00:00,104.815,121.27827
2025-12-04 11:00:00+00:00,118.38,116.26527
2025-12-04 12:00:00+00:00,116.8225,130.91022
2025-12-04 13:00:00+00:00,138.495,138.85461
2025-12-04 14:00:00+00:00,145.7425,163.97243
2025-12-04 15:00:00+00:00,155.395,165.62117
2025-12-04 16:00:00+00:00,147.88750000000002,171.91069
2025-12-04 17:00:00+00:00,145.8725,158.94661
2025-12-04 18:00:00+00:00,141.005,143.10582
2025-12-04 19:00:00+00:00,128.97,123.048965
2025-12-04 20:00:00+00:00,119.0025,114.03356
2025-12-04 21:00:00+00:00,112.4,109.08688
2025-12-04 22:00:00+00:00,100.585,104.1779
2025-12-04 23:00:00+00:00,99.3,96.428375
2025-12-05 00:00:00+00:00,97.485,94.87356
2025-12-05 01:00:00+00:00,93.8025,93.64949
2025-12-05 02:00:00+00:00,93.6,90.17741
2025-12-05 03:00:00+00:00,98.2675,93.96904
2025-12-05 04:00:00+00:00,104.25,104.820816
2025-12-05 05:00:00+00:00,125.75,117.92397
2025-12-05 06:00:00+00:00,143.5075,130.83638
2025-12-05 07:00:00+00:00,149.7475,144.18271
2025-12-05 08:00:00+00:00,155.07999999999998,143.79752
2025-12-05 09:00:00+00:00,146.8725,147.94543
2025-12-05 10:00:00+00:00,155.6275,138.349
2025-12-05 11:00:00+00:00,138.31,148.7352
2025-12-05 12:00:00+00:00,137.955,137.93
2025-12-05 13:00:00+00:00,145.3075,143.28305
2025-12-05 14:00:00+00:00,149.8775,145.67274
2025-12-05 15:00:00+00:00,152.0975,153.17374
2025-12-05 16:00:00+00:00,148.845,148.31815
2025-12-05 17:00:00+00:00,142.0775,143.098
2025-12-05 18:00:00+00:00,128.205,133.9538
2025-12-05 19:00:00+00:00,113.175,116.37457
2025-12-05 20:00:00+00:00,101.3125,107.0451
2025-12-05 21:00:00+00:00,96.8975,99.15216
2025-12-05 22:00:00+00:00,85.91999999999999,92.1722
2025-12-05 23:00:00+00:00,83.2725,85.68603
2025-12-06 00:00:00+00:00,79.64500000000001,86.0027
2025-12-06 01:00:00+00:00,76.32000000000001,83.73671
2025-12-06 02:00:00+00:00,78.7125,82.3283
2025-12-06 03:00:00+00:00,81.905,84.82016
2025-12-06 04:00:00+00:00,85.1,90.326294
2025-12-06 05:00:00+00:00,92.1675,100.017
2025-12-06 06:00:00+00:00,103.58,108.37632
2025-12-06 07:00:00+00:00,110.885,119.11217
2025-12-06 08:00:00+00:00,109.45,119.35783
2025-12-06 09:00:00+00:00,99.885,116.59634
2025-12-06 10:00:00+00:00,98.1925,105.771454
2025-12-06 11:00:00+00:00,98.195,106.44289
2025-12-06 12:00:00+00:00,104.245,108.83342
2025-12-06 13:00:00+00:00,111.2325,118.2043
2025-12-06 14:00:00+00:00,118.82,131.70563
2025-12-06 15:00:00+00:00,127.65,139.40413
2025-12-06 16:00:00+00:00,123.9575,141.65988
2025-12-06 17:00:00+00:00,122.135,134.86581
2025-12-06 18:00:00+00:00,121.2625,122.50295
2025-12-06 19:00:00+00:00,120.1875,110.36571
2025-12-06 20:00:00+00:00,100.67,109.24913
2025-12-06 21:00:00+00:00,94.715,99.50627
2025-12-06 22:00:00+00:00,89.1275,89.278755
2025-12-06 23:00:00+00:00,86.0725,85.7274
2025-12-07 00:00:00+00:00,82.615,85.63354
2025-12-07 01:00:00+00:00,81.74,81.52509
2025-12-07 02:00:00+00:00,76.10499999999999,82.089615
2025-12-07 03:00:00+00:00,77.7025,78.43384
2025-12-07 04:00:00+00:00,78.0675,81.842384
2025-12-07 05:00:00+00:00,81.62,86.68126
2025-12-07 06:00:00+00:00,86.75,90.47718
2025-12-07 07:00:00+00:00,88.3425,92.84801
2025-12-07 08:00:00+00:00,90.94,86.69614
2025-12-07 09:00:00+00:00,84.015,87.0069
2025-12-07 10:00:00+00:00,83.575,84.0745
2025-12-07 11:00:00+00:00,89.705,85.1502
2025-12-07 12:00:00+00:00,94.0,90.844055
2025-12-07 13:00:00+00:00,100.1575,104.02024
2025-12-07 14:00:00+00:00,111.1375,114.94707
2025-12-07 15:00:00+00:00,114.91,124.05827
2025-12-07 16:00:00+00:00,108.505,122.54957
2025-12-07 17:00:00+00:00,109.23,118.16196
2025-12-07 18:00:00+00:00,113.1,114.102036
2025-12-07 19:00:00+00:00,111.8875,109.95751
2025-12-07 20:00:00+00:00,100.605,104.56045
2025-12-07 21:00:00+00:00,90.61,99.27172
2025-12-07 22:00:00+00:00,77.0925,87.997444
2025-12-07 23:00:00+00:00,79.5475,78.03607
2025-12-08 00:00:00+00:00,79.16,81.32575
2025-12-08 01:00:00+00:00,72.37,79.51248
2025-12-08 02:00:00+00:00,77.8275,75.149506
2025-12-08 03:00:00+00:00,78.255,85.6772
2025-12-08 04:00:00+00:00,84.85,92.52004
2025-12-08 05:00:00+00:00,104.2975,111.438515
2025-12-08 06:00:00+00:00,126.6225,118.77567
2025-12-08 07:00:00+00:00,117.4425,126.63889
2025-12-08 08:00:00+00:00,109.18,112.05623
2025-12-08 09:00:00+00:00,92.5,98.04049
2025-12-08 10:00:00+00:00,85.39750000000001,85.39247
2025-12-08 11:00:00+00:00,83.7875,85.07643
2025-12-08 12:00:00+00:00,85.045,92.12863
2025-12-08 13:00:00+00:00,101.3025,108.38979
2025-12-08 14:00:00+00:00,105.1025,125.575615
2025-12-08 15:00:00+00:00,118.9575,136.88399
2025-12-08 16:00:00+00:00,122.045,134.74286
2025-12-08 17:00:00+00:00,120.6025,128.62477
2025-12-08 18:00:00+00:00,122.92,130.61832
2025-12-08 19:00:00+00:00,118.35,112.99099
2025-12-08 20:00:00+00:00,104.925,110.167564
2025-12-08 21:00:00+00:00,100.64,98.557945
2025-12-08 22:00:00+00:00,89.1575,95.87545
2025-12-08 23:00:00+00:00,82.82,84.4827
2025-12-09 00:00:00+00:00,84.61,83.46623
2025-12-09 01:00:00+00:00,84.2525,83.730675
2025-12-09 02:00:00+00:00,83.815,84.8619
2025-12-09 03:00:00+00:00,87.64500000000001,88.72486
2025-12-09 04:00:00+00:00,97.605,95.00641
2025-12-09 05:00:00+00:00,124.14,115.00422
2025-12-09 06:00:00+00:00,121.715,134.07382
2025-12-09 07:00:00+00:00,62.040000000000006,116.96726
2025-12-09 08:00:00+00:00,40.25,71.05885
2025-12-09 09:00:00+00:00,0.0,48.84896
2025-12-09 10:00:00+00:00,0.0,17.735865
2025-12-09 11:00:00+00:00,0.0025,17.941391
2025-12-09 12:00:00+00:00,53.3925,21.971561
2025-12-09 13:00:00+00:00,84.61,81.68263
2025-12-09 14:00:00+00:00,111.19,113.79597
2025-12-09 15:00:00+00:00,131.8725,140.41356
2025-12-09 16:00:00+00:00,134.9875,150.37547
2025-12-09 17:00:00+00:00,136.27,145.50339
2025-12-09 18:00:00+00:00,137.475,131.63838
2025-12-09 19:00:00+00:00,125.8,114.57876
2025-12-09 20:00:00+00:00,120.0425,106.29609
2025-12-09 21:00:00+00:00,108.21,106.26892
2025-12-09 22:00:00+00:00,88.0175,96.75081
2025-12-09 23:00:00+00:00,84.78,82.75978
2025-12-10 00:00:00+00:00,83.6225,85.47656
2025-12-10 01:00:00+00:00,81.89,82.8537
2025-12-10 02:00:00+00:00,83.335,83.60726
2025-12-10 03:00:00+00:00,85.465,88.46001
2025-12-10 04:00:00+00:00,94.4875,99.46941
2025-12-10 05:00:00+00:00,121.4875,124.00508
2025-12-10 06:00:00+00:00,132.48,142.60251
2025-12-10 07:00:00+00:00,111.545,126.79169
2025-12-10 08:00:00+00:00,117.7675,97.13072
2025-12-10 09:00:00+00:00,45.915,104.71293
2025-12-10 10:00:00+00:00,46.6,56.726635
2025-12-10 11:00:00+00:00,75.475,58.501537
2025-12-10 12:00:00+00:00,97.91,81.219795
2025-12-10 13:00:00+00:00,95.48,106.68992
2025-12-10 14:00:00+00:00,127.6,121.19857
2025-12-10 15:00:00+00:00,136.54500000000002,149.80606
2025-12-10 16:00:00+00:00,137.085,153.04053
2025-12-10 17:00:00+00:00,137.6575,150.73572
2025-12-10 18:00:00+00:00,150.585,137.00728
2025-12-10 19:00:00+00:00,148.60500000000002,126.96501
2025-12-10 20:00:00+00:00,137.0325,120.63767
2025-12-10 21:00:00+00:00,125.4925,116.18482
2025-12-10 22:00:00+00:00,107.8075,108.31741
2025-12-10 23:00:00+00:00,94.4225,98.9487
2025-12-11 00:00:00+00:00,90.4475,89.71931
2025-12-11 01:00:00+00:00,88.29249999999999,87.40542
2025-12-11 02:00:00+00:00,88.27250000000001,87.29262
2025-12-11 03:00:00+00:00,90.1925,92.08076
2025-12-11 04:00:00+00:00,104.82,100.62133
2025-12-11 05:00:00+00:00,122.6925,126.45136
2025-12-11 06:00:00+00:00,114.005,135.1825
2025-12-11 07:00:00+00:00,86.56,111.98473
2025-12-11 08:00:00+00:00,56.095,87.22397
2025-12-11 09:00:00+00:00,0.0025,51.90531
2025-12-11 10:00:00+00:00,0.0,15.747418
2025-12-11 11:00:00+00:00,36.8125,17.247784
2025-12-11 12:00:00+00:00,103.84,60.327408
2025-12-11 13:00:00+00:00,108.2325,112.08348
2025-12-11 14:00:00+00:00,128.1,138.855
2025-12-11 15:00:00+00:00,140.005,155.25677
2025-12-11 16:00:00+00:00,133.14249999999998,161.10034
2025-12-11 17:00:00+00:00,129.75,149.15508
2025-12-11 18:00:00+00:00,130.2175,136.55809
2025-12-11 19:00:00+00:00,126.9975,120.560776
2025-12-11 20:00:00+00:00,118.45,114.60428
2025-12-11 21:00:00+00:00,108.2575,109.3648
2025-12-11 22:00:00+00:00,95.865,102.7205
2025-12-11 23:00:00+00:00,96.19,93.7511
2025-12-12 00:00:00+00:00,95.4625,93.72292
2025-12-12 01:00:00+00:00,96.1075,90.86989
2025-12-12 02:00:00+00:00,95.015,93.31763
2025-12-12 03:00:00+00:00,94.5375,96.19822
2025-12-12 04:00:00+00:00,101.3075,102.25862
2025-12-12 05:00:00+00:00,128.14249999999998,131.82277
2025-12-12 06:00:00+00:00,131.16500000000002,144.7019
2025-12-12 07:00:00+00:00,134.95499999999998,127.801796
2025-12-12 08:00:00+00:00,110.125,118.30178
2025-12-12 09:00:00+00:00,78.9725,99.234314
2025-12-12 10:00:00+00:00,61.165,80.32959
2025-12-12 11:00:00+00:00,56.1925,64.18756
2025-12-12 12:00:00+00:00,97.5375,72.363625
2025-12-12 13:00:00+00:00,111.75,110.39818
2025-12-12 14:00:00+00:00,130.5675,133.53697
2025-12-12 15:00:00+00:00,159.3625,150.10394
2025-12-12 16:00:00+00:00,146.0025,161.12288
2025-12-12 17:00:00+00:00,134.5625,152.1828
2025-12-12 18:00:00+00:00,130.0,137.4095
2025-12-12 19:00:00+00:00,123.59,121.70333
2025-12-12 20:00:00+00:00,114.85,111.529945
2025-12-12 21:00:00+00:00,108.265,104.123436
2025-12-12 22:00:00+00:00,99.87,100.64057
2025-12-12 23:00:00+00:00,102.09,93.554344
2025-12-13 00:00:00+00:00,98.025,99.89846
2025-12-13 01:00:00+00:00,94.4925,94.9514
2025-12-13 02:00:00+00:00,90.1775,91.432144
2025-12-13 03:00:00+00:00,90.8225,89.933075
2025-12-13 04:00:00+00:00,95.755,92.61626
2025-12-13 05:00:00+00:00,103.05,111.14206
2025-12-13 06:00:00+00:00,110.9475,120.61831
2025-12-13 07:00:00+00:00,112.2075,115.769615
2025-12-13 08:00:00+00:00,79.09,104.42707
2025-12-13 09:00:00+00:00,85.67,77.59154
2025-12-13 10:00:00+00:00,84.25750000000001,84.14283
2025-12-13 11:00:00+00:00,84.35,82.52753
2025-12-13 12:00:00+00:00,87.6725,91.01764
2025-12-13 13:00:00+00:00,95.3,100.88964
2025-12-13 14:00:00+00:00,113.3325,112.62749
2025-12-13 15:00:00+00:00,121.8,130.07048
2025-12-13 16:00:00+00:00,122.2375,135.97813
2025-12-13 17:00:00+00:00,119.9525,128.93701
2025-12-13 18:00:00+00:00,120.765,122.35702
2025-12-13 19:00:00+00:00,114.6025,111.528206
2025-12-13 20:00:00+00:00,106.5375,104.70463
2025-12-13 21:00:00+00:00,101.7625,99.20897
2025-12-13 22:00:00+00:00,93.97,97.35764
2025-12-13 23:00:00+00:00,91.8325,89.43046
2025-12-14 00:00:00+00:00,91.5675,88.89526
2025-12-14 01:00:00+00:00,85.75,88.62667
2025-12-14 02:00:00+00:00,81.85249999999999,85.067276
2025-12-14 03:00:00+00:00,85.5975,82.66477
2025-12-14 04:00:00+00:00,86.3725,88.95063
2025-12-14 05:00:00+00:00,87.3,91.29948
2025-12-14 06:00:00+00:00,90.455,92.20008
2025-12-14 07:00:00+00:00,84.61,90.289894
2025-12-14 08:00:00+00:00,89.0825,78.806465
2025-12-14 09:00:00+00:00,67.4275,79.15243
2025-12-14 10:00:00+00:00,83.1775,68.24136
2025-12-14 11:00:00+00:00,85.2375,80.462166
2025-12-14 12:00:00+00:00,70.03999999999999,89.15965
2025-12-14 13:00:00+00:00,94.7375,86.78068
2025-12-14 14:00:00+00:00,105.1,110.06957
2025-12-14 15:00:00+00:00,117.5225,113.604675
2025-12-14 16:00:00+00:00,120.5,121.37059
2025-12-14 17:00:00+00:00,121.71,121.66946
2025-12-14 18:00:00+00:00,121.3,119.17431
2025-12-14 19:00:00+00:00,113.695,109.99713
2025-12-14 20:00:00+00:00,103.27,103.07086
2025-12-14 21:00:00+00:00,97.6025,97.448814
2025-12-14 22:00:00+00:00,91.43,92.45124
2025-12-14 23:00:00+00:00,87.365,85.39414
2025-12-15 00:00:00+00:00,85.095,87.12586
2025-12-15 01:00:00+00:00,85.1775,83.97836
2025-12-15 02:00:00+00:00,84.8075,84.61912
2025-12-15 03:00:00+00:00,87.46000000000001,90.15902
2025-12-15 04:00:00+00:00,103.215,96.36974
2025-12-15 05:00:00+00:00,155.47,116.78468
2025-12-15 06:00:00+00:00,159.13,155.36256
2025-12-15 07:00:00+00:00,133.0725,136.2773
2025-12-15 08:00:00+00:00,125.555,118.2625
2025-12-15 09:00:00+00:00,67.0775,105.88212
2025-12-15 10:00:00+00:00,55.7575,68.81809
2025-12-15 11:00:00+00:00,63.285,66.83963
2025-12-15 12:00:00+00:00,84.0675,72.5394
2025-12-15 13:00:00+00:00,92.315,99.84929
2025-12-15 14:00:00+00:00,151.535,109.39261
2025-12-15 15:00:00+00:00,174.78,166.09535
2025-12-15 16:00:00+00:00,180.1225,181.50066
2025-12-15 17:00:00+00:00,166.0025,170.5524
2025-12-15 18:00:00+00:00,152.04500000000002,141.75
2025-12-15 19:00:00+00:00,147.66,122.56638
2025-12-15 20:00:00+00:00,131.03,118.62357
2025-12-15 21:00:00+00:00,129.1325,115.90783
2025-12-15 22:00:00+00:00,107.2875,113.255325
2025-12-15 23:00:00+00:00,102.8975,98.799934
2025-12-16 00:00:00+00:00,96.9475,98.108475
2025-12-16 01:00:00+00:00,96.105,94.368576
2025-12-16 02:00:00+00:00,97.35,94.91748
2025-12-16 03:00:00+00:00,99.2825,99.36555
2025-12-16 04:00:00+00:00,127.1625,107.62853
2025-12-16 05:00:00+00:00,176.0525,160.44972
2025-12-16 06:00:00+00:00,193.9775,175.9361
2025-12-16 07:00:00+00:00,138.34,166.366
2025-12-16 08:00:00+00:00,94.04,124.97387
2025-12-16 09:00:00+00:00,79.1375,83.25883
2025-12-16 10:00:00+00:00,78.71000000000001,74.48246
2025-12-16 11:00:00+00:00,78.5275,74.36299
2025-12-16 12:00:00+00:00,88.34,80.533875
2025-12-16 13:00:00+00:00,121.0875,100.567345
2025-12-16 14:00:00+00:00,170.8425,149.69148
2025-12-16 15:00:00+00:00,231.59,198.24193
2025-12-16 16:00:00+00:00,210.0025,251.32327
2025-12-16 17:00:00+00:00,201.0925,204.84923
2025-12-16 18:00:00+00:00,172.16,178.59561
2025-12-16 19:00:00+00:00,139.015,137.24437
2025-12-16 20:00:00+00:00,120.0025,121.30974
2025-12-16 21:00:00+00:00,117.2575,114.67624
2025-12-16 22:00:00+00:00,105.1375,106.51557
2025-12-16 23:00:00+00:00,104.685,99.158005
2025-12-17 00:00:00+00:00,97.4675,100.44498
2025-12-17 01:00:00+00:00,97.1675,94.801605
2025-12-17 02:00:00+00:00,98.485,94.94219
2025-12-17 03:00:00+00:00,103.8375,99.99979
2025-12-17 04:00:00+00:00,104.08,119.52617
2025-12-17 05:00:00+00:00,135.5975,132.72641
2025-12-17 06:00:00+00:00,152.86,155.08795
2025-12-17 07:00:00+00:00,134.0225,136.80267
2025-12-17 08:00:00+00:00,96.075,113.962265
2025-12-17 09:00:00+00:00,81.22999999999999,82.69073
2025-12-17 10:00:00+00:00,79.9625,76.177055
2025-12-17 11:00:00+00:00,80.4525,78.83092
2025-12-17 12:00:00+00:00,99.755,87.30297
2025-12-17 13:00:00+00:00,120.3725,110.642365
2025-12-17 14:00:00+00:00,137.44,155.31064
2025-12-17 15:00:00+00:00,152.9875,167.60072
2025-12-17 16:00:00+00:00,153.105,187.83066
2025-12-17 17:00:00+00:00,182.4175,171.84085
2025-12-17 18:00:00+00:00,177.0,173.64143
2025-12-17 19:00:00+00:00,141.265,141.80304
2025-12-17 20:00:00+00:00,119.7775,123.323456
2025-12-17 21:00:00+00:00,119.7975,115.49178
2025-12-17 22:00:00+00:00,110.315,112.00932
2025-12-17 23:00:00+00:00,109.1,105.61237
2025-12-18 00:00:00+00:00,106.56,106.093315
2025-12-18 01:00:00+00:00,97.3975,102.62622
2025-12-18 02:00:00+00:00,96.595,97.41674
2025-12-18 03:00:00+00:00,106.4,99.50544
2025-12-18 04:00:00+00:00,136.3825,112.39836
2025-12-18 05:00:00+00:00,205.71,155.76106
2025-12-18 06:00:00+00:00,213.6725,193.56296
2025-12-18 07:00:00+00:00,135.2025,176.96315
2025-12-18 08:00:00+00:00,128.9275,118.13546
2025-12-18 09:00:00+00:00,96.4275,111.26594
2025-12-18 10:00:00+00:00,95.4775,92.727905
2025-12-18 11:00:00+00:00,97.6675,90.466095
2025-12-18 12:00:00+00:00,114.7675,101.00815
2025-12-18 13:00:00+00:00,127.225,123.07296
2025-12-18 14:00:00+00:00,208.335,149.01752
2025-12-18 15:00:00+00:00,275.985,232.23036
2025-12-18 16:00:00+00:00,245.49,276.15738
2025-12-18 17:00:00+00:00,262.845,255.47331
2025-12-18 18:00:00+00:00,255.2475,225.71068
2025-12-18 19:00:00+00:00,206.65,174.51096
2025-12-18 20:00:00+00:00,159.14,160.50626
2025-12-18 21:00:00+00:00,132.155,135.4264
2025-12-18 22:00:00+00:00,113.9325,120.45158
2025-12-18 23:00:00+00:00,109.2175,111.11371
2025-12-19 00:00:00+00:00,106.66,105.789154
2025-12-19 01:00:00+00:00,104.0925,103.875404
2025-12-19 02:00:00+00:00,104.9975,103.66195
2025-12-19 03:00:00+00:00,104.3225,108.17741
2025-12-19 04:00:00+00:00,113.885,122.75008
2025-12-19 05:00:00+00:00,147.6125,159.46013
2025-12-19 06:00:00+00:00,162.5575,185.32574
2025-12-19 07:00:00+00:00,140.3075,148.19293
2025-12-19 08:00:00+00:00,127.4925,124.611496
2025-12-19 09:00:00+00:00,92.85,109.206116
2025-12-19 10:00:00+00:00,94.645,90.23413
2025-12-19 11:00:00+00:00,102.2125,92.99417
2025-12-19 12:00:00+00:00,115.2,107.11772
2025-12-19 13:00:00+00:00,137.29,126.127205
2025-12-19 14:00:00+00:00,178.4025,185.61984
2025-12-19 15:00:00+00:00,216.5775,213.58214
2025-12-19 16:00:00+00:00,154.29250000000002,236.89577
2025-12-19 17:00:00+00:00,152.66,179.66048
2025-12-19 18:00:00+00:00,163.6275,167.37459
2025-12-19 19:00:00+00:00,141.55,156.69485
2025-12-19 20:00:00+00:00,117.7175,139.22995
2025-12-19 21:00:00+00:00,116.655,117.02141
2025-12-19 22:00:00+00:00,111.0175,112.48351
2025-12-19 23:00:00+00:00,98.4475,108.43054
2025-12-20 00:00:00+00:00,94.47,97.68837
2025-12-20 01:00:00+00:00,90.15,91.75949
2025-12-20 02:00:00+00:00,88.77,88.644424
2025-12-20 03:00:00+00:00,90.105,89.38646
2025-12-20 04:00:00+00:00,91.5675,95.02413
2025-12-20 05:00:00+00:00,98.71,103.62564
2025-12-20 06:00:00+00:00,106.625,113.18748
2025-12-20 07:00:00+00:00,115.44,118.05093
2025-12-20 08:00:00+00:00,117.1375,115.88356
2025-12-20 09:00:00+00:00,112.52,112.61479
2025-12-20 10:00:00+00:00,110.9925,108.985725
2025-12-20 11:00:00+00:00,109.61,107.52487
2025-12-20 12:00:00+00:00,112.06,111.55297
2025-12-20 13:00:00+00:00,124.3675,125.476746
2025-12-20 14:00:00+00:00,127.8825,147.05011
2025-12-20 15:00:00+00:00,133.2125,143.0288
2025-12-20 16:00:00+00:00,127.445,144.6978
2025-12-20 17:00:00+00:00,126.4325,136.52867
2025-12-20 18:00:00+00:00,122.37,131.90413
2025-12-20 19:00:00+00:00,116.6025,119.38474
2025-12-20 20:00:00+00:00,111.7825,110.17656
2025-12-20 21:00:00+00:00,107.695,107.51962
2025-12-20 22:00:00+00:00,94.465,104.31447
2025-12-20 23:00:00+00:00,99.1125,92.84831
2025-12-21 00:00:00+00:00,92.3225,95.71638
2025-12-21 01:00:00+00:00,90.84,89.57963
2025-12-21 02:00:00+00:00,90.85,87.24418
2025-12-21 03:00:00+00:00,89.435,88.763695
2025-12-21 04:00:00+00:00,90.7575,89.535034
2025-12-21 05:00:00+00:00,93.8,91.39693
2025-12-21 06:00:00+00:00,100.34,98.17891
2025-12-21 07:00:00+00:00,103.345,107.96313
2025-12-21 08:00:00+00:00,104.63,104.06227
2025-12-21 09:00:00+00:00,106.1,102.4086
2025-12-21 10:00:00+00:00,106.09,101.56092
2025-12-21 11:00:00+00:00,106.9675,101.82609
2025-12-21 12:00:00+00:00,106.2025,104.07285
2025-12-21 13:00:00+00:00,108.57,111.58441
2025-12-21 14:00:00+00:00,110.535,120.755486
2025-12-21 15:00:00+00:00,118.2225,122.07971
2025-12-21 16:00:00+00:00,121.2125,124.26278
2025-12-21 17:00:00+00:00,121.565,125.5794
2025-12-21 18:00:00+00:00,121.565,121.901054
2025-12-21 19:00:00+00:00,117.2275,110.59619
2025-12-21 20:00:00+00:00,116.775,107.641205
2025-12-21 21:00:00+00:00,106.08,106.08815
2025-12-21 22:00:00+00:00,95.9925,97.763275
2025-12-21 23:00:00+00:00,90.9525,90.250854
2025-12-22 00:00:00+00:00,88.5775,87.663734
2025-12-22 01:00:00+00:00,88.36,85.012375
2025-12-22 02:00:00+00:00,85.84,85.886765
2025-12-22 03:00:00+00:00,89.3075,90.637375
2025-12-22 04:00:00+00:00,97.595,100.83882
2025-12-22 05:00:00+00:00,109.9425,125.26106
2025-12-22 06:00:00+00:00,135.195,133.25363
2025-12-22 07:00:00+00:00,125.06,145.32681
2025-12-22 08:00:00+00:00,122.1,131.4485
2025-12-22 09:00:00+00:00,119.4325,119.00589
2025-12-22 10:00:00+00:00,118.3075,118.08152
2025-12-22 11:00:00+00:00,116.7225,116.909744
2025-12-22 12:00:00+00:00,117.2525,120.075935
2025-12-22 13:00:00+00:00,122.6925,124.99745
2025-12-22 14:00:00+00:00,139.1175,141.34872
2025-12-22 15:00:00+00:00,145.0075,154.40527
2025-12-22 16:00:00+00:00,151.0,156.168
2025-12-22 17:00:00+00:00,140.0075,158.9196
2025-12-22 18:00:00+00:00,141.0,138.71408
2025-12-22 19:00:00+00:00,121.5875,125.621346
2025-12-22 20:00:00+00:00,118.675,112.43153
2025-12-22 21:00:00+00:00,103.9475,109.80612
2025-12-22 22:00:00+00:00,92.2175,99.216255
2025-12-22 23:00:00+00:00,82.485,88.82573
2025-12-23 00:00:00+00:00,83.625,83.19729
2025-12-23 01:00:00+00:00,83.495,83.24423
2025-12-23 02:00:00+00:00,82.03,84.04699
2025-12-23 03:00:00+00:00,83.2525,87.63471
2025-12-23 04:00:00+00:00,100.7,96.92858
2025-12-23 05:00:00+00:00,108.2575,125.48118
2025-12-23 06:00:00+00:00,130.9725,140.03326
2025-12-23 07:00:00+00:00,142.5875,140.1332
2025-12-23 08:00:00+00:00,122.91,129.11179
2025-12-23 09:00:00+00:00,119.655,114.49256
2025-12-23 10:00:00+00:00,102.58,114.872406
2025-12-23 11:00:00+00:00,113.2975,105.08259
2025-12-23 12:00:00+00:00,109.7,116.24617
2025-12-23 13:00:00+00:00,121.31,125.11916
2025-12-23 14:00:00+00:00,151.0025,150.29948
2025-12-23 15:00:00+00:00,157.1825,174.67615
2025-12-23 16:00:00+00:00,173.0025,178.86205
2025-12-23 17:00:00+00:00,156.4925,180.02618
2025-12-23 18:00:00+00:00,149.0,153.89081
2025-12-23 19:00:00+00:00,130.0575,127.457756
2025-12-23 20:00:00+00:00,112.0725,118.750656
2025-12-23 21:00:00+00:00,112.79,107.12934
2025-12-23 22:00:00+00:00,96.19,104.231674
2025-12-23 23:00:00+00:00,95.3425,92.63618
2025-12-24 00:00:00+00:00,88.0775,90.3786
2025-12-24 01:00:00+00:00,85.92,86.94331
2025-12-24 02:00:00+00:00,79.235,85.93715
2025-12-24 03:00:00+00:00,80.0,85.262695
2025-12-24 04:00:00+00:00,86.5025,96.675674
2025-12-24 05:00:00+00:00,102.46,105.52277
2025-12-24 06:00:00+00:00,114.6275,126.21864
2025-12-24 07:00:00+00:00,139.10500000000002,136.68008
2025-12-24 08:00:00+00:00,123.0025,140.22086
2025-12-24 09:00:00+00:00,137.3275,125.694756
2025-12-24 10:00:00+00:00,144.865,135.31735
2025-12-24 11:00:00+00:00,152.845,139.54884
2025-12-24 12:00:00+00:00,137.1675,151.37094
2025-12-24 13:00:00+00:00,126.2925,150.54327
2025-12-24 14:00:00+00:00,116.0,151.19775
2025-12-24 15:00:00+00:00,116.1525,138.34734
2025-12-24 16:00:00+00:00,116.345,136.70634
2025-12-24 17:00:00+00:00,98.1275,134.87656
2025-12-24 18:00:00+00:00,98.1275,110.18714
2025-12-24 19:00:00+00:00,91.16,104.80067
2025-12-24 20:00:00+00:00,85.8575,91.9986
2025-12-24 21:00:00+00:00,81.7,88.9445
2025-12-24 22:00:00+00:00,67.405,83.44293
2025-12-24 23:00:00+00:00,74.4925,72.931145
2025-12-25 00:00:00+00:00,72.935,76.62527
2025-12-25 01:00:00+00:00,78.5325,75.42767
2025-12-25 02:00:00+00:00,70.22,79.0745
2025-12-25 03:00:00+00:00,76.075,78.578094
2025-12-25 04:00:00+00:00,79.4875,90.382835
2025-12-25 05:00:00+00:00,81.6225,102.62065
2025-12-25 06:00:00+00:00,83.725,103.08693
2025-12-25 07:00:00+00:00,80.9975,98.21449
2025-12-25 08:00:00+00:00,81.05250000000001,88.88342
2025-12-25 09:00:00+00:00,78.3075,87.17284
2025-12-25 10:00:00+00:00,76.19749999999999,88.380936
2025-12-25 11:00:00+00:00,77.52250000000001,87.93616
2025-12-25 12:00:00+00:00,81.2975,93.039444
2025-12-25 13:00:00+00:00,86.75,99.50785
2025-12-25 14:00:00+00:00,100.97,113.53821
2025-12-25 15:00:00+00:00,105.14,127.879906
2025-12-25 16:00:00+00:00,105.6,123.34112
2025-12-25 17:00:00+00:00,107.1675,115.10071
2025-12-25 18:00:00+00:00,109.345,108.18555
2025-12-25 19:00:00+00:00,110.8475,104.98415
2025-12-25 20:00:00+00:00,108.235,103.69315
2025-12-25 21:00:00+00:00,105.0925,101.36774
2025-12-25 22:00:00+00:00,96.37,97.37484
2025-12-25 23:00:00+00:00,97.1,91.62644
2025-12-26 00:00:00+00:00,91.0525,93.299324
2025-12-26 01:00:00+00:00,85.8625,88.84666
2025-12-26 02:00:00+00:00,83.2425,86.75186
2025-12-26 03:00:00+00:00,83.0575,88.5383
2025-12-26 04:00:00+00:00,83.725,94.78746
2025-12-26 05:00:00+00:00,85.17750000000001,98.718956
2025-12-26 06:00:00+00:00,95.1025,100.0126
2025-12-26 07:00:00+00:00,99.305,100.37298
2025-12-26 08:00:00+00:00,96.9725,98.510216
2025-12-26 09:00:00+00:00,89.25,89.14809
2025-12-26 10:00:00+00:00,84.9925,85.41413
2025-12-26 11:00:00+00:00,82.3125,86.541664
2025-12-26 12:00:00+00:00,83.2825,86.92119
2025-12-26 13:00:00+00:00,93.7275,94.28069
2025-12-26 14:00:00+00:00,111.655,112.30747
2025-12-26 15:00:00+00:00,118.925,125.47089
2025-12-26 16:00:00+00:00,122.295,126.25863
2025-12-26 17:00:00+00:00,118.1775,127.236084
2025-12-26 18:00:00+00:00,117.4275,121.855064
2025-12-26 19:00:00+00:00,115.1025,111.64089
2025-12-26 20:00:00+00:00,112.895,108.427345
2025-12-26 21:00:00+00:00,109.225,103.50895
2025-12-26 22:00:00+00:00,99.895,101.12125
2025-12-26 23:00:00+00:00,96.98,93.15524
2025-12-27 00:00:00+00:00,91.9675,92.03112
2025-12-27 01:00:00+00:00,84.9825,87.011566
2025-12-27 02:00:00+00:00,83.55250000000001,82.62218
2025-12-27 03:00:00+00:00,84.9725,81.88684
2025-12-27 04:00:00+00:00,84.10249999999999,86.42076
2025-12-27 05:00:00+00:00,90.3825,88.03539
2025-12-27 06:00:00+00:00,101.37,96.60109
2025-12-27 07:00:00+00:00,101.5925,97.70778
2025-12-27 08:00:00+00:00,90.775,82.37545
2025-12-27 09:00:00+00:00,71.815,73.35649
2025-12-27 10:00:00+00:00,68.79249999999999,63.761585
2025-12-27 11:00:00+00:00,66.0525,65.41295
2025-12-27 12:00:00+00:00,72.1925,72.71062
2025-12-27 13:00:00+00:00,91.1475,85.6442
2025-12-27 14:00:00+00:00,109.0175,105.63348
2025-12-27 15:00:00+00:00,118.905,124.681046
2025-12-27 16:00:00+00:00,123.3,127.1713
2025-12-27 17:00:00+00:00,125.6025,125.591896
2025-12-27 18:00:00+00:00,129.2725,122.90117
2025-12-27 19:00:00+00:00,127.45,118.06336
2025-12-27 20:00:00+00:00,108.05,114.59938
2025-12-27 21:00:00+00:00,100.98,103.25388
2025-12-27 22:00:00+00:00,94.01,97.26143
2025-12-27 23:00:00+00:00,91.855,91.654106
2025-12-28 00:00:00+00:00,86.6075,90.1596
2025-12-28 01:00:00+00:00,84.14,83.9861
2025-12-28 02:00:00+00:00,82.6,81.94707
2025-12-28 03:00:00+00:00,83.375,81.128265
2025-12-28 04:00:00+00:00,86.4425,85.08142
2025-12-28 05:00:00+00:00,88.72,93.777985
2025-12-28 06:00:00+00:00,95.97,93.04154
2025-12-28 07:00:00+00:00,90.8575,85.36108
2025-12-28 08:00:00+00:00,74.6925,72.091805
2025-12-28 09:00:00+00:00,17.05,58.86101
2025-12-28 10:00:00+00:00,25.1,25.286652
2025-12-28 11:00:00+00:00,29.4925,30.534832
2025-12-28 12:00:00+00:00,60.245000000000005,42.017765
2025-12-28 13:00:00+00:00,83.3275,81.870155
2025-12-28 14:00:00+00:00,102.0975,101.42675
2025-12-28 15:00:00+00:00,112.325,117.96091
2025-12-28 16:00:00+00:00,114.7525,120.22845
2025-12-28 17:00:00+00:00,115.39,119.21947
2025-12-28 18:00:00+00:00,110.1425,117.13993
2025-12-28 19:00:00+00:00,105.01,107.89463
2025-12-28 20:00:00+00:00,99.0275,99.23362
2025-12-28 21:00:00+00:00,98.2825,92.61789
2025-12-28 22:00:00+00:00,89.6275,92.41278
2025-12-28 23:00:00+00:00,90.295,85.516785
2025-12-29 00:00:00+00:00,86.9275,86.9949
2025-12-29 01:00:00+00:00,84.745,85.57294
2025-12-29 02:00:00+00:00,82.19,83.65772
2025-12-29 03:00:00+00:00,84.015,87.84127
2025-12-29 04:00:00+00:00,90.7925,94.75109
2025-12-29 05:00:00+00:00,96.3325,107.94989
2025-12-29 06:00:00+00:00,108.2725,115.56804
2025-12-29 07:00:00+00:00,102.295,109.71683
2025-12-29 08:00:00+00:00,79.8475,94.62621
2025-12-29 09:00:00+00:00,70.3,79.62423
2025-12-29 10:00:00+00:00,58.4,71.57327
2025-12-29 11:00:00+00:00,75.1,64.66058
2025-12-29 12:00:00+00:00,87.5725,81.20861
2025-12-29 13:00:00+00:00,104.1175,98.56884
2025-12-29 14:00:00+00:00,125.0,119.45689
2025-12-29 15:00:00+00:00,151.7225,150.08047
2025-12-29 16:00:00+00:00,145.06,156.82156
2025-12-29 17:00:00+00:00,144.335,146.72057
2025-12-29 18:00:00+00:00,146.99,137.04834
2025-12-29 19:00:00+00:00,125.7,119.327095
2025-12-29 20:00:00+00:00,121.605,110.354935
2025-12-29 21:00:00+00:00,114.4,106.37841
2025-12-29 22:00:00+00:00,90.0575,100.8759
2025-12-29 23:00:00+00:00,94.7025,83.74824
2025-12-30 00:00:00+00:00,81.6275,89.36129
2025-12-30 01:00:00+00:00,80.2525,80.98733
2025-12-30 02:00:00+00:00,79.1425,80.23007
2025-12-30 03:00:00+00:00,77.0725,82.17996
2025-12-30 04:00:00+00:00,91.97,90.876396
2025-12-30 05:00:00+00:00,104.855,105.56906
2025-12-30 06:00:00+00:00,108.2725,113.67762
2025-12-30 07:00:00+00:00,90.975,104.763306
2025-12-30 08:00:00+00:00,90.49,82.30762
2025-12-30 09:00:00+00:00,72.86500000000001,73.98486
2025-12-30 10:00:00+00:00,40.565,65.91158
2025-12-30 11:00:00+00:00,72.0425,50.88674
2025-12-30 12:00:00+00:00,77.045,81.23921
2025-12-30 13:00:00+00:00,90.2075,90.65122
2025-12-30 14:00:00+00:00,111.095,114.91267
2025-12-30 15:00:00+00:00,118.0,133.18272
2025-12-30 16:00:00+00:00,122.21,135.30376
2025-12-30 17:00:00+00:00,122.7675,133.12547
2025-12-30 18:00:00+00:00,131.1225,130.49487
2025-12-30 19:00:00+00:00,120.3175,117.64007
2025-12-30 20:00:00+00:00,112.405,110.873314
2025-12-30 21:00:00+00:00,109.45,106.868004
2025-12-30 22:00:00+00:00,85.97749999999999,99.72919
2025-12-30 23:00:00+00:00,86.31,84.54976
2025-12-31 00:00:00+00:00,84.715,83.420654
2025-12-31 01:00:00+00:00,80.24000000000001,80.82038
2025-12-31 02:00:00+00:00,76.58,78.035645
2025-12-31 03:00:00+00:00,74.9325,77.76798
2025-12-31 04:00:00+00:00,77.3775,88.099
2025-12-31 05:00:00+00:00,81.9425,94.84196
2025-12-31 06:00:00+00:00,87.7975,97.35243
2025-12-31 07:00:00+00:00,96.825,99.315216
2025-12-31 08:00:00+00:00,95.9475,95.01106
2025-12-31 09:00:00+00:00,85.7475,89.78915
2025-12-31 10:00:00+00:00,83.1825,86.80056
2025-12-31 11:00:00+00:00,83.0475,85.6505
2025-12-31 12:00:00+00:00,85.17,87.00873
2025-12-31 13:00:00+00:00,99.9525,95.26884
2025-12-31 14:00:00+00:00,124.65,112.34987
2025-12-31 15:00:00+00:00,174.7725,137.63145
2025-12-31 16:00:00+00:00,144.65,167.05032
2025-12-31 17:00:00+00:00,141.145,137.01692
2025-12-31 18:00:00+00:00,121.0,130.51767
2025-12-31 19:00:00+00:00,113.6675,107.179054
2025-12-31 20:00:00+00:00,111.2,104.432846
2025-12-31 21:00:00+00:00,108.0025,102.546394
2025-12-31 22:00:00+00:00,89.7275,97.92629
2025-12-31 23:00:00+00:00,98.1,83.06287
2026-01-01 00:00:00+00:00,93.945,92.75442
2026-01-01 01:00:00+00:00,88.0575,89.11521
2026-01-01 02:00:00+00:00,77.9925,85.154686
2026-01-01 03:00:00+00:00,72.0675,79.60215
2026-01-01 04:00:00+00:00,70.27,82.86043
2026-01-01 05:00:00+00:00,81.2375,83.42722
2026-01-01 06:00:00+00:00,67.225,82.39152
2026-01-01 07:00:00+00:00,42.94,61.084496
2026-01-01 08:00:00+00:00,34.345,34.030006
2026-01-01 09:00:00+00:00,18.1125,22.88494
2026-01-01 10:00:00+00:00,26.495,14.756468
2026-01-01 11:00:00+00:00,28.2075,23.007631
2026-01-01 12:00:00+00:00,36.2275,35.801258
2026-01-01 13:00:00+00:00,57.2075,64.09378
2026-01-01 14:00:00+00:00,100.845,91.887856
2026-01-01 15:00:00+00:00,111.455,123.82868
2026-01-01 16:00:00+00:00,120.0,124.43393
2026-01-01 17:00:00+00:00,120.3175,134.5215
2026-01-01 18:00:00+00:00,120.4125,121.86255
2026-01-01 19:00:00+00:00,119.365,112.116165
2026-01-01 20:00:00+00:00,115.0,109.09914
2026-01-01 21:00:00+00:00,109.28,106.97936
2026-01-01 22:00:00+00:00,97.375,99.34098
2026-01-01 23:00:00+00:00,91.1075,92.74461
2026-01-02 00:00:00+00:00,86.22,88.88203
2026-01-02 01:00:00+00:00,78.39750000000001,83.82367
2026-01-02 02:00:00+00:00,76.865,77.33125
2026-01-02 03:00:00+00:00,79.6475,77.32746
2026-01-02 04:00:00+00:00,86.025,81.669685
2026-01-02 05:00:00+00:00,105.4425,93.047676
2026-01-02 06:00:00+00:00,104.0525,100.23516
2026-01-02 07:00:00+00:00,96.11,92.563255
2026-01-02 08:00:00+00:00,91.0025,79.94562
2026-01-02 09:00:00+00:00,85.465,76.63218
2026-01-02 10:00:00+00:00,83.0075,78.34498
2026-01-02 11:00:00+00:00,60.0,74.88013
2026-01-02 12:00:00+00:00,82.2575,66.49747
2026-01-02 13:00:00+00:00,92.85,85.66241
2026-01-02 14:00:00+00:00,106.0125,101.60802
2026-01-02 15:00:00+00:00,116.225,113.89836
2026-01-02 16:00:00+00:00,117.9625,121.28582
2026-01-02 17:00:00+00:00,116.28,120.456535
2026-01-02 18:00:00+00:00,118.22,116.94669
2026-01-02 19:00:00+00:00,114.9975,107.37063
2026-01-02 20:00:00+00:00,103.55,106.26158
2026-01-02 21:00:00+00:00,95.1825,98.62574
2026-01-02 22:00:00+00:00,83.2675,88.68952
2026-01-02 23:00:00+00:00,80.42750000000001,82.06582
2026-01-03 00:00:00+00:00,80.03,80.6786
2026-01-03 01:00:00+00:00,80.755,80.08438
2026-01-03 02:00:00+00:00,79.805,78.81409
2026-01-03 03:00:00+00:00,77.38,79.688965
2026-01-03 04:00:00+00:00,76.2975,77.58263
2026-01-03 05:00:00+00:00,79.305,80.76469
2026-01-03 06:00:00+00:00,83.9225,85.253555
2026-01-03 07:00:00+00:00,90.69,84.61732
2026-01-03 08:00:00+00:00,88.85249999999999,83.50253
2026-01-03 09:00:00+00:00,85.185,79.58047
2026-01-03 10:00:00+00:00,85.1075,81.06721
2026-01-03 11:00:00+00:00,83.905,79.59141
2026-01-03 12:00:00+00:00,80.465,82.16515
2026-01-03 13:00:00+00:00,83.515,89.7585
2026-01-03 14:00:00+00:00,94.865,96.13677
2026-01-03 15:00:00+00:00,108.105,109.15285
2026-01-03 16:00:00+00:00,111.725,115.53478
2026-01-03 17:00:00+00:00,111.825,116.51269
2026-01-03 18:00:00+00:00,109.0325,112.19811
2026-01-03 19:00:00+00:00,103.1025,104.15601
2026-01-03 20:00:00+00:00,96.035,96.26355
2026-01-03 21:00:00+00:00,89.94,90.975494
2026-01-03 22:00:00+00:00,82.27250000000001,82.94971
2026-01-03 23:00:00+00:00,84.7525,78.39763
2026-01-04 00:00:00+00:00,85.33,82.54597
2026-01-04 01:00:00+00:00,85.0425,82.13496
2026-01-04 02:00:00+00:00,83.915,80.96166
2026-01-04 03:00:00+00:00,82.5575,76.91765
2026-01-04 04:00:00+00:00,83.4075,78.18504
2026-01-04 05:00:00+00:00,83.9575,81.96876
2026-01-04 06:00:00+00:00,86.84,86.229744
2026-01-04 07:00:00+00:00,88.4,84.08205
2026-01-04 08:00:00+00:00,86.0175,72.363625
2026-01-04 09:00:00+00:00,77.925,62.081455
2026-01-04 10:00:00+00:00,60.0,60.322403
2026-01-04 11:00:00+00:00,78.35,61.043148
2026-01-04 12:00:00+00:00,86.2775,75.001396
2026-01-04 13:00:00+00:00,93.055,87.067276
2026-01-04 14:00:00+00:00,94.7925,97.48482
2026-01-04 15:00:00+00:00,113.5125,102.75224
2026-01-04 16:00:00+00:00,118.425,115.046555
2026-01-04 17:00:00+00:00,121.18,117.492355
2026-01-04 18:00:00+00:00,104.065,115.393166
2026-01-04 19:00:00+00:00,102.855,96.64886
2026-01-04 20:00:00+00:00,100.195,96.72918
2026-01-04 21:00:00+00:00,96.565,93.38647
2026-01-04 22:00:00+00:00,85.005,87.23482
2026-01-04 23:00:00+00:00,26.225,79.56271
2026-01-05 00:00:00+00:00,26.0075,34.46119
2026-01-05 01:00:00+00:00,16.695,33.08931
2026-01-05 02:00:00+00:00,27.0175,29.432428
2026-01-05 03:00:00+00:00,52.67,38.774902
2026-01-05 04:00:00+00:00,74.7725,67.33828
2026-01-05 05:00:00+00:00,84.055,85.80265
2026-01-05 06:00:00+00:00,87.805,94.92967
2026-01-05 07:00:00+00:00,86.8125,90.91163
2026-01-05 08:00:00+00:00,81.9425,82.83412
2026-01-05 09:00:00+00:00,73.425,79.05196
2026-01-05 10:00:00+00:00,76.325,71.119576
2026-01-05 11:00:00+00:00,77.0625,77.6561
2026-01-05 12:00:00+00:00,79.895,81.75685
2026-01-05 13:00:00+00:00,79.1175,95.33276
2026-01-05 14:00:00+00:00,87.7525,95.66666
2026-01-05 15:00:00+00:00,96.9725,116.15307
2026-01-05 16:00:00+00:00,105.2075,115.51655
2026-01-05 17:00:00+00:00,95.6075,118.61723
2026-01-05 18:00:00+00:00,93.915,107.512474
2026-01-05 19:00:00+00:00,91.1,91.147415
2026-01-05 20:00:00+00:00,87.9375,86.925156
2026-01-05 21:00:00+00:00,84.705,86.53407
2026-01-05 22:00:00+00:00,76.58250000000001,76.92877
2026-01-05 23:00:00+00:00,84.13,71.78057
2026-01-06 00:00:00+00:00,84.42,76.63197
2026-01-06 01:00:00+00:00,83.8575,76.56252
2026-01-06 02:00:00+00:00,84.07,77.06231
2026-01-06 03:00:00+00:00,87.11,79.62845
2026-01-06 04:00:00+00:00,91.825,90.43198
2026-01-06 05:00:00+00:00,91.915,95.680565
2026-01-06 06:00:00+00:00,94.6925,93.59756
2026-01-06 07:00:00+00:00,74.6025,87.06764
2026-01-06 08:00:00+00:00,76.015,68.676506
2026-01-06 09:00:00+00:00,67.8675,61.922184
2026-01-06 10:00:00+00:00,67.4325,59.227966
2026-01-06 11:00:00+00:00,68.715,67.092026
2026-01-06 12:00:00+00:00,81.735,71.746666
2026-01-06 13:00:00+00:00,85.9075,86.86354
2026-01-06 14:00:00+00:00,86.0325,95.0358
2026-01-06 15:00:00+00:00,90.685,99.38715
2026-01-06 16:00:00+00:00,96.97,97.09158
2026-01-06 17:00:00+00:00,94.79,100.34616
2026-01-06 18:00:00+00:00,91.4675,95.36844
2026-01-06 19:00:00+00:00,94.6825,88.276924
2026-01-06 20:00:00+00:00,95.2425,87.46293
2026-01-06 21:00:00+00:00,90.86,85.72378
2026-01-06 22:00:00+00:00,86.4975,81.559715
2026-01-06 23:00:00+00:00,83.9175,79.77242
2026-01-07 00:00:00+00:00,83.53999999999999,79.54185
2026-01-07 01:00:00+00:00,81.405,79.81324
2026-01-07 02:00:00+00:00,81.2475,79.20828
2026-01-07 03:00:00+00:00,84.6975,81.051155
2026-01-07 04:00:00+00:00,87.7825,88.46446
2026-01-07 05:00:00+00:00,116.56,96.06363
2026-01-07 06:00:00+00:00,113.9925,114.12315
2026-01-07 07:00:00+00:00,88.195,103.82304
2026-01-07 08:00:00+00:00,83.8425,83.68494
2026-01-07 09:00:00+00:00,76.7175,73.940285
2026-01-07 10:00:00+00:00,65.0,63.68462
2026-01-07 11:00:00+00:00,74.725,64.59637
2026-01-07 12:00:00+00:00,86.9675,76.0253
2026-01-07 13:00:00+00:00,109.18,92.749115
2026-01-07 14:00:00+00:00,92.4825,112.34811
2026-01-07 15:00:00+00:00,107.2975,102.52224
2026-01-07 16:00:00+00:00,110.795,106.58985
2026-01-07 17:00:00+00:00,94.34,111.24168
2026-01-07 18:00:00+00:00,93.8725,95.72409
2026-01-07 19:00:00+00:00,96.4375,89.3846
2026-01-07 20:00:00+00:00,92.7775,92.21899
2026-01-07 21:00:00+00:00,86.21,87.18485
2026-01-07 22:00:00+00:00,84.69749999999999,81.54483
2026-01-07 23:00:00+00:00,71.8375,79.77593
2026-01-08 00:00:00+00:00,76.5775,72.21369
2026-01-08 01:00:00+00:00,78.1275,74.40729
2026-01-08 02:00:00+00:00,79.495,72.432846
2026-01-08 03:00:00+00:00,80.08,76.17828
2026-01-08 04:00:00+00:00,88.77000000000001,85.5579
2026-01-08 05:00:00+00:00,97.82,97.97877
2026-01-08 06:00:00+00:00,93.9875,99.63232
2026-01-08 07:00:00+00:00,57.64,80.587715
2026-01-08 08:00:00+00:00,17.2875,53.000187
2026-01-08 09:00:00+00:00,0.0,20.70684
2026-01-08 10:00:00+00:00,0.0,6.9657965
2026-01-08 11:00:00+00:00,0.0,4.4154663
2026-01-08 12:00:00+00:00,0.0525,11.639532
2026-01-08 13:00:00+00:00,48.6225,28.386374
2026-01-08 14:00:00+00:00,78.1825,74.79312
2026-01-08 15:00:00+00:00,89.33500000000001,99.86693
2026-01-08 16:00:00+00:00,115.7225,103.989975
2026-01-08 17:00:00+00:00,116.745,122.22019
2026-01-08 18:00:00+00:00,144.4375,119.99993
2026-01-08 19:00:00+00:00,127.2,116.90615
2026-01-08 20:00:00+00:00,104.3875,107.06347
2026-01-08 21:00:00+00:00,99.645,95.01285
2026-01-08 22:00:00+00:00,96.8275,89.94654
2026-01-08 23:00:00+00:00,90.0,88.43375
2026-01-09 00:00:00+00:00,89.32249999999999,86.88292
2026-01-09 01:00:00+00:00,90.0,86.280945
2026-01-09 02:00:00+00:00,87.455,87.613464
2026-01-09 03:00:00+00:00,92.06,88.62483
2026-01-09 04:00:00+00:00,110.055,96.11386
2026-01-09 05:00:00+00:00,128.36,123.38634
2026-01-09 06:00:00+00:00,144.46,130.82135
2026-01-09 07:00:00+00:00,107.5225,118.78602
2026-01-09 08:00:00+00:00,82.085,90.4581
2026-01-09 09:00:00+00:00,74.20750000000001,74.88631
2026-01-09 10:00:00+00:00,79.9075,73.26151
2026-01-09 11:00:00+00:00,83.0375,76.33638
2026-01-09 12:00:00+00:00,100.385,85.25479
2026-01-09 13:00:00+00:00,110.3875,100.71742
2026-01-09 14:00:00+00:00,130.1875,112.726364
2026-01-09 15:00:00+00:00,143.6125,134.79037
2026-01-09 16:00:00+00:00,135.5625,147.71223
2026-01-09 17:00:00+00:00,133.75,143.7361
2026-01-09 18:00:00+00:00,130.0475,138.6254
2026-01-09 19:00:00+00:00,126.4125,117.346275
2026-01-09 20:00:00+00:00,126.18,110.66877
2026-01-09 21:00:00+00:00,111.375,108.38583
2026-01-09 22:00:00+00:00,97.0,102.16816
2026-01-09 23:00:00+00:00,78.095,92.038284
2026-01-10 00:00:00+00:00,80.5775,77.67384
2026-01-10 01:00:00+00:00,80.905,81.74615
2026-01-10 02:00:00+00:00,85.2375,79.43052
2026-01-10 03:00:00+00:00,85.1375,85.208374
2026-01-10 04:00:00+00:00,77.2375,87.013374
2026-01-10 05:00:00+00:00,82.81,86.97007
2026-01-10 06:00:00+00:00,105.5425,87.96981
2026-01-10 07:00:00+00:00,89.9825,97.08748
2026-01-10 08:00:00+00:00,86.9375,80.93151
2026-01-10 09:00:00+00:00,62.815,78.387596
2026-01-10 10:00:00+00:00,70.0,66.650665
2026-01-10 11:00:00+00:00,68.58500000000001,73.19586
2026-01-10 12:00:00+00:00,61.875,77.80206
2026-01-10 13:00:00+00:00,69.795,84.55132
2026-01-10 14:00:00+00:00,87.7,96.76736
2026-01-10 15:00:00+00:00,108.8025,104.74342
2026-01-10 16:00:00+00:00,124.7675,119.73648
2026-01-10 17:00:00+00:00,114.1875,127.53609
2026-01-10 18:00:00+00:00,110.855,117.452126
2026-01-10 19:00:00+00:00,94.04,108.88335
2026-01-10 20:00:00+00:00,86.3775,95.12849
2026-01-10 21:00:00+00:00,83.1925,84.1137
2026-01-10 22:00:00+00:00,63.57,79.74925
2026-01-10 23:00:00+00:00,83.2325,65.61341
2026-01-11 00:00:00+00:00,83.965,79.91998
2026-01-11 01:00:00+00:00,82.1425,79.84575
2026-01-11 02:00:00+00:00,84.72,78.49964
2026-01-11 03:00:00+00:00,82.68,79.75629
2026-01-11 04:00:00+00:00,82.26,79.78183
2026-01-11 05:00:00+00:00,81.6025,82.75732
2026-01-11 06:00:00+00:00,84.15,85.46431
2026-01-11 07:00:00+00:00,76.6125,80.403854
2026-01-11 08:00:00+00:00,52.625,72.2383
2026-01-11 09:00:00+00:00,57.585,53.500854
2026-01-11 10:00:00+00:00,76.9925,56.73276
2026-01-11 11:00:00+00:00,95.35,71.47832
2026-01-11 12:00:00+00:00,91.1975,88.42357
2026-01-11 13:00:00+00:00,85.8975,91.66462
2026-01-11 14:00:00+00:00,87.08,92.564316
2026-01-11 15:00:00+00:00,115.7225,102.50281
2026-01-11 16:00:00+00:00,121.735,121.826996
2026-01-11 17:00:00+00:00,121.2625,126.09549
2026-01-11 18:00:00+00:00,123.555,119.51034
2026-01-11 19:00:00+00:00,112.83,105.21585
2026-01-11 20:00:00+00:00,87.0025,98.35376
2026-01-11 21:00:00+00:00,83.5575,82.17825
2026-01-11 22:00:00+00:00,80.5325,75.49308
2026-01-11 23:00:00+00:00,82.085,73.69947
2026-01-12 00:00:00+00:00,80.6725,75.55983
2026-01-12 01:00:00+00:00,84.5375,75.23758
2026-01-12 02:00:00+00:00,79.4025,78.769714
2026-01-12 03:00:00+00:00,81.2425,79.24675
2026-01-12 04:00:00+00:00,83.9775,91.29627
2026-01-12 05:00:00+00:00,101.83,94.61749
2026-01-12 06:00:00+00:00,137.3275,107.76268
2026-01-12 07:00:00+00:00,87.5925,120.70214
2026-01-12 08:00:00+00:00,61.4225,77.59053
2026-01-12 09:00:00+00:00,55.48,58.2191
2026-01-12 10:00:00+00:00,14.8625,56.24498
2026-01-12 11:00:00+00:00,27.865,29.254765
2026-01-12 12:00:00+00:00,52.5,41.62785
2026-01-12 13:00:00+00:00,61.115,72.96767
2026-01-12 14:00:00+00:00,93.9475,81.09844
2026-01-12 15:00:00+00:00,155.70749999999998,113.857315
2026-01-12 16:00:00+00:00,161.86,162.0154
2026-01-12 17:00:00+00:00,148.96,168.05728
2026-01-12 18:00:00+00:00,150.0375,146.44269
2026-01-12 19:00:00+00:00,150.0025,127.56169
2026-01-12 20:00:00+00:00,142.2225,122.97427
2026-01-12 21:00:00+00:00,104.395,121.71104
2026-01-12 22:00:00+00:00,104.0675,98.50073
2026-01-12 23:00:00+00:00,112.69,96.70767
2026-01-13 00:00:00+00:00,105.2975,102.84079
2026-01-13 01:00:00+00:00,110.15,98.70063
2026-01-13 02:00:00+00:00,104.2625,103.30343
2026-01-13 03:00:00+00:00,113.12,102.764465
2026-01-13 04:00:00+00:00,117.0025,117.05509
2026-01-13 05:00:00+00:00,125.88,135.5456
2026-01-13 06:00:00+00:00,149.0075,144.57288
2026-01-13 07:00:00+00:00,124.805,131.60591
2026-01-13 08:00:00+00:00,99.41,108.528496
2026-01-13 09:00:00+00:00,89.345,87.80002
2026-01-13 10:00:00+00:00,86.4,81.69637
2026-01-13 11:00:00+00:00,84.9425,80.979706
2026-01-13 12:00:00+00:00,86.7375,86.23957
2026-01-13 13:00:00+00:00,97.635,93.01245
2026-01-13 14:00:00+00:00,133.895,107.45903
2026-01-13 15:00:00+00:00,255.39,171.94707
2026-01-13 16:00:00+00:00,378.485,260.073
2026-01-13 17:00:00+00:00,371.47,311.34647
2026-01-13 18:00:00+00:00,269.7175,279.61414
2026-01-13 19:00:00+00:00,140.0,211.79674
2026-01-13 20:00:00+00:00,134.805,141.88362
2026-01-13 21:00:00+00:00,124.225,134.47919
2026-01-13 22:00:00+00:00,118.02,113.726
2026-01-13 23:00:00+00:00,100.88,111.833824
2026-01-14 00:00:00+00:00,108.2575,102.46647
2026-01-14 01:00:00+00:00,107.02,109.86031
2026-01-14 02:00:00+00:00,114.195,105.15916
2026-01-14 03:00:00+00:00,94.975,126.81833
2026-01-14 04:00:00+00:00,113.335,137.95851
2026-01-14 05:00:00+00:00,131.0375,174.92728
2026-01-14 06:00:00+00:00,150.0,175.79935
2026-01-14 07:00:00+00:00,104.6625,137.35138
2026-01-14 08:00:00+00:00,86.66499999999999,90.110535
2026-01-14 09:00:00+00:00,80.58,75.067444
2026-01-14 10:00:00+00:00,75.9725,72.460625
2026-01-14 11:00:00+00:00,75.59,74.48107
2026-01-14 12:00:00+00:00,80.6975,82.07382
2026-01-14 13:00:00+00:00,83.2675,98.70561
2026-01-14 14:00:00+00:00,137.6275,125.90702
2026-01-14 15:00:00+00:00,190.0,217.3383
2026-01-14 16:00:00+00:00,283.0,305.30185
2026-01-14 17:00:00+00:00,261.7475,311.46265
2026-01-14 18:00:00+00:00,250.065,261.46323
2026-01-14 19:00:00+00:00,165.2375,192.03856
2026-01-14 20:00:00+00:00,140.2,138.9934
2026-01-14 21:00:00+00:00,124.83,133.19066
2026-01-14 22:00:00+00:00,119.6625,115.74517
2026-01-14 23:00:00+00:00,112.69,110.34899
2026-01-15 00:00:00+00:00,114.1425,108.72584
2026-01-15 01:00:00+00:00,109.1875,109.45835
2026-01-15 02:00:00+00:00,95.73,110.310005
2026-01-15 03:00:00+00:00,94.7425,106.8746
2026-01-15 04:00:00+00:00,116.34,121.655174
2026-01-15 05:00:00+00:00,136.5,164.14029
2026-01-15 06:00:00+00:00,151.0,170.72011
2026-01-15 07:00:00+00:00,98.0275,134.17108
2026-01-15 08:00:00+00:00,83.5975,84.46845
2026-01-15 09:00:00+00:00,82.265,69.95136
2026-01-15 10:00:00+00:00,71.3225,71.1961
2026-01-15 11:00:00+00:00,74.695,68.54642
2026-01-15 12:00:00+00:00,83.7475,76.61101
2026-01-15 13:00:00+00:00,86.955,91.17988
2026-01-15 14:00:00+00:00,116.8025,113.888855
2026-01-15 15:00:00+00:00,169.4275,171.71063
2026-01-15 16:00:00+00:00,260.78000000000003,221.05356
2026-01-15 17:00:00+00:00,283.5675,276.73718
2026-01-15 18:00:00+00:00,259.9775,264.96622
2026-01-15 19:00:00+00:00,190.2675,190.65886
2026-01-15 20:00:00+00:00,151.3625,163.79297
2026-01-15 21:00:00+00:00,135.46,139.48181
2026-01-15 22:00:00+00:00,119.2125,128.42194
2026-01-15 23:00:00+00:00,121.5325,116.90728
2026-01-16 00:00:00+00:00,122.375,119.46267
2026-01-16 01:00:00+00:00,118.4125,118.344894
2026-01-16 02:00:00+00:00,117.5375,116.88388
2026-01-16 03:00:00+00:00,113.14,123.427055
2026-01-16 04:00:00+00:00,121.5775,147.29622
2026-01-16 05:00:00+00:00,139.145,167.6827
2026-01-16 06:00:00+00:00,156.3775,172.07677
2026-01-16 07:00:00+00:00,135.735,142.41794
2026-01-16 08:00:00+00:00,91.115,115.56067
2026-01-16 09:00:00+00:00,79.4525,82.893265
2026-01-16 10:00:00+00:00,75.48,77.70932
2026-01-16 11:00:00+00:00,77.3825,76.359184
2026-01-16 12:00:00+00:00,83.7875,84.52766
2026-01-16 13:00:00+00:00,97.4675,99.72275
2026-01-16 14:00:00+00:00,144.9975,135.21419
2026-01-16 15:00:00+00:00,182.0625,200.5706
2026-01-16 16:00:00+00:00,203.3975,229.9652
2026-01-16 17:00:00+00:00,180.805,238.10573
2026-01-16 18:00:00+00:00,176.1425,195.80379
2026-01-16 19:00:00+00:00,145.085,166.03157
2026-01-16 20:00:00+00:00,132.0975,136.89445
2026-01-16 21:00:00+00:00,123.725,130.01752
2026-01-16 22:00:00+00:00,99.0025,115.910255
2026-01-16 23:00:00+00:00,101.26,102.06533
2026-01-17 00:00:00+00:00,103.56,104.308464
2026-01-17 01:00:00+00:00,102.5075,102.89515
2026-01-17 02:00:00+00:00,97.6775,101.65251
2026-01-17 03:00:00+00:00,92.245,98.02174
2026-01-17 04:00:00+00:00,92.9225,96.149864
2026-01-17 05:00:00+00:00,96.175,97.79317
2026-01-17 06:00:00+00:00,97.02,105.930466
2026-01-17 07:00:00+00:00,94.5325,106.408035
2026-01-17 08:00:00+00:00,78.3475,89.37661
2026-01-17 09:00:00+00:00,78.5775,72.01677
2026-01-17 10:00:00+00:00,84.83,74.907486
2026-01-17 11:00:00+00:00,85.875,82.36961
2026-01-17 12:00:00+00:00,92.9,85.82594
2026-01-17 13:00:00+00:00,92.4225,97.085
2026-01-17 14:00:00+00:00,96.5125,113.098755
2026-01-17 15:00:00+00:00,104.425,124.58571
2026-01-17 16:00:00+00:00,137.245,128.65152
2026-01-17 17:00:00+00:00,120.59,153.89287
2026-01-17 18:00:00+00:00,105.28,132.9232
2026-01-17 19:00:00+00:00,93.67,106.986404
2026-01-17 20:00:00+00:00,92.45,94.60378
2026-01-17 21:00:00+00:00,95.955,94.05021
2026-01-17 22:00:00+00:00,82.1875,91.63263
2026-01-17 23:00:00+00:00,77.0,80.40585
2026-01-18 00:00:00+00:00,88.4625,79.54993
2026-01-18 01:00:00+00:00,84.4125,86.56185
2026-01-18 02:00:00+00:00,86.3325,81.65054
2026-01-18 03:00:00+00:00,86.28999999999999,83.997765
2026-01-18 04:00:00+00:00,97.725,85.10553
2026-01-18 05:00:00+00:00,99.515,93.152145
2026-01-18 06:00:00+00:00,115.92,95.08776
2026-01-18 07:00:00+00:00,88.91,106.84622
2026-01-18 08:00:00+00:00,79.445,76.629616
2026-01-18 09:00:00+00:00,77.24000000000001,70.48956
2026-01-18 10:00:00+00:00,86.265,74.501434
2026-01-18 11:00:00+00:00,86.095,84.8676
2026-01-18 12:00:00+00:00,78.8775,88.68765
2026-01-18 13:00:00+00:00,84.025,86.78872
2026-01-18 14:00:00+00:00,88.105,90.26928
2026-01-18 15:00:00+00:00,100.4,99.38432
2026-01-18 16:00:00+00:00,143.1125,117.06048
2026-01-18 17:00:00+00:00,148.2075,138.15097
2026-01-18 18:00:00+00:00,145.57,137.69159
2026-01-18 19:00:00+00:00,117.8125,119.40935
2026-01-18 20:00:00+00:00,91.4075,104.88104
2026-01-18 21:00:00+00:00,91.6375,86.25618
2026-01-18 22:00:00+00:00,80.52250000000001,83.937744
2026-01-18 23:00:00+00:00,101.15,77.983284
2026-01-19 00:00:00+00:00,99.7575,94.623405
2026-01-19 01:00:00+00:00,97.8175,91.217186
2026-01-19 02:00:00+00:00,97.3225,91.54883
2026-01-19 03:00:00+00:00,97.29,96.67449
2026-01-19 04:00:00+00:00,98.07,103.94332
2026-01-19 05:00:00+00:00,92.7775,109.13449
2026-01-19 06:00:00+00:00,97.2475,112.1046
2026-01-19 07:00:00+00:00,94.0575,94.694565
2026-01-19 08:00:00+00:00,87.795,87.82943
2026-01-19 09:00:00+00:00,89.05499999999999,81.21726
2026-01-19 10:00:00+00:00,88.615,80.73815
2026-01-19 11:00:00+00:00,92.5325,84.360306
2026-01-19 12:00:00+00:00,96.71,89.87059
2026-01-19 13:00:00+00:00,93.9025,96.707924
2026-01-19 14:00:00+00:00,126.5325,99.27843
2026-01-19 15:00:00+00:00,144.7525,142.50766
2026-01-19 16:00:00+00:00,152.2075,160.04399
2026-01-19 17:00:00+00:00,154.1775,159.69347
2026-01-19 18:00:00+00:00,162.4075,155.09528
2026-01-19 19:00:00+00:00,145.16,139.33372
2026-01-19 20:00:00+00:00,138.065,121.69718
2026-01-19 21:00:00+00:00,97.745,116.56801
2026-01-19 22:00:00+00:00,89.7125,91.7086
2026-01-19 23:00:00+00:00,93.7225,89.19285
2026-01-20 00:00:00+00:00,92.84,91.38043
2026-01-20 01:00:00+00:00,90.425,92.2705
2026-01-20 02:00:00+00:00,88.9225,89.82631
2026-01-20 03:00:00+00:00,93.3175,95.354996
2026-01-20 04:00:00+00:00,102.8675,102.13596
2026-01-20 05:00:00+00:00,106.0675,115.21748
2026-01-20 06:00:00+00:00,98.295,110.865654
2026-01-20 07:00:00+00:00,92.6325,95.32903
2026-01-20 08:00:00+00:00,85.6075,83.97959
2026-01-20 09:00:00+00:00,88.745,79.69787
2026-01-20 10:00:00+00:00,95.0125,84.741974
2026-01-20 11:00:00+00:00,100.5425,92.57442
2026-01-20 12:00:00+00:00,105.1,102.3812
2026-01-20 13:00:00+00:00,100.04,110.468864
2026-01-20 14:00:00+00:00,121.5275,122.91558
2026-01-20 15:00:00+00:00,148.01,147.47588
2026-01-20 16:00:00+00:00,155.76,168.62228
2026-01-20 17:00:00+00:00,153.8775,175.07736
2026-01-20 18:00:00+00:00,157.4125,158.45158
2026-01-20 19:00:00+00:00,147.185,140.65901
2026-01-20 20:00:00+00:00,138.635,126.89812
2026-01-20 21:00:00+00:00,121.65,119.3092
2026-01-20 22:00:00+00:00,114.4075,107.298386
2026-01-20 23:00:00+00:00,124.385,104.93977
2026-01-21 00:00:00+00:00,123.3,115.12717
2026-01-21 01:00:00+00:00,122.2025,110.278534
2026-01-21 02:00:00+00:00,115.8125,111.67512
2026-01-21 03:00:00+00:00,118.0675,113.03157
2026-01-21 04:00:00+00:00,130.0,123.88736
2026-01-21 05:00:00+00:00,139.0525,139.86629
2026-01-21 06:00:00+00:00,141.7175,150.40862
2026-01-21 07:00:00+00:00,146.525,142.49324
2026-01-21 08:00:00+00:00,146.01999999999998,142.64447
2026-01-21 09:00:00+00:00,148.62,140.3933
2026-01-21 10:00:00+00:00,135.7375,146.88432
2026-01-21 11:00:00+00:00,138.3625,135.03488
2026-01-21 12:00:00+00:00,136.9775,139.84645
2026-01-21 13:00:00+00:00,147.6025,141.02231
2026-01-21 14:00:00+00:00,167.0,150.85048
2026-01-21 15:00:00+00:00,176.51,180.78116
2026-01-21 16:00:00+00:00,179.6275,188.47495
2026-01-21 17:00:00+00:00,177.24,186.40218
2026-01-21 18:00:00+00:00,179.65,177.55795
2026-01-21 19:00:00+00:00,172.62,155.84288
2026-01-21 20:00:00+00:00,159.9425,144.7401
2026-01-21 21:00:00+00:00,146.525,138.32875
2026-01-21 22:00:00+00:00,134.305,126.89907
2026-01-21 23:00:00+00:00,127.07,125.2114
2026-01-22 00:00:00+00:00,127.54,122.81347
2026-01-22 01:00:00+00:00,128.075,122.77297
2026-01-22 02:00:00+00:00,126.56,121.96532
2026-01-22 03:00:00+00:00,130.83749999999998,125.44924
2026-01-22 04:00:00+00:00,143.065,142.30644
2026-01-22 05:00:00+00:00,160.0575,159.30229
2026-01-22 06:00:00+00:00,166.48250000000002,181.3486
2026-01-22 07:00:00+00:00,197.435,171.15005
2026-01-22 08:00:00+00:00,155.255,188.76215
2026-01-22 09:00:00+00:00,139.0,153.25238
2026-01-22 10:00:00+00:00,141.7,144.48172
2026-01-22 11:00:00+00:00,142.025,142.15749
2026-01-22 12:00:00+00:00,143.4975,145.85353
2026-01-22 13:00:00+00:00,159.085,153.63635
2026-01-22 14:00:00+00:00,159.5,182.73625
2026-01-22 15:00:00+00:00,185.615,187.53082
2026-01-22 16:00:00+00:00,281.0475,213.60045
2026-01-22 17:00:00+00:00,294.7925,297.34958
2026-01-22 18:00:00+00:00,256.595,295.48245
2026-01-22 19:00:00+00:00,176.15,215.5723
2026-01-22 20:00:00+00:00,176.9375,160.40732
2026-01-22 21:00:00+00:00,137.7,157.83824
2026-01-22 22:00:00+00:00,143.2975,130.89304
2026-01-22 23:00:00+00:00,140.0,135.31096
2026-01-23 00:00:00+00:00,138.1775,140.43172
2026-01-23 01:00:00+00:00,136.97,139.64226
2026-01-23 02:00:00+00:00,137.105,136.14813
2026-01-23 03:00:00+00:00,136.695,148.56825
2026-01-23 04:00:00+00:00,139.3675,174.2426
2026-01-23 05:00:00+00:00,164.3475,188.2376
2026-01-23 06:00:00+00:00,187.7425,211.21233
2026-01-23 07:00:00+00:00,194.8575,193.65552
2026-01-23 08:00:00+00:00,189.92,178.2046
2026-01-23 09:00:00+00:00,171.7625,172.81456
2026-01-23 10:00:00+00:00,115.0,152.04494
2026-01-23 11:00:00+00:00,102.7675,129.99004
2026-01-23 12:00:00+00:00,118.96,114.66579
2026-01-23 13:00:00+00:00,119.7525,140.85736
2026-01-23 14:00:00+00:00,169.0,176.7819
2026-01-23 15:00:00+00:00,247.6525,235.78983
2026-01-23 16:00:00+00:00,278.1825,305.13806
2026-01-23 17:00:00+00:00,274.4725,296.2012
2026-01-23 18:00:00+00:00,239.06,274.4241
2026-01-23 19:00:00+00:00,202.405,215.05537
2026-01-23 20:00:00+00:00,162.1375,193.13531
2026-01-23 21:00:00+00:00,141.915,151.6851
2026-01-23 22:00:00+00:00,135.91,140.57039
2026-01-23 23:00:00+00:00,135.4775,138.97777
2026-01-24 00:00:00+00:00,129.655,134.5616
2026-01-24 01:00:00+00:00,127.7525,127.29467
2026-01-24 02:00:00+00:00,127.3,126.84961
2026-01-24 03:00:00+00:00,126.0375,131.45189
2026-01-24 04:00:00+00:00,128.12,136.3814
2026-01-24 05:00:00+00:00,129.6875,152.77965
2026-01-24 06:00:00+00:00,143.14499999999998,159.62598
2026-01-24 07:00:00+00:00,150.9,155.71597
2026-01-24 08:00:00+00:00,136.5775,157.59698
2026-01-24 09:00:00+00:00,111.1675,144.2058
2026-01-24 10:00:00+00:00,130.23,109.69863
2026-01-24 11:00:00+00:00,121.94,125.92421
2026-01-24 12:00:00+00:00,119.085,121.397026
2026-01-24 13:00:00+00:00,130.905,130.06178
2026-01-24 14:00:00+00:00,140.4075,162.54016
2026-01-24 15:00:00+00:00,142.9,187.63777
2026-01-24 16:00:00+00:00,150.0975,179.91357
2026-01-24 17:00:00+00:00,151.28,177.07571
2026-01-24 18:00:00+00:00,148.2125,163.4033
2026-01-24 19:00:00+00:00,144.51,151.85373
2026-01-24 20:00:00+00:00,131.76999999999998,142.18579
2026-01-24 21:00:00+00:00,131.19,126.709
2026-01-24 22:00:00+00:00,123.3325,122.80292
2026-01-24 23:00:00+00:00,101.125,115.59685
2026-01-25 00:00:00+00:00,102.155,103.41691
2026-01-25 01:00:00+00:00,102.625,102.26933
2026-01-25 02:00:00+00:00,104.3775,102.34238
2026-01-25 03:00:00+00:00,103.0575,108.42094
2026-01-25 04:00:00+00:00,103.655,107.63599
2026-01-25 05:00:00+00:00,103.8725,110.571526
2026-01-25 06:00:00+00:00,108.16,113.18622
2026-01-25 07:00:00+00:00,120.0675,115.33866
2026-01-25 08:00:00+00:00,113.5725,114.389824
2026-01-25 09:00:00+00:00,128.29500000000002,104.38351
2026-01-25 10:00:00+00:00,93.115,113.6243
2026-01-25 11:00:00+00:00,74.0125,92.12481
2026-01-25 12:00:00+00:00,76.22749999999999,90.14039
2026-01-25 13:00:00+00:00,113.745,97.26823
2026-01-25 14:00:00+00:00,128.315,122.14672
2026-01-25 15:00:00+00:00,132.7225,135.78911
2026-01-25 16:00:00+00:00,138.835,143.60884
2026-01-25 17:00:00+00:00,124.4675,145.9333
2026-01-25 18:00:00+00:00,96.86,136.25099
2026-01-25 19:00:00+00:00,91.8125,108.70499
2026-01-25 20:00:00+00:00,89.59,92.60669
2026-01-25 21:00:00+00:00,51.8675,93.30227
2026-01-25 22:00:00+00:00,68.025,70.09775
2026-01-25 23:00:00+00:00,91.4125,76.07547
2026-01-26 00:00:00+00:00,86.08500000000001,87.330376
2026-01-26 01:00:00+00:00,85.4675,85.739586
2026-01-26 02:00:00+00:00,85.705,85.758965
2026-01-26 03:00:00+00:00,86.16,91.36645
2026-01-26 04:00:00+00:00,88.7,97.71696
2026-01-26 05:00:00+00:00,106.7625,100.5538
2026-01-26 06:00:00+00:00,111.7725,108.19048
2026-01-26 07:00:00+00:00,119.685,117.7355
2026-01-26 08:00:00+00:00,106.465,123.12162
2026-01-26 09:00:00+00:00,96.1075,116.65801
2026-01-26 10:00:00+00:00,94.8425,102.81726
2026-01-26 11:00:00+00:00,94.6725,96.26581
2026-01-26 12:00:00+00:00,88.8325,98.668335
2026-01-26 13:00:00+00:00,88.7825,102.87135
2026-01-26 14:00:00+00:00,164.1025,113.585144
2026-01-26 15:00:00+00:00,156.365,173.15715
2026-01-26 16:00:00+00:00,126.64,169.09521
2026-01-26 17:00:00+00:00,154.0075,145.3917
2026-01-26 18:00:00+00:00,131.7375,155.87943
2026-01-26 19:00:00+00:00,100.85,118.78998
2026-01-26 20:00:00+00:00,100.045,97.51182
2026-01-26 21:00:00+00:00,102.3875,94.888374
2026-01-26 22:00:00+00:00,93.895,96.11446
2026-01-26 23:00:00+00:00,83.65,89.72423
2026-01-27 00:00:00+00:00,84.14750000000001,84.96509
2026-01-27 01:00:00+00:00,86.3775,84.40451
2026-01-27 02:00:00+00:00,91.09,86.825035
2026-01-27 03:00:00+00:00,85.1125,92.21716
2026-01-27 04:00:00+00:00,94.1825,100.00758
2026-01-27 05:00:00+00:00,145.97750000000002,111.709015
2026-01-27 06:00:00+00:00,184.0,146.48074
2026-01-27 07:00:00+00:00,192.96,165.91997
2026-01-27 08:00:00+00:00,166.8125,156.09143
2026-01-27 09:00:00+00:00,133.115,137.0942
2026-01-27 10:00:00+00:00,105.395,125.13345
2026-01-27 11:00:00+00:00,100.88,105.96499
2026-01-27 12:00:00+00:00,98.43,104.198166
2026-01-27 13:00:00+00:00,122.6975,105.2129
2026-01-27 14:00:00+00:00,141.48250000000002,147.74396
2026-01-27 15:00:00+00:00,170.0375,167.91579
2026-01-27 16:00:00+00:00,223.73,182.1641
2026-01-27 17:00:00+00:00,260.1975,241.8513
2026-01-27 18:00:00+00:00,233.3775,233.6859
2026-01-27 19:00:00+00:00,166.1,187.13727
2026-01-27 20:00:00+00:00,145.98,141.73279
2026-01-27 21:00:00+00:00,103.04,130.36848
2026-01-27 22:00:00+00:00,85.7025,104.45163
2026-01-27 23:00:00+00:00,89.895,89.05379
2026-01-28 00:00:00+00:00,86.9375,91.61369
2026-01-28 01:00:00+00:00,85.8825,87.64571
2026-01-28 02:00:00+00:00,84.69,89.44459
2026-01-28 03:00:00+00:00,83.0375,89.74395
2026-01-28 04:00:00+00:00,85.2175,110.27163
2026-01-28 05:00:00+00:00,100.1275,126.81778
2026-01-28 06:00:00+00:00,98.61,134.34062
2026-01-28 07:00:00+00:00,84.8575,106.81058
2026-01-28 08:00:00+00:00,80.9625,92.15773
2026-01-28 09:00:00+00:00,66.4175,85.649895
2026-01-28 10:00:00+00:00,62.1425,74.313515
2026-01-28 11:00:00+00:00,84.42750000000001,74.72607
2026-01-28 12:00:00+00:00,93.275,92.195206
2026-01-28 13:00:00+00:00,108.27,118.78799
2026-01-28 14:00:00+00:00,100.0575,139.70181
2026-01-28 15:00:00+00:00,122.82,141.84302
2026-01-28 16:00:00+00:00,148.2075,155.63506
2026-01-28 17:00:00+00:00,151.79500000000002,168.98213
2026-01-28 18:00:00+00:00,107.39,155.25204
2026-01-28 19:00:00+00:00,95.995,104.189064
2026-01-28 20:00:00+00:00,85.9175,98.56521
2026-01-28 21:00:00+00:00,84.0675,90.49541
2026-01-28 22:00:00+00:00,80.05,84.86606
2026-01-28 23:00:00+00:00,64.9025,82.29138
2026-01-29 00:00:00+00:00,79.8925,70.59711
2026-01-29 01:00:00+00:00,84.6225,81.01392
2026-01-29 02:00:00+00:00,84.745,82.86677
2026-01-29 03:00:00+00:00,83.115,87.26715
2026-01-29 04:00:00+00:00,109.28,97.72652
2026-01-29 05:00:00+00:00,97.3325,122.191666
2026-01-29 06:00:00+00:00,113.5925,105.12523
2026-01-29 07:00:00+00:00,164.85500000000002,109.813835
2026-01-29 08:00:00+00:00,104.6725,150.22556
2026-01-29 09:00:00+00:00,94.0925,104.474304
2026-01-29 10:00:00+00:00,98.405,97.868286
2026-01-29 11:00:00+00:00,99.1225,99.70621
2026-01-29 12:00:00+00:00,92.6875,105.533806
2026-01-29 13:00:00+00:00,83.99000000000001,106.69333
2026-01-29 14:00:00+00:00,96.3875,102.818726
2026-01-29 15:00:00+00:00,98.9425,119.34575
2026-01-29 16:00:00+00:00,114.0825,131.92506
2026-01-29 17:00:00+00:00,134.73250000000002,139.31102
2026-01-29 18:00:00+00:00,99.2025,139.02718
2026-01-29 19:00:00+00:00,97.1025,97.1655
2026-01-29 20:00:00+00:00,95.9475,93.38916
2026-01-29 21:00:00+00:00,82.5575,91.95163
2026-01-29 22:00:00+00:00,52.1025,83.74864
2026-01-29 23:00:00+00:00,80.945,63.476185
2026-01-30 00:00:00+00:00,78.455,81.76982
2026-01-30 01:00:00+00:00,75.63,77.36758
2026-01-30 02:00:00+00:00,85.39750000000001,78.98872
2026-01-30 03:00:00+00:00,59.865,93.20539
2026-01-30 04:00:00+00:00,93.4475,83.820526
2026-01-30 05:00:00+00:00,94.585,109.89192
2026-01-30 06:00:00+00:00,96.7675,103.125916
2026-01-30 07:00:00+00:00,91.8525,92.06024
2026-01-30 08:00:00+00:00,101.0025,74.36035
2026-01-30 09:00:00+00:00,57.58,78.57095
2026-01-30 10:00:00+00:00,38.9,58.65848
2026-01-30 11:00:00+00:00,61.2575,49.541023
2026-01-30 12:00:00+00:00,106.56,73.67622
2026-01-30 13:00:00+00:00,103.8925,107.06504
2026-01-30 14:00:00+00:00,94.025,111.08432
2026-01-30 15:00:00+00:00,114.0675,118.45512
2026-01-30 16:00:00+00:00,144.2825,164.71317
2026-01-30 17:00:00+00:00,147.62,166.94789
2026-01-30 18:00:00+00:00,140.8925,153.30574
2026-01-30 19:00:00+00:00,145.0175,141.31113
2026-01-30 20:00:00+00:00,119.975,135.45308
2026-01-30 21:00:00+00:00,98.7125,111.62904
2026-01-30 22:00:00+00:00,108.7,100.85913
2026-01-30 23:00:00+00:00,97.07,103.45934
2026-01-31 00:00:00+00:00,96.535,97.9195
2026-01-31 01:00:00+00:00,96.8,98.28723
2026-01-31 02:00:00+00:00,98.2775,96.807915
2026-01-31 03:00:00+00:00,99.985,97.27612
2026-01-31 04:00:00+00:00,100.94,101.91756
2026-01-31 05:00:00+00:00,109.2675,109.22151
2026-01-31 06:00:00+00:00,118.375,113.13711
2026-01-31 07:00:00+00:00,125.2475,111.75524
2026-01-31 08:00:00+00:00,101.9775,103.447296
2026-01-31 09:00:00+00:00,87.6075,89.12587
2026-01-31 10:00:00+00:00,65.9025,81.71872
2026-01-31 11:00:00+00:00,68.2775,65.351654
2026-01-31 12:00:00+00:00,84.85,80.68678
2026-01-31 13:00:00+00:00,83.455,100.756744
2026-01-31 14:00:00+00:00,89.015,101.69982
2026-01-31 15:00:00+00:00,131.51,123.00472
2026-01-31 16:00:00+00:00,148.345,168.44165
2026-01-31 17:00:00+00:00,150.1975,172.88739
2026-01-31 18:00:00+00:00,140.48250000000002,163.12831
2026-01-31 19:00:00+00:00,126.66,137.9319
2026-01-31 20:00:00+00:00,116.0875,123.180885
2026-01-31 21:00:00+00:00,97.67,107.682205
2026-01-31 22:00:00+00:00,102.685,100.329765
2026-01-31 23:00:00+00:00,100.915,99.45911
2026-02-01 00:00:00+00:00,97.625,100.51319
2026-02-01 01:00:00+00:00,88.7425,95.3662
2026-02-01 02:00:00+00:00,67.7075,88.38525
2026-02-01 03:00:00+00:00,72.2525,75.11315
2026-02-01 04:00:00+00:00,93.4875,80.89455
2026-02-01 05:00:00+00:00,98.4075,95.89741
2026-02-01 06:00:00+00:00,108.3975,103.48782
2026-02-01 07:00:00+00:00,111.035,114.76568
2026-02-01 08:00:00+00:00,108.205,107.931816
2026-02-01 09:00:00+00:00,97.745,103.05709
2026-02-01 10:00:00+00:00,94.4025,89.24788
2026-02-01 11:00:00+00:00,101.5875,88.89936
2026-02-01 12:00:00+00:00,91.6125,99.5869
2026-02-01 13:00:00+00:00,90.245,101.0564
2026-02-01 14:00:00+00:00,96.4,102.87066
2026-02-01 15:00:00+00:00,115.8775,118.2891
2026-02-01 16:00:00+00:00,126.125,137.73119
2026-02-01 17:00:00+00:00,120.7025,146.12428
2026-02-01 18:00:00+00:00,132.9925,133.8302
2026-02-01 19:00:00+00:00,118.0325,120.70496
2026-02-01 20:00:00+00:00,102.27,109.748405
2026-02-01 21:00:00+00:00,97.1575,98.112755
2026-02-01 22:00:00+00:00,95.5025,93.75278
2026-02-01 23:00:00+00:00,94.4425,89.769775
2026-02-02 00:00:00+00:00,92.8825,90.941765
2026-02-02 01:00:00+00:00,94.2925,88.666
2026-02-02 02:00:00+00:00,91.3675,90.50978
2026-02-02 03:00:00+00:00,94.2275,91.88237
2026-02-02 04:00:00+00:00,113.4925,102.39439
2026-02-02 05:00:00+00:00,113.67,129.96373
2026-02-02 06:00:00+00:00,112.485,122.85388
2026-02-02 07:00:00+00:00,95.4375,112.09125
2026-02-02 08:00:00+00:00,95.5425,91.62262
2026-02-02 09:00:00+00:00,96.77,90.519
2026-02-02 10:00:00+00:00,97.15,93.545166
2026-02-02 11:00:00+00:00,93.3575,95.45434
2026-02-02 12:00:00+00:00,92.0875,95.01002
2026-02-02 13:00:00+00:00,92.1575,98.5381
2026-02-02 14:00:00+00:00,105.865,110.58677
2026-02-02 15:00:00+00:00,157.0975,139.20638
2026-02-02 16:00:00+00:00,218.3675,169.83717
2026-02-02 17:00:00+00:00,228.17,226.81009
2026-02-02 18:00:00+00:00,211.2475,212.83441
2026-02-02 19:00:00+00:00,153.10750000000002,170.49246
2026-02-02 20:00:00+00:00,144.52,137.13167
2026-02-02 21:00:00+00:00,127.845,132.73015
2026-02-02 22:00:00+00:00,108.1825,114.40396
2026-02-02 23:00:00+00:00,102.7575,105.49998
2026-02-03 00:00:00+00:00,101.895,105.60907
2026-02-03 01:00:00+00:00,101.8,103.93132
2026-02-03 02:00:00+00:00,100.19,103.86485
2026-02-03 03:00:00+00:00,101.0725,107.14286
2026-02-03 04:00:00+00:00,115.6375,115.894905
2026-02-03 05:00:00+00:00,140.0,158.80954
2026-02-03 06:00:00+00:00,151.825,166.74081
2026-02-03 07:00:00+00:00,126.03,137.98772
2026-02-03 08:00:00+00:00,94.1825,115.251465
2026-02-03 09:00:00+00:00,89.4925,86.60175
2026-02-03 10:00:00+00:00,83.75,87.15747
2026-02-03 11:00:00+00:00,81.9525,84.95506
2026-02-03 12:00:00+00:00,90.8025,91.31093
2026-02-03 13:00:00+00:00,101.345,106.5903
2026-02-03 14:00:00+00:00,125.0675,125.28339
2026-02-03 15:00:00+00:00,155.0,172.8526
2026-02-03 16:00:00+00:00,190.0725,205.58165
2026-02-03 17:00:00+00:00,191.8675,227.53656
2026-02-03 18:00:00+00:00,179.7425,204.95622
2026-02-03 19:00:00+00:00,146.5,158.78789
2026-02-03 20:00:00+00:00,134.7125,136.74281
2026-02-03 21:00:00+00:00,112.1975,129.0446
2026-02-03 22:00:00+00:00,105.86,111.31467
2026-02-03 23:00:00+00:00,104.2725,101.42617
2026-02-04 00:00:00+00:00,104.7475,105.14241
2026-02-04 01:00:00+00:00,103.65,105.587715
2026-02-04 02:00:00+00:00,100.9225,105.323044
2026-02-04 03:00:00+00:00,103.8825,105.71518
2026-02-04 04:00:00+00:00,105.97,115.17672
2026-02-04 05:00:00+00:00,116.13,132.74461
2026-02-04 06:00:00+00:00,122.2325,142.55417
2026-02-04 07:00:00+00:00,98.2925,125.265816
2026-02-04 08:00:00+00:00,91.95,93.98361
2026-02-04 09:00:00+00:00,107.9175,85.12736
2026-02-04 10:00:00+00:00,96.7025,96.119026
2026-02-04 11:00:00+00:00,70.47749999999999,90.91527
2026-02-04 12:00:00+00:00,76.795,83.70706
2026-02-04 13:00:00+00:00,89.92,95.04506
2026-02-04 14:00:00+00:00,54.655,106.95182
2026-02-04 15:00:00+00:00,104.7575,88.68505
2026-02-04 16:00:00+00:00,136.2925,131.30185
2026-02-04 17:00:00+00:00,125.5275,151.54892
2026-02-04 18:00:00+00:00,118.93,140.54915
2026-02-04 19:00:00+00:00,101.4225,119.00272
2026-02-04 20:00:00+00:00,91.8,101.843636
2026-02-04 21:00:00+00:00,91.8825,88.91406
2026-02-04 22:00:00+00:00,87.235,86.44631
2026-02-04 23:00:00+00:00,72.345,86.13061
2026-02-05 00:00:00+00:00,87.2925,77.64249
2026-02-05 01:00:00+00:00,89.7425,85.024216
2026-02-05 02:00:00+00:00,90.5625,86.07014
2026-02-05 03:00:00+00:00,92.2875,90.00708
2026-02-05 04:00:00+00:00,92.805,99.877785
2026-02-05 05:00:00+00:00,90.105,107.372604
2026-02-05 06:00:00+00:00,91.57,102.45195
2026-02-05 07:00:00+00:00,97.4975,97.33343
2026-02-05 08:00:00+00:00,99.02,89.94815
2026-02-05 09:00:00+00:00,94.925,91.84755
2026-02-05 10:00:00+00:00,94.38,90.82124
2026-02-05 11:00:00+00:00,94.255,89.61603
2026-02-05 12:00:00+00:00,92.95,91.695656
2026-02-05 13:00:00+00:00,90.8325,94.85083
2026-02-05 14:00:00+00:00,92.2425,95.09731
2026-02-05 15:00:00+00:00,98.5475,101.595245
2026-02-05 16:00:00+00:00,138.7425,112.92781
2026-02-05 17:00:00+00:00,146.0225,146.01819
2026-02-05 18:00:00+00:00,149.1975,137.35916
2026-02-05 19:00:00+00:00,130.94,126.32481
2026-02-05 20:00:00+00:00,113.25,112.848206
2026-02-05 21:00:00+00:00,95.235,102.91603
2026-02-05 22:00:00+00:00,92.09,87.10932
2026-02-05 23:00:00+00:00,96.7625,86.56758
2026-02-06 00:00:00+00:00,94.1025,94.03192
2026-02-06 01:00:00+00:00,95.9925,90.92771
2026-02-06 02:00:00+00:00,98.7625,95.10624
2026-02-06 03:00:00+00:00,98.4675,99.323166
2026-02-06 04:00:00+00:00,98.3625,104.07389
2026-02-06 05:00:00+00:00,124.2775,105.57767
2026-02-06 06:00:00+00:00,117.495,120.66627
2026-02-06 07:00:00+00:00,93.52,109.256485
2026-02-06 08:00:00+00:00,85.935,90.717316
2026-02-06 09:00:00+00:00,45.025,83.816154
2026-02-06 10:00:00+00:00,66.4,55.93311
2026-02-06 11:00:00+00:00,85.405,72.63189
2026-02-06 12:00:00+00:00,95.1425,92.89667
2026-02-06 13:00:00+00:00,92.2625,99.30499
2026-02-06 14:00:00+00:00,59.0975,99.28063
2026-02-06 15:00:00+00:00,102.44,83.236275
2026-02-06 16:00:00+00:00,130.1,118.885216
2026-02-06 17:00:00+00:00,137.155,140.63751
2026-02-06 18:00:00+00:00,123.8525,141.3666
2026-02-06 19:00:00+00:00,98.3125,116.11648
2026-02-06 20:00:00+00:00,90.92,97.98702
2026-02-06 21:00:00+00:00,91.3425,88.19113
2026-02-06 22:00:00+00:00,92.975,88.387146
2026-02-06 23:00:00+00:00,85.0125,89.052734
2026-02-07 00:00:00+00:00,92.825,86.12786
2026-02-07 01:00:00+00:00,92.76,87.863045
2026-02-07 02:00:00+00:00,91.8875,89.51583
2026-02-07 03:00:00+00:00,74.495,90.04857
2026-02-07 04:00:00+00:00,72.7925,80.163635
2026-02-07 05:00:00+00:00,88.0725,87.04765
2026-02-07 06:00:00+00:00,79.6825,93.551704
2026-02-07 07:00:00+00:00,52.0,69.97912
2026-02-07 08:00:00+00:00,0.005,52.327656
2026-02-07 09:00:00+00:00,0.0,7.706915
2026-02-07 10:00:00+00:00,-0.0125,10.470297
2026-02-07 11:00:00+00:00,-0.0575,13.139157
2026-02-07 12:00:00+00:00,0.0,19.336695
2026-02-07 13:00:00+00:00,0.0025,31.386892
2026-02-07 14:00:00+00:00,53.370000000000005,38.19172
2026-02-07 15:00:00+00:00,114.665,88.97553
2026-02-07 16:00:00+00:00,130.0,134.34764
2026-02-07 17:00:00+00:00,128.0025,147.32236
2026-02-07 18:00:00+00:00,122.1625,136.21265
2026-02-07 19:00:00+00:00,105.395,110.95368
2026-02-07 20:00:00+00:00,93.2675,99.90157
2026-02-07 21:00:00+00:00,92.185,90.61652
2026-02-07 22:00:00+00:00,90.9925,89.82765
2026-02-07 23:00:00+00:00,96.7575,86.39703
2026-02-08 00:00:00+00:00,97.8425,94.541885
2026-02-08 01:00:00+00:00,99.5425,93.521866
2026-02-08 02:00:00+00:00,97.8725,93.91477
2026-02-08 03:00:00+00:00,94.805,92.91138
2026-02-08 04:00:00+00:00,98.85,92.22084
2026-02-08 05:00:00+00:00,97.485,100.9188
2026-02-08 06:00:00+00:00,93.115,95.19777
2026-02-08 07:00:00+00:00,22.505000000000003,83.510704
2026-02-08 08:00:00+00:00,68.415,23.250786
2026-02-08 09:00:00+00:00,21.02,56.41168
2026-02-08 10:00:00+00:00,15.5025,29.044027
2026-02-08 11:00:00+00:00,8.6975,27.843853
2026-02-08 12:00:00+00:00,29.7425,23.513561
2026-02-08 13:00:00+00:00,100.6325,51.62549
2026-02-08 14:00:00+00:00,105.495,102.5838
2026-02-08 15:00:00+00:00,110.07,119.16302
2026-02-08 16:00:00+00:00,131.435,128.53033
2026-02-08 17:00:00+00:00,132.135,140.78838
2026-02-08 18:00:00+00:00,127.2975,140.86516
2026-02-08 19:00:00+00:00,122.84,117.68213
2026-02-08 20:00:00+00:00,110.9875,112.18672
2026-02-08 21:00:00+00:00,108.2025,105.540825
2026-02-08 22:00:00+00:00,101.375,104.452736
2026-02-08 23:00:00+00:00,100.0125,98.27915
2026-02-09 00:00:00+00:00,98.8025,100.971054
2026-02-09 01:00:00+00:00,99.24,99.7672
2026-02-09 02:00:00+00:00,99.5875,100.48741
2026-02-09 03:00:00+00:00,101.03,104.00453
2026-02-09 04:00:00+00:00,108.2025,116.758255
2026-02-09 05:00:00+00:00,130.585,134.12758
2026-02-09 06:00:00+00:00,159.9975,150.01752
2026-02-09 07:00:00+00:00,171.94,145.88406
2026-02-09 08:00:00+00:00,161.565,147.342
2026-02-09 09:00:00+00:00,104.1875,143.00198
2026-02-09 10:00:00+00:00,112.925,105.448326
2026-02-09 11:00:00+00:00,105.0,111.868744
2026-02-09 12:00:00+00:00,105.6275,108.60587
2026-02-09 13:00:00+00:00,111.0,114.92614
2026-02-09 14:00:00+00:00,131.2775,124.58015
2026-02-09 15:00:00+00:00,161.845,155.94638
2026-02-09 16:00:00+00:00,189.4525,178.78105
2026-02-09 17:00:00+00:00,185.8175,204.70842
2026-02-09 18:00:00+00:00,170.0525,189.7906
2026-02-09 19:00:00+00:00,148.1,148.64377
2026-02-09 20:00:00+00:00,140.4,137.76514
2026-02-09 21:00:00+00:00,127.8,128.2572
2026-02-09 22:00:00+00:00,108.2025,116.026245
2026-02-09 23:00:00+00:00,101.845,105.66187
2026-02-10 00:00:00+00:00,109.8375,102.830505
2026-02-10 01:00:00+00:00,109.1025,107.40826
2026-02-10 02:00:00+00:00,107.8475,107.576195
2026-02-10 03:00:00+00:00,99.9625,109.85425
2026-02-10 04:00:00+00:00,95.2525,117.05246
2026-02-10 05:00:00+00:00,108.725,123.40293
2026-02-10 06:00:00+00:00,118.73,136.78145
2026-02-10 07:00:00+00:00,110.3075,135.3618
2026-02-10 08:00:00+00:00,93.95,124.104416
2026-02-10 09:00:00+00:00,90.385,89.64075
2026-02-10 10:00:00+00:00,90.205,93.004715
2026-02-10 11:00:00+00:00,95.345,91.43578
2026-02-10 12:00:00+00:00,107.795,97.82872
2026-02-10 13:00:00+00:00,111.7125,120.88963
2026-02-10 14:00:00+00:00,124.0,141.58336
2026-02-10 15:00:00+00:00,143.4275,165.3655
2026-02-10 16:00:00+00:00,166.255,179.44492
2026-02-10 17:00:00+00:00,162.285,198.07353
2026-02-10 18:00:00+00:00,171.1,176.97694
2026-02-10 19:00:00+00:00,139.3375,150.13448
2026-02-10 20:00:00+00:00,122.705,132.10388
2026-02-10 21:00:00+00:00,119.6775,120.8376
2026-02-10 22:00:00+00:00,108.2025,116.42649
2026-02-10 23:00:00+00:00,98.79,108.325874
2026-02-11 00:00:00+00:00,94.87,99.490204
2026-02-11 01:00:00+00:00,94.805,98.66918
2026-02-11 02:00:00+00:00,94.535,97.68621
2026-02-11 03:00:00+00:00,95.1675,102.20073
2026-02-11 04:00:00+00:00,106.265,109.69144
2026-02-11 05:00:00+00:00,118.0,127.2656
2026-02-11 06:00:00+00:00,133.0,131.04318
2026-02-11 07:00:00+00:00,112.3175,127.67861
2026-02-11 08:00:00+00:00,99.29,105.74944
2026-02-11 09:00:00+00:00,98.55,92.63287
2026-02-11 10:00:00+00:00,59.9975,93.1841
2026-02-11 11:00:00+00:00,88.88,72.36279
2026-02-11 12:00:00+00:00,78.2325,94.49922
2026-02-11 13:00:00+00:00,74.2175,97.282
2026-02-11 14:00:00+00:00,102.2125,104.70032
2026-02-11 15:00:00+00:00,126.3475,126.225044
2026-02-11 16:00:00+00:00,133.5925,141.27962
2026-02-11 17:00:00+00:00,135.8025,146.80132
2026-02-11 18:00:00+00:00,130.655,148.90218
2026-02-11 19:00:00+00:00,123.555,119.81849
2026-02-11 20:00:00+00:00,102.7425,111.999664
2026-02-11 21:00:00+00:00,93.035,99.2244
2026-02-11 22:00:00+00:00,90.855,88.36279
2026-02-11 23:00:00+00:00,94.59,86.4299
2026-02-12 00:00:00+00:00,96.1925,90.32254
2026-02-12 01:00:00+00:00,94.7525,91.52254
2026-02-12 02:00:00+00:00,93.2075,90.02509
2026-02-12 03:00:00+00:00,91.01,91.65755
2026-02-12 04:00:00+00:00,88.08,99.1022
2026-02-12 05:00:00+00:00,106.77,101.562225
2026-02-12 06:00:00+00:00,96.49,113.509766
2026-02-12 07:00:00+00:00,78.5825,81.595856
2026-02-12 08:00:00+00:00,58.75,68.54645
2026-02-12 09:00:00+00:00,55.48,58.22912
2026-02-12 10:00:00+00:00,26.525,55.25647
2026-02-12 11:00:00+00:00,51.05,32.87028
2026-02-12 12:00:00+00:00,90.595,63.050957
2026-02-12 13:00:00+00:00,61.8575,95.651085
2026-02-12 14:00:00+00:00,64.905,83.63369
2026-02-12 15:00:00+00:00,93.0025,94.57762
2026-02-12 16:00:00+00:00,95.4125,108.85951
2026-02-12 17:00:00+00:00,103.845,113.23038
2026-02-12 18:00:00+00:00,100.495,116.01764
2026-02-12 19:00:00+00:00,95.0,104.58358
2026-02-12 20:00:00+00:00,92.285,91.286255
2026-02-12 21:00:00+00:00,90.505,86.63558
2026-02-12 22:00:00+00:00,90.3275,84.278824
2026-02-12 23:00:00+00:00,91.155,86.18037
2026-02-13 00:00:00+00:00,91.415,86.8635
2026-02-13 01:00:00+00:00,90.325,88.4664
2026-02-13 02:00:00+00:00,89.965,89.07798
2026-02-13 03:00:00+00:00,90.86,91.33287
2026-02-13 04:00:00+00:00,91.91,95.056496
2026-02-13 05:00:00+00:00,107.0,103.89771
2026-02-13 06:00:00+00:00,118.5075,107.35861
2026-02-13 07:00:00+00:00,94.05,109.24474
2026-02-13 08:00:00+00:00,82.1375,83.44855
2026-02-13 09:00:00+00:00,71.0375,72.07585
2026-02-13 10:00:00+00:00,33.475,68.41525
2026-02-13 11:00:00+00:00,44.375,39.001987
2026-02-13 12:00:00+00:00,60.81,58.823986
2026-02-13 13:00:00+00:00,88.72,69.014
2026-02-13 14:00:00+00:00,65.375,88.25541
2026-02-13 15:00:00+00:00,95.6375,81.301674
2026-02-13 16:00:00+00:00,126.795,104.84206
2026-02-13 17:00:00+00:00,133.8875,128.39326
2026-02-13 18:00:00+00:00,131.48000000000002,129.38129
2026-02-13 19:00:00+00:00,118.1075,115.659676
2026-02-13 20:00:00+00:00,96.41,104.79325
2026-02-13 21:00:00+00:00,91.0075,91.84763
2026-02-13 22:00:00+00:00,89.9775,86.537155
2026-02-13 23:00:00+00:00,92.8675,85.725624
2026-02-14 00:00:00+00:00,94.18,86.34977
2026-02-14 01:00:00+00:00,91.7075,86.64353
2026-02-14 02:00:00+00:00,88.94,85.8756
2026-02-14 03:00:00+00:00,91.2325,86.72721
2026-02-14 04:00:00+00:00,91.4575,90.69194
2026-02-14 05:00:00+00:00,95.4875,93.23018
2026-02-14 06:00:00+00:00,97.6075,94.08303
2026-02-14 07:00:00+00:00,42.9075,87.870705
2026-02-14 08:00:00+00:00,12.565,42.898705
2026-02-14 09:00:00+00:00,8.815,15.120734
2026-02-14 10:00:00+00:00,5.935,9.768804
2026-02-14 11:00:00+00:00,6.3725000000000005,9.739309
2026-02-14 12:00:00+00:00,12.565,15.185016
2026-02-14 13:00:00+00:00,63.615,47.74694
2026-02-14 14:00:00+00:00,63.7475,77.59431
2026-02-14 15:00:00+00:00,97.51,91.45196
2026-02-14 16:00:00+00:00,107.0,117.31633
2026-02-14 17:00:00+00:00,98.2075,119.55761
2026-02-14 18:00:00+00:00,92.9475,107.65587
2026-02-14 19:00:00+00:00,90.8725,91.0079
2026-02-14 20:00:00+00:00,49.4275,86.49258
2026-02-14 21:00:00+00:00,32.34,61.96765
2026-02-14 22:00:00+00:00,48.4325,46.378956
2026-02-14 23:00:00+00:00,2.505,60.669758
2026-02-15 00:00:00+00:00,15.044999999999998,9.715911
2026-02-15 01:00:00+00:00,5.9575000000000005,25.015362
2026-02-15 02:00:00+00:00,0.01,16.613934
2026-02-15 03:00:00+00:00,0.0125,15.702751
2026-02-15 04:00:00+00:00,3.785,18.765764
2026-02-15 05:00:00+00:00,3.8,20.674417
2026-02-15 06:00:00+00:00,30.1425,18.510998
2026-02-15 07:00:00+00:00,41.2875,28.54839
2026-02-15 08:00:00+00:00,1.285,38.26873
2026-02-15 09:00:00+00:00,0.0025,5.2807727
2026-02-15 10:00:00+00:00,0.0,5.0028367
2026-02-15 11:00:00+00:00,0.0,5.531646
2026-02-15 12:00:00+00:00,-0.1,7.337008
2026-02-15 13:00:00+00:00,-0.1,23.242838
2026-02-15 14:00:00+00:00,0.0,27.693043
2026-02-15 15:00:00+00:00,23.3375,42.181026
2026-02-15 16:00:00+00:00,43.75,62.56504
2026-02-15 17:00:00+00:00,74.31,66.93823
2026-02-15 18:00:00+00:00,81.0625,81.78958
2026-02-15 19:00:00+00:00,78.675,77.20935
2026-02-15 20:00:00+00:00,77.495,71.107155
2026-02-15 21:00:00+00:00,84.45,71.11368
2026-02-15 22:00:00+00:00,83.64,77.25262
2026-02-15 23:00:00+00:00,90.4275,77.34142
2026-02-16 00:00:00+00:00,90.42,86.16542
2026-02-16 01:00:00+00:00,88.725,85.959816
2026-02-16 02:00:00+00:00,87.08,87.75113
2026-02-16 03:00:00+00:00,88.3725,93.76676
2026-02-16 04:00:00+00:00,80.7525,100.34093
2026-02-16 05:00:00+00:00,93.4075,103.200806
2026-02-16 06:00:00+00:00,104.0925,103.8464
2026-02-16 07:00:00+00:00,12.3975,98.81551
2026-02-16 08:00:00+00:00,0.0025,21.56714
2026-02-16 09:00:00+00:00,0.0,16.719011
2026-02-16 10:00:00+00:00,0.0,17.036755
2026-02-16 11:00:00+00:00,0.0,17.696793
2026-02-16 12:00:00+00:00,0.0,20.25785
2026-02-16 13:00:00+00:00,22.5075,30.147863
2026-02-16 14:00:00+00:00,67.12,58.02065
2026-02-16 15:00:00+00:00,126.65,90.02245
2026-02-16 16:00:00+00:00,127.785,136.7626
2026-02-16 17:00:00+00:00,127.8575,137.02376
2026-02-16 18:00:00+00:00,122.065,128.27794
2026-02-16 19:00:00+00:00,118.7,108.396614
2026-02-16 20:00:00+00:00,92.9175,107.08808
2026-02-16 21:00:00+00:00,95.145,92.83399
2026-02-16 22:00:00+00:00,90.7225,89.00738
2026-02-16 23:00:00+00:00,0.6499999999999999,87.60413
2026-02-17 00:00:00+00:00,10.000000000000002,15.664253
2026-02-17 01:00:00+00:00,0.01,21.947393
2026-02-17 02:00:00+00:00,0.01,17.661343
2026-02-17 03:00:00+00:00,0.01,26.908678
2026-02-17 04:00:00+00:00,30.0075,32.445442
2026-02-17 05:00:00+00:00,104.995,59.27104
2026-02-17 06:00:00+00:00,115.125,107.646515
2026-02-17 07:00:00+00:00,115.2125,108.183975
2026-02-17 08:00:00+00:00,24.8675,99.170395
2026-02-17 09:00:00+00:00,117.0275,20.55656
2026-02-17 10:00:00+00:00,108.16,92.24288
2026-02-17 11:00:00+00:00,39.07,94.392296
2026-02-17 12:00:00+00:00,0.01,48.658607
2026-02-17 13:00:00+00:00,0.01,27.206127
2026-02-17 14:00:00+00:00,0.0025,44.29295
2026-02-17 15:00:00+00:00,90.5475,56.625275
2026-02-17 16:00:00+00:00,110.6,119.47097
2026-02-17 17:00:00+00:00,125.975,129.81725
2026-02-17 18:00:00+00:00,129.8675,141.02968
2026-02-17 19:00:00+00:00,108.16,111.614494
2026-02-17 20:00:00+00:00,85.61,98.68114
2026-02-17 21:00:00+00:00,71.16250000000001,86.13431
2026-02-17 22:00:00+00:00,0.0075,76.0581
2026-02-17 23:00:00+00:00,12.555,34.157185
2026-02-18 00:00:00+00:00,12.56,21.625286
2026-02-18 01:00:00+00:00,12.56,18.67006
2026-02-18 02:00:00+00:00,16.6225,16.466843
2026-02-18 03:00:00+00:00,15.06,25.059917
2026-02-18 04:00:00+00:00,75.92,38.394905
2026-02-18 05:00:00+00:00,108.14,87.07913
2026-02-18 06:00:00+00:00,63.2775,99.214165
2026-02-18 07:00:00+00:00,0.0025,58.898396
2026-02-18 08:00:00+00:00,-0.0025,2.8630416
2026-02-18 09:00:00+00:00,-0.1125,4.901868
2026-02-18 10:00:00+00:00,-0.55,9.400594
2026-02-18 11:00:00+00:00,-1.005,6.440085
2026-02-18 12:00:00+00:00,-0.1,9.094889
2026-02-18 13:00:00+00:00,-0.01,22.205523
2026-02-18 14:00:00+00:00,0.0025,38.062027
2026-02-18 15:00:00+00:00,88.53,52.2264
2026-02-18 16:00:00+00:00,131.8625,118.771
2026-02-18 17:00:00+00:00,136.07999999999998,151.61078
2026-02-18 18:00:00+00:00,134.14,143.50691
2026-02-18 19:00:00+00:00,127.29,117.10972
2026-02-18 20:00:00+00:00,116.6325,107.7922
2026-02-18 21:00:00+00:00,106.4375,101.57968
2026-02-18 22:00:00+00:00,93.325,90.81713
2026-02-18 23:00:00+00:00,94.7875,83.80614
2026-02-19 00:00:00+00:00,94.08,89.21466
2026-02-19 01:00:00+00:00,91.825,88.29551
2026-02-19 02:00:00+00:00,90.575,88.40476
2026-02-19 03:00:00+00:00,93.9575,93.1142
2026-02-19 04:00:00+00:00,94.8325,101.98331
2026-02-19 05:00:00+00:00,116.44,115.23841
2026-02-19 06:00:00+00:00,88.295,106.846405
2026-02-19 07:00:00+00:00,28.5425,64.59769
2026-02-19 08:00:00+00:00,0.0,18.349312
2026-02-19 09:00:00+00:00,-0.0025,-0.76069635
2026-02-19 10:00:00+00:00,-0.01,3.3562043
2026-02-19 11:00:00+00:00,-0.01,5.4421234
2026-02-19 12:00:00+00:00,0.0,11.755351
2026-02-19 13:00:00+00:00,0.0025,19.000917
2026-02-19 14:00:00+00:00,67.8425,40.691097
2026-02-19 15:00:00+00:00,120.0,91.717026
2026-02-19 16:00:00+00:00,120.0,139.38612
2026-02-19 17:00:00+00:00,123.0525,135.22548
2026-02-19 18:00:00+00:00,125.0,128.29124
2026-02-19 19:00:00+00:00,114.8475,114.318115
2026-02-19 20:00:00+00:00,99.565,105.822525
2026-02-19 21:00:00+00:00,89.37,91.62546
2026-02-19 22:00:00+00:00,87.06,86.412094
2026-02-19 23:00:00+00:00,75.27,84.567184
2026-02-20 00:00:00+00:00,78.325,77.11616
2026-02-20 01:00:00+00:00,74.4,78.77675
2026-02-20 02:00:00+00:00,55.035,74.54086
2026-02-20 03:00:00+00:00,78.325,70.96864
2026-02-20 04:00:00+00:00,92.9525,89.97093
2026-02-20 05:00:00+00:00,97.855,102.68246
2026-02-20 06:00:00+00:00,119.9575,87.77706
2026-02-20 07:00:00+00:00,104.3925,102.10903
2026-02-20 08:00:00+00:00,61.4925,82.191124
2026-02-20 09:00:00+00:00,90.99,48.22987
2026-02-20 10:00:00+00:00,0.515,60.20348
2026-02-20 11:00:00+00:00,0.01,4.8555503
2026-02-20 12:00:00+00:00,0.01,11.630212
2026-02-20 13:00:00+00:00,0.0125,31.443665
2026-02-20 14:00:00+00:00,39.9025,42.249817
2026-02-20 15:00:00+00:00,115.1425,71.88676
2026-02-20 16:00:00+00:00,123.8425,130.61336
2026-02-20 17:00:00+00:00,128.10750000000002,135.0027
2026-02-20 18:00:00+00:00,118.0875,133.55338
2026-02-20 19:00:00+00:00,106.1,109.53443
2026-02-20 20:00:00+00:00,84.8825,95.81345
2026-02-20 21:00:00+00:00,74.9875,83.638885
2026-02-20 22:00:00+00:00,58.09,77.1968
2026-02-20 23:00:00+00:00,57.975,65.25865
2026-02-21 00:00:00+00:00,62.8625,66.10031
2026-02-21 01:00:00+00:00,62.7975,66.65455
2026-02-21 02:00:00+00:00,64.6125,64.08011
2026-02-21 03:00:00+00:00,69.56,71.42292
2026-02-21 04:00:00+00:00,72.61,83.10045
2026-02-21 05:00:00+00:00,75.2775,84.152885
2026-02-21 06:00:00+00:00,80.4975,87.46971
2026-02-21 07:00:00+00:00,83.19999999999999,70.45607
2026-02-21 08:00:00+00:00,0.0125,57.462536
2026-02-21 09:00:00+00:00,0.01,6.32554
2026-02-21 10:00:00+00:00,0.01,3.2609308
2026-02-21 11:00:00+00:00,0.01,4.2738514
2026-02-21 12:00:00+00:00,15.5125,7.861528
2026-02-21 13:00:00+00:00,52.095,41.881607
2026-02-21 14:00:00+00:00,59.2125,62.18789
2026-02-21 15:00:00+00:00,98.4675,90.73868
2026-02-21 16:00:00+00:00,109.475,113.925865
2026-02-21 17:00:00+00:00,113.865,121.86344
2026-02-21 18:00:00+00:00,108.585,113.49619
2026-02-21 19:00:00+00:00,102.045,99.35267
2026-02-21 20:00:00+00:00,90.055,88.99998
2026-02-21 21:00:00+00:00,81.2975,77.8937
2026-02-21 22:00:00+00:00,71.3225,69.60984
2026-02-21 23:00:00+00:00,61.24250000000001,61.462246
2026-02-22 00:00:00+00:00,56.89,57.76816
2026-02-22 01:00:00+00:00,55.865,52.081326
2026-02-22 02:00:00+00:00,61.85249999999999,51.33486
2026-02-22 03:00:00+00:00,69.0075,55.39562
2026-02-22 04:00:00+00:00,64.8425,63.86282
2026-02-22 05:00:00+00:00,61.0075,59.65839
2026-02-22 06:00:00+00:00,39.995000000000005,55.695602
2026-02-22 07:00:00+00:00,0.0,38.36493
2026-02-22 08:00:00+00:00,-0.005,3.3703158
2026-02-22 09:00:00+00:00,0.0,2.235068
2026-02-22 10:00:00+00:00,-0.005,4.763459
2026-02-22 11:00:00+00:00,0.0,4.5527873
2026-02-22 12:00:00+00:00,0.0,5.595187
2026-02-22 13:00:00+00:00,0.0,16.362547
2026-02-22 14:00:00+00:00,0.0,30.737337
2026-02-22 15:00:00+00:00,39.3075,43.927803
2026-02-22 16:00:00+00:00,98.47,64.74493
2026-02-22 17:00:00+00:00,100.6725,102.52137
2026-02-22 18:00:00+00:00,96.5275,98.69514
2026-02-22 19:00:00+00:00,90.3525,87.744606
2026-02-22 20:00:00+00:00,78.08,79.901955
2026-02-22 21:00:00+00:00,75.01,72.191154
2026-02-22 22:00:00+00:00,34.2325,70.567406
2026-02-22 23:00:00+00:00,48.2475,43.221165
2026-02-23 00:00:00+00:00,48.5,55.448536
2026-02-23 01:00:00+00:00,46.4625,55.828632
2026-02-23 02:00:00+00:00,48.1625,54.93756
2026-02-23 03:00:00+00:00,48.4575,61.080402
2026-02-23 04:00:00+00:00,42.0675,65.14427
2026-02-23 05:00:00+00:00,47.2575,64.12979
2026-02-23 06:00:00+00:00,0.0,57.748024
2026-02-23 07:00:00+00:00,0.0,13.455383
2026-02-23 08:00:00+00:00,-2.3875,8.490336
2026-02-23 09:00:00+00:00,-10.3775,8.33016
2026-02-23 10:00:00+00:00,-23.7325,8.958136
2026-02-23 11:00:00+00:00,-25.0,8.801803
2026-02-23 12:00:00+00:00,-21.1525,10.139654
2026-02-23 13:00:00+00:00,-1.025,20.97442
2026-02-23 14:00:00+00:00,-2.2775,40.469162
2026-02-23 15:00:00+00:00,44.795,50.749786
2026-02-23 16:00:00+00:00,100.4175,87.46301
2026-02-23 17:00:00+00:00,131.9275,119.22568
2026-02-23 18:00:00+00:00,132.3775,135.31212
2026-02-23 19:00:00+00:00,120.3825,117.56394
2026-02-23 20:00:00+00:00,103.315,103.10041
2026-02-23 21:00:00+00:00,90.835,93.886314
2026-02-23 22:00:00+00:00,87.2425,82.61896
2026-02-23 23:00:00+00:00,87.7025,75.19911
2026-02-24 00:00:00+00:00,89.8725,78.95383
2026-02-24 01:00:00+00:00,90.3325,81.267456
2026-02-24 02:00:00+00:00,91.7125,84.33087
2026-02-24 03:00:00+00:00,93.5825,88.642426
2026-02-24 04:00:00+00:00,98.32,96.96242
2026-02-24 05:00:00+00:00,112.725,113.1209
2026-02-24 06:00:00+00:00,106.295,105.49401
2026-02-24 07:00:00+00:00,0.005,81.93122
2026-02-24 08:00:00+00:00,0.0,8.049525
2026-02-24 09:00:00+00:00,0.0025,8.0607195
2026-02-24 10:00:00+00:00,0.0,13.632838
2026-02-24 11:00:00+00:00,0.0,11.442138
2026-02-24 12:00:00+00:00,0.0,14.506272
2026-02-24 13:00:00+00:00,0.0,22.97588
2026-02-24 14:00:00+00:00,46.0125,33.087563
2026-02-24 15:00:00+00:00,115.1275,66.64023
2026-02-24 16:00:00+00:00,110.1825,132.07896
2026-02-24 17:00:00+00:00,112.0275,130.51384
2026-02-24 18:00:00+00:00,105.9375,123.70839
2026-02-24 19:00:00+00:00,92.065,103.11093
2026-02-24 20:00:00+00:00,67.195,87.00907
2026-02-24 21:00:00+00:00,50.35,71.57865
2026-02-24 22:00:00+00:00,90.55,62.51859
2026-02-24 23:00:00+00:00,32.395,78.085464
2026-02-25 00:00:00+00:00,26.62,39.516037
2026-02-25 01:00:00+00:00,40.9875,28.851526
2026-02-25 02:00:00+00:00,68.03999999999999,46.206093
2026-02-25 03:00:00+00:00,29.1125,72.838005
2026-02-25 04:00:00+00:00,62.365,46.776115
2026-02-25 05:00:00+00:00,86.885,84.656685
2026-02-25 06:00:00+00:00,44.13,77.832306
2026-02-25 07:00:00+00:00,9.175,34.93245
2026-02-25 08:00:00+00:00,0.0,10.372996
2026-02-25 09:00:00+00:00,0.0,3.5083554
2026-02-25 10:00:00+00:00,0.0,5.1894484
2026-02-25 11:00:00+00:00,0.0,5.6177874
2026-02-25 12:00:00+00:00,0.0,7.6941853
2026-02-25 13:00:00+00:00,0.0075,15.551565
2026-02-25 14:00:00+00:00,3.0025,28.936668
2026-02-25 15:00:00+00:00,84.16,52.74721
2026-02-25 16:00:00+00:00,121.1,112.32401
2026-02-25 17:00:00+00:00,144.0575,135.37386
2026-02-25 18:00:00+00:00,139.6875,145.53413
2026-02-25 19:00:00+00:00,125.655,124.695915
2026-02-25 20:00:00+00:00,113.565,109.58027
2026-02-25 21:00:00+00:00,94.4425,99.91578
2026-02-25 22:00:00+00:00,83.60499999999999,86.273834
2026-02-25 23:00:00+00:00,84.7175,76.447975
2026-02-26 00:00:00+00:00,77.43,83.34679
2026-02-26 01:00:00+00:00,73.9225,76.86912
2026-02-26 02:00:00+00:00,73.8125,76.41886
2026-02-26 03:00:00+00:00,73.145,77.66092
2026-02-26 04:00:00+00:00,79.0875,84.79157
2026-02-26 05:00:00+00:00,87.3325,96.41882
2026-02-26 06:00:00+00:00,63.2525,76.81342
2026-02-26 07:00:00+00:00,19.62,41.423443
2026-02-26 08:00:00+00:00,-0.005,10.01677
2026-02-26 09:00:00+00:00,0.0,0.65343076
2026-02-26 10:00:00+00:00,0.0,3.6725547
2026-02-26 11:00:00+00:00,0.0,4.6432214
2026-02-26 12:00:00+00:00,0.0,7.2899756
2026-02-26 13:00:00+00:00,0.005,15.355893
2026-02-26 14:00:00+00:00,0.005,34.220783
2026-02-26 15:00:00+00:00,42.515,48.00137
2026-02-26 16:00:00+00:00,94.525,80.3092
2026-02-26 17:00:00+00:00,112.6725,119.35525
2026-02-26 18:00:00+00:00,115.37,129.17885
2026-02-26 19:00:00+00:00,111.815,113.12614
2026-02-26 20:00:00+00:00,93.79,105.807884
2026-02-26 21:00:00+00:00,89.61,88.09202
2026-02-26 22:00:00+00:00,77.5875,82.39048
2026-02-26 23:00:00+00:00,59.5975,74.87026
2026-02-27 00:00:00+00:00,60.415,69.42626
2026-02-27 01:00:00+00:00,61.8325,67.403114
2026-02-27 02:00:00+00:00,64.455,66.35428
2026-02-27 03:00:00+00:00,67.6275,72.963974
2026-02-27 04:00:00+00:00,83.0225,82.6886
2026-02-27 05:00:00+00:00,108.86,98.10196
2026-02-27 06:00:00+00:00,75.86,102.70037
2026-02-27 07:00:00+00:00,23.95,62.148323
2026-02-27 08:00:00+00:00,8.352500000000001,16.488134
2026-02-27 09:00:00+00:00,8.535,11.152437
2026-02-27 10:00:00+00:00,0.3625,9.307106
2026-02-27 11:00:00+00:00,0.4425,4.902455
2026-02-27 12:00:00+00:00,2.0625,6.521147
2026-02-27 13:00:00+00:00,12.56,19.813728
2026-02-27 14:00:00+00:00,59.6625,42.234715
2026-02-27 15:00:00+00:00,105.7175,76.85146
2026-02-27 16:00:00+00:00,125.6775,125.036545
2026-02-27 17:00:00+00:00,126.0025,138.0603
2026-02-27 18:00:00+00:00,122.005,133.35886
2026-02-27 19:00:00+00:00,120.0975,112.59783
2026-02-27 20:00:00+00:00,99.7775,107.293495
2026-02-27 21:00:00+00:00,93.6225,90.10369
2026-02-27 22:00:00+00:00,85.42,84.24647
2026-02-27 23:00:00+00:00,86.1075,75.14253
2026-02-28 00:00:00+00:00,83.77250000000001,80.138084
2026-02-28 01:00:00+00:00,80.97,77.41938
2026-02-28 02:00:00+00:00,78.0625,75.49942
2026-02-28 03:00:00+00:00,78.21,71.97445
2026-02-28 04:00:00+00:00,78.63250000000001,79.880295
2026-02-28 05:00:00+00:00,79.765,88.17918
2026-02-28 06:00:00+00:00,41.17,75.18713
2026-02-28 07:00:00+00:00,12.805,40.954456
2026-02-28 08:00:00+00:00,0.015,11.327496
2026-02-28 09:00:00+00:00,-0.01,5.0768
2026-02-28 10:00:00+00:00,-0.005,4.8565164
2026-02-28 11:00:00+00:00,-0.01,5.372298
2026-02-28 12:00:00+00:00,-0.0025,7.2663903
2026-02-28 13:00:00+00:00,0.0,20.732105
2026-02-28 14:00:00+00:00,0.01,34.812016
2026-02-28 15:00:00+00:00,59.12,50.566364
2026-02-28 16:00:00+00:00,99.01,98.97951
2026-02-28 17:00:00+00:00,104.1175,116.65538
2026-02-28 18:00:00+00:00,98.215,113.26227
2026-02-28 19:00:00+00:00,87.925,98.05471
2026-02-28 20:00:00+00:00,76.74000000000001,81.15396
2026-02-28 21:00:00+00:00,70.18,76.06296
2026-02-28 22:00:00+00:00,36.07,70.540146
2026-02-28 23:00:00+00:00,15.31,48.347775
2026-03-01 00:00:00+00:00,20.095,26.662624
2026-03-01 01:00:00+00:00,19.79,28.001886
2026-03-01 02:00:00+00:00,24.6275,26.965548
2026-03-01 03:00:00+00:00,26.3575,32.70896
2026-03-01 04:00:00+00:00,69.995,32.034416
2026-03-01 05:00:00+00:00,69.67,63.79155
2026-03-01 06:00:00+00:00,10.9575,49.75244
2026-03-01 07:00:00+00:00,-0.0025,8.547052
2026-03-01 08:00:00+00:00,-0.115,-0.2961212
2026-03-01 09:00:00+00:00,-0.285,0.7609523
2026-03-01 10:00:00+00:00,-0.565,2.602308
2026-03-01 11:00:00+00:00,-0.825,2.869589
2026-03-01 12:00:00+00:00,-0.7875,4.255603
2026-03-01 13:00:00+00:00,-0.265,11.056211
2026-03-01 14:00:00+00:00,0.0025,20.382364
2026-03-01 15:00:00+00:00,59.900000000000006,33.246284
2026-03-01 16:00:00+00:00,93.3275,85.98769
2026-03-01 17:00:00+00:00,96.4925,99.17914
2026-03-01 18:00:00+00:00,100.8925,96.74025
2026-03-01 19:00:00+00:00,101.7225,90.70257
2026-03-01 20:00:00+00:00,93.1125,89.45707
2026-03-01 21:00:00+00:00,86.3525,81.861115
2026-03-01 22:00:00+00:00,76.855,70.86995
2026-03-01 23:00:00+00:00,81.545,64.384995
2026-03-02 00:00:00+00:00,77.07,73.61313
2026-03-02 01:00:00+00:00,75.02000000000001,68.6039
2026-03-02 02:00:00+00:00,75.58,68.90612
2026-03-02 03:00:00+00:00,81.705,75.95568
2026-03-02 04:00:00+00:00,100.235,92.393814
2026-03-02 05:00:00+00:00,123.39,113.11477
2026-03-02 06:00:00+00:00,106.085,107.88268
2026-03-02 07:00:00+00:00,41.81,81.44713
2026-03-02 08:00:00+00:00,0.0025,37.329315
2026-03-02 09:00:00+00:00,0.0075,7.473896
2026-03-02 10:00:00+00:00,0.0,9.801464
2026-03-02 11:00:00+00:00,0.0075,10.810301
2026-03-02 12:00:00+00:00,3.785,13.515742
2026-03-02 13:00:00+00:00,41.8925,30.086796
2026-03-02 14:00:00+00:00,78.24,59.669884
2026-03-02 15:00:00+00:00,91.555,89.306435
2026-03-02 16:00:00+00:00,145.3475,120.20227
2026-03-02 17:00:00+00:00,160.31,168.59647
2026-03-02 18:00:00+00:00,170.4675,167.01184
2026-03-02 19:00:00+00:00,138.8525,137.2505
2026-03-02 20:00:00+00:00,126.51,122.924934
2026-03-02 21:00:00+00:00,107.33,118.47247
2026-03-02 22:00:00+00:00,94.3175,98.7236
2026-03-02 23:00:00+00:00,91.79,91.380486
2026-03-03 00:00:00+00:00,92.805,93.10116
2026-03-03 01:00:00+00:00,92.0725,94.87826
2026-03-03 02:00:00+00:00,91.66,96.400536
2026-03-03 03:00:00+00:00,93.195,98.478355
2026-03-03 04:00:00+00:00,109.3,107.75556
2026-03-03 05:00:00+00:00,131.375,138.62761
2026-03-03 06:00:00+00:00,102.0075,123.77434
2026-03-03 07:00:00+00:00,109.805,82.00255
2026-03-03 08:00:00+00:00,99.4625,72.76132
2026-03-03 09:00:00+00:00,81.22,70.02928
2026-03-03 10:00:00+00:00,58.16,59.258213
2026-03-03 11:00:00+00:00,22.3425,48.99028
2026-03-03 12:00:00+00:00,37.615,26.475296
2026-03-03 13:00:00+00:00,67.41,50.129253
2026-03-03 14:00:00+00:00,92.5675,81.78902
2026-03-03 15:00:00+00:00,118.47,109.57648
2026-03-03 16:00:00+00:00,151.315,150.99438
2026-03-03 17:00:00+00:00,211.3225,181.80318
2026-03-03 18:00:00+00:00,193.9225,195.73798
2026-03-03 19:00:00+00:00,148.48000000000002,169.23055
2026-03-03 20:00:00+00:00,131.45,135.42612
2026-03-03 21:00:00+00:00,116.9125,120.16487
2026-03-03 22:00:00+00:00,94.2525,110.465096
2026-03-03 23:00:00+00:00,128.7475,95.514534
2026-03-04 00:00:00+00:00,126.015,122.87886
2026-03-04 01:00:00+00:00,131.56,119.46302
2026-03-04 02:00:00+00:00,126.56,126.10097
2026-03-04 03:00:00+00:00,115.135,129.90845
2026-03-04 04:00:00+00:00,116.805,136.09753
2026-03-04 05:00:00+00:00,139.055,144.14989
2026-03-04 06:00:00+00:00,93.7925,133.03435
2026-03-04 07:00:00+00:00,65.62,86.22404
2026-03-04 08:00:00+00:00,26.9925,58.473415
2026-03-04 09:00:00+00:00,0.0125,19.677101
2026-03-04 10:00:00+00:00,0.01,3.394768
2026-03-04 11:00:00+00:00,2.5675000000000003,3.2822497
2026-03-04 12:00:00+00:00,11.445,10.726999
2026-03-04 13:00:00+00:00,13.802499999999998,51.16497
2026-03-04 14:00:00+00:00,96.34,62.778477
2026-03-04 15:00:00+00:00,97.025,118.90705
2026-03-04 16:00:00+00:00,157.8675,142.1104
2026-03-04 17:00:00+00:00,215.3925,213.15544
2026-03-04 18:00:00+00:00,207.775,209.46619
2026-03-04 19:00:00+00:00,165.995,173.79457
2026-03-04 20:00:00+00:00,151.19,139.16554
2026-03-04 21:00:00+00:00,135.61,132.07957
2026-03-04 22:00:00+00:00,123.585,119.25756
2026-03-04 23:00:00+00:00,118.8525,115.73542
2026-03-05 00:00:00+00:00,112.9125,118.16571
2026-03-05 01:00:00+00:00,111.005,112.93432
2026-03-05 02:00:00+00:00,112.8975,118.473946
2026-03-05 03:00:00+00:00,114.0875,120.36029
2026-03-05 04:00:00+00:00,127.475,131.84755
2026-03-05 05:00:00+00:00,143.18,165.5436
2026-03-05 06:00:00+00:00,108.5025,139.18463
2026-03-05 07:00:00+00:00,105.6075,94.11545
2026-03-05 08:00:00+00:00,98.555,84.69099
2026-03-05 09:00:00+00:00,62.545,73.58017
2026-03-05 10:00:00+00:00,24.1175,53.95983
2026-03-05 11:00:00+00:00,10.945,24.77757
2026-03-05 12:00:00+00:00,9.6125,26.599583
2026-03-05 13:00:00+00:00,50.875,46.177147
2026-03-05 14:00:00+00:00,92.9875,82.09147
2026-03-05 15:00:00+00:00,100.35,111.6051
2026-03-05 16:00:00+00:00,123.9775,149.66914
2026-03-05 17:00:00+00:00,185.8675,179.38528
2026-03-05 18:00:00+00:00,180.2,199.04291
2026-03-05 19:00:00+00:00,157.9575,165.32986
2026-03-05 20:00:00+00:00,146.565,141.26514
2026-03-05 21:00:00+00:00,135.7825,130.99644
2026-03-05 22:00:00+00:00,98.745,118.52367
2026-03-05 23:00:00+00:00,109.1175,102.18138
2026-03-06 00:00:00+00:00,111.1625,108.40058
2026-03-06 01:00:00+00:00,114.5425,107.29475
2026-03-06 02:00:00+00:00,115.2275,112.5039
2026-03-06 03:00:00+00:00,121.9025,123.198044
2026-03-06 04:00:00+00:00,135.5625,140.84406
2026-03-06 05:00:00+00:00,140.87,154.26466
2026-03-06 06:00:00+00:00,59.045,118.22624
2026-03-06 07:00:00+00:00,22.37,60.29186
2026-03-06 08:00:00+00:00,0.005,26.707088
2026-03-06 09:00:00+00:00,0.0,3.956998
2026-03-06 10:00:00+00:00,0.0,4.1692595
2026-03-06 11:00:00+00:00,0.0,5.3006506
2026-03-06 12:00:00+00:00,0.0,8.953241
2026-03-06 13:00:00+00:00,0.165,28.749123
2026-03-06 14:00:00+00:00,46.0175,50.546234
2026-03-06 15:00:00+00:00,126.6,81.4761
2026-03-06 16:00:00+00:00,130.5875,159.27686
2026-03-06 17:00:00+00:00,172.345,181.32428
2026-03-06 18:00:00+00:00,170.64249999999998,194.825
2026-03-06 19:00:00+00:00,145.2325,155.09624
2026-03-06 20:00:00+00:00,137.125,134.7893
2026-03-06 21:00:00+00:00,128.94,122.58549
2026-03-06 22:00:00+00:00,104.275,113.43272
2026-03-06 23:00:00+00:00,136.0975,103.382195
2026-03-07 00:00:00+00:00,133.025,127.657005
2026-03-07 01:00:00+00:00,106.8525,123.43796
2026-03-07 02:00:00+00:00,109.5675,109.412994
2026-03-07 03:00:00+00:00,121.5125,114.72471
2026-03-07 04:00:00+00:00,128.625,134.05444
2026-03-07 05:00:00+00:00,135.315,138.99261
2026-03-07 06:00:00+00:00,80.66499999999999,103.87489
2026-03-07 07:00:00+00:00,12.05,51.26213
2026-03-07 08:00:00+00:00,0.0,7.253045
2026-03-07 09:00:00+00:00,0.0,-1.5798119
2026-03-07 10:00:00+00:00,-1.965,5.368871
2026-03-07 11:00:00+00:00,-2.8125,6.643019
2026-03-07 12:00:00+00:00,-0.3525,6.34473
2026-03-07 13:00:00+00:00,0.0,26.895348
2026-03-07 14:00:00+00:00,57.355,37.94207
2026-03-07 15:00:00+00:00,114.465,95.43959
2026-03-07 16:00:00+00:00,113.5775,143.01414
2026-03-07 17:00:00+00:00,150.01,150.41635
2026-03-07 18:00:00+00:00,125.6425,169.7477
2026-03-07 19:00:00+00:00,149.8275,132.74077
2026-03-07 20:00:00+00:00,115.595,133.26646
2026-03-07 21:00:00+00:00,132.6725,113.44662
2026-03-07 22:00:00+00:00,97.3975,113.75348
2026-03-07 23:00:00+00:00,98.12,102.71551
2026-03-08 00:00:00+00:00,103.6725,105.324646
2026-03-08 01:00:00+00:00,106.755,103.19009
2026-03-08 02:00:00+00:00,134.7475,105.20757
2026-03-08 03:00:00+00:00,118.9425,133.13116
2026-03-08 04:00:00+00:00,128.8725,134.37794
2026-03-08 05:00:00+00:00,135.2425,133.90048
2026-03-08 06:00:00+00:00,112.4,111.25938
2026-03-08 07:00:00+00:00,17.5025,75.85766
2026-03-08 08:00:00+00:00,0.0,14.576844
2026-03-08 09:00:00+00:00,0.0,2.159117
2026-03-08 10:00:00+00:00,-0.0025,5.2403793
2026-03-08 11:00:00+00:00,-1.5625,6.7693253
2026-03-08 12:00:00+00:00,-0.125,7.6997337
2026-03-08 13:00:00+00:00,0.0,28.411543
2026-03-08 14:00:00+00:00,58.19,40.544872
2026-03-08 15:00:00+00:00,92.1175,91.50804
2026-03-08 16:00:00+00:00,147.6625,115.347176
2026-03-08 17:00:00+00:00,156.7875,154.56888
2026-03-08 18:00:00+00:00,146.825,147.45258
2026-03-08 19:00:00+00:00,121.235,127.53528
2026-03-08 20:00:00+00:00,94.1825,110.20837
2026-03-08 21:00:00+00:00,109.8325,96.842766
2026-03-08 22:00:00+00:00,94.0825,98.60726
2026-03-08 23:00:00+00:00,104.24,86.77888
2026-03-09 00:00:00+00:00,111.81,100.78489
2026-03-09 01:00:00+00:00,106.105,103.286415
2026-03-09 02:00:00+00:00,103.785,107.35109
2026-03-09 03:00:00+00:00,106.5725,104.290436
2026-03-09 04:00:00+00:00,97.47,129.33827
2026-03-09 05:00:00+00:00,163.975,125.75268
2026-03-09 06:00:00+00:00,59.7625,120.249756
2026-03-09 07:00:00+00:00,0.005,45.88563
2026-03-09 08:00:00+00:00,0.0,3.8782592
2026-03-09 09:00:00+00:00,0.0,4.813518
2026-03-09 10:00:00+00:00,-0.0075,8.425319
2026-03-09 11:00:00+00:00,-0.01,12.064889
2026-03-09 12:00:00+00:00,-0.005,14.741959
2026-03-09 13:00:00+00:00,0.0,29.986317
2026-03-09 14:00:00+00:00,15.0025,39.86041
2026-03-09 15:00:00+00:00,59.8325,65.232376
2026-03-09 16:00:00+00:00,124.2025,112.7485
2026-03-09 17:00:00+00:00,212.2975,152.46468
2026-03-09 18:00:00+00:00,218.06,202.53284
2026-03-09 19:00:00+00:00,143.99,180.30061
2026-03-09 20:00:00+00:00,104.8725,116.11004
2026-03-09 21:00:00+00:00,152.13,99.85562
2026-03-09 22:00:00+00:00,106.395,118.78073
2026-03-09 23:00:00+00:00,89.6925,94.72651
2026-03-10 00:00:00+00:00,95.95,97.27984
2026-03-10 01:00:00+00:00,89.07,95.92766
2026-03-10 02:00:00+00:00,88.6575,95.3839
2026-03-10 03:00:00+00:00,91.4375,100.701965
2026-03-10 04:00:00+00:00,100.505,117.106865
2026-03-10 05:00:00+00:00,102.6875,134.1162
2026-03-10 06:00:00+00:00,32.0025,82.269165
2026-03-10 07:00:00+00:00,21.6125,29.244177
2026-03-10 08:00:00+00:00,0.0,20.560093
2026-03-10 09:00:00+00:00,0.0,4.3977623
2026-03-10 10:00:00+00:00,0.0,7.0273943
2026-03-10 11:00:00+00:00,0.0,7.29445
2026-03-10 12:00:00+00:00,0.0,11.294095
2026-03-10 13:00:00+00:00,0.0075,31.859877
2026-03-10 14:00:00+00:00,27.375,39.98951
2026-03-10 15:00:00+00:00,118.275,65.883484
2026-03-10 16:00:00+00:00,189.8025,159.68282
2026-03-10 17:00:00+00:00,215.4125,238.16599
2026-03-10 18:00:00+00:00,200.0,225.296
2026-03-10 19:00:00+00:00,173.5025,173.616
2026-03-10 20:00:00+00:00,157.8425,145.62793
2026-03-10 21:00:00+00:00,136.04,140.94531
2026-03-10 22:00:00+00:00,107.81,116.74989
2026-03-10 23:00:00+00:00,97.1,96.67663
2026-03-11 00:00:00+00:00,89.2525,98.5329
2026-03-11 01:00:00+00:00,85.505,96.30322
2026-03-11 02:00:00+00:00,87.825,94.07949
2026-03-11 03:00:00+00:00,94.1,106.00869
2026-03-11 04:00:00+00:00,124.255,119.36904
2026-03-11 05:00:00+00:00,136.57500000000002,146.98909
2026-03-11 06:00:00+00:00,70.58,121.04541
2026-03-11 07:00:00+00:00,13.625,49.31278
2026-03-11 08:00:00+00:00,0.6425,10.527405
2026-03-11 09:00:00+00:00,0.0,-2.658716
2026-03-11 10:00:00+00:00,0.0,2.2190924
2026-03-11 11:00:00+00:00,0.0,3.2531319
2026-03-11 12:00:00+00:00,0.0,7.1290426
2026-03-11 13:00:00+00:00,5.307499999999999,29.930336
2026-03-11 14:00:00+00:00,73.755,48.523594
2026-03-11 15:00:00+00:00,148.43,116.72316
2026-03-11 16:00:00+00:00,155.33749999999998,206.46687
2026-03-11 17:00:00+00:00,215.5825,236.8183
2026-03-11 18:00:00+00:00,215.5825,227.59816
2026-03-11 19:00:00+00:00,209.6825,201.4381
2026-03-11 20:00:00+00:00,162.185,183.76953
2026-03-11 21:00:00+00:00,138.0,146.05353
2026-03-11 22:00:00+00:00,117.015,135.41481
2026-03-11 23:00:00+00:00,126.61,112.56957
2026-03-12 00:00:00+00:00,121.25,115.03312
2026-03-12 01:00:00+00:00,113.7275,112.36918
2026-03-12 02:00:00+00:00,111.765,112.82033
2026-03-12 03:00:00+00:00,122.845,124.70516
2026-03-12 04:00:00+00:00,132.1175,155.3302
2026-03-12 05:00:00+00:00,150.8375,166.01492
2026-03-12 06:00:00+00:00,151.04,134.16928
2026-03-12 07:00:00+00:00,84.9275,99.06636
2026-03-12 08:00:00+00:00,22.97,61.056385
2026-03-12 09:00:00+00:00,0.005,14.699368
2026-03-12 10:00:00+00:00,0.0,1.4924512
2026-03-12 11:00:00+00:00,0.0,2.2646449
2026-03-12 12:00:00+00:00,2.12,8.8473625
2026-03-12 13:00:00+00:00,26.3025,32.273987
2026-03-12 14:00:00+00:00,85.97749999999999,59.89954
2026-03-12 15:00:00+00:00,143.3725,117.5721
2026-03-12 16:00:00+00:00,151.45499999999998,180.6074
2026-03-12 17:00:00+00:00,190.43,227.7732
2026-03-12 18:00:00+00:00,207.9325,224.40036
2026-03-12 19:00:00+00:00,224.355,201.59248
2026-03-12 20:00:00+00:00,161.655,204.1694
2026-03-12 21:00:00+00:00,142.395,157.1325
2026-03-12 22:00:00+00:00,123.5675,131.44812
2026-03-12 23:00:00+00:00,119.2075,116.7594
2026-03-13 00:00:00+00:00,104.5125,109.356674
2026-03-13 01:00:00+00:00,102.085,99.262856
2026-03-13 02:00:00+00:00,102.0875,99.34799
2026-03-13 03:00:00+00:00,112.5,116.85918
2026-03-13 04:00:00+00:00,134.32999999999998,145.63147
2026-03-13 05:00:00+00:00,152.87,162.24182
2026-03-13 06:00:00+00:00,137.2775,114.375114
2026-03-13 07:00:00+00:00,33.3925,89.67843
2026-03-13 08:00:00+00:00,3.195,21.851152
2026-03-13 09:00:00+00:00,0.0,2.287037
2026-03-13 10:00:00+00:00,-0.1,4.3125367
2026-03-13 11:00:00+00:00,0.0,5.1676164
2026-03-13 12:00:00+00:00,0.2675,9.3103075
2026-03-13 13:00:00+00:00,8.185,25.408363
2026-03-13 14:00:00+00:00,67.6225,56.522808
2026-03-13 15:00:00+00:00,89.24,112.24918
2026-03-13 16:00:00+00:00,137.055,127.8145
2026-03-13 17:00:00+00:00,168.3675,179.92545
2026-03-13 18:00:00+00:00,153.0,183.85942
2026-03-13 19:00:00+00:00,147.9525,166.9124
2026-03-13 20:00:00+00:00,134.17,149.82895
2026-03-13 21:00:00+00:00,124.99,126.40118
2026-03-13 22:00:00+00:00,116.905,112.00061
2026-03-13 23:00:00+00:00,114.7825,108.68529
2026-03-14 00:00:00+00:00,110.285,107.54481
2026-03-14 01:00:00+00:00,104.775,102.911064
2026-03-14 02:00:00+00:00,106.76,99.75487
2026-03-14 03:00:00+00:00,108.2975,106.67321
2026-03-14 04:00:00+00:00,110.8775,123.555016
2026-03-14 05:00:00+00:00,112.7025,121.74814
2026-03-14 06:00:00+00:00,85.7,95.46794
2026-03-14 07:00:00+00:00,1.25,63.733562
2026-03-14 08:00:00+00:00,-0.0775,5.764577
2026-03-14 09:00:00+00:00,-2.4725,0.7428572
2026-03-14 10:00:00+00:00,-3.3375,6.742892
2026-03-14 11:00:00+00:00,-4.0525,8.440489
2026-03-14 12:00:00+00:00,-3.9925,13.003085
2026-03-14 13:00:00+00:00,-0.625,28.33554
2026-03-14 14:00:00+00:00,42.0125,44.490715
2026-03-14 15:00:00+00:00,118.425,75.74112
2026-03-14 16:00:00+00:00,142.16750000000002,146.02704
2026-03-14 17:00:00+00:00,161.1,179.08876
2026-03-14 18:00:00+00:00,169.83499999999998,163.28111
2026-03-14 19:00:00+00:00,150.265,154.86833
2026-03-14 20:00:00+00:00,137.4525,137.71326
2026-03-14 21:00:00+00:00,135.2375,125.12661
2026-03-14 22:00:00+00:00,128.04500000000002,117.975914
2026-03-14 23:00:00+00:00,124.08,114.37708
2026-03-15 00:00:00+00:00,126.655,116.67483
2026-03-15 01:00:00+00:00,109.4475,113.2403
2026-03-15 02:00:00+00:00,119.07,107.8825
2026-03-15 03:00:00+00:00,124.06,115.736305
2026-03-15 04:00:00+00:00,125.4225,132.59369
2026-03-15 05:00:00+00:00,111.4,127.37042
2026-03-15 06:00:00+00:00,85.0675,92.73641
2026-03-15 07:00:00+00:00,0.0,61.75378
2026-03-15 08:00:00+00:00,-0.0775,-0.5952313
2026-03-15 09:00:00+00:00,-0.7825,-0.3852303
2026-03-15 10:00:00+00:00,-1.0025,4.486948
2026-03-15 11:00:00+00:00,-0.33,5.454278
2026-03-15 12:00:00+00:00,-0.055,8.986687
2026-03-15 13:00:00+00:00,0.0025,26.887413
2026-03-15 14:00:00+00:00,29.01,39.003338
2026-03-15 15:00:00+00:00,99.09,76.11294
2026-03-15 16:00:00+00:00,137.22250000000005,137.31017
2026-03-15 17:00:00+00:00,155.4925,174.86324
2026-03-15 18:00:00+00:00,151.9825,172.99638
2026-03-15 19:00:00+00:00,154.9225,142.79762
2026-03-15 20:00:00+00:00,131.15,141.21977
2026-03-15 21:00:00+00:00,116.0025,124.16488
2026-03-15 22:00:00+00:00,103.5975,114.08787
2026-03-15 23:00:00+00:00,82.045,104.39312
2026-03-16 00:00:00+00:00,78.605,93.54127
2026-03-16 01:00:00+00:00,81.18,86.84493
2026-03-16 02:00:00+00:00,65.5075,95.29617
2026-03-16 03:00:00+00:00,83.6,94.830894
2026-03-16 04:00:00+00:00,123.5975,116.914
2026-03-16 05:00:00+00:00,148.1075,155.23463
2026-03-16 06:00:00+00:00,136.9425,129.27724
2026-03-16 07:00:00+00:00,88.19,112.137405
2026-03-16 08:00:00+00:00,44.655,71.319084
2026-03-16 09:00:00+00:00,23.555,40.35139
2026-03-16 10:00:00+00:00,15.9925,25.664207
2026-03-16 11:00:00+00:00,25.85,25.059242
2026-03-16 12:00:00+00:00,54.3,32.47509
2026-03-16 13:00:00+00:00,77.73,69.214584
2026-03-16 14:00:00+00:00,110.9525,85.3314
2026-03-16 15:00:00+00:00,140.4575,123.51203
2026-03-16 16:00:00+00:00,158.11,178.67636
2026-03-16 17:00:00+00:00,167.76999999999998,206.193
2026-03-16 18:00:00+00:00,179.925,194.43033
2026-03-16 19:00:00+00:00,161.6725,161.11084
2026-03-16 20:00:00+00:00,137.38,141.84569
2026-03-16 21:00:00+00:00,123.2575,131.66891
2026-03-16 22:00:00+00:00,100.02,109.06676
2026-03-16 23:00:00+00:00,111.9725,94.121445
2026-03-17 00:00:00+00:00,104.2525,103.238495
2026-03-17 01:00:00+00:00,107.5775,99.29439
2026-03-17 02:00:00+00:00,108.7975,101.223785
2026-03-17 03:00:00+00:00,111.6025,107.12035
2026-03-17 04:00:00+00:00,116.74,127.11526
2026-03-17 05:00:00+00:00,126.18,141.58693
2026-03-17 06:00:00+00:00,118.2075,120.13894
2026-03-17 07:00:00+00:00,115.665,99.28073
2026-03-17 08:00:00+00:00,80.2725,96.18434
2026-03-17 09:00:00+00:00,80.785,69.96865
2026-03-17 10:00:00+00:00,110.01,74.21735
2026-03-17 11:00:00+00:00,104.6725,99.434
2026-03-17 12:00:00+00:00,106.895,100.703415
2026-03-17 13:00:00+00:00,109.57,104.254074
2026-03-17 14:00:00+00:00,126.5225,115.84612
2026-03-17 15:00:00+00:00,130.37,140.17737
2026-03-17 16:00:00+00:00,168.9975,153.59416
2026-03-17 17:00:00+00:00,146.7925,181.48677
2026-03-17 18:00:00+00:00,120.925,159.57939
2026-03-17 19:00:00+00:00,132.92000000000002,131.49152
2026-03-17 20:00:00+00:00,130.045,126.6
2026-03-17 21:00:00+00:00,111.6325,116.21733
2026-03-17 22:00:00+00:00,107.3625,103.079575
2026-03-17 23:00:00+00:00,96.7725,101.74499
2026-03-18 00:00:00+00:00,96.0075,94.99828
2026-03-18 01:00:00+00:00,95.105,94.19704
2026-03-18 02:00:00+00:00,96.3325,94.955345
2026-03-18 03:00:00+00:00,99.47,100.53375
2026-03-18 04:00:00+00:00,107.6625,115.3613
2026-03-18 05:00:00+00:00,129.27,128.66667
2026-03-18 06:00:00+00:00,107.19,129.33961
2026-03-18 07:00:00+00:00,104.0025,102.91309
2026-03-18 08:00:00+00:00,82.0325,92.91182
2026-03-18 09:00:00+00:00,37.8425,72.238686
2026-03-18 10:00:00+00:00,8.6325,49.267536
2026-03-18 11:00:00+00:00,7.8075,22.061155
2026-03-18 12:00:00+00:00,11.52,29.187254
2026-03-18 13:00:00+00:00,30.3,58.926105
2026-03-18 14:00:00+00:00,66.365,72.59846
2026-03-18 15:00:00+00:00,105.6525,104.94662
2026-03-18 16:00:00+00:00,139.9425,132.23073
2026-03-18 17:00:00+00:00,153.5625,159.31963
2026-03-18 18:00:00+00:00,120.6175,152.69301
2026-03-18 19:00:00+00:00,119.5175,112.7716
2026-03-18 20:00:00+00:00,124.12,110.43025
2026-03-18 21:00:00+00:00,127.38,108.56776
2026-03-18 22:00:00+00:00,113.4,104.65985
2026-03-18 23:00:00+00:00,92.9525,99.685616
2026-03-19 00:00:00+00:00,99.8275,90.14707
2026-03-19 01:00:00+00:00,106.325,94.572624
2026-03-19 02:00:00+00:00,118.885,98.447655
2026-03-19 03:00:00+00:00,129.1,117.32085
2026-03-19 04:00:00+00:00,126.0025,139.644
2026-03-19 05:00:00+00:00,116.37,141.204
2026-03-19 06:00:00+00:00,96.1625,120.90708
2026-03-19 07:00:00+00:00,87.55250000000001,88.064964
2026-03-19 08:00:00+00:00,89.735,73.05191
2026-03-19 09:00:00+00:00,60.05,72.671394
2026-03-19 10:00:00+00:00,10.2975,55.21215
2026-03-19 11:00:00+00:00,24.1725,21.54277
2026-03-19 12:00:00+00:00,25.5975,32.32906
2026-03-19 13:00:00+00:00,69.105,44.946968
2026-03-19 14:00:00+00:00,94.31,80.4962
2026-03-19 15:00:00+00:00,127.82,109.84129
2026-03-19 16:00:00+00:00,137.425,144.43965
2026-03-19 17:00:00+00:00,167.9175,155.6791
2026-03-19 18:00:00+00:00,171.2875,162.04832
2026-03-19 19:00:00+00:00,130.01,136.92368
2026-03-19 20:00:00+00:00,113.145,112.77396
2026-03-19 21:00:00+00:00,120.4025,106.08161
2026-03-19 22:00:00+00:00,115.1425,105.32279
2026-03-19 23:00:00+00:00,99.0775,102.43068
2026-03-20 00:00:00+00:00,104.3975,93.08218
2026-03-20 01:00:00+00:00,100.4175,96.80682
2026-03-20 02:00:00+00:00,96.63,97.63184
2026-03-20 03:00:00+00:00,95.575,106.158554
2026-03-20 04:00:00+00:00,95.35,113.402214
2026-03-20 05:00:00+00:00,107.9575,112.97251
2026-03-20 06:00:00+00:00,86.6725,100.76499
2026-03-20 07:00:00+00:00,95.195,71.67655
2026-03-20 08:00:00+00:00,60.085,66.99745
2026-03-20 09:00:00+00:00,74.985,43.499626
2026-03-20 10:00:00+00:00,84.83500000000001,51.677036
2026-03-20 11:00:00+00:00,71.07,70.288765
2026-03-20 12:00:00+00:00,71.26,71.303764
2026-03-20 13:00:00+00:00,95.12,78.92864
2026-03-20 14:00:00+00:00,127.63,100.80076
2026-03-20 15:00:00+00:00,138.0075,144.32478
2026-03-20 16:00:00+00:00,157.0775,161.45085
2026-03-20 17:00:00+00:00,205.5125,178.01091
2026-03-20 18:00:00+00:00,165.9375,194.63986
2026-03-20 19:00:00+00:00,181.185,141.71535
2026-03-20 20:00:00+00:00,132.0,151.49083
2026-03-20 21:00:00+00:00,119.8675,116.00405
2026-03-20 22:00:00+00:00,123.025,110.021164
2026-03-20 23:00:00+00:00,136.4375,109.2903
2026-03-21 00:00:00+00:00,108.485,120.7849
2026-03-21 01:00:00+00:00,106.655,104.5236
2026-03-21 02:00:00+00:00,138.31,101.085365
2026-03-21 03:00:00+00:00,125.9125,129.93367
2026-03-21 04:00:00+00:00,119.4025,123.04092
2026-03-21 05:00:00+00:00,111.92,115.58236
2026-03-21 06:00:00+00:00,107.3325,99.41225
2026-03-21 07:00:00+00:00,57.3775,94.88782
2026-03-21 08:00:00+00:00,0.0,42.565395
2026-03-21 09:00:00+00:00,0.0,-1.3043867
2026-03-21 10:00:00+00:00,0.01,4.1152916
2026-03-21 11:00:00+00:00,10.2075,5.5513606
2026-03-21 12:00:00+00:00,31.2875,26.553123
2026-03-21 13:00:00+00:00,81.2925,61.09816
2026-03-21 14:00:00+00:00,84.9675,102.29382
2026-03-21 15:00:00+00:00,128.9075,117.55417
2026-03-21 16:00:00+00:00,157.8775,166.94096
2026-03-21 17:00:00+00:00,159.2625,190.74025
2026-03-21 18:00:00+00:00,136.96,172.42792
2026-03-21 19:00:00+00:00,140.135,143.5497
2026-03-21 20:00:00+00:00,133.0075,125.29605
2026-03-21 21:00:00+00:00,128.4325,119.3735
2026-03-21 22:00:00+00:00,115.79,116.606125
2026-03-21 23:00:00+00:00,102.8925,111.458694
2026-03-22 00:00:00+00:00,100.5025,102.1896
2026-03-22 01:00:00+00:00,100.27,99.14289
2026-03-22 02:00:00+00:00,101.5975,105.6174
2026-03-22 03:00:00+00:00,105.15,107.2686
2026-03-22 04:00:00+00:00,104.53,113.29339
2026-03-22 05:00:00+00:00,103.6675,104.33128
2026-03-22 06:00:00+00:00,84.51,91.27594
2026-03-22 07:00:00+00:00,0.0,60.70247
2026-03-22 08:00:00+00:00,0.0,-3.110859
2026-03-22 09:00:00+00:00,0.0,-3.3091707
2026-03-22 10:00:00+00:00,0.01,-0.24205096
2026-03-22 11:00:00+00:00,0.01,3.2945905
2026-03-22 12:00:00+00:00,1.825,12.8563595
2026-03-22 13:00:00+00:00,8.845,39.031616
2026-03-22 14:00:00+00:00,62.4775,55.388737
2026-03-22 15:00:00+00:00,96.17,106.168205
2026-03-22 16:00:00+00:00,140.14,129.61012
2026-03-22 17:00:00+00:00,131.76,173.9747
2026-03-22 18:00:00+00:00,178.8425,150.49608
2026-03-22 19:00:00+00:00,178.6475,151.66246
2026-03-22 20:00:00+00:00,144.8625,139.78055
2026-03-22 21:00:00+00:00,154.7575,124.36225
2026-03-22 22:00:00+00:00,133.185,126.45908
2026-03-22 23:00:00+00:00,141.85750000000002,112.80167
2026-03-23 00:00:00+00:00,134.5575,130.51099
2026-03-23 01:00:00+00:00,131.8125,121.81366
2026-03-23 02:00:00+00:00,129.5375,121.831566
2026-03-23 03:00:00+00:00,146.0425,131.74228
2026-03-23 04:00:00+00:00,163.6975,162.1652
2026-03-23 05:00:00+00:00,186.4875,181.0086
2026-03-23 06:00:00+00:00,160.6775,164.17677
2026-03-23 07:00:00+00:00,113.005,133.0511
2026-03-23 08:00:00+00:00,120.475,95.68009
2026-03-23 09:00:00+00:00,99.8075,102.667206
2026-03-23 10:00:00+00:00,81.4975,87.60164
2026-03-23 11:00:00+00:00,95.9025,78.66885
2026-03-23 12:00:00+00:00,117.005,93.45549
2026-03-23 13:00:00+00:00,124.885,120.292755
2026-03-23 14:00:00+00:00,136.6675,137.12666
2026-03-23 15:00:00+00:00,155.5075,159.06052
2026-03-23 16:00:00+00:00,191.8275,186.51501
2026-03-23 17:00:00+00:00,223.6675,209.22807
2026-03-23 18:00:00+00:00,224.63,213.7132
2026-03-23 19:00:00+00:00,200.64,189.76547
2026-03-23 20:00:00+00:00,169.9,168.77759
2026-03-23 21:00:00+00:00,152.745,150.26653
2026-03-23 22:00:00+00:00,142.8275,139.04176
2026-03-23 23:00:00+00:00,146.24,133.83438
2026-03-24 00:00:00+00:00,132.5775,137.7214
2026-03-24 01:00:00+00:00,116.42,127.71068
2026-03-24 02:00:00+00:00,106.7125,117.10163
2026-03-24 03:00:00+00:00,106.0125,114.25356
2026-03-24 04:00:00+00:00,131.1725,126.17925
2026-03-24 05:00:00+00:00,134.73000000000002,153.80687
2026-03-24 06:00:00+00:00,115.5875,135.45392
2026-03-24 07:00:00+00:00,100.085,107.21705
2026-03-24 08:00:00+00:00,72.015,82.14575
2026-03-24 09:00:00+00:00,29.3125,62.020412
2026-03-24 10:00:00+00:00,17.39,39.255398
2026-03-24 11:00:00+00:00,24.285,34.95547
2026-03-24 12:00:00+00:00,51.24,56.520557
2026-03-24 13:00:00+00:00,80.86,86.10624
2026-03-24 14:00:00+00:00,95.095,111.50296
2026-03-24 15:00:00+00:00,137.2475,120.35623
2026-03-24 16:00:00+00:00,157.29,168.9641
2026-03-24 17:00:00+00:00,159.5025,192.45337
2026-03-24 18:00:00+00:00,153.1,180.92885
2026-03-24 19:00:00+00:00,153.845,143.02426
2026-03-24 20:00:00+00:00,159.0725,140.62509
2026-03-24 21:00:00+00:00,124.1375,131.4525
2026-03-24 22:00:00+00:00,112.55,116.83084
2026-03-24 23:00:00+00:00,104.1825,108.03491
2026-03-25 00:00:00+00:00,104.35,105.1641
2026-03-25 01:00:00+00:00,97.205,100.18241
2026-03-25 02:00:00+00:00,96.52,89.70795
2026-03-25 03:00:00+00:00,108.14,94.32949
2026-03-25 04:00:00+00:00,104.9275,117.641
2026-03-25 05:00:00+00:00,95.125,110.93296
2026-03-25 06:00:00+00:00,39.48,85.75976
2026-03-25 07:00:00+00:00,0.0025,47.321285
2026-03-25 08:00:00+00:00,0.0,1.135847
2026-03-25 09:00:00+00:00,0.0,-4.003649
2026-03-25 10:00:00+00:00,0.0,0.07851499
2026-03-25 11:00:00+00:00,0.0,-0.60545254
2026-03-25 12:00:00+00:00,0.0,4.0650496
2026-03-25 13:00:00+00:00,0.0,22.937803
2026-03-25 14:00:00+00:00,22.32,45.486313
2026-03-25 15:00:00+00:00,107.04,82.46039
2026-03-25 16:00:00+00:00,160.1075,133.27832
2026-03-25 17:00:00+00:00,135.82,173.18846
2026-03-25 18:00:00+00:00,158.4425,145.8281
2026-03-25 19:00:00+00:00,158.685,143.8334
2026-03-25 20:00:00+00:00,153.4525,139.96307
2026-03-25 21:00:00+00:00,136.2025,129.34088
2026-03-25 22:00:00+00:00,110.9725,115.85268
2026-03-25 23:00:00+00:00,102.9425,99.404
2026-03-26 00:00:00+00:00,98.4225,100.76846
2026-03-26 01:00:00+00:00,95.3175,97.36834
2026-03-26 02:00:00+00:00,100.1775,98.82887
2026-03-26 03:00:00+00:00,107.14,109.03981
2026-03-26 04:00:00+00:00,131.945,123.059784
2026-03-26 05:00:00+00:00,147.695,131.72418
2026-03-26 06:00:00+00:00,124.12,115.34981
2026-03-26 07:00:00+00:00,25.3325,86.1699
2026-03-26 08:00:00+00:00,0.0025,14.57928
2026-03-26 09:00:00+00:00,0.0,-5.4834785
2026-03-26 10:00:00+00:00,0.0,1.87603
2026-03-26 11:00:00+00:00,0.0,2.6099405
2026-03-26 12:00:00+00:00,0.0,8.887657
2026-03-26 13:00:00+00:00,0.0075,31.842016
2026-03-26 14:00:00+00:00,41.8725,41.218662
2026-03-26 15:00:00+00:00,94.6925,79.45928
2026-03-26 16:00:00+00:00,154.785,121.272606
2026-03-26 17:00:00+00:00,136.11,168.62129
2026-03-26 18:00:00+00:00,126.9675,154.54152
2026-03-26 19:00:00+00:00,139.7,126.723076
2026-03-26 20:00:00+00:00,133.99,121.069244
2026-03-26 21:00:00+00:00,126.33,115.636566
2026-03-26 22:00:00+00:00,115.445,109.01135
2026-03-26 23:00:00+00:00,118.5425,101.512375
2026-03-27 00:00:00+00:00,121.905,111.028244
2026-03-27 01:00:00+00:00,117.3425,113.02786
2026-03-27 02:00:00+00:00,117.8325,109.64634
2026-03-27 03:00:00+00:00,120.2475,112.46784
2026-03-27 04:00:00+00:00,137.03750000000002,132.3077
2026-03-27 05:00:00+00:00,126.3475,139.18684
2026-03-27 06:00:00+00:00,110.51,101.86269
2026-03-27 07:00:00+00:00,87.0475,75.415886
2026-03-27 08:00:00+00:00,7.007499999999999,47.081665
2026-03-27 09:00:00+00:00,0.325,5.387983
2026-03-27 10:00:00+00:00,5.5025,6.074058
2026-03-27 11:00:00+00:00,35.947500000000005,9.304644
2026-03-27 12:00:00+00:00,41.05,43.51803
2026-03-27 13:00:00+00:00,57.255,58.578415
2026-03-27 14:00:00+00:00,103.05,76.95387
2026-03-27 15:00:00+00:00,120.735,112.55057
2026-03-27 16:00:00+00:00,124.98,148.70242
2026-03-27 17:00:00+00:00,123.8025,152.16835
2026-03-27 18:00:00+00:00,127.57,138.48193
2026-03-27 19:00:00+00:00,125.4975,129.64696
2026-03-27 20:00:00+00:00,124.705,117.29165
2026-03-27 21:00:00+00:00,116.66,114.61275
2026-03-27 22:00:00+00:00,106.0125,110.32668
2026-03-27 23:00:00+00:00,95.135,105.1252
2026-03-28 00:00:00+00:00,92.675,98.710266
2026-03-28 01:00:00+00:00,90.4675,95.50126
2026-03-28 02:00:00+00:00,90.3075,100.74973
2026-03-28 03:00:00+00:00,92.105,100.22425
2026-03-28 04:00:00+00:00,95.4075,107.34211
2026-03-28 05:00:00+00:00,90.765,103.678
2026-03-28 06:00:00+00:00,80.27250000000001,88.76386
2026-03-28 07:00:00+00:00,68.3,67.951675
2026-03-28 08:00:00+00:00,45.0225,51.166992
2026-03-28 09:00:00+00:00,17.5825,33.767
2026-03-28 10:00:00+00:00,7.99,14.993002
2026-03-28 11:00:00+00:00,6.72,5.7371225
2026-03-28 12:00:00+00:00,7.9375,11.88013
2026-03-28 13:00:00+00:00,21.0325,38.161304
2026-03-28 14:00:00+00:00,57.69,64.525795
2026-03-28 15:00:00+00:00,94.0775,94.72948
2026-03-28 16:00:00+00:00,128.39,124.50858
2026-03-28 17:00:00+00:00,143.625,148.99791
2026-03-28 18:00:00+00:00,154.07,146.8532
2026-03-28 19:00:00+00:00,145.725,132.7477
2026-03-28 20:00:00+00:00,140.93,126.37252
2026-03-28 21:00:00+00:00,127.41,121.738495
2026-03-28 22:00:00+00:00,119.58,110.65108
2026-03-28 23:00:00+00:00,116.2,105.58643
2026-03-29 00:00:00+00:00,109.76,109.59913
2026-03-29 01:00:00+00:00,108.0975,102.95785
2026-03-29 02:00:00+00:00,115.48,100.35435
2026-03-29 03:00:00+00:00,111.5275,109.292984
2026-03-29 04:00:00+00:00,110.025,108.60216
2026-03-29 05:00:00+00:00,115.0025,100.01053
2026-03-29 06:00:00+00:00,107.235,91.61354
2026-03-29 07:00:00+00:00,0.0025,70.14873
2026-03-29 08:00:00+00:00,0.0,-6.99044
2026-03-29 09:00:00+00:00,0.0,-4.8606453
2026-03-29 10:00:00+00:00,0.0,-1.1713812
2026-03-29 11:00:00+00:00,0.0025,0.40293965
2026-03-29 12:00:00+00:00,0.0075,4.1377826
2026-03-29 13:00:00+00:00,0.3325,21.785511
2026-03-29 14:00:00+00:00,22.5875,32.689026
2026-03-29 15:00:00+00:00,92.3125,62.579536
2026-03-29 16:00:00+00:00,106.8325,122.13693
2026-03-29 17:00:00+00:00,127.8975,129.0671
2026-03-29 18:00:00+00:00,134.6275,146.48378
2026-03-29 19:00:00+00:00,141.575,130.44614
2026-03-29 20:00:00+00:00,151.205,130.28758
2026-03-29 21:00:00+00:00,138.625,133.51093
2026-03-29 22:00:00+00:00,94.07,125.2566
2026-03-29 23:00:00+00:00,92.1675,103.223816
2026-03-30 00:00:00+00:00,79.6725,99.20007
2026-03-30 01:00:00+00:00,74.35,90.8313
2026-03-30 02:00:00+00:00,91.1125,89.34281
2026-03-30 03:00:00+00:00,114.425,111.20876
2026-03-30 04:00:00+00:00,159.57,149.15593
2026-03-30 05:00:00+00:00,176.1625,170.69492
2026-03-30 06:00:00+00:00,166.4125,152.13387
2026-03-30 07:00:00+00:00,122.6275,109.22901
2026-03-30 08:00:00+00:00,69.915,86.03855
2026-03-30 09:00:00+00:00,13.3925,48.288105
2026-03-30 10:00:00+00:00,0.02,14.278282
2026-03-30 11:00:00+00:00,32.0925,5.8094277
2026-03-30 12:00:00+00:00,107.3775,51.536953
2026-03-30 13:00:00+00:00,124.9975,110.483215
2026-03-30 14:00:00+00:00,138.7175,131.87935
2026-03-30 15:00:00+00:00,148.57,158.50645
2026-03-30 16:00:00+00:00,180.0,177.63489
2026-03-30 17:00:00+00:00,212.8825,203.97849
2026-03-30 18:00:00+00:00,194.58,215.36241
2026-03-30 19:00:00+00:00,177.3625,164.65062
2026-03-30 20:00:00+00:00,141.18,152.38733
2026-03-30 21:00:00+00:00,120.6225,135.18394
2026-03-30 22:00:00+00:00,116.805,117.563675
2026-03-30 23:00:00+00:00,107.2775,115.58356
2026-03-31 00:00:00+00:00,104.62,104.2662
2026-03-31 01:00:00+00:00,104.895,103.42163
2026-03-31 02:00:00+00:00,105.9775,103.457214
2026-03-31 03:00:00+00:00,126.3825,111.68234
2026-03-31 04:00:00+00:00,161.235,155.41454
2026-03-31 05:00:00+00:00,192.6325,179.74857
2026-03-31 06:00:00+00:00,179.2375,166.23157
2026-03-31 07:00:00+00:00,133.58249999999998,140.80162
2026-03-31 08:00:00+00:00,113.6775,108.442375
2026-03-31 09:00:00+00:00,97.895,92.95309
2026-03-31 10:00:00+00:00,93.125,84.92151
2026-03-31 11:00:00+00:00,92.4975,81.72419
2026-03-31 12:00:00+00:00,97.8075,93.188705
2026-03-31 13:00:00+00:00,98.2675,107.44418
2026-03-31 14:00:00+00:00,123.525,110.780815
2026-03-31 15:00:00+00:00,147.7975,140.75586
2026-03-31 16:00:00+00:00,162.3425,167.9269
2026-03-31 17:00:00+00:00,184.58,184.17477
2026-03-31 18:00:00+00:00,183.525,185.86179
2026-03-31 19:00:00+00:00,176.115,165.59135
2026-03-31 20:00:00+00:00,158.8475,151.4294
2026-03-31 21:00:00+00:00,149.615,134.97644
2026-03-31 22:00:00+00:00,147.7375,129.8523
2026-03-31 23:00:00+00:00,131.6875,125.40523
2026-04-01 00:00:00+00:00,126.33,123.07097
2026-04-01 01:00:00+00:00,129.4275,117.42518
2026-04-01 02:00:00+00:00,136.93,123.81746
2026-04-01 03:00:00+00:00,152.43,139.05573
2026-04-01 04:00:00+00:00,188.6075,167.0158
2026-04-01 05:00:00+00:00,222.6175,187.11566
2026-04-01 06:00:00+00:00,199.9775,196.34924
2026-04-01 07:00:00+00:00,173.58,173.4724
2026-04-01 08:00:00+00:00,144.52249999999998,146.64995
2026-04-01 09:00:00+00:00,137.2525,129.13353
2026-04-01 10:00:00+00:00,129.57,129.71762
2026-04-01 11:00:00+00:00,122.89,128.97627
2026-04-01 12:00:00+00:00,124.2275,120.4304
2026-04-01 13:00:00+00:00,128.7775,128.07489
2026-04-01 14:00:00+00:00,152.6325,135.2042
2026-04-01 15:00:00+00:00,159.06,152.48477
2026-04-01 16:00:00+00:00,176.495,164.08131
2026-04-01 17:00:00+00:00,188.94,183.66832
2026-04-01 18:00:00+00:00,191.25,179.10118
2026-04-01 19:00:00+00:00,167.1025,170.08989
2026-04-01 20:00:00+00:00,153.3125,146.6359
2026-04-01 21:00:00+00:00,134.345,135.7179
2026-04-01 22:00:00+00:00,127.79,126.6431
2026-04-01 23:00:00+00:00,118.995,119.45675
2026-04-02 00:00:00+00:00,114.13,115.81028
2026-04-02 01:00:00+00:00,110.1125,112.42173
2026-04-02 02:00:00+00:00,107.995,113.19161
2026-04-02 03:00:00+00:00,119.48,115.71463
2026-04-02 04:00:00+00:00,153.82,147.78659
2026-04-02 05:00:00+00:00,160.0075,172.98567
2026-04-02 06:00:00+00:00,162.8775,167.30804
2026-04-02 07:00:00+00:00,139.70999999999998,157.535
2026-04-02 08:00:00+00:00,129.3175,127.05282
2026-04-02 09:00:00+00:00,119.2075,119.3639
2026-04-02 10:00:00+00:00,119.5275,112.73814
2026-04-02 11:00:00+00:00,105.77,114.12095
2026-04-02 12:00:00+00:00,112.755,107.49663
2026-04-02 13:00:00+00:00,125.3475,117.353485
2026-04-02 14:00:00+00:00,139.10750000000002,132.80655
2026-04-02 15:00:00+00:00,146.4525,149.73775
2026-04-02 16:00:00+00:00,178.8425,160.5874
2026-04-02 17:00:00+00:00,174.56,181.43817
2026-04-02 18:00:00+00:00,173.7725,172.89299
2026-04-02 19:00:00+00:00,164.74,156.10744
2026-04-02 20:00:00+00:00,142.60000000000002,140.02599
2026-04-02 21:00:00+00:00,130.95,128.01994
2026-04-02 22:00:00+00:00,135.0,120.57183
2026-04-02 23:00:00+00:00,122.6225,120.07087
2026-04-03 00:00:00+00:00,120.56,115.98691
2026-04-03 01:00:00+00:00,118.615,114.9286
2026-04-03 02:00:00+00:00,121.85,113.71638
2026-04-03 03:00:00+00:00,128.4525,124.80048
2026-04-03 04:00:00+00:00,147.8125,150.39767
2026-04-03 05:00:00+00:00,156.5375,160.2548
2026-04-03 06:00:00+00:00,134.6225,147.85565
2026-04-03 07:00:00+00:00,130.07999999999998,126.47572
2026-04-03 08:00:00+00:00,104.9575,119.270676
2026-04-03 09:00:00+00:00,107.8725,92.84667
2026-04-03 10:00:00+00:00,95.8125,97.09757
2026-04-03 11:00:00+00:00,96.8925,90.452774
2026-04-03 12:00:00+00:00,93.6525,95.63015
2026-04-03 13:00:00+00:00,91.8675,103.56718
2026-04-03 14:00:00+00:00,99.76,103.68704
2026-04-03 15:00:00+00:00,135.775,116.82101
2026-04-03 16:00:00+00:00,167.1425,153.74545
2026-04-03 17:00:00+00:00,175.5475,177.27606
2026-04-03 18:00:00+00:00,170.1725,175.12558
2026-04-03 19:00:00+00:00,161.0825,151.89319
2026-04-03 20:00:00+00:00,158.755,142.3344
2026-04-03 21:00:00+00:00,135.3775,137.53624
2026-04-03 22:00:00+00:00,129.93,127.49316
2026-04-03 23:00:00+00:00,112.29,121.55202
2026-04-04 00:00:00+00:00,98.2575,108.94469
2026-04-04 01:00:00+00:00,78.1325,96.33162
2026-04-04 02:00:00+00:00,76.57249999999999,86.4297
2026-04-04 03:00:00+00:00,94.9975,89.491745
2026-04-04 04:00:00+00:00,109.735,100.9521
2026-04-04 05:00:00+00:00,88.2575,112.31792
2026-04-04 06:00:00+00:00,37.3525,85.31195
2026-04-04 07:00:00+00:00,17.635,48.375626
2026-04-04 08:00:00+00:00,5.4925,30.371878
2026-04-04 09:00:00+00:00,2.36,5.860116
2026-04-04 10:00:00+00:00,0.5599999999999999,8.940009
2026-04-04 11:00:00+00:00,0.0,8.859979
2026-04-04 12:00:00+00:00,0.0,9.415735
2026-04-04 13:00:00+00:00,0.035,27.395325
2026-04-04 14:00:00+00:00,11.985,38.510265
2026-04-04 15:00:00+00:00,73.2925,66.97346
2026-04-04 16:00:00+00:00,140.1125,115.43038
2026-04-04 17:00:00+00:00,156.76,164.60382
2026-04-04 18:00:00+00:00,147.63,152.54593
2026-04-04 19:00:00+00:00,128.735,131.20258
2026-04-04 20:00:00+00:00,104.67,125.94174
2026-04-04 21:00:00+00:00,72.1525,104.75954
2026-04-04 22:00:00+00:00,65.685,90.5785
2026-04-04 23:00:00+00:00,60.685,77.880226
2026-04-05 00:00:00+00:00,29.7575,73.539505
2026-04-05 01:00:00+00:00,40.34,35.329426
2026-04-05 02:00:00+00:00,22.695,47.210358
2026-04-05 03:00:00+00:00,51.905,35.34775
2026-04-05 04:00:00+00:00,56.102500000000006,67.4372
2026-04-05 05:00:00+00:00,7.24,63.41428
2026-04-05 06:00:00+00:00,-0.5249999999999999,8.342963
2026-04-05 07:00:00+00:00,-6.545,-2.5790493
2026-04-05 08:00:00+00:00,-24.495,-3.7191548
2026-04-05 09:00:00+00:00,-35.455,1.0884945
2026-04-05 10:00:00+00:00,-35.7825,4.877296
2026-04-05 11:00:00+00:00,-50.0,5.8666263
2026-04-05 12:00:00+00:00,-50.0,6.2314267
2026-04-05 13:00:00+00:00,-47.47,17.529863
2026-04-05 14:00:00+00:00,-9.8625,23.508375
2026-04-05 15:00:00+00:00,16.23,35.88378
2026-04-05 16:00:00+00:00,85.11,69.97517
2026-04-05 17:00:00+00:00,119.5725,111.082634
2026-04-05 18:00:00+00:00,120.0,135.13399
2026-04-05 19:00:00+00:00,120.825,115.693665
2026-04-05 20:00:00+00:00,114.33,111.63716
2026-04-05 21:00:00+00:00,97.4475,100.35214
2026-04-05 22:00:00+00:00,79.3275,82.46995
2026-04-05 23:00:00+00:00,77.97749999999999,69.02847
2026-04-06 00:00:00+00:00,74.9525,70.16625
2026-04-06 01:00:00+00:00,72.42750000000001,65.35383
2026-04-06 02:00:00+00:00,83.5,67.12788
2026-04-06 03:00:00+00:00,121.7775,90.949776
2026-04-06 04:00:00+00:00,151.6325,143.47018
2026-04-06 05:00:00+00:00,108.95,143.4433
2026-04-06 06:00:00+00:00,11.9875,90.63967
2026-04-06 07:00:00+00:00,-0.0725,18.29227
2026-04-06 08:00:00+00:00,-10.255,7.7552137
2026-04-06 09:00:00+00:00,-17.8275,4.216355
2026-04-06 10:00:00+00:00,-15.005,8.6527405
2026-04-06 11:00:00+00:00,-8.07,10.038752
2026-04-06 12:00:00+00:00,-3.7125,19.403948
2026-04-06 13:00:00+00:00,-0.8075,33.829746
2026-04-06 14:00:00+00:00,-0.0225,39.878845
2026-04-06 15:00:00+00:00,58.27,41.981525
2026-04-06 16:00:00+00:00,158.7175,106.26333
2026-04-06 17:00:00+00:00,167.2625,182.94363
2026-04-06 18:00:00+00:00,163.0975,181.08278
2026-04-06 19:00:00+00:00,145.655,145.10355
2026-04-06 20:00:00+00:00,146.415,130.04713
2026-04-06 21:00:00+00:00,122.12,126.05855
2026-04-06 22:00:00+00:00,120.8025,110.754814
2026-04-06 23:00:00+00:00,116.8775,106.0603
2026-04-07 00:00:00+00:00,113.375,112.35025
2026-04-07 01:00:00+00:00,109.75,108.68357
2026-04-07 02:00:00+00:00,113.7025,108.70981
2026-04-07 03:00:00+00:00,128.48000000000002,127.65028
2026-04-07 04:00:00+00:00,154.9025,162.3824
2026-04-07 05:00:00+00:00,158.115,157.20108
2026-04-07 06:00:00+00:00,69.22,124.33142
2026-04-07 07:00:00+00:00,2.11,57.54139
2026-04-07 08:00:00+00:00,0.0,5.976184
2026-04-07 09:00:00+00:00,-0.2725,3.6538932
2026-04-07 10:00:00+00:00,-3.01,8.421031
2026-04-07 11:00:00+00:00,-4.9975000000000005,9.469995
2026-04-07 12:00:00+00:00,-3.44,18.50179
2026-04-07 13:00:00+00:00,-0.5675,34.37648
2026-04-07 14:00:00+00:00,4.405,43.432148
2026-04-07 15:00:00+00:00,85.9475,57.54501
2026-04-07 16:00:00+00:00,159.765,128.66084
2026-04-07 17:00:00+00:00,178.59,185.41534
2026-04-07 18:00:00+00:00,145.8,178.24547
2026-04-07 19:00:00+00:00,145.51999999999998,129.14207
2026-04-07 20:00:00+00:00,131.6075,124.61483
2026-04-07 21:00:00+00:00,120.93,116.238205
2026-04-07 22:00:00+00:00,110.305,108.222534
2026-04-07 23:00:00+00:00,105.1,108.74674
2026-04-08 00:00:00+00:00,103.6375,105.7483
2026-04-08 01:00:00+00:00,107.135,103.79796
2026-04-08 02:00:00+00:00,111.3475,114.788414
2026-04-08 03:00:00+00:00,120.4,125.45469
2026-04-08 04:00:00+00:00,139.2275,148.67775
2026-04-08 05:00:00+00:00,134.82999999999998,146.30312
2026-04-08 06:00:00+00:00,15.995,110.585785
2026-04-08 07:00:00+00:00,-0.0025,19.866653
2026-04-08 08:00:00+00:00,-0.105,6.1674237
2026-04-08 09:00:00+00:00,-1.8225,8.045737
2026-04-08 10:00:00+00:00,-6.88,16.668407
2026-04-08 11:00:00+00:00,-8.4775,14.035462
2026-04-08 12:00:00+00:00,-6.4625,19.084167
2026-04-08 13:00:00+00:00,-1.1325,34.34419
2026-04-08 14:00:00+00:00,11.99,44.701416
2026-04-08 15:00:00+00:00,92.4175,64.50289
2026-04-08 16:00:00+00:00,133.53,131.63423
2026-04-08 17:00:00+00:00,162.925,165.96982
2026-04-08 18:00:00+00:00,170.7375,166.70789
2026-04-08 19:00:00+00:00,155.6325,145.66084
2026-04-08 20:00:00+00:00,149.6825,129.24495
2026-04-08 21:00:00+00:00,129.735,120.33226
2026-04-08 22:00:00+00:00,122.8625,114.24193
2026-04-08 23:00:00+00:00,115.68,107.955826
2026-04-09 00:00:00+00:00,109.2675,115.40343
2026-04-09 01:00:00+00:00,106.11,109.415306
2026-04-09 02:00:00+00:00,109.22,106.62943
2026-04-09 03:00:00+00:00,121.46,129.18275
2026-04-09 04:00:00+00:00,148.7875,150.27946
2026-04-09 05:00:00+00:00,147.58249999999998,144.43011
2026-04-09 06:00:00+00:00,127.2375,122.210236
2026-04-09 07:00:00+00:00,60.33,98.227585
2026-04-09 08:00:00+00:00,0.0075,49.007435
2026-04-09 09:00:00+00:00,0.0025,5.2352834
2026-04-09 10:00:00+00:00,-0.1275,14.505862
2026-04-09 11:00:00+00:00,-0.15,13.403087
2026-04-09 12:00:00+00:00,0.0,14.871741
2026-04-09 13:00:00+00:00,0.04,29.856134
2026-04-09 14:00:00+00:00,50.7,40.60392
2026-04-09 15:00:00+00:00,116.6975,88.11208
2026-04-09 16:00:00+00:00,159.285,146.25171
2026-04-09 17:00:00+00:00,168.5075,182.69147
2026-04-09 18:00:00+00:00,174.69,183.76587
2026-04-09 19:00:00+00:00,158.615,162.07697
2026-04-09 20:00:00+00:00,139.70749999999998,136.71136
2026-04-09 21:00:00+00:00,126.91,124.7726
2026-04-09 22:00:00+00:00,134.0575,119.70843
2026-04-09 23:00:00+00:00,122.75,120.17096
2026-04-10 00:00:00+00:00,117.455,119.54132
2026-04-10 01:00:00+00:00,117.2475,114.84918
2026-04-10 02:00:00+00:00,111.54,119.38345
2026-04-10 03:00:00+00:00,115.355,123.08624
2026-04-10 04:00:00+00:00,129.5225,146.45482
2026-04-10 05:00:00+00:00,129.4275,137.95676
2026-04-10 06:00:00+00:00,71.43,110.49417
2026-04-10 07:00:00+00:00,-0.2775,60.410442
2026-04-10 08:00:00+00:00,-9.0025,11.935335
2026-04-10 09:00:00+00:00,-1.0,7.789154
2026-04-10 10:00:00+00:00,-0.55,12.149054
2026-04-10 11:00:00+00:00,-0.1,11.235029
2026-04-10 12:00:00+00:00,-0.0575,15.523093
2026-04-10 13:00:00+00:00,0.005,34.707172
2026-04-10 14:00:00+00:00,115.0075,47.062965
2026-04-10 15:00:00+00:00,138.735,129.3547
2026-04-10 16:00:00+00:00,170.6325,171.10983
2026-04-10 17:00:00+00:00,172.7825,198.79109
2026-04-10 18:00:00+00:00,180.5,188.11713
2026-04-10 19:00:00+00:00,187.2475,173.50073
2026-04-10 20:00:00+00:00,150.3,157.23337
2026-04-10 21:00:00+00:00,134.2375,131.71535
2026-04-10 22:00:00+00:00,144.9325,125.58395
2026-04-10 23:00:00+00:00,130.79250000000002,125.69526
2026-04-11 00:00:00+00:00,122.645,127.00452
2026-04-11 01:00:00+00:00,122.415,119.655945
2026-04-11 02:00:00+00:00,124.7375,118.97214
2026-04-11 03:00:00+00:00,125.555,124.80238
2026-04-11 04:00:00+00:00,123.77,135.56352
2026-04-11 05:00:00+00:00,102.19,124.34086
2026-04-11 06:00:00+00:00,75.0675,89.126724
2026-04-11 07:00:00+00:00,22.325,63.349133
2026-04-11 08:00:00+00:00,1.9325,27.205591
2026-04-11 09:00:00+00:00,0.01,12.65074
2026-04-11 10:00:00+00:00,0.0,14.834903
2026-04-11 11:00:00+00:00,0.0,15.396563
2026-04-11 12:00:00+00:00,0.0,18.296764
2026-04-11 13:00:00+00:00,0.0075,35.536312
2026-04-11 14:00:00+00:00,19.9575,52.051365
2026-04-11 15:00:00+00:00,80.7875,85.04091
2026-04-11 16:00:00+00:00,141.4025,132.4502
2026-04-11 17:00:00+00:00,159.68,194.58531
2026-04-11 18:00:00+00:00,166.57999999999998,185.88033
2026-04-11 19:00:00+00:00,159.64249999999998,160.2394
2026-04-11 20:00:00+00:00,140.815,136.38062
2026-04-11 21:00:00+00:00,132.0075,127.77616
2026-04-11 22:00:00+00:00,136.0425,123.66989
2026-04-11 23:00:00+00:00,124.265,119.6006
2026-04-12 00:00:00+00:00,120.715,123.091415
2026-04-12 01:00:00+00:00,118.6275,119.35325
2026-04-12 02:00:00+00:00,119.42,119.33698
2026-04-12 03:00:00+00:00,117.55,122.4068
2026-04-12 04:00:00+00:00,111.3525,122.91522
2026-04-12 05:00:00+00:00,101.605,97.200356
2026-04-12 06:00:00+00:00,57.64,76.57138
2026-04-12 07:00:00+00:00,0.0,43.013695
2026-04-12 08:00:00+00:00,-0.0025,4.628374
2026-04-12 09:00:00+00:00,-0.005,5.800253
2026-04-12 10:00:00+00:00,-0.125,7.1579533
2026-04-12 11:00:00+00:00,-0.2825,4.4031816
2026-04-12 12:00:00+00:00,-0.175,3.9384599
2026-04-12 13:00:00+00:00,-0.0775,27.167076
2026-04-12 14:00:00+00:00,23.8525,39.59954
2026-04-12 15:00:00+00:00,85.1225,61.75174
2026-04-12 16:00:00+00:00,126.9,112.56901
2026-04-12 17:00:00+00:00,140.64,150.88358
2026-04-12 18:00:00+00:00,143.445,157.22643
2026-04-12 19:00:00+00:00,136.73250000000002,134.6919
2026-04-12 20:00:00+00:00,130.6075,125.721115
2026-04-12 21:00:00+00:00,121.0275,120.045555
2026-04-12 22:00:00+00:00,117.13,118.99886
2026-04-12 23:00:00+00:00,109.795,116.54867
2026-04-13 00:00:00+00:00,108.1525,113.4604
2026-04-13 01:00:00+00:00,108.99,109.60288
2026-04-13 02:00:00+00:00,110.945,110.607185
2026-04-13 03:00:00+00:00,120.6725,124.86555
2026-04-13 04:00:00+00:00,136.865,148.91255
2026-04-13 05:00:00+00:00,128.985,145.00827
2026-04-13 06:00:00+00:00,115.665,116.44179
2026-04-13 07:00:00+00:00,21.325,107.4237
2026-04-13 08:00:00+00:00,0.0125,30.939365
2026-04-13 09:00:00+00:00,0.005,8.957495
2026-04-13 10:00:00+00:00,0.0,14.996645
2026-04-13 11:00:00+00:00,0.0,13.536389
2026-04-13 12:00:00+00:00,0.0,15.520753
2026-04-13 13:00:00+00:00,0.005,33.558273
2026-04-13 14:00:00+00:00,82.765,43.465973
2026-04-13 15:00:00+00:00,134.7725,100.54665
2026-04-13 16:00:00+00:00,149.9875,164.18446
2026-04-13 17:00:00+00:00,140.2775,169.67036
2026-04-13 18:00:00+00:00,149.8225,147.28896
2026-04-13 19:00:00+00:00,150.0025,127.758446
2026-04-13 20:00:00+00:00,141.79500000000002,129.40001
2026-04-13 21:00:00+00:00,133.35500000000002,120.848724
2026-04-13 22:00:00+00:00,121.03,116.78141
2026-04-13 23:00:00+00:00,119.8975,108.39677
2026-04-14 00:00:00+00:00,121.035,114.674866
2026-04-14 01:00:00+00:00,118.67,113.94831
2026-04-14 02:00:00+00:00,121.015,114.639885
2026-04-14 03:00:00+00:00,130.8525,125.544075
2026-04-14 04:00:00+00:00,149.635,155.58577
2026-04-14 05:00:00+00:00,163.2775,152.99977
2026-04-14 06:00:00+00:00,156.6525,132.2029
2026-04-14 07:00:00+00:00,88.795,118.838104
2026-04-14 08:00:00+00:00,44.0825,69.85931
2026-04-14 09:00:00+00:00,102.81,40.875656
2026-04-14 10:00:00+00:00,109.89,87.06256
2026-04-14 11:00:00+00:00,107.32,95.487816
2026-04-14 12:00:00+00:00,105.275,98.70228
2026-04-14 13:00:00+00:00,124.8375,105.870804
2026-04-14 14:00:00+00:00,133.1675,123.31222
2026-04-14 15:00:00+00:00,145.69,141.74352
2026-04-14 16:00:00+00:00,175.1975,156.84935
2026-04-14 17:00:00+00:00,200.01,182.56241
2026-04-14 18:00:00+00:00,189.855,191.86044
2026-04-14 19:00:00+00:00,169.535,160.07907
2026-04-14 20:00:00+00:00,151.05,143.4283
2026-04-14 21:00:00+00:00,137.8875,136.0034
2026-04-14 22:00:00+00:00,125.9275,124.87922
2026-04-14 23:00:00+00:00,119.4425,119.59691
2026-04-15 00:00:00+00:00,116.63,117.46568
2026-04-15 01:00:00+00:00,119.37,115.38635
2026-04-15 02:00:00+00:00,125.45,119.51711
2026-04-15 03:00:00+00:00,136.41250000000002,131.39754
2026-04-15 04:00:00+00:00,153.0025,155.56415
2026-04-15 05:00:00+00:00,160.7475,168.2574
2026-04-15 06:00:00+00:00,139.91,158.02727
2026-04-15 07:00:00+00:00,122.6925,123.67497
2026-04-15 08:00:00+00:00,121.4175,103.82815
2026-04-15 09:00:00+00:00,106.48,109.505684
2026-04-15 10:00:00+00:00,102.425,101.29012
2026-04-15 11:00:00+00:00,79.99,100.080124
2026-04-15 12:00:00+00:00,83.3325,87.6227
2026-04-15 13:00:00+00:00,97.565,102.2778
2026-04-15 14:00:00+00:00,117.635,111.95869
2026-04-15 15:00:00+00:00,142.3625,132.0777
2026-04-15 16:00:00+00:00,150.0,161.55278
2026-04-15 17:00:00+00:00,145.10500000000002,167.15749
2026-04-15 18:00:00+00:00,138.47,156.11761
2026-04-15 19:00:00+00:00,155.185,139.755
2026-04-15 20:00:00+00:00,134.8025,138.91443
2026-04-15 21:00:00+00:00,126.585,123.84802
2026-04-15 22:00:00+00:00,122.7325,116.40343
2026-04-15 23:00:00+00:00,120.765,114.54492
2026-04-16 00:00:00+00:00,118.1325,114.51934
2026-04-16 01:00:00+00:00,109.705,113.17058
2026-04-16 02:00:00+00:00,117.3375,109.979485
2026-04-16 03:00:00+00:00,127.18,121.76726
2026-04-16 04:00:00+00:00,143.805,144.33229
2026-04-16 05:00:00+00:00,143.77,153.66365
2026-04-16 06:00:00+00:00,114.235,129.83733
2026-04-16 07:00:00+00:00,7.03,102.46015
2026-04-16 08:00:00+00:00,0.0,28.508455
2026-04-16 09:00:00+00:00,0.0,10.84636
2026-04-16 10:00:00+00:00,0.0,10.731118
2026-04-16 11:00:00+00:00,0.0,8.965562
2026-04-16 12:00:00+00:00,0.01,12.976276
2026-04-16 13:00:00+00:00,0.1375,36.805527
2026-04-16 14:00:00+00:00,81.0875,51.112854
2026-04-16 15:00:00+00:00,116.6625,114.602745
2026-04-16 16:00:00+00:00,137.3525,144.02113
2026-04-16 17:00:00+00:00,153.89,156.20323
2026-04-16 18:00:00+00:00,165.69,149.44484
2026-04-16 19:00:00+00:00,153.82,134.29198
2026-04-16 20:00:00+00:00,137.9,124.688446
2026-04-16 21:00:00+00:00,127.2475,112.95774
2026-04-16 22:00:00+00:00,121.945,112.06383
2026-04-16 23:00:00+00:00,115.58,108.17222
2026-04-17 00:00:00+00:00,112.5325,112.99604
2026-04-17 01:00:00+00:00,108.7375,105.98182
2026-04-17 02:00:00+00:00,112.09,105.72395
2026-04-17 03:00:00+00:00,119.71,114.049385
2026-04-17 04:00:00+00:00,132.6325,139.89278
2026-04-17 05:00:00+00:00,112.715,135.30249
2026-04-17 06:00:00+00:00,8.7525,92.05655
2026-04-17 07:00:00+00:00,-0.0025,11.821829
2026-04-17 08:00:00+00:00,-0.1,2.2549217
2026-04-17 09:00:00+00:00,-0.0775,0.915035
2026-04-17 10:00:00+00:00,-0.1,5.29474
2026-04-17 11:00:00+00:00,-0.1,7.848869
2026-04-17 12:00:00+00:00,-0.0775,12.172332
2026-04-17 13:00:00+00:00,-0.0325,25.54332
2026-04-17 14:00:00+00:00,0.0025,46.660404
2026-04-17 15:00:00+00:00,103.455,55.558884
2026-04-17 16:00:00+00:00,132.14249999999998,129.31712
2026-04-17 17:00:00+00:00,152.1925,153.36406
2026-04-17 18:00:00+00:00,152.0,151.57379
2026-04-17 19:00:00+00:00,134.9625,129.94446
2026-04-17 20:00:00+00:00,124.96,119.60711
2026-04-17 21:00:00+00:00,113.59,110.360306
2026-04-17 22:00:00+00:00,105.43,108.67287
2026-04-17 23:00:00+00:00,112.6775,97.95235
2026-04-18 00:00:00+00:00,112.0325,108.34029
2026-04-18 01:00:00+00:00,100.525,104.08096
2026-04-18 02:00:00+00:00,105.105,94.842545
2026-04-18 03:00:00+00:00,113.995,103.86981
2026-04-18 04:00:00+00:00,113.1225,115.36772
2026-04-18 05:00:00+00:00,27.7225,94.97379
2026-04-18 06:00:00+00:00,-0.2775,28.02506
2026-04-18 07:00:00+00:00,-3.0,3.5166678
2026-04-18 08:00:00+00:00,-6.175,5.4000773
2026-04-18 09:00:00+00:00,-6.91,6.906524
2026-04-18 10:00:00+00:00,-6.9025,10.161224
2026-04-18 11:00:00+00:00,-5.6075,9.383948
2026-04-18 12:00:00+00:00,-5.485,12.057285
2026-04-18 13:00:00+00:00,-3.0,23.283566
2026-04-18 14:00:00+00:00,-0.0025,38.642452
2026-04-18 15:00:00+00:00,58.1775,48.702744
2026-04-18 16:00:00+00:00,122.18,100.857956
2026-04-18 17:00:00+00:00,133.565,144.76476
2026-04-18 18:00:00+00:00,145.0875,141.9651
2026-04-18 19:00:00+00:00,142.70749999999998,125.60511
2026-04-18 20:00:00+00:00,133.135,122.18074
2026-04-18 21:00:00+00:00,127.725,118.209076
2026-04-18 22:00:00+00:00,118.1625,112.22596
2026-04-18 23:00:00+00:00,113.3525,109.09062
2026-04-19 00:00:00+00:00,110.4475,114.76484
2026-04-19 01:00:00+00:00,109.6525,110.471176
2026-04-19 02:00:00+00:00,108.11,110.39489
2026-04-19 03:00:00+00:00,112.4925,115.52812
2026-04-19 04:00:00+00:00,115.6025,115.0691
2026-04-19 05:00:00+00:00,51.5125,101.743706
2026-04-19 06:00:00+00:00,-0.0075,44.6301
2026-04-19 07:00:00+00:00,-1.28,4.1848564
2026-04-19 08:00:00+00:00,-4.5025,6.411404
2026-04-19 09:00:00+00:00,-2.7525,6.9333987
2026-04-19 10:00:00+00:00,-3.5,8.383823
2026-04-19 11:00:00+00:00,-5.01,10.866254
2026-04-19 12:00:00+00:00,-5.675,8.237037
2026-04-19 13:00:00+00:00,-2.255,21.45744
2026-04-19 14:00:00+00:00,11.7675,27.069523
2026-04-19 15:00:00+00:00,80.475,49.314445
2026-04-19 16:00:00+00:00,133.2525,114.3886
2026-04-19 17:00:00+00:00,146.4275,154.2874
2026-04-19 18:00:00+00:00,157.14,155.60974
2026-04-19 19:00:00+00:00,143.4625,134.99484
2026-04-19 20:00:00+00:00,120.9025,124.38764
2026-04-19 21:00:00+00:00,112.545,115.92802
2026-04-19 22:00:00+00:00,107.2925,112.06953
2026-04-19 23:00:00+00:00,107.225,105.00351
2026-04-20 00:00:00+00:00,105.66,104.31181
2026-04-20 01:00:00+00:00,108.7775,104.740105
2026-04-20 02:00:00+00:00,105.61,110.69318
2026-04-20 03:00:00+00:00,120.66,124.681175
2026-04-20 04:00:00+00:00,166.825,144.63995
2026-04-20 05:00:00+00:00,140.0025,146.60454
2026-04-20 06:00:00+00:00,84.845,124.82366
2026-04-20 07:00:00+00:00,0.0075,66.583275
2026-04-20 08:00:00+00:00,-0.055,7.6384783
2026-04-20 09:00:00+00:00,-0.0025,11.093424
2026-04-20 10:00:00+00:00,0.0,12.9263735
2026-04-20 11:00:00+00:00,0.0,14.884683
2026-04-20 12:00:00+00:00,0.0,14.494333
2026-04-20 13:00:00+00:00,0.13,27.713879
2026-04-20 14:00:00+00:00,57.795,45.16108
2026-04-20 15:00:00+00:00,108.57,90.20452
2026-04-20 16:00:00+00:00,130.9725,143.06415
2026-04-20 17:00:00+00:00,133.245,164.01495
2026-04-20 18:00:00+00:00,131.6425,149.36469
2026-04-20 19:00:00+00:00,139.9,126.38274
2026-04-20 20:00:00+00:00,128.10750000000002,123.994705
2026-04-20 21:00:00+00:00,124.715,114.898315
2026-04-20 22:00:00+00:00,112.0,111.92247
2026-04-20 23:00:00+00:00,110.125,106.28943
2026-04-21 00:00:00+00:00,107.8325,110.399086
2026-04-21 01:00:00+00:00,104.495,108.848404
2026-04-21 02:00:00+00:00,105.8825,107.18044
2026-04-21 03:00:00+00:00,117.205,124.43788
2026-04-21 04:00:00+00:00,135.765,152.63618
2026-04-21 05:00:00+00:00,137.8625,140.92903
2026-04-21 06:00:00+00:00,80.4725,122.16094
2026-04-21 07:00:00+00:00,0.0025,74.968346
2026-04-21 08:00:00+00:00,-0.0075,10.943485
2026-04-21 09:00:00+00:00,0.0,7.333938
2026-04-21 10:00:00+00:00,0.0,13.59481
2026-04-21 11:00:00+00:00,0.0,15.985384
2026-04-21 12:00:00+00:00,0.0,20.64613
2026-04-21 13:00:00+00:00,0.0,38.896435
2026-04-21 14:00:00+00:00,54.36,49.67194
2026-04-21 15:00:00+00:00,114.0725,96.39123
2026-04-21 16:00:00+00:00,128.605,142.68773
2026-04-21 17:00:00+00:00,140.01999999999998,156.7874
2026-04-21 18:00:00+00:00,140.525,147.7905
2026-04-21 19:00:00+00:00,147.5825,128.06786
2026-04-21 20:00:00+00:00,130.1,125.34833
2026-04-21 21:00:00+00:00,126.715,119.43943
2026-04-21 22:00:00+00:00,118.3975,111.90192
2026-04-21 23:00:00+00:00,115.4075,110.3139
2026-04-22 00:00:00+00:00,113.11,113.53339
2026-04-22 01:00:00+00:00,113.4925,111.63515
2026-04-22 02:00:00+00:00,118.88,114.09753
2026-04-22 03:00:00+00:00,129.97,130.85277
2026-04-22 04:00:00+00:00,148.215,157.3538
2026-04-22 05:00:00+00:00,137.1875,158.93977
2026-04-22 06:00:00+00:00,126.3225,125.44572
2026-04-22 07:00:00+00:00,92.2075,108.76849
2026-04-22 08:00:00+00:00,39.81,78.00421
2026-04-22 09:00:00+00:00,129.6675,42.970676
2026-04-22 10:00:00+00:00,71.25,112.13597
2026-04-22 11:00:00+00:00,44.23,69.526505
2026-04-22 12:00:00+00:00,34.6425,55.871777
2026-04-22 13:00:00+00:00,35.06,58.605278
2026-04-22 14:00:00+00:00,74.05250000000001,60.206837
2026-04-22 15:00:00+00:00,152.7775,107.96201
2026-04-22 16:00:00+00:00,140.1425,165.93672
2026-04-22 17:00:00+00:00,208.4975,166.30946
2026-04-22 18:00:00+00:00,226.065,185.32333
2026-04-22 19:00:00+00:00,136.8425,190.002
2026-04-22 20:00:00+00:00,123.6125,123.58544
2026-04-22 21:00:00+00:00,118.0725,116.58272
2026-04-22 22:00:00+00:00,145.7175,111.5386
2026-04-22 23:00:00+00:00,122.2175,122.21818
2026-04-23 00:00:00+00:00,110.26,114.89534
2026-04-23 01:00:00+00:00,107.84,108.19851
2026-04-23 02:00:00+00:00,114.6075,107.945045
2026-04-23 03:00:00+00:00,121.075,128.12163
2026-04-23 04:00:00+00:00,127.71,148.2367
2026-04-23 05:00:00+00:00,127.06,139.90479
2026-04-23 06:00:00+00:00,104.905,111.668846
2026-04-23 07:00:00+00:00,39.81,84.480515
2026-04-23 08:00:00+00:00,1.335,33.850945
2026-04-23 09:00:00+00:00,0.0,18.913656
2026-04-23 10:00:00+00:00,0.0,11.811049
2026-04-23 11:00:00+00:00,0.0,7.494985
2026-04-23 12:00:00+00:00,0.0,11.478294
2026-04-23 13:00:00+00:00,0.0,29.704494
2026-04-23 14:00:00+00:00,0.0025,46.864944
2026-04-23 15:00:00+00:00,56.49,58.86147
2026-04-23 16:00:00+00:00,133.0475,106.70688
2026-04-23 17:00:00+00:00,187.4075,173.64499
2026-04-23 18:00:00+00:00,186.3125,195.48952
2026-04-23 19:00:00+00:00,179.855,165.23799
2026-04-23 20:00:00+00:00,124.4725,143.7642
2026-04-23 21:00:00+00:00,124.6775,110.201
2026-04-23 22:00:00+00:00,112.6,118.16115
2026-04-23 23:00:00+00:00,109.445,105.66235
2026-04-24 00:00:00+00:00,110.36,109.934715
2026-04-24 01:00:00+00:00,109.93,108.37775
2026-04-24 02:00:00+00:00,110.9525,112.08785
2026-04-24 03:00:00+00:00,126.855,125.30823
2026-04-24 04:00:00+00:00,136.57,139.88
2026-04-24 05:00:00+00:00,82.1575,133.18767
2026-04-24 06:00:00+00:00,6.585,71.57944
2026-04-24 07:00:00+00:00,-0.5275,14.115612
2026-04-24 08:00:00+00:00,-5.0025,9.414799
2026-04-24 09:00:00+00:00,-4.2525,2.9217296
2026-04-24 10:00:00+00:00,-7.905,6.317837
2026-04-24 11:00:00+00:00,-13.52,9.562153
2026-04-24 12:00:00+00:00,-13.155,9.700975
2026-04-24 13:00:00+00:00,-14.5225,24.867865
2026-04-24 14:00:00+00:00,-0.155,34.868458
2026-04-24 15:00:00+00:00,69.82249999999999,49.213184
2026-04-24 16:00:00+00:00,121.34,121.05254
2026-04-24 17:00:00+00:00,197.225,169.97234
2026-04-24 18:00:00+00:00,159.4125,199.08417
2026-04-24 19:00:00+00:00,185.855,160.20067
2026-04-24 20:00:00+00:00,130.89249999999998,150.1357
2026-04-24 21:00:00+00:00,127.1775,114.082115
2026-04-24 22:00:00+00:00,107.955,107.556885
2026-04-24 23:00:00+00:00,101.88,99.41686
2026-04-25 00:00:00+00:00,98.7075,99.663734
2026-04-25 01:00:00+00:00,98.19,98.84229
2026-04-25 02:00:00+00:00,102.4375,97.04524
2026-04-25 03:00:00+00:00,105.7525,109.79011
2026-04-25 04:00:00+00:00,100.205,107.61051
2026-04-25 05:00:00+00:00,71.265,75.84461
2026-04-25 06:00:00+00:00,0.0025,46.244366
2026-04-25 07:00:00+00:00,-1.0275,-1.8629003
2026-04-25 08:00:00+00:00,-7.725,0.67663586
2026-04-25 09:00:00+00:00,-35.0075,1.0315026
2026-04-25 10:00:00+00:00,-48.9225,6.081552
2026-04-25 11:00:00+00:00,-50.0,7.221561
2026-04-25 12:00:00+00:00,-50.0,8.27072
2026-04-25 13:00:00+00:00,-50.0,22.74155
2026-04-25 14:00:00+00:00,-18.815,35.656387
2026-04-25 15:00:00+00:00,26.5625,41.559643
2026-04-25 16:00:00+00:00,105.75,82.03491
2026-04-25 17:00:00+00:00,149.6125,150.67418
2026-04-25 18:00:00+00:00,163.975,171.47261
2026-04-25 19:00:00+00:00,136.58249999999998,155.08429
2026-04-25 20:00:00+00:00,119.6675,124.73458
2026-04-25 21:00:00+00:00,110.26,112.34302
2026-04-25 22:00:00+00:00,104.5,103.57869
2026-04-25 23:00:00+00:00,100.355,102.59162
2026-04-26 00:00:00+00:00,89.2625,108.03749
2026-04-26 01:00:00+00:00,81.035,98.67493
2026-04-26 02:00:00+00:00,83.2325,93.42506
2026-04-26 03:00:00+00:00,94.7125,92.951225
2026-04-26 04:00:00+00:00,82.6275,99.35149
2026-04-26 05:00:00+00:00,25.675,66.45628
2026-04-26 06:00:00+00:00,-0.585,21.557823
2026-04-26 07:00:00+00:00,-6.4925,1.0567168
2026-04-26 08:00:00+00:00,-28.1625,1.6955951
2026-04-26 09:00:00+00:00,-50.0,0.54464567
2026-04-26 10:00:00+00:00,-50.0,3.9096065
2026-04-26 11:00:00+00:00,-25.495,4.0438294
2026-04-26 12:00:00+00:00,-12.5725,9.08965
2026-04-26 13:00:00+00:00,-0.0775,22.530058
2026-04-26 14:00:00+00:00,-0.7799999999999999,27.243523
2026-04-26 15:00:00+00:00,9.5125,32.948505
2026-04-26 16:00:00+00:00,94.2375,66.08886
2026-04-26 17:00:00+00:00,109.7625,125.04275
2026-04-26 18:00:00+00:00,106.5875,135.7423
2026-04-26 19:00:00+00:00,116.5225,114.02086
2026-04-26 20:00:00+00:00,122.9875,110.57198
2026-04-26 21:00:00+00:00,125.545,108.8107
2026-04-26 22:00:00+00:00,123.1725,108.60283
2026-04-26 23:00:00+00:00,118.3575,106.689354
2026-04-27 00:00:00+00:00,118.12,111.79755
2026-04-27 01:00:00+00:00,118.6025,113.349785
2026-04-27 02:00:00+00:00,123.01,112.75815
2026-04-27 03:00:00+00:00,128.16,135.45035
2026-04-27 04:00:00+00:00,147.785,151.64906
2026-04-27 05:00:00+00:00,95.37,138.73337
2026-04-27 06:00:00+00:00,0.0075,74.085144
2026-04-27 07:00:00+00:00,-0.78,5.219315
2026-04-27 08:00:00+00:00,-1.505,4.217615
2026-04-27 09:00:00+00:00,-0.1,6.008024
2026-04-27 10:00:00+00:00,-0.1325,9.468678
2026-04-27 11:00:00+00:00,-0.83,11.424456
2026-04-27 12:00:00+00:00,-0.1625,16.578068
2026-04-27 13:00:00+00:00,-0.0025,24.239943
2026-04-27 14:00:00+00:00,16.645,30.111942
2026-04-27 15:00:00+00:00,114.5275,58.76113
2026-04-27 16:00:00+00:00,127.1075,135.14342
2026-04-27 17:00:00+00:00,114.965,151.22206
2026-04-27 18:00:00+00:00,173.97,125.51118
2026-04-27 19:00:00+00:00,153.755,140.56216
2026-04-27 20:00:00+00:00,129.3525,128.33928
2026-04-27 21:00:00+00:00,122.145,113.460464
2026-04-27 22:00:00+00:00,118.1325,109.183304
2026-04-27 23:00:00+00:00,114.205,106.20201
2026-04-28 00:00:00+00:00,111.01,111.28293
2026-04-28 01:00:00+00:00,111.2175,108.47899
2026-04-28 02:00:00+00:00,113.8275,111.12888
2026-04-28 03:00:00+00:00,120.6425,125.12311
2026-04-28 04:00:00+00:00,131.81,141.46516
2026-04-28 05:00:00+00:00,86.14,125.627365
2026-04-28 06:00:00+00:00,2.755,63.428444
2026-04-28 07:00:00+00:00,-0.775,2.4169223
2026-04-28 08:00:00+00:00,-2.1275,-1.3281567
2026-04-28 09:00:00+00:00,-0.7675,-3.9202492
2026-04-28 10:00:00+00:00,-0.99,1.4364192
2026-04-28 11:00:00+00:00,-0.5475,0.92751086
2026-04-28 12:00:00+00:00,-0.0775,5.561842
2026-04-28 13:00:00+00:00,-0.0025,21.141077
2026-04-28 14:00:00+00:00,13.565,28.840456
2026-04-28 15:00:00+00:00,104.0325,75.97345
2026-04-28 16:00:00+00:00,149.14,130.17006
2026-04-28 17:00:00+00:00,148.5075,170.80627
2026-04-28 18:00:00+00:00,117.905,167.49501
2026-04-28 19:00:00+00:00,117.1325,123.53097
2026-04-28 20:00:00+00:00,133.68,110.77865
2026-04-28 21:00:00+00:00,127.37,116.20565
2026-04-28 22:00:00+00:00,140.8625,115.53297
2026-04-28 23:00:00+00:00,134.11,123.41094
2026-04-29 00:00:00+00:00,133.13,125.40977
2026-04-29 01:00:00+00:00,127.6275,127.39701
2026-04-29 02:00:00+00:00,127.3025,121.17189
2026-04-29 03:00:00+00:00,128.32999999999998,140.19562
2026-04-29 04:00:00+00:00,159.4825,154.69543
2026-04-29 05:00:00+00:00,127.6025,137.78003
2026-04-29 06:00:00+00:00,70.2425,103.705055
2026-04-29 07:00:00+00:00,0.0025,48.32758
2026-04-29 08:00:00+00:00,-0.01,-3.3700068
2026-04-29 09:00:00+00:00,-0.0025,4.579768
2026-04-29 10:00:00+00:00,0.0,7.7030244
2026-04-29 11:00:00+00:00,0.0,5.174697
2026-04-29 12:00:00+00:00,0.0,6.226745
2026-04-29 13:00:00+00:00,0.0025,21.869612
2026-04-29 14:00:00+00:00,68.9075,35.555138
2026-04-29 15:00:00+00:00,149.5075,97.09862
2026-04-29 16:00:00+00:00,146.7425,160.99004
2026-04-29 17:00:00+00:00,194.1175,174.79877
2026-04-29 18:00:00+00:00,169.8725,197.21172
2026-04-29 19:00:00+00:00,172.97,134.63522
2026-04-29 20:00:00+00:00,137.065,135.15353
2026-04-29 21:00:00+00:00,140.3525,120.300705
2026-04-29 22:00:00+00:00,119.1875,129.47739
2026-04-29 23:00:00+00:00,112.935,117.3015
2026-04-30 00:00:00+00:00,108.8775,114.963005
2026-04-30 01:00:00+00:00,109.255,113.051765
2026-04-30 02:00:00+00:00,114.39,114.7851
2026-04-30 03:00:00+00:00,125.65,130.37624
2026-04-30 04:00:00+00:00,133.3475,148.78448
2026-04-30 05:00:00+00:00,121.525,134.15558
2026-04-30 06:00:00+00:00,104.59,98.09396
2026-04-30 07:00:00+00:00,43.695,67.49543
2026-04-30 08:00:00+00:00,0.0175,28.140144
2026-04-30 09:00:00+00:00,4.065,-2.9296794
2026-04-30 10:00:00+00:00,1.0,3.5667086
2026-04-30 11:00:00+00:00,0.4875,4.2656775
2026-04-30 12:00:00+00:00,1.285,7.246178
2026-04-30 13:00:00+00:00,0.68,33.25069
2026-04-30 14:00:00+00:00,17.955,43.753674
2026-04-30 15:00:00+00:00,114.3675,75.32005
2026-04-30 16:00:00+00:00,125.235,138.05463
2026-04-30 17:00:00+00:00,171.715,156.79889
2026-04-30 18:00:00+00:00,157.64249999999998,167.81697
2026-04-30 19:00:00+00:00,136.0025,143.08832
2026-04-30 20:00:00+00:00,131.4125,111.88316
2026-04-30 21:00:00+00:00,119.055,110.61518
2026-04-30 22:00:00+00:00,113.8375,104.15767
2026-04-30 23:00:00+00:00,109.84,105.287445
2026-05-01 00:00:00+00:00,109.4475,107.51333
2026-05-01 01:00:00+00:00,107.44,102.05112
2026-05-01 02:00:00+00:00,102.6125,93.41992
2026-05-01 03:00:00+00:00,99.2925,104.1002
2026-05-01 04:00:00+00:00,71.795,109.41536
2026-05-01 05:00:00+00:00,27.6525,77.7921
2026-05-01 06:00:00+00:00,0.005,34.56116
2026-05-01 07:00:00+00:00,0.0,-0.20467459
2026-05-01 08:00:00+00:00,0.0,0.50176674
2026-05-01 09:00:00+00:00,0.0,1.6521466
2026-05-01 10:00:00+00:00,0.0,5.752864
2026-05-01 11:00:00+00:00,0.0,5.865475
2026-05-01 12:00:00+00:00,0.0,10.197304
2026-05-01 13:00:00+00:00,0.0,24.37214
2026-05-01 14:00:00+00:00,0.0,34.636097
2026-05-01 15:00:00+00:00,42.5025,54.278595
2026-05-01 16:00:00+00:00,78.5525,77.33025
2026-05-01 17:00:00+00:00,84.0325,124.28006
2026-05-01 18:00:00+00:00,71.57,104.13845
2026-05-01 19:00:00+00:00,79.51249999999999,96.40355
2026-05-01 20:00:00+00:00,105.8475,92.89055
2026-05-01 21:00:00+00:00,103.94,93.98901
2026-05-01 22:00:00+00:00,103.3625,94.853096
2026-05-01 23:00:00+00:00,105.55,90.47578
2026-05-02 00:00:00+00:00,100.8575,94.49557
2026-05-02 01:00:00+00:00,85.0,91.033485
2026-05-02 02:00:00+00:00,91.4275,82.180176
2026-05-02 03:00:00+00:00,99.205,86.5552
2026-05-02 04:00:00+00:00,88.3,82.287704
2026-05-02 05:00:00+00:00,18.02,67.804405
2026-05-02 06:00:00+00:00,0.0,7.6905646
2026-05-02 07:00:00+00:00,-1.5275,-7.0701714
2026-05-02 08:00:00+00:00,-3.9,-7.682414
2026-05-02 09:00:00+00:00,-2.9725,-4.854341
2026-05-02 10:00:00+00:00,-3.9025,-1.1077063
2026-05-02 11:00:00+00:00,-3.915,-1.0796996
2026-05-02 12:00:00+00:00,-4.4675,0.8057834
2026-05-02 13:00:00+00:00,-0.52,10.152744
2026-05-02 14:00:00+00:00,0.0075,17.813442
2026-05-02 15:00:00+00:00,44.91,27.669954
2026-05-02 16:00:00+00:00,124.7425,69.5624
2026-05-02 17:00:00+00:00,128.5375,130.51108
2026-05-02 18:00:00+00:00,132.33249999999998,128.74574
2026-05-02 19:00:00+00:00,123.9375,114.74447
2026-05-02 20:00:00+00:00,129.5625,110.38375
2026-05-02 21:00:00+00:00,118.96,113.02368
2026-05-02 22:00:00+00:00,114.5,105.92001
2026-05-02 23:00:00+00:00,110.9375,102.8955
2026-05-03 00:00:00+00:00,107.51,111.66172
2026-05-03 01:00:00+00:00,109.6125,104.14146
2026-05-03 02:00:00+00:00,108.635,101.826324
2026-05-03 03:00:00+00:00,104.5075,103.18609
2026-05-03 04:00:00+00:00,93.8,93.99243
2026-05-03 05:00:00+00:00,54.8775,78.932655
2026-05-03 06:00:00+00:00,0.0075,46.84047
2026-05-03 07:00:00+00:00,0.0,5.572702
2026-05-03 08:00:00+00:00,-0.0575,8.182894
2026-05-03 09:00:00+00:00,-0.9575,12.961759
2026-05-03 10:00:00+00:00,-5.2625,9.137658
2026-05-03 11:00:00+00:00,-9.9925,7.1675587
2026-05-03 12:00:00+00:00,-8.094999999999999,10.78703
2026-05-03 13:00:00+00:00,-2.975,20.449018
2026-05-03 14:00:00+00:00,0.0,29.084705
2026-05-03 15:00:00+00:00,49.88,34.684307
2026-05-03 16:00:00+00:00,122.48,90.95285
2026-05-03 17:00:00+00:00,140.155,136.81897
2026-05-03 18:00:00+00:00,137.2775,142.37836
2026-05-03 19:00:00+00:00,135.60750000000002,118.80223
2026-05-03 20:00:00+00:00,136.27249999999998,118.0455
2026-05-03 21:00:00+00:00,138.185,115.78057
2026-05-03 22:00:00+00:00,122.3275,118.22908
2026-05-03 23:00:00+00:00,107.9825,110.25171
2026-05-04 00:00:00+00:00,110.98,106.23332
2026-05-04 01:00:00+00:00,106.7175,111.70891
2026-05-04 02:00:00+00:00,110.9675,112.17908
2026-05-04 03:00:00+00:00,124.84,130.31313
2026-05-04 04:00:00+00:00,143.68,146.21068
2026-05-04 05:00:00+00:00,119.245,135.93246
2026-05-04 06:00:00+00:00,40.4325,95.79018
2026-05-04 07:00:00+00:00,0.0025,36.701717
2026-05-04 08:00:00+00:00,0.0,7.3793283
2026-05-04 09:00:00+00:00,-0.0075,8.986714
2026-05-04 10:00:00+00:00,-0.01,12.913628
2026-05-04 11:00:00+00:00,-0.055,13.933134
2026-05-04 12:00:00+00:00,-0.005,12.914492
2026-05-04 13:00:00+00:00,0.0025,27.880133
2026-05-04 14:00:00+00:00,52.4525,36.128
2026-05-04 15:00:00+00:00,134.0475,74.65646
2026-05-04 16:00:00+00:00,171.995,153.96815
2026-05-04 17:00:00+00:00,220.765,192.85231
2026-05-04 18:00:00+00:00,255.5875,217.27365
2026-05-04 19:00:00+00:00,219.355,185.18878
2026-05-04 20:00:00+00:00,163.22,173.64041
2026-05-04 21:00:00+00:00,170.14,140.93616
2026-05-04 22:00:00+00:00,162.425,140.97571
2026-05-04 23:00:00+00:00,144.5,137.02768
2026-05-05 00:00:00+00:00,125.07,136.79362
2026-05-05 01:00:00+00:00,125.2125,121.26257
2026-05-05 02:00:00+00:00,126.9875,124.03472
2026-05-05 03:00:00+00:00,139.4075,138.69835
2026-05-05 04:00:00+00:00,150.52,151.64952
2026-05-05 05:00:00+00:00,121.6,131.64494
2026-05-05 06:00:00+00:00,23.74,89.62473
2026-05-05 07:00:00+00:00,-0.005,16.147995
2026-05-05 08:00:00+00:00,0.0,-7.6117115
2026-05-05 09:00:00+00:00,0.0,-6.817171
2026-05-05 10:00:00+00:00,0.0,-2.2288082
2026-05-05 11:00:00+00:00,0.0,-0.09047481
2026-05-05 12:00:00+00:00,0.0,4.4562807
2026-05-05 13:00:00+00:00,0.0,23.009365
2026-05-05 14:00:00+00:00,54.8125,35.000835
2026-05-05 15:00:00+00:00,134.9925,89.528275
2026-05-05 16:00:00+00:00,159.2125,182.75479
2026-05-05 17:00:00+00:00,211.9675,216.2179
2026-05-05 18:00:00+00:00,238.9475,234.8906
2026-05-05 19:00:00+00:00,157.1175,215.37567
2026-05-05 20:00:00+00:00,141.6175,150.84528
2026-05-05 21:00:00+00:00,151.47,141.74103
2026-05-05 22:00:00+00:00,164.94,139.8364
2026-05-05 23:00:00+00:00,149.355,136.38042
2026-05-06 00:00:00+00:00,149.3475,141.45406
2026-05-06 01:00:00+00:00,157.9025,141.7137
2026-05-06 02:00:00+00:00,170.615,147.53755
2026-05-06 03:00:00+00:00,175.7425,185.22292
2026-05-06 04:00:00+00:00,167.415,189.07062
2026-05-06 05:00:00+00:00,144.2425,140.9035
2026-05-06 06:00:00+00:00,50.51,107.73163
2026-05-06 07:00:00+00:00,1.2525,32.304527
2026-05-06 08:00:00+00:00,0.0,-5.0844593
2026-05-06 09:00:00+00:00,0.0,-6.24215
2026-05-06 10:00:00+00:00,0.0,-1.1325545
2026-05-06 11:00:00+00:00,0.0,-0.10756942
2026-05-06 12:00:00+00:00,0.0,4.580411
2026-05-06 13:00:00+00:00,0.0025,19.613588
2026-05-06 14:00:00+00:00,61.34,39.134228
2026-05-06 15:00:00+00:00,129.2575,105.39907
2026-05-06 16:00:00+00:00,141.77,164.87723
2026-05-06 17:00:00+00:00,179.58249999999998,192.42702
2026-05-06 18:00:00+00:00,151.035,193.87245
2026-05-06 19:00:00+00:00,159.505,147.93968
2026-05-06 20:00:00+00:00,161.70749999999998,136.64923
2026-05-06 21:00:00+00:00,156.76,140.39626
2026-05-06 22:00:00+00:00,127.0225,145.23058
2026-05-06 23:00:00+00:00,121.555,126.16576
2026-05-07 00:00:00+00:00,115.4025,125.8768
2026-05-07 01:00:00+00:00,117.2725,119.54672
2026-05-07 02:00:00+00:00,137.5575,122.71871
2026-05-07 03:00:00+00:00,156.9375,159.71866
2026-05-07 04:00:00+00:00,145.5675,170.90134
2026-05-07 05:00:00+00:00,146.0075,138.78728
2026-05-07 06:00:00+00:00,119.2175,118.63186
2026-05-07 07:00:00+00:00,26.0,93.778564
2026-05-07 08:00:00+00:00,77.27000000000001,24.136478
2026-05-07 09:00:00+00:00,114.195,55.277626
2026-05-07 10:00:00+00:00,108.8425,88.28459
2026-05-07 11:00:00+00:00,108.235,87.62593
2026-05-07 12:00:00+00:00,105.975,87.48405
2026-05-07 13:00:00+00:00,107.12,100.67821
2026-05-07 14:00:00+00:00,115.56,103.38861
2026-05-07 15:00:00+00:00,139.925,127.01229
2026-05-07 16:00:00+00:00,153.085,145.7248
2026-05-07 17:00:00+00:00,160.5125,174.07428
2026-05-07 18:00:00+00:00,130.075,163.1544
2026-05-07 19:00:00+00:00,122.9725,129.68396
2026-05-07 20:00:00+00:00,119.335,119.38684
2026-05-07 21:00:00+00:00,113.685,119.58808
2026-05-07 22:00:00+00:00,138.84,111.32221
2026-05-07 23:00:00+00:00,122.155,122.19264
2026-05-08 00:00:00+00:00,120.1525,114.84184
2026-05-08 01:00:00+00:00,121.2175,113.52507
2026-05-08 02:00:00+00:00,123.935,118.4672
2026-05-08 03:00:00+00:00,148.2,134.70941
2026-05-08 04:00:00+00:00,147.1875,146.62971
2026-05-08 05:00:00+00:00,137.8775,143.76598
2026-05-08 06:00:00+00:00,144.04,128.69403
2026-05-08 07:00:00+00:00,120.0075,120.06788
2026-05-08 08:00:00+00:00,108.7225,105.68288
2026-05-08 09:00:00+00:00,94.8675,98.70761
2026-05-08 10:00:00+00:00,103.5075,84.19395
2026-05-08 11:00:00+00:00,62.9125,90.97375
2026-05-08 12:00:00+00:00,68.6125,69.29548
2026-05-08 13:00:00+00:00,87.7825,79.65119
2026-05-08 14:00:00+00:00,101.4125,98.006676
2026-05-08 15:00:00+00:00,117.4525,115.554306
2026-05-08 16:00:00+00:00,146.3825,130.44797
2026-05-08 17:00:00+00:00,126.515,152.29625
2026-05-08 18:00:00+00:00,120.12,125.15203
2026-05-08 19:00:00+00:00,156.345,113.53655
2026-05-08 20:00:00+00:00,157.9875,124.26258
2026-05-08 21:00:00+00:00,154.12,127.670525
2026-05-08 22:00:00+00:00,171.27249999999998,129.74727
2026-05-08 23:00:00+00:00,166.29,133.94905
2026-05-09 00:00:00+00:00,168.54,138.94861
2026-05-09 01:00:00+00:00,147.2,142.96536
2026-05-09 02:00:00+00:00,173.54,130.37228
2026-05-09 03:00:00+00:00,172.79,164.05118
2026-05-09 04:00:00+00:00,146.5125,150.93312
2026-05-09 05:00:00+00:00,123.395,130.74707
2026-05-09 06:00:00+00:00,106.015,114.174095
2026-05-09 07:00:00+00:00,33.29,89.48156
2026-05-09 08:00:00+00:00,0.0,39.557934
2026-05-09 09:00:00+00:00,0.0025,3.1263862
2026-05-09 10:00:00+00:00,0.0,11.869552
2026-05-09 11:00:00+00:00,0.0,8.478952
2026-05-09 12:00:00+00:00,0.0,12.536957
2026-05-09 13:00:00+00:00,0.0,35.086067
2026-05-09 14:00:00+00:00,29.97,52.02163
2026-05-09 15:00:00+00:00,101.775,75.21681
2026-05-09 16:00:00+00:00,146.3625,132.30402
2026-05-09 17:00:00+00:00,187.54,162.93434
2026-05-09 18:00:00+00:00,216.945,182.30283
2026-05-09 19:00:00+00:00,185.7625,185.82466
2026-05-09 20:00:00+00:00,164.8,163.35428
2026-05-09 21:00:00+00:00,174.305,149.87267
2026-05-09 22:00:00+00:00,162.025,158.73943
2026-05-09 23:00:00+00:00,148.3775,146.59769
2026-05-10 00:00:00+00:00,133.81,144.43558
2026-05-10 01:00:00+00:00,131.7625,125.34782
2026-05-10 02:00:00+00:00,134.4425,135.7858
2026-05-10 03:00:00+00:00,140.0425,145.86693
2026-05-10 04:00:00+00:00,122.64,134.76924
2026-05-10 05:00:00+00:00,107.0625,109.53195
2026-05-10 06:00:00+00:00,52.2225,76.96092
2026-05-10 07:00:00+00:00,-0.0025,40.28862
2026-05-10 08:00:00+00:00,-0.0175,1.1704926
2026-05-10 09:00:00+00:00,0.0,0.058868904
2026-05-10 10:00:00+00:00,-0.005,10.016068
2026-05-10 11:00:00+00:00,-0.01,13.073565
2026-05-10 12:00:00+00:00,-0.0025,15.503682
2026-05-10 13:00:00+00:00,0.0,28.481377
2026-05-10 14:00:00+00:00,28.9675,37.73891
2026-05-10 15:00:00+00:00,110.5075,65.84994
2026-05-10 16:00:00+00:00,140.04500000000002,141.30807
2026-05-10 17:00:00+00:00,175.91,180.6178
2026-05-10 18:00:00+00:00,151.0425,199.95491
2026-05-10 19:00:00+00:00,129.47,159.56798
2026-05-10 20:00:00+00:00,179.64499999999998,136.41005
2026-05-10 21:00:00+00:00,158.725,163.09563
2026-05-10 22:00:00+00:00,136.615,142.27965
2026-05-10 23:00:00+00:00,119.485,125.91717
2026-05-11 00:00:00+00:00,117.5975,122.304436
2026-05-11 01:00:00+00:00,119.5875,126.24801
2026-05-11 02:00:00+00:00,143.5675,126.76414
2026-05-11 03:00:00+00:00,166.1125,167.22095
2026-05-11 04:00:00+00:00,173.5775,183.86176
2026-05-11 05:00:00+00:00,121.75,154.83742
2026-05-11 06:00:00+00:00,106.62,105.45332
2026-05-11 07:00:00+00:00,0.0075,84.18421
2026-05-11 08:00:00+00:00,0.0,3.1335068
2026-05-11 09:00:00+00:00,0.0,3.7090025
2026-05-11 10:00:00+00:00,0.0,8.5229225
2026-05-11 11:00:00+00:00,0.0,9.4956
2026-05-11 12:00:00+00:00,0.0,13.722946
2026-05-11 13:00:00+00:00,0.0,32.786293
2026-05-11 14:00:00+00:00,76.94,44.40556
2026-05-11 15:00:00+00:00,144.045,112.71031
2026-05-11 16:00:00+00:00,162.3175,175.92717
2026-05-11 17:00:00+00:00,166.0575,212.50981
2026-05-11 18:00:00+00:00,149.345,183.9377
2026-05-11 19:00:00+00:00,136.84,145.06343
2026-05-11 20:00:00+00:00,124.1375,137.71307
2026-05-11 21:00:00+00:00,166.38,125.30756
2026-05-11 22:00:00+00:00,118.9875,135.88597
2026-05-11 23:00:00+00:00,109.545,111.15006
2026-05-12 00:00:00+00:00,109.6875,110.774506
2026-05-12 01:00:00+00:00,114.3925,111.67012
2026-05-12 02:00:00+00:00,127.7975,120.95638
2026-05-12 03:00:00+00:00,157.4925,146.0811
2026-05-12 04:00:00+00:00,154.0025,173.92917
2026-05-12 05:00:00+00:00,105.6475,132.0913
2026-05-12 06:00:00+00:00,52.3525,78.869225
2026-05-12 07:00:00+00:00,-0.0025,39.414467
2026-05-12 08:00:00+00:00,-0.0175,-3.6078985
2026-05-12 09:00:00+00:00,-0.015,1.545745
2026-05-12 10:00:00+00:00,-0.08,6.1949825
2026-05-12 11:00:00+00:00,-0.1,7.2081995
2026-05-12 12:00:00+00:00,-0.1,9.582822
2026-05-12 13:00:00+00:00,-0.08,27.376852
2026-05-12 14:00:00+00:00,0.0,44.923195
2026-05-12 15:00:00+00:00,71.6925,57.04506
2026-05-12 16:00:00+00:00,122.77,124.170906
2026-05-12 17:00:00+00:00,151.20749999999998,148.81915
2026-05-12 18:00:00+00:00,125.565,153.49927
2026-05-12 19:00:00+00:00,129.7575,121.05267
2026-05-12 20:00:00+00:00,122.83,116.75793
2026-05-12 21:00:00+00:00,122.3525,119.107025
2026-05-12 22:00:00+00:00,113.7,111.89296
2026-05-12 23:00:00+00:00,115.8075,109.03361
2026-05-13 00:00:00+00:00,113.265,118.53226
2026-05-13 01:00:00+00:00,133.25,115.2066
2026-05-13 02:00:00+00:00,138.4325,132.23268
2026-05-13 03:00:00+00:00,148.0225,154.56578
2026-05-13 04:00:00+00:00,154.54250000000002,162.28513
2026-05-13 05:00:00+00:00,139.6325,139.92564
2026-05-13 06:00:00+00:00,100.0025,107.98118
2026-05-13 07:00:00+00:00,9.3675,64.05118
2026-05-13 08:00:00+00:00,0.0075,1.3137859
2026-05-13 09:00:00+00:00,0.01,-2.890537
2026-05-13 10:00:00+00:00,0.005,1.3103976
2026-05-13 11:00:00+00:00,0.0,2.2388747
2026-05-13 12:00:00+00:00,0.01,5.727423
2026-05-13 13:00:00+00:00,13.005,22.227577
2026-05-13 14:00:00+00:00,99.02,53.575127
2026-05-13 15:00:00+00:00,120.94,110.84834
2026-05-13 16:00:00+00:00,157.1275,135.32733
2026-05-13 17:00:00+00:00,146.10750000000002,167.09583
2026-05-13 18:00:00+00:00,134.4775,144.25319
2026-05-13 19:00:00+00:00,149.64499999999998,120.867355
2026-05-13 20:00:00+00:00,132.6725,123.85244
2026-05-13 21:00:00+00:00,160.965,117.50184
2026-05-13 22:00:00+00:00,126.285,131.42056
2026-05-13 23:00:00+00:00,123.55,110.60519
2026-05-14 00:00:00+00:00,123.175,114.05738
2026-05-14 01:00:00+00:00,131.345,117.18025
2026-05-14 02:00:00+00:00,136.395,128.53305
2026-05-14 03:00:00+00:00,136.9575,152.37563
2026-05-14 04:00:00+00:00,141.9975,158.05101
2026-05-14 05:00:00+00:00,121.2575,140.3656
2026-05-14 06:00:00+00:00,107.96,102.30723
2026-05-14 07:00:00+00:00,26.2475,68.548775
2026-05-14 08:00:00+00:00,0.01,13.804153
2026-05-14 09:00:00+00:00,0.0375,-3.9996529
2026-05-14 10:00:00+00:00,0.0125,1.6430981
2026-05-14 11:00:00+00:00,0.01,3.0139933
2026-05-14 12:00:00+00:00,0.005,8.51231
2026-05-14 13:00:00+00:00,0.0125,24.14295
2026-05-14 14:00:00+00:00,76.3125,49.10051
2026-05-14 15:00:00+00:00,111.2525,110.00982
2026-05-14 16:00:00+00:00,158.3675,143.04057
2026-05-14 17:00:00+00:00,155.63,185.23994
2026-05-14 18:00:00+00:00,172.4325,159.09969
2026-05-14 19:00:00+00:00,142.99,144.43254
2026-05-14 20:00:00+00:00,136.96,120.671646
2026-05-14 21:00:00+00:00,135.99,129.0193
2026-05-14 22:00:00+00:00,133.6,118.36137
2026-05-14 23:00:00+00:00,126.2275,115.07918
2026-05-15 00:00:00+00:00,123.4375,119.23722
2026-05-15 01:00:00+00:00,124.4975,118.94696
2026-05-15 02:00:00+00:00,131.9225,122.47582
2026-05-15 03:00:00+00:00,134.76,145.82399
2026-05-15 04:00:00+00:00,142.19,151.39601
2026-05-15 05:00:00+00:00,127.695,133.96407
2026-05-15 06:00:00+00:00,106.97,106.99299
2026-05-15 07:00:00+00:00,0.0075,67.934975
2026-05-15 08:00:00+00:00,0.0,-5.4839783
2026-05-15 09:00:00+00:00,0.0,-4.2600465
2026-05-15 10:00:00+00:00,0.0,-0.7437555
2026-05-15 11:00:00+00:00,0.0,0.19392376
2026-05-15 12:00:00+00:00,0.0,7.3077097
2026-05-15 13:00:00+00:00,0.0,26.05009
2026-05-15 14:00:00+00:00,26.012500000000003,50.13681
2026-05-15 15:00:00+00:00,127.5225,77.74694
2026-05-15 16:00:00+00:00,141.2375,155.433
2026-05-15 17:00:00+00:00,157.3425,163.94762
2026-05-15 18:00:00+00:00,165.6,169.13333
2026-05-15 19:00:00+00:00,147.07999999999998,145.48938
2026-05-15 20:00:00+00:00,144.0,130.22089
2026-05-15 21:00:00+00:00,139.54,129.85405
2026-05-15 22:00:00+00:00,127.3375,127.96555
2026-05-15 23:00:00+00:00,125.9925,120.85277
2026-05-16 00:00:00+00:00,125.7875,124.39039
2026-05-16 01:00:00+00:00,121.575,127.65656
2026-05-16 02:00:00+00:00,126.0,121.1311
2026-05-16 03:00:00+00:00,113.72,133.19458
2026-05-16 04:00:00+00:00,109.39,120.83819
2026-05-16 05:00:00+00:00,104.075,106.463776
2026-05-16 06:00:00+00:00,72.16,72.46934
2026-05-16 07:00:00+00:00,7.47,43.356243
2026-05-16 08:00:00+00:00,7.075,5.9502416
2026-05-16 09:00:00+00:00,11.125,5.15963
2026-05-16 10:00:00+00:00,7.015,13.129942
2026-05-16 11:00:00+00:00,7.39,10.65659
2026-05-16 12:00:00+00:00,6.1525,13.600692
2026-05-16 13:00:00+00:00,6.9275,38.076443
2026-05-16 14:00:00+00:00,20.9975,48.07874
2026-05-16 15:00:00+00:00,65.3425,79.315765
2026-05-16 16:00:00+00:00,109.475,108.13223
2026-05-16 17:00:00+00:00,108.6425,134.01695
2026-05-16 18:00:00+00:00,122.1875,126.86829
2026-05-16 19:00:00+00:00,121.06,118.32899
2026-05-16 20:00:00+00:00,123.9975,115.25841
2026-05-16 21:00:00+00:00,129.855,115.938995
2026-05-16 22:00:00+00:00,124.3325,116.047134
2026-05-16 23:00:00+00:00,120.24,112.09771
2026-05-17 00:00:00+00:00,117.8875,118.40232
2026-05-17 01:00:00+00:00,117.1175,115.118675
2026-05-17 02:00:00+00:00,111.455,117.50888
2026-05-17 03:00:00+00:00,107.74,117.65218
2026-05-17 04:00:00+00:00,100.84,109.48803
2026-05-17 05:00:00+00:00,25.53,80.412415
2026-05-17 06:00:00+00:00,-0.0025,15.738965
2026-05-17 07:00:00+00:00,-0.055,-3.627852
2026-05-17 08:00:00+00:00,-0.88,-3.627852
2026-05-17 09:00:00+00:00,-0.3,-4.4881897
2026-05-17 10:00:00+00:00,-0.3,0.27421927
2026-05-17 11:00:00+00:00,-0.5,1.1744921
2026-05-17 12:00:00+00:00,-0.2,6.280158
2026-05-17 13:00:00+00:00,-0.035,18.525158
2026-05-17 14:00:00+00:00,0.0075,27.948896
2026-05-17 15:00:00+00:00,94.9325,45.940487
2026-05-17 16:00:00+00:00,136.715,117.20676
2026-05-17 17:00:00+00:00,137.4675,156.77335
2026-05-17 18:00:00+00:00,144.225,142.00998
2026-05-17 19:00:00+00:00,146.325,124.04107
2026-05-17 20:00:00+00:00,155.0475,124.62315
2026-05-17 21:00:00+00:00,167.33,128.09998
2026-05-17 22:00:00+00:00,125.8225,126.78086
2026-05-17 23:00:00+00:00,123.4625,105.60142
2026-05-18 00:00:00+00:00,129.21,115.12846
2026-05-18 01:00:00+00:00,126.035,123.311966
2026-05-18 02:00:00+00:00,125.105,127.1807
2026-05-18 03:00:00+00:00,134.98250000000002,146.27379
2026-05-18 04:00:00+00:00,133.6325,157.5926
2026-05-18 05:00:00+00:00,108.565,130.6302
2026-05-18 06:00:00+00:00,50.24,83.274666
2026-05-18 07:00:00+00:00,0.0,39.272293
2026-05-18 08:00:00+00:00,0.0,-1.6758702
2026-05-18 09:00:00+00:00,0.0,-0.60045683
2026-05-18 10:00:00+00:00,0.0,3.5705414
2026-05-18 11:00:00+00:00,0.01,4.207349
2026-05-18 12:00:00+00:00,0.01,7.7347565
2026-05-18 13:00:00+00:00,1.0075,23.323986
2026-05-18 14:00:00+00:00,57.3,49.834316
2026-05-18 15:00:00+00:00,131.8325,97.67972
2026-05-18 16:00:00+00:00,167.975,167.55733
2026-05-18 17:00:00+00:00,211.295,211.33575
2026-05-18 18:00:00+00:00,247.88,204.24898
2026-05-18 19:00:00+00:00,201.84,201.49667
2026-05-18 20:00:00+00:00,161.6875,171.27722
2026-05-18 21:00:00+00:00,152.925,156.8895
2026-05-18 22:00:00+00:00,151.8425,133.14714
2026-05-18 23:00:00+00:00,137.965,130.63159
2026-05-19 00:00:00+00:00,136.95,136.01746
2026-05-19 01:00:00+00:00,136.95,130.66025
2026-05-19 02:00:00+00:00,149.745,132.90756
2026-05-19 03:00:00+00:00,154.7925,164.96931
2026-05-19 04:00:00+00:00,172.6725,164.98032
2026-05-19 05:00:00+00:00,122.0725,143.42592
2026-05-19 06:00:00+00:00,118.2575,101.42451
2026-05-19 07:00:00+00:00,104.5,88.47305
2026-05-19 08:00:00+00:00,85.115,68.88611
2026-05-19 09:00:00+00:00,87.09,58.204433
2026-05-19 10:00:00+00:00,78.2075,69.745285
2026-05-19 11:00:00+00:00,78.58,63.464195
2026-05-19 12:00:00+00:00,87.2975,66.81329
2026-05-19 13:00:00+00:00,98.4975,90.305885
2026-05-19 14:00:00+00:00,110.6325,102.88472
2026-05-19 15:00:00+00:00,136.33249999999998,126.914345
2026-05-19 16:00:00+00:00,182.5125,155.35756
2026-05-19 17:00:00+00:00,175.98,206.65466
2026-05-19 18:00:00+00:00,189.5125,178.87836
2026-05-19 19:00:00+00:00,140.7725,162.51772
2026-05-19 20:00:00+00:00,128.27,132.70102
2026-05-19 21:00:00+00:00,142.95,121.0129
2026-05-19 22:00:00+00:00,111.46,124.21482
2026-05-19 23:00:00+00:00,106.87,109.59141
2026-05-20 00:00:00+00:00,60.475,109.55353
2026-05-20 01:00:00+00:00,13.14,78.15254
2026-05-20 02:00:00+00:00,76.25,36.981167
2026-05-20 03:00:00+00:00,105.3775,93.47947
2026-05-20 04:00:00+00:00,78.14,117.43439
2026-05-20 05:00:00+00:00,0.005,77.38657
2026-05-20 06:00:00+00:00,0.0,-0.34189296
2026-05-20 07:00:00+00:00,-0.01,-0.9968956
2026-05-20 08:00:00+00:00,-0.08,-6.1984754
2026-05-20 09:00:00+00:00,-0.0075,-3.853193
2026-05-20 10:00:00+00:00,0.0,0.15579168
2026-05-20 11:00:00+00:00,0.0,0.45815983
2026-05-20 12:00:00+00:00,0.0,4.5760126
2026-05-20 13:00:00+00:00,0.0,18.468622
2026-05-20 14:00:00+00:00,27.6375,32.965538
2026-05-20 15:00:00+00:00,109.8975,79.170906
2026-05-20 16:00:00+00:00,139.625,147.62277
2026-05-20 17:00:00+00:00,159.585,181.33533
2026-05-20 18:00:00+00:00,193.155,170.50555
2026-05-20 19:00:00+00:00,153.0625,165.37529
2026-05-20 20:00:00+00:00,135.0075,125.8699
2026-05-20 21:00:00+00:00,144.70749999999998,120.78638
2026-05-20 22:00:00+00:00,127.465,111.880325
2026-05-20 23:00:00+00:00,119.78,103.328964
2026-05-21 00:00:00+00:00,116.41,114.340485
2026-05-21 01:00:00+00:00,115.2375,113.355
2026-05-21 02:00:00+00:00,115.4325,114.78756
2026-05-21 03:00:00+00:00,120.0,126.65499
2026-05-21 04:00:00+00:00,116.29,133.20967
2026-05-21 05:00:00+00:00,88.19,120.61898
2026-05-21 06:00:00+00:00,26.59,76.25263
2026-05-21 07:00:00+00:00,-0.005,15.093047
2026-05-21 08:00:00+00:00,0.0,-3.9517791
2026-05-21 09:00:00+00:00,0.0,-2.255032
2026-05-21 10:00:00+00:00,0.0,0.35478923
2026-05-21 11:00:00+00:00,0.0,0.7961494
2026-05-21 12:00:00+00:00,0.0075,4.6002245
2026-05-21 13:00:00+00:00,1.13,26.075714
2026-05-21 14:00:00+00:00,76.745,45.517242
2026-05-21 15:00:00+00:00,106.255,101.65784
2026-05-21 16:00:00+00:00,155.8425,134.85022
2026-05-21 17:00:00+00:00,168.6925,182.41525
2026-05-21 18:00:00+00:00,208.795,185.28156
2026-05-21 19:00:00+00:00,189.78,174.40344
2026-05-21 20:00:00+00:00,163.515,152.3999
2026-05-21 21:00:00+00:00,167.6325,133.71852
2026-05-21 22:00:00+00:00,158.03750000000002,133.85904
2026-05-21 23:00:00+00:00,140.2375,128.43517
2026-05-22 00:00:00+00:00,132.6175,134.42896
2026-05-22 01:00:00+00:00,132.9275,125.00497
2026-05-22 02:00:00+00:00,136.765,126.704506
2026-05-22 03:00:00+00:00,139.45,141.91507
2026-05-22 04:00:00+00:00,142.4225,149.92548
2026-05-22 05:00:00+00:00,104.465,131.926
2026-05-22 06:00:00+00:00,80.0525,86.84417
2026-05-22 07:00:00+00:00,0.005,53.971584
2026-05-22 08:00:00+00:00,0.0025,-4.39359
2026-05-22 09:00:00+00:00,0.1025,-2.7475226
2026-05-22 10:00:00+00:00,0.01,0.090004146
2026-05-22 11:00:00+00:00,0.6499999999999999,0.600858
2026-05-22 12:00:00+00:00,1.1,5.198439
2026-05-22 13:00:00+00:00,22.2275,31.614801
2026-05-22 14:00:00+00:00,77.2075,58.73509
2026-05-22 15:00:00+00:00,114.1325,104.64654
2026-05-22 16:00:00+00:00,136.79500000000002,141.76627
2026-05-22 17:00:00+00:00,136.245,166.78348
2026-05-22 18:00:00+00:00,120.89,153.8214
2026-05-22 19:00:00+00:00,126.8975,130.89537
2026-05-22 20:00:00+00:00,147.5,123.95123
2026-05-22 21:00:00+00:00,166.36,134.5538
2026-05-22 22:00:00+00:00,118.4675,139.75404
2026-05-22 23:00:00+00:00,128.3725,113.946976
2026-05-23 00:00:00+00:00,131.32,127.56808
2026-05-23 01:00:00+00:00,129.79,123.49757
2026-05-23 02:00:00+00:00,127.8325,122.711174
2026-05-23 03:00:00+00:00,125.61,132.72672
2026-05-23 04:00:00+00:00,90.07,120.73559
2026-05-23 05:00:00+00:00,71.9275,80.220604
2026-05-23 06:00:00+00:00,0.005,48.82861
2026-05-23 07:00:00+00:00,-0.0025,3.609018
2026-05-23 08:00:00+00:00,-0.3325,4.5231805
2026-05-23 09:00:00+00:00,-0.01,-2.0394642
2026-05-23 10:00:00+00:00,-0.01,1.8172765
2026-05-23 11:00:00+00:00,-0.01,3.9072444
2026-05-23 12:00:00+00:00,-0.01,7.2798467
2026-05-23 13:00:00+00:00,-2.085,21.450611
2026-05-23 14:00:00+00:00,-0.27,35.9644
2026-05-23 15:00:00+00:00,45.99,51.001213
2026-05-23 16:00:00+00:00,135.4375,80.86918
2026-05-23 17:00:00+00:00,157.38,146.1602
2026-05-23 18:00:00+00:00,109.85,136.58357
2026-05-23 19:00:00+00:00,119.655,103.90546
2026-05-23 20:00:00+00:00,116.8225,118.81428
2026-05-23 21:00:00+00:00,119.775,113.936104
2026-05-23 22:00:00+00:00,115.0625,108.030136
2026-05-23 23:00:00+00:00,119.5325,110.93938
2026-05-24 00:00:00+00:00,118.27,123.53284
2026-05-24 01:00:00+00:00,118.7275,117.82325
2026-05-24 02:00:00+00:00,116.6125,116.3454
2026-05-24 03:00:00+00:00,115.6075,119.30697
2026-05-24 04:00:00+00:00,0.0,103.945816
2026-05-24 05:00:00+00:00,-0.0025,1.9573536
2026-05-24 06:00:00+00:00,-0.0325,-2.857766
2026-05-24 07:00:00+00:00,-4.2075,-3.460347
2026-05-24 08:00:00+00:00,-3.5025,-2.3671181
2026-05-24 09:00:00+00:00,-5.0,0.48331618
2026-05-24 10:00:00+00:00,-4.3675,3.8345463
2026-05-24 11:00:00+00:00,-3.0075,2.420537
2026-05-24 12:00:00+00:00,-2.4425,4.10726
2026-05-24 13:00:00+00:00,-4.45,14.40074
2026-05-24 14:00:00+00:00,-1.95,27.306997
2026-05-24 15:00:00+00:00,17.1825,39.90895
2026-05-24 16:00:00+00:00,125.265,75.11813
2026-05-24 17:00:00+00:00,137.64,145.00916
2026-05-24 18:00:00+00:00,136.44,139.42613
2026-05-24 19:00:00+00:00,114.6975,118.31159
2026-05-24 20:00:00+00:00,120.9725,109.236855
2026-05-24 21:00:00+00:00,120.24,111.08254
2026-05-24 22:00:00+00:00,112.2025,107.91045
2026-05-24 23:00:00+00:00,110.4225,105.31938
2026-05-25 00:00:00+00:00,111.2,116.45968
2026-05-25 01:00:00+00:00,110.305,116.33895
2026-05-25 02:00:00+00:00,110.4075,115.465416
2026-05-25 03:00:00+00:00,112.3825,127.76718
2026-05-25 04:00:00+00:00,117.275,122.76202
2026-05-25 05:00:00+00:00,65.2875,108.53506
2026-05-25 06:00:00+00:00,0.005,51.163166
2026-05-25 07:00:00+00:00,-0.005,5.041962
2026-05-25 08:00:00+00:00,-0.01,4.464876
2026-05-25 09:00:00+00:00,0.0,5.667774
2026-05-25 10:00:00+00:00,0.0,10.306608
2026-05-25 11:00:00+00:00,0.0,10.442219
2026-05-25 12:00:00+00:00,0.0,14.948397
2026-05-25 13:00:00+00:00,0.0,23.898916
2026-05-25 14:00:00+00:00,16.482499999999998,33.090405
2026-05-25 15:00:00+00:00,83.3825,57.59208
2026-05-25 16:00:00+00:00,117.205,125.89339
2026-05-25 17:00:00+00:00,128.3975,160.62683
2026-05-25 18:00:00+00:00,130.04,152.06647
2026-05-25 19:00:00+00:00,131.785,122.90836
2026-05-25 20:00:00+00:00,158.14,117.025764
2026-05-25 21:00:00+00:00,147.6625,125.30143
2026-05-25 22:00:00+00:00,124.9525,117.783615
2026-05-25 23:00:00+00:00,125.28,109.3682
2026-05-26 00:00:00+00:00,124.3275,121.3001
2026-05-26 01:00:00+00:00,125.1475,120.929565
2026-05-26 02:00:00+00:00,122.7925,124.56766
2026-05-26 03:00:00+00:00,132.345,133.87636
2026-05-26 04:00:00+00:00,140.3075,146.47414
2026-05-26 05:00:00+00:00,111.38,114.1234
2026-05-26 06:00:00+00:00,2.5025,80.559944
2026-05-26 07:00:00+00:00,0.0,4.1876917
2026-05-26 08:00:00+00:00,-0.005,1.9317489
2026-05-26 09:00:00+00:00,0.0,2.3554723
2026-05-26 10:00:00+00:00,0.0,7.779972
2026-05-26 11:00:00+00:00,0.0,9.147178
2026-05-26 12:00:00+00:00,0.0,15.983793
2026-05-26 13:00:00+00:00,0.0,29.234259
2026-05-26 14:00:00+00:00,27.8925,40.467648
2026-05-26 15:00:00+00:00,99.91,64.20084
2026-05-26 16:00:00+00:00,132.54250000000002,127.68547
2026-05-26 17:00:00+00:00,141.0425,168.30235
2026-05-26 18:00:00+00:00,154.675,156.52208
2026-05-26 19:00:00+00:00,160.54500000000002,132.08543
2026-05-26 20:00:00+00:00,135.36,135.9972
2026-05-26 21:00:00+00:00,169.115,118.02411
2026-05-26 22:00:00+00:00,125.54,129.37051
2026-05-26 23:00:00+00:00,126.1025,103.56207
2026-05-27 00:00:00+00:00,125.46,120.73046
2026-05-27 01:00:00+00:00,124.92,123.14183
2026-05-27 02:00:00+00:00,125.935,122.75094
2026-05-27 03:00:00+00:00,131.3625,134.48485
2026-05-27 04:00:00+00:00,119.2325,139.83203
2026-05-27 05:00:00+00:00,108.6475,112.70665
2026-05-27 06:00:00+00:00,6.25,72.96577
2026-05-27 07:00:00+00:00,-0.0075,1.3756564
2026-05-27 08:00:00+00:00,-0.01,-6.458067
2026-05-27 09:00:00+00:00,0.0,-6.2231817
2026-05-27 10:00:00+00:00,0.0,-2.7596073
2026-05-27 11:00:00+00:00,0.0,-1.3594309
2026-05-27 12:00:00+00:00,0.0,2.2123604
2026-05-27 13:00:00+00:00,0.005,19.247126
2026-05-27 14:00:00+00:00,40.98,34.736286
2026-05-27 15:00:00+00:00,104.60750000000002,76.11799
2026-05-27 16:00:00+00:00,177.3875,142.6167
2026-05-27 17:00:00+00:00,228.53,221.60167
2026-05-27 18:00:00+00:00,228.5325,226.44604
2026-05-27 19:00:00+00:00,211.0075,210.70802
2026-05-27 20:00:00+00:00,165.4875,182.757
2026-05-27 21:00:00+00:00,153.4525,157.94943
2026-05-27 22:00:00+00:00,136.455,133.01602
2026-05-27 23:00:00+00:00,131.8625,124.576126
2026-05-28 00:00:00+00:00,130.6125,133.4206
2026-05-28 01:00:00+00:00,131.7875,132.72227
2026-05-28 02:00:00+00:00,133.20999999999998,133.74704
2026-05-28 03:00:00+00:00,137.76749999999998,151.53232
2026-05-28 04:00:00+00:00,141.14,143.01283
2026-05-28 05:00:00+00:00,117.72,130.56775
2026-05-28 06:00:00+00:00,87.7525,94.30309
2026-05-28 07:00:00+00:00,0.005,48.387207
2026-05-28 08:00:00+00:00,0.0,-5.4955645
2026-05-28 09:00:00+00:00,0.0,-4.461575
2026-05-28 10:00:00+00:00,0.0025,1.3057711
2026-05-28 11:00:00+00:00,0.0075,4.266543
2026-05-28 12:00:00+00:00,0.0125,7.692205
2026-05-28 13:00:00+00:00,1.3,24.991133
2026-05-28 14:00:00+00:00,41.0,48.95856
2026-05-28 15:00:00+00:00,104.4575,74.16523
2026-05-28 16:00:00+00:00,131.8225,144.18266
2026-05-28 17:00:00+00:00,166.805,183.3322
2026-05-28 18:00:00+00:00,164.175,196.32306
2026-05-28 19:00:00+00:00,128.5625,160.92682
2026-05-28 20:00:00+00:00,136.54,130.35707
2026-05-28 21:00:00+00:00,128.375,126.996666
2026-05-28 22:00:00+00:00,125.84,118.71385
2026-05-28 23:00:00+00:00,126.04,114.15354
2026-05-29 00:00:00+00:00,128.585,123.406845
2026-05-29 01:00:00+00:00,127.115,124.57368
2026-05-29 02:00:00+00:00,126.4575,121.771706
2026-05-29 03:00:00+00:00,126.1375,132.8307
2026-05-29 04:00:00+00:00,125.505,140.98416
2026-05-29 05:00:00+00:00,91.3975,110.687126
2026-05-29 06:00:00+00:00,0.0025,58.1275
2026-05-29 07:00:00+00:00,-0.0025,-8.429466
2026-05-29 08:00:00+00:00,0.0,-8.274775
2026-05-29 09:00:00+00:00,0.0,-6.6959515
2026-05-29 10:00:00+00:00,0.0,-2.3618937
2026-05-29 11:00:00+00:00,0.0,-1.4801741
2026-05-29 12:00:00+00:00,0.0,2.5218606
2026-05-29 13:00:00+00:00,0.0,18.111988
2026-05-29 14:00:00+00:00,44.2725,38.5142
2026-05-29 15:00:00+00:00,104.9125,76.817375
2026-05-29 16:00:00+00:00,139.435,132.47247
2026-05-29 17:00:00+00:00,150.98000000000002,183.45547
2026-05-29 18:00:00+00:00,159.115,176.27728
2026-05-29 19:00:00+00:00,156.53,145.52843
2026-05-29 20:00:00+00:00,141.21,148.66713
2026-05-29 21:00:00+00:00,136.9825,124.78722
2026-05-29 22:00:00+00:00,170.8825,126.03113
2026-05-29 23:00:00+00:00,168.34,145.7733
2026-05-30 00:00:00+00:00,166.84,160.78105
2026-05-30 01:00:00+00:00,163.9775,145.46257
2026-05-30 02:00:00+00:00,132.6675,141.87875
2026-05-30 03:00:00+00:00,131.1525,129.32404
2026-05-30 04:00:00+00:00,121.1075,121.41527
2026-05-30 05:00:00+00:00,88.545,99.204254
2026-05-30 06:00:00+00:00,4.79,56.962326
2026-05-30 07:00:00+00:00,0.0,-1.8961196
2026-05-30 08:00:00+00:00,-0.01,-3.7167907
2026-05-30 09:00:00+00:00,-0.005,-5.8140173
2026-05-30 10:00:00+00:00,-0.0425,3.1667814
2026-05-30 11:00:00+00:00,-1.1675,3.4114995
2026-05-30 12:00:00+00:00,-0.32,4.3437023
2026-05-30 13:00:00+00:00,-0.01,21.791265
2026-05-30 14:00:00+00:00,3.0075,33.63853
2026-05-30 15:00:00+00:00,70.36500000000001,56.784122
2026-05-30 16:00:00+00:00,157.0325,120.780815
2026-05-30 17:00:00+00:00,175.715,186.21916
2026-05-30 18:00:00+00:00,184.3675,183.44688
2026-05-30 19:00:00+00:00,182.22,165.40614
2026-05-30 20:00:00+00:00,155.0675,158.35071
2026-05-30 21:00:00+00:00,148.32,134.69153
2026-05-30 22:00:00+00:00,139.3275,144.57364
2026-05-30 23:00:00+00:00,132.0475,133.47153
2026-05-31 00:00:00+00:00,130.9325,133.75798
2026-05-31 01:00:00+00:00,132.5075,134.4098
2026-05-31 02:00:00+00:00,134.995,131.38701
2026-05-31 03:00:00+00:00,130.855,140.41595
2026-05-31 04:00:00+00:00,120.0275,127.93282
2026-05-31 05:00:00+00:00,103.8675,95.01401
2026-05-31 06:00:00+00:00,44.4675,70.91154
2026-05-31 07:00:00+00:00,0.0,29.66113
2026-05-31 08:00:00+00:00,-0.0075,-3.1500416
2026-05-31 09:00:00+00:00,0.0,-2.0947156
2026-05-31 10:00:00+00:00,-0.005,0.59212995
2026-05-31 11:00:00+00:00,-0.01,6.0386786
2026-05-31 12:00:00+00:00,-0.01,11.323704
2026-05-31 13:00:00+00:00,0.0,30.298641
2026-05-31 14:00:00+00:00,53.485,39.269707
2026-05-31 15:00:00+00:00,104.1,73.44685
2026-05-31 16:00:00+00:00,137.735,133.02408
2026-05-31 17:00:00+00:00,147.495,178.10078
2026-05-31 18:00:00+00:00,146.605,169.21257
2026-05-31 19:00:00+00:00,143.905,150.94432
2026-05-31 20:00:00+00:00,155.1275,136.27957
2026-05-31 21:00:00+00:00,139.28,137.95268
2026-05-31 22:00:00+00:00,136.3075,126.59741
2026-05-31 23:00:00+00:00,133.35500000000002,123.20075
2026-06-01 00:00:00+00:00,128.74,129.46242
2026-06-01 01:00:00+00:00,126.45,128.35146
2026-06-01 02:00:00+00:00,125.1525,133.08655
2026-06-01 03:00:00+00:00,135.6025,142.48816
2026-06-01 04:00:00+00:00,146.38,153.9166
2026-06-01 05:00:00+00:00,130.6575,157.8877
2026-06-01 06:00:00+00:00,83.8775,135.56874
2026-06-01 07:00:00+00:00,0.0025,90.78347
2026-06-01 08:00:00+00:00,0.0,44.691708
2026-06-01 09:00:00+00:00,0.0,42.463764
2026-06-01 10:00:00+00:00,0.0,45.051064
2026-06-01 11:00:00+00:00,0.0,45.183517
2026-06-01 12:00:00+00:00,0.005,45.54148
2026-06-01 13:00:00+00:00,11.0025,56.381447
2026-06-01 14:00:00+00:00,110.3975,61.5866
2026-06-01 15:00:00+00:00,134.85000000000002,127.18742
2026-06-01 16:00:00+00:00,158.4325,157.81831
2026-06-01 17:00:00+00:00,134.5325,173.44562
2026-06-01 18:00:00+00:00,155.075,147.98244
2026-06-01 19:00:00+00:00,170.0,139.36525
2026-06-01 20:00:00+00:00,155.055,159.129
2026-06-01 21:00:00+00:00,154.9775,142.65071
2026-06-01 22:00:00+00:00,139.76999999999998,137.05171
2026-06-01 23:00:00+00:00,136.3,122.69517
2026-06-02 00:00:00+00:00,132.865,128.20772
2026-06-02 01:00:00+00:00,129.1225,126.79882
2026-06-02 02:00:00+00:00,128.9525,132.47867
2026-06-02 03:00:00+00:00,132.65,145.22809
2026-06-02 04:00:00+00:00,138.96,163.84123
2026-06-02 05:00:00+00:00,120.975,160.27577
2026-06-02 06:00:00+00:00,91.835,126.71913
2026-06-02 07:00:00+00:00,0.005,96.982056
2026-06-02 08:00:00+00:00,0.005,42.67438
2026-06-02 09:00:00+00:00,0.01,42.518284
2026-06-02 10:00:00+00:00,0.01,42.814266
2026-06-02 11:00:00+00:00,0.01,43.206448
2026-06-02 12:00:00+00:00,0.01,44.750767
2026-06-02 13:00:00+00:00,36.5075,52.153236
2026-06-02 14:00:00+00:00,113.1875,73.91509
2026-06-02 15:00:00+00:00,123.33,136.97565
2026-06-02 16:00:00+00:00,148.38,153.67937
2026-06-02 17:00:00+00:00,162.12,170.99576
2026-06-02 18:00:00+00:00,162.4825,172.7329
2026-06-02 19:00:00+00:00,143.305,160.23119
2026-06-02 20:00:00+00:00,137.5325,137.94592
2026-06-02 21:00:00+00:00,133.085,139.77269
2026-06-02 22:00:00+00:00,125.415,126.42716
2026-06-02 23:00:00+00:00,117.31,121.03828
2026-06-03 00:00:00+00:00,115.1175,119.82776
2026-06-03 01:00:00+00:00,113.9525,119.361404
2026-06-03 02:00:00+00:00,114.4425,125.26471
2026-06-03 03:00:00+00:00,120.495,133.2208
2026-06-03 04:00:00+00:00,138.2775,150.26706
2026-06-03 05:00:00+00:00,122.53,157.30782
2026-06-03 06:00:00+00:00,93.7375,129.07094
2026-06-03 07:00:00+00:00,12.505,97.518845
2026-06-03 08:00:00+00:00,0.0025,37.963478
2026-06-03 09:00:00+00:00,1.31,40.701855
2026-06-03 10:00:00+00:00,0.01,40.807755
2026-06-03 11:00:00+00:00,0.01,41.4712
2026-06-03 12:00:00+00:00,0.01,43.01552
2026-06-03 13:00:00+00:00,0.0125,51.58393
2026-06-03 14:00:00+00:00,48.3625,67.78045
2026-06-03 15:00:00+00:00,114.08,91.12711
2026-06-03 16:00:00+00:00,130.3225,150.16501
2026-06-03 17:00:00+00:00,140.0075,167.70525
2026-06-03 18:00:00+00:00,147.51,167.41725
2026-06-03 19:00:00+00:00,141.535,138.49458
2026-06-03 20:00:00+00:00,129.545,135.60109
2026-06-03 21:00:00+00:00,130.87,127.06916
2026-06-03 22:00:00+00:00,116.235,120.78117
2026-06-03 23:00:00+00:00,116.245,111.50001
2026-06-04 00:00:00+00:00,87.2525,118.00663
2026-06-04 01:00:00+00:00,109.97,102.34558
2026-06-04 02:00:00+00:00,107.5225,118.90752
2026-06-04 03:00:00+00:00,90.1375,122.31233
2026-06-04 04:00:00+00:00,113.9725,124.51939
2026-06-04 05:00:00+00:00,99.56,136.91237
2026-06-04 06:00:00+00:00,80.24000000000001,107.18296
2026-06-04 07:00:00+00:00,34.25,87.472885
2026-06-04 08:00:00+00:00,9.94,54.62883
2026-06-04 09:00:00+00:00,16.0,38.134544
2026-06-04 10:00:00+00:00,15.9975,41.69163
2026-06-04 11:00:00+00:00,25.945,42.156986
2026-06-04 12:00:00+00:00,28.6,46.29996
2026-06-04 13:00:00+00:00,9.975,54.51007
2026-06-04 14:00:00+00:00,31.995,53.502975
2026-06-04 15:00:00+00:00,84.61500000000001,78.44488
2026-06-04 16:00:00+00:00,123.5175,118.28018
2026-06-04 17:00:00+00:00,164.4325,148.8022
2026-06-04 18:00:00+00:00,193.1775,166.56152
2026-06-04 19:00:00+00:00,179.79,162.82774
2026-06-04 20:00:00+00:00,170.6225,147.41884
2026-06-04 21:00:00+00:00,175.185,138.90932
2026-06-04 22:00:00+00:00,119.435,142.85104
2026-06-04 23:00:00+00:00,124.1075,112.243416
2026-06-05 00:00:00+00:00,113.2975,116.77737
2026-06-05 01:00:00+00:00,120.17,112.49663
2026-06-05 02:00:00+00:00,125.575,120.40977
2026-06-05 03:00:00+00:00,168.335,131.81514
2026-06-05 04:00:00+00:00,144.755,173.83377
2026-06-05 05:00:00+00:00,125.17,155.24466
2026-06-05 06:00:00+00:00,115.12,129.42824
2026-06-05 07:00:00+00:00,97.8725,118.31796
2026-06-05 08:00:00+00:00,88.87,101.10646
2026-06-05 09:00:00+00:00,72.565,93.055664
2026-06-05 10:00:00+00:00,54.85,79.75248
2026-06-05 11:00:00+00:00,43.34,68.00923
2026-06-05 12:00:00+00:00,32.0625,62.79629
2026-06-05 13:00:00+00:00,46.4875,60.015575
2026-06-05 14:00:00+00:00,78.76,70.22424
2026-06-05 15:00:00+00:00,117.2375,98.27314
2026-06-05 16:00:00+00:00,142.61,136.94568
2026-06-05 17:00:00+00:00,157.5125,170.66533
2026-06-05 18:00:00+00:00,179.0,177.00883
2026-06-05 19:00:00+00:00,176.5425,173.4464
2026-06-05 20:00:00+00:00,162.085,169.56482
2026-06-05 21:00:00+00:00,146.8275,161.28908
2026-06-05 22:00:00+00:00,143.2025,137.95001
2026-06-05 23:00:00+00:00,135.7225,136.24373
2026-06-06 00:00:00+00:00,136.315,129.39658
2026-06-06 01:00:00+00:00,117.74,130.8138
2026-06-06 02:00:00+00:00,139.23,122.01712
2026-06-06 03:00:00+00:00,129.4225,150.45627
2026-06-06 04:00:00+00:00,108.48,142.60052
2026-06-06 05:00:00+00:00,84.5775,121.41424
2026-06-06 06:00:00+00:00,31.775,93.8771
2026-06-06 07:00:00+00:00,0.5025,60.60093
2026-06-06 08:00:00+00:00,0.0,39.428326
2026-06-06 09:00:00+00:00,0.01,38.101772
2026-06-06 10:00:00+00:00,0.0,37.701115
2026-06-06 11:00:00+00:00,0.0,38.495975
2026-06-06 12:00:00+00:00,0.0125,41.528576
2026-06-06 13:00:00+00:00,4.935,54.230045
2026-06-06 14:00:00+00:00,49.8275,66.72602
2026-06-06 15:00:00+00:00,83.8075,93.88461
2026-06-06 16:00:00+00:00,128.8725,127.01489
2026-06-06 17:00:00+00:00,131.4875,164.03503
2026-06-06 18:00:00+00:00,133.935,158.47214
2026-06-06 19:00:00+00:00,137.54,144.09303
2026-06-06 20:00:00+00:00,131.81,142.28914
2026-06-06 21:00:00+00:00,138.0075,132.16956
2026-06-06 22:00:00+00:00,123.375,127.77295
2026-06-06 23:00:00+00:00,115.435,118.59802
2026-06-07 00:00:00+00:00,111.685,125.39485
2026-06-07 01:00:00+00:00,113.15,118.7883
2026-06-07 02:00:00+00:00,95.07,127.58528
2026-06-07 03:00:00+00:00,56.6425,111.0939
2026-06-07 04:00:00+00:00,20.9475,90.00396
2026-06-07 05:00:00+00:00,0.46,47.548183
2026-06-07 06:00:00+00:00,-0.0075,38.80823
2026-06-07 07:00:00+00:00,-2.6475,41.734737
2026-06-07 08:00:00+00:00,-4.995,42.681267
2026-06-07 09:00:00+00:00,-1.73,42.218887
2026-06-07 10:00:00+00:00,-1.0,42.563168
2026-06-07 11:00:00+00:00,-1.9075,42.670513
2026-06-07 12:00:00+00:00,-1.5074999999999998,41.22245
2026-06-07 13:00:00+00:00,-4.6725,46.494476
2026-06-07 14:00:00+00:00,-0.2825,51.643204
2026-06-07 15:00:00+00:00,29.6975,60.635414
2026-06-07 16:00:00+00:00,104.855,84.938416
2026-06-07 17:00:00+00:00,117.3075,133.39795
2026-06-07 18:00:00+00:00,120.19,135.54427
2026-06-07 19:00:00+00:00,128.67000000000002,125.91617
2026-06-07 20:00:00+00:00,136.86,128.66226
2026-06-07 21:00:00+00:00,132.985,127.644394
2026-06-07 22:00:00+00:00,136.7275,121.68408
2026-06-07 23:00:00+00:00,130.06,119.26757
2026-06-08 00:00:00+00:00,121.61,129.11829
2026-06-08 01:00:00+00:00,117.4475,121.54613
2026-06-08 02:00:00+00:00,116.59,125.74139
2026-06-08 03:00:00+00:00,115.68,130.14667
2026-06-08 04:00:00+00:00,124.6775,141.19171
2026-06-08 05:00:00+00:00,81.4175,150.52934
2026-06-08 06:00:00+00:00,48.58,102.19192
2026-06-08 07:00:00+00:00,-0.01,76.55862
2026-06-08 08:00:00+00:00,-0.01,49.98344
2026-06-08 09:00:00+00:00,-0.01,49.29409
2026-06-08 10:00:00+00:00,-0.005,49.55676
2026-06-08 11:00:00+00:00,5.6425,49.835056
2026-06-08 12:00:00+00:00,56.6525,47.069416
2026-06-08 13:00:00+00:00,72.27,86.07288
2026-06-08 14:00:00+00:00,98.8225,101.980545
2026-06-08 15:00:00+00:00,125.0025,121.05582
2026-06-08 16:00:00+00:00,157.235,153.89445
2026-06-08 17:00:00+00:00,172.3275,172.5923
2026-06-08 18:00:00+00:00,171.8375,173.15529
2026-06-08 19:00:00+00:00,157.65,153.74791
2026-06-08 20:00:00+00:00,137.435,146.35408
2026-06-08 21:00:00+00:00,142.5325,132.42148
2026-06-08 22:00:00+00:00,161.215,131.53764
2026-06-08 23:00:00+00:00,129.3225,137.48993
2026-06-09 00:00:00+00:00,136.5225,125.47347
2026-06-09 01:00:00+00:00,131.8625,127.465195
2026-06-09 02:00:00+00:00,148.84,131.29236
2026-06-09 03:00:00+00:00,133.4075,154.20705
2026-06-09 04:00:00+00:00,137.9975,153.91989
2026-06-09 05:00:00+00:00,140.7875,150.70956
2026-06-09 06:00:00+00:00,79.80499999999999,147.78578
2026-06-09 07:00:00+00:00,3.1875,89.77921
2026-06-09 08:00:00+00:00,-0.0075,41.362392
2026-06-09 09:00:00+00:00,56.2825,42.966034
2026-06-09 10:00:00+00:00,34.7475,74.39932
2026-06-09 11:00:00+00:00,37.325,55.806458
2026-06-09 12:00:00+00:00,41.27,61.009293
2026-06-09 13:00:00+00:00,68.43,68.169655
2026-06-09 14:00:00+00:00,93.015,102.34275
2026-06-09 15:00:00+00:00,136.2,122.184204
2026-06-09 16:00:00+00:00,161.2275,169.12129
2026-06-09 17:00:00+00:00,184.515,195.91408
2026-06-09 18:00:00+00:00,196.785,195.12253
2026-06-09 19:00:00+00:00,189.1125,171.30028
2026-06-09 20:00:00+00:00,174.64,161.81996
2026-06-09 21:00:00+00:00,170.635,152.52444
2026-06-09 22:00:00+00:00,130.86249999999998,154.29797
2026-06-09 23:00:00+00:00,121.7025,124.8342
2026-06-10 00:00:00+00:00,117.3275,123.623856
2026-06-10 01:00:00+00:00,119.935,121.1505
2026-06-10 02:00:00+00:00,122.2675,135.75806
2026-06-10 03:00:00+00:00,126.485,138.13814
2026-06-10 04:00:00+00:00,138.4175,155.13155
2026-06-10 05:00:00+00:00,118.29,163.4323
2026-06-10 06:00:00+00:00,36.8575,126.90483
2026-06-10 07:00:00+00:00,0.0,59.12442
2026-06-10 08:00:00+00:00,-0.01,42.550797
2026-06-10 09:00:00+00:00,0.0025,38.734818
2026-06-10 10:00:00+00:00,19.2325,39.61335
2026-06-10 11:00:00+00:00,61.9125,42.465576
2026-06-10 12:00:00+00:00,81.72,78.029045
2026-06-10 13:00:00+00:00,78.1825,97.76486
2026-06-10 14:00:00+00:00,113.0575,101.07763
2026-06-10 15:00:00+00:00,136.82,138.5025
2026-06-10 16:00:00+00:00,156.6275,169.77632
2026-06-10 17:00:00+00:00,167.2575,193.8816
2026-06-10 18:00:00+00:00,180.0,191.45505
2026-06-10 19:00:00+00:00,173.105,175.00732
2026-06-10 20:00:00+00:00,155.2025,168.2994
2026-06-10 21:00:00+00:00,144.2275,153.42024
2026-06-10 22:00:00+00:00,128.7775,125.29378
2026-06-10 23:00:00+00:00,122.0525,118.67338
2026-06-11 00:00:00+00:00,118.36,119.446884
2026-06-11 01:00:00+00:00,119.84,118.15042
2026-06-11 02:00:00+00:00,120.4875,122.23288
2026-06-11 03:00:00+00:00,118.6075,134.30869
2026-06-11 04:00:00+00:00,123.38,146.40494
2026-06-11 05:00:00+00:00,121.2475,140.53021
2026-06-11 06:00:00+00:00,106.55,127.606125
2026-06-11 07:00:00+00:00,64.38,111.741196
2026-06-11 08:00:00+00:00,36.5975,76.730545
2026-06-11 09:00:00+00:00,35.9375,56.873978
2026-06-11 10:00:00+00:00,33.47,54.876736
2026-06-11 11:00:00+00:00,25.08,52.350353
2026-06-11 12:00:00+00:00,24.2325,47.982277
2026-06-11 13:00:00+00:00,40.9475,60.72877
2026-06-11 14:00:00+00:00,81.3675,76.20546
2026-06-11 15:00:00+00:00,109.9775,116.08617
2026-06-11 16:00:00+00:00,137.0025,141.63004
2026-06-11 17:00:00+00:00,160.0025,169.70685
2026-06-11 18:00:00+00:00,160.12,183.40317
2026-06-11 19:00:00+00:00,158.4775,160.80109
2026-06-11 20:00:00+00:00,135.565,152.47409
2026-06-11 21:00:00+00:00,135.4025,134.83563
2026-06-11 22:00:00+00:00,148.1275,121.46842
2026-06-11 23:00:00+00:00,131.79250000000002,130.12535
2026-06-12 00:00:00+00:00,124.4875,123.8696
2026-06-12 01:00:00+00:00,118.375,121.025154
2026-06-12 02:00:00+00:00,110.4775,120.202774
2026-06-12 03:00:00+00:00,130.7975,129.54619
2026-06-12 04:00:00+00:00,138.495,152.70059
2026-06-12 05:00:00+00:00,129.0725,153.58748
2026-06-12 06:00:00+00:00,123.9425,138.3862
2026-06-12 07:00:00+00:00,103.9625,126.334015
2026-06-12 08:00:00+00:00,95.4375,108.31081
2026-06-12 09:00:00+00:00,97.8625,97.48163
2026-06-12 10:00:00+00:00,88.77250000000001,100.77936
2026-06-12 11:00:00+00:00,77.97749999999999,90.62752
2026-06-12 12:00:00+00:00,110.02,81.06106
2026-06-12 13:00:00+00:00,124.98,112.681274
2026-06-12 14:00:00+00:00,83.4775,127.02765
2026-06-12 15:00:00+00:00,114.1825,100.711624
2026-06-12 16:00:00+00:00,126.105,135.29427
2026-06-12 17:00:00+00:00,138.1875,150.22784
2026-06-12 18:00:00+00:00,131.085,156.42046
2026-06-12 19:00:00+00:00,123.95,141.03642
2026-06-12 20:00:00+00:00,117.8575,128.66042
2026-06-12 21:00:00+00:00,104.9675,123.565544
2026-06-12 22:00:00+00:00,95.0525,118.457306
2026-06-12 23:00:00+00:00,83.8425,105.50482
2026-06-13 00:00:00+00:00,73.39,96.157104
2026-06-13 01:00:00+00:00,79.68,89.1724
2026-06-13 02:00:00+00:00,76.9425,88.68316
2026-06-13 03:00:00+00:00,63.27,93.589264
2026-06-13 04:00:00+00:00,35.3825,88.45008
2026-06-13 05:00:00+00:00,13.655,62.24306
2026-06-13 06:00:00+00:00,-0.025,57.353127
2026-06-13 07:00:00+00:00,-1.1075,39.287796
2026-06-13 08:00:00+00:00,-4.9175,40.600384
2026-06-13 09:00:00+00:00,-7.9975,40.668674
2026-06-13 10:00:00+00:00,-4.575,37.979313
2026-06-13 11:00:00+00:00,-5.05,37.11685
2026-06-13 12:00:00+00:00,-9.6325,47.435265
2026-06-13 13:00:00+00:00,-24.9675,59.50692
2026-06-13 14:00:00+00:00,-6.0,54.396442
2026-06-13 15:00:00+00:00,10.0475,64.36217
2026-06-13 16:00:00+00:00,91.625,73.600655
2026-06-13 17:00:00+00:00,114.0725,119.18739
2026-06-13 18:00:00+00:00,126.3075,128.31042
2026-06-13 19:00:00+00:00,122.0075,119.54808
2026-06-13 20:00:00+00:00,130.96249999999998,114.82562
2026-06-13 21:00:00+00:00,140.4775,116.21303
2026-06-13 22:00:00+00:00,129.12,119.855034
2026-06-13 23:00:00+00:00,119.12,111.52552
2026-06-14 00:00:00+00:00,113.6725,114.178276
2026-06-14 01:00:00+00:00,106.09,111.15633
2026-06-14 02:00:00+00:00,93.8775,106.33688
2026-06-14 03:00:00+00:00,59.14,94.15944
2026-06-14 04:00:00+00:00,15.63,68.41337
2026-06-14 05:00:00+00:00,0.4599999999999999,39.52669
2026-06-14 06:00:00+00:00,-0.3475,40.54605
2026-06-14 07:00:00+00:00,-2.8325,40.710854
2026-06-14 08:00:00+00:00,-4.6175,38.45328
2026-06-14 09:00:00+00:00,-6.1275,39.757935
2026-06-14 10:00:00+00:00,-3.5,42.31857
2026-06-14 11:00:00+00:00,-6.3,40.209564
2026-06-14 12:00:00+00:00,-5.3,41.28267
2026-06-14 13:00:00+00:00,-7.814999999999999,47.251648
2026-06-14 14:00:00+00:00,-1.535,53.498688
2026-06-14 15:00:00+00:00,4.08,51.786633
2026-06-14 16:00:00+00:00,154.4325,64.59919
2026-06-14 17:00:00+00:00,146.08249999999998,159.68973
2026-06-14 18:00:00+00:00,142.97,149.19067
2026-06-14 19:00:00+00:00,138.5775,125.84219
2026-06-14 20:00:00+00:00,115.055,125.614494
2026-06-14 21:00:00+00:00,134.81,117.7247
2026-06-14 22:00:00+00:00,106.99,117.87288
2026-06-14 23:00:00+00:00,94.875,108.000336
2026-06-15 00:00:00+00:00,99.595,108.30243
2026-06-15 01:00:00+00:00,110.0,103.010185
2026-06-15 02:00:00+00:00,106.89,117.86373
2026-06-15 03:00:00+00:00,122.75,117.80529
2026-06-15 04:00:00+00:00,120.87,145.62514
2026-06-15 05:00:00+00:00,113.2875,139.03679
2026-06-15 06:00:00+00:00,82.0075,125.20552
2026-06-15 07:00:00+00:00,10.07,95.60699
2026-06-15 08:00:00+00:00,1.485,45.259617
2026-06-15 09:00:00+00:00,7.455,48.903618
2026-06-15 10:00:00+00:00,6.44,45.754086
2026-06-15 11:00:00+00:00,5.605,45.85082
2026-06-15 12:00:00+00:00,6.64,46.42329
2026-06-15 13:00:00+00:00,11.1325,59.187466
2026-06-15 14:00:00+00:00,38.225,68.55586
2026-06-15 15:00:00+00:00,109.755,80.55941
2026-06-15 16:00:00+00:00,163.1225,154.48232
2026-06-15 17:00:00+00:00,143.8525,192.93321
2026-06-15 18:00:00+00:00,163.7225,159.91019
2026-06-15 19:00:00+00:00,160.0325,148.49266
2026-06-15 20:00:00+00:00,153.7925,137.48468
2026-06-15 21:00:00+00:00,143.325,140.96048
2026-06-15 22:00:00+00:00,137.41750000000002,135.64676
2026-06-15 23:00:00+00:00,120.685,118.8292
2026-06-16 00:00:00+00:00,115.68,117.85235
2026-06-16 01:00:00+00:00,115.31,117.033035
2026-06-16 02:00:00+00:00,115.5125,126.893585
2026-06-16 03:00:00+00:00,122.06,132.19391
2026-06-16 04:00:00+00:00,127.9925,145.55132
2026-06-16 05:00:00+00:00,131.695,150.5093
2026-06-16 06:00:00+00:00,112.605,137.4327
2026-06-16 07:00:00+00:00,64.49000000000001,112.94371
2026-06-16 08:00:00+00:00,37.5525,76.32162
2026-06-16 09:00:00+00:00,22.2225,59.295254
2026-06-16 10:00:00+00:00,37.43,45.79394
2026-06-16 11:00:00+00:00,26.8675,56.98401
2026-06-16 12:00:00+00:00,36.4575,48.432953
2026-06-16 13:00:00+00:00,54.307500000000005,63.116783
2026-06-16 14:00:00+00:00,83.52250000000001,76.69692
2026-06-16 15:00:00+00:00,117.7725,110.30013
2026-06-16 16:00:00+00:00,134.93,150.84288
2026-06-16 17:00:00+00:00,129.77,159.12793
2026-06-16 18:00:00+00:00,138.64249999999998,155.9427
2026-06-16 19:00:00+00:00,127.6825,142.56467
2026-06-16 20:00:00+00:00,154.7525,136.84544
2026-06-16 21:00:00+00:00,156.6025,146.1704
2026-06-16 22:00:00+00:00,154.03,137.63182
2026-06-16 23:00:00+00:00,136.0125,132.97028
2026-06-17 00:00:00+00:00,129.91750000000002,124.00808
2026-06-17 01:00:00+00:00,128.29500000000002,122.91722
2026-06-17 02:00:00+00:00,128.5075,124.55342
2026-06-17 03:00:00+00:00,129.3725,136.67003
2026-06-17 04:00:00+00:00,143.1375,150.50983
2026-06-17 05:00:00+00:00,138.6825,157.64952
2026-06-17 06:00:00+00:00,122.4475,144.18596
2026-06-17 07:00:00+00:00,95.9175,121.201935
2026-06-17 08:00:00+00:00,64.64,97.399414
2026-06-17 09:00:00+00:00,72.2775,73.364395
2026-06-17 10:00:00+00:00,65.7525,78.55256
2026-06-17 11:00:00+00:00,51.23,74.18545
2026-06-17 12:00:00+00:00,62.3425,69.13478
2026-06-17 13:00:00+00:00,75.3125,81.04033
2026-06-17 14:00:00+00:00,90.635,94.32117
2026-06-17 15:00:00+00:00,116.925,115.2507
2026-06-17 16:00:00+00:00,161.8275,140.38286
2026-06-17 17:00:00+00:00,164.34,175.95033
2026-06-17 18:00:00+00:00,167.1975,171.18616
2026-06-17 19:00:00+00:00,162.5775,151.94116
2026-06-17 20:00:00+00:00,158.60750000000002,155.96556
2026-06-17 21:00:00+00:00,143.45749999999998,153.41548
2026-06-17 22:00:00+00:00,136.845,140.48715
2026-06-17 23:00:00+00:00,126.7525,128.68549
2026-06-18 00:00:00+00:00,122.745,125.09322
2026-06-18 01:00:00+00:00,121.1975,123.53358
2026-06-18 02:00:00+00:00,120.785,126.07795
2026-06-18 03:00:00+00:00,122.33,134.86348
2026-06-18 04:00:00+00:00,118.7175,149.81572
2026-06-18 05:00:00+00:00,47.7175,145.90984
2026-06-18 06:00:00+00:00,2.745,81.69545
2026-06-18 07:00:00+00:00,-0.01,43.573944
2026-06-18 08:00:00+00:00,-0.01,38.26777
2026-06-18 09:00:00+00:00,-0.01,38.797123
2026-06-18 10:00:00+00:00,-0.01,39.25265
2026-06-18 11:00:00+00:00,-0.01,37.759106
2026-06-18 12:00:00+00:00,-0.01,40.899544
2026-06-18 13:00:00+00:00,-0.01,55.768032
2026-06-18 14:00:00+00:00,16.459999999999997,66.51675
2026-06-18 15:00:00+00:00,102.235,83.788765
2026-06-18 16:00:00+00:00,136.0875,136.28812
2026-06-18 17:00:00+00:00,129.9025,171.1252
2026-06-18 18:00:00+00:00,130.16750000000002,154.07599
2026-06-18 19:00:00+00:00,117.1325,137.5681
2026-06-18 20:00:00+00:00,137.57999999999998,126.414246
2026-06-18 21:00:00+00:00,154.5275,128.44151
2026-06-18 22:00:00+00:00,125.2975,139.33257
2026-06-18 23:00:00+00:00,123.02,118.56263
2026-06-19 00:00:00+00:00,125.8525,122.87552
2026-06-19 01:00:00+00:00,121.4525,123.40661
2026-06-19 02:00:00+00:00,120.565,126.17769
2026-06-19 03:00:00+00:00,119.56,134.86865
2026-06-19 04:00:00+00:00,108.4075,141.32056
2026-06-19 05:00:00+00:00,58.9625,125.03918
2026-06-19 06:00:00+00:00,3.0575,82.66534
2026-06-19 07:00:00+00:00,-0.01,45.218628
2026-06-19 08:00:00+00:00,-0.01,44.51711
2026-06-19 09:00:00+00:00,-0.01,44.047165
2026-06-19 10:00:00+00:00,-0.01,43.8486
2026-06-19 11:00:00+00:00,-0.01,43.89442
2026-06-19 12:00:00+00:00,-0.01,46.323948
2026-06-19 13:00:00+00:00,-0.01,56.659996
2026-06-19 14:00:00+00:00,36.155,57.678944
2026-06-19 15:00:00+00:00,107.6825,75.416115
2026-06-19 16:00:00+00:00,127.645,133.60991
2026-06-19 17:00:00+00:00,129.67,144.37863
2026-06-19 18:00:00+00:00,131.5925,139.33374
2026-06-19 19:00:00+00:00,123.9275,118.36691
2026-06-19 20:00:00+00:00,143.495,122.19208
2026-06-19 21:00:00+00:00,137.9475,135.97122
2026-06-19 22:00:00+00:00,130.85,120.466446
2026-06-19 23:00:00+00:00,121.1375,117.15634
2026-06-20 00:00:00+00:00,118.6,124.99658
2026-06-20 01:00:00+00:00,117.245,119.88929
2026-06-20 02:00:00+00:00,115.255,123.553856
2026-06-20 03:00:00+00:00,115.7775,123.922905
2026-06-20 04:00:00+00:00,109.165,125.27384
2026-06-20 05:00:00+00:00,30.0525,113.74964
2026-06-20 06:00:00+00:00,-0.01,52.63052
2026-06-20 07:00:00+00:00,-0.01,42.420044
2026-06-20 08:00:00+00:00,-0.01,42.233982
2026-06-20 09:00:00+00:00,-0.01,41.771603
2026-06-20 10:00:00+00:00,-0.0125,41.876053
2026-06-20 11:00:00+00:00,-0.0175,42.008797
2026-06-20 12:00:00+00:00,-0.0125,43.19667
2026-06-20 13:00:00+00:00,-0.01,53.450397
2026-06-20 14:00:00+00:00,-0.005,51.953056
2026-06-20 15:00:00+00:00,81.87,62.52275
2026-06-20 16:00:00+00:00,115.4325,114.375946
2026-06-20 17:00:00+00:00,124.2325,135.19983
2026-06-20 18:00:00+00:00,122.4725,134.4309
2026-06-20 19:00:00+00:00,116.4875,117.0862
2026-06-20 20:00:00+00:00,114.6,125.836845
2026-06-20 21:00:00+00:00,132.4175,122.55696
2026-06-20 22:00:00+00:00,118.915,121.1282
2026-06-20 23:00:00+00:00,126.555,114.66751
2026-06-21 00:00:00+00:00,127.7475,123.68177
2026-06-21 01:00:00+00:00,126.705,124.279366
2026-06-21 02:00:00+00:00,124.945,125.68401
2026-06-21 03:00:00+00:00,123.395,129.41066
2026-06-21 04:00:00+00:00,98.555,131.1307
2026-06-21 05:00:00+00:00,3.19,100.13194
2026-06-21 06:00:00+00:00,-0.0125,42.05385
2026-06-21 07:00:00+00:00,-0.08,41.039196
2026-06-21 08:00:00+00:00,-0.775,43.255543
2026-06-21 09:00:00+00:00,-0.01,42.49085
2026-06-21 10:00:00+00:00,-0.02,42.540985
2026-06-21 11:00:00+00:00,-0.02,42.942482
2026-06-21 12:00:00+00:00,-0.02,44.013073
2026-06-21 13:00:00+00:00,-0.0175,50.068363
2026-06-21 14:00:00+00:00,-0.01,56.21521
2026-06-21 15:00:00+00:00,74.46,58.3234
2026-06-21 16:00:00+00:00,115.735,117.59422
2026-06-21 17:00:00+00:00,115.105,139.12492
2026-06-21 18:00:00+00:00,115.4375,132.66231
2026-06-21 19:00:00+00:00,112.235,114.42565
2026-06-21 20:00:00+00:00,125.7875,111.13429
2026-06-21 21:00:00+00:00,134.5875,122.61332
2026-06-21 22:00:00+00:00,128.88,119.79711
2026-06-21 23:00:00+00:00,120.5925,120.23584
2026-06-22 00:00:00+00:00,117.06,125.19576
2026-06-22 01:00:00+00:00,118.27,122.76589
2026-06-22 02:00:00+00:00,120.0225,127.281395
2026-06-22 03:00:00+00:00,126.045,139.92395
2026-06-22 04:00:00+00:00,134.875,148.31229
2026-06-22 05:00:00+00:00,84.0175,154.67958
2026-06-22 06:00:00+00:00,5.3,103.00471
2026-06-22 07:00:00+00:00,-0.01,47.93483
2026-06-22 08:00:00+00:00,-0.01,48.1737
2026-06-22 09:00:00+00:00,-0.01,49.198837
2026-06-22 10:00:00+00:00,-0.01,50.30326
2026-06-22 11:00:00+00:00,-0.01,50.410606
2026-06-22 12:00:00+00:00,-0.005,50.397366
2026-06-22 13:00:00+00:00,0.005,55.613598
2026-06-22 14:00:00+00:00,37.4675,63.961582
2026-06-22 15:00:00+00:00,123.385,78.866455
2026-06-22 16:00:00+00:00,156.6,153.69754
2026-06-22 17:00:00+00:00,154.75,175.46353
2026-06-22 18:00:00+00:00,148.72,163.19386
2026-06-22 19:00:00+00:00,126.43,136.88861
2026-06-22 20:00:00+00:00,133.05,125.17495
2026-06-22 21:00:00+00:00,153.4025,129.36935
2026-06-22 22:00:00+00:00,146.4675,135.9831
2026-06-22 23:00:00+00:00,140.15,122.94518
2026-06-23 00:00:00+00:00,135.9675,145.10127
2026-06-23 01:00:00+00:00,136.87,137.60126
2026-06-23 02:00:00+00:00,134.9975,142.84773
2026-06-23 03:00:00+00:00,137.7425,152.97643
2026-06-23 04:00:00+00:00,140.0025,163.9474
2026-06-23 05:00:00+00:00,114.6775,158.86076
2026-06-23 06:00:00+00:00,50.4075,130.38771
2026-06-23 07:00:00+00:00,2.75,71.73168
2026-06-23 08:00:00+00:00,0.0,40.68419
2026-06-23 09:00:00+00:00,65.9725,41.46671
2026-06-23 10:00:00+00:00,68.4275,81.47564
2026-06-23 11:00:00+00:00,62.5775,84.73814
2026-06-23 12:00:00+00:00,70.8825,77.69573
2026-06-23 13:00:00+00:00,93.465,90.07795
2026-06-23 14:00:00+00:00,123.4675,105.40689
2026-06-23 15:00:00+00:00,142.3725,143.55281
2026-06-23 16:00:00+00:00,189.71,173.17024
2026-06-23 17:00:00+00:00,238.715,204.40181
2026-06-23 18:00:00+00:00,183.3725,202.95815
2026-06-23 19:00:00+00:00,229.875,159.01839
2026-06-23 20:00:00+00:00,172.41,182.87962
2026-06-23 21:00:00+00:00,187.2175,156.54369
2026-06-23 22:00:00+00:00,164.11,167.23029
2026-06-23 23:00:00+00:00,157.585,146.28325
2026-06-24 00:00:00+00:00,145.6925,157.77856
2026-06-24 01:00:00+00:00,141.015,149.30255
2026-06-24 02:00:00+00:00,140.3175,150.95547
2026-06-24 03:00:00+00:00,147.3025,165.34753
2026-06-24 04:00:00+00:00,146.88,176.77531
2026-06-24 05:00:00+00:00,135.02,168.83826
2026-06-24 06:00:00+00:00,118.865,149.38327
2026-06-24 07:00:00+00:00,101.4225,130.69792
2026-06-24 08:00:00+00:00,53.0,116.451584
2026-06-24 09:00:00+00:00,70.3875,81.60532
2026-06-24 10:00:00+00:00,62.75,92.86552
2026-06-24 11:00:00+00:00,91.3975,84.8329
2026-06-24 12:00:00+00:00,98.0925,106.877
2026-06-24 13:00:00+00:00,109.255,119.81072
2026-06-24 14:00:00+00:00,130.0,136.81334
2026-06-24 15:00:00+00:00,151.14999999999998,159.61696
2026-06-24 16:00:00+00:00,197.1175,196.32935
2026-06-24 17:00:00+00:00,198.75,237.77866
2026-06-24 18:00:00+00:00,177.31,202.14665
2026-06-24 19:00:00+00:00,177.3075,186.43138
2026-06-24 20:00:00+00:00,230.01,171.92624
2026-06-24 21:00:00+00:00,211.73,202.42455
2026-06-24 22:00:00+00:00,169.8175,180.8644
2026-06-24 23:00:00+00:00,156.1025,159.5721
2026-06-25 00:00:00+00:00,148.3675,159.32701
2026-06-25 01:00:00+00:00,145.8625,152.92886
2026-06-25 02:00:00+00:00,144.71,151.89891
2026-06-25 03:00:00+00:00,147.855,163.18446
2026-06-25 04:00:00+00:00,153.3025,173.19244
2026-06-25 05:00:00+00:00,119.05,173.09007
2026-06-25 06:00:00+00:00,20.91,137.1246
2026-06-25 07:00:00+00:00,15.995,59.376144
2026-06-25 08:00:00+00:00,56.645,48.362133
2026-06-25 09:00:00+00:00,69.25,83.14142
2026-06-25 10:00:00+00:00,45.9225,91.69724
2026-06-25 11:00:00+00:00,38.325,80.8814
2026-06-25 12:00:00+00:00,39.6725,77.33647
2026-06-25 13:00:00+00:00,42.5,83.69409
2026-06-25 14:00:00+00:00,109.7025,86.420784
2026-06-25 15:00:00+00:00,143.4875,149.50278
2026-06-25 16:00:00+00:00,205.4175,196.7513
2026-06-25 17:00:00+00:00,207.82,227.62454
2026-06-25 18:00:00+00:00,212.035,193.70483
2026-06-25 19:00:00+00:00,169.52249999999998,177.7179
2026-06-25 20:00:00+00:00,172.64749999999998,182.70975
2026-06-25 21:00:00+00:00,177.0025,178.17989
2026-06-25 22:00:00+00:00,147.93,169.02393
2026-06-25 23:00:00+00:00,131.8025,147.22337
2026-06-26 00:00:00+00:00,124.0075,139.07874
2026-06-26 01:00:00+00:00,119.275,137.44643
2026-06-26 02:00:00+00:00,119.4425,139.2335
2026-06-26 03:00:00+00:00,126.4475,149.20259
2026-06-26 04:00:00+00:00,139.525,158.53757
2026-06-26 05:00:00+00:00,109.1,157.60924
2026-06-26 06:00:00+00:00,15.995,116.540794
2026-06-26 07:00:00+00:00,-0.0075,40.58546
2026-06-26 08:00:00+00:00,-0.01,43.91182
2026-06-26 09:00:00+00:00,0.0,43.280247
2026-06-26 10:00:00+00:00,0.01,45.074677
2026-06-26 11:00:00+00:00,6.26,43.529476
2026-06-26 12:00:00+00:00,9.455,40.098442
2026-06-26 13:00:00+00:00,15.505,55.47031
2026-06-26 14:00:00+00:00,56.12,79.934814
2026-06-26 15:00:00+00:00,142.5,109.18875
2026-06-26 16:00:00+00:00,167.885,196.32915
2026-06-26 17:00:00+00:00,125.2575,213.15672
2026-06-26 18:00:00+00:00,132.2375,165.80476
2026-06-26 19:00:00+00:00,130.7425,135.7842
2026-06-26 20:00:00+00:00,132.95,139.33418
2026-06-26 21:00:00+00:00,152.21,142.5258
2026-06-26 22:00:00+00:00,142.375,136.40659
2026-06-26 23:00:00+00:00,130.7175,128.00986
2026-06-27 00:00:00+00:00,121.91,134.09071
2026-06-27 01:00:00+00:00,115.83,125.99548
2026-06-27 02:00:00+00:00,115.325,125.80549
2026-06-27 03:00:00+00:00,114.0,130.47513
2026-06-27 04:00:00+00:00,108.75,135.64139
2026-06-27 05:00:00+00:00,21.7675,118.62436
2026-06-27 06:00:00+00:00,-0.0075,45.383152
2026-06-27 07:00:00+00:00,-0.01,42.34865
2026-06-27 08:00:00+00:00,-0.01,40.77512
2026-06-27 09:00:00+00:00,-0.01,42.139336
2026-06-27 10:00:00+00:00,-0.01,43.162575
2026-06-27 11:00:00+00:00,-0.01,42.491905
2026-06-27 12:00:00+00:00,-0.01,42.891693
2026-06-27 13:00:00+00:00,-0.01,50.2385
2026-06-27 14:00:00+00:00,6.3875,58.68079
2026-06-27 15:00:00+00:00,101.7625,77.28752
2026-06-27 16:00:00+00:00,130.76,132.45024
2026-06-27 17:00:00+00:00,138.2075,145.05049
2026-06-27 18:00:00+00:00,140.01,143.22397
2026-06-27 19:00:00+00:00,131.8,125.27278
2026-06-27 20:00:00+00:00,127.3,121.25881
2026-06-27 21:00:00+00:00,140.005,131.51921
2026-06-27 22:00:00+00:00,137.3,129.41646
2026-06-27 23:00:00+00:00,125.26,124.8894
2026-06-28 00:00:00+00:00,119.6825,131.63953
2026-06-28 01:00:00+00:00,115.6875,126.432335
2026-06-28 02:00:00+00:00,114.735,126.283226
2026-06-28 03:00:00+00:00,115.1,126.373566
2026-06-28 04:00:00+00:00,112.0625,127.92066
2026-06-28 05:00:00+00:00,5.1875,116.24172
2026-06-28 06:00:00+00:00,-0.015,44.424866
2026-06-28 07:00:00+00:00,-0.325,43.070545
2026-06-28 08:00:00+00:00,-0.775,42.762882
2026-06-28 09:00:00+00:00,-0.02,42.18322
2026-06-28 10:00:00+00:00,-0.02,42.420925
2026-06-28 11:00:00+00:00,-0.02,42.52827
2026-06-28 12:00:00+00:00,-0.02,43.62426
2026-06-28 13:00:00+00:00,-0.0125,48.57021
2026-06-28 14:00:00+00:00,-0.01,53.93904
2026-06-28 15:00:00+00:00,58.815,61.571823
2026-06-28 16:00:00+00:00,122.1725,105.506035
2026-06-28 17:00:00+00:00,127.0375,143.42712
2026-06-28 18:00:00+00:00,136.6875,139.89517
2026-06-28 19:00:00+00:00,136.695,124.571365
2026-06-28 20:00:00+00:00,127.9825,124.43694
2026-06-28 21:00:00+00:00,126.1275,127.56589
2026-06-28 22:00:00+00:00,123.1175,124.98169
2026-06-28 23:00:00+00:00,113.665,118.41191
2026-06-29 00:00:00+00:00,113.0775,124.0778
2026-06-29 01:00:00+00:00,109.9475,123.76728
2026-06-29 02:00:00+00:00,116.04,125.536194
2026-06-29 03:00:00+00:00,129.0775,136.92871
2026-06-29 04:00:00+00:00,138.25,156.26804
2026-06-29 05:00:00+00:00,45.0275,156.69917
2026-06-29 06:00:00+00:00,2.1075,77.33523
2026-06-29 07:00:00+00:00,-0.01,47.68817
2026-06-29 08:00:00+00:00,-0.01,49.195087
2026-06-29 09:00:00+00:00,-0.01,50.593853
2026-06-29 10:00:00+00:00,-0.01,51.813404
2026-06-29 11:00:00+00:00,-0.01,51.92075
2026-06-29 12:00:00+00:00,0.0,52.991337
2026-06-29 13:00:00+00:00,0.0,58.607143
2026-06-29 14:00:00+00:00,25.135,63.023922
2026-06-29 15:00:00+00:00,121.585,71.67169
2026-06-29 16:00:00+00:00,141.41500000000002,156.41963
2026-06-29 17:00:00+00:00,206.2,178.70328
2026-06-29 18:00:00+00:00,164.4875,188.7136
2026-06-29 19:00:00+00:00,153.4,141.54233
2026-06-29 20:00:00+00:00,200.7375,131.9238
2026-06-29 21:00:00+00:00,172.85,170.37218
2026-06-29 22:00:00+00:00,165.015,146.95654
2026-06-29 23:00:00+00:00,149.2,141.7514
2026-06-30 00:00:00+00:00,136.59,149.53929
2026-06-30 01:00:00+00:00,132.07,136.88841
2026-06-30 02:00:00+00:00,135.3375,140.72636
2026-06-30 03:00:00+00:00,135.195,155.50656
2026-06-30 04:00:00+00:00,148.04,166.3965
2026-06-30 05:00:00+00:00,57.7275,161.31401
2026-06-30 06:00:00+00:00,6.26,80.89948
2026-06-30 07:00:00+00:00,0.0025,39.767902
2026-06-30 08:00:00+00:00,0.0,44.45208
2026-06-30 09:00:00+00:00,70.8175,47.543636
2026-06-30 10:00:00+00:00,84.1925,92.61337
2026-06-30 11:00:00+00:00,33.335,95.88543
2026-06-30 12:00:00+00:00,66.89,66.2837
2026-06-30 13:00:00+00:00,25.995,97.138054
2026-06-30 14:00:00+00:00,65.515,69.7997
2026-06-30 15:00:00+00:00,183.2,120.42294
2026-06-30 16:00:00+00:00,195.58,228.18388
2026-06-30 17:00:00+00:00,249.9975,249.35204
2026-06-30 18:00:00+00:00,405.425,247.45781
2026-06-30 19:00:00+00:00,369.715,257.65198
2026-06-30 20:00:00+00:00,262.9825,244.03882
2026-06-30 21:00:00+00:00,226.225,224.12172
2026-06-30 22:00:00+00:00,161.9225,230.6653
2026-06-30 23:00:00+00:00,158.9425,175.74207
2026-07-01 00:00:00+00:00,152.7625,186.69159
2026-07-01 01:00:00+00:00,150.495,168.97038
2026-07-01 02:00:00+00:00,159.395,178.5519
2026-07-01 03:00:00+00:00,167.2075,196.84152
2026-07-01 04:00:00+00:00,180.8625,217.0165
2026-07-01 05:00:00+00:00,151.7625,213.15082
2026-07-01 06:00:00+00:00,128.5375,173.8316
2026-07-01 07:00:00+00:00,109.955,156.65292
2026-07-01 08:00:00+00:00,94.41,137.23889
2026-07-01 09:00:00+00:00,84.01,128.21474
2026-07-01 10:00:00+00:00,103.1525,120.12233
2026-07-01 11:00:00+00:00,115.2,139.81479
2026-07-01 12:00:00+00:00,111.225,153.08656
2026-07-01 13:00:00+00:00,106.39,151.76482
2026-07-01 14:00:00+00:00,162.545,148.17697
2026-07-01 15:00:00+00:00,193.965,229.42346
2026-07-01 16:00:00+00:00,238.9525,255.87071
2026-07-01 17:00:00+00:00,330.46500000000003,304.567
2026-07-01 18:00:00+00:00,190.675,358.67548
2026-07-01 19:00:00+00:00,271.145,254.85324
2026-07-01 20:00:00+00:00,333.4925,245.23022
2026-07-01 21:00:00+00:00,201.2625,257.50702
2026-07-01 22:00:00+00:00,154.5875,197.3005
2026-07-01 23:00:00+00:00,150.915,164.8505
2026-07-02 00:00:00+00:00,144.07,170.24234
2026-07-02 01:00:00+00:00,145.005,165.79097
2026-07-02 02:00:00+00:00,139.4475,175.2242
2026-07-02 03:00:00+00:00,141.38,186.17824
2026-07-02 04:00:00+00:00,146.39999999999998,207.78319
2026-07-02 05:00:00+00:00,113.3825,186.61058
2026-07-02 06:00:00+00:00,95.5975,150.75928
2026-07-02 07:00:00+00:00,72.6375,121.96637
2026-07-02 08:00:00+00:00,71.345,108.89335
2026-07-02 09:00:00+00:00,93.75,109.34553
2026-07-02 10:00:00+00:00,108.97,126.67877
2026-07-02 11:00:00+00:00,108.59,146.21046
2026-07-02 12:00:00+00:00,96.7575,145.76767
2026-07-02 13:00:00+00:00,126.875,133.58633
2026-07-02 14:00:00+00:00,139.055,181.54971
2026-07-02 15:00:00+00:00,187.065,205.44254
2026-07-02 16:00:00+00:00,242.16,268.5265
2026-07-02 17:00:00+00:00,245.445,317.61078
2026-07-02 18:00:00+00:00,213.2,257.45526
2026-07-02 19:00:00+00:00,203.3525,228.6437
2026-07-02 20:00:00+00:00,176.555,237.40373
2026-07-02 21:00:00+00:00,175.79500000000002,179.96356
2026-07-02 22:00:00+00:00,158.1875,161.7612
2026-07-02 23:00:00+00:00,144.73000000000002,147.45366
2026-07-03 00:00:00+00:00,136.035,151.14066
2026-07-03 01:00:00+00:00,132.79500000000002,144.69888
2026-07-03 02:00:00+00:00,133.38,144.44028
2026-07-03 03:00:00+00:00,130.0975,155.55692
2026-07-03 04:00:00+00:00,144.235,167.60994
2026-07-03 05:00:00+00:00,111.8975,163.52097
2026-07-03 06:00:00+00:00,73.6225,129.172
2026-07-03 07:00:00+00:00,37.1225,90.32866
2026-07-03 08:00:00+00:00,9.97,68.58723
2026-07-03 09:00:00+00:00,9.58,51.638935
2026-07-03 10:00:00+00:00,9.9825,64.80965
2026-07-03 11:00:00+00:00,12.985,63.892612
2026-07-03 12:00:00+00:00,25.5075,52.410343
2026-07-03 13:00:00+00:00,36.2775,88.55378
2026-07-03 14:00:00+00:00,61.6175,88.06027
2026-07-03 15:00:00+00:00,142.0,131.45816
2026-07-03 16:00:00+00:00,151.265,213.91362
2026-07-03 17:00:00+00:00,159.74,219.99979
2026-07-03 18:00:00+00:00,170.1825,198.51534
2026-07-03 19:00:00+00:00,159.47,177.36485
2026-07-03 20:00:00+00:00,154.15,158.91853
2026-07-03 21:00:00+00:00,140.935,157.26721
2026-07-03 22:00:00+00:00,130.9225,140.50879
2026-07-03 23:00:00+00:00,127.7975,127.21199
2026-07-04 00:00:00+00:00,128.19,131.62207
2026-07-04 01:00:00+00:00,122.7475,133.25302
2026-07-04 02:00:00+00:00,111.6375,129.73201
2026-07-04 03:00:00+00:00,102.8975,126.651306
2026-07-04 04:00:00+00:00,95.1975,123.13683
2026-07-04 05:00:00+00:00,76.3125,103.48183
2026-07-04 06:00:00+00:00,26.0,84.99809
2026-07-04 07:00:00+00:00,1.0575,41.300938
2026-07-04 08:00:00+00:00,-0.0025,35.797775
2026-07-04 09:00:00+00:00,0.0,39.68721
2026-07-04 10:00:00+00:00,0.0,39.549454
2026-07-04 11:00:00+00:00,0.0,39.717056
2026-07-04 12:00:00+00:00,0.0,39.900288
2026-07-04 13:00:00+00:00,-0.0075,52.997395
2026-07-04 14:00:00+00:00,5.7325,63.3925
2026-07-04 15:00:00+00:00,95.1775,86.05131
2026-07-04 16:00:00+00:00,123.5425,128.05501
2026-07-04 17:00:00+00:00,129.9975,150.91508
2026-07-04 18:00:00+00:00,129.4125,154.26395
2026-07-04 19:00:00+00:00,136.245,134.75931
2026-07-04 20:00:00+00:00,160.0075,134.373
2026-07-04 21:00:00+00:00,156.005,141.03452
2026-07-04 22:00:00+00:00,133.5425,134.13933
2026-07-04 23:00:00+00:00,145.0,121.97291
2026-07-05 00:00:00+00:00,112.335,144.97583
2026-07-05 01:00:00+00:00,111.71,122.69141
2026-07-05 02:00:00+00:00,109.955,119.72092
2026-07-05 03:00:00+00:00,104.345,116.95425
2026-07-05 04:00:00+00:00,88.46000000000001,115.95265
2026-07-05 05:00:00+00:00,23.64,94.30184
2026-07-05 06:00:00+00:00,-0.01,46.074017
2026-07-05 07:00:00+00:00,-0.01,42.29253
2026-07-05 08:00:00+00:00,-0.0125,42.762882
2026-07-05 09:00:00+00:00,-0.01,42.18322
2026-07-05 10:00:00+00:00,-0.01,42.420925
2026-07-05 11:00:00+00:00,-0.01,42.55367
2026-07-05 12:00:00+00:00,-0.01,43.741543
2026-07-05 13:00:00+00:00,-0.0075,52.61869
2026-07-05 14:00:00+00:00,2.2125,53.93904
2026-07-05 15:00:00+00:00,64.89,61.55696
2026-07-05 16:00:00+00:00,140.0,110.06559
2026-07-05 17:00:00+00:00,132.1575,155.63966
2026-07-05 18:00:00+00:00,137.33249999999998,142.14153
2026-07-05 19:00:00+00:00,134.22,126.84593
2026-07-05 20:00:00+00:00,137.26,137.9799
2026-07-05 21:00:00+00:00,137.6575,135.77864
2026-07-05 22:00:00+00:00,145.2425,123.32685
2026-07-05 23:00:00+00:00,134.5975,131.38591
2026-07-06 00:00:00+00:00,129.60750000000002,131.54668
2026-07-06 01:00:00+00:00,125.2225,129.7978
2026-07-06 02:00:00+00:00,125.3575,131.12384
2026-07-06 03:00:00+00:00,133.0725,141.68042
2026-07-06 04:00:00+00:00,136.52,158.01956
2026-07-06 05:00:00+00:00,135.4875,153.3752
2026-07-06 06:00:00+00:00,56.0775,146.17332
2026-07-06 07:00:00+00:00,41.5425,77.92224
2026-07-06 08:00:00+00:00,67.6925,63.451496
2026-07-06 09:00:00+00:00,66.6225,87.892975
2026-07-06 10:00:00+00:00,43.4125,84.582954
2026-07-06 11:00:00+00:00,36.6675,69.14995
2026-07-06 12:00:00+00:00,37.41,64.50594
2026-07-06 13:00:00+00:00,39.5575,71.52318
2026-07-06 14:00:00+00:00,87.4525,70.516365
2026-07-06 15:00:00+00:00,117.7175,112.42983
2026-07-06 16:00:00+00:00,159.32999999999998,150.91342
2026-07-06 17:00:00+00:00,167.9175,193.21945
2026-07-06 18:00:00+00:00,174.585,178.0365
2026-07-06 19:00:00+00:00,152.63,155.00037
2026-07-06 20:00:00+00:00,164.3375,147.28058
2026-07-06 21:00:00+00:00,142.5075,154.59354
2026-07-06 22:00:00+00:00,147.57999999999998,141.24724
2026-07-06 23:00:00+00:00,131.355,135.84897
2026-07-07 00:00:00+00:00,118.535,133.59776
2026-07-07 01:00:00+00:00,110.6225,123.547295
2026-07-07 02:00:00+00:00,110.865,123.23511
2026-07-07 03:00:00+00:00,125.4625,131.78514
2026-07-07 04:00:00+00:00,137.8925,152.62553
2026-07-07 05:00:00+00:00,128.0675,152.9585
2026-07-07 06:00:00+00:00,91.1375,128.4071
2026-07-07 07:00:00+00:00,37.4525,91.97038
2026-07-07 08:00:00+00:00,37.395,59.550594
2026-07-07 09:00:00+00:00,25.105,65.076065
2026-07-07 10:00:00+00:00,15.9975,51.422924
2026-07-07 11:00:00+00:00,22.005,42.21675
2026-07-07 12:00:00+00:00,16.8725,51.26368
2026-07-07 13:00:00+00:00,37.370000000000005,58.59346
2026-07-07 14:00:00+00:00,94.2825,72.12694
2026-07-07 15:00:00+00:00,127.1375,128.35284
2026-07-07 16:00:00+00:00,145.9375,164.4087
2026-07-07 17:00:00+00:00,164.9825,186.0104
2026-07-07 18:00:00+00:00,174.22,205.30019
2026-07-07 19:00:00+00:00,165.63,188.64825
2026-07-07 20:00:00+00:00,158.25,159.11464
2026-07-07 21:00:00+00:00,159.965,152.74438
2026-07-07 22:00:00+00:00,156.10250000000002,149.43893
2026-07-07 23:00:00+00:00,142.75,142.84462
2026-07-08 00:00:00+00:00,137.04999999999998,147.91814
2026-07-08 01:00:00+00:00,130.64249999999998,139.3242
2026-07-08 02:00:00+00:00,130.7425,139.15237
2026-07-08 03:00:00+00:00,163.33249999999998,151.25261
2026-07-08 04:00:00+00:00,163.82999999999998,191.73154
2026-07-08 05:00:00+00:00,149.4325,184.59929
2026-07-08 06:00:00+00:00,63.405,160.08157
2026-07-08 07:00:00+00:00,46.0725,80.398544
2026-07-08 08:00:00+00:00,50.9575,70.779884
2026-07-08 09:00:00+00:00,78.3925,77.316574
2026-07-08 10:00:00+00:00,80.3125,93.59537
2026-07-08 11:00:00+00:00,78.78,98.87402
2026-07-08 12:00:00+00:00,52.2575,96.9115
2026-07-08 13:00:00+00:00,74.92750000000001,83.770485
2026-07-08 14:00:00+00:00,92.3325,114.31315
2026-07-08 15:00:00+00:00,126.6675,136.51053
2026-07-08 16:00:00+00:00,144.725,165.52539
2026-07-08 17:00:00+00:00,138.14749999999998,188.60426
2026-07-08 18:00:00+00:00,161.9975,171.36746
2026-07-08 19:00:00+00:00,160.05,161.54315
2026-07-08 20:00:00+00:00,159.2175,158.37102
2026-07-08 21:00:00+00:00,145.2075,155.14224
2026-07-08 22:00:00+00:00,146.235,144.3472
2026-07-08 23:00:00+00:00,136.5025,138.44397
2026-07-09 00:00:00+00:00,129.3975,144.90318
2026-07-09 01:00:00+00:00,125.9825,139.1673
2026-07-09 02:00:00+00:00,127.49,133.01567
2026-07-09 03:00:00+00:00,134.0825,154.74545
2026-07-09 04:00:00+00:00,146.8125,166.89992
2026-07-09 05:00:00+00:00,146.92000000000002,162.9458
2026-07-09 06:00:00+00:00,118.6325,143.60698
2026-07-09 07:00:00+00:00,85.1375,121.41398
2026-07-09 08:00:00+00:00,60.975,92.48273
2026-07-09 09:00:00+00:00,75.74249999999999,80.41696
2026-07-09 10:00:00+00:00,60.585,90.966064
2026-07-09 11:00:00+00:00,39.4975,82.48765
2026-07-09 12:00:00+00:00,36.585,66.43645
2026-07-09 13:00:00+00:00,54.3525,71.0998
2026-07-09 14:00:00+00:00,80.045,91.69226
2026-07-09 15:00:00+00:00,114.7325,123.03572
2026-07-09 16:00:00+00:00,142.2425,149.41974
2026-07-09 17:00:00+00:00,166.07999999999998,172.16115
2026-07-09 18:00:00+00:00,203.775,183.10448
2026-07-09 19:00:00+00:00,205.5825,177.10678
2026-07-09 20:00:00+00:00,181.415,173.69409
2026-07-09 21:00:00+00:00,161.55,167.8924
2026-07-09 22:00:00+00:00,152.4775,151.09232
2026-07-09 23:00:00+00:00,143.10250000000002,144.46707
2026-07-10 00:00:00+00:00,139.135,146.41838
2026-07-10 01:00:00+00:00,137.76,142.16875
2026-07-10 02:00:00+00:00,139.0625,142.50209
2026-07-10 03:00:00+00:00,141.805,156.35887
2026-07-10 04:00:00+00:00,150.35750000000002,170.84087
2026-07-10 05:00:00+00:00,142.3325,172.4251
2026-07-10 06:00:00+00:00,50.9125,150.63428
2026-07-10 07:00:00+00:00,36.4775,77.218346
2026-07-10 08:00:00+00:00,49.2125,57.433174
2026-07-10 09:00:00+00:00,78.515,73.91498
2026-07-10 10:00:00+00:00,54.5575,88.011734
2026-07-10 11:00:00+00:00,37.36,74.861595
2026-07-10 12:00:00+00:00,40.95,62.594044
2026-07-10 13:00:00+00:00,62.1,68.24679
2026-07-10 14:00:00+00:00,88.8675,91.28933
2026-07-10 15:00:00+00:00,131.13,124.44921
2026-07-10 16:00:00+00:00,160.0625,163.47159
2026-07-10 17:00:00+00:00,166.585,193.06592
2026-07-10 18:00:00+00:00,180.4425,197.28299
2026-07-10 19:00:00+00:00,169.7075,181.22348
2026-07-10 20:00:00+00:00,168.0,169.34204
2026-07-10 21:00:00+00:00,154.4625,157.69615
2026-07-10 22:00:00+00:00,156.3425,142.91336
2026-07-10 23:00:00+00:00,150.22,142.70787
2026-07-11 00:00:00+00:00,141.9675,154.15811
2026-07-11 01:00:00+00:00,139.805,148.51274
2026-07-11 02:00:00+00:00,145.8375,147.6277
2026-07-11 03:00:00+00:00,143.45,156.75786
2026-07-11 04:00:00+00:00,133.4775,157.41609
2026-07-11 05:00:00+00:00,93.7725,149.38304
2026-07-11 06:00:00+00:00,84.71,94.740616
2026-07-11 07:00:00+00:00,35.0,86.605225
2026-07-11 08:00:00+00:00,16.0875,50.62644
2026-07-11 09:00:00+00:00,0.3275,41.816174
2026-07-11 10:00:00+00:00,0.0,41.982872
2026-07-11 11:00:00+00:00,0.01,42.240417
2026-07-11 12:00:00+00:00,0.01,41.821827
2026-07-11 13:00:00+00:00,1.1625,53.26592
2026-07-11 14:00:00+00:00,47.95,64.416
2026-07-11 15:00:00+00:00,138.3975,91.26518
2026-07-11 16:00:00+00:00,159.46,169.59961
2026-07-11 17:00:00+00:00,159.46,189.16628
2026-07-11 18:00:00+00:00,164.0575,184.04431
2026-07-11 19:00:00+00:00,156.3675,160.8059
2026-07-11 20:00:00+00:00,154.8875,159.68794
2026-07-11 21:00:00+00:00,149.02,152.16934
2026-07-11 22:00:00+00:00,137.4425,146.07098
2026-07-11 23:00:00+00:00,131.885,138.82018
2026-07-12 00:00:00+00:00,125.57,136.65784
2026-07-12 01:00:00+00:00,125.1,133.4914
2026-07-12 02:00:00+00:00,122.8825,137.35388
2026-07-12 03:00:00+00:00,119.7475,139.24416
2026-07-12 04:00:00+00:00,111.6125,135.61574
2026-07-12 05:00:00+00:00,99.775,117.71222
2026-07-12 06:00:00+00:00,25.995,101.452446
2026-07-12 07:00:00+00:00,3.1375,44.874954
2026-07-12 08:00:00+00:00,-0.01,40.90158
2026-07-12 09:00:00+00:00,-0.0075,42.523872
2026-07-12 10:00:00+00:00,0.0,42.99158
2026-07-12 11:00:00+00:00,0.0,43.159184
2026-07-12 12:00:00+00:00,0.005,44.28401
2026-07-12 13:00:00+00:00,0.5725,54.92003
2026-07-12 14:00:00+00:00,13.1075,58.728962
2026-07-12 15:00:00+00:00,76.425,81.48664
2026-07-12 16:00:00+00:00,112.8,128.25491
2026-07-12 17:00:00+00:00,138.14,141.91475
2026-07-12 18:00:00+00:00,140.3625,156.00407
2026-07-12 19:00:00+00:00,144.4875,138.59552
2026-07-12 20:00:00+00:00,144.93,138.10684
2026-07-12 21:00:00+00:00,139.3175,133.7958
2026-07-12 22:00:00+00:00,129.73,134.7818
2026-07-12 23:00:00+00:00,124.2725,125.259544
2026-07-13 00:00:00+00:00,121.3175,133.91814
2026-07-13 01:00:00+00:00,122.2725,130.34409
2026-07-13 02:00:00+00:00,123.71,135.27281
2026-07-13 03:00:00+00:00,135.7025,146.33879
2026-07-13 04:00:00+00:00,149.5775,158.46455
2026-07-13 05:00:00+00:00,114.5475,174.14221
2026-07-13 06:00:00+00:00,55.9,124.535934
2026-07-13 07:00:00+00:00,25.755,76.19539
2026-07-13 08:00:00+00:00,29.91,56.192028
2026-07-13 09:00:00+00:00,68.8775,59.464916
2026-07-13 10:00:00+00:00,68.65,87.919685
2026-07-13 11:00:00+00:00,76.0425,87.03166
2026-07-13 12:00:00+00:00,79.7625,91.24792
2026-07-13 13:00:00+00:00,86.95750000000001,97.42281
2026-07-13 14:00:00+00:00,102.095,102.453865
2026-07-13 15:00:00+00:00,133.66,121.04236
2026-07-13 16:00:00+00:00,156.08249999999998,160.61041
2026-07-13 17:00:00+00:00,148.1625,184.29823
2026-07-13 18:00:00+00:00,133.5125,167.95503
2026-07-13 19:00:00+00:00,154.135,139.0085
2026-07-13 20:00:00+00:00,154.4375,149.80428
2026-07-13 21:00:00+00:00,148.805,143.5292
2026-07-13 22:00:00+00:00,142.67000000000002,138.81229
2026-07-13 23:00:00+00:00,133.8875,129.91513
2026-07-14 00:00:00+00:00,127.35,129.99458
2026-07-14 01:00:00+00:00,127.2175,127.82035
2026-07-14 02:00:00+00:00,127.65,130.68163
2026-07-14 03:00:00+00:00,135.02,140.64592
2026-07-14 04:00:00+00:00,150.06,158.90508
2026-07-14 05:00:00+00:00,121.41,160.18338
2026-07-14 06:00:00+00:00,65.495,123.95271
2026-07-14 07:00:00+00:00,39.8425,74.63095
2026-07-14 08:00:00+00:00,37.91,58.636982
2026-07-14 09:00:00+00:00,37.2,59.824577
2026-07-14 10:00:00+00:00,75.3425,60.244427
2026-07-14 11:00:00+00:00,80.4025,85.90812
2026-07-14 12:00:00+00:00,83.825,93.10703
2026-07-14 13:00:00+00:00,74.0775,99.87797
2026-07-14 14:00:00+00:00,117.395,100.83171
2026-07-14 15:00:00+00:00,143.3525,139.33755
2026-07-14 16:00:00+00:00,167.685,172.99248
2026-07-14 17:00:00+00:00,179.575,191.21011
2026-07-14 18:00:00+00:00,178.875,181.31694
2026-07-14 19:00:00+00:00,175.01,167.85408
2026-07-14 20:00:00+00:00,168.765,157.49164
2026-07-14 21:00:00+00:00,151.51999999999998,154.11581
2026-07-14 22:00:00+00:00,153.2925,143.65775
2026-07-14 23:00:00+00:00,144.4475,141.54803
2026-07-15 00:00:00+00:00,138.915,145.62662
2026-07-15 01:00:00+00:00,135.555,140.0511
2026-07-15 02:00:00+00:00,139.4425,139.1523
2026-07-15 03:00:00+00:00,150.1,162.11255
2026-07-15 04:00:00+00:00,166.24,179.89304
2026-07-15 05:00:00+00:00,165.32999999999998,185.49771
2026-07-15 06:00:00+00:00,130.825,166.61436
2026-07-15 07:00:00+00:00,111.6175,138.75151
2026-07-15 08:00:00+00:00,108.8925,122.15684
2026-07-15 09:00:00+00:00,30.53,122.59707
2026-07-15 10:00:00+00:00,52.05,68.91966
2026-07-15 11:00:00+00:00,86.5425,81.996
2026-07-15 12:00:00+00:00,47.3525,104.727684
2026-07-15 13:00:00+00:00,84.84,88.85572
2026-07-15 14:00:00+00:00,133.6475,122.093605
2026-07-15 15:00:00+00:00,161.81,164.93047
2026-07-15 16:00:00+00:00,192.8275,199.65506
2026-07-15 17:00:00+00:00,195.0,215.68465
2026-07-15 18:00:00+00:00,187.495,202.48003
2026-07-15 19:00:00+00:00,196.745,178.70781
2026-07-15 20:00:00+00:00,188.38,176.34981
2026-07-15 21:00:00+00:00,171.415,165.13452
2026-07-15 22:00:00+00:00,166.0325,154.96451
2026-07-15 23:00:00+00:00,159.2,149.13762
2026-07-16 00:00:00+00:00,152.865,163.35434
2026-07-16 01:00:00+00:00,148.925,157.74052
2026-07-16 02:00:00+00:00,151.4325,158.37062
2026-07-16 03:00:00+00:00,158.9075,170.37846
2026-07-16 04:00:00+00:00,174.1125,194.51825
2026-07-16 05:00:00+00:00,160.89249999999998,202.0284
2026-07-16 06:00:00+00:00,76.56,182.76137
2026-07-16 07:00:00+00:00,70.2275,104.20404
2026-07-16 08:00:00+00:00,11.885,104.364235
2026-07-16 09:00:00+00:00,77.8175,55.369198
2026-07-16 10:00:00+00:00,89.775,98.65958
2026-07-16 11:00:00+00:00,87.3725,111.28432
2026-07-16 12:00:00+00:00,101.795,108.122826
2026-07-16 13:00:00+00:00,110.6025,124.78168
2026-07-16 14:00:00+00:00,122.2025,147.39929
2026-07-16 15:00:00+00:00,153.0225,164.82286
2026-07-16 16:00:00+00:00,191.6275,200.71158
2026-07-16 17:00:00+00:00,219.22,226.32549
2026-07-16 18:00:00+00:00,230.0325,223.23502
2026-07-16 19:00:00+00:00,212.0125,212.07697
2026-07-16 20:00:00+00:00,206.84,194.31308
2026-07-16 21:00:00+00:00,180.3125,184.21748
2026-07-16 22:00:00+00:00,170.565,167.30884
2026-07-16 23:00:00+00:00,161.45,162.45718
2026-07-17 00:00:00+00:00,151.975,167.80914
2026-07-17 01:00:00+00:00,143.94,159.077
2026-07-17 02:00:00+00:00,142.89999999999998,156.75366
2026-07-17 03:00:00+00:00,152.8525,173.72284
2026-07-17 04:00:00+00:00,164.13,197.26582
2026-07-17 05:00:00+00:00,134.32999999999998,196.32541
2026-07-17 06:00:00+00:00,83.025,147.8178
2026-07-17 07:00:00+00:00,85.355,97.180626
2026-07-17 08:00:00+00:00,39.675,104.65392
2026-07-17 09:00:00+00:00,39.925,78.50157
2026-07-17 10:00:00+00:00,82.325,82.31208
2026-07-17 11:00:00+00:00,98.2,105.47508
2026-07-17 12:00:00+00:00,93.705,125.94813
2026-07-17 13:00:00+00:00,96.48,126.83125
2026-07-17 14:00:00+00:00,123.025,137.42169
2026-07-17 15:00:00+00:00,160.36,168.4349
2026-07-17 16:00:00+00:00,196.0425,210.3932
2026-07-17 17:00:00+00:00,198.3325,242.35422
2026-07-17 18:00:00+00:00,198.125,225.8777
2026-07-17 19:00:00+00:00,188.425,203.68697
2026-07-17 20:00:00+00:00,194.395,190.57292
2026-07-17 21:00:00+00:00,162.9625,178.42726
2026-07-17 22:00:00+00:00,157.9575,161.17693
2026-07-17 23:00:00+00:00,145.785,154.5315
2026-07-18 00:00:00+00:00,142.0,155.6517
2026-07-18 01:00:00+00:00,135.3,150.21843
2026-07-18 02:00:00+00:00,138.5125,147.18443
2026-07-18 03:00:00+00:00,132.81,160.0336
2026-07-18 04:00:00+00:00,126.9825,160.27441
2026-07-18 05:00:00+00:00,119.9675,142.27637
2026-07-18 06:00:00+00:00,39.77,126.02699
2026-07-18 07:00:00+00:00,19.765,66.64557
2026-07-18 08:00:00+00:00,10.72,43.404938
2026-07-18 09:00:00+00:00,8.1575,41.117996
2026-07-18 10:00:00+00:00,10.385,42.793392
2026-07-18 11:00:00+00:00,11.99,48.036526
2026-07-18 12:00:00+00:00,13.5725,45.48364
2026-07-18 13:00:00+00:00,22.3225,65.707855
2026-07-18 14:00:00+00:00,77.465,86.7308
2026-07-18 15:00:00+00:00,143.97500000000002,129.77547
2026-07-18 16:00:00+00:00,187.48,192.91039
2026-07-18 17:00:00+00:00,166.70749999999998,223.37772
2026-07-18 18:00:00+00:00,142.4875,194.82901
2026-07-18 19:00:00+00:00,145.025,154.47601
2026-07-18 20:00:00+00:00,177.16,149.59119
2026-07-18 21:00:00+00:00,155.26,158.3574
2026-07-18 22:00:00+00:00,138.6975,144.33852
2026-07-18 23:00:00+00:00,130.7425,129.35486
2026-07-19 00:00:00+00:00,121.915,133.17838
2026-07-19 01:00:00+00:00,119.13,127.67783
2026-07-19 02:00:00+00:00,117.385,130.59729
2026-07-19 03:00:00+00:00,112.7925,128.36058
2026-07-19 04:00:00+00:00,109.775,127.94178
2026-07-19 05:00:00+00:00,98.48,120.59111
2026-07-19 06:00:00+00:00,46.42,99.835686
2026-07-19 07:00:00+00:00,4.6875,61.93361
2026-07-19 08:00:00+00:00,0.0375,35.681892
2026-07-19 09:00:00+00:00,0.1825,39.36699
2026-07-19 10:00:00+00:00,4.2775,39.514595
2026-07-19 11:00:00+00:00,2.8525,38.976196
2026-07-19 12:00:00+00:00,7.522499999999999,39.432663
2026-07-19 13:00:00+00:00,11.97,51.685627
2026-07-19 14:00:00+00:00,49.305,60.885765
2026-07-19 15:00:00+00:00,109.8675,94.761925
2026-07-19 16:00:00+00:00,156.7725,147.19379
2026-07-19 17:00:00+00:00,142.1775,179.31815
2026-07-19 18:00:00+00:00,148.19,154.69838
2026-07-19 19:00:00+00:00,149.94,139.5631
2026-07-19 20:00:00+00:00,150.005,152.96416
2026-07-19 21:00:00+00:00,138.3075,141.4239
2026-07-19 22:00:00+00:00,147.4525,126.4706
2026-07-19 23:00:00+00:00,138.48250000000002,125.19917
2026-07-20 00:00:00+00:00,132.85000000000002,136.60522
2026-07-20 01:00:00+00:00,130.555,131.68535
2026-07-20 02:00:00+00:00,151.92000000000002,134.72963
2026-07-20 03:00:00+00:00,156.6375,159.49544
2026-07-20 04:00:00+00:00,151.74,181.71819
2026-07-20 05:00:00+00:00,141.1,172.18489
2026-07-20 06:00:00+00:00,112.7725,150.49565
2026-07-20 07:00:00+00:00,80.0375,116.90025
2026-07-20 08:00:00+00:00,59.57,93.662415
2026-07-20 09:00:00+00:00,44.010000000000005,84.71908
2026-07-20 10:00:00+00:00,66.5925,74.07734
2026-07-20 11:00:00+00:00,42.585,89.14847
2026-07-20 12:00:00+00:00,57.795,72.06421
2026-07-20 13:00:00+00:00,81.71000000000001,87.54072
2026-07-20 14:00:00+00:00,98.445,106.24639
2026-07-20 15:00:00+00:00,127.69,126.900894
2026-07-20 16:00:00+00:00,178.85750000000002,171.17662
2026-07-20 17:00:00+00:00,180.155,195.14546
2026-07-20 18:00:00+00:00,186.0725,177.90506
2026-07-20 19:00:00+00:00,190.27,168.62057
2026-07-20 20:00:00+00:00,174.815,175.62383
2026-07-20 21:00:00+00:00,164.985,156.19234
2026-07-20 22:00:00+00:00,172.17,146.87329
2026-07-20 23:00:00+00:00,162.5725,150.85063
2026-07-21 00:00:00+00:00,160.175,159.75223
2026-07-21 01:00:00+00:00,149.915,159.75023
2026-07-21 02:00:00+00:00,148.0225,158.86194
2026-07-21 03:00:00+00:00,154.19,174.07144
2026-07-21 04:00:00+00:00,158.6125,183.86777
2026-07-21 05:00:00+00:00,154.4275,183.6598
2026-07-21 06:00:00+00:00,141.8,169.20993
2026-07-21 07:00:00+00:00,99.745,156.61797
2026-07-21 08:00:00+00:00,92.64,113.93795
2026-07-21 09:00:00+00:00,92.1675,108.94983
2026-07-21 10:00:00+00:00,80.3675,111.150246
2026-07-21 11:00:00+00:00,73.355,102.704315
2026-07-21 12:00:00+00:00,63.9375,98.0858
2026-07-21 13:00:00+00:00,63.5475,103.05128
2026-07-21 14:00:00+00:00,99.495,114.48643
2026-07-21 15:00:00+00:00,160.3275,145.73909
2026-07-21 16:00:00+00:00,197.2575,206.7054
2026-07-21 17:00:00+00:00,216.415,225.29213
2026-07-21 18:00:00+00:00,216.5,221.00769
2026-07-21 19:00:00+00:00,202.9475,205.44876
2026-07-21 20:00:00+00:00,189.5125,187.80309
2026-07-21 21:00:00+00:00,162.92000000000002,170.49368
2026-07-21 22:00:00+00:00,160.6125,158.52838
2026-07-21 23:00:00+00:00,150.1875,155.24237
2026-07-22 00:00:00+00:00,152.8775,163.68594
2026-07-22 01:00:00+00:00,136.835,161.88515
2026-07-22 02:00:00+00:00,131.4525,150.75835
2026-07-22 03:00:00+00:00,143.62,162.70071
2026-07-22 04:00:00+00:00,154.5775,179.97661
2026-07-22 05:00:00+00:00,147.5775,196.77345
2026-07-22 06:00:00+00:00,140.23250000000002,168.95001
2026-07-22 07:00:00+00:00,100.65,161.43991
2026-07-22 08:00:00+00:00,76.685,127.692375
2026-07-22 09:00:00+00:00,52.54,106.33955
2026-07-22 10:00:00+00:00,50.305,86.47711
2026-07-22 11:00:00+00:00,52.495000000000005,89.36601
2026-07-22 12:00:00+00:00,47.6975,92.4511
2026-07-22 13:00:00+00:00,49.5775,92.76838
2026-07-22 14:00:00+00:00,68.565,109.94331
2026-07-22 15:00:00+00:00,110.7675,143.5973
2026-07-22 16:00:00+00:00,144.185,172.84964
2026-07-22 17:00:00+00:00,146.1,210.30054
2026-07-22 18:00:00+00:00,133.3425,194.34807
2026-07-22 19:00:00+00:00,130.66,145.8746
2026-07-22 20:00:00+00:00,151.2025,141.6517
2026-07-22 21:00:00+00:00,148.3825,149.81017
2026-07-22 22:00:00+00:00,152.05,149.03835
2026-07-22 23:00:00+00:00,144.56,143.70006
2026-07-23 00:00:00+00:00,140.75,148.75676
2026-07-23 01:00:00+00:00,139.9225,146.3583
2026-07-23 02:00:00+00:00,143.505,143.65245
2026-07-23 03:00:00+00:00,150.3375,161.81825
2026-07-23 04:00:00+00:00,155.4725,180.23734
2026-07-23 05:00:00+00:00,74.5,181.22357
2026-07-23 06:00:00+00:00,35.7425,105.87194
2026-07-23 07:00:00+00:00,9.215,65.550575
2026-07-23 08:00:00+00:00,15.1425,34.713432
2026-07-23 09:00:00+00:00,73.02,44.805756
2026-07-23 10:00:00+00:00,40.0,86.495705
2026-07-23 11:00:00+00:00,41.5075,62.571625
2026-07-23 12:00:00+00:00,41.125,65.29805
2026-07-23 13:00:00+00:00,50.22,71.6372
2026-07-23 14:00:00+00:00,102.29,85.82603
2026-07-23 15:00:00+00:00,118.0775,128.4801
2026-07-23 16:00:00+00:00,153.7275,151.91217
2026-07-23 17:00:00+00:00,165.2125,185.8111
2026-07-23 18:00:00+00:00,187.9675,177.29395
2026-07-23 19:00:00+00:00,190.0,164.18462
2026-07-23 20:00:00+00:00,186.5425,169.32504
2026-07-23 21:00:00+00:00,170.42000000000002,166.58545
2026-07-23 22:00:00+00:00,161.0025,154.57372
2026-07-23 23:00:00+00:00,157.19,149.64072
2026-07-24 00:00:00+00:00,153.2575,160.40419
2026-07-24 01:00:00+00:00,144.1925,158.29016
2026-07-24 02:00:00+00:00,138.115,154.87317
2026-07-24 03:00:00+00:00,161.3975,163.15956
2026-07-24 04:00:00+00:00,162.0875,195.97183
2026-07-24 05:00:00+00:00,128.9775,172.90912
2026-07-24 06:00:00+00:00,131.54,138.62892
2026-07-24 07:00:00+00:00,111.005,138.81654
2026-07-24 08:00:00+00:00,97.5875,118.7964
2026-07-24 09:00:00+00:00,72.2275,108.67816
2026-07-24 10:00:00+00:00,86.0475,90.35217
2026-07-24 11:00:00+00:00,100.015,102.55425
2026-07-24 12:00:00+00:00,98.81,111.156456
2026-07-24 13:00:00+00:00,81.4375,107.821526
2026-07-24 14:00:00+00:00,91.245,105.75347
2026-07-24 15:00:00+00:00,133.48000000000002,120.87929
2026-07-24 16:00:00+00:00,148.4625,161.83336
2026-07-24 17:00:00+00:00,123.4575,180.03658
2026-07-24 18:00:00+00:00,114.8,153.51344
