timestamp,actual,prediction
2026-05-24 18:45:00,75.43,68.82515778583303
2026-05-24 19:00:00,78.82,72.35923192754292
2026-05-24 19:15:00,86.1,74.95226271385876
2026-05-24 19:30:00,89.0,80.89537037114582
2026-05-24 19:45:00,85.5,87.26160865775319
2026-05-24 20:00:00,91.62,81.30958230207808
2026-05-24 20:15:00,91.1,87.67434619847825
2026-05-24 20:30:00,91.47,87.61588097692906
2026-05-24 20:45:00,85.0,87.84622344422797
2026-05-24 21:00:00,76.14,81.51550294865282
2026-05-24 21:15:00,71.4,78.98234280588586
2026-05-24 21:30:00,69.59,77.61574734143048
2026-05-24 21:45:00,60.0,67.64160200159044
2026-05-24 22:00:00,50.0,54.991444441796645
2026-05-24 22:15:00,36.5,56.20768635357958
2026-05-24 22:30:00,35.21,38.87610140606088
2026-05-24 22:45:00,30.2,39.265026811911305
2026-05-24 23:00:00,41.0,33.98105645884243
2026-05-24 23:15:00,34.66,38.52021183172821
2026-05-24 23:30:00,34.77,34.280416700408665
2026-05-24 23:45:00,27.84,34.24364252190487
2026-05-25 00:00:00,25.0,31.056924941007626
2026-05-25 00:15:00,24.16,29.011303608590683
2026-05-25 01:15:00,24.15,29.041397874462984
2026-05-25 01:30:00,20.52,27.04915052711598
2026-05-25 01:45:00,28.54,22.34114294841538
2026-05-25 02:00:00,24.16,28.306313454708672
2026-05-25 02:15:00,20.57,26.411101088351685
2026-05-25 02:30:00,22.82,22.16267469745588
2026-05-25 02:45:00,21.97,28.328937097806655
2026-05-25 03:00:00,14.24,23.326708937762024
2026-05-25 03:15:00,30.0,15.121905345439375
2026-05-25 03:30:00,28.36,29.272757769435806
2026-05-25 03:45:00,35.0,28.327092155087296
2026-05-25 04:00:00,46.0,33.966501435881284
2026-05-25 04:15:00,39.99,49.02298873014238
2026-05-25 04:30:00,43.04,42.407588275843686
2026-05-25 04:45:00,31.53,45.526224235233826
2026-05-25 05:00:00,53.63,31.31491886873754
2026-05-25 05:15:00,36.58,50.88041638501663
2026-05-25 05:30:00,25.43,34.93150463233133
2026-05-25 05:45:00,13.7,27.005447721893695
2026-05-25 06:00:00,38.92,17.67473294481989
2026-05-25 06:15:00,18.0,37.46399737578062
2026-05-25 06:30:00,17.5,19.258141559628115
2026-05-25 06:45:00,1.31,18.528925252541807
2026-05-25 07:00:00,16.73,4.677208915425149
2026-05-25 07:15:00,3.08,16.121651313326268
2026-05-25 07:30:00,0.19,6.391624210917184
2026-05-25 07:45:00,0.0,1.6558669606881689
2026-05-25 08:15:00,-0.01,1.9357459240437533
2026-05-25 08:30:00,-0.06,0.880511307579993
2026-05-25 08:45:00,-0.49,0.003015896621467495
2026-05-25 09:00:00,-0.82,-1.0122144281713414
2026-05-25 09:15:00,-1.0,-1.8991035873877868
2026-05-25 09:30:00,-1.32,-2.1708935992311464
2026-05-25 09:45:00,-3.83,-2.8578295803648777
2026-05-25 10:00:00,-2.0,-4.796039260663614
2026-05-25 10:15:00,-2.41,-3.3521430936437566
2026-05-25 10:30:00,-2.0,-3.988616818008508
2026-05-25 10:45:00,-2.44,-3.20612862666068
2026-05-25 11:00:00,-9.99,-3.656395276453818
2026-05-25 11:15:00,-12.38,-13.670425727289704
2026-05-25 11:30:00,-20.0,-16.267211172518056
2026-05-25 11:45:00,-21.19,-26.855231393303907
2026-05-25 12:00:00,-13.91,-19.246174401127437
2026-05-25 12:15:00,-12.06,-10.54444387882761
2026-05-25 12:30:00,-7.93,-8.007822762641462
2026-05-25 12:45:00,-5.07,-6.787939262371015
2026-05-25 13:00:00,-2.1,-4.147036680176545
2026-05-25 13:30:00,-2.0,-1.8265035630284232
2026-05-25 13:45:00,-1.46,-1.827243846443872
2026-05-25 14:00:00,-1.0,-1.7338807233438336
2026-05-25 14:15:00,-0.12,-1.2345382870004
2026-05-25 14:30:00,0.0,-1.185365375868295
2026-05-25 14:45:00,2.49,1.1343428272891205
2026-05-25 15:00:00,0.0,6.133678070508769
2026-05-25 15:15:00,3.78,1.6400305934198434
2026-05-25 15:30:00,2.4,9.299963219057574
2026-05-25 15:45:00,37.9,6.550127647025064
2026-05-25 16:00:00,15.29,34.495436811983645
2026-05-25 16:15:00,13.82,23.966808962849196
2026-05-25 16:30:00,45.76,23.53116568661966
2026-05-25 16:45:00,51.94,59.149200575382615
2026-05-25 17:00:00,14.02,57.3681731273731
2026-05-25 17:15:00,45.15,24.374768968981858
2026-05-25 17:30:00,57.86,53.347621289687325
2026-05-25 17:45:00,96.61,68.56227633859936
2026-05-25 18:00:00,55.6,76.21155339268616
2026-05-25 18:15:00,85.67,61.0893801768521
2026-05-25 18:30:00,101.28,82.64463097570172
2026-05-25 18:45:00,109.89,102.47530736187585
2026-05-25 19:00:00,104.42,101.84723368163641
2026-05-25 19:15:00,108.1,106.35753319191777
2026-05-25 19:30:00,110.0,104.41811508795871
2026-05-25 19:45:00,109.86,105.91356177644111
2026-05-25 20:00:00,109.89,105.58869842993649
2026-05-25 20:15:00,109.86,105.51094580111868
2026-05-25 20:45:00,105.0,105.46960528049522
2026-05-25 21:00:00,97.0,105.94406757854642
2026-05-25 21:15:00,90.91,94.46625802279115
2026-05-25 21:30:00,88.93,91.32092767421646
2026-05-25 21:45:00,83.0,87.34285646062303
2026-05-25 22:00:00,102.67,81.53005974681999
2026-05-25 22:15:00,98.76,104.34399628368631
2026-05-25 22:30:00,88.0,90.33619857915467
2026-05-25 22:45:00,81.99,81.24313364933195
2026-05-25 23:00:00,90.2,84.50949894786818
2026-05-25 23:15:00,88.13,88.40867524328587
2026-05-25 23:45:00,82.6,83.6239238896888
2026-05-26 00:00:00,82.84,77.14569464763345
2026-05-26 00:15:00,63.42,78.51098541982302
2026-05-26 00:30:00,82.36,65.37333496786871
2026-05-26 00:45:00,64.99,78.05004187915367
2026-05-26 01:00:00,74.35,65.3027147390566
2026-05-26 01:15:00,69.16,75.49339084085477
2026-05-26 01:30:00,68.89,68.12913130676596
2026-05-26 01:45:00,67.6,67.3887663106446
2026-05-26 02:00:00,73.72,64.43413028365195
2026-05-26 02:15:00,76.3,74.87907610572495
2026-05-26 02:30:00,77.82,75.60954383036241
2026-05-26 02:45:00,81.0,74.98605957249754
2026-05-26 03:00:00,81.18,79.55627991849224
2026-05-26 03:15:00,81.88,79.47349519056108
2026-05-26 03:30:00,82.76,80.34658295040788
2026-05-26 03:45:00,88.28,80.63842898471415
2026-05-26 04:00:00,95.1,88.96188802633445
2026-05-26 04:15:00,103.0,94.41631206340526
2026-05-26 04:30:00,108.98,105.33447056523525
2026-05-26 04:45:00,109.86,104.44027323407427
2026-05-26 05:00:00,114.69,106.08015712141304
2026-05-26 05:15:00,110.48,110.25212040204312
2026-05-26 05:30:00,108.44,106.86448108975473
2026-05-26 05:45:00,88.73,104.50201655170623
2026-05-26 06:00:00,109.86,86.99807591879465
2026-05-26 06:15:00,88.43,104.36270626801765
2026-05-26 06:30:00,76.62,83.38393260344344
2026-05-26 06:45:00,36.5,62.64891693282859
2026-05-26 07:00:00,73.43,49.22195222505832
2026-05-26 07:15:00,24.39,66.59863197310382
2026-05-26 07:30:00,8.01,33.381637183747856
2026-05-26 07:45:00,2.5,7.298737626199405
2026-05-26 08:00:00,2.99,10.493196694726741
2026-05-26 08:15:00,0.84,6.367469893291074
2026-05-26 08:30:00,0.05,2.119723889770599
2026-05-26 08:45:00,0.0,1.3739902437079834
2026-05-26 09:30:00,-0.01,1.1946419893193485
2026-05-26 11:00:00,-0.09,0.7696143089671391
2026-05-26 11:15:00,-0.11,-0.054940384584491325
2026-05-26 12:00:00,-0.39,-0.2440402366248532
2026-05-26 12:15:00,-0.12,-0.8580245522971099
2026-05-26 12:30:00,-0.11,-1.2403397479536806
2026-05-26 12:45:00,-0.06,-0.2440402366248532
2026-05-26 13:00:00,-0.03,0.023160810271548666
2026-05-26 13:15:00,-0.01,0.11752170045541836
2026-05-26 14:00:00,0.0,0.7938126699305633
2026-05-26 15:00:00,0.01,1.6314185896080182
2026-05-26 15:15:00,0.51,1.640154825527117
2026-05-26 15:30:00,13.01,3.2744778529851755
2026-05-26 15:45:00,68.99,22.051679862889987
2026-05-26 16:00:00,45.0,45.94282925349615
2026-05-26 16:15:00,61.51,44.19007430771597
2026-05-26 16:30:00,98.63,53.684213459582494
2026-05-26 16:45:00,111.04,95.3518690187398
2026-05-26 17:00:00,79.64,89.66243280061167
2026-05-26 17:15:00,109.49,82.76880669529392
2026-05-26 17:30:00,146.11,97.67744018824135
2026-05-26 17:45:00,171.12,124.34837358604757
2026-05-26 18:00:00,136.0,114.46074972830574
2026-05-26 18:15:00,153.4,130.4838966378833
2026-05-26 18:30:00,132.36,124.73528743451297
2026-05-26 18:45:00,147.6,130.22029218645352
2026-05-26 19:00:00,137.56,130.83487958001425
2026-05-26 19:15:00,154.04,124.27941541444282
2026-05-26 19:30:00,162.5,134.76804044925305
2026-05-26 19:45:00,150.73,148.35613211908876
2026-05-26 20:00:00,167.2,138.37551966120523
2026-05-26 20:15:00,150.73,148.25495584537737
2026-05-26 20:30:00,147.6,138.69655367446046
2026-05-26 20:45:00,134.43,136.05434083960702
2026-05-26 21:00:00,141.88,128.9206687128035
2026-05-26 21:15:00,132.9,135.060553997542
2026-05-26 21:30:00,128.48,131.59428214541867
2026-05-26 21:45:00,114.71,124.8894228018263
2026-05-26 22:00:00,140.52,117.95365676031389
2026-05-26 22:15:00,135.84,132.54293602871937
2026-05-26 22:30:00,130.01,133.7677609577473
2026-05-26 22:45:00,129.71,127.2028166485834
2026-05-26 23:15:00,125.01,126.47016981535559
2026-05-26 23:45:00,118.02,122.62800335113707
2026-05-27 00:00:00,119.0,116.43416048063028
2026-05-27 00:15:00,116.42,116.82265274149538
2026-05-27 00:30:00,112.0,115.98002211368342
2026-05-27 00:45:00,108.71,109.62369042332655
2026-05-27 01:00:00,110.21,106.29232253563755
2026-05-27 01:15:00,105.39,107.52359115249638
2026-05-27 01:30:00,103.31,104.52713113330715
2026-05-27 01:45:00,86.6,104.00703979914826
2026-05-27 02:00:00,101.99,88.25979840654567
2026-05-27 02:15:00,97.16,101.91963521196972
2026-05-27 02:30:00,97.28,95.80913991580732
2026-05-27 02:45:00,97.01,95.5585729054047
2026-05-27 03:00:00,100.27,96.14474735019458
2026-05-27 03:15:00,106.09,96.58651259516463
2026-05-27 03:30:00,110.61,105.3044290992635
2026-05-27 03:45:00,114.75,107.42447149927582
2026-05-27 04:00:00,103.99,112.79962708886255
2026-05-27 04:15:00,113.21,105.2759861599356
2026-05-27 04:30:00,119.92,111.88525418732378
2026-05-27 04:45:00,125.01,119.27553403501578
2026-05-27 05:00:00,129.71,121.61077215109937
2026-05-27 05:30:00,126.03,122.47574049314272
2026-05-27 05:45:00,111.71,121.48022271027791
2026-05-27 06:00:00,129.71,108.5629369464722
2026-05-27 06:15:00,114.0,119.18866024500213
2026-05-27 06:30:00,98.32,110.83815294022847
2026-05-27 06:45:00,69.99,95.12108304622275
2026-05-27 07:00:00,91.99,80.96531025111474
2026-05-27 07:15:00,56.62,92.06002172538041
2026-05-27 07:30:00,18.49,52.49030489785742
2026-05-27 07:45:00,3.08,11.071800539826544
2026-05-27 08:00:00,11.0,15.978556181935913
2026-05-27 08:15:00,3.08,10.013790447996
2026-05-27 08:30:00,0.92,6.635370734027853
2026-05-27 08:45:00,0.84,2.916305069985246
2026-05-27 09:00:00,0.66,2.8139144787219084
2026-05-27 09:15:00,0.39,2.7732529655402542
2026-05-27 09:30:00,0.07,2.6757490456204978
2026-05-27 09:45:00,0.0,1.9545780287810075
2026-05-27 11:30:00,-0.01,1.1316939261584191
2026-05-27 12:45:00,0.0,1.0233987755836806
2026-05-27 13:30:00,0.04,1.1476155572877158
2026-05-27 13:45:00,0.88,1.3799124485244751
2026-05-27 14:00:00,0.0,4.633512401703894
2026-05-27 14:15:00,0.01,1.193953708596872
2026-05-27 14:30:00,0.51,1.193953708596872
2026-05-27 14:45:00,16.73,3.5999920866950847
2026-05-27 15:00:00,3.44,27.727712714050444
2026-05-27 15:15:00,15.79,20.870527081875608
2026-05-27 15:30:00,30.94,26.92227511726648
2026-05-27 15:45:00,66.89,41.27739250123574
2026-05-27 16:00:00,31.53,40.931639431787985
2026-05-27 16:15:00,69.67,43.98524881252108
2026-05-27 16:30:00,74.5,68.2519447160797
2026-05-27 16:45:00,121.99,72.75879764551924
2026-05-27 17:00:00,79.35,89.81829173346416
2026-05-27 17:15:00,132.02,85.07070918610732
2026-05-27 17:30:00,145.08,126.99611680914609
2026-05-27 17:45:00,151.89,126.98837305971605
2026-05-27 18:00:00,121.99,123.84590660354993
2026-05-27 18:15:00,131.75,122.67676336093345
2026-05-27 18:30:00,129.71,124.01499731519094
2026-05-27 18:45:00,135.84,126.67045417007573
2026-05-27 19:00:00,138.02,127.73747721534062
2026-05-27 19:15:00,145.71,125.69232427835104
2026-05-27 19:30:00,146.0,138.75537917486045
2026-05-27 19:45:00,140.68,139.3094713930076
2026-05-27 20:00:00,142.9,134.16126933940996
2026-05-27 20:15:00,136.2,135.80505865168718
2026-05-27 20:30:00,136.29,132.76211898693094
2026-05-27 20:45:00,129.71,132.74103220684268
2026-05-27 21:00:00,126.46,126.28354302078604
2026-05-27 21:15:00,119.89,124.70315133745605
2026-05-27 21:30:00,121.46,118.04213867252948
2026-05-27 21:45:00,112.71,119.09969642754712
2026-05-27 22:00:00,115.4,117.81334908389309
2026-05-27 22:15:00,110.92,116.54348806123068
2026-05-27 22:30:00,107.92,115.27865714654877
2026-05-27 22:45:00,105.64,113.22445610970873
2026-05-27 23:00:00,108.36,121.52455235360763
2026-05-27 23:15:00,107.92,116.0361629349677
2026-05-27 23:30:00,107.88,114.68843123973383
2026-05-27 23:45:00,105.64,114.37718128475264
2026-05-28 00:00:00,105.76,111.69421371058175
2026-05-28 00:15:00,105.17,111.87703376155113
2026-05-28 00:30:00,95.0,109.4967642549152
2026-05-28 00:45:00,77.16,95.27685229795377
2026-05-28 01:00:00,79.5,79.01516616589404
2026-05-28 01:15:00,84.01,81.05671322560329
2026-05-28 01:30:00,90.21,84.31427625813909
2026-05-28 01:45:00,89.0,91.07769491717708
2026-05-28 02:00:00,91.4,93.96697078689677
2026-05-28 02:15:00,96.99,91.68839416270356
2026-05-28 02:30:00,106.94,96.59766759289201
2026-05-28 02:45:00,107.88,108.19051897740377
2026-05-28 03:00:00,108.6,107.7204211942416
2026-05-28 03:15:00,110.51,108.15801037526536
2026-05-28 03:30:00,115.23,107.86083781503382
2026-05-28 03:45:00,120.67,113.19342426910791
2026-05-28 04:00:00,122.67,122.58915804134611
2026-05-28 04:15:00,128.92,121.86845455160811
2026-05-28 04:30:00,127.07,126.44444380366406
2026-05-28 04:45:00,128.92,124.64534577323022
2026-05-28 05:30:00,121.69,121.49874758603207
2026-05-28 05:45:00,111.0,120.27705633442514
2026-05-28 06:00:00,126.0,109.76459510842069
2026-05-28 06:15:00,109.42,119.3800897173641
2026-05-28 06:30:00,104.18,106.29307170765206
2026-05-28 06:45:00,77.0,104.15861460351708
2026-05-28 07:00:00,88.87,84.76281926356474
2026-05-28 07:15:00,62.75,88.42188285285951
2026-05-28 07:30:00,35.1,76.93792872881875
2026-05-28 07:45:00,24.15,40.50081179540015
2026-05-28 08:00:00,44.26,47.017507964316366
2026-05-28 08:15:00,17.94,48.657325767273804
2026-05-28 08:30:00,6.32,17.27990008445401
2026-05-28 08:45:00,2.51,7.446483344473597
2026-05-28 09:00:00,1.56,5.662851467912506
2026-05-28 09:15:00,0.7,4.080159026356494
2026-05-28 09:30:00,0.01,2.5201039266433716
2026-05-28 09:45:00,0.0,1.401268170689965
2026-05-28 10:00:00,0.04,1.1408311614314026
2026-05-28 10:15:00,0.0,1.2967665261063523
2026-05-28 11:00:00,0.01,1.0996750619449842
2026-05-28 11:30:00,0.0,1.0996750619449842
2026-05-28 12:30:00,0.01,1.1341602198956642
2026-05-28 12:45:00,0.02,1.1341602198956642
2026-05-28 13:00:00,0.01,1.1839575758334744
2026-05-28 13:30:00,0.84,1.1458761167998883
2026-05-28 13:45:00,4.34,2.6639651642586406
2026-05-28 14:00:00,2.84,11.41356473138839
2026-05-28 14:15:00,10.0,13.637543339749708
2026-05-28 14:30:00,17.0,13.67727805864985
2026-05-28 14:45:00,52.8,16.98146092898256
2026-05-28 15:00:00,31.65,68.0771540605503
2026-05-28 15:15:00,35.9,47.56477751577546
2026-05-28 15:30:00,58.31,45.137819856459565
2026-05-28 15:45:00,90.18,73.70345844793849
2026-05-28 16:00:00,69.74,84.87579128196226
2026-05-28 16:15:00,87.92,66.87687145116571
2026-05-28 16:30:00,147.28,87.74316926199471
2026-05-28 16:45:00,165.3,129.0016875465789
2026-05-28 17:00:00,101.33,115.54662283145214
2026-05-28 17:15:00,156.2,99.0503383517409
2026-05-28 17:30:00,162.74,122.84891368961141
2026-05-28 17:45:00,170.99,120.4893108392161
2026-05-28 18:00:00,127.84,114.97080194505865
2026-05-28 18:15:00,122.67,125.17197043833572
2026-05-28 18:30:00,133.4,113.70758980414726
2026-05-28 18:45:00,152.9,131.74416606475347
2026-05-28 19:00:00,147.52,135.21663324030186
2026-05-28 19:15:00,160.51,137.08921475621008
2026-05-28 19:30:00,172.5,134.48763292347337
2026-05-28 19:45:00,157.87,148.68204367643486
2026-05-28 20:00:00,170.12,144.24573900159626
2026-05-28 20:15:00,151.98,147.51546500870714
2026-05-28 20:30:00,157.87,140.4728081624885
2026-05-28 20:45:00,140.89,142.203716759276
2026-05-28 21:00:00,143.28,135.6488741786012
2026-05-28 21:15:00,134.47,136.87045301123038
2026-05-28 21:30:00,133.26,130.82707313230927
2026-05-28 21:45:00,128.92,133.140146469581
2026-05-28 22:00:00,140.4,129.93440256565876
2026-05-28 22:15:00,136.43,133.7336135503535
2026-05-28 22:30:00,127.25,131.88301782602295
2026-05-28 22:45:00,126.36,125.32053471614762
2026-05-28 23:45:00,123.86,124.99848025864515
2026-05-29 00:00:00,125.01,122.492763272399
2026-05-29 00:15:00,120.0,120.56047742457132
2026-05-29 00:30:00,119.57,119.99906875169205
2026-05-29 00:45:00,118.11,118.4002241519636
2026-05-29 01:00:00,117.27,114.80853580830832
2026-05-29 01:15:00,115.88,114.36044080100822
2026-05-29 01:30:00,115.0,113.14729487659788
2026-05-29 01:45:00,111.21,111.52003321752012
2026-05-29 02:00:00,110.76,108.03429017436315
2026-05-29 02:45:00,112.49,106.72305775652944
2026-05-29 03:00:00,114.25,108.43823238177711
2026-05-29 03:15:00,118.02,111.1562053881903
2026-05-29 03:30:00,119.11,114.2531227619863
2026-05-29 03:45:00,120.0,115.29880474389331
2026-05-29 04:00:00,126.36,118.03197156035554
2026-05-29 05:00:00,136.96,124.11314485699945
2026-05-29 05:15:00,130.1,129.0243808113379
2026-05-29 05:30:00,124.97,123.54714150895371
2026-05-29 05:45:00,111.95,125.28989932277855
2026-05-29 06:00:00,126.36,113.40490862776426
2026-05-29 06:15:00,116.39,121.2891580189015
2026-05-29 06:30:00,107.0,113.10981847779836
2026-05-29 06:45:00,84.57,107.26444566321406
2026-05-29 07:00:00,94.47,81.86241910904626
2026-05-29 07:15:00,72.75,96.3891075102604
2026-05-29 07:30:00,45.0,80.58326957396832
2026-05-29 07:45:00,34.58,43.281789694031524
2026-05-29 08:00:00,30.0,45.66429049229121
2026-05-29 08:15:00,17.77,32.05090295789968
2026-05-29 08:30:00,10.89,16.450035753662082
2026-05-29 08:45:00,5.0,11.510157488484742
2026-05-29 09:00:00,5.56,8.442182563147067
2026-05-29 09:15:00,1.75,8.15645989447021
2026-05-29 09:30:00,0.84,4.956049204152131
2026-05-29 10:15:00,0.54,3.375560376844552
2026-05-29 10:30:00,0.51,2.8924984208205333
2026-05-29 10:45:00,0.29,2.730314189406785
2026-05-29 11:00:00,0.51,2.534210612489316
2026-05-29 11:15:00,0.18,2.117667046408964
2026-05-29 11:30:00,0.08,1.9893209947803163
2026-05-29 11:45:00,0.02,1.811150098593182
2026-05-29 12:00:00,0.84,1.2166432642311211
2026-05-29 13:15:00,2.11,2.7460711387293433
2026-05-29 13:30:00,1.7,6.21231665097236
2026-05-29 13:45:00,1.55,5.751484100968455
2026-05-29 14:00:00,5.27,8.24247644879744
2026-05-29 14:15:00,5.0,12.116088478092127
2026-05-29 14:30:00,8.1,11.340961297819046
2026-05-29 14:45:00,12.46,13.469399467759686
2026-05-29 15:00:00,25.93,28.276041859463803
2026-05-29 15:15:00,41.51,36.12099267129948
2026-05-29 15:30:00,71.98,50.14991744969263
2026-05-29 15:45:00,110.72,51.85539999964063
2026-05-29 16:00:00,61.12,87.20567148225902
2026-05-29 16:15:00,94.84,73.5297201239555
2026-05-29 16:30:00,99.0,96.95595506996007
2026-05-29 16:45:00,154.45,97.6451154127523
2026-05-29 17:00:00,109.41,113.34617645540386
2026-05-29 17:15:00,140.79,106.33464424727951
2026-05-29 17:30:00,136.54,127.36300454255843
2026-05-29 17:45:00,169.1,129.6322949198584
2026-05-29 18:00:00,128.84,120.2255493818233
2026-05-29 18:15:00,115.88,127.80605399041602
2026-05-29 18:30:00,126.36,119.62849809221275
2026-05-29 18:45:00,136.68,131.91209346607084
2026-05-29 19:00:00,140.34,132.68671199391576
2026-05-29 19:15:00,150.0,129.095563082613
2026-05-29 19:30:00,158.01,136.54577946820723
2026-05-29 19:45:00,152.43,144.97402064718955
2026-05-29 20:00:00,164.53,142.41120404727414
2026-05-29 20:15:00,152.43,146.80989730192172
2026-05-29 20:45:00,140.4,138.2340771534871
2026-05-29 21:00:00,136.46,131.3136380191934
2026-05-29 21:15:00,126.36,129.9373308466105
2026-05-29 21:45:00,121.27,129.51290538243873
2026-05-29 22:00:00,130.0,125.93129234154704
2026-05-29 22:15:00,127.98,128.34454693829
2026-05-29 22:30:00,120.24,128.80568786841962
2026-05-29 22:45:00,115.0,120.46353391953497
2026-05-29 23:15:00,111.2,115.13531484875499
2026-05-29 23:30:00,111.55,114.34693705490295
2026-05-29 23:45:00,109.7,113.57978593516209
2026-05-30 00:00:00,111.23,113.68998767476697
2026-05-30 00:15:00,108.57,111.97746963407268
2026-05-30 00:30:00,104.98,115.54143176437351
2026-05-30 00:45:00,71.46,117.2711463955256
2026-05-30 01:00:00,102.74,75.7456302562663
2026-05-30 01:15:00,87.78,112.72188824629488
2026-05-30 01:30:00,73.55,86.20608361605932
2026-05-30 01:45:00,89.01,79.89680269890444
2026-05-30 02:00:00,95.27,90.36104460379188
2026-05-30 02:15:00,89.26,96.0872675905472
2026-05-30 02:30:00,82.43,92.3658503851706
2026-05-30 02:45:00,76.23,82.2822503225198
2026-05-30 03:00:00,97.99,83.45422521555564
2026-05-30 03:15:00,86.42,97.47081453647297
2026-05-30 03:30:00,92.07,89.68608339924654
2026-05-30 03:45:00,82.31,91.99029241568769
2026-05-30 04:00:00,103.52,82.16906320666219
2026-05-30 04:15:00,101.25,107.08477101381283
2026-05-30 04:30:00,93.66,93.85937575576048
2026-05-30 04:45:00,81.57,91.25417714344955
2026-05-30 05:00:00,77.9,79.3009206236063
2026-05-30 05:15:00,69.7,77.59600327732933
2026-05-30 05:30:00,99.26,74.77076468888792
2026-05-30 05:45:00,93.13,93.90216145022617
2026-05-30 06:00:00,94.6,88.323636468697
2026-05-30 06:15:00,64.4,89.84701694745492
2026-05-30 06:30:00,52.38,70.91338665239824
2026-05-30 06:45:00,35.35,59.97077687255284
2026-05-30 07:00:00,41.55,48.41328953980725
2026-05-30 07:15:00,24.15,44.57990122576999
2026-05-30 07:30:00,13.56,25.21784959506605
2026-05-30 07:45:00,7.6,10.601590773813584
2026-05-30 08:00:00,9.99,8.559097566413634
2026-05-30 08:15:00,1.75,11.046892254778326
2026-05-30 08:30:00,0.1,3.9997038522347945
2026-05-30 08:45:00,0.0,1.9838504801304884
2026-05-30 09:30:00,-0.01,1.8153984457664172
2026-05-30 11:15:00,-0.09,0.8367277953043096
2026-05-30 11:30:00,-0.11,-0.041582157238859954
2026-05-30 12:00:00,-0.1,-0.2355854233578968
2026-05-30 12:15:00,-0.11,-0.035142032445064204
2026-05-30 12:30:00,-0.1,-0.2277978577013312
2026-05-30 12:45:00,-0.11,-0.044175255036426324
2026-05-30 13:00:00,-0.02,-0.24012847161356277
2026-05-30 13:15:00,-0.01,0.5907143562008379
2026-05-30 13:45:00,0.0,0.8070618219714814
2026-05-30 14:30:00,0.51,1.165704268652582
2026-05-30 14:45:00,11.52,3.3226267368748084
2026-05-30 15:00:00,8.44,21.98155259750949
2026-05-30 15:15:00,13.5,21.57818230442592
2026-05-30 15:30:00,20.8,23.95083511610939
2026-05-30 15:45:00,11.14,30.82467685896141
2026-05-30 16:00:00,19.47,28.41191663135918
2026-05-30 16:15:00,25.45,31.618742613514684
2026-05-30 16:30:00,47.58,39.07346752401752
2026-05-30 16:45:00,84.53,60.046388391625044
2026-05-30 17:00:00,45.11,77.57570301840488
2026-05-30 17:15:00,83.69,58.251674314322806
2026-05-30 17:30:00,87.38,87.51918491159753
2026-05-30 17:45:00,109.42,92.88903843604677
2026-05-30 18:00:00,80.0,92.00009620671415
2026-05-30 18:15:00,95.7,88.55057941456352
2026-05-30 18:30:00,100.2,105.83961053624078
2026-05-30 18:45:00,111.2,104.46096740599094
2026-05-30 19:00:00,105.64,109.89938015997228
2026-05-30 19:15:00,109.04,105.26632410470071
2026-05-30 19:30:00,111.2,105.74370302918379
2026-05-30 19:45:00,110.29,107.87839043006458
2026-05-30 20:00:00,115.0,107.19551635596363
2026-05-30 20:15:00,113.58,110.66562345818029
2026-05-30 20:30:00,117.79,114.69114436548821
2026-05-30 20:45:00,111.59,113.90418341151207
2026-05-30 21:00:00,111.2,113.3296284996718
2026-05-30 21:15:00,109.0,111.79341779788558
2026-05-30 21:30:00,111.2,113.71974414825775
2026-05-30 21:45:00,100.2,110.76984963299888
2026-05-30 22:00:00,104.67,97.03522422276451
2026-05-30 22:15:00,100.66,106.82794496499632
2026-05-30 22:30:00,99.86,97.18703112764148
2026-05-30 22:45:00,96.7,95.76838612491193
2026-05-30 23:00:00,99.86,96.7956224332984
2026-05-30 23:15:00,94.0,97.50663230596373
2026-05-30 23:30:00,93.84,91.6557341606227
2026-05-30 23:45:00,85.92,90.23582215366798
2026-05-31 00:00:00,85.62,82.09276303989277
2026-05-31 00:15:00,65.31,85.83495472160757
2026-05-31 00:30:00,68.0,73.04603154094112
2026-05-31 00:45:00,43.01,69.76668975106008
2026-05-31 01:00:00,47.67,53.18990832428862
2026-05-31 01:15:00,26.9,47.50474400144601
2026-05-31 01:30:00,43.19,34.70882020496459
2026-05-31 01:45:00,34.44,39.594973747716125
2026-05-31 02:00:00,31.81,35.65589775828904
2026-05-31 02:15:00,37.82,29.905425681596697
2026-05-31 02:30:00,35.27,39.0202937119683
2026-05-31 02:45:00,20.49,36.63371919738101
2026-05-31 03:00:00,28.72,24.48339783061185
2026-05-31 03:15:00,36.4,28.046486945165658
2026-05-31 03:30:00,29.99,37.48377528564877
2026-05-31 03:45:00,24.03,28.123358288496263
2026-05-31 04:00:00,26.61,24.79847467482021
2026-05-31 04:15:00,28.47,26.980726893148724
2026-05-31 04:30:00,24.18,27.098008662686578
2026-05-31 04:45:00,6.82,24.286956667787766
2026-05-31 05:00:00,36.46,17.477563768257763
2026-05-31 05:15:00,26.59,36.59300751167826
2026-05-31 05:30:00,23.43,24.977704786825065
2026-05-31 05:45:00,11.01,19.86484620816643
2026-05-31 06:00:00,39.33,15.10827780367838
2026-05-31 06:15:00,27.06,39.578530755554226
2026-05-31 06:30:00,10.9,25.231781376946476
2026-05-31 06:45:00,1.0,10.82114387636469
2026-05-31 07:00:00,8.17,3.554642024702628
2026-05-31 07:15:00,0.84,10.673699189205674
2026-05-31 07:30:00,0.0,2.170032208497618
2026-05-31 08:00:00,4.49,1.0656135042666228
2026-05-31 08:15:00,4.06,7.173037867342015
2026-05-31 08:30:00,0.01,7.226432586930997
2026-05-31 08:45:00,0.0,1.099114153746896
2026-05-31 10:30:00,-0.01,1.3655829516252649
2026-05-31 13:15:00,0.0,1.069722787724269
2026-05-31 14:00:00,-0.01,1.1624429753014465
2026-05-31 15:30:00,0.0,2.2798625281823406
2026-05-31 16:00:00,0.01,3.9913632946393203
2026-05-31 16:15:00,0.84,3.7726515943298673
2026-05-31 16:30:00,1.55,6.054799310177166
2026-05-31 16:45:00,13.48,6.8311711233166355
2026-05-31 17:00:00,5.59,21.799527188708442
2026-05-31 17:15:00,24.46,16.056197769405724
2026-05-31 17:30:00,41.08,32.53649283518649
2026-05-31 17:45:00,56.5,48.38862613572587
2026-05-31 18:00:00,39.93,58.348151670706685
2026-05-31 18:15:00,63.24,44.33360940844705
2026-05-31 18:30:00,72.89,71.03025254302419
2026-05-31 18:45:00,85.92,66.49910056459848
2026-05-31 19:00:00,83.18,74.71812633754139
2026-05-31 19:15:00,77.76,78.15586460747092
2026-05-31 19:30:00,90.17,75.0200803157586
2026-05-31 19:45:00,93.22,90.17993847219263
2026-05-31 20:00:00,100.72,88.62762073889041
2026-05-31 20:15:00,100.8,95.86634211207138
2026-05-31 20:30:00,104.67,96.33646590041013
2026-05-31 20:45:00,100.42,100.99233437627721
2026-05-31 21:00:00,98.28,95.4921696193977
2026-05-31 21:15:00,89.8,94.90890141925371
2026-05-31 21:30:00,92.61,88.10541624067861
2026-05-31 21:45:00,85.32,88.41343141704849
2026-05-31 22:00:00,108.4,87.64099190635282
2026-05-31 22:15:00,103.68,101.2999624150081
2026-05-31 22:30:00,48.23,102.9440369946182
2026-05-31 22:45:00,12.33,63.4076145691578
2026-05-31 23:00:00,40.46,32.272513329390584
2026-05-31 23:15:00,48.14,56.68933961454893
2026-05-31 23:30:00,66.71,44.947159598066406
2026-05-31 23:45:00,43.92,49.647583936485745
2026-06-01 00:00:00,64.95,39.20414492807025
2026-06-01 00:15:00,40.45,63.605380964088326
2026-06-01 00:30:00,35.0,40.86281739301686
2026-06-01 00:45:00,19.03,35.44695507029947
2026-06-01 01:00:00,26.43,27.22555604533976
2026-06-01 01:15:00,3.21,27.669272957229012
2026-06-01 01:30:00,17.08,24.2460898660128
2026-06-01 01:45:00,24.09,16.72686697244762
2026-06-01 02:00:00,35.43,23.71222923541538
2026-06-01 02:15:00,44.67,31.880511067986244
2026-06-01 02:30:00,18.41,48.11300102091033
2026-06-01 02:45:00,26.3,18.18853688679851
2026-06-01 03:00:00,32.33,27.405886597642922
2026-06-01 03:15:00,34.2,31.334464479563838
2026-06-01 03:30:00,32.76,32.928314558238796
2026-06-01 03:45:00,43.22,30.273101778517685
2026-06-01 04:00:00,24.56,44.028445636682584
2026-06-01 04:15:00,44.02,24.33557100260217
2026-06-01 04:30:00,91.66,45.70610494149858
2026-06-01 04:45:00,111.46,88.51186184272063
2026-06-01 05:00:00,129.61,86.94460761938868
2026-06-01 05:15:00,125.32,125.54368187715384
2026-06-01 05:30:00,123.32,123.2837411673596
2026-06-01 05:45:00,112.07,120.29617515290595
2026-06-01 06:00:00,126.88,111.27922919881986
2026-06-01 06:15:00,110.57,118.85323371113105
2026-06-01 06:30:00,93.08,106.60850815842157
2026-06-01 06:45:00,70.0,91.87210980454746
2026-06-01 07:00:00,75.0,91.99179701137714
2026-06-01 07:15:00,49.9,87.08839202327066
2026-06-01 07:30:00,32.96,48.73128550970844
2026-06-01 07:45:00,18.7,30.221940823954714
2026-06-01 08:00:00,26.02,23.504471853092976
2026-06-01 08:15:00,22.96,29.37590023356472
2026-06-01 08:30:00,15.58,23.734761097774093
2026-06-01 08:45:00,10.52,13.377629353657232
2026-06-01 09:00:00,16.3,10.764153086751941
2026-06-01 09:15:00,12.53,14.783755595178421
2026-06-01 09:30:00,8.01,10.92972333822326
2026-06-01 09:45:00,7.27,9.917211272367586
2026-06-01 10:00:00,10.5,9.035668453668062
2026-06-01 10:15:00,10.0,10.499809741859229
2026-06-01 10:30:00,8.01,9.171681516536383
2026-06-01 11:00:00,2.09,8.820747376718527
2026-06-01 11:30:00,2.0,3.901877352118314
2026-06-01 12:00:00,11.57,3.8723299031699026
2026-06-01 12:15:00,2.09,9.876633995823559
2026-06-01 12:30:00,1.95,3.7372194957122336
2026-06-01 12:45:00,1.51,3.2994981199491873
2026-06-01 13:00:00,1.49,3.7767806354808933
2026-06-01 13:15:00,1.2,3.3293982182988184
2026-06-01 14:00:00,1.44,2.437942761077343
2026-06-01 14:15:00,1.82,3.7806380194035696
2026-06-01 14:30:00,2.0,4.0775252275351965
2026-06-01 14:45:00,3.08,4.169422416148806
2026-06-01 15:00:00,4.29,9.735669934880955
2026-06-01 15:15:00,12.01,10.145247615932389
2026-06-01 15:30:00,19.17,22.735808876502436
2026-06-01 15:45:00,20.0,27.08221421585792
2026-06-01 16:00:00,24.11,28.875278430963995
2026-06-01 16:15:00,38.91,32.24033222599951
2026-06-01 16:30:00,46.0,47.650909387752755
2026-06-01 16:45:00,71.34,62.135849872022824
2026-06-01 17:00:00,55.57,61.895537629494996
2026-06-01 17:15:00,84.01,70.03661989882612
2026-06-01 17:30:00,140.65,80.50678143657593
2026-06-01 17:45:00,172.55,127.97014877938248
2026-06-01 18:00:00,99.44,111.44880414314704
2026-06-01 18:15:00,113.57,109.63888719639432
2026-06-01 18:30:00,126.0,114.95227756891106
2026-06-01 18:45:00,135.01,135.57925337685214
2026-06-01 19:00:00,131.57,132.18135930223434
2026-06-01 19:15:00,137.59,128.19432596812237
2026-06-01 19:30:00,144.23,132.37681181587828
2026-06-01 19:45:00,140.0,135.93276837247512
2026-06-01 20:00:00,152.43,132.44742272526003
2026-06-01 20:15:00,145.01,139.44971389593996
2026-06-01 20:30:00,146.72,135.98009636937894
2026-06-01 20:45:00,136.96,136.00682188038192
2026-06-01 21:00:00,133.01,129.80339127592882
2026-06-01 21:15:00,130.0,126.76535519805725
2026-06-01 21:45:00,118.13,125.9884429326692
2026-06-01 22:00:00,122.77,118.77187228772743
2026-06-01 22:15:00,120.2,119.25970787625117
2026-06-01 22:30:00,69.02,115.59214394712995
2026-06-01 22:45:00,35.06,86.9030372530459
2026-06-01 23:00:00,97.27,61.44947009631334
2026-06-01 23:15:00,58.1,100.13980673450645
2026-06-01 23:30:00,61.28,60.245373282775255
2026-06-01 23:45:00,36.14,55.264713492326266
2026-06-02 00:00:00,65.47,55.87899356220171
2026-06-02 00:15:00,20.89,65.49424644046735
2026-06-02 00:30:00,23.11,29.64080272508357
2026-06-02 00:45:00,12.13,30.921931603515738
2026-06-02 01:00:00,20.59,24.16102111448089
2026-06-02 01:15:00,22.2,22.48448608060821
2026-06-02 01:30:00,32.32,24.558796848760483
2026-06-02 01:45:00,14.68,30.32114693116501
2026-06-02 02:00:00,34.95,15.023032472627182
2026-06-02 02:15:00,15.45,38.24923209295378
2026-06-02 02:30:00,12.2,17.382114008268893
2026-06-02 02:45:00,19.01,13.573567980092122
2026-06-02 03:00:00,28.99,26.28218502980459
2026-06-02 03:15:00,31.75,27.594615955395177
2026-06-02 03:30:00,25.81,30.147222926414827
2026-06-02 03:45:00,27.4,27.33603430733738
2026-06-02 04:00:00,14.0,28.79333942648045
2026-06-02 04:15:00,22.2,16.93377915749187
2026-06-02 04:30:00,26.32,23.46681328518955
2026-06-02 04:45:00,39.33,26.257854589086065
2026-06-02 05:00:00,28.41,40.34491036834338
2026-06-02 05:15:00,48.8,25.786677940145566
2026-06-02 05:30:00,68.01,48.358810773908296
2026-06-02 05:45:00,61.9,67.54045483193276
2026-06-02 06:00:00,72.35,57.65444862694005
2026-06-02 06:15:00,72.65,74.9128931533501
2026-06-02 06:30:00,65.63,84.3343626805337
2026-06-02 06:45:00,49.0,65.12055106168592
2026-06-02 07:00:00,50.0,49.7746793472932
2026-06-02 07:15:00,30.0,49.2080565630996
2026-06-02 07:30:00,26.07,33.1670872687918
2026-06-02 07:45:00,10.56,29.752250950192312
2026-06-02 08:00:00,6.11,18.267632209894067
2026-06-02 08:15:00,2.2,10.255779369466655
2026-06-02 08:30:00,1.23,6.485918600393597
2026-06-02 08:45:00,0.84,5.265572829387889
2026-06-02 09:00:00,0.51,3.36685276683644
2026-06-02 09:15:00,0.01,2.698761148140757
2026-06-02 09:30:00,0.0,1.4755780225836816
2026-06-02 11:00:00,-0.01,1.0717848926109121
2026-06-02 13:30:00,-0.02,0.8416324353162338
2026-06-02 13:45:00,-0.04,0.5789901069435165
2026-06-02 14:00:00,-0.1,0.15038847331614952
2026-06-02 14:15:00,-0.09,0.01592958954341863
2026-06-02 14:45:00,-0.05,0.00970465307717695
2026-06-02 15:00:00,-0.01,0.4614102883394691
2026-06-02 16:00:00,0.0,2.2417827695254897
2026-06-02 16:30:00,0.51,2.7428882948839317
2026-06-02 16:45:00,1.5,5.160878279178268
2026-06-02 17:00:00,1.0,7.689795789926687
2026-06-02 17:15:00,2.0,6.288266117345542
2026-06-02 17:30:00,4.32,8.049284031960907
2026-06-02 17:45:00,24.01,12.616668381695515
2026-06-02 18:00:00,9.75,32.715628805956094
2026-06-02 18:15:00,28.61,21.761347512830117
2026-06-02 18:30:00,21.54,35.421995981214316
2026-06-02 18:45:00,23.41,34.46955566363413
2026-06-02 19:00:00,36.8,23.735155229721897
2026-06-02 19:15:00,22.98,34.82575712277185
2026-06-02 19:30:00,23.0,25.413756862436383
2026-06-02 19:45:00,24.16,25.07353526925615
2026-06-02 20:00:00,31.75,31.41742683051271
2026-06-02 20:15:00,28.72,32.63074517765439
2026-06-02 20:30:00,70.53,29.666551918150255
2026-06-02 20:45:00,29.01,62.56775734337707
2026-06-02 21:00:00,34.16,28.153880196329926
2026-06-02 21:15:00,16.09,31.834192490970725
2026-06-02 21:30:00,50.99,38.40329343645439
2026-06-02 21:45:00,30.26,41.78328957568022
2026-06-02 22:00:00,0.0,26.683405349210272
2026-06-02 23:00:00,8.67,11.923841859580811
2026-06-02 23:15:00,16.42,22.770272850511414
2026-06-02 23:30:00,43.1,18.652752923926702
2026-06-02 23:45:00,22.02,23.203396588965624
2026-06-03 00:00:00,24.8,21.047122163019598
2026-06-03 00:15:00,14.93,22.92811509108964
2026-06-03 00:30:00,29.04,20.11379286564464
2026-06-03 00:45:00,14.0,25.437972728979037
2026-06-03 01:00:00,14.52,15.071946898997455
2026-06-03 01:15:00,5.79,14.461188694818887
2026-06-03 01:30:00,5.53,15.050975420277888
2026-06-03 01:45:00,0.04,10.028129456154659
2026-06-03 02:00:00,0.0,8.930555455795188
2026-06-03 02:30:00,0.04,2.477069002572798
2026-06-03 02:45:00,11.47,2.5611445772963304
2026-06-03 03:00:00,15.87,12.035721844427222
2026-06-03 03:15:00,33.92,13.502654997252456
2026-06-03 03:30:00,10.08,29.14167350510546
2026-06-03 03:45:00,5.26,11.944150335867542
2026-06-03 04:00:00,22.02,12.191827217851895
2026-06-03 04:15:00,18.63,22.9852372536288
2026-06-03 04:30:00,21.87,17.109584145518127
2026-06-03 04:45:00,6.2,18.801512526943064
2026-06-03 05:00:00,22.6,15.308219158390985
2026-06-03 05:15:00,28.28,21.649682780020953
2026-06-03 05:30:00,16.62,25.63067403779211
2026-06-03 05:45:00,26.19,13.928897266184837
2026-06-03 06:00:00,28.11,24.79461307155238
2026-06-03 06:15:00,11.89,25.041103395559485
2026-06-03 06:30:00,26.54,13.30089175076275
2026-06-03 06:45:00,1.32,24.83975533798481
2026-06-03 07:00:00,2.09,2.705059996583064
2026-06-03 07:15:00,0.0,3.3523748630613683
2026-06-03 08:30:00,-0.01,2.266072892375922
2026-06-03 11:30:00,-0.05,0.7688118335331103
2026-06-03 12:00:00,-0.01,0.1858437408000915
2026-06-03 13:00:00,-0.09,0.9183379024995336
2026-06-03 13:30:00,-0.11,0.12443649494990595
2026-06-03 14:30:00,-0.1,-0.08238297417798095
2026-06-03 14:45:00,-0.08,0.018182798778627843
2026-06-03 15:00:00,-0.01,0.3437404539747224
2026-06-03 15:45:00,0.0,1.4720015476813952
2026-06-03 16:15:00,0.51,3.6363470992329083
2026-06-03 16:30:00,1.01,6.343440261725631
2026-06-03 16:45:00,3.08,6.9637421238813975
2026-06-03 17:00:00,9.94,12.615940082491623
2026-06-03 17:15:00,29.38,20.173915291261242
2026-06-03 17:30:00,25.25,34.49333958322395
2026-06-03 17:45:00,33.45,30.82614227807299
2026-06-03 18:00:00,13.99,34.567799951030615
2026-06-03 18:15:00,27.63,21.558314629499836
2026-06-03 18:30:00,25.7,31.395252183864056
2026-06-03 18:45:00,8.93,32.53148474603203
2026-06-03 19:00:00,11.21,14.166828831485512
2026-06-03 19:15:00,4.8,16.4780501055903
2026-06-03 19:30:00,16.57,19.923961747314998
2026-06-03 19:45:00,10.07,16.879657940645263
2026-06-03 20:00:00,16.12,12.968263889891059
2026-06-03 20:15:00,6.96,14.761760338511928
2026-06-03 20:30:00,48.45,15.23668116464127
2026-06-03 20:45:00,15.31,33.947680591703964
2026-06-03 21:00:00,20.57,15.902612058055475
2026-06-03 21:15:00,0.0,18.267415909595048
2026-06-03 21:30:00,24.67,27.988964772341205
2026-06-03 21:45:00,0.09,23.599373274210937
2026-06-03 22:00:00,18.26,15.53023245851504
2026-06-03 22:15:00,11.0,12.56165586386829
2026-06-03 22:30:00,4.31,13.668034463566842
2026-06-03 22:45:00,0.0,7.463161672286369
2026-06-03 23:00:00,9.03,14.048253138939444
2026-06-03 23:15:00,2.47,11.518307510033383
2026-06-03 23:30:00,7.71,4.690567937267937
2026-06-03 23:45:00,11.6,9.80795297738622
2026-06-04 00:00:00,4.47,12.413160246154094
2026-06-04 00:15:00,0.61,5.698892690227697
2026-06-04 00:30:00,9.07,3.52330864959013
2026-06-04 00:45:00,0.99,11.111281275576278
2026-06-04 01:00:00,0.0,2.638636344836274
2026-06-04 03:30:00,0.01,1.4911064973280166
2026-06-04 03:45:00,0.76,2.760585533859049
2026-06-04 04:00:00,9.29,2.5283326261660415
2026-06-04 04:15:00,0.07,10.739954718307473
2026-06-04 04:30:00,4.48,2.160864360360918
2026-06-04 04:45:00,15.41,5.27551484990438
2026-06-04 05:00:00,12.67,14.539356119455533
2026-06-04 05:15:00,10.85,12.442668095853264
2026-06-04 05:30:00,21.59,12.00442886397588
2026-06-04 05:45:00,13.9,20.324865740456197
2026-06-04 06:00:00,37.4,14.930579379541298
2026-06-04 06:15:00,25.8,30.951357719787392
2026-06-04 06:30:00,27.11,27.402232361020438
2026-06-04 06:45:00,33.74,27.50024354229722
2026-06-04 07:00:00,36.5,29.091532446158247
2026-06-04 07:15:00,15.86,30.55686480522113
2026-06-04 07:30:00,2.5,16.271691343053664
2026-06-04 07:45:00,0.51,15.582563952186108
2026-06-04 08:15:00,0.0,7.415023803155554
2026-06-04 09:45:00,-0.01,3.330612490671061
2026-06-04 10:00:00,0.0,1.6277450252308439
2026-06-04 10:45:00,-0.01,2.118819599657101
2026-06-04 14:30:00,-0.02,1.6985187716248364
2026-06-04 15:00:00,-0.01,1.6552912994588482
2026-06-04 16:15:00,0.0,2.9251355337902694
2026-06-04 16:45:00,0.51,3.5224427945462473
2026-06-04 17:00:00,3.32,7.460955175327032
2026-06-04 17:15:00,0.95,13.385037454533904
2026-06-04 17:30:00,1.01,7.41701139299197
2026-06-04 17:45:00,6.0,8.125594833338573
2026-06-04 18:00:00,5.0,18.473618101297905
2026-06-04 18:15:00,20.44,15.990697655539591
2026-06-04 18:30:00,7.12,26.28036383778983
2026-06-04 18:45:00,19.74,20.137730469662607
2026-06-04 19:00:00,11.07,18.018189630109458
2026-06-04 19:15:00,12.57,15.71045977300926
2026-06-04 19:30:00,14.3,13.596707611011892
2026-06-04 19:45:00,13.46,16.739917831767148
2026-06-04 20:00:00,25.46,13.79157818762976
2026-06-04 20:15:00,16.96,26.31729913226378
2026-06-04 20:30:00,50.88,19.047015249420973
2026-06-04 20:45:00,39.31,33.158087448830386
2026-06-04 21:00:00,27.53,29.76855030838839
2026-06-04 21:15:00,18.0,30.778185892193324
2026-06-04 21:30:00,56.32,35.79829798504206
2026-06-04 21:45:00,82.5,42.10586334497689
2026-06-04 22:00:00,13.8,59.8700413423367
2026-06-04 22:15:00,16.32,14.425819783669727
2026-06-04 22:30:00,26.22,18.5589058281274
2026-06-04 22:45:00,0.06,36.02525380522059
2026-06-04 23:00:00,34.23,12.299554459882597
2026-06-04 23:15:00,23.99,29.52151562538172
2026-06-04 23:30:00,29.37,23.5691654113573
2026-06-04 23:45:00,8.85,28.108736997742085
2026-06-05 00:00:00,11.51,17.03249106578762
2026-06-05 00:15:00,4.72,13.768298505069584
2026-06-05 00:30:00,21.25,23.879927986254053
2026-06-05 00:45:00,5.31,18.955677742706765
2026-06-05 01:00:00,8.18,8.062361250704404
2026-06-05 01:15:00,2.82,9.4221995623004
2026-06-05 01:30:00,11.46,16.09090749626532
2026-06-05 01:45:00,0.28,11.992881805268675
2026-06-05 02:00:00,0.0,3.4186632425129346
2026-06-05 03:00:00,8.12,1.7065659911013673
2026-06-05 03:15:00,3.26,9.99153452787318
2026-06-05 03:30:00,13.92,4.979581930028399
2026-06-05 03:45:00,14.6,13.65538202319189
2026-06-05 04:00:00,44.06,13.914100528971657
2026-06-05 04:15:00,15.92,38.07197739607468
2026-06-05 04:30:00,9.51,15.43914243670983
2026-06-05 04:45:00,14.81,13.02794200164622
2026-06-05 05:00:00,19.29,18.98273949520449
2026-06-05 05:15:00,36.34,19.193380248516597
2026-06-05 05:30:00,64.0,32.55447416324201
2026-06-05 05:45:00,51.88,57.58037938619954
2026-06-05 06:00:00,90.06,45.89819331849886
2026-06-05 06:15:00,70.39,76.59894968668873
2026-06-05 06:30:00,53.25,65.45121181990936
2026-06-05 06:45:00,15.0,49.35732208960243
2026-06-05 07:00:00,38.66,31.802882430109626
2026-06-05 07:15:00,26.0,38.34204411896889
2026-06-05 07:30:00,10.5,28.8328899247899
2026-06-05 07:45:00,3.01,12.683296075276733
2026-06-05 08:00:00,5.73,9.320686027873275
2026-06-05 08:15:00,2.5,6.246296340067497
2026-06-05 08:30:00,2.99,3.2669085178054096
2026-06-05 08:45:00,1.95,4.358625007428181
2026-06-05 09:00:00,0.84,2.796519549285471
2026-06-05 09:15:00,0.61,1.7718745717634439
2026-06-05 09:30:00,0.51,1.77956975251151
2026-06-05 10:00:00,1.95,1.6980957165945374
2026-06-05 10:15:00,2.09,2.771759224119761
2026-06-05 10:30:00,2.2,3.2476688190377594
2026-06-05 10:45:00,2.09,3.3490688332618785
2026-06-05 11:00:00,1.75,3.713078732168329
2026-06-05 11:15:00,1.09,3.7025429485814128
2026-06-05 11:30:00,1.0,1.8207344615913674
2026-06-05 11:45:00,0.95,1.8097708293683499
2026-06-05 12:00:00,1.2,1.8626994874731733
2026-06-05 12:15:00,1.0,1.9286981823837255
2026-06-05 12:30:00,0.95,1.8640153511931354
2026-06-05 12:45:00,0.84,1.8640153511931354
2026-06-05 13:15:00,0.61,1.9441435212013134
2026-06-05 13:30:00,0.51,1.9348165377516444
2026-06-05 14:30:00,0.84,2.284625986069698
2026-06-05 14:45:00,1.0,2.4415336435586976
2026-06-05 15:00:00,1.83,4.552391164979099
2026-06-05 15:15:00,2.2,7.34825745749826
2026-06-05 15:30:00,10.0,7.728506270523772
2026-06-05 15:45:00,20.0,22.069175745548602
2026-06-05 16:00:00,12.63,26.08363234198404
2026-06-05 16:15:00,20.07,22.984098507301034
2026-06-05 16:30:00,20.98,27.793957710387186
2026-06-05 16:45:00,32.91,29.09936960861943
2026-06-05 17:00:00,43.5,37.641217697398865
2026-06-05 17:15:00,57.52,47.6263805344697
2026-06-05 17:30:00,78.96,65.53827834309216
2026-06-05 17:45:00,90.06,74.96904069678905
2026-06-05 18:00:00,84.36,80.61851685848495
2026-06-05 18:15:00,94.44,75.58164879324907
2026-06-05 18:30:00,107.0,96.02884424830263
2026-06-05 18:45:00,126.18,104.59195757919642
2026-06-05 19:00:00,112.9,125.59568282427522
2026-06-05 19:15:00,120.01,108.4802305123658
2026-06-05 19:30:00,121.54,117.98005447982437
2026-06-05 19:45:00,100.01,120.37082064568897
2026-06-05 20:00:00,129.18,96.4762033100703
2026-06-05 20:15:00,127.68,126.9332264417886
2026-06-05 20:30:00,130.0,126.54961945218088
2026-06-05 20:45:00,126.51,127.79315888768416
2026-06-05 21:00:00,131.0,124.0332631788232
2026-06-05 21:15:00,126.18,126.79928923492822
2026-06-05 21:30:00,125.75,123.32278692773818
2026-06-05 21:45:00,109.53,120.70154611059688
2026-06-05 22:00:00,127.45,109.83911375794635
2026-06-05 22:15:00,123.41,124.98775137105197
2026-06-05 22:30:00,48.25,118.01210256560142
2026-06-05 22:45:00,11.71,64.1279462124501
2026-06-05 23:00:00,78.47,35.44668568851059
2026-06-05 23:15:00,40.01,81.46848068755286
2026-06-05 23:30:00,37.87,36.29618406107117
2026-06-05 23:45:00,11.31,33.87851459327935
2026-06-06 00:00:00,18.05,31.753960585504004
2026-06-06 00:15:00,7.1,22.02376418694593
2026-06-06 00:30:00,29.01,18.592242904550545
2026-06-06 00:45:00,0.0,25.954574420337583
2026-06-06 01:00:00,87.5,9.689296571008871
2026-06-06 01:15:00,56.06,64.59438627749142
2026-06-06 01:30:00,40.34,48.88683594787142
2026-06-06 01:45:00,42.6,27.907609947626952
2026-06-06 02:00:00,-0.01,49.53381097992548
2026-06-06 02:15:00,5.02,24.268237007508574
2026-06-06 02:30:00,12.82,19.410567456361022
2026-06-06 02:45:00,15.57,19.047441721957778
2026-06-06 03:00:00,25.42,12.192849167246676
2026-06-06 03:15:00,13.35,22.24102263892836
2026-06-06 03:30:00,18.48,13.757041502409077
2026-06-06 03:45:00,14.01,18.137562470197338
2026-06-06 04:00:00,34.07,15.019118406846504
2026-06-06 04:15:00,14.0,33.39725381698419
2026-06-06 04:30:00,13.85,15.03131854690471
2026-06-06 04:45:00,8.66,14.480575765355653
2026-06-06 05:00:00,31.32,19.10147405218556
2026-06-06 05:15:00,21.87,26.383639388602145
2026-06-06 05:30:00,4.15,20.36308726358758
2026-06-06 05:45:00,0.08,5.326345149731782
2026-06-06 06:00:00,20.09,14.097013532362046
2026-06-06 06:15:00,13.43,20.656828768224948
2026-06-06 06:30:00,0.0,12.176971963569367
2026-06-06 08:00:00,-0.01,1.776979478351054
2026-06-06 08:30:00,-0.05,3.162356066000815
2026-06-06 09:00:00,-0.11,1.6503172137063855
2026-06-06 09:45:00,-0.1,-0.1448179448641938
2026-06-06 10:00:00,-0.08,0.12335390113493648
2026-06-06 10:15:00,-0.07,0.14344118281758297
2026-06-06 10:30:00,-0.05,0.16745920940348308
2026-06-06 10:45:00,-0.07,0.1071460374922933
2026-06-06 11:00:00,-0.02,0.06194445438423408
2026-06-06 11:15:00,-0.04,0.6867975860832415
2026-06-06 11:30:00,-0.07,0.26492447863146457
2026-06-06 12:00:00,-0.09,0.2029024927640394
2026-06-06 12:15:00,-0.1,0.13305361400554647
2026-06-06 12:45:00,-0.11,0.14890961400554648
2026-06-06 14:45:00,-0.1,0.02106211917841734
2026-06-06 15:00:00,-0.01,0.4115058093128482
2026-06-06 16:15:00,0.0,2.2125420942487715
2026-06-06 16:45:00,1.75,2.5140864632953708
2026-06-06 17:00:00,2.06,5.636146311143409
2026-06-06 17:15:00,5.94,6.594232933003216
2026-06-06 17:30:00,12.4,13.621977602186524
2026-06-06 17:45:00,33.96,21.047739556514834
2026-06-06 18:00:00,26.12,36.98635359411311
2026-06-06 18:15:00,29.06,30.794012388475632
2026-06-06 18:30:00,17.74,35.04039403770298
2026-06-06 18:45:00,23.37,28.5999250697677
2026-06-06 19:00:00,13.43,27.827676606493146
2026-06-06 19:15:00,23.86,19.21635344269155
2026-06-06 19:30:00,41.3,29.03175236913035
2026-06-06 19:45:00,23.87,40.719939159461546
2026-06-06 20:00:00,40.33,27.61236958350557
2026-06-06 20:15:00,40.99,37.0929015118832
2026-06-06 20:30:00,64.21,38.896585742597615
2026-06-06 20:45:00,61.08,61.15816343825084
2026-06-06 21:00:00,34.57,54.820518324518915
2026-06-06 21:15:00,18.01,31.760816872832105
2026-06-06 21:30:00,40.84,35.55578687088422
2026-06-06 21:45:00,29.6,36.36017261607486
2026-06-06 22:00:00,24.01,25.779054353597605
2026-06-06 22:15:00,23.29,22.516988646980643
2026-06-06 22:30:00,12.62,21.565802208950064
2026-06-06 22:45:00,0.01,14.304165602771418
2026-06-06 23:00:00,26.82,14.228912059249872
2026-06-06 23:15:00,0.0,24.961696567089277
2026-06-06 23:30:00,25.91,8.861405452881508
2026-06-06 23:45:00,13.08,23.79670816779179
2026-06-07 00:00:00,9.63,15.544357645971935
2026-06-07 00:15:00,21.66,10.628691057693976
2026-06-07 00:30:00,20.47,22.907955764446644
2026-06-07 00:45:00,16.5,19.562992279646917
2026-06-07 01:00:00,13.1,14.468785026838626
2026-06-07 01:15:00,5.54,15.598610903745518
2026-06-07 01:30:00,8.97,13.747303759157782
2026-06-07 01:45:00,8.39,13.515130865943203
2026-06-07 02:00:00,12.64,11.330673062274895
2026-06-07 02:15:00,9.18,11.956514105278341
2026-06-07 02:30:00,5.44,10.735676772185462
2026-06-07 02:45:00,2.99,7.441913765709214
2026-06-07 03:00:00,6.51,8.32801689494426
2026-06-07 03:15:00,11.45,7.62948349844124
2026-06-07 03:30:00,7.35,11.845980807216007
2026-06-07 03:45:00,7.17,8.835435062641823
2026-06-07 04:00:00,8.75,8.526342016877562
2026-06-07 04:15:00,5.11,10.319211153111675
2026-06-07 04:30:00,4.43,7.461388151241829
2026-06-07 04:45:00,2.1,5.841621666827734
2026-06-07 05:00:00,1.84,5.45611636961874
2026-06-07 05:15:00,0.01,4.572677144692551
2026-06-07 05:30:00,0.0,2.2373337850564288
2026-06-07 05:45:00,-0.01,1.797151557183902
2026-06-07 06:15:00,-0.05,1.0928369309018258
2026-06-07 06:30:00,-0.11,0.35864292714382573
2026-06-07 06:45:00,-2.03,-0.05611652959627473
2026-06-07 07:00:00,-1.3,-2.9198049343967027
2026-06-07 07:15:00,-3.4,-2.6031126201297723
2026-06-07 07:30:00,-5.49,-3.352252583663682
2026-06-07 07:45:00,-9.98,-10.27274253484983
2026-06-07 08:00:00,-4.99,-15.213716301635495
2026-06-07 08:15:00,-5.46,-11.015994225480494
2026-06-07 08:30:00,-9.88,-11.624821029889846
2026-06-07 08:45:00,-11.67,-15.169895658631663
2026-06-07 09:00:00,-12.7,-16.51224621846619
2026-06-07 09:15:00,-14.6,-17.163921970756064
2026-06-07 09:30:00,-14.3,-18.7158784562661
2026-06-07 09:45:00,-14.57,-16.92340791511613
2026-06-07 10:00:00,-14.99,-17.524711224622475
2026-06-07 10:15:00,-19.0,-19.08775674517927
2026-06-07 10:45:00,-20.06,-26.334580753411718
2026-06-07 11:00:00,-23.38,-26.115569425215064
2026-06-07 11:15:00,-29.98,-26.153283437961566
2026-06-07 11:30:00,-40.0,-39.12257146793878
2026-06-07 11:45:00,-50.08,-50.44179870933164
2026-06-07 12:00:00,-43.98,-53.60523746531243
2026-06-07 12:15:00,-45.37,-40.7374928767066
2026-06-07 12:30:00,-44.37,-41.61929439907311
2026-06-07 12:45:00,-44.91,-41.30549964438337
2026-06-07 13:00:00,-49.84,-38.6714053525641
2026-06-07 13:15:00,-39.97,-48.665047976375455
2026-06-07 13:30:00,-31.64,-37.569755665847296
2026-06-07 13:45:00,-23.76,-25.702772929370852
2026-06-07 14:00:00,-28.0,-20.206281406421674
2026-06-07 14:15:00,-17.92,-21.890394612047032
2026-06-07 14:30:00,-12.76,-15.396940353265581
2026-06-07 14:45:00,-5.03,-7.233452727017231
2026-06-07 15:00:00,-3.41,-2.9467940501632786
2026-06-07 15:15:00,-1.0,-1.5748041778761999
2026-06-07 15:30:00,-0.09,-0.9159585971980474
2026-06-07 15:45:00,0.0,0.2752467557805456
2026-06-07 16:15:00,0.02,3.3736968489579366
2026-06-07 16:30:00,0.84,3.4993009011982297
2026-06-07 16:45:00,1.44,6.821434673055127
2026-06-07 17:00:00,5.93,10.022536584602966
2026-06-07 17:15:00,22.09,15.576754579392478
2026-06-07 17:30:00,36.69,27.809017531945702
2026-06-07 17:45:00,61.55,33.009315731691075
2026-06-07 18:00:00,60.5,52.61466462142694
2026-06-07 18:15:00,82.01,65.25852765926558
2026-06-07 18:30:00,97.99,78.72891762828506
2026-06-07 18:45:00,109.48,96.33559388036015
2026-06-07 19:00:00,102.64,102.0243095417562
2026-06-07 19:15:00,94.66,104.78726047936705
2026-06-07 19:30:00,91.54,89.35105724729881
2026-06-07 19:45:00,81.97,90.8584398599594
2026-06-07 20:00:00,122.1,82.96218681647147
2026-06-07 20:15:00,97.14,120.57521383475682
2026-06-07 20:30:00,125.54,93.96184473568104
2026-06-07 20:45:00,114.68,125.36741144608538
2026-06-07 21:00:00,123.41,109.41982714596712
2026-06-07 21:15:00,104.95,119.92486615638785
2026-06-07 21:30:00,115.0,104.56622517944093
2026-06-07 21:45:00,68.64,110.60257855910874
2026-06-07 22:00:00,114.0,83.80635030765634
2026-06-07 22:15:00,88.0,110.0582523480146
2026-06-07 22:30:00,54.99,85.9958584886101
2026-06-07 22:45:00,2.06,50.85856765337132
2026-06-07 23:00:00,86.31,36.013662348640665
2026-06-07 23:15:00,35.08,77.978456204485
2026-06-07 23:30:00,49.97,38.50627699370045
2026-06-07 23:45:00,4.75,39.36274767296682
2026-06-08 00:00:00,41.7,32.08625976518118
2026-06-08 00:15:00,7.39,39.79600598260166
2026-06-08 00:30:00,35.07,19.562407341604917
2026-06-08 00:45:00,10.52,31.890521618169455
2026-06-08 01:00:00,19.91,17.683618293095744
2026-06-08 01:15:00,3.2,18.016169672496616
2026-06-08 01:30:00,34.39,23.217035478839435
2026-06-08 01:45:00,27.68,32.64870243803651
2026-06-08 02:00:00,39.6,27.20782326114364
2026-06-08 02:15:00,34.8,33.18261642970584
2026-06-08 02:30:00,32.94,36.67269127360822
2026-06-08 02:45:00,42.9,29.630617337611245
2026-06-08 03:00:00,33.22,44.67781149945098
2026-06-08 03:15:00,32.45,35.7538055989466
2026-06-08 03:30:00,6.46,30.60909254250415
2026-06-08 03:45:00,16.79,18.768805079879535
2026-06-08 04:00:00,33.01,18.223504976476896
2026-06-08 04:15:00,36.0,30.134678331508507
2026-06-08 04:30:00,0.0,34.24249637613296
2026-06-08 04:45:00,1.9,10.546601682053584
2026-06-08 05:00:00,51.64,22.499130887455912
2026-06-08 05:15:00,71.58,50.16246057072957
2026-06-08 05:30:00,67.99,53.586156006219205
2026-06-08 05:45:00,58.97,49.99606720944892
2026-06-08 06:00:00,102.55,57.99426218869366
2026-06-08 06:15:00,83.44,95.84910777861656
2026-06-08 06:30:00,78.7,76.64739211596103
2026-06-08 06:45:00,55.03,74.68835135543047
2026-06-08 07:00:00,70.19,49.86865712448625
2026-06-08 07:15:00,52.19,64.65387200246789
2026-06-08 07:30:00,45.0,50.295878855284144
2026-06-08 07:45:00,29.74,47.6615257065305
2026-06-08 08:00:00,34.16,36.598120714831275
2026-06-08 08:15:00,25.1,35.3437389003047
2026-06-08 08:30:00,25.0,29.317793108556945
2026-06-08 08:45:00,20.53,25.033391776395547
2026-06-08 09:00:00,23.1,26.148802231217616
2026-06-08 09:15:00,20.0,25.033722065875644
2026-06-08 09:30:00,10.03,21.100069992268203
2026-06-08 09:45:00,6.84,11.459025433570792
2026-06-08 10:00:00,13.35,8.923081877569834
2026-06-08 10:15:00,8.34,13.116866307457403
2026-06-08 10:30:00,11.73,9.232288976817925
2026-06-08 10:45:00,6.0,11.408764076773862
2026-06-08 11:00:00,4.82,8.274837665955586
2026-06-08 11:15:00,2.21,8.836734477518736
2026-06-08 11:30:00,2.0,4.611344149563472
2026-06-08 11:45:00,1.44,4.132099623923349
2026-06-08 12:00:00,1.55,3.7413059550795182
2026-06-08 12:15:00,1.09,4.016355772460354
2026-06-08 12:30:00,1.0,1.949181643734117
2026-06-08 12:45:00,0.84,1.943078783316148
2026-06-08 13:00:00,0.51,1.9943318170557385
2026-06-08 13:15:00,0.01,1.894450245106895
2026-06-08 13:30:00,0.0,1.1143248995828046
2026-06-08 14:45:00,0.01,1.1410613122414666
2026-06-08 15:00:00,0.71,1.7990191241440456
2026-06-08 15:15:00,0.84,2.9916068747537183
2026-06-08 15:45:00,1.75,3.0785750183287024
2026-06-08 16:00:00,2.09,6.859081314264609
2026-06-08 16:15:00,3.08,7.218211920999409
2026-06-08 16:30:00,5.41,10.075216673740298
2026-06-08 16:45:00,19.75,15.888466371428002
2026-06-08 17:00:00,5.59,27.100162779165334
2026-06-08 17:15:00,30.0,16.621500539415063
2026-06-08 17:30:00,40.3,38.133098230955916
2026-06-08 17:45:00,53.94,46.66359582050635
2026-06-08 18:00:00,36.13,51.32211559607044
2026-06-08 18:15:00,55.7,40.543791474988105
2026-06-08 18:30:00,60.67,63.596723647530766
2026-06-08 18:45:00,15.08,64.33598228700355
2026-06-08 19:00:00,23.31,23.55334514116706
2026-06-08 19:15:00,8.9,36.446978843009255
2026-06-08 19:30:00,21.0,33.839226658088435
2026-06-08 19:45:00,1.33,20.690555971143304
2026-06-08 20:00:00,23.52,17.305659675718516
2026-06-08 20:15:00,16.42,20.34763932832821
2026-06-08 20:30:00,83.88,18.208269472109325
2026-06-08 20:45:00,64.66,66.97853739459623
2026-06-08 21:00:00,67.09,55.47605983249764
2026-06-08 21:15:00,41.61,60.06075599376988
2026-06-08 21:30:00,55.04,48.200843928445025
2026-06-08 21:45:00,42.72,49.62830785455074
2026-06-08 22:00:00,68.8,40.890540332256165
2026-06-08 22:15:00,43.51,61.70954932362685
2026-06-08 22:30:00,58.7,37.34664995832034
2026-06-08 22:45:00,29.23,41.90107576576045
2026-06-08 23:00:00,51.47,34.32253571266232
2026-06-08 23:15:00,34.58,49.566875503556915
2026-06-08 23:30:00,52.76,34.53432792768049
2026-06-08 23:45:00,39.98,48.94799807680924
2026-06-09 00:00:00,49.42,38.181559528303794
2026-06-09 00:15:00,32.42,47.72225460407537
2026-06-09 00:30:00,25.0,31.34738781329813
2026-06-09 00:45:00,26.18,24.54819240832647
2026-06-09 01:00:00,32.23,28.7585353395328
2026-06-09 01:15:00,24.92,27.952368366423027
2026-06-09 01:30:00,27.45,23.027198495656236
2026-06-09 01:45:00,29.8,25.4407137411093
2026-06-09 02:00:00,6.82,27.800891117187874
2026-06-09 02:15:00,5.33,13.934135558132066
2026-06-09 02:30:00,32.83,14.033701555009177
2026-06-09 02:45:00,33.45,29.166483299608764
2026-06-09 03:00:00,26.16,27.877221891740312
2026-06-09 03:15:00,30.58,25.16242555349638
2026-06-09 03:30:00,21.01,27.770494866708656
2026-06-09 03:45:00,12.33,22.62395134468926
2026-06-09 04:00:00,33.18,14.790605516102502
2026-06-09 04:15:00,37.43,29.4826021597087
2026-06-09 04:30:00,64.01,33.64849865475425
2026-06-09 04:45:00,59.65,52.410041306957076
2026-06-09 05:00:00,50.16,57.26823873809282
2026-06-09 05:15:00,70.94,48.84528238837421
2026-06-09 05:30:00,70.92,64.27954176919353
2026-06-09 05:45:00,70.9,64.70146492168074
2026-06-09 06:00:00,84.2,63.236155502530636
2026-06-09 06:15:00,45.2,74.59393765916052
2026-06-09 06:30:00,36.42,45.58491018020757
2026-06-09 06:45:00,10.2,32.982959149285406
2026-06-09 07:00:00,10.0,25.259991049076824
2026-06-09 07:15:00,2.2,14.607057795464616
2026-06-09 07:30:00,0.84,5.259533116536673
2026-06-09 07:45:00,0.0,1.9759399534382975
2026-06-09 08:15:00,-0.01,1.6781553032467729
2026-06-09 09:00:00,-0.02,0.8131194192932202
2026-06-09 09:30:00,-0.03,0.5543799572552804
2026-06-09 10:00:00,-0.01,0.13719972776125425
2026-06-09 14:00:00,-0.03,0.7888336254660445
2026-06-09 14:15:00,-0.02,0.14857495266115464
2026-06-09 14:30:00,-0.01,0.5665086530061947
2026-06-09 15:30:00,0.0,1.3277568756400848
2026-06-09 16:00:00,0.84,3.1804722747137153
2026-06-09 16:15:00,1.38,6.40169261696675
2026-06-09 16:30:00,5.41,9.415813367294785
2026-06-09 16:45:00,12.1,14.423468943878882
2026-06-09 17:00:00,7.1,21.20835211484972
2026-06-09 17:15:00,25.1,19.627878845390065
2026-06-09 17:30:00,37.07,31.54532915251372
2026-06-09 17:45:00,57.18,38.70858736237983
2026-06-09 18:00:00,38.7,50.12538052940766
2026-06-09 18:15:00,75.6,38.13309006484709
2026-06-09 18:30:00,95.0,71.68110023627077
2026-06-09 18:45:00,113.49,97.26699595138626
2026-06-09 19:00:00,103.01,98.86061905484725
2026-06-09 19:15:00,81.56,99.23276807927706
2026-06-09 19:30:00,95.16,81.74820407095729
2026-06-09 19:45:00,93.87,95.44315628054206
2026-06-09 20:00:00,123.01,90.72189602161937
2026-06-09 20:15:00,117.5,125.21431085965897
2026-06-09 20:30:00,120.2,113.99590456700491
2026-06-09 20:45:00,110.0,117.52255352952501
2026-06-09 21:00:00,105.0,107.22701421737264
2026-06-09 21:15:00,99.65,101.11374384828238
2026-06-09 21:30:00,99.5,102.68763971908584
2026-06-09 21:45:00,91.1,96.68542237990494
2026-06-09 22:00:00,85.28,91.11144275000693
2026-06-09 22:15:00,83.7,83.47033895346193
2026-06-09 22:30:00,76.92,83.5007933214185
2026-06-09 22:45:00,61.39,75.38048237744195
2026-06-09 23:00:00,77.64,58.37196723158665
2026-06-09 23:15:00,76.44,74.18577739776025
2026-06-09 23:30:00,76.2,67.83216687622779
2026-06-09 23:45:00,74.2,67.90694054462017
2026-06-10 00:00:00,70.0,66.5518635235366
2026-06-10 00:15:00,65.03,66.41334781470847
2026-06-10 00:30:00,56.63,59.9678823054805
2026-06-10 00:45:00,42.7,56.76888671862949
2026-06-10 01:00:00,31.89,44.744160589931795
2026-06-10 01:15:00,40.34,37.13163701606314
2026-06-10 01:30:00,40.99,40.43253516952029
2026-06-10 01:45:00,35.56,40.58704046840475
2026-06-10 02:00:00,36.33,35.786245936611415
2026-06-10 02:15:00,34.44,37.421099879821796
2026-06-10 02:30:00,42.5,33.914331351791084
2026-06-10 02:45:00,32.0,42.81020058262023
2026-06-10 03:00:00,49.55,29.813341159720228
2026-06-10 03:15:00,58.91,50.21691255773515
2026-06-10 03:30:00,51.86,57.739689760939605
2026-06-10 03:45:00,39.1,51.12449094585522
2026-06-10 04:00:00,36.47,39.302698949831715
2026-06-10 04:15:00,50.08,37.916519494098424
2026-06-10 04:30:00,55.79,50.3502810676599
2026-06-10 04:45:00,63.59,53.7151632170527
2026-06-10 05:00:00,65.0,59.18336308363227
2026-06-10 05:15:00,70.7,62.76256316766788
2026-06-10 05:30:00,75.99,70.22639157562033
2026-06-10 05:45:00,62.3,68.36344950512198
2026-06-10 06:00:00,77.16,59.06738266681099
2026-06-10 06:15:00,50.01,70.61658846143699
2026-06-10 06:30:00,39.48,54.595881002089776
2026-06-10 06:45:00,15.23,36.96554697172234
2026-06-10 07:00:00,14.94,23.731893310842725
2026-06-10 07:15:00,2.21,15.415375232192403
2026-06-10 07:30:00,0.84,4.404217603109493
2026-06-10 07:45:00,0.0,1.825985486539577
2026-06-10 08:45:00,-0.01,1.6646136803891425
2026-06-10 11:30:00,-0.02,0.8185029666817155
2026-06-10 12:00:00,-0.01,0.5674978102151615
2026-06-10 12:15:00,-0.02,0.7833880731460362
2026-06-10 12:45:00,-0.05,0.5610302435433293
2026-06-10 13:00:00,-0.07,0.14316092758883836
2026-06-10 13:15:00,-0.1,0.07046585774353914
2026-06-10 13:30:00,-0.11,0.011937246686078151
2026-06-10 15:00:00,-0.05,0.17624620479460337
2026-06-10 15:15:00,-0.01,0.45199559883360946
2026-06-10 16:00:00,0.0,2.184302399987625
2026-06-10 16:45:00,0.84,2.6697030424748545
2026-06-10 17:00:00,16.99,6.640378337111547
2026-06-10 17:15:00,1.5,25.765049976903818
2026-06-10 17:30:00,8.73,7.947660627131063
2026-06-10 17:45:00,38.03,21.294092480317275
2026-06-10 18:00:00,20.0,39.60853254242079
2026-06-10 18:15:00,46.68,26.93370587198515
2026-06-10 18:30:00,67.43,47.58655277041437
2026-06-10 18:45:00,84.93,63.76934699234561
2026-06-10 19:00:00,85.28,68.53680090527754
2026-06-10 19:15:00,70.12,73.93010276296602
2026-06-10 19:30:00,68.02,64.71371361266539
2026-06-10 19:45:00,67.76,63.68926676260539
2026-06-10 20:00:00,73.01,63.827576249207766
2026-06-10 20:15:00,84.7,71.00648563866946
2026-06-10 20:30:00,88.44,81.10394432266148
2026-06-10 20:45:00,79.85,84.96072374522879
2026-06-10 21:00:00,81.8,76.51158199696333
2026-06-10 21:15:00,76.44,78.47610299660266
2026-06-10 21:30:00,75.66,72.64406749481428
2026-06-10 21:45:00,60.2,69.73209543584508
2026-06-10 22:00:00,62.44,55.16144369961919
2026-06-10 22:15:00,59.28,55.25404833489663
2026-06-10 22:30:00,11.92,55.41180714523933
2026-06-10 22:45:00,-0.01,18.780715356440144
2026-06-10 23:00:00,29.02,29.49054911994015
2026-06-10 23:15:00,0.0,32.31681684623526
2026-06-10 23:30:00,16.56,8.613739836613863
2026-06-10 23:45:00,1.94,11.808163607010519
2026-06-11 00:00:00,18.29,13.518521251847218
2026-06-11 00:15:00,17.01,11.898888648793513
2026-06-11 00:30:00,29.5,16.28208666633673
2026-06-11 00:45:00,24.01,24.647676631318824
2026-06-11 01:00:00,5.55,23.032002565789117
2026-06-11 01:15:00,0.0,11.526674759291671
2026-06-11 01:45:00,8.9,13.31506755346025
2026-06-11 02:00:00,1.2,16.441008499470314
2026-06-11 02:15:00,3.15,3.6631084054719905
2026-06-11 02:30:00,2.52,5.022289923022033
2026-06-11 02:45:00,13.13,5.133033623878333
2026-06-11 03:00:00,13.01,12.738977659170441
2026-06-11 03:15:00,15.52,12.860157160674309
2026-06-11 03:30:00,19.13,12.84074820012232
2026-06-11 03:45:00,22.07,18.73721614718649
2026-06-11 04:00:00,0.14,20.767348713560654
2026-06-11 04:15:00,15.01,9.309315616283262
2026-06-11 04:30:00,22.11,15.757592296554327
2026-06-11 04:45:00,19.22,21.34730213864119
2026-06-11 05:00:00,48.29,14.15734929788911
2026-06-11 05:15:00,59.22,45.80673017842394
2026-06-11 05:30:00,49.11,54.89795847236031
2026-06-11 05:45:00,36.01,45.835325044869045
2026-06-11 06:00:00,50.0,34.187716586393236
2026-06-11 06:15:00,25.0,50.82662507924044
2026-06-11 06:30:00,18.64,24.17806294659235
2026-06-11 06:45:00,1.0,18.513394469562442
2026-06-11 07:00:00,5.41,8.879612909917109
2026-06-11 07:15:00,1.0,6.907038502596336
2026-06-11 07:30:00,0.04,2.2700470895337093
2026-06-11 07:45:00,0.0,1.283873960333656
2026-06-11 08:45:00,-0.01,1.3857025476137665
2026-06-11 09:00:00,0.0,0.7646352645026204
2026-06-11 09:15:00,-0.01,1.0588950193142763
2026-06-11 15:00:00,0.0,2.109842857378661
2026-06-11 15:45:00,0.01,2.2196421438689153
2026-06-11 16:00:00,0.84,3.9564295795659277
2026-06-11 16:15:00,1.44,6.464312658339444
2026-06-11 16:30:00,7.95,7.856608437313336
2026-06-11 16:45:00,11.03,18.081971016705435
2026-06-11 17:00:00,6.99,21.307597548220066
2026-06-11 17:15:00,21.68,18.461881778564386
2026-06-11 17:30:00,22.2,27.39409301309525
2026-06-11 17:45:00,37.0,29.11568344183467
2026-06-11 18:00:00,24.14,36.3370827882976
2026-06-11 18:15:00,30.28,31.457753475112888
2026-06-11 18:30:00,12.51,35.56305823325386
2026-06-11 18:45:00,7.2,25.347124697475703
2026-06-11 19:00:00,26.51,15.43503962849633
2026-06-11 19:15:00,10.58,31.142984800761443
2026-06-11 19:30:00,15.13,13.938998536812573
2026-06-11 19:45:00,0.0,13.402371472647975
2026-06-11 20:00:00,27.29,17.344457520508488
2026-06-11 20:15:00,15.17,30.692164340975207
2026-06-11 20:30:00,35.52,16.23509665422717
2026-06-11 20:45:00,0.0,26.280635744435838
2026-06-11 21:00:00,41.94,17.392628732323928
2026-06-11 21:15:00,8.43,39.29355075799717
2026-06-11 21:30:00,26.8,25.96897310391636
2026-06-11 21:45:00,2.81,26.83500046261566
2026-06-11 22:00:00,43.09,28.86369528984635
2026-06-11 22:15:00,39.27,29.57984216271223
2026-06-11 22:30:00,34.6,36.682870484078336
2026-06-11 22:45:00,15.0,30.509509603351187
2026-06-11 23:00:00,34.7,19.584544469883724
2026-06-11 23:15:00,27.0,35.618552942218834
2026-06-11 23:30:00,25.99,28.839737975040904
2026-06-11 23:45:00,22.0,27.657717735922002
2026-06-12 00:00:00,21.94,23.950733280663
2026-06-12 00:15:00,11.53,21.34288460779374
2026-06-12 00:30:00,11.09,13.544761798787587
2026-06-12 00:45:00,9.78,13.596303042913451
2026-06-12 01:00:00,7.9,13.486055065264253
2026-06-12 01:15:00,9.17,10.04188778103479
2026-06-12 01:30:00,7.99,10.775701778828877
2026-06-12 01:45:00,9.33,9.647048730235284
2026-06-12 02:00:00,13.02,11.053530745331132
2026-06-12 02:15:00,10.33,12.80220698043217
2026-06-12 02:30:00,6.48,11.37406049093445
2026-06-12 02:45:00,7.13,7.288452599302323
2026-06-12 03:00:00,8.1,10.536299016537225
2026-06-12 03:15:00,8.81,9.965594685188748
2026-06-12 03:30:00,11.19,9.922301945364246
2026-06-12 03:45:00,15.99,11.771804744465603
2026-06-12 04:00:00,35.57,14.138805052180063
2026-06-12 04:15:00,33.82,32.56904779636805
2026-06-12 04:30:00,17.09,28.04436476196868
2026-06-12 04:45:00,19.74,16.528313191742665
2026-06-12 05:00:00,33.4,22.987644876076118
2026-06-12 05:15:00,46.06,29.54424219174684
2026-06-12 05:30:00,46.66,45.41537767888307
2026-06-12 05:45:00,34.18,48.13049547309527
2026-06-12 06:00:00,38.7,31.020300741925944
2026-06-12 06:15:00,21.75,37.39328506849622
2026-06-12 06:30:00,12.26,26.22051586526462
2026-06-12 06:45:00,0.84,16.345547002246523
2026-06-12 07:15:00,0.0,14.318704696284506
2026-06-12 07:45:00,-0.01,5.190258372809197
2026-06-12 08:00:00,0.0,3.2850494065367215
2026-06-12 08:30:00,-0.01,1.2512881075376818
2026-06-12 13:15:00,-0.02,0.7802493901843018
2026-06-12 13:45:00,-0.03,0.5496240291369496
2026-06-12 14:00:00,-0.09,0.13476630586812158
2026-06-12 14:15:00,-0.08,-0.0010916696408074134
2026-06-12 14:30:00,-0.02,0.035391545757881504
2026-06-12 14:45:00,-0.01,0.5688463596567875
2026-06-12 15:30:00,0.0,1.2921718301971765
2026-06-12 16:00:00,0.84,3.00211328905167
2026-06-12 16:15:00,1.44,6.35436139041835
2026-06-12 16:30:00,4.74,7.673479300494414
2026-06-12 16:45:00,13.3,11.26901650557341
2026-06-12 17:00:00,20.0,22.353100618956944
2026-06-12 17:15:00,22.2,28.106701394469813
2026-06-12 17:30:00,25.72,29.913583799991994
2026-06-12 17:45:00,50.99,34.510177291556246
2026-06-12 18:00:00,45.45,57.832322336990245
2026-06-12 18:15:00,69.67,46.6664367689337
2026-06-12 18:30:00,95.79,59.90055290570782
2026-06-12 18:45:00,108.81,108.38744370587723
2026-06-12 19:00:00,99.61,94.46198148000678
2026-06-12 19:15:00,104.21,91.65710870068166
2026-06-12 19:30:00,104.59,106.55269669469705
2026-06-12 19:45:00,107.91,104.7883562272884
2026-06-12 20:00:00,108.31,104.22542472221973
2026-06-12 20:15:00,112.0,104.15948245214496
2026-06-12 20:30:00,112.56,107.66857025520937
2026-06-12 20:45:00,106.3,106.69042381828646
2026-06-12 21:00:00,105.71,101.8605785310371
2026-06-12 21:15:00,100.67,101.06878836819767
2026-06-12 21:30:00,100.1,95.7064587802307
2026-06-12 21:45:00,93.55,94.96023026919306
2026-06-12 22:00:00,109.02,91.21453138338705
2026-06-12 22:15:00,90.51,103.31404027195353
2026-06-12 22:30:00,74.0,88.90157657258577
2026-06-12 22:45:00,38.12,77.72125924624275
2026-06-12 23:00:00,85.77,55.995520700410104
2026-06-12 23:15:00,77.36,75.92481667751504
2026-06-12 23:30:00,71.5,68.95013594500129
2026-06-12 23:45:00,46.22,67.64521308531735
2026-06-13 00:00:00,71.78,59.06749852853452
2026-06-13 00:15:00,58.55,72.72018558467717
2026-06-13 00:30:00,37.44,57.03337464015708
2026-06-13 00:45:00,27.8,33.93469191433263
2026-06-13 01:00:00,31.79,40.97706174426093
2026-06-13 01:15:00,27.84,35.80986540835384
2026-06-13 01:30:00,35.35,27.487119728091475
2026-06-13 01:45:00,38.89,33.47981065970734
2026-06-13 02:00:00,20.54,38.24839077545526
2026-06-13 02:15:00,30.14,21.747090558422524
2026-06-13 02:30:00,30.71,28.358190516052183
2026-06-13 02:45:00,37.32,28.774559962518918
2026-06-13 03:00:00,18.43,36.038547170165415
2026-06-13 03:15:00,32.53,20.942906965666854
2026-06-13 03:30:00,29.18,28.968275345631696
2026-06-13 03:45:00,36.79,26.679046256849304
2026-06-13 04:00:00,22.67,34.85360730887811
2026-06-13 04:15:00,31.9,23.986590760270143
2026-06-13 04:30:00,26.79,27.725454669477713
2026-06-13 04:45:00,15.36,25.671940973796573
2026-06-13 05:00:00,30.68,15.766290265674385
2026-06-13 05:15:00,14.84,26.985220832239875
2026-06-13 05:30:00,7.0,15.53615926614707
2026-06-13 05:45:00,2.1,11.898246721841655
2026-06-13 06:00:00,1.4,15.069558208023063
2026-06-13 06:15:00,0.0,8.483720802231831
2026-06-13 06:30:00,-0.01,2.6424621807622715
2026-06-13 06:45:00,-0.08,1.1096147999735106
2026-06-13 07:15:00,-0.28,0.24914306259170388
2026-06-13 07:30:00,-2.0,-0.8354316784653328
2026-06-13 07:45:00,-2.07,-3.058416252866983
2026-06-13 08:00:00,-2.01,-3.148814128729048
2026-06-13 08:15:00,-3.24,-3.1064551408454766
2026-06-13 08:30:00,-5.01,-3.6821969887953356
2026-06-13 08:45:00,-9.41,-10.764952353296389
2026-06-13 09:00:00,-9.98,-13.103813616387951
2026-06-13 09:15:00,-14.9,-13.711099302038638
2026-06-13 09:30:00,-17.9,-20.20591618090894
2026-06-13 09:45:00,-19.81,-22.489296381401385
2026-06-13 10:00:00,-19.94,-26.51144264539385
2026-06-13 10:15:00,-24.81,-27.092414138842038
2026-06-13 10:30:00,-29.94,-30.96718667640374
2026-06-13 10:45:00,-35.0,-39.9585574193103
2026-06-13 11:00:00,-35.49,-38.51622998688154
2026-06-13 11:15:00,-45.01,-38.78869328053235
2026-06-13 11:30:00,-49.98,-47.72107791073565
2026-06-13 11:45:00,-52.99,-53.84980863995481
2026-06-13 12:00:00,-46.52,-46.71585955208186
2026-06-13 12:30:00,-45.0,-40.57796853740209
2026-06-13 12:45:00,-41.94,-38.40938483237878
2026-06-13 13:00:00,-36.73,-36.97691331516507
2026-06-13 13:15:00,-34.0,-26.289406434346127
2026-06-13 13:30:00,-29.91,-25.918369746034433
2026-06-13 13:45:00,-25.27,-21.810225777363225
2026-06-13 14:00:00,-24.83,-17.79141143785739
2026-06-13 14:15:00,-19.26,-16.920442084632636
2026-06-13 14:30:00,-16.92,-15.444969702308072
2026-06-13 14:45:00,-12.69,-11.778739291806213
2026-06-13 15:00:00,-8.65,-6.5438558169915275
2026-06-13 15:15:00,-4.68,-2.029152096493763
2026-06-13 15:30:00,-1.58,-1.5449338656656442
2026-06-13 15:45:00,-0.16,-1.1589459404531208
2026-06-13 16:00:00,-0.1,0.2500657726994203
2026-06-13 16:15:00,0.58,0.7291069481222149
2026-06-13 16:30:00,2.43,5.084126055601307
2026-06-13 16:45:00,11.06,5.423401095097098
2026-06-13 17:00:00,12.01,19.47757713793503
2026-06-13 17:15:00,28.5,21.134937742999142
2026-06-13 17:30:00,56.32,34.1620280278561
2026-06-13 17:45:00,68.93,61.85839620917782
2026-06-13 18:00:00,51.99,50.225315451246956
2026-06-13 18:15:00,80.31,63.167203656821755
2026-06-13 18:30:00,98.76,78.08750743706669
2026-06-13 18:45:00,111.98,111.74184180105524
2026-06-13 19:00:00,92.24,104.90228442462336
2026-06-13 19:15:00,95.85,86.05506718318283
2026-06-13 19:30:00,100.36,93.49572950089876
2026-06-13 19:45:00,107.8,96.46013218463392
2026-06-13 20:00:00,114.51,104.10186447544262
2026-06-13 20:15:00,114.42,110.2308812346354
2026-06-13 20:30:00,115.31,109.48852663329082
2026-06-13 20:45:00,100.39,109.0516194323674
2026-06-13 21:00:00,113.99,101.38473645940189
2026-06-13 21:15:00,100.11,109.23199713162731
2026-06-13 21:30:00,94.81,101.59821529124878
2026-06-13 21:45:00,90.38,88.25947833464926
2026-06-13 22:00:00,103.69,92.24153910592696
2026-06-13 22:15:00,85.45,102.30667705965057
2026-06-13 22:30:00,64.2,75.51320725083319
2026-06-13 22:45:00,47.66,65.32117018445204
2026-06-13 23:00:00,64.0,60.08070282729788
2026-06-13 23:15:00,55.67,61.62948728252797
2026-06-13 23:30:00,49.4,53.75444329777241
2026-06-13 23:45:00,41.69,48.58455477486597
2026-06-14 00:00:00,48.08,41.56926256053278
2026-06-14 00:15:00,37.76,44.868945776631925
2026-06-14 00:30:00,31.89,37.15051891844181
2026-06-14 00:45:00,32.63,29.427549394387402
2026-06-14 01:00:00,33.1,30.19279464433091
2026-06-14 01:15:00,29.45,28.90073124762961
2026-06-14 01:30:00,32.3,26.133259641655627
2026-06-14 01:45:00,31.17,28.27202832469939
2026-06-14 02:00:00,29.0,27.744258105487905
2026-06-14 02:15:00,27.34,26.42550655510142
2026-06-14 02:30:00,30.11,26.642651735191926
2026-06-14 02:45:00,31.8,27.395399720015018
2026-06-14 03:00:00,27.33,29.595501917668553
2026-06-14 03:15:00,21.76,26.748378833164765
2026-06-14 03:30:00,22.07,22.581239620582448
2026-06-14 03:45:00,18.56,22.778330269633074
2026-06-14 04:00:00,13.98,19.481886116538796
2026-06-14 04:15:00,9.9,14.903366728346349
2026-06-14 04:30:00,5.48,15.403132780186336
2026-06-14 04:45:00,1.78,13.823679000890145
2026-06-14 05:00:00,1.88,11.207560389947911
2026-06-14 05:15:00,0.0,5.733389673586236
2026-06-14 05:30:00,-0.01,2.702537264928762
2026-06-14 05:45:00,-0.03,1.370264592116818
2026-06-14 06:00:00,-0.01,0.6122548165805161
2026-06-14 06:15:00,-0.09,1.2173786947447491
2026-06-14 06:30:00,-0.19,0.17529568425126876
2026-06-14 06:45:00,-1.1,-0.7645534012238886
2026-06-14 07:00:00,-1.27,-2.9275298681029924
2026-06-14 07:15:00,-2.01,-2.919005483432176
2026-06-14 07:30:00,-3.05,-3.3281608790262047
2026-06-14 07:45:00,-5.0,-4.101108035389637
2026-06-14 08:00:00,-3.47,-11.590353976697584
2026-06-14 08:15:00,-5.0,-4.259400820256376
2026-06-14 08:30:00,-7.01,-11.15059280229665
2026-06-14 08:45:00,-10.0,-13.609267153475136
2026-06-14 09:00:00,-7.3,-14.676750320413584
2026-06-14 09:15:00,-8.01,-13.03234604048491
2026-06-14 09:30:00,-10.01,-13.606824202467397
2026-06-14 09:45:00,-11.83,-14.129948776578273
2026-06-14 10:00:00,-11.87,-16.51080615579542
2026-06-14 10:15:00,-14.1,-16.616171185313267
2026-06-14 10:30:00,-15.0,-17.889795102414837
2026-06-14 10:45:00,-19.0,-20.975546664907863
2026-06-14 11:00:00,-17.01,-28.088916538666393
2026-06-14 11:15:00,-20.02,-21.219942163952137
2026-06-14 11:30:00,-26.7,-28.448896725805557
2026-06-14 11:45:00,-29.96,-32.741898796882644
2026-06-14 12:00:00,-26.08,-23.32344166319853
2026-06-14 12:15:00,-25.82,-19.970457265732342
2026-06-14 12:30:00,-23.9,-19.001375759705688
2026-06-14 12:45:00,-23.66,-18.691149853514926
2026-06-14 13:00:00,-21.23,-17.947350394495277
2026-06-14 13:15:00,-19.32,-17.863533172273055
2026-06-14 13:30:00,-19.25,-16.913980394526735
2026-06-14 13:45:00,-17.48,-16.366801209219762
2026-06-14 14:00:00,-14.27,-13.256282337413605
2026-06-14 14:15:00,-9.66,-7.790676409562655
2026-06-14 14:30:00,-7.13,-3.6598527720924277
2026-06-14 14:45:00,-4.16,-2.811454639426206
2026-06-14 15:00:00,-4.68,-1.8031379160438912
2026-06-14 15:15:00,-1.25,-1.798468209587384
2026-06-14 15:30:00,-0.06,-1.2254058110817414
2026-06-14 15:45:00,0.0,0.3629717228225219
2026-06-14 16:15:00,1.02,2.686235489332174
2026-06-14 16:30:00,5.01,5.083843620342345
2026-06-14 16:45:00,19.17,11.311827138000552
2026-06-14 17:00:00,27.79,28.275835710450853
2026-06-14 17:15:00,50.0,31.97843928176924
2026-06-14 17:30:00,86.77,55.49415799664909
2026-06-14 17:45:00,93.13,65.07501164097029
2026-06-14 18:00:00,86.31,85.23597561470487
2026-06-14 18:15:00,99.8,74.18225823778893
2026-06-14 18:30:00,120.43,116.04332044034719
2026-06-14 18:45:00,131.53,119.43577600382775
2026-06-14 19:00:00,108.26,131.22907675874202
2026-06-14 19:15:00,113.4,104.3401000561978
2026-06-14 19:30:00,114.52,110.74620326690737
2026-06-14 19:45:00,118.28,111.63354000426591
2026-06-14 20:00:00,124.39,118.59857216801136
2026-06-14 20:15:00,119.54,120.06332186538346
2026-06-14 20:30:00,120.07,119.78608299977124
2026-06-14 20:45:00,111.78,117.07164416301511
2026-06-14 21:00:00,116.58,106.74319479564038
2026-06-14 21:15:00,107.31,113.15520119119219
2026-06-14 21:30:00,111.73,103.74174536083191
2026-06-14 21:45:00,102.34,106.03922774711981
2026-06-14 22:00:00,123.48,105.35545523397042
2026-06-14 22:15:00,108.98,118.42472184146378
2026-06-14 22:30:00,102.38,103.57618623899651
2026-06-14 22:45:00,79.28,101.17107616609957
2026-06-14 23:00:00,105.9,78.87400242310358
2026-06-14 23:15:00,99.57,102.01719275604424
2026-06-14 23:30:00,93.51,91.71563693967092
2026-06-14 23:45:00,82.58,88.47025950843118
2026-06-15 00:00:00,90.57,79.47064044395546
2026-06-15 00:15:00,81.76,88.30767584156797
2026-06-15 00:30:00,85.15,77.10370694615958
2026-06-15 00:45:00,69.17,77.14121512979277
2026-06-15 01:00:00,83.76,70.94991316578351
2026-06-15 01:15:00,70.2,76.5181024077057
2026-06-15 01:30:00,64.4,67.15183890355921
2026-06-15 01:45:00,62.47,63.41468467009882
2026-06-15 02:00:00,65.26,60.08151625342851
2026-06-15 02:15:00,70.5,64.74405438948278
2026-06-15 02:30:00,81.62,67.38725049876322
2026-06-15 02:45:00,94.34,78.12358661259955
2026-06-15 03:00:00,81.74,90.22587743297079
2026-06-15 03:15:00,92.9,79.08623753509772
2026-06-15 03:30:00,83.24,91.86318713612627
2026-06-15 03:45:00,102.12,79.17992188084236
2026-06-15 04:00:00,96.77,101.17719479829896
2026-06-15 04:15:00,106.78,95.23402306156551
2026-06-15 04:30:00,112.95,103.34624472179087
2026-06-15 04:45:00,110.04,110.83168441883359
2026-06-15 05:00:00,124.26,104.78568984072918
2026-06-15 05:15:00,117.01,124.92240917507874
2026-06-15 05:30:00,111.85,114.36964194174679
2026-06-15 05:45:00,98.51,106.19031547637228
2026-06-15 06:00:00,125.39,101.77177379174158
2026-06-15 06:15:00,109.68,123.68436963215676
2026-06-15 06:30:00,102.97,100.10484372961702
2026-06-15 06:45:00,81.79,94.93098333991787
2026-06-15 07:00:00,113.35,73.84806052274479
2026-06-15 07:15:00,84.54,101.10773697950877
2026-06-15 07:30:00,51.95,74.25857879323631
2026-06-15 07:45:00,35.27,52.262083889159875
2026-06-15 08:15:00,22.23,41.4380141320416
2026-06-15 08:30:00,16.36,35.88411279494868
2026-06-15 08:45:00,2.14,14.746134952951895
2026-06-15 09:00:00,5.12,7.070851873480524
2026-06-15 09:15:00,5.01,8.324826411751271
2026-06-15 09:30:00,2.0,8.484496393764045
2026-06-15 09:45:00,1.75,6.0029648604859664
2026-06-15 10:00:00,1.25,5.836542418221333
2026-06-15 10:15:00,1.13,3.2204705409198064
2026-06-15 10:30:00,0.93,2.3428582766657304
2026-06-15 10:45:00,0.66,2.2368094093518143
2026-06-15 11:00:00,0.84,1.9837047297949078
2026-06-15 11:30:00,0.0,2.0542614983768615
2026-06-15 12:00:00,0.84,1.1468309879007397
2026-06-15 12:30:00,1.15,2.083256308167078
2026-06-15 12:45:00,1.0,2.0709263750749862
2026-06-15 13:00:00,0.21,2.178382448266342
2026-06-15 13:15:00,0.35,1.8627036956098642
2026-06-15 13:30:00,1.0,1.9696935591977665
2026-06-15 13:45:00,1.46,2.1717125170447975
2026-06-15 14:00:00,1.04,5.017795544837577
2026-06-15 14:15:00,1.89,2.545409532650034
2026-06-15 14:30:00,7.73,5.08404760264944
2026-06-15 14:45:00,25.0,12.898588516092266
2026-06-15 15:00:00,8.44,30.648105763163645
2026-06-15 15:15:00,34.88,20.026242914846012
2026-06-15 15:30:00,54.43,47.31421302564486
2026-06-15 15:45:00,95.44,68.20377153947517
2026-06-15 16:00:00,55.17,62.709299996634385
2026-06-15 16:15:00,84.57,69.20513848848165
2026-06-15 16:30:00,109.22,75.64458059859814
2026-06-15 16:45:00,135.19,97.21981209707428
2026-06-15 17:00:00,115.7,124.56824942057145
2026-06-15 17:15:00,125.55,114.91618394309715
2026-06-15 17:30:00,138.03,121.39667121705494
2026-06-15 17:45:00,151.17,128.07160416669896
2026-06-15 18:00:00,135.98,124.1861411038043
2026-06-15 18:15:00,142.93,132.84610655943712
2026-06-15 18:30:00,153.92,133.34145417742917
2026-06-15 18:45:00,165.2,136.45718168703644
2026-06-15 19:00:00,153.36,139.94865684995247
2026-06-15 19:15:00,157.62,144.97396807728566
2026-06-15 19:30:00,160.01,146.93183329776102
2026-06-15 19:45:00,152.61,147.50633296125199
2026-06-15 20:00:00,162.7,142.0314871084973
2026-06-15 20:15:00,155.89,145.38476652177687
2026-06-15 20:30:00,155.08,142.98243103227833
2026-06-15 20:45:00,141.5,141.2856966816366
2026-06-15 21:00:00,147.38,134.0494769359284
2026-06-15 21:15:00,133.33,136.33519572113724
2026-06-15 21:30:00,132.09,128.28985537256247
2026-06-15 21:45:00,127.46,126.5696251922003
2026-06-15 22:00:00,132.54,127.50723129024313
2026-06-15 22:15:00,127.49,125.87617940970213
2026-06-15 22:30:00,116.73,126.44856509469118
2026-06-15 22:45:00,104.48,113.84284642502507
2026-06-15 23:00:00,119.77,117.75258013106004
2026-06-15 23:15:00,116.47,117.4008905177325
2026-06-15 23:30:00,116.34,114.63732012787385
2026-06-15 23:45:00,114.84,114.25944107572788
2026-06-16 00:00:00,116.34,111.58006754943848
2026-06-16 00:15:00,114.74,112.89726520070268
2026-06-16 00:30:00,113.14,110.93303579469874
2026-06-16 00:45:00,88.59,109.4959031512538
2026-06-16 01:00:00,112.18,85.48130757639832
2026-06-16 01:15:00,112.12,107.4931498045288
2026-06-16 01:30:00,104.68,107.71958627383549
2026-06-16 01:45:00,72.0,105.60778117754784
2026-06-16 02:00:00,93.24,85.11399128733038
2026-06-16 02:15:00,89.14,94.04947765380783
2026-06-16 02:30:00,82.7,84.70972542217535
2026-06-16 02:45:00,91.25,80.8346060009093
2026-06-16 03:00:00,102.57,90.61189382720042
2026-06-16 03:15:00,102.17,105.92775474355714
2026-06-16 03:30:00,116.77,104.1508823510584
2026-06-16 03:45:00,108.49,116.51978406874174
2026-06-16 04:00:00,125.0,108.03521588881189
2026-06-16 04:15:00,127.7,122.676548474515
2026-06-16 04:30:00,129.27,127.86310250310515
2026-06-16 04:45:00,130.0,130.93371169640582
2026-06-16 05:00:00,138.99,129.78013227778544
2026-06-16 05:15:00,133.31,134.416621761401
2026-06-16 05:30:00,131.48,130.47558884062076
2026-06-16 05:45:00,123.0,126.51265448690967
2026-06-16 06:00:00,132.54,130.41977075696826
2026-06-16 06:15:00,128.97,124.27371637350419
2026-06-16 06:30:00,122.52,126.69003169746425
2026-06-16 06:45:00,117.18,130.44940224188488
2026-06-16 07:00:00,120.3,115.93514921137512
2026-06-16 07:15:00,97.85,119.22764220764438
2026-06-16 07:30:00,86.39,101.761826211722
2026-06-16 07:45:00,70.2,76.75041903425586
2026-06-16 08:00:00,79.08,86.73918794438266
2026-06-16 08:15:00,64.81,72.81237740427746
2026-06-16 08:30:00,61.0,61.196620702401866
2026-06-16 08:45:00,58.63,52.86207686748436
2026-06-16 09:00:00,60.96,55.66732632830204
2026-06-16 09:15:00,49.15,54.51289679404855
2026-06-16 09:30:00,43.36,49.37977384834145
2026-06-16 09:45:00,39.88,45.49017092181812
2026-06-16 10:00:00,54.2,47.41850207918525
2026-06-16 10:15:00,40.91,54.252842489100516
2026-06-16 10:30:00,42.17,46.536124605713816
2026-06-16 10:45:00,33.02,47.27230793764074
2026-06-16 11:00:00,28.96,32.1870955752241
2026-06-16 11:15:00,25.29,28.259342362708892
2026-06-16 11:30:00,18.5,27.892770441546194
2026-06-16 11:45:00,18.08,20.339269462351687
2026-06-16 12:00:00,22.5,22.208025556205786
2026-06-16 12:30:00,25.0,22.848436264881578
2026-06-16 13:00:00,30.0,24.544182652079567
2026-06-16 13:30:00,33.75,29.724513792406086
2026-06-16 13:45:00,34.7,36.36638614972383
2026-06-16 14:00:00,36.47,40.170143757258195
2026-06-16 14:15:00,40.1,41.737299471016684
2026-06-16 14:30:00,50.0,48.46074951039908
2026-06-16 14:45:00,58.13,54.61894542366214
2026-06-16 15:00:00,55.0,67.08013001750216
2026-06-16 15:15:00,60.0,70.24939954351207
2026-06-16 15:30:00,64.55,75.47191271927029
2026-06-16 15:45:00,78.44,64.23155277355512
2026-06-16 16:00:00,82.49,80.4465224623426
2026-06-16 16:15:00,90.0,84.26271203215722
2026-06-16 16:30:00,104.0,88.8258956374936
2026-06-16 16:45:00,132.1,93.17800275381872
2026-06-16 17:00:00,117.08,124.52015777817658
2026-06-16 17:15:00,122.36,99.25157479097248
2026-06-16 17:30:00,149.03,101.61740765123773
2026-06-16 17:45:00,168.13,132.44937652595672
2026-06-16 18:00:00,126.89,125.26667419762474
2026-06-16 18:15:00,129.59,126.19991425431648
2026-06-16 18:30:00,158.56,129.02181689601372
2026-06-16 18:45:00,150.96,135.53993923365564
2026-06-16 19:00:00,139.03,136.063678139702
2026-06-16 19:15:00,148.72,132.18511967777349
2026-06-16 19:30:00,158.19,138.02258767374695
2026-06-16 19:45:00,153.65,140.6548792548686
2026-06-16 20:00:00,159.16,144.28385626322475
2026-06-16 20:15:00,154.49,147.0722640555676
2026-06-16 20:30:00,153.99,144.76619055630397
2026-06-16 20:45:00,145.28,142.6467750276721
2026-06-16 21:00:00,148.94,137.9930571117998
2026-06-16 21:15:00,139.63,135.24900029394723
2026-06-16 21:30:00,136.87,133.52830122779258
2026-06-16 21:45:00,132.54,133.16978790538946
2026-06-16 22:00:00,142.54,128.7650807651057
2026-06-16 22:15:00,132.67,139.69692012317458
2026-06-16 22:30:00,129.0,127.7197055417048
2026-06-16 22:45:00,127.4,128.37705316672464
2026-06-16 23:00:00,127.84,127.03507304814919
2026-06-16 23:15:00,126.49,126.55113305172917
2026-06-16 23:30:00,126.26,126.1368767157977
2026-06-16 23:45:00,126.17,124.88452385582062
2026-06-17 00:00:00,126.26,124.59110432277492
2026-06-17 00:15:00,125.26,124.98119285640821
2026-06-17 00:30:00,124.67,122.18591342287162
2026-06-17 00:45:00,118.92,120.73320155125248
2026-06-17 01:00:00,124.67,116.48576633324475
2026-06-17 01:15:00,123.1,120.28505050580209
2026-06-17 01:30:00,118.07,122.28999566286521
2026-06-17 01:45:00,115.71,116.70871813666115
2026-06-17 02:00:00,121.71,115.79327185488476
2026-06-17 02:15:00,110.98,121.9941959983095
2026-06-17 02:30:00,116.05,110.51724415947315
2026-06-17 02:45:00,120.2,115.22490706807868
2026-06-17 03:00:00,112.71,119.3414963280724
2026-06-17 03:15:00,123.1,113.29377921620221
2026-06-17 03:30:00,124.67,122.36920998318024
2026-06-17 03:45:00,125.02,120.63266592783962
2026-06-17 04:00:00,103.87,122.75888726174237
2026-06-17 04:15:00,110.0,115.21852634853644
2026-06-17 04:30:00,124.72,110.87449748531974
2026-06-17 04:45:00,126.6,121.10474344694757
2026-06-17 05:00:00,115.84,125.91878570813032
2026-06-17 05:15:00,122.26,117.06164165035162
2026-06-17 05:30:00,116.0,122.21829208683857
2026-06-17 05:45:00,106.85,118.70704152671537
2026-06-17 06:00:00,125.26,117.78514193782331
2026-06-17 06:15:00,113.0,119.96243775181
2026-06-17 06:30:00,97.85,114.23168709971479
2026-06-17 06:45:00,82.49,96.6301183980395
2026-06-17 07:00:00,119.3,84.95195217964147
2026-06-17 07:15:00,97.92,109.72823254113835
2026-06-17 07:30:00,74.7,92.90470784410267
2026-06-17 07:45:00,68.88,64.27504899487211
2026-06-17 08:00:00,74.81,86.15928733230237
2026-06-17 08:15:00,65.0,82.70953232499453
2026-06-17 08:30:00,57.0,58.32125468468619
2026-06-17 08:45:00,50.51,51.25407229058984
2026-06-17 09:00:00,60.56,53.246973007496365
2026-06-17 09:15:00,51.6,55.135926095716094
2026-06-17 09:30:00,48.5,55.25966934499178
2026-06-17 09:45:00,38.7,53.142432917250815
2026-06-17 10:00:00,54.16,48.90293427744074
2026-06-17 10:15:00,40.9,55.22096173323065
2026-06-17 10:30:00,46.17,48.5225567433178
2026-06-17 10:45:00,25.0,49.984596055682665
2026-06-17 11:00:00,14.1,27.82378173953102
2026-06-17 11:15:00,11.93,13.299546932857936
2026-06-17 11:30:00,5.27,14.255608353221193
2026-06-17 11:45:00,4.1,9.49947272029196
2026-06-17 12:00:00,27.18,8.360474018773989
2026-06-17 12:15:00,35.46,22.85953522015116
2026-06-17 12:30:00,31.0,38.12658409081382
2026-06-17 12:45:00,25.81,25.27759221350773
2026-06-17 13:00:00,35.99,26.989691511402743
2026-06-17 13:15:00,45.13,42.729183048865536
2026-06-17 13:30:00,34.6,49.763417168558206
2026-06-17 13:45:00,45.22,37.936742860332124
2026-06-17 14:00:00,44.55,50.50715407158353
2026-06-17 14:15:00,49.0,51.267174532242706
2026-06-17 14:30:00,50.0,55.458132752121735
2026-06-17 14:45:00,67.61,58.29950103465328
2026-06-17 15:00:00,62.88,63.467488648001876
2026-06-17 15:15:00,69.15,72.91118117222464
2026-06-17 15:30:00,84.64,68.06108072974486
2026-06-17 15:45:00,120.28,89.21377280557165
2026-06-17 16:00:00,74.55,93.80366072675892
2026-06-17 16:15:00,112.26,74.45857174640446
2026-06-17 16:30:00,124.96,99.35839217374024
2026-06-17 16:45:00,134.69,96.23688982372283
2026-06-17 17:00:00,103.35,132.86233267102025
2026-06-17 17:15:00,127.74,99.96497557239456
2026-06-17 17:30:00,145.3,124.65425422165846
2026-06-17 17:45:00,155.59,129.63740379697452
2026-06-17 18:00:00,134.54,123.96577846010378
2026-06-17 18:15:00,140.01,129.17943254326124
2026-06-17 18:30:00,139.56,132.08605471225127
2026-06-17 18:45:00,148.21,132.55681804807517
2026-06-17 19:00:00,144.03,134.31036472580183
2026-06-17 19:15:00,150.96,135.85384903675077
2026-06-17 19:30:00,158.02,136.09013766240327
2026-06-17 19:45:00,150.96,135.81718595240193
2026-06-17 20:00:00,157.13,141.39811169191157
2026-06-17 20:15:00,148.94,146.26538437797126
2026-06-17 20:30:00,154.54,139.27465672230022
2026-06-17 20:45:00,145.35,141.88749133013226
2026-06-17 21:00:00,143.01,138.881395852267
2026-06-17 21:15:00,132.67,137.8832625550925
2026-06-17 21:45:00,128.17,128.07175534562296
2026-06-17 22:00:00,128.13,127.68362139475673
2026-06-17 22:15:00,126.76,128.49361326881137
2026-06-17 22:30:00,125.0,124.02978658048902
2026-06-17 22:45:00,103.51,120.53168353421005
2026-06-17 23:00:00,119.09,116.50639853942657
2026-06-17 23:15:00,112.95,117.98907440759042
2026-06-17 23:30:00,119.2,115.51007989563406
2026-06-17 23:45:00,114.68,118.27422267467422
2026-06-18 00:00:00,123.1,114.69938506669214
2026-06-18 00:15:00,114.2,120.6572355882632
2026-06-18 00:30:00,111.69,114.65197227633395
2026-06-18 00:45:00,98.49,111.97644506518057
2026-06-18 01:00:00,111.62,105.29120935936034
2026-06-18 01:15:00,92.84,111.90653457089985
2026-06-18 01:30:00,93.92,97.46420108606313
2026-06-18 01:45:00,95.03,92.62009048212686
2026-06-18 02:00:00,103.17,97.09383710997045
2026-06-18 02:15:00,92.03,107.9978822306284
2026-06-18 02:30:00,96.91,92.04195796963354
2026-06-18 02:45:00,101.0,97.28686855334163
2026-06-18 03:00:00,94.58,97.67889400780031
2026-06-18 03:15:00,102.72,94.44940305218071
2026-06-18 03:30:00,106.02,108.65576845039509
2026-06-18 03:45:00,115.6,110.09454142743465
2026-06-18 04:00:00,120.18,116.5736241380007
2026-06-18 04:15:00,117.19,118.94929895449859
2026-06-18 04:30:00,131.1,116.56263023846438
2026-06-18 04:45:00,109.81,128.75602365019944
2026-06-18 05:00:00,132.64,112.8626429860419
2026-06-18 05:15:00,132.63,125.0419848215051
2026-06-18 05:30:00,125.74,123.12393779100506
2026-06-18 05:45:00,117.6,123.44045576459233
2026-06-18 06:00:00,131.0,117.54115230981651
2026-06-18 06:15:00,123.6,126.34778939645788
2026-06-18 06:30:00,116.55,117.85272256781482
2026-06-18 06:45:00,95.0,117.30244008116237
2026-06-18 07:00:00,117.0,98.63927427377496
2026-06-18 07:15:00,100.9,112.63134380908353
2026-06-18 07:30:00,83.4,100.89009552264456
2026-06-18 07:45:00,75.2,77.7976950134217
2026-06-18 08:00:00,74.94,85.66210550761652
2026-06-18 08:15:00,68.0,77.12964735705584
2026-06-18 08:30:00,58.02,60.326935304276546
2026-06-18 08:45:00,43.67,52.7503485512802
2026-06-18 09:00:00,39.77,52.77080601639308
2026-06-18 09:15:00,27.24,51.89552791787221
2026-06-18 09:30:00,25.0,28.06512483356248
2026-06-18 09:45:00,17.26,24.85756900030631
2026-06-18 10:00:00,39.95,17.316760001812714
2026-06-18 10:15:00,28.68,47.095763833053155
2026-06-18 10:30:00,24.99,21.522228830247673
2026-06-18 10:45:00,19.37,17.000554308383997
2026-06-18 11:00:00,25.54,22.861353491565445
2026-06-18 11:15:00,21.89,21.328031049431804
2026-06-18 11:30:00,14.72,20.415579741072392
2026-06-18 11:45:00,11.01,13.916513140360351
2026-06-18 12:00:00,21.13,13.917178523975894
2026-06-18 12:15:00,23.76,21.25040638092446
2026-06-18 12:30:00,26.27,18.327167206308612
2026-06-18 12:45:00,32.44,22.287232705111975
2026-06-18 13:00:00,25.0,31.499293885547146
2026-06-18 13:15:00,42.0,24.697719545550726
2026-06-18 13:30:00,54.1,50.52093751474321
2026-06-18 13:45:00,71.29,52.6663226455646
2026-06-18 14:00:00,46.78,52.79284112481282
2026-06-18 14:15:00,57.01,50.02218993523048
2026-06-18 14:30:00,78.01,58.19341247613941
2026-06-18 14:45:00,104.52,71.84889926663644
2026-06-18 15:00:00,76.04,85.01350356816491
2026-06-18 15:15:00,97.17,74.36295801353188
2026-06-18 15:30:00,109.06,99.20848004622815
2026-06-18 15:45:00,114.62,102.23227036877942
2026-06-18 16:00:00,89.5,100.43090286363355
2026-06-18 16:15:00,110.94,92.863488871963
2026-06-18 16:30:00,115.3,107.10511342880727
2026-06-18 16:45:00,156.29,111.72705521852183
2026-06-18 17:00:00,106.0,128.79127476839577
2026-06-18 17:15:00,129.3,108.97346689574016
2026-06-18 17:30:00,119.2,127.02415265344624
2026-06-18 17:45:00,125.6,122.26338175111111
2026-06-18 18:00:00,119.2,121.37371870145495
2026-06-18 18:15:00,125.6,121.48015818481268
2026-06-18 18:30:00,129.54,123.80612145734774
2026-06-18 18:45:00,135.0,128.85631155059124
2026-06-18 19:00:00,132.63,132.28046896128137
2026-06-18 19:30:00,135.0,130.29860469430628
2026-06-18 19:45:00,132.63,134.18119961239185
2026-06-18 20:00:00,142.67,131.95920142813392
2026-06-18 20:15:00,137.4,139.06079608831888
2026-06-18 20:30:00,142.67,135.84033664274014
2026-06-18 20:45:00,132.86,138.62457783686165
2026-06-18 21:00:00,131.94,131.26572039717706
2026-06-18 21:15:00,127.18,129.06268734798127
2026-06-18 21:30:00,128.76,126.15885112177166
2026-06-18 21:45:00,125.6,127.14909679267063
2026-06-18 22:00:00,127.67,121.6634604317302
2026-06-18 22:15:00,126.52,125.89207538669119
2026-06-18 22:30:00,122.4,124.60853522972818
2026-06-18 22:45:00,112.0,122.51599202622802
2026-06-18 23:00:00,122.4,110.77323013483503
2026-06-18 23:15:00,119.12,121.30457201240952
2026-06-18 23:30:00,119.97,118.0392535955812
2026-06-18 23:45:00,113.8,119.74662656438333
2026-06-19 00:00:00,118.22,113.61513306685237
2026-06-19 00:15:00,111.89,119.13826120709807
2026-06-19 00:30:00,98.0,110.39420829493038
2026-06-19 00:45:00,91.95,101.61646944751769
2026-06-19 01:00:00,110.5,95.81547057927781
2026-06-19 01:15:00,101.79,107.87658571319557
2026-06-19 01:30:00,106.18,104.46450055311428
2026-06-19 01:45:00,99.73,107.16479569552935
2026-06-19 02:00:00,90.75,98.85951229588213
2026-06-19 02:15:00,82.07,92.99681461165613
2026-06-19 02:30:00,84.01,86.07162962263966
2026-06-19 02:45:00,83.32,86.08192716837432
2026-06-19 03:00:00,96.5,82.87489279303772
2026-06-19 03:15:00,105.52,95.83895016030151
2026-06-19 03:30:00,89.67,107.22944736552638
2026-06-19 03:45:00,113.75,92.31843078342247
2026-06-19 04:00:00,74.59,112.79305440416846
2026-06-19 04:15:00,105.68,88.73933540977664
2026-06-19 04:30:00,106.36,108.31568565322853
2026-06-19 04:45:00,120.11,113.3990419483305
2026-06-19 05:00:00,127.03,121.6023850558531
2026-06-19 05:15:00,125.6,123.61465309788933
2026-06-19 05:30:00,120.52,121.90392905104498
2026-06-19 05:45:00,105.9,118.10751852573048
2026-06-19 06:00:00,119.8,114.75309413161095
2026-06-19 06:15:00,113.17,116.27448917768912
2026-06-19 06:30:00,97.85,113.80173803720288
2026-06-19 06:45:00,85.58,92.66670279324883
2026-06-19 07:00:00,100.3,85.27884637656467
2026-06-19 07:15:00,79.01,92.15176868158487
2026-06-19 07:30:00,70.1,77.65392786582426
2026-06-19 07:45:00,40.78,66.7177877147191
2026-06-19 08:00:00,59.25,59.326045927291176
2026-06-19 08:15:00,40.1,52.68223056381862
2026-06-19 08:30:00,32.59,52.95138354946656
2026-06-19 08:45:00,20.0,26.724062255179344
2026-06-19 09:00:00,39.88,26.705853584226823
2026-06-19 09:15:00,35.0,46.11078816320863
2026-06-19 09:30:00,19.74,36.37948097836491
2026-06-19 09:45:00,11.0,19.113993440451374
2026-06-19 10:00:00,21.8,15.31594861501712
2026-06-19 10:15:00,14.01,24.65043114653346
2026-06-19 10:30:00,14.2,14.324052653974919
2026-06-19 10:45:00,9.99,12.797672895748159
2026-06-19 11:00:00,12.97,11.867135572521942
2026-06-19 11:15:00,10.31,12.049891051332896
2026-06-19 11:30:00,2.7,11.112298327547505
2026-06-19 11:45:00,0.84,6.377742595065388
2026-06-19 12:00:00,9.21,3.6186974806040273
2026-06-19 12:15:00,12.38,9.850562464100937
2026-06-19 12:30:00,13.79,9.112857971736723
2026-06-19 12:45:00,13.06,12.154902018993555
2026-06-19 13:00:00,18.74,10.492790503610841
2026-06-19 13:15:00,22.96,19.91064548242129
2026-06-19 13:30:00,9.42,24.81934054444081
2026-06-19 13:45:00,18.41,11.01876900756102
2026-06-19 14:00:00,8.5,23.908242997935098
2026-06-19 14:15:00,17.42,15.387563599941462
2026-06-19 14:30:00,27.01,19.883108873062188
2026-06-19 14:45:00,47.69,31.481940399030233
2026-06-19 15:00:00,39.99,54.399000494487154
2026-06-19 15:15:00,60.0,51.96994947284619
2026-06-19 15:30:00,70.01,67.90228626955555
2026-06-19 15:45:00,100.31,71.56503179266713
2026-06-19 16:00:00,70.98,86.90206649378885
2026-06-19 16:15:00,93.3,73.6904453498227
2026-06-19 16:30:00,98.59,96.91677425623209
2026-06-19 16:45:00,148.2,97.09302507051592
2026-06-19 17:00:00,89.0,128.10491375172012
2026-06-19 17:15:00,106.5,92.74843454335681
2026-06-19 17:30:00,114.0,103.67352984557927
2026-06-19 17:45:00,121.0,117.46901661845851
2026-06-19 18:00:00,114.67,116.46186070847371
2026-06-19 18:15:00,125.57,112.68363611042693
2026-06-19 18:30:00,130.74,120.25388366755637
2026-06-19 18:45:00,143.63,127.36325444336998
2026-06-19 19:00:00,138.73,133.2898670567685
2026-06-19 19:15:00,142.67,132.6469512084293
2026-06-19 19:30:00,145.0,134.52760922237977
2026-06-19 19:45:00,142.46,137.76271946048053
2026-06-19 20:00:00,150.01,137.38102683142196
2026-06-19 20:15:00,149.74,141.1032730366981
2026-06-19 20:30:00,150.0,139.05195780080135
2026-06-19 20:45:00,144.12,138.05302856362658
2026-06-19 21:00:00,144.47,136.14734530840758
2026-06-19 21:15:00,137.82,136.98246060167136
2026-06-19 21:30:00,131.96,130.88013305228702
2026-06-19 21:45:00,126.6,125.51716209553233
2026-06-19 22:00:00,129.45,123.68028206367462
2026-06-19 22:15:00,128.3,124.67578838942094
2026-06-19 22:30:00,120.0,124.31347236800173
2026-06-19 22:45:00,117.95,117.34447641765927
2026-06-19 23:00:00,123.6,115.68939456058123
2026-06-19 23:15:00,120.16,120.32463131542836
2026-06-19 23:30:00,120.05,116.67697982294058
2026-06-19 23:45:00,120.0,116.71769297080634
2026-06-20 00:00:00,120.55,116.81167794188345
2026-06-20 00:15:00,119.45,118.24094158558127
2026-06-20 00:30:00,117.95,116.69114202067874
2026-06-20 00:45:00,116.45,114.78107055238807
2026-06-20 01:00:00,115.78,114.09248270650414
2026-06-20 01:15:00,110.5,114.66319832000165
2026-06-20 01:30:00,113.91,107.04478352148205
2026-06-20 01:45:00,105.5,112.60757293180747
2026-06-20 02:00:00,113.88,106.38364044525339
2026-06-20 02:15:00,114.95,112.64874085929002
2026-06-20 02:30:00,103.73,112.95016775951352
2026-06-20 02:45:00,104.29,104.51341376904817
2026-06-20 03:00:00,98.09,106.82486653922734
2026-06-20 03:15:00,100.44,105.89515100275476
2026-06-20 03:30:00,99.7,96.88639619456976
2026-06-20 03:45:00,96.25,97.30067695260881
2026-06-20 04:00:00,106.31,96.13136792397414
2026-06-20 04:15:00,101.17,105.65725194938611
2026-06-20 04:30:00,103.6,98.20785375913117
2026-06-20 04:45:00,99.29,105.27244747860324
2026-06-20 05:00:00,114.3,96.52939645133182
2026-06-20 05:15:00,108.42,114.27460119545229
2026-06-20 05:30:00,97.61,108.6136377932758
2026-06-20 05:45:00,75.88,94.3217019658291
2026-06-20 06:00:00,98.46,74.02293986259615
2026-06-20 06:15:00,78.09,92.80325515183226
2026-06-20 06:30:00,72.5,72.16413116166272
2026-06-20 06:45:00,49.77,69.01033178418506
2026-06-20 07:00:00,56.22,55.25804613341262
2026-06-20 07:15:00,33.16,53.04976769951433
2026-06-20 07:30:00,12.29,34.43259257887058
2026-06-20 07:45:00,4.23,13.028089235130329
2026-06-20 08:00:00,11.79,9.915053949789103
2026-06-20 08:15:00,3.99,12.212675384389023
2026-06-20 08:30:00,0.71,7.459458725602582
2026-06-20 08:45:00,0.01,2.23444404312363
2026-06-20 09:00:00,0.0,2.065696056103332
2026-06-20 09:45:00,-0.01,1.4243398970024979
2026-06-20 11:15:00,-0.02,0.8213749819683777
2026-06-20 12:00:00,-0.01,0.6158864369913767
2026-06-20 13:00:00,0.0,0.8344787671887812
2026-06-20 13:45:00,1.0,1.1761555405254962
2026-06-20 14:00:00,0.15,4.473040263790559
2026-06-20 14:15:00,5.11,3.0408365735925207
2026-06-20 14:30:00,16.18,10.578232348768775
2026-06-20 14:45:00,31.23,17.833685981795313
2026-06-20 15:00:00,9.72,45.854748981477755
2026-06-20 15:15:00,15.61,29.036435006814134
2026-06-20 15:30:00,62.45,34.3599753709248
2026-06-20 15:45:00,132.22,68.37489967074863
2026-06-20 16:00:00,85.65,126.08193340584005
2026-06-20 16:15:00,95.51,61.33681152813608
2026-06-20 16:30:00,123.54,94.37548073226637
2026-06-20 16:45:00,134.9,114.29937347271934
2026-06-20 17:00:00,55.73,134.4517941089863
2026-06-20 17:15:00,106.98,73.59474786852462
2026-06-20 17:30:00,113.45,106.79372665150255
2026-06-20 17:45:00,125.92,118.25653808661099
2026-06-20 18:00:00,90.0,122.45768634861382
2026-06-20 18:15:00,110.3,96.8566902322964
2026-06-20 18:30:00,116.34,108.98585683181449
2026-06-20 18:45:00,123.6,123.73129510848167
2026-06-20 19:00:00,120.0,122.53411009262163
2026-06-20 19:15:00,123.0,124.59141702210722
2026-06-20 19:30:00,124.52,122.00185130979662
2026-06-20 19:45:00,124.8,121.3350918307751
2026-06-20 20:00:00,129.06,123.79930090690014
2026-06-20 20:15:00,128.9,131.18759691184204
2026-06-20 20:30:00,129.45,129.1435337540443
2026-06-20 20:45:00,128.9,128.34481957661484
2026-06-20 21:00:00,126.95,127.82007029879395
2026-06-20 21:15:00,121.0,126.54498351062044
2026-06-20 21:30:00,121.49,120.63880593146911
2026-06-20 21:45:00,117.95,121.31669793996419
2026-06-20 22:00:00,121.34,121.87115941553603
2026-06-20 22:15:00,119.3,123.56186796774537
2026-06-20 22:30:00,117.0,120.2228120312452
2026-06-20 22:45:00,115.78,119.77568823969193
2026-06-20 23:00:00,116.02,119.90558389397944
2026-06-20 23:15:00,113.77,119.28543813441902
2026-06-20 23:30:00,115.54,116.6459806444253
2026-06-20 23:45:00,111.52,119.09217867588347
2026-06-21 00:00:00,111.3,114.97904159290891
2026-06-21 00:15:00,112.9,115.02828463412276
2026-06-21 00:30:00,107.0,116.68512162694098
2026-06-21 00:45:00,98.35,112.20208680677274
2026-06-21 01:00:00,110.0,98.04560125477356
2026-06-21 01:15:00,90.32,109.8771284948999
2026-06-21 01:30:00,88.17,93.40763891941093
2026-06-21 01:45:00,62.78,90.2911846094066
2026-06-21 02:00:00,81.66,85.93279665892702
2026-06-21 02:15:00,74.16,83.32524318283889
2026-06-21 02:30:00,93.0,76.47419314557094
2026-06-21 02:45:00,74.16,88.59207471335463
2026-06-21 03:00:00,64.47,74.9853881210738
2026-06-21 03:15:00,73.11,66.43572117018549
2026-06-21 03:30:00,70.09,80.35801326331442
2026-06-21 03:45:00,55.13,71.07630957972275
2026-06-21 04:00:00,69.18,52.880916554765214
2026-06-21 04:15:00,80.0,68.46160445777096
2026-06-21 04:30:00,67.38,79.13486258358974
2026-06-21 04:45:00,37.84,67.44731636444149
2026-06-21 05:00:00,80.16,44.513163266593786
2026-06-21 05:15:00,54.22,78.33704693901511
2026-06-21 05:30:00,61.31,52.39273752672739
2026-06-21 05:45:00,43.41,57.06530453650282
2026-06-21 06:00:00,49.99,47.62996778880665
2026-06-21 06:15:00,27.68,50.642532907932654
2026-06-21 06:30:00,2.13,29.555652961251017
2026-06-21 06:45:00,0.0,4.540157235799899
2026-06-21 07:00:00,0.84,4.620861352824967
2026-06-21 07:15:00,0.01,3.0299135574304206
2026-06-21 07:30:00,0.0,1.2431368926307031
2026-06-21 08:00:00,4.1,1.2452888165527294
2026-06-21 08:15:00,1.31,8.062061807775837
2026-06-21 08:30:00,0.04,2.8338882874122673
2026-06-21 08:45:00,0.0,1.4596808804786634
2026-06-21 09:45:00,-0.01,1.4868768238048302
2026-06-21 10:00:00,0.0,0.8246929669441011
2026-06-21 10:15:00,-0.01,1.0840850723334488
2026-06-21 12:30:00,0.0,0.82439504853445
2026-06-21 13:45:00,0.03,1.1568074443171363
2026-06-21 14:00:00,0.11,1.4241674437913727
2026-06-21 14:15:00,2.05,2.2248993893837503
2026-06-21 14:30:00,6.85,4.9758843963553785
2026-06-21 14:45:00,23.74,11.524836873473067
2026-06-21 15:00:00,4.85,30.700043190857304
2026-06-21 15:15:00,7.77,12.956383178026119
2026-06-21 15:30:00,37.74,22.483586215396834
2026-06-21 15:45:00,54.12,47.461138684956865
2026-06-21 16:00:00,45.13,58.20043084235299
2026-06-21 16:15:00,91.87,51.469999419232295
2026-06-21 16:30:00,103.7,90.14802101897278
2026-06-21 16:45:00,132.83,86.26705907476139
2026-06-21 17:00:00,72.38,130.13668030433436
2026-06-21 17:15:00,120.0,82.97184413089626
2026-06-21 17:30:00,120.52,112.74113441433816
2026-06-21 17:45:00,131.06,118.26340380309254
2026-06-21 18:00:00,122.41,133.38791321537002
2026-06-21 18:15:00,127.0,118.49854640665743
2026-06-21 18:30:00,116.76,132.01620952017967
2026-06-21 18:45:00,125.89,123.33090891900498
2026-06-21 19:00:00,127.66,131.5526176176502
2026-06-21 19:15:00,130.96,133.8490327979414
2026-06-21 19:30:00,133.07,133.668864265991
2026-06-21 19:45:00,133.73,134.17283619368885
2026-06-21 20:00:00,140.01,133.96224480873315
2026-06-21 20:15:00,139.46,135.40020023919467
2026-06-21 20:30:00,143.31,134.70892054103342
2026-06-21 20:45:00,134.37,132.3060543598638
2026-06-21 21:00:00,130.96,131.79283203342138
2026-06-21 21:15:00,128.99,131.57684772515395
2026-06-21 21:30:00,128.46,132.43007149643594
2026-06-21 21:45:00,121.34,131.53850267384297
2026-06-21 22:00:00,123.6,123.45211379716105
2026-06-21 22:15:00,120.0,122.98704819900016
2026-06-21 22:30:00,117.41,124.37234259559887
2026-06-21 22:45:00,107.13,127.64040027207196
2026-06-21 23:00:00,118.91,111.12995247295854
2026-06-21 23:15:00,116.58,127.07276135370839
2026-06-21 23:30:00,115.91,128.344253550317
2026-06-21 23:45:00,111.0,127.22360418168864
2026-06-22 00:00:00,113.0,112.69092797358184
2026-06-22 00:15:00,106.52,118.68693089441204
2026-06-22 00:30:00,89.85,109.81265828457754
2026-06-22 00:45:00,68.07,91.80409001934571
2026-06-22 01:00:00,95.1,87.88047616515674
2026-06-22 01:15:00,87.58,94.11906758761015
2026-06-22 01:30:00,81.17,89.76912887119676
2026-06-22 01:45:00,76.38,79.74899095970112
2026-06-22 02:00:00,85.14,80.816263815053
2026-06-22 02:15:00,92.46,86.82427240351994
2026-06-22 02:30:00,79.92,90.84371390605423
2026-06-22 02:45:00,92.46,79.48035415948492
2026-06-22 03:00:00,93.28,91.19565550175126
2026-06-22 03:15:00,98.58,90.90584858879127
2026-06-22 03:30:00,104.19,96.7483998580522
2026-06-22 03:45:00,110.27,106.97277150914712
2026-06-22 04:00:00,110.0,107.52182442792994
2026-06-22 04:15:00,118.91,106.97167218830683
2026-06-22 04:30:00,120.0,114.4603764528378
2026-06-22 04:45:00,121.23,118.33806343818345
2026-06-22 05:00:00,130.41,122.91721534785825
2026-06-22 05:30:00,126.91,122.93139866870249
2026-06-22 05:45:00,120.0,122.17391306811483
2026-06-22 06:00:00,130.41,115.73990805369036
2026-06-22 06:15:00,120.5,119.84277544983219
2026-06-22 06:30:00,119.3,114.39458188731209
2026-06-22 06:45:00,100.15,113.26296972279708
2026-06-22 07:00:00,118.91,100.22505214549547
2026-06-22 07:15:00,93.65,102.16041910615867
2026-06-22 07:30:00,90.7,91.69612586804358
2026-06-22 07:45:00,83.55,86.41487171466682
2026-06-22 08:00:00,88.09,81.91598939106854
2026-06-22 08:15:00,80.1,87.44668676104614
2026-06-22 08:30:00,78.9,74.54256014527594
2026-06-22 08:45:00,65.0,74.43330082038982
2026-06-22 09:00:00,71.01,64.16862626621378
2026-06-22 09:15:00,61.2,72.14500661699395
2026-06-22 09:30:00,51.0,55.37734755040154
2026-06-22 09:45:00,46.0,56.433648207593954
2026-06-22 10:00:00,49.66,49.15703943669341
2026-06-22 10:15:00,40.5,56.54052476514043
2026-06-22 10:30:00,37.9,46.15693772086965
2026-06-22 10:45:00,30.01,40.67051798396918
2026-06-22 11:00:00,35.68,31.381905936857606
2026-06-22 11:15:00,33.19,36.998653431995486
2026-06-22 11:30:00,30.24,31.948914132002788
2026-06-22 11:45:00,30.33,28.134943665277866
2026-06-22 12:00:00,37.23,31.520032897038224
2026-06-22 12:15:00,43.69,40.56922504410616
2026-06-22 12:30:00,49.85,48.38106076903699
2026-06-22 12:45:00,61.0,54.35942556614881
2026-06-22 13:00:00,49.0,47.17542187146992
2026-06-22 13:15:00,60.59,55.473534440633195
2026-06-22 13:30:00,65.51,62.45752650596605
2026-06-22 13:45:00,81.12,61.49114375925267
2026-06-22 14:00:00,72.3,64.40232129643296
2026-06-22 14:15:00,84.33,70.74909605267081
2026-06-22 14:30:00,92.45,72.41987153818899
2026-06-22 14:45:00,110.5,89.70529037520113
2026-06-22 15:00:00,86.58,101.49029099516949
2026-06-22 15:15:00,105.99,90.35914274681086
2026-06-22 15:30:00,116.25,94.80258102934407
2026-06-22 15:45:00,132.46,99.89736914195008
2026-06-22 16:00:00,83.68,124.92471598663256
2026-06-22 16:15:00,120.0,86.00458481695813
2026-06-22 16:30:00,148.4,97.54643091233531
2026-06-22 16:45:00,181.55,132.57010264594118
2026-06-22 17:00:00,150.06,153.36454741050795
2026-06-22 17:15:00,165.89,126.46586370894882
2026-06-22 17:30:00,184.64,126.57698504979572
2026-06-22 17:45:00,199.91,163.8046100993763
2026-06-22 18:00:00,182.67,163.40700430660766
2026-06-22 18:30:00,186.03,155.3682115781695
2026-06-22 18:45:00,182.61,158.02822991844036
2026-06-22 19:00:00,175.38,152.92488259768945
2026-06-22 19:15:00,182.67,142.7380956550326
2026-06-22 19:45:00,167.28,163.1454094297432
2026-06-22 20:00:00,185.9,148.0070111975224
2026-06-22 20:15:00,175.01,176.8340173986266
2026-06-22 20:30:00,170.6,157.04067269161544
2026-06-22 20:45:00,153.46,147.65646133178797
2026-06-22 21:00:00,159.16,140.1418126743318
2026-06-22 21:15:00,144.63,140.77653468151178
2026-06-22 21:30:00,140.01,137.6417100765841
2026-06-22 21:45:00,130.41,132.66026975404282
2026-06-22 22:00:00,154.13,131.63148888478818
2026-06-22 22:15:00,147.61,146.219111784258
2026-06-22 22:30:00,130.41,141.16287720997175
2026-06-22 22:45:00,127.86,129.6636251594183
2026-06-22 23:00:00,132.5,131.12481047734465
2026-06-22 23:15:00,129.13,129.94302571398055
2026-06-22 23:45:00,125.14,128.61741379493148
2026-06-23 00:00:00,126.63,121.1423782473512
2026-06-23 00:15:00,119.99,125.07275564488465
2026-06-23 00:30:00,117.26,118.13214033588218
2026-06-23 00:45:00,116.13,115.79401719280169
2026-06-23 01:00:00,116.3,115.65732548250422
2026-06-23 01:15:00,115.3,115.07938246000653
2026-06-23 01:30:00,99.08,112.43019517352909
2026-06-23 01:45:00,114.63,105.69035300186056
2026-06-23 02:15:00,113.5,112.25748389150236
2026-06-23 02:30:00,115.57,111.74524946792958
2026-06-23 02:45:00,116.3,113.1326888963617
2026-06-23 03:00:00,117.02,113.59959436484311
2026-06-23 03:15:00,117.63,113.76274665548816
2026-06-23 03:30:00,121.43,114.19030794359749
2026-06-23 03:45:00,123.92,123.9343651751829
2026-06-23 04:00:00,129.13,121.5168663554524
2026-06-23 04:15:00,131.56,125.47313375561238
2026-06-23 04:45:00,133.72,127.02408789302598
2026-06-23 05:00:00,141.62,129.87798690249355
2026-06-23 05:15:00,137.84,130.56222749430768
2026-06-23 05:30:00,131.59,130.52802909502478
2026-06-23 05:45:00,125.14,123.29115604403145
2026-06-23 06:00:00,129.13,122.21527064536444
2026-06-23 06:15:00,119.2,121.03022151069504
2026-06-23 06:30:00,123.0,115.18327506512547
2026-06-23 06:45:00,112.57,120.93901585159996
2026-06-23 07:00:00,120.72,111.66167735696503
2026-06-23 07:15:00,116.13,109.9895695695422
2026-06-23 07:30:00,108.11,98.89320422994372
2026-06-23 07:45:00,100.59,98.5987410269398
2026-06-23 08:00:00,113.78,84.79966311634388
2026-06-23 08:15:00,99.87,97.51512086678159
2026-06-23 08:30:00,89.95,91.3920178664542
2026-06-23 08:45:00,82.45,88.68754812955277
2026-06-23 09:00:00,86.57,81.02982473690533
2026-06-23 09:15:00,79.48,86.75370741364205
2026-06-23 09:30:00,77.58,75.81920700890961
2026-06-23 09:45:00,74.0,73.5392813004501
2026-06-23 10:00:00,76.72,73.89202993623445
2026-06-23 10:15:00,73.5,72.75699060257008
2026-06-23 10:45:00,71.4,73.79044165087709
2026-06-23 11:00:00,73.0,71.42828631692487
2026-06-23 11:15:00,72.28,74.03840070155155
2026-06-23 11:30:00,71.5,73.70021596664681
2026-06-23 12:00:00,74.0,71.91101662011454
2026-06-23 12:15:00,80.97,73.77116670443884
2026-06-23 12:30:00,92.05,73.27761861284527
2026-06-23 12:45:00,91.5,87.5591671662685
2026-06-23 13:00:00,111.33,87.80692073446727
2026-06-23 13:15:00,88.51,103.18974887798305
2026-06-23 13:30:00,100.64,91.93352177294403
2026-06-23 13:45:00,95.36,90.0727760882459
2026-06-23 14:00:00,84.41,91.7787663867412
2026-06-23 14:15:00,100.94,81.3694022311417
2026-06-23 14:30:00,110.61,89.45778381033423
2026-06-23 14:45:00,122.43,97.46622982438521
2026-06-23 15:00:00,105.2,101.55695072493016
2026-06-23 15:15:00,119.09,92.96980888625446
2026-06-23 15:30:00,126.56,96.24542103319837
2026-06-23 15:45:00,145.14,116.98103844487353
2026-06-23 16:00:00,121.15,129.1329578286631
2026-06-23 16:15:00,147.23,99.16466310783518
2026-06-23 16:30:00,178.52,134.605371516034
2026-06-23 16:45:00,233.12,155.21535999922517
2026-06-23 17:00:00,180.97,184.72069387445882
2026-06-23 17:15:00,243.87,157.3965657801125
2026-06-23 17:30:00,252.44,179.58220097763336
2026-06-23 17:45:00,277.58,176.74933196969684
2026-06-23 18:00:00,267.56,176.31360431096675
2026-06-23 18:15:00,269.0,175.07519027777764
2026-06-23 18:30:00,278.1,175.2014080555554
2026-06-23 18:45:00,260.0,175.25897361111092
2026-06-23 19:00:00,276.05,175.8071258333331
2026-06-23 19:15:00,250.01,177.03315805555528
2026-06-23 19:30:00,209.93,178.35403361111088
2026-06-23 19:45:00,183.52,181.46606204134784
2026-06-23 20:00:00,250.0,179.03237036999846
2026-06-23 20:15:00,208.0,192.70069069882564
2026-06-23 20:30:00,225.94,184.6345471904844
2026-06-23 20:45:00,183.46,189.22179836289325
2026-06-23 21:00:00,209.33,176.33494183347318
2026-06-23 21:15:00,171.69,184.766146188746
2026-06-23 21:30:00,169.33,148.57801137337418
2026-06-23 21:45:00,152.21,146.9826522782945
2026-06-23 22:00:00,183.23,157.2888176272963
2026-06-23 22:15:00,161.74,179.11575965299537
2026-06-23 22:30:00,145.17,152.98098265056427
2026-06-23 22:45:00,140.06,139.33612163028846
2026-06-23 23:00:00,150.48,142.46994221643328
2026-06-23 23:15:00,145.17,145.2776363239843
2026-06-23 23:30:00,143.11,139.48395959572682
2026-06-23 23:45:00,141.11,139.3050508664559
2026-06-24 00:00:00,144.71,137.64145838880424
2026-06-24 00:15:00,141.11,139.65299318439057
2026-06-24 00:30:00,133.17,138.42663706062493
2026-06-24 00:45:00,126.58,130.33943768695715
2026-06-24 01:00:00,130.74,129.89414198647938
2026-06-24 01:15:00,128.08,130.06306331397914
2026-06-24 02:00:00,124.27,129.73726497230965
2026-06-24 02:15:00,122.32,123.72805138697278
2026-06-24 02:30:00,123.0,125.13975796444261
2026-06-24 02:45:00,124.13,124.61307502385415
2026-06-24 03:00:00,124.46,125.32421575772568
2026-06-24 03:15:00,128.08,124.07466108793611
2026-06-24 03:45:00,134.35,128.6232600349551
2026-06-24 04:00:00,128.59,131.18613559938728
2026-06-24 04:15:00,145.17,129.93516504823393
2026-06-24 04:30:00,150.48,134.1645401423644
2026-06-24 04:45:00,150.76,137.18050144211068
2026-06-24 05:00:00,155.22,132.94072999791803
2026-06-24 05:30:00,155.0,133.13063047849198
2026-06-24 05:45:00,141.11,130.50131300060738
2026-06-24 06:00:00,164.31,127.46785319085531
2026-06-24 06:15:00,150.48,128.1842256436753
2026-06-24 06:30:00,141.0,122.20378385444633
2026-06-24 06:45:00,114.99,126.56494823086761
2026-06-24 07:00:00,141.85,126.87378339529957
2026-06-24 07:15:00,129.6,127.28013938737742
2026-06-24 07:30:00,110.39,124.01446512211652
2026-06-24 07:45:00,110.17,101.17802912960599
2026-06-24 08:00:00,129.5,113.13051608617525
2026-06-24 08:15:00,125.0,124.48030785144836
2026-06-24 08:30:00,120.0,107.91886052536121
2026-06-24 08:45:00,83.19,103.57538356077634
2026-06-24 09:00:00,118.23,81.1005127558089
2026-06-24 09:15:00,107.89,100.6460379811996
2026-06-24 09:30:00,103.1,103.18051641460113
2026-06-24 09:45:00,80.52,91.44146378230604
2026-06-24 10:00:00,116.34,76.2778854988063
2026-06-24 10:15:00,92.96,98.51101755598651
2026-06-24 10:30:00,115.16,90.7855469662404
2026-06-24 10:45:00,90.34,92.93275880025872
2026-06-24 11:00:00,100.1,96.85126450372181
2026-06-24 11:15:00,82.2,89.74008477308911
2026-06-24 11:30:00,98.95,80.65925676838015
2026-06-24 11:45:00,101.65,89.98937295378752
2026-06-24 12:00:00,116.21,89.35223952803149
2026-06-24 12:15:00,114.22,97.00894825281391
2026-06-24 12:30:00,83.43,95.04773912459244
2026-06-24 12:45:00,85.63,81.36931615254201
2026-06-24 13:00:00,87.86,88.75297264061813
2026-06-24 13:15:00,99.38,92.52189775813616
2026-06-24 13:30:00,114.28,90.663168933186
2026-06-24 13:45:00,122.38,95.23370837074852
2026-06-24 14:00:00,98.01,104.31297353306805
2026-06-24 14:15:00,109.82,90.92948058439427
2026-06-24 14:30:00,114.32,100.52890384761135
2026-06-24 14:45:00,128.25,95.08424946629567
2026-06-24 15:00:00,110.88,124.48090169258816
2026-06-24 15:15:00,122.49,101.90575243434888
2026-06-24 15:30:00,140.19,97.86625946890868
2026-06-24 15:45:00,154.92,136.81696545906405
2026-06-24 16:00:00,139.75,128.02095467766105
2026-06-24 16:15:00,156.55,137.48734449106922
2026-06-24 16:30:00,205.26,130.37828504604204
2026-06-24 16:45:00,280.0,168.7315509684643
2026-06-24 17:00:00,240.0,177.14670236652225
2026-06-24 17:15:00,280.0,176.33949289682522
2026-06-24 17:30:00,300.0,178.23243305555525
2026-06-24 17:45:00,433.42,176.77291638888863
2026-06-24 18:00:00,341.01,169.65321083333322
2026-06-24 18:15:00,323.15,169.3618108333332
2026-06-24 18:30:00,300.0,169.49088416666655
2026-06-24 18:45:00,281.0,170.1750508333332
2026-06-24 19:00:00,285.0,171.45782749999978
2026-06-24 19:15:00,281.0,172.47478638888876
2026-06-24 19:30:00,279.36,174.17891972222213
2026-06-24 19:45:00,240.0,178.7306163896071
2026-06-24 20:00:00,280.0,180.5582780562739
2026-06-24 20:15:00,260.0,182.331983135639
2026-06-24 20:30:00,262.17,182.66618869119458
2026-06-24 20:45:00,240.0,182.65537402452793
2026-06-24 21:00:00,244.84,178.41872758008353
2026-06-24 21:15:00,177.19,180.52274326635805
2026-06-24 21:30:00,176.18,180.9137770989482
2026-06-24 21:45:00,158.82,166.2793199219341
2026-06-24 22:00:00,200.1,162.0689097079843
2026-06-24 22:15:00,171.0,181.52325519942315
2026-06-24 22:30:00,150.5,151.44119454751282
2026-06-24 22:45:00,126.19,136.870408332168
2026-06-24 23:00:00,129.69,153.0810700977258
2026-06-24 23:15:00,129.4,143.6200573815198
2026-06-24 23:30:00,126.19,131.09117713190525
2026-06-24 23:45:00,123.0,128.53158986749696
2026-06-25 00:00:00,119.2,123.32314575016576
2026-06-25 00:15:00,116.69,124.29089634873633
2026-06-25 00:45:00,116.02,121.58595016946533
2026-06-25 01:00:00,116.26,119.72860638169087
2026-06-25 01:15:00,115.78,120.62550371992343
2026-06-25 01:30:00,116.02,119.28869476856067
2026-06-25 01:45:00,115.78,117.79400539722623
2026-06-25 03:00:00,106.78,117.36112494259797
2026-06-25 03:15:00,115.3,123.53384390503781
2026-06-25 03:30:00,115.54,112.87405453842088
2026-06-25 03:45:00,116.0,116.24092993706492
2026-06-25 04:00:00,116.02,114.57928783607485
2026-06-25 04:15:00,116.69,117.51475597081368
2026-06-25 04:30:00,119.2,116.268726034473
2026-06-25 04:45:00,122.17,120.88599419902394
2026-06-25 05:00:00,123.0,125.83727148795796
2026-06-25 05:15:00,122.17,123.30373911441306
2026-06-25 05:30:00,117.95,123.9429629161179
2026-06-25 05:45:00,115.3,117.18858981994667
2026-06-25 06:00:00,136.52,114.83882147041693
2026-06-25 06:15:00,116.26,123.2367628093374
2026-06-25 06:30:00,102.0,117.60170854022935
2026-06-25 06:45:00,97.94,125.48164082466103
2026-06-25 07:00:00,121.26,107.5828754956205
2026-06-25 07:15:00,112.25,104.74769729249508
2026-06-25 07:30:00,103.77,100.38470182838734
2026-06-25 07:45:00,82.75,95.7007712493916
2026-06-25 08:00:00,100.43,76.70154972622747
2026-06-25 08:15:00,93.68,92.6855481597148
2026-06-25 08:30:00,80.01,91.45441868193954
2026-06-25 08:45:00,57.0,74.90267399809008
2026-06-25 09:00:00,96.12,56.26004242271506
2026-06-25 09:15:00,81.72,90.56867099157597
2026-06-25 09:30:00,72.19,74.84387104497296
2026-06-25 09:45:00,62.54,75.79862517479245
2026-06-25 10:00:00,73.94,66.39869894388602
2026-06-25 10:15:00,61.2,76.70648386693168
2026-06-25 10:30:00,64.98,57.55391104812991
2026-06-25 10:45:00,35.76,66.42966736788172
2026-06-25 11:00:00,62.87,44.04808480734972
2026-06-25 11:15:00,52.87,58.381956484433914
2026-06-25 11:30:00,46.25,52.213940301867865
2026-06-25 11:45:00,45.17,47.87752809220351
2026-06-25 12:00:00,32.06,47.232381699487114
2026-06-25 12:15:00,41.5,32.51439233207014
2026-06-25 12:30:00,68.75,46.56936653667371
2026-06-25 12:45:00,85.93,68.13586390210452
2026-06-25 13:00:00,57.45,61.81362509373889
2026-06-25 13:15:00,71.12,55.79699101004611
2026-06-25 13:30:00,89.75,76.10541750953668
2026-06-25 13:45:00,99.5,89.59240457807272
2026-06-25 14:00:00,66.8,90.63701896621647
2026-06-25 14:15:00,86.29,70.09572256017573
2026-06-25 14:30:00,100.01,85.76114910171158
2026-06-25 14:45:00,116.16,90.22995089724284
2026-06-25 15:00:00,78.47,99.07159432584103
2026-06-25 15:15:00,107.13,84.64488372002111
2026-06-25 15:30:00,115.8,101.00292684232404
2026-06-25 15:45:00,119.36,97.61447862028302
2026-06-25 16:00:00,91.39,100.98530880033123
2026-06-25 16:15:00,94.13,100.05021564614371
2026-06-25 16:30:00,129.49,101.44030367607647
2026-06-25 16:45:00,194.34,128.37967726041313
2026-06-25 17:00:00,138.09,161.1622953186626
2026-06-25 17:15:00,171.44,128.2683186034624
2026-06-25 17:30:00,210.49,117.14738954872216
2026-06-25 17:45:00,260.0,170.89400658730145
2026-06-25 18:00:00,211.68,169.7610359523809
2026-06-25 18:15:00,207.76,166.35270190836934
2026-06-25 18:30:00,189.99,167.90179038359778
2026-06-25 18:45:00,122.17,168.41545925925914
2026-06-25 19:00:00,181.27,144.2073674662068
2026-06-25 19:15:00,161.49,159.80068488280227
2026-06-25 19:30:00,192.8,139.23169362225715
2026-06-25 19:45:00,141.76,176.35647601452675
2026-06-25 20:00:00,182.19,135.62369094937765
2026-06-25 20:15:00,148.78,185.0636283690121
2026-06-25 20:30:00,171.96,154.4301536083704
2026-06-25 20:45:00,159.25,153.11652598681795
2026-06-25 21:00:00,138.29,145.78408724417164
2026-06-25 21:15:00,129.93,133.9868047222451
2026-06-25 21:45:00,126.19,138.00126164370073
2026-06-25 22:00:00,127.09,131.80870920337776
2026-06-25 22:15:00,125.59,126.91763243040454
2026-06-25 22:30:00,122.82,123.81022501570949
2026-06-25 22:45:00,102.57,122.3308826428144
2026-06-25 23:00:00,123.59,128.02254278405158
2026-06-25 23:15:00,122.17,122.54240304843236
2026-06-25 23:30:00,122.0,121.74138281696578
2026-06-25 23:45:00,111.7,122.1584010221026
2026-06-26 00:00:00,122.4,116.7110465051916
2026-06-26 00:15:00,97.77,122.52143401847461
2026-06-26 00:30:00,106.02,108.02482492581137
2026-06-26 00:45:00,103.41,109.60126827659774
2026-06-26 01:00:00,116.47,116.1921399020333
2026-06-26 01:15:00,106.91,118.44920741349323
2026-06-26 01:30:00,113.47,108.28144944201557
2026-06-26 01:45:00,103.15,113.20390075532714
2026-06-26 02:00:00,109.94,115.30904519498006
2026-06-26 02:15:00,96.15,108.0479389664191
2026-06-26 02:30:00,109.35,97.99564610778266
2026-06-26 02:45:00,114.0,107.28288142937978
2026-06-26 03:00:00,96.98,112.43084977939955
2026-06-26 03:15:00,118.0,93.91910894958772
2026-06-26 03:30:00,120.48,117.01348034915507
2026-06-26 03:45:00,122.17,118.70079549432911
2026-06-26 04:00:00,122.59,122.36980514067326
2026-06-26 04:15:00,125.11,122.9098270219731
2026-06-26 04:30:00,127.09,122.69848141217182
2026-06-26 05:00:00,137.5,124.37696216332789
2026-06-26 05:15:00,141.13,130.96382208348635
2026-06-26 05:30:00,127.11,134.18143262479597
2026-06-26 05:45:00,119.2,122.33679120497621
2026-06-26 06:00:00,137.7,120.62186355830238
2026-06-26 06:15:00,122.17,128.50288029967908
2026-06-26 06:30:00,115.59,120.34129996725646
2026-06-26 06:45:00,108.56,113.12543700279096
2026-06-26 07:00:00,118.18,116.76117427401128
2026-06-26 07:15:00,123.15,112.69447937406663
2026-06-26 07:30:00,103.98,115.60875446780209
2026-06-26 07:45:00,94.93,94.70949568661213
2026-06-26 08:00:00,113.62,99.5388565153951
2026-06-26 08:15:00,107.47,96.05696032997106
2026-06-26 08:30:00,88.6,96.37614788457348
2026-06-26 08:45:00,69.68,89.53125853414033
2026-06-26 09:00:00,104.0,87.31629351967243
2026-06-26 09:15:00,95.75,91.11434366298477
2026-06-26 09:30:00,83.02,90.94170051072122
2026-06-26 09:45:00,71.0,73.81398159374761
2026-06-26 10:00:00,91.6,85.7841699990223
2026-06-26 10:15:00,85.35,90.38823830795424
2026-06-26 10:30:00,84.12,81.58943809149008
2026-06-26 10:45:00,53.39,77.60405576613671
2026-06-26 11:00:00,78.35,54.919485267736476
2026-06-26 11:15:00,63.15,71.62564480477457
2026-06-26 11:30:00,59.51,59.7485760000059
2026-06-26 11:45:00,56.92,55.68697751950403
2026-06-26 12:00:00,59.83,57.41411117110746
2026-06-26 12:15:00,58.36,59.71133328780236
2026-06-26 12:30:00,82.51,58.8880113038028
2026-06-26 12:45:00,82.66,63.71435292511544
2026-06-26 13:00:00,74.17,63.790571155917924
2026-06-26 13:15:00,88.67,71.07023084119714
2026-06-26 13:30:00,83.8,90.53493172642497
2026-06-26 13:45:00,98.35,80.57896512636965
2026-06-26 14:00:00,68.95,91.78697130670866
2026-06-26 14:15:00,83.45,70.13338723869627
2026-06-26 14:30:00,103.75,80.18128007651553
2026-06-26 14:45:00,123.52,93.29131962827363
2026-06-26 15:00:00,87.0,97.5426556251931
2026-06-26 15:15:00,110.4,91.39929209200727
2026-06-26 15:30:00,120.15,101.24746501866724
2026-06-26 15:45:00,135.79,99.91802961204394
2026-06-26 16:00:00,94.25,136.78226450921872
2026-06-26 16:15:00,135.86,103.21092892906964
2026-06-26 16:30:00,161.94,133.1094470405415
2026-06-26 16:45:00,211.97,127.64032610332754
2026-06-26 17:00:00,159.8,163.4729691606541
2026-06-26 17:15:00,192.83,122.37561647227054
2026-06-26 17:30:00,248.81,166.97364417036238
2026-06-26 17:45:00,263.28,176.9339933333331
2026-06-26 18:00:00,241.0,174.743995674603
2026-06-26 18:15:00,239.16,174.80281678571416
2026-06-26 18:30:00,259.49,174.18119138888875
2026-06-26 18:45:00,247.25,174.9303580555554
2026-06-26 19:00:00,254.4,173.99655805555537
2026-06-26 19:15:00,235.52,174.37376264429997
2026-06-26 19:30:00,211.66,174.414224722222
2026-06-26 19:45:00,194.74,171.88924124460382
2026-06-26 20:00:00,258.28,183.08297478066999
2026-06-26 20:15:00,205.87,186.91551148881348
2026-06-26 20:30:00,185.01,183.79004479876815
2026-06-26 20:45:00,161.32,177.68357962565605
2026-06-26 21:00:00,176.48,154.37463922802309
2026-06-26 21:15:00,157.47,166.9825660934111
2026-06-26 21:30:00,145.87,143.21792679023423
2026-06-26 21:45:00,139.62,136.57832812689477
2026-06-26 22:00:00,145.68,140.95417343363917
2026-06-26 22:15:00,135.17,142.07235519855095
2026-06-26 22:30:00,128.79,132.3082358933259
2026-06-26 22:45:00,122.17,127.08594986783821
2026-06-26 23:00:00,130.69,127.32873237426475
2026-06-26 23:15:00,126.19,126.96572745874691
2026-06-26 23:30:00,122.92,123.73599165446763
2026-06-26 23:45:00,119.33,122.49523313624638
2026-06-27 00:00:00,120.41,124.5140151082426
2026-06-27 00:15:00,119.19,120.54008745658273
2026-06-27 00:30:00,116.57,120.56471848960047
2026-06-27 00:45:00,116.71,116.88815504602417
2026-06-27 01:00:00,117.89,116.57474230859307
2026-06-27 01:15:00,114.32,117.4518243908767
2026-06-27 01:30:00,116.11,112.31177453341974
2026-06-27 01:45:00,115.0,117.07301920676716
2026-06-27 02:00:00,114.77,112.61683606372894
2026-06-27 02:15:00,116.11,113.00135253226561
2026-06-27 02:30:00,116.1,116.88811547087984
2026-06-27 02:45:00,114.32,117.25459175676743
2026-06-27 03:00:00,115.4,112.8973216424099
2026-06-27 03:15:00,113.85,117.05333418869547
2026-06-27 03:30:00,113.84,113.15418774480291
2026-06-27 03:45:00,112.91,113.66648500565665
2026-06-27 04:00:00,115.01,113.03361012755998
2026-06-27 04:15:00,112.91,113.42776053901825
2026-06-27 04:30:00,112.01,113.76376361582336
2026-06-27 04:45:00,110.97,111.19642105004165
2026-06-27 05:00:00,115.33,112.98666446219414
2026-06-27 05:15:00,113.84,116.24042695430961
2026-06-27 05:30:00,112.91,113.45716506140243
2026-06-27 05:45:00,95.01,111.17300010170453
2026-06-27 06:00:00,118.85,101.9917840354033
2026-06-27 06:15:00,112.61,114.57546413785496
2026-06-27 06:30:00,79.74,110.34461595167345
2026-06-27 06:45:00,70.0,74.95522280615104
2026-06-27 07:00:00,109.87,81.92850435353688
2026-06-27 07:15:00,79.48,101.71033271065909
2026-06-27 07:30:00,55.36,74.44558070797588
2026-06-27 07:45:00,32.99,53.36874295955856
2026-06-27 08:00:00,64.42,44.41273594771247
2026-06-27 08:15:00,42.82,61.501695333469264
2026-06-27 08:30:00,22.43,44.653857187807674
2026-06-27 08:45:00,14.43,21.788670887029724
2026-06-27 09:00:00,26.27,20.203588574316175
2026-06-27 09:15:00,25.79,25.22125840920867
2026-06-27 09:30:00,35.28,21.99461409240572
2026-06-27 09:45:00,14.91,36.1683946400618
2026-06-27 10:00:00,14.17,20.775532698675967
2026-06-27 10:15:00,8.14,21.09275739079653
2026-06-27 10:30:00,14.04,13.748991661449066
2026-06-27 10:45:00,24.6,20.357334238463626
2026-06-27 11:00:00,0.16,18.009651755745022
2026-06-27 11:15:00,0.01,22.259138422129617
2026-06-27 11:45:00,0.03,15.609943357988138
2026-06-27 12:00:00,0.1,13.464100211512198
2026-06-27 12:15:00,1.4,22.483131132976702
2026-06-27 12:30:00,4.08,20.098534722669573
2026-06-27 12:45:00,7.99,14.503274063982104
2026-06-27 13:00:00,2.14,12.511793922157457
2026-06-27 13:15:00,4.0,19.66991593013967
2026-06-27 13:30:00,12.86,14.478711668786085
2026-06-27 13:45:00,32.07,16.639349178193942
2026-06-27 14:00:00,9.1,30.943124516111645
2026-06-27 14:15:00,35.0,14.658554893262504
2026-06-27 14:30:00,60.79,39.073559401964324
2026-06-27 14:45:00,58.99,51.26830620367546
2026-06-27 15:00:00,61.97,55.234605234041716
2026-06-27 15:15:00,79.23,67.75090262467988
2026-06-27 15:30:00,77.32,88.80605905919957
2026-06-27 15:45:00,110.39,83.33638042368139
2026-06-27 16:00:00,107.22,102.65916799743688
2026-06-27 16:15:00,94.91,99.29472944436174
2026-06-27 16:30:00,92.88,103.75016054172364
2026-06-27 16:45:00,123.3,103.15584253118918
2026-06-27 17:00:00,96.86,97.1506242646556
2026-06-27 17:15:00,136.88,100.22859421239467
2026-06-27 17:30:00,163.05,129.54518264471056
2026-06-27 17:45:00,181.53,123.20994711456287
2026-06-27 18:00:00,96.52,155.32601484423523
2026-06-27 18:15:00,128.56,115.93294432724446
2026-06-27 18:30:00,118.85,131.33929838848226
2026-06-27 18:45:00,127.93,129.43360763089677
2026-06-27 19:00:00,127.19,129.44529776951146
2026-06-27 19:15:00,130.7,128.54495054539282
2026-06-27 19:30:00,138.69,131.28919165675146
2026-06-27 19:45:00,137.14,133.9245389907661
2026-06-27 20:00:00,151.43,132.43743111398393
2026-06-27 20:15:00,151.3,137.98813838816227
2026-06-27 20:30:00,161.45,136.908375438305
2026-06-27 20:45:00,145.01,146.24049909474098
2026-06-27 21:15:00,133.36,144.9630425234577
2026-06-27 21:30:00,134.1,141.83266435472962
2026-06-27 21:45:00,130.69,133.4557179465825
2026-06-27 22:00:00,145.31,135.2882881989092
2026-06-27 22:15:00,125.01,140.03280450726487
2026-06-27 22:30:00,120.0,125.26125758013566
2026-06-27 22:45:00,116.86,122.91969781186134
2026-06-27 23:00:00,126.07,125.5896640016895
2026-06-27 23:15:00,123.07,127.04067825889057
2026-06-27 23:30:00,123.01,121.6104614605344
2026-06-27 23:45:00,117.16,121.41910206601298
2026-06-28 00:00:00,122.79,116.3216098650517
2026-06-28 00:15:00,120.62,121.02086300847454
2026-06-28 00:30:00,118.82,122.37307273483653
2026-06-28 00:45:00,116.5,116.35606503522938
2026-06-28 01:00:00,116.18,114.17800355221547
2026-06-28 01:15:00,115.59,115.14416967516273
2026-06-28 01:30:00,115.98,115.01388591342025
2026-06-28 01:45:00,115.0,113.83555194354841
2026-06-28 02:00:00,114.6,111.9027488963958
2026-06-28 02:15:00,114.57,113.11901076693728
2026-06-28 02:30:00,115.0,112.1482769662702
2026-06-28 02:45:00,114.77,111.4800219920514
2026-06-28 03:00:00,115.54,111.81898319122988
2026-06-28 03:15:00,115.09,115.14504780355365
2026-06-28 03:30:00,115.0,111.70697858098988
2026-06-28 03:45:00,114.86,111.69476813672246
2026-06-28 04:00:00,116.0,111.76784097991298
2026-06-28 04:15:00,115.0,114.11659545088943
2026-06-28 04:30:00,110.69,111.55273489142805
2026-06-28 04:45:00,106.56,106.37410292044915
2026-06-28 05:00:00,114.6,106.00337607203113
2026-06-28 05:15:00,112.36,111.61712567709418
2026-06-28 05:30:00,104.86,107.35490059734701
2026-06-28 05:45:00,85.9,104.08877793449024
2026-06-28 06:00:00,108.47,84.68847811957102
2026-06-28 06:15:00,82.99,101.91344855241424
2026-06-28 06:30:00,70.44,75.54901998336454
2026-06-28 06:45:00,44.84,70.85778511275288
2026-06-28 07:00:00,67.55,68.57120233551623
2026-06-28 07:15:00,37.96,65.84702142224378
2026-06-28 07:30:00,18.08,38.29299797145175
2026-06-28 07:45:00,7.66,20.543284172235907
2026-06-28 08:00:00,14.43,21.157302717219164
2026-06-28 08:15:00,4.99,17.034687172093093
2026-06-28 08:30:00,0.84,7.750379962803723
2026-06-28 08:45:00,0.6,3.0202613378778347
2026-06-28 09:00:00,0.54,3.114371860269782
2026-06-28 09:15:00,0.02,2.960458683715985
2026-06-28 09:30:00,0.01,1.6385655116185238
2026-06-28 09:45:00,0.71,1.6941007941339958
2026-06-28 10:00:00,0.0,4.0787439730646895
2026-06-28 10:30:00,0.05,1.8265535851683725
2026-06-28 10:45:00,0.0,1.918230774055061
2026-06-28 13:15:00,0.01,1.8157307624977717
2026-06-28 13:30:00,0.99,1.7726557159493386
2026-06-28 13:45:00,5.48,3.627185672803546
2026-06-28 14:00:00,0.45,11.872460715815375
2026-06-28 14:15:00,8.43,4.6177802580725995
2026-06-28 14:30:00,8.63,12.791709874006509
2026-06-28 14:45:00,25.63,12.435038063282677
2026-06-28 15:00:00,27.73,34.99464805032251
2026-06-28 15:15:00,48.14,39.903971876855394
2026-06-28 15:30:00,74.43,56.60528611467775
2026-06-28 15:45:00,112.3,68.57444954293953
2026-06-28 16:00:00,105.26,85.84396226100523
2026-06-28 16:15:00,107.53,89.18176094076706
2026-06-28 16:30:00,100.03,96.44834185844904
2026-06-28 16:45:00,126.75,99.056258112328
2026-06-28 17:00:00,112.75,121.91330864836188
2026-06-28 17:15:00,132.91,112.30361746377348
2026-06-28 17:30:00,135.95,131.4168903845322
2026-06-28 17:45:00,150.46,135.6724806961201
2026-06-28 18:00:00,117.99,127.22232676734927
2026-06-28 18:15:00,123.09,115.78730547401217
2026-06-28 18:30:00,124.51,119.25037912421179
2026-06-28 18:45:00,126.07,121.11807768699242
2026-06-28 19:00:00,122.47,127.45515306107787
2026-06-28 19:15:00,125.17,121.74490988594148
2026-06-28 19:30:00,127.57,122.54536183812391
2026-06-28 20:00:00,132.39,126.40058040751491
2026-06-28 20:15:00,132.01,130.8327537409612
2026-06-28 20:30:00,141.99,135.7503857704802
2026-06-28 20:45:00,130.0,138.72378197452093
2026-06-28 21:00:00,135.55,130.5832256743655
2026-06-28 21:15:00,127.21,132.7940133822929
2026-06-28 21:30:00,126.74,130.2473276439984
2026-06-28 21:45:00,120.0,127.52810345793728
2026-06-28 22:00:00,132.75,121.54840899871056
2026-06-28 22:15:00,125.89,128.33710384079825
2026-06-28 22:30:00,119.83,124.91243343987145
2026-06-28 22:45:00,114.0,118.86377487728181
2026-06-28 23:00:00,115.99,119.20782448729331
2026-06-28 23:15:00,113.24,118.77498248106747
2026-06-28 23:30:00,114.0,116.98562920435916
2026-06-28 23:45:00,111.43,117.13152099325035
2026-06-29 00:00:00,115.5,112.90282487924824
2026-06-29 00:15:00,114.0,116.07554276044442
2026-06-29 00:30:00,111.97,113.79497096679277
2026-06-29 00:45:00,108.0,113.18313831179958
2026-06-29 01:00:00,110.0,109.99807985306461
2026-06-29 01:15:00,107.33,107.90260010199366
2026-06-29 01:30:00,108.0,104.47533834572462
2026-06-29 01:45:00,104.0,106.33868005131238
2026-06-29 02:00:00,100.0,105.78676760383074
2026-06-29 02:30:00,99.47,98.43575104323708
2026-06-29 02:45:00,100.0,98.43523806411947
2026-06-29 03:15:00,104.71,97.63184858560652
2026-06-29 03:30:00,105.0,104.99375640155888
2026-06-29 03:45:00,110.01,103.94716112952129
2026-06-29 04:00:00,104.8,106.49452818656803
2026-06-29 04:15:00,121.59,104.39782429839947
2026-06-29 04:30:00,122.6,121.06686545657794
2026-06-29 04:45:00,140.0,121.19259098068423
2026-06-29 05:00:00,137.01,132.712858507722
2026-06-29 05:15:00,151.18,131.04251839425584
2026-06-29 05:30:00,140.11,126.78060009374377
2026-06-29 05:45:00,139.71,128.61636958406214
2026-06-29 06:00:00,141.29,125.93773119001357
2026-06-29 06:15:00,150.26,128.25986039027254
2026-06-29 06:30:00,139.6,119.2138299497953
2026-06-29 06:45:00,122.0,127.06922225084843
2026-06-29 07:00:00,132.0,117.01562228972068
2026-06-29 07:15:00,124.7,124.03297099263817
2026-06-29 07:30:00,117.06,105.69158384478355
2026-06-29 07:45:00,110.03,96.6278419567905
2026-06-29 08:00:00,117.05,106.9005792969809
2026-06-29 08:15:00,108.98,97.67265842792011
2026-06-29 08:30:00,104.21,99.30017025156286
2026-06-29 08:45:00,97.46,96.16637421619137
2026-06-29 09:00:00,108.63,89.30919244855207
2026-06-29 09:15:00,99.86,97.56644801228235
2026-06-29 09:30:00,97.45,93.9406601266104
2026-06-29 09:45:00,90.46,93.22879257445929
2026-06-29 10:00:00,93.0,92.82335244647167
2026-06-29 10:15:00,92.22,89.59688730394213
2026-06-29 10:30:00,90.0,89.85682382136679
2026-06-29 10:45:00,82.81,91.67695916386991
2026-06-29 11:00:00,89.0,77.37868790537458
2026-06-29 11:15:00,82.77,90.81672037964407
2026-06-29 11:30:00,79.08,76.37144832582557
2026-06-29 11:45:00,77.26,73.33538145640433
2026-06-29 12:00:00,81.0,72.39775457934327
2026-06-29 12:15:00,84.99,75.131898128149
2026-06-29 12:30:00,88.0,82.09668356001781
2026-06-29 12:45:00,91.55,90.05772031742663
2026-06-29 13:00:00,88.8,90.64957189443616
2026-06-29 13:15:00,92.6,91.01573301169826
2026-06-29 13:30:00,98.88,90.95926032264812
2026-06-29 13:45:00,106.98,93.02503767153357
2026-06-29 14:00:00,93.5,92.94799944561969
2026-06-29 14:15:00,103.77,91.4855958158844
2026-06-29 14:30:00,91.55,90.16891738073672
2026-06-29 14:45:00,112.49,91.87201543785419
2026-06-29 15:00:00,91.12,100.47647493287732
2026-06-29 15:15:00,106.93,103.56000311042993
2026-06-29 15:30:00,113.43,94.10125988483891
2026-06-29 15:45:00,138.01,100.61032061712292
2026-06-29 16:00:00,102.06,136.44800621798407
2026-06-29 16:15:00,111.83,93.48089492738916
2026-06-29 16:30:00,125.11,103.81064579677648
2026-06-29 16:45:00,201.49,114.16992259623034
2026-06-29 17:00:00,151.12,155.56388159007977
2026-06-29 17:15:00,176.44,126.90756622650319
2026-06-29 17:30:00,207.72,148.4517642323115
2026-06-29 17:45:00,252.3,162.7573227621177
2026-06-29 18:00:00,213.96,182.9106353294853
2026-06-29 18:15:00,205.99,175.45913831175153
2026-06-29 18:30:00,203.93,168.82363953474533
2026-06-29 18:45:00,150.22,168.28025902924395
2026-06-29 19:00:00,205.99,146.12173059318664
2026-06-29 19:15:00,191.42,164.00901397764136
2026-06-29 19:30:00,151.53,163.8863692924562
2026-06-29 19:45:00,145.7,136.99314994349095
2026-06-29 20:00:00,214.58,157.25914192623657
2026-06-29 20:15:00,159.45,185.62534981318552
2026-06-29 20:30:00,205.99,147.93371337229982
2026-06-29 20:45:00,169.17,185.87888922088976
2026-06-29 21:00:00,160.42,149.40012578553652
2026-06-29 21:15:00,130.0,143.64713914962843
2026-06-29 21:30:00,166.44,145.60439127841727
2026-06-29 21:45:00,120.59,146.98626771909923
2026-06-29 22:00:00,129.75,123.92242935394505
2026-06-29 22:15:00,125.21,128.32259704351713
2026-06-29 22:30:00,116.02,128.36484654402636
2026-06-29 22:45:00,112.25,116.39337285349364
2026-06-29 23:00:00,126.11,112.47100293733764
2026-06-29 23:15:00,117.32,124.16889347190806
2026-06-29 23:30:00,116.5,115.84647750516626
2026-06-29 23:45:00,115.54,114.59573553355386
2026-06-30 00:00:00,118.7,114.44036882851586
2026-06-30 00:15:00,116.26,116.67447411470363
2026-06-30 00:30:00,116.02,114.80362999695984
2026-06-30 00:45:00,115.38,114.29673330567768
2026-06-30 01:00:00,115.53,114.15295793661474
2026-06-30 01:15:00,115.0,113.88013355006386
2026-06-30 01:30:00,115.22,112.04608580616267
2026-06-30 01:45:00,115.3,110.03381618885447
2026-06-30 02:00:00,115.78,111.5900586327569
2026-06-30 02:15:00,116.02,114.09697690773265
2026-06-30 02:30:00,116.15,114.1396718013273
2026-06-30 02:45:00,116.5,114.16166671978084
2026-06-30 03:00:00,116.02,114.24768176988451
2026-06-30 03:15:00,116.5,113.93874619088932
2026-06-30 03:30:00,117.62,114.17024290222538
2026-06-30 03:45:00,125.0,114.95625810374884
2026-06-30 04:00:00,117.88,121.35975948449592
2026-06-30 04:15:00,126.75,116.1062993070605
2026-06-30 04:30:00,128.25,124.66566853674168
2026-06-30 04:45:00,129.74,127.85453344168212
2026-06-30 05:00:00,136.75,128.8745501452187
2026-06-30 05:30:00,132.25,133.25130330705994
2026-06-30 05:45:00,129.75,127.51283043968644
2026-06-30 06:00:00,136.75,123.6145986301305
2026-06-30 06:15:00,130.18,131.92020244599232
2026-06-30 06:30:00,119.01,125.24257978346718
2026-06-30 06:45:00,109.04,117.82338677701753
2026-06-30 07:00:00,125.51,118.6210936086206
2026-06-30 07:15:00,116.31,115.2823207643488
2026-06-30 07:30:00,111.01,103.22748960960566
2026-06-30 07:45:00,105.1,100.07277987733148
2026-06-30 08:00:00,119.1,109.51225965953783
2026-06-30 08:15:00,109.6,102.18864211663097
2026-06-30 08:30:00,106.19,99.59046777513011
2026-06-30 08:45:00,99.71,96.28507601039045
2026-06-30 09:00:00,111.18,88.36132969801842
2026-06-30 09:15:00,87.21,101.05274384770082
2026-06-30 09:30:00,84.23,89.58190741073176
2026-06-30 09:45:00,91.35,86.84349870073348
2026-06-30 10:00:00,99.73,95.14843795550823
2026-06-30 10:15:00,96.92,94.89051085257675
2026-06-30 10:30:00,99.28,94.96210542616791
2026-06-30 10:45:00,76.86,94.94117872959913
2026-06-30 11:00:00,86.52,85.42110717289987
2026-06-30 11:15:00,67.0,89.23012216697204
2026-06-30 11:30:00,63.22,78.91369090946877
2026-06-30 11:45:00,63.58,60.22591930322909
2026-06-30 12:00:00,86.45,63.423919831829046
2026-06-30 12:15:00,94.28,84.61201491056514
2026-06-30 12:30:00,91.12,88.86947647230559
2026-06-30 12:45:00,59.75,88.27052797399695
2026-06-30 13:00:00,104.99,63.70001332172067
2026-06-30 13:15:00,103.46,91.41424270979509
2026-06-30 13:30:00,83.49,91.06757455337063
2026-06-30 13:45:00,68.54,67.69184976475907
2026-06-30 14:00:00,115.05,87.17362685918515
2026-06-30 14:15:00,120.21,94.79178719271134
2026-06-30 14:30:00,95.09,102.97008911744447
2026-06-30 14:45:00,99.8,90.82803097783807
2026-06-30 15:00:00,95.79,88.97375834340725
2026-06-30 15:15:00,133.63,91.96970630734556
2026-06-30 15:30:00,108.71,131.82081851243447
2026-06-30 15:45:00,88.84,98.57237965772937
2026-06-30 16:00:00,88.35,97.63156291943443
2026-06-30 16:15:00,123.77,107.13418327312151
2026-06-30 16:30:00,117.98,105.51126492957877
2026-06-30 16:45:00,147.01,111.1851563286061
2026-06-30 17:00:00,164.16,137.54141741132435
2026-06-30 17:15:00,185.64,130.00062345100193
2026-06-30 17:30:00,203.93,163.08616143965077
2026-06-30 17:45:00,249.07,170.36722996272238
2026-06-30 18:00:00,201.23,174.90702900793636
2026-06-30 18:15:00,194.66,167.39592948412695
2026-06-30 18:30:00,198.81,168.7361127910052
2026-06-30 18:45:00,197.94,169.86179521164019
2026-06-30 19:00:00,204.65,163.569055903795
2026-06-30 19:15:00,185.9,167.9112797649572
2026-06-30 19:30:00,177.78,163.72385785944218
2026-06-30 19:45:00,151.67,165.1054406295436
2026-06-30 20:00:00,177.78,150.12717557273797
2026-06-30 20:15:00,175.63,185.21779505380243
2026-06-30 20:30:00,180.0,160.2204503243668
2026-06-30 20:45:00,159.8,185.2142290420669
2026-06-30 21:00:00,165.0,144.51741838571243
2026-06-30 21:15:00,124.78,145.8988606508692
2026-06-30 21:30:00,135.45,131.1837483473576
2026-06-30 21:45:00,117.76,130.2792996167636
2026-06-30 22:00:00,125.32,124.26558728950569
2026-06-30 22:15:00,125.98,121.81098233919256
2026-06-30 22:30:00,115.0,122.76841367875537
2026-06-30 22:45:00,109.0,109.81202419426249
2026-06-30 23:00:00,124.3,109.41104738411583
2026-06-30 23:15:00,121.99,121.33560784144261
2026-06-30 23:30:00,120.3,121.76016906589415
2026-06-30 23:45:00,116.86,118.57783771812278
2026-07-01 00:00:00,121.01,114.44796360786529
2026-07-01 00:15:00,114.88,124.38554419972478
2026-07-01 00:30:00,106.4,111.48181828896256
2026-07-01 00:45:00,102.67,107.65376974954584
2026-07-01 01:00:00,101.0,112.64674163522803
2026-07-01 01:30:00,99.99,106.09972919661558
2026-07-01 01:45:00,99.6,98.30830772775579
2026-07-01 02:00:00,97.33,98.41294846809406
2026-07-01 02:15:00,93.17,96.45367042123165
2026-07-01 02:30:00,93.65,92.76692940193885
2026-07-01 02:45:00,91.17,95.4762890059295
2026-07-01 03:00:00,97.33,93.033760776234
2026-07-01 03:15:00,98.83,96.34658594460652
2026-07-01 03:30:00,98.22,97.47625001177224
2026-07-01 03:45:00,99.9,97.35033528319536
2026-07-01 04:00:00,101.6,97.56223571380505
2026-07-01 04:15:00,114.0,101.62615535348493
2026-07-01 04:30:00,115.69,111.23469036876998
2026-07-01 04:45:00,122.82,114.29362339602451
2026-07-01 05:00:00,125.88,125.7565189056021
2026-07-01 05:15:00,129.19,123.2376225760352
2026-07-01 05:30:00,118.0,125.6124959727454
2026-07-01 05:45:00,120.06,115.31913865518646
2026-07-01 06:00:00,153.98,118.00093063854317
2026-07-01 06:15:00,123.52,123.00869233458232
2026-07-01 06:30:00,119.41,115.49736617967388
2026-07-01 06:45:00,81.78,115.74373151381923
2026-07-01 07:00:00,142.18,90.50786366859147
2026-07-01 07:15:00,114.24,127.73050766908187
2026-07-01 07:30:00,115.22,95.64776614895855
2026-07-01 07:45:00,89.12,92.74233875739989
2026-07-01 08:00:00,132.27,96.41923780851863
2026-07-01 08:15:00,93.62,124.13937337646273
2026-07-01 08:30:00,121.01,95.37042882781303
2026-07-01 08:45:00,81.78,95.06474811841184
2026-07-01 09:00:00,111.0,89.11699625985521
2026-07-01 09:15:00,103.06,99.52442439708344
2026-07-01 09:30:00,98.75,107.00366786082984
2026-07-01 09:45:00,70.27,95.94710828410413
2026-07-01 10:00:00,99.21,88.68400082514344
2026-07-01 10:15:00,81.47,96.32773366807221
2026-07-01 10:30:00,114.67,85.58501696079664
2026-07-01 10:45:00,64.66,105.41459367203925
2026-07-01 11:00:00,113.48,79.48364559004334
2026-07-01 11:15:00,42.8,100.79124647024408
2026-07-01 11:30:00,0.0,72.81262458522782
2026-07-01 12:00:00,57.03,14.27201477683554
2026-07-01 12:15:00,44.01,78.65484802686457
2026-07-01 12:30:00,66.16,47.540248557046354
2026-07-01 12:45:00,40.36,35.14112342485617
2026-07-01 13:00:00,48.66,49.588304429607874
2026-07-01 13:15:00,41.26,54.64203884030617
2026-07-01 13:30:00,0.0,52.2777026949624
2026-07-01 14:30:00,0.01,11.54008723289667
2026-07-01 14:45:00,44.74,11.270014288431582
2026-07-01 15:00:00,30.16,57.00373820551977
2026-07-01 15:15:00,55.88,45.10430005863978
2026-07-01 15:30:00,67.06,69.46771457899756
2026-07-01 15:45:00,114.83,71.42867479463379
2026-07-01 16:00:00,74.16,77.63649170699895
2026-07-01 16:15:00,96.75,79.4813034465263
2026-07-01 16:30:00,120.06,109.93754585004756
2026-07-01 16:45:00,121.12,119.12231269582728
2026-07-01 17:00:00,111.62,115.12679527944209
2026-07-01 17:15:00,99.58,108.71942933709218
2026-07-01 17:30:00,125.2,109.76485082219733
2026-07-01 17:45:00,169.01,120.01150065024468
2026-07-01 18:00:00,131.21,129.50811956088646
2026-07-01 18:15:00,127.08,129.062091188172
2026-07-01 18:30:00,178.71,124.80815936400482
2026-07-01 18:45:00,121.01,157.2216053700098
2026-07-01 19:00:00,153.63,121.46723844691927
2026-07-01 19:15:00,125.14,137.69424333336474
2026-07-01 19:30:00,131.0,127.13074223784717
2026-07-01 19:45:00,117.61,131.07058625085475
2026-07-01 20:00:00,124.11,120.059574532664
2026-07-01 20:15:00,116.36,122.66954907697031
2026-07-01 20:30:00,136.89,117.84734122399593
2026-07-01 20:45:00,125.4,132.19719976300496
2026-07-01 21:00:00,148.64,122.2372843728874
2026-07-01 21:15:00,109.0,133.5285182685447
2026-07-01 21:30:00,109.92,118.89562974144513
2026-07-01 21:45:00,82.64,116.31555214914769
2026-07-01 22:00:00,111.67,91.21455151981577
2026-07-01 22:15:00,103.15,114.8316725702796
2026-07-01 22:30:00,91.63,107.22272949357429
2026-07-01 22:45:00,88.22,91.75913120044797
2026-07-01 23:00:00,95.09,94.43890826926636
2026-07-01 23:15:00,88.85,96.56918379416499
2026-07-01 23:30:00,85.0,89.02950845283212
2026-07-01 23:45:00,82.03,80.73945742420185
2026-07-02 00:00:00,88.83,85.02961034149175
2026-07-02 00:15:00,86.59,87.55588939303934
2026-07-02 00:30:00,81.56,84.2180697503833
2026-07-02 00:45:00,78.02,78.76748946623998
2026-07-02 01:00:00,73.23,80.04172773355008
2026-07-02 01:15:00,68.68,76.53795260547118
2026-07-02 01:30:00,68.34,69.30288619450091
2026-07-02 01:45:00,66.14,68.57558782119246
2026-07-02 02:15:00,62.22,67.13586734459787
2026-07-02 02:30:00,63.47,62.76918720837958
2026-07-02 02:45:00,63.17,62.99104824417508
2026-07-02 03:00:00,64.63,63.504790750684684
2026-07-02 03:15:00,66.14,66.44830908207047
2026-07-02 03:45:00,73.23,67.29694576947001
2026-07-02 04:00:00,66.5,73.45055286648015
2026-07-02 04:15:00,74.9,67.59973834380497
2026-07-02 04:30:00,75.0,77.82537352701918
2026-07-02 04:45:00,80.47,77.89957024670967
2026-07-02 05:00:00,92.87,78.25073077292923
2026-07-02 05:15:00,90.73,91.61832783636703
2026-07-02 05:30:00,84.02,90.49642430332007
2026-07-02 05:45:00,73.23,82.52370285004459
2026-07-02 06:00:00,98.4,81.55730984419742
2026-07-02 06:15:00,66.14,96.41217785444357
2026-07-02 06:30:00,40.78,68.46388110762291
2026-07-02 06:45:00,14.55,54.616969985719926
2026-07-02 07:00:00,42.72,26.58270641182481
2026-07-02 07:15:00,14.28,46.64884243182606
2026-07-02 07:30:00,2.0,17.242816600303446
2026-07-02 07:45:00,1.0,5.033653401667853
2026-07-02 08:00:00,0.77,5.4267303552422055
2026-07-02 08:15:00,0.01,3.030806104944517
2026-07-02 08:30:00,0.0,2.2842055094596985
2026-07-02 09:15:00,-0.01,1.8784535314276958
2026-07-02 15:00:00,0.0,3.165042341587914
2026-07-02 15:45:00,0.05,2.165013216009639
2026-07-02 16:00:00,27.53,6.5281133284450625
2026-07-02 16:15:00,41.94,38.491421322190774
2026-07-02 16:30:00,84.3,38.98299689369471
2026-07-02 16:45:00,103.84,67.90704273413566
2026-07-02 17:00:00,76.71,92.88921165439086
2026-07-02 17:15:00,100.25,74.3464060563502
2026-07-02 17:30:00,107.77,108.57173182160622
2026-07-02 17:45:00,126.45,104.19264480624372
2026-07-02 18:00:00,103.38,121.54156097345377
2026-07-02 18:15:00,113.43,105.92325278310052
2026-07-02 18:30:00,126.16,111.81909804452529
2026-07-02 18:45:00,136.55,122.39885018832432
2026-07-02 19:00:00,118.52,131.93971671485724
2026-07-02 19:15:00,122.28,115.48836040205514
2026-07-02 19:30:00,125.08,120.67644200019545
2026-07-02 19:45:00,124.48,120.97780425823026
2026-07-02 20:00:00,138.27,120.59128207084184
2026-07-02 20:15:00,127.41,127.80602846444303
2026-07-02 20:30:00,137.47,124.49569932383795
2026-07-02 20:45:00,120.95,128.53282436252368
2026-07-02 21:00:00,132.89,121.56617056068202
2026-07-02 21:15:00,118.97,128.22279930337334
2026-07-02 21:30:00,124.63,117.40443801530071
2026-07-02 21:45:00,115.95,119.05652467974716
2026-07-02 22:00:00,117.95,114.93441869724182
2026-07-02 22:15:00,109.02,115.59177151582254
2026-07-02 22:30:00,101.51,107.29182508804433
2026-07-02 22:45:00,95.85,109.74051507576367
2026-07-02 23:00:00,109.07,108.34579232462593
2026-07-02 23:15:00,98.57,105.59385177330965
2026-07-02 23:30:00,95.63,97.36134369854338
2026-07-02 23:45:00,79.9,96.70390783586129
2026-07-03 00:00:00,97.82,86.13877000278092
2026-07-03 00:15:00,88.72,96.027166375001
2026-07-03 00:30:00,80.09,91.6195151116891
2026-07-03 00:45:00,72.88,77.1699999543428
2026-07-03 01:00:00,77.34,82.32361166055225
2026-07-03 01:15:00,74.05,77.8096727868925
2026-07-03 01:30:00,81.14,77.3384154560251
2026-07-03 01:45:00,80.44,79.65685481018241
2026-07-03 02:00:00,73.3,79.10654803928821
2026-07-03 02:30:00,74.22,73.38155883983436
2026-07-03 02:45:00,84.25,75.053614027615
2026-07-03 03:00:00,80.96,83.841022017304
2026-07-03 03:15:00,80.23,81.18821393752978
2026-07-03 03:30:00,89.02,79.70062337709196
2026-07-03 03:45:00,101.31,91.461056232373
2026-07-03 04:00:00,80.69,100.85074858733127
2026-07-03 04:15:00,105.44,79.83856405853761
2026-07-03 04:30:00,112.69,103.23739517437592
2026-07-03 04:45:00,108.82,112.4760442720001
2026-07-03 05:00:00,131.15,104.60572650443999
2026-07-03 05:15:00,116.1,125.57958860510742
2026-07-03 05:30:00,105.64,113.07038735604208
2026-07-03 05:45:00,81.16,98.38595304895135
2026-07-03 06:00:00,139.5,88.20139116947745
2026-07-03 06:15:00,103.11,122.78396726753456
2026-07-03 06:30:00,78.18,100.117404143387
2026-07-03 06:45:00,53.99,73.11796391811917
2026-07-03 07:00:00,78.27,66.74074155399768
2026-07-03 07:15:00,52.33,82.76525566269333
2026-07-03 07:30:00,19.61,51.90526032496792
2026-07-03 07:45:00,1.16,20.766098581205974
2026-07-03 08:00:00,1.94,14.130266609164158
2026-07-03 08:15:00,1.34,5.505046137074262
2026-07-03 08:30:00,1.03,3.52822616826311
2026-07-03 08:45:00,0.66,2.478160935297793
2026-07-03 09:00:00,0.0,2.285018556520846
2026-07-03 10:00:00,-0.01,1.2559427156343912
2026-07-03 11:00:00,-0.1,0.99057387913926
2026-07-03 11:30:00,-0.11,0.3283205007929259
2026-07-03 12:45:00,-0.1,0.007750537875637448
2026-07-03 13:00:00,-0.05,0.2029089451075091
2026-07-03 13:15:00,-0.03,0.36080497754987184
2026-07-03 13:30:00,-0.11,0.37401326167630383
2026-07-03 13:45:00,-0.06,-0.0024172975578135047
2026-07-03 14:00:00,-0.07,0.25423417754087724
2026-07-03 14:15:00,-0.01,0.2514764413245473
2026-07-03 14:30:00,0.0,0.9699350990025805
2026-07-03 15:30:00,0.2,2.025472300018438
2026-07-03 15:45:00,19.8,6.358306038618689
2026-07-03 16:00:00,5.25,29.285823016236215
2026-07-03 16:15:00,31.78,24.297196331499496
2026-07-03 16:30:00,79.03,43.66322241002774
2026-07-03 16:45:00,100.9,71.87326642937495
2026-07-03 17:00:00,79.99,64.8415907632929
2026-07-03 17:15:00,106.05,74.6141987938185
2026-07-03 17:30:00,123.47,99.36295347435902
2026-07-03 17:45:00,131.7,100.83658725601016
2026-07-03 18:00:00,113.93,126.13838934213149
2026-07-03 18:15:00,121.94,109.34774104327407
2026-07-03 18:30:00,130.96,115.62951347284591
2026-07-03 18:45:00,136.37,124.20801396318052
2026-07-03 19:00:00,121.38,126.65289043966268
2026-07-03 19:15:00,122.47,121.30515523059498
2026-07-03 19:30:00,128.01,122.22568698741506
2026-07-03 19:45:00,122.47,124.82359989320489
2026-07-03 20:00:00,135.3,121.00261628473919
2026-07-03 20:15:00,131.24,126.21460213940492
2026-07-03 20:30:00,137.15,124.64737741666319
2026-07-03 20:45:00,128.35,126.37268620558434
2026-07-03 21:00:00,133.61,122.34587474221367
2026-07-03 21:15:00,129.4,125.26500574163418
2026-07-03 21:30:00,128.29,123.81863661276181
2026-07-03 21:45:00,120.37,123.48411141976763
2026-07-03 22:00:00,126.65,117.16333537490767
2026-07-03 22:15:00,120.04,122.78770932118483
2026-07-03 22:30:00,115.0,118.3779361679249
2026-07-03 22:45:00,114.71,111.56478371766599
2026-07-03 23:00:00,112.0,113.18680286898908
2026-07-03 23:15:00,107.0,110.25321294972842
2026-07-03 23:30:00,103.23,107.8156788078712
2026-07-03 23:45:00,99.0,111.6779856725438
2026-07-04 00:00:00,89.29,99.10254138128472
2026-07-04 00:15:00,85.3,90.83060264021283
2026-07-04 00:30:00,81.33,87.5887680599763
2026-07-04 00:45:00,76.5,83.7134168393134
2026-07-04 01:00:00,75.54,77.99197475264891
2026-07-04 01:15:00,75.3,77.12231213904752
2026-07-04 01:30:00,60.42,75.35064045968623
2026-07-04 01:45:00,55.54,60.8593286296294
2026-07-04 02:00:00,55.38,56.67489260621131
2026-07-04 02:15:00,70.66,57.12578256291067
2026-07-04 02:30:00,60.59,70.65043284927779
2026-07-04 02:45:00,65.76,60.14808571235147
2026-07-04 03:00:00,72.8,68.30379294624858
2026-07-04 03:15:00,74.13,72.45258626185046
2026-07-04 03:30:00,74.88,73.30558167244975
2026-07-04 03:45:00,73.9,74.99234387358469
2026-07-04 04:00:00,66.73,73.55568350357204
2026-07-04 04:15:00,65.51,69.61950231294021
2026-07-04 04:30:00,71.59,68.93294243899298
2026-07-04 04:45:00,62.73,72.21072899103454
2026-07-04 05:00:00,43.73,61.826589859794005
2026-07-04 05:15:00,30.77,44.149287171253114
2026-07-04 05:30:00,40.08,36.3688267677009
2026-07-04 05:45:00,44.76,41.326483542539634
2026-07-04 06:00:00,44.6,43.8265491011876
2026-07-04 06:15:00,28.52,43.16303175772379
2026-07-04 06:30:00,5.88,26.10069012743641
2026-07-04 06:45:00,1.0,9.00769854430577
2026-07-04 07:00:00,1.08,4.263864409055316
2026-07-04 07:15:00,0.01,3.3480375387929278
2026-07-04 07:30:00,0.0,1.5493667768856894
2026-07-04 07:45:00,-0.01,1.4003040766329788
2026-07-04 08:30:00,-0.02,1.1404103557826448
2026-07-04 08:45:00,-0.07,0.9733613020508235
2026-07-04 09:00:00,-0.1,0.4354699643861306
2026-07-04 09:15:00,-0.11,0.35722102170285863
2026-07-04 09:30:00,-0.84,0.17204061478183605
2026-07-04 09:45:00,-1.61,-1.4563412478364268
2026-07-04 10:00:00,-1.36,-2.8066811202195154
2026-07-04 10:15:00,-1.94,-2.7698303139217924
2026-07-04 10:30:00,-2.84,-3.0985853671916024
2026-07-04 10:45:00,-4.14,-3.5576219795127115
2026-07-04 11:00:00,-5.34,-6.02700656790854
2026-07-04 11:15:00,-6.59,-8.20503887892911
2026-07-04 11:30:00,-7.23,-8.814952686283364
2026-07-04 11:45:00,-8.34,-12.270125735585808
2026-07-04 12:00:00,-9.92,-7.779951660034482
2026-07-04 12:15:00,-9.07,-8.358940064722576
2026-07-04 12:30:00,-8.38,-8.081912722313279
2026-07-04 12:45:00,-7.23,-7.470734588348855
2026-07-04 13:00:00,-5.04,-4.487423216418675
2026-07-04 13:15:00,-4.18,-4.324544163981742
2026-07-04 13:30:00,-3.1,-3.2627328311044037
2026-07-04 13:45:00,-2.01,-2.204934098334338
2026-07-04 14:00:00,-0.85,-1.8946125936408675
2026-07-04 14:15:00,-0.12,-1.005280405359025
2026-07-04 14:30:00,-0.11,-0.9369961920554805
2026-07-04 14:45:00,-0.1,0.15175041439720688
2026-07-04 15:15:00,-0.07,0.480754216304357
2026-07-04 15:30:00,-0.02,0.5453882981552478
2026-07-04 15:45:00,-0.01,1.438911603678257
2026-07-04 16:00:00,0.0,2.1925947030839947
2026-07-04 16:15:00,0.29,2.686293575056656
2026-07-04 16:30:00,1.2,5.580458390262325
2026-07-04 16:45:00,10.0,5.89307952337441
2026-07-04 17:00:00,9.0,24.07326291128436
2026-07-04 17:15:00,31.91,23.67829766196719
2026-07-04 17:30:00,45.37,35.258879117598745
2026-07-04 17:45:00,95.95,48.84031519724454
2026-07-04 18:00:00,57.5,69.92637655656806
2026-07-04 18:15:00,86.83,61.76305965762801
2026-07-04 18:30:00,100.4,79.47122834616827
2026-07-04 18:45:00,114.17,104.23312562851865
2026-07-04 19:00:00,110.5,109.10999627825255
2026-07-04 19:15:00,116.5,106.6137426797231
2026-07-04 19:30:00,118.46,117.04003962478224
2026-07-04 19:45:00,120.7,114.24872366368237
2026-07-04 20:00:00,128.84,120.47464029445668
2026-07-04 20:15:00,127.32,125.44173994094287
2026-07-04 20:30:00,128.11,122.75877713780378
2026-07-04 20:45:00,119.3,125.36227466227332
2026-07-04 21:00:00,118.46,115.78950144100068
2026-07-04 21:15:00,113.3,115.51871478534432
2026-07-04 21:30:00,112.4,112.54954368271017
2026-07-04 21:45:00,102.0,109.30888212771912
2026-07-04 22:00:00,125.0,107.74048113407055
2026-07-04 22:15:00,114.88,119.36623980186465
2026-07-04 22:30:00,106.44,110.39330346562681
2026-07-04 22:45:00,103.23,103.78929700524102
2026-07-04 23:00:00,105.0,110.83644306074808
2026-07-04 23:15:00,100.46,105.3843891885292
2026-07-04 23:30:00,99.99,95.84518609450376
2026-07-04 23:45:00,78.58,95.89927782657944
2026-07-05 00:00:00,78.35,81.50950533118863
2026-07-05 00:15:00,42.71,80.45725357086712
2026-07-05 00:30:00,39.01,58.86842328046663
2026-07-05 00:45:00,17.04,52.13771536884674
2026-07-05 01:00:00,15.33,28.160723656636563
2026-07-05 01:15:00,15.93,21.023211419014086
2026-07-05 01:30:00,12.37,20.981099347565497
2026-07-05 01:45:00,4.84,13.66174990116474
2026-07-05 02:00:00,0.01,12.088752240452672
2026-07-05 02:15:00,7.17,11.330357528988241
2026-07-05 02:30:00,7.39,10.614035254240477
2026-07-05 02:45:00,10.55,9.707059896590724
2026-07-05 03:00:00,11.65,11.801623691882122
2026-07-05 03:15:00,18.85,12.009576747794327
2026-07-05 03:30:00,17.32,16.467586985877006
2026-07-05 03:45:00,14.81,16.90185586793825
2026-07-05 04:00:00,9.64,14.808947979344934
2026-07-05 04:15:00,4.85,14.839624553304935
2026-07-05 04:30:00,5.65,15.105596726340734
2026-07-05 04:45:00,6.82,12.710124021391897
2026-07-05 05:00:00,19.05,10.170534076171421
2026-07-05 05:15:00,0.06,16.83910187793782
2026-07-05 05:30:00,9.8,3.2584583676259617
2026-07-05 05:45:00,0.0,10.711113083349156
2026-07-05 06:00:00,-0.01,5.7295328813805915
2026-07-05 07:30:00,-0.02,0.950703102854543
2026-07-05 08:00:00,-0.01,1.7439160894138603
2026-07-05 08:15:00,-0.02,0.9182564821433149
2026-07-05 08:30:00,-0.07,0.7782353943214431
2026-07-05 08:45:00,-0.09,0.2712062375288594
2026-07-05 09:15:00,-0.1,0.20226430363381165
2026-07-05 09:30:00,-0.11,0.20226430363381165
2026-07-05 10:00:00,-0.1,-0.00024405997652260887
2026-07-05 10:45:00,-0.11,0.16434463220602047
2026-07-05 11:00:00,-0.15,-0.004868196134339684
2026-07-05 11:15:00,-0.19,-0.4545383509023575
2026-07-05 11:30:00,-0.91,-0.5638993092833278
2026-07-05 11:45:00,-0.97,-1.5105153113227845
2026-07-05 12:00:00,-1.18,-1.166072004490193
2026-07-05 12:15:00,-1.08,-1.9221969391698657
2026-07-05 12:30:00,-0.99,-2.04043346574935
2026-07-05 12:45:00,-0.94,-1.3755392358830485
2026-07-05 13:00:00,-0.92,-1.1463624682134501
2026-07-05 13:15:00,-0.95,-1.1910704010582907
2026-07-05 13:30:00,-0.92,-1.1653934934697219
2026-07-05 13:45:00,-0.91,-1.1590087605837824
2026-07-05 14:00:00,-0.14,-1.1466909631524558
2026-07-05 14:15:00,-0.11,-0.941881850452286
2026-07-05 15:00:00,-0.01,0.4584325051458335
2026-07-05 16:00:00,0.0,2.248968459278462
2026-07-05 16:15:00,7.4,2.535201422443156
2026-07-05 16:30:00,17.98,16.46599551944752
2026-07-05 16:45:00,38.99,28.224016675312747
2026-07-05 17:00:00,46.55,34.08547783982449
2026-07-05 17:15:00,65.0,56.959855732624455
2026-07-05 17:30:00,88.89,48.7875030069506
2026-07-05 17:45:00,115.0,74.79628434969963
2026-07-05 18:00:00,95.01,89.39508032484969
2026-07-05 18:15:00,121.0,95.55953507720373
2026-07-05 18:30:00,131.84,114.89932803082336
2026-07-05 18:45:00,142.77,125.7755219159755
2026-07-05 19:00:00,130.59,128.1330468004357
2026-07-05 19:15:00,133.89,123.54073645703558
2026-07-05 19:30:00,121.18,122.00465719762714
2026-07-05 19:45:00,109.97,119.2531017503125
2026-07-05 20:00:00,140.65,107.73992392184323
2026-07-05 20:15:00,121.29,128.36707830797693
2026-07-05 20:30:00,135.4,117.74160556907559
2026-07-05 20:45:00,114.86,127.45770355837841
2026-07-05 21:00:00,136.5,115.23160935984735
2026-07-05 21:15:00,117.3,128.66136638527615
2026-07-05 21:30:00,118.9,114.51134634253758
2026-07-05 21:45:00,116.84,113.06175615390278
2026-07-05 22:00:00,135.43,116.94534149270301
2026-07-05 22:15:00,131.43,131.20281900435035
2026-07-05 22:30:00,117.47,129.35723871893794
2026-07-05 22:45:00,64.88,112.56869074099446
2026-07-05 23:00:00,128.64,87.62866383178306
2026-07-05 23:15:00,119.99,129.72140715897334
2026-07-05 23:30:00,121.04,118.12846833812738
2026-07-05 23:45:00,106.73,123.43342218304542
2026-07-06 00:00:00,125.85,113.50224952932248
2026-07-06 00:15:00,108.94,127.37555205271005
2026-07-06 00:30:00,99.17,108.62269043814858
2026-07-06 00:45:00,65.44,96.8188087597692
2026-07-06 01:00:00,91.0,86.91954204386096
2026-07-06 01:15:00,81.42,92.2051765946339
2026-07-06 01:30:00,85.36,80.67963300754612
2026-07-06 01:45:00,84.15,82.32492176363392
2026-07-06 02:00:00,87.58,82.80428026199365
2026-07-06 02:15:00,88.15,87.16545823504401
2026-07-06 02:30:00,78.12,88.04091040869534
2026-07-06 02:45:00,88.03,76.61202659782819
2026-07-06 03:00:00,90.32,88.60492845818035
2026-07-06 03:15:00,98.0,91.34457347127311
2026-07-06 03:30:00,111.33,94.60511317175848
2026-07-06 03:45:00,129.86,109.72648345237685
2026-07-06 04:00:00,112.1,127.6571294620481
2026-07-06 04:15:00,137.84,109.68731818748971
2026-07-06 04:30:00,132.43,137.07754596130056
2026-07-06 04:45:00,136.63,130.9200364411801
2026-07-06 05:00:00,135.43,138.2729429652182
2026-07-06 05:15:00,128.85,133.62857720409156
2026-07-06 05:30:00,123.01,130.01829118044182
2026-07-06 05:45:00,84.71,123.90639572078554
2026-07-06 06:00:00,136.34,81.76779726042692
2026-07-06 06:15:00,116.67,128.6096069891948
2026-07-06 06:30:00,102.73,115.34774729532076
2026-07-06 06:45:00,83.5,100.82101108372784
2026-07-06 07:00:00,109.0,75.9207737061449
2026-07-06 07:15:00,85.0,100.20103802415329
2026-07-06 07:30:00,76.1,75.55117692348391
2026-07-06 07:45:00,68.1,66.77825759613106
2026-07-06 08:00:00,67.96,79.11802720120468
2026-07-06 08:15:00,62.69,63.02444614383584
2026-07-06 08:30:00,48.0,52.60745344628649
2026-07-06 08:45:00,39.1,49.61965728949824
2026-07-06 09:00:00,41.61,44.74693654589536
2026-07-06 09:15:00,38.66,47.73032172681747
2026-07-06 09:30:00,33.39,42.73692932148143
2026-07-06 09:45:00,23.54,30.69057827557391
2026-07-06 10:00:00,23.03,27.16184449304512
2026-07-06 10:15:00,18.77,24.49289715004604
2026-07-06 10:30:00,18.93,19.873167901437768
2026-07-06 10:45:00,10.0,19.13036796503338
2026-07-06 11:00:00,19.84,11.818213332480486
2026-07-06 11:15:00,25.02,20.68571042715564
2026-07-06 11:30:00,12.46,20.77980676299152
2026-07-06 11:45:00,4.98,11.288538264160712
2026-07-06 12:00:00,19.66,10.092553794780542
2026-07-06 12:15:00,11.82,21.84611954421421
2026-07-06 12:30:00,10.33,12.125829164300978
2026-07-06 12:45:00,3.22,11.505205808742357
2026-07-06 13:00:00,6.05,10.206756672274283
2026-07-06 13:15:00,4.37,9.656057843509435
2026-07-06 13:30:00,4.99,9.810571130721806
2026-07-06 13:45:00,0.0,10.294002016088541
2026-07-06 14:30:00,7.77,2.012136614301201
2026-07-06 14:45:00,15.23,12.247664623401548
2026-07-06 15:00:00,22.0,28.34695792517762
2026-07-06 15:15:00,48.1,31.3471792860857
2026-07-06 15:30:00,72.65,48.98567496845303
2026-07-06 15:45:00,75.2,50.0093899786664
2026-07-06 16:15:00,82.5,62.8786608098564
2026-07-06 16:30:00,94.36,75.48637222090768
2026-07-06 16:45:00,107.5,97.18488954198541
2026-07-06 17:00:00,101.95,94.68655400728464
2026-07-06 17:15:00,116.95,96.9113950365765
2026-07-06 17:30:00,130.43,95.22089160121942
2026-07-06 17:45:00,139.34,124.67953635777914
2026-07-06 18:00:00,127.3,128.95906947758675
2026-07-06 18:15:00,137.5,121.88060459298813
2026-07-06 18:30:00,143.43,128.0477235635766
2026-07-06 18:45:00,156.71,128.75552095815527
2026-07-06 19:00:00,154.09,128.88378526642344
2026-07-06 19:15:00,158.44,131.24992079683898
2026-07-06 19:30:00,156.18,134.08894922903028
2026-07-06 19:45:00,146.61,135.99255519960832
2026-07-06 20:00:00,155.71,138.64887876702093
2026-07-06 20:15:00,146.05,142.29627023905505
2026-07-06 20:30:00,153.79,136.87239601466214
2026-07-06 20:45:00,141.57,138.83377333555234
2026-07-06 21:00:00,149.41,135.0922504812418
2026-07-06 21:15:00,134.86,134.85574680303992
2026-07-06 21:30:00,135.0,127.88073278229177
2026-07-06 21:45:00,122.68,129.08184807165316
2026-07-06 22:00:00,133.55,122.71826297882595
2026-07-06 22:15:00,130.46,128.76963432725046
2026-07-06 22:30:00,117.59,125.45282858353137
2026-07-06 22:45:00,112.4,117.4795274774079
2026-07-06 23:00:00,124.58,116.12866069560619
2026-07-06 23:15:00,115.39,122.27527394056854
2026-07-06 23:30:00,114.11,112.80676227600343
2026-07-06 23:45:00,110.93,113.61312127323026
2026-07-07 00:00:00,114.34,111.65115969456768
2026-07-07 00:15:00,109.97,112.52933787251497
2026-07-07 00:30:00,106.42,106.98728488271696
2026-07-07 00:45:00,86.1,107.61442354080013
2026-07-07 01:00:00,104.54,87.86096213910375
2026-07-07 01:15:00,96.37,106.56792624346396
2026-07-07 01:30:00,93.46,95.32877175382198
2026-07-07 01:45:00,84.19,91.17695213036376
2026-07-07 02:00:00,100.11,83.80879622521556
2026-07-07 02:15:00,88.46,96.60284046762342
2026-07-07 02:30:00,84.8,89.74609123947971
2026-07-07 02:45:00,87.61,85.78363680618082
2026-07-07 03:00:00,84.16,87.21736188063112
2026-07-07 03:15:00,91.09,85.01487245229093
2026-07-07 03:30:00,97.45,91.19548402643518
2026-07-07 03:45:00,100.02,96.5737945007994
2026-07-07 04:00:00,89.33,96.8742714810028
2026-07-07 04:15:00,102.96,91.7586054178606
2026-07-07 04:30:00,107.08,107.75689260167115
2026-07-07 04:45:00,110.0,105.62427271703254
2026-07-07 05:00:00,122.02,115.57253043347065
2026-07-07 05:15:00,117.49,121.79825456880002
2026-07-07 05:30:00,117.95,119.05867940464863
2026-07-07 05:45:00,99.88,117.93401328524216
2026-07-07 06:00:00,129.05,107.72332106003864
2026-07-07 06:15:00,114.41,121.86779767463229
2026-07-07 06:30:00,105.31,111.48432864634017
2026-07-07 06:45:00,81.96,107.67723433194736
2026-07-07 07:00:00,121.65,77.11052629500603
2026-07-07 07:15:00,94.0,110.06861878928127
2026-07-07 07:30:00,35.2,89.24720136831554
2026-07-07 07:45:00,16.45,38.19635981650083
2026-07-07 08:00:00,34.93,18.31946440331028
2026-07-07 08:15:00,10.24,41.219260195333995
2026-07-07 08:30:00,0.0,11.741080474020128
2026-07-07 09:45:00,-0.01,2.8984258856598393
2026-07-07 10:00:00,0.0,10.626065542312972
2026-07-07 11:15:00,-0.01,2.7181163713859946
2026-07-07 12:00:00,0.0,1.0184844636957207
2026-07-07 13:00:00,-0.01,1.470439204883622
2026-07-07 13:30:00,0.0,0.9840403392069319
2026-07-07 14:00:00,-0.01,1.433585540472686
2026-07-07 15:00:00,0.0,1.5844878499647386
2026-07-07 15:15:00,-0.01,1.993438193022162
2026-07-07 15:30:00,0.0,1.4400432425258762
2026-07-07 15:45:00,20.12,1.993438193022162
2026-07-07 16:00:00,31.59,37.19953332554717
2026-07-07 16:15:00,84.01,45.34997153194769
2026-07-07 16:30:00,94.6,62.46764642940828
2026-07-07 16:45:00,114.99,88.61080358841309
2026-07-07 17:00:00,90.0,85.21973663164842
2026-07-07 17:15:00,108.54,94.3700122290012
2026-07-07 17:30:00,125.3,98.81825091604973
2026-07-07 17:45:00,136.08,118.04529104015616
2026-07-07 18:00:00,121.4,125.2943853965136
2026-07-07 18:15:00,131.78,116.95268747812115
2026-07-07 18:30:00,138.41,121.44292615451282
2026-07-07 18:45:00,144.61,118.9958248736689
2026-07-07 19:00:00,131.27,123.39901586180031
2026-07-07 19:15:00,133.14,124.3268977019915
2026-07-07 19:30:00,130.12,124.49293186574052
2026-07-07 19:45:00,110.06,125.69545750460185
2026-07-07 20:00:00,131.18,108.20599663677932
2026-07-07 20:15:00,124.43,124.5151483966472
2026-07-07 20:30:00,144.01,119.07355852044287
2026-07-07 20:45:00,140.68,136.18366000002405
2026-07-07 21:00:00,125.28,131.0078919445747
2026-07-07 21:15:00,122.14,120.3707675922672
2026-07-07 21:30:00,120.89,120.24369678093072
2026-07-07 21:45:00,112.51,120.72071233869971
2026-07-07 22:00:00,137.74,113.01793634381899
2026-07-07 22:15:00,127.03,136.16325725699156
2026-07-07 22:30:00,115.88,123.39492987488421
2026-07-07 22:45:00,115.75,116.3404231866882
2026-07-07 23:00:00,127.56,123.01068445440916
2026-07-07 23:15:00,121.32,127.00389344761915
2026-07-07 23:30:00,119.54,120.69579701548372
2026-07-07 23:45:00,112.74,118.3029542159024
2026-07-08 00:00:00,121.44,118.06517180399499
2026-07-08 00:15:00,115.39,121.16016383000104
2026-07-08 00:30:00,114.85,118.08554872011216
2026-07-08 00:45:00,111.48,116.22893787644047
2026-07-08 01:00:00,110.04,116.59950275377474
2026-07-08 01:15:00,109.88,114.41329434830409
2026-07-08 01:30:00,99.39,115.91346513726569
2026-07-08 01:45:00,99.13,98.97455596083807
2026-07-08 02:00:00,99.43,99.18590159123583
2026-07-08 02:15:00,102.64,99.32365740804029
2026-07-08 02:30:00,108.84,109.25423885700489
2026-07-08 02:45:00,111.42,111.35145652603724
2026-07-08 03:00:00,108.39,109.54107246874656
2026-07-08 03:15:00,114.57,105.49203542334257
2026-07-08 03:30:00,119.31,114.42938663533181
2026-07-08 03:45:00,127.13,117.32290885837457
2026-07-08 04:00:00,113.33,124.17934004370673
2026-07-08 04:15:00,131.86,112.50906271002818
2026-07-08 04:30:00,129.67,127.75972269573637
2026-07-08 04:45:00,133.92,126.44053154879032
2026-07-08 05:00:00,140.82,131.45877028040178
2026-07-08 05:15:00,139.02,131.38422770439374
2026-07-08 05:30:00,136.35,131.64974599674207
2026-07-08 05:45:00,125.01,129.3456488819301
2026-07-08 06:00:00,144.3,122.21899412245185
2026-07-08 06:15:00,133.81,127.6226483766561
2026-07-08 06:30:00,127.47,126.38930530837769
2026-07-08 06:45:00,94.42,120.2883772707595
2026-07-08 07:00:00,118.83,99.37039798358396
2026-07-08 07:15:00,90.0,108.55045366294505
2026-07-08 07:30:00,78.9,91.93006750941339
2026-07-08 07:45:00,62.5,69.62246241315138
2026-07-08 08:00:00,75.0,82.29328485490535
2026-07-08 08:15:00,69.65,71.05599177934506
2026-07-08 08:30:00,52.75,65.91311285721474
2026-07-08 08:45:00,32.41,51.92684221481654
2026-07-08 09:00:00,66.74,38.94160397718646
2026-07-08 09:15:00,48.66,61.84791847509942
2026-07-08 09:30:00,42.9,51.38111351293063
2026-07-08 09:45:00,10.84,48.0801890246087
2026-07-08 10:00:00,46.74,15.184407079039554
2026-07-08 10:15:00,16.01,49.91224496100005
2026-07-08 10:30:00,16.27,13.973474273255555
2026-07-08 10:45:00,0.0,13.608111804945795
2026-07-08 11:00:00,0.01,9.374609770739493
2026-07-08 11:15:00,2.24,4.239938061250889
2026-07-08 11:30:00,0.0,6.487846185589921
2026-07-08 12:00:00,1.58,1.4914283388932144
2026-07-08 12:15:00,0.0,4.55371521903056
2026-07-08 12:30:00,4.65,1.6238970322108577
2026-07-08 12:45:00,3.89,8.462660912402896
2026-07-08 13:00:00,4.55,8.557852142658056
2026-07-08 13:15:00,0.13,10.016753522257291
2026-07-08 13:30:00,4.11,2.768772084705118
2026-07-08 13:45:00,17.2,10.285492310063065
2026-07-08 14:00:00,0.0,16.953815152015036
2026-07-08 14:15:00,0.08,1.7405128620038806
2026-07-08 14:30:00,7.07,3.788816318575075
2026-07-08 14:45:00,44.1,13.752884539376788
2026-07-08 15:00:00,72.5,42.20631746024669
2026-07-08 15:15:00,79.99,49.07513200478415
2026-07-08 15:30:00,82.75,73.55116608999765
2026-07-08 15:45:00,90.0,79.47636228235689
2026-07-08 16:00:00,89.56,93.89922172755753
2026-07-08 16:15:00,95.3,93.52800980304187
2026-07-08 16:30:00,115.7,98.12971905768578
2026-07-08 16:45:00,133.84,97.43879610362774
2026-07-08 17:00:00,120.61,128.07161004322083
2026-07-08 17:15:00,134.83,115.53811989147128
2026-07-08 17:30:00,138.84,130.16633251384752
2026-07-08 17:45:00,152.78,127.54803690143022
2026-07-08 18:00:00,133.66,120.4681341409999
2026-07-08 18:15:00,144.43,127.6650492292382
2026-07-08 18:30:00,149.0,125.02123051832537
2026-07-08 18:45:00,159.12,124.16307446706206
2026-07-08 19:00:00,155.01,127.07121830174782
2026-07-08 19:15:00,161.06,132.6034547817342
2026-07-08 19:30:00,163.16,131.5639003095668
2026-07-08 19:45:00,151.13,133.6624278351258
2026-07-08 20:00:00,167.11,129.665489168961
2026-07-08 20:15:00,163.15,142.30823283432676
2026-07-08 20:30:00,159.59,143.32514629004083
2026-07-08 20:45:00,147.1,141.56140178004512
2026-07-08 21:00:00,154.03,130.8213402789076
2026-07-08 21:15:00,145.35,128.77678692029883
2026-07-08 21:30:00,144.37,132.13911926233123
2026-07-08 21:45:00,137.79,135.3251858635417
2026-07-08 22:00:00,151.95,131.3915748394044
2026-07-08 22:15:00,145.07,138.88482707963803
2026-07-08 22:30:00,137.44,137.55232604407365
2026-07-08 22:45:00,128.45,133.624205175601
2026-07-08 23:00:00,139.6,129.39503023014623
2026-07-08 23:15:00,131.12,132.68978869092203
2026-07-08 23:30:00,131.18,125.50026088652068
2026-07-08 23:45:00,126.93,126.09299228770641
2026-07-09 00:00:00,128.71,124.38727696284943
2026-07-09 00:15:00,127.74,126.21705578233546
2026-07-09 00:30:00,127.18,125.40174312413481
2026-07-09 00:45:00,122.81,124.78739885396776
2026-07-09 01:00:00,108.01,121.71208336504196
2026-07-09 01:15:00,108.1,112.85667787082642
2026-07-09 01:30:00,124.61,111.24658792144507
2026-07-09 01:45:00,117.96,120.97458154289889
2026-07-09 02:00:00,101.3,114.79522010751762
2026-07-09 02:15:00,116.58,105.6856619391298
2026-07-09 02:30:00,118.86,113.71651102152745
2026-07-09 02:45:00,121.71,114.45727104174598
2026-07-09 03:00:00,126.69,122.54327031561805
2026-07-09 03:15:00,131.66,124.5328429300253
2026-07-09 03:30:00,135.0,126.24981622925108
2026-07-09 03:45:00,141.3,127.70854014653904
2026-07-09 04:00:00,129.35,135.89649536719904
2026-07-09 04:15:00,146.13,127.31650494954742
2026-07-09 04:30:00,135.99,142.1264735218724
2026-07-09 04:45:00,139.24,130.8269165544934
2026-07-09 05:00:00,152.93,133.5693308692945
2026-07-09 05:15:00,150.94,132.0239295098177
2026-07-09 05:30:00,143.06,134.91526149363176
2026-07-09 05:45:00,130.72,129.83688903221199
2026-07-09 06:00:00,154.08,126.39214345485314
2026-07-09 06:15:00,139.63,126.5893668463924
2026-07-09 06:30:00,134.54,128.46685023487643
2026-07-09 06:45:00,120.16,124.89549469569904
2026-07-09 07:00:00,132.41,116.50090163719278
2026-07-09 07:15:00,113.0,122.2984042046335
2026-07-09 07:30:00,90.0,99.59962697810252
2026-07-09 07:45:00,78.13,89.41147323154296
2026-07-09 08:00:00,82.81,80.93793006957098
2026-07-09 08:15:00,77.83,79.18434936865293
2026-07-09 08:30:00,72.5,75.04593936111533
2026-07-09 08:45:00,53.43,75.46075597615375
2026-07-09 09:00:00,52.14,55.02372247712975
2026-07-09 09:15:00,70.0,54.557908854044
2026-07-09 09:30:00,55.0,69.76750764608667
2026-07-09 09:45:00,39.1,54.18010709205311
2026-07-09 10:00:00,40.62,44.741328008738996
2026-07-09 10:15:00,38.88,49.96124601211891
2026-07-09 10:30:00,38.77,44.71518490721404
2026-07-09 10:45:00,29.48,43.393843335421046
2026-07-09 11:00:00,33.06,28.300867928035885
2026-07-09 11:15:00,26.92,29.036511788161334
2026-07-09 11:30:00,19.49,23.883155226495997
2026-07-09 11:45:00,15.57,21.591389758988733
2026-07-09 12:00:00,25.1,16.916781406985162
2026-07-09 12:15:00,27.67,25.538760534943613
2026-07-09 12:30:00,38.46,25.14901434761837
2026-07-09 12:45:00,34.08,43.77216154825996
2026-07-09 13:00:00,30.44,38.301300221212486
2026-07-09 13:15:00,29.38,30.440669892817017
2026-07-09 13:30:00,31.03,31.290097363457182
2026-07-09 13:45:00,32.85,31.657619272343933
2026-07-09 14:00:00,38.66,35.021002785561485
2026-07-09 14:15:00,46.91,44.11876192465301
2026-07-09 14:30:00,60.7,51.15260142149765
2026-07-09 14:45:00,75.0,51.73897440616299
2026-07-09 15:15:00,78.28,72.41524704591599
2026-07-09 15:30:00,106.32,79.32724280764853
2026-07-09 15:45:00,130.55,92.73481939979918
2026-07-09 16:00:00,97.04,122.86355279638398
2026-07-09 16:15:00,123.36,99.17214063738508
2026-07-09 16:30:00,127.81,92.88550547594492
2026-07-09 16:45:00,147.79,120.19542982483595
2026-07-09 17:00:00,133.64,129.80818979147614
2026-07-09 17:15:00,142.51,129.1872891459908
2026-07-09 17:30:00,161.84,126.74644487471912
2026-07-09 17:45:00,200.92,128.3469529641209
2026-07-09 18:00:00,171.15,159.44663502089332
2026-07-09 18:15:00,170.0,120.56300308898605
2026-07-09 18:30:00,182.91,125.58404127507478
2026-07-09 18:45:00,173.66,158.2816981377765
2026-07-09 19:00:00,169.9,134.00736610676128
2026-07-09 19:15:00,175.41,136.11528785949054
2026-07-09 19:45:00,172.7,151.791836962565
2026-07-09 20:00:00,181.99,151.1994861096563
2026-07-09 20:15:00,172.7,172.11543723109116
2026-07-09 20:30:00,174.8,151.89191657876466
2026-07-09 20:45:00,164.71,158.35482084390293
2026-07-09 21:00:00,166.46,145.19027042236294
2026-07-09 21:15:00,155.01,146.08564107575955
2026-07-09 21:30:00,154.08,140.8313669131424
2026-07-09 21:45:00,150.58,138.062007989994
2026-07-09 22:00:00,160.0,144.6453981797313
2026-07-09 22:15:00,154.65,150.39842756860344
2026-07-09 22:30:00,149.18,148.90547379580065
2026-07-09 22:45:00,129.55,140.2400286429064
2026-07-09 23:00:00,149.61,130.90461308704428
2026-07-09 23:15:00,143.15,144.03782522836548
2026-07-09 23:30:00,142.3,138.62821722677478
2026-07-09 23:45:00,132.59,139.81750392504057
2026-07-10 00:00:00,141.98,126.68075526969294
2026-07-10 00:15:00,141.16,139.67734508852502
2026-07-10 00:30:00,136.2,138.48403123621947
2026-07-10 00:45:00,129.0,136.2937019636059
2026-07-10 01:00:00,138.55,127.1810299671328
2026-07-10 01:15:00,134.64,134.98970269868585
2026-07-10 01:30:00,137.7,131.2564488465666
2026-07-10 01:45:00,130.35,134.57562700522922
2026-07-10 02:00:00,130.49,126.70484396032022
2026-07-10 02:15:00,123.41,126.69714939653495
2026-07-10 02:30:00,124.22,122.34607718790399
2026-07-10 02:45:00,132.03,120.86586677147514
2026-07-10 03:00:00,125.48,126.61491213055126
2026-07-10 03:15:00,138.65,121.89717831983069
2026-07-10 03:30:00,142.42,135.9504906179413
2026-07-10 03:45:00,143.66,140.211350112044
2026-07-10 04:00:00,141.26,140.25043059185023
2026-07-10 04:15:00,145.85,139.74656095973882
2026-07-10 04:30:00,152.09,141.31419128135616
2026-07-10 04:45:00,150.08,150.94887948119322
2026-07-10 05:00:00,144.95,146.4540766182098
2026-07-10 05:15:00,153.35,139.36962401512918
2026-07-10 05:30:00,144.96,137.94707107161668
2026-07-10 05:45:00,131.92,137.1186202400597
2026-07-10 06:00:00,155.57,131.33325382054298
2026-07-10 06:15:00,142.48,133.40947080266915
2026-07-10 06:30:00,133.0,132.09288334740955
2026-07-10 06:45:00,114.28,127.27565732823805
2026-07-10 07:00:00,139.13,126.42917581525512
2026-07-10 07:15:00,130.72,131.50235227150387
2026-07-10 07:30:00,115.43,122.10593548614798
2026-07-10 07:45:00,95.99,97.76711401359675
2026-07-10 08:00:00,103.76,101.86473162043298
2026-07-10 08:15:00,96.0,110.98177682573065
2026-07-10 08:30:00,90.0,90.1442717377704
2026-07-10 08:45:00,83.93,89.60899158171743
2026-07-10 09:00:00,89.7,81.4826886490345
2026-07-10 09:15:00,82.55,90.0095228253897
2026-07-10 09:30:00,75.0,76.55937119360748
2026-07-10 09:45:00,70.0,72.49196874815289
2026-07-10 10:00:00,72.96,71.72081260022304
2026-07-10 10:15:00,65.5,72.81813008797074
2026-07-10 10:30:00,52.74,63.80651774801166
2026-07-10 10:45:00,40.0,53.8274687818145
2026-07-10 11:00:00,43.44,53.087055034888174
2026-07-10 11:15:00,39.0,48.62084021209014
2026-07-10 11:30:00,37.0,41.927234454115556
2026-07-10 11:45:00,30.0,37.43962591155061
2026-07-10 12:00:00,38.9,32.74893663033061
2026-07-10 12:15:00,40.0,44.115335719893054
2026-07-10 12:30:00,42.91,46.47479727918612
2026-07-10 12:45:00,41.99,47.98249561557793
2026-07-10 13:00:00,46.23,48.435770031931334
2026-07-10 13:15:00,55.83,51.16193869007528
2026-07-10 13:30:00,65.81,56.538077697929644
2026-07-10 13:45:00,80.53,61.62188774745606
2026-07-10 14:00:00,61.2,63.58972349866838
2026-07-10 14:15:00,83.11,63.17184261445908
2026-07-10 14:30:00,97.1,69.46461282547993
2026-07-10 14:45:00,113.32,90.23122701681065
2026-07-10 15:00:00,103.66,98.32384972080857
2026-07-10 15:15:00,108.13,93.20645335411041
2026-07-10 15:30:00,119.23,97.70672598546018
2026-07-10 15:45:00,130.36,99.27310645483372
2026-07-10 16:00:00,111.37,126.76759904460668
2026-07-10 16:15:00,122.91,101.84119239819486
2026-07-10 16:30:00,138.93,99.76964994633292
2026-07-10 16:45:00,145.28,135.61180370661953
2026-07-10 17:00:00,126.43,134.58325725627853
2026-07-10 17:15:00,140.05,117.50324551820047
2026-07-10 17:30:00,143.16,134.20116863216506
2026-07-10 17:45:00,149.72,133.47442754548186
2026-07-10 18:00:00,134.78,131.71996928953422
2026-07-10 18:15:00,145.0,133.29117294746683
2026-07-10 18:30:00,158.5,133.7030691089474
2026-07-10 18:45:00,162.09,131.00448928800031
2026-07-10 19:15:00,165.99,134.24731492844205
2026-07-10 19:30:00,170.0,137.5333695231917
2026-07-10 19:45:00,168.56,137.71304679161543
2026-07-10 20:00:00,172.7,152.4504839723792
2026-07-10 20:15:00,169.16,149.63482820226545
2026-07-10 20:30:00,168.55,151.49106068310704
2026-07-10 20:45:00,161.59,150.28299161389185
2026-07-10 21:00:00,162.26,145.54950868767094
2026-07-10 21:15:00,156.32,145.37149911795893
2026-07-10 21:30:00,153.37,140.79069069201225
2026-07-10 21:45:00,145.9,137.8427041227263
2026-07-10 22:00:00,160.31,140.04339722619972
2026-07-10 22:15:00,154.45,152.04106370866955
2026-07-10 22:30:00,147.03,149.97485367058772
2026-07-10 22:45:00,142.25,139.02505941787553
2026-07-10 23:00:00,146.17,138.4633787514856
2026-07-10 23:15:00,145.0,139.3272758756374
2026-07-10 23:30:00,144.98,139.50965150389186
2026-07-10 23:45:00,140.41,139.99294811917645
2026-07-11 00:00:00,143.42,137.985878745997
2026-07-11 00:15:00,140.71,140.02697218387058
2026-07-11 00:30:00,133.0,137.98360669776
2026-07-11 00:45:00,122.86,138.36926703768017
2026-07-11 01:00:00,136.93,128.4515765898153
2026-07-11 01:15:00,116.97,138.9451801499681
2026-07-11 01:30:00,117.64,126.81064660612468
2026-07-11 01:45:00,131.58,126.06791329676484
2026-07-11 02:00:00,117.62,136.53000477632372
2026-07-11 02:15:00,119.74,121.74164600598655
2026-07-11 02:30:00,128.13,121.1738572386113
2026-07-11 02:45:00,133.67,127.9685985984267
2026-07-11 03:00:00,117.21,131.72933565662996
2026-07-11 03:15:00,121.56,118.41280503370344
2026-07-11 03:30:00,109.19,121.47273092653474
2026-07-11 03:45:00,111.3,121.10789270016113
2026-07-11 04:00:00,108.19,116.70544055745394
2026-07-11 04:15:00,122.11,118.36611908766209
2026-07-11 04:30:00,131.6,121.89479748810314
2026-07-11 04:45:00,111.92,131.40210793191326
2026-07-11 05:00:00,131.79,115.46361700453802
2026-07-11 05:15:00,127.0,128.6777427902814
2026-07-11 05:30:00,122.75,123.52831169783222
2026-07-11 05:45:00,120.91,120.29576421654407
2026-07-11 06:00:00,142.16,119.18291409060228
2026-07-11 06:15:00,123.95,128.6169479195511
2026-07-11 06:30:00,105.05,114.82002490237804
2026-07-11 06:45:00,85.3,114.15812198643052
2026-07-11 07:00:00,107.07,95.97777999841463
2026-07-11 07:15:00,83.2,116.2843902936665
2026-07-11 07:30:00,66.42,83.98692421525044
2026-07-11 07:45:00,29.17,62.11103429108955
2026-07-11 08:00:00,40.0,48.790070329550105
2026-07-11 08:15:00,18.09,57.532412451800425
2026-07-11 08:30:00,5.18,17.69832562789973
2026-07-11 08:45:00,1.08,9.533942503439887
2026-07-11 09:00:00,1.0,5.228381770819065
2026-07-11 09:15:00,0.29,5.019079948059212
2026-07-11 09:30:00,0.02,6.414132386386687
2026-07-11 09:45:00,0.0,2.5898743200416807
2026-07-11 11:00:00,-0.01,2.4368449493211064
2026-07-11 13:00:00,0.0,2.1646862200677788
2026-07-11 14:00:00,0.06,2.5691658134764284
2026-07-11 14:15:00,1.08,3.4095965369900494
2026-07-11 14:30:00,1.57,8.09746953501557
2026-07-11 14:45:00,26.49,11.432438918653073
2026-07-11 15:00:00,14.58,34.826671948464146
2026-07-11 15:15:00,67.24,34.005801124280204
2026-07-11 15:30:00,94.19,36.108206642906495
2026-07-11 15:45:00,123.16,90.69794513401744
2026-07-11 16:00:00,98.7,86.62142551081203
2026-07-11 16:15:00,113.7,96.17151185784998
2026-07-11 16:30:00,130.99,96.51303087997587
2026-07-11 16:45:00,141.27,124.6036183461137
2026-07-11 17:00:00,130.38,133.02130539383313
2026-07-11 17:15:00,141.14,124.70549547752616
2026-07-11 17:30:00,144.19,132.45287492370258
2026-07-11 17:45:00,146.76,133.79080534226202
2026-07-11 18:00:00,148.3,133.1543581906077
2026-07-11 18:15:00,151.27,133.6307861987505
2026-07-11 18:30:00,151.01,130.39745211563329
2026-07-11 18:45:00,153.83,135.7504647729179
2026-07-11 19:00:00,152.25,137.72822728775407
2026-07-11 19:15:00,154.63,140.31672383431106
2026-07-11 19:30:00,157.95,141.652849093149
2026-07-11 19:45:00,156.54,141.3631039808999
2026-07-11 20:00:00,160.01,148.56288144930548
2026-07-11 20:15:00,155.31,149.83502523898105
2026-07-11 20:30:00,155.28,147.27896946266753
2026-07-11 20:45:00,148.95,144.55808709169892
2026-07-11 21:00:00,151.38,132.97840504477975
2026-07-11 21:15:00,145.23,131.93973478077436
2026-07-11 21:30:00,145.0,134.094090968725
2026-07-11 21:45:00,140.78,134.84968747285362
2026-07-11 22:00:00,140.51,136.33033224563408
2026-07-11 22:15:00,140.0,137.0755453628869
2026-07-11 22:30:00,138.76,137.02470866189924
2026-07-11 22:45:00,130.5,137.06983788852514
2026-07-11 23:00:00,135.2,139.54678371628165
2026-07-11 23:15:00,135.0,137.45927482925433
2026-07-11 23:30:00,131.34,138.1043850415343
2026-07-11 23:45:00,126.0,139.32045434369815
2026-07-12 00:00:00,127.94,136.46238490459254
2026-07-12 00:15:00,126.04,136.44850974087757
2026-07-12 00:30:00,124.8,133.7419046746259
2026-07-12 00:45:00,123.5,129.57375001460355
2026-07-12 01:00:00,127.93,130.63022091776557
2026-07-12 01:15:00,127.92,135.1459080814945
2026-07-12 01:30:00,122.85,136.2936645590352
2026-07-12 01:45:00,121.7,128.57848545007514
2026-07-12 02:00:00,127.0,128.46950859407983
2026-07-12 02:15:00,123.23,134.91641770250425
2026-07-12 02:30:00,121.11,128.24685350198337
2026-07-12 02:45:00,120.19,127.15377242995147
2026-07-12 03:00:00,124.0,128.238409272149
2026-07-12 03:15:00,122.18,124.54674049050062
2026-07-12 03:30:00,120.54,123.83382207064282
2026-07-12 03:45:00,109.9,123.99097781672194
2026-07-12 04:00:00,118.64,115.42456158462478
2026-07-12 04:15:00,112.33,120.93940476582642
2026-07-12 04:30:00,110.0,115.51451206388532
2026-07-12 04:45:00,105.48,109.29426817416875
2026-07-12 05:00:00,112.31,113.38469889471416
2026-07-12 05:15:00,108.3,113.11173726903677
2026-07-12 05:30:00,101.21,108.88180082288189
2026-07-12 05:45:00,77.28,99.40740377086128
2026-07-12 06:00:00,103.56,79.17888682589684
2026-07-12 06:15:00,78.43,110.22734985811172
2026-07-12 06:30:00,51.55,75.33841355088617
2026-07-12 06:45:00,13.1,55.807074976880806
2026-07-12 07:00:00,20.0,30.641353287946423
2026-07-12 07:15:00,1.54,22.707327786926566
2026-07-12 07:30:00,0.0,4.661308251565001
2026-07-12 08:00:00,-0.01,3.2797147071380177
2026-07-12 08:30:00,-0.05,4.1520554684123985
2026-07-12 08:45:00,-0.11,0.8029495673244136
2026-07-12 09:00:00,-0.15,0.39613155826749685
2026-07-12 09:15:00,-0.5,-0.1177369708623252
2026-07-12 09:30:00,-0.78,-0.4344357909912032
2026-07-12 09:45:00,-0.81,-0.9871225630524478
2026-07-12 10:00:00,-0.82,-0.7731566986809907
2026-07-12 10:15:00,-1.0,-1.0360693848913554
2026-07-12 10:30:00,-0.81,-1.3705067271318776
2026-07-12 10:45:00,-1.0,-0.9640809337753372
2026-07-12 11:30:00,-1.02,-1.3125211835169932
2026-07-12 11:45:00,-1.43,-2.1730050134253913
2026-07-12 12:00:00,-1.0,-1.7037615576733554
2026-07-12 12:30:00,-1.01,-1.0198556691195244
2026-07-12 12:45:00,-1.3,-1.2342512448191565
2026-07-12 13:00:00,-1.0,-1.5245520259388525
2026-07-12 14:00:00,-0.82,-0.962401550791819
2026-07-12 14:15:00,-0.77,-0.8160773439807292
2026-07-12 14:30:00,-0.11,-0.6604899066546063
2026-07-12 14:45:00,-0.01,0.2753424313995287
2026-07-12 15:15:00,0.0,2.260451694599893
2026-07-12 15:45:00,0.01,2.8612616824685584
2026-07-12 16:00:00,25.33,5.009834303043607
2026-07-12 16:15:00,32.15,36.11885202194886
2026-07-12 16:30:00,115.18,46.14798286825923
2026-07-12 16:45:00,128.1,81.38833480288413
2026-07-12 17:00:00,111.51,121.69519924948082
2026-07-12 17:15:00,133.75,89.79333324483855
2026-07-12 17:30:00,130.3,127.19660059683228
2026-07-12 17:45:00,145.0,125.44563242807594
2026-07-12 18:00:00,132.72,126.31251513520232
2026-07-12 18:15:00,126.91,125.49766353831556
2026-07-12 18:30:00,139.21,125.26749481595965
2026-07-12 18:45:00,144.12,126.97333786022959
2026-07-12 19:00:00,140.1,126.72614915648902
2026-07-12 19:15:00,144.94,126.40483429145873
2026-07-12 19:30:00,145.93,128.63842406628265
2026-07-12 19:45:00,146.98,130.43338267222651
2026-07-12 20:00:00,149.7,132.13157734789797
2026-07-12 20:15:00,145.0,134.85501416303606
2026-07-12 20:30:00,144.94,130.9098651264508
2026-07-12 20:45:00,140.08,128.17031773390553
2026-07-12 21:00:00,144.97,125.81572220898252
2026-07-12 21:15:00,137.9,128.3028554020163
2026-07-12 21:30:00,138.47,126.24170938607014
2026-07-12 21:45:00,135.93,129.33960338676
2026-07-12 22:00:00,131.94,134.95912036497563
2026-07-12 22:15:00,130.0,133.9904926399168
2026-07-12 22:30:00,129.41,133.53268263762524
2026-07-12 22:45:00,127.57,133.8957916656661
2026-07-12 23:00:00,128.42,133.9945552365175
2026-07-12 23:15:00,124.17,134.25311256837225
2026-07-12 23:30:00,123.7,126.02487224152632
2026-07-12 23:45:00,106.79,125.07945245183588
2026-07-13 00:00:00,122.93,120.65884733618404
2026-07-13 00:15:00,113.9,124.76679126286666
2026-07-13 00:30:00,94.08,117.7323370226155
2026-07-13 00:45:00,120.4,95.23866953702743
2026-07-13 01:00:00,108.58,124.9355761116575
2026-07-13 01:15:00,108.92,114.71828325835202
2026-07-13 01:30:00,121.92,112.8101928405814
2026-07-13 01:45:00,116.17,124.07608310780878
2026-07-13 02:00:00,118.68,123.41681358725053
2026-07-13 02:15:00,122.74,122.58114548273423
2026-07-13 02:30:00,125.75,123.74255213223402
2026-07-13 02:45:00,120.72,127.40027761396996
2026-07-13 03:00:00,114.51,123.92749837985201
2026-07-13 03:15:00,115.67,115.67464088103162
2026-07-13 03:30:00,121.47,118.99475516594302
2026-07-13 03:45:00,128.8,124.26877657612087
2026-07-13 04:00:00,140.02,134.03122809485055
2026-07-13 04:15:00,148.88,133.82541972394705
2026-07-13 04:30:00,145.22,137.08233750664135
2026-07-13 04:45:00,150.52,135.11692718086564
2026-07-13 05:00:00,109.06,139.36640267118358
2026-07-13 05:15:00,126.01,124.14054522816974
2026-07-13 05:30:00,131.52,126.10312485967331
2026-07-13 05:45:00,129.51,128.5157960287482
2026-07-13 06:00:00,137.77,126.52638020786672
2026-07-13 06:15:00,145.09,126.05634430571806
2026-07-13 06:30:00,128.52,121.38824902801086
2026-07-13 06:45:00,124.74,122.7848274526999
2026-07-13 07:00:00,142.66,117.14147646625138
2026-07-13 07:15:00,128.03,118.65823295073878
2026-07-13 07:30:00,112.63,121.02842237176303
2026-07-13 07:45:00,91.0,107.19169912214984
2026-07-13 08:00:00,115.0,94.09021906531895
2026-07-13 08:15:00,91.33,93.49248124196085
2026-07-13 08:30:00,88.07,92.74579959184659
2026-07-13 08:45:00,80.31,85.49925019961158
2026-07-13 09:00:00,87.0,73.51385152351894
2026-07-13 09:15:00,78.66,85.14142680761844
2026-07-13 09:30:00,70.0,76.09969079899315
2026-07-13 09:45:00,63.1,71.4471181005063
2026-07-13 10:00:00,69.15,60.42841337530422
2026-07-13 10:15:00,61.07,69.48404377760546
2026-07-13 10:30:00,57.34,58.54271158000579
2026-07-13 10:45:00,57.93,53.528761233951414
2026-07-13 11:00:00,53.19,56.9461891336125
2026-07-13 11:15:00,50.2,52.01102196389435
2026-07-13 11:30:00,52.94,54.35412179665774
2026-07-13 11:45:00,47.58,53.25587480715726
2026-07-13 12:00:00,58.32,51.14053158118969
2026-07-13 12:15:00,60.0,59.51300953742529
2026-07-13 12:30:00,66.33,60.73439789696497
2026-07-13 12:45:00,67.15,59.67541280573987
2026-07-13 13:00:00,65.75,60.41503159336547
2026-07-13 13:15:00,69.56,60.55170149073281
2026-07-13 13:30:00,70.0,61.98696645695349
2026-07-13 13:45:00,72.96,63.25410724558351
2026-07-13 14:00:00,71.24,67.56190769515153
2026-07-13 14:15:00,87.38,67.34451986429241
2026-07-13 14:30:00,95.0,86.69454524320062
2026-07-13 14:45:00,107.46,91.57052106604527
2026-07-13 15:00:00,86.42,93.47388844930782
2026-07-13 15:15:00,101.48,90.77033706964893
2026-07-13 15:30:00,112.3,91.24864604329638
2026-07-13 15:45:00,132.22,101.07104553674405
2026-07-13 16:00:00,89.97,125.92977533419779
2026-07-13 16:15:00,91.0,94.30062277127604
2026-07-13 16:30:00,124.97,98.2281969543799
2026-07-13 16:45:00,134.26,99.13294032303752
2026-07-13 17:00:00,137.62,131.89764172433684
2026-07-13 17:15:00,142.11,131.25050391383783
2026-07-13 17:30:00,142.88,129.536410788199
2026-07-13 17:45:00,156.42,129.8358814552462
2026-07-13 18:00:00,126.04,129.96081609005117
2026-07-13 18:15:00,150.0,121.84936942624483
2026-07-13 18:30:00,162.0,131.81822409524747
2026-07-13 18:45:00,176.38,135.3415238191801
2026-07-13 19:00:00,170.54,150.5231430701053
2026-07-13 19:15:00,172.09,137.61726013120276
2026-07-13 19:30:00,163.0,136.68198742535722
2026-07-13 19:45:00,153.31,143.08065700345693
2026-07-13 20:00:00,172.84,143.6194764690782
2026-07-13 20:15:00,155.98,153.52992656021542
2026-07-13 20:30:00,157.0,146.4624309596459
2026-07-13 20:45:00,150.47,145.07617983012156
2026-07-13 21:00:00,150.61,134.6057613656239
2026-07-13 21:15:00,145.11,133.72688890719382
2026-07-13 21:30:00,143.01,133.28252445316264
2026-07-13 21:45:00,138.99,132.71009570222282
2026-07-13 22:00:00,148.73,135.89138399173794
2026-07-13 22:15:00,141.57,139.85365502547555
2026-07-13 22:30:00,137.23,138.13086464306352
2026-07-13 22:45:00,131.91,135.259572939533
2026-07-13 23:00:00,138.79,130.03024541903932
2026-07-13 23:15:00,134.5,135.66529501666543
2026-07-13 23:30:00,132.99,133.23241952566812
2026-07-13 23:45:00,129.27,131.1321519821861
2026-07-14 00:00:00,129.55,129.48432858669372
2026-07-14 00:15:00,126.71,127.98893703824776
2026-07-14 00:30:00,127.44,124.50456073393973
2026-07-14 00:45:00,125.7,125.58346569574773
2026-07-14 01:00:00,128.0,123.89880100411293
2026-07-14 01:15:00,127.28,133.15240504190982
2026-07-14 01:30:00,127.09,126.65251709809057
2026-07-14 01:45:00,126.5,126.60948687035578
2026-07-14 02:00:00,125.62,133.27440195335836
2026-07-14 02:15:00,125.87,123.46265661661319
2026-07-14 02:30:00,128.23,124.90024821085481
2026-07-14 02:45:00,130.88,128.3662358380251
2026-07-14 03:00:00,130.27,128.9946252274805
2026-07-14 03:15:00,133.28,128.24977899649105
2026-07-14 03:30:00,136.93,130.9774559441545
2026-07-14 03:45:00,139.6,134.74984768127368
2026-07-14 04:00:00,132.67,136.33759802673777
2026-07-14 04:15:00,125.14,130.8785526031265
2026-07-14 04:30:00,129.69,123.57669938267742
2026-07-14 04:45:00,130.0,130.43124905658826
2026-07-14 05:00:00,120.59,127.31526374899848
2026-07-14 05:15:00,126.3,122.23982370549905
2026-07-14 05:30:00,118.46,123.03122019385376
2026-07-14 05:45:00,117.05,116.4533628863517
2026-07-14 06:00:00,148.37,117.02298329207741
2026-07-14 06:15:00,134.18,126.44076232061315
2026-07-14 06:30:00,130.55,128.50766395095405
2026-07-14 06:45:00,120.0,122.03456824014599
2026-07-14 07:00:00,134.0,117.08905613693877
2026-07-14 07:15:00,124.0,127.68241236289684
2026-07-14 07:30:00,110.0,99.8838858097249
2026-07-14 07:45:00,95.57,100.9035504536648
2026-07-14 08:00:00,112.0,104.44457550993785
2026-07-14 08:15:00,101.44,103.30856873954653
2026-07-14 08:30:00,90.0,90.67949793216005
2026-07-14 08:45:00,88.07,91.43853548775297
2026-07-14 09:00:00,88.2,95.27777871885293
2026-07-14 09:15:00,87.55,91.69417129122935
2026-07-14 09:30:00,85.0,89.01776754344687
2026-07-14 09:45:00,75.1,81.5069058748078
2026-07-14 10:00:00,84.0,74.28925936937388
2026-07-14 10:15:00,75.1,79.38669075063999
2026-07-14 10:30:00,74.8,72.92745977899325
2026-07-14 10:45:00,72.96,72.60170296868623
2026-07-14 11:00:00,71.75,74.343601557649
2026-07-14 11:15:00,69.69,72.69272272228508
2026-07-14 11:30:00,63.13,67.88004228935422
2026-07-14 11:45:00,60.44,59.29066754115925
2026-07-14 12:00:00,67.07,62.18518270198627
2026-07-14 12:15:00,65.99,64.11093154143006
2026-07-14 12:30:00,65.84,64.06978321273334
2026-07-14 12:45:00,65.5,63.90433902504433
2026-07-14 13:00:00,64.67,63.72286732738144
2026-07-14 13:15:00,60.44,62.86482048836075
2026-07-14 13:45:00,62.11,63.43433659831418
2026-07-14 14:00:00,65.0,65.0677641426296
2026-07-14 14:15:00,70.74,63.754613733478244
2026-07-14 14:30:00,83.48,70.77804336273755
2026-07-14 14:45:00,98.18,70.55512212943553
2026-07-14 15:00:00,93.0,92.09487328717356
2026-07-14 15:15:00,109.99,96.8741686434837
2026-07-14 15:30:00,124.12,99.79018107904922
2026-07-14 15:45:00,120.79,97.74814492508332
2026-07-14 16:00:00,121.99,95.42700917548463
2026-07-14 16:15:00,118.82,98.83301074617245
2026-07-14 16:30:00,137.05,100.11817041573792
2026-07-14 16:45:00,149.39,134.11664428485958
2026-07-14 17:00:00,125.37,127.68958768312453
2026-07-14 17:15:00,146.28,118.90775929191422
2026-07-14 17:30:00,161.92,133.80862994446144
2026-07-14 17:45:00,168.62,124.01529737104953
2026-07-14 18:00:00,167.05,126.17404027967976
2026-07-14 18:15:00,166.12,130.8794658678613
2026-07-14 18:30:00,180.0,131.17947998429383
2026-07-14 19:00:00,167.79,157.02604706560274
2026-07-14 19:15:00,174.32,137.07733147966636
2026-07-14 19:30:00,174.02,150.697334958155
2026-07-14 19:45:00,171.96,158.77832460293035
2026-07-14 20:00:00,178.44,153.6279272285892
2026-07-14 20:15:00,170.58,172.19468259524686
2026-07-14 20:30:00,167.11,152.89120598611095
2026-07-14 20:45:00,158.93,150.81280447857807
2026-07-14 21:00:00,158.51,144.32924595846293
2026-07-14 21:15:00,153.0,144.21575796285816
2026-07-14 21:30:00,150.31,138.6846228761892
2026-07-14 21:45:00,144.26,133.99127794585334
2026-07-14 22:00:00,158.34,138.64027331135782
2026-07-14 22:15:00,154.5,151.31733501247152
2026-07-14 22:30:00,151.0,149.35922507046374
2026-07-14 22:45:00,144.17,141.75852575503322
2026-07-14 23:00:00,150.45,140.1188275907335
2026-07-14 23:15:00,145.0,142.84515291906587
2026-07-14 23:30:00,142.9,139.86888439110191
2026-07-14 23:45:00,139.44,140.12215945892711
2026-07-15 00:00:00,141.39,136.31828761552018
2026-07-15 00:15:00,138.28,137.4409204693104
2026-07-15 00:30:00,138.73,135.86831850105605
2026-07-15 00:45:00,131.0,135.52217707446505
2026-07-15 01:00:00,136.5,128.8448114721216
2026-07-15 01:15:00,94.57,133.11123761734837
2026-07-15 01:30:00,133.03,103.30031039695727
2026-07-15 01:45:00,119.92,130.59159315442983
2026-07-15 02:00:00,136.5,120.30139199005039
2026-07-15 02:15:00,123.07,133.7466234609003
2026-07-15 02:30:00,110.44,121.50949148922975
2026-07-15 02:45:00,114.02,110.87477802353162
2026-07-15 03:00:00,113.58,120.10136325729572
2026-07-15 03:15:00,130.52,115.43657248398497
2026-07-15 03:30:00,144.91,127.0231284372553
2026-07-15 03:45:00,149.46,133.94546783140066
2026-07-15 04:00:00,123.59,133.31057673810986
2026-07-15 04:15:00,153.42,122.9397780385253
2026-07-15 04:30:00,151.02,141.53075962208968
2026-07-15 04:45:00,156.97,136.53373842516504
2026-07-15 05:00:00,166.77,148.9722038856009
2026-07-15 05:15:00,165.17,136.12029101656407
2026-07-15 05:30:00,164.39,133.4551893182251
2026-07-15 05:45:00,159.04,134.34217846444218
2026-07-15 06:00:00,167.28,132.84274747707641
2026-07-15 06:15:00,164.88,130.86832688726895
2026-07-15 06:30:00,152.96,126.53643213882455
2026-07-15 06:45:00,139.57,124.88560871389849
2026-07-15 07:00:00,149.62,130.69953788385718
2026-07-15 07:15:00,139.17,129.2934984516736
2026-07-15 07:30:00,130.12,131.48283633706887
2026-07-15 07:45:00,120.24,123.01357366542408
2026-07-15 08:00:00,137.98,99.96868781709777
2026-07-15 08:15:00,122.6,129.41908945538145
2026-07-15 08:30:00,101.93,96.6229441381211
2026-07-15 08:45:00,98.07,91.45460403634624
2026-07-15 09:00:00,116.39,90.14178693620113
2026-07-15 09:15:00,108.59,97.96665039822373
2026-07-15 09:30:00,99.54,98.93879400493006
2026-07-15 09:45:00,94.97,90.92337460965314
2026-07-15 10:00:00,106.2,94.3567166635496
2026-07-15 10:15:00,95.0,96.6130634209094
2026-07-15 10:30:00,93.82,92.18487740447088
2026-07-15 10:45:00,92.77,90.43286826386148
2026-07-15 11:00:00,92.62,91.87781739491827
2026-07-15 11:15:00,93.0,90.47845578845421
2026-07-15 11:30:00,90.0,90.54969301548358
2026-07-15 11:45:00,88.31,91.50123603598955
2026-07-15 12:00:00,90.0,90.5387688530946
2026-07-15 12:15:00,91.71,91.16935237135515
2026-07-15 12:30:00,99.61,91.04555059187722
2026-07-15 12:45:00,108.98,90.5101634704721
2026-07-15 13:00:00,93.82,94.31473667161634
2026-07-15 13:30:00,99.01,91.27871256532396
2026-07-15 13:45:00,109.55,90.46198617902328
2026-07-15 14:00:00,90.0,98.28977598863821
2026-07-15 14:15:00,98.67,91.41522215034503
2026-07-15 14:30:00,113.9,90.58405650248372
2026-07-15 14:45:00,128.29,95.01841057697314
2026-07-15 15:00:00,104.11,124.8830630169797
2026-07-15 15:15:00,110.92,94.45493938850795
2026-07-15 15:30:00,127.12,104.2766771704658
2026-07-15 15:45:00,140.61,120.3023686778261
2026-07-15 16:00:00,130.78,138.49418279687222
2026-07-15 16:15:00,140.48,129.06629474134155
2026-07-15 16:30:00,144.52,137.98469783769627
2026-07-15 16:45:00,154.93,138.26771790609436
2026-07-15 17:00:00,131.59,128.49135481097125
2026-07-15 17:15:00,157.74,132.62297703217536
2026-07-15 17:30:00,176.93,130.47961425331812
2026-07-15 17:45:00,201.74,151.07704725838846
2026-07-15 18:00:00,180.25,163.84113686759775
2026-07-15 18:15:00,193.81,151.11495230835732
2026-07-15 18:30:00,193.93,160.3113998685456
2026-07-15 18:45:00,200.0,157.29507336060908
2026-07-15 19:00:00,192.44,158.3108400171008
2026-07-15 19:15:00,196.12,158.63440340891833
2026-07-15 19:30:00,197.15,166.81080820831954
2026-07-15 19:45:00,192.44,174.8175989119593
2026-07-15 20:00:00,199.99,177.76960992265327
2026-07-15 20:15:00,190.0,179.96363110320712
2026-07-15 20:30:00,187.9,177.09770700676032
2026-07-15 20:45:00,175.63,176.76614895844693
2026-07-15 21:00:00,179.14,153.09394891341915
2026-07-15 21:15:00,171.94,167.34975381266023
2026-07-15 21:30:00,169.62,146.74053963509684
2026-07-15 21:45:00,164.96,146.0396215886751
2026-07-15 22:00:00,173.58,153.29331587358138
2026-07-15 22:15:00,169.04,157.78649864493434
2026-07-15 22:30:00,163.51,152.70395517446613
2026-07-15 22:45:00,158.0,152.2470891916788
2026-07-15 23:00:00,162.03,151.50449664816674
2026-07-15 23:15:00,158.0,151.77482285736392
2026-07-15 23:30:00,158.97,150.58530554483607
2026-07-15 23:45:00,157.8,151.05656263972116
2026-07-16 00:00:00,157.62,148.0934670110368
2026-07-16 00:15:00,154.67,146.56966123349284
2026-07-16 00:30:00,150.47,145.52944942676342
2026-07-16 00:45:00,147.76,136.7008342067443
2026-07-16 01:00:00,151.06,133.43001461544213
2026-07-16 01:15:00,147.36,135.08750345236314
2026-07-16 01:30:00,148.08,131.37632520575718
2026-07-16 01:45:00,148.02,130.16018909692056
2026-07-16 02:00:00,142.89,130.674993344899
2026-07-16 02:15:00,146.42,133.2229078434488
2026-07-16 02:30:00,147.95,132.42535168593145
2026-07-16 02:45:00,151.73,130.6914413617448
2026-07-16 03:00:00,137.51,136.1321436092435
2026-07-16 03:15:00,152.34,133.51548727418668
2026-07-16 03:30:00,160.18,136.58333590003758
2026-07-16 03:45:00,163.28,146.5711792436456
2026-07-16 04:00:00,159.17,147.4390208601495
2026-07-16 04:15:00,168.01,149.55056531755483
2026-07-16 04:30:00,168.67,151.95740857759228
2026-07-16 04:45:00,169.3,153.11028396228963
2026-07-16 05:00:00,171.9,151.41237838524927
2026-07-16 05:15:00,172.61,132.44268394599496
2026-07-16 05:30:00,169.52,134.7674078043779
2026-07-16 05:45:00,161.15,130.95745136134175
2026-07-16 06:00:00,170.0,130.91145690132427
2026-07-16 06:15:00,166.8,126.46264966455175
2026-07-16 06:30:00,163.02,122.76949222906784
2026-07-16 06:45:00,148.38,123.13117627791813
2026-07-16 07:00:00,152.98,130.00429570848718
2026-07-16 07:15:00,138.12,124.0653497933707
2026-07-16 07:30:00,131.86,133.3265169287797
2026-07-16 07:45:00,122.6,124.44342925414273
2026-07-16 08:00:00,141.18,107.55330193423221
2026-07-16 08:15:00,121.02,132.08729879043585
2026-07-16 08:30:00,110.0,103.8056961682832
2026-07-16 08:45:00,100.21,104.5400622852068
2026-07-16 09:00:00,112.69,90.52410759086573
2026-07-16 09:15:00,108.76,98.4334319522747
2026-07-16 09:30:00,105.98,99.60835115826733
2026-07-16 09:45:00,100.36,97.02190474686118
2026-07-16 10:00:00,100.44,92.07179202546057
2026-07-16 10:15:00,98.67,90.5003502662653
2026-07-16 10:30:00,99.42,91.03878892006423
2026-07-16 10:45:00,99.29,90.87832534944627
2026-07-16 11:00:00,100.97,91.52179576490417
2026-07-16 11:15:00,97.49,90.34973138253564
2026-07-16 11:30:00,92.52,90.81018012579844
2026-07-16 11:45:00,90.44,91.22920438050205
2026-07-16 12:00:00,93.98,92.8577386174116
2026-07-16 12:15:00,98.25,91.33939828571961
2026-07-16 12:30:00,103.39,90.92931109718025
2026-07-16 12:45:00,109.16,90.35575258085815
2026-07-16 13:00:00,105.55,96.01389020442934
2026-07-16 13:15:00,109.71,94.39182318538278
2026-07-16 13:30:00,109.36,99.97364044914396
2026-07-16 13:45:00,116.88,100.21030810434206
2026-07-16 14:00:00,105.78,99.52473697321462
2026-07-16 14:15:00,112.67,95.85985381178867
2026-07-16 14:30:00,127.74,96.76229797439659
2026-07-16 14:45:00,136.02,122.75468590330182
2026-07-16 15:00:00,124.9,140.6263957970249
2026-07-16 15:15:00,136.77,103.94351973575816
2026-07-16 15:30:00,143.21,137.46007689974965
2026-07-16 15:45:00,154.87,138.37553516282827
2026-07-16 16:00:00,143.72,128.47502576019897
2026-07-16 16:15:00,169.84,147.10603597012252
2026-07-16 16:30:00,168.02,125.75290389404798
2026-07-16 16:45:00,194.12,128.06593633285038
2026-07-16 17:00:00,168.47,166.088324716967
2026-07-16 17:15:00,199.54,133.43270178699794
2026-07-16 17:30:00,229.99,167.7912819143099
2026-07-16 17:45:00,260.28,179.50676527777753
2026-07-16 18:00:00,227.15,173.79869919312154
2026-07-16 18:15:00,240.0,175.07493379629614
2026-07-16 18:30:00,228.57,175.33619601851834
2026-07-16 18:45:00,224.41,175.05566268518498
2026-07-16 19:00:00,219.89,175.1001793518516
2026-07-16 19:15:00,217.79,176.26921583333313
2026-07-16 19:30:00,206.63,177.42152932539673
2026-07-16 19:45:00,203.75,186.05830670289595
2026-07-16 20:00:00,228.77,196.72655786625376
2026-07-16 20:15:00,203.75,199.1439090579761
2026-07-16 20:30:00,205.0,192.76825966332942
2026-07-16 20:45:00,189.84,192.37156895614766
2026-07-16 21:00:00,196.03,176.38355850412705
2026-07-16 21:15:00,180.6,175.92394068138807
2026-07-16 21:30:00,175.1,165.9407162939356
2026-07-16 21:45:00,169.52,154.47877178811402
2026-07-16 22:00:00,175.0,156.28756975716232
2026-07-16 22:15:00,171.31,160.4480621972596
2026-07-16 22:30:00,169.45,151.27210127851777
2026-07-16 22:45:00,166.5,149.72307526616373
2026-07-16 23:00:00,167.0,149.11740690879506
2026-07-16 23:15:00,162.88,152.21265803898646
2026-07-16 23:30:00,160.64,147.97107046947806
2026-07-16 23:45:00,155.28,146.85134932447244
2026-07-17 00:00:00,156.97,145.6160790096745
2026-07-17 00:15:00,153.0,145.27940755778243
2026-07-17 00:30:00,151.91,141.02914860097698
2026-07-17 00:45:00,146.02,137.78902088384797
2026-07-17 01:00:00,148.0,134.65498314095592
2026-07-17 01:15:00,145.0,131.7449565663305
2026-07-17 01:30:00,142.0,133.23037311351354
2026-07-17 01:45:00,140.76,132.99873144271942
2026-07-17 02:00:00,141.04,133.65893693035014
2026-07-17 02:15:00,142.2,133.73005938279474
2026-07-17 02:30:00,142.35,133.5862421262529
2026-07-17 02:45:00,146.01,133.79813691278315
2026-07-17 03:00:00,140.48,132.8444932843532
2026-07-17 03:15:00,135.93,134.35753143004683
2026-07-17 03:30:00,146.2,136.7504496707233
2026-07-17 03:45:00,158.02,133.6552664909311
2026-07-17 04:00:00,155.81,145.4050836192226
2026-07-17 04:15:00,159.67,147.5099134916573
2026-07-17 04:45:00,157.33,150.65363780631003
2026-07-17 05:00:00,165.45,150.00272371536096
2026-07-17 05:15:00,161.59,135.11177493537198
2026-07-17 05:30:00,162.0,134.13528485722858
2026-07-17 05:45:00,150.96,132.5847812467661
2026-07-17 06:00:00,167.81,128.57844500731744
2026-07-17 06:15:00,164.46,124.6774256320683
2026-07-17 06:30:00,156.69,125.00315913900961
2026-07-17 06:45:00,134.45,121.40457202057378
2026-07-17 07:00:00,150.0,133.35995364813834
2026-07-17 07:15:00,138.58,121.45228252314926
2026-07-17 07:30:00,134.18,131.65087214798336
2026-07-17 07:45:00,118.81,129.63155327904076
2026-07-17 08:00:00,148.62,105.3986627701887
2026-07-17 08:15:00,133.2,125.5704250022265
2026-07-17 08:30:00,120.07,126.43279323526454
2026-07-17 08:45:00,112.25,94.83766802290056
2026-07-17 09:00:00,124.18,109.18467791404471
2026-07-17 09:15:00,112.75,101.46051140207048
2026-07-17 09:30:00,112.53,98.6056758911321
2026-07-17 09:45:00,110.98,99.28368278680155
2026-07-17 10:00:00,114.93,105.27100911445156
2026-07-17 10:15:00,105.0,93.77540677000614
2026-07-17 10:30:00,100.0,97.752748730908
2026-07-17 10:45:00,98.3,95.19705377340428
2026-07-17 11:00:00,98.96,89.96179275835289
2026-07-17 11:15:00,98.35,94.51510928073958
2026-07-17 11:30:00,97.81,95.23437566974408
2026-07-17 11:45:00,97.68,95.04766830345633
2026-07-17 12:00:00,97.94,95.51038161451916
2026-07-17 12:15:00,98.09,95.76113509230933
2026-07-17 12:30:00,98.41,95.81892021705063
2026-07-17 12:45:00,99.75,93.96604536853064
2026-07-17 13:00:00,99.7,93.0465481261147
2026-07-17 13:15:00,105.3,93.20143460344185
2026-07-17 13:30:00,111.41,96.2737787172601
2026-07-17 13:45:00,117.54,100.39759485278226
2026-07-17 14:00:00,105.0,100.3327368375216
2026-07-17 14:15:00,111.78,95.98431347173035
2026-07-17 14:30:00,118.0,99.78229181998783
2026-07-17 14:45:00,125.44,101.71291470538807
2026-07-17 15:00:00,116.01,110.47733526302137
2026-07-17 15:15:00,124.68,101.42599125639295
2026-07-17 15:30:00,132.49,105.32347794265827
2026-07-17 15:45:00,143.94,129.8621860978247
2026-07-17 16:00:00,125.0,137.34541630087014
2026-07-17 16:15:00,141.0,111.35378974029273
2026-07-17 16:30:00,146.91,137.76544122887748
2026-07-17 16:45:00,153.96,137.71813532931063
2026-07-17 17:00:00,148.14,127.42904258039624
2026-07-17 17:15:00,157.11,136.58318218105637
2026-07-17 17:30:00,156.32,127.1621467870336
2026-07-17 17:45:00,162.8,128.5815770419639
2026-07-17 18:00:00,155.12,125.66809582808979
2026-07-17 18:15:00,161.3,133.02248111383457
2026-07-17 18:30:00,166.5,131.71556773763726
2026-07-17 18:45:00,173.52,130.35940667410563
2026-07-17 19:00:00,167.99,133.7146099694134
2026-07-17 19:30:00,169.81,137.6309882818149
2026-07-17 19:45:00,168.81,150.7603382180117
2026-07-17 20:00:00,169.81,154.37619972202248
2026-07-17 20:15:00,166.04,152.8552637972906
2026-07-17 20:30:00,164.81,151.25554282449352
2026-07-17 20:45:00,160.22,149.1910633718416
2026-07-17 21:00:00,164.0,145.053729070625
2026-07-17 21:15:00,161.08,144.96660135423778
2026-07-17 21:30:00,159.04,145.02908025961742
2026-07-17 21:45:00,150.48,144.44773287491296
2026-07-17 22:00:00,168.41,144.9290487220015
2026-07-17 22:15:00,160.41,151.76123057595564
2026-07-17 22:30:00,151.24,151.01540231450397
2026-07-17 22:45:00,145.0,139.68300764720726
2026-07-17 23:00:00,152.94,139.3196709991298
2026-07-17 23:15:00,146.81,140.55758883043646
2026-07-17 23:30:00,143.57,138.12420807670253
2026-07-17 23:45:00,138.39,136.33760207982195
2026-07-18 00:00:00,146.13,136.27083915142504
2026-07-18 00:15:00,142.61,133.12986418991667
2026-07-18 00:30:00,139.09,136.56544535333273
2026-07-18 00:45:00,140.17,136.05911020152325
2026-07-18 01:00:00,137.21,135.7509496190106
2026-07-18 01:15:00,135.55,135.80080108255433
2026-07-18 01:30:00,135.0,135.66287318041717
2026-07-18 01:45:00,133.44,135.49966493081317
2026-07-18 02:00:00,137.52,133.80950863157614
2026-07-18 02:15:00,138.41,135.3143446261085
2026-07-18 02:30:00,135.25,135.39531293181736
2026-07-18 02:45:00,130.39,135.33233339852626
2026-07-18 03:00:00,142.68,130.40197280418906
2026-07-18 03:15:00,134.95,133.85561341908573
2026-07-18 03:30:00,131.17,134.7171665476248
2026-07-18 03:45:00,123.52,130.12559029505502
2026-07-18 04:00:00,132.74,127.46394004843518
2026-07-18 04:15:00,130.19,133.953698558028
2026-07-18 04:30:00,127.83,132.32787272106168
2026-07-18 04:45:00,118.01,129.60494615417392
2026-07-18 05:00:00,153.69,121.25017343187875
2026-07-18 05:15:00,120.84,133.70565386942033
2026-07-18 05:30:00,109.52,125.12171818125178
2026-07-18 05:45:00,96.88,118.72771833259503
2026-07-18 06:00:00,122.28,118.26952349681699
2026-07-18 06:15:00,106.87,123.78414810429967
2026-07-18 06:30:00,91.03,115.69810468563936
2026-07-18 06:45:00,74.57,89.8823349003675
2026-07-18 07:00:00,82.67,84.7907349378985
2026-07-18 07:15:00,59.4,88.1548876743501
2026-07-18 07:30:00,27.97,61.04557713053751
2026-07-18 07:45:00,11.0,36.531073894011
2026-07-18 08:00:00,22.99,20.56864797240179
2026-07-18 08:15:00,11.96,25.78889728725605
2026-07-18 08:30:00,4.99,16.232078625583632
2026-07-18 08:45:00,2.08,10.431750257175555
2026-07-18 09:00:00,1.49,9.47896852286822
2026-07-18 09:15:00,1.5,15.121505594110477
2026-07-18 09:30:00,1.2,17.767516281948463
2026-07-18 09:45:00,1.22,21.001245937916337
2026-07-18 10:00:00,0.72,20.629901168340155
2026-07-18 10:15:00,0.46,20.76002561750175
2026-07-18 10:30:00,0.36,21.273529931403086
2026-07-18 10:45:00,0.25,21.031966128850762
2026-07-18 11:00:00,0.0,21.75462037602245
2026-07-18 11:30:00,-0.01,23.3482613124238
2026-07-18 13:00:00,0.0,21.229414864704687
2026-07-18 13:30:00,0.29,23.567084257680662
2026-07-18 13:45:00,1.08,13.361370898623296
2026-07-18 14:00:00,0.51,8.874698892100039
2026-07-18 14:15:00,1.09,7.148887767210865
2026-07-18 14:30:00,1.15,8.454531232830348
2026-07-18 15:00:00,1.68,10.680591638068906
2026-07-18 15:15:00,1.99,17.36391575176133
2026-07-18 15:30:00,2.76,17.420580789316368
2026-07-18 15:45:00,5.88,26.92462145732764
2026-07-18 16:00:00,16.55,28.03439996053595
2026-07-18 16:15:00,48.86,36.52579590549837
2026-07-18 16:30:00,87.07,70.00743161139022
2026-07-18 16:45:00,104.37,62.16090167696481
2026-07-18 17:00:00,93.11,79.02675130206757
2026-07-18 17:15:00,116.02,93.63081599619396
2026-07-18 17:30:00,124.08,113.97223019881227
2026-07-18 17:45:00,132.4,113.4173129166726
2026-07-18 18:00:00,126.74,129.56173314632338
2026-07-18 18:15:00,135.7,126.99651094289717
2026-07-18 18:30:00,144.43,128.1315068137966
2026-07-18 18:45:00,151.28,128.1836634917512
2026-07-18 19:00:00,146.93,131.91292277144814
2026-07-18 19:15:00,146.36,129.21578151607991
2026-07-18 19:30:00,148.45,127.46606208605714
2026-07-18 19:45:00,155.08,129.33110820229265
2026-07-18 20:00:00,155.55,141.9656004106431
2026-07-18 20:15:00,154.98,140.6857488356737
2026-07-18 20:30:00,154.88,138.1626658872121
2026-07-18 20:45:00,151.76,138.55731444208692
2026-07-18 21:00:00,152.0,127.83008466369108
2026-07-18 21:15:00,150.0,126.75898367203465
2026-07-18 21:30:00,147.62,118.55246927357885
2026-07-18 21:45:00,137.06,122.68616875598231
2026-07-18 22:00:00,145.59,126.07626777079888
2026-07-18 22:15:00,142.6,123.39160201710229
2026-07-18 22:30:00,135.63,124.22096914893763
2026-07-18 22:45:00,130.97,126.14262489781616
2026-07-18 23:00:00,135.0,127.5349153864368
2026-07-18 23:15:00,132.23,125.92855479599498
2026-07-18 23:30:00,130.06,126.80382244572708
2026-07-18 23:45:00,125.68,127.06935645365826
2026-07-19 00:00:00,127.55,127.05743193492812
2026-07-19 00:15:00,122.31,127.51389736165399
2026-07-19 00:30:00,120.85,127.55941749650508
2026-07-19 00:45:00,116.14,128.6204936948501
2026-07-19 01:00:00,121.07,116.38803378831723
2026-07-19 01:15:00,120.09,128.55325185284696
2026-07-19 01:30:00,118.08,121.86380100426796
2026-07-19 01:45:00,104.76,116.42649397289135
2026-07-19 02:00:00,80.06,112.66146143094998
2026-07-19 02:15:00,79.93,75.68539521958688
2026-07-19 02:30:00,100.15,75.96456386327152
2026-07-19 02:45:00,106.53,98.44170621929437
2026-07-19 03:00:00,72.57,107.13593483429932
2026-07-19 03:15:00,80.09,73.56523638099739
2026-07-19 03:30:00,83.42,75.64614594306919
2026-07-19 03:45:00,98.84,80.76093163071415
2026-07-19 04:00:00,78.29,99.08055203784961
2026-07-19 04:15:00,56.42,79.51248906372784
2026-07-19 04:30:00,48.62,60.61608176620985
2026-07-19 04:45:00,18.83,66.68076770658008
2026-07-19 05:00:00,17.32,23.522683108020942
2026-07-19 05:15:00,19.4,20.713768845467868
2026-07-19 05:30:00,11.01,21.15204006069263
2026-07-19 05:45:00,9.33,17.327641053856908
2026-07-19 06:00:00,19.37,15.203980901948595
2026-07-19 06:15:00,1.91,24.89925749721508
2026-07-19 06:30:00,5.06,6.731311046328605
2026-07-19 06:45:00,0.85,7.895028900898533
2026-07-19 07:00:00,0.06,4.589336680441738
2026-07-19 07:15:00,0.0,1.7875321306516079
2026-07-19 07:30:00,-0.01,1.8126843390608747
2026-07-19 08:00:00,0.0,0.9965668176187927
2026-07-19 08:15:00,-0.01,1.5923882039889423
2026-07-19 09:30:00,-0.02,1.11035453404681
2026-07-19 09:45:00,-0.03,0.8121689646950322
2026-07-19 10:15:00,-0.1,0.3873794809031801
2026-07-19 10:30:00,-0.11,0.20901999165229163
2026-07-19 11:15:00,-1.74,0.054145386038440484
2026-07-19 11:30:00,-2.34,-1.991405446624127
2026-07-19 11:45:00,-3.3,-2.9927149436333225
2026-07-19 12:00:00,-3.28,-2.4189721385475904
2026-07-19 12:15:00,-3.44,-2.4593387550911614
2026-07-19 12:30:00,-3.36,-2.4424213205279672
2026-07-19 12:45:00,-3.77,-2.2513991121488974
2026-07-19 13:00:00,-3.82,-2.4160675068288513
2026-07-19 13:15:00,-3.38,-2.3712923799896837
2026-07-19 13:30:00,-2.64,-1.8659001093707255
2026-07-19 13:45:00,-1.54,-1.7559981814820722
2026-07-19 14:00:00,-0.11,-1.488552928355716
2026-07-19 14:15:00,-0.09,0.08575673986763657
2026-07-19 14:30:00,-0.01,0.2226193002705631
2026-07-19 15:15:00,0.0,1.4519883643482194
2026-07-19 16:00:00,1.08,2.6572326029610696
2026-07-19 16:15:00,3.43,5.1586807363115925
2026-07-19 16:30:00,20.0,10.8133620630794
2026-07-19 16:45:00,50.0,33.07397167134391
2026-07-19 17:00:00,76.86,62.121159349622445
2026-07-19 17:15:00,94.0,71.92040263807452
2026-07-19 17:30:00,104.02,85.50407056080363
2026-07-19 17:45:00,123.1,92.35923635209834
2026-07-19 18:00:00,120.02,114.00430854831221
2026-07-19 18:15:00,140.25,117.5401328011449
2026-07-19 18:30:00,151.48,130.23313201408365
2026-07-19 18:45:00,157.85,125.91978902637679
2026-07-19 19:00:00,153.11,135.9059409904367
2026-07-19 19:15:00,150.81,136.439178805398
2026-07-19 19:30:00,149.98,134.38451031623984
2026-07-19 19:45:00,146.4,131.50803945769601
2026-07-19 20:00:00,160.21,124.3017842943891
2026-07-19 20:15:00,151.53,143.1844840513326
2026-07-19 20:30:00,148.71,126.68652727179455
2026-07-19 20:45:00,140.41,122.45560243530856
2026-07-19 21:00:00,152.35,123.05329831843243
2026-07-19 21:15:00,137.02,127.00741496423078
2026-07-19 21:30:00,135.65,127.50708031733339
2026-07-19 21:45:00,128.43,128.40574667798808
2026-07-19 22:00:00,167.33,134.07294604370745
2026-07-19 22:15:00,150.11,145.30699636711427
2026-07-19 22:30:00,140.74,130.87466052286698
2026-07-19 22:45:00,131.63,120.87205976609599
2026-07-19 23:00:00,148.25,131.3426175204153
2026-07-19 23:15:00,140.01,126.40745725543121
2026-07-19 23:30:00,135.68,120.33604860694045
2026-07-19 23:45:00,129.99,123.13772829265663
2026-07-20 00:00:00,132.79,126.68785537826523
2026-07-20 00:15:00,122.2,124.93276726142511
2026-07-20 00:30:00,124.96,126.08115338355375
2026-07-20 00:45:00,107.73,125.36241144835452
2026-07-20 01:00:00,121.5,121.91768466433946
2026-07-20 01:15:00,106.93,125.45669110983496
2026-07-20 01:30:00,114.64,115.83786090955495
2026-07-20 01:45:00,105.29,109.90645722948727
2026-07-20 02:00:00,113.24,111.35569867166738
2026-07-20 02:15:00,115.01,110.2243043265555
2026-07-20 02:30:00,96.25,110.24353169831103
2026-07-20 02:45:00,107.3,97.3811441097979
2026-07-20 03:00:00,123.41,107.29508020825948
2026-07-20 03:15:00,141.18,124.47858629790048
2026-07-20 03:30:00,137.71,123.82345463145573
2026-07-20 03:45:00,146.73,121.25557609050622
2026-07-20 04:00:00,147.74,127.95470321172967
2026-07-20 04:15:00,150.15,129.98282022369074
2026-07-20 04:30:00,150.71,134.24223873384923
2026-07-20 04:45:00,149.19,134.20800634651496
2026-07-20 05:00:00,159.92,129.1438737539295
2026-07-20 05:15:00,152.96,133.2779789832547
2026-07-20 05:30:00,148.99,128.00198022866297
2026-07-20 05:45:00,136.72,123.69490903898163
2026-07-20 06:00:00,159.0,122.48563269472021
2026-07-20 06:15:00,140.0,127.13021112041868
2026-07-20 06:30:00,120.7,117.80923151555265
2026-07-20 06:45:00,104.29,116.84169848690236
2026-07-20 07:00:00,113.72,116.91370924609636
2026-07-20 07:15:00,102.0,113.11397623672114
2026-07-20 07:30:00,89.33,108.93542223768496
2026-07-20 07:45:00,65.82,79.07535119133406
2026-07-20 08:00:00,83.1,77.46490761469175
2026-07-20 08:15:00,73.36,72.20219508549715
2026-07-20 08:30:00,55.99,73.24670005916381
2026-07-20 08:45:00,0.0,51.69527266352235
2026-07-20 09:00:00,14.18,15.027607332357016
2026-07-20 09:15:00,10.29,23.91169709663323
2026-07-20 09:30:00,5.94,18.622096043466094
2026-07-20 09:45:00,0.07,10.55151570927212
2026-07-20 10:00:00,-0.01,6.139783658578304
2026-07-20 11:00:00,7.73,3.4427689627674978
2026-07-20 11:15:00,7.71,10.819981151609923
2026-07-20 11:30:00,7.82,11.21097843963339
2026-07-20 11:45:00,7.41,10.392762660399606
2026-07-20 12:00:00,0.0,10.307725066340621
2026-07-20 12:30:00,-0.01,3.193716839040218
2026-07-20 13:00:00,1.6,2.8640258810965555
2026-07-20 13:15:00,0.0,8.963029869998838
2026-07-20 14:45:00,9.85,2.3151936509624944
2026-07-20 15:00:00,23.14,28.199142891828323
2026-07-20 15:15:00,65.87,31.8515904945228
2026-07-20 15:30:00,81.55,34.364710938552165
2026-07-20 15:45:00,85.0,68.40770862582396
2026-07-20 16:00:00,85.93,63.71182152392411
2026-07-20 16:15:00,100.0,78.84541818238421
2026-07-20 16:30:00,115.62,106.7050241407069
2026-07-20 16:45:00,146.33,99.02848583957298
2026-07-20 17:00:00,143.36,128.24301828014598
2026-07-20 17:15:00,153.61,130.65956699508132
2026-07-20 17:30:00,162.03,123.59575560542815
2026-07-20 17:45:00,177.98,125.55659845598088
2026-07-20 18:00:00,149.0,151.84282687385937
2026-07-20 18:15:00,163.5,130.82100880528066
2026-07-20 18:30:00,174.01,133.55118676571485
2026-07-20 18:45:00,181.49,134.73655441438146
2026-07-20 19:00:00,177.62,153.09197492987334
2026-07-20 19:15:00,179.5,156.26306075905228
2026-07-20 19:30:00,179.92,159.64462461738765
2026-07-20 19:45:00,178.0,168.88324495140702
2026-07-20 20:00:00,186.34,172.30666995391198
2026-07-20 20:15:00,175.98,177.89963656817739
2026-07-20 20:30:00,171.94,167.4913055986088
2026-07-20 20:45:00,165.0,150.96006219470738
2026-07-20 21:00:00,168.7,146.23249062594215
2026-07-20 21:15:00,162.33,146.85538794199041
2026-07-20 21:30:00,159.02,144.27599130624156
2026-07-20 21:45:00,149.91,142.07510925053663
2026-07-20 22:00:00,156.74,144.02648403603524
2026-07-20 22:15:00,152.72,150.6587558946721
2026-07-20 22:30:00,148.41,146.1413355718967
2026-07-20 22:45:00,146.59,140.64686714522801
2026-07-20 23:00:00,152.9,139.28293269550494
2026-07-20 23:15:00,151.57,143.7055110469962
2026-07-20 23:30:00,150.82,139.17205903087662
2026-07-20 23:45:00,148.03,142.1720260370329
2026-07-21 00:00:00,148.3,137.28937117850603
2026-07-21 00:15:00,145.9,138.09107361091628
2026-07-21 00:30:00,145.06,131.86918665485217
2026-07-21 00:45:00,141.23,138.31251165161638
2026-07-21 01:00:00,141.35,136.6864786290507
2026-07-21 01:15:00,139.2,133.0845957854552
2026-07-21 01:30:00,139.35,130.02100994083386
2026-07-21 01:45:00,140.13,129.65783537654403
2026-07-21 02:00:00,135.03,129.75421623121684
2026-07-21 02:15:00,138.01,127.24037492686509
2026-07-21 02:30:00,142.46,129.1083097067898
2026-07-21 02:45:00,145.13,132.66286918590166
2026-07-21 03:00:00,143.31,133.4238260574786
2026-07-21 03:15:00,146.0,132.43369401724397
2026-07-21 03:30:00,148.58,134.069697638743
2026-07-21 03:45:00,150.75,137.81944783757496
2026-07-21 04:00:00,155.04,138.69170208476567
2026-07-21 04:15:00,159.91,150.07318188793568
2026-07-21 04:30:00,160.01,152.30647378634478
2026-07-21 04:45:00,156.6,154.20059670431345
2026-07-21 05:00:00,167.0,151.87692677222572
2026-07-21 05:15:00,159.35,137.4337677824151
2026-07-21 05:30:00,155.01,135.54929818749525
2026-07-21 05:45:00,136.35,134.49610966688084
2026-07-21 06:00:00,164.78,129.61395322914777
2026-07-21 06:15:00,149.0,129.2095507045465
2026-07-21 06:30:00,142.16,124.46337752208761
2026-07-21 06:45:00,125.57,124.2869246402508
2026-07-21 07:00:00,153.01,129.65457142457515
2026-07-21 07:15:00,120.07,123.04721409322752
2026-07-21 07:30:00,107.37,101.7427968561522
2026-07-21 07:45:00,63.59,122.81206696712157
2026-07-21 08:00:00,73.82,87.40526371428587
2026-07-21 08:15:00,63.89,69.96014516603896
2026-07-21 08:30:00,23.88,81.39483593650802
2026-07-21 08:45:00,0.0,24.90272262361592
2026-07-21 09:15:00,4.56,14.88631750447579
2026-07-21 09:30:00,0.0,16.813121656902652
2026-07-21 10:30:00,0.54,15.440017427940155
2026-07-21 10:45:00,0.0,9.439255990455319
2026-07-21 12:00:00,0.01,3.6596506414891246
2026-07-21 12:15:00,0.0,3.116656067669951
2026-07-21 13:15:00,2.72,2.971141746511393
2026-07-21 13:30:00,0.02,14.337747362398826
2026-07-21 13:45:00,0.0,2.9659128854914267
2026-07-21 14:15:00,0.01,2.9594857361406524
2026-07-21 14:30:00,0.0,3.0942832285361948
2026-07-21 15:00:00,2.86,3.6512549549432847
2026-07-21 15:15:00,20.04,24.812595667347164
2026-07-21 15:30:00,59.69,35.43529890938272
2026-07-21 15:45:00,101.74,52.287126750408476
2026-07-21 16:15:00,113.57,73.14391452630346
2026-07-21 16:30:00,121.04,83.25135408457194
2026-07-21 16:45:00,140.0,98.70333848203579
2026-07-21 17:00:00,133.74,122.79886056118434
2026-07-21 17:15:00,150.43,123.74564494425174
2026-07-21 17:30:00,159.56,123.31021856153554
2026-07-21 17:45:00,166.0,129.63251149549822
2026-07-21 18:00:00,158.47,127.89382385793503
2026-07-21 18:15:00,167.0,127.24936787469824
2026-07-21 18:30:00,171.13,128.29681452317033
2026-07-21 18:45:00,174.5,125.21267346480136
2026-07-21 19:15:00,166.44,143.4106800581525
2026-07-21 19:30:00,172.07,134.026406042971
2026-07-21 19:45:00,169.44,144.74616170058098
2026-07-21 20:00:00,176.67,150.85931467132556
2026-07-21 20:15:00,169.61,168.78711143373022
2026-07-21 20:30:00,171.63,150.41870439180246
2026-07-21 20:45:00,159.88,150.09212536999942
2026-07-21 21:00:00,165.71,142.09967689941178
2026-07-21 21:15:00,156.15,147.4645374354781
2026-07-21 21:30:00,154.42,141.51387773128366
2026-07-21 21:45:00,146.34,139.60910457692302
2026-07-21 22:00:00,159.43,135.29960101824318
2026-07-21 22:15:00,158.09,152.9818063562291
2026-07-21 22:30:00,152.67,151.15243997023074
2026-07-21 22:45:00,146.71,144.29285605479106
2026-07-21 23:00:00,158.68,137.30680620151662
2026-07-21 23:15:00,150.38,153.26564744234983
2026-07-21 23:30:00,147.57,141.6771730364829
2026-07-21 23:45:00,143.84,138.37931309824938
2026-07-22 00:00:00,150.38,137.2401757528745
2026-07-22 00:15:00,147.76,140.98796917244425
2026-07-22 00:30:00,145.3,139.47937537119986
2026-07-22 00:45:00,139.58,139.23953276370636
2026-07-22 01:00:00,144.51,135.14012983716157
2026-07-22 01:15:00,136.17,139.55066565427768
2026-07-22 01:30:00,133.27,134.8687248796938
2026-07-22 01:45:00,131.96,130.5251391609705
2026-07-22 02:00:00,131.57,130.33584705604616
2026-07-22 02:15:00,131.06,130.42495383530417
2026-07-22 02:30:00,132.42,130.23541607075384
2026-07-22 02:45:00,133.03,129.7798369242019
2026-07-22 03:00:00,132.42,129.7973200355309
2026-07-22 03:15:00,138.95,129.4988177937403
2026-07-22 03:30:00,144.09,132.99084176699046
2026-07-22 03:45:00,149.7,134.3222845464958
2026-07-22 04:00:00,150.1,139.72634248442847
2026-07-22 04:15:00,154.98,140.67912147569078
2026-07-22 04:30:00,160.85,151.61708912754625
2026-07-22 04:45:00,150.07,153.19413152145603
2026-07-22 05:00:00,165.07,141.64368067299176
2026-07-22 05:15:00,156.49,138.58696525483188
2026-07-22 05:30:00,150.44,135.82794781924352
2026-07-22 05:45:00,132.0,129.4899009571719
2026-07-22 06:00:00,165.81,129.08508282929682
2026-07-22 06:15:00,149.28,128.224348445558
2026-07-22 06:30:00,125.25,123.26125344874039
2026-07-22 06:45:00,118.66,125.30074151714933
2026-07-22 07:00:00,153.3,124.31388323029547
2026-07-22 07:15:00,115.48,123.35779692727723
2026-07-22 07:30:00,96.0,103.21405414061222
2026-07-22 07:45:00,71.23,108.17843514412222
2026-07-22 08:00:00,92.18,103.17208218215997
2026-07-22 08:15:00,60.41,96.05580576913044
2026-07-22 08:30:00,44.31,66.30443236375159
2026-07-22 08:45:00,29.51,47.98978621160376
2026-07-22 09:00:00,39.97,50.74905398172634
2026-07-22 09:15:00,18.53,45.37277378001699
2026-07-22 09:30:00,0.0,19.887102340959785
2026-07-22 10:00:00,16.0,16.926687775205114
2026-07-22 10:15:00,3.58,18.66332007617585
2026-07-22 10:30:00,1.1,11.494156272263528
2026-07-22 10:45:00,0.06,8.581912520592539
2026-07-22 11:00:00,0.0,6.433379104897077
2026-07-22 12:00:00,0.03,3.121608097716121
2026-07-22 12:15:00,0.0,3.6544151827570923
2026-07-22 14:45:00,20.95,2.82458305209163
2026-07-22 15:00:00,24.99,35.141563804941995
2026-07-22 15:15:00,61.0,29.607757443250964
2026-07-22 15:30:00,76.9,52.27275093800858
2026-07-22 15:45:00,104.6,71.70189139063585
2026-07-22 16:00:00,94.77,86.36479112911675
2026-07-22 16:15:00,111.4,98.5798650542288
2026-07-22 16:30:00,123.84,104.19492864513259
2026-07-22 16:45:00,142.68,96.78074147427999
2026-07-22 17:00:00,126.78,126.14480167441715
2026-07-22 17:15:00,147.0,117.6704609174214
2026-07-22 17:30:00,162.86,126.65670285064567
2026-07-22 17:45:00,164.94,129.14279330785254
2026-07-22 18:00:00,159.5,126.23643948264657
2026-07-22 18:15:00,162.66,129.01114729644698
2026-07-22 18:30:00,166.26,129.42577302253372
2026-07-22 18:45:00,171.79,129.19221345731486
2026-07-22 19:00:00,170.05,128.03436122895732
2026-07-22 19:15:00,165.18,134.36374615229
2026-07-22 19:30:00,165.19,134.96163552176952
2026-07-22 19:45:00,159.24,150.05972548808177
2026-07-22 20:00:00,171.53,145.38210464286453
2026-07-22 20:15:00,162.99,148.58279139862273
2026-07-22 20:30:00,159.52,144.51872439622272
2026-07-22 20:45:00,151.14,141.83424570995015
2026-07-22 21:00:00,158.36,125.64900906101008
2026-07-22 21:15:00,152.27,139.59887987606282
2026-07-22 21:30:00,150.45,130.51956446279254
2026-07-22 21:45:00,140.0,127.25852430578736
2026-07-22 22:00:00,162.66,130.68526455654637
2026-07-22 22:15:00,153.12,147.6650595997821
2026-07-22 22:30:00,144.53,137.18824407138334
2026-07-22 22:45:00,134.38,133.99650926440924
2026-07-22 23:00:00,146.57,132.7196697831761
2026-07-22 23:15:00,143.35,133.26989576680407
2026-07-22 23:30:00,142.21,134.20201161403926
2026-07-22 23:45:00,134.23,138.5773431241405
2026-07-23 00:00:00,141.24,132.2032274962963
2026-07-23 00:15:00,137.47,136.01223205221893
2026-07-23 00:30:00,136.45,134.84064578986775
2026-07-23 00:45:00,134.09,135.15539002196522
2026-07-23 01:00:00,134.44,131.61831247843526
2026-07-23 01:15:00,137.96,132.18361357969928
2026-07-23 01:30:00,135.15,135.33115523461038
2026-07-23 01:45:00,135.16,132.49348949060757
2026-07-23 02:00:00,134.96,132.50591494208237
2026-07-23 02:15:00,137.27,132.80290580153306
2026-07-23 02:30:00,140.36,135.0632761942037
2026-07-23 02:45:00,143.62,136.58419754574786
2026-07-23 03:00:00,136.26,140.24445401041024
2026-07-23 03:15:00,141.43,137.40105944796028
2026-07-23 03:30:00,150.64,139.08099654715448
2026-07-23 03:45:00,156.45,140.3684538872062
2026-07-23 04:00:00,151.85,148.5069436161331
2026-07-23 04:15:00,163.01,145.39346072613907
2026-07-23 04:30:00,161.96,154.15609559733613
2026-07-23 04:45:00,164.01,154.5994541556091
2026-07-23 05:00:00,173.65,154.96799180112822
2026-07-23 05:15:00,173.72,151.96014430195862
2026-07-23 05:30:00,164.15,145.13439653303936
2026-07-23 05:45:00,161.76,134.27894831862903
2026-07-23 06:00:00,174.01,132.65276943561653
2026-07-23 06:15:00,162.8,134.20707867970478
2026-07-23 06:30:00,159.02,127.25016266792511
2026-07-23 06:45:00,140.44,125.15601892919798
2026-07-23 07:00:00,159.76,132.4778641189642
2026-07-23 07:15:00,142.04,125.01939797681703
2026-07-23 07:30:00,116.9,127.48497768260945
2026-07-23 07:45:00,106.51,107.15802848156858
2026-07-23 08:00:00,114.97,126.88323879447455
2026-07-23 08:15:00,92.28,109.05629999514754
2026-07-23 08:30:00,76.88,97.65159803917281
2026-07-23 08:45:00,19.28,78.22972789731733
2026-07-23 09:00:00,41.52,21.570163768100848
2026-07-23 09:15:00,16.17,56.882356229560344
2026-07-23 09:30:00,0.0,22.843921365488914
2026-07-23 10:00:00,7.45,17.593878986678114
2026-07-23 10:15:00,0.0,15.430529307318697
2026-07-23 10:30:00,21.77,18.397884956138558
2026-07-23 10:45:00,6.46,17.35216535382265
2026-07-23 11:00:00,0.0,11.36574567891789
2026-07-23 12:00:00,2.82,11.414762479861079
2026-07-23 12:15:00,3.16,11.458586554776323
2026-07-23 12:30:00,8.78,14.411658117192864
2026-07-23 12:45:00,6.76,11.171214519646027
2026-07-23 13:00:00,2.88,10.929973003330867
2026-07-23 13:15:00,4.48,14.111789825539054
2026-07-23 13:30:00,3.04,13.50468931848427
2026-07-23 13:45:00,0.09,14.953073866653348
2026-07-23 14:00:00,3.07,6.282056222212901
2026-07-23 14:15:00,6.85,14.924209682226422
2026-07-23 14:30:00,11.2,12.39394823331628
2026-07-23 14:45:00,30.23,16.731531288248394
2026-07-23 15:00:00,38.99,46.67064966748206
2026-07-23 15:15:00,79.32,43.67862230147317
2026-07-23 15:30:00,89.0,76.49708992616559
2026-07-23 15:45:00,95.0,69.71669888693768
2026-07-23 16:00:00,98.85,90.39687579712025
2026-07-23 16:15:00,129.56,104.86617304701608
2026-07-23 16:30:00,139.27,124.62256527389685
2026-07-23 16:45:00,164.92,130.74368379124016
2026-07-23 17:00:00,152.77,123.38558772784762
2026-07-23 17:15:00,164.67,122.96027248185803
2026-07-23 17:30:00,168.27,125.72852635314872
2026-07-23 17:45:00,178.69,125.61464511151664
2026-07-23 18:00:00,172.79,153.7706074068503
2026-07-23 18:15:00,184.89,125.88892550199559
2026-07-23 18:30:00,186.92,156.724669672929
2026-07-23 18:45:00,197.5,160.66930852093282
2026-07-23 19:00:00,192.84,159.69867557493106
2026-07-23 19:15:00,191.79,162.07473064436235
2026-07-23 19:30:00,189.7,167.18180810409814
2026-07-23 19:45:00,185.67,172.87703859259437
2026-07-23 20:00:00,195.92,173.92435003229645
2026-07-23 20:15:00,188.96,174.81735494567766
2026-07-23 20:30:00,184.29,173.44598691258435
2026-07-23 20:45:00,177.0,173.03780041984874
2026-07-23 21:00:00,181.68,164.0203675203781
2026-07-23 21:15:00,170.66,167.1560237886167
2026-07-23 21:30:00,166.94,142.50308690884188
2026-07-23 21:45:00,162.4,142.39663814475418
2026-07-23 22:00:00,168.22,147.90740423340978
2026-07-23 22:15:00,163.65,148.5600382043335
2026-07-23 22:30:00,160.58,148.04411174124417
2026-07-23 22:45:00,151.56,146.36654713330452
2026-07-23 23:00:00,160.68,132.01347281613508
2026-07-23 23:15:00,157.0,146.85096716853405
2026-07-23 23:30:00,155.89,145.11814772721374
2026-07-23 23:45:00,151.94,143.39557391392415
2026-07-24 00:00:00,155.26,135.49646998866731
2026-07-24 00:15:00,151.69,144.56383025318712
2026-07-24 00:30:00,120.56,137.77387630465475
2026-07-24 00:45:00,97.06,123.26876114040904
2026-07-24 01:00:00,140.57,111.68165907394442
2026-07-24 01:15:00,137.55,122.62621718146227
2026-07-24 01:30:00,145.18,125.5619025178085
2026-07-24 01:45:00,145.85,124.54256687243925
2026-07-24 02:00:00,139.28,125.76623407169022
2026-07-24 02:15:00,127.48,125.18646344397261
2026-07-24 02:30:00,125.66,126.4826912045481
2026-07-24 02:45:00,140.18,125.45945467165006
2026-07-24 03:00:00,153.07,124.68108786475764
2026-07-24 03:15:00,158.62,138.91738807217817
2026-07-24 03:30:00,165.46,148.14516262975815
2026-07-24 03:45:00,169.2,150.43374260348023
2026-07-24 04:00:00,168.25,150.9587019112111
2026-07-24 04:15:00,177.35,153.75413243696954
2026-07-24 04:30:00,175.13,182.45576542705558
2026-07-24 04:45:00,171.9,167.35006874772583
2026-07-24 05:00:00,178.19,154.65828902824242
2026-07-24 05:15:00,172.31,175.29426366106955
2026-07-24 05:30:00,167.32,133.73297898848378
2026-07-24 05:45:00,152.68,134.57092753532496
2026-07-24 06:00:00,173.96,127.59482835076761
2026-07-24 06:15:00,166.76,132.15761294968692
2026-07-24 06:30:00,158.51,126.02419530431973
2026-07-24 06:45:00,139.6,119.47626936617642
2026-07-24 07:00:00,170.0,128.32078266249565
2026-07-24 07:15:00,134.23,117.1430768960331
2026-07-24 07:30:00,110.13,122.95748370092255
2026-07-24 07:45:00,95.08,116.3073198609202
2026-07-24 08:00:00,99.0,112.28060851833771
2026-07-24 08:15:00,85.2,107.27744417837536
2026-07-24 08:30:00,74.52,80.89177820680813
2026-07-24 08:45:00,45.0,80.15496555118902
2026-07-24 09:00:00,33.78,58.16018428041478
2026-07-24 09:15:00,13.35,43.09051578946228
2026-07-24 09:30:00,1.5,24.256997694739727
2026-07-24 09:45:00,1.0,8.51872698521462
2026-07-24 10:00:00,2.2,13.544237844340675
2026-07-24 10:15:00,1.5,14.410798365815383
2026-07-24 10:30:00,1.15,22.055816799601075
2026-07-24 10:45:00,1.08,22.33070400590897
2026-07-24 11:00:00,0.0,22.310426633972295
2026-07-24 12:30:00,0.51,23.88026558921986
2026-07-24 13:00:00,0.54,22.172760274420906
2026-07-24 13:15:00,0.51,22.172760274420906
2026-07-24 13:30:00,0.1,21.9877602744209
2026-07-24 13:45:00,0.0,23.171751144315827
2026-07-24 14:00:00,0.28,23.972266561444123
2026-07-24 14:15:00,0.51,22.178391457186173
2026-07-24 14:30:00,0.77,21.989902096846755
2026-07-24 14:45:00,1.08,21.52955196529798
2026-07-24 15:15:00,9.13,23.622235989395996
2026-07-24 15:30:00,67.27,28.581512100248997
2026-07-24 15:45:00,133.02,38.24164642593513
2026-07-24 16:00:00,81.99,119.39787436137851
2026-07-24 16:15:00,121.15,71.72156915561196
2026-07-24 16:30:00,137.27,101.7385190095837
2026-07-24 16:45:00,167.7,125.23602500901023
2026-07-24 17:00:00,148.9,122.2671108678904
2026-07-24 17:15:00,159.57,122.58188335272644
2026-07-24 17:30:00,190.23,125.84347690797705
2026-07-24 17:45:00,204.95,164.88577240425062
2026-07-24 18:00:00,182.47,160.29483288682692
2026-07-24 18:15:00,183.8,154.10183457690155
2026-07-24 18:30:00,180.01,158.55860517879418
2026-07-24 18:45:00,184.24,152.84723602415806
2026-07-24 19:00:00,183.0,156.47459538407284
2026-07-24 19:15:00,186.79,158.99879744769112
2026-07-24 19:30:00,188.13,166.32860986504573
2026-07-24 19:45:00,187.25,172.9197679143043
2026-07-24 20:00:00,190.93,175.47872674255606
2026-07-24 20:15:00,189.04,176.43633704169628
2026-07-24 20:30:00,188.64,185.64458990401212
2026-07-24 20:45:00,184.5,185.404027358595
2026-07-24 21:00:00,185.48,177.3976410953835
2026-07-24 21:15:00,183.0,175.3618129099828
2026-07-24 21:30:00,181.31,174.97892306310112
2026-07-24 21:45:00,170.67,181.3074890574606
