timestamp,actual,prediction
2026-05-13 05:30:00,165.06,143.84493943621212
2026-05-13 06:00:00,181.37,161.2780425168169
2026-05-13 06:15:00,178.15,174.6012713389009
2026-05-13 06:30:00,169.01,171.45235469625445
2026-05-13 06:45:00,149.44,162.32982816055582
2026-05-13 07:00:00,155.46,144.93487724519431
2026-05-13 07:15:00,148.03,149.45898781070977
2026-05-13 07:30:00,140.17,142.76272647057024
2026-05-13 07:45:00,116.34,135.77328705146826
2026-05-13 08:00:00,143.2,113.08362031752341
2026-05-13 08:15:00,134.0,136.52711341027836
2026-05-13 08:30:00,130.2,129.35687247637813
2026-05-13 08:45:00,113.0,126.91789527203215
2026-05-13 09:00:00,143.21,111.48531959767733
2026-05-13 09:15:00,141.38,137.40501155428962
2026-05-13 09:30:00,115.4,135.67134256253988
2026-05-13 09:45:00,103.0,114.00484463312688
2026-05-13 10:00:00,88.5,100.73367762675615
2026-05-13 10:15:00,82.92,88.33986249306034
2026-05-13 10:30:00,77.2,84.13176041137281
2026-05-13 10:45:00,73.22,79.11584914978003
2026-05-13 11:00:00,80.77,75.03300734609793
2026-05-13 11:15:00,80.0,81.36731311483341
2026-05-13 11:30:00,79.19,80.87641815610807
2026-05-13 11:45:00,73.95,79.93040041694056
2026-05-13 12:00:00,70.5,75.25255153282406
2026-05-13 12:15:00,73.16,73.42294320949117
2026-05-13 12:30:00,80.0,76.71694912729825
2026-05-13 12:45:00,85.66,83.45323990855564
2026-05-13 13:00:00,82.47,89.8865560764138
2026-05-13 13:15:00,84.75,88.25556359102877
2026-05-13 13:30:00,93.79,90.91037366445957
2026-05-13 13:45:00,106.33,98.79934436852568
2026-05-13 14:00:00,110.69,110.81807108094893
2026-05-13 14:15:00,114.29,114.73342915448374
2026-05-13 14:30:00,116.03,117.75178393072015
2026-05-13 14:45:00,128.94,118.77780656064432
2026-05-13 15:00:00,115.95,134.16757045203732
2026-05-13 15:15:00,119.02,122.27652956741966
2026-05-13 15:30:00,138.76,125.41729406282136
2026-05-13 15:45:00,146.67,141.7810624966865
2026-05-13 16:00:00,115.9,148.9285806949596
2026-05-13 16:15:00,140.11,122.13818455489098
2026-05-13 16:30:00,148.48,144.1231488297628
2026-05-13 16:45:00,160.67,150.834669401619
2026-05-13 17:00:00,143.34,162.63681584623845
2026-05-13 17:15:00,148.03,146.7798517980751
2026-05-13 17:30:00,157.62,151.7042608301791
2026-05-13 17:45:00,169.01,159.68119750698656
2026-05-13 18:00:00,173.76,165.68271655436706
2026-05-13 18:15:00,180.0,169.08667955387878
2026-05-13 18:45:00,171.96,176.3498274405316
2026-05-13 19:00:00,155.45,164.07425170137105
2026-05-13 19:15:00,149.0,149.6538508342935
2026-05-13 19:30:00,148.03,143.3957604430256
2026-05-13 19:45:00,147.84,143.2819790738837
2026-05-13 20:00:00,148.03,143.26929679643794
2026-05-13 20:15:00,143.63,143.12038966565206
2026-05-13 20:30:00,140.65,139.15910970760308
2026-05-13 20:45:00,124.01,136.65227582018974
2026-05-13 21:00:00,143.2,121.93106875408476
2026-05-13 21:15:00,133.26,138.18695979730396
2026-05-13 21:30:00,124.01,129.95947376395503
2026-05-13 21:45:00,119.53,122.98303318169975
2026-05-13 22:00:00,150.0,118.3772359405474
2026-05-13 22:15:00,144.36,144.97494764400787
2026-05-13 22:30:00,137.98,140.47200361120363
2026-05-13 22:45:00,131.7,135.24846784728882
2026-05-13 23:00:00,141.4,129.01825229794872
2026-05-13 23:15:00,136.11,137.65210911480506
2026-05-13 23:30:00,133.58,133.1491133339663
2026-05-13 23:45:00,128.9,131.2644652025777
2026-05-14 00:00:00,137.6,127.30449884974408
2026-05-14 00:15:00,127.58,135.65031828644283
2026-05-14 00:30:00,128.07,125.93079556100511
2026-05-14 00:45:00,127.15,126.9626153201337
2026-05-14 01:00:00,131.9,126.3439954481004
2026-05-14 01:15:00,130.65,130.46814830363098
2026-05-14 01:30:00,128.94,129.45376254613655
2026-05-14 01:45:00,128.92,128.03640283440194
2026-05-14 02:00:00,127.28,127.88458251181372
2026-05-14 02:15:00,128.0,126.44652156673321
2026-05-14 02:30:00,129.32,127.18996902207752
2026-05-14 02:45:00,135.8,128.0960910470808
2026-05-14 03:00:00,129.34,133.8967688941568
2026-05-14 03:15:00,129.76,128.43891368307004
2026-05-14 03:30:00,137.08,128.5210270620438
2026-05-14 03:45:00,141.7,134.50601500091642
2026-05-14 04:00:00,137.08,139.09368732530615
2026-05-14 04:15:00,144.36,134.66531088195302
2026-05-14 04:45:00,150.87,139.98963350352082
2026-05-14 05:00:00,134.72,146.10241547226408
2026-05-14 05:15:00,139.0,132.00121049539285
2026-05-14 05:30:00,136.78,134.81163836506994
2026-05-14 05:45:00,129.5,132.28394865443207
2026-05-14 06:00:00,143.3,129.80119427729204
2026-05-14 06:15:00,139.0,140.32867191214686
2026-05-14 06:30:00,122.6,135.58137915296072
2026-05-14 06:45:00,115.1,121.40830119182726
2026-05-14 07:00:00,147.98,114.31301046196798
2026-05-14 07:15:00,140.22,143.20279433662793
2026-05-14 07:30:00,120.17,136.56981477538366
2026-05-14 07:45:00,112.03,119.56588511783706
2026-05-14 08:00:00,140.0,109.82205542404255
2026-05-14 08:15:00,130.84,135.02539716147163
2026-05-14 08:30:00,118.53,126.59827838933943
2026-05-14 08:45:00,111.11,116.70664971678407
2026-05-14 09:00:00,140.22,109.71310881795317
2026-05-14 09:15:00,133.84,135.52690606463176
2026-05-14 09:30:00,130.55,129.01064002543416
2026-05-14 09:45:00,112.23,126.33839784481094
2026-05-14 10:00:00,108.28,110.84216261110687
2026-05-14 10:15:00,105.98,107.84477795533603
2026-05-14 10:30:00,99.66,106.03815390199851
2026-05-14 10:45:00,94.37,101.08612218110478
2026-05-14 11:00:00,100.0,96.50948753078133
2026-05-14 11:15:00,103.0,101.54204570445509
2026-05-14 11:30:00,109.2,104.12999004823872
2026-05-14 11:45:00,111.87,109.50868240832864
2026-05-14 12:00:00,112.86,111.62714420154333
2026-05-14 12:15:00,113.94,112.31659476851667
2026-05-14 12:30:00,117.08,112.97277576385324
2026-05-14 13:00:00,134.79,114.97168566994914
2026-05-14 13:15:00,117.44,130.161389271073
2026-05-14 13:30:00,140.0,115.38334474608938
2026-05-14 13:45:00,124.49,135.10634950980193
2026-05-14 14:00:00,121.12,121.56323964663831
2026-05-14 14:15:00,140.31,119.1780380050408
2026-05-14 14:30:00,143.0,134.69130290171663
2026-05-14 14:45:00,155.57,137.82262968571075
2026-05-14 15:00:00,117.71,153.71840098477685
2026-05-14 15:15:00,122.37,121.1671423030407
2026-05-14 15:30:00,139.04,125.14013352053817
2026-05-14 15:45:00,160.88,140.1179186360636
2026-05-14 16:00:00,117.08,160.61819505392447
2026-05-14 16:15:00,135.8,122.49965238948613
2026-05-14 16:30:00,140.22,138.16270337191372
2026-05-14 16:45:00,142.32,142.9163750318628
2026-05-14 17:00:00,135.52,145.52561426722346
2026-05-14 17:15:00,143.65,139.29179224855582
2026-05-14 17:30:00,144.36,146.0845743153693
2026-05-14 17:45:00,150.87,147.8752855543054
2026-05-14 18:00:00,159.0,150.2446940848194
2026-05-14 18:15:00,159.68,156.69026589073385
2026-05-14 18:30:00,161.44,156.9328872108319
2026-05-14 18:45:00,161.0,158.1081969833719
2026-05-14 19:00:00,171.43,152.63972140633726
2026-05-14 19:15:00,167.26,161.91759800782097
2026-05-14 19:30:00,157.54,159.06913123819572
2026-05-14 19:45:00,150.87,151.08554254580162
2026-05-14 20:00:00,165.37,145.24061606414196
2026-05-14 20:15:00,152.91,157.82419446908958
2026-05-14 20:30:00,149.76,147.51807024807835
2026-05-14 20:45:00,144.36,145.2975184021455
2026-05-14 21:00:00,145.0,140.40634370824353
2026-05-14 21:15:00,142.32,141.9925139930163
2026-05-14 21:30:00,132.3,139.01184155836444
2026-05-14 21:45:00,125.41,131.0435803649267
2026-05-14 22:00:00,140.09,125.07172655888205
2026-05-14 22:15:00,144.17,137.84354000112307
2026-05-14 22:30:00,132.07,140.30967118971546
2026-05-14 22:45:00,123.67,130.42246532819374
2026-05-14 23:00:00,135.1,122.99222940253962
2026-05-14 23:15:00,132.0,132.6870069870609
2026-05-14 23:30:00,127.34,129.7251941507496
2026-05-15 00:00:00,131.18,126.01235616315284
2026-05-15 00:15:00,128.0,128.7965226951016
2026-05-15 00:30:00,131.07,126.1841762744023
2026-05-15 00:45:00,130.15,128.30415238876975
2026-05-15 01:00:00,129.51,127.73361006185064
2026-05-15 01:15:00,129.12,127.51016778562433
2026-05-15 01:30:00,131.17,127.29956259032186
2026-05-15 01:45:00,130.61,129.06955243662384
2026-05-15 02:00:00,129.33,128.94105403157567
2026-05-15 02:15:00,132.0,127.84378134961506
2026-05-15 02:30:00,133.54,130.18779579437648
2026-05-15 02:45:00,137.13,131.96806330695387
2026-05-15 03:00:00,132.0,134.99873147861186
2026-05-15 03:15:00,134.12,130.56784489277788
2026-05-15 03:30:00,136.4,132.10009859622804
2026-05-15 03:45:00,140.0,134.2248133194183
2026-05-15 04:00:00,137.58,137.52112145806794
2026-05-15 04:15:00,144.86,135.0375275232078
2026-05-15 04:30:00,144.9,140.99291934028483
2026-05-15 04:45:00,145.34,141.10205014544843
2026-05-15 05:00:00,148.81,142.0906375587634
2026-05-15 05:15:00,146.59,144.0818170825098
2026-05-15 05:30:00,144.48,142.40903944973104
2026-05-15 05:45:00,144.17,139.94959153000696
2026-05-15 06:00:00,144.14,143.00183600010698
2026-05-15 06:15:00,141.95,143.0377008593653
2026-05-15 06:30:00,148.81,140.34881433626097
2026-05-15 06:45:00,145.1,146.14046394102186
2026-05-15 07:00:00,169.12,143.38784435559526
2026-05-15 07:15:00,181.53,164.10561137948093
2026-05-15 07:30:00,166.9,172.95182421239622
2026-05-15 07:45:00,165.01,160.5139915560773
2026-05-15 08:00:00,162.26,156.8861770151144
2026-05-15 08:15:00,156.0,154.68482207744015
2026-05-15 08:30:00,150.87,148.7924200707453
2026-05-15 09:45:00,144.17,145.37976012640965
2026-05-15 10:15:00,143.77,139.51792629257872
2026-05-15 10:30:00,123.67,138.87671100386663
2026-05-15 11:30:00,142.6,120.30053087286717
2026-05-15 11:45:00,141.87,137.6724619585932
2026-05-15 12:00:00,138.13,138.06960016954503
2026-05-15 12:30:00,126.95,136.56692666702932
2026-05-15 12:45:00,125.67,126.71651286133202
2026-05-15 13:00:00,150.87,125.95065019757645
2026-05-15 14:00:00,150.0,147.2989326625697
2026-05-15 14:15:00,149.13,147.9139912820214
2026-05-15 14:30:00,150.0,147.79294341206418
2026-05-15 14:45:00,150.87,148.53808227396138
2026-05-15 15:00:00,148.81,154.6130311844639
2026-05-15 15:30:00,156.0,153.1447616257533
2026-05-15 15:45:00,164.9,159.39018379873932
2026-05-15 16:00:00,148.67,167.3251621216812
2026-05-15 16:15:00,148.81,153.09563410092366
2026-05-15 16:30:00,155.61,151.9844646916941
2026-05-15 16:45:00,150.87,157.97367948047784
2026-05-15 17:00:00,148.81,153.34379797159485
2026-05-15 17:15:00,150.59,152.51894901209639
2026-05-15 17:30:00,157.14,154.25182804625558
2026-05-15 17:45:00,165.75,159.47270517756542
2026-05-15 18:00:00,165.01,163.41989823226731
2026-05-15 18:15:00,166.68,162.35995142487445
2026-05-15 18:30:00,165.01,165.38341971583404
2026-05-15 18:45:00,163.85,163.676224478726
2026-05-15 19:00:00,169.12,157.5379397839726
2026-05-15 19:15:00,158.16,161.07520401512375
2026-05-15 19:30:00,150.7,153.61676320742214
2026-05-15 19:45:00,146.02,146.46909008883955
2026-05-15 20:00:00,154.6,142.14925559928233
2026-05-15 20:15:00,148.81,149.84930273354948
2026-05-15 20:45:00,142.68,145.59769941903616
2026-05-15 21:00:00,149.88,140.29478512634975
2026-05-15 21:15:00,142.6,146.15617024567862
2026-05-15 21:30:00,135.9,139.82480392577511
2026-05-15 21:45:00,134.19,133.94997454613636
2026-05-15 22:00:00,151.23,133.147148122888
2026-05-15 22:15:00,151.5,147.7386441066098
2026-05-15 22:30:00,151.23,148.06853232602893
2026-05-15 23:30:00,136.61,147.28122500226397
2026-05-15 23:45:00,130.61,134.4507934932209
2026-05-16 00:00:00,137.91,129.7254123595047
2026-05-16 00:15:00,129.55,136.2676910384939
2026-05-16 00:30:00,126.47,129.02591576155396
2026-05-16 01:45:00,125.39,127.25529865859727
2026-05-16 02:00:00,124.0,126.28171454282577
2026-05-16 02:15:00,124.88,125.61991909552304
2026-05-16 02:30:00,124.02,126.4347805885139
2026-05-16 02:45:00,124.73,125.84190965706539
2026-05-16 03:00:00,126.47,127.10749657160592
2026-05-16 03:45:00,125.44,128.3614802052864
2026-05-16 04:00:00,126.47,126.77967668922545
2026-05-16 04:15:00,130.26,127.52572302573013
2026-05-16 04:30:00,135.0,131.46936030513925
2026-05-16 04:45:00,126.47,136.01427721448252
2026-05-16 05:00:00,151.23,129.17421605479004
2026-05-16 06:00:00,156.0,149.5662170976321
2026-05-16 06:15:00,153.31,152.78924977122307
2026-05-16 06:30:00,151.23,149.61428901269764
2026-05-16 07:00:00,171.27,145.35928651630806
2026-05-16 07:15:00,167.21,161.78735615840122
2026-05-16 07:45:00,154.31,157.46688955284932
2026-05-16 08:00:00,167.21,144.01712182106635
2026-05-16 08:15:00,155.0,154.06884233270256
2026-05-16 08:30:00,153.31,143.12454233106666
2026-05-16 08:45:00,150.0,141.62037521191726
2026-05-16 09:00:00,153.31,138.14311606428237
2026-05-16 09:30:00,143.61,140.3511214188496
2026-05-16 10:00:00,117.29,131.31146203991236
2026-05-16 10:15:00,116.57,108.98531548035824
2026-05-16 10:30:00,113.8,108.71752256430287
2026-05-16 10:45:00,94.75,106.78990357119305
2026-05-16 11:00:00,80.0,91.5548960482063
2026-05-16 11:15:00,70.0,78.74760206024511
2026-05-16 11:30:00,72.33,70.37874007776259
2026-05-16 11:45:00,62.92,72.65071074319994
2026-05-16 12:00:00,76.96,65.08487889456507
2026-05-16 12:15:00,61.0,77.88056713540546
2026-05-16 12:30:00,70.0,64.49269857398292
2026-05-16 12:45:00,61.31,73.14600777446593
2026-05-16 13:00:00,13.06,66.00831489865588
2026-05-16 13:30:00,20.05,24.922934263774888
2026-05-16 13:45:00,23.0,30.47640083891001
2026-05-16 14:00:00,20.0,33.28747012769815
2026-05-16 14:15:00,20.05,32.31536018126832
2026-05-16 14:30:00,23.0,32.49191343428004
2026-05-16 14:45:00,44.32,34.3032245476245
2026-05-16 15:00:00,14.8,57.18133018223712
2026-05-16 15:15:00,30.0,33.09300878956759
2026-05-16 15:30:00,47.25,46.50512749432109
2026-05-16 15:45:00,87.48,61.245372651694304
2026-05-16 16:00:00,91.01,97.40422159015834
2026-05-16 16:15:00,108.81,100.32636697716339
2026-05-16 16:30:00,151.23,115.36216749423102
2026-05-16 16:45:00,156.0,150.60124736544262
2026-05-16 17:00:00,120.0,155.68876340027109
2026-05-16 17:15:00,129.07,123.83044860906934
2026-05-16 17:30:00,150.0,130.61960916889882
2026-05-16 17:45:00,153.31,148.78120143818876
2026-05-16 18:00:00,136.9,153.58173449985856
2026-05-16 18:15:00,150.0,139.49600401901898
2026-05-16 18:30:00,151.23,149.21076229181543
2026-05-16 19:00:00,149.58,145.88989575503626
2026-05-16 19:15:00,142.98,144.9098052075778
2026-05-16 19:30:00,140.56,138.75372541063194
2026-05-16 19:45:00,138.88,136.60256609289834
2026-05-16 20:00:00,151.23,135.21419697215595
2026-05-16 20:15:00,148.0,145.62198123929173
2026-05-16 20:30:00,143.61,142.44179874336066
2026-05-16 20:45:00,137.96,139.5405288085342
2026-05-16 21:00:00,151.23,134.35427002187453
2026-05-16 21:15:00,150.71,145.39146766196725
2026-05-16 21:30:00,137.74,145.21783347647974
2026-05-16 21:45:00,130.0,134.4264272260823
2026-05-16 22:00:00,141.84,127.00973044038507
2026-05-16 22:15:00,133.51,136.7685495038686
2026-05-16 22:30:00,126.0,129.62081865800914
2026-05-16 22:45:00,122.97,123.39813433785007
2026-05-16 23:00:00,128.41,120.34828337151853
2026-05-16 23:15:00,121.06,125.21620848029494
2026-05-16 23:30:00,118.8,119.1192070168078
2026-05-16 23:45:00,117.63,116.92462108941653
2026-05-17 00:00:00,121.38,116.15297609307524
2026-05-17 00:15:00,119.97,119.8495378823877
2026-05-17 00:30:00,116.67,118.87848533441431
2026-05-17 00:45:00,124.98,115.71982576718521
2026-05-17 01:00:00,114.79,123.03634345683855
2026-05-17 01:15:00,117.94,114.51927216861938
2026-05-17 01:30:00,117.9,116.8955631634464
2026-05-17 01:45:00,121.04,116.79519364032099
2026-05-17 02:00:00,124.0,120.109548259457
2026-05-17 02:15:00,120.08,122.57010648718801
2026-05-17 02:30:00,123.15,118.41116263528343
2026-05-17 02:45:00,124.13,120.79988428679896
2026-05-17 03:00:00,150.0,121.56350412237893
2026-05-17 03:15:00,152.43,144.38704467030416
2026-05-17 03:45:00,142.43,146.58442870973442
2026-05-17 04:00:00,156.47,137.71631438448068
2026-05-17 04:15:00,155.37,149.20143568323311
2026-05-17 04:30:00,153.61,148.19000192305248
2026-05-17 04:45:00,154.55,146.92240144844683
2026-05-17 05:00:00,159.43,148.1188630155887
2026-05-17 05:15:00,154.55,151.94552820019405
2026-05-17 05:30:00,152.43,147.4085866530445
2026-05-17 06:15:00,143.28,144.08277904965152
2026-05-17 06:30:00,129.74,135.5862949714786
2026-05-17 06:45:00,114.75,123.65913053553672
2026-05-17 07:00:00,114.63,110.30775890761738
2026-05-17 07:15:00,91.75,109.58926578120531
2026-05-17 07:30:00,72.35,89.49979616558045
2026-05-17 07:45:00,48.92,73.12681719781138
2026-05-17 08:00:00,15.0,49.44518232928151
2026-05-17 08:15:00,13.55,20.263601882267533
2026-05-17 08:30:00,20.0,19.151218585741677
2026-05-17 08:45:00,15.25,24.798742925468513
2026-05-17 09:00:00,13.0,20.29650691227234
2026-05-17 09:30:00,12.0,18.267227187513743
2026-05-17 10:00:00,13.0,17.50424409208333
2026-05-17 10:45:00,12.0,18.456509483955102
2026-05-17 12:00:00,11.0,17.937595690958343
2026-05-17 13:00:00,12.0,17.60911899226327
2026-05-17 13:30:00,13.0,18.75936039166277
2026-05-17 14:00:00,1.0,19.713720561058995
2026-05-17 14:30:00,20.0,10.666496301159503
2026-05-17 14:45:00,26.05,28.265736152505625
2026-05-17 15:00:00,56.56,38.54399518063095
2026-05-17 15:15:00,78.36,65.52207888945969
2026-05-17 15:30:00,124.0,84.96283763323991
2026-05-17 15:45:00,141.08,125.10451460497904
2026-05-17 16:00:00,122.54,139.865542909052
2026-05-17 16:15:00,128.86,123.83116669282724
2026-05-17 16:30:00,151.73,128.892169230994
2026-05-17 16:45:00,154.05,147.92244500700156
2026-05-17 17:00:00,152.43,151.85759644850384
2026-05-17 17:15:00,157.72,150.37571690829685
2026-05-17 17:30:00,171.4,155.29562668287457
2026-05-17 17:45:00,182.72,169.73689776625986
2026-05-17 18:00:00,161.54,179.93647928398514
2026-05-17 18:15:00,169.5,161.92303176654337
2026-05-17 18:30:00,171.4,168.87758464228526
2026-05-17 18:45:00,172.47,170.5948303047986
2026-05-17 19:00:00,168.41,167.89045741597153
2026-05-17 19:15:00,160.29,163.2813186423984
2026-05-17 19:30:00,155.48,157.66580917275763
2026-05-17 19:45:00,153.9,153.01544839186897
2026-05-17 20:00:00,160.9,151.14885264954455
2026-05-17 20:15:00,153.46,155.76992428831193
2026-05-17 20:30:00,152.43,149.39162865418245
2026-05-17 21:00:00,154.55,147.87263254989486
2026-05-17 21:15:00,152.43,147.71905531103843
2026-05-17 21:45:00,145.04,146.04034507122978
2026-05-17 22:00:00,152.5,141.9809086208918
2026-05-17 22:15:00,140.82,147.87001248591997
2026-05-17 22:30:00,134.0,137.09997274331135
2026-05-17 22:45:00,129.04,131.26114912001546
2026-05-17 23:00:00,133.32,127.38951241350198
2026-05-17 23:15:00,128.04,130.78571933854363
2026-05-18 00:15:00,130.44,126.51995909497988
2026-05-18 00:30:00,130.48,128.72322410787376
2026-05-18 00:45:00,130.49,128.8486434363562
2026-05-18 01:00:00,129.76,129.1191042762079
2026-05-18 01:15:00,129.8,128.41335611390747
2026-05-18 01:30:00,130.39,127.84477541606337
2026-05-18 01:45:00,130.45,128.39606871902333
2026-05-18 02:00:00,130.52,128.65028758021316
2026-05-18 02:15:00,130.53,128.89075727288866
2026-05-18 02:30:00,130.54,128.2180392175066
2026-05-18 02:45:00,130.53,128.14662730996113
2026-05-18 03:00:00,129.08,128.71322581253185
2026-05-18 03:15:00,137.48,127.73929214090462
2026-05-18 03:30:00,143.18,134.40589464050032
2026-05-18 03:45:00,152.5,139.6875171154038
2026-05-18 04:00:00,148.91,148.17888615600043
2026-05-18 04:15:00,154.61,144.8924715229912
2026-05-18 04:30:00,158.33,149.30211525763195
2026-05-18 04:45:00,166.75,152.3330053542165
2026-05-18 05:00:00,166.04,160.69985368662807
2026-05-18 05:15:00,163.03,159.49189631785814
2026-05-18 05:30:00,160.86,156.16548948451472
2026-05-18 05:45:00,152.92,153.6800775779369
2026-05-18 06:00:00,163.29,150.35679858503713
2026-05-18 06:15:00,152.5,158.5432768507517
2026-05-18 06:30:00,141.2,149.3020000897152
2026-05-18 06:45:00,128.04,139.21408596415898
2026-05-18 07:00:00,150.0,127.1642204533621
2026-05-18 07:15:00,128.04,145.7088298184248
2026-05-18 07:30:00,122.35,126.55815715926168
2026-05-18 07:45:00,118.19,121.7054946364637
2026-05-18 08:00:00,120.0,114.80484477131242
2026-05-18 08:15:00,119.37,116.67823394108468
2026-05-18 08:30:00,111.29,114.7911984152147
2026-05-18 08:45:00,121.9,107.44049692486593
2026-05-18 09:00:00,101.35,116.44943893874137
2026-05-18 09:15:00,97.65,98.33927270644512
2026-05-18 09:30:00,97.22,95.41836871118912
2026-05-18 09:45:00,100.0,94.83500113186372
2026-05-18 10:00:00,97.32,97.76363747898321
2026-05-18 10:15:00,97.98,95.50188666025785
2026-05-18 10:30:00,92.75,96.32324590496295
2026-05-18 10:45:00,91.94,91.93373918667582
2026-05-18 11:00:00,95.7,91.82597670101349
2026-05-18 11:15:00,99.39,95.53054486184165
2026-05-18 11:30:00,103.02,99.49621822189582
2026-05-18 11:45:00,112.8,102.67516606222466
2026-05-18 12:00:00,118.06,111.9513970641617
2026-05-18 12:15:00,126.7,117.35944505443084
2026-05-18 12:30:00,121.31,125.93420636374265
2026-05-18 12:45:00,118.06,122.85645666577238
2026-05-18 13:00:00,114.56,120.33608947203312
2026-05-18 13:15:00,116.35,117.0073045228173
2026-05-18 13:30:00,121.41,119.0549123075464
2026-05-18 13:45:00,126.04,123.82895296076654
2026-05-18 14:00:00,128.04,128.18447957751158
2026-05-18 14:30:00,132.59,130.711244120425
2026-05-18 14:45:00,142.01,135.06518899666435
2026-05-18 15:00:00,128.04,148.3793379854366
2026-05-18 15:15:00,133.61,136.55549752605074
2026-05-18 15:30:00,145.0,141.65360196812318
2026-05-18 15:45:00,152.5,152.00722674808787
2026-05-18 16:00:00,140.77,158.18639376687486
2026-05-18 16:15:00,152.5,148.5086588841762
2026-05-18 16:30:00,155.0,157.64495031910627
2026-05-18 16:45:00,171.73,159.35815177723637
2026-05-18 17:00:00,162.6,172.49816092205265
2026-05-18 17:15:00,174.92,164.07557148257632
2026-05-18 17:30:00,192.66,175.80213658426814
2026-05-18 17:45:00,199.58,190.7178459488829
2026-05-18 18:00:00,187.42,192.65527379760206
2026-05-18 18:15:00,194.86,182.07427537684174
2026-05-18 19:00:00,199.98,183.80467568032782
2026-05-18 19:15:00,188.29,187.8668216822807
2026-05-18 19:30:00,174.92,177.69577154685194
2026-05-18 19:45:00,165.05,165.5472702499465
2026-05-18 20:00:00,180.77,157.863627329024
2026-05-18 20:15:00,165.1,171.34238265789227
2026-05-18 20:30:00,155.0,158.36975320736462
2026-05-18 20:45:00,152.5,149.87514689772456
2026-05-18 21:00:00,162.04,147.35818173736763
2026-05-18 21:15:00,152.5,156.2531070549622
2026-05-18 21:30:00,152.44,148.58679041290776
2026-05-18 21:45:00,144.46,148.58736191167102
2026-05-18 22:00:00,155.8,140.865718914776
2026-05-18 22:15:00,154.0,151.10882881293543
2026-05-18 22:30:00,150.0,149.59085266501
2026-05-18 22:45:00,147.38,146.2346690004324
2026-05-18 23:00:00,147.8,143.6973477342471
2026-05-18 23:15:00,133.04,144.3573827716062
2026-05-18 23:30:00,132.6,131.65329508290768
2026-05-18 23:45:00,128.8,131.77357103771539
2026-05-19 00:00:00,136.8,128.8192976444785
2026-05-19 00:15:00,136.41,136.32518033631837
2026-05-19 00:30:00,138.56,135.7805007275537
2026-05-19 00:45:00,130.99,137.92283457845306
2026-05-19 01:00:00,136.04,131.11418553337882
2026-05-19 01:15:00,130.0,135.41995656389318
2026-05-19 01:30:00,136.8,130.1489367433228
2026-05-19 01:45:00,128.8,136.26504475691394
2026-05-19 02:00:00,128.21,129.29308461525636
2026-05-19 02:15:00,130.83,128.96835815738385
2026-05-19 02:30:00,139.0,131.129475450172
2026-05-19 02:45:00,137.2,138.33863993445988
2026-05-19 03:00:00,139.0,136.96431937725208
2026-05-19 03:15:00,129.5,138.49977280339013
2026-05-19 03:30:00,139.8,130.18187435489125
2026-05-19 03:45:00,151.7,139.1088193490462
2026-05-19 04:00:00,137.94,148.97751512048245
2026-05-19 04:15:00,155.8,137.20742377475938
2026-05-19 04:30:00,158.03,151.5970189415636
2026-05-19 04:45:00,162.12,153.22634055508186
2026-05-19 05:00:00,163.75,157.66478969391193
2026-05-19 05:15:00,164.17,157.77979272147763
2026-05-19 05:30:00,158.47,157.14151941431965
2026-05-19 05:45:00,153.61,151.69908106700893
2026-05-19 06:00:00,161.09,150.76630113796745
2026-05-19 06:15:00,147.65,156.68136891489848
2026-05-19 06:30:00,131.48,145.06118819448983
2026-05-19 06:45:00,128.04,130.54737978761133
2026-05-19 07:00:00,155.8,127.28327382365268
2026-05-19 07:15:00,128.04,151.36279739911313
2026-05-19 07:45:00,125.16,127.67693012025364
2026-05-19 08:00:00,120.51,122.06643177109558
2026-05-19 08:15:00,115.0,117.8589325472289
2026-05-19 08:30:00,113.96,114.00319876216236
2026-05-19 08:45:00,102.99,113.11536499991077
2026-05-19 09:00:00,97.53,103.61665782128422
2026-05-19 09:15:00,91.39,98.98699577747801
2026-05-19 09:30:00,85.13,93.97627089436153
2026-05-19 09:45:00,80.0,88.36818550227733
2026-05-19 10:00:00,81.62,84.88543601887025
2026-05-19 10:15:00,83.0,86.48717136965871
2026-05-19 10:30:00,77.2,87.71202930394844
2026-05-19 10:45:00,76.97,82.64598368504342
2026-05-19 11:00:00,80.5,82.42885195639917
2026-05-19 11:15:00,79.99,85.54693826788404
2026-05-19 11:30:00,80.39,85.41111779235167
2026-05-19 11:45:00,80.27,85.89727444389233
2026-05-19 12:00:00,90.0,85.72408456917849
2026-05-19 12:30:00,96.0,94.02922395704469
2026-05-19 12:45:00,99.01,98.84535428716012
2026-05-19 13:00:00,94.56,101.20269875478587
2026-05-19 13:15:00,96.35,97.20731344467484
2026-05-19 13:30:00,100.07,98.49776898296376
2026-05-19 13:45:00,117.04,102.0869942297496
2026-05-19 14:00:00,99.4,117.24360065304347
2026-05-19 14:15:00,109.33,102.70078563180206
2026-05-19 14:30:00,117.69,111.499695919908
2026-05-19 14:45:00,128.04,118.29405829955617
2026-05-19 15:00:00,124.8,132.74008950999107
2026-05-19 15:15:00,129.07,130.13845985181115
2026-05-19 15:30:00,145.0,133.83187815196507
2026-05-19 15:45:00,154.94,147.13825700767225
2026-05-19 16:00:00,128.04,156.90130674160386
2026-05-19 16:15:00,140.65,133.93816933668703
2026-05-19 16:30:00,156.95,144.15600260916298
2026-05-19 16:45:00,160.53,157.8791609747627
2026-05-19 17:00:00,163.16,162.67973398045447
2026-05-19 17:15:00,167.68,164.60136773661637
2026-05-19 17:30:00,170.86,168.51108223791252
2026-05-19 17:45:00,180.3,170.9194569526242
2026-05-19 18:00:00,178.1,176.05061477124818
2026-05-19 18:15:00,180.4,173.8247133887532
2026-05-19 18:30:00,186.84,175.1095066104297
2026-05-19 18:45:00,182.66,180.11693786890748
2026-05-19 19:00:00,194.86,172.5510713003406
2026-05-19 19:15:00,171.5,182.5245467022885
2026-05-19 19:30:00,167.72,162.038349765754
2026-05-19 19:45:00,163.75,159.2293967384318
2026-05-19 20:00:00,167.72,155.97097722938688
2026-05-19 20:15:00,159.26,160.3924788241324
2026-05-19 20:30:00,150.0,152.50605028407992
2026-05-19 20:45:00,140.04,145.26890766140502
2026-05-19 21:00:00,160.24,136.97632923353422
2026-05-19 21:15:00,145.5,154.64736379662426
2026-05-19 21:30:00,139.96,141.92211204146162
2026-05-19 21:45:00,131.6,137.8695820819587
2026-05-19 22:00:00,167.92,129.8537280415974
2026-05-19 22:15:00,162.36,161.64906636186288
2026-05-19 22:30:00,150.0,156.60126942760218
2026-05-19 22:45:00,135.54,146.23678542086807
2026-05-19 23:00:00,136.53,132.91660278382412
2026-05-19 23:15:00,135.54,133.989890432709
2026-05-19 23:45:00,135.27,133.4274157467052
2026-05-20 00:00:00,135.54,134.19296329990172
2026-05-20 00:15:00,128.84,134.42588056328165
2026-05-20 00:30:00,135.54,128.86088293232856
2026-05-20 00:45:00,130.2,134.28438161603802
2026-05-20 01:00:00,135.54,129.7753610273493
2026-05-20 01:45:00,129.7,134.46377798054365
2026-05-20 02:00:00,132.79,129.5988396750527
2026-05-20 02:15:00,130.79,132.0792657435395
2026-05-20 02:45:00,135.54,130.6250301977575
2026-05-20 03:45:00,140.0,134.5010347060466
2026-05-20 04:00:00,138.0,138.5475787990155
2026-05-20 04:15:00,152.0,136.75819076734763
2026-05-20 04:30:00,162.36,148.43778304162112
2026-05-20 04:45:00,167.92,156.7167368746598
2026-05-20 05:00:00,162.36,162.3814259743471
2026-05-20 05:45:00,154.66,155.58017005109753
2026-05-20 06:00:00,162.36,152.30991056174176
2026-05-20 06:15:00,152.15,157.72981231754207
2026-05-20 06:30:00,135.54,148.11593347940263
2026-05-20 06:45:00,134.54,134.16042454787276
2026-05-20 07:00:00,162.36,131.6840536168244
2026-05-20 07:15:00,146.56,155.12720553784118
2026-05-20 07:30:00,135.54,141.4044384384018
2026-05-20 08:15:00,128.7,128.66955811559814
2026-05-20 08:30:00,120.92,121.42167405877672
2026-05-20 08:45:00,117.58,115.01290430359563
2026-05-20 09:00:00,115.0,112.28569699719547
2026-05-20 09:15:00,109.48,109.73209379327078
2026-05-20 09:30:00,68.1,105.60102347602079
2026-05-20 09:45:00,60.0,70.83248677681095
2026-05-20 10:00:00,48.06,63.81058752937905
2026-05-20 10:30:00,47.06,52.494653799041636
2026-05-20 11:00:00,40.0,53.99918421858364
2026-05-20 11:15:00,35.0,48.486624493634274
2026-05-20 11:30:00,36.9,44.58414749358203
2026-05-20 11:45:00,48.06,46.6498667108019
2026-05-20 12:00:00,59.4,56.55414784265023
2026-05-20 12:15:00,43.0,67.15229448038765
2026-05-20 12:30:00,48.06,53.35537239688606
2026-05-20 12:45:00,46.44,57.82322459394007
2026-05-20 13:00:00,49.2,56.74167502757992
2026-05-20 13:15:00,68.45,60.42669975589001
2026-05-20 13:30:00,70.0,76.86983805789946
2026-05-20 13:45:00,83.98,78.7799864240739
2026-05-20 14:00:00,80.0,91.46656015777376
2026-05-20 14:15:00,90.0,88.2003146622743
2026-05-20 14:30:00,99.2,97.12637349590952
2026-05-20 14:45:00,116.33,105.29727597641364
2026-05-20 15:00:00,105.67,125.57898054107825
2026-05-20 15:15:00,115.0,116.45584274830728
2026-05-20 15:30:00,135.02,123.99187510335265
2026-05-20 15:45:00,138.15,140.6879195330956
2026-05-20 16:00:00,135.54,143.9377222924553
2026-05-20 16:15:00,136.0,142.13764790081407
2026-05-20 16:30:00,162.36,142.3248785566444
2026-05-20 16:45:00,170.0,165.212110590888
2026-05-20 17:00:00,162.36,171.7067640052443
2026-05-20 17:30:00,170.63,166.66524373336227
2026-05-20 17:45:00,184.65,172.9275004740835
2026-05-20 18:00:00,174.87,181.09231943605565
2026-05-20 18:15:00,176.69,172.7811951066787
2026-05-20 18:30:00,185.83,174.52485381562843
2026-05-20 18:45:00,188.51,182.00317667735467
2026-05-20 19:00:00,188.25,179.5034751118648
2026-05-20 19:15:00,174.87,178.68027318988263
2026-05-20 19:30:00,167.92,168.26100439069194
2026-05-20 19:45:00,164.5,161.59158603558345
2026-05-20 20:00:00,171.77,157.93249025511193
2026-05-20 20:15:00,170.63,164.43914166576917
2026-05-20 20:30:00,162.36,163.53150363626102
2026-05-20 20:45:00,153.61,156.3134162122331
2026-05-20 21:00:00,167.92,148.4632339330759
2026-05-20 21:15:00,157.0,160.26271497529734
2026-05-20 21:30:00,139.11,151.15732486451145
2026-05-20 21:45:00,135.54,135.92373487309925
2026-05-20 22:00:00,145.65,131.76723106514848
2026-05-20 22:15:00,138.55,140.79782938129793
2026-05-20 22:30:00,133.98,134.6643629811227
2026-05-20 23:30:00,132.58,131.61049193887678
2026-05-20 23:45:00,128.54,130.04773523289805
2026-05-21 00:00:00,133.98,126.94453239357595
2026-05-21 00:15:00,131.99,131.58999298243916
2026-05-21 00:30:00,130.0,130.25521058130255
2026-05-21 00:45:00,128.79,129.02758723961597
2026-05-21 01:00:00,133.98,128.29473170043073
2026-05-21 03:15:00,136.34,131.98889420589796
2026-05-21 03:30:00,136.04,134.62638844693024
2026-05-21 03:45:00,140.0,134.71724263805734
2026-05-21 04:00:00,138.78,138.4266749898983
2026-05-21 04:15:00,152.5,135.54872021571356
2026-05-21 04:30:00,157.28,147.25051666938597
2026-05-21 04:45:00,164.28,151.42236102156957
2026-05-21 05:00:00,158.36,158.85157930960776
2026-05-21 05:15:00,151.16,152.81345407956343
2026-05-21 05:30:00,150.48,146.02583455731875
2026-05-21 05:45:00,140.0,144.60544003283297
2026-05-21 06:00:00,155.66,139.28106552526924
2026-05-21 06:15:00,133.98,152.67281695008208
2026-05-21 07:00:00,164.28,132.446147814442
2026-05-21 07:15:00,164.14,158.38358120765432
2026-05-21 07:30:00,155.66,157.35276392033882
2026-05-21 07:45:00,135.92,150.59227242883054
2026-05-21 08:00:00,150.0,130.12688531043602
2026-05-21 08:15:00,133.98,141.857539987572
2026-05-21 09:00:00,120.54,127.13881117466865
2026-05-21 09:15:00,120.39,115.75412741772922
2026-05-21 09:30:00,94.14,114.95008147075293
2026-05-21 10:00:00,16.35,91.84559953480928
2026-05-21 10:15:00,13.96,25.075883049803977
2026-05-21 10:30:00,16.0,22.475552354789322
2026-05-21 10:45:00,13.96,24.936554182696362
2026-05-21 11:45:00,35.52,26.35606160724539
2026-05-21 12:00:00,48.7,44.64649675457121
2026-05-21 12:15:00,54.96,56.39170622474134
2026-05-21 12:30:00,59.06,62.67569287428018
2026-05-21 12:45:00,58.74,65.73085775481067
2026-05-21 13:00:00,70.0,64.00828722393719
2026-05-21 13:15:00,83.1,74.26408961384399
2026-05-21 13:30:00,84.5,86.04459940397284
2026-05-21 13:45:00,98.0,87.82469198076734
2026-05-21 14:00:00,120.7,99.64643561590682
2026-05-21 14:15:00,127.66,119.32360152501647
2026-05-21 14:30:00,133.98,125.8803797642117
2026-05-21 15:00:00,126.83,137.01380905850803
2026-05-21 15:15:00,133.98,132.4466222451868
2026-05-21 15:45:00,142.77,139.85449871711037
2026-05-21 16:00:00,121.61,148.50283209102068
2026-05-21 16:15:00,133.98,131.24855615789048
2026-05-21 16:30:00,155.66,142.23602222741715
2026-05-21 16:45:00,167.99,161.45792148296638
2026-05-21 17:00:00,151.09,173.2815318705517
2026-05-21 17:15:00,159.19,158.46364045149
2026-05-21 17:30:00,168.74,164.52994897596886
2026-05-21 17:45:00,172.9,173.48338339144576
2026-05-21 18:15:00,179.04,174.47968385182142
2026-05-21 18:30:00,182.66,180.10942881007566
2026-05-21 18:45:00,186.0,183.31196818832373
2026-05-21 19:00:00,179.04,181.05810164143145
2026-05-21 19:15:00,172.9,174.98587045965414
2026-05-21 19:30:00,168.74,169.08381698535698
2026-05-21 19:45:00,165.0,165.7054801103553
2026-05-21 20:00:00,172.9,162.47783406791902
2026-05-21 20:15:00,167.87,169.08044424191982
2026-05-21 20:30:00,158.18,164.20796812768938
2026-05-21 20:45:00,150.74,156.4675836238388
2026-05-21 21:00:00,162.4,149.47784746312115
2026-05-21 21:15:00,158.0,158.61300905881853
2026-05-21 21:30:00,147.94,155.09787403735703
2026-05-21 21:45:00,143.92,146.70202692449448
2026-05-21 22:00:00,160.17,142.52611680319325
2026-05-21 22:15:00,155.0,155.39477270096413
2026-05-21 22:30:00,144.89,151.11596139734723
2026-05-21 22:45:00,139.94,142.80862151959664
2026-05-21 23:00:00,153.02,137.64093598737577
2026-05-21 23:15:00,139.86,148.3145925196318
2026-05-21 23:30:00,136.76,137.79171791375285
2026-05-21 23:45:00,133.9,135.12252792268112
2026-05-22 00:00:00,136.8,131.8355612102191
2026-05-22 00:15:00,136.54,134.4160645605747
2026-05-22 00:30:00,135.57,134.19236106502692
2026-05-22 00:45:00,135.92,133.79256029811367
2026-05-22 01:00:00,135.0,134.2090722946754
2026-05-22 01:15:00,134.49,133.4746078298954
2026-05-22 01:30:00,132.28,132.69552048584916
2026-05-22 01:45:00,132.0,130.72565001678493
2026-05-22 02:00:00,133.06,130.79457041028544
2026-05-22 02:15:00,135.29,132.00988393110148
2026-05-22 02:30:00,140.22,133.29281682097977
2026-05-22 02:45:00,141.27,137.9083905824253
2026-05-22 03:00:00,134.24,139.53691703621266
2026-05-22 03:15:00,139.39,133.63784462127194
2026-05-22 03:30:00,141.64,137.40421934605752
2026-05-22 03:45:00,144.63,139.58808895729092
2026-05-22 04:00:00,125.0,142.65336254594848
2026-05-22 04:15:00,143.66,125.59436273295908
2026-05-22 04:30:00,150.14,141.44323744545787
2026-05-22 04:45:00,145.0,146.54584741715408
2026-05-22 05:00:00,159.21,143.6110327599364
2026-05-22 05:15:00,150.92,154.73156738296103
2026-05-22 05:30:00,139.87,147.08714727209863
2026-05-22 05:45:00,150.0,137.10626641018328
2026-05-22 06:00:00,162.37,148.50149708231078
2026-05-22 06:30:00,159.21,158.48229390337744
2026-05-22 06:45:00,153.61,155.4633850525935
2026-05-22 07:00:00,164.8,149.8685058011987
2026-05-22 07:15:00,163.13,158.03753156526912
2026-05-22 07:30:00,162.37,156.3256789680736
2026-05-22 07:45:00,159.21,155.08655891256896
2026-05-22 08:15:00,139.75,149.49029257476434
2026-05-22 08:30:00,121.08,132.78035644389314
2026-05-22 08:45:00,100.0,116.66343144988628
2026-05-22 09:00:00,48.33,98.75022501055169
2026-05-22 09:15:00,37.0,54.06782213960686
2026-05-22 09:30:00,28.0,45.45683053858432
2026-05-22 09:45:00,16.0,36.94755812934162
2026-05-22 10:00:00,13.06,27.87940604064466
2026-05-22 12:00:00,18.0,26.84128613370154
2026-05-22 12:15:00,26.0,31.886959481268594
2026-05-22 13:00:00,49.37,38.28947560224403
2026-05-22 13:15:00,20.0,59.32580310078176
2026-05-22 13:30:00,25.99,34.902979295107265
2026-05-22 13:45:00,54.44,40.069126537692064
2026-05-22 14:00:00,100.86,65.21910848292045
2026-05-22 14:15:00,95.66,109.60256120669462
2026-05-22 14:30:00,120.26,105.5809647399912
2026-05-22 14:45:00,137.49,126.15538912716498
2026-05-22 15:00:00,116.11,144.83324564033177
2026-05-22 15:15:00,105.03,126.39201506278388
2026-05-22 15:30:00,139.77,116.18059261064879
2026-05-22 15:45:00,159.21,145.81165518864876
2026-05-22 16:00:00,119.7,163.4947653621192
2026-05-22 16:15:00,142.01,130.80661248911343
2026-05-22 16:30:00,152.12,148.82211030098387
2026-05-22 16:45:00,162.49,156.89659122538248
2026-05-22 17:00:00,139.06,167.7340027323523
2026-05-22 17:15:00,152.18,146.9295304289597
2026-05-22 17:30:00,170.0,157.4291079725476
2026-05-22 17:45:00,192.63,172.2857642980815
2026-05-22 18:00:00,166.36,188.97487600725384
2026-05-22 18:15:00,179.54,166.8248418920141
2026-05-22 18:30:00,192.63,177.70933894423658
2026-05-22 19:00:00,195.93,183.42166260982904
2026-05-22 19:15:00,183.54,188.07899279897546
2026-05-22 19:30:00,162.32,176.55573900127743
2026-05-22 19:45:00,153.56,157.00616322523442
2026-05-22 20:00:00,182.9,148.74630428219785
2026-05-22 20:15:00,162.32,174.89262293140675
2026-05-22 20:30:00,153.91,157.49723121027344
2026-05-22 20:45:00,141.74,150.06418686528042
2026-05-22 21:00:00,159.21,138.47894911743762
2026-05-22 21:15:00,150.0,153.69038118310326
2026-05-22 21:30:00,139.98,145.80129768681778
2026-05-22 21:45:00,135.56,137.30832711621562
2026-05-22 22:00:00,163.44,134.12834322991722
2026-05-22 22:15:00,158.62,158.4197028463612
2026-05-22 22:30:00,155.61,154.66271166096817
2026-05-22 23:00:00,154.97,152.29442827147938
2026-05-22 23:15:00,143.73,150.58547039628056
2026-05-22 23:30:00,137.75,141.17049662778612
2026-05-22 23:45:00,128.79,136.46021345464206
2026-05-23 00:00:00,138.68,129.06427962167422
2026-05-23 00:15:00,135.48,137.3361395025572
2026-05-23 00:30:00,127.26,134.8974456469224
2026-05-23 00:45:00,136.92,128.45025203936066
2026-05-23 01:00:00,134.68,136.54046981244642
2026-05-23 01:15:00,135.08,134.08333904118487
2026-05-23 01:30:00,135.06,134.86215799493587
2026-05-23 01:45:00,130.24,134.84026364071514
2026-05-23 02:00:00,143.61,130.94120351067036
2026-05-23 02:15:00,138.73,141.85446046498942
2026-05-23 02:30:00,138.37,138.1816318067715
2026-05-23 02:45:00,139.21,138.10025656451893
2026-05-23 03:00:00,150.31,138.5760480070914
2026-05-23 03:15:00,140.0,148.07500170639153
2026-05-23 03:30:00,125.81,139.28579023495857
2026-05-23 03:45:00,119.76,127.12331666865069
2026-05-23 04:00:00,139.34,121.58127856147745
2026-05-23 04:15:00,132.93,138.4628734254766
2026-05-23 04:30:00,120.96,133.236223844969
2026-05-23 04:45:00,127.17,123.04142863781932
2026-05-23 05:00:00,140.0,128.412636714452
2026-05-23 05:30:00,120.0,138.5974390131456
2026-05-23 05:45:00,110.0,121.28175026417723
2026-05-23 06:00:00,152.78,111.87260401541202
2026-05-23 06:15:00,128.43,147.52173400295908
2026-05-23 06:30:00,118.67,127.15656415897257
2026-05-23 06:45:00,110.0,118.42551887393026
2026-05-23 07:00:00,130.0,109.14235336148553
2026-05-23 07:15:00,125.69,126.35880293594029
2026-05-23 07:30:00,110.48,123.36899907446126
2026-05-23 07:45:00,80.15,109.33576591870658
2026-05-23 08:00:00,60.5,80.06011712558077
2026-05-23 08:15:00,40.5,63.10485005214719
2026-05-23 08:30:00,15.77,45.31207081701591
2026-05-23 08:45:00,13.25,24.879496769408526
2026-05-23 09:15:00,12.25,22.99329476015872
2026-05-23 13:45:00,12.53,23.13946296898142
2026-05-23 14:00:00,1.0,23.753714749503242
2026-05-23 14:30:00,20.99,14.915440582077773
2026-05-23 14:45:00,24.09,32.547453602773615
2026-05-23 15:00:00,46.4,39.94536180718991
2026-05-23 15:15:00,75.0,60.06807170625638
2026-05-23 15:30:00,120.96,84.39754566236834
2026-05-23 15:45:00,143.61,124.3490220329475
2026-05-23 16:00:00,141.35,144.56443311649298
2026-05-23 16:15:00,155.61,142.93063447321606
2026-05-23 16:30:00,154.97,155.0525821873579
2026-05-23 16:45:00,159.68,156.50119565084046
2026-05-23 17:00:00,155.61,161.70836066448067
2026-05-23 17:15:00,159.68,158.5916968857059
2026-05-23 17:30:00,182.66,163.30101968246433
2026-05-23 17:45:00,182.05,183.53863998277828
2026-05-23 18:00:00,162.07,183.56084790270236
2026-05-23 18:15:00,165.21,166.29992974925784
2026-05-23 18:30:00,176.1,167.62034972995502
2026-05-23 18:45:00,176.62,178.76255630751854
2026-05-23 19:00:00,160.0,175.26270077894654
2026-05-23 19:15:00,158.62,159.83548204504294
2026-05-23 19:30:00,154.97,156.41543842189947
2026-05-23 20:00:00,159.68,153.5652280613728
2026-05-23 20:15:00,158.62,157.03880843989754
2026-05-23 20:30:00,147.24,155.45351637423508
2026-05-23 20:45:00,141.66,146.74598819250542
2026-05-23 21:00:00,158.62,142.18798785038135
2026-05-23 21:15:00,154.97,155.26624259506127
2026-05-23 21:30:00,144.27,151.69495267474295
2026-05-23 21:45:00,143.53,144.32835151311767
2026-05-23 22:00:00,143.44,141.97014092005122
2026-05-23 22:15:00,139.5,141.56640449027094
2026-05-23 22:30:00,135.61,138.08693213202767
2026-05-23 22:45:00,126.69,135.78659594010955
2026-05-23 23:00:00,134.06,127.59646952701593
2026-05-23 23:15:00,119.22,133.20988101457206
2026-05-23 23:30:00,119.88,119.5475625945213
2026-05-23 23:45:00,120.0,121.35592762082969
2026-05-24 00:00:00,126.48,120.63787429181157
2026-05-24 00:15:00,125.0,125.87180311687482
2026-05-24 00:30:00,129.7,124.23243519419674
2026-05-24 00:45:00,123.76,128.5874251570674
2026-05-24 01:00:00,147.49,124.18178823209809
2026-05-24 01:15:00,148.39,144.81562494681182
2026-05-24 01:30:00,143.61,144.11356105776449
2026-05-24 01:45:00,141.5,141.05904540860243
2026-05-24 02:00:00,143.61,138.8262962126689
2026-05-24 02:15:00,145.26,141.03944576913284
2026-05-24 02:30:00,139.4,141.81633574844665
2026-05-24 02:45:00,131.73,137.32375792611353
2026-05-24 03:00:00,143.42,131.12175517078208
2026-05-24 03:15:00,139.0,141.23376728884656
2026-05-24 03:30:00,121.26,136.31657591820834
2026-05-24 03:45:00,116.72,121.45668639190951
2026-05-24 04:00:00,145.0,117.33693341247573
2026-05-24 04:15:00,143.61,141.40257829757158
2026-05-24 04:30:00,117.59,141.0099167806327
2026-05-24 04:45:00,114.2,118.91564968473885
2026-05-24 05:00:00,149.56,116.17542524866131
2026-05-24 05:15:00,134.88,145.56965083098058
2026-05-24 05:30:00,114.2,133.4607113508281
2026-05-24 05:45:00,90.0,115.71895079096615
2026-05-24 06:00:00,132.78,93.02481677732965
2026-05-24 06:15:00,105.47,129.64724796327093
2026-05-24 06:30:00,72.82,106.39995931401192
2026-05-24 06:45:00,71.56,78.6968861560361
2026-05-24 07:00:00,44.2,76.00129595168498
2026-05-24 07:15:00,5.0,52.261219176002825
2026-05-24 07:30:00,1.0,19.539839679397158
2026-05-24 07:45:00,0.01,15.60640941639999
2026-05-24 08:00:00,0.0,13.060794193118166
2026-05-24 10:15:00,0.02,10.757907229739764
2026-05-24 10:30:00,0.01,11.199489119526028
2026-05-24 10:45:00,0.0,11.541332657501785
2026-05-24 12:30:00,0.5,12.229595061731434
2026-05-24 12:45:00,3.13,11.991270659168096
2026-05-24 13:00:00,11.0,14.533469469366569
2026-05-24 13:15:00,10.0,22.031858833578067
2026-05-24 13:30:00,11.0,21.15443688974206
2026-05-24 14:00:00,0.0,22.1250998502998
2026-05-24 14:15:00,0.02,13.51508063613074
2026-05-24 14:30:00,5.0,14.092443959007154
2026-05-24 14:45:00,10.0,16.76154206774231
2026-05-24 15:00:00,30.0,27.399108303512996
2026-05-24 15:15:00,81.7,45.11689556069117
2026-05-24 15:30:00,151.55,89.84139838678045
2026-05-24 15:45:00,158.62,149.015415266712
2026-05-24 16:00:00,126.07,155.20943398832176
2026-05-24 16:15:00,151.55,126.9175962010556
2026-05-24 16:30:00,158.62,148.55711225541876
2026-05-24 16:45:00,163.76,155.80659256622116
2026-05-24 17:00:00,149.44,162.89934410723927
2026-05-24 17:15:00,160.0,151.4818446631374
2026-05-24 17:30:00,165.41,160.72362064615217
2026-05-24 17:45:00,185.63,165.94195592826287
2026-05-24 18:00:00,166.0,184.42988171905824
2026-05-24 18:15:00,170.06,168.29544682269534
2026-05-24 18:30:00,178.2,171.24588972002834
2026-05-24 18:45:00,182.66,177.9758974872728
2026-05-24 19:00:00,163.44,177.41171728968624
2026-05-24 19:15:00,158.62,159.5583856812705
2026-05-24 20:00:00,160.0,153.3650054473495
2026-05-24 20:15:00,155.61,153.58994860741905
2026-05-24 20:30:00,151.55,150.7990046703575
2026-05-24 20:45:00,143.61,146.8771381464888
2026-05-24 21:00:00,144.03,140.18568775219015
2026-05-24 21:15:00,135.2,140.65777589265778
2026-05-24 21:30:00,131.44,133.3102203750583
2026-05-24 21:45:00,129.32,129.79340540577434
2026-05-24 22:00:00,147.2,127.66554533416232
2026-05-24 22:15:00,146.14,143.22701226272483
2026-05-24 22:30:00,143.61,143.1548855299716
2026-05-24 22:45:00,141.0,140.6822949488881
2026-05-24 23:00:00,140.56,137.41616713430903
2026-05-24 23:15:00,134.98,136.92672031201977
2026-05-24 23:30:00,132.2,132.79740015924173
2026-05-24 23:45:00,134.27,130.40322948558412
2026-05-25 00:00:00,135.96,132.26367525570288
2026-05-25 00:15:00,135.93,133.62770411589653
2026-05-25 00:30:00,135.29,133.7680627322963
2026-05-25 00:45:00,134.96,133.5770602445273
2026-05-25 01:00:00,130.92,133.46978067621257
2026-05-25 01:15:00,134.26,129.2143387291156
2026-05-25 01:30:00,138.15,132.27668194417205
2026-05-25 01:45:00,141.5,136.02487903178124
2026-05-25 02:00:00,133.1,138.98354013077443
2026-05-25 02:15:00,138.84,131.62048845736535
2026-05-25 02:45:00,144.53,136.62623720622744
2026-05-25 03:00:00,137.72,141.53995086977093
2026-05-25 03:15:00,139.0,136.29960740699235
2026-05-25 03:30:00,144.07,136.88134479297182
2026-05-25 03:45:00,144.75,141.7168781868002
2026-05-25 04:00:00,146.14,142.50250672044308
2026-05-25 04:30:00,151.78,143.2916775363277
2026-05-25 04:45:00,155.94,147.53343449647096
2026-05-25 05:00:00,147.2,151.91668832600277
2026-05-25 05:15:00,144.55,143.68074488652888
2026-05-25 05:30:00,140.6,140.95230819929284
2026-05-25 05:45:00,147.2,135.95890920565574
2026-05-25 06:00:00,144.53,144.98915695362
2026-05-25 06:15:00,140.51,142.5385905010264
2026-05-25 06:30:00,143.61,138.83887630756632
2026-05-25 06:45:00,121.56,140.7470276535399
2026-05-25 07:00:00,146.14,121.46118960264377
2026-05-25 07:15:00,143.61,142.37057706989052
2026-05-25 07:30:00,121.55,140.0141223568888
2026-05-25 07:45:00,99.58,120.86793792401652
2026-05-25 08:00:00,54.37,99.26710967082124
2026-05-25 08:15:00,38.0,60.967547848737546
2026-05-25 08:30:00,28.0,47.291163768689636
2026-05-25 08:45:00,19.5,37.80167241593137
2026-05-25 09:00:00,28.0,31.480290554224425
2026-05-25 09:15:00,51.0,39.925647336550014
2026-05-25 09:30:00,49.37,59.67672772781301
2026-05-25 09:45:00,29.49,56.6832501631515
2026-05-25 10:00:00,28.52,39.613112234313235
2026-05-25 10:15:00,29.63,38.6707246053678
2026-05-25 10:30:00,29.18,40.412600098747625
2026-05-25 10:45:00,28.52,38.50495951415956
2026-05-25 11:00:00,33.05,38.81734788919225
2026-05-25 11:15:00,41.31,44.02153082404352
2026-05-25 11:30:00,33.11,51.01037923740762
2026-05-25 11:45:00,49.37,45.07843344393031
2026-05-25 12:00:00,53.37,60.472089965769904
2026-05-25 12:30:00,54.37,64.2522432776883
2026-05-25 13:00:00,53.37,66.11557963381809
2026-05-25 13:15:00,45.24,65.36364997834593
2026-05-25 13:30:00,51.0,58.81101491439239
2026-05-25 13:45:00,53.37,64.24974538007052
2026-05-25 14:00:00,40.0,66.9060540879629
2026-05-25 14:15:00,51.0,56.112184265385885
2026-05-25 14:30:00,115.08,65.62483789832194
2026-05-25 14:45:00,134.68,120.47953814919528
2026-05-25 15:00:00,106.31,142.99622046787428
2026-05-25 15:15:00,105.56,118.91996642278748
2026-05-25 15:30:00,114.9,117.23252776280125
2026-05-25 15:45:00,135.0,125.30371991072569
2026-05-25 16:00:00,110.94,143.83734795375165
2026-05-25 16:15:00,123.0,123.85338927282434
2026-05-25 16:30:00,151.3,133.74184243877662
2026-05-25 16:45:00,166.09,156.01234834407032
2026-05-25 17:00:00,151.0,167.15898515764385
2026-05-25 17:15:00,153.36,153.89745836007296
2026-05-25 17:30:00,161.0,156.91690099592014
2026-05-25 17:45:00,186.83,162.55357289076207
2026-05-25 18:00:00,164.8,181.65044448073834
2026-05-25 18:15:00,175.81,162.75236769217176
2026-05-25 18:30:00,186.83,172.83553431056205
2026-05-25 19:00:00,186.27,176.94023985152842
2026-05-25 19:15:00,170.01,177.0122140672375
2026-05-25 19:30:00,159.28,161.7287832930294
2026-05-25 19:45:00,156.58,153.02058415873086
2026-05-25 20:00:00,183.95,150.5549446817516
2026-05-25 20:15:00,165.88,174.06490677946104
2026-05-25 20:30:00,151.78,158.6222535048402
2026-05-25 20:45:00,147.2,147.2786851762063
2026-05-25 21:00:00,157.04,142.61677854814852
2026-05-25 21:15:00,149.62,151.43976750761635
2026-05-25 21:30:00,147.2,145.67286808730782
2026-05-25 21:45:00,146.14,143.77700791280287
2026-05-25 22:00:00,157.88,142.59276934645206
2026-05-25 22:15:00,154.32,152.8506088331429
2026-05-25 22:30:00,146.34,150.23574251045144
2026-05-25 22:45:00,144.0,143.54606121355928
2026-05-25 23:00:00,143.72,141.35454311134114
2026-05-25 23:15:00,141.7,140.33858691884632
2026-05-25 23:30:00,142.76,138.78703681046971
2026-05-25 23:45:00,140.0,139.77355343630396
2026-05-26 00:00:00,146.34,137.538820748779
2026-05-26 00:15:00,144.0,142.9967993880674
2026-05-26 00:30:00,139.54,141.2086395591852
2026-05-26 00:45:00,137.2,137.59160066504026
2026-05-26 01:00:00,129.49,135.33819808573344
2026-05-26 01:15:00,126.15,128.67834210682875
2026-05-26 01:30:00,126.11,125.89086325161315
2026-05-26 01:45:00,124.99,125.88857719976973
2026-05-26 02:00:00,121.22,125.15525525544496
2026-05-26 02:15:00,121.33,122.15419895245255
2026-05-26 02:30:00,122.5,122.05585565405741
2026-05-26 02:45:00,124.52,122.86964926902685
2026-05-26 03:00:00,125.54,124.55516260539825
2026-05-26 03:15:00,126.58,125.75729789520534
2026-05-26 03:30:00,124.07,126.41657991268818
2026-05-26 03:45:00,134.21,123.98362417901153
2026-05-26 04:00:00,126.1,133.00966494772624
2026-05-26 04:15:00,144.0,125.77191769944942
2026-05-26 04:30:00,146.34,140.80943578988982
2026-05-26 04:45:00,144.96,142.32286747870828
2026-05-26 05:00:00,151.82,142.11617634144744
2026-05-26 05:15:00,147.6,146.68767179151263
2026-05-26 05:30:00,141.94,142.29972449782235
2026-05-26 05:45:00,137.28,137.33940337858712
2026-05-26 06:00:00,153.64,136.45768600902113
2026-05-26 06:15:00,133.74,150.3557891199111
2026-05-26 06:30:00,125.18,132.67163578055897
2026-05-26 06:45:00,120.08,125.02025671556964
2026-05-26 07:00:00,147.71,119.75937530361095
2026-05-26 07:15:00,135.62,143.57050055595346
2026-05-26 07:30:00,117.93,133.83336730387012
2026-05-26 07:45:00,112.26,117.30777881205884
2026-05-26 08:00:00,122.5,109.27917908033851
2026-05-26 08:15:00,108.13,118.93614998377758
2026-05-26 08:30:00,104.98,107.72398731796164
2026-05-26 08:45:00,80.0,106.71091523203147
2026-05-26 09:00:00,57.29,85.4818491419962
2026-05-26 09:15:00,55.0,66.54072158501262
2026-05-26 09:30:00,60.0,64.76018161386634
2026-05-26 09:45:00,58.0,69.18608720602656
2026-05-26 10:00:00,50.0,66.99067143013654
2026-05-26 10:15:00,44.0,60.15631780623588
2026-05-26 10:30:00,45.0,55.612020332727376
2026-05-26 10:45:00,44.0,56.42580169737322
2026-05-26 11:00:00,45.0,55.69922382734525
2026-05-26 11:15:00,45.28,56.914495511272534
2026-05-26 11:30:00,50.0,57.305305541981085
2026-05-26 11:45:00,48.0,61.33271741279083
2026-05-26 12:00:00,50.0,59.47299468754039
2026-05-26 12:15:00,45.0,61.98613861737955
2026-05-26 12:30:00,50.0,57.34462602650267
2026-05-26 13:00:00,73.43,62.35424198285949
2026-05-26 13:15:00,78.0,82.48914017753933
2026-05-26 13:30:00,85.0,86.80727346661311
2026-05-26 13:45:00,72.37,93.24349571817925
2026-05-26 14:00:00,96.73,81.78243800228358
2026-05-26 14:15:00,104.71,102.78690943449602
2026-05-26 14:30:00,121.83,110.3827581596405
2026-05-26 14:45:00,135.0,125.39907183469907
2026-05-26 15:00:00,120.0,138.41959650567108
2026-05-26 15:15:00,121.13,124.85189105813856
2026-05-26 15:30:00,141.17,126.96157953121724
2026-05-26 15:45:00,158.38,144.28537335343415
2026-05-26 16:00:00,132.85,159.68179723135847
2026-05-26 16:15:00,145.0,137.46967660580637
2026-05-26 16:30:00,158.38,148.93585020058228
2026-05-26 16:45:00,185.77,159.98478262085837
2026-05-26 17:00:00,154.32,183.8221480904205
2026-05-26 17:15:00,170.08,156.28796459645704
2026-05-26 17:30:00,190.17,170.51187401294516
2026-05-26 17:45:00,215.62,187.36414675618124
2026-05-26 18:00:00,197.96,206.70300779194665
2026-05-26 18:15:00,200.05,190.23563085931707
2026-05-26 18:30:00,215.62,192.66267274831245
2026-05-26 18:45:00,203.7,205.0967076495541
2026-05-26 19:00:00,197.96,190.51281889874844
2026-05-26 19:15:00,190.52,185.47596420586294
2026-05-26 19:30:00,176.9,179.25116351012926
2026-05-26 19:45:00,162.29,168.5355215004342
2026-05-26 20:00:00,184.22,156.25661697769607
2026-05-26 20:15:00,158.38,174.02003993734192
2026-05-26 20:30:00,155.05,153.03528958144446
2026-05-26 20:45:00,149.01,151.26713692841116
2026-05-26 21:00:00,170.0,145.5664266408399
2026-05-26 21:15:00,155.82,163.90370049042733
2026-05-26 21:30:00,146.34,152.11863251913027
2026-05-26 21:45:00,142.57,144.34599885956584
2026-05-26 22:00:00,149.42,140.24484549318237
2026-05-26 22:15:00,146.8,145.95482531128602
2026-05-26 22:45:00,146.0,144.00659863765364
2026-05-26 23:00:00,146.8,143.7555341622522
2026-05-26 23:15:00,141.41,144.1433118459715
2026-05-26 23:30:00,138.99,139.5361155665348
2026-05-26 23:45:00,132.53,137.46004089149534
2026-05-27 00:00:00,132.1,131.8625599465671
2026-05-27 00:15:00,130.54,131.75499824306775
2026-05-27 00:30:00,129.85,130.2157591650961
2026-05-27 00:45:00,127.91,129.84249386533997
2026-05-27 01:00:00,133.28,128.43397003147254
2026-05-27 01:15:00,125.26,133.1189035080269
2026-05-27 01:30:00,127.15,126.6389902438888
2026-05-27 02:00:00,121.47,128.43646260542442
2026-05-27 02:15:00,126.28,123.37624248592286
2026-05-27 02:30:00,127.07,127.77573590494339
2026-05-27 02:45:00,129.94,128.58511560485056
2026-05-27 03:00:00,123.72,131.22663328253776
2026-05-27 03:15:00,125.15,125.71854469502651
2026-05-27 03:30:00,129.42,126.7630622539405
2026-05-27 03:45:00,136.29,130.3513317634275
2026-05-27 04:00:00,137.53,136.50731839271396
2026-05-27 04:15:00,145.87,137.3566763769451
2026-05-27 04:30:00,146.8,143.873716741325
2026-05-27 05:00:00,149.42,145.33918970392025
2026-05-27 05:15:00,146.8,146.3192353695237
2026-05-27 05:30:00,149.42,143.2188671878622
2026-05-27 05:45:00,146.8,144.9814048604206
2026-05-27 06:30:00,138.0,144.6169546908247
2026-05-27 06:45:00,122.0,136.81465520612497
2026-05-27 07:00:00,149.42,122.86405078103485
2026-05-27 07:15:00,136.39,146.0123894676601
2026-05-27 07:30:00,122.18,133.8326377484016
2026-05-27 07:45:00,112.41,122.46578637893197
2026-05-27 08:00:00,127.51,111.39741568712802
2026-05-27 08:15:00,113.87,124.36097638092734
2026-05-27 08:30:00,146.8,111.53509968103246
2026-05-27 08:45:00,132.22,140.09413427724408
2026-05-27 09:00:00,108.5,127.53938257631613
2026-05-27 09:15:00,110.6,107.64093010513531
2026-05-27 09:30:00,103.9,107.62587628857307
2026-05-27 09:45:00,103.74,102.6400159176312
2026-05-27 10:00:00,80.0,103.10399811244733
2026-05-27 10:15:00,68.14,83.63808725267857
2026-05-27 10:30:00,65.86,74.52848166941403
2026-05-27 10:45:00,56.0,72.58635217909321
2026-05-27 11:00:00,68.36,64.61787219950435
2026-05-27 11:15:00,70.0,75.72795291467772
2026-05-27 11:30:00,75.0,77.6753609383602
2026-05-27 11:45:00,66.41,82.67892306175462
2026-05-27 12:00:00,86.0,75.08304807622818
2026-05-27 12:15:00,92.62,92.20963059376835
2026-05-27 12:30:00,99.14,98.06105129669743
2026-05-27 12:45:00,100.0,104.35272809705002
2026-05-27 13:00:00,103.89,104.75555167671983
2026-05-27 13:15:00,112.87,108.25452238987003
2026-05-27 13:30:00,120.8,115.89612850088507
2026-05-27 13:45:00,141.0,123.16899831489698
2026-05-27 14:00:00,112.76,140.49320350479906
2026-05-27 14:15:00,135.0,115.71638198258226
2026-05-27 14:30:00,146.8,134.72872269630133
2026-05-27 15:00:00,146.05,149.7990263839058
2026-05-27 15:15:00,146.8,151.18928855487437
2026-05-27 15:45:00,158.27,151.1918371188936
2026-05-27 16:15:00,163.88,161.30465382266402
2026-05-27 16:30:00,158.27,165.94031406212434
2026-05-27 16:45:00,168.66,161.15422515891495
2026-05-27 17:00:00,158.86,170.93319644108695
2026-05-27 17:15:00,165.65,162.64088559858507
2026-05-27 17:30:00,184.2,168.34280948068925
2026-05-27 17:45:00,197.96,183.7594646746586
2026-05-27 18:00:00,181.45,193.78381001145266
2026-05-27 18:15:00,183.84,179.28967747409712
2026-05-27 18:30:00,185.31,180.53290189223836
2026-05-27 18:45:00,183.8,180.50429177535128
2026-05-27 19:00:00,183.95,176.70214002647006
2026-05-27 19:15:00,170.13,176.06689563331548
2026-05-27 19:30:00,167.36,163.29994008889258
2026-05-27 19:45:00,166.68,159.8179842065826
2026-05-27 20:00:00,165.65,159.83431772126252
2026-05-27 20:15:00,163.88,159.25370961506124
2026-05-27 20:30:00,158.86,156.86631273192987
2026-05-27 20:45:00,149.42,152.90023606077182
2026-05-27 21:00:00,158.86,144.95600789030266
2026-05-27 21:15:00,150.0,153.29653547066368
2026-05-27 21:30:00,146.8,146.2783025978661
2026-05-27 21:45:00,140.0,144.3007965572162
2026-05-27 22:00:00,147.28,136.87830042302352
2026-05-27 22:30:00,142.15,144.47867199018185
2026-05-27 22:45:00,139.0,140.17096789359275
2026-05-27 23:00:00,139.69,137.89154878900743
2026-05-27 23:15:00,131.33,137.23411587221048
2026-05-27 23:30:00,130.51,130.98735513008162
2026-05-27 23:45:00,128.4,130.66711906904206
2026-05-28 00:00:00,131.1,128.89067429441184
2026-05-28 00:15:00,128.58,131.05259899023147
2026-05-28 00:30:00,132.23,129.01471407747619
2026-05-28 00:45:00,134.09,132.21003451672735
2026-05-28 01:00:00,133.01,133.70897422704766
2026-05-28 01:15:00,132.71,133.02724815116875
2026-05-28 01:30:00,132.29,132.65461528854567
2026-05-28 01:45:00,132.38,132.50313673306306
2026-05-28 02:00:00,129.7,132.5912185341572
2026-05-28 02:15:00,128.23,130.40235614210326
2026-05-28 02:30:00,133.82,129.13882153788575
2026-05-28 02:45:00,138.77,134.01893620325708
2026-05-28 03:00:00,133.85,138.14247640121414
2026-05-28 03:45:00,139.65,134.2120293934843
2026-05-28 04:00:00,147.28,138.9607542313545
2026-05-28 04:30:00,148.8,145.26674780861993
2026-05-28 04:45:00,148.14,146.48557379818465
2026-05-28 05:00:00,146.59,146.54399001571014
2026-05-28 05:15:00,146.83,144.47902694665356
2026-05-28 05:30:00,137.99,144.4476520120542
2026-05-28 05:45:00,123.14,136.37066093265614
2026-05-28 06:00:00,145.28,126.91287376108801
2026-05-28 06:15:00,130.95,145.01080151150381
2026-05-28 06:30:00,135.34,132.37954158456014
2026-05-28 06:45:00,117.71,135.7427612632778
2026-05-28 07:00:00,149.53,119.6485606330554
2026-05-28 07:15:00,142.39,146.63384749371417
2026-05-28 07:30:00,115.19,139.97246310767113
2026-05-28 07:45:00,111.49,116.61296770965633
2026-05-28 08:00:00,108.28,110.12783802526634
2026-05-28 08:15:00,104.4,107.44592408577938
2026-05-28 08:30:00,100.2,105.14140768407553
2026-05-28 08:45:00,92.0,99.95937206382484
2026-05-28 09:00:00,78.0,92.83833010461593
2026-05-28 09:15:00,83.03,81.17508260034083
2026-05-28 09:30:00,78.0,85.59718881726388
2026-05-28 09:45:00,75.0,80.55335627027993
2026-05-28 10:00:00,36.31,78.64457521393261
2026-05-28 10:15:00,35.0,43.88279493167971
2026-05-28 10:30:00,30.0,43.42915132249515
2026-05-28 11:00:00,50.55,40.2482279756421
2026-05-28 11:15:00,52.78,58.80964524946188
2026-05-28 11:30:00,67.92,60.737580553862045
2026-05-28 11:45:00,68.75,73.69639882491616
2026-05-28 12:00:00,97.19,74.64362001678744
2026-05-28 12:15:00,103.72,100.1976148014571
2026-05-28 12:30:00,105.0,106.33435837019313
2026-05-28 12:45:00,106.55,108.63752936702677
2026-05-28 13:00:00,131.14,109.48781621612417
2026-05-28 13:15:00,142.87,130.54536551086116
2026-05-28 13:30:00,149.9,140.74007435900404
2026-05-28 13:45:00,152.19,147.49784970675736
2026-05-28 14:00:00,142.76,148.37570665887898
2026-05-28 14:15:00,147.28,140.0730105404517
2026-05-28 14:30:00,149.9,143.98309125927224
2026-05-28 15:00:00,147.28,151.90799532660276
2026-05-28 15:15:00,136.75,150.10925642095384
2026-05-28 15:30:00,119.25,140.83333656492357
2026-05-28 15:45:00,140.48,125.68659812797893
2026-05-28 16:00:00,118.25,143.52278004096604
2026-05-28 16:15:00,133.83,126.63721457727961
2026-05-28 16:30:00,147.28,140.07480235196803
2026-05-28 16:45:00,165.3,151.0376484855718
2026-05-28 17:00:00,149.9,167.89696464499545
2026-05-28 17:15:00,166.18,154.5057818568303
2026-05-28 17:30:00,191.23,167.91101774966353
2026-05-28 17:45:00,203.61,189.0111222299103
2026-05-28 18:00:00,191.23,197.0934044018021
2026-05-28 18:30:00,197.96,186.0909059027885
2026-05-28 19:00:00,192.21,187.24505697134862
2026-05-28 19:15:00,191.23,181.59382621257006
2026-05-28 19:30:00,175.36,180.29025859404626
2026-05-28 19:45:00,164.4,165.86416552090597
2026-05-28 20:00:00,183.95,157.25825128416074
2026-05-28 20:15:00,179.86,173.78899725823422
2026-05-28 20:30:00,166.18,170.59493619716025
2026-05-28 20:45:00,153.87,159.3000062384133
2026-05-28 21:00:00,149.9,148.00769459290808
2026-05-28 21:15:00,147.28,145.06104276432643
2026-05-28 21:30:00,138.0,143.2130534745821
2026-05-28 21:45:00,130.84,135.62028497038526
2026-05-28 22:00:00,164.11,129.24939787861715
2026-05-28 22:15:00,157.36,157.82361044438233
2026-05-28 22:30:00,156.77,152.54406025661956
2026-05-28 22:45:00,154.3,152.64672896198195
2026-05-28 23:00:00,146.69,149.1911499900878
2026-05-28 23:15:00,145.38,143.19142347429056
2026-05-28 23:30:00,139.48,142.15643487426433
2026-05-28 23:45:00,135.65,137.41200519058083
2026-05-29 00:00:00,134.25,134.08084212397915
2026-05-29 00:15:00,128.91,133.1272380887073
2026-05-29 00:30:00,129.8,128.8451003130531
2026-05-29 00:45:00,127.44,129.69416621152396
2026-05-29 01:00:00,129.14,128.08308526361128
2026-05-29 01:15:00,128.13,129.83390026027837
2026-05-29 01:30:00,127.12,129.06890590499955
2026-05-29 01:45:00,124.98,128.21365533408087
2026-05-29 02:00:00,125.7,126.44002309479144
2026-05-29 02:15:00,126.47,126.81371650929188
2026-05-29 02:30:00,126.92,127.34715363331578
2026-05-29 02:45:00,127.86,127.70097037130466
2026-05-29 03:00:00,126.19,128.5735325071452
2026-05-29 03:15:00,129.41,126.9370746580237
2026-05-29 03:30:00,124.95,129.82487698059396
2026-05-29 03:45:00,128.62,126.03834787104812
2026-05-29 04:00:00,132.19,129.2277581916261
2026-05-29 04:15:00,138.11,131.66386404820963
2026-05-29 04:30:00,145.38,136.60473325806493
2026-05-29 05:15:00,156.77,142.84897006263236
2026-05-29 05:45:00,154.3,151.0262548199772
2026-05-29 06:00:00,156.77,151.62639609815886
2026-05-29 06:15:00,154.3,152.8853283241375
2026-05-29 06:30:00,155.0,149.534802124381
2026-05-29 06:45:00,151.1,149.87675889164265
2026-05-29 07:00:00,169.95,146.1236552551929
2026-05-29 07:15:00,162.33,162.2026736544148
2026-05-29 07:30:00,156.77,155.97106219435543
2026-05-29 07:45:00,154.3,150.00093210909682
2026-05-29 08:00:00,144.58,145.56283844581984
2026-05-29 08:15:00,132.39,137.09453687208978
2026-05-29 08:30:00,145.38,127.34336370862496
2026-05-29 08:45:00,137.65,137.0136358337626
2026-05-29 09:00:00,139.58,130.86897050381592
2026-05-29 09:15:00,138.5,133.9058826919037
2026-05-29 09:30:00,122.32,132.6926131995451
2026-05-29 09:45:00,120.0,119.23377662973782
2026-05-29 10:00:00,69.39,117.28878854703989
2026-05-29 10:15:00,66.81,75.03899278415446
2026-05-29 10:30:00,61.24,74.40247686992619
2026-05-29 10:45:00,57.94,71.13034265665301
2026-05-29 11:00:00,48.7,70.54154490995742
2026-05-29 11:15:00,53.28,62.44268829557156
2026-05-29 11:30:00,56.94,66.394923745034
2026-05-29 12:00:00,50.91,70.80717531007654
2026-05-29 12:15:00,59.77,66.55368563056442
2026-05-29 12:30:00,57.94,74.56580247992306
2026-05-29 12:45:00,65.0,72.53280428275414
2026-05-29 13:00:00,80.5,79.24434391113915
2026-05-29 13:15:00,88.0,91.75042830589983
2026-05-29 13:30:00,102.36,98.38011629322568
2026-05-29 13:45:00,106.35,109.40291184802423
2026-05-29 14:00:00,110.0,112.26820501985561
2026-05-29 14:15:00,120.0,115.14713322248721
2026-05-29 14:30:00,120.58,123.24722728561147
2026-05-29 14:45:00,142.27,122.63522830352261
2026-05-29 15:00:00,122.0,145.41279041914282
2026-05-29 15:15:00,142.32,127.62945774780546
2026-05-29 15:30:00,118.75,144.97537929899357
2026-05-29 15:45:00,141.21,124.57827306805606
2026-05-29 16:00:00,145.0,144.34378990992604
2026-05-29 16:15:00,145.38,147.3873112013505
2026-05-29 16:30:00,150.43,148.99330969565744
2026-05-29 16:45:00,162.05,153.47862499647454
2026-05-29 17:00:00,154.3,164.58663432017903
2026-05-29 17:15:00,165.96,157.5890743420595
2026-05-29 17:30:00,189.08,168.76206801255162
2026-05-29 17:45:00,207.7,187.9492342223418
2026-05-29 18:00:00,189.08,200.35771543741373
2026-05-29 18:15:00,195.0,183.69551429093792
2026-05-29 18:30:00,197.96,188.9015034543817
2026-05-29 19:00:00,202.41,185.9864740117867
2026-05-29 19:15:00,193.35,189.29122525649836
2026-05-29 19:30:00,183.95,180.79164121919536
2026-05-29 19:45:00,164.11,173.087346189123
2026-05-29 20:00:00,183.95,155.61287095372347
2026-05-29 20:15:00,164.11,173.0682741414139
2026-05-29 20:30:00,157.36,156.36885521154542
2026-05-29 20:45:00,154.3,151.81814574552652
2026-05-29 21:00:00,156.77,149.03888453536283
2026-05-29 21:15:00,154.3,150.90214794986593
2026-05-29 21:30:00,146.43,149.1173563038859
2026-05-29 21:45:00,138.17,143.0176918892689
2026-05-29 22:00:00,160.0,137.33128710621205
2026-05-29 22:15:00,158.2,156.21862540027473
2026-05-29 22:30:00,155.74,154.9640963256596
2026-05-29 22:45:00,154.23,153.52683290306626
2026-05-29 23:00:00,150.56,151.91098189468718
2026-05-29 23:15:00,143.6,147.36515224897403
2026-05-29 23:30:00,144.61,141.53128223751642
2026-05-29 23:45:00,145.0,142.48870593111172
2026-05-30 00:00:00,140.82,143.0263830015697
2026-05-30 00:30:00,139.46,139.85107773221682
2026-05-30 00:45:00,138.9,138.75257753668487
2026-05-30 01:00:00,135.47,138.447809244845
2026-05-30 01:15:00,135.26,135.7342185073225
2026-05-30 01:30:00,135.47,135.72949841308173
2026-05-30 01:45:00,134.98,136.2459640501451
2026-05-30 02:00:00,126.55,135.9297313179682
2026-05-30 02:15:00,128.46,128.7688926656681
2026-05-30 02:30:00,130.89,130.37862100988195
2026-05-30 02:45:00,133.35,132.48582520371468
2026-05-30 03:00:00,135.13,134.92007272636567
2026-05-30 03:15:00,129.92,136.39996985394262
2026-05-30 03:30:00,127.28,131.65023077446236
2026-05-30 03:45:00,125.74,129.09585035661559
2026-05-30 04:00:00,125.8,127.54138322912875
2026-05-30 04:15:00,122.43,127.19609947174315
2026-05-30 04:30:00,140.0,124.2189780069541
2026-05-30 04:45:00,132.42,138.94373032685283
2026-05-30 05:00:00,140.82,133.30940783224057
2026-05-30 05:30:00,123.55,139.47878587079703
2026-05-30 05:45:00,112.69,123.56253086625195
2026-05-30 06:00:00,126.1,113.849853917382
2026-05-30 06:15:00,117.08,124.40826988494831
2026-05-30 06:30:00,100.93,116.03149987630324
2026-05-30 06:45:00,89.5,102.15696402249219
2026-05-30 07:00:00,140.82,91.5363610389644
2026-05-30 07:15:00,120.28,135.57071074312063
2026-05-30 07:30:00,120.96,117.8814117828478
2026-05-30 07:45:00,94.7,118.58427193485458
2026-05-30 08:00:00,62.65,91.35998883399517
2026-05-30 08:45:00,40.0,63.52354037889083
2026-05-30 09:00:00,30.0,43.83674717481334
2026-05-30 09:15:00,54.75,36.19661635750808
2026-05-30 09:30:00,49.99,58.6613114410569
2026-05-30 09:45:00,15.05,55.32972138832243
2026-05-30 10:00:00,25.0,25.18681328809411
2026-05-30 10:15:00,30.0,33.094596333096575
2026-05-30 10:30:00,25.41,37.28432990992018
2026-05-30 10:45:00,22.0,34.10788256114216
2026-05-30 11:00:00,51.0,31.483938784576814
2026-05-30 11:15:00,25.0,56.52797599828381
2026-05-30 11:30:00,47.25,36.9529444680973
2026-05-30 11:45:00,23.08,56.26375484574224
2026-05-30 12:00:00,19.0,35.309511093757
2026-05-30 12:15:00,49.99,32.851687037555784
2026-05-30 12:30:00,23.08,59.08719179613328
2026-05-30 12:45:00,26.03,36.55534191987926
2026-05-30 13:00:00,25.05,38.94761985233373
2026-05-30 13:15:00,35.0,37.563734011385556
2026-05-30 13:30:00,36.03,46.948248520679115
2026-05-30 13:45:00,43.0,47.89643306931177
2026-05-30 14:00:00,62.07,53.793959601193194
2026-05-30 14:15:00,46.64,69.35718512817692
2026-05-30 14:30:00,71.24,56.218129940076395
2026-05-30 14:45:00,70.0,76.6541128304862
2026-05-30 15:00:00,106.24,79.81851931381551
2026-05-30 15:15:00,125.0,111.65463824856505
2026-05-30 15:30:00,140.82,127.27155732800377
2026-05-30 15:45:00,147.94,141.3765351344808
2026-05-30 16:00:00,145.5,146.0366337472093
2026-05-30 16:15:00,137.15,144.6661837858008
2026-05-30 16:30:00,140.82,136.53162708495066
2026-05-30 16:45:00,150.56,140.8443843000095
2026-05-30 17:15:00,166.29,149.14126875196692
2026-05-30 17:30:00,184.06,163.2035834333266
2026-05-30 17:45:00,190.5,178.7277996480817
2026-05-30 18:00:00,162.88,184.1998806534401
2026-05-30 18:15:00,175.75,159.94051810699904
2026-05-30 18:30:00,175.04,170.99204754259827
2026-05-30 18:45:00,183.95,169.98060256764745
2026-05-30 19:00:00,190.0,173.06457695451357
2026-05-30 19:15:00,172.5,176.9648399219149
2026-05-30 19:30:00,183.74,162.7989661264373
2026-05-30 19:45:00,157.68,171.79147521550092
2026-05-30 20:00:00,168.82,149.11630357679317
2026-05-30 20:15:00,157.68,158.83448497582705
2026-05-30 20:30:00,155.01,149.229565548794
2026-05-30 20:45:00,148.33,147.91126785530642
2026-05-30 21:00:00,155.23,142.48530692012736
2026-05-30 21:15:00,147.12,147.7842604451074
2026-05-30 21:30:00,144.78,141.8124476999666
2026-05-30 21:45:00,142.83,140.19675548161248
2026-05-30 22:00:00,150.99,138.08666294626823
2026-05-30 22:15:00,150.56,145.23997880103423
2026-05-30 22:30:00,150.0,145.12196146420342
2026-05-30 22:45:00,148.29,144.89634039976445
2026-05-30 23:15:00,145.68,143.45324077325768
2026-05-31 01:00:00,145.0,140.53195456954495
2026-05-31 01:15:00,139.5,139.84883756206833
2026-05-31 01:30:00,134.0,135.20184163069916
2026-05-31 01:45:00,137.09,130.544373283088
2026-05-31 02:00:00,138.18,133.50839457682451
2026-05-31 02:15:00,137.31,134.83043303826142
2026-05-31 02:30:00,145.0,134.07189742155603
2026-05-31 02:45:00,135.86,140.30311448280082
2026-05-31 03:00:00,139.74,132.5043078459654
2026-05-31 03:15:00,134.14,135.75522124631811
2026-05-31 03:30:00,132.7,130.56268571518763
2026-05-31 03:45:00,124.5,129.72228199486477
2026-05-31 04:00:00,128.99,122.60436400574632
2026-05-31 04:15:00,127.41,126.4419020321056
2026-05-31 04:30:00,116.46,124.9087045454715
2026-05-31 04:45:00,112.52,116.11242669824995
2026-05-31 05:00:00,115.51,113.25822045163133
2026-05-31 05:15:00,111.85,115.35828564181395
2026-05-31 05:30:00,145.0,112.09408038254435
2026-05-31 05:45:00,125.0,140.27953909787465
2026-05-31 06:00:00,124.29,122.95775193635521
2026-05-31 06:15:00,145.68,122.03515339583912
2026-05-31 06:30:00,130.93,138.96958499114712
2026-05-31 06:45:00,119.5,126.46514645833155
2026-05-31 07:00:00,145.0,116.40624770733577
2026-05-31 07:15:00,117.37,136.30693190051952
2026-05-31 07:30:00,114.39,112.96971661312229
2026-05-31 07:45:00,100.0,110.04820387273553
2026-05-31 08:00:00,62.0,95.24574766521081
2026-05-31 08:15:00,59.0,63.49511916931988
2026-05-31 08:30:00,44.0,60.02248171180896
2026-05-31 08:45:00,35.0,47.62869286546234
2026-05-31 09:00:00,33.0,41.38527225420357
2026-05-31 09:15:00,43.0,39.84703147106234
2026-05-31 09:30:00,39.44,46.359790184716864
2026-05-31 09:45:00,35.0,44.09144250666369
2026-05-31 10:00:00,38.25,40.06940005394477
2026-05-31 10:15:00,37.75,43.522597879607005
2026-05-31 10:30:00,37.5,44.412467877594786
2026-05-31 10:45:00,36.75,45.217901038729316
2026-05-31 11:00:00,38.0,45.02765204019495
2026-05-31 11:15:00,36.75,45.06240863475307
2026-05-31 11:30:00,37.75,44.15493917355205
2026-05-31 11:45:00,36.25,46.56185414798557
2026-05-31 12:00:00,33.99,44.906574486303064
2026-05-31 12:15:00,35.5,43.146703315998764
2026-05-31 12:30:00,35.0,44.951747744595046
2026-05-31 12:45:00,34.96,45.03464772680407
2026-05-31 13:00:00,14.5,44.29125918410793
2026-05-31 13:30:00,16.03,28.40952449677779
2026-05-31 13:45:00,19.0,29.100310014254717
2026-05-31 14:00:00,40.0,33.03352402369147
2026-05-31 14:15:00,35.0,52.23676179241024
2026-05-31 14:30:00,55.0,46.96082903457195
2026-05-31 14:45:00,70.0,65.54630166494917
2026-05-31 15:00:00,76.22,82.74939392818933
2026-05-31 15:15:00,100.2,88.80668340009017
2026-05-31 15:30:00,107.58,108.67745669644353
2026-05-31 15:45:00,116.0,114.86289239682493
2026-05-31 16:00:00,113.68,122.02757983440387
2026-05-31 16:15:00,121.67,119.04529735081148
2026-05-31 16:30:00,145.68,126.87356263849284
2026-05-31 16:45:00,148.29,146.6459521353433
2026-05-31 17:00:00,145.68,149.58431975155338
2026-05-31 17:15:00,149.45,146.19253574545556
2026-05-31 17:30:00,155.74,148.36281724807318
2026-05-31 17:45:00,160.87,153.37302762651876
2026-05-31 18:00:00,156.0,158.0444788786607
2026-05-31 18:15:00,157.69,154.312234620227
2026-05-31 18:30:00,167.03,156.17210381587114
2026-05-31 18:45:00,169.2,163.9597262159028
2026-05-31 19:00:00,165.74,161.13162506315146
2026-05-31 19:15:00,163.03,157.66090356029747
2026-05-31 19:30:00,160.98,154.12922767450112
2026-05-31 19:45:00,155.74,151.78966672298665
2026-05-31 20:00:00,168.54,148.36158419702576
2026-05-31 20:15:00,160.48,159.07824823815
2026-05-31 20:30:00,155.74,152.00853808410415
2026-05-31 20:45:00,149.13,147.41821217815738
2026-05-31 21:00:00,156.53,141.01325463519464
2026-05-31 21:15:00,152.32,148.03000637251256
2026-05-31 21:30:00,148.29,143.73255767110237
2026-05-31 21:45:00,145.68,141.4604788687153
2026-05-31 22:00:00,149.35,139.1265516312342
2026-05-31 22:15:00,140.09,142.81548183063535
2026-05-31 22:30:00,127.1,135.08548311489068
2026-05-31 22:45:00,123.46,124.27652877973472
2026-05-31 23:00:00,146.5,120.72967412413368
2026-05-31 23:15:00,136.0,141.01328801463785
2026-05-31 23:30:00,128.84,132.50127429761326
2026-05-31 23:45:00,126.97,126.56333060507382
2026-06-01 00:00:00,125.48,123.86570651737681
2026-06-01 00:15:00,132.99,122.89459765540278
2026-06-01 00:30:00,131.62,129.4532406313811
2026-06-01 00:45:00,130.3,128.37890844117146
2026-06-01 01:00:00,126.0,127.45170019701686
2026-06-01 01:15:00,126.8,123.54269030573346
2026-06-01 01:30:00,120.7,124.58073929240294
2026-06-01 01:45:00,118.7,119.93013723128621
2026-06-01 02:00:00,124.95,118.67549753071904
2026-06-01 02:15:00,123.36,123.97117398196579
2026-06-01 02:30:00,125.17,122.5921439278563
2026-06-01 02:45:00,125.39,124.01941114964714
2026-06-01 03:00:00,127.02,124.46046555049278
2026-06-01 03:15:00,130.32,125.70611443973694
2026-06-01 03:30:00,134.5,128.55048734267785
2026-06-01 03:45:00,128.56,132.20374980786255
2026-06-01 04:00:00,129.59,127.45277589791817
2026-06-01 04:15:00,142.85,127.98890134734746
2026-06-01 04:30:00,146.21,138.96398900100505
2026-06-01 04:45:00,149.35,142.36457796868086
2026-06-01 05:30:00,140.01,145.06316874735248
2026-06-01 05:45:00,132.89,136.14235472109192
2026-06-01 06:00:00,136.0,133.3086178271546
2026-06-01 06:15:00,130.06,133.9579834101445
2026-06-01 06:30:00,118.7,129.52293337010795
2026-06-01 06:45:00,120.0,119.53130920919206
2026-06-01 07:00:00,122.76,119.13998198074304
2026-06-01 07:15:00,118.68,121.82450435220191
2026-06-01 07:30:00,129.32,118.76456231694054
2026-06-01 07:45:00,120.81,126.27871744063505
2026-06-01 08:00:00,127.49,117.75188330622396
2026-06-01 08:15:00,123.19,123.3640323512572
2026-06-01 08:30:00,121.38,119.75596284762446
2026-06-01 08:45:00,109.9,119.78119647303421
2026-06-01 09:00:00,112.41,109.61742717318947
2026-06-01 09:15:00,119.24,112.35577322319382
2026-06-01 09:30:00,114.66,118.48905260987796
2026-06-01 09:45:00,99.0,114.82928038050223
2026-06-01 10:00:00,70.0,100.7825675457743
2026-06-01 10:15:00,60.0,75.84411714868656
2026-06-01 10:30:00,59.0,67.53029847404623
2026-06-01 11:00:00,60.0,66.83438881949665
2026-06-01 12:00:00,76.0,69.03623550136669
2026-06-01 12:15:00,85.5,83.47005079345985
2026-06-01 12:30:00,85.0,92.07475265618267
2026-06-01 12:45:00,86.85,92.0309328796045
2026-06-01 13:00:00,85.16,93.68510524871752
2026-06-01 13:15:00,86.83,91.88238890122604
2026-06-01 13:30:00,101.39,93.29218533443901
2026-06-01 13:45:00,112.08,105.79475651289192
2026-06-01 14:00:00,83.49,114.99330401192128
2026-06-01 14:15:00,99.0,91.04615749332613
2026-06-01 14:30:00,115.36,104.450498868287
2026-06-01 14:45:00,126.15,119.62931197963417
2026-06-01 15:00:00,109.47,135.07422795016205
2026-06-01 15:15:00,121.39,120.778192037341
2026-06-01 15:30:00,139.54,130.16721097814084
2026-06-01 15:45:00,150.0,146.19767209062522
2026-06-01 16:00:00,115.6,155.40014921496092
2026-06-01 16:15:00,125.0,125.49290021192026
2026-06-01 16:30:00,147.83,133.21536347590126
2026-06-01 16:45:00,151.94,152.00100220408575
2026-06-01 17:00:00,149.35,156.8658676809513
2026-06-01 17:15:00,154.23,154.41560391276695
2026-06-01 17:30:00,155.74,158.44549277437116
2026-06-01 17:45:00,172.55,159.56817188437773
2026-06-01 18:00:00,159.56,169.94494650525502
2026-06-01 18:15:00,161.96,158.82336019412793
2026-06-01 18:30:00,174.79,161.05767709380416
2026-06-01 19:00:00,172.5,167.04445697367464
2026-06-01 19:15:00,168.03,164.95803675760274
2026-06-01 19:30:00,160.74,160.75174622014185
2026-06-01 19:45:00,158.73,154.2573953156455
2026-06-01 20:00:00,162.29,152.5234371675839
2026-06-01 20:15:00,169.38,155.34380388974995
2026-06-01 20:30:00,174.1,161.67166685267247
2026-06-01 20:45:00,154.23,165.89225966559815
2026-06-01 21:00:00,165.12,148.7681222870501
2026-06-01 21:15:00,156.19,157.93160572812138
2026-06-01 21:30:00,151.05,150.36104158624653
2026-06-01 21:45:00,146.18,146.0062118066876
2026-06-01 22:00:00,151.94,141.5663990078771
2026-06-01 22:15:00,149.35,146.94747656903417
2026-06-01 22:45:00,145.02,145.13872773112834
2026-06-01 23:00:00,149.15,141.2108332444253
2026-06-01 23:15:00,139.51,144.8148913296556
2026-06-01 23:30:00,134.57,136.80589087778785
2026-06-01 23:45:00,130.6,132.78652547245503
2026-06-02 00:00:00,135.0,129.09042367972626
2026-06-02 00:15:00,134.72,133.43171522485946
2026-06-02 00:30:00,134.11,133.89795354681243
2026-06-02 00:45:00,132.08,133.64594939216636
2026-06-02 01:00:00,133.48,130.7078306823766
2026-06-02 01:15:00,130.06,132.3883276748807
2026-06-02 01:30:00,128.54,130.1838044473024
2026-06-02 01:45:00,128.97,129.12634427868585
2026-06-02 02:00:00,126.73,129.33629105275648
2026-06-02 02:15:00,128.79,127.18966112545202
2026-06-02 02:30:00,130.98,129.10242594578935
2026-06-02 02:45:00,133.89,131.1411290375481
2026-06-02 03:00:00,132.98,133.75934723158912
2026-06-02 03:15:00,132.53,132.97757286838015
2026-06-02 03:30:00,134.12,132.98913702096817
2026-06-02 03:45:00,131.8,134.46453198577055
2026-06-02 04:00:00,145.0,132.2004000396507
2026-06-02 04:30:00,142.93,143.22796950152292
2026-06-02 04:45:00,135.0,141.21930014767386
2026-06-02 05:00:00,149.35,135.39189166419715
2026-06-02 05:15:00,145.0,146.65701056970386
2026-06-02 05:30:00,138.32,142.55037957380424
2026-06-02 05:45:00,135.0,136.57792159770665
2026-06-02 06:00:00,149.35,136.9038904929573
2026-06-02 06:15:00,140.3,148.73450765200425
2026-06-02 06:30:00,145.0,140.12462748415686
2026-06-02 06:45:00,130.0,143.63311456235718
2026-06-02 07:00:00,149.35,129.97322687833625
2026-06-02 07:30:00,138.36,146.37190989228293
2026-06-02 07:45:00,122.94,136.68672172177202
2026-06-02 08:00:00,155.0,121.54803205222838
2026-06-02 08:30:00,151.94,148.16286931373673
2026-06-02 08:45:00,149.35,146.09266818104047
2026-06-02 09:00:00,151.94,144.10340588573067
2026-06-02 09:45:00,150.0,144.73331220544867
2026-06-02 10:00:00,151.94,143.34182203476612
2026-06-02 10:45:00,145.0,143.61387457496645
2026-06-02 12:00:00,121.12,139.1521058905632
2026-06-02 12:15:00,145.0,118.57643551572126
2026-06-02 12:45:00,145.2,139.31009497999915
2026-06-02 13:00:00,125.0,139.92306157827826
2026-06-02 13:15:00,145.0,124.36487097501457
2026-06-02 13:30:00,143.32,141.10586945348442
2026-06-02 13:45:00,145.0,139.9178498344035
2026-06-02 14:00:00,112.5,142.70789701929363
2026-06-02 14:15:00,123.55,115.11450895859099
2026-06-02 14:30:00,135.0,126.04417332397084
2026-06-02 14:45:00,149.35,136.385285510045
2026-06-02 15:00:00,113.47,154.70373321426982
2026-06-02 15:15:00,128.65,123.96594045333752
2026-06-02 15:30:00,149.35,136.2255030918935
2026-06-02 15:45:00,151.94,153.4108845636229
2026-06-02 16:00:00,149.35,157.1786771512128
2026-06-02 16:30:00,160.91,155.39679289388152
2026-06-02 16:45:00,174.79,165.26251740660615
2026-06-02 17:00:00,153.71,177.59685809308812
2026-06-02 17:15:00,154.73,159.52480268572202
2026-06-02 17:30:00,161.49,160.04846702159867
2026-06-02 17:45:00,169.35,167.19652949289218
2026-06-02 18:00:00,157.59,170.67526537519336
2026-06-02 18:15:00,161.49,160.23910107782675
2026-06-02 18:30:00,162.18,163.15085002815462
2026-06-02 18:45:00,160.91,164.43823342758427
2026-06-02 19:00:00,161.49,158.7995368080035
2026-06-02 19:15:00,159.5,158.37730116549804
2026-06-02 19:30:00,151.94,156.15803501617538
2026-06-02 19:45:00,149.35,151.14961201517576
2026-06-02 20:00:00,158.12,148.6576963872465
2026-06-02 20:15:00,149.35,155.06561274371472
2026-06-02 20:45:00,135.28,147.41627507202188
2026-06-02 21:00:00,148.5,135.48805059104535
2026-06-02 21:15:00,137.3,146.46933551945816
2026-06-02 21:30:00,132.97,136.97152669750275
2026-06-02 21:45:00,122.21,132.8062595263513
2026-06-02 22:00:00,131.87,123.39524672605447
2026-06-02 22:15:00,130.77,131.94534860212084
2026-06-02 22:30:00,127.34,130.4607625522568
2026-06-02 22:45:00,122.66,127.87628074140234
2026-06-02 23:00:00,125.99,123.58069907844393
2026-06-02 23:15:00,120.8,126.54476320450624
2026-06-02 23:30:00,118.28,122.22135603281376
2026-06-02 23:45:00,116.78,120.03028719641505
2026-06-03 00:00:00,124.48,118.295812665249
2026-06-03 00:15:00,123.99,124.77924306372341
2026-06-03 00:30:00,124.36,125.23818131067634
2026-06-03 00:45:00,123.99,125.1706777112985
2026-06-03 01:00:00,120.8,125.04275646065997
2026-06-03 01:15:00,124.13,122.46471682709563
2026-06-03 01:30:00,124.18,125.43063539775635
2026-06-03 01:45:00,120.8,125.19588704064752
2026-06-03 02:00:00,115.95,122.459869385969
2026-06-03 02:15:00,116.09,118.10787802626604
2026-06-03 02:30:00,117.67,117.71931491207903
2026-06-03 02:45:00,116.38,119.32273588554926
2026-06-03 03:00:00,117.81,118.498194797525
2026-06-03 03:15:00,117.18,120.12008527131304
2026-06-03 03:30:00,124.13,119.59576377839504
2026-06-03 03:45:00,131.8,125.71074349677268
2026-06-03 04:00:00,138.55,132.6730260482262
2026-06-03 04:15:00,151.4,138.42177177807957
2026-06-03 04:45:00,153.99,148.89834327537335
2026-06-03 05:00:00,167.22,151.8531922162327
2026-06-03 05:15:00,160.94,162.49914786997635
2026-06-03 05:30:00,157.17,156.286726887921
2026-06-03 05:45:00,170.05,152.7711405955797
2026-06-03 06:00:00,179.35,166.76034352021523
2026-06-03 06:15:00,177.13,174.6922410009412
2026-06-03 06:30:00,175.0,172.91052690276146
2026-06-03 06:45:00,169.14,170.84966158145758
2026-06-03 07:00:00,179.35,165.81256128565641
2026-06-03 07:30:00,168.36,173.39063392544332
2026-06-03 07:45:00,156.5,163.81500155719695
2026-06-03 08:00:00,177.13,151.05655396063412
2026-06-03 08:15:00,169.14,168.04379968399638
2026-06-03 08:30:00,156.5,161.1672874782977
2026-06-03 08:45:00,156.34,149.49765654552897
2026-06-03 09:15:00,153.99,148.07487760533039
2026-06-03 09:45:00,130.52,145.87406488609489
2026-06-03 10:00:00,100.25,126.00630032054653
2026-06-03 10:15:00,90.47,99.14332416357827
2026-06-03 10:30:00,85.85,90.80794611595215
2026-06-03 10:45:00,70.92,86.95293497741726
2026-06-03 11:00:00,70.78,75.62572686013938
2026-06-03 11:30:00,74.62,74.80704948054706
2026-06-03 11:45:00,78.82,78.63696558686728
2026-06-03 12:00:00,75.79,83.32701974953189
2026-06-03 12:15:00,109.45,79.9807279557127
2026-06-03 13:00:00,134.83,110.1985438495333
2026-06-03 13:15:00,145.0,131.69607671881968
2026-06-03 13:30:00,150.69,140.25266244869826
2026-06-03 13:45:00,150.0,144.11178510240975
2026-06-03 14:00:00,153.99,142.5881109699527
2026-06-03 14:45:00,155.0,147.14478330247175
2026-06-03 15:00:00,119.54,154.04645791486485
2026-06-03 15:15:00,133.0,123.2603563575468
2026-06-03 15:30:00,137.46,135.17499905259325
2026-06-03 15:45:00,151.4,140.34817261473898
2026-06-03 16:00:00,115.04,153.163337075726
2026-06-03 16:15:00,128.11,122.21925680610254
2026-06-03 16:30:00,147.32,133.69156665457405
2026-06-03 16:45:00,155.97,151.6128960985368
2026-06-03 17:00:00,151.4,160.34396869713066
2026-06-03 17:15:00,153.99,155.86726516009088
2026-06-03 17:30:00,157.18,157.25189897431042
2026-06-03 17:45:00,171.63,161.57680813218002
2026-06-03 18:00:00,168.7,170.20110782525487
2026-06-03 18:15:00,169.1,167.1214029481099
2026-06-03 18:30:00,174.4,167.6337352549294
2026-06-03 18:45:00,173.61,172.15479873565795
2026-06-03 19:00:00,169.44,166.76707236546133
2026-06-03 19:15:00,169.14,162.605420821556
2026-06-03 19:30:00,165.08,163.09489358866824
2026-06-03 19:45:00,156.34,159.60245278928747
2026-06-03 20:00:00,156.5,152.03736192445135
2026-06-03 20:15:00,156.34,151.76679889621758
2026-06-03 20:30:00,155.0,152.18050575374673
2026-06-03 20:45:00,151.4,151.04152985943367
2026-06-03 21:00:00,153.49,147.89627141913726
2026-06-03 21:15:00,151.4,149.66571849465086
2026-06-03 21:30:00,150.0,147.77587370805887
2026-06-03 21:45:00,137.28,146.60535949875455
2026-06-03 22:00:00,147.45,135.87619878619606
2026-06-03 22:15:00,157.4,144.58309307030643
2026-06-03 22:30:00,149.0,152.60671143186224
2026-06-03 22:45:00,143.85,146.05002917937074
2026-06-03 23:00:00,153.0,142.00696967640377
2026-06-03 23:15:00,144.82,148.8465639858318
2026-06-03 23:30:00,139.13,142.77242298817706
2026-06-03 23:45:00,135.37,138.1173491549216
2026-06-04 00:00:00,148.51,134.928174624331
2026-06-04 00:15:00,135.37,146.07089436037091
2026-06-04 02:00:00,129.6,135.07951039631752
2026-06-04 02:15:00,127.0,130.431168208689
2026-06-04 02:45:00,128.51,127.88476081187632
2026-06-04 03:00:00,130.31,129.4344011218261
2026-06-04 03:15:00,127.0,131.35484486236925
2026-06-04 03:45:00,135.37,128.62861044847057
2026-06-04 04:15:00,141.4,135.7042258707771
2026-06-04 04:30:00,157.4,140.283994812744
2026-06-04 06:00:00,144.34,156.2058000651731
2026-06-04 06:15:00,149.14,144.2353841697776
2026-06-04 06:30:00,135.37,147.83529192386362
2026-06-04 06:45:00,124.2,135.26152468428558
2026-06-04 07:00:00,135.37,125.56280885461418
2026-06-04 07:15:00,129.5,134.53152411532432
2026-06-04 07:30:00,119.46,129.67022065911354
2026-06-04 07:45:00,112.9,121.25215401502356
2026-06-04 08:00:00,115.38,113.00103276201281
2026-06-04 08:15:00,100.0,114.95738780796422
2026-06-04 08:30:00,79.29,101.55790579975125
2026-06-04 08:45:00,100.0,83.7082462933136
2026-06-04 09:00:00,104.0,101.05525134956241
2026-06-04 09:15:00,104.99,104.35102203611342
2026-06-04 09:30:00,120.0,105.2111849051963
2026-06-04 09:45:00,112.58,116.88631467140962
2026-06-04 10:00:00,104.7,109.62769942075714
2026-06-04 10:15:00,100.07,102.54314912884249
2026-06-04 10:30:00,90.85,97.44062458635622
2026-06-04 10:45:00,64.7,89.78279347921423
2026-06-04 11:00:00,100.78,67.71408077629806
2026-06-04 11:15:00,104.17,98.36893696653193
2026-06-04 11:30:00,106.24,101.31710286511723
2026-06-04 11:45:00,87.76,103.93535603127248
2026-06-04 12:00:00,120.16,87.20714079437508
2026-06-04 12:15:00,123.25,115.04375011389546
2026-06-04 12:30:00,134.78,117.16868530640305
2026-06-04 12:45:00,135.37,128.06600382730454
2026-06-04 13:00:00,133.76,128.0433392432215
2026-06-04 13:15:00,135.37,126.12785973315631
2026-06-04 13:45:00,138.74,128.4162937202429
2026-06-04 14:00:00,135.37,132.306265565783
2026-06-04 14:15:00,117.41,129.62598558863147
2026-06-04 14:30:00,135.37,114.41867754718072
2026-06-04 15:00:00,115.59,135.74730725179558
2026-06-04 15:15:00,128.82,120.74207980375247
2026-06-04 15:30:00,135.37,133.45842748398854
2026-06-04 15:45:00,142.62,139.18168055520255
2026-06-04 16:00:00,155.0,147.15512477729132
2026-06-04 16:15:00,157.4,158.07905411101237
2026-06-04 16:30:00,162.31,160.4258241942775
2026-06-04 16:45:00,162.34,164.90233576248062
2026-06-04 17:00:00,157.4,165.42544049235548
2026-06-04 17:15:00,162.31,160.16936110328493
2026-06-04 17:30:00,167.89,163.65844817028963
2026-06-04 17:45:00,180.9,168.50212883306958
2026-06-04 18:00:00,169.62,176.40735845659313
2026-06-04 18:30:00,180.0,167.06911602349254
2026-06-04 18:45:00,178.13,175.89247933982782
2026-06-04 19:00:00,175.0,169.42961843569455
2026-06-04 19:15:00,162.34,168.63358805475906
2026-06-04 19:30:00,162.31,156.93621604414687
2026-06-04 19:45:00,157.4,156.78687995366622
2026-06-04 20:00:00,162.34,152.12535744690734
2026-06-04 20:15:00,162.31,158.27613361275888
2026-06-04 20:30:00,159.99,157.71198384592716
2026-06-04 20:45:00,157.4,155.10440668395378
2026-06-04 21:00:00,162.31,152.41981778648235
2026-06-04 21:15:00,157.4,156.76503768101844
2026-06-04 21:30:00,146.07,152.54822223558844
2026-06-04 21:45:00,131.76,142.81151676694878
2026-06-04 22:00:00,135.28,129.5183720241468
2026-06-04 22:15:00,158.29,132.6911787446414
2026-06-04 23:00:00,135.28,152.58181754579078
2026-06-05 00:00:00,135.0,133.1383696235878
2026-06-05 00:15:00,132.0,132.63489196184457
2026-06-05 00:30:00,129.7,129.30326608053375
2026-06-05 00:45:00,123.7,128.0886483006575
2026-06-05 01:00:00,130.0,122.95585280330711
2026-06-05 01:15:00,130.32,128.77540907635955
2026-06-05 01:30:00,135.0,128.94780938622188
2026-06-05 01:45:00,125.08,133.31592931078427
2026-06-05 02:00:00,130.0,124.63691657019683
2026-06-05 02:30:00,127.3,128.74702433307834
2026-06-05 02:45:00,128.3,126.13197904625657
2026-06-05 03:00:00,134.31,127.35780436693767
2026-06-05 03:15:00,125.82,132.29865458726806
2026-06-05 03:30:00,124.99,125.55718987325292
2026-06-05 03:45:00,135.28,124.25611680613305
2026-06-05 04:30:00,142.4,131.97142824685864
2026-06-05 04:45:00,156.0,138.51986002344265
2026-06-05 05:00:00,150.0,151.1018274735081
2026-06-05 05:15:00,158.29,144.75543954882184
2026-06-05 06:00:00,160.91,154.00904476375413
2026-06-05 06:15:00,158.29,155.7860210424446
2026-06-05 06:45:00,151.0,153.27226298878332
2026-06-05 07:00:00,158.29,146.11469124485694
2026-06-05 07:15:00,160.91,152.40123662681765
2026-06-05 07:30:00,158.29,154.65514977842844
2026-06-05 07:45:00,144.61,152.3433876851551
2026-06-05 08:00:00,141.72,138.2186566944597
2026-06-05 08:15:00,158.29,135.3606680650851
2026-06-05 08:30:00,153.0,149.51599960596602
2026-06-05 08:45:00,137.1,144.81848398448753
2026-06-05 09:00:00,135.28,130.9733868552202
2026-06-05 09:45:00,129.99,129.21478964503214
2026-06-05 10:00:00,103.25,125.77381188428866
2026-06-05 10:15:00,103.08,103.2739797733897
2026-06-05 10:30:00,102.08,103.76363939972276
2026-06-05 10:45:00,94.7,103.65588690101313
2026-06-05 11:00:00,83.0,97.83690932372551
2026-06-05 11:15:00,82.0,87.1474300229278
2026-06-05 11:30:00,86.24,85.76499085835303
2026-06-05 11:45:00,90.7,88.87853754897363
2026-06-05 12:00:00,83.97,92.23840346235822
2026-06-05 12:15:00,62.5,87.48981256745164
2026-06-05 12:30:00,60.5,70.47032211132962
2026-06-05 12:45:00,60.0,68.29824139852639
2026-06-05 13:00:00,80.0,68.53545572221235
2026-06-05 13:15:00,108.11,86.35599871744135
2026-06-05 13:30:00,126.69,110.13609795630016
2026-06-05 13:45:00,100.0,126.755421892337
2026-06-05 14:00:00,125.54,103.98982976940225
2026-06-05 14:15:00,130.0,125.38681486994642
2026-06-05 14:30:00,134.86,129.39732301181883
2026-06-05 14:45:00,130.0,135.81795496901023
2026-06-05 15:00:00,127.54,134.4278448825295
2026-06-05 15:15:00,120.0,132.23160741157633
2026-06-05 15:30:00,126.87,125.75724379646147
2026-06-05 15:45:00,144.0,133.0034536347924
2026-06-05 16:00:00,143.82,146.6754628390925
2026-06-05 16:15:00,140.45,147.11413528454236
2026-06-05 16:30:00,158.29,144.0137296273515
2026-06-05 16:45:00,174.16,159.2729275086425
2026-06-05 17:00:00,158.29,173.56823928077847
2026-06-05 17:15:00,160.91,160.4478241677998
2026-06-05 17:30:00,169.89,162.41665216001812
2026-06-05 17:45:00,173.88,170.46097338427973
2026-06-05 18:00:00,161.93,171.91250501458694
2026-06-05 18:15:00,167.64,161.1741536845163
2026-06-05 18:30:00,174.16,166.93946159084314
2026-06-05 18:45:00,176.27,172.13370699633617
2026-06-05 19:00:00,175.79,169.68602448742863
2026-06-05 19:30:00,174.16,168.811943301755
2026-06-05 19:45:00,160.91,166.71301352374905
2026-06-05 20:00:00,170.24,155.2572678386043
2026-06-05 20:15:00,160.91,162.9718238392016
2026-06-05 20:30:00,158.29,154.99334680049049
2026-06-05 20:45:00,151.92,153.29949541841418
2026-06-05 21:00:00,160.91,147.34100534155246
2026-06-05 21:15:00,158.29,155.04257530507027
2026-06-05 21:30:00,153.57,152.2731360622318
2026-06-05 21:45:00,143.95,148.82689590611037
2026-06-05 22:00:00,154.39,140.75181331050462
2026-06-05 22:15:00,151.8,149.75244467361847
2026-06-05 22:45:00,144.37,147.69217458315782
2026-06-05 23:00:00,150.0,142.13627548174452
2026-06-05 23:15:00,145.28,146.5344390180641
2026-06-05 23:30:00,138.0,142.72452561913477
2026-06-05 23:45:00,133.61,136.3973031408944
2026-06-06 00:00:00,145.0,132.43013352984633
2026-06-06 00:15:00,138.0,142.42717150532266
2026-06-06 00:30:00,131.43,136.80257279355902
2026-06-06 00:45:00,132.97,131.13570407168734
2026-06-06 01:00:00,135.49,132.3975925022897
2026-06-06 01:15:00,135.47,135.1848234152858
2026-06-06 01:30:00,136.3,135.97051954906223
2026-06-06 01:45:00,135.48,136.45257966274738
2026-06-06 02:00:00,141.83,134.7106074093242
2026-06-06 02:15:00,142.94,141.106918055034
2026-06-06 02:30:00,143.37,142.21256930840687
2026-06-06 02:45:00,138.3,142.72788698067578
2026-06-06 03:00:00,151.8,138.34148524662737
2026-06-06 03:15:00,138.0,150.15506117467626
2026-06-06 03:30:00,129.7,138.05552875753477
2026-06-06 04:00:00,151.8,131.1212367952278
2026-06-06 04:30:00,138.0,149.07961896713283
2026-06-06 04:45:00,135.0,137.87320976900898
2026-06-06 05:00:00,151.8,136.05874998388396
2026-06-06 05:15:00,150.0,149.42592507864495
2026-06-06 05:30:00,134.27,147.7472658424323
2026-06-06 05:45:00,138.0,133.67396820527657
2026-06-06 06:00:00,151.8,135.9631484097003
2026-06-06 06:15:00,151.31,147.37182110885334
2026-06-06 06:30:00,132.27,146.49745233536171
2026-06-06 06:45:00,129.7,129.26613587046506
2026-06-06 07:00:00,151.8,125.51052335750423
2026-06-06 07:15:00,144.68,144.34251840895007
2026-06-06 07:30:00,129.7,138.1466951267123
2026-06-06 08:00:00,151.8,122.60661238351443
2026-06-06 08:15:00,138.0,140.49031961653972
2026-06-06 08:30:00,129.7,128.70204847781383
2026-06-06 08:45:00,138.0,121.29185855681737
2026-06-06 09:00:00,150.0,127.21962035301715
2026-06-06 09:15:00,138.0,137.8369667502509
2026-06-06 09:30:00,129.7,128.2732254281844
2026-06-06 09:45:00,128.3,120.8334423539214
2026-06-06 10:00:00,132.27,118.3810986779393
2026-06-06 10:15:00,129.7,122.33127238094168
2026-06-06 11:00:00,127.7,120.88414093033408
2026-06-06 11:15:00,124.79,119.30218008808941
2026-06-06 11:30:00,99.5,116.64083274473225
2026-06-06 11:45:00,100.7,96.22998642198681
2026-06-06 12:00:00,70.0,97.07930878836405
2026-06-06 12:15:00,69.0,71.34926278045316
2026-06-06 12:30:00,71.74,71.85285799691938
2026-06-06 13:00:00,69.0,75.19210658473753
2026-06-06 13:15:00,48.12,74.02332878170088
2026-06-06 13:30:00,52.22,56.23992866209781
2026-06-06 13:45:00,69.0,59.55076250872416
2026-06-06 14:00:00,79.4,74.52796258377973
2026-06-06 14:15:00,96.34,85.48142305770689
2026-06-06 14:30:00,129.7,100.39896879644604
2026-06-06 15:00:00,122.0,133.79493331185594
2026-06-06 15:15:00,128.28,126.6032254735357
2026-06-06 15:30:00,130.21,130.79205612233045
2026-06-06 15:45:00,151.8,131.15605666115985
2026-06-06 16:00:00,120.39,151.52401948640718
2026-06-06 16:15:00,130.9,123.86401359157625
2026-06-06 16:30:00,155.0,133.0032413294632
2026-06-06 16:45:00,174.66,153.43579001629112
2026-06-06 17:00:00,154.39,171.95104003658224
2026-06-06 17:15:00,151.8,154.91296674952102
2026-06-06 17:30:00,172.04,152.8093245248112
2026-06-06 17:45:00,174.38,169.82848166453826
2026-06-06 18:00:00,155.0,172.3496929855503
2026-06-06 18:15:00,157.5,156.10787295834103
2026-06-06 18:30:00,164.0,158.00193033077736
2026-06-06 18:45:00,163.5,163.17807325270317
2026-06-06 19:00:00,152.08,158.25089553233033
2026-06-06 19:15:00,151.8,149.01900910471673
2026-06-06 21:00:00,154.39,148.20025659025052
2026-06-06 21:15:00,151.8,149.9572273498085
2026-06-06 21:30:00,138.0,147.79467466550616
2026-06-06 21:45:00,129.7,136.4109659890281
2026-06-06 22:00:00,143.17,128.66715756720527
2026-06-06 22:15:00,148.09,139.85601839889299
2026-06-06 22:30:00,154.37,144.28726581257976
2026-06-07 00:00:00,129.32,149.66504415572678
2026-06-07 00:15:00,120.9,127.7707604406867
2026-06-07 01:00:00,129.3,120.87861893573549
2026-06-07 01:15:00,129.9,127.38442033776751
2026-06-07 02:00:00,130.7,128.97385941586145
2026-06-07 02:15:00,129.9,129.94988974770934
2026-06-07 03:00:00,154.37,129.3717308582926
2026-06-07 03:30:00,146.0,149.991847613987
2026-06-07 03:45:00,129.9,142.95496055538084
2026-06-07 04:00:00,154.37,129.46674482955817
2026-06-07 04:30:00,129.9,149.51728793590183
2026-06-07 05:00:00,136.63,128.7730350488346
2026-06-07 05:15:00,129.9,134.58576503110007
2026-06-07 05:30:00,120.9,127.84491872861945
2026-06-07 05:45:00,113.33,120.09909766202752
2026-06-07 06:00:00,129.9,113.21639640571608
2026-06-07 06:15:00,129.2,127.28968797137065
2026-06-07 06:30:00,113.39,126.66455787457215
2026-06-07 06:45:00,105.66,112.20977670026522
2026-06-07 07:00:00,80.0,104.76460199777708
2026-06-07 07:15:00,65.01,82.67147447329793
2026-06-07 07:30:00,42.49,69.6725302510635
2026-06-07 07:45:00,30.0,49.889991725231646
2026-06-07 08:00:00,18.77,37.484652532877035
2026-06-07 08:15:00,10.0,28.20473185146993
2026-06-07 08:30:00,20.0,20.839463529880536
2026-06-07 08:45:00,10.0,29.032856793735757
2026-06-07 09:00:00,17.0,20.160740745856383
2026-06-07 09:15:00,15.0,25.783260386152822
2026-06-07 09:30:00,15.25,23.424349135889265
2026-06-07 09:45:00,15.0,22.899783169058725
2026-06-07 10:00:00,10.55,22.843994817513547
2026-06-07 10:15:00,10.0,19.173754043284486
2026-06-07 11:30:00,6.39,17.159633657829815
2026-06-07 11:45:00,9.99,14.633663522674901
2026-06-07 12:00:00,0.0,17.969056106510738
2026-06-07 12:15:00,0.02,8.752474807839992
2026-06-07 12:30:00,6.38,8.962467740398413
2026-06-07 13:00:00,10.0,15.435781740093955
2026-06-07 13:15:00,14.0,18.69539589016241
2026-06-07 13:30:00,10.0,21.852529368987085
2026-06-07 14:00:00,20.0,18.624844455976657
2026-06-07 14:15:00,25.0,28.134608829007743
2026-06-07 14:30:00,45.05,32.92279689697775
2026-06-07 14:45:00,73.0,49.392348966218805
2026-06-07 15:00:00,100.18,78.40424570255189
2026-06-07 15:15:00,113.0,102.58447637571238
2026-06-07 15:30:00,129.9,112.54522089113892
2026-06-07 15:45:00,152.71,127.22396942930388
2026-06-07 16:00:00,122.39,146.8997494436085
2026-06-07 16:15:00,129.9,120.88878443401303
2026-06-07 16:30:00,160.91,126.69690339027812
2026-06-07 16:45:00,177.58,153.75709852564822
2026-06-07 17:00:00,160.91,169.98154292082958
2026-06-07 17:15:00,172.19,156.31489540397618
2026-06-07 17:30:00,177.58,165.48894753002386
2026-06-07 17:45:00,173.88,170.33987757266223
2026-06-07 18:00:00,172.19,168.41090974902397
2026-06-07 18:15:00,160.91,167.1049856049614
2026-06-07 18:30:00,162.75,158.68931227591526
2026-06-07 18:45:00,172.04,160.75598009579608
2026-06-07 19:00:00,159.33,165.8780881979682
2026-06-07 19:15:00,167.0,155.6299936328755
2026-06-07 19:30:00,164.0,162.26509308564425
2026-06-07 19:45:00,159.08,159.69555323939903
2026-06-07 20:00:00,154.37,156.75690193884637
2026-06-07 20:15:00,153.54,152.51542516708267
2026-06-07 20:30:00,137.0,151.2765819720226
2026-06-07 21:00:00,142.64,136.95490839799047
2026-06-07 21:15:00,136.95,141.27478458532062
2026-06-07 21:30:00,136.0,134.88769468516054
2026-06-07 21:45:00,122.28,134.9523158178992
2026-06-07 22:00:00,147.7,123.31474528533279
2026-06-07 22:15:00,140.75,145.20712471232355
2026-06-07 22:30:00,140.03,138.26440893726112
2026-06-07 22:45:00,131.86,139.34762244203964
2026-06-07 23:15:00,131.0,131.0279881921975
2026-06-07 23:30:00,130.17,129.44803049748094
2026-06-07 23:45:00,127.37,127.74399633657399
2026-06-08 00:00:00,131.86,126.34642676427653
2026-06-08 00:15:00,130.1,130.2362002837252
2026-06-08 00:30:00,131.86,127.8668482570626
2026-06-08 00:45:00,130.1,129.24323428101394
2026-06-08 01:00:00,147.7,128.3546893628867
2026-06-08 01:15:00,150.0,143.3857467862883
2026-06-08 01:30:00,147.7,145.04877261987417
2026-06-08 02:30:00,149.6,143.2750487217851
2026-06-08 02:45:00,155.0,144.7709521358558
2026-06-08 03:00:00,154.37,149.33166546143394
2026-06-08 03:15:00,151.37,148.7259309818372
2026-06-08 03:30:00,150.0,146.16214577687157
2026-06-08 03:45:00,156.26,145.35590272347395
2026-06-08 04:00:00,167.32,151.16247515085007
2026-06-08 04:15:00,175.64,159.90788335799104
2026-06-08 04:30:00,178.63,166.71094505834003
2026-06-08 04:45:00,178.41,168.5950366259167
2026-06-08 05:00:00,158.91,169.84898746593439
2026-06-08 05:15:00,175.64,152.79264834649103
2026-06-08 06:00:00,168.24,169.07080330696766
2026-06-08 06:15:00,165.5,162.28829318424363
2026-06-08 06:30:00,156.26,160.01012345181667
2026-06-08 06:45:00,150.0,151.14515955224041
2026-06-08 07:00:00,156.26,144.56591551790305
2026-06-08 07:30:00,147.7,149.37356299489616
2026-06-08 07:45:00,131.86,142.77971830241066
2026-06-08 08:15:00,146.31,125.47612107552688
2026-06-08 08:30:00,140.8,138.2768112853273
2026-06-08 08:45:00,117.91,133.31151358732458
2026-06-08 09:00:00,131.86,114.04220283900644
2026-06-08 09:15:00,144.39,125.56104777879939
2026-06-08 09:30:00,131.86,136.71169043144755
2026-06-08 10:00:00,105.25,125.33861430881099
2026-06-08 10:15:00,90.1,102.04795498688958
2026-06-08 10:30:00,89.0,89.15273496716388
2026-06-08 10:45:00,80.0,88.56534278797236
2026-06-08 11:00:00,76.7,82.71563153377465
2026-06-08 11:15:00,77.5,81.01650742346804
2026-06-08 11:30:00,80.0,82.7703851380661
2026-06-08 11:45:00,69.0,85.86322318718003
2026-06-08 12:00:00,70.63,77.30367270238354
2026-06-08 12:15:00,80.0,79.29897133220143
2026-06-08 12:30:00,84.06,87.05820065524134
2026-06-08 12:45:00,95.0,91.61102995171713
2026-06-08 13:00:00,102.12,100.95588011842271
2026-06-08 13:15:00,111.87,107.21632720382684
2026-06-08 13:45:00,114.54,116.09834959672796
2026-06-08 14:00:00,131.86,118.49921487225816
2026-06-08 14:30:00,128.44,134.17958341426117
2026-06-08 14:45:00,128.24,131.49547066123156
2026-06-08 15:00:00,131.86,136.6682450662114
2026-06-08 15:30:00,140.58,140.16965111780922
2026-06-08 15:45:00,152.99,148.7994487620311
2026-06-08 16:00:00,136.47,160.0992141129619
2026-06-08 16:15:00,155.0,146.2096120257728
2026-06-08 16:30:00,160.44,162.1337549247969
2026-06-08 16:45:00,177.03,166.88894261528
2026-06-08 17:00:00,160.91,182.50181431831905
2026-06-08 17:15:00,175.69,168.46635232543485
2026-06-08 17:30:00,183.35,181.31954468679234
2026-06-08 17:45:00,213.05,187.26881930775025
2026-06-08 18:00:00,183.27,209.09520251452682
2026-06-08 18:15:00,193.0,182.45925504354557
2026-06-08 18:30:00,203.67,190.56809830893158
2026-06-08 18:45:00,209.78,198.52239281003023
2026-06-08 19:00:00,201.4,199.4877736918428
2026-06-08 19:15:00,190.46,193.37484562780716
2026-06-08 19:45:00,171.04,183.44591646128765
2026-06-08 20:00:00,204.37,165.5416673013368
2026-06-08 20:15:00,193.0,193.66918420061796
2026-06-08 20:30:00,181.41,185.00399365149488
2026-06-08 20:45:00,156.26,175.25685658071384
2026-06-08 21:30:00,147.7,152.49212863926618
2026-06-08 21:45:00,139.78,145.65210412321116
2026-06-08 22:00:00,159.27,138.9871161178212
2026-06-08 22:15:00,177.04,156.8534061053994
2026-06-08 22:30:00,155.58,172.27679732530382
2026-06-08 22:45:00,152.97,153.72710029512768
2026-06-08 23:30:00,150.99,151.16244370838012
2026-06-08 23:45:00,147.7,148.44844060812505
2026-06-09 01:00:00,131.86,146.19649715843377
2026-06-09 02:45:00,131.9,132.75780178014716
2026-06-09 03:00:00,131.86,133.1069496208074
2026-06-09 03:45:00,138.05,133.0015000282841
2026-06-09 04:00:00,135.98,139.44498102710165
2026-06-09 04:15:00,147.7,137.15251488010057
2026-06-09 04:30:00,149.96,147.24479077441444
2026-06-09 04:45:00,152.97,148.78570546875184
2026-06-09 05:00:00,153.0,152.67963539892332
2026-06-09 05:15:00,155.58,150.76922570248908
2026-06-09 05:45:00,154.64,152.23891758940496
2026-06-09 06:00:00,155.58,154.60416569049903
2026-06-09 06:15:00,152.97,155.22035633585696
2026-06-09 06:30:00,150.0,152.4773167376765
2026-06-09 06:45:00,147.7,149.7099195061138
2026-06-09 07:00:00,152.97,147.3555465454303
2026-06-09 07:15:00,145.0,151.2600804956377
2026-06-09 07:30:00,131.86,144.1436620832449
2026-06-09 07:45:00,130.3,132.42022305509914
2026-06-09 08:00:00,131.86,128.6799852699894
2026-06-09 08:15:00,140.92,129.10964993152686
2026-06-09 08:30:00,131.27,136.75999123983573
2026-06-09 08:45:00,116.35,128.21651886162033
2026-06-09 09:00:00,127.82,114.95253347614617
2026-06-09 09:15:00,131.86,123.94046172515863
2026-06-09 09:45:00,128.86,127.21188983092122
2026-06-09 10:00:00,131.86,125.05706803577279
2026-06-09 10:15:00,125.46,127.20597571555145
2026-06-09 10:30:00,119.35,121.23728981771161
2026-06-09 10:45:00,110.0,115.49891781203006
2026-06-09 11:00:00,108.93,106.94345464244857
2026-06-09 11:15:00,119.06,106.03925247659663
2026-06-09 11:30:00,120.0,114.84890581301855
2026-06-09 11:45:00,127.0,116.66758376959422
2026-06-09 12:00:00,118.76,121.98521857146082
2026-06-09 12:15:00,128.01,115.1207380112563
2026-06-09 12:30:00,123.7,123.25285731785414
2026-06-09 12:45:00,131.86,119.88269042583914
2026-06-09 13:45:00,140.0,128.58356304164943
2026-06-09 14:00:00,144.0,135.32233291626338
2026-06-09 14:15:00,147.7,139.6192535495658
2026-06-09 14:30:00,148.09,143.54716787075222
2026-06-09 14:45:00,152.97,143.3286952738452
2026-06-09 15:00:00,147.15,152.78318165291523
2026-06-09 15:15:00,147.7,149.15089146730875
2026-06-09 15:30:00,149.9,149.46390927341915
2026-06-09 15:45:00,152.97,151.19402504180613
2026-06-09 16:00:00,147.7,154.98199033464562
2026-06-09 16:15:00,152.69,152.18574012000425
2026-06-09 16:30:00,155.58,157.58061548925846
2026-06-09 16:45:00,161.53,160.5803722800099
2026-06-09 17:00:00,159.13,166.78540798654922
2026-06-09 17:15:00,171.11,165.3200936352952
2026-06-09 17:30:00,174.78,176.08854127398928
2026-06-09 17:45:00,200.0,179.51269369318237
2026-06-09 18:00:00,189.0,198.4995827863013
2026-06-09 18:15:00,191.75,188.89404370561235
2026-06-09 18:30:00,200.0,191.09927464655087
2026-06-09 19:15:00,190.46,193.22183992617607
2026-06-09 19:45:00,175.53,185.04206382048343
2026-06-09 20:00:00,190.46,172.11814010879152
2026-06-09 20:15:00,189.56,184.34983587138373
2026-06-09 20:30:00,165.57,183.83046901782924
2026-06-09 20:45:00,152.97,163.0682541965994
2026-06-09 21:00:00,190.46,151.99196248611813
2026-06-09 21:15:00,165.0,184.18878879039406
2026-06-09 21:30:00,152.97,163.15516408995157
2026-06-09 22:00:00,158.2,152.74724137725764
2026-06-09 23:00:00,151.79,155.2196643114104
2026-06-09 23:15:00,145.03,151.29470382247092
2026-06-09 23:30:00,158.2,145.15743485793374
2026-06-09 23:45:00,143.5,156.04333772745736
2026-06-10 00:00:00,155.0,142.81150710851057
2026-06-10 00:15:00,155.6,153.58697592381165
2026-06-10 00:30:00,152.0,153.1640043649178
2026-06-10 00:45:00,155.0,150.23785690526555
2026-06-10 01:00:00,143.21,150.91800366001402
2026-06-10 01:15:00,145.0,141.99564567235348
2026-06-10 01:30:00,139.5,143.27764227549807
2026-06-10 02:00:00,134.54,137.94122114425707
2026-06-10 02:30:00,133.21,133.59040912346077
2026-06-10 02:45:00,134.54,132.60342220393485
2026-06-10 03:00:00,130.88,134.2717773920217
2026-06-10 03:15:00,129.0,132.11941402819065
2026-06-10 03:45:00,136.31,128.9251807529737
2026-06-10 04:00:00,138.98,135.51777466943724
2026-06-10 04:15:00,143.83,138.21476900141198
2026-06-10 04:30:00,155.0,143.2398836446124
2026-06-10 04:45:00,158.2,152.72489142185427
2026-06-10 05:30:00,158.43,155.61972359218205
2026-06-10 05:45:00,158.2,154.4450698706922
2026-06-10 06:00:00,160.66,156.53360362373706
2026-06-10 06:15:00,158.43,159.00837457175533
2026-06-10 06:30:00,158.2,156.77714353944668
2026-06-10 07:00:00,160.66,155.6579584221568
2026-06-10 07:15:00,158.43,157.4249117580437
2026-06-10 07:30:00,158.2,155.7368888158411
2026-06-10 07:45:00,157.0,155.05733144976708
2026-06-10 08:00:00,158.2,151.57893843599007
2026-06-10 08:15:00,153.45,152.11988429531064
2026-06-10 08:30:00,137.81,147.79634886913254
2026-06-10 08:45:00,134.54,133.5656553624528
2026-06-10 09:00:00,144.0,130.323881450602
2026-06-10 09:30:00,134.54,137.80124800481073
2026-06-10 09:45:00,131.72,129.8627979279796
2026-06-10 10:00:00,136.66,127.15273165307848
2026-06-10 10:15:00,134.54,130.98948469051822
2026-06-10 10:30:00,127.72,129.26494070867082
2026-06-10 10:45:00,121.48,123.45767558551742
2026-06-10 11:00:00,121.0,117.95263752694112
2026-06-10 11:15:00,129.13,117.68432123075294
2026-06-10 11:30:00,133.88,124.5748270279353
2026-06-10 11:45:00,136.39,129.13877030792247
2026-06-10 12:00:00,134.54,131.90414483816755
2026-06-10 12:15:00,133.9,130.53019281008136
2026-06-10 12:30:00,134.54,130.19099039908974
2026-06-10 13:00:00,123.86,131.1395057941869
2026-06-10 13:15:00,127.46,122.57300556055878
2026-06-10 13:30:00,134.54,126.3937837999332
2026-06-10 14:15:00,152.0,132.55177247575506
2026-06-10 14:30:00,148.59,148.06280703489193
2026-06-10 14:45:00,145.97,145.55591301965674
2026-06-10 15:00:00,134.54,148.2332210632312
2026-06-10 15:30:00,147.72,139.34755217741426
2026-06-10 15:45:00,160.66,151.54068016475696
2026-06-10 16:00:00,137.45,163.86494197365639
2026-06-10 16:15:00,154.1,144.80095970559267
2026-06-10 16:30:00,158.2,158.57387320821726
2026-06-10 16:45:00,160.66,162.04681652484157
2026-06-10 17:00:00,158.2,165.1452464406141
2026-06-10 17:15:00,160.86,163.3640173527585
2026-06-10 17:30:00,171.0,165.69813948995807
2026-06-10 17:45:00,178.98,174.94474210719923
2026-06-10 18:00:00,168.0,178.52609265517933
2026-06-10 18:15:00,174.17,168.9672687083609
2026-06-10 18:30:00,189.1,173.9915971316548
2026-06-10 18:45:00,188.73,186.93715901403522
2026-06-10 19:00:00,190.46,182.6040291951487
2026-06-10 19:15:00,170.46,183.8060908501851
2026-06-10 19:30:00,168.36,166.59963115836558
2026-06-10 19:45:00,163.14,164.86945703185683
2026-06-10 20:00:00,165.17,160.39372139834586
2026-06-10 20:15:00,158.43,162.57049281760456
2026-06-10 20:30:00,158.2,156.92319019936306
2026-06-10 20:45:00,139.0,156.82464517071375
2026-06-10 21:00:00,158.2,140.22235682222365
2026-06-10 21:15:00,144.0,156.40524907067453
2026-06-10 21:30:00,140.17,144.4327387657056
2026-06-10 21:45:00,134.54,141.1469800846845
2026-06-10 22:00:00,132.15,135.26129687903511
2026-06-10 23:15:00,129.21,132.10565011718444
2026-06-10 23:30:00,132.15,130.04742546371847
2026-06-11 00:00:00,129.08,132.47807524637236
2026-06-11 00:15:00,132.04,129.53709337405272
2026-06-11 00:30:00,129.08,132.17368624971397
2026-06-11 00:45:00,130.2,130.1680439936707
2026-06-11 01:00:00,130.75,130.66769532394562
2026-06-11 01:15:00,131.18,130.98240221604163
2026-06-11 01:30:00,131.16,132.34110558411928
2026-06-11 01:45:00,127.31,132.85333054799256
2026-06-11 02:15:00,132.15,128.0379664779311
2026-06-11 03:00:00,134.64,133.07381597209354
2026-06-11 03:15:00,132.15,135.70328513427873
2026-06-11 04:00:00,151.0,133.60449334204432
2026-06-11 04:15:00,157.8,149.68346201710676
2026-06-11 04:45:00,161.5,155.24161973221166
2026-06-11 05:00:00,157.8,158.6655850532957
2026-06-11 05:30:00,158.5,154.71069627117123
2026-06-11 05:45:00,161.5,154.1966127811738
2026-06-11 06:00:00,161.16,159.98794047120847
2026-06-11 06:15:00,161.5,159.40892813874953
2026-06-11 06:30:00,157.8,158.95961411899313
2026-06-11 06:45:00,153.0,155.64401024379848
2026-06-11 07:00:00,149.0,151.03546821571842
2026-06-11 07:15:00,148.08,147.24713113758412
2026-06-11 07:30:00,130.2,146.1650324657125
2026-06-11 08:00:00,132.15,128.19664311960727
2026-06-11 08:30:00,125.38,129.02415149584988
2026-06-11 08:45:00,123.52,122.97014867931996
2026-06-11 09:00:00,115.82,121.56632148787092
2026-06-11 09:15:00,121.09,114.62648249106846
2026-06-11 09:30:00,112.16,119.16813892058961
2026-06-11 09:45:00,110.34,111.29941332620355
2026-06-11 10:00:00,100.0,109.44429169666151
2026-06-11 10:15:00,72.5,100.16784201319054
2026-06-11 10:30:00,65.53,76.73000838692239
2026-06-11 10:45:00,60.0,70.65503032821228
2026-06-11 11:00:00,64.36,66.00448664783126
2026-06-11 11:15:00,60.0,71.70686050149146
2026-06-11 11:30:00,61.0,69.17426837301029
2026-06-11 12:15:00,64.3,71.86494686749135
2026-06-11 12:30:00,70.0,74.24917365226544
2026-06-11 12:45:00,66.2,78.85251969077822
2026-06-11 13:00:00,71.0,75.29351879689683
2026-06-11 13:15:00,72.8,78.62583166711676
2026-06-11 13:30:00,90.0,79.54868717108891
2026-06-11 14:00:00,101.98,93.9358860700341
2026-06-11 14:15:00,110.8,104.45345368566582
2026-06-11 14:30:00,112.96,111.83797297200111
2026-06-11 14:45:00,119.97,113.83410365457759
2026-06-11 15:00:00,112.96,124.66794093564957
2026-06-11 15:30:00,123.65,119.2484549389589
2026-06-11 15:45:00,132.15,128.98411454277144
2026-06-11 16:00:00,130.86,136.96354434844784
2026-06-11 16:15:00,127.2,136.7955072443435
2026-06-11 16:30:00,132.15,133.84647213782185
2026-06-11 16:45:00,157.8,137.8931904511064
2026-06-11 17:00:00,156.95,160.23594658683933
2026-06-11 17:15:00,159.81,159.93201977766253
2026-06-11 17:30:00,161.5,162.73925465159292
2026-06-11 17:45:00,174.0,163.96911883233867
2026-06-11 18:00:00,164.05,171.5258358317285
2026-06-11 18:15:00,167.3,163.77256038226776
2026-06-11 18:30:00,174.0,166.74694156250646
2026-06-11 18:45:00,172.13,172.16924426661498
2026-06-11 19:00:00,168.86,165.92174748136668
2026-06-11 19:15:00,164.08,163.1032530605873
2026-06-11 19:30:00,160.95,158.84317879135762
2026-06-11 19:45:00,158.84,156.85704901535905
2026-06-11 20:00:00,157.84,154.58843427986412
2026-06-11 20:15:00,153.46,153.26274336985114
2026-06-11 20:30:00,151.8,150.60803940863545
2026-06-11 20:45:00,132.15,148.55026181854748
2026-06-11 21:00:00,151.0,131.45963498258843
2026-06-11 21:15:00,132.15,147.37032052909407
2026-06-11 21:45:00,126.31,131.26409694027816
2026-06-11 22:00:00,144.59,126.44761357721802
2026-06-11 22:15:00,155.03,140.96916185559346
2026-06-11 22:30:00,132.49,150.15170596065954
2026-06-11 23:30:00,131.1,131.61707309082465
2026-06-12 00:30:00,130.35,129.4626826241281
2026-06-12 00:45:00,127.85,127.68051746893627
2026-06-12 01:00:00,131.67,126.33650044080558
2026-06-12 01:15:00,131.1,129.59891770146538
2026-06-12 01:30:00,129.78,129.91594580124183
2026-06-12 01:45:00,127.85,128.88970531392084
2026-06-12 02:00:00,130.26,127.28146648155243
2026-06-12 02:15:00,127.85,129.22666420907046
2026-06-12 02:30:00,130.81,127.42426943708817
2026-06-12 02:45:00,131.48,129.72463476406313
2026-06-12 03:00:00,132.49,131.12599636987804
2026-06-12 03:15:00,131.1,131.2083755340639
2026-06-12 03:30:00,127.85,130.53746784491562
2026-06-12 03:45:00,131.75,127.58436412844128
2026-06-12 04:00:00,131.6,131.20100659412708
2026-06-12 04:15:00,135.7,131.10850467021135
2026-06-12 04:30:00,137.8,134.66959705287127
2026-06-12 04:45:00,148.87,135.96403238029816
2026-06-12 05:00:00,140.0,146.27253318694423
2026-06-12 05:15:00,145.54,137.9973190048445
2026-06-12 05:30:00,141.97,142.43960249074485
2026-06-12 05:45:00,132.49,138.51944986325094
2026-06-12 06:00:00,174.8,133.968259969267
2026-06-12 06:15:00,162.08,169.5940145893212
2026-06-12 06:30:00,155.0,158.4061702615892
2026-06-12 06:45:00,132.49,152.3507579996689
2026-06-12 07:00:00,175.84,131.1533937313025
2026-06-12 07:15:00,162.08,168.0773421194782
2026-06-12 07:30:00,141.89,156.15126022066056
2026-06-12 07:45:00,132.49,138.31096760407183
2026-06-12 08:30:00,131.75,125.45673018938056
2026-06-12 08:45:00,131.6,124.64921308676529
2026-06-12 09:00:00,132.49,124.88503461629288
2026-06-12 09:45:00,122.93,124.94443783429914
2026-06-12 10:00:00,93.52,116.32060453783292
2026-06-12 10:15:00,88.79,90.9284885964719
2026-06-12 10:30:00,91.29,86.49283412680494
2026-06-12 10:45:00,89.31,88.89182949076596
2026-06-12 11:00:00,81.0,88.1716674124439
2026-06-12 11:15:00,81.19,81.21937892198251
2026-06-12 11:30:00,80.0,81.20531582796197
2026-06-12 11:45:00,74.59,80.97875765505984
2026-06-12 12:00:00,72.3,76.4393749164018
2026-06-12 12:15:00,71.66,74.76298379503294
2026-06-12 12:30:00,72.44,74.35110012049205
2026-06-12 12:45:00,80.0,75.65258034593738
2026-06-12 13:00:00,60.79,81.97611581298054
2026-06-12 13:15:00,59.34,66.11356033108386
2026-06-12 13:30:00,67.08,65.11535906030713
2026-06-12 13:45:00,72.33,72.16457582530519
2026-06-12 14:00:00,62.52,78.71927054614436
2026-06-12 14:15:00,74.45,71.13508006732982
2026-06-12 14:30:00,84.24,81.88052239956534
2026-06-12 14:45:00,100.84,90.44308146916073
2026-06-12 15:00:00,70.8,110.5268125325471
2026-06-12 15:15:00,86.65,84.88186824858472
2026-06-12 15:30:00,97.0,98.56838837238539
2026-06-12 15:45:00,112.36,107.12197250718593
2026-06-12 16:00:00,103.04,121.89532585471508
2026-06-12 16:15:00,113.87,114.00585225010137
2026-06-12 16:30:00,132.49,123.53863794015476
2026-06-12 16:45:00,155.03,138.91090332118478
2026-06-12 17:00:00,132.49,158.7239415700442
2026-06-12 17:15:00,139.81,139.3924220012684
2026-06-12 17:30:00,154.5,145.51519812743126
2026-06-12 17:45:00,162.08,157.59883710158232
2026-06-12 18:00:00,156.94,162.20974674320206
2026-06-12 18:15:00,162.44,157.5722755859381
2026-06-12 18:30:00,164.7,161.87255963339823
2026-06-12 18:45:00,165.45,164.13205731635253
2026-06-12 19:00:00,173.98,160.76382112166078
2026-06-12 19:15:00,162.08,167.70683225413723
2026-06-12 19:30:00,155.72,156.3788030914526
2026-06-12 19:45:00,156.32,150.88574638280468
2026-06-12 20:00:00,165.08,150.8736758900024
2026-06-12 20:15:00,161.61,158.7943673410814
2026-06-12 20:30:00,155.03,155.38843720830752
2026-06-12 21:00:00,155.35,149.9439506759366
2026-06-12 21:15:00,145.0,149.52035623024224
2026-06-12 21:30:00,138.88,140.52128907685406
2026-06-12 21:45:00,135.0,135.37902644603054
2026-06-12 22:00:00,150.0,132.99581350225694
2026-06-12 22:15:00,158.0,146.24818603479687
2026-06-12 22:30:00,149.0,153.32650192260778
2026-06-12 22:45:00,146.71,145.76801699501777
2026-06-12 23:15:00,132.49,143.30727235333606
2026-06-12 23:30:00,122.66,130.96175186557394
2026-06-13 00:15:00,131.4,122.6264859953567
2026-06-13 00:30:00,130.35,131.06771184422604
2026-06-13 00:45:00,135.99,129.6292330055754
2026-06-13 01:00:00,132.56,135.6411467173717
2026-06-13 01:15:00,126.26,132.73119426581096
2026-06-13 01:30:00,128.6,126.63448191608062
2026-06-13 01:45:00,132.98,128.06052258380484
2026-06-13 02:00:00,122.66,132.89726393418607
2026-06-13 03:00:00,129.29,124.17705809633316
2026-06-13 03:15:00,122.66,129.75879231945757
2026-06-13 03:45:00,120.1,123.93297422223478
2026-06-13 04:00:00,122.66,121.92143880651965
2026-06-13 04:15:00,129.29,123.71856557394665
2026-06-13 04:30:00,122.66,129.50079547042375
2026-06-13 05:00:00,146.71,124.33997870772822
2026-06-13 05:15:00,135.81,144.34385780115838
2026-06-13 05:30:00,122.66,134.44363289822158
2026-06-13 05:45:00,115.22,122.77379285859006
2026-06-13 06:00:00,143.0,115.09396901311695
2026-06-13 06:15:00,122.66,138.656126021045
2026-06-13 06:30:00,63.4,121.18497508924808
2026-06-13 06:45:00,30.94,70.35337285118604
2026-06-13 07:00:00,124.95,41.034756469432175
2026-06-13 07:15:00,113.9,121.54663062044199
2026-06-13 07:30:00,78.17,113.25280853531358
2026-06-13 07:45:00,45.0,83.11665231816167
2026-06-13 08:00:00,40.0,48.8724834187967
2026-06-13 08:15:00,30.0,44.74040315174693
2026-06-13 08:30:00,18.99,36.471413319465114
2026-06-13 08:45:00,20.0,27.75667503460512
2026-06-13 09:00:00,13.2,28.87294352993045
2026-06-13 09:15:00,5.0,20.984062859372706
2026-06-13 09:45:00,28.0,14.074370738867964
2026-06-13 10:00:00,2.5,33.56421071654311
2026-06-13 10:15:00,1.0,12.635527290074686
2026-06-13 10:30:00,0.49,9.440549559994661
2026-06-13 10:45:00,5.0,8.571851654163646
2026-06-13 11:00:00,15.0,13.810816213912073
2026-06-13 11:15:00,18.99,22.7168050199479
2026-06-13 11:30:00,15.99,26.000191998108747
2026-06-13 11:45:00,18.99,23.224142172570588
2026-06-13 12:00:00,23.0,25.353410184532006
2026-06-13 12:15:00,13.0,29.12131690712423
2026-06-13 12:30:00,23.58,22.029157284420837
2026-06-13 12:45:00,30.0,31.235956105746993
2026-06-13 13:00:00,4.0,36.649471379018344
2026-06-13 13:15:00,5.0,15.164369885349803
2026-06-13 13:30:00,30.0,16.374534857751005
2026-06-13 13:45:00,32.52,37.937457970502464
2026-06-13 14:00:00,1.0,41.26218622942847
2026-06-13 14:15:00,5.0,14.928172610453567
2026-06-13 14:30:00,10.0,18.049220439346303
2026-06-13 14:45:00,24.0,22.623062195941245
2026-06-13 15:00:00,10.0,40.640901619280456
2026-06-13 15:15:00,28.88,28.724317858859944
2026-06-13 15:30:00,61.6,46.01389624331693
2026-06-13 15:45:00,99.52,74.1171287480797
2026-06-13 16:00:00,100.0,107.1673150116267
2026-06-13 16:15:00,109.77,107.32276175495112
2026-06-13 16:30:00,142.49,115.78047225024281
2026-06-13 16:45:00,155.72,142.68663358971077
2026-06-13 17:00:00,140.5,154.17173689543225
2026-06-13 17:15:00,147.17,140.6353174050411
2026-06-13 17:30:00,164.5,147.07633105733626
2026-06-13 17:45:00,162.58,161.1940919842945
2026-06-13 18:00:00,166.94,160.17276161274836
2026-06-13 18:15:00,150.87,163.48891064823513
2026-06-13 18:30:00,156.5,149.96973292379207
2026-06-13 18:45:00,169.37,154.72890130163606
2026-06-13 19:00:00,165.9,160.54255383932667
2026-06-13 19:15:00,163.66,157.23253303055776
2026-06-13 19:45:00,161.46,156.2245279985189
2026-06-13 20:00:00,156.09,153.7163222129741
2026-06-13 20:15:00,149.68,148.46242544017971
2026-06-13 20:30:00,149.08,142.676964178407
2026-06-13 20:45:00,146.71,142.39887396088014
2026-06-13 21:00:00,161.5,140.43385881619028
2026-06-13 21:15:00,156.0,153.32403414448632
2026-06-13 21:30:00,146.71,148.67086461974287
2026-06-13 22:00:00,144.49,139.90443446582424
2026-06-13 22:15:00,146.0,138.1216969789376
2026-06-13 22:30:00,148.92,139.80560287888756
2026-06-13 22:45:00,144.49,142.53442501384
2026-06-13 23:00:00,146.0,138.3751377272046
2026-06-13 23:15:00,144.49,139.61580253580513
2026-06-13 23:30:00,143.39,138.33552627828726
2026-06-13 23:45:00,142.25,137.44543945337062
2026-06-14 00:00:00,141.5,136.90551601811978
2026-06-14 00:15:00,129.83,136.49506497348435
2026-06-14 00:30:00,125.52,126.60756452611386
2026-06-14 00:45:00,123.55,122.34050193964072
2026-06-14 01:30:00,124.0,120.30927881591003
2026-06-14 01:45:00,123.55,121.24322781278752
2026-06-14 02:15:00,120.41,121.03463373786884
2026-06-14 02:30:00,123.55,118.9915453128938
2026-06-14 03:00:00,132.8,122.054458667156
2026-06-14 03:15:00,123.55,129.52789457873578
2026-06-14 03:45:00,120.1,121.76992410352632
2026-06-14 04:00:00,124.12,118.5375664484579
2026-06-14 04:15:00,132.39,121.62478060182241
2026-06-14 04:30:00,140.34,129.04911117553723
2026-06-14 04:45:00,123.55,135.66697715482567
2026-06-14 05:00:00,146.24,121.5957453388832
2026-06-14 05:15:00,136.31,140.7293250711662
2026-06-14 05:30:00,123.55,131.12833905383567
2026-06-14 05:45:00,114.3,120.45764892913047
2026-06-14 06:00:00,143.5,111.3982821132366
2026-06-14 06:15:00,123.55,136.2112506843081
2026-06-14 06:30:00,93.4,118.79675305024128
2026-06-14 06:45:00,123.55,93.04715633661544
2026-06-14 07:30:00,90.0,115.6373893690828
2026-06-14 07:45:00,54.99,87.63014172220554
2026-06-14 08:00:00,50.0,56.78466742911881
2026-06-14 08:15:00,30.99,51.43064070773992
2026-06-14 08:30:00,31.0,34.631555634654
2026-06-14 08:45:00,30.0,36.09000873458278
2026-06-14 09:00:00,10.0,37.49521052247508
2026-06-14 10:15:00,5.0,20.989104316693542
2026-06-14 10:30:00,3.6,12.463013619518154
2026-06-14 10:45:00,10.0,11.317660667980348
2026-06-14 11:15:00,5.0,18.54864010146823
2026-06-14 11:30:00,2.5,15.764160616003645
2026-06-14 11:45:00,2.49,13.837000592223893
2026-06-14 12:00:00,2.5,14.043094554465526
2026-06-14 12:30:00,3.34,15.013746046993722
2026-06-14 12:45:00,4.02,15.91866206206423
2026-06-14 13:00:00,2.03,17.03726304254498
2026-06-14 13:15:00,1.49,16.020232835136472
2026-06-14 13:30:00,2.5,14.87268895734993
2026-06-14 14:00:00,0.0,17.473999774733084
2026-06-14 14:30:00,0.01,16.474897141862822
2026-06-14 14:45:00,1.0,16.885533684019066
2026-06-14 15:00:00,5.0,22.68080024273083
2026-06-14 15:15:00,20.0,26.310732289318686
2026-06-14 15:30:00,35.0,39.28884246021323
2026-06-14 15:45:00,94.93,52.6239825257437
2026-06-14 16:00:00,44.87,104.28052031394014
2026-06-14 16:15:00,108.74,61.331094864291096
2026-06-14 16:30:00,134.4,116.38200204032609
2026-06-14 16:45:00,144.49,136.67269180584933
2026-06-14 17:00:00,130.0,147.37137407291573
2026-06-14 17:15:00,147.67,134.77413127366088
2026-06-14 17:30:00,155.72,149.62508600929885
2026-06-14 17:45:00,150.94,155.82662517131743
2026-06-14 18:00:00,144.49,152.96978859646794
2026-06-14 18:15:00,144.78,148.68800407000856
2026-06-14 18:30:00,148.92,148.90609133800848
2026-06-14 19:00:00,144.49,148.6412061267688
2026-06-14 19:15:00,146.05,144.54343662209388
2026-06-14 19:30:00,144.55,146.593758809761
2026-06-14 19:45:00,144.4,144.60682987862432
2026-06-14 20:00:00,137.07,143.4948285405201
2026-06-14 20:15:00,133.35,135.51622380999726
2026-06-14 20:30:00,140.4,132.30283611642972
2026-06-14 20:45:00,141.0,137.91316679850027
2026-06-14 21:00:00,144.49,137.3076289305175
2026-06-14 21:30:00,126.71,139.7591738545571
2026-06-14 21:45:00,123.55,124.8962685361251
2026-06-14 22:00:00,125.77,122.57563615672218
2026-06-14 23:15:00,119.96,123.14571410497689
2026-06-14 23:45:00,107.55,118.53461291463744
2026-06-15 00:00:00,110.9,107.46910710596322
2026-06-15 00:15:00,112.65,110.83612374788494
2026-06-15 00:30:00,123.49,112.21032309140057
2026-06-15 00:45:00,123.48,121.21837800750554
2026-06-15 01:00:00,122.75,121.059522313472
2026-06-15 01:15:00,125.77,120.39500218602272
2026-06-15 01:30:00,119.96,122.74716218113585
2026-06-15 02:00:00,118.55,117.98916393683389
2026-06-15 02:15:00,119.96,117.09830619464788
2026-06-15 02:30:00,125.77,118.37609924561627
2026-06-15 03:00:00,122.75,123.51523515271873
2026-06-15 03:15:00,125.71,120.32136120590509
2026-06-15 03:30:00,125.77,122.97184741629879
2026-06-15 04:00:00,132.89,123.34283063109008
2026-06-15 04:15:00,148.84,129.19130188593658
2026-06-15 05:30:00,157.03,142.0863291427273
2026-06-15 05:45:00,149.15,148.64902435246012
2026-06-15 06:00:00,151.69,145.2898871622671
2026-06-15 06:15:00,157.05,146.29402907712392
2026-06-15 06:30:00,155.1,150.20896146219619
2026-06-15 06:45:00,148.84,148.50870549240278
2026-06-15 07:00:00,157.05,142.7121973897716
2026-06-15 07:15:00,155.0,149.10419397699167
2026-06-15 07:30:00,144.0,147.56849254109986
2026-06-15 07:45:00,132.0,138.2237550222168
2026-06-15 08:00:00,139.35,125.52086446369069
2026-06-15 08:15:00,125.77,131.45608575285513
2026-06-15 08:45:00,107.22,119.5198421276424
2026-06-15 09:00:00,107.44,103.85629964033053
2026-06-15 09:15:00,106.66,103.43853617747948
2026-06-15 09:30:00,97.44,102.47068031458724
2026-06-15 09:45:00,76.0,95.24587476556144
2026-06-15 10:00:00,69.5,76.9160538696475
2026-06-15 10:15:00,61.0,70.98146310793342
2026-06-15 10:30:00,60.0,63.406657069502494
2026-06-15 11:00:00,69.92,62.270852032401606
2026-06-15 11:15:00,86.93,71.44118566597282
2026-06-15 11:30:00,103.68,85.20076337648898
2026-06-15 12:00:00,110.83,99.82347359836011
2026-06-15 12:15:00,114.72,106.35411397538948
2026-06-15 12:30:00,118.0,109.7466780096678
2026-06-15 12:45:00,124.0,111.15922923771966
2026-06-15 13:00:00,125.0,117.092816802426
2026-06-15 13:15:00,125.77,119.61584035627685
2026-06-15 13:45:00,130.0,120.27992516109911
2026-06-15 14:00:00,125.77,125.64148141354384
2026-06-15 14:15:00,130.0,123.84651878627415
2026-06-15 14:30:00,136.99,127.95822845368092
2026-06-15 14:45:00,148.84,134.93055817763008
2026-06-15 15:00:00,125.77,150.32402056696
2026-06-15 15:15:00,130.0,131.2926011940155
2026-06-15 15:30:00,148.84,136.22410243061591
2026-06-15 15:45:00,155.39,152.79519940869582
2026-06-15 16:00:00,132.88,159.90177563423808
2026-06-15 16:15:00,142.51,140.7392538872255
2026-06-15 16:30:00,149.0,149.17679891277663
2026-06-15 16:45:00,157.05,155.16650172460487
2026-06-15 17:00:00,148.84,163.41138424572114
2026-06-15 17:15:00,152.34,156.42275375773332
2026-06-15 17:30:00,158.26,159.52645189638437
2026-06-15 17:45:00,172.99,164.79158330409078
2026-06-15 18:00:00,157.05,174.4154088296892
2026-06-15 18:15:00,162.48,161.209354612732
2026-06-15 18:30:00,165.77,166.07418637172927
2026-06-15 18:45:00,171.87,169.0024413713783
2026-06-15 19:00:00,162.78,170.49268808804823
2026-06-15 19:15:00,160.0,162.63692292073824
2026-06-15 19:30:00,165.21,160.12028121436114
2026-06-15 19:45:00,152.64,163.85173417333576
2026-06-15 20:00:00,162.7,152.91645205797153
2026-06-15 20:15:00,155.89,159.0114641442201
2026-06-15 20:30:00,155.08,155.22632172067142
2026-06-15 20:45:00,148.84,152.25051030441833
2026-06-15 21:00:00,156.57,145.57300103760124
2026-06-15 21:15:00,148.84,151.9616520010452
2026-06-15 21:30:00,140.0,145.9209076127448
2026-06-15 21:45:00,127.89,137.81380319365383
2026-06-15 22:00:00,136.21,126.5891555936934
2026-06-15 22:15:00,136.0,134.2022189383364
2026-06-15 22:45:00,135.26,134.640171730959
2026-06-15 23:00:00,125.66,134.53397283392698
2026-06-16 01:00:00,122.26,126.14499598709037
2026-06-16 01:15:00,121.6,123.53033956575914
2026-06-16 01:30:00,123.47,123.06214770776742
2026-06-16 01:45:00,123.45,124.80559945315967
2026-06-16 02:00:00,121.6,124.98391713466285
2026-06-16 03:30:00,122.96,123.83142779814676
2026-06-16 03:45:00,122.08,125.13613311120237
2026-06-16 04:00:00,133.39,123.94302570963124
2026-06-16 04:15:00,145.1,133.43770355534923
2026-06-16 04:30:00,147.2,143.0296746666047
2026-06-16 04:45:00,144.0,145.33005167359696
2026-06-16 05:00:00,138.99,143.02277442310063
2026-06-16 05:15:00,133.31,137.74471268242732
2026-06-16 05:30:00,137.03,132.61496189277253
2026-06-16 05:45:00,125.66,136.0344579548368
2026-06-16 06:00:00,145.1,129.55007805974657
2026-06-16 06:15:00,137.05,145.85991122342918
2026-06-16 06:30:00,135.0,137.8960108457121
2026-06-16 06:45:00,125.66,135.96940775089553
2026-06-16 07:00:00,146.5,126.91463363632612
2026-06-16 07:15:00,138.2,144.3933949467645
2026-06-16 07:30:00,125.66,137.03075811930037
2026-06-16 07:45:00,125.0,126.21781244603112
2026-06-16 08:00:00,139.85,122.536462124287
2026-06-16 08:15:00,125.66,134.85582323284657
2026-06-16 08:45:00,119.53,122.34100228556068
2026-06-16 09:00:00,125.66,116.79743112549806
2026-06-16 09:15:00,127.0,121.29325915926253
2026-06-16 09:30:00,125.66,122.33620000786154
2026-06-16 09:45:00,124.97,120.39438979722908
2026-06-16 10:00:00,115.76,119.02603383444009
2026-06-16 10:15:00,109.83,111.37089500941217
2026-06-16 10:30:00,108.97,106.14947234602572
2026-06-16 10:45:00,106.03,105.1631143361091
2026-06-16 11:00:00,110.68,102.96490085967015
2026-06-16 11:15:00,111.5,107.4768599298932
2026-06-16 11:30:00,117.5,107.92239963027838
2026-06-16 11:45:00,120.32,113.42322755676304
2026-06-16 12:00:00,125.66,116.30301386850401
2026-06-16 12:15:00,129.25,121.851482036131
2026-06-16 12:30:00,125.66,124.96295726562637
2026-06-16 12:45:00,128.0,122.94364413160108
2026-06-16 13:00:00,105.33,126.15783574134522
2026-06-16 13:15:00,115.03,106.54731454785107
2026-06-16 13:30:00,125.66,114.89723281195519
2026-06-16 14:00:00,123.0,124.24711544689238
2026-06-16 14:15:00,118.65,124.22097373785488
2026-06-16 14:30:00,125.66,121.08285255657667
2026-06-16 15:00:00,125.11,132.97643715350492
2026-06-16 15:15:00,125.66,132.95070142244006
2026-06-16 15:30:00,128.94,133.31079864224432
2026-06-16 15:45:00,137.49,135.5941519003366
2026-06-16 16:00:00,124.0,142.5239563844641
2026-06-16 16:15:00,128.85,131.16732847772548
2026-06-16 16:30:00,135.51,135.50345743307074
2026-06-16 16:45:00,148.0,141.27698994512696
2026-06-16 17:00:00,147.2,152.74990421385243
2026-06-16 17:15:00,152.0,152.25714912722276
2026-06-16 17:30:00,157.14,156.46587493102996
2026-06-16 17:45:00,168.13,160.84974300357044
2026-06-16 18:00:00,163.92,167.21377515527007
2026-06-16 18:15:00,166.26,163.497871161741
2026-06-16 18:30:00,172.64,165.50060503756188
2026-06-16 18:45:00,180.06,170.56181622067788
2026-06-16 19:00:00,176.6,173.63577019352022
2026-06-16 19:15:00,172.56,170.3253122152541
2026-06-16 19:30:00,165.92,165.82392533987453
2026-06-16 19:45:00,163.0,159.6454580147524
2026-06-16 20:00:00,162.72,158.20914203648547
2026-06-16 20:15:00,155.1,157.64715004807093
2026-06-16 20:30:00,153.99,151.02261811402082
2026-06-16 20:45:00,147.2,149.7780225272767
2026-06-16 21:00:00,151.64,144.22026815764386
2026-06-16 21:15:00,147.2,148.06120799253208
2026-06-16 21:30:00,139.27,144.04072581451086
2026-06-16 21:45:00,133.0,136.77087588912465
2026-06-16 22:00:00,148.08,131.67552396272194
2026-06-16 22:15:00,145.5,144.48259992109166
2026-06-16 22:30:00,142.36,142.39351695280487
2026-06-16 22:45:00,135.06,139.5910342201674
2026-06-16 23:00:00,145.5,133.33736966404481
2026-06-16 23:15:00,140.0,142.38857058477942
2026-06-16 23:30:00,139.0,137.50398027681183
2026-06-16 23:45:00,131.37,137.37390565548418
2026-06-17 00:00:00,132.55,130.14217919074574
2026-06-17 00:15:00,129.22,131.61720010493846
2026-06-17 00:30:00,129.26,128.65387460448892
2026-06-17 00:45:00,129.36,129.249744652204
2026-06-17 01:00:00,128.93,128.9876174586789
2026-06-17 01:15:00,127.72,129.0969664715389
2026-06-17 01:30:00,129.15,128.27693675685902
2026-06-17 01:45:00,128.28,130.0799747168831
2026-06-17 02:00:00,126.52,129.0633240355225
2026-06-17 02:15:00,129.21,127.77208426878548
2026-06-17 02:30:00,129.18,129.8286967271654
2026-06-17 02:45:00,130.3,130.2819605581716
2026-06-17 03:00:00,134.53,131.54237740670555
2026-06-17 03:15:00,128.47,135.159561916984
2026-06-17 03:30:00,128.9,129.84942206921193
2026-06-17 03:45:00,132.0,130.11503350332853
2026-06-17 04:00:00,143.0,132.63671218703334
2026-06-17 04:15:00,148.03,142.22736813614662
2026-06-17 04:30:00,146.8,146.31552497187602
2026-06-17 04:45:00,149.3,144.44056190882682
2026-06-17 05:00:00,155.22,146.28789883253413
2026-06-17 05:45:00,152.76,149.6035405563963
2026-06-17 06:15:00,150.5,150.4401855122016
2026-06-17 06:30:00,145.5,148.3100744568627
2026-06-17 06:45:00,138.56,143.74612320367282
2026-06-17 07:00:00,129.89,137.1533803266898
2026-06-17 07:15:00,121.76,129.81337786074977
2026-06-17 07:45:00,111.15,121.24100561206856
2026-06-17 08:00:00,119.85,110.31749539832398
2026-06-17 08:15:00,112.83,117.59259216769827
2026-06-17 08:30:00,118.9,111.83077109730746
2026-06-17 08:45:00,111.56,116.05196519165449
2026-06-17 09:00:00,121.76,109.51157856931424
2026-06-17 09:15:00,125.0,118.71318125583291
2026-06-17 09:30:00,121.76,121.16023439213605
2026-06-17 09:45:00,120.0,117.74788666930817
2026-06-17 10:00:00,104.45,116.33274664218813
2026-06-17 10:15:00,111.48,103.09983490669347
2026-06-17 10:30:00,104.45,108.87160225031779
2026-06-17 10:45:00,103.52,102.74817779890624
2026-06-17 11:00:00,115.0,102.43681130996761
2026-06-17 11:15:00,104.29,112.0169209283373
2026-06-17 11:30:00,111.04,103.42135598815557
2026-06-17 11:45:00,112.37,109.44116515998287
2026-06-17 12:00:00,105.66,110.32369891901122
2026-06-17 12:15:00,110.86,105.47522318584771
2026-06-17 12:30:00,115.0,109.9103097779718
2026-06-17 12:45:00,119.86,113.85187503573745
2026-06-17 13:00:00,121.76,118.50407306439897
2026-06-17 13:30:00,126.16,121.3288801284878
2026-06-17 13:45:00,140.0,125.38215357571718
2026-06-17 14:00:00,130.0,137.58232917512166
2026-06-17 14:45:00,130.4,128.6302133864133
2026-06-17 15:00:00,121.76,133.34817568880587
2026-06-17 15:30:00,132.74,127.25959712479926
2026-06-17 15:45:00,136.26,136.97715197799707
2026-06-17 16:00:00,120.06,139.93163324359367
2026-06-17 16:15:00,128.07,126.92534718542008
2026-06-17 16:30:00,134.85,134.07083812901635
2026-06-17 16:45:00,147.24,139.97767733801197
2026-06-17 17:00:00,144.0,151.75224118419177
2026-06-17 17:15:00,145.5,149.170795932335
2026-06-17 17:30:00,152.76,150.60463382872933
2026-06-17 17:45:00,164.33,156.4686476071916
2026-06-17 18:00:00,154.59,163.8996544071851
2026-06-17 18:15:00,160.0,155.64319715624998
2026-06-17 18:30:00,176.7,160.17101394236536
2026-06-17 18:45:00,177.51,173.99790570061919
2026-06-17 19:00:00,176.6,170.7418023875655
2026-06-17 19:15:00,170.96,169.64948870524313
2026-06-17 19:30:00,161.49,164.10075308835974
2026-06-17 19:45:00,152.76,155.51552686668887
2026-06-17 20:00:00,171.0,148.19896633273524
2026-06-17 20:15:00,160.78,163.87067410754176
2026-06-17 20:30:00,154.54,155.1378069265503
2026-06-17 20:45:00,148.12,149.7153795823565
2026-06-17 21:00:00,152.77,143.72341712034626
2026-06-17 21:15:00,146.46,148.10958200499908
2026-06-17 21:30:00,139.55,143.0981640384705
2026-06-17 21:45:00,135.05,137.44346863491344
2026-06-17 22:00:00,145.13,133.1143132633993
2026-06-17 22:15:00,143.78,142.2517791291442
2026-06-17 22:45:00,132.26,141.2677095067193
2026-06-17 23:00:00,143.78,131.97666419480075
2026-06-17 23:15:00,139.0,141.18485166911512
2026-06-17 23:30:00,125.85,137.27221222676852
2026-06-17 23:45:00,131.37,126.69666070526539
2026-06-18 00:00:00,143.78,131.23925032003228
2026-06-18 00:15:00,140.0,141.2716307216892
2026-06-18 00:30:00,139.37,138.65386207519268
2026-06-18 00:45:00,132.26,138.0696106826395
2026-06-18 01:00:00,130.0,131.79332663041637
2026-06-18 01:15:00,134.24,129.46481449648692
2026-06-18 01:30:00,130.0,133.60826503016045
2026-06-18 01:45:00,128.25,130.0882366877625
2026-06-18 02:00:00,134.12,128.96610568884597
2026-06-18 02:15:00,132.0,133.8122870291736
2026-06-18 02:30:00,126.96,132.20262830902325
2026-06-18 02:45:00,127.32,127.86944111264023
2026-06-18 03:00:00,134.31,128.09094036732023
2026-06-18 03:15:00,130.5,133.98664198399845
2026-06-18 03:30:00,126.59,130.94557187240943
2026-06-18 03:45:00,129.0,127.4595347740946
2026-06-18 04:00:00,133.02,129.28577214187285
2026-06-18 04:15:00,143.78,132.7397984180275
2026-06-18 06:15:00,139.0,143.50286963696945
2026-06-18 06:30:00,130.5,138.89606341471574
2026-06-18 06:45:00,120.3,130.94673957276515
2026-06-18 07:00:00,138.18,121.23273160000726
2026-06-18 07:15:00,140.0,136.46953084004474
2026-06-18 07:30:00,132.26,137.84243945599314
2026-06-18 07:45:00,120.3,130.9333556934067
2026-06-18 08:00:00,143.78,117.30605194343507
2026-06-18 08:15:00,134.54,136.7769039055649
2026-06-18 08:30:00,121.78,128.78589987034292
2026-06-18 08:45:00,120.3,117.75495668655512
2026-06-18 10:00:00,115.89,114.1528475329543
2026-06-18 10:15:00,113.53,110.76793633185262
2026-06-18 10:30:00,102.3,109.21884232291686
2026-06-18 10:45:00,104.02,99.84721175644636
2026-06-18 11:00:00,108.08,101.7927503270521
2026-06-18 11:15:00,107.13,105.74953216421562
2026-06-18 11:30:00,108.1,105.70229630401074
2026-06-18 11:45:00,115.13,107.03071562053621
2026-06-18 12:00:00,120.06,112.66330705802201
2026-06-18 12:15:00,120.3,117.51734038422141
2026-06-18 12:30:00,119.81,117.7387413695521
2026-06-18 12:45:00,120.1,117.73560303458936
2026-06-18 13:00:00,120.3,117.71860511047079
2026-06-18 13:30:00,127.9,118.26487259174048
2026-06-18 13:45:00,135.54,125.21406333054195
2026-06-18 14:00:00,124.53,132.2545003117191
2026-06-18 14:15:00,138.55,123.67699755770799
2026-06-18 14:30:00,143.78,135.37414406379636
2026-06-18 15:15:00,150.0,145.69224221813855
2026-06-18 15:30:00,153.41,151.91224237820572
2026-06-18 15:45:00,153.44,154.39245620737617
2026-06-18 16:00:00,153.41,155.25218791678097
2026-06-18 16:15:00,153.44,155.20932768907784
2026-06-18 16:30:00,164.0,155.5917941214273
2026-06-18 16:45:00,169.74,165.42866104512078
2026-06-18 17:00:00,153.44,170.6792399664767
2026-06-18 17:15:00,165.0,157.08422937996463
2026-06-18 17:30:00,178.04,166.97964930031617
2026-06-18 17:45:00,191.46,178.457048033389
2026-06-18 18:00:00,175.22,187.11184108743967
2026-06-18 18:15:00,178.72,172.72455707024497
2026-06-18 18:30:00,186.03,176.20819080087736
2026-06-18 18:45:00,180.03,182.591718205474
2026-06-18 19:00:00,186.03,174.06173734195625
2026-06-18 19:15:00,178.72,178.68645778374665
2026-06-18 19:30:00,175.22,172.04286383105367
2026-06-18 19:45:00,164.0,170.07221364516158
2026-06-18 20:00:00,176.99,160.11680937018883
2026-06-18 20:15:00,173.78,170.99024633906546
2026-06-18 20:30:00,167.44,167.90612522300705
2026-06-18 20:45:00,154.51,162.94171010200654
2026-06-18 21:00:00,168.85,151.39681786938033
2026-06-18 21:15:00,154.51,163.4458184554058
2026-06-18 21:30:00,150.98,150.8805485954569
2026-06-18 21:45:00,143.78,148.70192276078893
2026-06-18 22:00:00,148.23,141.6567305416968
2026-06-18 22:15:00,143.82,145.03128959296393
2026-06-18 22:30:00,141.6,141.25242693000018
2026-06-18 22:45:00,135.0,139.5864298806385
2026-06-18 23:00:00,143.82,133.94943644611428
2026-06-18 23:15:00,141.6,141.9521722338369
2026-06-18 23:30:00,137.58,140.28831127953453
2026-06-18 23:45:00,137.0,136.1904275714207
2026-06-19 00:00:00,141.6,135.76452519336266
2026-06-19 00:30:00,138.54,140.02915355722928
2026-06-19 00:45:00,135.94,137.74946967037766
2026-06-19 01:00:00,141.6,135.3735637051763
2026-06-19 01:15:00,140.0,140.20022146422994
2026-06-19 01:30:00,136.98,139.3521923363705
2026-06-19 01:45:00,134.94,136.95305688193622
2026-06-19 02:00:00,135.0,134.6229529590425
2026-06-19 02:15:00,133.84,134.7443676511279
2026-06-19 02:30:00,131.51,134.32841853283338
2026-06-19 02:45:00,131.13,131.89789891088117
2026-06-19 03:00:00,132.04,131.83763450829838
2026-06-19 03:15:00,131.0,133.16798527311386
2026-06-19 03:30:00,125.73,132.11874459294984
2026-06-19 03:45:00,131.63,127.04221843146593
2026-06-19 04:00:00,128.33,132.23303206490792
2026-06-19 04:15:00,140.0,129.2392073914743
2026-06-19 04:30:00,141.25,139.470853713618
2026-06-19 04:45:00,141.6,140.2473659873689
2026-06-19 05:15:00,138.53,140.64027990021637
2026-06-19 05:30:00,141.6,137.3818561146811
2026-06-19 05:45:00,133.96,139.58318907510304
2026-06-19 06:00:00,141.6,136.05756590612094
2026-06-19 06:15:00,136.14,142.43556831228267
2026-06-19 06:30:00,127.99,137.46215577275248
2026-06-19 06:45:00,119.11,130.26288776119367
2026-06-19 07:00:00,132.6,121.66147995545586
2026-06-19 07:15:00,140.15,133.0579641809625
2026-06-19 07:30:00,119.11,139.496018282668
2026-06-19 07:45:00,116.74,121.19806035288546
2026-06-19 08:00:00,136.57,116.20633929271862
2026-06-19 08:15:00,119.11,132.029882062097
2026-06-19 08:45:00,118.78,117.08061729308562
2026-06-19 09:00:00,118.48,116.81989383180407
2026-06-19 09:15:00,114.83,116.111884130171
2026-06-19 09:45:00,109.38,112.12758750858804
2026-06-19 10:00:00,113.17,107.16931275703843
2026-06-19 10:15:00,108.94,110.64764684243326
2026-06-19 10:30:00,107.62,107.5969612786078
2026-06-19 10:45:00,108.94,105.53480306683585
2026-06-19 11:00:00,106.0,106.95346509638249
2026-06-19 11:15:00,108.79,105.10794134412792
2026-06-19 11:30:00,114.27,107.650328963783
2026-06-19 11:45:00,115.12,112.48615349295746
2026-06-19 12:00:00,118.01,113.34164332287988
2026-06-19 12:15:00,117.0,116.45395377299023
2026-06-19 12:30:00,118.0,115.60728883438955
2026-06-19 12:45:00,118.87,116.58842708063364
2026-06-19 13:00:00,119.11,117.5935241090018
2026-06-19 13:15:00,119.78,118.30737481547975
2026-06-19 13:30:00,125.2,119.08020650834301
2026-06-19 13:45:00,138.31,124.02482949210095
2026-06-19 14:00:00,119.11,135.75805540331982
2026-06-19 14:30:00,141.6,119.88243495762077
2026-06-19 15:00:00,132.48,144.2488720041355
2026-06-19 15:15:00,141.6,136.45852147519543
2026-06-19 15:30:00,142.1,144.92375706142687
2026-06-19 15:45:00,143.82,144.6928390422866
2026-06-19 16:00:00,135.91,147.28262069251718
2026-06-19 16:15:00,141.6,140.15051998707665
2026-06-19 16:30:00,148.23,145.187872570745
2026-06-19 16:45:00,155.0,151.07073011077202
2026-06-19 17:00:00,148.86,157.5238262323154
2026-06-19 17:15:00,154.16,152.4608186756088
2026-06-19 17:30:00,169.92,157.14531027799285
2026-06-19 17:45:00,191.46,170.8579459024311
2026-06-19 18:00:00,169.07,185.96884064883042
2026-06-19 18:15:00,170.18,166.73272925741892
2026-06-19 18:30:00,180.57,168.22680215217483
2026-06-19 18:45:00,178.7,176.3249908664109
2026-06-19 19:15:00,177.02,170.6002478460398
2026-06-19 19:30:00,167.38,168.48046084833263
2026-06-19 19:45:00,156.9,160.57650739297114
2026-06-19 20:00:00,168.1,151.57023438405923
2026-06-19 20:15:00,159.83,160.77272251612249
2026-06-19 20:30:00,150.05,154.10446667256872
2026-06-19 20:45:00,145.93,145.63978270218826
2026-06-19 21:00:00,148.85,141.94347463643837
2026-06-19 21:15:00,143.82,144.7473663932095
2026-06-19 21:30:00,141.6,141.14212174113845
2026-06-19 21:45:00,129.53,138.71947660330738
2026-06-19 22:00:00,144.08,129.2677645486118
2026-06-19 22:15:00,148.78,141.89820645927085
2026-06-19 22:30:00,140.0,146.58960390663816
2026-06-19 22:45:00,133.0,138.64603856666545
2026-06-19 23:00:00,140.0,132.72098676395976
2026-06-19 23:15:00,139.78,138.78837933327557
2026-06-19 23:30:00,133.0,139.2140383323292
2026-06-20 00:15:00,132.65,133.19717199071215
2026-06-20 01:00:00,133.0,132.63469531396012
2026-06-20 02:00:00,132.22,133.06098182511815
2026-06-20 02:30:00,130.78,132.92663137395343
2026-06-20 03:00:00,132.22,131.45710683455496
2026-06-20 03:15:00,130.78,132.74920814288654
2026-06-20 03:45:00,126.62,131.6874517366741
2026-06-20 04:00:00,130.78,128.21396018376586
2026-06-20 04:30:00,129.1,131.06316466765207
2026-06-20 04:45:00,129.74,129.53284748026869
2026-06-20 05:00:00,122.63,130.9888614307628
2026-06-20 05:15:00,114.91,124.05334465127467
2026-06-20 05:30:00,114.49,117.07568844424169
2026-06-20 06:30:00,118.0,114.87743891834776
2026-06-20 06:45:00,129.99,117.63497175646643
2026-06-20 07:00:00,130.78,127.67972903686271
2026-06-20 07:15:00,131.73,127.96539132518373
2026-06-20 07:30:00,130.78,128.34792982446444
2026-06-20 08:00:00,129.74,124.41239798935145
2026-06-20 08:15:00,124.99,123.20090735122965
2026-06-20 08:30:00,114.49,118.75460976308561
2026-06-20 09:00:00,99.08,109.4337902390457
2026-06-20 09:15:00,105.88,95.72948500860444
2026-06-20 09:30:00,109.64,101.48032100580672
2026-06-20 09:45:00,108.0,104.5208748112073
2026-06-20 10:00:00,73.17,103.19847470147452
2026-06-20 10:15:00,66.0,73.07596638165317
2026-06-20 10:30:00,65.33,66.73458459128298
2026-06-20 10:45:00,58.0,66.29724383414818
2026-06-20 11:00:00,50.0,61.30826466313196
2026-06-20 11:30:00,54.8,54.177294201880194
2026-06-20 11:45:00,67.0,58.400564589623386
2026-06-20 12:00:00,76.26,69.3823592864943
2026-06-20 12:15:00,77.0,78.07325490921316
2026-06-20 12:30:00,84.5,78.13703597328987
2026-06-20 12:45:00,87.96,83.91923605793286
2026-06-20 13:00:00,95.18,87.47172420508785
2026-06-20 13:15:00,85.31,93.78468709119213
2026-06-20 13:30:00,101.24,84.36285654258097
2026-06-20 13:45:00,94.5,98.68487999001837
2026-06-20 14:00:00,114.49,92.7923031592851
2026-06-20 14:30:00,120.72,111.04897979750807
2026-06-20 14:45:00,129.74,116.46016330294172
2026-06-20 15:15:00,127.75,130.24737321721838
2026-06-20 15:30:00,130.69,128.21979348020454
2026-06-20 15:45:00,132.22,131.191741092934
2026-06-20 16:00:00,130.0,132.80666345428824
2026-06-20 16:15:00,130.78,131.50475949194055
2026-06-20 16:30:00,132.65,132.61749863242954
2026-06-20 16:45:00,153.73,134.58558758678018
2026-06-20 17:00:00,134.3,153.1189444187666
2026-06-20 17:15:00,154.81,137.0142589746736
2026-06-20 17:45:00,163.72,155.3664097269905
2026-06-20 18:00:00,154.29,163.08139891411315
2026-06-20 18:15:00,156.28,156.0202453043909
2026-06-20 18:30:00,164.03,157.53389728317458
2026-06-20 18:45:00,174.04,164.06094338243594
2026-06-20 19:00:00,164.75,168.7179044596173
2026-06-20 19:15:00,165.71,160.61469668580128
2026-06-20 19:30:00,163.72,160.7903242144424
2026-06-20 19:45:00,154.81,159.57577135457896
2026-06-20 20:30:00,154.71,151.35426524999716
2026-06-20 20:45:00,145.34,151.74403609000916
2026-06-20 21:00:00,154.81,143.57882511598652
2026-06-20 21:15:00,140.0,151.75514066572623
2026-06-20 21:30:00,133.0,139.02113084273944
2026-06-20 21:45:00,132.65,133.7014027978369
2026-06-20 22:00:00,133.0,132.638956878142
2026-06-20 22:15:00,138.92,133.00473269685875
2026-06-20 22:30:00,133.94,137.953179814117
2026-06-20 22:45:00,131.95,133.88998984323345
2026-06-20 23:00:00,133.0,131.90897817683714
2026-06-20 23:15:00,130.78,131.92705352156338
2026-06-20 23:30:00,130.0,129.0634169172833
2026-06-20 23:45:00,128.5,129.21445305332313
2026-06-21 00:00:00,130.78,127.78551276475577
2026-06-21 00:15:00,130.55,129.3183530254686
2026-06-21 00:45:00,128.52,129.06403360492246
2026-06-21 01:00:00,130.55,127.32399712815982
2026-06-21 01:15:00,132.0,129.30430210750558
2026-06-21 01:30:00,131.15,130.85735132499917
2026-06-21 01:45:00,132.15,129.6161288739345
2026-06-21 02:00:00,130.78,130.70403697568727
2026-06-21 02:15:00,130.55,129.93268182358804
2026-06-21 02:45:00,128.12,129.9161849386173
2026-06-21 03:00:00,130.55,127.61042114247228
2026-06-21 03:15:00,124.47,129.89389472385147
2026-06-21 03:30:00,124.12,124.66566913052819
2026-06-21 03:45:00,119.42,124.86325555102187
2026-06-21 04:00:00,124.91,120.22521546188345
2026-06-21 04:15:00,121.44,124.649601250797
2026-06-21 04:30:00,116.03,121.84754832587112
2026-06-21 04:45:00,113.9,117.39363228981072
2026-06-21 05:00:00,113.72,115.70971778296499
2026-06-21 05:15:00,110.0,115.14692981334073
2026-06-21 05:30:00,105.47,111.91000895547309
2026-06-21 05:45:00,98.3,107.50894657776858
2026-06-21 06:00:00,100.23,100.90993906782177
2026-06-21 06:30:00,100.72,101.641688988902
2026-06-21 06:45:00,100.23,101.7127256836691
2026-06-21 07:00:00,90.0,100.98314834152782
2026-06-21 07:30:00,57.0,91.27517312422877
2026-06-21 07:45:00,45.0,62.63265016522697
2026-06-21 08:00:00,12.44,49.9339931986062
2026-06-21 08:15:00,5.0,21.938181768433385
2026-06-21 08:30:00,2.84,16.005682834159067
2026-06-21 08:45:00,1.0,14.297137119688355
2026-06-21 09:00:00,0.0,13.811335012799487
2026-06-21 09:45:00,5.0,12.318518335715632
2026-06-21 10:00:00,13.67,15.84123523240326
2026-06-21 10:15:00,12.44,22.372448332166186
2026-06-21 10:30:00,16.0,21.723745312472936
2026-06-21 10:45:00,12.44,24.261737912244524
2026-06-21 11:00:00,12.41,20.55260362509046
2026-06-21 12:15:00,12.44,21.521127188674395
2026-06-21 12:45:00,12.41,21.787783520547254
2026-06-21 13:00:00,12.44,22.331443380556976
2026-06-21 13:15:00,20.0,23.03770791706
2026-06-21 13:30:00,30.0,29.32962877641705
2026-06-21 13:45:00,32.82,37.783121172663456
2026-06-21 14:00:00,76.03,40.358878356623855
2026-06-21 14:15:00,79.98,78.9525567210351
2026-06-21 14:30:00,90.08,82.44319766673658
2026-06-21 14:45:00,106.06,91.31979351593866
2026-06-21 15:00:00,110.0,109.0605726377498
2026-06-21 15:15:00,116.03,113.20708273530134
2026-06-21 15:45:00,130.55,118.9002517578418
2026-06-21 16:00:00,129.07,130.9245526643504
2026-06-21 16:15:00,126.41,129.79588474289454
2026-06-21 16:30:00,131.48,127.98517994691262
2026-06-21 16:45:00,133.44,132.24219048954023
2026-06-21 17:00:00,132.65,134.45479987645675
2026-06-21 17:15:00,135.89,134.21199175615058
2026-06-21 17:30:00,139.49,137.87900754685577
2026-06-21 17:45:00,146.21,140.6395582912959
2026-06-21 18:00:00,144.35,147.3479214718297
2026-06-21 18:15:00,151.06,145.3458762166528
2026-06-21 18:30:00,157.14,151.08354759069726
2026-06-21 18:45:00,159.61,155.8390074587702
2026-06-21 19:00:00,156.75,153.79331670658428
2026-06-21 19:15:00,154.34,151.10159195763254
2026-06-21 19:30:00,151.16,148.92455358582427
2026-06-21 19:45:00,146.33,146.1648337482716
2026-06-21 20:00:00,153.65,142.2894561798267
2026-06-21 20:15:00,150.54,148.75531258984012
2026-06-21 20:30:00,145.94,145.52293242089598
2026-06-21 20:45:00,139.14,142.5120916117969
2026-06-21 21:00:00,146.29,135.64935366718993
2026-06-21 21:15:00,136.9,141.5772864803421
2026-06-21 21:30:00,133.0,134.03286818006333
2026-06-21 21:45:00,132.15,130.57803543764305
2026-06-21 22:00:00,140.72,129.9602614282989
2026-06-21 22:15:00,143.92,137.16549179361925
2026-06-21 22:30:00,141.76,140.29555833615004
2026-06-21 22:45:00,140.72,138.36525517532516
2026-06-21 23:00:00,140.43,137.12822638512498
2026-06-21 23:15:00,132.59,137.12921853207104
2026-06-21 23:30:00,130.0,130.51451238307178
2026-06-21 23:45:00,124.54,128.6378181356933
2026-06-22 00:00:00,130.78,123.5321146144833
2026-06-22 00:15:00,128.58,129.68593703338024
2026-06-22 00:30:00,122.46,128.12935032574626
2026-06-22 00:45:00,122.51,123.0193501311656
2026-06-22 01:00:00,120.52,122.87332047469594
2026-06-22 01:15:00,121.03,120.90086453871082
2026-06-22 01:30:00,120.43,121.76266279635973
2026-06-22 01:45:00,121.63,121.22614481937883
2026-06-22 02:30:00,122.5,122.062836741339
2026-06-22 02:45:00,123.49,122.79026065201131
2026-06-22 03:00:00,123.81,123.66686374209658
2026-06-22 03:15:00,124.15,123.95303529421541
2026-06-22 03:30:00,125.38,124.0573222421391
2026-06-22 03:45:00,135.24,125.06521544054651
2026-06-22 04:00:00,139.03,133.59124902119615
2026-06-22 04:15:00,141.76,136.54969732895935
2026-06-22 04:30:00,143.49,138.60091996247186
2026-06-22 04:45:00,144.18,139.63180860472346
2026-06-22 05:00:00,155.44,140.70824317082364
2026-06-22 05:15:00,150.25,149.87235835370203
2026-06-22 05:30:00,150.04,144.96275406022644
2026-06-22 05:45:00,144.18,144.45396031881438
2026-06-22 06:00:00,148.56,142.33568666310754
2026-06-22 06:15:00,141.76,146.04049309285546
2026-06-22 06:45:00,139.74,139.3463496901813
2026-06-22 07:00:00,140.72,137.66087086749621
2026-06-22 07:15:00,139.03,137.63001350664493
2026-06-22 07:45:00,121.63,135.60440761888322
2026-06-22 08:00:00,139.03,118.69127075497575
2026-06-22 08:30:00,132.78,132.94236922794852
2026-06-22 08:45:00,124.16,127.35451577317454
2026-06-22 09:00:00,131.38,120.24237729115724
2026-06-22 09:15:00,131.69,126.0110905258611
2026-06-22 09:30:00,127.33,126.5087184378023
2026-06-22 09:45:00,130.0,122.67903214726907
2026-06-22 10:00:00,118.2,124.49839240380697
2026-06-22 10:15:00,115.95,114.62474233424746
2026-06-22 10:30:00,116.95,113.14569207514208
2026-06-22 10:45:00,115.95,115.15746086610328
2026-06-22 11:00:00,117.52,115.48821472568346
2026-06-22 11:15:00,115.2,118.71281502798813
2026-06-22 11:30:00,120.43,117.43226655708952
2026-06-22 12:00:00,121.63,123.24056278644191
2026-06-22 12:15:00,122.46,124.30713216141453
2026-06-22 12:30:00,128.78,125.26774585853067
2026-06-22 12:45:00,139.03,130.42678016228683
2026-06-22 13:00:00,129.6,138.84094245617325
2026-06-22 13:15:00,139.03,131.28033981733867
2026-06-22 13:30:00,140.72,139.501318059758
2026-06-22 14:30:00,139.03,141.24750702869335
2026-06-22 14:45:00,140.72,139.8976397782102
2026-06-22 15:00:00,139.03,145.63225388335835
2026-06-22 15:15:00,140.72,144.79483332455405
2026-06-22 15:30:00,141.76,146.9387047360882
2026-06-22 15:45:00,144.18,148.0861769236617
2026-06-22 16:00:00,141.76,150.4463860257875
2026-06-22 16:15:00,144.72,148.77397414890189
2026-06-22 16:30:00,157.87,149.9679850462858
2026-06-22 16:45:00,182.04,161.60573414963696
2026-06-22 17:00:00,150.06,182.6412609354318
2026-06-22 17:15:00,165.89,155.0153346612028
2026-06-22 17:30:00,184.64,168.5110172087239
2026-06-22 17:45:00,199.91,184.14927652716182
2026-06-22 18:00:00,182.67,194.62881960928956
2026-06-22 18:30:00,186.03,180.10948822797357
2026-06-22 18:45:00,182.61,183.26235761173135
2026-06-22 19:00:00,179.38,174.95471363712997
2026-06-22 19:15:00,182.67,173.18243750012434
2026-06-22 19:45:00,167.28,176.2089367795565
2026-06-22 20:00:00,185.9,163.1970038776736
2026-06-22 20:15:00,175.01,179.02809085064138
2026-06-22 20:30:00,170.6,169.47402236986886
2026-06-22 20:45:00,153.46,166.32222159880254
2026-06-22 21:00:00,162.77,150.7823595819052
2026-06-22 21:15:00,155.91,158.7783225461907
2026-06-22 21:30:00,150.0,152.92463312284113
2026-06-22 21:45:00,142.52,148.5180228348537
2026-06-22 22:00:00,154.13,141.64304539849124
2026-06-22 22:15:00,148.65,151.89491405895006
2026-06-22 22:30:00,144.03,147.55353027464733
2026-06-22 22:45:00,139.33,143.48147730148793
2026-06-22 23:00:00,144.99,139.17186399562638
2026-06-22 23:15:00,140.27,144.29499781700395
2026-06-22 23:30:00,138.82,140.68555407371383
2026-06-22 23:45:00,137.08,139.23693612415036
2026-06-23 00:00:00,137.39,137.98056646496323
2026-06-23 00:15:00,136.07,138.43458754092364
2026-06-23 00:30:00,134.9,137.36447028693607
2026-06-23 00:45:00,135.51,136.06086555728507
2026-06-23 01:00:00,133.59,136.42483523264434
2026-06-23 01:15:00,137.83,134.83492116558472
2026-06-23 01:30:00,138.03,138.5741538888319
2026-06-23 02:00:00,136.97,138.8211047973289
2026-06-23 02:15:00,135.07,138.34654452436837
2026-06-23 02:30:00,133.59,136.67072928073566
2026-06-23 02:45:00,134.37,135.5996913031246
2026-06-23 03:00:00,136.88,136.0705409416685
2026-06-23 03:15:00,138.03,138.30855322148733
2026-06-23 04:30:00,140.43,139.1244317285414
2026-06-23 04:45:00,143.51,140.96769214109094
2026-06-23 05:00:00,142.41,144.3568705969354
2026-06-23 05:15:00,149.98,142.8671658987286
2026-06-23 05:30:00,147.38,148.8510567392413
2026-06-23 05:45:00,135.0,146.01791983796377
2026-06-23 06:00:00,150.04,138.767847545543
2026-06-23 06:15:00,135.71,151.0305265311585
2026-06-23 06:30:00,130.0,138.45339635564832
2026-06-23 06:45:00,120.43,133.4324022905679
2026-06-23 07:00:00,132.96,124.32437189271758
2026-06-23 07:15:00,125.1,134.65740028714288
2026-06-23 07:30:00,120.43,127.48389554501101
2026-06-23 08:15:00,120.0,120.41346883030212
2026-06-23 08:30:00,115.27,119.18951655475301
2026-06-23 08:45:00,120.0,114.89197715692211
2026-06-23 09:00:00,116.27,118.1119593654732
2026-06-23 09:15:00,115.2,114.7409207628733
2026-06-23 09:30:00,117.27,113.70167823432278
2026-06-23 09:45:00,120.0,115.15722201633342
2026-06-23 10:00:00,126.71,117.02092562478283
2026-06-23 10:15:00,125.16,122.94676688916108
2026-06-23 10:30:00,131.27,121.51028262568032
2026-06-23 10:45:00,131.0,126.42623706217712
2026-06-23 11:00:00,123.98,125.8392236078407
2026-06-23 11:15:00,125.83,120.96040613873085
2026-06-23 11:30:00,131.27,121.93566821547921
2026-06-23 11:45:00,132.96,127.23449702553211
2026-06-23 12:00:00,132.45,129.76729374193602
2026-06-23 12:15:00,132.96,129.9503847617206
2026-06-23 12:45:00,131.27,132.0418947283835
2026-06-23 13:00:00,124.63,131.68528649713517
2026-06-23 13:15:00,131.0,125.17618815625627
2026-06-23 13:30:00,133.53,130.38206098741543
2026-06-23 13:45:00,134.53,131.9956538563612
2026-06-23 14:00:00,129.8,132.3272610857821
2026-06-23 14:15:00,132.53,128.6151369349416
2026-06-23 14:30:00,132.96,131.31633467280466
2026-06-23 14:45:00,136.61,132.20882198668804
2026-06-23 15:00:00,125.0,140.54286042734674
2026-06-23 15:15:00,131.93,131.08727362418045
2026-06-23 15:30:00,138.03,137.60803926310803
2026-06-23 15:45:00,148.07,142.854813540538
2026-06-23 16:00:00,134.37,152.01212865133004
2026-06-23 16:15:00,147.23,141.01784389847754
2026-06-23 16:30:00,178.52,151.89019545091088
2026-06-23 16:45:00,233.12,178.59220856785078
2026-06-23 17:00:00,180.97,226.54967572425787
2026-06-23 17:15:00,243.87,182.08037130337817
2026-06-23 17:30:00,252.44,235.75599690337984
2026-06-23 17:45:00,277.58,242.02781961335828
2026-06-23 18:00:00,267.56,262.28685100819274
2026-06-23 18:15:00,269.0,252.33069519846077
2026-06-23 18:30:00,278.1,254.11680566806191
2026-06-23 18:45:00,260.0,261.52261944859885
2026-06-23 19:00:00,276.05,241.71048636248136
2026-06-23 19:15:00,250.01,254.68801584225773
2026-06-23 19:30:00,209.93,233.7559173169033
2026-06-23 19:45:00,183.52,199.44779209905326
2026-06-23 20:00:00,250.0,175.64101006005075
2026-06-23 20:15:00,208.0,232.7818851472881
2026-06-23 20:30:00,225.94,198.7635562901174
2026-06-23 20:45:00,183.46,214.9039819009935
2026-06-23 21:00:00,209.33,176.624914316166
2026-06-23 21:15:00,171.69,200.18348944625868
2026-06-23 21:30:00,169.33,167.19654583722456
2026-06-23 21:45:00,152.21,167.13726664524438
2026-06-23 22:00:00,183.23,150.54336648670744
2026-06-23 22:15:00,161.74,178.58941691550646
2026-06-23 22:30:00,145.17,160.3294461102418
2026-06-23 22:45:00,140.06,147.40306101916062
2026-06-23 23:00:00,150.48,141.64213364353697
2026-06-23 23:15:00,145.17,151.43056249591032
2026-06-23 23:30:00,143.11,147.52138016967797
2026-06-23 23:45:00,141.11,146.15027156394657
2026-06-24 00:00:00,144.71,143.59361717311845
2026-06-24 00:15:00,141.11,147.06911957506847
2026-06-24 00:30:00,140.06,144.2416026013604
2026-06-24 01:00:00,141.11,143.6280471582342
2026-06-24 01:15:00,140.06,144.18574678502702
2026-06-24 01:30:00,140.17,143.59543330468804
2026-06-24 01:45:00,140.06,143.86504966809454
2026-06-24 02:00:00,139.28,143.94077952172074
2026-06-24 02:15:00,139.22,143.28230732617314
2026-06-24 02:30:00,139.1,143.23742176071676
2026-06-24 02:45:00,140.06,143.1311914275768
2026-06-24 03:30:00,137.1,143.83106791334168
2026-06-24 03:45:00,140.06,141.36114907626762
2026-06-24 04:00:00,141.11,143.6362751578168
2026-06-24 04:15:00,145.17,144.4182979106666
2026-06-24 04:30:00,150.48,147.76958829946716
2026-06-24 04:45:00,150.76,152.09186446680852
2026-06-24 05:00:00,155.22,153.0054501977953
2026-06-24 05:30:00,155.0,155.89309254801867
2026-06-24 05:45:00,141.11,154.9367247538189
2026-06-24 06:00:00,164.31,146.2298593203279
2026-06-24 06:15:00,150.48,165.3731182869597
2026-06-24 06:30:00,141.0,153.054901777452
2026-06-24 06:45:00,127.38,144.84668789371943
2026-06-24 07:00:00,141.85,131.65412878851512
2026-06-24 07:15:00,132.05,144.13288524171207
2026-06-24 07:30:00,122.28,136.10855319630716
2026-06-24 08:00:00,129.5,124.68878884386599
2026-06-24 08:15:00,125.0,130.59020462111178
2026-06-24 08:30:00,120.0,126.81183911780012
2026-06-24 08:45:00,119.6,122.7954757578265
2026-06-24 09:00:00,118.23,121.31794646135471
2026-06-24 09:15:00,115.52,120.32456861008285
2026-06-24 09:30:00,114.27,118.12113846889514
2026-06-24 09:45:00,114.0,116.81781409176581
2026-06-24 10:00:00,122.28,116.64596485881985
2026-06-24 10:15:00,120.0,123.56171480479966
2026-06-24 10:45:00,122.28,121.70924085599322
2026-06-24 11:30:00,121.51,123.82154654901665
2026-06-24 11:45:00,122.28,122.85111401015027
2026-06-24 12:15:00,125.29,125.43697290399395
2026-06-24 12:30:00,127.55,129.36146332331566
2026-06-24 12:45:00,131.52,133.30987222904912
2026-06-24 13:00:00,125.13,138.39735207626322
2026-06-24 13:15:00,125.0,131.82593892939235
2026-06-24 13:30:00,133.99,130.90959181323873
2026-06-24 13:45:00,139.0,137.4500596674666
2026-06-24 14:00:00,122.28,140.7517697035181
2026-06-24 14:15:00,125.0,126.47124972578492
2026-06-24 14:30:00,132.72,128.6404542932861
2026-06-24 14:45:00,140.0,135.20926827688857
2026-06-24 15:00:00,120.98,146.80561301637795
2026-06-24 15:15:00,130.0,131.4462411824715
2026-06-24 15:30:00,140.19,139.37157738983248
2026-06-24 15:45:00,154.92,148.52134084343237
2026-06-24 16:00:00,139.75,162.40773257527553
2026-06-24 16:15:00,156.55,149.82232129584236
2026-06-24 16:30:00,205.26,164.24221713932084
2026-06-24 16:45:00,280.0,206.02906913428183
2026-06-24 17:00:00,240.0,271.0001481241306
2026-06-24 17:15:00,280.0,237.20068393788029
2026-06-24 17:30:00,300.0,270.1516547760171
2026-06-24 17:45:00,307.58,285.2873174518243
2026-06-24 18:00:00,300.0,289.4505796075683
2026-06-24 18:45:00,281.0,283.35506267736804
2026-06-24 19:00:00,285.0,261.7436056102864
2026-06-24 19:15:00,281.0,263.872615124865
2026-06-24 19:30:00,279.36,258.5851230813367
2026-06-24 19:45:00,240.0,260.1162639569119
2026-06-24 20:00:00,280.0,223.81048331339252
2026-06-24 20:15:00,260.0,257.759259501869
2026-06-24 20:30:00,262.17,239.6312239032108
2026-06-24 20:45:00,240.0,243.02856725379993
2026-06-24 21:00:00,244.84,222.6494248717824
2026-06-24 21:15:00,177.19,226.9047396892342
2026-06-24 21:30:00,176.18,169.65762676386854
2026-06-24 21:45:00,158.82,168.58607982026518
2026-06-24 22:00:00,200.1,154.21960571778507
2026-06-24 22:15:00,171.0,193.16454465518663
2026-06-24 22:30:00,150.5,169.43789257422165
2026-06-24 22:45:00,142.18,149.4732706478181
2026-06-24 23:00:00,155.99,142.7015346992081
2026-06-24 23:15:00,143.96,154.45333801026652
2026-06-24 23:30:00,142.18,146.45844405022208
2026-06-24 23:45:00,139.87,143.9497684637413
2026-06-25 00:00:00,141.0,143.05354610232166
2026-06-25 00:15:00,139.87,144.44558865673815
2026-06-25 02:00:00,139.7,144.1609338854105
2026-06-25 02:15:00,139.87,142.6960288887193
2026-06-25 02:30:00,139.7,143.648466653842
2026-06-25 03:30:00,139.14,144.22043470829826
2026-06-25 03:45:00,139.7,143.95684302636062
2026-06-25 04:15:00,142.18,143.8545310635964
2026-06-25 04:30:00,143.96,146.00178603712078
2026-06-25 04:45:00,147.42,147.440207206623
2026-06-25 05:00:00,143.96,151.2021328693383
2026-06-25 05:15:00,143.17,147.48177566891098
2026-06-25 05:30:00,143.13,146.41431437329578
2026-06-25 05:45:00,139.14,145.8484840928714
2026-06-25 06:00:00,141.29,145.85184561192185
2026-06-25 06:15:00,139.7,147.3254011270019
2026-06-25 06:30:00,138.45,145.48522155767753
2026-06-25 06:45:00,137.95,144.0912244871538
2026-06-25 07:00:00,139.0,143.2418566956302
2026-06-25 07:15:00,138.45,143.68935805344154
2026-06-25 07:30:00,132.0,142.76188789848214
2026-06-25 07:45:00,120.94,136.69406563708617
2026-06-25 08:00:00,135.0,124.88954216547056
2026-06-25 08:15:00,129.42,136.38448794471458
2026-06-25 08:30:00,123.35,131.34841761300572
2026-06-25 08:45:00,120.55,125.88173965019367
2026-06-25 09:00:00,129.71,122.54031548256697
2026-06-25 09:15:00,127.7,130.23675045804248
2026-06-25 09:30:00,120.41,128.30435701174997
2026-06-25 09:45:00,127.7,121.85250271257213
2026-06-25 10:00:00,115.1,128.25335155408382
2026-06-25 10:15:00,125.0,116.49709410513705
2026-06-25 10:30:00,135.0,125.67099495317112
2026-06-25 10:45:00,136.39,134.33387590556276
2026-06-25 11:00:00,132.5,136.39895260449612
2026-06-25 11:15:00,130.23,132.35768913010662
2026-06-25 11:30:00,135.75,130.62882762879997
2026-06-25 11:45:00,130.0,135.8874826669121
2026-06-25 12:00:00,135.0,131.07338461511554
2026-06-25 12:15:00,136.39,135.81367584606264
2026-06-25 12:45:00,137.95,137.63754288407563
2026-06-25 13:00:00,138.45,139.5077960850149
2026-06-25 13:15:00,139.14,140.1404422058829
2026-06-25 13:30:00,139.7,141.18833435655054
2026-06-25 13:45:00,139.87,142.0530746710743
2026-06-25 14:00:00,132.0,142.62424780764673
2026-06-25 14:15:00,136.39,135.74534383764546
2026-06-25 14:30:00,137.95,139.82031054968397
2026-06-25 14:45:00,139.87,141.35914076325125
2026-06-25 15:00:00,139.14,148.19901703673148
2026-06-25 15:30:00,142.18,148.68278307494955
2026-06-25 15:45:00,153.49,151.6969338498902
2026-06-25 16:00:00,139.87,161.9904903382778
2026-06-25 16:15:00,149.73,150.48250340445128
2026-06-25 16:30:00,164.74,159.2535232926062
2026-06-25 16:45:00,194.34,172.094433589319
2026-06-25 17:00:00,165.27,197.87682942266264
2026-06-25 17:15:00,195.21,173.0376404699226
2026-06-25 17:30:00,210.8,199.36401531694477
2026-06-25 17:45:00,260.0,212.21375832826266
2026-06-25 18:00:00,211.68,251.8685907007737
2026-06-25 18:15:00,212.62,209.77884387727616
2026-06-25 18:30:00,212.9,211.22982858960665
2026-06-25 18:45:00,210.94,209.98611667026307
2026-06-25 19:00:00,210.0,205.1821761760347
2026-06-25 19:15:00,205.87,203.88701070485632
2026-06-25 19:30:00,192.8,201.13578876774898
2026-06-25 19:45:00,176.75,189.3947278206917
2026-06-25 20:00:00,182.19,173.66496429298903
2026-06-25 20:15:00,177.19,175.06637153451692
2026-06-25 20:30:00,171.96,172.76917614712974
2026-06-25 20:45:00,159.25,166.81559693649885
2026-06-25 21:00:00,162.48,154.60817837093742
2026-06-25 21:15:00,146.23,156.78268297859302
2026-06-25 21:30:00,139.87,142.98472530263862
2026-06-25 21:45:00,139.7,138.30056612594413
2026-06-25 22:00:00,155.48,137.25038530824747
2026-06-25 22:15:00,152.17,151.0638440335364
2026-06-25 22:30:00,144.08,148.24729064438486
2026-06-25 22:45:00,140.0,142.68786066581475
2026-06-25 23:00:00,143.71,136.72427849622852
2026-06-25 23:15:00,141.29,140.54576863735176
2026-06-25 23:30:00,139.77,138.26625780832674
2026-06-25 23:45:00,139.62,137.60717507873818
2026-06-26 00:00:00,142.1,136.94978506669
2026-06-26 00:15:00,140.0,141.8727678199465
2026-06-26 00:30:00,139.77,140.05424536467228
2026-06-26 01:45:00,139.62,140.4923408098892
2026-06-26 02:15:00,138.04,138.41132102156428
2026-06-26 02:30:00,139.62,138.19856013816806
2026-06-26 02:45:00,137.87,140.37197706387383
2026-06-26 03:00:00,136.31,139.19121518945374
2026-06-26 03:45:00,136.22,137.27599546415823
2026-06-26 04:00:00,139.62,137.717254605606
2026-06-26 04:15:00,144.08,140.58166779327362
2026-06-26 04:45:00,143.71,144.2054128276926
2026-06-26 05:00:00,159.8,144.594621816637
2026-06-26 05:15:00,148.07,157.91476760516295
2026-06-26 05:30:00,148.03,147.28618529344257
2026-06-26 05:45:00,141.29,146.78626177535074
2026-06-26 06:00:00,151.19,143.8667624747752
2026-06-26 06:15:00,152.89,152.21880234755815
2026-06-26 06:30:00,142.1,153.19779302893033
2026-06-26 07:00:00,157.0,143.0000302481743
2026-06-26 07:15:00,146.41,154.86853228777224
2026-06-26 07:30:00,139.77,145.09750464622294
2026-06-26 07:45:00,139.62,139.56435706822552
2026-06-26 08:00:00,140.0,136.67269129860838
2026-06-26 08:30:00,139.77,136.46883263821178
2026-06-26 08:45:00,137.87,136.16460736335097
2026-06-26 09:00:00,137.47,134.25073523621475
2026-06-26 09:15:00,137.18,133.57237171323865
2026-06-26 09:30:00,137.87,132.97097908947495
2026-06-26 09:45:00,137.24,133.30597005882714
2026-06-26 10:00:00,136.31,132.42232694994166
2026-06-26 10:15:00,133.49,131.72824229147525
2026-06-26 10:30:00,133.66,129.58020279853778
2026-06-26 10:45:00,134.86,130.32401485548613
2026-06-26 11:00:00,133.48,130.94555310902817
2026-06-26 11:15:00,133.49,130.2144564456486
2026-06-26 11:30:00,136.25,130.61933808883046
2026-06-26 11:45:00,136.31,133.25247423599475
2026-06-26 12:00:00,137.87,133.17276792761277
2026-06-26 12:15:00,138.05,135.10460728226496
2026-06-26 12:30:00,137.87,135.99652628163312
2026-06-26 12:45:00,139.62,136.04747409183463
2026-06-26 13:00:00,137.87,138.59771787377306
2026-06-26 13:15:00,139.62,136.99975223845303
2026-06-26 13:30:00,140.0,138.39436608004712
2026-06-26 13:45:00,143.71,138.7933784332597
2026-06-26 14:00:00,139.62,142.59108142086606
2026-06-26 14:15:00,139.77,139.3549566044973
2026-06-26 14:30:00,141.29,139.4589915439809
2026-06-26 14:45:00,142.1,141.09357831286232
2026-06-26 15:00:00,139.77,146.65714172895042
2026-06-26 15:30:00,143.71,145.12184849585688
2026-06-26 15:45:00,152.39,148.64278025997723
2026-06-26 16:00:00,139.77,156.4088454816527
2026-06-26 16:15:00,144.79,146.21950119038456
2026-06-26 16:30:00,175.0,150.77873416457584
2026-06-26 16:45:00,211.97,176.98377494595388
2026-06-26 17:00:00,159.8,210.1236066021129
2026-06-26 17:15:00,192.83,165.737467125781
2026-06-26 17:30:00,248.81,193.39185018632386
2026-06-26 17:45:00,260.0,240.74290487511158
2026-06-26 18:00:00,241.0,249.0568842997558
2026-06-26 18:15:00,239.16,232.08218191933216
2026-06-26 18:30:00,259.49,228.7739238660186
2026-06-26 18:45:00,247.25,246.84235434143585
2026-06-26 19:00:00,254.4,232.30497467838694
2026-06-26 19:15:00,235.52,237.97726708599905
2026-06-26 19:30:00,211.66,220.16001587653705
2026-06-26 19:45:00,194.74,201.40253301580722
2026-06-26 20:00:00,258.28,185.466283509168
2026-06-26 20:15:00,205.87,239.75248904979995
2026-06-26 20:30:00,185.01,193.62922365127127
2026-06-26 20:45:00,161.32,178.09941104443214
2026-06-26 21:00:00,176.48,155.72787390062228
2026-06-26 21:15:00,157.47,170.1551382768829
2026-06-26 21:30:00,145.87,154.53233260028603
2026-06-26 21:45:00,139.62,145.21523069073794
2026-06-26 22:00:00,146.65,140.35440003659957
2026-06-26 22:30:00,141.28,147.30468423637717
2026-06-26 22:45:00,134.91,143.70851384595784
2026-06-26 23:30:00,134.8,138.12271912743702
2026-06-26 23:45:00,131.75,137.90737643688962
2026-06-27 00:00:00,133.0,135.64603115174808
2026-06-27 00:15:00,131.75,137.42335110982145
2026-06-27 00:30:00,134.91,136.1494541758727
2026-06-27 00:45:00,129.2,139.57920029570877
2026-06-27 01:00:00,128.83,134.98236338442712
2026-06-27 01:15:00,130.99,134.66945238318925
2026-06-27 01:30:00,131.75,135.68741546185868
2026-06-27 01:45:00,128.83,136.59304176985196
2026-06-27 02:00:00,131.75,134.451779049165
2026-06-27 02:15:00,128.83,137.04158381526355
2026-06-27 02:45:00,121.81,134.34877716773744
2026-06-27 03:00:00,133.1,128.5648298487697
2026-06-27 03:15:00,131.75,138.190355008287
2026-06-27 03:30:00,128.83,137.1197806691777
2026-06-27 03:45:00,121.81,134.68925895704155
2026-06-27 04:00:00,118.2,128.48931020225734
2026-06-27 04:15:00,128.98,125.18166043025167
2026-06-27 04:30:00,128.83,134.33412340071726
2026-06-27 04:45:00,116.81,134.26125180924743
2026-06-27 05:00:00,128.83,124.6772144186249
2026-06-27 05:45:00,125.55,133.16420718669477
2026-06-27 06:00:00,118.85,129.98212338631436
2026-06-27 06:15:00,116.14,124.061065694397
2026-06-27 06:30:00,128.83,120.75346847929461
2026-06-27 06:45:00,120.0,130.96218412944313
2026-06-27 07:00:00,118.0,123.09740173370743
2026-06-27 07:15:00,116.14,120.19236073527567
2026-06-27 08:00:00,107.71,115.37592750984018
2026-06-27 08:15:00,108.61,108.09072807380768
2026-06-27 08:30:00,104.39,108.66647722037727
2026-06-27 08:45:00,108.41,104.27506993248959
2026-06-27 09:00:00,100.54,107.66682731181108
2026-06-27 10:00:00,106.0,100.71597804049838
2026-06-27 10:15:00,101.89,104.78768606324033
2026-06-27 10:30:00,101.55,101.49457969483969
2026-06-27 10:45:00,107.19,101.61715154577885
2026-06-27 11:00:00,100.0,106.20378221514221
2026-06-27 11:15:00,99.5,100.02339324480535
2026-06-27 11:30:00,96.25,99.41583780041638
2026-06-27 11:45:00,90.0,96.36034216689873
2026-06-27 12:00:00,60.0,91.13207775743308
2026-06-27 12:15:00,60.84,66.14506097388487
2026-06-27 12:30:00,74.0,67.60316630264174
2026-06-27 12:45:00,87.88,79.76653142389621
2026-06-27 13:00:00,100.66,93.31909110945324
2026-06-27 13:15:00,107.58,104.49860334797744
2026-06-27 13:30:00,116.14,110.14182753389119
2026-06-27 13:45:00,118.98,117.14382566471775
2026-06-27 14:00:00,118.0,119.44547205110909
2026-06-27 14:15:00,120.35,118.36887345643278
2026-06-27 14:30:00,128.83,119.97530869727856
2026-06-27 14:45:00,133.1,127.15599245431777
2026-06-27 15:00:00,120.0,135.62184785291814
2026-06-27 15:15:00,124.9,124.57014917474196
2026-06-27 15:30:00,132.28,129.01872076317045
2026-06-27 15:45:00,134.91,135.4323319298706
2026-06-27 16:00:00,116.14,138.64355990780294
2026-06-27 16:15:00,130.71,122.8290253186141
2026-06-27 16:30:00,134.91,135.52377638764443
2026-06-27 16:45:00,141.28,139.29835299787644
2026-06-27 17:00:00,140.0,146.06877236567087
2026-06-27 17:15:00,154.81,145.03300218956673
2026-06-27 17:30:00,163.05,158.04087793978513
2026-06-27 17:45:00,181.53,165.32112451791932
2026-06-27 18:00:00,163.91,181.8846909306494
2026-06-27 18:15:00,176.5,166.6426078321437
2026-06-27 18:30:00,177.19,177.28265650609663
2026-06-27 18:45:00,187.25,178.04133897271376
2026-06-27 19:00:00,177.19,182.68502946513684
2026-06-27 19:15:00,177.28,172.519943260376
2026-06-27 19:30:00,177.19,170.9737863140913
2026-06-27 19:45:00,173.54,172.74861061555853
2026-06-27 20:00:00,176.78,168.52128126638885
2026-06-27 20:15:00,164.0,168.66897559904567
2026-06-27 20:30:00,165.67,157.03590835194743
2026-06-27 20:45:00,151.86,159.00291626852368
2026-06-27 21:00:00,154.83,146.84381780227386
2026-06-27 21:15:00,142.32,148.6267749789554
2026-06-27 21:30:00,137.86,138.08801228865914
2026-06-27 21:45:00,134.8,134.04823535774386
2026-06-27 22:00:00,147.17,131.56900098610697
2026-06-27 22:15:00,137.91,143.22764034112203
2026-06-27 22:45:00,134.8,136.05179772765797
2026-06-27 23:15:00,134.19,130.65185727964348
2026-06-27 23:30:00,133.1,131.58381060862672
2026-06-27 23:45:00,131.75,131.60784515428162
2026-06-28 00:00:00,133.1,131.53537363778383
2026-06-28 00:15:00,132.4,131.9912283830422
2026-06-28 00:30:00,131.75,132.1012345734054
2026-06-28 00:45:00,125.73,132.03013487469337
2026-06-28 01:00:00,133.1,127.11565800660652
2026-06-28 01:30:00,131.75,133.12221585180976
2026-06-28 01:45:00,128.83,132.18579578005156
2026-06-28 02:00:00,130.38,130.18515559400996
2026-06-28 02:15:00,131.75,131.25259140024633
2026-06-28 02:30:00,129.2,132.5482841678474
2026-06-28 02:45:00,129.07,130.41307188165086
2026-06-28 03:00:00,133.1,130.3169962273075
2026-06-28 03:15:00,131.75,133.58508955026636
2026-06-28 03:30:00,116.14,132.69889721133848
2026-06-28 04:00:00,130.49,119.33702611059331
2026-06-28 04:15:00,131.75,131.1972497637061
2026-06-28 04:30:00,124.4,132.11983941264066
2026-06-28 04:45:00,119.11,126.32773047289396
2026-06-28 05:00:00,131.75,121.93072016697927
2026-06-28 05:15:00,130.65,132.34946186762227
2026-06-28 05:30:00,133.1,131.4566801823347
2026-06-28 05:45:00,124.9,132.75855420457586
2026-06-28 06:00:00,132.4,124.93191332867843
2026-06-28 06:15:00,129.2,130.93509397153815
2026-06-28 06:30:00,133.1,127.82460991766685
2026-06-28 06:45:00,120.0,131.13447842267405
2026-06-28 07:00:00,116.14,118.80932133141641
2026-06-28 07:45:00,111.58,114.1256360142943
2026-06-28 08:00:00,71.05,107.99166370300215
2026-06-28 08:15:00,66.0,72.73658960993411
2026-06-28 08:30:00,65.36,68.2092499447187
2026-06-28 08:45:00,60.0,67.57933775804428
2026-06-28 09:00:00,50.0,63.90554601964293
2026-06-28 09:30:00,60.0,54.41467213179944
2026-06-28 09:45:00,79.0,63.11204361148593
2026-06-28 10:00:00,94.0,79.4004229498689
2026-06-28 10:15:00,90.93,92.54036046451455
2026-06-28 10:30:00,91.93,89.939291522985
2026-06-28 10:45:00,93.11,90.11978237440901
2026-06-28 11:00:00,87.0,90.86753255722046
2026-06-28 11:15:00,89.75,85.58117034148985
2026-06-28 11:30:00,90.93,88.42694062313632
2026-06-28 11:45:00,93.24,89.20723581604719
2026-06-28 12:00:00,90.0,91.81190666342259
2026-06-28 12:15:00,94.47,89.27949898696653
2026-06-28 12:30:00,94.0,93.15239203220345
2026-06-28 12:45:00,66.0,93.23880960655181
2026-06-28 13:00:00,50.06,69.73577008866243
2026-06-28 13:15:00,60.0,56.54163202150162
2026-06-28 13:30:00,68.57,65.73633186073634
2026-06-28 13:45:00,97.76,75.6719967160985
2026-06-28 14:00:00,111.48,101.63026017351498
2026-06-28 14:15:00,115.85,112.8739222595561
2026-06-28 14:30:00,129.2,115.86069569433444
2026-06-28 14:45:00,134.19,126.21010600363856
2026-06-28 15:00:00,120.5,134.83532215947352
2026-06-28 15:15:00,131.75,123.16346856470223
2026-06-28 15:30:00,132.78,132.86436014421517
2026-06-28 15:45:00,134.19,134.28929905322363
2026-06-28 16:00:00,116.64,136.53771938247453
2026-06-28 16:15:00,133.1,121.15283170056055
2026-06-28 16:30:00,137.91,135.42452507756784
2026-06-28 16:45:00,147.17,140.4562787568752
2026-06-28 17:15:00,151.66,149.50453799910585
2026-06-28 17:30:00,161.59,152.92446007809966
2026-06-28 17:45:00,175.63,161.50926026759885
2026-06-28 18:00:00,151.66,174.59162482963796
2026-06-28 18:15:00,152.71,153.54568984697173
2026-06-28 18:30:00,159.8,154.2003694674221
2026-06-28 18:45:00,160.65,159.85025297851558
2026-06-28 19:00:00,159.8,156.98584367905252
2026-06-28 19:30:00,158.14,155.64414824224482
2026-06-28 19:45:00,157.47,153.61191667404552
2026-06-28 20:00:00,163.52,152.22264728232906
2026-06-28 20:15:00,159.8,158.089427626202
2026-06-28 20:30:00,151.66,154.33707989713338
2026-06-28 20:45:00,148.75,147.2518516514338
2026-06-28 21:00:00,152.0,144.05483348903917
2026-06-28 21:15:00,147.17,147.28971675393845
2026-06-28 21:30:00,139.48,143.31523431015606
2026-06-28 21:45:00,134.8,136.71321572666992
2026-06-28 22:00:00,167.99,133.43459355057675
2026-06-28 22:15:00,155.09,161.7706856208312
2026-06-28 22:30:00,150.26,151.431711338525
2026-06-28 22:45:00,149.69,147.30771286571198
2026-06-28 23:00:00,150.26,146.33833834744016
2026-06-28 23:15:00,149.69,147.02879069739555
2026-06-28 23:30:00,142.3,147.13948438080317
2026-06-28 23:45:00,139.11,140.98336546779177
2026-06-29 00:30:00,138.2,138.23490543739464
2026-06-29 01:00:00,137.14,136.91363924865905
2026-06-29 01:15:00,136.57,136.5750444871676
2026-06-29 01:30:00,135.41,136.34492311785704
2026-06-29 02:00:00,130.43,135.406201772808
2026-06-29 02:15:00,130.45,131.16377715021275
2026-06-29 02:30:00,130.43,131.21601206215388
2026-06-29 03:00:00,132.63,131.17172191263717
2026-06-29 03:15:00,130.43,133.22845684345288
2026-06-29 03:30:00,133.02,131.35826307581442
2026-06-29 03:45:00,137.14,133.80413229158862
2026-06-29 04:00:00,139.11,137.03339586056438
2026-06-29 04:15:00,145.57,138.68850975230782
2026-06-29 04:30:00,144.13,144.10938210901486
2026-06-29 04:45:00,145.68,142.47285742089252
2026-06-29 05:00:00,154.33,144.21124674864336
2026-06-29 05:15:00,153.4,151.0352505322818
2026-06-29 05:30:00,150.26,149.67532117199593
2026-06-29 05:45:00,149.69,146.31759693306674
2026-06-29 06:00:00,162.77,148.96898369214858
2026-06-29 06:15:00,150.26,160.6486050649352
2026-06-29 06:30:00,143.45,149.2296583783754
2026-06-29 06:45:00,143.52,143.17323749668967
2026-06-29 07:00:00,137.14,143.01112463180405
2026-06-29 07:15:00,136.84,137.7361106500425
2026-06-29 08:00:00,135.41,133.9430785999224
2026-06-29 08:30:00,130.43,132.07907745259615
2026-06-29 09:00:00,135.41,127.28770224331366
2026-06-29 09:30:00,135.53,131.24275967626943
2026-06-29 09:45:00,135.41,130.75201427838397
2026-06-29 10:30:00,130.43,130.72394778790772
2026-06-29 10:45:00,135.41,126.23529851966045
2026-06-29 11:15:00,136.84,131.97883297737343
2026-06-29 11:45:00,137.0,134.96687186133877
2026-06-29 12:00:00,139.11,136.59851849955396
2026-06-29 12:15:00,140.0,140.4626438493807
2026-06-29 12:30:00,149.69,141.9410145378698
2026-06-29 13:00:00,157.47,151.28686789309882
2026-06-29 13:15:00,166.55,157.62812687007465
2026-06-29 13:30:00,172.2,165.35153601268553
2026-06-29 13:45:00,177.78,169.0725003103248
2026-06-29 14:00:00,152.0,172.34973410292386
2026-06-29 14:30:00,158.56,150.93395770994195
2026-06-29 14:45:00,183.28,157.36573907457378
2026-06-29 15:00:00,156.39,183.96029792351888
2026-06-29 15:15:00,162.14,161.70562956024517
2026-06-29 15:30:00,177.78,166.70106328458007
2026-06-29 15:45:00,194.0,179.2450069724652
2026-06-29 16:00:00,155.09,194.0607886367378
2026-06-29 16:15:00,175.0,160.91399006929007
2026-06-29 16:30:00,191.42,178.08200851235136
2026-06-29 16:45:00,201.49,191.9532175486069
2026-06-29 17:00:00,187.0,202.36564115435098
2026-06-29 17:15:00,177.78,191.05689516912528
2026-06-29 17:30:00,207.72,183.81967900009099
2026-06-29 17:45:00,252.3,209.20148604819389
2026-06-29 18:00:00,213.96,244.3880127330153
2026-06-29 18:15:00,205.99,211.20033533833464
2026-06-29 18:30:00,203.93,203.32980609846598
2026-06-29 18:45:00,200.0,200.43618537863256
2026-06-29 19:00:00,205.99,193.41659323042552
2026-06-29 19:15:00,191.42,198.8076654159472
2026-06-29 19:30:00,187.0,187.08732617602942
2026-06-29 19:45:00,177.78,183.06388640300088
2026-06-29 20:00:00,220.0,175.10211817270394
2026-06-29 20:15:00,204.76,211.79221339230313
2026-06-29 20:30:00,205.99,199.77881731006653
2026-06-29 20:45:00,172.2,200.5068188125633
2026-06-29 21:00:00,200.0,170.15903195541827
2026-06-29 21:15:00,174.44,194.0345025340076
2026-06-29 21:30:00,167.27,171.86790514773054
2026-06-29 21:45:00,149.69,166.2924049946741
2026-06-29 22:00:00,174.99,149.44457907708454
2026-06-29 22:15:00,166.06,172.95650442306413
2026-06-29 22:30:00,163.0,165.52067350582507
2026-06-29 22:45:00,156.0,163.1329316905295
2026-06-29 23:00:00,166.06,156.3766980653604
2026-06-29 23:15:00,153.61,165.16710977553888
2026-06-29 23:30:00,141.68,154.56487933265194
2026-06-29 23:45:00,135.45,144.46600541329613
2026-06-30 00:00:00,140.0,138.46881548030188
2026-06-30 00:15:00,135.45,142.8637912422993
2026-06-30 01:30:00,135.0,139.6812463034652
2026-06-30 01:45:00,134.94,139.60617500688392
2026-06-30 02:00:00,135.45,139.31072142651087
2026-06-30 02:30:00,135.0,140.06308618231722
2026-06-30 02:45:00,135.45,140.06565207569403
2026-06-30 03:30:00,134.94,140.7145463618803
2026-06-30 04:00:00,135.45,138.89921852131107
2026-06-30 04:15:00,146.06,139.6699366397561
2026-06-30 04:30:00,162.37,148.72575254762577
2026-06-30 04:45:00,158.52,162.60331925329237
2026-06-30 05:00:00,166.06,159.9449759367047
2026-06-30 05:15:00,177.78,165.60249069181071
2026-06-30 05:30:00,173.71,174.9356931017153
2026-06-30 05:45:00,157.44,171.28597663665096
2026-06-30 06:00:00,175.4,160.42668398290857
2026-06-30 06:15:00,159.8,175.040900212588
2026-06-30 06:30:00,137.33,161.42819321700205
2026-06-30 06:45:00,135.45,142.29889659469205
2026-06-30 07:00:00,166.06,139.80933038915074
2026-06-30 07:15:00,157.47,166.1648369074906
2026-06-30 07:30:00,152.0,159.0500440546611
2026-06-30 07:45:00,138.37,153.84285938549405
2026-06-30 08:00:00,145.0,139.03843794777868
2026-06-30 08:30:00,142.3,144.05404153101404
2026-06-30 08:45:00,135.0,141.30627415996753
2026-06-30 09:00:00,133.59,135.0509149192328
2026-06-30 09:15:00,145.0,132.969661233654
2026-06-30 09:45:00,134.94,142.24254872108267
2026-06-30 11:30:00,139.69,134.24572302451844
2026-06-30 11:45:00,145.23,138.03609750128658
2026-06-30 12:00:00,148.4,142.5724110431401
2026-06-30 12:15:00,165.0,145.9006029455506
2026-06-30 12:45:00,166.06,160.40971858363108
2026-06-30 13:00:00,134.0,160.84813121309878
2026-06-30 13:15:00,135.0,134.26817090275776
2026-06-30 13:30:00,141.3,135.34319099592147
2026-06-30 13:45:00,159.37,141.17675728859237
2026-06-30 14:00:00,132.24,158.3152537039372
2026-06-30 14:15:00,133.92,135.48163330102562
2026-06-30 14:30:00,134.94,137.11055375997068
2026-06-30 14:45:00,135.45,137.94233315334648
2026-06-30 15:15:00,136.1,144.52705939112855
2026-06-30 15:30:00,150.0,145.42763266162726
2026-06-30 15:45:00,163.0,157.72585412758949
2026-06-30 16:00:00,154.38,169.53862906088074
2026-06-30 16:15:00,166.06,162.27484130298157
2026-06-30 16:30:00,177.78,172.08763031365677
2026-06-30 16:45:00,203.93,182.0736504645294
2026-06-30 17:00:00,177.78,205.15341587255466
2026-06-30 17:15:00,185.64,183.0928593688967
2026-06-30 17:30:00,203.93,189.36200066789308
2026-06-30 17:45:00,249.07,204.53532842003753
2026-06-30 18:00:00,201.23,240.68640062055667
2026-06-30 18:15:00,194.66,199.7123829615835
2026-06-30 18:30:00,198.81,193.45412700707118
2026-06-30 18:45:00,197.94,197.01760249663434
2026-06-30 19:00:00,204.65,193.0890711793626
2026-06-30 19:15:00,185.9,198.04959766462702
2026-06-30 19:30:00,177.78,183.10037515892435
2026-06-30 19:45:00,159.8,175.8884247192077
2026-06-30 20:00:00,177.78,159.8196494901667
2026-06-30 20:15:00,175.63,174.94363825010683
2026-06-30 20:30:00,180.0,174.91591774357917
2026-06-30 20:45:00,159.8,178.22001580362033
2026-06-30 21:00:00,165.0,159.71034167902147
2026-06-30 21:15:00,140.0,163.66842163572582
2026-06-30 21:30:00,135.45,142.61757417418337
2026-06-30 21:45:00,133.92,139.60074841282494
2026-06-30 22:00:00,183.99,136.5324456064089
2026-06-30 22:15:00,162.3,178.0628459946793
2026-06-30 22:30:00,155.0,161.0231467883956
2026-06-30 22:45:00,146.39,154.98415197122998
2026-06-30 23:00:00,160.02,146.08764263350113
2026-06-30 23:15:00,153.12,158.3777685528804
2026-06-30 23:30:00,147.52,152.26297692662726
2026-06-30 23:45:00,142.0,148.16185257117112
2026-07-01 00:00:00,146.57,143.0850231575776
2026-07-01 00:15:00,138.0,147.50998258495144
2026-07-01 00:30:00,135.95,138.45170449172784
2026-07-01 00:45:00,128.0,137.34662171139001
2026-07-01 01:00:00,138.4,130.23367107872343
2026-07-01 01:15:00,133.0,140.74244624434905
2026-07-01 01:30:00,128.9,134.92996356361445
2026-07-01 01:45:00,129.18,132.63722307429737
2026-07-01 02:00:00,139.75,132.8220746580213
2026-07-01 02:15:00,128.64,142.7292761995166
2026-07-01 02:30:00,137.15,132.24407414377322
2026-07-01 02:45:00,136.26,139.84858247689485
2026-07-01 03:00:00,133.0,138.8941314745834
2026-07-01 03:15:00,136.32,136.70660506947723
2026-07-01 03:30:00,135.64,138.81810546918817
2026-07-01 03:45:00,138.0,138.72682089412243
2026-07-01 04:00:00,133.0,141.41096893855092
2026-07-01 04:15:00,145.0,137.07249268027192
2026-07-01 04:30:00,157.47,146.88299154948618
2026-07-01 04:45:00,154.96,157.59238917651726
2026-07-01 05:00:00,144.13,156.24649940274324
2026-07-01 05:15:00,157.78,146.07175991131064
2026-07-01 05:30:00,157.75,156.78060161987756
2026-07-01 05:45:00,160.34,156.44991798633092
2026-07-01 06:00:00,158.63,162.21868323482084
2026-07-01 06:15:00,164.22,159.85878229551105
2026-07-01 06:30:00,163.18,164.1596767453359
2026-07-01 06:45:00,133.97,162.24397701691746
2026-07-01 07:00:00,160.44,136.18644159759998
2026-07-01 07:15:00,143.81,158.33786811025482
2026-07-01 07:30:00,127.62,143.3577435810451
2026-07-01 07:45:00,114.81,129.43868733748175
2026-07-01 08:00:00,145.0,115.44133413370888
2026-07-01 08:15:00,130.8,142.04214289956096
2026-07-01 08:30:00,123.75,129.1612185100559
2026-07-01 08:45:00,120.86,123.74624646119358
2026-07-01 09:00:00,142.67,120.87445534037582
2026-07-01 09:15:00,129.0,139.72863277319698
2026-07-01 09:30:00,129.18,126.67342934124726
2026-07-01 09:45:00,127.17,126.99815261462449
2026-07-01 10:00:00,132.83,124.57905434133914
2026-07-01 10:15:00,134.0,130.3340157752415
2026-07-01 10:45:00,134.48,130.90539820246124
2026-07-01 11:00:00,133.55,131.44545454091897
2026-07-01 11:15:00,134.0,130.86954100393282
2026-07-01 11:30:00,135.05,131.45611310415055
2026-07-01 11:45:00,145.0,132.00060933442
2026-07-01 12:00:00,146.0,141.15531506716852
2026-07-01 12:15:00,146.01,141.9130537280325
2026-07-01 12:30:00,152.2,141.81634814033117
2026-07-01 12:45:00,175.75,146.8150540207848
2026-07-01 13:00:00,145.0,166.45822494452943
2026-07-01 13:15:00,150.0,140.25416237796478
2026-07-01 13:30:00,169.4,145.97961403666358
2026-07-01 13:45:00,190.0,162.12693777399213
2026-07-01 14:00:00,157.91,180.873723411793
2026-07-01 14:15:00,173.65,152.8553882474569
2026-07-01 14:30:00,194.24,167.4110031051903
2026-07-01 14:45:00,174.2,185.04110663230227
2026-07-01 15:00:00,141.0,174.48143897308347
2026-07-01 15:15:00,148.76,145.68338216828624
2026-07-01 15:30:00,157.47,152.5301924149262
2026-07-01 15:45:00,172.77,160.5247726720469
2026-07-01 16:00:00,121.0,174.76538892999685
2026-07-01 16:15:00,136.1,131.01714014272898
2026-07-01 16:30:00,154.92,143.6358637959908
2026-07-01 16:45:00,175.0,159.2861677091712
2026-07-01 17:00:00,137.81,177.3497890909643
2026-07-01 17:15:00,162.81,146.6530502112768
2026-07-01 17:30:00,179.36,167.35687508923598
2026-07-01 17:45:00,191.65,180.2711653232651
2026-07-01 18:00:00,165.0,186.554859904805
2026-07-01 18:15:00,174.66,165.56516890487904
2026-07-01 18:30:00,188.51,173.54849143001147
2026-07-01 18:45:00,191.0,185.24073018945109
2026-07-01 19:00:00,181.34,183.55000686105106
2026-07-01 19:15:00,165.9,174.8331477909488
2026-07-01 19:30:00,168.37,161.65941008606353
2026-07-01 19:45:00,140.0,163.98811513289309
2026-07-01 20:00:00,157.78,140.6706988955331
2026-07-01 20:15:00,165.02,155.7473442703932
2026-07-01 20:30:00,148.23,161.74705271984226
2026-07-01 20:45:00,135.0,147.8899258662259
2026-07-01 21:00:00,174.87,136.7939213560829
2026-07-01 21:15:00,151.34,170.495532536088
2026-07-01 21:30:00,135.0,151.8834299940642
2026-07-01 21:45:00,118.8,138.4651094631836
2026-07-01 22:00:00,154.87,123.15720537299347
2026-07-01 22:15:00,151.03,152.54562265460274
2026-07-01 22:30:00,145.66,150.54045332994326
2026-07-01 22:45:00,138.04,146.66067921846815
2026-07-01 23:00:00,149.71,139.34961760762914
2026-07-01 23:15:00,140.08,148.87102379787035
2026-07-01 23:30:00,131.22,141.08723657366585
2026-07-01 23:45:00,127.99,133.9757210765758
2026-07-02 00:00:00,133.46,131.11838443021006
2026-07-02 00:15:00,132.91,135.89601447929778
2026-07-02 00:30:00,132.51,136.06266062493984
2026-07-02 00:45:00,133.43,135.9198317508116
2026-07-02 01:00:00,135.0,136.90988931522497
2026-07-02 01:30:00,136.47,137.83660341759588
2026-07-02 01:45:00,132.18,139.33773500621245
2026-07-02 02:00:00,135.0,135.8821499941122
2026-07-02 03:00:00,130.0,138.39839027486622
2026-07-02 03:15:00,138.75,133.36319373311275
2026-07-02 03:30:00,139.5,141.2235042208219
2026-07-02 03:45:00,133.03,141.1590652537569
2026-07-02 04:00:00,129.36,135.50505835896652
2026-07-02 04:15:00,140.0,132.45729659747636
2026-07-02 04:30:00,155.93,141.37401766748707
2026-07-02 04:45:00,160.3,155.26183928865635
2026-07-02 05:00:00,140.0,159.92694124416792
2026-07-02 05:15:00,142.03,142.21660250795665
2026-07-02 05:30:00,157.75,142.54246844414686
2026-07-02 05:45:00,143.64,154.922256004281
2026-07-02 06:00:00,154.56,147.0574651809012
2026-07-02 06:15:00,140.0,156.21149552194672
2026-07-02 06:30:00,136.1,142.09267021893123
2026-07-02 06:45:00,124.5,138.60801665569062
2026-07-02 07:00:00,171.37,127.67404636188549
2026-07-02 07:15:00,150.23,167.86837227316423
2026-07-02 07:30:00,157.62,149.24690792122215
2026-07-02 07:45:00,150.0,155.54937777518413
2026-07-02 08:00:00,145.83,146.57520414510026
2026-07-02 08:15:00,144.67,141.9831616956779
2026-07-02 08:30:00,139.5,140.92558896118348
2026-07-02 08:45:00,130.0,136.88756279246948
2026-07-02 09:00:00,136.6,128.95597976312163
2026-07-02 09:15:00,136.36,132.99088579501694
2026-07-02 09:30:00,132.18,133.1830525292736
2026-07-02 09:45:00,123.99,129.85707670993855
2026-07-02 10:00:00,134.12,122.39475559351743
2026-07-02 10:15:00,134.5,130.13115906777307
2026-07-02 10:30:00,132.18,131.2249087052716
2026-07-02 10:45:00,119.6,129.52358333291087
2026-07-02 11:00:00,122.5,118.46160060181306
2026-07-02 11:15:00,129.5,121.52603273145154
2026-07-02 11:30:00,130.61,128.40736439168495
2026-07-02 11:45:00,126.6,130.59859370932776
2026-07-02 12:00:00,124.24,127.85402449043845
2026-07-02 12:15:00,126.0,124.61372718074513
2026-07-02 12:30:00,130.0,125.06109161710296
2026-07-02 12:45:00,136.36,127.23118960490162
2026-07-02 13:00:00,132.42,131.5893761700875
2026-07-02 13:15:00,128.17,128.8715588385295
2026-07-02 13:30:00,132.97,125.7610622416289
2026-07-02 13:45:00,142.8,129.73202632536385
2026-07-02 14:00:00,136.1,139.89817880772495
2026-07-02 14:15:00,140.23,134.66252210741214
2026-07-02 14:30:00,143.0,137.64363304174577
2026-07-02 14:45:00,136.89,139.13508977833214
2026-07-02 15:00:00,118.17,140.4293773836747
2026-07-02 15:15:00,119.6,124.06489861602986
2026-07-02 15:30:00,125.74,124.88013942984824
2026-07-02 15:45:00,156.49,131.6426476456853
2026-07-02 16:00:00,116.31,160.5660336739751
2026-07-02 16:15:00,135.0,125.73174792421912
2026-07-02 16:30:00,154.96,141.57843079226748
2026-07-02 16:45:00,177.04,157.07330555051712
2026-07-02 17:00:00,140.5,179.6894545089589
2026-07-02 17:15:00,173.0,147.4550259075572
2026-07-02 17:30:00,176.3,174.27448860303068
2026-07-02 17:45:00,189.77,175.50192905285064
2026-07-02 18:00:00,174.65,186.47473013400543
2026-07-02 18:15:00,174.94,171.72280606529543
2026-07-02 19:00:00,182.38,167.69816330352944
2026-07-02 19:15:00,170.99,173.01795726418024
2026-07-02 19:30:00,162.1,164.80387753189407
2026-07-02 19:45:00,144.53,156.81346950682783
2026-07-02 20:00:00,161.07,141.13551748245823
2026-07-02 20:15:00,157.16,155.3200749301034
2026-07-02 20:30:00,146.77,152.5211283187176
2026-07-02 20:45:00,135.0,144.70631079067135
2026-07-02 21:00:00,153.2,133.967055723972
2026-07-02 21:15:00,140.25,150.81941147871018
2026-07-02 21:30:00,130.03,139.29200998428811
2026-07-02 21:45:00,119.6,130.55286857757073
2026-07-02 22:00:00,137.87,121.49061243327198
2026-07-02 22:15:00,144.0,138.02440950106387
2026-07-02 22:30:00,137.73,141.84167506095002
2026-07-02 22:45:00,143.04,137.72215671266065
2026-07-02 23:00:00,153.0,142.40147930803403
2026-07-02 23:30:00,138.0,151.4166586978696
2026-07-02 23:45:00,134.92,137.19790914889847
2026-07-03 00:00:00,144.0,134.5387157574315
2026-07-03 00:15:00,136.66,142.2591184013635
2026-07-03 00:30:00,138.0,136.7869312704678
2026-07-03 00:45:00,134.92,137.58766294285576
2026-07-03 01:00:00,134.46,135.14515401003695
2026-07-03 01:15:00,133.49,135.33576959154422
2026-07-03 01:45:00,134.92,134.5834673347521
2026-07-03 02:00:00,133.34,135.71386989559238
2026-07-03 02:15:00,136.66,134.33490453913433
2026-07-03 02:30:00,132.52,137.11987112436148
2026-07-03 02:45:00,131.0,133.3601764708301
2026-07-03 03:00:00,138.12,132.11514827337092
2026-07-03 03:15:00,134.92,138.00644375884585
2026-07-03 03:30:00,124.86,135.54625867249527
2026-07-03 03:45:00,122.5,126.8493561654691
2026-07-03 04:00:00,125.0,124.9216004576338
2026-07-03 04:15:00,153.0,126.53996993380505
2026-07-03 04:30:00,148.41,150.51227587300025
2026-07-03 04:45:00,150.53,146.78447127695932
2026-07-03 05:00:00,148.0,149.29597850103278
2026-07-03 05:15:00,150.74,145.44244645769814
2026-07-03 05:30:00,145.0,146.87018960014908
2026-07-03 05:45:00,135.55,141.24138776701074
2026-07-03 06:00:00,139.5,137.36281976463533
2026-07-03 06:15:00,135.0,140.0667335738057
2026-07-03 06:30:00,132.63,135.2625382702438
2026-07-03 06:45:00,132.87,133.5728612816322
2026-07-03 07:00:00,122.4,132.76078592078272
2026-07-03 07:15:00,132.0,124.11493896972111
2026-07-03 07:30:00,131.05,132.13808964829585
2026-07-03 07:45:00,134.95,131.39066879856477
2026-07-03 08:00:00,139.69,130.73035591503225
2026-07-03 08:15:00,125.48,134.88352651869675
2026-07-03 08:30:00,130.31,121.96131175618635
2026-07-03 08:45:00,124.52,125.74870884840635
2026-07-03 09:00:00,128.04,120.41731946776261
2026-07-03 09:15:00,134.72,123.59732646646985
2026-07-03 09:30:00,122.72,129.0730785487824
2026-07-03 09:45:00,134.52,119.07269862115227
2026-07-03 10:00:00,114.58,128.530339467175
2026-07-03 10:15:00,114.86,111.21900947441982
2026-07-03 10:30:00,115.18,111.77603412989336
2026-07-03 10:45:00,124.52,111.96484866958542
2026-07-03 11:00:00,127.39,120.15596847192647
2026-07-03 11:15:00,128.57,122.83479674344159
2026-07-03 11:30:00,132.45,123.78934245768261
2026-07-03 11:45:00,131.59,127.62070334239331
2026-07-03 12:00:00,127.06,126.89073619836718
2026-07-03 12:15:00,130.7,123.18779215063613
2026-07-03 12:30:00,131.87,125.97862239296097
2026-07-03 12:45:00,130.77,127.35988852921831
2026-07-03 13:00:00,133.47,126.88534133072648
2026-07-03 13:15:00,133.0,129.58761851723455
2026-07-03 13:30:00,124.52,129.56445539815266
2026-07-03 13:45:00,125.8,122.62590366102889
2026-07-03 14:00:00,124.0,124.33336146499018
2026-07-03 14:15:00,133.0,123.17350922133764
2026-07-03 14:30:00,134.3,131.26652480990793
2026-07-03 14:45:00,129.1,132.1819849778463
2026-07-03 15:00:00,121.64,133.0989473995374
2026-07-03 15:15:00,126.63,126.54881038077582
2026-07-03 15:30:00,155.74,131.04661697398964
2026-07-03 15:45:00,164.0,156.6637321412726
2026-07-03 16:00:00,126.39,165.21087547007917
2026-07-03 16:15:00,139.67,133.36117973962467
2026-07-03 16:30:00,164.0,144.18789665633687
2026-07-03 16:45:00,175.0,163.96245937144042
2026-07-03 17:00:00,154.97,176.81805616381922
2026-07-03 17:15:00,153.38,158.91930882433923
2026-07-03 17:30:00,159.82,156.4154184504895
2026-07-03 17:45:00,170.8,161.03714185320615
2026-07-03 18:00:00,168.0,169.3262090291442
2026-07-03 18:15:00,167.1,165.84285404983618
2026-07-03 18:30:00,170.45,164.93981437148867
2026-07-03 18:45:00,175.18,167.05875655582838
2026-07-03 19:00:00,164.0,167.3167350930573
2026-07-03 19:15:00,159.5,157.82750146161774
2026-07-03 19:30:00,158.16,153.58663218262816
2026-07-03 19:45:00,156.22,152.81163338183475
2026-07-03 20:00:00,156.33,151.9599943335469
2026-07-03 20:15:00,163.35,152.86843733902253
2026-07-03 20:30:00,145.61,158.17821265154802
2026-07-03 20:45:00,135.53,143.17184800997663
2026-07-03 21:00:00,156.53,134.97195328204532
2026-07-03 21:15:00,141.21,153.17742242410307
2026-07-03 21:30:00,135.0,139.909088843633
2026-07-03 21:45:00,131.0,135.30526962113296
2026-07-03 22:00:00,137.0,132.54925225044047
2026-07-03 23:00:00,161.5,138.42581172448047
2026-07-03 23:15:00,139.92,158.8811626582152
2026-07-03 23:30:00,141.48,140.2777611800628
2026-07-03 23:45:00,136.0,141.5891963864755
2026-07-04 00:00:00,139.92,136.02532849553592
2026-07-04 00:30:00,140.56,139.46846383991726
2026-07-04 00:45:00,139.6,140.5104612366669
2026-07-04 01:00:00,135.7,140.00166653155378
2026-07-04 01:15:00,139.5,136.14075795358264
2026-07-04 01:30:00,133.99,139.66040392780727
2026-07-04 01:45:00,130.81,134.88853922336207
2026-07-04 02:00:00,140.5,132.4376560674921
2026-07-04 02:15:00,139.92,140.6078342777494
2026-07-04 02:45:00,136.17,140.2941168126908
2026-07-04 03:00:00,139.92,137.14600004430935
2026-07-04 03:15:00,133.29,140.1010858453021
2026-07-04 03:30:00,129.19,134.26981790154582
2026-07-04 03:45:00,118.0,131.03216974916026
2026-07-04 04:00:00,135.0,121.43186780984429
2026-07-04 04:15:00,126.53,135.65635993231672
2026-07-04 04:30:00,128.09,128.46254517881144
2026-07-04 04:45:00,118.02,130.38438017735524
2026-07-04 05:00:00,144.73,122.03552797716418
2026-07-04 05:15:00,137.0,144.58286118422805
2026-07-04 05:30:00,122.31,136.25130466033048
2026-07-04 05:45:00,112.44,123.6734188229274
2026-07-04 06:00:00,173.0,113.84075077557674
2026-07-04 06:15:00,162.54,165.53308928292273
2026-07-04 06:30:00,123.0,156.50059267895284
2026-07-04 06:45:00,111.43,122.7399636641391
2026-07-04 07:00:00,139.92,110.92799748253101
2026-07-04 07:15:00,134.04,134.94814100928352
2026-07-04 07:30:00,111.78,130.86800796468006
2026-07-04 07:45:00,105.14,111.816385869574
2026-07-04 08:00:00,61.11,102.86564601477313
2026-07-04 08:15:00,51.4,65.44150368226916
2026-07-04 08:30:00,49.32,57.05219738054479
2026-07-04 09:00:00,16.0,54.82280450150653
2026-07-04 09:30:00,15.0,26.911455702734326
2026-07-04 09:45:00,5.0,25.882636483749316
2026-07-04 10:00:00,35.21,17.934308284247024
2026-07-04 10:15:00,41.57,44.709666561237896
2026-07-04 10:30:00,46.14,49.936846411890485
2026-07-04 12:00:00,25.0,55.08580802828756
2026-07-04 12:30:00,16.0,37.17392499603475
2026-07-04 12:45:00,1.78,30.320061444989207
2026-07-04 13:00:00,1.0,17.886054412926928
2026-07-04 13:15:00,0.35,18.613891113888855
2026-07-04 13:30:00,0.23,18.37645965563279
2026-07-04 13:45:00,2.0,18.526491203369485
2026-07-04 14:00:00,0.08,19.653945810190027
2026-07-04 14:15:00,1.0,17.772645597245535
2026-07-04 14:30:00,2.0,18.3342381886968
2026-07-04 14:45:00,26.0,18.83115764015843
2026-07-04 15:00:00,75.0,44.62522463691286
2026-07-04 15:30:00,106.71,87.18082346092861
2026-07-04 15:45:00,124.0,114.39442530847198
2026-07-04 16:00:00,104.64,128.7195118538803
2026-07-04 16:15:00,109.37,111.33145327098457
2026-07-04 16:30:00,130.89,114.68958418472697
2026-07-04 16:45:00,175.5,133.06834470224206
2026-07-04 17:00:00,127.38,172.84256274726116
2026-07-04 17:15:00,131.99,131.91904120871325
2026-07-04 17:30:00,147.4,135.6066998234113
2026-07-04 17:45:00,175.89,147.36910325143037
2026-07-04 18:00:00,151.7,173.6580451167398
2026-07-04 18:15:00,155.0,153.34149755334226
2026-07-04 18:30:00,175.5,156.33209443409515
2026-07-04 18:45:00,176.2,173.12223203428476
2026-07-04 19:00:00,160.0,168.91847183649026
2026-07-04 19:45:00,155.0,154.42680459295772
2026-07-04 20:00:00,187.11,151.11028824720117
2026-07-04 20:15:00,180.82,178.06569861979682
2026-07-04 20:30:00,169.01,172.1947622754853
2026-07-04 20:45:00,131.38,161.73426773734622
2026-07-04 21:00:00,186.0,129.37200429990477
2026-07-04 21:15:00,163.85,176.36282595574127
2026-07-04 21:30:00,145.0,157.4762725669997
2026-07-04 21:45:00,119.47,142.09039147761462
2026-07-04 22:00:00,140.0,118.34821535850115
2026-07-04 22:15:00,145.0,136.50322037764937
2026-07-04 22:30:00,131.86,141.0798759296836
2026-07-04 22:45:00,127.8,130.28889460573166
2026-07-04 23:00:00,149.28,126.63744103321692
2026-07-04 23:15:00,150.8,144.93386216620698
2026-07-04 23:30:00,140.0,146.52688731074986
2026-07-04 23:45:00,139.92,137.47538371440632
2026-07-05 00:00:00,140.79,136.6493162088055
2026-07-05 00:15:00,147.0,136.95259508758292
2026-07-05 00:30:00,145.0,143.29693099590784
2026-07-05 00:45:00,139.92,142.09398850260834
2026-07-05 01:00:00,143.5,136.794099348673
2026-07-05 01:15:00,139.92,140.2521728530762
2026-07-05 01:30:00,135.0,137.4751891610312
2026-07-05 01:45:00,135.89,133.51111410015116
2026-07-05 02:00:00,139.4,133.9281515343326
2026-07-05 02:15:00,138.7,135.94099937054682
2026-07-05 02:30:00,136.9,136.39156018897958
2026-07-05 02:45:00,145.0,134.6814111648357
2026-07-05 03:00:00,187.11,141.80250173147704
2026-07-05 03:15:00,167.5,177.7218466884098
2026-07-05 03:30:00,159.19,161.02710144653872
2026-07-05 03:45:00,145.0,153.77502479150073
2026-07-05 04:00:00,165.0,140.49594006724374
2026-07-05 04:15:00,147.0,157.9094986151246
2026-07-05 04:30:00,136.9,142.826082077345
2026-07-05 04:45:00,119.7,134.54913467950337
2026-07-05 05:00:00,140.5,119.29702081480335
2026-07-05 05:15:00,124.4,137.16434885881756
2026-07-05 05:30:00,119.7,123.43279753060735
2026-07-05 05:45:00,100.0,119.34679768865239
2026-07-05 06:00:00,143.08,101.70191826752992
2026-07-05 06:15:00,119.5,138.81344844448373
2026-07-05 06:30:00,87.29,118.86598054922374
2026-07-05 06:45:00,50.13,90.72224462110577
2026-07-05 07:00:00,40.0,57.44104532371371
2026-07-05 07:15:00,31.0,48.905449448131016
2026-07-05 07:30:00,20.99,42.13581574473914
2026-07-05 07:45:00,11.0,33.04898351260822
2026-07-05 08:00:00,0.13,22.56355005221011
2026-07-05 08:15:00,0.0,13.662040953562986
2026-07-05 08:30:00,1.0,13.804972216530057
2026-07-05 10:00:00,0.0,10.457231626057853
2026-07-05 11:45:00,1.0,9.758034423676161
2026-07-05 13:00:00,0.02,13.000522918740788
2026-07-05 13:15:00,0.0,12.783407911791757
2026-07-05 13:45:00,0.1,12.030118197858693
2026-07-05 14:00:00,6.0,12.461117023867047
2026-07-05 14:15:00,20.99,18.915364822991805
2026-07-05 14:30:00,26.0,32.44316485707225
2026-07-05 14:45:00,92.16,39.13230142811041
2026-07-05 15:00:00,86.5,101.11452158886914
2026-07-05 15:15:00,110.5,96.50036897866536
2026-07-05 15:30:00,147.2,118.86087963695076
2026-07-05 15:45:00,175.5,148.9479701182039
2026-07-05 16:00:00,119.7,174.4425464833757
2026-07-05 16:15:00,131.1,125.31615778206105
2026-07-05 16:30:00,139.92,134.2654302369699
2026-07-05 16:45:00,169.28,141.33329817299585
2026-07-05 17:00:00,118.48,169.82856601967953
2026-07-05 17:15:00,130.03,126.91738038980697
2026-07-05 17:30:00,175.5,137.73741109733893
2026-07-05 17:45:00,187.11,176.33260322559136
2026-07-05 18:00:00,157.79,188.64768934962902
2026-07-05 18:15:00,141.96,163.65501202739694
2026-07-05 18:30:00,174.9,149.07921732797163
2026-07-05 18:45:00,187.11,177.48070441542887
2026-07-05 19:00:00,173.0,184.752062997723
2026-07-05 19:30:00,173.19,173.2485011815858
2026-07-05 19:45:00,168.0,171.52125848475268
2026-07-05 20:00:00,183.41,164.79505176706195
2026-07-05 20:15:00,162.37,177.1449238201748
2026-07-05 20:30:00,149.01,158.42600612018984
2026-07-05 20:45:00,145.21,147.98760508939583
2026-07-05 21:00:00,187.11,144.09246302185355
2026-07-05 21:15:00,166.11,179.7437336051608
2026-07-05 21:30:00,133.95,160.2740663145953
2026-07-05 21:45:00,127.03,134.91551193279471
2026-07-05 22:00:00,151.8,128.22588119072017
2026-07-05 22:15:00,190.0,149.38146615757816
2026-07-05 22:30:00,160.97,181.88406313502247
2026-07-05 22:45:00,156.23,158.28347141628407
2026-07-05 23:00:00,160.28,153.33150979687025
2026-07-05 23:15:00,150.8,154.67871386448888
2026-07-05 23:30:00,140.0,147.37249328916087
2026-07-05 23:45:00,139.92,138.85446402934005
2026-07-06 00:00:00,135.9,138.72395815566338
2026-07-06 00:15:00,132.15,134.21627547851128
2026-07-06 00:30:00,134.27,131.4762426973648
2026-07-06 00:45:00,130.52,133.6184680643964
2026-07-06 01:00:00,135.54,132.05461964418257
2026-07-06 01:15:00,135.0,134.1927174465443
2026-07-06 01:30:00,133.95,134.50782023532804
2026-07-06 01:45:00,131.88,134.49571795289208
2026-07-06 02:00:00,131.2,133.63097430354904
2026-07-06 02:15:00,131.88,132.24333631451574
2026-07-06 02:30:00,129.68,132.5995013610022
2026-07-06 02:45:00,128.08,131.34323596502017
2026-07-06 03:00:00,129.94,130.11369607772164
2026-07-06 03:15:00,130.08,130.7206206263894
2026-07-06 03:30:00,133.7,130.76633609673556
2026-07-06 03:45:00,138.58,134.06201875802577
2026-07-06 04:00:00,131.42,138.17665567190733
2026-07-06 04:15:00,138.6,131.81864914626883
2026-07-06 04:30:00,140.03,137.36046394016086
2026-07-06 04:45:00,137.7,138.26235983576765
2026-07-06 05:00:00,148.4,137.48742691327942
2026-07-06 05:15:00,157.06,145.9218235050395
2026-07-06 05:30:00,155.0,153.0825150766779
2026-07-06 05:45:00,153.74,151.13362463056362
2026-07-06 06:00:00,156.83,153.01923756496657
2026-07-06 06:15:00,148.95,154.80114106965888
2026-07-06 06:30:00,150.0,147.6494170346027
2026-07-06 06:45:00,144.22,148.2174064754296
2026-07-06 07:00:00,143.21,142.40883335675443
2026-07-06 07:15:00,139.92,139.48312685610824
2026-07-06 07:30:00,127.78,136.8649759286327
2026-07-06 07:45:00,122.25,126.47861562310288
2026-07-06 08:00:00,140.93,119.93337460482167
2026-07-06 08:15:00,139.92,134.5873286142757
2026-07-06 08:30:00,130.03,134.3655728454594
2026-07-06 08:45:00,121.4,126.19829049348965
2026-07-06 09:00:00,137.38,118.69905055780825
2026-07-06 09:15:00,135.0,131.46378693426232
2026-07-06 09:30:00,130.33,130.2567619482174
2026-07-06 09:45:00,128.09,126.51645782882419
2026-07-06 10:00:00,133.15,124.84259090508694
2026-07-06 10:15:00,129.71,127.38103316990748
2026-07-06 10:30:00,132.14,125.40136342783109
2026-07-06 10:45:00,127.38,128.94852286395866
2026-07-06 11:15:00,132.05,126.39256807031092
2026-07-06 11:30:00,132.52,131.08536622239905
2026-07-06 11:45:00,131.61,131.83574641524115
2026-07-06 12:00:00,119.35,131.94778332070464
2026-07-06 12:15:00,120.8,122.28369616904534
2026-07-06 12:30:00,127.38,124.54001179968964
2026-07-06 12:45:00,129.28,130.73554316899916
2026-07-06 13:00:00,117.07,133.31039757914564
2026-07-06 13:15:00,120.8,123.50495910439868
2026-07-06 13:30:00,134.74,126.82197935168344
2026-07-06 13:45:00,151.31,139.28014839010294
2026-07-06 14:00:00,126.52,154.48418388785868
2026-07-06 14:15:00,140.19,133.30196463285577
2026-07-06 14:30:00,155.0,144.42181989204045
2026-07-06 14:45:00,157.97,156.04589519202008
2026-07-06 15:00:00,113.6,164.0423750388297
2026-07-06 15:15:00,119.86,123.14880071025183
2026-07-06 15:30:00,137.4,128.58261949057197
2026-07-06 15:45:00,149.54,142.73743731196498
2026-07-06 16:00:00,133.76,153.29189351557466
2026-07-06 16:15:00,145.96,138.89190457322158
2026-07-06 16:30:00,174.22,151.5922261501672
2026-07-06 16:45:00,169.28,175.42946834909904
2026-07-06 17:00:00,167.4,171.9027606147838
2026-07-06 17:15:00,165.95,169.3890187882935
2026-07-06 17:30:00,174.22,169.83129657092908
2026-07-06 17:45:00,188.83,177.07930485123208
2026-07-06 18:00:00,167.79,184.55963959003032
2026-07-06 18:15:00,171.75,166.4370021450057
2026-07-06 18:30:00,174.9,171.12050328460748
2026-07-06 18:45:00,183.9,174.36613868334416
2026-07-06 19:00:00,173.0,177.0095889211
2026-07-06 19:15:00,167.4,167.0503706963428
2026-07-06 19:30:00,166.02,162.735743017138
2026-07-06 19:45:00,163.9,161.2673133151053
2026-07-06 20:00:00,174.22,160.05075627317163
2026-07-06 20:30:00,167.4,168.25127207872646
2026-07-06 20:45:00,158.21,163.27604633758395
2026-07-06 21:00:00,174.22,156.04070797201086
2026-07-06 21:15:00,166.11,169.5523342606365
2026-07-06 21:30:00,144.22,160.96173893942978
2026-07-06 21:45:00,135.0,143.2744643381357
2026-07-06 22:00:00,150.0,135.9474003535266
2026-07-06 22:15:00,148.82,149.3211186783805
2026-07-06 22:30:00,151.5,147.95929617513764
2026-07-06 22:45:00,140.0,148.84087398120636
2026-07-06 23:00:00,155.22,139.69910687828687
2026-07-06 23:15:00,155.48,152.97009993664537
2026-07-06 23:30:00,148.82,152.89831183750022
2026-07-06 23:45:00,140.48,147.89954662872807
2026-07-07 00:00:00,145.07,140.75644573023516
2026-07-07 00:15:00,140.61,144.7739597225814
2026-07-07 00:30:00,140.0,141.26034918394825
2026-07-07 00:45:00,146.0,141.1221138200057
2026-07-07 01:00:00,133.9,146.08324264400326
2026-07-07 01:15:00,134.1,135.98894589948526
2026-07-07 01:30:00,140.0,135.95738330770243
2026-07-07 01:45:00,144.0,140.82770422114928
2026-07-07 02:00:00,132.9,144.68447515934318
2026-07-07 02:15:00,135.0,135.30002034269518
2026-07-07 02:45:00,145.46,136.92424126789209
2026-07-07 03:00:00,135.0,145.76403616857544
2026-07-07 03:15:00,138.5,137.20758921752378
2026-07-07 03:30:00,133.94,140.22338225021926
2026-07-07 03:45:00,135.0,135.91115258087603
2026-07-07 04:15:00,152.44,136.98316975567954
2026-07-07 04:30:00,159.06,151.4960308813893
2026-07-07 04:45:00,167.7,156.95595173856486
2026-07-07 05:00:00,153.7,165.45581991089247
2026-07-07 05:15:00,150.0,152.2428683911173
2026-07-07 05:30:00,153.93,148.4123775876997
2026-07-07 05:45:00,154.24,151.18575099629044
2026-07-07 06:00:00,139.12,154.78143062391922
2026-07-07 06:15:00,135.95,140.91796910486696
2026-07-07 06:30:00,146.0,137.69451601208127
2026-07-07 06:45:00,135.49,145.99057264966532
2026-07-07 07:00:00,144.22,136.68435819620714
2026-07-07 07:15:00,140.0,144.11990372528086
2026-07-07 07:30:00,120.0,139.76267095372464
2026-07-07 07:45:00,118.51,122.82842517318271
2026-07-07 08:00:00,130.95,118.66192888088787
2026-07-07 08:15:00,131.16,129.25796601486147
2026-07-07 08:30:00,128.15,130.25158077455248
2026-07-07 08:45:00,120.86,127.5996443680236
2026-07-07 09:00:00,142.27,119.68697434539602
2026-07-07 09:15:00,131.83,137.68037784450595
2026-07-07 09:30:00,130.0,129.17981924366126
2026-07-07 09:45:00,126.3,128.22520967785334
2026-07-07 10:00:00,113.15,123.20587881283221
2026-07-07 10:15:00,117.53,112.46409851389457
2026-07-07 10:30:00,117.98,116.58531521727522
2026-07-07 10:45:00,118.51,117.29340877403945
2026-07-07 11:00:00,120.0,118.16129231282817
2026-07-07 11:30:00,124.13,119.51620007782269
2026-07-07 12:00:00,119.0,123.11669877822098
2026-07-07 12:15:00,121.3,119.27039746226274
2026-07-07 12:30:00,126.12,121.69240649143926
2026-07-07 12:45:00,128.65,125.97910067106605
2026-07-07 13:00:00,124.13,128.8122665156443
2026-07-07 13:15:00,125.0,125.14748016712487
2026-07-07 13:30:00,133.8,125.84931782535861
2026-07-07 13:45:00,142.27,132.82934625562044
2026-07-07 14:00:00,136.85,140.1222850664917
2026-07-07 14:15:00,135.0,136.2576886376152
2026-07-07 14:30:00,148.35,134.8081452718879
2026-07-07 14:45:00,143.27,145.7087272346994
2026-07-07 15:00:00,118.43,145.96169875025348
2026-07-07 15:15:00,120.0,126.15012538459011
2026-07-07 15:30:00,135.0,126.93474843788056
2026-07-07 15:45:00,145.0,139.5718676975459
2026-07-07 16:00:00,120.3,149.0968784925244
2026-07-07 16:15:00,135.0,130.16101596223754
2026-07-07 16:30:00,154.22,142.45280610988212
2026-07-07 16:45:00,174.22,158.24305031936677
2026-07-07 17:00:00,157.76,176.10895487350004
2026-07-07 17:15:00,160.55,162.69275851157963
2026-07-07 17:30:00,167.4,164.4180419001679
2026-07-07 17:45:00,174.22,168.8883586078071
2026-07-07 19:00:00,167.4,168.75365347975568
2026-07-07 19:30:00,165.05,162.90615198263512
2026-07-07 19:45:00,160.87,160.74386686426263
2026-07-07 20:00:00,164.0,156.7036530426038
2026-07-07 20:15:00,162.12,158.9980089106104
2026-07-07 20:30:00,158.68,158.227444606175
2026-07-07 20:45:00,148.21,155.2268496861955
2026-07-07 21:00:00,157.97,146.0649969287656
2026-07-07 21:15:00,150.51,153.9581223442477
2026-07-07 21:30:00,146.83,147.9150773050843
2026-07-07 21:45:00,136.68,145.34710551623178
2026-07-07 22:00:00,160.79,135.9889239782213
2026-07-07 22:15:00,162.56,156.7068400219674
2026-07-07 22:30:00,154.63,157.82119821856142
2026-07-07 22:45:00,142.02,151.75843852156441
2026-07-07 23:00:00,151.86,140.50473815920165
2026-07-07 23:15:00,148.94,148.04810574398942
2026-07-07 23:30:00,135.0,145.92530738352758
2026-07-07 23:45:00,124.2,135.25703516302508
2026-07-08 00:00:00,149.0,126.04190753991051
2026-07-08 00:15:00,140.0,146.65284957748577
2026-07-08 00:30:00,135.0,139.40989641070252
2026-07-08 00:45:00,124.2,135.4033317033234
2026-07-08 01:15:00,139.37,125.81708235497133
2026-07-08 01:30:00,135.0,138.43251513398744
2026-07-08 01:45:00,124.0,134.83566423721894
2026-07-08 02:00:00,131.2,126.06293918936201
2026-07-08 02:15:00,124.2,132.1777798774206
2026-07-08 02:30:00,135.0,126.10388566771759
2026-07-08 02:45:00,130.0,135.62617791758385
2026-07-08 03:00:00,134.01,131.1773518309161
2026-07-08 03:15:00,135.0,134.59168524803925
2026-07-08 03:30:00,136.51,135.72201458096464
2026-07-08 03:45:00,138.48,136.97379911523592
2026-07-08 04:00:00,135.0,138.33370698432864
2026-07-08 04:15:00,148.0,134.98995505071593
2026-07-08 04:30:00,147.67,146.38179668675886
2026-07-08 04:45:00,148.66,145.81122988713096
2026-07-08 05:00:00,149.0,147.16185568792733
2026-07-08 05:15:00,151.86,147.09997926306497
2026-07-08 05:45:00,145.0,148.38688124249498
2026-07-08 06:00:00,155.53,146.0559974302407
2026-07-08 06:15:00,148.0,154.57666269506808
2026-07-08 06:30:00,151.3,146.95243361042884
2026-07-08 06:45:00,143.75,148.97997924670665
2026-07-08 07:00:00,153.02,141.34902146098932
2026-07-08 07:15:00,150.41,149.74019680098397
2026-07-08 07:30:00,149.75,147.4012191336589
2026-07-08 07:45:00,145.15,146.11637144988674
2026-07-08 08:00:00,148.0,139.47089618172467
2026-07-08 08:15:00,143.75,142.2579247054925
2026-07-08 08:30:00,136.04,138.38478159958947
2026-07-08 08:45:00,135.09,131.14898996306704
2026-07-08 09:00:00,150.0,130.20213709489266
2026-07-08 09:15:00,135.9,142.42997869510134
2026-07-08 09:30:00,134.0,130.42053985987607
2026-07-08 09:45:00,138.38,129.55812507242013
2026-07-08 10:00:00,134.5,132.7090831677701
2026-07-08 10:15:00,134.0,129.21588134769365
2026-07-08 10:30:00,129.0,128.58318736876987
2026-07-08 10:45:00,133.32,124.21252221404413
2026-07-08 11:00:00,129.92,128.09940407930907
2026-07-08 11:15:00,133.6,124.28199248862575
2026-07-08 11:30:00,131.88,128.03090088001815
2026-07-08 11:45:00,132.72,126.8614742275797
2026-07-08 12:00:00,135.1,127.76269481055157
2026-07-08 12:15:00,136.24,130.46235314740076
2026-07-08 12:30:00,136.0,131.51551734167455
2026-07-08 12:45:00,134.22,131.62590326745257
2026-07-08 13:00:00,134.74,130.26994020906216
2026-07-08 13:15:00,135.0,130.89279882495202
2026-07-08 13:45:00,151.86,131.5242184783417
2026-07-08 14:00:00,136.63,146.62887964542983
2026-07-08 14:15:00,142.99,133.7547955790463
2026-07-08 14:30:00,151.86,139.28912541131058
2026-07-08 14:45:00,164.0,146.52526621449238
2026-07-08 15:00:00,149.0,162.7803552133789
2026-07-08 15:30:00,154.71,150.8033180178226
2026-07-08 15:45:00,150.2,155.58732463803284
2026-07-08 16:00:00,124.2,151.60243149918878
2026-07-08 16:15:00,130.0,130.567586897228
2026-07-08 16:30:00,148.0,135.7862610662558
2026-07-08 16:45:00,160.33,151.2562371276037
2026-07-08 17:00:00,154.0,163.32786124703986
2026-07-08 17:15:00,162.54,159.27948166342665
2026-07-08 17:30:00,165.14,166.51180371566784
2026-07-08 17:45:00,178.32,168.24074175945364
2026-07-08 18:00:00,165.14,176.1688669321274
2026-07-08 18:30:00,172.85,166.38339111771023
2026-07-08 18:45:00,180.12,172.76302734328613
2026-07-08 19:00:00,183.0,173.5676787876819
2026-07-08 19:15:00,182.67,175.61805936017961
2026-07-08 19:30:00,179.07,175.74505913293902
2026-07-08 19:45:00,165.14,172.45201084640803
2026-07-08 20:00:00,167.11,160.1973515188311
2026-07-08 20:15:00,163.15,161.56569323993781
2026-07-08 20:30:00,159.59,158.49938302877334
2026-07-08 20:45:00,160.06,155.96156204628787
2026-07-08 21:00:00,162.55,156.45841726141097
2026-07-08 21:15:00,157.9,158.31434212303998
2026-07-08 21:30:00,150.0,154.628856901849
2026-07-08 21:45:00,138.77,147.80516630977664
2026-07-08 22:00:00,155.74,138.14950599925314
2026-07-08 22:15:00,163.15,152.26481767078576
2026-07-08 22:30:00,155.0,159.33905027136896
2026-07-08 22:45:00,144.0,152.74857579366002
2026-07-08 23:00:00,159.0,143.20331061331814
2026-07-08 23:15:00,157.69,154.73107446960327
2026-07-08 23:30:00,152.9,153.88701654920706
2026-07-08 23:45:00,150.41,150.32231223587357
2026-07-09 00:00:00,139.64,148.2662507454535
2026-07-09 00:15:00,150.0,138.66749169446607
2026-07-09 00:30:00,146.56,147.8431609202311
2026-07-09 00:45:00,135.0,145.59426435900843
2026-07-09 01:00:00,145.2,136.5671809175097
2026-07-09 01:15:00,142.49,143.91022833536005
2026-07-09 01:30:00,146.56,142.08101006625793
2026-07-09 01:45:00,141.88,146.15104408250048
2026-07-09 02:00:00,143.27,142.4164563130618
2026-07-09 02:15:00,147.68,143.05388020042284
2026-07-09 02:30:00,144.69,146.8915278133504
2026-07-09 02:45:00,135.0,145.00282098448446
2026-07-09 03:00:00,146.38,136.56795324604732
2026-07-09 03:15:00,150.0,146.2389784407811
2026-07-09 03:30:00,135.0,148.9904674889335
2026-07-09 03:45:00,141.3,136.78133799124666
2026-07-09 04:00:00,140.0,141.79944131076385
2026-07-09 04:15:00,152.9,140.1717275956601
2026-07-09 04:30:00,163.15,151.5815154335599
2026-07-09 04:45:00,164.9,160.09506746612902
2026-07-09 05:00:00,163.15,162.43718444230677
2026-07-09 05:45:00,158.19,158.43050100496868
2026-07-09 06:00:00,155.0,157.2730974810784
2026-07-09 06:15:00,160.0,154.01299888294446
2026-07-09 06:30:00,155.74,157.94332356326558
2026-07-09 06:45:00,155.0,153.48813610161426
2026-07-09 07:00:00,155.74,152.8956214872284
2026-07-09 07:15:00,156.0,152.5629145420502
2026-07-09 07:30:00,152.9,152.87801122381387
2026-07-09 07:45:00,142.0,149.36506740927126
2026-07-09 08:00:00,147.7,138.11517257287815
2026-07-09 08:15:00,145.0,142.2858391601857
2026-07-09 08:30:00,144.74,139.84500611596215
2026-07-09 08:45:00,144.0,139.39008666326455
2026-07-09 09:00:00,135.09,138.4673685564554
2026-07-09 09:15:00,140.0,130.63803806443428
2026-07-09 09:30:00,142.0,134.77783299168215
2026-07-09 09:45:00,136.25,136.52094335697973
2026-07-09 10:00:00,138.13,131.60794596719043
2026-07-09 10:15:00,137.75,132.3350632835711
2026-07-09 10:30:00,136.5,132.24563059511627
2026-07-09 10:45:00,136.73,131.45532068991025
2026-07-09 11:00:00,135.25,131.3954727554434
2026-07-09 11:15:00,132.32,130.20132025580438
2026-07-09 11:30:00,138.75,127.67477695148652
2026-07-09 11:45:00,137.75,133.66251328774888
2026-07-09 12:00:00,132.49,132.5673425481396
2026-07-09 12:15:00,140.31,128.85477609409406
2026-07-09 12:30:00,140.0,135.7403931853021
2026-07-09 13:00:00,141.0,137.1893146898978
2026-07-09 13:15:00,140.0,138.15523422493544
2026-07-09 13:30:00,145.0,136.92642211966074
2026-07-09 13:45:00,146.29,141.1226572636927
2026-07-09 14:00:00,140.0,142.33992782824157
2026-07-09 14:15:00,142.0,137.2917272689641
2026-07-09 14:30:00,142.36,139.05444835658352
2026-07-09 14:45:00,155.0,139.5799623060156
2026-07-09 15:00:00,149.5,154.97334966097165
2026-07-09 15:15:00,140.0,151.2705511626694
2026-07-09 15:30:00,141.07,143.27529239503377
2026-07-09 15:45:00,135.79,143.82940562820346
2026-07-09 16:00:00,130.0,139.406655307909
2026-07-09 16:30:00,149.0,136.31944480432873
2026-07-09 16:45:00,159.98,152.73399514839005
2026-07-09 17:00:00,160.6,163.03257191044773
2026-07-09 17:15:00,163.15,165.29708700649482
2026-07-09 17:30:00,170.27,167.1922713087079
2026-07-09 17:45:00,200.92,172.67620464846087
2026-07-09 18:00:00,181.68,195.18478496490724
2026-07-09 18:15:00,192.5,179.29733324309905
2026-07-09 18:30:00,213.4,188.463929331582
2026-07-09 18:45:00,220.0,205.86407529655654
2026-07-09 19:00:00,212.41,207.38217395010255
2026-07-09 19:15:00,211.9,201.11685690301337
2026-07-09 19:30:00,187.95,199.8640960662372
2026-07-09 19:45:00,174.54,179.0383199359923
2026-07-09 20:00:00,201.93,167.64605821368244
2026-07-09 20:15:00,184.22,191.15616254440857
2026-07-09 20:30:00,174.8,176.7604665854731
2026-07-09 20:45:00,164.71,169.62839206773845
2026-07-09 21:00:00,171.3,159.9692410980348
2026-07-09 21:15:00,163.72,166.65199660392565
2026-07-09 21:30:00,155.74,160.47901337552068
2026-07-09 21:45:00,155.45,153.995883486908
2026-07-09 22:00:00,165.89,153.15894866856866
2026-07-09 22:15:00,163.31,162.44462840318852
2026-07-09 22:30:00,155.0,160.7760406892603
2026-07-09 22:45:00,151.01,154.08442204728564
2026-07-09 23:00:00,152.9,149.55786255196307
2026-07-09 23:15:00,152.11,150.9004847908946
2026-07-09 23:30:00,152.9,150.74120922225214
2026-07-09 23:45:00,140.0,151.91006732252532
2026-07-10 00:00:00,158.98,140.0851662475927
2026-07-10 00:15:00,155.0,156.47812258437253
2026-07-10 00:30:00,158.0,153.27350049850907
2026-07-10 00:45:00,153.0,156.35675094099196
2026-07-10 01:00:00,150.0,151.9371530268047
2026-07-10 01:30:00,149.23,149.08616346382368
2026-07-10 01:45:00,145.0,148.53175103588939
2026-07-10 02:00:00,145.43,145.62041740028306
2026-07-10 02:15:00,140.58,145.63533361160194
2026-07-10 02:30:00,143.92,141.61767993362872
2026-07-10 02:45:00,145.97,144.4518699541836
2026-07-10 03:00:00,143.6,146.47159680174624
2026-07-10 03:15:00,145.0,144.56084434012874
2026-07-10 03:30:00,142.5,145.4187614185583
2026-07-10 03:45:00,145.26,143.29118868474492
2026-07-10 04:00:00,145.35,146.19842017299734
2026-07-10 04:15:00,153.08,145.64970902333954
2026-07-10 04:30:00,152.9,151.97490727120777
2026-07-10 05:00:00,156.38,152.9722716130547
2026-07-10 05:15:00,153.37,155.25173441108734
2026-07-10 05:30:00,152.9,152.00201450914963
2026-07-10 05:45:00,145.0,150.47315081872557
2026-07-10 06:00:00,161.26,146.47404145726514
2026-07-10 06:15:00,150.61,159.9547837552295
2026-07-10 06:30:00,145.0,150.6469095565913
2026-07-10 06:45:00,135.0,145.53418128760677
2026-07-10 07:00:00,139.13,136.27875451606653
2026-07-10 07:15:00,130.72,139.55684261313232
2026-07-10 07:30:00,139.19,132.35348412820557
2026-07-10 07:45:00,125.0,139.18600864777912
2026-07-10 08:00:00,140.0,124.7077426992221
2026-07-10 08:15:00,147.94,137.32093399079304
2026-07-10 08:30:00,140.0,143.59740091864114
2026-07-10 08:45:00,130.0,137.14065112555264
2026-07-10 09:00:00,134.5,127.45110445362442
2026-07-10 09:15:00,133.75,131.00250291178372
2026-07-10 09:30:00,133.49,130.33002185264928
2026-07-10 09:45:00,134.18,130.17861321262959
2026-07-10 10:00:00,129.06,130.72819579763177
2026-07-10 10:15:00,126.1,126.22006591213308
2026-07-10 10:30:00,123.5,123.52215786903835
2026-07-10 10:45:00,124.5,121.38874713554979
2026-07-10 11:00:00,123.16,122.22626646513278
2026-07-10 11:15:00,126.1,121.320255307237
2026-07-10 11:30:00,126.16,123.89214245758072
2026-07-10 11:45:00,126.1,123.84674499925003
2026-07-10 12:00:00,122.8,123.88715129089003
2026-07-10 12:30:00,125.0,121.5082275195561
2026-07-10 12:45:00,128.16,123.29119404499579
2026-07-10 13:00:00,132.08,126.17427382868466
2026-07-10 13:15:00,135.0,130.15582715549763
2026-07-10 13:30:00,130.0,132.5874499408864
2026-07-10 13:45:00,135.84,128.3864160140157
2026-07-10 14:00:00,125.86,133.50312606140423
2026-07-10 14:15:00,135.0,125.31596257110085
2026-07-10 14:30:00,141.64,133.36164752653627
2026-07-10 14:45:00,145.0,139.15386544191767
2026-07-10 15:00:00,136.83,147.70668219777932
2026-07-10 15:15:00,145.0,140.7915606815262
2026-07-10 15:30:00,153.37,147.9987309051866
2026-07-10 15:45:00,155.0,154.97787724519142
2026-07-10 16:00:00,153.37,157.34269021735946
2026-07-10 16:15:00,158.98,156.67715621820986
2026-07-10 16:30:00,162.19,161.71154878002997
2026-07-10 16:45:00,170.0,165.20006840435983
2026-07-10 17:00:00,165.14,172.8675621056974
2026-07-10 17:15:00,168.56,168.1805807448007
2026-07-10 17:30:00,170.0,170.92996159087943
2026-07-10 17:45:00,183.12,172.32805653336996
2026-07-10 18:00:00,170.0,180.39630237818096
2026-07-10 18:15:00,176.56,169.27148082586038
2026-07-10 18:30:00,186.48,173.796852066241
2026-07-10 18:45:00,188.73,182.97867630733816
2026-07-10 19:00:00,170.27,180.4597001215786
2026-07-10 19:15:00,170.0,163.5591760728382
2026-07-10 19:45:00,168.56,162.61984739273043
2026-07-10 20:00:00,172.7,161.50238937728935
2026-07-10 20:15:00,169.16,165.48624458203605
2026-07-10 20:30:00,168.55,163.28433481832747
2026-07-10 20:45:00,161.59,163.25611460662552
2026-07-10 21:00:00,162.26,155.94610359454913
2026-07-10 21:15:00,156.32,157.1523612359092
2026-07-10 21:30:00,153.37,152.43586866676353
2026-07-10 21:45:00,145.9,150.44938575728304
2026-07-10 22:00:00,160.31,144.6300448784495
2026-07-10 22:15:00,158.68,157.42802791507697
2026-07-10 22:30:00,153.37,156.3243273518887
2026-07-10 22:45:00,153.0,152.0177040164943
2026-07-10 23:00:00,161.5,150.76253894691783
2026-07-10 23:15:00,152.9,158.2083741546224
2026-07-10 23:30:00,151.97,151.40728583988226
2026-07-10 23:45:00,140.9,150.7119756973632
2026-07-11 00:00:00,153.37,141.0122349570279
2026-07-11 00:15:00,166.73,151.81059399863847
2026-07-11 00:30:00,162.74,163.22893236994818
2026-07-11 00:45:00,155.0,160.71093404108706
2026-07-11 01:00:00,153.37,152.98720180197424
2026-07-11 01:15:00,152.9,151.3300714171788
2026-07-11 02:00:00,150.41,150.87927296260574
2026-07-11 02:15:00,141.46,149.194085712961
2026-07-11 02:30:00,144.14,141.673597027031
2026-07-11 02:45:00,147.34,143.9472302007518
2026-07-11 03:00:00,152.9,146.98178545977058
2026-07-11 03:15:00,148.1,152.02513029671076
2026-07-11 03:30:00,140.32,148.0542353612866
2026-07-11 03:45:00,132.48,141.1870723113285
2026-07-11 04:00:00,153.0,134.2589399792653
2026-07-11 04:15:00,153.37,151.8760040038196
2026-07-11 04:30:00,146.97,152.26726682751084
2026-07-11 04:45:00,141.5,147.00766646163316
2026-07-11 05:00:00,153.0,142.3989403938765
2026-07-11 05:15:00,152.9,151.7647773957244
2026-07-11 05:30:00,135.09,151.05072653237104
2026-07-11 05:45:00,128.22,135.45629554980138
2026-07-11 06:00:00,142.16,128.64926416443797
2026-07-11 06:15:00,123.95,140.39845496697208
2026-07-11 06:30:00,132.48,124.9482080738327
2026-07-11 06:45:00,124.61,132.03773831870646
2026-07-11 07:00:00,146.03,123.81019794775774
2026-07-11 07:15:00,129.5,142.8476182489003
2026-07-11 07:30:00,116.92,128.30162891162334
2026-07-11 07:45:00,127.95,117.62132941539127
2026-07-11 08:00:00,155.0,123.86210266610001
2026-07-11 08:15:00,143.24,147.5499216889076
2026-07-11 08:30:00,150.0,137.22854928395648
2026-07-11 08:45:00,135.78,142.89142902232044
2026-07-11 09:00:00,125.98,128.91132324749884
2026-07-11 09:15:00,128.95,120.29340252366462
2026-07-11 09:30:00,119.81,122.70203837927787
2026-07-11 09:45:00,124.0,115.39562887581846
2026-07-11 10:00:00,105.0,118.82501335629067
2026-07-11 10:15:00,102.65,102.40116088717008
2026-07-11 10:30:00,112.66,100.56156883278595
2026-07-11 10:45:00,113.61,108.8502674239818
2026-07-11 11:00:00,99.0,110.45407536800263
2026-07-11 11:15:00,100.0,98.21542014896725
2026-07-11 11:30:00,99.5,98.97648843233429
2026-07-11 11:45:00,99.4,98.79240687563193
2026-07-11 12:00:00,121.95,99.33114501502128
2026-07-11 12:15:00,128.95,118.31382648233944
2026-07-11 12:30:00,129.5,124.19385195625476
2026-07-11 12:45:00,131.53,124.62063096757186
2026-07-11 13:00:00,130.84,125.9180142560254
2026-07-11 13:15:00,129.13,125.16937062336297
2026-07-11 13:30:00,127.19,123.86021211067147
2026-07-11 13:45:00,133.24,122.22274955058981
2026-07-11 14:00:00,128.85,127.65277750912585
2026-07-11 14:15:00,131.47,124.56332339037468
2026-07-11 14:30:00,139.2,127.0044284187711
2026-07-11 14:45:00,152.9,134.23184125972503
2026-07-11 15:00:00,128.95,150.92119952907996
2026-07-11 15:15:00,134.3,130.4193325251715
2026-07-11 15:30:00,153.87,134.96154340288504
2026-07-11 15:45:00,174.5,152.0848419935181
2026-07-11 16:00:00,153.37,170.60933196504476
2026-07-11 16:30:00,161.1,153.0450870694267
2026-07-11 16:45:00,170.0,159.53458561616125
2026-07-11 17:00:00,150.75,167.12162846077172
2026-07-11 17:15:00,153.92,151.5764297158076
2026-07-11 17:30:00,160.67,154.35210568952735
2026-07-11 17:45:00,172.5,160.15013420945223
2026-07-11 18:00:00,157.25,171.5930383302748
2026-07-11 18:15:00,161.36,158.62088244327074
2026-07-11 18:30:00,167.62,162.0959609544429
2026-07-11 18:45:00,170.0,167.0050286487959
2026-07-11 19:00:00,155.64,165.62497704249554
2026-07-11 19:15:00,154.63,152.80188254596573
2026-07-11 19:30:00,157.95,151.19508765748975
2026-07-11 19:45:00,157.25,154.19485126150215
2026-07-11 20:00:00,165.17,154.7258887574984
2026-07-11 20:15:00,170.0,161.18608698039532
2026-07-11 20:30:00,160.4,165.12262138939107
2026-07-11 20:45:00,157.64,156.85872098273762
2026-07-11 21:00:00,200.0,154.30060528479976
2026-07-11 21:15:00,166.32,190.2257004209491
2026-07-11 21:30:00,157.21,161.88114103211723
2026-07-11 21:45:00,147.03,153.74406745225434
2026-07-11 22:00:00,155.21,143.56805474326433
2026-07-11 22:15:00,159.98,151.72980185059592
2026-07-11 22:30:00,153.37,156.2133907365049
2026-07-11 23:15:00,152.9,150.24370904976848
2026-07-11 23:30:00,150.09,149.50356441392483
2026-07-11 23:45:00,134.67,147.2964857613145
2026-07-12 00:00:00,159.98,134.31709490329743
2026-07-12 00:15:00,150.41,155.6732215563755
2026-07-12 00:30:00,145.56,147.8132992919718
2026-07-12 00:45:00,137.35,144.14053014843319
2026-07-12 01:00:00,153.37,136.76449535946662
2026-07-12 01:15:00,152.9,150.2500995996323
2026-07-12 01:30:00,152.0,149.4328554033358
2026-07-12 01:45:00,152.9,149.07536121420029
2026-07-12 02:00:00,150.41,149.73164546459464
2026-07-12 02:15:00,152.9,147.6318769545435
2026-07-12 02:30:00,155.0,149.77965095459595
2026-07-12 02:45:00,152.9,151.63068710967866
2026-07-12 03:15:00,144.36,150.45021411465393
2026-07-12 03:30:00,136.34,143.2737112801608
2026-07-12 03:45:00,112.13,136.39616752027774
2026-07-12 04:00:00,124.1,115.620784707143
2026-07-12 04:15:00,146.25,126.02582495874547
2026-07-12 04:30:00,151.0,145.44817248841483
2026-07-12 04:45:00,150.17,150.63495811542163
2026-07-12 05:00:00,154.31,149.7624707048946
2026-07-12 05:15:00,153.37,151.77122077079633
2026-07-12 05:30:00,136.5,150.6244123217103
2026-07-12 05:45:00,122.29,136.04802185220345
2026-07-12 06:00:00,139.26,122.98042997304928
2026-07-12 06:15:00,121.08,136.8365493916822
2026-07-12 06:30:00,132.98,122.06624220836113
2026-07-12 06:45:00,112.0,132.61378445106016
2026-07-12 07:00:00,90.0,113.08177412265428
2026-07-12 07:15:00,64.37,95.02307696607433
2026-07-12 07:30:00,146.92,71.87396802274732
2026-07-12 07:45:00,133.59,143.22722168617256
2026-07-12 08:00:00,120.0,129.222233363248
2026-07-12 08:15:00,100.0,118.58830833932419
2026-07-12 08:30:00,97.67,98.77739057752468
2026-07-12 08:45:00,91.0,96.66727921597177
2026-07-12 09:00:00,100.06,89.67255971341682
2026-07-12 09:15:00,100.0,98.04778268469606
2026-07-12 09:30:00,99.38,97.25475799661757
2026-07-12 09:45:00,50.0,97.32085230308296
2026-07-12 10:00:00,45.0,54.97665539275534
2026-07-12 10:15:00,80.0,50.2874249047975
2026-07-12 10:45:00,45.84,80.22851320115628
2026-07-12 11:00:00,79.3,52.366557901688296
2026-07-12 11:15:00,75.01,81.97370736157761
2026-07-12 11:30:00,86.36,77.2840514929118
2026-07-12 11:45:00,72.81,87.66204356773395
2026-07-12 12:00:00,71.31,75.07346332070534
2026-07-12 12:15:00,82.0,74.82780549798622
2026-07-12 12:30:00,79.8,83.80918425422053
2026-07-12 12:45:00,85.73,82.58661070782478
2026-07-12 13:00:00,50.0,88.02852444081336
2026-07-12 13:15:00,52.0,56.308793120259836
2026-07-12 13:30:00,62.6,57.8779507601064
2026-07-12 13:45:00,80.0,66.85563505241181
2026-07-12 14:00:00,90.18,82.94706427790638
2026-07-12 14:15:00,110.0,92.06619523656603
2026-07-12 14:30:00,119.2,109.21900069179631
2026-07-12 14:45:00,152.9,117.1734034499538
2026-07-12 15:00:00,115.77,151.01341374674817
2026-07-12 15:15:00,134.41,119.08038711478899
2026-07-12 15:30:00,135.79,134.96411274015907
2026-07-12 15:45:00,148.63,135.06993162258462
2026-07-12 16:00:00,116.5,147.20048445872806
2026-07-12 16:15:00,124.1,120.57757372619278
2026-07-12 16:30:00,126.9,127.29797100472807
2026-07-12 16:45:00,152.9,128.8939104475031
2026-07-12 17:00:00,153.37,151.98544611340412
2026-07-12 17:15:00,146.69,153.3633183421315
2026-07-12 17:30:00,153.4,147.6419299292137
2026-07-12 17:45:00,157.5,152.49288032977594
2026-07-12 18:00:00,157.0,157.57570818512232
2026-07-12 18:15:00,164.32,157.35916852220458
2026-07-12 18:30:00,170.0,163.20995887307916
2026-07-12 20:15:00,180.0,163.04184789078099
2026-07-12 21:15:00,170.0,172.06833936154325
2026-07-12 21:45:00,155.0,163.0295160728902
2026-07-12 22:00:00,172.84,150.42683563461492
2026-07-12 22:45:00,147.0,165.14266796372726
2026-07-12 23:00:00,159.98,143.88914456450937
2026-07-12 23:15:00,155.0,155.4173277460946
2026-07-12 23:30:00,149.46,150.3836862389605
2026-07-12 23:45:00,140.0,146.3711742998338
2026-07-13 00:00:00,155.0,137.46937393228805
2026-07-13 00:15:00,140.0,150.1955118399254
2026-07-13 00:30:00,130.88,137.88233003802384
2026-07-13 00:45:00,128.85,130.42810214232148
2026-07-13 01:00:00,132.5,126.41213045492034
2026-07-13 01:15:00,132.44,131.43212207549195
2026-07-13 01:30:00,132.39,132.0530307668259
2026-07-13 01:45:00,130.1,132.93803199509335
2026-07-13 02:00:00,132.72,130.51273403398534
2026-07-13 02:15:00,129.71,132.67008678928107
2026-07-13 02:30:00,130.1,130.57382531206017
2026-07-13 02:45:00,127.87,131.14467286179774
2026-07-13 03:00:00,128.12,128.89788881499481
2026-07-13 03:15:00,132.45,129.8666680070515
2026-07-13 03:30:00,139.23,132.47829757114025
2026-07-13 03:45:00,144.75,138.87113571393536
2026-07-13 04:00:00,144.9,143.43970955536233
2026-07-13 04:15:00,161.75,143.71174009755694
2026-07-13 04:30:00,176.61,157.41655382974437
2026-07-13 04:45:00,176.74,169.94548515239467
2026-07-13 05:00:00,172.84,170.68911111902023
2026-07-13 05:45:00,172.29,165.34940433063983
2026-07-13 06:00:00,160.32,168.10176754824985
2026-07-13 06:15:00,171.08,157.38308222300327
2026-07-13 06:30:00,159.98,166.0799583637361
2026-07-13 06:45:00,162.0,156.23356422307347
2026-07-13 07:00:00,159.98,158.25159554512175
2026-07-13 07:30:00,149.12,155.74898948263584
2026-07-13 07:45:00,142.78,147.27399076725334
2026-07-13 08:00:00,141.03,138.8822549733554
2026-07-13 08:15:00,138.17,136.20221517481951
2026-07-13 08:30:00,133.26,133.86321522941898
2026-07-13 08:45:00,128.99,129.42942677831564
2026-07-13 09:00:00,128.27,125.14933614753765
2026-07-13 09:15:00,129.5,124.32582293648711
2026-07-13 09:30:00,126.1,126.1374147646639
2026-07-13 09:45:00,126.66,123.97102874657999
2026-07-13 10:00:00,122.42,123.34751906756821
2026-07-13 10:15:00,130.0,120.2947960247086
2026-07-13 10:30:00,127.42,126.2938926207885
2026-07-13 10:45:00,128.63,124.7889451032958
2026-07-13 11:00:00,129.3,126.78536766639877
2026-07-13 11:15:00,126.07,128.2602418952429
2026-07-13 11:30:00,130.39,122.03491450000266
2026-07-13 11:45:00,134.64,126.19381555433317
2026-07-13 12:00:00,137.76,130.4346778842338
2026-07-13 12:15:00,138.69,134.28029339753968
2026-07-13 12:30:00,136.92,135.34244639675316
2026-07-13 12:45:00,140.69,134.24723793116215
2026-07-13 13:00:00,129.22,137.29699597687633
2026-07-13 13:15:00,135.0,127.62641300482879
2026-07-13 13:30:00,140.0,132.82951170624062
2026-07-13 14:00:00,155.0,139.49610763125287
2026-07-13 14:15:00,172.84,153.31595612344196
2026-07-13 14:30:00,152.18,167.34130190736022
2026-07-13 14:45:00,159.98,151.42873448090407
2026-07-13 15:00:00,149.26,161.3985458931588
2026-07-13 15:15:00,169.92,152.4614809057869
2026-07-13 15:30:00,172.84,170.9239886176878
2026-07-13 15:45:00,159.98,174.3298211622719
2026-07-13 16:00:00,140.41,164.41512699111672
2026-07-13 16:15:00,150.54,147.18640145979165
2026-07-13 16:30:00,172.84,156.44334871660146
2026-07-13 16:45:00,180.0,176.3771804654867
2026-07-13 17:00:00,179.69,185.4168018421153
2026-07-13 17:15:00,176.74,185.3373426237337
2026-07-13 17:30:00,189.2,182.2406689020239
2026-07-13 17:45:00,198.25,192.55577787726048
2026-07-13 18:00:00,185.13,196.7693904143196
2026-07-13 18:15:00,189.5,185.19967204321333
2026-07-13 18:30:00,180.0,188.52189905996775
2026-07-13 18:45:00,190.01,179.0356549465375
2026-07-13 19:00:00,180.0,185.25765225381068
2026-07-13 19:15:00,176.74,175.7448522805312
2026-07-13 19:30:00,172.84,173.19878750827897
2026-07-13 19:45:00,167.79,169.15651192780453
2026-07-13 20:00:00,172.84,166.57526579146904
2026-07-13 20:15:00,164.92,170.62976653667198
2026-07-13 20:30:00,159.05,163.80986927394034
2026-07-13 20:45:00,150.47,157.92899593272944
2026-07-13 21:00:00,161.27,150.39204265377762
2026-07-13 21:15:00,153.3,160.14961923533147
2026-07-13 21:30:00,146.26,153.23214305712003
2026-07-13 21:45:00,140.4,147.33477545988424
2026-07-13 22:00:00,154.99,141.75043538459485
2026-07-13 22:15:00,158.0,154.13867681936688
2026-07-13 22:30:00,151.61,156.61282708964714
2026-07-13 22:45:00,147.0,150.86927348682912
2026-07-13 23:00:00,161.68,146.8594817319637
2026-07-13 23:15:00,148.96,159.86973220649617
2026-07-13 23:30:00,149.46,148.26164009593887
2026-07-13 23:45:00,157.0,149.84320242848884
2026-07-14 00:00:00,145.0,155.3059442651053
2026-07-14 00:45:00,140.0,145.60781802613252
2026-07-14 01:00:00,137.5,141.483572276175
2026-07-14 01:15:00,136.31,139.56050692301994
2026-07-14 01:30:00,135.0,138.38918684816736
2026-07-14 01:45:00,137.59,138.18545229837127
2026-07-14 02:00:00,138.68,140.77384260540347
2026-07-14 02:15:00,138.47,141.82753203635127
2026-07-14 02:30:00,138.91,141.53701283650258
2026-07-14 02:45:00,138.9,141.7577014552936
2026-07-14 03:00:00,135.0,141.36490235232813
2026-07-14 03:15:00,133.28,138.23388976493902
2026-07-14 03:30:00,136.93,136.8101503101163
2026-07-14 03:45:00,139.6,140.19837043840687
2026-07-14 04:00:00,147.01,142.58405877739483
2026-07-14 04:15:00,156.0,149.03713734686187
2026-07-14 04:30:00,153.4,156.69057672101795
2026-07-14 04:45:00,152.96,154.06084405563936
2026-07-14 05:00:00,160.7,153.93673363297472
2026-07-14 05:15:00,162.74,159.60425837344988
2026-07-14 05:30:00,168.87,161.05319882507658
2026-07-14 05:45:00,162.74,165.26518391066313
2026-07-14 06:15:00,171.29,161.83565849675236
2026-07-14 06:30:00,160.83,168.60519812817938
2026-07-14 06:45:00,148.96,159.14280335124386
2026-07-14 07:00:00,162.74,148.78223401929924
2026-07-14 07:15:00,160.37,160.2337532852077
2026-07-14 07:30:00,143.81,157.54490234274255
2026-07-14 07:45:00,133.08,143.6924602429188
2026-07-14 08:00:00,130.91,131.57604203055138
2026-07-14 08:15:00,138.23,129.54052439736446
2026-07-14 08:30:00,141.0,136.33605370470133
2026-07-14 08:45:00,137.3,138.87177093763648
2026-07-14 09:00:00,143.0,135.62948632135686
2026-07-14 09:15:00,138.23,140.04379924288102
2026-07-14 09:30:00,143.64,135.6425910001864
2026-07-14 09:45:00,142.24,140.21616690091972
2026-07-14 10:00:00,142.64,138.7309467247399
2026-07-14 10:15:00,142.26,139.08200780574109
2026-07-14 10:30:00,139.13,138.6739971169103
2026-07-14 10:45:00,143.19,135.85906957370108
2026-07-14 11:00:00,144.94,139.56970634089527
2026-07-14 11:15:00,142.3,140.75793237684778
2026-07-14 11:30:00,138.21,138.6615849468925
2026-07-14 11:45:00,146.58,134.92466012440613
2026-07-14 12:00:00,142.76,142.07473279244257
2026-07-14 12:15:00,142.85,139.17297781834458
2026-07-14 12:30:00,148.23,139.36137784586987
2026-07-14 12:45:00,143.0,143.73641686518565
2026-07-14 13:00:00,136.16,139.3792075861821
2026-07-14 13:15:00,141.0,133.75124973843361
2026-07-14 13:45:00,150.0,138.3654607004794
2026-07-14 14:00:00,135.0,146.40817671195674
2026-07-14 14:15:00,150.53,134.63036237370673
2026-07-14 14:30:00,148.0,147.96370061889374
2026-07-14 14:45:00,148.18,145.80981210776585
2026-07-14 15:00:00,131.91,150.91392589486424
2026-07-14 15:15:00,143.0,136.2219173840704
2026-07-14 15:30:00,157.02,147.0639167069017
2026-07-14 15:45:00,167.17,159.19718932882162
2026-07-14 16:00:00,142.39,169.49224176544365
2026-07-14 16:15:00,165.43,147.61431982814744
2026-07-14 16:30:00,172.84,167.30504661726278
2026-07-14 16:45:00,177.38,174.29252711040655
2026-07-14 17:00:00,172.84,180.35214619071863
2026-07-14 17:15:00,176.74,175.8954069124703
2026-07-14 17:30:00,181.63,178.58594545249696
2026-07-14 17:45:00,192.0,182.73251595248487
2026-07-14 18:00:00,176.74,188.5746883615704
2026-07-14 18:15:00,178.77,175.88120608418384
2026-07-14 18:30:00,180.0,177.14633380426554
2026-07-14 19:00:00,174.24,173.40178691279422
2026-07-14 19:15:00,174.32,169.39600738460973
2026-07-14 19:30:00,174.02,169.02324159983343
2026-07-14 19:45:00,171.96,169.0610902073974
2026-07-14 20:00:00,178.44,167.12749850889176
2026-07-14 20:15:00,170.58,173.01183387849696
2026-07-14 20:30:00,167.11,166.3446864437677
2026-07-14 20:45:00,158.93,163.4846377379214
2026-07-14 21:00:00,158.51,156.61138061048132
2026-07-14 21:15:00,153.0,156.15107248642485
2026-07-14 21:30:00,150.31,151.79980112246716
2026-07-14 21:45:00,144.26,149.9179515904574
2026-07-14 22:00:00,158.34,144.75929265532298
2026-07-14 22:15:00,154.5,156.51507509943215
2026-07-14 22:30:00,154.0,153.62163431703658
2026-07-14 22:45:00,146.32,153.66157513024353
2026-07-14 23:00:00,150.45,146.93496742270838
2026-07-14 23:15:00,145.0,149.93426285180476
2026-07-14 23:30:00,142.9,145.04921517759638
2026-07-14 23:45:00,139.44,143.6989186089062
2026-07-15 00:00:00,141.39,140.80857920789714
2026-07-15 00:15:00,138.28,142.0067744453713
2026-07-15 00:30:00,145.0,139.88178484746967
2026-07-15 01:00:00,156.73,145.7260167507718
2026-07-15 01:15:00,155.0,155.3971243591861
2026-07-15 01:30:00,152.13,154.54382511253286
2026-07-15 01:45:00,147.06,152.02827210546099
2026-07-15 02:00:00,148.18,147.43394409990148
2026-07-15 02:15:00,155.0,148.56141280182496
2026-07-15 02:30:00,150.65,154.4897891040541
2026-07-15 02:45:00,156.73,150.63066815993122
2026-07-15 03:00:00,155.0,155.78984216622902
2026-07-15 03:15:00,156.73,154.2417622694339
2026-07-15 03:30:00,156.82,155.93934933054715
2026-07-15 03:45:00,158.34,155.69615633786572
2026-07-15 04:00:00,163.39,157.3977176906066
2026-07-15 04:15:00,169.88,161.78381567821702
2026-07-15 04:30:00,171.94,167.2393119820709
2026-07-15 05:00:00,171.95,169.43535711037322
2026-07-15 05:15:00,171.94,168.54630730835086
2026-07-15 05:30:00,172.17,167.54583624498966
2026-07-15 06:00:00,175.0,170.6548509747118
2026-07-15 06:15:00,172.17,172.59860437529989
2026-07-15 06:30:00,169.88,169.37548453663584
2026-07-15 06:45:00,162.0,166.82243118758245
2026-07-15 07:00:00,169.88,159.30586082562488
2026-07-15 07:15:00,165.0,165.91389544895895
2026-07-15 07:30:00,161.12,160.95499547634802
2026-07-15 07:45:00,153.69,157.77301714144136
2026-07-15 08:00:00,158.34,149.3828991798277
2026-07-15 08:15:00,158.7,152.45782245724337
2026-07-15 08:30:00,158.34,152.53566908419637
2026-07-15 08:45:00,155.0,152.68104595906678
2026-07-15 09:00:00,154.26,149.94374081375165
2026-07-15 09:15:00,156.73,149.12429035506207
2026-07-15 09:30:00,151.89,150.60147171339707
2026-07-15 09:45:00,154.36,146.0747871427987
2026-07-15 10:00:00,150.98,148.19139053166165
2026-07-15 10:15:00,150.57,144.8549363621291
2026-07-15 10:30:00,149.41,144.65701233879116
2026-07-15 10:45:00,146.69,143.17590271600875
2026-07-15 11:00:00,145.49,141.11143327142946
2026-07-15 11:15:00,147.98,140.0320560640371
2026-07-15 11:30:00,152.53,142.19407376379434
2026-07-15 11:45:00,154.0,146.25200166372971
2026-07-15 12:00:00,150.11,147.54222717935153
2026-07-15 12:15:00,154.36,144.23881201456135
2026-07-15 12:30:00,156.73,147.9794372620904
2026-07-15 12:45:00,158.34,150.40012697574682
2026-07-15 13:45:00,160.0,152.7147707724207
2026-07-15 14:00:00,169.0,154.62320649600613
2026-07-15 14:15:00,169.88,162.67926947635658
2026-07-15 14:30:00,172.17,163.65135605709568
2026-07-15 14:45:00,175.0,166.26409648588933
2026-07-15 15:00:00,171.94,173.96719548685775
2026-07-15 15:15:00,174.64,171.6307932339236
2026-07-15 15:45:00,176.48,174.4137578925131
2026-07-15 16:00:00,172.17,177.17741860366698
2026-07-15 16:15:00,174.43,173.4744172631808
2026-07-15 16:30:00,197.15,175.99018137825846
2026-07-15 17:00:00,178.0,196.52125669003433
2026-07-15 17:15:00,194.13,181.50121193144895
2026-07-15 17:30:00,199.99,195.24418073137934
2026-07-15 17:45:00,207.88,199.5740261498498
2026-07-15 18:00:00,197.15,203.30886279345634
2026-07-15 18:15:00,197.35,195.1443485164309
2026-07-15 18:30:00,198.57,194.53607999160516
2026-07-15 18:45:00,200.0,195.49975274327184
2026-07-15 19:00:00,197.15,192.56892630214298
2026-07-15 19:15:00,196.12,190.3549590433303
2026-07-15 19:30:00,197.15,189.2800329957514
2026-07-15 19:45:00,196.55,189.96208363009322
2026-07-15 20:00:00,199.99,189.13044815112426
2026-07-15 20:15:00,190.0,192.69709419739996
2026-07-15 20:30:00,187.9,184.02585694308206
2026-07-15 20:45:00,175.63,182.28215571084456
2026-07-15 21:00:00,179.14,171.83869133345436
2026-07-15 21:15:00,171.94,175.10700425623722
2026-07-15 21:30:00,169.62,169.0187955044981
2026-07-15 21:45:00,164.96,167.435073333855
2026-07-15 22:00:00,173.58,162.79111170232895
2026-07-15 22:15:00,203.67,170.6460443282946
2026-07-15 22:30:00,203.75,196.6636906525829
2026-07-15 22:45:00,159.0,197.2553092331631
2026-07-15 23:00:00,204.99,158.78293915188033
2026-07-15 23:15:00,200.0,197.47912080092212
2026-07-15 23:30:00,165.57,193.4138318789169
2026-07-15 23:45:00,169.44,165.65933814667505
2026-07-16 00:00:00,159.65,167.00436869575307
2026-07-16 00:15:00,162.25,158.89386949226164
2026-07-16 00:30:00,153.52,162.1441581543514
2026-07-16 00:45:00,153.49,154.8327923999504
2026-07-16 01:00:00,157.5,154.92286642172738
2026-07-16 01:15:00,147.53,158.63032740920306
2026-07-16 01:30:00,148.08,150.37142818677563
2026-07-16 01:45:00,148.15,151.04220734260835
2026-07-16 02:00:00,148.61,151.0057237646716
2026-07-16 02:15:00,149.61,151.86817962209324
2026-07-16 02:30:00,153.0,152.26115511805952
2026-07-16 02:45:00,154.51,154.6348186697278
2026-07-16 03:00:00,152.85,155.934152651567
2026-07-16 03:15:00,158.0,154.44731282627765
2026-07-16 03:30:00,160.27,159.02716771728893
2026-07-16 03:45:00,163.28,161.02568289787635
2026-07-16 04:00:00,171.94,163.5165092236744
2026-07-16 04:15:00,174.2,170.8088067242652
2026-07-16 04:30:00,174.87,172.37790112937333
2026-07-16 04:45:00,173.71,172.85600585575975
2026-07-16 05:00:00,178.78,172.41152097641998
2026-07-16 05:15:00,176.83,176.10820522419664
2026-07-16 05:30:00,174.64,173.9284369087541
2026-07-16 05:45:00,172.84,171.43880791381454
2026-07-16 06:00:00,175.1,172.7601409315233
2026-07-16 06:15:00,172.84,174.16762464193653
2026-07-16 06:30:00,169.0,171.77778789885696
2026-07-16 06:45:00,159.7,167.95046669343637
2026-07-16 07:00:00,174.64,159.45636282093767
2026-07-16 07:15:00,173.05,171.6848984707721
2026-07-16 07:30:00,151.12,170.07097833186444
2026-07-16 07:45:00,141.35,151.21748961754454
2026-07-16 08:00:00,159.7,140.36690279881657
2026-07-16 08:15:00,160.0,155.33624679223635
2026-07-16 08:30:00,159.7,156.02516635802135
2026-07-16 08:45:00,155.93,155.7650797774479
2026-07-16 09:00:00,160.0,152.0514877828088
2026-07-16 09:30:00,144.14,154.7236202090168
2026-07-16 09:45:00,141.7,140.76216499193606
2026-07-16 10:00:00,157.44,138.43402945005565
2026-07-16 10:15:00,146.22,151.90155150619017
2026-07-16 10:30:00,148.38,142.71032505229482
2026-07-16 10:45:00,150.0,144.38125169444493
2026-07-16 11:00:00,141.7,145.39851954790572
2026-07-16 11:15:00,147.38,138.4756193567384
2026-07-16 11:30:00,146.2,143.48515107084896
2026-07-16 11:45:00,147.38,142.42804986253472
2026-07-16 12:00:00,138.4,143.71938719975577
2026-07-16 12:15:00,152.23,136.25269815357612
2026-07-16 12:30:00,151.86,148.36101881105463
2026-07-16 12:45:00,160.75,148.14379609706123
2026-07-16 13:00:00,152.51,156.06247618383213
2026-07-16 13:15:00,150.0,148.84614579934336
2026-07-16 13:30:00,159.7,147.2167977890233
2026-07-16 13:45:00,160.75,155.35207378374318
2026-07-16 14:00:00,147.73,156.701389413544
2026-07-16 14:15:00,149.88,146.06639531393287
2026-07-16 14:30:00,146.22,147.96564203114968
2026-07-16 14:45:00,151.43,144.7191792568792
2026-07-16 15:00:00,138.6,154.7518616853147
2026-07-16 15:15:00,148.83,144.04264128486085
2026-07-16 15:30:00,156.8,153.30442562470225
2026-07-16 15:45:00,170.53,160.59832528687875
2026-07-16 16:00:00,172.67,173.13983715862508
2026-07-16 16:15:00,178.84,175.09608431194513
2026-07-16 16:30:00,197.15,180.81986765186065
2026-07-16 16:45:00,198.12,196.52018989807812
2026-07-16 17:00:00,187.35,196.97077919045648
2026-07-16 17:15:00,199.54,188.85191910071228
2026-07-16 17:30:00,229.99,198.5555917920279
2026-07-16 17:45:00,260.0,224.91772805874035
2026-07-16 18:00:00,227.15,247.58498664806717
2026-07-16 18:15:00,240.0,219.94251561050933
2026-07-16 18:30:00,228.57,230.34280788740244
2026-07-16 18:45:00,224.41,220.02950846126217
2026-07-16 19:00:00,219.89,213.116618788671
2026-07-16 19:15:00,217.79,208.99732097258507
2026-07-16 19:30:00,206.63,207.61991629162284
2026-07-16 19:45:00,203.75,198.10103495193152
2026-07-16 20:00:00,228.77,195.86930674056532
2026-07-16 20:15:00,203.75,217.18947645568562
2026-07-16 20:30:00,205.0,196.46709789767743
2026-07-16 20:45:00,189.84,197.67988563781248
2026-07-16 21:00:00,196.03,184.4344714050143
2026-07-16 21:15:00,180.6,190.33299104657425
2026-07-16 21:30:00,175.1,177.3681377509962
2026-07-16 21:45:00,169.52,173.18238416841106
2026-07-16 22:00:00,179.83,168.1307543255781
2026-07-16 22:15:00,181.43,177.12598524252897
2026-07-16 22:30:00,179.13,177.3798364653988
2026-07-16 22:45:00,166.5,175.50624572378737
2026-07-16 23:00:00,167.0,166.35224633838635
2026-07-16 23:15:00,162.88,164.7453635115634
2026-07-16 23:30:00,160.64,161.42964293978187
2026-07-16 23:45:00,155.28,161.30664071791745
2026-07-17 00:00:00,161.1,156.5951291055715
2026-07-17 00:15:00,160.0,162.1259108733795
2026-07-17 00:30:00,158.5,161.10938917685195
2026-07-17 00:45:00,150.0,160.38721923382016
2026-07-17 01:00:00,157.5,152.99051772461786
2026-07-17 01:15:00,157.48,159.327422549137
2026-07-17 01:30:00,157.34,159.72379440307174
2026-07-17 01:45:00,157.36,159.7660442967443
2026-07-17 02:00:00,157.5,159.58254912238527
2026-07-17 02:15:00,158.5,159.55250776955234
2026-07-17 02:30:00,151.1,160.23577736064252
2026-07-17 02:45:00,148.94,153.7863998527685
2026-07-17 03:00:00,155.09,151.87585214247838
2026-07-17 03:15:00,152.69,157.16476483634034
2026-07-17 03:30:00,152.51,155.12360694448785
2026-07-17 03:45:00,158.67,154.9657552803649
2026-07-17 04:00:00,161.37,160.14325953454068
2026-07-17 04:15:00,166.82,161.9102957681236
2026-07-17 04:30:00,166.48,166.43343950031573
2026-07-17 04:45:00,163.07,165.9412981175749
2026-07-17 05:00:00,175.0,163.80384359410058
2026-07-17 05:15:00,175.98,173.13578402760038
2026-07-17 05:30:00,175.14,173.63074161210525
2026-07-17 05:45:00,175.98,172.52011365726293
2026-07-17 06:00:00,181.43,176.20214846294192
2026-07-17 06:45:00,170.0,179.60347951541615
2026-07-17 07:00:00,181.43,169.4270297392572
2026-07-17 07:30:00,178.86,178.32775799692305
2026-07-17 07:45:00,163.0,175.83054564679037
2026-07-17 08:00:00,168.46,159.66166290910414
2026-07-17 08:15:00,165.0,163.58094008072925
2026-07-17 08:45:00,161.54,160.78162508909324
2026-07-17 09:00:00,160.57,158.39177711101073
2026-07-17 09:15:00,160.5,156.4780580481825
2026-07-17 09:30:00,161.54,156.2813891300571
2026-07-17 09:45:00,159.26,157.0222448233425
2026-07-17 10:00:00,157.0,155.0670623181688
2026-07-17 10:15:00,156.5,152.7707045753985
2026-07-17 10:30:00,157.75,152.78045863586863
2026-07-17 10:45:00,156.5,153.8406552835627
2026-07-17 11:00:00,158.25,151.9302412578834
2026-07-17 11:15:00,159.03,154.04663967806664
2026-07-17 11:30:00,149.0,154.5603907780782
2026-07-17 11:45:00,140.39,145.96654738355124
2026-07-17 12:00:00,159.25,138.90023550429333
2026-07-17 12:15:00,160.0,154.91144041003514
2026-07-17 12:45:00,157.34,156.2417928078487
2026-07-17 13:00:00,160.0,154.3702375058102
2026-07-17 13:15:00,162.56,156.72558531558047
2026-07-17 13:30:00,161.54,158.54993076845608
2026-07-17 13:45:00,170.0,158.07332011524284
2026-07-17 14:00:00,154.8,165.18308266936324
2026-07-17 14:15:00,160.0,152.80252487666513
2026-07-17 14:30:00,166.7,157.76737465210104
2026-07-17 14:45:00,161.16,163.1788401679664
2026-07-17 15:00:00,154.39,164.02432842334522
2026-07-17 15:15:00,155.0,159.09561638201342
2026-07-17 15:30:00,161.05,159.84145552926304
2026-07-17 15:45:00,171.0,165.82090832155473
2026-07-17 16:00:00,175.98,174.87556530872715
2026-07-17 16:15:00,187.59,180.1964296775672
2026-07-17 16:30:00,200.0,190.07041868469898
2026-07-17 16:45:00,194.33,200.57180455152437
2026-07-17 17:00:00,187.3,195.70751911561416
2026-07-17 17:15:00,198.87,189.6805274752461
2026-07-17 17:30:00,200.0,199.41058614417062
2026-07-17 17:45:00,207.15,200.21719671896216
2026-07-17 18:00:00,196.5,203.3515994402452
2026-07-17 18:15:00,199.5,194.59324861123275
2026-07-17 18:30:00,198.0,196.9794459871966
2026-07-17 18:45:00,198.5,194.3634018935751
2026-07-17 19:00:00,195.11,189.4638915386527
2026-07-17 19:15:00,193.43,187.75286923741376
2026-07-17 19:30:00,186.63,185.66787426859685
2026-07-17 19:45:00,178.53,180.1206664792574
2026-07-17 20:00:00,179.83,173.42958660869581
2026-07-17 20:15:00,175.98,174.63444189346603
2026-07-17 20:30:00,169.41,171.49979889272151
2026-07-17 20:45:00,164.66,166.471274908391
2026-07-17 21:00:00,174.19,162.37724620100227
2026-07-17 21:15:00,165.0,169.42788130565947
2026-07-17 21:30:00,160.64,162.6251941302222
2026-07-17 21:45:00,155.35,158.85843498771126
2026-07-17 22:00:00,175.0,155.47842435214775
2026-07-17 22:15:00,180.0,172.23781113898036
2026-07-17 22:30:00,179.83,177.2305020379431
2026-07-17 22:45:00,167.81,177.43882580384152
2026-07-17 23:00:00,175.63,166.755191461794
2026-07-17 23:15:00,168.0,172.80696502825253
2026-07-17 23:30:00,160.2,166.16177768845387
2026-07-17 23:45:00,156.44,159.8981287683327
2026-07-18 00:00:00,169.11,156.95338062782974
2026-07-18 00:15:00,161.42,167.96837228191967
2026-07-18 00:30:00,159.06,161.84344402980045
2026-07-18 00:45:00,150.41,159.96458844891592
2026-07-18 01:00:00,168.0,152.49812378053863
2026-07-18 01:15:00,167.48,167.5632153380407
2026-07-18 01:30:00,167.34,167.24932786970646
2026-07-18 01:45:00,167.36,167.39655782673364
2026-07-18 02:00:00,173.0,167.3221809959415
2026-07-18 02:15:00,170.78,171.9075750214241
2026-07-18 02:30:00,170.0,170.02927582582117
2026-07-18 02:45:00,166.22,169.3588466408121
2026-07-18 03:00:00,173.09,166.02810866731903
2026-07-18 03:15:00,172.85,172.02081757034088
2026-07-18 03:30:00,162.51,171.8835045115804
2026-07-18 03:45:00,161.42,163.46484414431006
2026-07-18 04:00:00,170.9,162.50133386579424
2026-07-18 04:15:00,175.6,170.25540522193583
2026-07-18 04:30:00,171.0,174.6873701951698
2026-07-18 04:45:00,162.5,170.60252956531136
2026-07-18 05:00:00,171.5,163.59802915921614
2026-07-18 05:15:00,166.66,170.62099707462846
2026-07-18 05:30:00,158.7,165.92009846314883
2026-07-18 05:45:00,178.79,158.76647203706293
2026-07-18 06:00:00,168.0,175.37871515366166
2026-07-18 06:15:00,154.22,165.31063696026382
2026-07-18 06:30:00,145.97,153.25863189254196
2026-07-18 06:45:00,139.59,145.0806300166756
2026-07-18 07:00:00,173.68,139.44915981597362
2026-07-18 07:15:00,161.42,168.2497672513312
2026-07-18 07:30:00,137.33,158.00534511608814
2026-07-18 07:45:00,130.8,136.55990444205395
2026-07-18 08:00:00,140.3,127.57997385629814
2026-07-18 08:15:00,127.55,136.3072586472674
2026-07-18 08:30:00,120.0,125.63001629221496
2026-07-18 08:45:00,110.95,119.11843518263848
2026-07-18 09:00:00,138.34,110.84853964719441
2026-07-18 09:15:00,130.0,134.4090219117374
2026-07-18 09:30:00,126.03,127.27997053432249
2026-07-18 10:00:00,142.14,123.54502252419609
2026-07-18 10:15:00,140.14,136.36048283602395
2026-07-18 10:30:00,137.33,134.73694521083814
2026-07-18 11:00:00,143.5,132.23667665375473
2026-07-18 11:15:00,143.33,136.99545968782292
2026-07-18 11:30:00,146.55,136.8858447213925
2026-07-18 11:45:00,144.96,139.5499096883267
2026-07-18 12:00:00,146.74,137.9452556567228
2026-07-18 12:15:00,145.93,140.1209988842355
2026-07-18 12:30:00,146.5,139.91409285116168
2026-07-18 12:45:00,151.05,139.816885253134
2026-07-18 13:00:00,145.0,143.90445963884972
2026-07-18 13:15:00,143.9,139.19661006545155
2026-07-18 13:30:00,156.0,138.46613044721806
2026-07-18 13:45:00,170.5,148.8415403402782
2026-07-18 14:00:00,158.47,161.79526175822662
2026-07-18 14:15:00,156.0,151.5127740910987
2026-07-18 14:30:00,171.0,150.1872970106418
2026-07-18 14:45:00,189.78,162.7523248217155
2026-07-18 15:00:00,172.96,184.06789303063786
2026-07-18 15:15:00,194.54,170.46002222466421
2026-07-18 15:45:00,201.0,189.83912176760614
2026-07-18 16:00:00,185.0,195.36631652381038
2026-07-18 16:15:00,188.09,182.39108920587455
2026-07-18 16:30:00,205.0,184.44664006234171
2026-07-18 16:45:00,202.2,199.1669944168517
2026-07-18 17:00:00,190.0,197.25929532543626
2026-07-18 17:15:00,208.31,186.70517848627765
2026-07-18 17:30:00,192.85,202.49061574752102
2026-07-18 17:45:00,207.15,190.24954080349022
2026-07-18 18:00:00,191.65,202.77767715627218
2026-07-18 18:15:00,191.24,189.11533887138918
2026-07-18 18:30:00,203.35,189.29844293678696
2026-07-18 18:45:00,204.0,200.1459790228272
2026-07-18 19:00:00,201.06,196.61357854615747
2026-07-18 19:15:00,193.26,194.21916120178238
2026-07-18 19:30:00,188.8,187.03797119457855
2026-07-18 19:45:00,185.0,183.25518631727454
2026-07-18 20:00:00,203.75,180.203583622123
2026-07-18 20:15:00,185.0,196.65112069293463
2026-07-18 20:30:00,179.83,181.0535119832245
2026-07-18 20:45:00,178.63,176.48863499275512
2026-07-18 21:00:00,190.0,174.99015661773407
2026-07-18 21:15:00,184.27,185.60834649659208
2026-07-18 21:30:00,177.73,181.04494092087435
2026-07-18 21:45:00,168.0,174.93930061542164
2026-07-18 22:00:00,180.0,166.37678951492546
2026-07-18 22:15:00,185.0,176.9903181264581
2026-07-18 22:45:00,179.83,181.66605156167836
2026-07-18 23:00:00,185.0,176.9002579016919
2026-07-18 23:15:00,180.0,180.79761465234017
2026-07-18 23:30:00,178.63,176.37859268512722
2026-07-18 23:45:00,173.99,175.8977541585047
2026-07-19 00:00:00,185.0,171.48090826684106
2026-07-19 00:15:00,178.63,181.42080552676796
2026-07-19 00:30:00,176.99,176.39601421525717
2026-07-19 00:45:00,167.95,175.40412806861067
2026-07-19 01:00:00,161.92,166.85263094357785
2026-07-19 01:15:00,166.5,162.2167805454397
2026-07-19 01:30:00,164.59,166.32671161102706
2026-07-19 01:45:00,143.5,165.4297585079794
2026-07-19 02:00:00,169.6,146.68415869271047
2026-07-19 02:15:00,160.29,168.8959927561592
2026-07-19 02:30:00,158.21,161.1036435185529
2026-07-19 02:45:00,151.9,160.0845957981759
2026-07-19 03:00:00,179.83,153.4936229544001
2026-07-19 03:15:00,176.67,177.81851160044107
2026-07-19 03:30:00,161.42,175.28354422671796
2026-07-19 03:45:00,142.08,162.46061943275612
2026-07-19 04:00:00,145.62,144.79501801396512
2026-07-19 04:15:00,144.59,147.8047842223932
2026-07-19 04:30:00,152.69,147.75214364385917
2026-07-19 04:45:00,143.5,155.07541218123924
2026-07-19 05:00:00,161.42,147.46872516656208
2026-07-19 05:15:00,149.7,162.1490704421958
2026-07-19 05:30:00,160.35,151.55809623522453
2026-07-19 05:45:00,175.98,160.70583647620785
2026-07-19 06:30:00,175.97,171.79147479865975
2026-07-19 06:45:00,157.99,171.94000014999983
2026-07-19 07:00:00,173.79,156.1602083632681
2026-07-19 07:15:00,159.11,167.9896120924343
2026-07-19 07:30:00,140.16,155.5033732231102
2026-07-19 07:45:00,136.84,139.95316316428566
2026-07-19 08:00:00,136.88,134.65018945635674
2026-07-19 08:15:00,130.3,135.26940991679362
2026-07-19 08:30:00,130.11,128.10364772282824
2026-07-19 08:45:00,123.11,128.03559668433616
2026-07-19 09:00:00,138.16,122.60274995662814
2026-07-19 09:15:00,126.0,135.66910555878567
2026-07-19 09:30:00,125.0,124.55589998333691
2026-07-19 09:45:00,131.24,124.06925948502638
2026-07-19 10:00:00,111.1,128.9620486726546
2026-07-19 10:15:00,100.0,112.39304054739749
2026-07-19 10:30:00,110.15,101.5494590119062
2026-07-19 10:45:00,100.64,110.44780852533435
2026-07-19 11:00:00,107.74,102.98190814434419
2026-07-19 11:15:00,83.0,108.62067422907695
2026-07-19 11:45:00,81.75,87.08335173695009
2026-07-19 12:00:00,76.0,86.51453661054552
2026-07-19 12:15:00,83.0,81.24792069950011
2026-07-19 12:30:00,92.74,88.13113180410016
2026-07-19 12:45:00,95.4,96.49296237140783
2026-07-19 13:00:00,86.0,99.16551168914185
2026-07-19 13:15:00,66.0,90.90859233121152
2026-07-19 13:30:00,76.0,73.60543673550309
2026-07-19 13:45:00,86.0,82.08000949697183
2026-07-19 14:00:00,76.0,90.75846229292273
2026-07-19 14:15:00,102.98,83.54143385900893
2026-07-19 14:30:00,115.74,106.70614199683021
2026-07-19 14:45:00,143.3,117.40184829174154
2026-07-19 15:00:00,115.0,146.1236595825498
2026-07-19 15:15:00,146.46,122.03024886503364
2026-07-19 15:30:00,161.56,149.0754114479054
2026-07-19 15:45:00,179.83,160.9825376186338
2026-07-19 16:00:00,157.34,177.1899256679851
2026-07-19 16:15:00,175.0,158.03949479301107
2026-07-19 16:30:00,201.03,172.14743813440288
2026-07-19 16:45:00,219.78,194.1868832907003
2026-07-19 17:00:00,185.0,212.07664081991288
2026-07-19 17:15:00,192.96,182.18466085359958
2026-07-19 17:30:00,202.01,187.7628941800283
2026-07-19 17:45:00,217.07,195.32741970699428
2026-07-19 18:00:00,184.47,210.16218323911943
2026-07-19 18:15:00,186.44,182.0535598070775
2026-07-19 18:30:00,187.48,184.23598171801
2026-07-19 18:45:00,185.0,184.1884486049809
2026-07-19 19:00:00,178.63,179.13261794380475
2026-07-19 19:15:00,179.0,173.6111670710878
2026-07-19 19:30:00,179.83,173.31282882080282
2026-07-19 19:45:00,178.39,174.09226917869458
2026-07-19 20:00:00,179.0,173.18367290867704
2026-07-19 20:15:00,175.98,173.91767946103977
2026-07-19 20:30:00,175.14,171.0740095814876
2026-07-19 20:45:00,174.52,170.44477686107356
2026-07-19 21:00:00,180.6,169.2856231403289
2026-07-19 21:15:00,175.98,175.08497871700843
2026-07-19 21:30:00,169.6,171.57173591653114
2026-07-19 21:45:00,155.0,166.11849683118336
2026-07-19 22:00:00,181.24,153.73905769593637
2026-07-19 22:15:00,181.56,176.4163377027296
2026-07-19 22:30:00,170.0,177.11933340833852
2026-07-19 23:00:00,161.42,168.13316571525243
2026-07-19 23:15:00,156.56,159.43270163027915
2026-07-19 23:30:00,147.02,155.04332313120597
2026-07-19 23:45:00,144.94,147.15516776526218
2026-07-20 00:00:00,149.26,145.41137480108134
2026-07-20 00:15:00,150.7,149.43782845174684
2026-07-20 00:30:00,145.5,151.04862084740475
2026-07-20 00:45:00,143.5,146.83719762882882
2026-07-20 01:00:00,152.24,144.60047776294354
2026-07-20 01:15:00,149.0,152.3325842742817
2026-07-20 01:30:00,153.11,149.99741807556111
2026-07-20 01:45:00,155.66,153.69781857292878
2026-07-20 02:00:00,145.5,156.04263399909541
2026-07-20 02:15:00,151.72,147.25838513595642
2026-07-20 02:30:00,155.3,152.60717965106713
2026-07-20 02:45:00,155.16,156.28201381955532
2026-07-20 03:00:00,152.57,155.48191498384966
2026-07-20 03:15:00,154.92,153.37852187563405
2026-07-20 03:30:00,159.15,155.44508271843722
2026-07-20 03:45:00,163.96,159.25511190061218
2026-07-20 04:00:00,164.83,162.17416125347862
2026-07-20 04:15:00,194.59,162.90969272214363
2026-07-20 04:30:00,202.69,188.85841354911616
2026-07-20 04:45:00,193.5,196.46648931781183
2026-07-20 05:00:00,182.14,189.3856820446659
2026-07-20 05:15:00,197.7,178.47056379965676
2026-07-20 05:30:00,201.03,190.91317568020105
2026-07-20 05:45:00,197.7,194.04415165195286
2026-07-20 06:00:00,183.96,194.12438394703042
2026-07-20 06:15:00,197.7,182.03263419661565
2026-07-20 06:45:00,180.64,192.07086857919748
2026-07-20 07:00:00,183.23,176.55333877405496
2026-07-20 07:15:00,197.7,178.72822150698806
2026-07-20 07:30:00,190.16,191.0088689477331
2026-07-20 07:45:00,178.63,183.96215635967445
2026-07-20 08:00:00,165.32,172.43251954831678
2026-07-20 08:15:00,170.0,160.9499763025109
2026-07-20 08:30:00,174.76,164.9337380305111
2026-07-20 08:45:00,165.91,169.02635902769507
2026-07-20 09:00:00,162.4,161.88960619689917
2026-07-20 09:15:00,158.0,158.53428097174972
2026-07-20 09:30:00,160.93,154.7021062303311
2026-07-20 09:45:00,155.79,156.60530441174566
2026-07-20 10:00:00,150.27,152.6675322835673
2026-07-20 10:15:00,147.95,148.01081427632212
2026-07-20 10:30:00,148.24,145.5699616307193
2026-07-20 10:45:00,151.02,146.72513936625035
2026-07-20 11:00:00,149.24,149.71488005993876
2026-07-20 11:15:00,148.41,147.8927388355926
2026-07-20 11:30:00,150.24,147.65699968297008
2026-07-20 11:45:00,153.75,148.90121294223337
2026-07-20 12:00:00,148.61,153.10377828033816
2026-07-20 12:15:00,155.82,149.0703904566347
2026-07-20 12:30:00,164.01,155.70080296801584
2026-07-20 12:45:00,165.32,162.47775764311422
2026-07-20 13:00:00,150.27,163.53798568061305
2026-07-20 13:15:00,161.14,150.66429201706168
2026-07-20 13:30:00,165.32,160.3758595353589
2026-07-20 13:45:00,170.0,165.19779251036934
2026-07-20 14:15:00,175.0,169.97706909750852
2026-07-20 14:30:00,178.63,173.98424007841948
2026-07-20 14:45:00,175.0,177.86764691027767
2026-07-20 15:00:00,171.0,178.62420719249945
2026-07-20 15:15:00,175.0,175.0159384203207
2026-07-20 15:30:00,175.03,177.68737577602198
2026-07-20 15:45:00,179.83,179.58237719495443
2026-07-20 16:00:00,164.66,183.03347574707192
2026-07-20 16:15:00,175.79,169.79039535961678
2026-07-20 16:30:00,184.04,179.0436095980571
2026-07-20 16:45:00,190.94,187.44560477818524
2026-07-20 17:00:00,182.2,193.64213089727426
2026-07-20 17:15:00,193.43,185.16938819628922
2026-07-20 17:30:00,202.01,194.10914719589363
2026-07-20 17:45:00,243.53,203.18234202235686
2026-07-20 18:00:00,215.2,235.52820205096563
2026-07-20 18:15:00,232.48,210.91143414863362
2026-07-20 18:30:00,231.65,225.1377246052275
2026-07-20 18:45:00,239.98,224.84470200882296
2026-07-20 19:00:00,228.63,228.5297495386152
2026-07-20 19:15:00,229.0,218.40256061985062
2026-07-20 19:30:00,200.0,218.99889750222246
2026-07-20 19:45:00,194.0,194.28257961410714
2026-07-20 20:00:00,186.34,189.57211973505395
2026-07-20 20:15:00,175.98,182.96441238072805
2026-07-20 20:30:00,171.94,174.93665480215674
2026-07-20 20:45:00,165.0,171.62082514387575
2026-07-20 21:00:00,171.33,166.06023728576127
2026-07-20 21:15:00,165.32,171.89078028415025
2026-07-20 21:30:00,163.29,166.97684756882683
2026-07-20 21:45:00,160.0,165.0049341820939
2026-07-20 22:00:00,204.5,161.96315558560232
2026-07-20 22:15:00,198.95,200.37738306597242
2026-07-20 22:30:00,185.55,196.4440091592524
2026-07-20 22:45:00,171.0,183.9471773013454
2026-07-20 23:00:00,179.99,169.9750066828361
2026-07-20 23:15:00,186.56,178.15943312087492
2026-07-20 23:30:00,165.0,184.62168550998024
2026-07-20 23:45:00,162.5,166.9684368448289
2026-07-21 00:00:00,167.99,165.02200515645842
2026-07-21 00:15:00,165.0,169.64260630850347
2026-07-21 00:30:00,162.19,167.59159845941946
2026-07-21 00:45:00,162.14,165.32235844164308
2026-07-21 01:00:00,164.46,165.46877276677327
2026-07-21 01:15:00,160.99,167.55312146387007
2026-07-21 01:30:00,160.0,164.33379678000873
2026-07-21 01:45:00,155.0,163.56348923757747
2026-07-21 02:00:00,155.34,159.14616189131462
2026-07-21 02:15:00,155.7,159.31887071472377
2026-07-21 02:30:00,152.08,160.02371702825374
2026-07-21 02:45:00,152.48,156.74537153480233
2026-07-21 03:00:00,158.75,156.88219529810115
2026-07-21 03:15:00,160.0,162.23869966835454
2026-07-21 03:30:00,156.46,163.4473688545024
2026-07-21 03:45:00,158.75,160.23573745484538
2026-07-21 04:00:00,155.7,161.77000753845246
2026-07-21 04:15:00,169.61,158.89671958455205
2026-07-21 04:30:00,170.32,170.72640724130014
2026-07-21 04:45:00,177.51,169.85057906911908
2026-07-21 05:00:00,181.63,176.48103665036047
2026-07-21 05:15:00,197.7,179.53946273444598
2026-07-21 05:30:00,190.28,193.29080802974602
2026-07-21 05:45:00,190.39,185.5406167589035
2026-07-21 06:00:00,196.59,188.60584979323764
2026-07-21 06:15:00,197.7,193.1636275245855
2026-07-21 06:30:00,181.0,194.3742072411285
2026-07-21 06:45:00,184.71,179.0230425813498
2026-07-21 07:00:00,201.99,182.32959668290385
2026-07-21 07:15:00,181.63,196.58624398972032
2026-07-21 07:30:00,165.0,178.7075626486432
2026-07-21 07:45:00,155.0,164.29552952458465
2026-07-21 08:00:00,169.21,153.4246898331605
2026-07-21 08:15:00,170.5,166.2939581425738
2026-07-21 08:30:00,170.0,167.27406153710388
2026-07-21 09:15:00,170.3,165.81227729140124
2026-07-21 09:30:00,161.0,165.73896142845308
2026-07-21 09:45:00,160.5,157.63429976498458
2026-07-21 10:00:00,163.26,157.19052819764963
2026-07-21 10:15:00,162.0,159.34470549464808
2026-07-21 10:45:00,161.06,158.66767308545522
2026-07-21 11:00:00,160.34,158.1419539772674
2026-07-21 11:15:00,162.21,157.46090558972398
2026-07-21 11:30:00,160.06,159.04230393169948
2026-07-21 11:45:00,158.12,157.07688400465526
2026-07-21 12:00:00,152.08,155.44087018425773
2026-07-21 12:15:00,169.56,150.46956712073182
2026-07-21 12:30:00,170.32,165.69220062574215
2026-07-21 12:45:00,176.0,166.50291468744845
2026-07-21 13:00:00,180.0,172.09616939577745
2026-07-21 13:15:00,181.0,174.96124095247677
2026-07-21 13:30:00,181.9,175.83298869358777
2026-07-21 13:45:00,186.57,176.62748215448633
2026-07-21 14:00:00,181.63,181.4440442640777
2026-07-21 14:15:00,186.5,177.20932872547434
2026-07-21 14:30:00,177.45,181.5416931925867
2026-07-21 14:45:00,181.63,173.71946292775522
2026-07-21 15:00:00,165.0,182.30586213920444
2026-07-21 15:15:00,175.0,168.38890726176678
2026-07-21 15:30:00,181.92,178.0555121170952
2026-07-21 15:45:00,197.7,184.67987829501513
2026-07-21 16:00:00,189.13,199.2161528811282
2026-07-21 16:15:00,197.7,191.87504370196334
2026-07-21 16:30:00,204.5,199.02325183665147
2026-07-21 16:45:00,197.7,205.32105161938105
2026-07-21 17:30:00,218.32,200.8339364218265
2026-07-21 17:45:00,251.94,218.54217907367374
2026-07-21 18:00:00,204.5,243.87478883899595
2026-07-21 18:15:00,214.8,204.18045930094445
2026-07-21 18:30:00,209.1,212.22065463505115
2026-07-21 18:45:00,237.6,206.2436823019558
2026-07-21 19:00:00,204.5,225.9444368622807
2026-07-21 19:30:00,204.26,198.22048722671838
2026-07-21 19:45:00,220.66,197.38018031368208
2026-07-21 20:00:00,216.34,210.43797586943472
2026-07-21 20:15:00,191.71,207.3515213998016
2026-07-21 20:30:00,180.0,186.68420209340053
2026-07-21 20:45:00,170.0,175.97909109321984
2026-07-21 21:00:00,177.42,168.66164652962905
2026-07-21 21:15:00,167.78,176.00853823774565
2026-07-21 21:30:00,159.48,168.46739672692837
2026-07-21 21:45:00,147.0,161.97796621696986
2026-07-21 22:00:00,169.41,151.09278544236005
2026-07-21 22:15:00,188.82,170.7642576978689
2026-07-21 22:30:00,197.94,187.3164975368177
2026-07-21 22:45:00,188.82,195.6344258075582
2026-07-21 23:00:00,180.0,187.31980684536228
2026-07-21 23:30:00,170.37,179.49047176273592
2026-07-21 23:45:00,155.0,169.16202162998425
2026-07-22 00:00:00,169.34,156.3684441627929
2026-07-22 00:15:00,165.94,169.6048551454453
2026-07-22 00:30:00,165.0,167.66612040931807
2026-07-22 00:45:00,155.0,166.995167379123
2026-07-22 01:00:00,165.0,157.71712409921673
2026-07-22 01:30:00,158.24,167.14898824533157
2026-07-22 01:45:00,165.0,161.45843423867274
2026-07-22 02:00:00,163.49,167.35321507475174
2026-07-22 02:15:00,162.01,165.74010404047254
2026-07-22 02:30:00,163.12,164.78472396277115
2026-07-22 02:45:00,162.49,165.50337395101792
2026-07-22 03:00:00,152.85,164.88467239007002
2026-07-22 03:15:00,164.51,156.80135729710318
2026-07-22 03:30:00,163.45,166.75376658457085
2026-07-22 03:45:00,170.67,166.047181404551
2026-07-22 04:00:00,170.0,172.58384488624148
2026-07-22 04:15:00,179.71,171.43637550665613
2026-07-22 04:30:00,188.82,179.77411650195796
2026-07-22 05:00:00,189.03,187.89185608734448
2026-07-22 05:15:00,195.0,187.4220172237202
2026-07-22 05:30:00,189.03,191.7421431488681
2026-07-22 05:45:00,188.82,186.0859802370568
2026-07-22 06:00:00,190.0,189.13197847919554
2026-07-22 06:15:00,188.82,189.70193216713884
2026-07-22 06:30:00,171.8,187.77264096398324
2026-07-22 06:45:00,170.0,172.67272173431965
2026-07-22 07:00:00,190.0,170.25281604491738
2026-07-22 07:15:00,181.73,186.74649360713533
2026-07-22 07:30:00,195.0,178.96360936878557
2026-07-22 07:45:00,184.63,190.1531697394856
2026-07-22 08:00:00,183.34,178.22777619875504
2026-07-22 08:15:00,171.8,176.73339672437928
2026-07-22 08:30:00,171.08,165.96234432470754
2026-07-22 08:45:00,153.7,166.0069216387959
2026-07-22 09:00:00,170.0,150.7344327168554
2026-07-22 09:15:00,167.49,164.0425402463166
2026-07-22 09:30:00,159.72,162.51258359727137
2026-07-22 09:45:00,155.87,156.8588437573958
2026-07-22 10:00:00,139.73,153.3278855564311
2026-07-22 10:15:00,138.0,139.00718255406176
2026-07-22 10:30:00,131.0,137.63400234820176
2026-07-22 10:45:00,112.28,131.7759943851208
2026-07-22 11:00:00,134.96,116.2337440119787
2026-07-22 11:45:00,136.41,136.22928740570785
2026-07-22 12:00:00,141.91,137.78784392884575
2026-07-22 12:15:00,131.0,143.07807063380343
2026-07-22 12:30:00,119.6,133.2397404386424
2026-07-22 12:45:00,121.86,123.63434028149896
2026-07-22 13:00:00,139.73,125.584662630234
2026-07-22 13:15:00,138.0,141.60359623537593
2026-07-22 13:30:00,136.46,141.05154474492772
2026-07-22 14:00:00,143.64,140.78006335027843
2026-07-22 14:15:00,144.63,146.74012998984168
2026-07-22 14:30:00,149.43,146.97232531075255
2026-07-22 14:45:00,158.9,151.16355931339558
2026-07-22 15:00:00,147.94,163.608952240684
2026-07-22 15:15:00,154.96,154.47681205816983
2026-07-22 15:30:00,164.94,160.6412910281549
2026-07-22 15:45:00,171.04,169.21376111697262
2026-07-22 16:00:00,148.94,174.9686533743824
2026-07-22 16:15:00,166.09,156.49215642868955
2026-07-22 16:30:00,187.0,171.05617486397222
2026-07-22 16:45:00,192.41,189.57791655772752
2026-07-22 17:00:00,195.85,195.204804887757
2026-07-22 17:15:00,198.34,198.8269974846869
2026-07-22 17:30:00,201.84,200.424336422316
2026-07-22 17:45:00,210.85,203.44302609799428
2026-07-22 18:00:00,200.91,207.22313870275917
2026-07-22 18:30:00,208.1,199.5359074572345
2026-07-22 18:45:00,222.82,205.51003936955405
2026-07-22 19:00:00,225.0,213.15493114440636
2026-07-22 19:15:00,224.52,215.69630520018694
2026-07-22 19:30:00,209.22,214.27140680214504
2026-07-22 19:45:00,188.82,199.3216249542562
2026-07-22 20:45:00,166.22,183.67027531286507
2026-07-22 21:00:00,188.82,163.85605830655575
2026-07-22 21:15:00,184.63,183.75679002949727
2026-07-22 21:30:00,165.9,179.4985595955087
2026-07-22 21:45:00,148.11,165.41350378719028
2026-07-22 22:00:00,187.63,149.14983395154746
2026-07-22 22:15:00,204.5,182.29365248097838
2026-07-22 22:30:00,211.95,197.46499496568606
2026-07-22 22:45:00,190.0,205.40577944157732
2026-07-22 23:00:00,205.0,185.93372491593306
2026-07-22 23:15:00,191.02,198.71191033583
2026-07-22 23:30:00,188.97,186.20186075257936
2026-07-22 23:45:00,175.01,185.56287862195242
2026-07-23 00:00:00,180.0,173.5624627621964
2026-07-23 00:15:00,178.84,178.7124564455883
2026-07-23 00:30:00,175.1,176.78481729565817
2026-07-23 00:45:00,168.0,173.25423855867177
2026-07-23 01:00:00,172.75,166.42189150357115
2026-07-23 01:15:00,168.0,170.93438218321705
2026-07-23 01:30:00,161.46,167.33421147240063
2026-07-23 01:45:00,162.75,162.36340878780038
2026-07-23 02:00:00,164.9,163.90100193346672
2026-07-23 02:30:00,162.47,165.26312136160456
2026-07-23 02:45:00,162.75,163.52358343501942
2026-07-23 03:00:00,167.08,163.8011130400801
2026-07-23 03:15:00,171.26,167.85422148278593
2026-07-23 03:30:00,165.9,171.0903079236261
2026-07-23 04:00:00,179.46,166.85038390732987
2026-07-23 04:15:00,188.61,177.93236881999914
2026-07-23 04:30:00,196.91,185.6415290326527
2026-07-23 04:45:00,195.02,192.84835556568504
2026-07-23 05:00:00,191.0,191.59137507816996
2026-07-23 05:15:00,197.7,187.41906586579447
2026-07-23 05:30:00,195.28,192.9477735767741
2026-07-23 05:45:00,190.0,190.01135269554746
2026-07-23 06:00:00,194.85,189.02565386472278
2026-07-23 06:15:00,191.92,192.1658628335876
2026-07-23 06:30:00,188.61,189.35213441739177
2026-07-23 06:45:00,184.62,185.99254240879338
2026-07-23 07:00:00,187.63,181.5796737481314
2026-07-23 07:15:00,175.23,183.51004895811926
2026-07-23 07:30:00,180.3,172.61947842960006
2026-07-23 07:45:00,173.0,176.8517167977685
2026-07-23 08:00:00,172.7,167.95609355101388
2026-07-23 08:15:00,183.71,167.68027673392123
2026-07-23 08:30:00,172.21,176.55664824729948
2026-07-23 08:45:00,169.22,167.32392374350553
2026-07-23 09:00:00,150.0,164.48338199951885
2026-07-23 09:15:00,156.08,146.504806001699
2026-07-23 09:30:00,148.17,152.07353205839243
2026-07-23 09:45:00,148.68,144.40076987627708
2026-07-23 10:00:00,139.09,145.53934186731837
2026-07-23 10:15:00,137.62,137.2088810082435
2026-07-23 10:30:00,146.52,136.70027159298724
2026-07-23 10:45:00,143.56,144.3594098416783
2026-07-23 11:00:00,139.2,142.96945386516262
2026-07-23 11:30:00,140.06,138.77408616721902
2026-07-23 11:45:00,141.94,139.3901865779249
2026-07-23 12:00:00,139.22,141.5681158161788
2026-07-23 12:15:00,153.46,139.37903570596896
2026-07-23 12:30:00,153.67,152.08201082919862
2026-07-23 12:45:00,155.76,152.19281170968702
2026-07-23 13:00:00,156.88,154.28480906277565
2026-07-23 13:15:00,153.0,156.02888314466804
2026-07-23 13:30:00,164.56,152.13851222605334
2026-07-23 13:45:00,168.0,162.35130194158808
2026-07-23 14:00:00,176.0,165.4772717171207
2026-07-23 14:15:00,187.63,173.30152406700313
2026-07-23 14:30:00,191.91,183.80158530814518
2026-07-23 15:00:00,190.0,192.85895488865344
2026-07-23 15:15:00,196.2,190.62763393572249
2026-07-23 15:30:00,205.75,196.05538520068203
2026-07-23 15:45:00,205.0,204.5527842077452
2026-07-23 16:00:00,187.63,204.26525277537752
2026-07-23 16:15:00,202.27,189.769380284525
2026-07-23 16:30:00,220.18,202.26253498338892
2026-07-23 16:45:00,230.0,217.79307589143227
2026-07-23 17:00:00,204.5,228.05559881526105
2026-07-23 17:15:00,200.91,206.04974696312786
2026-07-23 17:30:00,204.14,202.52618936087447
2026-07-23 17:45:00,240.85,205.2245581279462
2026-07-23 18:00:00,204.59,235.31522354999353
2026-07-23 18:15:00,230.4,203.93816916385543
2026-07-23 18:30:00,229.05,225.38737705670164
2026-07-23 18:45:00,234.52,223.33363159340908
2026-07-23 19:00:00,225.0,224.5994373030649
2026-07-23 19:15:00,225.4,215.5917242875377
2026-07-23 19:30:00,205.0,215.85710183479776
2026-07-23 19:45:00,192.0,197.76983927314802
2026-07-23 20:00:00,195.92,187.38535987983107
2026-07-23 20:15:00,224.91,190.36259340981667
2026-07-23 20:30:00,202.59,215.1592088893463
2026-07-23 20:45:00,191.74,196.24944285126386
2026-07-23 21:00:00,197.7,186.90396803565423
2026-07-23 21:30:00,189.6,191.63316086472958
2026-07-23 21:45:00,175.0,186.27318555909903
2026-07-23 22:00:00,201.84,174.77588746605687
2026-07-23 22:15:00,238.0,196.55170534424155
2026-07-23 22:30:00,225.93,228.02697049813213
2026-07-23 22:45:00,202.0,219.01489548983128
2026-07-23 23:00:00,222.87,198.4540067174903
2026-07-23 23:15:00,205.46,213.58304342271524
2026-07-23 23:30:00,202.75,198.33724746195463
2026-07-23 23:45:00,192.92,196.45676155092983
2026-07-24 00:30:00,192.0,188.1216671987667
2026-07-24 00:45:00,190.58,187.23852717114912
2026-07-24 01:00:00,192.0,186.71851208192078
2026-07-24 01:30:00,191.46,188.47192809847766
2026-07-24 01:45:00,190.0,188.6858258922576
2026-07-24 02:00:00,181.99,187.39955592281237
2026-07-24 02:15:00,178.1,180.74078683903028
2026-07-24 02:30:00,176.0,177.6546544860439
2026-07-24 02:45:00,176.05,176.19557645979683
2026-07-24 03:00:00,175.69,176.47367392257138
2026-07-24 03:15:00,158.62,176.67656955913384
2026-07-24 03:30:00,165.46,162.59647222981107
2026-07-24 03:45:00,169.2,168.142739188346
2026-07-24 04:00:00,168.25,171.36959527421658
2026-07-24 04:15:00,177.35,170.96027251443363
2026-07-24 04:30:00,175.13,178.34670459766727
2026-07-24 04:45:00,171.9,175.97182842716668
2026-07-24 05:00:00,192.92,173.78922099320272
2026-07-24 05:15:00,197.42,191.22661676752693
2026-07-24 05:30:00,190.47,194.14752261315945
2026-07-24 05:45:00,190.07,187.65950109858565
2026-07-24 06:00:00,187.0,189.4746090388289
2026-07-24 06:15:00,166.76,186.2780015993312
2026-07-24 06:30:00,187.0,168.71531838534474
2026-07-24 06:45:00,166.08,185.27182983064003
2026-07-24 07:00:00,201.84,166.97407939593643
2026-07-24 07:15:00,195.0,197.90645206369933
2026-07-24 07:30:00,190.63,190.72159656664158
2026-07-24 07:45:00,172.53,187.3540284184958
2026-07-24 08:00:00,187.0,168.5329734979703
2026-07-24 08:15:00,166.0,180.94799924161174
2026-07-24 08:30:00,152.21,162.56888833168205
2026-07-24 08:45:00,153.0,151.51473198121758
2026-07-24 09:00:00,154.05,151.18961730238522
2026-07-24 09:15:00,155.81,152.74986985071496
2026-07-24 09:30:00,156.25,154.3818896297609
2026-07-24 09:45:00,156.55,154.02044371760994
2026-07-24 10:00:00,143.48,154.48305612289096
2026-07-24 10:15:00,140.03,143.1075467688507
2026-07-24 11:00:00,138.55,140.22123702470415
2026-07-24 11:15:00,140.04,138.56857201315228
2026-07-24 12:15:00,88.7,140.29931403660314
2026-07-24 12:30:00,89.0,96.6275886937994
2026-07-24 12:45:00,96.49,97.47244746232039
2026-07-24 13:00:00,138.0,104.06958110195826
2026-07-24 13:15:00,133.0,141.0983331081919
2026-07-24 13:30:00,122.45,137.20564593731103
2026-07-24 13:45:00,131.0,128.43669909602306
2026-07-24 14:00:00,128.28,134.8213306545078
2026-07-24 14:15:00,132.89,133.00666463418221
2026-07-24 14:30:00,139.94,137.84591617163403
2026-07-24 14:45:00,138.43,143.49635963830693
2026-07-24 15:00:00,141.0,147.51886387104457
2026-07-24 15:15:00,141.41,150.13388389484527
2026-07-24 15:30:00,144.09,150.82718235186618
2026-07-24 15:45:00,153.9,153.92346079742916
2026-07-24 16:15:00,171.28,163.0898016766393
2026-07-24 16:30:00,166.94,178.40848782585073
2026-07-24 16:45:00,183.52,174.86886182410007
2026-07-24 17:00:00,187.63,188.90361130556917
2026-07-24 17:15:00,192.28,192.19020336912436
2026-07-24 17:30:00,201.84,196.76781352913267
2026-07-24 17:45:00,204.95,204.7187192512613
2026-07-24 18:00:00,204.39,203.61258947837473
2026-07-24 18:45:00,207.33,203.760967945699
2026-07-24 19:00:00,204.39,202.36645275260608
2026-07-24 19:30:00,204.32,199.19485617661604
2026-07-24 19:45:00,201.84,198.3928354884537
2026-07-24 20:00:00,204.39,195.78793648257553
2026-07-24 20:45:00,201.84,198.64373686739253
2026-07-24 21:00:00,204.39,196.5144556765465
2026-07-24 21:15:00,202.24,198.45361857010892
2026-07-24 21:30:00,201.84,194.76340564024474
2026-07-24 21:45:00,191.53,195.80138482081878
