timestamp,actual,prediction
2026-05-13 05:30:00,165.06,145.80643
2026-05-13 06:00:00,181.37,158.96631
2026-05-13 06:15:00,178.15,164.23138
2026-05-13 06:30:00,169.01,159.99342
2026-05-13 06:45:00,149.44,158.93123
2026-05-13 07:00:00,155.46,150.50284
2026-05-13 07:15:00,148.03,153.22623
2026-05-13 07:30:00,140.17,144.07564
2026-05-13 07:45:00,116.34,129.91425
2026-05-13 08:00:00,143.2,121.70125
2026-05-13 08:15:00,134.0,133.83307
2026-05-13 08:30:00,130.2,125.09116
2026-05-13 08:45:00,113.0,121.66938
2026-05-13 09:00:00,143.21,118.19207
2026-05-13 09:15:00,141.38,133.02216
2026-05-13 09:30:00,115.4,130.79362
2026-05-13 09:45:00,103.0,113.04544
2026-05-13 10:00:00,88.5,98.32934
2026-05-13 10:15:00,82.92,76.052734
2026-05-13 10:30:00,77.2,78.82051
2026-05-13 10:45:00,73.22,69.99081
2026-05-13 11:00:00,80.77,77.42501
2026-05-13 11:15:00,80.0,78.84049
2026-05-13 11:30:00,79.19,79.92151
2026-05-13 11:45:00,73.95,79.787544
2026-05-13 12:00:00,70.5,84.22574
2026-05-13 12:15:00,73.16,82.29669
2026-05-13 12:30:00,80.0,90.553734
2026-05-13 12:45:00,85.66,91.760956
2026-05-13 13:00:00,82.47,88.931274
2026-05-13 13:15:00,84.75,91.66438
2026-05-13 13:30:00,93.79,96.45947
2026-05-13 13:45:00,106.33,101.901596
2026-05-13 14:00:00,110.69,108.908775
2026-05-13 14:15:00,114.29,113.09309
2026-05-13 14:30:00,116.03,118.20803
2026-05-13 14:45:00,128.94,122.49924
2026-05-13 15:00:00,115.95,131.69867
2026-05-13 15:15:00,119.02,123.48948
2026-05-13 15:30:00,138.76,129.51044
2026-05-13 15:45:00,146.67,139.89375
2026-05-13 16:00:00,115.9,138.10521
2026-05-13 16:15:00,140.11,129.9134
2026-05-13 16:30:00,148.48,147.03796
2026-05-13 16:45:00,160.67,156.0353
2026-05-13 17:00:00,143.34,147.66849
2026-05-13 17:15:00,148.03,152.14743
2026-05-13 17:30:00,157.62,156.92561
2026-05-13 17:45:00,169.01,173.93233
2026-05-13 18:00:00,173.76,164.92307
2026-05-13 18:15:00,180.0,167.93343
2026-05-13 18:45:00,171.96,176.2611
2026-05-13 19:00:00,155.45,169.59933
2026-05-13 19:15:00,149.0,163.27237
2026-05-13 19:30:00,148.03,156.26529
2026-05-13 19:45:00,147.84,155.31097
2026-05-13 20:00:00,148.03,142.15938
2026-05-13 20:15:00,143.63,142.40628
2026-05-13 20:30:00,140.65,139.28966
2026-05-13 20:45:00,124.01,136.96136
2026-05-13 21:00:00,143.2,129.18703
2026-05-13 21:15:00,133.26,137.79291
2026-05-13 21:30:00,124.01,129.51363
2026-05-13 21:45:00,119.53,120.00282
2026-05-13 22:00:00,150.0,126.33759
2026-05-13 22:15:00,144.36,139.85255
2026-05-13 22:30:00,137.98,134.92773
2026-05-13 22:45:00,131.7,127.81249
2026-05-13 23:00:00,141.4,127.39943
2026-05-13 23:15:00,136.11,135.61992
2026-05-13 23:30:00,133.58,129.03818
2026-05-13 23:45:00,128.9,127.63539
2026-05-14 00:00:00,137.6,125.38112
2026-05-14 00:15:00,127.58,131.29585
2026-05-14 00:30:00,128.07,125.18434
2026-05-14 00:45:00,127.15,124.50129
2026-05-14 01:00:00,131.9,124.9691
2026-05-14 01:15:00,130.65,128.33519
2026-05-14 01:30:00,128.94,127.87918
2026-05-14 01:45:00,128.92,125.7934
2026-05-14 02:00:00,127.28,126.827576
2026-05-14 02:15:00,128.0,127.196754
2026-05-14 02:30:00,129.32,125.78896
2026-05-14 02:45:00,135.8,126.80917
2026-05-14 03:00:00,129.34,133.4416
2026-05-14 03:15:00,129.76,129.02151
2026-05-14 03:30:00,137.08,130.36464
2026-05-14 03:45:00,141.7,135.32477
2026-05-14 04:00:00,137.08,141.22551
2026-05-14 04:15:00,144.36,143.97281
2026-05-14 04:45:00,150.87,148.6337
2026-05-14 05:00:00,134.72,148.50336
2026-05-14 05:15:00,139.0,135.99397
2026-05-14 05:30:00,136.78,136.84953
2026-05-14 05:45:00,129.5,138.04793
2026-05-14 06:00:00,143.3,127.39715
2026-05-14 06:15:00,139.0,137.6315
2026-05-14 06:30:00,122.6,127.77122
2026-05-14 06:45:00,115.1,117.19835
2026-05-14 07:00:00,147.98,126.140785
2026-05-14 07:15:00,140.22,133.83807
2026-05-14 07:30:00,120.17,127.446655
2026-05-14 07:45:00,112.03,116.535065
2026-05-14 08:00:00,140.0,120.040985
2026-05-14 08:15:00,130.84,130.04358
2026-05-14 08:30:00,118.53,123.37663
2026-05-14 08:45:00,111.11,112.653946
2026-05-14 09:00:00,140.22,111.782104
2026-05-14 09:15:00,133.84,128.77283
2026-05-14 09:30:00,130.55,125.40715
2026-05-14 09:45:00,112.23,123.06166
2026-05-14 10:00:00,108.28,107.32433
2026-05-14 10:15:00,105.98,102.226456
2026-05-14 10:30:00,99.66,99.901695
2026-05-14 10:45:00,94.37,94.526566
2026-05-14 11:00:00,100.0,92.65273
2026-05-14 11:15:00,103.0,95.59194
2026-05-14 11:30:00,109.2,95.37906
2026-05-14 11:45:00,111.87,103.80282
2026-05-14 12:00:00,112.86,110.68285
2026-05-14 12:15:00,113.94,114.28761
2026-05-14 12:30:00,117.08,110.18745
2026-05-14 13:00:00,134.79,110.62229
2026-05-14 13:15:00,117.44,117.637825
2026-05-14 13:30:00,140.0,113.84354
2026-05-14 13:45:00,124.49,131.0261
2026-05-14 14:00:00,121.12,125.40996
2026-05-14 14:15:00,140.31,122.69431
2026-05-14 14:30:00,143.0,136.90782
2026-05-14 14:45:00,155.57,135.70398
2026-05-14 15:00:00,117.71,130.0929
2026-05-14 15:15:00,122.37,123.01148
2026-05-14 15:30:00,139.04,130.62238
2026-05-14 15:45:00,160.88,140.18571
2026-05-14 16:00:00,117.08,134.45982
2026-05-14 16:15:00,135.8,126.98487
2026-05-14 16:30:00,140.22,139.92375
2026-05-14 16:45:00,142.32,151.70634
2026-05-14 17:00:00,135.52,140.18234
2026-05-14 17:15:00,143.65,141.43256
2026-05-14 17:30:00,144.36,148.94878
2026-05-14 17:45:00,150.87,150.61888
2026-05-14 18:00:00,159.0,146.26605
2026-05-14 18:15:00,159.68,156.01065
2026-05-14 18:30:00,161.44,157.93013
2026-05-14 18:45:00,161.0,160.79185
2026-05-14 19:00:00,171.43,158.71906
2026-05-14 19:15:00,167.26,164.71805
2026-05-14 19:30:00,157.54,161.17783
2026-05-14 19:45:00,150.87,153.75049
2026-05-14 20:00:00,165.37,145.93793
2026-05-14 20:15:00,152.91,154.2228
2026-05-14 20:30:00,149.76,143.78734
2026-05-14 20:45:00,144.36,141.42299
2026-05-14 21:00:00,145.0,140.94319
2026-05-14 21:15:00,142.32,138.09088
2026-05-14 21:30:00,132.3,137.6766
2026-05-14 21:45:00,125.41,129.27377
2026-05-14 22:00:00,140.09,124.94646
2026-05-14 22:15:00,144.17,133.55551
2026-05-14 22:30:00,132.07,136.17076
2026-05-14 22:45:00,123.67,127.73435
2026-05-14 23:00:00,135.1,123.33438
2026-05-14 23:15:00,132.0,132.44157
2026-05-14 23:30:00,127.34,129.06174
2026-05-15 00:00:00,131.18,123.363914
2026-05-15 00:15:00,128.0,127.44398
2026-05-15 00:30:00,131.07,125.24662
2026-05-15 00:45:00,130.15,126.957054
2026-05-15 01:00:00,129.51,128.07701
2026-05-15 01:15:00,129.12,125.76103
2026-05-15 01:30:00,131.17,127.16556
2026-05-15 01:45:00,130.61,126.8548
2026-05-15 02:00:00,129.33,129.06036
2026-05-15 02:15:00,132.0,125.8602
2026-05-15 02:30:00,133.54,130.10017
2026-05-15 02:45:00,137.13,131.4752
2026-05-15 03:00:00,132.0,133.02492
2026-05-15 03:15:00,134.12,131.94182
2026-05-15 03:30:00,136.4,133.87039
2026-05-15 03:45:00,140.0,135.6567
2026-05-15 04:00:00,137.58,140.20128
2026-05-15 04:15:00,144.86,142.55649
2026-05-15 04:30:00,144.9,148.6239
2026-05-15 04:45:00,145.34,146.42122
2026-05-15 05:00:00,148.81,145.80135
2026-05-15 05:15:00,146.59,146.60323
2026-05-15 05:30:00,144.48,146.95375
2026-05-15 05:45:00,144.17,144.10614
2026-05-15 06:00:00,144.14,146.02867
2026-05-15 06:15:00,141.95,146.39645
2026-05-15 06:30:00,148.81,140.80736
2026-05-15 06:45:00,145.1,144.83835
2026-05-15 07:00:00,169.12,141.98917
2026-05-15 07:15:00,181.53,153.83488
2026-05-15 07:30:00,166.9,159.42819
2026-05-15 07:45:00,165.01,154.63329
2026-05-15 08:00:00,162.26,158.908
2026-05-15 08:15:00,156.0,156.09512
2026-05-15 08:30:00,150.87,150.98236
2026-05-15 09:45:00,144.17,149.52231
2026-05-15 10:15:00,143.77,144.72838
2026-05-15 10:30:00,123.67,137.82416
2026-05-15 11:30:00,142.6,132.38998
2026-05-15 11:45:00,141.87,142.09973
2026-05-15 12:00:00,138.13,143.37523
2026-05-15 12:30:00,126.95,136.27397
2026-05-15 12:45:00,125.67,129.42337
2026-05-15 13:00:00,150.87,131.00348
2026-05-15 14:00:00,150.0,143.96135
2026-05-15 14:15:00,149.13,138.61813
2026-05-15 14:30:00,150.0,137.31161
2026-05-15 14:45:00,150.87,154.27824
2026-05-15 15:00:00,148.81,153.77939
2026-05-15 15:30:00,156.0,153.03447
2026-05-15 15:45:00,164.9,160.94626
2026-05-15 16:00:00,148.67,170.27365
2026-05-15 16:15:00,148.81,154.95145
2026-05-15 16:30:00,155.61,157.49174
2026-05-15 16:45:00,150.87,168.5345
2026-05-15 17:00:00,148.81,153.84807
2026-05-15 17:15:00,150.59,153.52159
2026-05-15 17:30:00,157.14,158.86296
2026-05-15 17:45:00,165.75,163.26527
2026-05-15 18:00:00,165.01,167.12808
2026-05-15 18:15:00,166.68,166.73714
2026-05-15 18:30:00,165.01,168.68929
2026-05-15 18:45:00,163.85,168.26663
2026-05-15 19:00:00,169.12,164.29561
2026-05-15 19:15:00,158.16,165.76851
2026-05-15 19:30:00,150.7,157.43701
2026-05-15 19:45:00,146.02,149.46384
2026-05-15 20:00:00,154.6,142.23466
2026-05-15 20:15:00,148.81,148.73447
2026-05-15 20:45:00,142.68,141.95303
2026-05-15 21:00:00,149.88,138.05585
2026-05-15 21:15:00,142.6,143.06252
2026-05-15 21:30:00,135.9,139.22041
2026-05-15 21:45:00,134.19,132.38594
2026-05-15 22:00:00,151.23,139.4973
2026-05-15 22:15:00,151.5,145.99866
2026-05-15 22:30:00,151.23,143.65884
2026-05-15 23:30:00,136.61,142.05345
2026-05-15 23:45:00,130.61,137.47453
2026-05-16 00:00:00,137.91,136.40807
2026-05-16 00:15:00,129.55,139.8565
2026-05-16 00:30:00,126.47,128.32924
2026-05-16 01:45:00,125.39,128.0658
2026-05-16 02:00:00,124.0,128.8722
2026-05-16 02:15:00,124.88,124.96739
2026-05-16 02:30:00,124.02,124.96106
2026-05-16 02:45:00,124.73,123.81377
2026-05-16 03:00:00,126.47,126.30912
2026-05-16 03:45:00,125.44,126.59321
2026-05-16 04:00:00,126.47,129.35054
2026-05-16 04:15:00,130.26,133.18927
2026-05-16 04:30:00,135.0,133.79059
2026-05-16 04:45:00,126.47,136.69794
2026-05-16 05:00:00,151.23,132.02132
2026-05-16 06:00:00,156.0,146.17787
2026-05-16 06:15:00,153.31,147.28036
2026-05-16 06:30:00,151.23,138.81288
2026-05-16 07:00:00,171.27,142.28241
2026-05-16 07:15:00,167.21,158.83055
2026-05-16 07:45:00,154.31,150.60619
2026-05-16 08:00:00,167.21,142.79445
2026-05-16 08:15:00,155.0,157.65152
2026-05-16 08:30:00,153.31,146.50932
2026-05-16 08:45:00,150.0,142.44908
2026-05-16 09:00:00,153.31,142.53549
2026-05-16 09:30:00,143.61,144.87813
2026-05-16 10:00:00,117.29,134.9219
2026-05-16 10:15:00,116.57,120.76359
2026-05-16 10:30:00,113.8,119.64101
2026-05-16 10:45:00,94.75,116.621864
2026-05-16 11:00:00,80.0,91.31963
2026-05-16 11:15:00,70.0,67.44582
2026-05-16 11:30:00,72.33,63.783367
2026-05-16 11:45:00,62.92,62.838387
2026-05-16 12:00:00,76.96,59.840538
2026-05-16 12:15:00,61.0,73.30196
2026-05-16 12:30:00,70.0,62.491447
2026-05-16 12:45:00,61.31,74.19656
2026-05-16 13:00:00,13.06,80.403206
2026-05-16 13:30:00,20.05,29.327217
2026-05-16 13:45:00,23.0,30.395363
2026-05-16 14:00:00,20.0,35.4941
2026-05-16 14:15:00,20.05,44.478657
2026-05-16 14:30:00,23.0,36.9642
2026-05-16 14:45:00,44.32,43.658634
2026-05-16 15:00:00,14.8,77.58302
2026-05-16 15:15:00,30.0,56.02189
2026-05-16 15:30:00,47.25,85.12744
2026-05-16 15:45:00,87.48,91.79487
2026-05-16 16:00:00,91.01,116.01464
2026-05-16 16:15:00,108.81,118.479645
2026-05-16 16:30:00,151.23,130.65071
2026-05-16 16:45:00,156.0,141.48538
2026-05-16 17:00:00,120.0,141.0596
2026-05-16 17:15:00,129.07,135.23528
2026-05-16 17:30:00,150.0,147.03265
2026-05-16 17:45:00,153.31,159.08904
2026-05-16 18:00:00,136.9,154.23535
2026-05-16 18:15:00,150.0,141.68999
2026-05-16 18:30:00,151.23,151.9304
2026-05-16 19:00:00,149.58,148.69121
2026-05-16 19:15:00,142.98,142.35869
2026-05-16 19:30:00,140.56,145.2453
2026-05-16 19:45:00,138.88,144.65872
2026-05-16 20:00:00,151.23,138.8248
2026-05-16 20:15:00,148.0,142.28818
2026-05-16 20:30:00,143.61,139.51318
2026-05-16 20:45:00,137.96,137.9663
2026-05-16 21:00:00,151.23,132.76974
2026-05-16 21:15:00,150.71,141.02734
2026-05-16 21:30:00,137.74,137.93411
2026-05-16 21:45:00,130.0,130.03214
2026-05-16 22:00:00,141.84,136.00304
2026-05-16 22:15:00,133.51,139.98279
2026-05-16 22:30:00,126.0,130.8851
2026-05-16 22:45:00,122.97,126.84191
2026-05-16 23:00:00,128.41,125.19493
2026-05-16 23:15:00,121.06,125.69298
2026-05-16 23:30:00,118.8,119.26003
2026-05-16 23:45:00,117.63,117.49923
2026-05-17 00:00:00,121.38,117.54813
2026-05-17 00:15:00,119.97,121.749016
2026-05-17 00:30:00,116.67,117.71591
2026-05-17 00:45:00,124.98,115.999985
2026-05-17 01:00:00,114.79,123.12449
2026-05-17 01:15:00,117.94,115.77715
2026-05-17 01:30:00,117.9,116.84261
2026-05-17 01:45:00,121.04,118.000534
2026-05-17 02:00:00,124.0,119.42739
2026-05-17 02:15:00,120.08,122.45866
2026-05-17 02:30:00,123.15,118.868004
2026-05-17 02:45:00,124.13,122.03834
2026-05-17 03:00:00,150.0,125.483696
2026-05-17 03:15:00,152.43,141.40146
2026-05-17 03:45:00,142.43,141.73788
2026-05-17 04:00:00,156.47,137.01915
2026-05-17 04:15:00,155.37,153.51904
2026-05-17 04:30:00,153.61,153.06052
2026-05-17 04:45:00,154.55,147.91573
2026-05-17 05:00:00,159.43,150.46094
2026-05-17 05:15:00,154.55,149.12794
2026-05-17 05:30:00,152.43,142.44716
2026-05-17 06:15:00,143.28,138.3266
2026-05-17 06:30:00,129.74,131.1962
2026-05-17 06:45:00,114.75,121.49475
2026-05-17 07:00:00,114.63,118.224724
2026-05-17 07:15:00,91.75,117.76372
2026-05-17 07:30:00,72.35,66.78902
2026-05-17 07:45:00,48.92,43.714897
2026-05-17 08:00:00,15.0,33.006622
2026-05-17 08:15:00,13.55,18.389204
2026-05-17 08:30:00,20.0,15.25346
2026-05-17 08:45:00,15.25,18.197144
2026-05-17 09:00:00,13.0,8.220133
2026-05-17 09:30:00,12.0,9.901414
2026-05-17 10:00:00,13.0,10.854334
2026-05-17 10:45:00,12.0,10.4298115
2026-05-17 12:00:00,11.0,12.867594
2026-05-17 13:00:00,12.0,13.033336
2026-05-17 13:30:00,13.0,11.292608
2026-05-17 14:00:00,1.0,27.06725
2026-05-17 14:30:00,20.0,23.209858
2026-05-17 14:45:00,26.05,45.570263
2026-05-17 15:00:00,56.56,71.95999
2026-05-17 15:15:00,78.36,93.16328
2026-05-17 15:30:00,124.0,107.783165
2026-05-17 15:45:00,141.08,122.165825
2026-05-17 16:00:00,122.54,120.80686
2026-05-17 16:15:00,128.86,124.5921
2026-05-17 16:30:00,151.73,133.70117
2026-05-17 16:45:00,154.05,163.3371
2026-05-17 17:00:00,152.43,151.76059
2026-05-17 17:15:00,157.72,150.05092
2026-05-17 17:30:00,171.4,162.11026
2026-05-17 17:45:00,182.72,168.27232
2026-05-17 18:00:00,161.54,171.5092
2026-05-17 18:15:00,169.5,165.80246
2026-05-17 18:30:00,171.4,166.81837
2026-05-17 18:45:00,172.47,171.48056
2026-05-17 19:00:00,168.41,166.78893
2026-05-17 19:15:00,160.29,161.61328
2026-05-17 19:30:00,155.48,157.9302
2026-05-17 19:45:00,153.9,150.66037
2026-05-17 20:00:00,160.9,149.17763
2026-05-17 20:15:00,153.46,151.2801
2026-05-17 20:30:00,152.43,149.50764
2026-05-17 21:00:00,154.55,148.41661
2026-05-17 21:15:00,152.43,144.0166
2026-05-17 21:45:00,145.04,143.21442
2026-05-17 22:00:00,152.5,140.14644
2026-05-17 22:15:00,140.82,144.91562
2026-05-17 22:30:00,134.0,136.36504
2026-05-17 22:45:00,129.04,129.35211
2026-05-17 23:00:00,133.32,128.12746
2026-05-17 23:15:00,128.04,128.76631
2026-05-18 00:15:00,130.44,127.302444
2026-05-18 00:30:00,130.48,128.12837
2026-05-18 00:45:00,130.49,128.12894
2026-05-18 01:00:00,129.76,129.97778
2026-05-18 01:15:00,129.8,131.78902
2026-05-18 01:30:00,130.39,129.2896
2026-05-18 01:45:00,130.45,128.76653
2026-05-18 02:00:00,130.52,129.62617
2026-05-18 02:15:00,130.53,129.86906
2026-05-18 02:30:00,130.54,130.6131
2026-05-18 02:45:00,130.53,130.04114
2026-05-18 03:00:00,129.08,133.38692
2026-05-18 03:15:00,137.48,132.0661
2026-05-18 03:30:00,143.18,142.48871
2026-05-18 03:45:00,152.5,148.9165
2026-05-18 04:00:00,148.91,154.65187
2026-05-18 04:15:00,154.61,151.95801
2026-05-18 04:30:00,158.33,157.51236
2026-05-18 04:45:00,166.75,158.04588
2026-05-18 05:00:00,166.04,166.37437
2026-05-18 05:15:00,163.03,163.21843
2026-05-18 05:30:00,160.86,156.5324
2026-05-18 05:45:00,152.92,155.37912
2026-05-18 06:00:00,163.29,152.78119
2026-05-18 06:15:00,152.5,155.15523
2026-05-18 06:30:00,141.2,147.77701
2026-05-18 06:45:00,128.04,133.80309
2026-05-18 07:00:00,150.0,132.8006
2026-05-18 07:15:00,128.04,139.47707
2026-05-18 07:30:00,122.35,117.095695
2026-05-18 07:45:00,118.19,111.8217
2026-05-18 08:00:00,120.0,122.87019
2026-05-18 08:15:00,119.37,112.53636
2026-05-18 08:30:00,111.29,109.30279
2026-05-18 08:45:00,121.9,105.70427
2026-05-18 09:00:00,101.35,107.27699
2026-05-18 09:15:00,97.65,92.38677
2026-05-18 09:30:00,97.22,88.71842
2026-05-18 09:45:00,100.0,85.00664
2026-05-18 10:00:00,97.32,88.39383
2026-05-18 10:15:00,97.98,86.845055
2026-05-18 10:30:00,92.75,89.401825
2026-05-18 10:45:00,91.94,84.79402
2026-05-18 11:00:00,95.7,89.861496
2026-05-18 11:15:00,99.39,92.07373
2026-05-18 11:30:00,103.02,97.5157
2026-05-18 11:45:00,112.8,99.58027
2026-05-18 12:00:00,118.06,110.71653
2026-05-18 12:15:00,126.7,118.3179
2026-05-18 12:30:00,121.31,123.87293
2026-05-18 12:45:00,118.06,125.27083
2026-05-18 13:00:00,114.56,127.94282
2026-05-18 13:15:00,116.35,124.58764
2026-05-18 13:30:00,121.41,124.36377
2026-05-18 13:45:00,126.04,127.47679
2026-05-18 14:00:00,128.04,129.02673
2026-05-18 14:30:00,132.59,130.60498
2026-05-18 14:45:00,142.01,135.6779
2026-05-18 15:00:00,128.04,143.273
2026-05-18 15:15:00,133.61,135.56915
2026-05-18 15:30:00,145.0,142.01411
2026-05-18 15:45:00,152.5,146.8395
2026-05-18 16:00:00,140.77,144.96684
2026-05-18 16:15:00,152.5,144.58572
2026-05-18 16:30:00,155.0,157.15955
2026-05-18 16:45:00,171.73,166.98277
2026-05-18 17:00:00,162.6,161.20848
2026-05-18 17:15:00,174.92,168.08513
2026-05-18 17:30:00,192.66,176.96436
2026-05-18 17:45:00,199.58,190.30727
2026-05-18 18:00:00,187.42,188.9055
2026-05-18 18:15:00,194.86,185.66635
2026-05-18 19:00:00,199.98,188.10825
2026-05-18 19:15:00,188.29,192.60966
2026-05-18 19:30:00,174.92,184.6761
2026-05-18 19:45:00,165.05,169.23042
2026-05-18 20:00:00,180.77,162.06598
2026-05-18 20:15:00,165.1,171.89687
2026-05-18 20:30:00,155.0,155.23886
2026-05-18 20:45:00,152.5,152.37366
2026-05-18 21:00:00,162.04,158.40628
2026-05-18 21:15:00,152.5,153.04428
2026-05-18 21:30:00,152.44,145.20438
2026-05-18 21:45:00,144.46,143.6612
2026-05-18 22:00:00,155.8,144.73335
2026-05-18 22:15:00,154.0,150.27785
2026-05-18 22:30:00,150.0,148.92587
2026-05-18 22:45:00,147.38,144.22333
2026-05-18 23:00:00,147.8,145.8441
2026-05-18 23:15:00,133.04,144.8229
2026-05-18 23:30:00,132.6,136.91785
2026-05-18 23:45:00,128.8,134.3877
2026-05-19 00:00:00,136.8,130.6871
2026-05-19 00:15:00,136.41,133.28502
2026-05-19 00:30:00,138.56,133.00684
2026-05-19 00:45:00,130.99,133.46475
2026-05-19 01:00:00,136.04,129.61993
2026-05-19 01:15:00,130.0,133.83476
2026-05-19 01:30:00,136.8,130.00203
2026-05-19 01:45:00,128.8,133.6638
2026-05-19 02:00:00,128.21,129.52496
2026-05-19 02:15:00,130.83,126.92519
2026-05-19 02:30:00,139.0,130.83334
2026-05-19 02:45:00,137.2,134.25006
2026-05-19 03:00:00,139.0,136.7007
2026-05-19 03:15:00,129.5,138.65955
2026-05-19 03:30:00,139.8,138.6119
2026-05-19 03:45:00,151.7,147.21242
2026-05-19 04:00:00,137.94,156.49117
2026-05-19 04:15:00,155.8,147.64809
2026-05-19 04:30:00,158.03,157.58357
2026-05-19 04:45:00,162.12,162.41382
2026-05-19 05:00:00,163.75,159.01028
2026-05-19 05:15:00,164.17,163.3338
2026-05-19 05:30:00,158.47,164.68976
2026-05-19 05:45:00,153.61,155.93481
2026-05-19 06:00:00,161.09,150.78447
2026-05-19 06:15:00,147.65,156.8928
2026-05-19 06:30:00,131.48,138.02722
2026-05-19 06:45:00,128.04,126.989586
2026-05-19 07:00:00,155.8,134.6543
2026-05-19 07:15:00,128.04,144.84761
2026-05-19 07:45:00,125.16,119.91972
2026-05-19 08:00:00,120.51,116.80916
2026-05-19 08:15:00,115.0,129.60033
2026-05-19 08:30:00,113.96,112.68037
2026-05-19 08:45:00,102.99,111.997154
2026-05-19 09:00:00,97.53,100.1615
2026-05-19 09:15:00,91.39,95.752594
2026-05-19 09:30:00,85.13,86.23026
2026-05-19 09:45:00,80.0,78.26052
2026-05-19 10:00:00,81.62,75.34725
2026-05-19 10:15:00,83.0,77.80845
2026-05-19 10:30:00,77.2,81.056786
2026-05-19 10:45:00,76.97,78.46905
2026-05-19 11:00:00,80.5,82.99954
2026-05-19 11:15:00,79.99,83.270164
2026-05-19 11:30:00,80.39,85.3493
2026-05-19 11:45:00,80.27,85.43242
2026-05-19 12:00:00,90.0,90.3191
2026-05-19 12:30:00,96.0,93.60853
2026-05-19 12:45:00,99.01,97.83495
2026-05-19 13:00:00,94.56,97.572464
2026-05-19 13:15:00,96.35,98.79128
2026-05-19 13:30:00,100.07,96.02244
2026-05-19 13:45:00,117.04,104.58157
2026-05-19 14:00:00,99.4,116.94613
2026-05-19 14:15:00,109.33,103.83392
2026-05-19 14:30:00,117.69,111.66573
2026-05-19 14:45:00,128.04,123.14575
2026-05-19 15:00:00,124.8,118.75487
2026-05-19 15:15:00,129.07,121.9022
2026-05-19 15:30:00,145.0,133.7308
2026-05-19 15:45:00,154.94,140.84344
2026-05-19 16:00:00,128.04,140.06392
2026-05-19 16:15:00,140.65,132.81117
2026-05-19 16:30:00,156.95,146.89496
2026-05-19 16:45:00,160.53,162.8747
2026-05-19 17:00:00,163.16,151.30685
2026-05-19 17:15:00,167.68,162.19637
2026-05-19 17:30:00,170.86,175.75606
2026-05-19 17:45:00,180.3,176.86725
2026-05-19 18:00:00,178.1,183.3011
2026-05-19 18:15:00,180.4,178.52766
2026-05-19 18:30:00,186.84,176.4637
2026-05-19 18:45:00,182.66,183.22443
2026-05-19 19:00:00,194.86,179.82292
2026-05-19 19:15:00,171.5,186.4029
2026-05-19 19:30:00,167.72,171.78885
2026-05-19 19:45:00,163.75,166.54942
2026-05-19 20:00:00,167.72,162.94357
2026-05-19 20:15:00,159.26,161.32146
2026-05-19 20:30:00,150.0,154.8398
2026-05-19 20:45:00,140.04,148.90514
2026-05-19 21:00:00,160.24,143.34782
2026-05-19 21:15:00,145.5,149.82071
2026-05-19 21:30:00,139.96,140.29785
2026-05-19 21:45:00,131.6,132.42078
2026-05-19 22:00:00,167.92,136.71112
2026-05-19 22:15:00,162.36,154.67033
2026-05-19 22:30:00,150.0,150.82262
2026-05-19 22:45:00,135.54,142.75618
2026-05-19 23:00:00,136.53,137.87325
2026-05-19 23:15:00,135.54,137.83347
2026-05-19 23:45:00,135.27,134.53682
2026-05-20 00:00:00,135.54,130.7371
2026-05-20 00:15:00,128.84,131.1228
2026-05-20 00:30:00,135.54,125.512215
2026-05-20 00:45:00,130.2,130.47906
2026-05-20 01:00:00,135.54,127.51986
2026-05-20 01:45:00,129.7,129.92804
2026-05-20 02:00:00,132.79,129.57918
2026-05-20 02:15:00,130.79,130.3003
2026-05-20 02:45:00,135.54,130.54836
2026-05-20 03:45:00,140.0,143.16737
2026-05-20 04:00:00,138.0,149.43895
2026-05-20 04:15:00,152.0,146.8032
2026-05-20 04:30:00,162.36,156.36836
2026-05-20 04:45:00,167.92,158.75064
2026-05-20 05:00:00,162.36,162.08784
2026-05-20 05:45:00,154.66,156.18881
2026-05-20 06:00:00,162.36,151.06009
2026-05-20 06:15:00,152.15,154.54636
2026-05-20 06:30:00,135.54,141.68481
2026-05-20 06:45:00,134.54,126.43168
2026-05-20 07:00:00,162.36,136.005
2026-05-20 07:15:00,146.56,147.8874
2026-05-20 07:30:00,135.54,130.88188
2026-05-20 08:15:00,128.7,123.88143
2026-05-20 08:30:00,120.92,129.72931
2026-05-20 08:45:00,117.58,119.521385
2026-05-20 09:00:00,115.0,114.13857
2026-05-20 09:15:00,109.48,104.06349
2026-05-20 09:30:00,68.1,99.5368
2026-05-20 09:45:00,60.0,61.133873
2026-05-20 10:00:00,48.06,55.715286
2026-05-20 10:30:00,47.06,47.680725
2026-05-20 11:00:00,40.0,49.737328
2026-05-20 11:15:00,35.0,49.810223
2026-05-20 11:30:00,36.9,43.648357
2026-05-20 11:45:00,48.06,41.088238
2026-05-20 12:00:00,59.4,49.71707
2026-05-20 12:15:00,43.0,63.911037
2026-05-20 12:30:00,48.06,48.31064
2026-05-20 12:45:00,46.44,48.652214
2026-05-20 13:00:00,49.2,49.29709
2026-05-20 13:15:00,68.45,54.3273
2026-05-20 13:30:00,70.0,71.556046
2026-05-20 13:45:00,83.98,75.53731
2026-05-20 14:00:00,80.0,99.29268
2026-05-20 14:15:00,90.0,100.021545
2026-05-20 14:30:00,99.2,104.60986
2026-05-20 14:45:00,116.33,105.0552
2026-05-20 15:00:00,105.67,118.38296
2026-05-20 15:15:00,115.0,114.24432
2026-05-20 15:30:00,135.02,122.69157
2026-05-20 15:45:00,138.15,134.54442
2026-05-20 16:00:00,135.54,131.27585
2026-05-20 16:15:00,136.0,134.57236
2026-05-20 16:30:00,162.36,142.52278
2026-05-20 16:45:00,170.0,160.64893
2026-05-20 17:00:00,162.36,160.14285
2026-05-20 17:30:00,170.63,162.65906
2026-05-20 17:45:00,184.65,180.94037
2026-05-20 18:00:00,174.87,187.20801
2026-05-20 18:15:00,176.69,173.76491
2026-05-20 18:30:00,185.83,179.73775
2026-05-20 18:45:00,188.51,185.26163
2026-05-20 19:00:00,188.25,181.7363
2026-05-20 19:15:00,174.87,179.91539
2026-05-20 19:30:00,167.92,171.2219
2026-05-20 19:45:00,164.5,164.1575
2026-05-20 20:00:00,171.77,156.75812
2026-05-20 20:15:00,170.63,159.77455
2026-05-20 20:30:00,162.36,156.381
2026-05-20 20:45:00,153.61,155.15747
2026-05-20 21:00:00,167.92,153.6938
2026-05-20 21:15:00,157.0,158.7257
2026-05-20 21:30:00,139.11,151.6138
2026-05-20 21:45:00,135.54,141.09207
2026-05-20 22:00:00,145.65,139.94986
2026-05-20 22:15:00,138.55,144.68452
2026-05-20 22:30:00,133.98,136.74727
2026-05-20 23:30:00,132.58,130.37077
2026-05-20 23:45:00,128.54,129.68935
2026-05-21 00:00:00,133.98,128.19171
2026-05-21 00:15:00,131.99,130.45401
2026-05-21 00:30:00,130.0,128.83348
2026-05-21 00:45:00,128.79,128.25467
2026-05-21 01:00:00,133.98,127.85326
2026-05-21 03:15:00,136.34,134.67876
2026-05-21 03:30:00,136.04,142.7222
2026-05-21 03:45:00,140.0,144.00897
2026-05-21 04:00:00,138.78,150.93686
2026-05-21 04:15:00,152.5,148.43854
2026-05-21 04:30:00,157.28,155.25067
2026-05-21 04:45:00,164.28,154.71649
2026-05-21 05:00:00,158.36,160.98293
2026-05-21 05:15:00,151.16,156.28561
2026-05-21 05:30:00,150.48,147.92812
2026-05-21 05:45:00,140.0,143.81146
2026-05-21 06:00:00,155.66,138.62677
2026-05-21 06:15:00,133.98,149.31323
2026-05-21 07:00:00,164.28,125.028465
2026-05-21 07:15:00,164.14,148.39513
2026-05-21 07:30:00,155.66,148.41618
2026-05-21 07:45:00,135.92,135.15234
2026-05-21 08:00:00,150.0,128.82132
2026-05-21 08:15:00,133.98,136.816
2026-05-21 09:00:00,120.54,118.76743
2026-05-21 09:15:00,120.39,113.462234
2026-05-21 09:30:00,94.14,112.21014
2026-05-21 10:00:00,16.35,85.20157
2026-05-21 10:15:00,13.96,29.399296
2026-05-21 10:30:00,16.0,29.441383
2026-05-21 10:45:00,13.96,26.328897
2026-05-21 11:45:00,35.52,16.984716
2026-05-21 12:00:00,48.7,44.482456
2026-05-21 12:15:00,54.96,44.02132
2026-05-21 12:30:00,59.06,57.78106
2026-05-21 12:45:00,58.74,53.6016
2026-05-21 13:00:00,70.0,62.969234
2026-05-21 13:15:00,83.1,76.91704
2026-05-21 13:30:00,84.5,83.70965
2026-05-21 13:45:00,98.0,88.44185
2026-05-21 14:00:00,120.7,98.607285
2026-05-21 14:15:00,127.66,115.59646
2026-05-21 14:30:00,133.98,121.538704
2026-05-21 15:00:00,126.83,130.68224
2026-05-21 15:15:00,133.98,124.356606
2026-05-21 15:45:00,142.77,137.94077
2026-05-21 16:00:00,121.61,142.09216
2026-05-21 16:15:00,133.98,129.89317
2026-05-21 16:30:00,155.66,144.92998
2026-05-21 16:45:00,167.99,167.54842
2026-05-21 17:00:00,151.09,158.98131
2026-05-21 17:15:00,159.19,159.27899
2026-05-21 17:30:00,168.74,169.98204
2026-05-21 17:45:00,172.9,171.92346
2026-05-21 18:15:00,179.04,170.8056
2026-05-21 18:30:00,182.66,170.70338
2026-05-21 18:45:00,186.0,180.31976
2026-05-21 19:00:00,179.04,178.8347
2026-05-21 19:15:00,172.9,166.13467
2026-05-21 19:30:00,168.74,167.97171
2026-05-21 19:45:00,165.0,163.15047
2026-05-21 20:00:00,172.9,154.9252
2026-05-21 20:15:00,167.87,157.8954
2026-05-21 20:30:00,158.18,155.75252
2026-05-21 20:45:00,150.74,150.10101
2026-05-21 21:00:00,162.4,147.19328
2026-05-21 21:15:00,158.0,150.20618
2026-05-21 21:30:00,147.94,144.90642
2026-05-21 21:45:00,143.92,141.20847
2026-05-21 22:00:00,160.17,142.2282
2026-05-21 22:15:00,155.0,157.77731
2026-05-21 22:30:00,144.89,154.22078
2026-05-21 22:45:00,139.94,143.50494
2026-05-21 23:00:00,153.02,142.92035
2026-05-21 23:15:00,139.86,150.00671
2026-05-21 23:30:00,136.76,137.90465
2026-05-21 23:45:00,133.9,134.68713
2026-05-22 00:00:00,136.8,136.67691
2026-05-22 00:15:00,136.54,134.59372
2026-05-22 00:30:00,135.57,134.1579
2026-05-22 00:45:00,135.92,134.3735
2026-05-22 01:00:00,135.0,136.01758
2026-05-22 01:15:00,134.49,133.03612
2026-05-22 01:30:00,132.28,132.65216
2026-05-22 01:45:00,132.0,132.76909
2026-05-22 02:00:00,133.06,132.19583
2026-05-22 02:15:00,135.29,131.63776
2026-05-22 02:30:00,140.22,135.48956
2026-05-22 02:45:00,141.27,136.364
2026-05-22 03:00:00,134.24,139.90894
2026-05-22 03:15:00,139.39,134.99449
2026-05-22 03:30:00,141.64,144.57944
2026-05-22 03:45:00,144.63,148.06642
2026-05-22 04:00:00,125.0,151.5173
2026-05-22 04:15:00,143.66,139.23677
2026-05-22 04:30:00,150.14,148.28331
2026-05-22 04:45:00,145.0,151.89401
2026-05-22 05:00:00,159.21,142.9487
2026-05-22 05:15:00,150.92,150.01295
2026-05-22 05:30:00,139.87,149.35149
2026-05-22 05:45:00,150.0,138.53523
2026-05-22 06:00:00,162.37,147.65944
2026-05-22 06:30:00,159.21,152.28644
2026-05-22 06:45:00,153.61,141.7111
2026-05-22 07:00:00,164.8,140.23044
2026-05-22 07:15:00,163.13,157.40222
2026-05-22 07:30:00,162.37,146.96582
2026-05-22 07:45:00,159.21,141.64763
2026-05-22 08:15:00,139.75,149.75893
2026-05-22 08:30:00,121.08,134.98805
2026-05-22 08:45:00,100.0,129.8707
2026-05-22 09:00:00,48.33,90.17659
2026-05-22 09:15:00,37.0,57.183197
2026-05-22 09:30:00,28.0,46.445858
2026-05-22 09:45:00,16.0,40.496983
2026-05-22 10:00:00,13.06,20.999681
2026-05-22 12:00:00,18.0,21.18146
2026-05-22 12:15:00,26.0,23.375607
2026-05-22 13:00:00,49.37,32.1924
2026-05-22 13:15:00,20.0,56.36364
2026-05-22 13:30:00,25.99,24.384365
2026-05-22 13:45:00,54.44,32.213882
2026-05-22 14:00:00,100.86,71.246376
2026-05-22 14:15:00,95.66,101.79457
2026-05-22 14:30:00,120.26,101.009186
2026-05-22 14:45:00,137.49,117.55999
2026-05-22 15:00:00,116.11,132.15613
2026-05-22 15:15:00,105.03,121.696846
2026-05-22 15:30:00,139.77,117.042206
2026-05-22 15:45:00,159.21,143.9585
2026-05-22 16:00:00,119.7,152.87006
2026-05-22 16:15:00,142.01,130.06137
2026-05-22 16:30:00,152.12,146.57191
2026-05-22 16:45:00,162.49,159.50569
2026-05-22 17:00:00,139.06,160.37569
2026-05-22 17:15:00,152.18,152.6464
2026-05-22 17:30:00,170.0,165.74419
2026-05-22 17:45:00,192.63,175.334
2026-05-22 18:00:00,166.36,178.18826
2026-05-22 18:15:00,179.54,167.5911
2026-05-22 18:30:00,192.63,175.81389
2026-05-22 19:00:00,195.93,186.7101
2026-05-22 19:15:00,183.54,183.23936
2026-05-22 19:30:00,162.32,178.4476
2026-05-22 19:45:00,153.56,155.55591
2026-05-22 20:00:00,182.9,149.56908
2026-05-22 20:15:00,162.32,164.85591
2026-05-22 20:30:00,153.91,146.36841
2026-05-22 20:45:00,141.74,145.7312
2026-05-22 21:00:00,159.21,149.03601
2026-05-22 21:15:00,150.0,144.01605
2026-05-22 21:30:00,139.98,140.74527
2026-05-22 21:45:00,135.56,133.23102
2026-05-22 22:00:00,163.44,146.73726
2026-05-22 22:15:00,158.62,162.73659
2026-05-22 22:30:00,155.61,153.38239
2026-05-22 23:00:00,154.97,145.99133
2026-05-22 23:15:00,143.73,151.5832
2026-05-22 23:30:00,137.75,149.1024
2026-05-22 23:45:00,128.79,141.35767
2026-05-23 00:00:00,138.68,138.69318
2026-05-23 00:15:00,135.48,136.92264
2026-05-23 00:30:00,127.26,135.45749
2026-05-23 00:45:00,136.92,127.79685
2026-05-23 01:00:00,134.68,134.34549
2026-05-23 01:15:00,135.08,133.86482
2026-05-23 01:30:00,135.06,131.20518
2026-05-23 01:45:00,130.24,132.19905
2026-05-23 02:00:00,143.61,128.9203
2026-05-23 02:15:00,138.73,137.49417
2026-05-23 02:30:00,138.37,133.32811
2026-05-23 02:45:00,139.21,133.07025
2026-05-23 03:00:00,150.31,136.87703
2026-05-23 03:15:00,140.0,145.45442
2026-05-23 03:30:00,125.81,142.85878
2026-05-23 03:45:00,119.76,135.90118
2026-05-23 04:00:00,139.34,138.03922
2026-05-23 04:15:00,132.93,141.27673
2026-05-23 04:30:00,120.96,134.01898
2026-05-23 04:45:00,127.17,124.06593
2026-05-23 05:00:00,140.0,130.42708
2026-05-23 05:30:00,120.0,135.69139
2026-05-23 05:45:00,110.0,118.33732
2026-05-23 06:00:00,152.78,113.56791
2026-05-23 06:15:00,128.43,141.50346
2026-05-23 06:30:00,118.67,117.8206
2026-05-23 06:45:00,110.0,112.750084
2026-05-23 07:00:00,130.0,122.372314
2026-05-23 07:15:00,125.69,119.13028
2026-05-23 07:30:00,110.48,110.03319
2026-05-23 07:45:00,80.15,100.08254
2026-05-23 08:00:00,60.5,70.34277
2026-05-23 08:15:00,40.5,50.127308
2026-05-23 08:30:00,15.77,31.56919
2026-05-23 08:45:00,13.25,15.7660475
2026-05-23 09:15:00,12.25,16.389578
2026-05-23 13:45:00,12.53,18.03086
2026-05-23 14:00:00,1.0,27.974878
2026-05-23 14:30:00,20.99,20.165024
2026-05-23 14:45:00,24.09,43.05605
2026-05-23 15:00:00,46.4,78.87982
2026-05-23 15:15:00,75.0,79.48746
2026-05-23 15:30:00,120.96,103.52728
2026-05-23 15:45:00,143.61,121.88515
2026-05-23 16:00:00,141.35,128.93127
2026-05-23 16:15:00,155.61,133.97443
2026-05-23 16:30:00,154.97,147.97452
2026-05-23 16:45:00,159.68,166.53514
2026-05-23 17:00:00,155.61,168.61005
2026-05-23 17:15:00,159.68,172.22627
2026-05-23 17:30:00,182.66,172.64343
2026-05-23 17:45:00,182.05,177.33965
2026-05-23 18:00:00,162.07,178.11565
2026-05-23 18:15:00,165.21,170.32076
2026-05-23 18:30:00,176.1,168.98663
2026-05-23 18:45:00,176.62,171.78735
2026-05-23 19:00:00,160.0,167.8636
2026-05-23 19:15:00,158.62,155.06311
2026-05-23 19:30:00,154.97,156.87209
2026-05-23 20:00:00,159.68,144.18465
2026-05-23 20:15:00,158.62,142.94923
2026-05-23 20:30:00,147.24,143.3449
2026-05-23 20:45:00,141.66,143.35916
2026-05-23 21:00:00,158.62,141.8688
2026-05-23 21:15:00,154.97,142.11156
2026-05-23 21:30:00,144.27,138.56288
2026-05-23 21:45:00,143.53,138.15926
2026-05-23 22:00:00,143.44,143.27054
2026-05-23 22:15:00,139.5,142.0403
2026-05-23 22:30:00,135.61,134.23372
2026-05-23 22:45:00,126.69,133.28004
2026-05-23 23:00:00,134.06,128.32747
2026-05-23 23:15:00,119.22,132.54247
2026-05-23 23:30:00,119.88,125.280624
2026-05-23 23:45:00,120.0,118.61758
2026-05-24 00:00:00,126.48,127.44507
2026-05-24 00:15:00,125.0,128.17654
2026-05-24 00:30:00,129.7,126.79776
2026-05-24 00:45:00,123.76,130.18245
2026-05-24 01:00:00,147.49,124.19501
2026-05-24 01:15:00,148.39,139.39923
2026-05-24 01:30:00,143.61,141.74661
2026-05-24 01:45:00,141.5,136.61256
2026-05-24 02:00:00,143.61,141.65738
2026-05-24 02:15:00,145.26,142.53934
2026-05-24 02:30:00,139.4,143.53294
2026-05-24 02:45:00,131.73,137.69577
2026-05-24 03:00:00,143.42,133.89124
2026-05-24 03:15:00,139.0,143.8861
2026-05-24 03:30:00,121.26,143.74487
2026-05-24 03:45:00,116.72,132.84753
2026-05-24 04:00:00,145.0,134.50021
2026-05-24 04:15:00,143.61,147.208
2026-05-24 04:30:00,117.59,138.30066
2026-05-24 04:45:00,114.2,118.21444
2026-05-24 05:00:00,149.56,130.70163
2026-05-24 05:15:00,134.88,141.78929
2026-05-24 05:30:00,114.2,127.2184
2026-05-24 05:45:00,90.0,113.6178
2026-05-24 06:00:00,132.78,90.55355
2026-05-24 06:15:00,105.47,124.24937
2026-05-24 06:30:00,72.82,94.49715
2026-05-24 06:45:00,71.56,53.70032
2026-05-24 07:00:00,44.2,55.865623
2026-05-24 07:15:00,5.0,27.751749
2026-05-24 07:30:00,1.0,6.865973
2026-05-24 07:45:00,0.01,6.6908884
2026-05-24 08:00:00,0.0,6.013064
2026-05-24 10:15:00,0.02,8.079745
2026-05-24 10:30:00,0.01,6.2511296
2026-05-24 10:45:00,0.0,7.547108
2026-05-24 12:30:00,0.5,10.238268
2026-05-24 12:45:00,3.13,9.565867
2026-05-24 13:00:00,11.0,5.4138255
2026-05-24 13:15:00,10.0,14.492498
2026-05-24 13:30:00,11.0,9.220966
2026-05-24 14:00:00,0.0,19.107077
2026-05-24 14:15:00,0.02,12.826825
2026-05-24 14:30:00,5.0,12.245857
2026-05-24 14:45:00,10.0,13.731172
2026-05-24 15:00:00,30.0,35.40434
2026-05-24 15:15:00,81.7,70.85332
2026-05-24 15:30:00,151.55,101.89613
2026-05-24 15:45:00,158.62,137.69519
2026-05-24 16:00:00,126.07,140.01596
2026-05-24 16:15:00,151.55,127.849525
2026-05-24 16:30:00,158.62,157.15097
2026-05-24 16:45:00,163.76,171.42642
2026-05-24 17:00:00,149.44,160.04794
2026-05-24 17:15:00,160.0,162.92862
2026-05-24 17:30:00,165.41,171.52098
2026-05-24 17:45:00,185.63,171.07625
2026-05-24 18:00:00,166.0,176.70822
2026-05-24 18:15:00,170.06,171.42621
2026-05-24 18:30:00,178.2,164.57494
2026-05-24 18:45:00,182.66,161.85912
2026-05-24 19:00:00,163.44,165.12476
2026-05-24 19:15:00,158.62,156.16183
2026-05-24 20:00:00,160.0,136.85155
2026-05-24 20:15:00,155.61,143.31096
2026-05-24 20:30:00,151.55,143.69148
2026-05-24 20:45:00,143.61,145.12823
2026-05-24 21:00:00,144.03,137.99959
2026-05-24 21:15:00,135.2,140.96051
2026-05-24 21:30:00,131.44,133.10048
2026-05-24 21:45:00,129.32,129.179
2026-05-24 22:00:00,147.2,131.23213
2026-05-24 22:15:00,146.14,138.04976
2026-05-24 22:30:00,143.61,137.30902
2026-05-24 22:45:00,141.0,133.01207
2026-05-24 23:00:00,140.56,136.20113
2026-05-24 23:15:00,134.98,135.2561
2026-05-24 23:30:00,132.2,131.69626
2026-05-24 23:45:00,134.27,127.35356
2026-05-25 00:00:00,135.96,129.58273
2026-05-25 00:15:00,135.93,129.46259
2026-05-25 00:30:00,135.29,130.37103
2026-05-25 00:45:00,134.96,132.47316
2026-05-25 01:00:00,130.92,135.28242
2026-05-25 01:15:00,134.26,132.01016
2026-05-25 01:30:00,138.15,132.62991
2026-05-25 01:45:00,141.5,135.53871
2026-05-25 02:00:00,133.1,140.52783
2026-05-25 02:15:00,138.84,133.33551
2026-05-25 02:45:00,144.53,139.31839
2026-05-25 03:00:00,137.72,147.39539
2026-05-25 03:15:00,139.0,144.20236
2026-05-25 03:30:00,144.07,146.50984
2026-05-25 03:45:00,144.75,153.69441
2026-05-25 04:00:00,146.14,153.90108
2026-05-25 04:30:00,151.78,151.38754
2026-05-25 04:45:00,155.94,155.28607
2026-05-25 05:00:00,147.2,154.8041
2026-05-25 05:15:00,144.55,145.55804
2026-05-25 05:30:00,140.6,144.64798
2026-05-25 05:45:00,147.2,139.2317
2026-05-25 06:00:00,144.53,142.72081
2026-05-25 06:15:00,140.51,140.02692
2026-05-25 06:30:00,143.61,129.1863
2026-05-25 06:45:00,121.56,133.18927
2026-05-25 07:00:00,146.14,124.56305
2026-05-25 07:15:00,143.61,134.5489
2026-05-25 07:30:00,121.55,129.87979
2026-05-25 07:45:00,99.58,112.769905
2026-05-25 08:00:00,54.37,94.1982
2026-05-25 08:15:00,38.0,73.66226
2026-05-25 08:30:00,28.0,44.12357
2026-05-25 08:45:00,19.5,43.159424
2026-05-25 09:00:00,28.0,29.698124
2026-05-25 09:15:00,51.0,27.066824
2026-05-25 09:30:00,49.37,45.054462
2026-05-25 09:45:00,29.49,54.953922
2026-05-25 10:00:00,28.52,29.823996
2026-05-25 10:15:00,29.63,29.890598
2026-05-25 10:30:00,29.18,29.128084
2026-05-25 10:45:00,28.52,26.907976
2026-05-25 11:00:00,33.05,24.666538
2026-05-25 11:15:00,41.31,32.567505
2026-05-25 11:30:00,33.11,35.067493
2026-05-25 11:45:00,49.37,34.3539
2026-05-25 12:00:00,53.37,54.406143
2026-05-25 12:30:00,54.37,52.891163
2026-05-25 13:00:00,53.37,60.695778
2026-05-25 13:15:00,45.24,56.41362
2026-05-25 13:30:00,51.0,49.668285
2026-05-25 13:45:00,53.37,61.778847
2026-05-25 14:00:00,40.0,78.60705
2026-05-25 14:15:00,51.0,73.52323
2026-05-25 14:30:00,115.08,77.41984
2026-05-25 14:45:00,134.68,113.42276
2026-05-25 15:00:00,106.31,131.6191
2026-05-25 15:15:00,105.56,115.608826
2026-05-25 15:30:00,114.9,117.11944
2026-05-25 15:45:00,135.0,131.2904
2026-05-25 16:00:00,110.94,137.54874
2026-05-25 16:15:00,123.0,121.3728
2026-05-25 16:30:00,151.3,135.06857
2026-05-25 16:45:00,166.09,151.6768
2026-05-25 17:00:00,151.0,160.88467
2026-05-25 17:15:00,153.36,156.64964
2026-05-25 17:30:00,161.0,162.83354
2026-05-25 17:45:00,186.83,172.6048
2026-05-25 18:00:00,164.8,169.11388
2026-05-25 18:15:00,175.81,163.47192
2026-05-25 18:30:00,186.83,169.04063
2026-05-25 19:00:00,186.27,170.18683
2026-05-25 19:15:00,170.01,169.69905
2026-05-25 19:30:00,159.28,159.9643
2026-05-25 19:45:00,156.58,154.15591
2026-05-25 20:00:00,183.95,142.455
2026-05-25 20:15:00,165.88,156.86293
2026-05-25 20:30:00,151.78,149.58054
2026-05-25 20:45:00,147.2,140.64336
2026-05-25 21:00:00,157.04,135.1371
2026-05-25 21:15:00,149.62,133.36264
2026-05-25 21:30:00,147.2,134.2624
2026-05-25 21:45:00,146.14,137.29875
2026-05-25 22:00:00,157.88,140.11453
2026-05-25 22:15:00,154.32,141.67784
2026-05-25 22:30:00,146.34,141.72159
2026-05-25 22:45:00,144.0,137.96565
2026-05-25 23:00:00,143.72,138.38495
2026-05-25 23:15:00,141.7,136.47066
2026-05-25 23:30:00,142.76,135.59769
2026-05-25 23:45:00,140.0,134.75856
2026-05-26 00:00:00,146.34,135.84071
2026-05-26 00:15:00,144.0,140.62735
2026-05-26 00:30:00,139.54,139.87047
2026-05-26 00:45:00,137.2,134.86157
2026-05-26 01:00:00,129.49,136.09769
2026-05-26 01:15:00,126.15,130.91328
2026-05-26 01:30:00,126.11,130.61124
2026-05-26 01:45:00,124.99,130.44579
2026-05-26 02:00:00,121.22,127.52128
2026-05-26 02:15:00,121.33,124.379486
2026-05-26 02:30:00,122.5,124.29909
2026-05-26 02:45:00,124.52,125.998695
2026-05-26 03:00:00,125.54,129.26645
2026-05-26 03:15:00,126.58,134.69374
2026-05-26 03:30:00,124.07,137.10048
2026-05-26 03:45:00,134.21,133.97575
2026-05-26 04:00:00,126.1,143.06943
2026-05-26 04:15:00,144.0,137.26259
2026-05-26 04:30:00,146.34,145.43616
2026-05-26 04:45:00,144.96,148.58833
2026-05-26 05:00:00,151.82,144.16698
2026-05-26 05:15:00,147.6,147.42513
2026-05-26 05:30:00,141.94,142.92535
2026-05-26 05:45:00,137.28,139.98442
2026-05-26 06:00:00,153.64,138.04329
2026-05-26 06:15:00,133.74,148.15698
2026-05-26 06:30:00,125.18,125.50221
2026-05-26 06:45:00,120.08,116.45054
2026-05-26 07:00:00,147.71,127.60348
2026-05-26 07:15:00,135.62,133.0236
2026-05-26 07:30:00,117.93,119.690506
2026-05-26 07:45:00,112.26,111.79142
2026-05-26 08:00:00,122.5,111.89642
2026-05-26 08:15:00,108.13,111.090675
2026-05-26 08:30:00,104.98,95.53569
2026-05-26 08:45:00,80.0,93.20998
2026-05-26 09:00:00,57.29,67.71423
2026-05-26 09:15:00,55.0,59.244064
2026-05-26 09:30:00,60.0,65.161476
2026-05-26 09:45:00,58.0,66.91073
2026-05-26 10:00:00,50.0,61.95105
2026-05-26 10:15:00,44.0,57.60009
2026-05-26 10:30:00,45.0,67.966064
2026-05-26 10:45:00,44.0,67.02129
2026-05-26 11:00:00,45.0,63.236755
2026-05-26 11:15:00,45.28,64.499565
2026-05-26 11:30:00,50.0,65.54507
2026-05-26 11:45:00,48.0,56.318
2026-05-26 12:00:00,50.0,52.907616
2026-05-26 12:15:00,45.0,59.79877
2026-05-26 12:30:00,50.0,53.20972
2026-05-26 13:00:00,73.43,57.33387
2026-05-26 13:15:00,78.0,75.51592
2026-05-26 13:30:00,85.0,80.66059
2026-05-26 13:45:00,72.37,84.17466
2026-05-26 14:00:00,96.73,93.13975
2026-05-26 14:15:00,104.71,107.780655
2026-05-26 14:30:00,121.83,106.228004
2026-05-26 14:45:00,135.0,120.188866
2026-05-26 15:00:00,120.0,132.19681
2026-05-26 15:15:00,121.13,123.48452
2026-05-26 15:30:00,141.17,129.14684
2026-05-26 15:45:00,158.38,141.35124
2026-05-26 16:00:00,132.85,150.47311
2026-05-26 16:15:00,145.0,145.6211
2026-05-26 16:30:00,158.38,146.6516
2026-05-26 16:45:00,185.77,172.14482
2026-05-26 17:00:00,154.32,158.77464
2026-05-26 17:15:00,170.08,163.23209
2026-05-26 17:30:00,190.17,172.9222
2026-05-26 17:45:00,215.62,180.13322
2026-05-26 18:00:00,197.96,192.78548
2026-05-26 18:15:00,200.05,183.20918
2026-05-26 18:30:00,215.62,184.05841
2026-05-26 18:45:00,203.7,186.83084
2026-05-26 19:00:00,197.96,183.55869
2026-05-26 19:15:00,190.52,180.55417
2026-05-26 19:30:00,176.9,171.76718
2026-05-26 19:45:00,162.29,161.68274
2026-05-26 20:00:00,184.22,142.77083
2026-05-26 20:15:00,158.38,157.26555
2026-05-26 20:30:00,155.05,136.50049
2026-05-26 20:45:00,149.01,135.44398
2026-05-26 21:00:00,170.0,135.88264
2026-05-26 21:15:00,155.82,148.12907
2026-05-26 21:30:00,146.34,137.81926
2026-05-26 21:45:00,142.57,138.57242
2026-05-26 22:00:00,149.42,131.90247
2026-05-26 22:15:00,146.8,137.4403
2026-05-26 22:45:00,146.0,136.97636
2026-05-26 23:00:00,146.8,134.8397
2026-05-26 23:15:00,141.41,136.51239
2026-05-26 23:30:00,138.99,132.58173
2026-05-26 23:45:00,132.53,132.0278
2026-05-27 00:00:00,132.1,129.48785
2026-05-27 00:15:00,130.54,125.75678
2026-05-27 00:30:00,129.85,126.22281
2026-05-27 00:45:00,127.91,124.62047
2026-05-27 01:00:00,133.28,123.460754
2026-05-27 01:15:00,125.26,128.79417
2026-05-27 01:30:00,127.15,123.41939
2026-05-27 02:00:00,121.47,126.80157
2026-05-27 02:15:00,126.28,124.378624
2026-05-27 02:30:00,127.07,125.21058
2026-05-27 02:45:00,129.94,127.28404
2026-05-27 03:00:00,123.72,131.30711
2026-05-27 03:15:00,125.15,132.10138
2026-05-27 03:30:00,129.42,135.51123
2026-05-27 03:45:00,136.29,141.93437
2026-05-27 04:00:00,137.53,149.5497
2026-05-27 04:15:00,145.87,145.74457
2026-05-27 04:30:00,146.8,150.1929
2026-05-27 05:00:00,149.42,146.26474
2026-05-27 05:15:00,146.8,140.70125
2026-05-27 05:30:00,149.42,142.9216
2026-05-27 05:45:00,146.8,143.82999
2026-05-27 06:30:00,138.0,138.39804
2026-05-27 06:45:00,122.0,126.9485
2026-05-27 07:00:00,149.42,124.81191
2026-05-27 07:15:00,136.39,135.68846
2026-05-27 07:30:00,122.18,120.47153
2026-05-27 07:45:00,112.41,111.263214
2026-05-27 08:00:00,127.51,109.63042
2026-05-27 08:15:00,113.87,111.11722
2026-05-27 08:30:00,146.8,101.12066
2026-05-27 08:45:00,132.22,124.0217
2026-05-27 09:00:00,108.5,114.31404
2026-05-27 09:15:00,110.6,92.73085
2026-05-27 09:30:00,103.9,97.130486
2026-05-27 09:45:00,103.74,94.62653
2026-05-27 10:00:00,80.0,90.833496
2026-05-27 10:15:00,68.14,67.66307
2026-05-27 10:30:00,65.86,70.20452
2026-05-27 10:45:00,56.0,70.26291
2026-05-27 11:00:00,68.36,66.762184
2026-05-27 11:15:00,70.0,73.93538
2026-05-27 11:30:00,75.0,79.41706
2026-05-27 11:45:00,66.41,80.20129
2026-05-27 12:00:00,86.0,77.86837
2026-05-27 12:15:00,92.62,97.831116
2026-05-27 12:30:00,99.14,101.391495
2026-05-27 12:45:00,100.0,99.72182
2026-05-27 13:00:00,103.89,102.63529
2026-05-27 13:15:00,112.87,106.90593
2026-05-27 13:30:00,120.8,113.396904
2026-05-27 13:45:00,141.0,123.1962
2026-05-27 14:00:00,112.76,138.50009
2026-05-27 14:15:00,135.0,114.862305
2026-05-27 14:30:00,146.8,141.365
2026-05-27 15:00:00,146.05,141.40456
2026-05-27 15:15:00,146.8,132.30817
2026-05-27 15:45:00,158.27,147.35979
2026-05-27 16:15:00,163.88,164.07236
2026-05-27 16:30:00,158.27,169.2403
2026-05-27 16:45:00,168.66,169.23936
2026-05-27 17:00:00,158.86,176.36642
2026-05-27 17:15:00,165.65,174.36635
2026-05-27 17:30:00,184.2,180.71234
2026-05-27 17:45:00,197.96,186.70341
2026-05-27 18:00:00,181.45,196.29057
2026-05-27 18:15:00,183.84,185.00272
2026-05-27 18:30:00,185.31,184.15224
2026-05-27 18:45:00,183.8,187.09238
2026-05-27 19:00:00,183.95,182.62155
2026-05-27 19:15:00,170.13,183.87477
2026-05-27 19:30:00,167.36,169.44586
2026-05-27 19:45:00,166.68,170.7032
2026-05-27 20:00:00,165.65,151.41049
2026-05-27 20:15:00,163.88,154.93556
2026-05-27 20:30:00,158.86,153.24532
2026-05-27 20:45:00,149.42,146.05151
2026-05-27 21:00:00,158.86,147.46506
2026-05-27 21:15:00,150.0,143.51085
2026-05-27 21:30:00,146.8,143.67886
2026-05-27 21:45:00,140.0,140.57683
2026-05-27 22:00:00,147.28,138.31943
2026-05-27 22:30:00,142.15,143.84288
2026-05-27 22:45:00,139.0,137.55708
2026-05-27 23:00:00,139.69,132.76003
2026-05-27 23:15:00,131.33,134.33891
2026-05-27 23:30:00,130.51,127.195305
2026-05-27 23:45:00,128.4,127.01272
2026-05-28 00:00:00,131.1,123.21158
2026-05-28 00:15:00,128.58,126.22512
2026-05-28 00:30:00,132.23,126.09913
2026-05-28 00:45:00,134.09,128.32494
2026-05-28 01:00:00,133.01,131.30583
2026-05-28 01:15:00,132.71,128.46167
2026-05-28 01:30:00,132.29,128.63695
2026-05-28 01:45:00,132.38,129.13916
2026-05-28 02:00:00,129.7,129.8926
2026-05-28 02:15:00,128.23,127.76868
2026-05-28 02:30:00,133.82,126.04605
2026-05-28 02:45:00,138.77,131.23082
2026-05-28 03:00:00,133.85,132.76688
2026-05-28 03:45:00,139.65,142.70316
2026-05-28 04:00:00,147.28,149.0465
2026-05-28 04:30:00,148.8,151.53654
2026-05-28 04:45:00,148.14,150.7313
2026-05-28 05:00:00,146.59,147.01607
2026-05-28 05:15:00,146.83,148.31993
2026-05-28 05:30:00,137.99,146.3528
2026-05-28 05:45:00,123.14,139.98027
2026-05-28 06:00:00,145.28,132.44208
2026-05-28 06:15:00,130.95,143.63338
2026-05-28 06:30:00,135.34,125.45589
2026-05-28 06:45:00,117.71,124.0684
2026-05-28 07:00:00,149.53,125.01514
2026-05-28 07:15:00,142.39,134.62779
2026-05-28 07:30:00,115.19,129.84225
2026-05-28 07:45:00,111.49,110.1186
2026-05-28 08:00:00,108.28,118.167465
2026-05-28 08:15:00,104.4,107.44706
2026-05-28 08:30:00,100.2,93.827965
2026-05-28 08:45:00,92.0,91.38877
2026-05-28 09:00:00,78.0,82.97933
2026-05-28 09:15:00,83.03,73.27465
2026-05-28 09:30:00,78.0,78.52569
2026-05-28 09:45:00,75.0,76.730156
2026-05-28 10:00:00,36.31,75.95642
2026-05-28 10:15:00,35.0,58.754356
2026-05-28 10:30:00,30.0,57.07626
2026-05-28 11:00:00,50.55,42.19237
2026-05-28 11:15:00,52.78,47.396587
2026-05-28 11:30:00,67.92,47.782036
2026-05-28 11:45:00,68.75,69.78562
2026-05-28 12:00:00,97.19,68.42099
2026-05-28 12:15:00,103.72,86.99131
2026-05-28 12:30:00,105.0,95.11999
2026-05-28 12:45:00,106.55,99.19409
2026-05-28 13:00:00,131.14,109.00216
2026-05-28 13:15:00,142.87,127.72653
2026-05-28 13:30:00,149.9,132.52988
2026-05-28 13:45:00,152.19,134.59776
2026-05-28 14:00:00,142.76,144.3643
2026-05-28 14:15:00,147.28,139.23581
2026-05-28 14:30:00,149.9,142.52922
2026-05-28 15:00:00,147.28,151.11534
2026-05-28 15:15:00,136.75,148.43367
2026-05-28 15:30:00,119.25,149.15585
2026-05-28 15:45:00,140.48,135.2415
2026-05-28 16:00:00,118.25,149.78564
2026-05-28 16:15:00,133.83,136.23611
2026-05-28 16:30:00,147.28,153.85089
2026-05-28 16:45:00,165.3,157.29233
2026-05-28 17:00:00,149.9,171.95929
2026-05-28 17:15:00,166.18,156.63351
2026-05-28 17:30:00,191.23,170.38068
2026-05-28 17:45:00,203.61,189.3674
2026-05-28 18:00:00,191.23,188.27298
2026-05-28 18:30:00,197.96,190.93414
2026-05-28 19:00:00,192.21,193.45024
2026-05-28 19:15:00,191.23,189.50586
2026-05-28 19:30:00,175.36,185.35405
2026-05-28 19:45:00,164.4,171.12756
2026-05-28 20:00:00,183.95,150.31448
2026-05-28 20:15:00,179.86,163.61969
2026-05-28 20:30:00,166.18,162.72731
2026-05-28 20:45:00,153.87,154.02516
2026-05-28 21:00:00,149.9,141.71773
2026-05-28 21:15:00,147.28,143.97664
2026-05-28 21:30:00,138.0,144.16013
2026-05-28 21:45:00,130.84,132.51549
2026-05-28 22:00:00,164.11,130.60884
2026-05-28 22:15:00,157.36,151.90494
2026-05-28 22:30:00,156.77,141.73483
2026-05-28 22:45:00,154.3,142.35933
2026-05-28 23:00:00,146.69,144.73875
2026-05-28 23:15:00,145.38,141.82768
2026-05-28 23:30:00,139.48,142.67104
2026-05-28 23:45:00,135.65,134.08557
2026-05-29 00:00:00,134.25,132.3705
2026-05-29 00:15:00,128.91,129.04044
2026-05-29 00:30:00,129.8,124.61075
2026-05-29 00:45:00,127.44,125.79554
2026-05-29 01:00:00,129.14,126.09739
2026-05-29 01:15:00,128.13,125.59165
2026-05-29 01:30:00,127.12,125.466034
2026-05-29 01:45:00,124.98,125.28072
2026-05-29 02:00:00,125.7,123.88531
2026-05-29 02:15:00,126.47,125.06375
2026-05-29 02:30:00,126.92,125.594826
2026-05-29 02:45:00,127.86,125.8956
2026-05-29 03:00:00,126.19,128.39746
2026-05-29 03:15:00,129.41,130.80128
2026-05-29 03:30:00,124.95,136.76402
2026-05-29 03:45:00,128.62,134.37416
2026-05-29 04:00:00,132.19,139.59286
2026-05-29 04:15:00,138.11,139.67177
2026-05-29 04:30:00,145.38,140.96037
2026-05-29 05:15:00,156.77,138.39911
2026-05-29 05:45:00,154.3,147.38072
2026-05-29 06:00:00,156.77,144.2131
2026-05-29 06:15:00,154.3,146.0246
2026-05-29 06:30:00,155.0,146.9062
2026-05-29 06:45:00,151.1,141.75732
2026-05-29 07:00:00,169.95,142.76892
2026-05-29 07:15:00,162.33,152.98001
2026-05-29 07:30:00,156.77,151.76436
2026-05-29 07:45:00,154.3,141.8885
2026-05-29 08:00:00,144.58,143.24818
2026-05-29 08:15:00,132.39,137.51018
2026-05-29 08:30:00,145.38,132.95584
2026-05-29 08:45:00,137.65,134.69934
2026-05-29 09:00:00,139.58,132.23654
2026-05-29 09:15:00,138.5,129.92702
2026-05-29 09:30:00,122.32,132.8304
2026-05-29 09:45:00,120.0,112.62215
2026-05-29 10:00:00,69.39,110.714745
2026-05-29 10:15:00,66.81,75.80788
2026-05-29 10:30:00,61.24,67.43123
2026-05-29 10:45:00,57.94,62.755203
2026-05-29 11:00:00,48.7,68.260506
2026-05-29 11:15:00,53.28,47.70658
2026-05-29 11:30:00,56.94,56.90799
2026-05-29 12:00:00,50.91,70.63978
2026-05-29 12:15:00,59.77,54.496742
2026-05-29 12:30:00,57.94,58.71677
2026-05-29 12:45:00,65.0,71.787125
2026-05-29 13:00:00,80.5,79.32823
2026-05-29 13:15:00,88.0,85.973694
2026-05-29 13:30:00,102.36,88.31346
2026-05-29 13:45:00,106.35,100.54135
2026-05-29 14:00:00,110.0,105.65688
2026-05-29 14:15:00,120.0,108.619484
2026-05-29 14:30:00,120.58,119.77158
2026-05-29 14:45:00,142.27,124.80928
2026-05-29 15:00:00,122.0,133.56987
2026-05-29 15:15:00,142.32,130.6199
2026-05-29 15:30:00,118.75,140.75247
2026-05-29 15:45:00,141.21,134.00822
2026-05-29 16:00:00,145.0,141.81134
2026-05-29 16:15:00,145.38,148.51793
2026-05-29 16:30:00,150.43,149.34607
2026-05-29 16:45:00,162.05,157.3721
2026-05-29 17:00:00,154.3,168.9682
2026-05-29 17:15:00,165.96,165.15811
2026-05-29 17:30:00,189.08,174.58192
2026-05-29 17:45:00,207.7,184.1799
2026-05-29 18:00:00,189.08,184.33429
2026-05-29 18:15:00,195.0,181.27498
2026-05-29 18:30:00,197.96,188.64108
2026-05-29 19:00:00,202.41,193.87065
2026-05-29 19:15:00,193.35,189.34563
2026-05-29 19:30:00,183.95,181.15462
2026-05-29 19:45:00,164.11,167.6311
2026-05-29 20:00:00,183.95,156.65608
2026-05-29 20:15:00,164.11,165.50117
2026-05-29 20:30:00,157.36,153.2312
2026-05-29 20:45:00,154.3,144.05614
2026-05-29 21:00:00,156.77,147.02045
2026-05-29 21:15:00,154.3,144.30624
2026-05-29 21:30:00,146.43,142.02786
2026-05-29 21:45:00,138.17,141.73692
2026-05-29 22:00:00,160.0,140.75287
2026-05-29 22:15:00,158.2,156.15462
2026-05-29 22:30:00,155.74,151.77
2026-05-29 22:45:00,154.23,147.22118
2026-05-29 23:00:00,150.56,150.38817
2026-05-29 23:15:00,143.6,148.18568
2026-05-29 23:30:00,144.61,143.96906
2026-05-29 23:45:00,145.0,146.14624
2026-05-30 00:00:00,140.82,146.18484
2026-05-30 00:30:00,139.46,138.10606
2026-05-30 00:45:00,138.9,136.56677
2026-05-30 01:00:00,135.47,138.01225
2026-05-30 01:15:00,135.26,133.91177
2026-05-30 01:30:00,135.47,134.61563
2026-05-30 01:45:00,134.98,134.55751
2026-05-30 02:00:00,126.55,135.56166
2026-05-30 02:15:00,128.46,129.92128
2026-05-30 02:30:00,130.89,129.68796
2026-05-30 02:45:00,133.35,130.67484
2026-05-30 03:00:00,135.13,132.18193
2026-05-30 03:15:00,129.92,140.41608
2026-05-30 03:30:00,127.28,139.94417
2026-05-30 03:45:00,125.74,134.7582
2026-05-30 04:00:00,125.8,138.91245
2026-05-30 04:15:00,122.43,133.56323
2026-05-30 04:30:00,140.0,129.23425
2026-05-30 04:45:00,132.42,140.43326
2026-05-30 05:00:00,140.82,130.96535
2026-05-30 05:30:00,123.55,134.82814
2026-05-30 05:45:00,112.69,126.460526
2026-05-30 06:00:00,126.1,117.140335
2026-05-30 06:15:00,117.08,120.04622
2026-05-30 06:30:00,100.93,110.29729
2026-05-30 06:45:00,89.5,91.74385
2026-05-30 07:00:00,140.82,78.5038
2026-05-30 07:15:00,120.28,124.64139
2026-05-30 07:30:00,120.96,109.21424
2026-05-30 07:45:00,94.7,109.355774
2026-05-30 08:00:00,62.65,76.56029
2026-05-30 08:45:00,40.0,48.151352
2026-05-30 09:00:00,30.0,40.4537
2026-05-30 09:15:00,54.75,32.238888
2026-05-30 09:30:00,49.99,57.28778
2026-05-30 09:45:00,15.05,42.00474
2026-05-30 10:00:00,25.0,20.236094
2026-05-30 10:15:00,30.0,28.715569
2026-05-30 10:30:00,25.41,28.50717
2026-05-30 10:45:00,22.0,26.053831
2026-05-30 11:00:00,51.0,20.880978
2026-05-30 11:15:00,25.0,45.805473
2026-05-30 11:30:00,47.25,31.596762
2026-05-30 11:45:00,23.08,40.06098
2026-05-30 12:00:00,19.0,30.376131
2026-05-30 12:15:00,49.99,27.97792
2026-05-30 12:30:00,23.08,52.04137
2026-05-30 12:45:00,26.03,23.170761
2026-05-30 13:00:00,25.05,31.567888
2026-05-30 13:15:00,35.0,34.37406
2026-05-30 13:30:00,36.03,37.75674
2026-05-30 13:45:00,43.0,37.712082
2026-05-30 14:00:00,62.07,66.76018
2026-05-30 14:15:00,46.64,83.31316
2026-05-30 14:30:00,71.24,69.041176
2026-05-30 14:45:00,70.0,95.58561
2026-05-30 15:00:00,106.24,98.14891
2026-05-30 15:15:00,125.0,117.154724
2026-05-30 15:30:00,140.82,125.41398
2026-05-30 15:45:00,147.94,137.80876
2026-05-30 16:00:00,145.5,132.44934
2026-05-30 16:15:00,137.15,142.57755
2026-05-30 16:30:00,140.82,149.11732
2026-05-30 16:45:00,150.56,158.62961
2026-05-30 17:15:00,166.29,154.5478
2026-05-30 17:30:00,184.06,155.0343
2026-05-30 17:45:00,190.5,161.17694
2026-05-30 18:00:00,162.88,170.47705
2026-05-30 18:15:00,175.75,171.22612
2026-05-30 18:30:00,175.04,164.66248
2026-05-30 18:45:00,183.95,168.16861
2026-05-30 19:00:00,190.0,168.15813
2026-05-30 19:15:00,172.5,168.73083
2026-05-30 19:30:00,183.74,162.74814
2026-05-30 19:45:00,157.68,168.3313
2026-05-30 20:00:00,168.82,138.49481
2026-05-30 20:15:00,157.68,149.20819
2026-05-30 20:30:00,155.01,137.23962
2026-05-30 20:45:00,148.33,139.16971
2026-05-30 21:00:00,155.23,136.11484
2026-05-30 21:15:00,147.12,132.67079
2026-05-30 21:30:00,144.78,140.23639
2026-05-30 21:45:00,142.83,137.86313
2026-05-30 22:00:00,150.99,139.66788
2026-05-30 22:15:00,150.56,142.51714
2026-05-30 22:30:00,150.0,141.82954
2026-05-30 22:45:00,148.29,142.09016
2026-05-30 23:15:00,145.68,138.69357
2026-05-31 01:00:00,145.0,143.04872
2026-05-31 01:15:00,139.5,144.4559
2026-05-31 01:30:00,134.0,136.2485
2026-05-31 01:45:00,137.09,131.14555
2026-05-31 02:00:00,138.18,135.7513
2026-05-31 02:15:00,137.31,134.86505
2026-05-31 02:30:00,145.0,133.0429
2026-05-31 02:45:00,135.86,142.85936
2026-05-31 03:00:00,139.74,137.70511
2026-05-31 03:15:00,134.14,143.1885
2026-05-31 03:30:00,132.7,142.2559
2026-05-31 03:45:00,124.5,141.27203
2026-05-31 04:00:00,128.99,138.01033
2026-05-31 04:15:00,127.41,138.0826
2026-05-31 04:30:00,116.46,134.78644
2026-05-31 04:45:00,112.52,118.347244
2026-05-31 05:00:00,115.51,116.40009
2026-05-31 05:15:00,111.85,114.028336
2026-05-31 05:30:00,145.0,113.1467
2026-05-31 05:45:00,125.0,131.20175
2026-05-31 06:00:00,124.29,115.81335
2026-05-31 06:15:00,145.68,114.15264
2026-05-31 06:30:00,130.93,136.46465
2026-05-31 06:45:00,119.5,116.60588
2026-05-31 07:00:00,145.0,109.614
2026-05-31 07:15:00,117.37,131.13705
2026-05-31 07:30:00,114.39,97.03733
2026-05-31 07:45:00,100.0,92.27118
2026-05-31 08:00:00,62.0,80.99796
2026-05-31 08:15:00,59.0,37.866325
2026-05-31 08:30:00,44.0,39.51328
2026-05-31 08:45:00,35.0,30.452795
2026-05-31 09:00:00,33.0,33.571438
2026-05-31 09:15:00,43.0,36.069405
2026-05-31 09:30:00,39.44,29.72072
2026-05-31 09:45:00,35.0,30.859928
2026-05-31 10:00:00,38.25,35.673496
2026-05-31 10:15:00,37.75,33.184467
2026-05-31 10:30:00,37.5,31.507805
2026-05-31 10:45:00,36.75,33.79098
2026-05-31 11:00:00,38.0,51.038574
2026-05-31 11:15:00,36.75,32.44778
2026-05-31 11:30:00,37.75,32.341537
2026-05-31 11:45:00,36.25,48.3633
2026-05-31 12:00:00,33.99,37.66098
2026-05-31 12:15:00,35.5,35.918728
2026-05-31 12:30:00,35.0,37.236057
2026-05-31 12:45:00,34.96,34.14599
2026-05-31 13:00:00,14.5,33.860073
2026-05-31 13:30:00,16.03,9.831236
2026-05-31 13:45:00,19.0,10.947259
2026-05-31 14:00:00,40.0,52.187
2026-05-31 14:15:00,35.0,54.941475
2026-05-31 14:30:00,55.0,50.405594
2026-05-31 14:45:00,70.0,77.23998
2026-05-31 15:00:00,76.22,93.56275
2026-05-31 15:15:00,100.2,98.99049
2026-05-31 15:30:00,107.58,110.83077
2026-05-31 15:45:00,116.0,122.467705
2026-05-31 16:00:00,113.68,127.02694
2026-05-31 16:15:00,121.67,129.13817
2026-05-31 16:30:00,145.68,131.19765
2026-05-31 16:45:00,148.29,146.46046
2026-05-31 17:00:00,145.68,152.95972
2026-05-31 17:15:00,149.45,159.07971
2026-05-31 17:30:00,155.74,153.9432
2026-05-31 17:45:00,160.87,166.1891
2026-05-31 18:00:00,156.0,162.004
2026-05-31 18:15:00,157.69,162.46405
2026-05-31 18:30:00,167.03,164.0162
2026-05-31 18:45:00,169.2,169.34839
2026-05-31 19:00:00,165.74,160.3822
2026-05-31 19:15:00,163.03,165.62988
2026-05-31 19:30:00,160.98,152.7476
2026-05-31 19:45:00,155.74,150.05023
2026-05-31 20:00:00,168.54,139.68095
2026-05-31 20:15:00,160.48,151.26027
2026-05-31 20:30:00,155.74,141.94496
2026-05-31 20:45:00,149.13,139.43538
2026-05-31 21:00:00,156.53,137.22327
2026-05-31 21:15:00,152.32,134.15253
2026-05-31 21:30:00,148.29,138.27998
2026-05-31 21:45:00,145.68,137.88962
2026-05-31 22:00:00,149.35,138.10999
2026-05-31 22:15:00,140.09,138.07756
2026-05-31 22:30:00,127.1,132.27306
2026-05-31 22:45:00,123.46,125.83058
2026-05-31 23:00:00,146.5,121.53488
2026-05-31 23:15:00,136.0,138.24606
2026-05-31 23:30:00,128.84,126.42444
2026-05-31 23:45:00,126.97,122.52185
2026-06-01 00:00:00,125.48,125.61535
2026-06-01 00:15:00,132.99,123.24833
2026-06-01 00:30:00,131.62,125.70385
2026-06-01 00:45:00,130.3,125.2922
2026-06-01 01:00:00,126.0,125.088745
2026-06-01 01:15:00,126.8,122.76465
2026-06-01 01:30:00,120.7,123.392975
2026-06-01 01:45:00,118.7,121.93336
2026-06-01 02:00:00,124.95,120.690796
2026-06-01 02:15:00,123.36,124.05961
2026-06-01 02:30:00,125.17,123.798836
2026-06-01 02:45:00,125.39,122.93483
2026-06-01 03:00:00,127.02,129.16808
2026-06-01 03:15:00,130.32,136.76027
2026-06-01 03:30:00,134.5,141.2684
2026-06-01 03:45:00,128.56,144.3403
2026-06-01 04:00:00,129.59,140.506
2026-06-01 04:15:00,142.85,143.04971
2026-06-01 04:30:00,146.21,149.92911
2026-06-01 04:45:00,149.35,150.20029
2026-06-01 05:30:00,140.01,144.34862
2026-06-01 05:45:00,132.89,140.04898
2026-06-01 06:00:00,136.0,133.47276
2026-06-01 06:15:00,130.06,137.77827
2026-06-01 06:30:00,118.7,122.503
2026-06-01 06:45:00,120.0,113.0258
2026-06-01 07:00:00,122.76,117.047745
2026-06-01 07:15:00,118.68,116.52761
2026-06-01 07:30:00,129.32,112.06033
2026-06-01 07:45:00,120.81,112.05033
2026-06-01 08:00:00,127.49,111.1937
2026-06-01 08:15:00,123.19,113.6469
2026-06-01 08:30:00,121.38,111.651855
2026-06-01 08:45:00,109.9,111.461914
2026-06-01 09:00:00,112.41,103.00683
2026-06-01 09:15:00,119.24,105.81946
2026-06-01 09:30:00,114.66,108.20538
2026-06-01 09:45:00,99.0,105.60836
2026-06-01 10:00:00,70.0,89.763054
2026-06-01 10:15:00,60.0,70.77561
2026-06-01 10:30:00,59.0,61.408
2026-06-01 11:00:00,60.0,69.520706
2026-06-01 12:00:00,76.0,70.11974
2026-06-01 12:15:00,85.5,77.80006
2026-06-01 12:30:00,85.0,85.96536
2026-06-01 12:45:00,86.85,86.82924
2026-06-01 13:00:00,85.16,92.06118
2026-06-01 13:15:00,86.83,93.01979
2026-06-01 13:30:00,101.39,91.38842
2026-06-01 13:45:00,112.08,101.21117
2026-06-01 14:00:00,83.49,112.53435
2026-06-01 14:15:00,99.0,96.518684
2026-06-01 14:30:00,115.36,106.94063
2026-06-01 14:45:00,126.15,118.43178
2026-06-01 15:00:00,109.47,123.47697
2026-06-01 15:15:00,121.39,113.07586
2026-06-01 15:30:00,139.54,127.94862
2026-06-01 15:45:00,150.0,139.7017
2026-06-01 16:00:00,115.6,136.10896
2026-06-01 16:15:00,125.0,127.42231
2026-06-01 16:30:00,147.83,137.88914
2026-06-01 16:45:00,151.94,160.32147
2026-06-01 17:00:00,149.35,159.14877
2026-06-01 17:15:00,154.23,161.78323
2026-06-01 17:30:00,155.74,169.50708
2026-06-01 17:45:00,172.55,174.12221
2026-06-01 18:00:00,159.56,171.60985
2026-06-01 18:15:00,161.96,170.19203
2026-06-01 18:30:00,174.79,169.42781
2026-06-01 19:00:00,172.5,170.44849
2026-06-01 19:15:00,168.03,166.40988
2026-06-01 19:30:00,160.74,165.50722
2026-06-01 19:45:00,158.73,156.96869
2026-06-01 20:00:00,162.29,147.25963
2026-06-01 20:15:00,169.38,144.50562
2026-06-01 20:30:00,174.1,150.18979
2026-06-01 20:45:00,154.23,148.8415
2026-06-01 21:00:00,165.12,139.83743
2026-06-01 21:15:00,156.19,147.65654
2026-06-01 21:30:00,151.05,146.64058
2026-06-01 21:45:00,146.18,141.54263
2026-06-01 22:00:00,151.94,144.07782
2026-06-01 22:15:00,149.35,145.6814
2026-06-01 22:45:00,145.02,141.59943
2026-06-01 23:00:00,149.15,139.35635
2026-06-01 23:15:00,139.51,140.71628
2026-06-01 23:30:00,134.57,136.38535
2026-06-01 23:45:00,130.6,132.12961
2026-06-02 00:00:00,135.0,131.81505
2026-06-02 00:15:00,134.72,131.5865
2026-06-02 00:30:00,134.11,132.10248
2026-06-02 00:45:00,132.08,130.20114
2026-06-02 01:00:00,133.48,131.35077
2026-06-02 01:15:00,130.06,132.65848
2026-06-02 01:30:00,128.54,127.18478
2026-06-02 01:45:00,128.97,125.94047
2026-06-02 02:00:00,126.73,127.57188
2026-06-02 02:15:00,128.79,126.09998
2026-06-02 02:30:00,130.98,124.81362
2026-06-02 02:45:00,133.89,129.02473
2026-06-02 03:00:00,132.98,132.02051
2026-06-02 03:15:00,132.53,142.06601
2026-06-02 03:30:00,134.12,145.24123
2026-06-02 03:45:00,131.8,145.60455
2026-06-02 04:00:00,145.0,143.60182
2026-06-02 04:30:00,142.93,152.38945
2026-06-02 04:45:00,135.0,149.20125
2026-06-02 05:00:00,149.35,140.27803
2026-06-02 05:15:00,145.0,146.74402
2026-06-02 05:30:00,138.32,143.40407
2026-06-02 05:45:00,135.0,136.13734
2026-06-02 06:00:00,149.35,139.54134
2026-06-02 06:15:00,140.3,143.377
2026-06-02 06:30:00,145.0,131.85248
2026-06-02 06:45:00,130.0,131.10052
2026-06-02 07:00:00,149.35,127.896355
2026-06-02 07:30:00,138.36,136.1805
2026-06-02 07:45:00,122.94,130.90369
2026-06-02 08:00:00,155.0,117.43081
2026-06-02 08:30:00,151.94,148.01753
2026-06-02 08:45:00,149.35,139.87102
2026-06-02 09:00:00,151.94,134.50089
2026-06-02 09:45:00,150.0,145.74104
2026-06-02 10:00:00,151.94,144.18651
2026-06-02 10:45:00,145.0,144.99939
2026-06-02 12:00:00,121.12,141.11241
2026-06-02 12:15:00,145.0,127.99495
2026-06-02 12:45:00,145.2,144.82013
2026-06-02 13:00:00,125.0,143.30624
2026-06-02 13:15:00,145.0,128.00223
2026-06-02 13:30:00,143.32,140.68828
2026-06-02 13:45:00,145.0,143.05396
2026-06-02 14:00:00,112.5,136.84227
2026-06-02 14:15:00,123.55,117.095406
2026-06-02 14:30:00,135.0,126.13493
2026-06-02 14:45:00,149.35,141.8386
2026-06-02 15:00:00,113.47,124.61036
2026-06-02 15:15:00,128.65,119.857185
2026-06-02 15:30:00,149.35,132.58394
2026-06-02 15:45:00,151.94,139.5143
2026-06-02 16:00:00,149.35,131.78477
2026-06-02 16:30:00,160.91,140.99466
2026-06-02 16:45:00,174.79,159.13081
2026-06-02 17:00:00,153.71,163.38971
2026-06-02 17:15:00,154.73,158.40628
2026-06-02 17:30:00,161.49,164.0956
2026-06-02 17:45:00,169.35,167.5776
2026-06-02 18:00:00,157.59,167.64552
2026-06-02 18:15:00,161.49,158.72968
2026-06-02 18:30:00,162.18,165.30217
2026-06-02 18:45:00,160.91,162.17265
2026-06-02 19:00:00,161.49,156.26685
2026-06-02 19:15:00,159.5,157.36588
2026-06-02 19:30:00,151.94,154.88525
2026-06-02 19:45:00,149.35,153.32008
2026-06-02 20:00:00,158.12,145.70796
2026-06-02 20:15:00,149.35,143.82576
2026-06-02 20:45:00,135.28,141.61606
2026-06-02 21:00:00,148.5,130.77289
2026-06-02 21:15:00,137.3,144.3324
2026-06-02 21:30:00,132.97,133.89638
2026-06-02 21:45:00,122.21,130.37054
2026-06-02 22:00:00,131.87,130.77188
2026-06-02 22:15:00,130.77,130.0984
2026-06-02 22:30:00,127.34,130.45895
2026-06-02 22:45:00,122.66,125.33845
2026-06-02 23:00:00,125.99,125.33779
2026-06-02 23:15:00,120.8,126.07575
2026-06-02 23:30:00,118.28,121.78409
2026-06-02 23:45:00,116.78,117.55051
2026-06-03 00:00:00,124.48,119.57094
2026-06-03 00:15:00,123.99,123.3228
2026-06-03 00:30:00,124.36,122.4885
2026-06-03 00:45:00,123.99,120.533195
2026-06-03 01:00:00,120.8,123.7513
2026-06-03 01:15:00,124.13,120.66761
2026-06-03 01:30:00,124.18,122.773315
2026-06-03 01:45:00,120.8,123.386795
2026-06-03 02:00:00,115.95,120.02696
2026-06-03 02:15:00,116.09,118.420044
2026-06-03 02:30:00,117.67,118.44054
2026-06-03 02:45:00,116.38,117.77053
2026-06-03 03:00:00,117.81,120.243416
2026-06-03 03:15:00,117.18,127.669174
2026-06-03 03:30:00,124.13,127.41314
2026-06-03 03:45:00,131.8,131.61998
2026-06-03 04:00:00,138.55,139.7171
2026-06-03 04:15:00,151.4,143.98882
2026-06-03 04:45:00,153.99,151.63013
2026-06-03 05:00:00,167.22,153.46817
2026-06-03 05:15:00,160.94,159.47884
2026-06-03 05:30:00,157.17,161.89432
2026-06-03 05:45:00,170.05,155.8842
2026-06-03 06:00:00,179.35,177.08221
2026-06-03 06:15:00,177.13,174.84047
2026-06-03 06:30:00,175.0,173.4804
2026-06-03 06:45:00,169.14,178.24144
2026-06-03 07:00:00,179.35,177.4383
2026-06-03 07:30:00,168.36,175.27718
2026-06-03 07:45:00,156.5,163.36232
2026-06-03 08:00:00,177.13,155.19281
2026-06-03 08:15:00,169.14,162.96297
2026-06-03 08:30:00,156.5,157.21667
2026-06-03 08:45:00,156.34,147.35826
2026-06-03 09:15:00,153.99,154.72844
2026-06-03 09:45:00,130.52,147.73532
2026-06-03 10:00:00,100.25,129.84132
2026-06-03 10:15:00,90.47,99.6347
2026-06-03 10:30:00,85.85,92.87295
2026-06-03 10:45:00,70.92,82.68767
2026-06-03 11:00:00,70.78,66.489395
2026-06-03 11:30:00,74.62,75.55124
2026-06-03 11:45:00,78.82,81.402435
2026-06-03 12:00:00,75.79,88.32392
2026-06-03 12:15:00,109.45,79.93478
2026-06-03 13:00:00,134.83,105.079475
2026-06-03 13:15:00,145.0,122.8735
2026-06-03 13:30:00,150.69,122.435585
2026-06-03 13:45:00,150.0,125.806496
2026-06-03 14:00:00,153.99,140.6893
2026-06-03 14:45:00,155.0,150.5686
2026-06-03 15:00:00,119.54,154.07343
2026-06-03 15:15:00,133.0,127.17512
2026-06-03 15:30:00,137.46,138.13971
2026-06-03 15:45:00,151.4,147.12302
2026-06-03 16:00:00,115.04,139.04848
2026-06-03 16:15:00,128.11,132.75821
2026-06-03 16:30:00,147.32,137.10149
2026-06-03 16:45:00,155.97,154.0597
2026-06-03 17:00:00,151.4,159.97438
2026-06-03 17:15:00,153.99,161.63292
2026-06-03 17:30:00,157.18,164.14127
2026-06-03 17:45:00,171.63,170.32047
2026-06-03 18:00:00,168.7,173.68277
2026-06-03 18:15:00,169.1,173.71696
2026-06-03 18:30:00,174.4,174.66304
2026-06-03 18:45:00,173.61,178.15082
2026-06-03 19:00:00,169.44,173.99512
2026-06-03 19:15:00,169.14,173.57233
2026-06-03 19:30:00,165.08,169.80197
2026-06-03 19:45:00,156.34,166.80975
2026-06-03 20:00:00,156.5,148.3106
2026-06-03 20:15:00,156.34,148.00232
2026-06-03 20:30:00,155.0,146.98329
2026-06-03 20:45:00,151.4,142.27544
2026-06-03 21:00:00,153.49,142.37886
2026-06-03 21:15:00,151.4,140.22285
2026-06-03 21:30:00,150.0,142.62798
2026-06-03 21:45:00,137.28,141.26347
2026-06-03 22:00:00,147.45,139.12712
2026-06-03 22:15:00,157.4,143.33585
2026-06-03 22:30:00,149.0,149.68365
2026-06-03 22:45:00,143.85,139.85963
2026-06-03 23:00:00,153.0,139.58841
2026-06-03 23:15:00,144.82,147.49559
2026-06-03 23:30:00,139.13,141.42908
2026-06-03 23:45:00,135.37,135.99011
2026-06-04 00:00:00,148.51,137.13164
2026-06-04 00:15:00,135.37,142.13574
2026-06-04 02:00:00,129.6,135.691
2026-06-04 02:15:00,127.0,130.35074
2026-06-04 02:45:00,128.51,132.66937
2026-06-04 03:00:00,130.31,132.81781
2026-06-04 03:15:00,127.0,140.14178
2026-06-04 03:45:00,135.37,137.03812
2026-06-04 04:15:00,141.4,143.81107
2026-06-04 04:30:00,157.4,146.18759
2026-06-04 06:00:00,144.34,142.8572
2026-06-04 06:15:00,149.14,134.37312
2026-06-04 06:30:00,135.37,131.39748
2026-06-04 06:45:00,124.2,131.38583
2026-06-04 07:00:00,135.37,124.04934
2026-06-04 07:15:00,129.5,128.88965
2026-06-04 07:30:00,119.46,118.31797
2026-06-04 07:45:00,112.9,114.15117
2026-06-04 08:00:00,115.38,113.58879
2026-06-04 08:15:00,100.0,111.296616
2026-06-04 08:30:00,79.29,92.725
2026-06-04 08:45:00,100.0,68.68423
2026-06-04 09:00:00,104.0,88.996216
2026-06-04 09:15:00,104.99,92.17752
2026-06-04 09:30:00,120.0,92.03279
2026-06-04 09:45:00,112.58,103.88314
2026-06-04 10:00:00,104.7,96.302925
2026-06-04 10:15:00,100.07,85.05436
2026-06-04 10:30:00,90.85,86.99844
2026-06-04 10:45:00,64.7,77.15937
2026-06-04 11:00:00,100.78,62.10523
2026-06-04 11:15:00,104.17,88.29212
2026-06-04 11:30:00,106.24,87.68031
2026-06-04 11:45:00,87.76,87.13961
2026-06-04 12:00:00,120.16,82.99517
2026-06-04 12:15:00,123.25,111.52481
2026-06-04 12:30:00,134.78,117.34032
2026-06-04 12:45:00,135.37,126.735405
2026-06-04 13:00:00,133.76,127.815544
2026-06-04 13:15:00,135.37,128.53873
2026-06-04 13:45:00,138.74,135.57773
2026-06-04 14:00:00,135.37,136.50095
2026-06-04 14:15:00,117.41,137.61612
2026-06-04 14:30:00,135.37,122.89337
2026-06-04 15:00:00,115.59,135.43907
2026-06-04 15:15:00,128.82,119.52048
2026-06-04 15:30:00,135.37,125.705536
2026-06-04 15:45:00,142.62,137.66437
2026-06-04 16:00:00,155.0,132.84636
2026-06-04 16:15:00,157.4,143.2667
2026-06-04 16:30:00,162.31,147.90956
2026-06-04 16:45:00,162.34,161.95526
2026-06-04 17:00:00,157.4,163.50519
2026-06-04 17:15:00,162.31,168.6043
2026-06-04 17:30:00,167.89,173.03767
2026-06-04 17:45:00,180.9,177.1501
2026-06-04 18:00:00,169.62,181.36664
2026-06-04 18:30:00,180.0,173.80692
2026-06-04 18:45:00,178.13,178.57224
2026-06-04 19:00:00,175.0,177.03116
2026-06-04 19:15:00,162.34,174.6941
2026-06-04 19:30:00,162.31,162.9523
2026-06-04 19:45:00,157.4,160.49539
2026-06-04 20:00:00,162.34,145.90987
2026-06-04 20:15:00,162.31,146.16635
2026-06-04 20:30:00,159.99,147.7534
2026-06-04 20:45:00,157.4,145.39383
2026-06-04 21:00:00,162.31,142.9983
2026-06-04 21:15:00,157.4,144.74559
2026-06-04 21:30:00,146.07,141.54692
2026-06-04 21:45:00,131.76,139.79417
2026-06-04 22:00:00,135.28,135.66664
2026-06-04 22:15:00,158.29,139.13487
2026-06-04 23:00:00,135.28,148.4442
2026-06-05 00:00:00,135.0,132.34715
2026-06-05 00:15:00,132.0,132.59616
2026-06-05 00:30:00,129.7,135.92204
2026-06-05 00:45:00,123.7,128.0746
2026-06-05 01:00:00,130.0,125.70741
2026-06-05 01:15:00,130.32,127.9247
2026-06-05 01:30:00,135.0,126.76437
2026-06-05 01:45:00,125.08,131.45393
2026-06-05 02:00:00,130.0,126.67139
2026-06-05 02:30:00,127.3,130.16231
2026-06-05 02:45:00,128.3,127.35816
2026-06-05 03:00:00,134.31,129.66118
2026-06-05 03:15:00,125.82,141.03207
2026-06-05 03:30:00,124.99,135.12793
2026-06-05 03:45:00,135.28,133.23045
2026-06-05 04:30:00,142.4,140.23375
2026-06-05 04:45:00,156.0,142.15256
2026-06-05 05:00:00,150.0,150.94745
2026-06-05 05:15:00,158.29,145.53056
2026-06-05 06:00:00,160.91,148.24295
2026-06-05 06:15:00,158.29,155.73209
2026-06-05 06:45:00,151.0,144.60017
2026-06-05 07:00:00,158.29,144.15996
2026-06-05 07:15:00,160.91,149.09161
2026-06-05 07:30:00,158.29,151.73735
2026-06-05 07:45:00,144.61,144.67932
2026-06-05 08:00:00,141.72,139.52768
2026-06-05 08:15:00,158.29,138.69612
2026-06-05 08:30:00,153.0,143.6917
2026-06-05 08:45:00,137.1,137.09828
2026-06-05 09:00:00,135.28,130.28755
2026-06-05 09:45:00,129.99,140.03261
2026-06-05 10:00:00,103.25,127.59782
2026-06-05 10:15:00,103.08,97.96396
2026-06-05 10:30:00,102.08,98.59012
2026-06-05 10:45:00,94.7,96.339165
2026-06-05 11:00:00,83.0,92.27499
2026-06-05 11:15:00,82.0,83.4178
2026-06-05 11:30:00,86.24,85.490425
2026-06-05 11:45:00,90.7,86.24636
2026-06-05 12:00:00,83.97,93.45025
2026-06-05 12:15:00,62.5,90.44978
2026-06-05 12:30:00,60.5,73.84781
2026-06-05 12:45:00,60.0,75.557816
2026-06-05 13:00:00,80.0,77.86994
2026-06-05 13:15:00,108.11,86.679344
2026-06-05 13:30:00,126.69,99.072136
2026-06-05 13:45:00,100.0,113.42327
2026-06-05 14:00:00,125.54,96.32103
2026-06-05 14:15:00,130.0,121.60739
2026-06-05 14:30:00,134.86,130.61957
2026-06-05 14:45:00,130.0,129.21515
2026-06-05 15:00:00,127.54,132.22856
2026-06-05 15:15:00,120.0,133.85237
2026-06-05 15:30:00,126.87,131.0774
2026-06-05 15:45:00,144.0,133.91699
2026-06-05 16:00:00,143.82,143.20793
2026-06-05 16:15:00,140.45,136.09555
2026-06-05 16:30:00,158.29,142.13332
2026-06-05 16:45:00,174.16,165.06111
2026-06-05 17:00:00,158.29,166.52312
2026-06-05 17:15:00,160.91,162.38477
2026-06-05 17:30:00,169.89,173.1683
2026-06-05 17:45:00,173.88,181.53685
2026-06-05 18:00:00,161.93,178.45412
2026-06-05 18:15:00,167.64,176.58565
2026-06-05 18:30:00,174.16,173.85068
2026-06-05 18:45:00,176.27,177.46861
2026-06-05 19:00:00,175.79,171.2727
2026-06-05 19:30:00,174.16,169.58192
2026-06-05 19:45:00,160.91,170.20908
2026-06-05 20:00:00,170.24,150.59375
2026-06-05 20:15:00,160.91,158.21509
2026-06-05 20:30:00,158.29,152.29083
2026-06-05 20:45:00,151.92,140.0677
2026-06-05 21:00:00,160.91,149.76929
2026-06-05 21:15:00,158.29,144.73073
2026-06-05 21:30:00,153.57,141.92824
2026-06-05 21:45:00,143.95,141.00807
2026-06-05 22:00:00,154.39,145.6474
2026-06-05 22:15:00,151.8,150.39319
2026-06-05 22:45:00,144.37,148.08545
2026-06-05 23:00:00,150.0,139.93852
2026-06-05 23:15:00,145.28,143.89322
2026-06-05 23:30:00,138.0,143.71295
2026-06-05 23:45:00,133.61,135.21768
2026-06-06 00:00:00,145.0,136.17677
2026-06-06 00:15:00,138.0,142.1404
2026-06-06 00:30:00,131.43,134.88437
2026-06-06 00:45:00,132.97,128.06146
2026-06-06 01:00:00,135.49,132.9553
2026-06-06 01:15:00,135.47,134.09021
2026-06-06 01:30:00,136.3,132.62204
2026-06-06 01:45:00,135.48,133.45169
2026-06-06 02:00:00,141.83,134.84831
2026-06-06 02:15:00,142.94,137.41711
2026-06-06 02:30:00,143.37,138.3099
2026-06-06 02:45:00,138.3,138.51106
2026-06-06 03:00:00,151.8,137.72852
2026-06-06 03:15:00,138.0,153.31042
2026-06-06 03:30:00,129.7,144.41536
2026-06-06 04:00:00,151.8,137.94041
2026-06-06 04:30:00,138.0,157.9283
2026-06-06 04:45:00,135.0,139.73833
2026-06-06 05:00:00,151.8,134.45558
2026-06-06 05:15:00,150.0,152.85799
2026-06-06 05:30:00,134.27,143.65056
2026-06-06 05:45:00,138.0,128.33078
2026-06-06 06:00:00,151.8,136.30156
2026-06-06 06:15:00,151.31,143.73611
2026-06-06 06:30:00,132.27,134.34503
2026-06-06 06:45:00,129.7,118.802216
2026-06-06 07:00:00,151.8,128.11613
2026-06-06 07:15:00,144.68,136.49156
2026-06-06 07:30:00,129.7,130.53024
2026-06-06 08:00:00,151.8,117.70275
2026-06-06 08:15:00,138.0,135.19754
2026-06-06 08:30:00,129.7,128.16565
2026-06-06 08:45:00,138.0,108.72144
2026-06-06 09:00:00,150.0,134.54138
2026-06-06 09:15:00,138.0,131.05211
2026-06-06 09:30:00,129.7,115.376236
2026-06-06 09:45:00,128.3,119.600136
2026-06-06 10:00:00,132.27,120.263695
2026-06-06 10:15:00,129.7,120.370865
2026-06-06 11:00:00,127.7,109.90732
2026-06-06 11:15:00,124.79,104.610435
2026-06-06 11:30:00,99.5,120.47459
2026-06-06 11:45:00,100.7,76.522896
2026-06-06 12:00:00,70.0,87.523254
2026-06-06 12:15:00,69.0,68.06955
2026-06-06 12:30:00,71.74,63.77027
2026-06-06 13:00:00,69.0,68.93249
2026-06-06 13:15:00,48.12,67.31304
2026-06-06 13:30:00,52.22,46.491627
2026-06-06 13:45:00,69.0,52.042576
2026-06-06 14:00:00,79.4,72.80155
2026-06-06 14:15:00,96.34,80.9714
2026-06-06 14:30:00,129.7,87.35455
2026-06-06 15:00:00,122.0,111.778336
2026-06-06 15:15:00,128.28,104.73393
2026-06-06 15:30:00,130.21,116.66767
2026-06-06 15:45:00,151.8,124.98528
2026-06-06 16:00:00,120.39,134.6937
2026-06-06 16:15:00,130.9,129.42456
2026-06-06 16:30:00,155.0,138.51476
2026-06-06 16:45:00,174.66,161.19391
2026-06-06 17:00:00,154.39,155.91183
2026-06-06 17:15:00,151.8,154.36781
2026-06-06 17:30:00,172.04,161.92993
2026-06-06 17:45:00,174.38,175.42868
2026-06-06 18:00:00,155.0,172.9856
2026-06-06 18:15:00,157.5,167.63814
2026-06-06 18:30:00,164.0,170.46425
2026-06-06 18:45:00,163.5,173.01207
2026-06-06 19:00:00,152.08,164.23189
2026-06-06 19:15:00,151.8,153.66023
2026-06-06 21:00:00,154.39,142.4515
2026-06-06 21:15:00,151.8,142.11879
2026-06-06 21:30:00,138.0,141.59332
2026-06-06 21:45:00,129.7,134.35399
2026-06-06 22:00:00,143.17,135.14706
2026-06-06 22:15:00,148.09,142.51396
2026-06-06 22:30:00,154.37,141.74919
2026-06-07 00:00:00,129.32,142.01483
2026-06-07 00:15:00,120.9,134.54976
2026-06-07 01:00:00,129.3,128.7655
2026-06-07 01:15:00,129.9,132.77391
2026-06-07 02:00:00,130.7,128.23119
2026-06-07 02:15:00,129.9,127.89053
2026-06-07 03:00:00,154.37,130.18102
2026-06-07 03:30:00,146.0,148.83122
2026-06-07 03:45:00,129.9,149.20679
2026-06-07 04:00:00,154.37,133.40227
2026-06-07 04:30:00,129.9,155.86636
2026-06-07 05:00:00,136.63,133.60391
2026-06-07 05:15:00,129.9,128.89676
2026-06-07 05:30:00,120.9,136.08508
2026-06-07 05:45:00,113.33,115.50399
2026-06-07 06:00:00,129.9,115.15712
2026-06-07 06:15:00,129.2,116.788635
2026-06-07 06:30:00,113.39,115.05937
2026-06-07 06:45:00,105.66,107.866776
2026-06-07 07:00:00,80.0,105.42368
2026-06-07 07:15:00,65.01,64.34964
2026-06-07 07:30:00,42.49,49.3987
2026-06-07 07:45:00,30.0,32.165977
2026-06-07 08:00:00,18.77,28.338814
2026-06-07 08:15:00,10.0,20.858511
2026-06-07 08:30:00,20.0,5.6851797
2026-06-07 08:45:00,10.0,19.916042
2026-06-07 09:00:00,17.0,12.702052
2026-06-07 09:15:00,15.0,12.376143
2026-06-07 09:30:00,15.25,15.632635
2026-06-07 09:45:00,15.0,17.632383
2026-06-07 10:00:00,10.55,15.479917
2026-06-07 10:15:00,10.0,14.230466
2026-06-07 11:30:00,6.39,14.485088
2026-06-07 11:45:00,9.99,15.565173
2026-06-07 12:00:00,0.0,14.315748
2026-06-07 12:15:00,0.02,13.329558
2026-06-07 12:30:00,6.38,14.168736
2026-06-07 13:00:00,10.0,11.735397
2026-06-07 13:15:00,14.0,14.26348
2026-06-07 13:30:00,10.0,16.655483
2026-06-07 14:00:00,20.0,17.720602
2026-06-07 14:15:00,25.0,34.677704
2026-06-07 14:30:00,45.05,39.58411
2026-06-07 14:45:00,73.0,53.35968
2026-06-07 15:00:00,100.18,95.80724
2026-06-07 15:15:00,113.0,108.76484
2026-06-07 15:30:00,129.9,122.75336
2026-06-07 15:45:00,152.71,126.838806
2026-06-07 16:00:00,122.39,137.71727
2026-06-07 16:15:00,129.9,129.55664
2026-06-07 16:30:00,160.91,138.08952
2026-06-07 16:45:00,177.58,170.8944
2026-06-07 17:00:00,160.91,161.45018
2026-06-07 17:15:00,172.19,166.76927
2026-06-07 17:30:00,177.58,171.07677
2026-06-07 17:45:00,173.88,172.0336
2026-06-07 18:00:00,172.19,170.44319
2026-06-07 18:15:00,160.91,173.68704
2026-06-07 18:30:00,162.75,167.2503
2026-06-07 18:45:00,172.04,164.12721
2026-06-07 19:00:00,159.33,161.50604
2026-06-07 19:15:00,167.0,152.77615
2026-06-07 19:30:00,164.0,161.40811
2026-06-07 19:45:00,159.08,157.31284
2026-06-07 20:00:00,154.37,143.26727
2026-06-07 20:15:00,153.54,141.98785
2026-06-07 20:30:00,137.0,142.36827
2026-06-07 21:00:00,142.64,135.58382
2026-06-07 21:15:00,136.95,141.76399
2026-06-07 21:30:00,136.0,131.86235
2026-06-07 21:45:00,122.28,131.86844
2026-06-07 22:00:00,147.7,123.21741
2026-06-07 22:15:00,140.75,138.7327
2026-06-07 22:30:00,140.03,132.2435
2026-06-07 22:45:00,131.86,132.38202
2026-06-07 23:15:00,131.0,130.02283
2026-06-07 23:30:00,130.17,125.19894
2026-06-07 23:45:00,127.37,127.17614
2026-06-08 00:00:00,131.86,124.075005
2026-06-08 00:15:00,130.1,127.18022
2026-06-08 00:30:00,131.86,127.95801
2026-06-08 00:45:00,130.1,127.772606
2026-06-08 01:00:00,147.7,126.798836
2026-06-08 01:15:00,150.0,138.33295
2026-06-08 01:30:00,147.7,138.92038
2026-06-08 02:30:00,149.6,142.25418
2026-06-08 02:45:00,155.0,145.7026
2026-06-08 03:00:00,154.37,150.93797
2026-06-08 03:15:00,151.37,154.93791
2026-06-08 03:30:00,150.0,155.66821
2026-06-08 03:45:00,156.26,154.47133
2026-06-08 04:00:00,167.32,161.2041
2026-06-08 04:15:00,175.64,170.19664
2026-06-08 04:30:00,178.63,170.13736
2026-06-08 04:45:00,178.41,172.97148
2026-06-08 05:00:00,158.91,174.95645
2026-06-08 05:15:00,175.64,161.75021
2026-06-08 06:00:00,168.24,169.7603
2026-06-08 06:15:00,165.5,165.22006
2026-06-08 06:30:00,156.26,160.89449
2026-06-08 06:45:00,150.0,150.51741
2026-06-08 07:00:00,156.26,144.00177
2026-06-08 07:30:00,147.7,148.20032
2026-06-08 07:45:00,131.86,135.93729
2026-06-08 08:15:00,146.31,118.260864
2026-06-08 08:30:00,140.8,129.56606
2026-06-08 08:45:00,117.91,124.14925
2026-06-08 09:00:00,131.86,104.0445
2026-06-08 09:15:00,144.39,117.12448
2026-06-08 09:30:00,131.86,129.67946
2026-06-08 10:00:00,105.25,113.5337
2026-06-08 10:15:00,90.1,98.379845
2026-06-08 10:30:00,89.0,74.08895
2026-06-08 10:45:00,80.0,76.40199
2026-06-08 11:00:00,76.7,79.567154
2026-06-08 11:15:00,77.5,85.100784
2026-06-08 11:30:00,80.0,83.12013
2026-06-08 11:45:00,69.0,85.23108
2026-06-08 12:00:00,70.63,82.89341
2026-06-08 12:15:00,80.0,86.34713
2026-06-08 12:30:00,84.06,91.05654
2026-06-08 12:45:00,95.0,91.15136
2026-06-08 13:00:00,102.12,94.535
2026-06-08 13:15:00,111.87,100.671974
2026-06-08 13:45:00,114.54,111.268
2026-06-08 14:00:00,131.86,116.29757
2026-06-08 14:30:00,128.44,128.29382
2026-06-08 14:45:00,128.24,123.64671
2026-06-08 15:00:00,131.86,126.96821
2026-06-08 15:30:00,140.58,132.16536
2026-06-08 15:45:00,152.99,136.49654
2026-06-08 16:00:00,136.47,146.07904
2026-06-08 16:15:00,155.0,147.96068
2026-06-08 16:30:00,160.44,161.39194
2026-06-08 16:45:00,177.03,161.54594
2026-06-08 17:00:00,160.91,157.99734
2026-06-08 17:15:00,175.69,166.99217
2026-06-08 17:30:00,183.35,168.67789
2026-06-08 17:45:00,213.05,176.62721
2026-06-08 18:00:00,183.27,184.06955
2026-06-08 18:15:00,193.0,185.71948
2026-06-08 18:30:00,203.67,199.75645
2026-06-08 18:45:00,209.78,199.65088
2026-06-08 19:00:00,201.4,208.33655
2026-06-08 19:15:00,190.46,196.86746
2026-06-08 19:45:00,171.04,185.7675
2026-06-08 20:00:00,204.37,151.9882
2026-06-08 20:15:00,193.0,173.85544
2026-06-08 20:30:00,181.41,169.09474
2026-06-08 20:45:00,156.26,169.30945
2026-06-08 21:30:00,147.7,148.18726
2026-06-08 21:45:00,139.78,146.3843
2026-06-08 22:00:00,159.27,141.79398
2026-06-08 22:15:00,177.04,156.44815
2026-06-08 22:30:00,155.58,164.02843
2026-06-08 22:45:00,152.97,150.15433
2026-06-08 23:30:00,150.99,144.12419
2026-06-08 23:45:00,147.7,147.65257
2026-06-09 01:00:00,131.86,144.84879
2026-06-09 02:45:00,131.9,135.73874
2026-06-09 03:00:00,131.86,136.42941
2026-06-09 03:45:00,138.05,144.19823
2026-06-09 04:00:00,135.98,146.6655
2026-06-09 04:15:00,147.7,144.81892
2026-06-09 04:30:00,149.96,150.50723
2026-06-09 04:45:00,152.97,149.27759
2026-06-09 05:00:00,153.0,154.64072
2026-06-09 05:15:00,155.58,148.80658
2026-06-09 05:45:00,154.64,149.913
2026-06-09 06:00:00,155.58,148.91693
2026-06-09 06:15:00,152.97,148.6609
2026-06-09 06:30:00,150.0,143.16333
2026-06-09 06:45:00,147.7,136.45258
2026-06-09 07:00:00,152.97,141.02698
2026-06-09 07:15:00,145.0,139.13974
2026-06-09 07:30:00,131.86,134.05133
2026-06-09 07:45:00,130.3,123.06679
2026-06-09 08:00:00,131.86,119.36683
2026-06-09 08:15:00,140.92,117.64574
2026-06-09 08:30:00,131.27,126.99608
2026-06-09 08:45:00,116.35,115.83252
2026-06-09 09:00:00,127.82,110.33607
2026-06-09 09:15:00,131.86,112.10893
2026-06-09 09:45:00,128.86,113.52849
2026-06-09 10:00:00,131.86,107.69108
2026-06-09 10:15:00,125.46,114.04601
2026-06-09 10:30:00,119.35,109.94319
2026-06-09 10:45:00,110.0,105.11359
2026-06-09 11:00:00,108.93,110.299385
2026-06-09 11:15:00,119.06,102.5605
2026-06-09 11:30:00,120.0,109.86492
2026-06-09 11:45:00,127.0,111.828545
2026-06-09 12:00:00,118.76,121.496025
2026-06-09 12:15:00,128.01,117.89318
2026-06-09 12:30:00,123.7,122.33185
2026-06-09 12:45:00,131.86,123.51428
2026-06-09 13:45:00,140.0,128.94034
2026-06-09 14:00:00,144.0,134.98358
2026-06-09 14:15:00,147.7,135.2605
2026-06-09 14:30:00,148.09,146.41722
2026-06-09 14:45:00,152.97,141.55737
2026-06-09 15:00:00,147.15,146.38577
2026-06-09 15:15:00,147.7,143.18521
2026-06-09 15:30:00,149.9,142.32854
2026-06-09 15:45:00,152.97,146.18846
2026-06-09 16:00:00,147.7,155.64725
2026-06-09 16:15:00,152.69,146.82219
2026-06-09 16:30:00,155.58,155.65387
2026-06-09 16:45:00,161.53,163.20724
2026-06-09 17:00:00,159.13,165.44212
2026-06-09 17:15:00,171.11,168.67107
2026-06-09 17:30:00,174.78,175.9434
2026-06-09 17:45:00,200.0,176.72217
2026-06-09 18:00:00,189.0,186.09068
2026-06-09 18:15:00,191.75,184.02791
2026-06-09 18:30:00,200.0,187.25462
2026-06-09 19:15:00,190.46,194.77037
2026-06-09 19:45:00,175.53,181.9572
2026-06-09 20:00:00,190.46,151.45596
2026-06-09 20:15:00,189.56,164.43729
2026-06-09 20:30:00,165.57,164.2556
2026-06-09 20:45:00,152.97,160.38933
2026-06-09 21:00:00,190.46,145.60872
2026-06-09 21:15:00,165.0,165.4162
2026-06-09 21:30:00,152.97,157.4639
2026-06-09 22:00:00,158.2,145.76424
2026-06-09 23:00:00,151.79,147.66902
2026-06-09 23:15:00,145.03,146.8761
2026-06-09 23:30:00,158.2,142.37778
2026-06-09 23:45:00,143.5,151.49243
2026-06-10 00:00:00,155.0,140.4545
2026-06-10 00:15:00,155.6,150.3252
2026-06-10 00:30:00,152.0,149.93375
2026-06-10 00:45:00,155.0,146.51096
2026-06-10 01:00:00,143.21,149.34735
2026-06-10 01:15:00,145.0,140.32489
2026-06-10 01:30:00,139.5,142.90445
2026-06-10 02:00:00,134.54,142.1417
2026-06-10 02:30:00,133.21,139.51309
2026-06-10 02:45:00,134.54,137.64514
2026-06-10 03:00:00,130.88,138.8649
2026-06-10 03:15:00,129.0,145.52682
2026-06-10 03:45:00,136.31,142.76016
2026-06-10 04:00:00,138.98,148.81158
2026-06-10 04:15:00,143.83,152.16675
2026-06-10 04:30:00,155.0,149.37617
2026-06-10 04:45:00,158.2,154.34647
2026-06-10 05:30:00,158.43,150.83376
2026-06-10 05:45:00,158.2,151.80879
2026-06-10 06:00:00,160.66,150.85889
2026-06-10 06:15:00,158.43,156.30266
2026-06-10 06:30:00,158.2,145.81604
2026-06-10 07:00:00,160.66,149.93802
2026-06-10 07:15:00,158.43,156.9813
2026-06-10 07:30:00,158.2,149.70154
2026-06-10 07:45:00,157.0,149.57195
2026-06-10 08:00:00,158.2,150.85652
2026-06-10 08:15:00,153.45,148.46
2026-06-10 08:30:00,137.81,141.2726
2026-06-10 08:45:00,134.54,135.41579
2026-06-10 09:00:00,144.0,139.71892
2026-06-10 09:30:00,134.54,139.79147
2026-06-10 09:45:00,131.72,130.85687
2026-06-10 10:00:00,136.66,125.16624
2026-06-10 10:15:00,134.54,131.38849
2026-06-10 10:30:00,127.72,128.79245
2026-06-10 10:45:00,121.48,117.54034
2026-06-10 11:00:00,121.0,121.80121
2026-06-10 11:15:00,129.13,123.87171
2026-06-10 11:30:00,133.88,118.764885
2026-06-10 11:45:00,136.39,123.50085
2026-06-10 12:00:00,134.54,128.63557
2026-06-10 12:15:00,133.9,131.23666
2026-06-10 12:30:00,134.54,141.26678
2026-06-10 13:00:00,123.86,139.38432
2026-06-10 13:15:00,127.46,131.82372
2026-06-10 13:30:00,134.54,133.18906
2026-06-10 14:15:00,152.0,142.39789
2026-06-10 14:30:00,148.59,138.41423
2026-06-10 14:45:00,145.97,143.56293
2026-06-10 15:00:00,134.54,140.88678
2026-06-10 15:30:00,147.72,137.38174
2026-06-10 15:45:00,160.66,143.41064
2026-06-10 16:00:00,137.45,152.89064
2026-06-10 16:15:00,154.1,140.247
2026-06-10 16:30:00,158.2,153.99858
2026-06-10 16:45:00,160.66,166.26624
2026-06-10 17:00:00,158.2,153.54402
2026-06-10 17:15:00,160.86,164.78995
2026-06-10 17:30:00,171.0,172.85713
2026-06-10 17:45:00,178.98,177.64305
2026-06-10 18:00:00,168.0,178.72812
2026-06-10 18:15:00,174.17,177.8064
2026-06-10 18:30:00,189.1,178.02834
2026-06-10 18:45:00,188.73,186.54558
2026-06-10 19:00:00,190.46,184.64215
2026-06-10 19:15:00,170.46,187.02539
2026-06-10 19:30:00,168.36,175.25026
2026-06-10 19:45:00,163.14,173.0335
2026-06-10 20:00:00,165.17,148.53772
2026-06-10 20:15:00,158.43,160.04146
2026-06-10 20:30:00,158.2,147.67972
2026-06-10 20:45:00,139.0,144.73586
2026-06-10 21:00:00,158.2,141.08948
2026-06-10 21:15:00,144.0,146.40117
2026-06-10 21:30:00,140.17,142.61203
2026-06-10 21:45:00,134.54,136.0473
2026-06-10 22:00:00,132.15,139.44618
2026-06-10 23:15:00,129.21,135.1889
2026-06-10 23:30:00,132.15,130.06
2026-06-11 00:00:00,129.08,130.76682
2026-06-11 00:15:00,132.04,128.58542
2026-06-11 00:30:00,129.08,130.36362
2026-06-11 00:45:00,130.2,129.04936
2026-06-11 01:00:00,130.75,129.92828
2026-06-11 01:15:00,131.18,130.50122
2026-06-11 01:30:00,131.16,130.30392
2026-06-11 01:45:00,127.31,129.29156
2026-06-11 02:15:00,132.15,128.27664
2026-06-11 03:00:00,134.64,133.37343
2026-06-11 03:15:00,132.15,143.94366
2026-06-11 04:00:00,151.0,143.90565
2026-06-11 04:15:00,157.8,154.11862
2026-06-11 04:45:00,161.5,150.8683
2026-06-11 05:00:00,157.8,151.56406
2026-06-11 05:30:00,158.5,151.48653
2026-06-11 05:45:00,161.5,150.15248
2026-06-11 06:00:00,161.16,159.46028
2026-06-11 06:15:00,161.5,158.4347
2026-06-11 06:30:00,157.8,150.77213
2026-06-11 06:45:00,153.0,147.92125
2026-06-11 07:00:00,149.0,145.74643
2026-06-11 07:15:00,148.08,142.88051
2026-06-11 07:30:00,130.2,140.2066
2026-06-11 08:00:00,132.15,128.51405
2026-06-11 08:30:00,125.38,128.93004
2026-06-11 08:45:00,123.52,123.21692
2026-06-11 09:00:00,115.82,122.674385
2026-06-11 09:15:00,121.09,113.2928
2026-06-11 09:30:00,112.16,110.88778
2026-06-11 09:45:00,110.34,102.62388
2026-06-11 10:00:00,100.0,98.58282
2026-06-11 10:15:00,72.5,91.00182
2026-06-11 10:30:00,65.53,65.084
2026-06-11 10:45:00,60.0,63.458057
2026-06-11 11:00:00,64.36,70.3099
2026-06-11 11:15:00,60.0,73.47802
2026-06-11 11:30:00,61.0,73.183495
2026-06-11 12:15:00,64.3,75.259224
2026-06-11 12:30:00,70.0,77.77476
2026-06-11 12:45:00,66.2,84.6281
2026-06-11 13:00:00,71.0,85.85745
2026-06-11 13:15:00,72.8,87.13915
2026-06-11 13:30:00,90.0,89.53493
2026-06-11 14:00:00,101.98,95.921745
2026-06-11 14:15:00,110.8,103.004074
2026-06-11 14:30:00,112.96,109.569565
2026-06-11 14:45:00,119.97,115.23996
2026-06-11 15:00:00,112.96,119.04043
2026-06-11 15:30:00,123.65,120.87515
2026-06-11 15:45:00,132.15,129.68529
2026-06-11 16:00:00,130.86,139.86694
2026-06-11 16:15:00,127.2,138.86882
2026-06-11 16:30:00,132.15,138.64618
2026-06-11 16:45:00,157.8,144.27129
2026-06-11 17:00:00,156.95,155.2448
2026-06-11 17:15:00,159.81,162.18471
2026-06-11 17:30:00,161.5,161.13136
2026-06-11 17:45:00,174.0,170.76752
2026-06-11 18:00:00,164.05,174.10068
2026-06-11 18:15:00,167.3,173.20525
2026-06-11 18:30:00,174.0,173.04216
2026-06-11 18:45:00,172.13,178.15462
2026-06-11 19:00:00,168.86,171.58044
2026-06-11 19:15:00,164.08,168.46625
2026-06-11 19:30:00,160.95,170.24078
2026-06-11 19:45:00,158.84,159.88025
2026-06-11 20:00:00,157.84,143.49098
2026-06-11 20:15:00,153.46,141.38185
2026-06-11 20:30:00,151.8,139.25209
2026-06-11 20:45:00,132.15,139.9474
2026-06-11 21:00:00,151.0,132.95465
2026-06-11 21:15:00,132.15,141.0006
2026-06-11 21:45:00,126.31,131.75415
2026-06-11 22:00:00,144.59,131.18791
2026-06-11 22:15:00,155.03,143.7897
2026-06-11 22:30:00,132.49,148.81326
2026-06-11 23:30:00,131.1,132.1024
2026-06-12 00:30:00,130.35,137.19225
2026-06-12 00:45:00,127.85,133.55121
2026-06-12 01:00:00,131.67,128.24382
2026-06-12 01:15:00,131.1,130.78226
2026-06-12 01:30:00,129.78,132.56104
2026-06-12 01:45:00,127.85,131.16408
2026-06-12 02:00:00,130.26,129.57608
2026-06-12 02:15:00,127.85,130.52057
2026-06-12 02:30:00,130.81,128.9313
2026-06-12 02:45:00,131.48,129.9862
2026-06-12 03:00:00,132.49,129.66531
2026-06-12 03:15:00,131.1,141.95137
2026-06-12 03:30:00,127.85,142.7966
2026-06-12 03:45:00,131.75,138.32199
2026-06-12 04:00:00,131.6,140.70763
2026-06-12 04:15:00,135.7,143.05266
2026-06-12 04:30:00,137.8,140.83354
2026-06-12 04:45:00,148.87,142.61038
2026-06-12 05:00:00,140.0,145.69403
2026-06-12 05:15:00,145.54,137.29167
2026-06-12 05:30:00,141.97,143.52261
2026-06-12 05:45:00,132.49,143.30817
2026-06-12 06:00:00,174.8,129.02412
2026-06-12 06:15:00,162.08,154.91328
2026-06-12 06:30:00,155.0,144.75739
2026-06-12 06:45:00,132.49,138.22797
2026-06-12 07:00:00,175.84,138.28831
2026-06-12 07:15:00,162.08,158.76529
2026-06-12 07:30:00,141.89,146.68881
2026-06-12 07:45:00,132.49,126.9247
2026-06-12 08:30:00,131.75,135.99225
2026-06-12 08:45:00,131.6,129.59613
2026-06-12 09:00:00,132.49,119.36301
2026-06-12 09:45:00,122.93,123.23687
2026-06-12 10:00:00,93.52,110.94028
2026-06-12 10:15:00,88.79,80.2344
2026-06-12 10:30:00,91.29,70.992355
2026-06-12 10:45:00,89.31,77.90857
2026-06-12 11:00:00,81.0,78.24509
2026-06-12 11:15:00,81.19,73.08579
2026-06-12 11:30:00,80.0,79.897194
2026-06-12 11:45:00,74.59,77.26307
2026-06-12 12:00:00,72.3,80.13974
2026-06-12 12:15:00,71.66,80.70107
2026-06-12 12:30:00,72.44,82.07799
2026-06-12 12:45:00,80.0,79.341354
2026-06-12 13:00:00,60.79,85.70796
2026-06-12 13:15:00,59.34,75.90621
2026-06-12 13:30:00,67.08,68.75189
2026-06-12 13:45:00,72.33,84.76539
2026-06-12 14:00:00,62.52,90.051895
2026-06-12 14:15:00,74.45,79.35886
2026-06-12 14:30:00,84.24,93.730446
2026-06-12 14:45:00,100.84,97.5769
2026-06-12 15:00:00,70.8,109.28677
2026-06-12 15:15:00,86.65,96.67988
2026-06-12 15:30:00,97.0,103.37704
2026-06-12 15:45:00,112.36,108.403
2026-06-12 16:00:00,103.04,119.97297
2026-06-12 16:15:00,113.87,116.636604
2026-06-12 16:30:00,132.49,126.017426
2026-06-12 16:45:00,155.03,143.34229
2026-06-12 17:00:00,132.49,157.1482
2026-06-12 17:15:00,139.81,156.23209
2026-06-12 17:30:00,154.5,147.7303
2026-06-12 17:45:00,162.08,168.17448
2026-06-12 18:00:00,156.94,158.7089
2026-06-12 18:15:00,162.44,160.2017
2026-06-12 18:30:00,164.7,168.1619
2026-06-12 18:45:00,165.45,170.40483
2026-06-12 19:00:00,173.98,162.01227
2026-06-12 19:15:00,162.08,167.92177
2026-06-12 19:30:00,155.72,155.0668
2026-06-12 19:45:00,156.32,152.94554
2026-06-12 20:00:00,165.08,146.5476
2026-06-12 20:15:00,161.61,151.2628
2026-06-12 20:30:00,155.03,144.30414
2026-06-12 21:00:00,155.35,135.7079
2026-06-12 21:15:00,145.0,144.86891
2026-06-12 21:30:00,138.88,139.91132
2026-06-12 21:45:00,135.0,132.81927
2026-06-12 22:00:00,150.0,140.29208
2026-06-12 22:15:00,158.0,142.36037
2026-06-12 22:30:00,149.0,146.30936
2026-06-12 22:45:00,146.71,141.29584
2026-06-12 23:15:00,132.49,140.55367
2026-06-12 23:30:00,122.66,131.61774
2026-06-13 00:15:00,131.4,127.92139
2026-06-13 00:30:00,130.35,128.03003
2026-06-13 00:45:00,135.99,126.95414
2026-06-13 01:00:00,132.56,130.09566
2026-06-13 01:15:00,126.26,127.55123
2026-06-13 01:30:00,128.6,125.72715
2026-06-13 01:45:00,132.98,126.738
2026-06-13 02:00:00,122.66,129.76224
2026-06-13 03:00:00,129.29,124.744514
2026-06-13 03:15:00,122.66,134.47871
2026-06-13 03:45:00,120.1,134.5478
2026-06-13 04:00:00,122.66,126.461334
2026-06-13 04:15:00,129.29,130.37234
2026-06-13 04:30:00,122.66,131.92023
2026-06-13 05:00:00,146.71,122.896065
2026-06-13 05:15:00,135.81,137.82697
2026-06-13 05:30:00,122.66,130.56735
2026-06-13 05:45:00,115.22,117.25914
2026-06-13 06:00:00,143.0,125.11896
2026-06-13 06:15:00,122.66,130.54425
2026-06-13 06:30:00,63.4,116.83976
2026-06-13 06:45:00,30.94,40.912907
2026-06-13 07:00:00,124.95,40.793674
2026-06-13 07:15:00,113.9,114.34115
2026-06-13 07:30:00,78.17,103.56951
2026-06-13 07:45:00,45.0,55.269974
2026-06-13 08:00:00,40.0,34.95649
2026-06-13 08:15:00,30.0,27.238443
2026-06-13 08:30:00,18.99,24.59047
2026-06-13 08:45:00,20.0,19.21186
2026-06-13 09:00:00,13.2,19.876251
2026-06-13 09:15:00,5.0,15.018097
2026-06-13 09:45:00,28.0,12.293753
2026-06-13 10:00:00,2.5,24.631659
2026-06-13 10:15:00,1.0,7.2181244
2026-06-13 10:30:00,0.49,7.934151
2026-06-13 10:45:00,5.0,10.148254
2026-06-13 11:00:00,15.0,9.042456
2026-06-13 11:15:00,18.99,16.814184
2026-06-13 11:30:00,15.99,20.779583
2026-06-13 11:45:00,18.99,14.649975
2026-06-13 12:00:00,23.0,19.620592
2026-06-13 12:15:00,13.0,20.450634
2026-06-13 12:30:00,23.58,17.603247
2026-06-13 12:45:00,30.0,22.408716
2026-06-13 13:00:00,4.0,30.570236
2026-06-13 13:15:00,5.0,12.318697
2026-06-13 13:30:00,30.0,11.379577
2026-06-13 13:45:00,32.52,31.754072
2026-06-13 14:00:00,1.0,46.092175
2026-06-13 14:15:00,5.0,14.877959
2026-06-13 14:30:00,10.0,27.818369
2026-06-13 14:45:00,24.0,28.964888
2026-06-13 15:00:00,10.0,76.86906
2026-06-13 15:15:00,28.88,53.132378
2026-06-13 15:30:00,61.6,81.6139
2026-06-13 15:45:00,99.52,99.10385
2026-06-13 16:00:00,100.0,111.67944
2026-06-13 16:15:00,109.77,116.40102
2026-06-13 16:30:00,142.49,119.29759
2026-06-13 16:45:00,155.72,141.7184
2026-06-13 17:00:00,140.5,158.86165
2026-06-13 17:15:00,147.17,156.80618
2026-06-13 17:30:00,164.5,159.96596
2026-06-13 17:45:00,162.58,172.70845
2026-06-13 18:00:00,166.94,168.54971
2026-06-13 18:15:00,150.87,166.53455
2026-06-13 18:30:00,156.5,156.2627
2026-06-13 18:45:00,169.37,167.53375
2026-06-13 19:00:00,165.9,162.30612
2026-06-13 19:15:00,163.66,157.0531
2026-06-13 19:45:00,161.46,157.0315
2026-06-13 20:00:00,156.09,142.46982
2026-06-13 20:15:00,149.68,139.61464
2026-06-13 20:30:00,149.08,137.40073
2026-06-13 20:45:00,146.71,139.10558
2026-06-13 21:00:00,161.5,141.837
2026-06-13 21:15:00,156.0,143.63379
2026-06-13 21:30:00,146.71,143.0905
2026-06-13 22:00:00,144.49,142.38292
2026-06-13 22:15:00,146.0,144.5844
2026-06-13 22:30:00,148.92,145.33617
2026-06-13 22:45:00,144.49,141.34038
2026-06-13 23:00:00,146.0,137.88768
2026-06-13 23:15:00,144.49,139.51831
2026-06-13 23:30:00,143.39,138.89465
2026-06-13 23:45:00,142.25,136.61775
2026-06-14 00:00:00,141.5,138.26305
2026-06-14 00:15:00,129.83,137.23183
2026-06-14 00:30:00,125.52,129.84247
2026-06-14 00:45:00,123.55,129.32906
2026-06-14 01:30:00,124.0,130.19455
2026-06-14 01:45:00,123.55,123.81676
2026-06-14 02:15:00,120.41,121.94644
2026-06-14 02:30:00,123.55,121.900406
2026-06-14 03:00:00,132.8,124.93718
2026-06-14 03:15:00,123.55,134.3326
2026-06-14 03:45:00,120.1,128.04413
2026-06-14 04:00:00,124.12,123.85283
2026-06-14 04:15:00,132.39,133.73804
2026-06-14 04:30:00,140.34,134.0572
2026-06-14 04:45:00,123.55,139.14827
2026-06-14 05:00:00,146.24,123.88856
2026-06-14 05:15:00,136.31,145.15489
2026-06-14 05:30:00,123.55,130.93884
2026-06-14 05:45:00,114.3,120.00073
2026-06-14 06:00:00,143.5,118.51738
2026-06-14 06:15:00,123.55,135.41211
2026-06-14 06:30:00,93.4,113.99975
2026-06-14 06:45:00,123.55,78.097496
2026-06-14 07:30:00,90.0,109.3145
2026-06-14 07:45:00,54.99,67.01398
2026-06-14 08:00:00,50.0,49.29552
2026-06-14 08:15:00,30.99,36.3918
2026-06-14 08:30:00,31.0,19.505291
2026-06-14 08:45:00,30.0,25.03586
2026-06-14 09:00:00,10.0,25.042566
2026-06-14 10:15:00,5.0,10.843228
2026-06-14 10:30:00,3.6,4.8254957
2026-06-14 10:45:00,10.0,7.0430403
2026-06-14 11:15:00,5.0,6.947019
2026-06-14 11:30:00,2.5,9.099378
2026-06-14 11:45:00,2.49,7.347011
2026-06-14 12:00:00,2.5,8.1481695
2026-06-14 12:30:00,3.34,9.022332
2026-06-14 12:45:00,4.02,8.775717
2026-06-14 13:00:00,2.03,6.867644
2026-06-14 13:15:00,1.49,10.149852
2026-06-14 13:30:00,2.5,8.612918
2026-06-14 14:00:00,0.0,18.507036
2026-06-14 14:30:00,0.01,19.974394
2026-06-14 14:45:00,1.0,18.965014
2026-06-14 15:00:00,5.0,53.10123
2026-06-14 15:15:00,20.0,60.54909
2026-06-14 15:30:00,35.0,85.88091
2026-06-14 15:45:00,94.93,83.83584
2026-06-14 16:00:00,44.87,110.02959
2026-06-14 16:15:00,108.74,93.18885
2026-06-14 16:30:00,134.4,120.45298
2026-06-14 16:45:00,144.49,134.49634
2026-06-14 17:00:00,130.0,142.19846
2026-06-14 17:15:00,147.67,147.5577
2026-06-14 17:30:00,155.72,159.48398
2026-06-14 17:45:00,150.94,171.35437
2026-06-14 18:00:00,144.49,160.1439
2026-06-14 18:15:00,144.78,155.11032
2026-06-14 18:30:00,148.92,155.8502
2026-06-14 19:00:00,144.49,145.81667
2026-06-14 19:15:00,146.05,148.0361
2026-06-14 19:30:00,144.55,145.54723
2026-06-14 19:45:00,144.4,147.5558
2026-06-14 20:00:00,137.07,143.87924
2026-06-14 20:15:00,133.35,135.01785
2026-06-14 20:30:00,140.4,133.98901
2026-06-14 20:45:00,141.0,137.14293
2026-06-14 21:00:00,144.49,133.2966
2026-06-14 21:30:00,126.71,135.05035
2026-06-14 21:45:00,123.55,128.88397
2026-06-14 22:00:00,125.77,126.61452
2026-06-14 23:15:00,119.96,124.64657
2026-06-14 23:45:00,107.55,115.43056
2026-06-15 00:00:00,110.9,107.17773
2026-06-15 00:15:00,112.65,111.95146
2026-06-15 00:30:00,123.49,110.42392
2026-06-15 00:45:00,123.48,118.15127
2026-06-15 01:00:00,122.75,117.91193
2026-06-15 01:15:00,125.77,117.87784
2026-06-15 01:30:00,119.96,122.54152
2026-06-15 02:00:00,118.55,118.28773
2026-06-15 02:15:00,119.96,118.85691
2026-06-15 02:30:00,125.77,119.88397
2026-06-15 03:00:00,122.75,128.13779
2026-06-15 03:15:00,125.71,131.1319
2026-06-15 03:30:00,125.77,134.54137
2026-06-15 04:00:00,132.89,136.1481
2026-06-15 04:15:00,148.84,139.74571
2026-06-15 05:30:00,157.03,144.033
2026-06-15 05:45:00,149.15,145.63843
2026-06-15 06:00:00,151.69,141.47734
2026-06-15 06:15:00,157.05,147.73872
2026-06-15 06:30:00,155.1,149.68051
2026-06-15 06:45:00,148.84,145.53795
2026-06-15 07:00:00,157.05,142.06451
2026-06-15 07:15:00,155.0,149.298
2026-06-15 07:30:00,144.0,142.70998
2026-06-15 07:45:00,132.0,131.47452
2026-06-15 08:00:00,139.35,129.37679
2026-06-15 08:15:00,125.77,127.162384
2026-06-15 08:45:00,107.22,110.61738
2026-06-15 09:00:00,107.44,97.98366
2026-06-15 09:15:00,106.66,97.69618
2026-06-15 09:30:00,97.44,97.94959
2026-06-15 09:45:00,76.0,88.72354
2026-06-15 10:00:00,69.5,67.06287
2026-06-15 10:15:00,61.0,62.641933
2026-06-15 10:30:00,60.0,66.118324
2026-06-15 11:00:00,69.92,69.96879
2026-06-15 11:15:00,86.93,65.9142
2026-06-15 11:30:00,103.68,81.47265
2026-06-15 12:00:00,110.83,87.5279
2026-06-15 12:15:00,114.72,96.83103
2026-06-15 12:30:00,118.0,106.1978
2026-06-15 12:45:00,124.0,114.84278
2026-06-15 13:00:00,125.0,117.83205
2026-06-15 13:15:00,125.77,117.77708
2026-06-15 13:45:00,130.0,126.09288
2026-06-15 14:00:00,125.77,129.59554
2026-06-15 14:15:00,130.0,127.49601
2026-06-15 14:30:00,136.99,131.45447
2026-06-15 14:45:00,148.84,135.90988
2026-06-15 15:00:00,125.77,139.92503
2026-06-15 15:15:00,130.0,128.48341
2026-06-15 15:30:00,148.84,133.97536
2026-06-15 15:45:00,155.39,153.82336
2026-06-15 16:00:00,132.88,154.93445
2026-06-15 16:15:00,142.51,147.08185
2026-06-15 16:30:00,149.0,154.67851
2026-06-15 16:45:00,157.05,161.50264
2026-06-15 17:00:00,148.84,161.64313
2026-06-15 17:15:00,152.34,158.4302
2026-06-15 17:30:00,158.26,167.66435
2026-06-15 17:45:00,172.99,166.53235
2026-06-15 18:00:00,157.05,163.27858
2026-06-15 18:15:00,162.48,165.95062
2026-06-15 18:30:00,165.77,167.30621
2026-06-15 18:45:00,171.87,160.83638
2026-06-15 19:00:00,162.78,160.92404
2026-06-15 19:15:00,160.0,149.42075
2026-06-15 19:30:00,165.21,149.16238
2026-06-15 19:45:00,152.64,157.14601
2026-06-15 20:00:00,162.7,142.23866
2026-06-15 20:15:00,155.89,141.28436
2026-06-15 20:30:00,155.08,143.55302
2026-06-15 20:45:00,148.84,142.23268
2026-06-15 21:00:00,156.57,140.83406
2026-06-15 21:15:00,148.84,140.95479
2026-06-15 21:30:00,140.0,141.7141
2026-06-15 21:45:00,127.89,133.55943
2026-06-15 22:00:00,136.21,133.45006
2026-06-15 22:15:00,136.0,133.65358
2026-06-15 22:45:00,135.26,131.05226
2026-06-15 23:00:00,125.66,126.75622
2026-06-16 01:00:00,122.26,125.568275
2026-06-16 01:15:00,121.6,121.97444
2026-06-16 01:30:00,123.47,121.01982
2026-06-16 01:45:00,123.45,120.46338
2026-06-16 02:00:00,121.6,121.23589
2026-06-16 03:30:00,122.96,132.386
2026-06-16 03:45:00,122.08,134.16681
2026-06-16 04:00:00,133.39,134.20166
2026-06-16 04:15:00,145.1,141.97974
2026-06-16 04:30:00,147.2,148.78604
2026-06-16 04:45:00,144.0,148.84615
2026-06-16 05:00:00,138.99,146.6599
2026-06-16 05:15:00,133.31,141.04312
2026-06-16 05:30:00,137.03,138.63683
2026-06-16 05:45:00,125.66,136.6343
2026-06-16 06:00:00,145.1,127.0421
2026-06-16 06:15:00,137.05,136.41635
2026-06-16 06:30:00,135.0,125.106476
2026-06-16 06:45:00,125.66,122.16429
2026-06-16 07:00:00,146.5,122.81564
2026-06-16 07:15:00,138.2,132.39116
2026-06-16 07:30:00,125.66,123.036545
2026-06-16 07:45:00,125.0,116.73359
2026-06-16 08:00:00,139.85,120.04463
2026-06-16 08:15:00,125.66,127.2369
2026-06-16 08:45:00,119.53,116.0266
2026-06-16 09:00:00,125.66,109.22572
2026-06-16 09:15:00,127.0,120.97093
2026-06-16 09:30:00,125.66,112.604095
2026-06-16 09:45:00,124.97,112.19708
2026-06-16 10:00:00,115.76,110.022606
2026-06-16 10:15:00,109.83,107.72461
2026-06-16 10:30:00,108.97,103.026115
2026-06-16 10:45:00,106.03,99.77772
2026-06-16 11:00:00,110.68,100.780685
2026-06-16 11:15:00,111.5,105.587524
2026-06-16 11:30:00,117.5,105.56372
2026-06-16 11:45:00,120.32,110.9948
2026-06-16 12:00:00,125.66,120.16593
2026-06-16 12:15:00,129.25,123.661026
2026-06-16 12:30:00,125.66,125.799675
2026-06-16 12:45:00,128.0,124.80433
2026-06-16 13:00:00,105.33,128.04663
2026-06-16 13:15:00,115.03,113.20529
2026-06-16 13:30:00,125.66,118.244514
2026-06-16 14:00:00,123.0,127.25182
2026-06-16 14:15:00,118.65,122.01603
2026-06-16 14:30:00,125.66,121.56394
2026-06-16 15:00:00,125.11,130.86807
2026-06-16 15:15:00,125.66,133.51865
2026-06-16 15:30:00,128.94,135.55904
2026-06-16 15:45:00,137.49,136.19794
2026-06-16 16:00:00,124.0,140.58841
2026-06-16 16:15:00,128.85,130.49478
2026-06-16 16:30:00,135.51,135.34103
2026-06-16 16:45:00,148.0,145.79369
2026-06-16 17:00:00,147.2,153.32224
2026-06-16 17:15:00,152.0,152.2715
2026-06-16 17:30:00,157.14,153.96893
2026-06-16 17:45:00,168.13,165.64178
2026-06-16 18:00:00,163.92,166.86838
2026-06-16 18:15:00,166.26,172.30339
2026-06-16 18:30:00,172.64,172.11023
2026-06-16 18:45:00,180.06,173.0986
2026-06-16 19:00:00,176.6,171.46854
2026-06-16 19:15:00,172.56,171.05489
2026-06-16 19:30:00,165.92,172.44571
2026-06-16 19:45:00,163.0,169.3775
2026-06-16 20:00:00,162.72,147.26874
2026-06-16 20:15:00,155.1,148.5976
2026-06-16 20:30:00,153.99,141.55759
2026-06-16 20:45:00,147.2,140.2429
2026-06-16 21:00:00,151.64,142.41368
2026-06-16 21:15:00,147.2,139.91292
2026-06-16 21:30:00,139.27,141.3555
2026-06-16 21:45:00,133.0,131.26245
2026-06-16 22:00:00,148.08,132.66258
2026-06-16 22:15:00,145.5,139.22804
2026-06-16 22:30:00,142.36,137.532
2026-06-16 22:45:00,135.06,133.90218
2026-06-16 23:00:00,145.5,133.08812
2026-06-16 23:15:00,140.0,138.02643
2026-06-16 23:30:00,139.0,131.09418
2026-06-16 23:45:00,131.37,130.07683
2026-06-17 00:00:00,132.55,127.14587
2026-06-17 00:15:00,129.22,126.93779
2026-06-17 00:30:00,129.26,123.93014
2026-06-17 00:45:00,129.36,123.9212
2026-06-17 01:00:00,128.93,124.17886
2026-06-17 01:15:00,127.72,123.36791
2026-06-17 01:30:00,129.15,121.93714
2026-06-17 01:45:00,128.28,122.76294
2026-06-17 02:00:00,126.52,122.00155
2026-06-17 02:15:00,129.21,121.86751
2026-06-17 02:30:00,129.18,122.31179
2026-06-17 02:45:00,130.3,122.81263
2026-06-17 03:00:00,134.53,129.14258
2026-06-17 03:15:00,128.47,140.34785
2026-06-17 03:30:00,128.9,134.74565
2026-06-17 03:45:00,132.0,136.6745
2026-06-17 04:00:00,143.0,141.68208
2026-06-17 04:15:00,148.03,147.49596
2026-06-17 04:30:00,146.8,149.10152
2026-06-17 04:45:00,149.3,146.77286
2026-06-17 05:00:00,155.22,143.90187
2026-06-17 05:45:00,152.76,148.92822
2026-06-17 06:15:00,150.5,142.88287
2026-06-17 06:30:00,145.5,138.03394
2026-06-17 06:45:00,138.56,134.97276
2026-06-17 07:00:00,129.89,131.05418
2026-06-17 07:15:00,121.76,128.15233
2026-06-17 07:45:00,111.15,122.60085
2026-06-17 08:00:00,119.85,111.85353
2026-06-17 08:15:00,112.83,111.83038
2026-06-17 08:30:00,118.9,107.685486
2026-06-17 08:45:00,111.56,111.4592
2026-06-17 09:00:00,121.76,104.120514
2026-06-17 09:15:00,125.0,113.529884
2026-06-17 09:30:00,121.76,114.97464
2026-06-17 09:45:00,120.0,109.881645
2026-06-17 10:00:00,104.45,108.78629
2026-06-17 10:15:00,111.48,99.118416
2026-06-17 10:30:00,104.45,104.626724
2026-06-17 10:45:00,103.52,98.389175
2026-06-17 11:00:00,115.0,97.07229
2026-06-17 11:15:00,104.29,109.54682
2026-06-17 11:30:00,111.04,99.450066
2026-06-17 11:45:00,112.37,106.66027
2026-06-17 12:00:00,105.66,111.572845
2026-06-17 12:15:00,110.86,105.26855
2026-06-17 12:30:00,115.0,108.73796
2026-06-17 12:45:00,119.86,115.93145
2026-06-17 13:00:00,121.76,119.82856
2026-06-17 13:30:00,126.16,124.09791
2026-06-17 13:45:00,140.0,125.64628
2026-06-17 14:00:00,130.0,138.83545
2026-06-17 14:45:00,130.4,130.67853
2026-06-17 15:00:00,121.76,131.68764
2026-06-17 15:30:00,132.74,128.71492
2026-06-17 15:45:00,136.26,143.63168
2026-06-17 16:00:00,120.06,147.41032
2026-06-17 16:15:00,128.07,132.2755
2026-06-17 16:30:00,134.85,139.86151
2026-06-17 16:45:00,147.24,146.86621
2026-06-17 17:00:00,144.0,152.90439
2026-06-17 17:15:00,145.5,155.76765
2026-06-17 17:30:00,152.76,153.48346
2026-06-17 17:45:00,164.33,160.52956
2026-06-17 18:00:00,154.59,168.31375
2026-06-17 18:15:00,160.0,162.83261
2026-06-17 18:30:00,176.7,168.75627
2026-06-17 18:45:00,177.51,172.17734
2026-06-17 19:00:00,176.6,166.38971
2026-06-17 19:15:00,170.96,168.36385
2026-06-17 19:30:00,161.49,168.13187
2026-06-17 19:45:00,152.76,158.22325
2026-06-17 20:00:00,171.0,142.58223
2026-06-17 20:15:00,160.78,156.52519
2026-06-17 20:30:00,154.54,144.75787
2026-06-17 20:45:00,148.12,141.53506
2026-06-17 21:00:00,152.77,147.96562
2026-06-17 21:15:00,146.46,140.76686
2026-06-17 21:30:00,139.55,140.89731
2026-06-17 21:45:00,135.05,131.55864
2026-06-17 22:00:00,145.13,136.33534
2026-06-17 22:15:00,143.78,138.39616
2026-06-17 22:45:00,132.26,136.17432
2026-06-17 23:00:00,143.78,125.74664
2026-06-17 23:15:00,139.0,134.27934
2026-06-17 23:30:00,125.85,130.71619
2026-06-17 23:45:00,131.37,119.511024
2026-06-18 00:00:00,143.78,124.1891
2026-06-18 00:15:00,140.0,134.88611
2026-06-18 00:30:00,139.37,128.9601
2026-06-18 00:45:00,132.26,130.31155
2026-06-18 01:00:00,130.0,126.86334
2026-06-18 01:15:00,134.24,125.784195
2026-06-18 01:30:00,130.0,129.43202
2026-06-18 01:45:00,128.25,126.321266
2026-06-18 02:00:00,134.12,125.38279
2026-06-18 02:15:00,132.0,131.3285
2026-06-18 02:30:00,126.96,130.04544
2026-06-18 02:45:00,127.32,124.5962
2026-06-18 03:00:00,134.31,130.44864
2026-06-18 03:15:00,130.5,143.63466
2026-06-18 03:30:00,126.59,139.95029
2026-06-18 03:45:00,129.0,135.62744
2026-06-18 04:00:00,133.02,138.67596
2026-06-18 04:15:00,143.78,143.07129
2026-06-18 06:15:00,139.0,137.57414
2026-06-18 06:30:00,130.5,124.28599
2026-06-18 06:45:00,120.3,118.151924
2026-06-18 07:00:00,138.18,120.65883
2026-06-18 07:15:00,140.0,123.26903
2026-06-18 07:30:00,132.26,126.08419
2026-06-18 07:45:00,120.3,123.36292
2026-06-18 08:00:00,143.78,117.12674
2026-06-18 08:15:00,134.54,130.79156
2026-06-18 08:30:00,121.78,127.513245
2026-06-18 08:45:00,120.3,115.09058
2026-06-18 10:00:00,115.89,116.729935
2026-06-18 10:15:00,113.53,112.516205
2026-06-18 10:30:00,102.3,106.53763
2026-06-18 10:45:00,104.02,96.70489
2026-06-18 11:00:00,108.08,99.632065
2026-06-18 11:15:00,107.13,104.04558
2026-06-18 11:30:00,108.1,104.00413
2026-06-18 11:45:00,115.13,104.852905
2026-06-18 12:00:00,120.06,113.52767
2026-06-18 12:15:00,120.3,119.969826
2026-06-18 12:30:00,119.81,120.657906
2026-06-18 12:45:00,120.1,120.04936
2026-06-18 13:00:00,120.3,121.79555
2026-06-18 13:30:00,127.9,122.78765
2026-06-18 13:45:00,135.54,130.13554
2026-06-18 14:00:00,124.53,137.85168
2026-06-18 14:15:00,138.55,129.45483
2026-06-18 14:30:00,143.78,136.12212
2026-06-18 15:15:00,150.0,141.6873
2026-06-18 15:30:00,153.41,144.8867
2026-06-18 15:45:00,153.44,148.01381
2026-06-18 16:00:00,153.41,150.17924
2026-06-18 16:15:00,153.44,147.03616
2026-06-18 16:30:00,164.0,149.29169
2026-06-18 16:45:00,169.74,167.12994
2026-06-18 17:00:00,153.44,167.4556
2026-06-18 17:15:00,165.0,161.59796
2026-06-18 17:30:00,178.04,175.0736
2026-06-18 17:45:00,191.46,172.52995
2026-06-18 18:00:00,175.22,186.15918
2026-06-18 18:15:00,178.72,172.05312
2026-06-18 18:30:00,186.03,175.15343
2026-06-18 18:45:00,180.03,178.36713
2026-06-18 19:00:00,186.03,171.987
2026-06-18 19:15:00,178.72,176.62526
2026-06-18 19:30:00,175.22,174.9417
2026-06-18 19:45:00,164.0,164.89748
2026-06-18 20:00:00,176.99,148.17874
2026-06-18 20:15:00,173.78,150.44292
2026-06-18 20:30:00,167.44,151.49171
2026-06-18 20:45:00,154.51,156.72903
2026-06-18 21:00:00,168.85,143.02272
2026-06-18 21:15:00,154.51,155.6384
2026-06-18 21:30:00,150.98,142.90703
2026-06-18 21:45:00,143.78,140.37534
2026-06-18 22:00:00,148.23,140.6685
2026-06-18 22:15:00,143.82,142.50363
2026-06-18 22:30:00,141.6,139.74825
2026-06-18 22:45:00,135.0,133.67116
2026-06-18 23:00:00,143.82,130.91982
2026-06-18 23:15:00,141.6,137.04323
2026-06-18 23:30:00,137.58,135.27821
2026-06-18 23:45:00,137.0,129.38351
2026-06-19 00:00:00,141.6,132.25282
2026-06-19 00:30:00,138.54,136.00827
2026-06-19 00:45:00,135.94,131.30087
2026-06-19 01:00:00,141.6,132.13472
2026-06-19 01:15:00,140.0,136.01726
2026-06-19 01:30:00,136.98,134.55682
2026-06-19 01:45:00,134.94,132.21478
2026-06-19 02:00:00,135.0,133.71968
2026-06-19 02:15:00,133.84,132.7851
2026-06-19 02:30:00,131.51,132.50484
2026-06-19 02:45:00,131.13,128.73001
2026-06-19 03:00:00,132.04,130.59221
2026-06-19 03:15:00,131.0,140.97916
2026-06-19 03:30:00,125.73,139.96255
2026-06-19 03:45:00,131.63,137.12946
2026-06-19 04:00:00,128.33,140.01677
2026-06-19 04:15:00,140.0,135.80374
2026-06-19 04:30:00,141.25,141.71512
2026-06-19 04:45:00,141.6,144.74261
2026-06-19 05:15:00,138.53,137.80164
2026-06-19 05:30:00,141.6,135.74881
2026-06-19 05:45:00,133.96,139.05977
2026-06-19 06:00:00,141.6,132.74911
2026-06-19 06:15:00,136.14,135.00235
2026-06-19 06:30:00,127.99,128.60106
2026-06-19 06:45:00,119.11,115.1475
2026-06-19 07:00:00,132.6,119.80514
2026-06-19 07:15:00,140.15,124.07744
2026-06-19 07:30:00,119.11,123.25616
2026-06-19 07:45:00,116.74,111.83609
2026-06-19 08:00:00,136.57,111.225655
2026-06-19 08:15:00,119.11,126.50019
2026-06-19 08:45:00,118.78,109.22656
2026-06-19 09:00:00,118.48,112.58305
2026-06-19 09:15:00,114.83,113.96852
2026-06-19 09:45:00,109.38,109.88435
2026-06-19 10:00:00,113.17,102.53137
2026-06-19 10:15:00,108.94,105.37014
2026-06-19 10:30:00,107.62,101.24223
2026-06-19 10:45:00,108.94,97.26459
2026-06-19 11:00:00,106.0,102.706985
2026-06-19 11:15:00,108.79,101.15759
2026-06-19 11:30:00,114.27,101.17825
2026-06-19 11:45:00,115.12,108.47316
2026-06-19 12:00:00,118.01,111.5809
2026-06-19 12:15:00,117.0,117.760025
2026-06-19 12:30:00,118.0,119.81144
2026-06-19 12:45:00,118.87,121.582726
2026-06-19 13:00:00,119.11,122.58474
2026-06-19 13:15:00,119.78,122.391785
2026-06-19 13:30:00,125.2,122.477715
2026-06-19 13:45:00,138.31,128.66652
2026-06-19 14:00:00,119.11,140.11424
2026-06-19 14:30:00,141.6,124.81129
2026-06-19 15:00:00,132.48,142.03296
2026-06-19 15:15:00,141.6,140.67708
2026-06-19 15:30:00,142.1,144.12994
2026-06-19 15:45:00,143.82,147.75598
2026-06-19 16:00:00,135.91,150.89299
2026-06-19 16:15:00,141.6,145.52452
2026-06-19 16:30:00,148.23,148.44762
2026-06-19 16:45:00,155.0,150.88977
2026-06-19 17:00:00,148.86,159.02673
2026-06-19 17:15:00,154.16,154.94496
2026-06-19 17:30:00,169.92,162.20685
2026-06-19 17:45:00,191.46,171.87138
2026-06-19 18:00:00,169.07,183.08862
2026-06-19 18:15:00,170.18,168.4112
2026-06-19 18:30:00,180.57,173.7345
2026-06-19 18:45:00,178.7,182.08987
2026-06-19 19:15:00,177.02,173.80229
2026-06-19 19:30:00,167.38,171.31024
2026-06-19 19:45:00,156.9,166.2852
2026-06-19 20:00:00,168.1,141.86559
2026-06-19 20:15:00,159.83,154.1179
2026-06-19 20:30:00,150.05,141.1537
2026-06-19 20:45:00,145.93,138.32314
2026-06-19 21:00:00,148.85,140.8527
2026-06-19 21:15:00,143.82,140.13005
2026-06-19 21:30:00,141.6,140.28148
2026-06-19 21:45:00,129.53,136.4601
2026-06-19 22:00:00,144.08,132.78119
2026-06-19 22:15:00,148.78,139.37758
2026-06-19 22:30:00,140.0,141.84322
2026-06-19 22:45:00,133.0,132.0381
2026-06-19 23:00:00,140.0,130.2965
2026-06-19 23:15:00,139.78,133.51463
2026-06-19 23:30:00,133.0,131.4619
2026-06-20 00:15:00,132.65,128.20903
2026-06-20 01:00:00,133.0,128.4712
2026-06-20 02:00:00,132.22,129.06131
2026-06-20 02:30:00,130.78,130.34953
2026-06-20 03:00:00,132.22,128.40883
2026-06-20 03:15:00,130.78,138.3183
2026-06-20 03:45:00,126.62,134.99086
2026-06-20 04:00:00,130.78,134.20198
2026-06-20 04:30:00,129.1,133.3922
2026-06-20 04:45:00,129.74,129.64047
2026-06-20 05:00:00,122.63,128.2307
2026-06-20 05:15:00,114.91,121.66825
2026-06-20 05:30:00,114.49,114.50709
2026-06-20 06:30:00,118.0,109.60169
2026-06-20 06:45:00,129.99,111.083595
2026-06-20 07:00:00,130.78,123.132515
2026-06-20 07:15:00,131.73,123.36472
2026-06-20 07:30:00,130.78,121.81636
2026-06-20 08:00:00,129.74,121.64008
2026-06-20 08:15:00,124.99,120.99169
2026-06-20 08:30:00,114.49,115.72682
2026-06-20 09:00:00,99.08,110.01246
2026-06-20 09:15:00,105.88,80.06563
2026-06-20 09:30:00,109.64,94.719
2026-06-20 09:45:00,108.0,96.78084
2026-06-20 10:00:00,73.17,93.557144
2026-06-20 10:15:00,66.0,67.3163
2026-06-20 10:30:00,65.33,63.14406
2026-06-20 10:45:00,58.0,65.403435
2026-06-20 11:00:00,50.0,59.67522
2026-06-20 11:30:00,54.8,57.558556
2026-06-20 11:45:00,67.0,62.795662
2026-06-20 12:00:00,76.26,75.337364
2026-06-20 12:15:00,77.0,70.72797
2026-06-20 12:30:00,84.5,82.57485
2026-06-20 12:45:00,87.96,84.8926
2026-06-20 13:00:00,95.18,85.266014
2026-06-20 13:15:00,85.31,92.831894
2026-06-20 13:30:00,101.24,86.11866
2026-06-20 13:45:00,94.5,95.40164
2026-06-20 14:00:00,114.49,100.677635
2026-06-20 14:30:00,120.72,110.499176
2026-06-20 14:45:00,129.74,120.482315
2026-06-20 15:15:00,127.75,125.52634
2026-06-20 15:30:00,130.69,123.96072
2026-06-20 15:45:00,132.22,128.56429
2026-06-20 16:00:00,130.0,135.15128
2026-06-20 16:15:00,130.78,138.42044
2026-06-20 16:30:00,132.65,135.34029
2026-06-20 16:45:00,153.73,141.46259
2026-06-20 17:00:00,134.3,157.44731
2026-06-20 17:15:00,154.81,146.85002
2026-06-20 17:45:00,163.72,160.7109
2026-06-20 18:00:00,154.29,171.31027
2026-06-20 18:15:00,156.28,160.92828
2026-06-20 18:30:00,164.03,171.49724
2026-06-20 18:45:00,174.04,171.25401
2026-06-20 19:00:00,164.75,171.04225
2026-06-20 19:15:00,165.71,163.1187
2026-06-20 19:30:00,163.72,165.11378
2026-06-20 19:45:00,154.81,166.94026
2026-06-20 20:30:00,154.71,138.16974
2026-06-20 20:45:00,145.34,139.51875
2026-06-20 21:00:00,154.81,138.65999
2026-06-20 21:15:00,140.0,138.34027
2026-06-20 21:30:00,133.0,134.39073
2026-06-20 21:45:00,132.65,125.56113
2026-06-20 22:00:00,133.0,136.59746
2026-06-20 22:15:00,138.92,133.61304
2026-06-20 22:30:00,133.94,132.50052
2026-06-20 22:45:00,131.95,132.53355
2026-06-20 23:00:00,133.0,125.20785
2026-06-20 23:15:00,130.78,127.5902
2026-06-20 23:30:00,130.0,127.559746
2026-06-20 23:45:00,128.5,125.50648
2026-06-21 00:00:00,130.78,124.92666
2026-06-21 00:15:00,130.55,126.713295
2026-06-21 00:45:00,128.52,126.71901
2026-06-21 01:00:00,130.55,124.87113
2026-06-21 01:15:00,132.0,125.37425
2026-06-21 01:30:00,131.15,125.34486
2026-06-21 01:45:00,132.15,126.911804
2026-06-21 02:00:00,130.78,127.693726
2026-06-21 02:15:00,130.55,126.84149
2026-06-21 02:45:00,128.12,127.03124
2026-06-21 03:00:00,130.55,126.48194
2026-06-21 03:15:00,124.47,135.49281
2026-06-21 03:30:00,124.12,131.04375
2026-06-21 03:45:00,119.42,126.17783
2026-06-21 04:00:00,124.91,126.74397
2026-06-21 04:15:00,121.44,124.17241
2026-06-21 04:30:00,116.03,122.079254
2026-06-21 04:45:00,113.9,112.41503
2026-06-21 05:00:00,113.72,110.95709
2026-06-21 05:15:00,110.0,108.30532
2026-06-21 05:30:00,105.47,105.60479
2026-06-21 05:45:00,98.3,97.61362
2026-06-21 06:00:00,100.23,90.5786
2026-06-21 06:30:00,100.72,84.9929
2026-06-21 06:45:00,100.23,85.29019
2026-06-21 07:00:00,90.0,86.08262
2026-06-21 07:30:00,57.0,67.56027
2026-06-21 07:45:00,45.0,31.631104
2026-06-21 08:00:00,12.44,34.187214
2026-06-21 08:15:00,5.0,26.366737
2026-06-21 08:30:00,2.84,17.726517
2026-06-21 08:45:00,1.0,11.583871
2026-06-21 09:00:00,0.0,15.824061
2026-06-21 09:45:00,5.0,21.286148
2026-06-21 10:00:00,13.67,22.531975
2026-06-21 10:15:00,12.44,27.903807
2026-06-21 10:30:00,16.0,23.860685
2026-06-21 10:45:00,12.44,24.185326
2026-06-21 11:00:00,12.41,25.248268
2026-06-21 12:15:00,12.44,23.382427
2026-06-21 12:45:00,12.41,23.165007
2026-06-21 13:00:00,12.44,23.845947
2026-06-21 13:15:00,20.0,26.611507
2026-06-21 13:30:00,30.0,27.596888
2026-06-21 13:45:00,32.82,33.570305
2026-06-21 14:00:00,76.03,46.23484
2026-06-21 14:15:00,79.98,94.26267
2026-06-21 14:30:00,90.08,99.59948
2026-06-21 14:45:00,106.06,96.23991
2026-06-21 15:00:00,110.0,117.726776
2026-06-21 15:15:00,116.03,118.94941
2026-06-21 15:45:00,130.55,122.92989
2026-06-21 16:00:00,129.07,135.64954
2026-06-21 16:15:00,126.41,135.05128
2026-06-21 16:30:00,131.48,140.47586
2026-06-21 16:45:00,133.44,141.60544
2026-06-21 17:00:00,132.65,152.02454
2026-06-21 17:15:00,135.89,152.60089
2026-06-21 17:30:00,139.49,151.9029
2026-06-21 17:45:00,146.21,149.18431
2026-06-21 18:00:00,144.35,151.91565
2026-06-21 18:15:00,151.06,148.97597
2026-06-21 18:30:00,157.14,160.99977
2026-06-21 18:45:00,159.61,163.97922
2026-06-21 19:00:00,156.75,158.05153
2026-06-21 19:15:00,154.34,154.84174
2026-06-21 19:30:00,151.16,149.29663
2026-06-21 19:45:00,146.33,151.47574
2026-06-21 20:00:00,153.65,139.10611
2026-06-21 20:15:00,150.54,144.639
2026-06-21 20:30:00,145.94,139.37755
2026-06-21 20:45:00,139.14,140.4539
2026-06-21 21:00:00,146.29,132.43982
2026-06-21 21:15:00,136.9,139.73515
2026-06-21 21:30:00,133.0,131.34006
2026-06-21 21:45:00,132.15,130.7454
2026-06-21 22:00:00,140.72,128.53021
2026-06-21 22:15:00,143.92,131.73808
2026-06-21 22:30:00,141.76,134.96654
2026-06-21 22:45:00,140.72,131.66637
2026-06-21 23:00:00,140.43,131.7836
2026-06-21 23:15:00,132.59,131.78818
2026-06-21 23:30:00,130.0,125.79273
2026-06-21 23:45:00,124.54,124.23985
2026-06-22 00:00:00,130.78,123.65367
2026-06-22 00:15:00,128.58,123.661224
2026-06-22 00:30:00,122.46,126.989525
2026-06-22 00:45:00,122.51,120.99907
2026-06-22 01:00:00,120.52,122.14045
2026-06-22 01:15:00,121.03,118.40357
2026-06-22 01:30:00,120.43,120.538414
2026-06-22 01:45:00,121.63,119.54843
2026-06-22 02:30:00,122.5,121.64112
2026-06-22 02:45:00,123.49,120.99232
2026-06-22 03:00:00,123.81,125.279205
2026-06-22 03:15:00,124.15,131.36555
2026-06-22 03:30:00,125.38,130.2486
2026-06-22 03:45:00,135.24,131.88153
2026-06-22 04:00:00,139.03,142.21901
2026-06-22 04:15:00,141.76,141.1107
2026-06-22 04:30:00,143.49,145.97604
2026-06-22 04:45:00,144.18,148.55371
2026-06-22 05:00:00,155.44,148.242
2026-06-22 05:15:00,150.25,152.03008
2026-06-22 05:30:00,150.04,148.98898
2026-06-22 05:45:00,144.18,151.31392
2026-06-22 06:00:00,148.56,147.75653
2026-06-22 06:15:00,141.76,148.04819
2026-06-22 06:45:00,139.74,135.90488
2026-06-22 07:00:00,140.72,134.52625
2026-06-22 07:15:00,139.03,135.28
2026-06-22 07:45:00,121.63,122.679756
2026-06-22 08:00:00,139.03,113.32542
2026-06-22 08:30:00,132.78,124.155785
2026-06-22 08:45:00,124.16,122.594315
2026-06-22 09:00:00,131.38,110.948494
2026-06-22 09:15:00,131.69,118.0567
2026-06-22 09:30:00,127.33,119.55528
2026-06-22 09:45:00,130.0,107.449394
2026-06-22 10:00:00,118.2,115.82169
2026-06-22 10:15:00,115.95,110.81157
2026-06-22 10:30:00,116.95,104.90191
2026-06-22 10:45:00,115.95,106.86063
2026-06-22 11:00:00,117.52,106.83716
2026-06-22 11:15:00,115.2,112.64188
2026-06-22 11:30:00,120.43,110.711464
2026-06-22 12:00:00,121.63,119.52932
2026-06-22 12:15:00,122.46,120.56966
2026-06-22 12:30:00,128.78,121.9924
2026-06-22 12:45:00,139.03,127.62164
2026-06-22 13:00:00,129.6,138.19386
2026-06-22 13:15:00,139.03,130.728
2026-06-22 13:30:00,140.72,138.29623
2026-06-22 14:30:00,139.03,143.3427
2026-06-22 14:45:00,140.72,140.8041
2026-06-22 15:00:00,139.03,137.51202
2026-06-22 15:15:00,140.72,140.96008
2026-06-22 15:30:00,141.76,139.04185
2026-06-22 15:45:00,144.18,145.19202
2026-06-22 16:00:00,141.76,144.31194
2026-06-22 16:15:00,144.72,143.85258
2026-06-22 16:30:00,157.87,146.2506
2026-06-22 16:45:00,182.04,162.08273
2026-06-22 17:00:00,150.06,167.60748
2026-06-22 17:15:00,165.89,160.68085
2026-06-22 17:30:00,184.64,176.57875
2026-06-22 17:45:00,199.91,191.25644
2026-06-22 18:00:00,182.67,182.2417
2026-06-22 18:30:00,186.03,188.5479
2026-06-22 18:45:00,182.61,192.45564
2026-06-22 19:00:00,179.38,190.37773
2026-06-22 19:15:00,182.67,179.66624
2026-06-22 19:45:00,167.28,184.46109
2026-06-22 20:00:00,185.9,154.79097
2026-06-22 20:15:00,175.01,167.33968
2026-06-22 20:30:00,170.6,149.06425
2026-06-22 20:45:00,153.46,154.27516
2026-06-22 21:00:00,162.77,141.66954
2026-06-22 21:15:00,155.91,146.97574
2026-06-22 21:30:00,150.0,146.37906
2026-06-22 21:45:00,142.52,143.45999
2026-06-22 22:00:00,154.13,141.02063
2026-06-22 22:15:00,148.65,147.05347
2026-06-22 22:30:00,144.03,143.88814
2026-06-22 22:45:00,139.33,139.25797
2026-06-22 23:00:00,144.99,137.3627
2026-06-22 23:15:00,140.27,140.21251
2026-06-22 23:30:00,138.82,133.6996
2026-06-22 23:45:00,137.08,131.74738
2026-06-23 00:00:00,137.39,132.74591
2026-06-23 00:15:00,136.07,133.4018
2026-06-23 00:30:00,134.9,131.10606
2026-06-23 00:45:00,135.51,131.0531
2026-06-23 01:00:00,133.59,131.71696
2026-06-23 01:15:00,137.83,134.13011
2026-06-23 01:30:00,138.03,134.58498
2026-06-23 02:00:00,136.97,136.20653
2026-06-23 02:15:00,135.07,133.99837
2026-06-23 02:30:00,133.59,135.43866
2026-06-23 02:45:00,134.37,134.87245
2026-06-23 03:00:00,136.88,136.97667
2026-06-23 03:15:00,138.03,144.01796
2026-06-23 04:30:00,140.43,144.10168
2026-06-23 04:45:00,143.51,142.04314
2026-06-23 05:00:00,142.41,147.82973
2026-06-23 05:15:00,149.98,142.96759
2026-06-23 05:30:00,147.38,148.85698
2026-06-23 05:45:00,135.0,147.95041
2026-06-23 06:00:00,150.04,137.56906
2026-06-23 06:15:00,135.71,146.88072
2026-06-23 06:30:00,130.0,134.33066
2026-06-23 06:45:00,120.43,119.97082
2026-06-23 07:00:00,132.96,127.66033
2026-06-23 07:15:00,125.1,126.81127
2026-06-23 07:30:00,120.43,118.439804
2026-06-23 08:15:00,120.0,116.09575
2026-06-23 08:30:00,115.27,119.36782
2026-06-23 08:45:00,120.0,108.7667
2026-06-23 09:00:00,116.27,114.54895
2026-06-23 09:15:00,115.2,109.75494
2026-06-23 09:30:00,117.27,108.655525
2026-06-23 09:45:00,120.0,110.25408
2026-06-23 10:00:00,126.71,111.74349
2026-06-23 10:15:00,125.16,111.95504
2026-06-23 10:30:00,131.27,112.579056
2026-06-23 10:45:00,131.0,116.96566
2026-06-23 11:00:00,123.98,120.37892
2026-06-23 11:15:00,125.83,121.593666
2026-06-23 11:30:00,131.27,126.79373
2026-06-23 11:45:00,132.96,132.70685
2026-06-23 12:00:00,132.45,135.75784
2026-06-23 12:15:00,132.96,137.6665
2026-06-23 12:45:00,131.27,139.21176
2026-06-23 13:00:00,124.63,135.66106
2026-06-23 13:15:00,131.0,132.4657
2026-06-23 13:30:00,133.53,136.33015
2026-06-23 13:45:00,134.53,140.34084
2026-06-23 14:00:00,129.8,141.10951
2026-06-23 14:15:00,132.53,135.79793
2026-06-23 14:30:00,132.96,140.92293
2026-06-23 14:45:00,136.61,141.37299
2026-06-23 15:00:00,125.0,138.27695
2026-06-23 15:15:00,131.93,131.35631
2026-06-23 15:30:00,138.03,138.7462
2026-06-23 15:45:00,148.07,144.01212
2026-06-23 16:00:00,134.37,154.38116
2026-06-23 16:15:00,147.23,144.41345
2026-06-23 16:30:00,178.52,156.84514
2026-06-23 16:45:00,233.12,164.32039
2026-06-23 17:00:00,180.97,183.99057
2026-06-23 17:15:00,243.87,173.23065
2026-06-23 17:30:00,252.44,200.49123
2026-06-23 17:45:00,277.58,208.5075
2026-06-23 18:00:00,267.56,209.11008
2026-06-23 18:15:00,269.0,211.2927
2026-06-23 18:30:00,278.1,201.88449
2026-06-23 18:45:00,260.0,212.87541
2026-06-23 19:00:00,276.05,209.99672
2026-06-23 19:15:00,250.01,201.59647
2026-06-23 19:30:00,209.93,202.27979
2026-06-23 19:45:00,183.52,207.51505
2026-06-23 20:00:00,250.0,171.88281
2026-06-23 20:15:00,208.0,186.32822
2026-06-23 20:30:00,225.94,178.26996
2026-06-23 20:45:00,183.46,183.70291
2026-06-23 21:00:00,209.33,171.93948
2026-06-23 21:15:00,171.69,185.31866
2026-06-23 21:30:00,169.33,157.48877
2026-06-23 21:45:00,152.21,157.21945
2026-06-23 22:00:00,183.23,146.4177
2026-06-23 22:15:00,161.74,172.21295
2026-06-23 22:30:00,145.17,156.26208
2026-06-23 22:45:00,140.06,142.90495
2026-06-23 23:00:00,150.48,134.40314
2026-06-23 23:15:00,145.17,140.9546
2026-06-23 23:30:00,143.11,142.31528
2026-06-23 23:45:00,141.11,137.60872
2026-06-24 00:00:00,144.71,140.52855
2026-06-24 00:15:00,141.11,142.14497
2026-06-24 00:30:00,140.06,136.97273
2026-06-24 01:00:00,141.11,134.75093
2026-06-24 01:15:00,140.06,138.39876
2026-06-24 01:30:00,140.17,135.12933
2026-06-24 01:45:00,140.06,134.6218
2026-06-24 02:00:00,139.28,136.62666
2026-06-24 02:15:00,139.22,134.92548
2026-06-24 02:30:00,139.1,134.59293
2026-06-24 02:45:00,140.06,135.92604
2026-06-24 03:30:00,137.1,150.65231
2026-06-24 03:45:00,140.06,148.26866
2026-06-24 04:00:00,141.11,149.99506
2026-06-24 04:15:00,145.17,150.07219
2026-06-24 04:30:00,150.48,151.68405
2026-06-24 04:45:00,150.76,150.66676
2026-06-24 05:00:00,155.22,152.46619
2026-06-24 05:30:00,155.0,151.7618
2026-06-24 05:45:00,141.11,154.33415
2026-06-24 06:00:00,164.31,141.54361
2026-06-24 06:15:00,150.48,162.85254
2026-06-24 06:30:00,141.0,141.61108
2026-06-24 06:45:00,127.38,127.62279
2026-06-24 07:00:00,141.85,133.07036
2026-06-24 07:15:00,132.05,137.63065
2026-06-24 07:30:00,122.28,125.265656
2026-06-24 08:00:00,129.5,111.326485
2026-06-24 08:15:00,125.0,118.05988
2026-06-24 08:30:00,120.0,118.27074
2026-06-24 08:45:00,119.6,110.95476
2026-06-24 09:00:00,118.23,106.91451
2026-06-24 09:15:00,115.52,106.22337
2026-06-24 09:30:00,114.27,101.51362
2026-06-24 09:45:00,114.0,101.48563
2026-06-24 10:00:00,122.28,102.27289
2026-06-24 10:15:00,120.0,105.402534
2026-06-24 10:45:00,122.28,106.2268
2026-06-24 11:30:00,121.51,117.30721
2026-06-24 11:45:00,122.28,117.832184
2026-06-24 12:15:00,125.29,127.667725
2026-06-24 12:30:00,127.55,126.756714
2026-06-24 12:45:00,131.52,131.67686
2026-06-24 13:00:00,125.13,137.5134
2026-06-24 13:15:00,125.0,134.31807
2026-06-24 13:30:00,133.99,133.5666
2026-06-24 13:45:00,139.0,137.40656
2026-06-24 14:00:00,122.28,139.53587
2026-06-24 14:15:00,125.0,129.25636
2026-06-24 14:30:00,132.72,132.82411
2026-06-24 14:45:00,140.0,137.37834
2026-06-24 15:00:00,120.98,134.82292
2026-06-24 15:15:00,130.0,131.28758
2026-06-24 15:30:00,140.19,140.20093
2026-06-24 15:45:00,154.92,142.32242
2026-06-24 16:00:00,139.75,149.0726
2026-06-24 16:15:00,156.55,153.29855
2026-06-24 16:30:00,205.26,167.80638
2026-06-24 16:45:00,280.0,179.04543
2026-06-24 17:00:00,240.0,176.02556
2026-06-24 17:15:00,280.0,189.26613
2026-06-24 17:30:00,300.0,190.37488
2026-06-24 17:45:00,307.58,188.95372
2026-06-24 18:00:00,300.0,190.6998
2026-06-24 18:45:00,281.0,193.97893
2026-06-24 19:00:00,285.0,199.36896
2026-06-24 19:15:00,281.0,196.31183
2026-06-24 19:30:00,279.36,195.83698
2026-06-24 19:45:00,240.0,200.01688
2026-06-24 20:00:00,280.0,184.3984
2026-06-24 20:15:00,260.0,181.57303
2026-06-24 20:30:00,262.17,179.611
2026-06-24 20:45:00,240.0,175.44006
2026-06-24 21:00:00,244.84,173.25378
2026-06-24 21:15:00,177.19,173.57513
2026-06-24 21:30:00,176.18,154.89404
2026-06-24 21:45:00,158.82,152.04474
2026-06-24 22:00:00,200.1,151.5079
2026-06-24 22:15:00,171.0,181.7728
2026-06-24 22:30:00,150.5,157.62598
2026-06-24 22:45:00,142.18,144.79596
2026-06-24 23:00:00,155.99,142.17401
2026-06-24 23:15:00,143.96,148.51376
2026-06-24 23:30:00,142.18,141.74924
2026-06-24 23:45:00,139.87,139.45267
2026-06-25 00:00:00,141.0,142.19232
2026-06-25 00:15:00,139.87,142.06953
2026-06-25 02:00:00,139.7,139.47836
2026-06-25 02:15:00,139.87,140.46643
2026-06-25 02:30:00,139.7,140.28891
2026-06-25 03:30:00,139.14,149.14273
2026-06-25 03:45:00,139.7,148.79509
2026-06-25 04:15:00,142.18,148.4016
2026-06-25 04:30:00,143.96,148.88887
2026-06-25 04:45:00,147.42,148.93211
2026-06-25 05:00:00,143.96,147.00482
2026-06-25 05:15:00,143.17,143.7004
2026-06-25 05:30:00,143.13,144.64748
2026-06-25 05:45:00,139.14,144.03102
2026-06-25 06:00:00,141.29,136.87633
2026-06-25 06:15:00,139.7,136.49864
2026-06-25 06:30:00,138.45,128.83893
2026-06-25 06:45:00,137.95,124.0398
2026-06-25 07:00:00,139.0,127.26191
2026-06-25 07:15:00,138.45,125.525635
2026-06-25 07:30:00,132.0,126.212234
2026-06-25 07:45:00,120.94,122.228424
2026-06-25 08:00:00,135.0,115.326454
2026-06-25 08:15:00,129.42,124.38244
2026-06-25 08:30:00,123.35,115.507385
2026-06-25 08:45:00,120.55,108.61775
2026-06-25 09:00:00,129.71,103.63533
2026-06-25 09:15:00,127.7,114.05644
2026-06-25 09:30:00,120.41,106.787895
2026-06-25 09:45:00,127.7,104.41304
2026-06-25 10:00:00,115.1,110.8384
2026-06-25 10:15:00,125.0,95.539696
2026-06-25 10:30:00,135.0,107.492134
2026-06-25 10:45:00,136.39,120.89799
2026-06-25 11:00:00,132.5,125.28416
2026-06-25 11:15:00,130.23,122.38303
2026-06-25 11:30:00,135.75,124.93844
2026-06-25 11:45:00,130.0,133.87796
2026-06-25 12:00:00,135.0,129.71814
2026-06-25 12:15:00,136.39,136.17963
2026-06-25 12:45:00,137.95,136.79303
2026-06-25 13:00:00,138.45,136.6496
2026-06-25 13:15:00,139.14,135.77
2026-06-25 13:30:00,139.7,136.80931
2026-06-25 13:45:00,139.87,136.08664
2026-06-25 14:00:00,132.0,136.58293
2026-06-25 14:15:00,136.39,135.61359
2026-06-25 14:30:00,137.95,139.55325
2026-06-25 14:45:00,139.87,141.29617
2026-06-25 15:00:00,139.14,140.49358
2026-06-25 15:30:00,142.18,144.62982
2026-06-25 15:45:00,153.49,147.31068
2026-06-25 16:00:00,139.87,157.13083
2026-06-25 16:15:00,149.73,147.52022
2026-06-25 16:30:00,164.74,156.14307
2026-06-25 16:45:00,194.34,171.67017
2026-06-25 17:00:00,165.27,163.60449
2026-06-25 17:15:00,195.21,170.41563
2026-06-25 17:30:00,210.8,181.77002
2026-06-25 17:45:00,260.0,200.11226
2026-06-25 18:00:00,211.68,197.2869
2026-06-25 18:15:00,212.62,203.97018
2026-06-25 18:30:00,212.9,204.29048
2026-06-25 18:45:00,210.94,202.28592
2026-06-25 19:00:00,210.0,197.70193
2026-06-25 19:15:00,205.87,198.11589
2026-06-25 19:30:00,192.8,193.15492
2026-06-25 19:45:00,176.75,190.6456
2026-06-25 20:00:00,182.19,164.02203
2026-06-25 20:15:00,177.19,172.14532
2026-06-25 20:30:00,171.96,159.39081
2026-06-25 20:45:00,159.25,159.1406
2026-06-25 21:00:00,162.48,147.04099
2026-06-25 21:15:00,146.23,147.6683
2026-06-25 21:30:00,139.87,150.50125
2026-06-25 21:45:00,139.7,141.8602
2026-06-25 22:00:00,155.48,140.36234
2026-06-25 22:15:00,152.17,150.62012
2026-06-25 22:30:00,144.08,145.18137
2026-06-25 22:45:00,140.0,139.97018
2026-06-25 23:00:00,143.71,138.31085
2026-06-25 23:15:00,141.29,139.6159
2026-06-25 23:30:00,139.77,137.89935
2026-06-25 23:45:00,139.62,136.98877
2026-06-26 00:00:00,142.1,139.34235
2026-06-26 00:15:00,140.0,139.54434
2026-06-26 00:30:00,139.77,136.70949
2026-06-26 01:45:00,139.62,135.57173
2026-06-26 02:15:00,138.04,137.43484
2026-06-26 02:30:00,139.62,136.94661
2026-06-26 02:45:00,137.87,137.34082
2026-06-26 03:00:00,136.31,140.05551
2026-06-26 03:45:00,136.22,148.01917
2026-06-26 04:00:00,139.62,147.53726
2026-06-26 04:15:00,144.08,147.77673
2026-06-26 04:45:00,143.71,147.53496
2026-06-26 05:00:00,159.8,144.38766
2026-06-26 05:15:00,148.07,152.68813
2026-06-26 05:30:00,148.03,146.31114
2026-06-26 05:45:00,141.29,143.79776
2026-06-26 06:00:00,151.19,142.29694
2026-06-26 06:15:00,152.89,146.28708
2026-06-26 06:30:00,142.1,145.66902
2026-06-26 07:00:00,157.0,128.30688
2026-06-26 07:15:00,146.41,146.90318
2026-06-26 07:30:00,139.77,136.8356
2026-06-26 07:45:00,139.62,123.487076
2026-06-26 08:00:00,140.0,130.92314
2026-06-26 08:30:00,139.77,129.5299
2026-06-26 08:45:00,137.87,122.55813
2026-06-26 09:00:00,137.47,128.90353
2026-06-26 09:15:00,137.18,123.89626
2026-06-26 09:30:00,137.87,122.78028
2026-06-26 09:45:00,137.24,123.65646
2026-06-26 10:00:00,136.31,122.49947
2026-06-26 10:15:00,133.49,122.051994
2026-06-26 10:30:00,133.66,122.77114
2026-06-26 10:45:00,134.86,123.78145
2026-06-26 11:00:00,133.48,130.31705
2026-06-26 11:15:00,133.49,131.46762
2026-06-26 11:30:00,136.25,132.93748
2026-06-26 11:45:00,136.31,135.94667
2026-06-26 12:00:00,137.87,135.39027
2026-06-26 12:15:00,138.05,136.58472
2026-06-26 12:30:00,137.87,135.34138
2026-06-26 12:45:00,139.62,135.24326
2026-06-26 13:00:00,137.87,135.27689
2026-06-26 13:15:00,139.62,137.18867
2026-06-26 13:30:00,140.0,138.27885
2026-06-26 13:45:00,143.71,137.81496
2026-06-26 14:00:00,139.62,141.79391
2026-06-26 14:15:00,139.77,140.13268
2026-06-26 14:30:00,141.29,139.59143
2026-06-26 14:45:00,142.1,146.54823
2026-06-26 15:00:00,139.77,140.83516
2026-06-26 15:30:00,143.71,139.09204
2026-06-26 15:45:00,152.39,140.81577
2026-06-26 16:00:00,139.77,150.35101
2026-06-26 16:15:00,144.79,140.22112
2026-06-26 16:30:00,175.0,144.54134
2026-06-26 16:45:00,211.97,165.19221
2026-06-26 17:00:00,159.8,180.32895
2026-06-26 17:15:00,192.83,165.67769
2026-06-26 17:30:00,248.81,181.79735
2026-06-26 17:45:00,260.0,195.5795
2026-06-26 18:00:00,241.0,200.04762
2026-06-26 18:15:00,239.16,204.21689
2026-06-26 18:30:00,259.49,201.5644
2026-06-26 18:45:00,247.25,202.16728
2026-06-26 19:00:00,254.4,206.82234
2026-06-26 19:15:00,235.52,212.17607
2026-06-26 19:30:00,211.66,197.81165
2026-06-26 19:45:00,194.74,206.74565
2026-06-26 20:00:00,258.28,176.45831
2026-06-26 20:15:00,205.87,185.68945
2026-06-26 20:30:00,185.01,177.77505
2026-06-26 20:45:00,161.32,173.29526
2026-06-26 21:00:00,176.48,153.66254
2026-06-26 21:15:00,157.47,156.12128
2026-06-26 21:30:00,145.87,148.05283
2026-06-26 21:45:00,139.62,146.89053
2026-06-26 22:00:00,146.65,143.81601
2026-06-26 22:30:00,141.28,145.93585
2026-06-26 22:45:00,134.91,141.96536
2026-06-26 23:30:00,134.8,134.34937
2026-06-26 23:45:00,131.75,136.08319
2026-06-27 00:00:00,133.0,131.9997
2026-06-27 00:15:00,131.75,129.83487
2026-06-27 00:30:00,134.91,128.78651
2026-06-27 00:45:00,129.2,135.95291
2026-06-27 01:00:00,128.83,128.95296
2026-06-27 01:15:00,130.99,129.10751
2026-06-27 01:30:00,131.75,128.66954
2026-06-27 01:45:00,128.83,130.44124
2026-06-27 02:00:00,131.75,127.60649
2026-06-27 02:15:00,128.83,129.53355
2026-06-27 02:45:00,121.81,128.41121
2026-06-27 03:00:00,133.1,125.937996
2026-06-27 03:15:00,131.75,139.97142
2026-06-27 03:30:00,128.83,135.81586
2026-06-27 03:45:00,121.81,129.67598
2026-06-27 04:00:00,118.2,136.27615
2026-06-27 04:15:00,128.98,127.9804
2026-06-27 04:30:00,128.83,132.75394
2026-06-27 04:45:00,116.81,129.6426
2026-06-27 05:00:00,128.83,115.46372
2026-06-27 05:45:00,125.55,124.14837
2026-06-27 06:00:00,118.85,121.222694
2026-06-27 06:15:00,116.14,112.184586
2026-06-27 06:30:00,128.83,107.88737
2026-06-27 06:45:00,120.0,113.51412
2026-06-27 07:00:00,118.0,112.58461
2026-06-27 07:15:00,116.14,109.189156
2026-06-27 08:00:00,107.71,108.05017
2026-06-27 08:15:00,108.61,95.80295
2026-06-27 08:30:00,104.39,94.70496
2026-06-27 08:45:00,108.41,90.0353
2026-06-27 09:00:00,100.54,94.84118
2026-06-27 10:00:00,106.0,88.57056
2026-06-27 10:15:00,101.89,89.44359
2026-06-27 10:30:00,101.55,86.87412
2026-06-27 10:45:00,107.19,85.94181
2026-06-27 11:00:00,100.0,89.65949
2026-06-27 11:15:00,99.5,85.973305
2026-06-27 11:30:00,96.25,85.47041
2026-06-27 11:45:00,90.0,85.557396
2026-06-27 12:00:00,60.0,85.49086
2026-06-27 12:15:00,60.84,71.70689
2026-06-27 12:30:00,74.0,72.1711
2026-06-27 12:45:00,87.88,81.991066
2026-06-27 13:00:00,100.66,91.531166
2026-06-27 13:15:00,107.58,99.35191
2026-06-27 13:30:00,116.14,100.858665
2026-06-27 13:45:00,118.98,105.88496
2026-06-27 14:00:00,118.0,120.41426
2026-06-27 14:15:00,120.35,119.36038
2026-06-27 14:30:00,128.83,119.7252
2026-06-27 14:45:00,133.1,125.42052
2026-06-27 15:00:00,120.0,134.32547
2026-06-27 15:15:00,124.9,119.98942
2026-06-27 15:30:00,132.28,125.11689
2026-06-27 15:45:00,134.91,140.41808
2026-06-27 16:00:00,116.14,142.13852
2026-06-27 16:15:00,130.71,131.97226
2026-06-27 16:30:00,134.91,137.1849
2026-06-27 16:45:00,141.28,145.97585
2026-06-27 17:00:00,140.0,158.88379
2026-06-27 17:15:00,154.81,154.72888
2026-06-27 17:30:00,163.05,161.92499
2026-06-27 17:45:00,181.53,166.94218
2026-06-27 18:00:00,163.91,172.31729
2026-06-27 18:15:00,176.5,170.50969
2026-06-27 18:30:00,177.19,177.983
2026-06-27 18:45:00,187.25,176.71132
2026-06-27 19:00:00,177.19,188.5734
2026-06-27 19:15:00,177.28,176.06027
2026-06-27 19:30:00,177.19,174.00793
2026-06-27 19:45:00,173.54,173.98004
2026-06-27 20:00:00,176.78,157.00008
2026-06-27 20:15:00,164.0,159.45328
2026-06-27 20:30:00,165.67,156.37881
2026-06-27 20:45:00,151.86,158.18465
2026-06-27 21:00:00,154.83,146.04245
2026-06-27 21:15:00,142.32,138.84944
2026-06-27 21:30:00,137.86,146.5721
2026-06-27 21:45:00,134.8,134.82085
2026-06-27 22:00:00,147.17,139.47833
2026-06-27 22:15:00,137.91,145.05916
2026-06-27 22:45:00,134.8,134.65388
2026-06-27 23:15:00,134.19,132.43362
2026-06-27 23:30:00,133.1,130.52188
2026-06-27 23:45:00,131.75,130.6894
2026-06-28 00:00:00,133.1,127.49318
2026-06-28 00:15:00,132.4,131.21959
2026-06-28 00:30:00,131.75,128.65912
2026-06-28 00:45:00,125.73,126.73071
2026-06-28 01:00:00,133.1,124.82361
2026-06-28 01:30:00,131.75,130.47792
2026-06-28 01:45:00,128.83,128.23962
2026-06-28 02:00:00,130.38,124.833244
2026-06-28 02:15:00,131.75,128.2159
2026-06-28 02:30:00,129.2,129.39227
2026-06-28 02:45:00,129.07,125.67277
2026-06-28 03:00:00,133.1,127.4125
2026-06-28 03:15:00,131.75,137.46329
2026-06-28 03:30:00,116.14,130.79694
2026-06-28 04:00:00,130.49,118.398056
2026-06-28 04:15:00,131.75,132.75836
2026-06-28 04:30:00,124.4,131.65749
2026-06-28 04:45:00,119.11,120.5508
2026-06-28 05:00:00,131.75,117.27617
2026-06-28 05:15:00,130.65,124.96458
2026-06-28 05:30:00,133.1,122.70528
2026-06-28 05:45:00,124.9,122.68118
2026-06-28 06:00:00,132.4,121.065605
2026-06-28 06:15:00,129.2,124.02455
2026-06-28 06:30:00,133.1,116.08129
2026-06-28 06:45:00,120.0,117.9704
2026-06-28 07:00:00,116.14,113.63523
2026-06-28 07:45:00,111.58,99.32644
2026-06-28 08:00:00,71.05,102.010216
2026-06-28 08:15:00,66.0,59.99472
2026-06-28 08:30:00,65.36,51.7592
2026-06-28 08:45:00,60.0,51.805176
2026-06-28 09:00:00,50.0,58.42735
2026-06-28 09:30:00,60.0,57.13035
2026-06-28 09:45:00,79.0,61.569656
2026-06-28 10:00:00,94.0,66.05104
2026-06-28 10:15:00,90.93,68.48069
2026-06-28 10:30:00,91.93,72.55575
2026-06-28 10:45:00,93.11,78.80013
2026-06-28 11:00:00,87.0,80.14769
2026-06-28 11:15:00,89.75,75.22779
2026-06-28 11:30:00,90.93,77.984634
2026-06-28 11:45:00,93.24,78.42938
2026-06-28 12:00:00,90.0,82.38474
2026-06-28 12:15:00,94.47,82.90831
2026-06-28 12:30:00,94.0,86.136665
2026-06-28 12:45:00,66.0,86.18159
2026-06-28 13:00:00,50.06,70.55996
2026-06-28 13:15:00,60.0,58.409523
2026-06-28 13:30:00,68.57,65.51022
2026-06-28 13:45:00,97.76,69.938095
2026-06-28 14:00:00,111.48,97.36115
2026-06-28 14:15:00,115.85,109.11464
2026-06-28 14:30:00,129.2,112.05266
2026-06-28 14:45:00,134.19,125.468094
2026-06-28 15:00:00,120.5,134.17276
2026-06-28 15:15:00,131.75,122.10623
2026-06-28 15:30:00,132.78,130.77216
2026-06-28 15:45:00,134.19,143.59392
2026-06-28 16:00:00,116.64,142.74443
2026-06-28 16:15:00,133.1,129.67426
2026-06-28 16:30:00,137.91,139.56567
2026-06-28 16:45:00,147.17,148.54729
2026-06-28 17:15:00,151.66,165.06926
2026-06-28 17:30:00,161.59,162.29893
2026-06-28 17:45:00,175.63,161.53458
2026-06-28 18:00:00,151.66,176.00273
2026-06-28 18:15:00,152.71,162.63832
2026-06-28 18:30:00,159.8,163.3509
2026-06-28 18:45:00,160.65,168.51895
2026-06-28 19:00:00,159.8,158.13484
2026-06-28 19:30:00,158.14,151.27281
2026-06-28 19:45:00,157.47,147.35072
2026-06-28 20:00:00,163.52,137.35626
2026-06-28 20:15:00,159.8,147.75078
2026-06-28 20:30:00,151.66,139.98111
2026-06-28 20:45:00,148.75,136.57396
2026-06-28 21:00:00,152.0,135.88062
2026-06-28 21:15:00,147.17,134.27211
2026-06-28 21:30:00,139.48,135.86998
2026-06-28 21:45:00,134.8,129.54736
2026-06-28 22:00:00,167.99,132.77908
2026-06-28 22:15:00,155.09,153.55609
2026-06-28 22:30:00,150.26,142.20808
2026-06-28 22:45:00,149.69,139.89046
2026-06-28 23:00:00,150.26,136.203
2026-06-28 23:15:00,149.69,138.00792
2026-06-28 23:30:00,142.3,141.37045
2026-06-28 23:45:00,139.11,133.51662
2026-06-29 00:30:00,138.2,132.94836
2026-06-29 01:00:00,137.14,132.86324
2026-06-29 01:15:00,136.57,129.94238
2026-06-29 01:30:00,135.41,130.72592
2026-06-29 02:00:00,130.43,132.61449
2026-06-29 02:15:00,130.45,128.98648
2026-06-29 02:30:00,130.43,129.98721
2026-06-29 03:00:00,132.63,131.74063
2026-06-29 03:15:00,130.43,140.04803
2026-06-29 03:30:00,133.02,139.5326
2026-06-29 03:45:00,137.14,142.046
2026-06-29 04:00:00,139.11,145.05789
2026-06-29 04:15:00,145.57,144.41666
2026-06-29 04:30:00,144.13,153.54453
2026-06-29 04:45:00,145.68,148.53134
2026-06-29 05:00:00,154.33,147.69482
2026-06-29 05:15:00,153.4,155.03348
2026-06-29 05:30:00,150.26,151.1755
2026-06-29 05:45:00,149.69,150.86325
2026-06-29 06:00:00,162.77,155.1624
2026-06-29 06:15:00,150.26,157.92946
2026-06-29 06:30:00,143.45,152.32463
2026-06-29 06:45:00,143.52,139.69572
2026-06-29 07:00:00,137.14,141.6458
2026-06-29 07:15:00,136.84,135.82996
2026-06-29 08:00:00,135.41,129.55554
2026-06-29 08:30:00,130.43,128.19514
2026-06-29 09:00:00,135.41,122.823044
2026-06-29 09:30:00,135.53,131.85983
2026-06-29 09:45:00,135.41,131.26996
2026-06-29 10:30:00,130.43,127.006615
2026-06-29 10:45:00,135.41,119.18558
2026-06-29 11:15:00,136.84,134.72182
2026-06-29 11:45:00,137.0,135.34486
2026-06-29 12:00:00,139.11,138.51051
2026-06-29 12:15:00,140.0,138.82841
2026-06-29 12:30:00,149.69,143.07585
2026-06-29 13:00:00,157.47,160.5823
2026-06-29 13:15:00,166.55,158.64925
2026-06-29 13:30:00,172.2,156.25758
2026-06-29 13:45:00,177.78,160.7537
2026-06-29 14:00:00,152.0,157.88913
2026-06-29 14:30:00,158.56,160.02205
2026-06-29 14:45:00,183.28,162.47383
2026-06-29 15:00:00,156.39,171.61226
2026-06-29 15:15:00,162.14,162.92867
2026-06-29 15:30:00,177.78,161.7924
2026-06-29 15:45:00,194.0,165.74208
2026-06-29 16:00:00,155.09,164.40752
2026-06-29 16:15:00,175.0,165.57549
2026-06-29 16:30:00,191.42,165.84348
2026-06-29 16:45:00,201.49,175.29884
2026-06-29 17:00:00,187.0,171.4604
2026-06-29 17:15:00,177.78,171.40858
2026-06-29 17:30:00,207.72,175.50194
2026-06-29 17:45:00,252.3,184.29803
2026-06-29 18:00:00,213.96,200.90092
2026-06-29 18:15:00,205.99,201.17471
2026-06-29 18:30:00,203.93,198.24963
2026-06-29 18:45:00,200.0,194.31769
2026-06-29 19:00:00,205.99,195.48734
2026-06-29 19:15:00,191.42,195.59596
2026-06-29 19:30:00,187.0,193.73633
2026-06-29 19:45:00,177.78,186.60559
2026-06-29 20:00:00,220.0,150.93745
2026-06-29 20:15:00,204.76,191.69145
2026-06-29 20:30:00,205.99,173.74806
2026-06-29 20:45:00,172.2,180.42021
2026-06-29 21:00:00,200.0,151.97469
2026-06-29 21:15:00,174.44,173.13802
2026-06-29 21:30:00,167.27,152.85963
2026-06-29 21:45:00,149.69,160.7108
2026-06-29 22:00:00,174.99,145.98824
2026-06-29 22:15:00,166.06,159.77364
2026-06-29 22:30:00,163.0,160.464
2026-06-29 22:45:00,156.0,157.81705
2026-06-29 23:00:00,166.06,149.55829
2026-06-29 23:15:00,153.61,158.03647
2026-06-29 23:30:00,141.68,145.38046
2026-06-29 23:45:00,135.45,140.29733
2026-06-30 00:00:00,140.0,138.75658
2026-06-30 00:15:00,135.45,139.70256
2026-06-30 01:30:00,135.0,138.6603
2026-06-30 01:45:00,134.94,136.62076
2026-06-30 02:00:00,135.45,138.43117
2026-06-30 02:30:00,135.0,137.315
2026-06-30 02:45:00,135.45,134.9822
2026-06-30 03:30:00,134.94,145.9007
2026-06-30 04:00:00,135.45,149.70137
2026-06-30 04:15:00,146.06,146.52122
2026-06-30 04:30:00,162.37,153.30525
2026-06-30 04:45:00,158.52,161.95221
2026-06-30 05:00:00,166.06,156.59393
2026-06-30 05:15:00,177.78,162.4276
2026-06-30 05:30:00,173.71,170.36131
2026-06-30 05:45:00,157.44,167.88908
2026-06-30 06:00:00,175.4,159.31343
2026-06-30 06:15:00,159.8,167.53606
2026-06-30 06:30:00,137.33,154.58786
2026-06-30 06:45:00,135.45,137.18916
2026-06-30 07:00:00,166.06,146.25772
2026-06-30 07:15:00,157.47,162.93456
2026-06-30 07:30:00,152.0,146.8737
2026-06-30 07:45:00,138.37,141.91727
2026-06-30 08:00:00,145.0,139.8056
2026-06-30 08:30:00,142.3,136.83955
2026-06-30 08:45:00,135.0,140.22713
2026-06-30 09:00:00,133.59,130.3782
2026-06-30 09:15:00,145.0,129.42557
2026-06-30 09:45:00,134.94,140.23419
2026-06-30 11:30:00,139.69,135.34439
2026-06-30 11:45:00,145.23,139.69562
2026-06-30 12:00:00,148.4,151.9237
2026-06-30 12:15:00,165.0,151.94379
2026-06-30 12:45:00,166.06,146.86035
2026-06-30 13:00:00,134.0,158.44112
2026-06-30 13:15:00,135.0,140.43
2026-06-30 13:30:00,141.3,146.20724
2026-06-30 13:45:00,159.37,155.43228
2026-06-30 14:00:00,132.24,154.55591
2026-06-30 14:15:00,133.92,138.84921
2026-06-30 14:30:00,134.94,141.74323
2026-06-30 14:45:00,135.45,149.5359
2026-06-30 15:15:00,136.1,145.7948
2026-06-30 15:30:00,150.0,143.71251
2026-06-30 15:45:00,163.0,161.30594
2026-06-30 16:00:00,154.38,157.04573
2026-06-30 16:15:00,166.06,154.9801
2026-06-30 16:30:00,177.78,169.76245
2026-06-30 16:45:00,203.93,175.19556
2026-06-30 17:00:00,177.78,171.23093
2026-06-30 17:15:00,185.64,174.52008
2026-06-30 17:30:00,203.93,184.54642
2026-06-30 17:45:00,249.07,184.26335
2026-06-30 18:00:00,201.23,191.83858
2026-06-30 18:15:00,194.66,191.78654
2026-06-30 18:30:00,198.81,189.48433
2026-06-30 18:45:00,197.94,192.17107
2026-06-30 19:00:00,204.65,194.31856
2026-06-30 19:15:00,185.9,195.00931
2026-06-30 19:30:00,177.78,191.40182
2026-06-30 19:45:00,159.8,181.03885
2026-06-30 20:00:00,177.78,149.1522
2026-06-30 20:15:00,175.63,156.82878
2026-06-30 20:30:00,180.0,158.22
2026-06-30 20:45:00,159.8,162.60371
2026-06-30 21:00:00,165.0,150.92491
2026-06-30 21:15:00,140.0,157.78777
2026-06-30 21:30:00,135.45,145.96246
2026-06-30 21:45:00,133.92,139.88454
2026-06-30 22:00:00,183.99,139.92238
2026-06-30 22:15:00,162.3,169.71858
2026-06-30 22:30:00,155.0,153.29558
2026-06-30 22:45:00,146.39,146.80081
2026-06-30 23:00:00,160.02,137.9423
2026-06-30 23:15:00,153.12,152.04607
2026-06-30 23:30:00,147.52,143.74135
2026-06-30 23:45:00,142.0,143.85909
2026-07-01 00:00:00,146.57,139.82654
2026-07-01 00:15:00,138.0,145.0599
2026-07-01 00:30:00,135.95,137.85359
2026-07-01 00:45:00,128.0,137.27069
2026-07-01 01:00:00,138.4,131.27995
2026-07-01 01:15:00,133.0,137.4775
2026-07-01 01:30:00,128.9,134.20291
2026-07-01 01:45:00,129.18,128.06563
2026-07-01 02:00:00,139.75,131.22414
2026-07-01 02:15:00,128.64,135.77454
2026-07-01 02:30:00,137.15,127.41432
2026-07-01 02:45:00,136.26,132.9734
2026-07-01 03:00:00,133.0,137.8383
2026-07-01 03:15:00,136.32,141.50764
2026-07-01 03:30:00,135.64,145.80293
2026-07-01 03:45:00,138.0,145.60222
2026-07-01 04:00:00,133.0,148.50899
2026-07-01 04:15:00,145.0,144.33894
2026-07-01 04:30:00,157.47,149.8747
2026-07-01 04:45:00,154.96,156.6893
2026-07-01 05:00:00,144.13,155.51302
2026-07-01 05:15:00,157.78,147.13538
2026-07-01 05:30:00,157.75,157.88548
2026-07-01 05:45:00,160.34,158.48906
2026-07-01 06:00:00,158.63,160.01817
2026-07-01 06:15:00,164.22,156.3269
2026-07-01 06:30:00,163.18,158.78732
2026-07-01 06:45:00,133.97,153.16856
2026-07-01 07:00:00,160.44,139.67412
2026-07-01 07:15:00,143.81,155.36418
2026-07-01 07:30:00,127.62,143.41092
2026-07-01 07:45:00,114.81,123.86619
2026-07-01 08:00:00,145.0,117.03933
2026-07-01 08:15:00,130.8,135.64655
2026-07-01 08:30:00,123.75,117.85065
2026-07-01 08:45:00,120.86,114.16793
2026-07-01 09:00:00,142.67,113.324875
2026-07-01 09:15:00,129.0,133.73341
2026-07-01 09:30:00,129.18,109.34578
2026-07-01 09:45:00,127.17,112.609924
2026-07-01 10:00:00,132.83,113.89525
2026-07-01 10:15:00,134.0,116.878586
2026-07-01 10:45:00,134.48,120.021385
2026-07-01 11:00:00,133.55,128.7524
2026-07-01 11:15:00,134.0,133.6862
2026-07-01 11:30:00,135.05,133.8826
2026-07-01 11:45:00,145.0,134.67422
2026-07-01 12:00:00,146.0,147.75035
2026-07-01 12:15:00,146.01,146.67914
2026-07-01 12:30:00,152.2,146.21144
2026-07-01 12:45:00,175.75,147.04509
2026-07-01 13:00:00,145.0,153.87927
2026-07-01 13:15:00,150.0,148.65363
2026-07-01 13:30:00,169.4,159.95482
2026-07-01 13:45:00,190.0,161.9134
2026-07-01 14:00:00,157.91,153.29477
2026-07-01 14:15:00,173.65,149.15419
2026-07-01 14:30:00,194.24,162.22758
2026-07-01 14:45:00,174.2,162.84859
2026-07-01 15:00:00,141.0,160.17482
2026-07-01 15:15:00,148.76,149.75075
2026-07-01 15:30:00,157.47,153.11794
2026-07-01 15:45:00,172.77,158.77531
2026-07-01 16:00:00,121.0,153.51584
2026-07-01 16:15:00,136.1,133.88036
2026-07-01 16:30:00,154.92,148.30434
2026-07-01 16:45:00,175.0,162.87627
2026-07-01 17:00:00,137.81,161.85056
2026-07-01 17:15:00,162.81,148.39008
2026-07-01 17:30:00,179.36,164.26553
2026-07-01 17:45:00,191.65,177.2168
2026-07-01 18:00:00,165.0,172.33147
2026-07-01 18:15:00,174.66,170.50931
2026-07-01 18:30:00,188.51,175.04788
2026-07-01 18:45:00,191.0,186.84232
2026-07-01 19:00:00,181.34,188.01344
2026-07-01 19:15:00,165.9,181.80197
2026-07-01 19:30:00,168.37,169.36765
2026-07-01 19:45:00,140.0,172.3021
2026-07-01 20:00:00,157.78,140.7504
2026-07-01 20:15:00,165.02,143.9161
2026-07-01 20:30:00,148.23,155.7178
2026-07-01 20:45:00,135.0,136.01474
2026-07-01 21:00:00,174.87,134.28978
2026-07-01 21:15:00,151.34,155.58409
2026-07-01 21:30:00,135.0,139.86177
2026-07-01 21:45:00,118.8,127.217415
2026-07-01 22:00:00,154.87,126.904686
2026-07-01 22:15:00,151.03,144.8807
2026-07-01 22:30:00,145.66,141.31543
2026-07-01 22:45:00,138.04,136.76225
2026-07-01 23:00:00,149.71,134.12598
2026-07-01 23:15:00,140.08,141.43147
2026-07-01 23:30:00,131.22,134.97432
2026-07-01 23:45:00,127.99,129.18599
2026-07-02 00:00:00,133.46,127.970505
2026-07-02 00:15:00,132.91,133.15257
2026-07-02 00:30:00,132.51,129.25937
2026-07-02 00:45:00,133.43,128.14714
2026-07-02 01:00:00,135.0,132.60284
2026-07-02 01:30:00,136.47,131.9415
2026-07-02 01:45:00,132.18,133.34895
2026-07-02 02:00:00,135.0,129.97632
2026-07-02 03:00:00,130.0,135.85439
2026-07-02 03:15:00,138.75,139.751
2026-07-02 03:30:00,139.5,146.55078
2026-07-02 03:45:00,133.03,146.47093
2026-07-02 04:00:00,129.36,144.96223
2026-07-02 04:15:00,140.0,141.91635
2026-07-02 04:30:00,155.93,149.83449
2026-07-02 04:45:00,160.3,157.43016
2026-07-02 05:00:00,140.0,154.51578
2026-07-02 05:15:00,142.03,141.5872
2026-07-02 05:30:00,157.75,149.14784
2026-07-02 05:45:00,143.64,153.4815
2026-07-02 06:00:00,154.56,144.30011
2026-07-02 06:15:00,140.0,154.30164
2026-07-02 06:30:00,136.1,145.40347
2026-07-02 06:45:00,124.5,133.5956
2026-07-02 07:00:00,171.37,132.24765
2026-07-02 07:15:00,150.23,149.45111
2026-07-02 07:30:00,157.62,134.534
2026-07-02 07:45:00,150.0,136.60507
2026-07-02 08:00:00,145.83,146.85922
2026-07-02 08:15:00,144.67,138.76675
2026-07-02 08:30:00,139.5,136.22011
2026-07-02 08:45:00,130.0,129.92159
2026-07-02 09:00:00,136.6,124.7894
2026-07-02 09:15:00,136.36,132.44557
2026-07-02 09:30:00,132.18,131.93164
2026-07-02 09:45:00,123.99,122.84199
2026-07-02 10:00:00,134.12,119.00458
2026-07-02 10:15:00,134.5,128.69696
2026-07-02 10:30:00,132.18,130.4057
2026-07-02 10:45:00,119.6,124.22502
2026-07-02 11:00:00,122.5,125.256386
2026-07-02 11:15:00,129.5,127.551125
2026-07-02 11:30:00,130.61,127.80679
2026-07-02 11:45:00,126.6,124.944466
2026-07-02 12:00:00,124.24,127.0898
2026-07-02 12:15:00,126.0,126.114944
2026-07-02 12:30:00,130.0,129.79607
2026-07-02 12:45:00,136.36,123.22311
2026-07-02 13:00:00,132.42,129.28171
2026-07-02 13:15:00,128.17,129.02982
2026-07-02 13:30:00,132.97,126.66482
2026-07-02 13:45:00,142.8,134.11603
2026-07-02 14:00:00,136.1,136.08586
2026-07-02 14:15:00,140.23,134.15181
2026-07-02 14:30:00,143.0,135.63052
2026-07-02 14:45:00,136.89,140.23703
2026-07-02 15:00:00,118.17,137.548
2026-07-02 15:15:00,119.6,126.54752
2026-07-02 15:30:00,125.74,130.07242
2026-07-02 15:45:00,156.49,133.25377
2026-07-02 16:00:00,116.31,145.19435
2026-07-02 16:15:00,135.0,132.28755
2026-07-02 16:30:00,154.96,144.55392
2026-07-02 16:45:00,177.04,157.3028
2026-07-02 17:00:00,140.5,156.96346
2026-07-02 17:15:00,173.0,147.78218
2026-07-02 17:30:00,176.3,172.69873
2026-07-02 17:45:00,189.77,179.56245
2026-07-02 18:00:00,174.65,165.48656
2026-07-02 18:15:00,174.94,177.01436
2026-07-02 19:00:00,182.38,176.09973
2026-07-02 19:15:00,170.99,185.9727
2026-07-02 19:30:00,162.1,172.91353
2026-07-02 19:45:00,144.53,159.46535
2026-07-02 20:00:00,161.07,140.00523
2026-07-02 20:15:00,157.16,149.77644
2026-07-02 20:30:00,146.77,140.55894
2026-07-02 20:45:00,135.0,137.28963
2026-07-02 21:00:00,153.2,139.69125
2026-07-02 21:15:00,140.25,138.84366
2026-07-02 21:30:00,130.03,132.9053
2026-07-02 21:45:00,119.6,126.37863
2026-07-02 22:00:00,137.87,129.9445
2026-07-02 22:15:00,144.0,134.84033
2026-07-02 22:30:00,137.73,139.49902
2026-07-02 22:45:00,143.04,133.76541
2026-07-02 23:00:00,153.0,134.36818
2026-07-02 23:30:00,138.0,143.62036
2026-07-02 23:45:00,134.92,134.46892
2026-07-03 00:00:00,144.0,135.1865
2026-07-03 00:15:00,136.66,140.55138
2026-07-03 00:30:00,138.0,133.52336
2026-07-03 00:45:00,134.92,134.5576
2026-07-03 01:00:00,134.46,132.82306
2026-07-03 01:15:00,133.49,132.50539
2026-07-03 01:45:00,134.92,132.52705
2026-07-03 02:00:00,133.34,132.00081
2026-07-03 02:15:00,136.66,130.42523
2026-07-03 02:30:00,132.52,132.74455
2026-07-03 02:45:00,131.0,130.27426
2026-07-03 03:00:00,138.12,129.87375
2026-07-03 03:15:00,134.92,143.73161
2026-07-03 03:30:00,124.86,141.15355
2026-07-03 03:45:00,122.5,134.10565
2026-07-03 04:00:00,125.0,136.69864
2026-07-03 04:15:00,153.0,135.48836
2026-07-03 04:30:00,148.41,146.99652
2026-07-03 04:45:00,150.53,145.72653
2026-07-03 05:00:00,148.0,149.39879
2026-07-03 05:15:00,150.74,147.26302
2026-07-03 05:30:00,145.0,144.7211
2026-07-03 05:45:00,135.55,146.25436
2026-07-03 06:00:00,139.5,135.081
2026-07-03 06:15:00,135.0,136.05751
2026-07-03 06:30:00,132.63,130.45638
2026-07-03 06:45:00,132.87,119.20589
2026-07-03 07:00:00,122.4,124.80602
2026-07-03 07:15:00,132.0,116.20838
2026-07-03 07:30:00,131.05,121.629295
2026-07-03 07:45:00,134.95,119.49975
2026-07-03 08:00:00,139.69,127.671234
2026-07-03 08:15:00,125.48,127.33522
2026-07-03 08:30:00,130.31,116.98427
2026-07-03 08:45:00,124.52,115.74815
2026-07-03 09:00:00,128.04,113.44032
2026-07-03 09:15:00,134.72,108.7175
2026-07-03 09:30:00,122.72,122.55734
2026-07-03 09:45:00,134.52,110.0267
2026-07-03 10:00:00,114.58,119.770164
2026-07-03 10:15:00,114.86,105.78279
2026-07-03 10:30:00,115.18,103.57519
2026-07-03 10:45:00,124.52,107.79526
2026-07-03 11:00:00,127.39,113.92267
2026-07-03 11:15:00,128.57,115.505486
2026-07-03 11:30:00,132.45,115.8506
2026-07-03 11:45:00,131.59,126.05757
2026-07-03 12:00:00,127.06,127.73755
2026-07-03 12:15:00,130.7,121.30457
2026-07-03 12:30:00,131.87,126.90482
2026-07-03 12:45:00,130.77,126.639366
2026-07-03 13:00:00,133.47,124.807594
2026-07-03 13:15:00,133.0,132.2035
2026-07-03 13:30:00,124.52,132.87505
2026-07-03 13:45:00,125.8,127.01839
2026-07-03 14:00:00,124.0,127.79217
2026-07-03 14:15:00,133.0,129.22676
2026-07-03 14:30:00,134.3,134.43752
2026-07-03 14:45:00,129.1,135.97813
2026-07-03 15:00:00,121.64,128.82285
2026-07-03 15:15:00,126.63,127.30042
2026-07-03 15:30:00,155.74,131.3052
2026-07-03 15:45:00,164.0,141.94093
2026-07-03 16:00:00,126.39,144.36836
2026-07-03 16:15:00,139.67,133.71582
2026-07-03 16:30:00,164.0,143.71455
2026-07-03 16:45:00,175.0,170.86823
2026-07-03 17:00:00,154.97,154.61024
2026-07-03 17:15:00,153.38,155.57013
2026-07-03 17:30:00,159.82,159.99644
2026-07-03 17:45:00,170.8,169.20818
2026-07-03 18:00:00,168.0,166.25182
2026-07-03 18:15:00,167.1,166.90405
2026-07-03 18:30:00,170.45,165.46965
2026-07-03 18:45:00,175.18,167.71516
2026-07-03 19:00:00,164.0,168.79216
2026-07-03 19:15:00,159.5,164.27094
2026-07-03 19:30:00,158.16,154.71368
2026-07-03 19:45:00,156.22,153.52051
2026-07-03 20:00:00,156.33,140.86423
2026-07-03 20:15:00,163.35,139.80923
2026-07-03 20:30:00,145.61,143.00444
2026-07-03 20:45:00,135.53,139.21129
2026-07-03 21:00:00,156.53,130.62117
2026-07-03 21:15:00,141.21,137.84624
2026-07-03 21:30:00,135.0,134.25522
2026-07-03 21:45:00,131.0,128.78645
2026-07-03 22:00:00,137.0,132.6595
2026-07-03 23:00:00,161.5,131.55634
2026-07-03 23:15:00,139.92,147.07042
2026-07-03 23:30:00,141.48,133.73488
2026-07-03 23:45:00,136.0,132.40445
2026-07-04 00:00:00,139.92,137.22293
2026-07-04 00:30:00,140.56,135.1562
2026-07-04 00:45:00,139.6,134.76677
2026-07-04 01:00:00,135.7,133.72214
2026-07-04 01:15:00,139.5,132.92616
2026-07-04 01:30:00,133.99,133.9513
2026-07-04 01:45:00,130.81,131.40439
2026-07-04 02:00:00,140.5,128.4724
2026-07-04 02:15:00,139.92,135.47656
2026-07-04 02:45:00,136.17,133.98499
2026-07-04 03:00:00,139.92,135.30905
2026-07-04 03:15:00,133.29,142.03955
2026-07-04 03:30:00,129.19,137.40758
2026-07-04 03:45:00,118.0,133.69962
2026-07-04 04:00:00,135.0,130.13524
2026-07-04 04:15:00,126.53,138.04008
2026-07-04 04:30:00,128.09,129.08028
2026-07-04 04:45:00,118.02,127.01655
2026-07-04 05:00:00,144.73,122.102875
2026-07-04 05:15:00,137.0,137.6934
2026-07-04 05:30:00,122.31,130.96053
2026-07-04 05:45:00,112.44,118.175964
2026-07-04 06:00:00,173.0,122.383766
2026-07-04 06:15:00,162.54,147.80247
2026-07-04 06:30:00,123.0,137.84792
2026-07-04 06:45:00,111.43,114.43949
2026-07-04 07:00:00,139.92,125.03451
2026-07-04 07:15:00,134.04,135.95671
2026-07-04 07:30:00,111.78,120.59281
2026-07-04 07:45:00,105.14,105.09379
2026-07-04 08:00:00,61.11,98.091675
2026-07-04 08:15:00,51.4,55.509407
2026-07-04 08:30:00,49.32,33.169342
2026-07-04 09:00:00,16.0,39.253944
2026-07-04 09:30:00,15.0,23.839178
2026-07-04 09:45:00,5.0,23.676893
2026-07-04 10:00:00,35.21,15.3621855
2026-07-04 10:15:00,41.57,44.72732
2026-07-04 10:30:00,46.14,45.50292
2026-07-04 12:00:00,25.0,47.429153
2026-07-04 12:30:00,16.0,36.590553
2026-07-04 12:45:00,1.78,23.755352
2026-07-04 13:00:00,1.0,19.33882
2026-07-04 13:15:00,0.35,21.272755
2026-07-04 13:30:00,0.23,16.986973
2026-07-04 13:45:00,2.0,18.708616
2026-07-04 14:00:00,0.08,21.852633
2026-07-04 14:15:00,1.0,20.487085
2026-07-04 14:30:00,2.0,21.272318
2026-07-04 14:45:00,26.0,19.068659
2026-07-04 15:00:00,75.0,79.456276
2026-07-04 15:30:00,106.71,94.47108
2026-07-04 15:45:00,124.0,111.5367
2026-07-04 16:00:00,104.64,125.91135
2026-07-04 16:15:00,109.37,116.77665
2026-07-04 16:30:00,130.89,122.43157
2026-07-04 16:45:00,175.5,140.7421
2026-07-04 17:00:00,127.38,160.08339
2026-07-04 17:15:00,131.99,143.69572
2026-07-04 17:30:00,147.4,147.19073
2026-07-04 17:45:00,175.89,159.17038
2026-07-04 18:00:00,151.7,170.16615
2026-07-04 18:15:00,155.0,155.05702
2026-07-04 18:30:00,175.5,166.60818
2026-07-04 18:45:00,176.2,166.35434
2026-07-04 19:00:00,160.0,160.7417
2026-07-04 19:45:00,155.0,151.84409
2026-07-04 20:00:00,187.11,135.5987
2026-07-04 20:15:00,180.82,162.37692
2026-07-04 20:30:00,169.01,158.93465
2026-07-04 20:45:00,131.38,153.91745
2026-07-04 21:00:00,186.0,129.60013
2026-07-04 21:15:00,163.85,158.94528
2026-07-04 21:30:00,145.0,142.34639
2026-07-04 21:45:00,119.47,134.02629
2026-07-04 22:00:00,140.0,131.975
2026-07-04 22:15:00,145.0,137.97781
2026-07-04 22:30:00,131.86,143.3132
2026-07-04 22:45:00,127.8,130.99574
2026-07-04 23:00:00,149.28,132.09889
2026-07-04 23:15:00,150.8,139.5395
2026-07-04 23:30:00,140.0,139.51913
2026-07-04 23:45:00,139.92,135.13629
2026-07-05 00:00:00,140.79,135.47876
2026-07-05 00:15:00,147.0,136.25807
2026-07-05 00:30:00,145.0,141.2952
2026-07-05 00:45:00,139.92,143.14378
2026-07-05 01:00:00,143.5,134.20432
2026-07-05 01:15:00,139.92,139.09505
2026-07-05 01:30:00,135.0,135.8586
2026-07-05 01:45:00,135.89,133.28847
2026-07-05 02:00:00,139.4,135.11775
2026-07-05 02:15:00,138.7,137.88275
2026-07-05 02:30:00,136.9,134.88129
2026-07-05 02:45:00,145.0,136.96748
2026-07-05 03:00:00,187.11,147.0341
2026-07-05 03:15:00,167.5,163.91115
2026-07-05 03:30:00,159.19,161.05826
2026-07-05 03:45:00,145.0,154.75883
2026-07-05 04:00:00,165.0,158.39963
2026-07-05 04:15:00,147.0,168.49123
2026-07-05 04:30:00,136.9,148.62105
2026-07-05 04:45:00,119.7,138.8229
2026-07-05 05:00:00,140.5,136.7308
2026-07-05 05:15:00,124.4,136.71092
2026-07-05 05:30:00,119.7,123.62686
2026-07-05 05:45:00,100.0,113.99013
2026-07-05 06:00:00,143.08,97.24834
2026-07-05 06:15:00,119.5,127.30406
2026-07-05 06:30:00,87.29,108.17895
2026-07-05 06:45:00,50.13,54.053936
2026-07-05 07:00:00,40.0,51.134014
2026-07-05 07:15:00,31.0,26.861416
2026-07-05 07:30:00,20.99,18.634365
2026-07-05 07:45:00,11.0,14.369145
2026-07-05 08:00:00,0.13,7.7242727
2026-07-05 08:15:00,0.0,8.86316
2026-07-05 08:30:00,1.0,8.0860815
2026-07-05 10:00:00,0.0,10.55129
2026-07-05 11:45:00,1.0,13.06282
2026-07-05 13:00:00,0.02,12.89651
2026-07-05 13:15:00,0.0,13.673397
2026-07-05 13:45:00,0.1,13.999788
2026-07-05 14:00:00,6.0,15.824175
2026-07-05 14:15:00,20.99,17.491795
2026-07-05 14:30:00,26.0,47.239853
2026-07-05 14:45:00,92.16,58.395187
2026-07-05 15:00:00,86.5,96.93148
2026-07-05 15:15:00,110.5,107.80319
2026-07-05 15:30:00,147.2,118.3203
2026-07-05 15:45:00,175.5,133.8647
2026-07-05 16:00:00,119.7,152.08823
2026-07-05 16:15:00,131.1,131.48053
2026-07-05 16:30:00,139.92,146.92323
2026-07-05 16:45:00,169.28,157.3095
2026-07-05 17:00:00,118.48,167.75545
2026-07-05 17:15:00,130.03,148.53886
2026-07-05 17:30:00,175.5,149.14214
2026-07-05 17:45:00,187.11,166.40999
2026-07-05 18:00:00,157.79,178.87637
2026-07-05 18:15:00,141.96,168.34872
2026-07-05 18:30:00,174.9,159.58574
2026-07-05 18:45:00,187.11,166.56172
2026-07-05 19:00:00,173.0,173.65807
2026-07-05 19:30:00,173.19,162.09348
2026-07-05 19:45:00,168.0,161.34834
2026-07-05 20:00:00,183.41,150.51382
2026-07-05 20:15:00,162.37,162.73825
2026-07-05 20:30:00,149.01,144.81882
2026-07-05 20:45:00,145.21,141.32341
2026-07-05 21:00:00,187.11,135.27538
2026-07-05 21:15:00,166.11,162.10083
2026-07-05 21:30:00,133.95,146.24046
2026-07-05 21:45:00,127.03,127.26183
2026-07-05 22:00:00,151.8,126.92677
2026-07-05 22:15:00,190.0,140.71472
2026-07-05 22:30:00,160.97,165.4409
2026-07-05 22:45:00,156.23,148.97299
2026-07-05 23:00:00,160.28,141.53801
2026-07-05 23:15:00,150.8,146.98491
2026-07-05 23:30:00,140.0,137.40619
2026-07-05 23:45:00,139.92,132.06854
2026-07-06 00:00:00,135.9,131.44753
2026-07-06 00:15:00,132.15,132.184
2026-07-06 00:30:00,134.27,129.08075
2026-07-06 00:45:00,130.52,131.58662
2026-07-06 01:00:00,135.54,130.69939
2026-07-06 01:15:00,135.0,132.38048
2026-07-06 01:30:00,133.95,130.34637
2026-07-06 01:45:00,131.88,131.26721
2026-07-06 02:00:00,131.2,131.67435
2026-07-06 02:15:00,131.88,129.68459
2026-07-06 02:30:00,129.68,129.67557
2026-07-06 02:45:00,128.08,128.15372
2026-07-06 03:00:00,129.94,130.98946
2026-07-06 03:15:00,130.08,137.64835
2026-07-06 03:30:00,133.7,138.58044
2026-07-06 03:45:00,138.58,141.30692
2026-07-06 04:00:00,131.42,145.10303
2026-07-06 04:15:00,138.6,140.33627
2026-07-06 04:30:00,140.03,144.86554
2026-07-06 04:45:00,137.7,143.36375
2026-07-06 05:00:00,148.4,140.41289
2026-07-06 05:15:00,157.06,143.31479
2026-07-06 05:30:00,155.0,144.52272
2026-07-06 05:45:00,153.74,147.99751
2026-07-06 06:00:00,156.83,145.45544
2026-07-06 06:15:00,148.95,151.26997
2026-07-06 06:30:00,150.0,143.3593
2026-07-06 06:45:00,144.22,139.60808
2026-07-06 07:00:00,143.21,140.67877
2026-07-06 07:15:00,139.92,131.78261
2026-07-06 07:30:00,127.78,128.84079
2026-07-06 07:45:00,122.25,112.884766
2026-07-06 08:00:00,140.93,116.22036
2026-07-06 08:15:00,139.92,127.23131
2026-07-06 08:30:00,130.03,121.955025
2026-07-06 08:45:00,121.4,112.3893
2026-07-06 09:00:00,137.38,112.72602
2026-07-06 09:15:00,135.0,120.50027
2026-07-06 09:30:00,130.33,118.39357
2026-07-06 09:45:00,128.09,116.81255
2026-07-06 10:00:00,133.15,109.4762
2026-07-06 10:15:00,129.71,118.041
2026-07-06 10:30:00,132.14,115.181046
2026-07-06 10:45:00,127.38,117.294815
2026-07-06 11:15:00,132.05,118.9262
2026-07-06 11:30:00,132.52,124.52071
2026-07-06 11:45:00,131.61,124.83307
2026-07-06 12:00:00,119.35,124.00647
2026-07-06 12:15:00,120.8,118.01952
2026-07-06 12:30:00,127.38,122.60041
2026-07-06 12:45:00,129.28,127.53312
2026-07-06 13:00:00,117.07,128.21484
2026-07-06 13:15:00,120.8,119.05318
2026-07-06 13:30:00,134.74,126.80442
2026-07-06 13:45:00,151.31,136.44507
2026-07-06 14:00:00,126.52,147.9751
2026-07-06 14:15:00,140.19,129.0874
2026-07-06 14:30:00,155.0,143.7001
2026-07-06 14:45:00,157.97,159.93274
2026-07-06 15:00:00,113.6,147.18953
2026-07-06 15:15:00,119.86,123.47007
2026-07-06 15:30:00,137.4,127.304214
2026-07-06 15:45:00,149.54,140.52985
2026-07-06 16:00:00,133.76,136.69939
2026-07-06 16:15:00,145.96,142.47409
2026-07-06 16:30:00,174.22,146.64833
2026-07-06 16:45:00,169.28,166.45837
2026-07-06 17:00:00,167.4,161.58382
2026-07-06 17:15:00,165.95,168.8944
2026-07-06 17:30:00,174.22,173.84799
2026-07-06 17:45:00,188.83,178.31354
2026-07-06 18:00:00,167.79,183.68962
2026-07-06 18:15:00,171.75,168.9861
2026-07-06 18:30:00,174.9,176.08911
2026-07-06 18:45:00,183.9,176.44402
2026-07-06 19:00:00,173.0,180.6452
2026-07-06 19:15:00,167.4,169.96027
2026-07-06 19:30:00,166.02,169.5056
2026-07-06 19:45:00,163.9,171.81943
2026-07-06 20:00:00,174.22,157.41887
2026-07-06 20:30:00,167.4,156.12466
2026-07-06 20:45:00,158.21,157.54019
2026-07-06 21:00:00,174.22,144.79507
2026-07-06 21:15:00,166.11,155.68253
2026-07-06 21:30:00,144.22,158.3252
2026-07-06 21:45:00,135.0,143.69905
2026-07-06 22:00:00,150.0,134.06743
2026-07-06 22:15:00,148.82,143.74843
2026-07-06 22:30:00,151.5,143.52815
2026-07-06 22:45:00,140.0,143.62971
2026-07-06 23:00:00,155.22,135.71678
2026-07-06 23:15:00,155.48,142.37154
2026-07-06 23:30:00,148.82,143.98743
2026-07-06 23:45:00,140.48,138.35825
2026-07-07 00:00:00,145.07,136.26205
2026-07-07 00:15:00,140.61,141.52785
2026-07-07 00:30:00,140.0,134.79913
2026-07-07 00:45:00,146.0,134.72916
2026-07-07 01:00:00,133.9,142.74535
2026-07-07 01:15:00,134.1,134.23074
2026-07-07 01:30:00,140.0,133.5918
2026-07-07 01:45:00,144.0,136.71353
2026-07-07 02:00:00,132.9,139.7407
2026-07-07 02:15:00,135.0,132.43365
2026-07-07 02:45:00,145.46,135.2277
2026-07-07 03:00:00,135.0,146.06944
2026-07-07 03:15:00,138.5,136.02715
2026-07-07 03:30:00,133.94,145.71912
2026-07-07 03:45:00,135.0,144.36542
2026-07-07 04:15:00,152.44,144.3258
2026-07-07 04:30:00,159.06,151.5657
2026-07-07 04:45:00,167.7,154.14304
2026-07-07 05:00:00,153.7,162.14175
2026-07-07 05:15:00,150.0,151.98311
2026-07-07 05:30:00,153.93,152.17506
2026-07-07 05:45:00,154.24,151.87209
2026-07-07 06:00:00,139.12,150.19489
2026-07-07 06:15:00,135.95,139.7603
2026-07-07 06:30:00,146.0,139.49985
2026-07-07 06:45:00,135.49,140.50266
2026-07-07 07:00:00,144.22,125.354
2026-07-07 07:15:00,140.0,131.27916
2026-07-07 07:30:00,120.0,129.55756
2026-07-07 07:45:00,118.51,114.47453
2026-07-07 08:00:00,130.95,117.22203
2026-07-07 08:15:00,131.16,120.89585
2026-07-07 08:30:00,128.15,121.33593
2026-07-07 08:45:00,120.86,117.807076
2026-07-07 09:00:00,142.27,117.63328
2026-07-07 09:15:00,131.83,130.67374
2026-07-07 09:30:00,130.0,121.63489
2026-07-07 09:45:00,126.3,119.4122
2026-07-07 10:00:00,113.15,118.0789
2026-07-07 10:15:00,117.53,108.55465
2026-07-07 10:30:00,117.98,112.29848
2026-07-07 10:45:00,118.51,112.17412
2026-07-07 11:00:00,120.0,116.964966
2026-07-07 11:30:00,124.13,116.04958
2026-07-07 12:00:00,119.0,123.49788
2026-07-07 12:15:00,121.3,120.032875
2026-07-07 12:30:00,126.12,124.98824
2026-07-07 12:45:00,128.65,129.38058
2026-07-07 13:00:00,124.13,129.54915
2026-07-07 13:15:00,125.0,126.7815
2026-07-07 13:30:00,133.8,130.03078
2026-07-07 13:45:00,142.27,138.18945
2026-07-07 14:00:00,136.85,139.42584
2026-07-07 14:15:00,135.0,141.58539
2026-07-07 14:30:00,148.35,143.4277
2026-07-07 14:45:00,143.27,149.10988
2026-07-07 15:00:00,118.43,143.45102
2026-07-07 15:15:00,120.0,126.80584
2026-07-07 15:30:00,135.0,130.96489
2026-07-07 15:45:00,145.0,140.42313
2026-07-07 16:00:00,120.3,139.67648
2026-07-07 16:15:00,135.0,135.08136
2026-07-07 16:30:00,154.22,148.66846
2026-07-07 16:45:00,174.22,157.15315
2026-07-07 17:00:00,157.76,161.41309
2026-07-07 17:15:00,160.55,160.81488
2026-07-07 17:30:00,167.4,172.87646
2026-07-07 17:45:00,174.22,181.2771
2026-07-07 19:00:00,167.4,170.33932
2026-07-07 19:30:00,165.05,167.97278
2026-07-07 19:45:00,160.87,166.83144
2026-07-07 20:00:00,164.0,151.55884
2026-07-07 20:15:00,162.12,154.51587
2026-07-07 20:30:00,158.68,149.55574
2026-07-07 20:45:00,148.21,141.83748
2026-07-07 21:00:00,157.97,144.86601
2026-07-07 21:15:00,150.51,142.96075
2026-07-07 21:30:00,146.83,143.24701
2026-07-07 21:45:00,136.68,140.49086
2026-07-07 22:00:00,160.79,138.94763
2026-07-07 22:15:00,162.56,151.54028
2026-07-07 22:30:00,154.63,151.95001
2026-07-07 22:45:00,142.02,143.16096
2026-07-07 23:00:00,151.86,140.24847
2026-07-07 23:15:00,148.94,143.74702
2026-07-07 23:30:00,135.0,139.80836
2026-07-07 23:45:00,124.2,131.72653
2026-07-08 00:00:00,149.0,126.8627
2026-07-08 00:15:00,140.0,142.15277
2026-07-08 00:30:00,135.0,134.91805
2026-07-08 00:45:00,124.2,130.53305
2026-07-08 01:15:00,139.37,126.66823
2026-07-08 01:30:00,135.0,135.08278
2026-07-08 01:45:00,124.0,131.77911
2026-07-08 02:00:00,131.2,123.21595
2026-07-08 02:15:00,124.2,127.77889
2026-07-08 02:30:00,135.0,124.676125
2026-07-08 02:45:00,130.0,129.28055
2026-07-08 03:00:00,134.01,130.01514
2026-07-08 03:15:00,135.0,132.04964
2026-07-08 03:30:00,136.51,141.35764
2026-07-08 03:45:00,138.48,140.08936
2026-07-08 04:00:00,135.0,143.30147
2026-07-08 04:15:00,148.0,141.14775
2026-07-08 04:30:00,147.67,151.2253
2026-07-08 04:45:00,148.66,148.20134
2026-07-08 05:00:00,149.0,145.37881
2026-07-08 05:15:00,151.86,145.83812
2026-07-08 05:45:00,145.0,147.21967
2026-07-08 06:00:00,155.53,145.3227
2026-07-08 06:15:00,148.0,147.75427
2026-07-08 06:30:00,151.3,142.85425
2026-07-08 06:45:00,143.75,136.69276
2026-07-08 07:00:00,153.02,141.34686
2026-07-08 07:15:00,150.41,136.89964
2026-07-08 07:30:00,149.75,136.81932
2026-07-08 07:45:00,145.15,135.16766
2026-07-08 08:00:00,148.0,133.22447
2026-07-08 08:15:00,143.75,138.2046
2026-07-08 08:30:00,136.04,136.62134
2026-07-08 08:45:00,135.09,130.6795
2026-07-08 09:00:00,150.0,136.16408
2026-07-08 09:15:00,135.9,141.1082
2026-07-08 09:30:00,134.0,131.43556
2026-07-08 09:45:00,138.38,133.01454
2026-07-08 10:00:00,134.5,133.77258
2026-07-08 10:15:00,134.0,129.82109
2026-07-08 10:30:00,129.0,129.96005
2026-07-08 10:45:00,133.32,120.82733
2026-07-08 11:00:00,129.92,134.72299
2026-07-08 11:15:00,133.6,127.39129
2026-07-08 11:30:00,131.88,129.87042
2026-07-08 11:45:00,132.72,128.6121
2026-07-08 12:00:00,135.1,130.71684
2026-07-08 12:15:00,136.24,133.70132
2026-07-08 12:30:00,136.0,136.10335
2026-07-08 12:45:00,134.22,135.11644
2026-07-08 13:00:00,134.74,137.0043
2026-07-08 13:15:00,135.0,138.67642
2026-07-08 13:45:00,151.86,140.17674
2026-07-08 14:00:00,136.63,148.40573
2026-07-08 14:15:00,142.99,141.00748
2026-07-08 14:30:00,151.86,144.14471
2026-07-08 14:45:00,164.0,149.0117
2026-07-08 15:00:00,149.0,142.28128
2026-07-08 15:30:00,154.71,144.40454
2026-07-08 15:45:00,150.2,145.49196
2026-07-08 16:00:00,124.2,151.74002
2026-07-08 16:15:00,130.0,131.63263
2026-07-08 16:30:00,148.0,137.40958
2026-07-08 16:45:00,160.33,145.99704
2026-07-08 17:00:00,154.0,157.39323
2026-07-08 17:15:00,162.54,155.10728
2026-07-08 17:30:00,165.14,165.0094
2026-07-08 17:45:00,178.32,176.68845
2026-07-08 18:00:00,165.14,174.62488
2026-07-08 18:30:00,172.85,174.98051
2026-07-08 18:45:00,180.12,175.26642
2026-07-08 19:00:00,183.0,178.57779
2026-07-08 19:15:00,182.67,182.72623
2026-07-08 19:30:00,179.07,182.3106
2026-07-08 19:45:00,165.14,175.7109
2026-07-08 20:00:00,167.11,154.05473
2026-07-08 20:15:00,163.15,155.40506
2026-07-08 20:30:00,159.59,149.25847
2026-07-08 20:45:00,160.06,146.834
2026-07-08 21:00:00,162.55,148.34097
2026-07-08 21:15:00,157.9,150.33179
2026-07-08 21:30:00,150.0,141.73076
2026-07-08 21:45:00,138.77,143.27023
2026-07-08 22:00:00,155.74,138.25874
2026-07-08 22:15:00,163.15,146.28917
2026-07-08 22:30:00,155.0,152.42511
2026-07-08 22:45:00,144.0,145.75554
2026-07-08 23:00:00,159.0,137.91034
2026-07-08 23:15:00,157.69,152.27783
2026-07-08 23:30:00,152.9,139.95042
2026-07-08 23:45:00,150.41,142.0064
2026-07-09 00:00:00,139.64,141.17564
2026-07-09 00:15:00,150.0,135.90327
2026-07-09 00:30:00,146.56,140.58156
2026-07-09 00:45:00,135.0,141.54433
2026-07-09 01:00:00,145.2,134.09143
2026-07-09 01:15:00,142.49,142.87227
2026-07-09 01:30:00,146.56,137.60124
2026-07-09 01:45:00,141.88,140.91437
2026-07-09 02:00:00,143.27,138.96974
2026-07-09 02:15:00,147.68,138.71938
2026-07-09 02:30:00,144.69,141.9089
2026-07-09 02:45:00,135.0,141.63962
2026-07-09 03:00:00,146.38,136.2213
2026-07-09 03:15:00,150.0,144.43677
2026-07-09 03:30:00,135.0,152.15128
2026-07-09 03:45:00,141.3,143.24945
2026-07-09 04:00:00,140.0,154.03658
2026-07-09 04:15:00,152.9,151.73706
2026-07-09 04:30:00,163.15,152.03638
2026-07-09 04:45:00,164.9,156.6148
2026-07-09 05:00:00,163.15,161.92252
2026-07-09 05:45:00,158.19,157.60025
2026-07-09 06:00:00,155.0,152.42926
2026-07-09 06:15:00,160.0,154.47083
2026-07-09 06:30:00,155.74,156.48224
2026-07-09 06:45:00,155.0,144.39667
2026-07-09 07:00:00,155.74,145.81477
2026-07-09 07:15:00,156.0,144.14346
2026-07-09 07:30:00,152.9,142.70084
2026-07-09 07:45:00,142.0,137.83766
2026-07-09 08:00:00,147.7,135.41562
2026-07-09 08:15:00,145.0,141.12984
2026-07-09 08:30:00,144.74,138.6604
2026-07-09 08:45:00,144.0,133.68568
2026-07-09 09:00:00,135.09,138.57852
2026-07-09 09:15:00,140.0,133.95854
2026-07-09 09:30:00,142.0,132.60635
2026-07-09 09:45:00,136.25,134.7551
2026-07-09 10:00:00,138.13,129.19942
2026-07-09 10:15:00,137.75,127.09408
2026-07-09 10:30:00,136.5,130.72916
2026-07-09 10:45:00,136.73,129.0864
2026-07-09 11:00:00,135.25,131.82285
2026-07-09 11:15:00,132.32,132.28633
2026-07-09 11:30:00,138.75,131.40498
2026-07-09 11:45:00,137.75,132.73386
2026-07-09 12:00:00,132.49,131.65913
2026-07-09 12:15:00,140.31,136.68733
2026-07-09 12:30:00,140.0,139.79465
2026-07-09 13:00:00,141.0,136.5308
2026-07-09 13:15:00,140.0,136.48845
2026-07-09 13:30:00,145.0,137.88199
2026-07-09 13:45:00,146.29,140.15565
2026-07-09 14:00:00,140.0,141.09918
2026-07-09 14:15:00,142.0,136.05963
2026-07-09 14:30:00,142.36,140.22194
2026-07-09 14:45:00,155.0,139.65105
2026-07-09 15:00:00,149.5,145.5929
2026-07-09 15:15:00,140.0,144.0893
2026-07-09 15:30:00,141.07,136.75943
2026-07-09 15:45:00,135.79,143.88148
2026-07-09 16:00:00,130.0,143.39139
2026-07-09 16:30:00,149.0,135.3583
2026-07-09 16:45:00,159.98,148.35051
2026-07-09 17:00:00,160.6,156.32642
2026-07-09 17:15:00,163.15,162.61832
2026-07-09 17:30:00,170.27,165.90282
2026-07-09 17:45:00,200.92,179.26073
2026-07-09 18:00:00,181.68,196.10725
2026-07-09 18:15:00,192.5,189.7236
2026-07-09 18:30:00,213.4,196.42805
2026-07-09 18:45:00,220.0,209.20184
2026-07-09 19:00:00,212.41,206.544
2026-07-09 19:15:00,211.9,205.57477
2026-07-09 19:30:00,187.95,207.61174
2026-07-09 19:45:00,174.54,189.15274
2026-07-09 20:00:00,201.93,153.96036
2026-07-09 20:15:00,184.22,176.05978
2026-07-09 20:30:00,174.8,164.59344
2026-07-09 20:45:00,164.71,159.50569
2026-07-09 21:00:00,171.3,154.93352
2026-07-09 21:15:00,163.72,153.51506
2026-07-09 21:30:00,155.74,156.12524
2026-07-09 21:45:00,155.45,144.36427
2026-07-09 22:00:00,165.89,149.29707
2026-07-09 22:15:00,163.31,157.64543
2026-07-09 22:30:00,155.0,152.97086
2026-07-09 22:45:00,151.01,145.45139
2026-07-09 23:00:00,152.9,143.66768
2026-07-09 23:15:00,152.11,143.485
2026-07-09 23:30:00,152.9,142.66614
2026-07-09 23:45:00,140.0,142.99127
2026-07-10 00:00:00,158.98,137.66286
2026-07-10 00:15:00,155.0,147.505
2026-07-10 00:30:00,158.0,146.76003
2026-07-10 00:45:00,153.0,145.53
2026-07-10 01:00:00,150.0,143.15355
2026-07-10 01:30:00,149.23,143.7402
2026-07-10 01:45:00,145.0,144.85022
2026-07-10 02:00:00,145.43,142.98444
2026-07-10 02:15:00,140.58,143.94196
2026-07-10 02:30:00,143.92,138.35614
2026-07-10 02:45:00,145.97,144.08797
2026-07-10 03:00:00,143.6,148.0155
2026-07-10 03:15:00,145.0,144.57965
2026-07-10 03:30:00,142.5,154.12663
2026-07-10 03:45:00,145.26,152.28555
2026-07-10 04:00:00,145.35,153.54488
2026-07-10 04:15:00,153.08,155.42491
2026-07-10 04:30:00,152.9,154.33685
2026-07-10 05:00:00,156.38,150.913
2026-07-10 05:15:00,153.37,153.14641
2026-07-10 05:30:00,152.9,150.18434
2026-07-10 05:45:00,145.0,150.96346
2026-07-10 06:00:00,161.26,147.9376
2026-07-10 06:15:00,150.61,157.60468
2026-07-10 06:30:00,145.0,144.67413
2026-07-10 06:45:00,135.0,137.76839
2026-07-10 07:00:00,139.13,142.11858
2026-07-10 07:15:00,130.72,129.8971
2026-07-10 07:30:00,139.19,124.72449
2026-07-10 07:45:00,125.0,122.127785
2026-07-10 08:00:00,140.0,116.410675
2026-07-10 08:15:00,147.94,127.19022
2026-07-10 08:30:00,140.0,131.77296
2026-07-10 08:45:00,130.0,122.91273
2026-07-10 09:00:00,134.5,122.32664
2026-07-10 09:15:00,133.75,131.84853
2026-07-10 09:30:00,133.49,127.514114
2026-07-10 09:45:00,134.18,124.15212
2026-07-10 10:00:00,129.06,127.966194
2026-07-10 10:15:00,126.1,120.796425
2026-07-10 10:30:00,123.5,118.96605
2026-07-10 10:45:00,124.5,117.50439
2026-07-10 11:00:00,123.16,118.52238
2026-07-10 11:15:00,126.1,113.91632
2026-07-10 11:30:00,126.16,120.1762
2026-07-10 11:45:00,126.1,118.89556
2026-07-10 12:00:00,122.8,123.44474
2026-07-10 12:30:00,125.0,123.250015
2026-07-10 12:45:00,128.16,122.70166
2026-07-10 13:00:00,132.08,123.177666
2026-07-10 13:15:00,135.0,131.48083
2026-07-10 13:30:00,130.0,132.01086
2026-07-10 13:45:00,135.84,130.17049
2026-07-10 14:00:00,125.86,140.12009
2026-07-10 14:15:00,135.0,131.31654
2026-07-10 14:30:00,141.64,139.63902
2026-07-10 14:45:00,145.0,141.34732
2026-07-10 15:00:00,136.83,142.98267
2026-07-10 15:15:00,145.0,140.34763
2026-07-10 15:30:00,153.37,146.91994
2026-07-10 15:45:00,155.0,146.82314
2026-07-10 16:00:00,153.37,151.54076
2026-07-10 16:15:00,158.98,152.36494
2026-07-10 16:30:00,162.19,162.67038
2026-07-10 16:45:00,170.0,169.2205
2026-07-10 17:00:00,165.14,170.66833
2026-07-10 17:15:00,168.56,173.85426
2026-07-10 17:30:00,170.0,176.69139
2026-07-10 17:45:00,183.12,178.86269
2026-07-10 18:00:00,170.0,189.25694
2026-07-10 18:15:00,176.56,174.81456
2026-07-10 18:30:00,186.48,174.73508
2026-07-10 18:45:00,188.73,187.18341
2026-07-10 19:00:00,170.27,184.7207
2026-07-10 19:15:00,170.0,172.55792
2026-07-10 19:45:00,168.56,171.46777
2026-07-10 20:00:00,172.7,154.73547
2026-07-10 20:15:00,169.16,155.7077
2026-07-10 20:30:00,168.55,157.55423
2026-07-10 20:45:00,161.59,158.73608
2026-07-10 21:00:00,162.26,151.58719
2026-07-10 21:15:00,156.32,149.18329
2026-07-10 21:30:00,153.37,143.94957
2026-07-10 21:45:00,145.9,140.49164
2026-07-10 22:00:00,160.31,147.02257
2026-07-10 22:15:00,158.68,152.90302
2026-07-10 22:30:00,153.37,147.2277
2026-07-10 22:45:00,153.0,146.06134
2026-07-10 23:00:00,161.5,145.96329
2026-07-10 23:15:00,152.9,154.26392
2026-07-10 23:30:00,151.97,143.71617
2026-07-10 23:45:00,140.9,144.096
2026-07-11 00:00:00,153.37,141.20638
2026-07-11 00:15:00,166.73,143.98009
2026-07-11 00:30:00,162.74,156.66815
2026-07-11 00:45:00,155.0,155.19472
2026-07-11 01:00:00,153.37,144.57027
2026-07-11 01:15:00,152.9,147.12144
2026-07-11 02:00:00,150.41,145.89314
2026-07-11 02:15:00,141.46,143.73979
2026-07-11 02:30:00,144.14,136.71524
2026-07-11 02:45:00,147.34,141.08551
2026-07-11 03:00:00,152.9,144.37292
2026-07-11 03:15:00,148.1,142.15442
2026-07-11 03:30:00,140.32,150.86823
2026-07-11 03:45:00,132.48,147.49152
2026-07-11 04:00:00,153.0,145.67166
2026-07-11 04:15:00,153.37,155.79874
2026-07-11 04:30:00,146.97,151.33492
2026-07-11 04:45:00,141.5,148.24617
2026-07-11 05:00:00,153.0,148.79398
2026-07-11 05:15:00,152.9,151.0023
2026-07-11 05:30:00,135.09,145.57193
2026-07-11 05:45:00,128.22,132.6723
2026-07-11 06:00:00,142.16,131.01523
2026-07-11 06:15:00,123.95,139.49628
2026-07-11 06:30:00,132.48,118.080605
2026-07-11 06:45:00,124.61,122.19483
2026-07-11 07:00:00,146.03,123.239586
2026-07-11 07:15:00,129.5,132.64844
2026-07-11 07:30:00,116.92,116.418884
2026-07-11 07:45:00,127.95,104.712234
2026-07-11 08:00:00,155.0,117.10078
2026-07-11 08:15:00,143.24,133.13837
2026-07-11 08:30:00,150.0,121.87612
2026-07-11 08:45:00,135.78,129.20349
2026-07-11 09:00:00,125.98,134.24762
2026-07-11 09:15:00,128.95,122.45064
2026-07-11 09:30:00,119.81,123.05562
2026-07-11 09:45:00,124.0,114.19192
2026-07-11 10:00:00,105.0,110.88975
2026-07-11 10:15:00,102.65,94.05179
2026-07-11 10:30:00,112.66,90.954285
2026-07-11 10:45:00,113.61,101.381134
2026-07-11 11:00:00,99.0,102.238884
2026-07-11 11:15:00,100.0,89.80201
2026-07-11 11:30:00,99.5,90.5764
2026-07-11 11:45:00,99.4,89.47367
2026-07-11 12:00:00,121.95,97.37291
2026-07-11 12:15:00,128.95,111.41043
2026-07-11 12:30:00,129.5,113.749146
2026-07-11 12:45:00,131.53,111.583145
2026-07-11 13:00:00,130.84,119.53515
2026-07-11 13:15:00,129.13,122.50763
2026-07-11 13:30:00,127.19,120.90313
2026-07-11 13:45:00,133.24,127.6323
2026-07-11 14:00:00,128.85,136.55046
2026-07-11 14:15:00,131.47,127.77235
2026-07-11 14:30:00,139.2,128.88857
2026-07-11 14:45:00,152.9,138.47466
2026-07-11 15:00:00,128.95,136.76852
2026-07-11 15:15:00,134.3,130.4596
2026-07-11 15:30:00,153.87,138.33684
2026-07-11 15:45:00,174.5,145.91548
2026-07-11 16:00:00,153.37,143.16606
2026-07-11 16:30:00,161.1,146.02426
2026-07-11 16:45:00,170.0,162.30002
2026-07-11 17:00:00,150.75,175.4569
2026-07-11 17:15:00,153.92,154.31142
2026-07-11 17:30:00,160.67,164.74814
2026-07-11 17:45:00,172.5,172.18806
2026-07-11 18:00:00,157.25,170.00726
2026-07-11 18:15:00,161.36,163.61896
2026-07-11 18:30:00,167.62,172.43518
2026-07-11 18:45:00,170.0,171.78471
2026-07-11 19:00:00,155.64,166.45796
2026-07-11 19:15:00,154.63,153.86911
2026-07-11 19:30:00,157.95,151.37633
2026-07-11 19:45:00,157.25,151.65295
2026-07-11 20:00:00,165.17,141.50197
2026-07-11 20:15:00,170.0,152.25172
2026-07-11 20:30:00,160.4,154.42519
2026-07-11 20:45:00,157.64,146.19597
2026-07-11 21:00:00,200.0,144.59978
2026-07-11 21:15:00,166.32,177.04784
2026-07-11 21:30:00,157.21,155.99548
2026-07-11 21:45:00,147.03,142.0701
2026-07-11 22:00:00,155.21,147.22636
2026-07-11 22:15:00,159.98,152.37312
2026-07-11 22:30:00,153.37,157.45346
2026-07-11 23:15:00,152.9,143.96283
2026-07-11 23:30:00,150.09,144.71997
2026-07-11 23:45:00,134.67,148.09596
2026-07-12 00:00:00,159.98,139.22153
2026-07-12 00:15:00,150.41,152.74678
2026-07-12 00:30:00,145.56,145.79436
2026-07-12 00:45:00,137.35,140.57585
2026-07-12 01:00:00,153.37,143.06006
2026-07-12 01:15:00,152.9,145.32935
2026-07-12 01:30:00,152.0,147.0575
2026-07-12 01:45:00,152.9,145.97736
2026-07-12 02:00:00,150.41,146.05965
2026-07-12 02:15:00,152.9,145.69
2026-07-12 02:30:00,155.0,145.35068
2026-07-12 02:45:00,152.9,146.28058
2026-07-12 03:15:00,144.36,146.21907
2026-07-12 03:30:00,136.34,151.4706
2026-07-12 03:45:00,112.13,145.15453
2026-07-12 04:00:00,124.1,130.43388
2026-07-12 04:15:00,146.25,133.7271
2026-07-12 04:30:00,151.0,146.67458
2026-07-12 04:45:00,150.17,137.66243
2026-07-12 05:00:00,154.31,142.80615
2026-07-12 05:15:00,153.37,145.68137
2026-07-12 05:30:00,136.5,146.02599
2026-07-12 05:45:00,122.29,137.47148
2026-07-12 06:00:00,139.26,131.91394
2026-07-12 06:15:00,121.08,137.68
2026-07-12 06:30:00,132.98,116.24732
2026-07-12 06:45:00,112.0,121.351494
2026-07-12 07:00:00,90.0,114.17705
2026-07-12 07:15:00,64.37,85.641754
2026-07-12 07:30:00,146.92,61.0799
2026-07-12 07:45:00,133.59,120.22337
2026-07-12 08:00:00,120.0,113.19104
2026-07-12 08:15:00,100.0,99.7381
2026-07-12 08:30:00,97.67,87.828705
2026-07-12 08:45:00,91.0,82.23611
2026-07-12 09:00:00,100.06,70.46085
2026-07-12 09:15:00,100.0,87.86885
2026-07-12 09:30:00,99.38,90.251305
2026-07-12 09:45:00,50.0,87.744385
2026-07-12 10:00:00,45.0,52.80633
2026-07-12 10:15:00,80.0,40.02553
2026-07-12 10:45:00,45.84,72.90717
2026-07-12 11:00:00,79.3,38.75484
2026-07-12 11:15:00,75.01,68.160614
2026-07-12 11:30:00,86.36,74.18436
2026-07-12 11:45:00,72.81,70.94698
2026-07-12 12:00:00,71.31,77.15607
2026-07-12 12:15:00,82.0,75.52701
2026-07-12 12:30:00,79.8,80.27211
2026-07-12 12:45:00,85.73,79.30017
2026-07-12 13:00:00,50.0,81.90075
2026-07-12 13:15:00,52.0,65.68799
2026-07-12 13:30:00,62.6,68.095726
2026-07-12 13:45:00,80.0,73.343735
2026-07-12 14:00:00,90.18,89.354454
2026-07-12 14:15:00,110.0,89.22857
2026-07-12 14:30:00,119.2,108.267426
2026-07-12 14:45:00,152.9,112.84708
2026-07-12 15:00:00,115.77,133.00844
2026-07-12 15:15:00,134.41,118.159515
2026-07-12 15:30:00,135.79,134.29817
2026-07-12 15:45:00,148.63,132.65393
2026-07-12 16:00:00,116.5,140.62485
2026-07-12 16:15:00,124.1,130.34177
2026-07-12 16:30:00,126.9,135.57562
2026-07-12 16:45:00,152.9,140.30675
2026-07-12 17:00:00,153.37,161.02217
2026-07-12 17:15:00,146.69,161.03253
2026-07-12 17:30:00,153.4,156.75104
2026-07-12 17:45:00,157.5,160.93549
2026-07-12 18:00:00,157.0,163.13065
2026-07-12 18:15:00,164.32,162.33397
2026-07-12 18:30:00,170.0,168.60901
2026-07-12 20:15:00,180.0,151.23552
2026-07-12 21:15:00,170.0,153.81693
2026-07-12 21:45:00,155.0,148.85164
2026-07-12 22:00:00,172.84,149.24532
2026-07-12 22:45:00,147.0,155.39648
2026-07-12 23:00:00,159.98,143.96437
2026-07-12 23:15:00,155.0,151.14569
2026-07-12 23:30:00,149.46,149.06308
2026-07-12 23:45:00,140.0,142.05222
2026-07-13 00:00:00,155.0,138.7786
2026-07-13 00:15:00,140.0,148.78746
2026-07-13 00:30:00,130.88,136.13405
2026-07-13 00:45:00,128.85,128.00346
2026-07-13 01:00:00,132.5,130.81938
2026-07-13 01:15:00,132.44,128.23187
2026-07-13 01:30:00,132.39,129.53271
2026-07-13 01:45:00,130.1,128.1338
2026-07-13 02:00:00,132.72,129.59486
2026-07-13 02:15:00,129.71,132.68684
2026-07-13 02:30:00,130.1,129.76541
2026-07-13 02:45:00,127.87,130.6431
2026-07-13 03:00:00,128.12,131.0651
2026-07-13 03:15:00,132.45,130.67854
2026-07-13 03:30:00,139.23,141.76793
2026-07-13 03:45:00,144.75,144.44775
2026-07-13 04:00:00,144.9,149.60495
2026-07-13 04:15:00,161.75,151.21397
2026-07-13 04:30:00,176.61,159.30281
2026-07-13 04:45:00,176.74,168.35553
2026-07-13 05:00:00,172.84,166.32607
2026-07-13 05:45:00,172.29,158.419
2026-07-13 06:00:00,160.32,161.47498
2026-07-13 06:15:00,171.08,151.93544
2026-07-13 06:30:00,159.98,157.78384
2026-07-13 06:45:00,162.0,146.86177
2026-07-13 07:00:00,159.98,150.85846
2026-07-13 07:30:00,149.12,150.7289
2026-07-13 07:45:00,142.78,137.95132
2026-07-13 08:00:00,141.03,132.49863
2026-07-13 08:15:00,138.17,129.17072
2026-07-13 08:30:00,133.26,126.38285
2026-07-13 08:45:00,128.99,124.35345
2026-07-13 09:00:00,128.27,118.62472
2026-07-13 09:15:00,129.5,111.41544
2026-07-13 09:30:00,126.1,117.34227
2026-07-13 09:45:00,126.66,111.98627
2026-07-13 10:00:00,122.42,107.616264
2026-07-13 10:15:00,130.0,110.95113
2026-07-13 10:30:00,127.42,115.21755
2026-07-13 10:45:00,128.63,109.87161
2026-07-13 11:00:00,129.3,121.95463
2026-07-13 11:15:00,126.07,125.418816
2026-07-13 11:30:00,130.39,117.49681
2026-07-13 11:45:00,134.64,124.34809
2026-07-13 12:00:00,137.76,134.24484
2026-07-13 12:15:00,138.69,134.01646
2026-07-13 12:30:00,136.92,137.49815
2026-07-13 12:45:00,140.69,135.66246
2026-07-13 13:00:00,129.22,139.7433
2026-07-13 13:15:00,135.0,126.392876
2026-07-13 13:30:00,140.0,134.05917
2026-07-13 14:00:00,155.0,136.39098
2026-07-13 14:15:00,172.84,147.41756
2026-07-13 14:30:00,152.18,145.91861
2026-07-13 14:45:00,159.98,147.33333
2026-07-13 15:00:00,149.26,153.41658
2026-07-13 15:15:00,169.92,153.42308
2026-07-13 15:30:00,172.84,154.97699
2026-07-13 15:45:00,159.98,158.3463
2026-07-13 16:00:00,140.41,160.94305
2026-07-13 16:15:00,150.54,149.28667
2026-07-13 16:30:00,172.84,151.34123
2026-07-13 16:45:00,180.0,166.7168
2026-07-13 17:00:00,179.69,158.58365
2026-07-13 17:15:00,176.74,163.17186
2026-07-13 17:30:00,189.2,169.85602
2026-07-13 17:45:00,198.25,178.6118
2026-07-13 18:00:00,185.13,185.71744
2026-07-13 18:15:00,189.5,186.534
2026-07-13 18:30:00,180.0,194.66394
2026-07-13 18:45:00,190.01,180.60512
2026-07-13 19:00:00,180.0,190.75375
2026-07-13 19:15:00,176.74,183.04721
2026-07-13 19:30:00,172.84,175.43704
2026-07-13 19:45:00,167.79,171.45605
2026-07-13 20:00:00,172.84,153.86569
2026-07-13 20:15:00,164.92,156.55731
2026-07-13 20:30:00,159.05,157.62961
2026-07-13 20:45:00,150.47,147.38226
2026-07-13 21:00:00,161.27,148.18738
2026-07-13 21:15:00,153.3,150.21114
2026-07-13 21:30:00,146.26,142.35976
2026-07-13 21:45:00,140.4,141.30591
2026-07-13 22:00:00,154.99,142.3379
2026-07-13 22:15:00,158.0,148.80847
2026-07-13 22:30:00,151.61,150.72357
2026-07-13 22:45:00,147.0,150.05887
2026-07-13 23:00:00,161.68,144.4449
2026-07-13 23:15:00,148.96,154.19931
2026-07-13 23:30:00,149.46,145.78477
2026-07-13 23:45:00,157.0,144.8275
2026-07-14 00:00:00,145.0,152.28256
2026-07-14 00:45:00,140.0,142.39018
2026-07-14 01:00:00,137.5,138.01857
2026-07-14 01:15:00,136.31,137.63594
2026-07-14 01:30:00,135.0,136.21117
2026-07-14 01:45:00,137.59,135.0289
2026-07-14 02:00:00,138.68,138.06847
2026-07-14 02:15:00,138.47,137.23976
2026-07-14 02:30:00,138.91,134.35857
2026-07-14 02:45:00,138.9,136.61491
2026-07-14 03:00:00,135.0,139.95143
2026-07-14 03:15:00,133.28,136.63074
2026-07-14 03:30:00,136.93,135.21149
2026-07-14 03:45:00,139.6,138.22856
2026-07-14 04:00:00,147.01,141.12563
2026-07-14 04:15:00,156.0,156.8261
2026-07-14 04:30:00,153.4,161.75165
2026-07-14 04:45:00,152.96,157.21848
2026-07-14 05:00:00,160.7,156.08177
2026-07-14 05:15:00,162.74,166.67049
2026-07-14 05:30:00,168.87,162.5052
2026-07-14 05:45:00,162.74,167.5066
2026-07-14 06:15:00,171.29,159.62001
2026-07-14 06:30:00,160.83,168.1969
2026-07-14 06:45:00,148.96,157.65921
2026-07-14 07:00:00,162.74,146.15933
2026-07-14 07:15:00,160.37,157.26501
2026-07-14 07:30:00,143.81,157.08467
2026-07-14 07:45:00,133.08,138.24966
2026-07-14 08:00:00,130.91,132.65778
2026-07-14 08:15:00,138.23,129.9946
2026-07-14 08:30:00,141.0,131.8719
2026-07-14 08:45:00,137.3,135.86087
2026-07-14 09:00:00,143.0,133.84325
2026-07-14 09:15:00,138.23,141.71066
2026-07-14 09:30:00,143.64,135.07112
2026-07-14 09:45:00,142.24,146.36812
2026-07-14 10:00:00,142.64,143.91116
2026-07-14 10:15:00,142.26,140.9373
2026-07-14 10:30:00,139.13,143.21553
2026-07-14 10:45:00,143.19,135.91432
2026-07-14 11:00:00,144.94,148.84163
2026-07-14 11:15:00,142.3,148.55899
2026-07-14 11:30:00,138.21,145.68564
2026-07-14 11:45:00,146.58,138.2445
2026-07-14 12:00:00,142.76,153.47699
2026-07-14 12:15:00,142.85,146.93317
2026-07-14 12:30:00,148.23,145.8451
2026-07-14 12:45:00,143.0,153.00246
2026-07-14 13:00:00,136.16,146.60793
2026-07-14 13:15:00,141.0,134.1079
2026-07-14 13:45:00,150.0,140.72998
2026-07-14 14:00:00,135.0,158.69145
2026-07-14 14:15:00,150.53,140.1423
2026-07-14 14:30:00,148.0,157.73184
2026-07-14 14:45:00,148.18,154.53969
2026-07-14 15:00:00,131.91,148.8524
2026-07-14 15:15:00,143.0,136.64394
2026-07-14 15:30:00,157.02,150.18204
2026-07-14 15:45:00,167.17,148.7176
2026-07-14 16:00:00,142.39,149.34322
2026-07-14 16:15:00,165.43,152.37045
2026-07-14 16:30:00,172.84,164.3628
2026-07-14 16:45:00,177.38,172.01071
2026-07-14 17:00:00,172.84,161.33316
2026-07-14 17:15:00,176.74,176.56465
2026-07-14 17:30:00,181.63,173.58168
2026-07-14 17:45:00,192.0,181.38571
2026-07-14 18:00:00,176.74,187.99565
2026-07-14 18:15:00,178.77,176.86217
2026-07-14 18:30:00,180.0,177.94926
2026-07-14 19:00:00,174.24,177.58934
2026-07-14 19:15:00,174.32,171.72432
2026-07-14 19:30:00,174.02,173.4846
2026-07-14 19:45:00,171.96,175.73769
2026-07-14 20:00:00,178.44,161.64221
2026-07-14 20:15:00,170.58,162.85123
2026-07-14 20:30:00,167.11,160.67523
2026-07-14 20:45:00,158.93,163.29216
2026-07-14 21:00:00,158.51,144.39838
2026-07-14 21:15:00,153.0,148.08466
2026-07-14 21:30:00,150.31,143.93164
2026-07-14 21:45:00,144.26,143.2146
2026-07-14 22:00:00,158.34,140.77356
2026-07-14 22:15:00,154.5,147.64357
2026-07-14 22:30:00,154.0,145.48921
2026-07-14 22:45:00,146.32,144.90364
2026-07-14 23:00:00,150.45,139.5328
2026-07-14 23:15:00,145.0,141.66316
2026-07-14 23:30:00,142.9,139.76657
2026-07-14 23:45:00,139.44,137.24512
2026-07-15 00:00:00,141.39,135.05812
2026-07-15 00:15:00,138.28,136.63385
2026-07-15 00:30:00,145.0,133.51637
2026-07-15 01:00:00,156.73,139.73009
2026-07-15 01:15:00,155.0,145.22545
2026-07-15 01:30:00,152.13,144.57672
2026-07-15 01:45:00,147.06,142.81654
2026-07-15 02:00:00,148.18,142.18523
2026-07-15 02:15:00,155.0,140.62141
2026-07-15 02:30:00,150.65,145.02605
2026-07-15 02:45:00,156.73,141.65038
2026-07-15 03:00:00,155.0,149.34578
2026-07-15 03:15:00,156.73,147.46616
2026-07-15 03:30:00,156.82,146.81146
2026-07-15 03:45:00,158.34,147.3853
2026-07-15 04:00:00,163.39,151.23723
2026-07-15 04:15:00,169.88,171.93967
2026-07-15 04:30:00,171.94,175.8366
2026-07-15 05:00:00,171.95,172.47476
2026-07-15 05:15:00,171.94,175.91783
2026-07-15 05:30:00,172.17,172.5253
2026-07-15 06:00:00,175.0,170.24594
2026-07-15 06:15:00,172.17,169.37094
2026-07-15 06:30:00,169.88,167.60666
2026-07-15 06:45:00,162.0,166.69722
2026-07-15 07:00:00,169.88,160.87491
2026-07-15 07:15:00,165.0,167.56076
2026-07-15 07:30:00,161.12,163.12914
2026-07-15 07:45:00,153.69,154.06247
2026-07-15 08:00:00,158.34,141.50325
2026-07-15 08:15:00,158.7,148.30414
2026-07-15 08:30:00,158.34,144.3364
2026-07-15 08:45:00,155.0,136.33086
2026-07-15 09:00:00,154.26,142.58826
2026-07-15 09:15:00,156.73,139.36038
2026-07-15 09:30:00,151.89,139.07501
2026-07-15 09:45:00,154.36,136.90295
2026-07-15 10:00:00,150.98,134.47261
2026-07-15 10:15:00,150.57,137.16118
2026-07-15 10:30:00,149.41,140.67291
2026-07-15 10:45:00,146.69,141.67882
2026-07-15 11:00:00,145.49,140.84846
2026-07-15 11:15:00,147.98,140.13737
2026-07-15 11:30:00,152.53,144.44249
2026-07-15 11:45:00,154.0,141.55402
2026-07-15 12:00:00,150.11,142.39915
2026-07-15 12:15:00,154.36,152.8365
2026-07-15 12:30:00,156.73,149.25677
2026-07-15 12:45:00,158.34,148.97092
2026-07-15 13:45:00,160.0,151.16331
2026-07-15 14:00:00,169.0,154.70012
2026-07-15 14:15:00,169.88,161.41008
2026-07-15 14:30:00,172.17,164.9553
2026-07-15 14:45:00,175.0,165.13377
2026-07-15 15:00:00,171.94,162.3523
2026-07-15 15:15:00,174.64,161.94446
2026-07-15 15:45:00,176.48,165.64655
2026-07-15 16:00:00,172.17,166.28409
2026-07-15 16:15:00,174.43,168.67894
2026-07-15 16:30:00,197.15,172.74109
2026-07-15 17:00:00,178.0,178.75049
2026-07-15 17:15:00,194.13,177.87975
2026-07-15 17:30:00,199.99,187.48944
2026-07-15 17:45:00,207.88,192.03372
2026-07-15 18:00:00,197.15,195.81975
2026-07-15 18:15:00,197.35,198.461
2026-07-15 18:30:00,198.57,198.24898
2026-07-15 18:45:00,200.0,195.73528
2026-07-15 19:00:00,197.15,195.68938
2026-07-15 19:15:00,196.12,194.0676
2026-07-15 19:30:00,197.15,191.6623
2026-07-15 19:45:00,196.55,190.38013
2026-07-15 20:00:00,199.99,170.82867
2026-07-15 20:15:00,190.0,172.03986
2026-07-15 20:30:00,187.9,168.06366
2026-07-15 20:45:00,175.63,166.42325
2026-07-15 21:00:00,179.14,151.66257
2026-07-15 21:15:00,171.94,153.19598
2026-07-15 21:30:00,169.62,151.74725
2026-07-15 21:45:00,164.96,159.90668
2026-07-15 22:00:00,173.58,158.75073
2026-07-15 22:15:00,203.67,159.69699
2026-07-15 22:30:00,203.75,183.95609
2026-07-15 22:45:00,159.0,183.21307
2026-07-15 23:00:00,204.99,153.87234
2026-07-15 23:15:00,200.0,180.06886
2026-07-15 23:30:00,165.57,179.50212
2026-07-15 23:45:00,169.44,158.70343
2026-07-16 00:00:00,159.65,161.42686
2026-07-16 00:15:00,162.25,153.28001
2026-07-16 00:30:00,153.52,155.8279
2026-07-16 00:45:00,153.49,144.24594
2026-07-16 01:00:00,157.5,146.2939
2026-07-16 01:15:00,147.53,147.25662
2026-07-16 01:30:00,148.08,144.66331
2026-07-16 01:45:00,148.15,143.81628
2026-07-16 02:00:00,148.61,146.1787
2026-07-16 02:15:00,149.61,143.83269
2026-07-16 02:30:00,153.0,145.52187
2026-07-16 02:45:00,154.51,145.01906
2026-07-16 03:00:00,152.85,148.7729
2026-07-16 03:15:00,158.0,148.29668
2026-07-16 03:30:00,160.27,151.00143
2026-07-16 03:45:00,163.28,158.37717
2026-07-16 04:00:00,171.94,159.6454
2026-07-16 04:15:00,174.2,175.60954
2026-07-16 04:30:00,174.87,177.00049
2026-07-16 04:45:00,173.71,177.69739
2026-07-16 05:00:00,178.78,175.75116
2026-07-16 05:15:00,176.83,176.36803
2026-07-16 05:30:00,174.64,175.51332
2026-07-16 05:45:00,172.84,173.14496
2026-07-16 06:00:00,175.1,171.37195
2026-07-16 06:15:00,172.84,170.63231
2026-07-16 06:30:00,169.0,168.4131
2026-07-16 06:45:00,159.7,162.26622
2026-07-16 07:00:00,174.64,157.44556
2026-07-16 07:15:00,173.05,167.53079
2026-07-16 07:30:00,151.12,166.10448
2026-07-16 07:45:00,141.35,135.80508
2026-07-16 08:00:00,159.7,142.23708
2026-07-16 08:15:00,160.0,154.54108
2026-07-16 08:30:00,159.7,141.69843
2026-07-16 08:45:00,155.93,142.28754
2026-07-16 09:00:00,160.0,141.73404
2026-07-16 09:30:00,144.14,148.08223
2026-07-16 09:45:00,141.7,140.0426
2026-07-16 10:00:00,157.44,133.89627
2026-07-16 10:15:00,146.22,138.58304
2026-07-16 10:30:00,148.38,137.15103
2026-07-16 10:45:00,150.0,138.11172
2026-07-16 11:00:00,141.7,143.38837
2026-07-16 11:15:00,147.38,140.87866
2026-07-16 11:30:00,146.2,144.87918
2026-07-16 11:45:00,147.38,146.06891
2026-07-16 12:00:00,138.4,145.39067
2026-07-16 12:15:00,152.23,137.42007
2026-07-16 12:30:00,151.86,147.89417
2026-07-16 12:45:00,160.75,147.93396
2026-07-16 13:00:00,152.51,147.28894
2026-07-16 13:15:00,150.0,148.06079
2026-07-16 13:30:00,159.7,155.47694
2026-07-16 13:45:00,160.75,162.20996
2026-07-16 14:00:00,147.73,155.31653
2026-07-16 14:15:00,149.88,151.57068
2026-07-16 14:30:00,146.22,158.71457
2026-07-16 14:45:00,151.43,158.3288
2026-07-16 15:00:00,138.6,147.8944
2026-07-16 15:15:00,148.83,139.18483
2026-07-16 15:30:00,156.8,151.50414
2026-07-16 15:45:00,170.53,155.11363
2026-07-16 16:00:00,172.67,147.20457
2026-07-16 16:15:00,178.84,159.98341
2026-07-16 16:30:00,197.15,166.33253
2026-07-16 16:45:00,198.12,180.72923
2026-07-16 17:00:00,187.35,180.71503
2026-07-16 17:15:00,199.54,182.92859
2026-07-16 17:30:00,229.99,182.85132
2026-07-16 17:45:00,260.0,198.52673
2026-07-16 18:00:00,227.15,196.7474
2026-07-16 18:15:00,240.0,202.13086
2026-07-16 18:30:00,228.57,196.49606
2026-07-16 18:45:00,224.41,198.52747
2026-07-16 19:00:00,219.89,199.61185
2026-07-16 19:15:00,217.79,200.19028
2026-07-16 19:30:00,206.63,199.43848
2026-07-16 19:45:00,203.75,189.11162
2026-07-16 20:00:00,228.77,169.32352
2026-07-16 20:15:00,203.75,178.82697
2026-07-16 20:30:00,205.0,168.68436
2026-07-16 20:45:00,189.84,168.41655
2026-07-16 21:00:00,196.03,163.51613
2026-07-16 21:15:00,180.6,170.48927
2026-07-16 21:30:00,175.1,156.64354
2026-07-16 21:45:00,169.52,150.6635
2026-07-16 22:00:00,179.83,153.92207
2026-07-16 22:15:00,181.43,158.56598
2026-07-16 22:30:00,179.13,168.11977
2026-07-16 22:45:00,166.5,156.52678
2026-07-16 23:00:00,167.0,154.15321
2026-07-16 23:15:00,162.88,149.29588
2026-07-16 23:30:00,160.64,151.45036
2026-07-16 23:45:00,155.28,152.7864
2026-07-17 00:00:00,161.1,149.25859
2026-07-17 00:15:00,160.0,155.48427
2026-07-17 00:30:00,158.5,155.93489
2026-07-17 00:45:00,150.0,152.43272
2026-07-17 01:00:00,157.5,146.64268
2026-07-17 01:15:00,157.48,150.20943
2026-07-17 01:30:00,157.34,149.31882
2026-07-17 01:45:00,157.36,150.25336
2026-07-17 02:00:00,157.5,148.22348
2026-07-17 02:15:00,158.5,147.7976
2026-07-17 02:30:00,151.1,151.71216
2026-07-17 02:45:00,148.94,145.83418
2026-07-17 03:00:00,155.09,148.74498
2026-07-17 03:15:00,152.69,150.54678
2026-07-17 03:30:00,152.51,146.32227
2026-07-17 03:45:00,158.67,147.60596
2026-07-17 04:00:00,161.37,153.66422
2026-07-17 04:15:00,166.82,165.27332
2026-07-17 04:30:00,166.48,172.02943
2026-07-17 04:45:00,163.07,172.96486
2026-07-17 05:00:00,175.0,167.14618
2026-07-17 05:15:00,175.98,171.71637
2026-07-17 05:30:00,175.14,169.78734
2026-07-17 05:45:00,175.98,166.36972
2026-07-17 06:00:00,181.43,168.13367
2026-07-17 06:45:00,170.0,169.24126
2026-07-17 07:00:00,181.43,163.05896
2026-07-17 07:30:00,178.86,168.59644
2026-07-17 07:45:00,163.0,157.92885
2026-07-17 08:00:00,168.46,153.3275
2026-07-17 08:15:00,165.0,157.20032
2026-07-17 08:45:00,161.54,159.82617
2026-07-17 09:00:00,160.57,154.40608
2026-07-17 09:15:00,160.5,155.824
2026-07-17 09:30:00,161.54,156.05263
2026-07-17 09:45:00,159.26,152.89685
2026-07-17 10:00:00,157.0,148.08223
2026-07-17 10:15:00,156.5,146.97044
2026-07-17 10:30:00,157.75,146.78427
2026-07-17 10:45:00,156.5,140.59912
2026-07-17 11:00:00,158.25,140.23714
2026-07-17 11:15:00,159.03,142.15765
2026-07-17 11:30:00,149.0,143.7247
2026-07-17 11:45:00,140.39,142.13162
2026-07-17 12:00:00,159.25,136.15518
2026-07-17 12:15:00,160.0,146.76596
2026-07-17 12:45:00,157.34,146.32837
2026-07-17 13:00:00,160.0,141.00647
2026-07-17 13:15:00,162.56,149.10603
2026-07-17 13:30:00,161.54,148.02412
2026-07-17 13:45:00,170.0,147.24818
2026-07-17 14:00:00,154.8,154.55357
2026-07-17 14:15:00,160.0,154.18367
2026-07-17 14:30:00,166.7,157.1817
2026-07-17 14:45:00,161.16,160.78346
2026-07-17 15:00:00,154.39,147.68994
2026-07-17 15:15:00,155.0,149.91508
2026-07-17 15:30:00,161.05,156.02516
2026-07-17 15:45:00,171.0,160.76048
2026-07-17 16:00:00,175.98,155.49075
2026-07-17 16:15:00,187.59,159.23784
2026-07-17 16:30:00,200.0,171.05214
2026-07-17 16:45:00,194.33,179.67807
2026-07-17 17:00:00,187.3,179.35402
2026-07-17 17:15:00,198.87,180.39699
2026-07-17 17:30:00,200.0,181.3839
2026-07-17 17:45:00,207.15,186.06822
2026-07-17 18:00:00,196.5,186.65791
2026-07-17 18:15:00,199.5,193.30174
2026-07-17 18:30:00,198.0,190.55757
2026-07-17 18:45:00,198.5,194.22969
2026-07-17 19:00:00,195.11,189.27165
2026-07-17 19:15:00,193.43,194.66325
2026-07-17 19:30:00,186.63,192.75594
2026-07-17 19:45:00,178.53,188.28825
2026-07-17 20:00:00,179.83,153.3661
2026-07-17 20:15:00,175.98,158.77806
2026-07-17 20:30:00,169.41,153.2783
2026-07-17 20:45:00,164.66,160.4643
2026-07-17 21:00:00,174.19,154.96689
2026-07-17 21:15:00,165.0,158.78784
2026-07-17 21:30:00,160.64,157.512
2026-07-17 21:45:00,155.35,150.50146
2026-07-17 22:00:00,175.0,150.88176
2026-07-17 22:15:00,180.0,159.47601
2026-07-17 22:30:00,179.83,165.2161
2026-07-17 22:45:00,167.81,164.92496
2026-07-17 23:00:00,175.63,157.2664
2026-07-17 23:15:00,168.0,154.5759
2026-07-17 23:30:00,160.2,157.77505
2026-07-17 23:45:00,156.44,152.35098
2026-07-18 00:00:00,169.11,150.6997
2026-07-18 00:15:00,161.42,161.24666
2026-07-18 00:30:00,159.06,155.75261
2026-07-18 00:45:00,150.41,150.6309
2026-07-18 01:00:00,168.0,146.4981
2026-07-18 01:15:00,167.48,160.54805
2026-07-18 01:30:00,167.34,160.6468
2026-07-18 01:45:00,167.36,157.53688
2026-07-18 02:00:00,173.0,160.06418
2026-07-18 02:15:00,170.78,158.02873
2026-07-18 02:30:00,170.0,158.33904
2026-07-18 02:45:00,166.22,162.37267
2026-07-18 03:00:00,173.09,165.83174
2026-07-18 03:15:00,172.85,162.47269
2026-07-18 03:30:00,162.51,160.9581
2026-07-18 03:45:00,161.42,159.15976
2026-07-18 04:00:00,170.9,161.02748
2026-07-18 04:15:00,175.6,174.97952
2026-07-18 04:30:00,171.0,173.54655
2026-07-18 04:45:00,162.5,173.04434
2026-07-18 05:00:00,171.5,167.1513
2026-07-18 05:15:00,166.66,171.15521
2026-07-18 05:30:00,158.7,167.64201
2026-07-18 05:45:00,178.79,153.10298
2026-07-18 06:00:00,168.0,167.97845
2026-07-18 06:15:00,154.22,160.82275
2026-07-18 06:30:00,145.97,143.32164
2026-07-18 06:45:00,139.59,148.46594
2026-07-18 07:00:00,173.68,139.66994
2026-07-18 07:15:00,161.42,149.2973
2026-07-18 07:30:00,137.33,142.41628
2026-07-18 07:45:00,130.8,118.55443
2026-07-18 08:00:00,140.3,133.51456
2026-07-18 08:15:00,127.55,134.96272
2026-07-18 08:30:00,120.0,107.923195
2026-07-18 08:45:00,110.95,104.9737
2026-07-18 09:00:00,138.34,102.60869
2026-07-18 09:15:00,130.0,118.56006
2026-07-18 09:30:00,126.03,112.733864
2026-07-18 10:00:00,142.14,106.45597
2026-07-18 10:15:00,140.14,126.39852
2026-07-18 10:30:00,137.33,119.01202
2026-07-18 11:00:00,143.5,117.05379
2026-07-18 11:15:00,143.33,137.3509
2026-07-18 11:30:00,146.55,136.72237
2026-07-18 11:45:00,144.96,138.56776
2026-07-18 12:00:00,146.74,136.75255
2026-07-18 12:15:00,145.93,142.38985
2026-07-18 12:30:00,146.5,142.0992
2026-07-18 12:45:00,151.05,143.91953
2026-07-18 13:00:00,145.0,142.2945
2026-07-18 13:15:00,143.9,143.58536
2026-07-18 13:30:00,156.0,142.96858
2026-07-18 13:45:00,170.5,145.09335
2026-07-18 14:00:00,158.47,143.26123
2026-07-18 14:15:00,156.0,147.60194
2026-07-18 14:30:00,171.0,148.52792
2026-07-18 14:45:00,189.78,162.24243
2026-07-18 15:00:00,172.96,166.53204
2026-07-18 15:15:00,194.54,156.1798
2026-07-18 15:45:00,201.0,167.98598
2026-07-18 16:00:00,185.0,169.43886
2026-07-18 16:15:00,188.09,175.61757
2026-07-18 16:30:00,205.0,176.18512
2026-07-18 16:45:00,202.2,172.37593
2026-07-18 17:00:00,190.0,175.61232
2026-07-18 17:15:00,208.31,179.25099
2026-07-18 17:30:00,192.85,194.17406
2026-07-18 17:45:00,207.15,183.8946
2026-07-18 18:00:00,191.65,189.98073
2026-07-18 18:15:00,191.24,198.9961
2026-07-18 18:30:00,203.35,193.53902
2026-07-18 18:45:00,204.0,193.34357
2026-07-18 19:00:00,201.06,188.79922
2026-07-18 19:15:00,193.26,189.55716
2026-07-18 19:30:00,188.8,189.98091
2026-07-18 19:45:00,185.0,187.22224
2026-07-18 20:00:00,203.75,165.3549
2026-07-18 20:15:00,185.0,172.57872
2026-07-18 20:30:00,179.83,167.15768
2026-07-18 20:45:00,178.63,160.09926
2026-07-18 21:00:00,190.0,155.60472
2026-07-18 21:15:00,184.27,171.25996
2026-07-18 21:30:00,177.73,173.54341
2026-07-18 21:45:00,168.0,159.27722
2026-07-18 22:00:00,180.0,152.97375
2026-07-18 22:15:00,185.0,160.15823
2026-07-18 22:45:00,179.83,171.35892
2026-07-18 23:00:00,185.0,159.3562
2026-07-18 23:15:00,180.0,170.3962
2026-07-18 23:30:00,178.63,159.27208
2026-07-18 23:45:00,173.99,159.21
2026-07-19 00:00:00,185.0,152.47002
2026-07-19 00:15:00,178.63,173.8
2026-07-19 00:30:00,176.99,162.70494
2026-07-19 00:45:00,167.95,160.98366
2026-07-19 01:00:00,161.92,156.15648
2026-07-19 01:15:00,166.5,157.82811
2026-07-19 01:30:00,164.59,160.70586
2026-07-19 01:45:00,143.5,158.08272
2026-07-19 02:00:00,169.6,144.25737
2026-07-19 02:15:00,160.29,159.92618
2026-07-19 02:30:00,158.21,155.27588
2026-07-19 02:45:00,151.9,148.12018
2026-07-19 03:00:00,179.83,147.9701
2026-07-19 03:15:00,176.67,165.69537
2026-07-19 03:30:00,161.42,159.4628
2026-07-19 03:45:00,142.08,157.19406
2026-07-19 04:00:00,145.62,145.55045
2026-07-19 04:15:00,144.59,163.66493
2026-07-19 04:30:00,152.69,157.61943
2026-07-19 04:45:00,143.5,149.29567
2026-07-19 05:00:00,161.42,146.38544
2026-07-19 05:15:00,149.7,153.1645
2026-07-19 05:30:00,160.35,145.94258
2026-07-19 05:45:00,175.98,147.91563
2026-07-19 06:30:00,175.97,161.9255
2026-07-19 06:45:00,157.99,157.62854
2026-07-19 07:00:00,173.79,147.09247
2026-07-19 07:15:00,159.11,157.27084
2026-07-19 07:30:00,140.16,152.6796
2026-07-19 07:45:00,136.84,129.5913
2026-07-19 08:00:00,136.88,138.61996
2026-07-19 08:15:00,130.3,131.67534
2026-07-19 08:30:00,130.11,113.226585
2026-07-19 08:45:00,123.11,111.232765
2026-07-19 09:00:00,138.16,111.62427
2026-07-19 09:15:00,126.0,126.89839
2026-07-19 09:30:00,125.0,109.32822
2026-07-19 09:45:00,131.24,105.227554
2026-07-19 10:00:00,111.1,120.27753
2026-07-19 10:15:00,100.0,90.43358
2026-07-19 10:30:00,110.15,69.41135
2026-07-19 10:45:00,100.64,94.740685
2026-07-19 11:00:00,107.74,81.260704
2026-07-19 11:15:00,83.0,88.50244
2026-07-19 11:45:00,81.75,65.1676
2026-07-19 12:00:00,76.0,74.2068
2026-07-19 12:15:00,83.0,65.29796
2026-07-19 12:30:00,92.74,73.45662
2026-07-19 12:45:00,95.4,74.12744
2026-07-19 13:00:00,86.0,78.36146
2026-07-19 13:15:00,66.0,74.40166
2026-07-19 13:30:00,76.0,78.43684
2026-07-19 13:45:00,86.0,80.88513
2026-07-19 14:00:00,76.0,92.12144
2026-07-19 14:15:00,102.98,97.014366
2026-07-19 14:30:00,115.74,100.76472
2026-07-19 14:45:00,143.3,112.13181
2026-07-19 15:00:00,115.0,130.95317
2026-07-19 15:15:00,146.46,119.29986
2026-07-19 15:30:00,161.56,135.78955
2026-07-19 15:45:00,179.83,153.03851
2026-07-19 16:00:00,157.34,153.22897
2026-07-19 16:15:00,175.0,157.61575
2026-07-19 16:30:00,201.03,166.23863
2026-07-19 16:45:00,219.78,171.89615
2026-07-19 17:00:00,185.0,185.50974
2026-07-19 17:15:00,192.96,180.6094
2026-07-19 17:30:00,202.01,181.10829
2026-07-19 17:45:00,217.07,187.26056
2026-07-19 18:00:00,184.47,193.30692
2026-07-19 18:15:00,186.44,187.4727
2026-07-19 18:30:00,187.48,187.0957
2026-07-19 18:45:00,185.0,190.08762
2026-07-19 19:00:00,178.63,182.71773
2026-07-19 19:15:00,179.0,171.73924
2026-07-19 19:30:00,179.83,170.86331
2026-07-19 19:45:00,178.39,172.51776
2026-07-19 20:00:00,179.0,157.34695
2026-07-19 20:15:00,175.98,154.9477
2026-07-19 20:30:00,175.14,153.68301
2026-07-19 20:45:00,174.52,153.32455
2026-07-19 21:00:00,180.6,155.19092
2026-07-19 21:15:00,175.98,159.89307
2026-07-19 21:30:00,169.6,155.23276
2026-07-19 21:45:00,155.0,158.29742
2026-07-19 22:00:00,181.24,147.72
2026-07-19 22:15:00,181.56,167.69135
2026-07-19 22:30:00,170.0,165.57703
2026-07-19 23:00:00,161.42,153.18726
2026-07-19 23:15:00,156.56,145.21884
2026-07-19 23:30:00,147.02,140.10599
2026-07-19 23:45:00,144.94,144.61543
2026-07-20 00:00:00,149.26,144.45226
2026-07-20 00:15:00,150.7,142.20575
2026-07-20 00:30:00,145.5,142.5315
2026-07-20 00:45:00,143.5,143.25327
2026-07-20 01:00:00,152.24,139.30928
2026-07-20 01:15:00,149.0,145.26376
2026-07-20 01:30:00,153.11,143.12003
2026-07-20 01:45:00,155.66,144.68307
2026-07-20 02:00:00,145.5,147.64272
2026-07-20 02:15:00,151.72,146.03204
2026-07-20 02:30:00,155.3,147.27446
2026-07-20 02:45:00,155.16,152.01974
2026-07-20 03:00:00,152.57,157.2759
2026-07-20 03:15:00,154.92,150.17323
2026-07-20 03:30:00,159.15,151.85616
2026-07-20 03:45:00,163.96,157.1819
2026-07-20 04:00:00,164.83,156.66423
2026-07-20 04:15:00,194.59,170.60857
2026-07-20 04:30:00,202.69,186.06389
2026-07-20 04:45:00,193.5,193.92778
2026-07-20 05:00:00,182.14,189.89215
2026-07-20 05:15:00,197.7,183.97176
2026-07-20 05:30:00,201.03,180.59528
2026-07-20 05:45:00,197.7,179.3672
2026-07-20 06:00:00,183.96,176.63786
2026-07-20 06:15:00,197.7,175.86705
2026-07-20 06:45:00,180.64,168.26367
2026-07-20 07:00:00,183.23,165.62183
2026-07-20 07:15:00,197.7,166.64978
2026-07-20 07:30:00,190.16,170.84741
2026-07-20 07:45:00,178.63,171.64809
2026-07-20 08:00:00,165.32,161.3413
2026-07-20 08:15:00,170.0,160.09137
2026-07-20 08:30:00,174.76,161.8877
2026-07-20 08:45:00,165.91,159.73087
2026-07-20 09:00:00,162.4,158.4461
2026-07-20 09:15:00,158.0,154.84381
2026-07-20 09:30:00,160.93,153.23792
2026-07-20 09:45:00,155.79,153.37595
2026-07-20 10:00:00,150.27,151.51541
2026-07-20 10:15:00,147.95,149.80618
2026-07-20 10:30:00,148.24,151.61282
2026-07-20 10:45:00,151.02,144.13922
2026-07-20 11:00:00,149.24,143.42853
2026-07-20 11:15:00,148.41,155.0287
2026-07-20 11:30:00,150.24,153.19958
2026-07-20 11:45:00,153.75,153.09666
2026-07-20 12:00:00,148.61,148.15782
2026-07-20 12:15:00,155.82,154.033
2026-07-20 12:30:00,164.01,151.16936
2026-07-20 12:45:00,165.32,155.80998
2026-07-20 13:00:00,150.27,153.82585
2026-07-20 13:15:00,161.14,155.32674
2026-07-20 13:30:00,165.32,157.64749
2026-07-20 13:45:00,170.0,159.48938
2026-07-20 14:15:00,175.0,154.1466
2026-07-20 14:30:00,178.63,161.04984
2026-07-20 14:45:00,175.0,155.76831
2026-07-20 15:00:00,171.0,162.22874
2026-07-20 15:15:00,175.0,166.51985
2026-07-20 15:30:00,175.03,166.82309
2026-07-20 15:45:00,179.83,166.67607
2026-07-20 16:00:00,164.66,172.66003
2026-07-20 16:15:00,175.79,168.45613
2026-07-20 16:30:00,184.04,170.46077
2026-07-20 16:45:00,190.94,183.8734
2026-07-20 17:00:00,182.2,186.04929
2026-07-20 17:15:00,193.43,182.20746
2026-07-20 17:30:00,202.01,186.7368
2026-07-20 17:45:00,243.53,191.51053
2026-07-20 18:00:00,215.2,201.21707
2026-07-20 18:15:00,232.48,202.91653
2026-07-20 18:30:00,231.65,205.42706
2026-07-20 18:45:00,239.98,204.86142
2026-07-20 19:00:00,228.63,203.93588
2026-07-20 19:15:00,229.0,201.12721
2026-07-20 19:30:00,200.0,200.46803
2026-07-20 19:45:00,194.0,188.53783
2026-07-20 20:00:00,186.34,169.15865
2026-07-20 20:15:00,175.98,160.41689
2026-07-20 20:30:00,171.94,150.03185
2026-07-20 20:45:00,165.0,149.21349
2026-07-20 21:00:00,171.33,150.42998
2026-07-20 21:15:00,165.32,154.13213
2026-07-20 21:30:00,163.29,156.27412
2026-07-20 21:45:00,160.0,146.81865
2026-07-20 22:00:00,204.5,156.73036
2026-07-20 22:15:00,198.95,180.30916
2026-07-20 22:30:00,185.55,182.02016
2026-07-20 22:45:00,171.0,172.00691
2026-07-20 23:00:00,179.99,153.5696
2026-07-20 23:15:00,186.56,158.48915
2026-07-20 23:30:00,165.0,165.74117
2026-07-20 23:45:00,162.5,157.39838
2026-07-21 00:00:00,167.99,155.39635
2026-07-21 00:15:00,165.0,157.64442
2026-07-21 00:30:00,162.19,159.93968
2026-07-21 00:45:00,162.14,155.6561
2026-07-21 01:00:00,164.46,156.23634
2026-07-21 01:15:00,160.99,161.3973
2026-07-21 01:30:00,160.0,156.97418
2026-07-21 01:45:00,155.0,156.62364
2026-07-21 02:00:00,155.34,150.2871
2026-07-21 02:15:00,155.7,150.48329
2026-07-21 02:30:00,152.08,151.07483
2026-07-21 02:45:00,152.48,148.26665
2026-07-21 03:00:00,158.75,148.86237
2026-07-21 03:15:00,160.0,153.64597
2026-07-21 03:30:00,156.46,158.40445
2026-07-21 03:45:00,158.75,152.30804
2026-07-21 04:00:00,155.7,155.86398
2026-07-21 04:15:00,169.61,161.70631
2026-07-21 04:30:00,170.32,175.04071
2026-07-21 04:45:00,177.51,174.02003
2026-07-21 05:00:00,181.63,173.55301
2026-07-21 05:15:00,197.7,185.85947
2026-07-21 05:30:00,190.28,183.58041
2026-07-21 05:45:00,190.39,178.57077
2026-07-21 06:00:00,196.59,175.41263
2026-07-21 06:15:00,197.7,174.51265
2026-07-21 06:30:00,181.0,176.59125
2026-07-21 06:45:00,184.71,171.92767
2026-07-21 07:00:00,201.99,175.14761
2026-07-21 07:15:00,181.63,170.50548
2026-07-21 07:30:00,165.0,172.0319
2026-07-21 07:45:00,155.0,161.87405
2026-07-21 08:00:00,169.21,151.95514
2026-07-21 08:15:00,170.5,162.92845
2026-07-21 08:30:00,170.0,161.28206
2026-07-21 09:15:00,170.3,157.76408
2026-07-21 09:30:00,161.0,162.42717
2026-07-21 09:45:00,160.5,157.27203
2026-07-21 10:00:00,163.26,155.66843
2026-07-21 10:15:00,162.0,157.58978
2026-07-21 10:45:00,161.06,151.83856
2026-07-21 11:00:00,160.34,154.54745
2026-07-21 11:15:00,162.21,154.6509
2026-07-21 11:30:00,160.06,154.7434
2026-07-21 11:45:00,158.12,153.87613
2026-07-21 12:00:00,152.08,153.65932
2026-07-21 12:15:00,169.56,153.21095
2026-07-21 12:30:00,170.32,161.25873
2026-07-21 12:45:00,176.0,159.53351
2026-07-21 13:00:00,180.0,152.41014
2026-07-21 13:15:00,181.0,163.66476
2026-07-21 13:30:00,181.9,169.50839
2026-07-21 13:45:00,186.57,170.51236
2026-07-21 14:00:00,181.63,166.36852
2026-07-21 14:15:00,186.5,164.89343
2026-07-21 14:30:00,177.45,165.59668
2026-07-21 14:45:00,181.63,157.08939
2026-07-21 15:00:00,165.0,163.69826
2026-07-21 15:15:00,175.0,156.45555
2026-07-21 15:30:00,181.92,159.5064
2026-07-21 15:45:00,197.7,166.62022
2026-07-21 16:00:00,189.13,166.95717
2026-07-21 16:15:00,197.7,178.0728
2026-07-21 16:30:00,204.5,171.54704
2026-07-21 16:45:00,197.7,176.99123
2026-07-21 17:30:00,218.32,183.24756
2026-07-21 17:45:00,251.94,197.47314
2026-07-21 18:00:00,204.5,198.69586
2026-07-21 18:15:00,214.8,192.50919
2026-07-21 18:30:00,209.1,197.2987
2026-07-21 18:45:00,237.6,200.0817
2026-07-21 19:00:00,204.5,201.95909
2026-07-21 19:30:00,204.26,191.1264
2026-07-21 19:45:00,220.66,189.14642
2026-07-21 20:00:00,216.34,185.35445
2026-07-21 20:15:00,191.71,185.29358
2026-07-21 20:30:00,180.0,172.51561
2026-07-21 20:45:00,170.0,159.56274
2026-07-21 21:00:00,177.42,155.50029
2026-07-21 21:15:00,167.78,151.03903
2026-07-21 21:30:00,159.48,157.6503
2026-07-21 21:45:00,147.0,148.54095
2026-07-21 22:00:00,169.41,144.01263
2026-07-21 22:15:00,188.82,158.28015
2026-07-21 22:30:00,197.94,172.72968
2026-07-21 22:45:00,188.82,180.21716
2026-07-21 23:00:00,180.0,167.4707
2026-07-21 23:30:00,170.37,156.65
2026-07-21 23:45:00,155.0,150.41585
2026-07-22 00:00:00,169.34,143.05365
2026-07-22 00:15:00,165.94,156.10332
2026-07-22 00:30:00,165.0,156.27563
2026-07-22 00:45:00,155.0,152.8624
2026-07-22 01:00:00,165.0,146.91785
2026-07-22 01:30:00,158.24,157.48901
2026-07-22 01:45:00,165.0,152.68921
2026-07-22 02:00:00,163.49,158.87273
2026-07-22 02:15:00,162.01,158.68065
2026-07-22 02:30:00,163.12,156.42674
2026-07-22 02:45:00,162.49,157.02998
2026-07-22 03:00:00,152.85,158.17126
2026-07-22 03:15:00,164.51,149.83267
2026-07-22 03:30:00,163.45,160.64807
2026-07-22 03:45:00,170.67,160.24927
2026-07-22 04:00:00,170.0,158.9263
2026-07-22 04:15:00,179.71,176.57895
2026-07-22 04:30:00,188.82,181.88773
2026-07-22 05:00:00,189.03,188.06265
2026-07-22 05:15:00,195.0,183.29953
2026-07-22 05:30:00,189.03,184.88324
2026-07-22 05:45:00,188.82,177.85245
2026-07-22 06:00:00,190.0,179.25116
2026-07-22 06:15:00,188.82,179.01453
2026-07-22 06:30:00,171.8,177.4639
2026-07-22 06:45:00,170.0,162.45801
2026-07-22 07:00:00,190.0,163.54582
2026-07-22 07:15:00,181.73,173.3355
2026-07-22 07:30:00,195.0,169.27724
2026-07-22 07:45:00,184.63,170.63522
2026-07-22 08:00:00,183.34,175.45123
2026-07-22 08:15:00,171.8,174.70241
2026-07-22 08:30:00,171.08,163.02986
2026-07-22 08:45:00,153.7,160.86485
2026-07-22 09:00:00,170.0,147.56836
2026-07-22 09:15:00,167.49,160.59935
2026-07-22 09:30:00,159.72,157.50682
2026-07-22 09:45:00,155.87,150.19771
2026-07-22 10:00:00,139.73,150.03363
2026-07-22 10:15:00,138.0,143.30061
2026-07-22 10:30:00,131.0,136.10643
2026-07-22 10:45:00,112.28,127.021645
2026-07-22 11:00:00,134.96,109.143
2026-07-22 11:45:00,136.41,133.27338
2026-07-22 12:00:00,141.91,136.5704
2026-07-22 12:15:00,131.0,139.16899
2026-07-22 12:30:00,119.6,130.37991
2026-07-22 12:45:00,121.86,113.5362
2026-07-22 13:00:00,139.73,128.40521
2026-07-22 13:15:00,138.0,140.3161
2026-07-22 13:30:00,136.46,137.3349
2026-07-22 14:00:00,143.64,140.41418
2026-07-22 14:15:00,144.63,149.49869
2026-07-22 14:30:00,149.43,148.58698
2026-07-22 14:45:00,158.9,152.89502
2026-07-22 15:00:00,147.94,152.99892
2026-07-22 15:15:00,154.96,152.39027
2026-07-22 15:30:00,164.94,149.7802
2026-07-22 15:45:00,171.04,164.9092
2026-07-22 16:00:00,148.94,156.61633
2026-07-22 16:15:00,166.09,155.68185
2026-07-22 16:30:00,187.0,175.06403
2026-07-22 16:45:00,192.41,181.29645
2026-07-22 17:00:00,195.85,172.16577
2026-07-22 17:15:00,198.34,185.80496
2026-07-22 17:30:00,201.84,186.00626
2026-07-22 17:45:00,210.85,189.96075
2026-07-22 18:00:00,200.91,204.27654
2026-07-22 18:30:00,208.1,196.31676
2026-07-22 18:45:00,222.82,198.67458
2026-07-22 19:00:00,225.0,207.73538
2026-07-22 19:15:00,224.52,205.61458
2026-07-22 19:30:00,209.22,205.501
2026-07-22 19:45:00,188.82,204.47372
2026-07-22 20:45:00,166.22,166.52643
2026-07-22 21:00:00,188.82,152.0278
2026-07-22 21:15:00,184.63,170.672
2026-07-22 21:30:00,165.9,167.30247
2026-07-22 21:45:00,148.11,156.91753
2026-07-22 22:00:00,187.63,141.14882
2026-07-22 22:15:00,204.5,166.49846
2026-07-22 22:30:00,211.95,178.90492
2026-07-22 22:45:00,190.0,181.27457
2026-07-22 23:00:00,205.0,165.32295
2026-07-22 23:15:00,191.02,176.50215
2026-07-22 23:30:00,188.97,171.40787
2026-07-22 23:45:00,175.01,166.44678
2026-07-23 00:00:00,180.0,156.13013
2026-07-23 00:15:00,178.84,159.96416
2026-07-23 00:30:00,175.1,154.32559
2026-07-23 00:45:00,168.0,157.4188
2026-07-23 01:00:00,172.75,155.42592
2026-07-23 01:15:00,168.0,155.68752
2026-07-23 01:30:00,161.46,158.68526
2026-07-23 01:45:00,162.75,152.85478
2026-07-23 02:00:00,164.9,155.9134
2026-07-23 02:30:00,162.47,157.45326
2026-07-23 02:45:00,162.75,154.22325
2026-07-23 03:00:00,167.08,156.23921
2026-07-23 03:15:00,171.26,161.49623
2026-07-23 03:30:00,165.9,158.76582
2026-07-23 04:00:00,179.46,162.7589
2026-07-23 04:15:00,188.61,178.81886
2026-07-23 04:30:00,196.91,194.66806
2026-07-23 04:45:00,195.02,195.51096
2026-07-23 05:00:00,191.0,194.26668
2026-07-23 05:15:00,197.7,191.48866
2026-07-23 05:30:00,195.28,186.11467
2026-07-23 05:45:00,190.0,181.40848
2026-07-23 06:00:00,194.85,179.13214
2026-07-23 06:15:00,191.92,178.9924
2026-07-23 06:30:00,188.61,173.96173
2026-07-23 06:45:00,184.62,171.14818
2026-07-23 07:00:00,187.63,173.64745
2026-07-23 07:15:00,175.23,173.72838
2026-07-23 07:30:00,180.3,160.9673
2026-07-23 07:45:00,173.0,160.99606
2026-07-23 08:00:00,172.7,159.28656
2026-07-23 08:15:00,183.71,157.71313
2026-07-23 08:30:00,172.21,166.38947
2026-07-23 08:45:00,169.22,156.81924
2026-07-23 09:00:00,150.0,159.93877
2026-07-23 09:15:00,156.08,142.0816
2026-07-23 09:30:00,148.17,149.34375
2026-07-23 09:45:00,148.68,140.11777
2026-07-23 10:00:00,139.09,132.7349
2026-07-23 10:15:00,137.62,131.15994
2026-07-23 10:30:00,146.52,127.29971
2026-07-23 10:45:00,143.56,130.24127
2026-07-23 11:00:00,139.2,133.49533
2026-07-23 11:30:00,140.06,131.27869
2026-07-23 11:45:00,141.94,137.5935
2026-07-23 12:00:00,139.22,140.49712
2026-07-23 12:15:00,153.46,131.87946
2026-07-23 12:30:00,153.67,144.49455
2026-07-23 12:45:00,155.76,145.71355
2026-07-23 13:00:00,156.88,146.69911
2026-07-23 13:15:00,153.0,151.48119
2026-07-23 13:30:00,164.56,148.44205
2026-07-23 13:45:00,168.0,159.1705
2026-07-23 14:00:00,176.0,158.8833
2026-07-23 14:15:00,187.63,157.13235
2026-07-23 14:30:00,191.91,170.69843
2026-07-23 15:00:00,190.0,167.19029
2026-07-23 15:15:00,196.2,171.81396
2026-07-23 15:30:00,205.75,167.88669
2026-07-23 15:45:00,205.0,171.17627
2026-07-23 16:00:00,187.63,170.49738
2026-07-23 16:15:00,202.27,172.76733
2026-07-23 16:30:00,220.18,171.79385
2026-07-23 16:45:00,230.0,194.19495
2026-07-23 17:00:00,204.5,197.06729
2026-07-23 17:15:00,200.91,186.80455
2026-07-23 17:30:00,204.14,189.09026
2026-07-23 17:45:00,240.85,193.79018
2026-07-23 18:00:00,204.59,210.46634
2026-07-23 18:15:00,230.4,198.16237
2026-07-23 18:30:00,229.05,200.19182
2026-07-23 18:45:00,234.52,201.08075
2026-07-23 19:00:00,225.0,195.75899
2026-07-23 19:15:00,225.4,196.04387
2026-07-23 19:30:00,205.0,196.3687
2026-07-23 19:45:00,192.0,187.57794
2026-07-23 20:00:00,195.92,166.9643
2026-07-23 20:15:00,224.91,166.58524
2026-07-23 20:30:00,202.59,177.96935
2026-07-23 20:45:00,191.74,170.68797
2026-07-23 21:00:00,197.7,169.05962
2026-07-23 21:30:00,189.6,164.00789
2026-07-23 21:45:00,175.0,167.23338
2026-07-23 22:00:00,201.84,153.84166
2026-07-23 22:15:00,238.0,175.32823
2026-07-23 22:30:00,225.93,186.77866
2026-07-23 22:45:00,202.0,190.38565
2026-07-23 23:00:00,222.87,175.1279
2026-07-23 23:15:00,205.46,179.86356
2026-07-23 23:30:00,202.75,172.41936
2026-07-23 23:45:00,192.92,175.99486
2026-07-24 00:30:00,192.0,165.57777
2026-07-24 00:45:00,190.58,167.88023
2026-07-24 01:00:00,192.0,164.68095
2026-07-24 01:30:00,191.46,165.69875
2026-07-24 01:45:00,190.0,169.04527
2026-07-24 02:00:00,181.99,167.89317
2026-07-24 02:15:00,178.1,165.82146
2026-07-24 02:30:00,176.0,154.99695
2026-07-24 02:45:00,176.05,151.57188
2026-07-24 03:00:00,175.69,150.65312
2026-07-24 03:15:00,158.62,157.11476
2026-07-24 03:30:00,165.46,156.95988
2026-07-24 03:45:00,169.2,162.34367
2026-07-24 04:00:00,168.25,164.31453
2026-07-24 04:15:00,177.35,171.64287
2026-07-24 04:30:00,175.13,178.55989
2026-07-24 04:45:00,171.9,176.31017
2026-07-24 05:00:00,192.92,170.59995
2026-07-24 05:15:00,197.42,190.20453
2026-07-24 05:30:00,190.47,180.39948
2026-07-24 05:45:00,190.07,169.29855
2026-07-24 06:00:00,187.0,174.28531
2026-07-24 06:15:00,166.76,173.42834
2026-07-24 06:30:00,187.0,161.9347
2026-07-24 06:45:00,166.08,167.264
2026-07-24 07:00:00,201.84,160.1504
2026-07-24 07:15:00,195.0,163.58861
2026-07-24 07:30:00,190.63,165.47168
2026-07-24 07:45:00,172.53,162.83513
2026-07-24 08:00:00,187.0,159.13194
2026-07-24 08:15:00,166.0,166.75479
2026-07-24 08:30:00,152.21,156.7376
2026-07-24 08:45:00,153.0,140.8754
2026-07-24 09:00:00,154.05,144.99866
2026-07-24 09:15:00,155.81,143.10413
2026-07-24 09:30:00,156.25,139.27977
2026-07-24 09:45:00,156.55,139.94293
2026-07-24 10:00:00,143.48,132.52452
2026-07-24 10:15:00,140.03,131.8677
2026-07-24 11:00:00,138.55,134.37102
2026-07-24 11:15:00,140.04,132.28952
2026-07-24 12:15:00,88.7,134.25703
2026-07-24 12:30:00,89.0,93.4282
2026-07-24 12:45:00,96.49,91.02582
2026-07-24 13:00:00,138.0,103.57758
2026-07-24 13:15:00,133.0,127.45044
2026-07-24 13:30:00,122.45,127.327736
2026-07-24 13:45:00,131.0,117.71542
2026-07-24 14:00:00,128.28,127.45624
2026-07-24 14:15:00,132.89,126.40772
2026-07-24 14:30:00,139.94,130.42361
2026-07-24 14:45:00,138.43,141.03062
2026-07-24 15:00:00,141.0,137.01872
2026-07-24 15:15:00,141.41,139.94826
2026-07-24 15:30:00,144.09,139.64647
2026-07-24 15:45:00,153.9,142.1809
2026-07-24 16:15:00,171.28,152.951
2026-07-24 16:30:00,166.94,154.09395
2026-07-24 16:45:00,183.52,163.8801
2026-07-24 17:00:00,187.63,166.87651
2026-07-24 17:15:00,192.28,179.25066
2026-07-24 17:30:00,201.84,180.51529
2026-07-24 17:45:00,204.95,186.8182
2026-07-24 18:00:00,204.39,187.91426
2026-07-24 18:45:00,207.33,194.41682
2026-07-24 19:00:00,204.39,194.47319
2026-07-24 19:30:00,204.32,193.527
2026-07-24 19:45:00,201.84,194.5429
2026-07-24 20:00:00,204.39,175.10316
2026-07-24 20:45:00,201.84,170.80531
2026-07-24 21:00:00,204.39,168.41173
2026-07-24 21:15:00,202.24,167.57289
2026-07-24 21:30:00,201.84,168.70839
2026-07-24 21:45:00,191.53,166.28171
