timestamp,actual,prediction
2026-05-27 06:00:00,141.43,123.30201405479139
2026-05-27 06:15:00,114.8,143.04958264083368
2026-05-27 06:30:00,98.32,112.0612391126591
2026-05-27 06:45:00,69.99,99.66510434225874
2026-05-27 07:00:00,103.84,99.17970072080062
2026-05-27 07:15:00,68.0,104.71962740515188
2026-05-27 07:30:00,17.8,66.95848758772843
2026-05-27 07:45:00,3.77,12.309283720953765
2026-05-27 08:00:00,11.0,4.376514191014972
2026-05-27 08:15:00,2.85,10.189642763806726
2026-05-27 08:30:00,0.45,2.875138182277496
2026-05-27 08:45:00,0.36,0.7356516101608217
2026-05-27 09:00:00,0.31,0.3962770844439941
2026-05-27 09:15:00,0.17,0.39853912625384524
2026-05-27 09:30:00,0.0,0.37932495171036545
2026-05-27 09:45:00,-0.4,0.2735990582968053
2026-05-27 10:15:00,-0.57,-0.7225679863011316
2026-05-27 10:30:00,-1.03,-0.7919058619998338
2026-05-27 10:45:00,-1.21,-2.2377037092023455
2026-05-27 11:00:00,-0.92,-1.7202227533065715
2026-05-27 11:15:00,-1.18,-1.523232255071103
2026-05-27 11:30:00,-2.0,-1.701754379207951
2026-05-27 11:45:00,-2.02,-1.8303378858372996
2026-05-27 12:00:00,-1.41,-1.777220937226164
2026-05-27 12:15:00,-1.03,-1.5135778259368025
2026-05-27 12:30:00,-0.84,-1.3276077460199744
2026-05-27 12:45:00,-0.91,-1.186646387899038
2026-05-27 13:00:00,-0.93,-0.97553063751449
2026-05-27 13:15:00,-1.04,-0.942885671573879
2026-05-27 13:30:00,-0.97,-0.984295463238046
2026-05-27 13:45:00,-0.14,-0.8737024668280068
2026-05-27 14:00:00,-1.04,1.0205509598566584
2026-05-27 14:15:00,0.57,-0.8106986935654216
2026-05-27 14:30:00,2.11,13.157581613159074
2026-05-27 14:45:00,7.52,19.382118033979957
2026-05-27 15:00:00,2.61,45.97514073839637
2026-05-27 15:15:00,8.92,23.684685905726674
2026-05-27 15:30:00,40.1,49.976512473074635
2026-05-27 15:45:00,82.66,67.66657049504569
2026-05-27 16:00:00,38.62,100.27208174349059
2026-05-27 16:15:00,86.37,67.62690021892512
2026-05-27 16:30:00,116.43,89.76281130272604
2026-05-27 16:45:00,141.4,120.40371533861016
2026-05-27 17:00:00,106.82,111.91621027412197
2026-05-27 17:15:00,133.8,120.33689225617874
2026-05-27 17:30:00,145.49,154.1555755588322
2026-05-27 17:45:00,152.99,161.4532574797668
2026-05-27 18:00:00,138.32,158.045407812126
2026-05-27 18:15:00,147.15,159.067306747315
2026-05-27 18:30:00,159.89,159.0252260993966
2026-05-27 18:45:00,166.04,172.06581358209215
2026-05-27 19:00:00,164.53,169.50886529987838
2026-05-27 19:15:00,159.61,166.99246963412332
2026-05-27 19:30:00,153.61,159.5010716973433
2026-05-27 19:45:00,143.92,159.1097696620024
2026-05-27 20:00:00,152.92,141.97452302957632
2026-05-27 20:15:00,144.3,152.19445445943316
2026-05-27 20:30:00,140.63,140.9313555849741
2026-05-27 20:45:00,134.54,138.0369991853109
2026-05-27 21:00:00,138.65,134.36530979355155
2026-05-27 21:15:00,132.62,134.07271738221237
2026-05-27 21:30:00,129.36,130.008203528578
2026-05-27 21:45:00,127.0,126.46748273333166
2026-05-27 22:00:00,135.86,125.24608407381778
2026-05-27 22:15:00,130.0,133.71982053936475
2026-05-27 22:30:00,127.93,127.97990631018712
2026-05-27 22:45:00,127.15,127.92766194829281
2026-05-27 23:00:00,132.71,127.39409367256907
2026-05-27 23:15:00,126.12,131.32327908007403
2026-05-27 23:30:00,125.47,124.97483995724397
2026-05-27 23:45:00,123.33,124.41110519180211
2026-05-28 00:00:00,125.48,122.45866262242
2026-05-28 00:15:00,123.39,122.71985399872746
2026-05-28 00:30:00,123.97,122.37682886710985
2026-05-28 00:45:00,121.46,122.2475234988516
2026-05-28 01:00:00,121.44,121.54537534659731
2026-05-28 01:15:00,122.18,121.70678990704609
2026-05-28 01:30:00,123.23,121.6123082277593
2026-05-28 01:45:00,123.04,122.09624650463023
2026-05-28 02:00:00,121.99,121.68944013108565
2026-05-28 02:15:00,124.3,121.26816240061079
2026-05-28 02:30:00,127.99,122.0559179700646
2026-05-28 02:45:00,132.23,126.8424331769353
2026-05-28 03:00:00,128.52,131.06080043228033
2026-05-28 03:15:00,131.96,126.28371552477178
2026-05-28 03:30:00,135.75,130.08701308326565
2026-05-28 03:45:00,135.65,132.10249582104544
2026-05-28 04:00:00,143.79,133.85755151456047
2026-05-28 04:15:00,149.26,139.91721949992598
2026-05-28 04:30:00,146.15,145.5289664001996
2026-05-28 04:45:00,144.09,139.51074789844128
2026-05-28 05:00:00,150.41,136.8963934703173
2026-05-28 05:15:00,143.82,145.10632203685313
2026-05-28 05:30:00,135.26,138.49420300590134
2026-05-28 05:45:00,117.17,130.7401639605134
2026-05-28 06:00:00,142.38,119.93983767900929
2026-05-28 06:15:00,129.97,139.61343115724392
2026-05-28 06:30:00,119.34,120.57877868798171
2026-05-28 06:45:00,96.11,112.11193755356499
2026-05-28 07:00:00,123.44,116.44281410395551
2026-05-28 07:15:00,91.74,116.82494215704887
2026-05-28 07:30:00,75.98,97.94801646982755
2026-05-28 07:45:00,53.22,61.57254336628948
2026-05-28 08:00:00,51.57,78.40715283068779
2026-05-28 08:15:00,18.18,48.98338240883895
2026-05-28 08:30:00,6.32,12.658482789831023
2026-05-28 08:45:00,2.51,6.7391693946934295
2026-05-28 09:00:00,1.56,3.215801477388596
2026-05-28 09:15:00,0.7,2.146194966260316
2026-05-28 09:30:00,0.01,1.0385509604063259
2026-05-28 09:45:00,0.0,0.3447697530458687
2026-05-28 10:15:00,-0.01,0.2636192071058468
2026-05-28 10:45:00,-0.02,-0.19315188803292746
2026-05-28 11:45:00,-0.06,-0.38188184212473747
2026-05-28 12:00:00,-0.04,0.26254486989968445
2026-05-28 12:15:00,-0.01,0.327825866936949
2026-05-28 12:45:00,0.02,1.323561876533473
2026-05-28 13:00:00,0.0,16.539772223281517
2026-05-28 13:15:00,0.01,15.321420797772285
2026-05-28 13:30:00,0.84,8.943343561180905
2026-05-28 13:45:00,4.34,6.677013770767187
2026-05-28 14:00:00,2.84,23.265167941420074
2026-05-28 14:15:00,10.0,20.820601361439504
2026-05-28 14:30:00,48.2,23.98221523040817
2026-05-28 14:45:00,88.7,47.09839527717281
2026-05-28 15:00:00,61.75,79.18332211686862
2026-05-28 15:15:00,86.38,57.06461793859614
2026-05-28 15:30:00,105.27,85.31823064653744
2026-05-28 15:45:00,131.04,114.43777312730757
2026-05-28 16:00:00,106.13,100.07443916168494
2026-05-28 16:15:00,125.72,115.00977753476073
2026-05-28 16:30:00,147.28,129.26061383305677
2026-05-28 16:45:00,165.3,156.58853313494498
2026-05-28 17:00:00,147.32,136.9822592302129
2026-05-28 17:15:00,170.29,154.25285709834037
2026-05-28 17:30:00,201.15,142.45580457547942
2026-05-28 17:45:00,334.63,205.38949339112278
2026-05-28 18:00:00,255.43,308.8359206878307
2026-05-28 18:15:00,354.57,240.54163691400498
2026-05-28 18:30:00,445.64,322.7921499999999
2026-05-28 18:45:00,445.58,334.51826666666625
2026-05-28 19:00:00,419.23,334.7159428571425
2026-05-28 19:15:00,426.59,328.9543422222218
2026-05-28 19:30:00,351.53,337.14055333333334
2026-05-28 19:45:00,230.02,322.616734594017
2026-05-28 20:00:00,319.03,195.83419362799395
2026-05-28 20:15:00,210.82,278.4063998945439
2026-05-28 20:30:00,170.9,191.37979190739745
2026-05-28 20:45:00,157.97,162.89678215073252
2026-05-28 21:00:00,170.94,163.91961169978853
2026-05-28 21:15:00,163.1,158.97784836777188
2026-05-28 21:30:00,153.7,159.55117465589126
2026-05-28 21:45:00,142.69,149.221809297671
2026-05-28 22:00:00,159.82,141.2936724175616
2026-05-28 22:15:00,150.1,151.33416263072453
2026-05-28 22:30:00,135.96,145.499671964536
2026-05-28 22:45:00,126.84,133.64775265592
2026-05-28 23:00:00,143.01,139.65548038703184
2026-05-28 23:15:00,135.88,138.2822574968449
2026-05-28 23:30:00,129.4,133.54145194373703
2026-05-28 23:45:00,123.94,127.90955058579843
2026-05-29 00:00:00,128.91,128.41828538704542
2026-05-29 00:15:00,127.12,127.67700125391059
2026-05-29 00:30:00,126.85,128.0849349904332
2026-05-29 00:45:00,125.56,127.56168083337575
2026-05-29 01:00:00,126.72,125.81332072194802
2026-05-29 01:15:00,125.64,124.89461743445037
2026-05-29 01:30:00,124.65,125.33622551344958
2026-05-29 01:45:00,122.18,123.82439780089075
2026-05-29 02:00:00,122.69,123.55743248243593
2026-05-29 02:15:00,123.31,123.38094284148596
2026-05-29 02:30:00,123.67,123.52136889105446
2026-05-29 02:45:00,124.76,123.61802255858075
2026-05-29 03:00:00,123.8,123.98475027961096
2026-05-29 03:15:00,123.92,123.76856049457898
2026-05-29 03:30:00,123.78,123.85626947435752
2026-05-29 03:45:00,126.89,124.30089643896926
2026-05-29 04:00:00,131.03,128.41216008814263
2026-05-29 04:15:00,135.78,132.70087065511302
2026-05-29 04:30:00,131.77,134.68942148086109
2026-05-29 04:45:00,126.36,132.06926599404534
2026-05-29 05:00:00,136.96,122.75783242087627
2026-05-29 05:15:00,130.1,131.82249457833538
2026-05-29 05:30:00,124.97,122.36350784392994
2026-05-29 05:45:00,111.95,121.20667435834658
2026-05-29 06:00:00,134.47,116.02861961031206
2026-05-29 06:15:00,120.19,143.70970126245885
2026-05-29 06:30:00,107.0,118.2942026380331
2026-05-29 06:45:00,98.41,109.96663206553545
2026-05-29 07:00:00,114.94,103.5404994598977
2026-05-29 07:15:00,94.57,113.79383908513859
2026-05-29 07:30:00,74.25,95.33124568235732
2026-05-29 07:45:00,37.0,55.962395147625855
2026-05-29 08:00:00,48.47,56.16921637007769
2026-05-29 08:15:00,18.06,56.64069723828187
2026-05-29 08:30:00,9.22,14.511833800919678
2026-05-29 08:45:00,4.25,8.154139749538833
2026-05-29 09:00:00,2.64,7.175991785549459
2026-05-29 09:15:00,0.53,6.833519442941868
2026-05-29 09:30:00,0.0,2.0829226095560123
2026-05-29 09:45:00,-0.01,0.7384350458977045
2026-05-29 10:00:00,0.0,-0.3397661881399253
2026-05-29 10:30:00,-0.01,0.7610994369139046
2026-05-29 11:00:00,0.11,-0.3259105049251851
2026-05-29 11:15:00,0.03,0.8228488636646968
2026-05-29 11:30:00,0.02,0.8094248223941708
2026-05-29 11:45:00,0.0,0.8094248223941708
2026-05-29 12:00:00,0.12,2.772407951775802
2026-05-29 12:15:00,0.2,3.0489500588192455
2026-05-29 12:30:00,0.26,3.057715704526633
2026-05-29 12:45:00,0.47,3.0571010212452214
2026-05-29 13:00:00,0.84,15.353061593629036
2026-05-29 13:15:00,2.11,10.559496701440288
2026-05-29 13:30:00,13.16,13.161758845009215
2026-05-29 13:45:00,42.37,34.81921477752375
2026-05-29 14:00:00,5.27,46.8228051572442
2026-05-29 14:15:00,42.65,22.00005692087315
2026-05-29 14:30:00,92.2,51.65805889104668
2026-05-29 14:45:00,123.74,83.46960596688024
2026-05-29 15:00:00,79.06,92.83289086729083
2026-05-29 15:15:00,90.63,91.85348998334773
2026-05-29 15:30:00,108.16,86.42098777850245
2026-05-29 15:45:00,135.74,116.94816327075414
2026-05-29 16:00:00,107.69,104.67335924053637
2026-05-29 16:15:00,125.77,121.83284798497218
2026-05-29 16:30:00,140.8,131.16949598366082
2026-05-29 16:45:00,160.63,153.0833585156982
2026-05-29 17:00:00,142.55,160.179734457735
2026-05-29 17:15:00,161.43,158.16172910600434
2026-05-29 17:30:00,179.63,174.7194164432057
2026-05-29 17:45:00,201.13,206.69620256684018
2026-05-29 18:00:00,200.0,201.14221872052795
2026-05-29 18:15:00,219.14,203.8934210804765
2026-05-29 18:30:00,233.0,213.1234008417274
2026-05-29 18:45:00,250.01,213.9456326272255
2026-05-29 19:00:00,229.21,261.8063743977256
2026-05-29 19:15:00,202.49,212.33781206687271
2026-05-29 19:30:00,189.42,193.94158128016383
2026-05-29 19:45:00,166.57,189.37516524201962
2026-05-29 20:00:00,180.59,187.13169566383675
2026-05-29 20:15:00,163.21,173.75541745155675
2026-05-29 20:30:00,155.27,183.1426107082052
2026-05-29 20:45:00,143.74,155.20208427374618
2026-05-29 21:00:00,152.47,145.2355504722768
2026-05-29 21:15:00,149.66,151.5753359425031
2026-05-29 21:30:00,142.76,150.64474930137064
2026-05-29 21:45:00,134.31,141.39736325678066
2026-05-29 22:00:00,145.99,140.95928999694218
2026-05-29 22:15:00,136.85,140.3599164115118
2026-05-29 22:30:00,131.97,137.33526192506872
2026-05-29 22:45:00,127.24,132.903709445565
2026-05-29 23:00:00,131.72,134.15220705709302
2026-05-29 23:15:00,127.62,130.83203386165678
2026-05-29 23:30:00,125.42,128.11923540112065
2026-05-29 23:45:00,123.55,125.78860282419079
2026-05-30 00:00:00,124.07,125.36367194560557
2026-05-30 00:15:00,122.54,123.04051995579539
2026-05-30 00:30:00,122.3,124.95622049647638
2026-05-30 00:45:00,118.02,124.728629703859
2026-05-30 01:00:00,120.82,120.53759552982585
2026-05-30 01:15:00,117.41,122.98061708600585
2026-05-30 01:30:00,116.81,118.48150310999199
2026-05-30 01:45:00,118.52,117.33513222191883
2026-05-30 02:00:00,120.31,120.35060735938701
2026-05-30 02:15:00,121.16,121.54106785220674
2026-05-30 02:30:00,122.26,121.65673505302797
2026-05-30 02:45:00,123.59,122.34611863189701
2026-05-30 03:00:00,125.99,123.25349100130062
2026-05-30 03:15:00,122.39,124.1914834280743
2026-05-30 03:30:00,121.19,122.73600713174872
2026-05-30 03:45:00,118.23,122.01977379198266
2026-05-30 04:00:00,121.8,120.17644857638639
2026-05-30 04:15:00,118.63,123.3878590146127
2026-05-30 04:30:00,117.36,119.07616163226237
2026-05-30 04:45:00,109.76,117.11169451424365
2026-05-30 05:00:00,116.78,110.18511743905178
2026-05-30 05:15:00,111.47,113.06130773500668
2026-05-30 05:30:00,108.48,109.65787069669953
2026-05-30 05:45:00,93.13,108.40698526996431
2026-05-30 06:00:00,117.09,95.92455410122007
2026-05-30 06:15:00,96.74,111.69262583619626
2026-05-30 06:30:00,79.31,96.7471089255001
2026-05-30 06:45:00,59.83,68.034787410106
2026-05-30 07:00:00,75.59,86.49570016992261
2026-05-30 07:15:00,44.82,59.360226598107815
2026-05-30 07:30:00,16.31,28.898414883117827
2026-05-30 07:45:00,7.6,9.2693095740398
2026-05-30 08:00:00,9.99,6.096462744595301
2026-05-30 08:15:00,1.75,7.4348647799380965
2026-05-30 08:30:00,0.1,2.3679206705562836
2026-05-30 08:45:00,0.0,0.4150756328167269
2026-05-30 09:30:00,-0.01,0.3213506567974569
2026-05-30 10:15:00,-0.1,-0.18435197980162385
2026-05-30 10:30:00,-0.11,-0.7169246543807039
2026-05-30 10:45:00,-0.23,-0.6993249642495557
2026-05-30 11:00:00,-2.47,-0.7310579426555153
2026-05-30 11:15:00,-3.04,-3.717705444981942
2026-05-30 11:30:00,-3.38,-4.808161459650439
2026-05-30 11:45:00,-4.85,-5.302455165893459
2026-05-30 12:00:00,-2.53,-4.6701303508058585
2026-05-30 12:15:00,-2.1,-2.3607369289210056
2026-05-30 12:30:00,-1.52,-2.209216412019098
2026-05-30 12:45:00,-0.31,-1.7879856372824516
2026-05-30 13:00:00,-0.02,0.1623445487093744
2026-05-30 13:15:00,-0.01,0.6875771436230333
2026-05-30 13:45:00,0.0,1.2128906849746695
2026-05-30 14:30:00,0.51,3.763594628393986
2026-05-30 14:45:00,11.52,9.806967340203649
2026-05-30 15:00:00,8.44,69.07853753727765
2026-05-30 15:15:00,45.03,67.96729486175127
2026-05-30 15:30:00,79.93,38.20397828245853
2026-05-30 15:45:00,94.37,89.5234680485873
2026-05-30 16:00:00,78.97,97.79434694506459
2026-05-30 16:15:00,95.39,90.57004435979849
2026-05-30 16:30:00,113.23,101.8854549591123
2026-05-30 16:45:00,123.84,123.90799876636765
2026-05-30 17:00:00,117.69,104.10685181971364
2026-05-30 17:15:00,128.04,124.94243700369104
2026-05-30 17:30:00,140.92,139.28074982128783
2026-05-30 17:45:00,151.79,149.23703382679156
2026-05-30 18:00:00,136.11,149.53017549614816
2026-05-30 18:15:00,149.35,149.49784663948526
2026-05-30 18:30:00,161.51,163.63792835369586
2026-05-30 18:45:00,170.08,165.98947899925926
2026-05-30 19:00:00,162.51,164.3436867534445
2026-05-30 19:15:00,164.32,167.24461191228454
2026-05-30 19:30:00,171.3,164.31739585875138
2026-05-30 19:45:00,164.34,163.05666732363397
2026-05-30 20:00:00,169.4,164.05270665645605
2026-05-30 20:15:00,158.33,163.21498231242634
2026-05-30 20:30:00,153.46,160.97900691426565
2026-05-30 20:45:00,143.82,160.95641930015535
2026-05-30 21:00:00,145.0,150.90240035608977
2026-05-30 21:15:00,138.26,150.49653724658947
2026-05-30 21:30:00,137.64,138.46916685145217
2026-05-30 21:45:00,134.82,137.4071587073771
2026-05-30 22:00:00,142.51,139.09349648385648
2026-05-30 22:15:00,135.29,140.30908871649203
2026-05-30 22:30:00,130.86,134.3187373920841
2026-05-30 22:45:00,123.08,131.25668906099278
2026-05-30 23:00:00,129.62,128.42628547151378
2026-05-30 23:15:00,126.42,128.11964095350874
2026-05-30 23:30:00,125.03,125.33123143680083
2026-05-30 23:45:00,122.57,124.98911909397667
2026-05-31 00:00:00,123.85,124.32994535466722
2026-05-31 00:15:00,121.17,124.57269002102827
2026-05-31 00:30:00,121.18,122.66039889795732
2026-05-31 00:45:00,116.2,122.90590347752074
2026-05-31 01:00:00,118.19,117.29428760069034
2026-05-31 01:15:00,115.55,119.84835230734382
2026-05-31 01:30:00,117.96,116.59868297569781
2026-05-31 01:45:00,118.48,119.54086832689852
2026-05-31 02:00:00,119.4,119.61524243297436
2026-05-31 02:15:00,119.75,119.90802269722484
2026-05-31 02:30:00,119.7,119.03789750074131
2026-05-31 02:45:00,115.49,119.98795711632097
2026-05-31 03:00:00,120.14,115.93764766356966
2026-05-31 03:15:00,116.89,119.068307845948
2026-05-31 03:30:00,114.57,116.72747903696178
2026-05-31 03:45:00,111.52,116.43415985393624
2026-05-31 04:00:00,122.36,112.53477611351242
2026-05-31 04:15:00,115.61,121.40799777266368
2026-05-31 04:30:00,112.08,115.03187844994441
2026-05-31 04:45:00,101.85,111.64640033441302
2026-05-31 05:00:00,111.87,111.46708872692376
2026-05-31 05:15:00,105.72,109.57556935664203
2026-05-31 05:30:00,99.24,106.22550651401711
2026-05-31 05:45:00,85.41,99.57432221387472
2026-05-31 06:00:00,98.64,90.81149955591339
2026-05-31 06:15:00,88.66,92.74668666346865
2026-05-31 06:30:00,78.46,92.44716732855129
2026-05-31 06:45:00,75.31,80.15465779966469
2026-05-31 07:00:00,71.42,71.03148415234523
2026-05-31 07:15:00,57.32,65.7999480580555
2026-05-31 07:30:00,46.45,31.80224214184505
2026-05-31 07:45:00,30.8,28.29787265856021
2026-05-31 08:00:00,23.18,28.049663128026452
2026-05-31 08:15:00,4.06,18.25028223887961
2026-05-31 08:30:00,0.01,3.940853351517437
2026-05-31 08:45:00,0.0,0.39724724965886876
2026-05-31 10:30:00,-0.01,0.2696794624115181
2026-05-31 13:15:00,0.0,10.203515941802818
2026-05-31 13:45:00,0.01,15.825238101110047
2026-05-31 14:00:00,6.68,24.00943367972561
2026-05-31 14:15:00,32.89,21.42428808058044
2026-05-31 14:30:00,55.2,39.809171489315055
2026-05-31 14:45:00,74.62,47.05951077992725
2026-05-31 15:00:00,58.47,86.8529751437371
2026-05-31 15:15:00,79.28,58.210107479447736
2026-05-31 15:30:00,92.23,88.44728918008195
2026-05-31 15:45:00,110.74,99.61818174181714
2026-05-31 16:00:00,94.43,103.33299620110827
2026-05-31 16:15:00,108.14,96.99772041866142
2026-05-31 16:30:00,124.05,117.35221927805432
2026-05-31 16:45:00,137.04,128.81401643553428
2026-05-31 17:00:00,120.15,156.58355365896213
2026-05-31 17:15:00,127.52,124.65480304984034
2026-05-31 17:30:00,135.62,127.3577387678528
2026-05-31 17:45:00,141.85,150.64650797033366
2026-05-31 18:00:00,131.23,153.05841606906446
2026-05-31 18:15:00,137.53,134.7915805209869
2026-05-31 18:30:00,146.93,157.3431343942174
2026-05-31 18:45:00,154.26,152.01572163496175
2026-05-31 19:00:00,151.5,151.6235555009132
2026-05-31 19:15:00,148.32,148.88708180476806
2026-05-31 19:30:00,148.76,149.39679677303712
2026-05-31 19:45:00,151.01,150.593541012876
2026-05-31 20:00:00,156.35,150.8220167015891
2026-05-31 20:15:00,149.75,152.70845728836693
2026-05-31 20:30:00,146.56,150.41007016679433
2026-05-31 20:45:00,140.37,143.5937181771391
2026-05-31 21:00:00,146.86,138.84430442422715
2026-05-31 21:15:00,141.95,143.60396104093573
2026-05-31 21:30:00,138.58,141.90597014578898
2026-05-31 21:45:00,135.16,135.0640715266081
2026-05-31 22:00:00,149.18,135.61787918793186
2026-05-31 22:15:00,136.85,153.53428348761545
2026-05-31 22:30:00,139.28,135.84738666761658
2026-05-31 22:45:00,129.09,138.71269474159047
2026-05-31 23:00:00,131.61,137.43966822555285
2026-05-31 23:15:00,123.66,132.04741810316088
2026-05-31 23:30:00,120.62,129.98299200203292
2026-05-31 23:45:00,115.3,125.69494178526962
2026-06-01 00:00:00,117.39,124.22084888291609
2026-06-01 00:15:00,119.81,120.7053630455596
2026-06-01 00:30:00,117.86,123.3824638440551
2026-06-01 00:45:00,114.46,121.299727878704
2026-06-01 01:00:00,115.0,119.4431857993739
2026-06-01 01:15:00,115.4,119.9684716134686
2026-06-01 01:30:00,113.16,117.30416834457004
2026-06-01 01:45:00,113.99,114.69928927254433
2026-06-01 02:00:00,114.95,116.81121731702376
2026-06-01 02:15:00,116.32,118.44405276762906
2026-06-01 02:30:00,119.98,117.63167602379042
2026-06-01 02:45:00,124.59,121.26593787055145
2026-06-01 03:00:00,118.55,123.1583933927212
2026-06-01 03:15:00,124.64,120.93317910056818
2026-06-01 03:30:00,133.5,125.04848045589333
2026-06-01 03:45:00,140.22,133.31662635169926
2026-06-01 04:00:00,151.54,137.0051945578837
2026-06-01 04:15:00,162.27,149.38621956372836
2026-06-01 04:30:00,162.83,152.6076417847927
2026-06-01 04:45:00,161.36,153.2868533367558
2026-06-01 05:00:00,167.79,151.0358769666522
2026-06-01 05:15:00,158.3,152.7871107934593
2026-06-01 05:30:00,150.52,151.56380579074877
2026-06-01 05:45:00,144.45,145.1870107264095
2026-06-01 06:00:00,172.32,143.357311113326
2026-06-01 06:15:00,160.76,145.22249487512178
2026-06-01 06:30:00,137.56,130.41033032123903
2026-06-01 06:45:00,118.7,130.6738322242012
2026-06-01 07:00:00,153.23,139.14720108087263
2026-06-01 07:15:00,128.78,137.6760845554482
2026-06-01 07:30:00,111.43,121.67241864386418
2026-06-01 07:45:00,100.88,112.94983934436758
2026-06-01 08:00:00,120.51,115.05517589514403
2026-06-01 08:15:00,107.49,118.15607176692819
2026-06-01 08:30:00,104.82,111.45199514711203
2026-06-01 08:45:00,102.04,108.46779900169724
2026-06-01 09:00:00,104.76,104.71324003644538
2026-06-01 09:15:00,99.95,107.76665232715298
2026-06-01 09:30:00,95.38,95.90690790554005
2026-06-01 09:45:00,87.62,89.96251531952538
2026-06-01 10:00:00,89.76,92.07340145232992
2026-06-01 10:15:00,83.78,94.42475800624112
2026-06-01 10:30:00,82.21,87.34718703568478
2026-06-01 10:45:00,78.11,87.2787757514004
2026-06-01 11:00:00,82.06,80.27041919731107
2026-06-01 11:15:00,81.7,87.28299233418048
2026-06-01 11:30:00,78.37,84.76426564862486
2026-06-01 11:45:00,76.51,82.3003560941768
2026-06-01 12:00:00,86.35,83.59051912163676
2026-06-01 12:15:00,88.95,89.866294806224
2026-06-01 12:30:00,97.12,94.47953531979798
2026-06-01 12:45:00,103.65,91.00952428195988
2026-06-01 13:00:00,94.57,101.22859405766192
2026-06-01 13:15:00,112.18,93.35973425567907
2026-06-01 13:30:00,88.11,116.31268637092185
2026-06-01 13:45:00,100.0,91.82001271831702
2026-06-01 14:00:00,88.99,100.69488979352285
2026-06-01 14:15:00,97.44,94.43655398727216
2026-06-01 14:30:00,110.48,94.15987772466454
2026-06-01 14:45:00,127.1,117.5366955523319
2026-06-01 15:00:00,105.54,106.70729557422456
2026-06-01 15:15:00,106.54,111.86686101334533
2026-06-01 15:30:00,123.2,112.516662743069
2026-06-01 15:45:00,141.64,129.62034374619807
2026-06-01 16:00:00,106.4,132.98969401050866
2026-06-01 16:15:00,125.04,117.27016963613622
2026-06-01 16:30:00,142.92,130.04780312720274
2026-06-01 16:45:00,175.45,155.3398041369159
2026-06-01 17:00:00,163.94,155.51972317204428
2026-06-01 17:15:00,179.86,142.0543865366534
2026-06-01 17:30:00,215.46,216.63177045853232
2026-06-01 17:45:00,303.83,222.92525109816373
2026-06-01 18:00:00,253.56,239.7751052219781
2026-06-01 18:15:00,304.07,252.44791040930247
2026-06-01 18:30:00,339.59,254.36987427324192
2026-06-01 18:45:00,387.02,333.30212452813896
2026-06-01 19:00:00,356.58,339.4349695238098
2026-06-01 19:15:00,322.88,329.4905895995671
2026-06-01 19:30:00,284.37,307.2964300269831
2026-06-01 19:45:00,244.41,262.7494147081123
2026-06-01 20:00:00,290.43,223.662553230164
2026-06-01 20:15:00,219.51,253.19240384444177
2026-06-01 20:30:00,180.07,209.6858278275667
2026-06-01 20:45:00,159.42,178.11601010346095
2026-06-01 21:00:00,174.36,164.3094076038351
2026-06-01 21:15:00,163.45,160.37872071723856
2026-06-01 21:30:00,156.08,157.60092262666785
2026-06-01 21:45:00,146.11,156.74756465567864
2026-06-01 22:00:00,150.51,148.34328971163671
2026-06-01 22:15:00,140.62,151.4142611596281
2026-06-01 22:30:00,140.1,142.68069509073948
2026-06-01 22:45:00,129.47,138.89440022371798
2026-06-01 23:00:00,141.57,135.17509339521473
2026-06-01 23:15:00,126.75,141.02627900545315
2026-06-01 23:30:00,123.08,127.00070089526722
2026-06-01 23:45:00,116.79,122.94160792494654
2026-06-02 00:00:00,124.63,128.8311146739233
2026-06-02 00:15:00,117.92,123.87452641629822
2026-06-02 00:30:00,117.73,119.10757966767926
2026-06-02 00:45:00,114.38,117.72888900528284
2026-06-02 01:00:00,116.65,116.1921727996215
2026-06-02 01:15:00,113.98,116.66348621808041
2026-06-02 01:30:00,114.19,115.99761275298057
2026-06-02 01:45:00,111.93,115.98212335849244
2026-06-02 02:00:00,113.13,114.8004588382252
2026-06-02 02:15:00,112.0,115.49925286524866
2026-06-02 02:30:00,113.38,116.0273435999969
2026-06-02 02:45:00,116.87,116.50152877268658
2026-06-02 03:00:00,112.95,117.09511214612414
2026-06-02 03:15:00,113.49,116.42243513870679
2026-06-02 03:30:00,118.3,117.229052716837
2026-06-02 03:45:00,121.15,121.91162044013477
2026-06-02 04:00:00,120.66,126.21982411136845
2026-06-02 04:15:00,128.24,124.4292413832867
2026-06-02 04:30:00,126.68,131.25432708603662
2026-06-02 04:45:00,119.45,127.91798301001434
2026-06-02 05:00:00,130.53,118.91952596698776
2026-06-02 05:15:00,129.03,124.9019878004978
2026-06-02 05:30:00,130.29,123.77785451069981
2026-06-02 05:45:00,126.78,126.26645310873519
2026-06-02 06:00:00,128.32,123.53774720864331
2026-06-02 06:15:00,129.53,124.41859861791924
2026-06-02 06:30:00,132.03,122.38160159523218
2026-06-02 06:45:00,132.32,125.43524174128734
2026-06-02 07:00:00,130.1,130.69954828888578
2026-06-02 07:15:00,132.85,122.65910979026529
2026-06-02 07:30:00,123.87,126.40463066744756
2026-06-02 07:45:00,116.36,117.74614496438578
2026-06-02 08:00:00,144.92,117.50454930648657
2026-06-02 08:15:00,120.72,137.80438540552396
2026-06-02 08:30:00,101.39,116.96191849925015
2026-06-02 08:45:00,88.89,101.52155934105208
2026-06-02 09:00:00,127.74,113.6144890201624
2026-06-02 09:15:00,106.52,126.52748715830707
2026-06-02 09:30:00,97.53,106.36557498793223
2026-06-02 09:45:00,83.77,95.09111909963221
2026-06-02 10:00:00,102.71,95.82006036667575
2026-06-02 10:15:00,102.07,98.3443381107825
2026-06-02 10:30:00,94.95,98.62482552407872
2026-06-02 10:45:00,94.9,88.96176710543578
2026-06-02 11:00:00,94.79,89.99361507537118
2026-06-02 11:15:00,96.69,90.47687755424728
2026-06-02 11:30:00,91.25,88.99661183106909
2026-06-02 11:45:00,89.47,91.69444112578098
2026-06-02 12:00:00,96.57,92.7934504553053
2026-06-02 12:15:00,93.7,90.40557588974117
2026-06-02 12:30:00,97.62,99.13942738113279
2026-06-02 12:45:00,98.51,96.42809634615828
2026-06-02 13:00:00,98.52,100.11943995483138
2026-06-02 13:15:00,96.8,102.83274099478089
2026-06-02 13:30:00,101.84,95.54318650089729
2026-06-02 13:45:00,108.75,105.39005304346163
2026-06-02 14:00:00,101.25,114.58420169326766
2026-06-02 14:15:00,104.16,105.71202254598299
2026-06-02 14:30:00,110.34,110.42981675774605
2026-06-02 14:45:00,122.7,123.87358106416558
2026-06-02 15:00:00,120.58,127.23629936250815
2026-06-02 15:15:00,119.78,126.29438340841092
2026-06-02 15:30:00,122.63,127.88818671512874
2026-06-02 15:45:00,133.85,136.14000209245685
2026-06-02 16:00:00,135.46,138.1285873515353
2026-06-02 16:15:00,137.22,139.53552153806288
2026-06-02 16:30:00,130.07,157.76410767732514
2026-06-02 16:45:00,142.24,143.67990313048978
2026-06-02 17:00:00,141.89,156.68918563397784
2026-06-02 17:15:00,151.9,155.05311304424188
2026-06-02 17:30:00,162.89,167.36509864661065
2026-06-02 17:45:00,174.36,189.6895760265582
2026-06-02 18:00:00,164.33,172.81412360216362
2026-06-02 18:15:00,160.09,186.92293885554966
2026-06-02 18:30:00,159.36,181.82589193462152
2026-06-02 18:45:00,155.27,180.69453073068917
2026-06-02 19:00:00,160.4,176.71098954603886
2026-06-02 19:15:00,148.75,179.62199592965135
2026-06-02 19:30:00,148.79,163.05433234828567
2026-06-02 19:45:00,140.16,161.4184549868702
2026-06-02 20:00:00,136.32,146.0390973201035
2026-06-02 20:15:00,138.43,138.70427267147102
2026-06-02 20:30:00,137.94,138.27492683272388
2026-06-02 20:45:00,132.63,135.951292025097
2026-06-02 21:00:00,128.78,131.88901702891
2026-06-02 21:15:00,117.15,128.41192128405032
2026-06-02 21:30:00,118.83,125.33806589619468
2026-06-02 21:45:00,106.35,123.77692635901182
2026-06-02 22:00:00,109.43,116.7438565592082
2026-06-02 22:15:00,108.51,113.96347819935067
2026-06-02 22:30:00,105.67,113.4913880930109
2026-06-02 22:45:00,107.89,111.1873144782401
2026-06-02 23:00:00,113.28,113.47196501810741
2026-06-02 23:15:00,113.2,114.89108938356652
2026-06-02 23:30:00,105.61,114.75231090845482
2026-06-02 23:45:00,102.31,110.04542662416318
2026-06-03 00:00:00,102.9,103.14311473105748
2026-06-03 00:15:00,100.2,103.54100398259835
2026-06-03 00:30:00,101.41,100.65129260344473
2026-06-03 00:45:00,99.39,102.21786237312935
2026-06-03 01:00:00,105.47,100.00585424936637
2026-06-03 01:15:00,101.66,107.533902997527
2026-06-03 01:30:00,100.9,102.3866632100622
2026-06-03 01:45:00,100.1,101.71940910108147
2026-06-03 02:00:00,100.9,100.68059007087467
2026-06-03 02:15:00,100.39,102.02873566682774
2026-06-03 02:30:00,101.21,101.01127521229833
2026-06-03 02:45:00,102.45,102.50810401329227
2026-06-03 03:00:00,101.12,102.50971339600945
2026-06-03 03:15:00,104.76,102.09757397983523
2026-06-03 03:30:00,106.05,104.56809091525743
2026-06-03 03:45:00,114.7,109.229923579849
2026-06-03 04:00:00,118.51,116.86316487404983
2026-06-03 04:15:00,120.83,119.53924200574957
2026-06-03 04:30:00,127.06,120.80806500221193
2026-06-03 04:45:00,133.2,126.4596209753954
2026-06-03 05:00:00,137.59,131.66020137182167
2026-06-03 05:15:00,137.7,132.71262557939986
2026-06-03 05:30:00,134.02,132.83207831076936
2026-06-03 05:45:00,129.34,131.78691167202214
2026-06-03 06:00:00,146.41,122.84753364380127
2026-06-03 06:15:00,135.32,136.92026352856698
2026-06-03 06:30:00,128.24,131.81546829515054
2026-06-03 06:45:00,105.67,123.24938074096596
2026-06-03 07:00:00,122.55,118.95466797707915
2026-06-03 07:15:00,107.34,119.63299472878178
2026-06-03 07:30:00,97.59,112.33773896755937
2026-06-03 07:45:00,84.64,95.85878964124535
2026-06-03 08:00:00,94.35,93.72842528827711
2026-06-03 08:15:00,83.58,95.15795589445636
2026-06-03 08:30:00,81.18,83.61958221656428
2026-06-03 08:45:00,74.92,79.47120051370851
2026-06-03 09:00:00,77.3,72.18971666645491
2026-06-03 09:15:00,70.82,76.18937581788543
2026-06-03 09:30:00,70.57,68.97844302023528
2026-06-03 09:45:00,57.27,67.50901451641194
2026-06-03 10:00:00,66.91,56.816458403529396
2026-06-03 10:15:00,55.93,64.75299055857631
2026-06-03 10:30:00,45.52,52.9329976826397
2026-06-03 10:45:00,32.81,39.78176067910853
2026-06-03 11:00:00,43.55,32.653776177234086
2026-06-03 11:15:00,35.08,41.59795164987366
2026-06-03 11:30:00,31.46,33.75254712013855
2026-06-03 11:45:00,23.17,31.17948419033024
2026-06-03 12:00:00,25.71,30.463629182820124
2026-06-03 12:15:00,31.44,32.31038411546179
2026-06-03 12:30:00,32.94,36.199481487618684
2026-06-03 12:45:00,42.35,36.84691736157683
2026-06-03 13:00:00,25.78,47.43873618830806
2026-06-03 13:15:00,38.71,35.21969169217554
2026-06-03 13:30:00,43.32,46.844101167057836
2026-06-03 13:45:00,57.74,48.515016966285025
2026-06-03 14:00:00,39.33,57.96392910970397
2026-06-03 14:15:00,61.23,46.90279574017337
2026-06-03 14:30:00,72.59,62.160406843444
2026-06-03 14:45:00,93.09,81.60668920686787
2026-06-03 15:00:00,60.13,89.87919831754365
2026-06-03 15:15:00,79.05,66.35411435925974
2026-06-03 15:30:00,97.66,86.28871473885967
2026-06-03 15:45:00,111.9,104.76151069197495
2026-06-03 16:00:00,91.05,90.35668275987975
2026-06-03 16:15:00,102.3,97.27957859050525
2026-06-03 16:30:00,115.46,106.60632352316728
2026-06-03 16:45:00,122.68,120.94158853296089
2026-06-03 17:00:00,111.69,121.21365350924779
2026-06-03 17:15:00,119.23,119.45763420531635
2026-06-03 17:30:00,125.17,124.84799459574177
2026-06-03 17:45:00,136.67,127.78009647041819
2026-06-03 18:00:00,127.72,136.21848128206975
2026-06-03 18:15:00,130.33,129.4967153715592
2026-06-03 18:30:00,128.69,129.38442384231274
2026-06-03 18:45:00,127.7,128.99671169827286
2026-06-03 19:00:00,129.96,128.2370496052333
2026-06-03 19:15:00,118.01,128.60260084042645
2026-06-03 19:30:00,111.62,123.86193552542352
2026-06-03 19:45:00,103.19,116.58515583164815
2026-06-03 20:00:00,120.62,115.84823542491053
2026-06-03 20:15:00,109.57,122.004737618808
2026-06-03 20:30:00,108.84,114.17833560155078
2026-06-03 20:45:00,93.22,112.51904493909133
2026-06-03 21:00:00,100.7,103.5059806121068
2026-06-03 21:15:00,89.92,101.37976493568038
2026-06-03 21:30:00,89.02,94.00443890129738
2026-06-03 21:45:00,71.42,92.27128403946077
2026-06-03 22:00:00,90.82,85.2729714721346
2026-06-03 22:15:00,81.06,94.88882225451027
2026-06-03 22:30:00,76.3,82.42509418258993
2026-06-03 22:45:00,60.92,77.48406538866689
2026-06-03 23:00:00,72.57,74.02671440566142
2026-06-03 23:15:00,71.22,73.51657203050316
2026-06-03 23:30:00,65.94,71.62216820429087
2026-06-03 23:45:00,62.11,67.30603302778684
2026-06-04 00:00:00,61.67,63.25720831318983
2026-06-04 00:15:00,61.16,63.18209735793952
2026-06-04 00:30:00,60.73,61.08669459041475
2026-06-04 00:45:00,56.44,59.09869150629453
2026-06-04 01:00:00,60.78,54.73973510870542
2026-06-04 01:15:00,58.61,60.291692815791045
2026-06-04 01:30:00,59.53,49.71317933245865
2026-06-04 01:45:00,60.91,51.79138754809345
2026-06-04 02:00:00,58.21,59.38404880231239
2026-06-04 02:15:00,58.14,50.29275523160052
2026-06-04 02:30:00,58.93,48.629944347270715
2026-06-04 02:45:00,64.72,48.553954392836836
2026-06-04 03:00:00,59.63,64.64376213920269
2026-06-04 03:15:00,60.88,52.859041873597675
2026-06-04 03:30:00,64.19,57.53864863940566
2026-06-04 03:45:00,63.47,63.610909360741886
2026-06-04 04:00:00,64.47,58.67856474832501
2026-06-04 04:15:00,67.97,63.701992759626116
2026-06-04 04:30:00,69.57,68.69785375417999
2026-06-04 04:45:00,66.2,68.84132272724233
2026-06-04 05:00:00,83.91,66.01010899725809
2026-06-04 05:15:00,81.07,86.58359014470456
2026-06-04 05:30:00,76.68,81.37593722790378
2026-06-04 05:45:00,70.66,76.44386508181987
2026-06-04 06:00:00,96.6,69.44975893061591
2026-06-04 06:15:00,79.87,96.90858982590143
2026-06-04 06:30:00,65.42,80.92732246755156
2026-06-04 06:45:00,44.75,62.060882990021724
2026-06-04 07:00:00,62.4,69.29587670862433
2026-06-04 07:15:00,47.67,61.08075344195613
2026-06-04 07:30:00,22.81,38.05329098434477
2026-06-04 07:45:00,9.79,26.906226958439483
2026-06-04 08:00:00,12.92,11.235072404800622
2026-06-04 08:15:00,4.55,16.804488988498253
2026-06-04 08:30:00,0.02,4.483367461141766
2026-06-04 08:45:00,0.0,0.35277162686624663
2026-06-04 09:00:00,0.01,0.2720002732147242
2026-06-04 09:15:00,0.0,0.35013017264145907
2026-06-04 10:15:00,-0.02,0.27101319835790855
2026-06-04 11:15:00,-0.04,0.6239242017656835
2026-06-04 11:30:00,-0.02,0.6111355348897063
2026-06-04 11:45:00,-0.05,0.6088704375105887
2026-06-04 12:00:00,-0.03,0.9911488023685221
2026-06-04 12:30:00,-0.01,0.529446693382574
2026-06-04 12:45:00,0.0,1.3128592804800876
2026-06-04 13:00:00,-0.01,15.217466561523988
2026-06-04 13:15:00,0.0,8.675468985482697
2026-06-04 13:30:00,0.03,15.223130456035133
2026-06-04 13:45:00,5.53,15.933862085642158
2026-06-04 14:00:00,5.38,19.713730700047257
2026-06-04 14:15:00,12.54,19.43270514367936
2026-06-04 14:30:00,29.9,29.38761594562183
2026-06-04 14:45:00,50.1,41.98714279514904
2026-06-04 15:00:00,31.86,58.1590296285359
2026-06-04 15:15:00,52.4,51.32647010926739
2026-06-04 15:30:00,72.64,64.87610991169984
2026-06-04 15:45:00,85.25,84.27470034791656
2026-06-04 16:00:00,64.29,65.83914557073864
2026-06-04 16:15:00,85.08,68.5455159848261
2026-06-04 16:30:00,103.27,87.8538962592053
2026-06-04 16:45:00,103.13,104.32933118464928
2026-06-04 17:00:00,92.37,92.24492744638482
2026-06-04 17:15:00,98.53,95.46884694156343
2026-06-04 17:30:00,103.19,103.61451541980975
2026-06-04 17:45:00,107.45,103.50461653831512
2026-06-04 18:00:00,100.45,110.05759484657982
2026-06-04 18:15:00,105.28,103.8522097791621
2026-06-04 18:30:00,105.55,112.285424141896
2026-06-04 18:45:00,109.12,111.30504920707902
2026-06-04 19:00:00,106.48,113.26930028473942
2026-06-04 19:15:00,106.91,113.05269455050542
2026-06-04 19:30:00,106.48,113.3746875170005
2026-06-04 19:45:00,104.5,111.45620502543413
2026-06-04 20:00:00,105.01,103.34061432972052
2026-06-04 20:15:00,101.83,107.58411529713992
2026-06-04 20:30:00,104.37,101.01316452466446
2026-06-04 20:45:00,100.74,102.5975431017712
2026-06-04 21:00:00,98.08,100.24103833626185
2026-06-04 21:15:00,96.19,101.35130186703482
2026-06-04 21:30:00,95.93,101.0085685920969
2026-06-04 21:45:00,89.77,101.9015735584241
2026-06-04 22:00:00,85.01,96.0172165002364
2026-06-04 22:15:00,73.83,88.57154487377517
2026-06-04 22:30:00,69.95,83.09342375743829
2026-06-04 22:45:00,65.44,78.36545318541059
2026-06-04 23:00:00,76.03,70.37959247424584
2026-06-04 23:15:00,72.2,77.16927654227253
2026-06-04 23:30:00,74.22,71.41339602237677
2026-06-04 23:45:00,67.24,73.0917572502783
2026-06-05 00:00:00,65.33,64.98368916046381
2026-06-05 00:15:00,73.95,63.91999958329162
2026-06-05 00:30:00,78.7,73.23963642756976
2026-06-05 00:45:00,81.0,76.33569462980635
2026-06-05 01:00:00,81.9,80.2054205132693
2026-06-05 01:15:00,74.23,81.78022403172164
2026-06-05 01:30:00,73.8,70.64670264357433
2026-06-05 01:45:00,70.83,71.74134431493842
2026-06-05 02:00:00,71.03,71.53716360369246
2026-06-05 02:15:00,76.29,69.38066495845992
2026-06-05 02:30:00,80.61,72.83171777269112
2026-06-05 02:45:00,87.77,79.71416032575908
2026-06-05 03:00:00,80.53,88.1331518630293
2026-06-05 03:15:00,82.12,79.7003507754853
2026-06-05 03:30:00,87.83,81.8783150413887
2026-06-05 03:45:00,98.32,86.82615980647307
2026-06-05 04:00:00,103.75,95.78830384918068
2026-06-05 04:15:00,103.31,102.46222898301396
2026-06-05 04:30:00,101.6,100.21123854738207
2026-06-05 04:45:00,102.6,98.77608590508702
2026-06-05 05:00:00,117.08,98.25154127929638
2026-06-05 05:15:00,112.27,111.19927772019238
2026-06-05 05:30:00,112.26,103.93674147479418
2026-06-05 05:45:00,107.24,103.91938524854132
2026-06-05 06:00:00,120.06,104.53536829785506
2026-06-05 06:15:00,119.63,111.85075531125042
2026-06-05 06:30:00,115.57,111.86731925742257
2026-06-05 06:45:00,110.36,109.64213566055832
2026-06-05 07:00:00,129.2,105.50073269460943
2026-06-05 07:15:00,118.97,118.8016311301168
2026-06-05 07:30:00,96.22,111.77190219802391
2026-06-05 07:45:00,79.94,94.71210997994646
2026-06-05 08:00:00,112.55,96.71944439630242
2026-06-05 08:15:00,92.64,110.99196303060198
2026-06-05 08:30:00,75.66,90.37441821490644
2026-06-05 08:45:00,71.08,73.858453444501
2026-06-05 09:00:00,81.91,77.93286230623528
2026-06-05 09:15:00,87.99,76.67280731569043
2026-06-05 09:30:00,82.56,87.50926940698051
2026-06-05 09:45:00,73.76,83.09303938052484
2026-06-05 10:00:00,70.55,71.38101818251317
2026-06-05 10:15:00,56.84,70.06777541166839
2026-06-05 10:30:00,51.12,58.11730014642431
2026-06-05 10:45:00,44.78,47.39958375316784
2026-06-05 11:00:00,42.04,40.87224372260084
2026-06-05 11:15:00,36.35,37.58449141983356
2026-06-05 11:30:00,33.73,33.606442881244455
2026-06-05 11:45:00,24.59,32.53777638766009
2026-06-05 12:00:00,23.71,31.69554215760209
2026-06-05 12:15:00,22.64,31.600839348597116
2026-06-05 12:30:00,24.93,32.35107409160641
2026-06-05 12:45:00,28.71,33.922484411857425
2026-06-05 13:00:00,14.56,36.22775509657266
2026-06-05 13:15:00,25.04,36.40125827639433
2026-06-05 13:30:00,40.74,35.660937588611255
2026-06-05 13:45:00,59.66,46.37622062738425
2026-06-05 14:00:00,41.81,55.340620303161
2026-06-05 14:15:00,55.7,44.053582633419865
2026-06-05 14:30:00,72.24,60.34419961563739
2026-06-05 14:45:00,94.17,80.23796211799127
2026-06-05 15:00:00,66.55,76.65873167300913
2026-06-05 15:15:00,89.19,72.22572284112363
2026-06-05 15:30:00,106.11,93.64465095260093
2026-06-05 15:45:00,123.06,113.4300335896618
2026-06-05 16:00:00,93.58,99.9959661817831
2026-06-05 16:15:00,113.42,95.94537491459958
2026-06-05 16:30:00,127.88,119.64801192340468
2026-06-05 16:45:00,148.54,131.92711416781756
2026-06-05 17:00:00,120.06,121.47683558710865
2026-06-05 17:15:00,137.01,122.60132606695096
2026-06-05 17:30:00,154.79,137.5020133089022
2026-06-05 17:45:00,171.0,152.14210947605503
2026-06-05 18:00:00,164.88,148.0716429724672
2026-06-05 18:15:00,172.4,157.4294130927937
2026-06-05 18:30:00,188.89,162.5850637827965
2026-06-05 18:45:00,189.97,187.74610272649772
2026-06-05 19:00:00,194.75,186.05946683211565
2026-06-05 19:15:00,192.47,184.19407709800674
2026-06-05 19:30:00,189.89,181.8873888627424
2026-06-05 19:45:00,180.53,179.58057136171217
2026-06-05 20:00:00,182.58,172.9533801930587
2026-06-05 20:15:00,173.62,173.6414139810106
2026-06-05 20:30:00,164.24,157.28160948499306
2026-06-05 20:45:00,158.73,153.22676660154522
2026-06-05 21:00:00,163.27,155.73503025538187
2026-06-05 21:15:00,155.79,152.54099321639225
2026-06-05 21:30:00,150.12,154.50005729910933
2026-06-05 21:45:00,144.18,149.79004541740986
2026-06-05 22:00:00,165.58,142.76256640421283
2026-06-05 22:15:00,149.85,149.3395412772424
2026-06-05 22:30:00,144.01,145.16849952156443
2026-06-05 22:45:00,130.23,141.0034986992863
2026-06-05 23:00:00,136.17,137.96944477314312
2026-06-05 23:15:00,133.92,127.26695190673621
2026-06-05 23:30:00,131.71,127.0380797470943
2026-06-05 23:45:00,133.56,124.22748610581897
2026-06-06 00:00:00,132.6,125.67375640401626
2026-06-06 00:15:00,131.38,125.25567535711497
2026-06-06 00:30:00,127.39,125.2837102567783
2026-06-06 00:45:00,125.24,123.13300681378227
2026-06-06 01:00:00,124.9,120.75218684017479
2026-06-06 01:15:00,116.17,119.9411469485075
2026-06-06 01:30:00,115.39,116.31401159268673
2026-06-06 01:45:00,120.1,115.9012422120312
2026-06-06 02:15:00,121.08,118.52162774781961
2026-06-06 02:30:00,121.49,119.24384890160833
2026-06-06 02:45:00,122.55,120.28723518994278
2026-06-06 03:00:00,127.46,121.65408010993852
2026-06-06 03:15:00,121.1,124.85041566796053
2026-06-06 03:30:00,117.56,119.99959988061225
2026-06-06 03:45:00,114.7,117.31456833023796
2026-06-06 04:00:00,124.73,116.75796109906614
2026-06-06 04:15:00,120.46,120.9342510626743
2026-06-06 04:30:00,115.35,118.13006457543682
2026-06-06 04:45:00,110.1,114.10694635946386
2026-06-06 05:00:00,126.74,105.61451500604038
2026-06-06 05:15:00,116.7,120.00376950728743
2026-06-06 05:30:00,101.91,111.88263379076537
2026-06-06 05:45:00,80.53,100.89774940126954
2026-06-06 06:00:00,108.39,100.42528221334314
2026-06-06 06:15:00,96.55,108.49981172183878
2026-06-06 06:30:00,82.7,96.61632574194874
2026-06-06 06:45:00,65.27,84.00432523038825
2026-06-06 07:00:00,92.23,87.04944597140268
2026-06-06 07:15:00,75.65,93.97025718255576
2026-06-06 07:30:00,57.75,75.34320454916657
2026-06-06 07:45:00,25.91,47.818315813348825
2026-06-06 08:00:00,57.22,28.895761810563958
2026-06-06 08:15:00,33.57,50.57662597872598
2026-06-06 08:30:00,16.61,30.14915440040928
2026-06-06 08:45:00,0.05,15.503333586559256
2026-06-06 09:00:00,0.18,0.6232641204237778
2026-06-06 09:15:00,0.11,0.38022156711091615
2026-06-06 09:30:00,0.1,0.3644445761580826
2026-06-06 09:45:00,0.05,0.3667066179679338
2026-06-06 10:00:00,0.04,0.3698528528007264
2026-06-06 10:15:00,0.0,0.3698528528007264
2026-06-06 10:30:00,-0.02,0.28592424373387565
2026-06-06 10:45:00,-0.06,-0.34644852481701144
2026-06-06 11:00:00,-0.01,-0.5502240589725089
2026-06-06 11:15:00,0.0,-0.1537042652735658
2026-06-06 11:30:00,-0.02,0.29458915543133335
2026-06-06 11:45:00,-0.01,-0.3170292712447486
2026-06-06 12:00:00,0.0,1.345606853762154
2026-06-06 12:15:00,0.06,2.200754732309908
2026-06-06 12:30:00,0.1,2.364566689834064
2026-06-06 12:45:00,0.2,2.2576896116148477
2026-06-06 13:00:00,2.88,17.13891522049634
2026-06-06 13:15:00,10.14,9.629623633775932
2026-06-06 13:30:00,14.1,24.28628461703696
2026-06-06 13:45:00,32.87,35.380867474023894
2026-06-06 14:00:00,12.18,48.04158709303366
2026-06-06 14:15:00,38.15,30.328927406921377
2026-06-06 14:30:00,52.15,47.52568761502187
2026-06-06 14:45:00,66.14,66.07461866569159
2026-06-06 15:00:00,67.34,71.41120614948666
2026-06-06 15:15:00,85.08,76.41262115726423
2026-06-06 15:30:00,102.37,87.32122917877356
2026-06-06 15:45:00,121.92,101.37156544348213
2026-06-06 16:00:00,113.11,98.93219249025668
2026-06-06 16:15:00,119.7,116.22262625722914
2026-06-06 16:30:00,126.72,123.34087224965576
2026-06-06 16:45:00,116.87,132.09944490205132
2026-06-06 17:00:00,116.96,123.39402326466895
2026-06-06 17:15:00,126.69,121.63279878793008
2026-06-06 17:30:00,130.79,132.38317680133082
2026-06-06 17:45:00,146.08,146.08688459221702
2026-06-06 18:00:00,138.68,152.8845615528528
2026-06-06 18:15:00,142.6,148.58018683490545
2026-06-06 18:30:00,152.61,152.23255935566758
2026-06-06 18:45:00,156.43,163.61177336768517
2026-06-06 19:00:00,150.09,161.2704459158762
2026-06-06 19:15:00,141.28,160.38363532219597
2026-06-06 19:30:00,139.77,145.63483660059896
2026-06-06 19:45:00,137.82,142.11385541872625
2026-06-06 20:00:00,130.81,138.73925796799492
2026-06-06 20:15:00,122.38,130.84438387818426
2026-06-06 20:30:00,130.1,127.05587848438205
2026-06-06 20:45:00,122.55,127.67626516534253
2026-06-06 21:00:00,115.19,123.44714732182757
2026-06-06 21:15:00,110.12,116.63520660962236
2026-06-06 21:30:00,109.5,114.1752787248761
2026-06-06 21:45:00,102.99,109.64173706958705
2026-06-06 22:00:00,107.9,104.36425155071774
2026-06-06 22:15:00,97.92,108.7554745047469
2026-06-06 22:30:00,95.1,100.58261589662001
2026-06-06 22:45:00,91.47,97.24935096192044
2026-06-06 23:00:00,95.49,94.92493470271664
2026-06-06 23:15:00,88.42,96.81867523473447
2026-06-06 23:30:00,89.4,90.32825967334851
2026-06-06 23:45:00,81.72,92.41514699979462
2026-06-07 00:00:00,87.44,84.50177573918192
2026-06-07 00:15:00,83.62,89.29102755604933
2026-06-07 00:30:00,82.43,86.3342293352694
2026-06-07 00:45:00,74.95,85.19798137629645
2026-06-07 01:00:00,81.48,73.75579893880992
2026-06-07 01:15:00,73.13,80.90600992024268
2026-06-07 01:30:00,70.57,71.36572038567633
2026-06-07 01:45:00,62.75,69.96821610938703
2026-06-07 02:00:00,66.66,61.811518772481236
2026-06-07 02:15:00,61.67,66.9939765066695
2026-06-07 02:30:00,57.19,54.69558549104593
2026-06-07 02:45:00,50.61,47.37560205634585
2026-06-07 03:00:00,53.51,48.17444574446621
2026-06-07 03:15:00,43.06,46.858086876247654
2026-06-07 03:30:00,32.97,44.79347049003988
2026-06-07 03:45:00,10.73,34.013739613293296
2026-06-07 04:00:00,8.62,11.75329426206978
2026-06-07 04:15:00,5.11,7.933477588846049
2026-06-07 04:30:00,4.43,4.940570767190326
2026-06-07 04:45:00,2.1,4.548471269007391
2026-06-07 05:00:00,1.84,1.7468762554804151
2026-06-07 05:15:00,0.01,1.6362557920196787
2026-06-07 05:30:00,0.0,0.37669588858851083
2026-06-07 05:45:00,-0.01,0.29926475654877577
2026-06-07 06:15:00,-0.05,1.126181718786872
2026-06-07 06:30:00,-0.11,1.2530839829476315
2026-06-07 06:45:00,-2.04,1.2085845908668598
2026-06-07 07:00:00,-1.3,-1.647807454430376
2026-06-07 07:15:00,-3.4,-0.6480148401326453
2026-06-07 07:30:00,-5.49,-3.9976086976514824
2026-06-07 07:45:00,-9.99,-8.336488846104318
2026-06-07 08:00:00,-4.99,-13.92150110740402
2026-06-07 08:15:00,-5.46,-7.60897006434433
2026-06-07 08:30:00,-9.88,-8.538969616666366
2026-06-07 08:45:00,-11.67,-13.701604667416987
2026-06-07 09:00:00,-12.73,-15.740695969891785
2026-06-07 09:15:00,-14.6,-18.787588593546683
2026-06-07 09:30:00,-14.3,-19.617087308426566
2026-06-07 09:45:00,-14.57,-18.45679068625245
2026-06-07 10:00:00,-14.99,-17.832418797351874
2026-06-07 10:15:00,-19.0,-20.544620676248194
2026-06-07 10:45:00,-20.06,-25.56172049262397
2026-06-07 11:00:00,-23.4,-26.074916111703953
2026-06-07 11:15:00,-29.99,-27.303592713074806
2026-06-07 11:30:00,-40.08,-36.04572834290617
2026-06-07 11:45:00,-50.2,-43.832245043520686
2026-06-07 12:00:00,-44.01,-57.81337578905136
2026-06-07 12:15:00,-45.41,-42.38229123551388
2026-06-07 12:30:00,-44.43,-41.27407810077825
2026-06-07 12:45:00,-45.0,-41.40824967827482
2026-06-07 13:00:00,-50.0,-40.711423339368615
2026-06-07 13:15:00,-40.1,-43.517929617986525
2026-06-07 13:30:00,-31.74,-41.45818814077091
2026-06-07 13:45:00,-23.83,-28.317453054304558
2026-06-07 14:00:00,-28.04,-18.210018411017337
2026-06-07 14:15:00,-17.94,-18.46271612683613
2026-06-07 14:30:00,-12.78,-12.92793759404811
2026-06-07 14:45:00,-5.03,-7.65882483276228
2026-06-07 15:00:00,-3.41,-1.8627911883797215
2026-06-07 15:15:00,-1.0,-1.5497192229453631
2026-06-07 15:30:00,-0.1,-0.22719817801204603
2026-06-07 15:45:00,0.08,1.2487998793188189
2026-06-07 16:00:00,0.22,7.204824714588534
2026-06-07 16:15:00,18.94,12.243903462440384
2026-06-07 16:30:00,69.8,45.59776768466678
2026-06-07 16:45:00,106.58,76.65985652006503
2026-06-07 17:00:00,73.02,91.27412500156915
2026-06-07 17:15:00,100.87,82.67403999406946
2026-06-07 17:30:00,115.39,106.85909294313483
2026-06-07 17:45:00,120.8,125.61265170362337
2026-06-07 18:00:00,125.9,104.62242765651868
2026-06-07 18:15:00,127.57,127.51080814660479
2026-06-07 18:30:00,129.28,129.96796086358745
2026-06-07 18:45:00,136.2,130.55206048455915
2026-06-07 19:00:00,132.75,136.80741609689002
2026-06-07 19:15:00,134.88,134.3482271245075
2026-06-07 19:30:00,139.9,136.3358752740095
2026-06-07 19:45:00,144.02,136.9749909871922
2026-06-07 20:00:00,146.12,141.06411446948488
2026-06-07 20:15:00,145.87,140.8825088727341
2026-06-07 20:30:00,139.53,140.10961878297238
2026-06-07 20:45:00,137.84,133.06887713487944
2026-06-07 21:00:00,149.63,131.77922509692422
2026-06-07 21:15:00,139.1,142.40417959303193
2026-06-07 21:30:00,136.2,132.61444248196355
2026-06-07 21:45:00,141.77,130.49090067065097
2026-06-07 22:00:00,151.59,137.04605105843646
2026-06-07 22:15:00,137.78,143.8382708005554
2026-06-07 22:30:00,133.38,132.49220455984897
2026-06-07 22:45:00,129.3,131.76172743461422
2026-06-07 23:00:00,140.09,134.1010418752608
2026-06-07 23:15:00,130.35,133.59059838728538
2026-06-07 23:30:00,129.62,125.66598367540709
2026-06-07 23:45:00,124.86,125.43234263456199
2026-06-08 00:00:00,133.58,123.10067637105865
2026-06-08 00:15:00,128.87,130.70012104223167
2026-06-08 00:30:00,130.8,125.162371917791
2026-06-08 01:00:00,127.57,128.2438990425934
2026-06-08 01:15:00,125.3,122.83491865947704
2026-06-08 01:30:00,124.6,119.46176550656307
2026-06-08 01:45:00,125.85,120.59581889521405
2026-06-08 02:00:00,130.24,119.59895868325395
2026-06-08 02:15:00,129.12,121.29342325652208
2026-06-08 02:30:00,128.88,121.52860035253606
2026-06-08 02:45:00,131.76,121.14194711113826
2026-06-08 03:00:00,133.61,124.02601987508449
2026-06-08 03:15:00,135.24,126.3155048637568
2026-06-08 03:30:00,143.42,126.7169984730501
2026-06-08 03:45:00,150.04,140.67648102181272
2026-06-08 04:00:00,155.1,145.52255185792828
2026-06-08 04:15:00,158.23,144.22683330083757
2026-06-08 04:30:00,157.78,144.62399534356229
2026-06-08 04:45:00,149.95,144.49702347871747
2026-06-08 05:00:00,171.51,143.0186324265286
2026-06-08 05:15:00,151.73,137.8115691685225
2026-06-08 05:30:00,144.17,142.14470852679378
2026-06-08 05:45:00,132.1,141.2259339723012
2026-06-08 06:00:00,146.88,134.35931205203266
2026-06-08 06:15:00,132.22,140.25230956237107
2026-06-08 06:30:00,120.98,126.174762962595
2026-06-08 06:45:00,114.85,114.06311940138413
2026-06-08 07:00:00,130.24,123.8749825825605
2026-06-08 07:15:00,120.13,117.42056227255419
2026-06-08 07:30:00,115.79,113.00403266791373
2026-06-08 07:45:00,102.7,109.76773052333442
2026-06-08 08:00:00,134.27,87.74896730445484
2026-06-08 08:15:00,117.19,166.34958468437878
2026-06-08 08:30:00,95.86,113.3294931380954
2026-06-08 08:45:00,77.01,91.43985466966511
2026-06-08 09:00:00,92.08,92.17013777442901
2026-06-08 09:15:00,81.59,88.4744791736505
2026-06-08 09:30:00,71.02,67.15043525343891
2026-06-08 09:45:00,62.99,72.44025746513022
2026-06-08 10:00:00,84.21,49.93560427303931
2026-06-08 10:15:00,79.46,81.98860964495972
2026-06-08 10:30:00,73.65,81.1468397990378
2026-06-08 10:45:00,75.07,72.71365928119442
2026-06-08 11:00:00,81.96,78.23636961370585
2026-06-08 11:15:00,82.71,86.66479476839115
2026-06-08 11:30:00,80.57,86.65760228552813
2026-06-08 11:45:00,72.28,84.45375815264315
2026-06-08 12:00:00,79.21,77.21586499159325
2026-06-08 12:15:00,80.01,85.50396824375221
2026-06-08 12:30:00,83.33,87.39473611508373
2026-06-08 12:45:00,88.81,86.83060197491243
2026-06-08 13:00:00,80.13,96.70693033088654
2026-06-08 13:15:00,87.11,88.10321190855169
2026-06-08 13:30:00,97.22,91.85245606486225
2026-06-08 13:45:00,113.94,98.20608878550482
2026-06-08 14:00:00,90.63,110.03661159828584
2026-06-08 14:15:00,98.68,94.10279310088546
2026-06-08 14:30:00,107.51,98.70834956798572
2026-06-08 14:45:00,111.97,113.00732598736907
2026-06-08 15:00:00,112.14,113.99052595085988
2026-06-08 15:15:00,117.31,114.56407178687502
2026-06-08 15:30:00,123.53,119.4378894160707
2026-06-08 15:45:00,146.4,126.14664293890664
2026-06-08 16:00:00,127.79,145.6424322207275
2026-06-08 16:15:00,130.1,124.7127500493563
2026-06-08 16:30:00,145.49,123.76605629819004
2026-06-08 16:45:00,175.02,149.25518863437014
2026-06-08 17:00:00,160.75,166.6656366898602
2026-06-08 17:15:00,181.64,149.749682137175
2026-06-08 17:30:00,186.43,184.64168108645637
2026-06-08 17:45:00,227.3,189.66986373792273
2026-06-08 18:00:00,198.63,222.06838491842072
2026-06-08 18:15:00,207.39,184.4898539284828
2026-06-08 18:30:00,211.54,214.00617386726827
2026-06-08 18:45:00,208.97,208.86311170136696
2026-06-08 19:00:00,217.86,211.5822241846807
2026-06-08 19:15:00,195.25,212.74462800100312
2026-06-08 19:30:00,175.82,173.34723958530205
2026-06-08 19:45:00,158.01,160.13806275073765
2026-06-08 20:00:00,184.09,155.11281329880532
2026-06-08 20:15:00,160.0,167.143988712611
2026-06-08 20:30:00,141.4,153.6613371806016
2026-06-08 20:45:00,137.38,140.854853382183
2026-06-08 21:00:00,129.69,144.04342623031138
2026-06-08 21:15:00,121.41,135.55624701489944
2026-06-08 21:30:00,124.76,125.31050438105893
2026-06-08 21:45:00,115.67,124.72273311891682
2026-06-08 22:00:00,135.54,119.91021146978375
2026-06-08 22:15:00,121.44,134.90234674955536
2026-06-08 22:30:00,118.14,123.3447080346727
2026-06-08 22:45:00,109.63,120.14127267901313
2026-06-08 23:00:00,118.07,118.04116960656124
2026-06-08 23:15:00,113.91,120.00405868600731
2026-06-08 23:30:00,114.41,116.33759485110039
2026-06-08 23:45:00,111.59,116.59428061523002
2026-06-09 00:00:00,111.13,110.45153868495778
2026-06-09 00:15:00,106.61,110.48547626784335
2026-06-09 00:30:00,107.36,108.37013018776176
2026-06-09 00:45:00,103.48,108.75125856960584
2026-06-09 01:00:00,106.01,103.42738721278847
2026-06-09 01:15:00,102.55,108.87052776669428
2026-06-09 01:30:00,102.42,102.40965664646028
2026-06-09 01:45:00,100.95,102.35670216563
2026-06-09 02:00:00,101.02,101.45334180524827
2026-06-09 02:15:00,99.99,101.77630698590443
2026-06-09 02:30:00,102.45,100.05429931583242
2026-06-09 02:45:00,102.57,102.4898262915663
2026-06-09 03:00:00,104.76,102.71805697649309
2026-06-09 03:15:00,105.96,105.45142611278008
2026-06-09 03:30:00,105.98,108.83057238814631
2026-06-09 03:45:00,109.61,109.15696781592855
2026-06-09 04:00:00,115.49,113.05939142808275
2026-06-09 04:15:00,121.54,118.23728941272827
2026-06-09 04:30:00,126.28,123.48354795710608
2026-06-09 04:45:00,124.02,126.11678250595706
2026-06-09 05:00:00,132.69,123.10592261562381
2026-06-09 05:15:00,128.93,129.96756832173654
2026-06-09 05:30:00,127.88,121.29665340439249
2026-06-09 05:45:00,121.93,123.37055636513517
2026-06-09 06:00:00,133.02,119.44991248979737
2026-06-09 06:15:00,121.02,130.55154086096766
2026-06-09 06:30:00,116.41,115.79754975364105
2026-06-09 06:45:00,104.51,110.55513353753166
2026-06-09 07:00:00,115.47,116.73848992589735
2026-06-09 07:15:00,98.95,109.9020071982819
2026-06-09 07:30:00,92.58,98.55609300573987
2026-06-09 07:45:00,75.36,92.36169422545173
2026-06-09 08:00:00,85.4,90.6587054859513
2026-06-09 08:15:00,73.3,86.84267748931269
2026-06-09 08:30:00,67.24,74.17145718543695
2026-06-09 08:45:00,54.96,62.506194656362055
2026-06-09 09:00:00,69.73,63.443838465230925
2026-06-09 09:15:00,55.47,66.37655735598996
2026-06-09 09:30:00,46.97,49.97455256802635
2026-06-09 09:45:00,33.7,36.69699897887617
2026-06-09 10:00:00,42.5,34.60588657951327
2026-06-09 10:15:00,24.1,38.694280663959454
2026-06-09 10:30:00,13.04,24.128509335940127
2026-06-09 10:45:00,6.37,18.70390180691221
2026-06-09 11:00:00,6.29,8.787194836768812
2026-06-09 11:15:00,3.83,8.704707712701058
2026-06-09 11:30:00,2.1,4.6467033684952606
2026-06-09 11:45:00,0.0,2.707872341330357
2026-06-09 12:00:00,0.1,1.881384237339774
2026-06-09 12:15:00,0.0,1.5950730570028762
2026-06-09 12:30:00,-0.14,1.4607484499431949
2026-06-09 12:45:00,0.0,-0.12433723823797822
2026-06-09 13:00:00,-0.94,5.875649876782148
2026-06-09 13:15:00,-0.26,-0.8903669787711768
2026-06-09 13:30:00,0.37,0.46341887566921686
2026-06-09 13:45:00,3.13,7.855574390303179
2026-06-09 14:00:00,0.0,20.816100908221266
2026-06-09 14:15:00,7.73,5.081155018127615
2026-06-09 14:30:00,35.38,21.590393015991854
2026-06-09 14:45:00,56.91,41.15722849675392
2026-06-09 15:00:00,24.45,63.7055530065554
2026-06-09 15:15:00,62.01,57.1616599621689
2026-06-09 15:30:00,80.5,73.08844434402258
2026-06-09 15:45:00,92.87,86.58051493668503
2026-06-09 16:00:00,80.73,97.20537250797246
2026-06-09 16:15:00,96.76,86.94559386101677
2026-06-09 16:30:00,112.1,104.35608964449712
2026-06-09 16:45:00,125.24,121.90404950542633
2026-06-09 17:00:00,109.54,107.00093010063927
2026-06-09 17:15:00,126.06,121.34217455060777
2026-06-09 17:30:00,132.72,134.67747436251935
2026-06-09 17:45:00,131.63,154.6759689503711
2026-06-09 18:00:00,130.08,147.08179222824825
2026-06-09 18:15:00,142.47,138.9519017638013
2026-06-09 18:30:00,152.88,153.00372496602023
2026-06-09 18:45:00,164.12,163.7278641755389
2026-06-09 19:00:00,149.61,170.4864019073242
2026-06-09 19:15:00,155.0,156.6847808212004
2026-06-09 19:30:00,157.7,158.048932270427
2026-06-09 19:45:00,151.68,155.37621058446587
2026-06-09 20:00:00,150.69,152.65022810487727
2026-06-09 20:15:00,149.99,150.7398012980604
2026-06-09 20:30:00,143.95,147.64465596880052
2026-06-09 20:45:00,133.37,141.9776267129927
2026-06-09 21:00:00,136.46,132.01079985704706
2026-06-09 21:15:00,127.45,130.8388853993687
2026-06-09 21:30:00,126.67,125.57921357395246
2026-06-09 21:45:00,119.21,122.0240194737332
2026-06-09 22:00:00,123.76,126.25762914690293
2026-06-09 22:15:00,120.68,122.4596995580972
2026-06-09 22:30:00,117.51,120.4506730433126
2026-06-09 22:45:00,111.22,117.01506974639153
2026-06-09 23:00:00,116.99,110.64249657212129
2026-06-09 23:15:00,112.9,116.34683238300529
2026-06-09 23:30:00,110.1,112.2863636934344
2026-06-09 23:45:00,106.2,109.2624192057954
2026-06-10 00:00:00,108.45,107.83740864536394
2026-06-10 00:15:00,104.34,108.1377130743323
2026-06-10 00:30:00,103.9,103.3831116799731
2026-06-10 00:45:00,100.28,102.41899934810151
2026-06-10 01:00:00,100.56,100.16842342275393
2026-06-10 01:15:00,102.03,100.66661569505631
2026-06-10 01:30:00,102.05,101.5030640299404
2026-06-10 01:45:00,102.09,101.36295735878375
2026-06-10 02:00:00,99.25,101.48609369865984
2026-06-10 02:15:00,101.0,98.82926313781532
2026-06-10 02:30:00,105.45,101.03321364559987
2026-06-10 02:45:00,106.63,106.06470303819823
2026-06-10 03:00:00,104.69,107.55821363619984
2026-06-10 03:15:00,109.87,104.0234143346137
2026-06-10 03:30:00,111.06,109.16892124384357
2026-06-10 03:45:00,118.12,109.76594915255775
2026-06-10 04:00:00,119.21,118.30536929249728
2026-06-10 04:15:00,126.15,118.33364177229872
2026-06-10 04:30:00,126.55,125.00527020071648
2026-06-10 04:45:00,124.69,123.77679929843434
2026-06-10 05:00:00,132.52,122.4902551543754
2026-06-10 05:15:00,131.22,126.81963295023627
2026-06-10 05:30:00,129.4,125.70821500517675
2026-06-10 05:45:00,126.48,121.19484171046803
2026-06-10 06:00:00,134.82,120.84454903598974
2026-06-10 06:15:00,124.49,129.01472909247542
2026-06-10 06:30:00,117.83,118.0472212491395
2026-06-10 06:45:00,97.09,110.97122369752175
2026-06-10 07:00:00,113.62,108.29450767973181
2026-06-10 07:15:00,98.16,107.06533583467551
2026-06-10 07:30:00,85.94,94.85606274529121
2026-06-10 07:45:00,82.15,83.32207000982906
2026-06-10 08:00:00,89.58,85.20773672603922
2026-06-10 08:15:00,79.77,87.18065194876974
2026-06-10 08:30:00,78.52,75.11268467683918
2026-06-10 08:45:00,64.93,71.51426780077193
2026-06-10 09:00:00,71.59,62.41504264582605
2026-06-10 09:15:00,66.2,68.60522051639113
2026-06-10 09:30:00,61.1,62.612933984151226
2026-06-10 09:45:00,55.86,58.483661045687576
2026-06-10 10:00:00,60.35,52.009851683070785
2026-06-10 10:15:00,55.64,59.57326078094943
2026-06-10 10:30:00,59.76,53.68122467541031
2026-06-10 10:45:00,61.36,57.61221630029499
2026-06-10 11:00:00,62.64,61.880414670351854
2026-06-10 11:15:00,62.38,62.44769195533331
2026-06-10 11:30:00,62.2,62.09047385795858
2026-06-10 11:45:00,60.48,62.01754216771119
2026-06-10 12:00:00,60.56,63.54093362060507
2026-06-10 12:15:00,62.32,63.41622944709658
2026-06-10 12:30:00,71.14,64.14762024924141
2026-06-10 12:45:00,80.07,77.28450265501293
2026-06-10 13:00:00,64.26,81.01553105905064
2026-06-10 13:15:00,78.44,68.39712470392242
2026-06-10 13:30:00,80.0,79.78851930636412
2026-06-10 13:45:00,89.53,81.35695484058452
2026-06-10 14:00:00,76.98,84.89003780286167
2026-06-10 14:15:00,86.68,80.84837433731714
2026-06-10 14:30:00,97.79,87.2394760721756
2026-06-10 14:45:00,111.01,100.1899816574012
2026-06-10 15:00:00,95.61,95.38882887973406
2026-06-10 15:15:00,108.06,97.50641860280001
2026-06-10 15:30:00,119.51,112.94531467755087
2026-06-10 15:45:00,131.3,120.6125509631042
2026-06-10 16:00:00,111.41,123.232785803603
2026-06-10 16:15:00,125.3,114.70343756876606
2026-06-10 16:30:00,135.31,126.88491333715731
2026-06-10 16:45:00,137.0,137.72191457829115
2026-06-10 17:00:00,132.2,130.71361071328357
2026-06-10 17:15:00,149.5,136.11539220687916
2026-06-10 17:30:00,158.54,146.72211035281205
2026-06-10 17:45:00,194.99,147.89110270015033
2026-06-10 18:00:00,162.76,200.5270189080206
2026-06-10 18:15:00,184.48,166.1812648135989
2026-06-10 18:30:00,211.43,201.48518133311427
2026-06-10 18:45:00,239.68,219.03006357089126
2026-06-10 19:00:00,224.0,231.25347163611602
2026-06-10 19:15:00,208.85,225.9096030512777
2026-06-10 19:30:00,195.64,211.89360441842317
2026-06-10 19:45:00,186.32,179.8572273800006
2026-06-10 20:00:00,192.37,171.879966648882
2026-06-10 20:15:00,177.95,172.05883771428978
2026-06-10 20:30:00,162.82,166.778871235395
2026-06-10 20:45:00,147.09,152.4759071305559
2026-06-10 21:00:00,169.8,156.4106129844147
2026-06-10 21:15:00,149.99,155.70025209348015
2026-06-10 21:30:00,146.65,145.90104969520866
2026-06-10 21:45:00,136.52,142.00938459422179
2026-06-10 22:00:00,150.78,153.11869265225658
2026-06-10 22:15:00,143.17,146.07402555492902
2026-06-10 22:30:00,143.66,140.41828523364666
2026-06-10 22:45:00,139.23,140.74281228915643
2026-06-10 23:00:00,138.47,134.26089008649217
2026-06-10 23:15:00,133.63,133.17370304021387
2026-06-10 23:30:00,130.86,131.61082299689298
2026-06-10 23:45:00,127.57,128.88223563001551
2026-06-11 00:00:00,128.34,125.3516158007346
2026-06-11 00:15:00,124.68,125.90818650514198
2026-06-11 00:30:00,122.99,122.19184996052408
2026-06-11 00:45:00,121.86,121.52809669220653
2026-06-11 01:00:00,125.31,121.27517915110097
2026-06-11 01:15:00,121.9,122.28148146614839
2026-06-11 01:30:00,122.47,121.82046901105362
2026-06-11 01:45:00,120.42,122.00196644190609
2026-06-11 02:00:00,123.09,120.56617899216536
2026-06-11 02:15:00,122.48,122.0176292579546
2026-06-11 02:30:00,121.84,122.18370232623066
2026-06-11 02:45:00,123.55,121.81441650277911
2026-06-11 03:00:00,123.05,122.47505534239582
2026-06-11 03:15:00,122.14,122.33226117130138
2026-06-11 03:30:00,125.9,122.15391184785403
2026-06-11 03:45:00,128.35,123.85952471768024
2026-06-11 04:00:00,138.79,127.69000185262725
2026-06-11 04:15:00,142.51,136.1995448221051
2026-06-11 04:30:00,140.43,142.32556437694163
2026-06-11 04:45:00,140.18,139.408440330215
2026-06-11 05:00:00,159.2,136.02330549083499
2026-06-11 05:15:00,143.83,151.59465166491472
2026-06-11 05:30:00,139.03,138.85609407775186
2026-06-11 05:45:00,130.67,135.2246802914371
2026-06-11 06:00:00,146.13,137.3381454560249
2026-06-11 06:15:00,138.39,139.1944559644639
2026-06-11 06:30:00,126.97,132.41908039770183
2026-06-11 06:45:00,111.62,120.57889863592519
2026-06-11 07:00:00,119.66,120.58859879069064
2026-06-11 07:15:00,119.06,118.00875816495373
2026-06-11 07:30:00,115.24,112.29125362507519
2026-06-11 07:45:00,98.84,110.12983000688432
2026-06-11 08:00:00,100.44,98.31141363663545
2026-06-11 08:15:00,93.01,98.60496938367284
2026-06-11 08:30:00,92.18,94.73563654622792
2026-06-11 08:45:00,88.05,89.99943759906787
2026-06-11 09:00:00,90.0,87.52937534067105
2026-06-11 09:15:00,79.83,88.4557563226318
2026-06-11 09:30:00,70.64,72.18048720337806
2026-06-11 09:45:00,60.55,70.30088447442994
2026-06-11 10:00:00,76.62,66.77748998453647
2026-06-11 10:15:00,64.21,75.57113715361604
2026-06-11 10:30:00,57.2,63.45064022905295
2026-06-11 10:45:00,58.22,56.29491389443436
2026-06-11 11:00:00,56.28,58.92807861542277
2026-06-11 11:15:00,67.7,55.98274030512607
2026-06-11 11:30:00,55.89,66.98116385378287
2026-06-11 11:45:00,44.97,55.72810023624917
2026-06-11 12:00:00,47.37,46.107180778905025
2026-06-11 12:15:00,50.4,50.536036079622505
2026-06-11 12:30:00,46.92,57.355073854591595
2026-06-11 12:45:00,46.87,47.39802852415629
2026-06-11 13:00:00,58.78,50.94929194076546
2026-06-11 13:15:00,70.1,62.016659034926235
2026-06-11 13:30:00,65.32,74.71170158904573
2026-06-11 13:45:00,76.4,69.39318444137837
2026-06-11 14:00:00,64.74,81.03820174882173
2026-06-11 14:15:00,72.04,68.01654194789506
2026-06-11 14:30:00,85.1,78.02385830240824
2026-06-11 14:45:00,98.37,90.74331912417888
2026-06-11 15:00:00,86.03,94.36121295423041
2026-06-11 15:15:00,100.1,93.6050550998941
2026-06-11 15:30:00,108.05,103.62300873228702
2026-06-11 15:45:00,114.15,112.81143962225329
2026-06-11 16:00:00,113.94,119.41581400864094
2026-06-11 16:15:00,118.67,118.78613976585737
2026-06-11 16:30:00,128.05,124.6821928749484
2026-06-11 16:45:00,145.35,130.0040347007449
2026-06-11 17:00:00,124.43,142.48030808314977
2026-06-11 17:15:00,135.35,127.22804289757256
2026-06-11 17:30:00,148.09,136.78617768797594
2026-06-11 17:45:00,154.44,153.01538181307893
2026-06-11 18:00:00,146.22,153.00469409744733
2026-06-11 18:15:00,154.91,146.88592895824704
2026-06-11 18:30:00,158.97,154.09720725112834
2026-06-11 18:45:00,162.98,156.41819307277353
2026-06-11 19:00:00,162.07,162.75015756157492
2026-06-11 19:15:00,154.1,159.53946543518109
2026-06-11 19:30:00,144.42,149.54717976607625
2026-06-11 19:45:00,126.65,144.4849763356163
2026-06-11 20:00:00,137.55,134.88124192353558
2026-06-11 20:15:00,128.75,137.63331629132313
2026-06-11 20:30:00,120.1,128.40568792126288
2026-06-11 20:45:00,107.71,116.62779578400196
2026-06-11 21:00:00,120.1,117.40199512658604
2026-06-11 21:15:00,109.27,116.87287322812253
2026-06-11 21:30:00,103.43,108.1528388091593
2026-06-11 21:45:00,90.43,101.7201008409571
2026-06-11 22:00:00,117.99,103.70785062375343
2026-06-11 22:15:00,113.37,120.11605114937426
2026-06-11 22:30:00,107.3,114.9339971281501
2026-06-11 22:45:00,98.21,108.77810447846456
2026-06-11 23:00:00,106.75,104.25023042044933
2026-06-11 23:15:00,100.71,108.51874105578523
2026-06-11 23:30:00,93.35,101.20493944573444
2026-06-11 23:45:00,83.73,97.58416437138081
2026-06-12 00:00:00,95.11,98.83958062107894
2026-06-12 00:15:00,89.5,100.12249303478745
2026-06-12 00:30:00,87.27,95.29869233067632
2026-06-12 00:45:00,80.23,91.05556121948429
2026-06-12 01:00:00,84.43,85.718326746291
2026-06-12 01:15:00,82.3,86.84154087667315
2026-06-12 01:30:00,81.0,85.10987952356486
2026-06-12 01:45:00,81.37,81.65641120005772
2026-06-12 02:00:00,80.1,81.95225254178129
2026-06-12 02:15:00,82.15,81.2269065196526
2026-06-12 02:30:00,83.06,84.50345229485171
2026-06-12 02:45:00,86.04,85.88580089811983
2026-06-12 03:00:00,79.04,90.30771056403425
2026-06-12 03:15:00,82.0,79.64949938178891
2026-06-12 03:30:00,87.09,84.15616853434122
2026-06-12 03:45:00,95.65,90.91683774362463
2026-06-12 04:00:00,97.2,100.43052060273902
2026-06-12 04:15:00,108.53,101.31261240448768
2026-06-12 04:30:00,108.27,112.44456103007961
2026-06-12 04:45:00,111.29,112.21151176665347
2026-06-12 05:00:00,113.73,114.43674362975496
2026-06-12 05:15:00,115.23,114.1981905363484
2026-06-12 05:30:00,113.88,113.34138107521261
2026-06-12 05:45:00,113.5,112.77034970905011
2026-06-12 06:00:00,125.71,113.9467846290962
2026-06-12 06:15:00,119.52,122.20013618432522
2026-06-12 06:30:00,114.58,115.37549039097857
2026-06-12 06:45:00,113.01,110.66814242670797
2026-06-12 07:00:00,123.19,110.39593756779072
2026-06-12 07:15:00,114.35,116.95782825737523
2026-06-12 07:30:00,108.13,110.51169505645483
2026-06-12 07:45:00,101.52,105.84541470753148
2026-06-12 08:00:00,105.09,109.24761979684139
2026-06-12 08:15:00,95.15,104.14125476475299
2026-06-12 08:30:00,89.84,94.0368789960879
2026-06-12 08:45:00,86.61,87.61393996340564
2026-06-12 09:00:00,87.16,86.94653411087384
2026-06-12 09:15:00,83.82,87.49676915758222
2026-06-12 09:30:00,82.03,85.00532920678312
2026-06-12 09:45:00,77.7,83.36952288459217
2026-06-12 10:00:00,76.0,79.48619644216619
2026-06-12 10:15:00,72.15,78.20982029276242
2026-06-12 10:30:00,75.33,69.96997217848289
2026-06-12 10:45:00,72.58,78.6974907114
2026-06-12 11:00:00,64.25,75.23634885550051
2026-06-12 11:15:00,63.2,63.29384294911647
2026-06-12 11:30:00,61.25,60.962771935785675
2026-06-12 11:45:00,57.1,61.199645517029104
2026-06-12 12:00:00,34.51,59.77105973326667
2026-06-12 12:15:00,36.21,38.28535885224142
2026-06-12 12:30:00,41.1,39.07456534512862
2026-06-12 12:45:00,49.31,44.102499090218394
2026-06-12 13:00:00,45.05,53.91064740813365
2026-06-12 13:15:00,43.98,48.181925957873375
2026-06-12 13:30:00,49.71,48.11857102307326
2026-06-12 13:45:00,53.6,54.62655931761926
2026-06-12 14:00:00,46.06,55.482565903768226
2026-06-12 14:15:00,55.02,49.62222960775501
2026-06-12 14:30:00,62.33,56.17606456289888
2026-06-12 14:45:00,75.09,58.15166813166482
2026-06-12 15:00:00,52.9,86.0417829692685
2026-06-12 15:15:00,64.74,64.04014980392175
2026-06-12 15:30:00,72.6,70.19035221609597
2026-06-12 15:45:00,84.42,84.23199079136518
2026-06-12 16:00:00,75.08,89.80148498502061
2026-06-12 16:15:00,84.57,85.56953657545529
2026-06-12 16:30:00,100.35,90.7136141625861
2026-06-12 16:45:00,104.79,105.02416164321652
2026-06-12 17:00:00,97.07,98.50955300394307
2026-06-12 17:15:00,104.39,101.85232538433723
2026-06-12 17:30:00,108.56,109.42709052663345
2026-06-12 17:45:00,111.71,118.76543241888544
2026-06-12 18:00:00,104.81,116.4553949454182
2026-06-12 18:15:00,106.01,112.90073825116565
2026-06-12 18:30:00,106.77,116.19500981360682
2026-06-12 18:45:00,109.79,114.7016422593168
2026-06-12 19:00:00,109.69,116.40552967764951
2026-06-12 19:15:00,109.99,115.86637217464289
2026-06-12 19:30:00,109.64,114.71094505383226
2026-06-12 19:45:00,108.31,113.69408667822186
2026-06-12 20:00:00,113.12,112.99700350568887
2026-06-12 20:15:00,112.73,112.33782880009143
2026-06-12 20:30:00,112.37,112.20184824438678
2026-06-12 20:45:00,106.3,112.35955812752434
2026-06-12 21:00:00,107.78,109.56031717347236
2026-06-12 21:15:00,101.69,110.00988989647642
2026-06-12 21:30:00,100.1,100.91645698486467
2026-06-12 21:45:00,93.65,97.69421644309759
2026-06-12 22:00:00,108.99,97.42085351050521
2026-06-12 22:15:00,89.95,111.19236087582227
2026-06-12 22:30:00,78.44,95.38026543347158
2026-06-12 22:45:00,66.98,84.85451565770074
2026-06-12 23:00:00,85.89,92.56262668231614
2026-06-12 23:15:00,77.71,87.88352735522444
2026-06-12 23:30:00,71.89,75.71165051699681
2026-06-12 23:45:00,60.1,71.32706111292184
2026-06-13 00:00:00,71.22,71.41648903930637
2026-06-13 00:15:00,63.96,71.3870011709415
2026-06-13 00:30:00,60.98,61.976830238263936
2026-06-13 00:45:00,58.27,60.63708809297079
2026-06-13 01:00:00,64.59,56.15476651819727
2026-06-13 01:15:00,59.9,63.29334181098206
2026-06-13 01:30:00,60.1,58.70019886391703
2026-06-13 01:45:00,56.26,59.51977187215258
2026-06-13 02:00:00,66.31,55.06716917752189
2026-06-13 02:15:00,63.63,64.77617755989348
2026-06-13 02:30:00,59.09,61.67780221160141
2026-06-13 02:45:00,58.0,56.778367086504474
2026-06-13 03:00:00,66.79,56.91850160076386
2026-06-13 03:15:00,57.49,65.88179083571451
2026-06-13 03:30:00,44.31,56.82054332082781
2026-06-13 03:45:00,36.71,38.94014975871789
2026-06-13 04:00:00,45.66,37.34575171581588
2026-06-13 04:15:00,34.34,42.4815106069783
2026-06-13 04:30:00,26.79,35.22476749614161
2026-06-13 04:45:00,15.36,27.83784646089255
2026-06-13 05:00:00,30.68,16.995971115498804
2026-06-13 05:15:00,14.84,31.358587487509904
2026-06-13 05:30:00,7.0,18.00920397228858
2026-06-13 05:45:00,2.1,7.150689935394669
2026-06-13 06:00:00,1.4,1.8377812723870017
2026-06-13 06:15:00,0.0,1.9291016964576135
2026-06-13 06:30:00,-0.01,0.28775373206655
2026-06-13 06:45:00,-0.08,-0.22382514614414764
2026-06-13 07:15:00,-0.28,-0.6262360585078465
2026-06-13 07:30:00,-2.0,-0.5247141718057714
2026-06-13 07:45:00,-2.07,-1.7073619842923369
2026-06-13 08:00:00,-2.01,-2.4165954285420277
2026-06-13 08:15:00,-3.24,-1.5736509839726076
2026-06-13 08:30:00,-5.01,-4.359222827371654
2026-06-13 08:45:00,-9.41,-9.690488113183996
2026-06-13 09:00:00,-9.98,-13.326255267505875
2026-06-13 09:15:00,-14.9,-13.749345630257045
2026-06-13 09:30:00,-17.9,-19.785560306379047
2026-06-13 09:45:00,-19.95,-21.401711199134162
2026-06-13 10:00:00,-19.94,-21.54297618292058
2026-06-13 10:15:00,-24.81,-22.336867156104816
2026-06-13 10:30:00,-29.94,-31.049322206252437
2026-06-13 10:45:00,-35.0,-37.85263946346519
2026-06-13 11:00:00,-35.49,-41.357352487582794
2026-06-13 11:15:00,-45.01,-41.82715736742519
2026-06-13 11:30:00,-49.98,-46.600112576501914
2026-06-13 11:45:00,-52.99,-46.80369977691587
2026-06-13 12:00:00,-46.52,-52.03428512364179
2026-06-13 12:30:00,-45.0,-46.067281422870686
2026-06-13 12:45:00,-41.95,-45.706683183686124
2026-06-13 13:00:00,-36.79,-44.84443926541489
2026-06-13 13:15:00,-34.0,-33.306041158732846
2026-06-13 13:30:00,-29.97,-32.49728407997827
2026-06-13 13:45:00,-25.32,-22.43153135847098
2026-06-13 14:00:00,-24.94,-17.938485006660013
2026-06-13 14:15:00,-19.86,-17.993107625707637
2026-06-13 14:30:00,-17.81,-17.019594162124434
2026-06-13 14:45:00,-13.5,-13.119241884550638
2026-06-13 15:00:00,-8.9,-9.324956825491771
2026-06-13 15:15:00,-4.76,-4.124073947735004
2026-06-13 15:30:00,-1.86,-1.8383392435895196
2026-06-13 15:45:00,-0.8,0.17864739391943527
2026-06-13 16:00:00,-0.61,1.1253814008297385
2026-06-13 16:15:00,-0.75,1.7938271792103584
2026-06-13 16:30:00,0.64,1.8804399532902016
2026-06-13 16:45:00,3.33,12.967764293784228
2026-06-13 17:00:00,5.0,19.250937083890356
2026-06-13 17:15:00,22.05,20.639193443955673
2026-06-13 17:30:00,50.35,38.78804514140125
2026-06-13 17:45:00,63.28,72.8366588539032
2026-06-13 18:00:00,47.39,72.64456096335888
2026-06-13 18:15:00,80.1,60.967149975294134
2026-06-13 18:30:00,107.37,82.12501332567473
2026-06-13 18:45:00,130.62,90.87783726704696
2026-06-13 19:00:00,94.88,92.46566685115698
2026-06-13 19:15:00,100.1,99.70846821687977
2026-06-13 19:30:00,110.0,100.77754848407267
2026-06-13 19:45:00,126.7,114.79538379065488
2026-06-13 20:00:00,115.3,119.07854930557919
2026-06-13 20:15:00,121.3,109.50070822682024
2026-06-13 20:30:00,123.95,116.6906985605906
2026-06-13 20:45:00,104.41,119.88140519567094
2026-06-13 21:00:00,125.11,102.44126638352667
2026-06-13 21:15:00,107.29,119.73652749729132
2026-06-13 21:30:00,100.1,109.4245746638864
2026-06-13 22:00:00,114.82,99.83565378029436
2026-06-13 22:15:00,90.83,119.08691590665471
2026-06-13 22:30:00,62.8,97.54304536084489
2026-06-13 22:45:00,46.14,77.8049481786662
2026-06-13 23:00:00,64.0,84.9710953703703
2026-06-13 23:15:00,53.57,69.87808598118123
2026-06-13 23:30:00,47.36,52.77120791680872
2026-06-13 23:45:00,39.44,45.08385816046131
2026-06-14 00:00:00,46.0,41.58309578887922
2026-06-14 00:15:00,35.37,43.790608774350886
2026-06-14 00:30:00,29.36,35.65890831384633
2026-06-14 00:45:00,30.15,30.42934103603009
2026-06-14 01:00:00,30.81,32.83003136989564
2026-06-14 01:15:00,27.32,33.31330565170596
2026-06-14 01:30:00,29.88,29.540871737421853
2026-06-14 01:45:00,28.71,32.4115654900832
2026-06-14 02:00:00,26.81,29.2788743803297
2026-06-14 02:15:00,25.8,29.390954254375803
2026-06-14 02:30:00,28.08,26.597654527507576
2026-06-14 02:45:00,29.52,29.266338045835425
2026-06-14 03:00:00,25.7,30.11097564852916
2026-06-14 03:15:00,20.75,26.69610909645425
2026-06-14 03:30:00,21.75,17.193723830653784
2026-06-14 03:45:00,18.56,17.448821390370345
2026-06-14 04:00:00,13.86,16.95625683734919
2026-06-14 04:15:00,9.9,16.658483062823407
2026-06-14 04:30:00,5.48,10.222282250532384
2026-06-14 04:45:00,1.78,5.96861365848313
2026-06-14 05:00:00,1.88,1.4282582336722145
2026-06-14 05:15:00,0.0,1.436659588395922
2026-06-14 05:30:00,-0.01,0.2923640027685487
2026-06-14 05:45:00,-0.03,-0.21273549208514664
2026-06-14 06:00:00,-0.01,-0.49604183902706617
2026-06-14 06:15:00,-0.09,-0.20734456994663447
2026-06-14 06:30:00,-0.19,-0.6712722919108798
2026-06-14 06:45:00,-1.1,-0.6726345122801022
2026-06-14 07:00:00,-1.27,-1.865876183283768
2026-06-14 07:15:00,-2.01,-1.7318778161008068
2026-06-14 07:30:00,-3.05,-1.640352745006716
2026-06-14 07:45:00,-5.0,-4.496259335308204
2026-06-14 08:00:00,-3.47,-9.510858886578593
2026-06-14 08:15:00,-5.0,-7.274948037316831
2026-06-14 08:30:00,-7.01,-9.397723749123456
2026-06-14 08:45:00,-10.0,-11.743986033234401
2026-06-14 09:00:00,-7.3,-13.686789139220416
2026-06-14 09:15:00,-8.01,-8.981206298608493
2026-06-14 09:30:00,-10.01,-10.611198257391992
2026-06-14 09:45:00,-11.83,-13.363072404677721
2026-06-14 10:00:00,-11.87,-15.657775600911357
2026-06-14 10:15:00,-14.1,-15.551059772741707
2026-06-14 10:30:00,-15.0,-18.1305895687564
2026-06-14 10:45:00,-19.0,-19.116673560427017
2026-06-14 11:00:00,-17.01,-24.372967255105277
2026-06-14 11:15:00,-20.02,-18.214300688937392
2026-06-14 11:30:00,-26.7,-25.62521375147003
2026-06-14 11:45:00,-29.96,-33.26222263351722
2026-06-14 12:00:00,-26.08,-29.0100042242825
2026-06-14 12:15:00,-25.82,-26.186433999757128
2026-06-14 12:30:00,-24.04,-23.585637312183827
2026-06-14 12:45:00,-23.89,-21.10410188846524
2026-06-14 13:00:00,-21.74,-20.657136376436426
2026-06-14 13:15:00,-19.78,-19.782607725642777
2026-06-14 13:30:00,-19.71,-19.401694647794173
2026-06-14 13:45:00,-17.9,-19.484407056327676
2026-06-14 14:00:00,-14.72,-14.27464931627516
2026-06-14 14:15:00,-9.97,-9.675262146026345
2026-06-14 14:30:00,-7.37,-5.046625091935458
2026-06-14 14:45:00,-4.29,-3.224334934515172
2026-06-14 15:00:00,-4.84,-1.8568132514242712
2026-06-14 15:15:00,-1.29,-1.8850406975837757
2026-06-14 15:30:00,-0.1,-0.5663352108047963
2026-06-14 15:45:00,-0.47,1.2370751608940966
2026-06-14 16:00:00,-0.01,0.6900926903803385
2026-06-14 16:15:00,0.14,3.557544946938473
2026-06-14 16:30:00,4.09,6.276376002455561
2026-06-14 16:45:00,18.48,10.110612600553756
2026-06-14 17:00:00,31.99,31.742712624591924
2026-06-14 17:15:00,54.98,57.40667080307333
2026-06-14 17:30:00,89.54,63.940978094145464
2026-06-14 17:45:00,103.07,65.49871314130795
2026-06-14 18:00:00,88.95,80.36298730265814
2026-06-14 18:15:00,108.86,74.5575896587814
2026-06-14 18:30:00,140.03,108.99982885787028
2026-06-14 18:45:00,177.25,129.25309883228584
2026-06-14 19:00:00,113.76,147.2648597208627
2026-06-14 19:15:00,127.91,109.5064996358013
2026-06-14 19:30:00,137.74,126.28351425999975
2026-06-14 19:45:00,146.69,145.48359763970547
2026-06-14 20:00:00,126.99,140.46633401617822
2026-06-14 20:15:00,122.3,125.29797737146114
2026-06-14 20:30:00,139.54,124.46974367446732
2026-06-14 20:45:00,119.46,133.70199409617126
2026-06-14 21:00:00,123.92,115.5732815515858
2026-06-14 21:15:00,112.94,120.65972630435131
2026-06-14 21:30:00,127.54,121.71342378591571
2026-06-14 21:45:00,112.6,125.71635974564087
2026-06-14 22:00:00,124.54,112.24519199261509
2026-06-14 22:15:00,109.36,121.67486974226146
2026-06-14 22:30:00,102.54,113.80741946905955
2026-06-14 22:45:00,92.18,100.38560699184889
2026-06-14 23:00:00,106.37,115.53922040439816
2026-06-14 23:15:00,99.95,106.8468947002245
2026-06-14 23:30:00,93.81,97.78494832858671
2026-06-14 23:45:00,82.67,91.69094571862988
2026-06-15 00:00:00,90.85,96.99883296311832
2026-06-15 00:15:00,81.85,89.92638803104113
2026-06-15 00:30:00,91.83,83.42404088460367
2026-06-15 00:45:00,93.67,90.41937614119587
2026-06-15 01:00:00,92.36,91.67627884497367
2026-06-15 01:15:00,93.88,90.9597100284736
2026-06-15 01:30:00,93.03,91.80054938519073
2026-06-15 01:45:00,88.31,91.25458776749518
2026-06-15 02:00:00,88.48,87.2594368125077
2026-06-15 02:15:00,86.4,87.55944584855955
2026-06-15 02:30:00,88.58,85.74745517682477
2026-06-15 02:45:00,94.15,87.45273333446374
2026-06-15 03:00:00,81.8,92.36742712370719
2026-06-15 03:15:00,93.15,80.614005060383
2026-06-15 03:30:00,98.76,91.22344118945685
2026-06-15 03:45:00,106.29,96.53840659240639
2026-06-15 04:00:00,105.91,104.4591079522138
2026-06-15 04:15:00,112.65,105.72409526075316
2026-06-15 04:30:00,113.46,109.38735797152916
2026-06-15 04:45:00,109.75,111.86633307156949
2026-06-15 05:00:00,123.91,104.14351425620707
2026-06-15 05:15:00,123.9,115.96659030324122
2026-06-15 05:30:00,118.8,115.67824031126307
2026-06-15 05:45:00,103.0,114.68580089863202
2026-06-15 06:00:00,143.04,100.90698056020932
2026-06-15 06:15:00,118.67,141.08698909518176
2026-06-15 06:30:00,122.67,113.47258379202921
2026-06-15 06:45:00,106.3,115.03311723050457
2026-06-15 07:00:00,175.1,111.73310287407487
2026-06-15 07:15:00,110.3,141.68187117635009
2026-06-15 07:30:00,84.82,103.02365268974947
2026-06-15 07:45:00,43.98,88.36445798386093
2026-06-15 08:00:00,88.15,72.65352228557518
2026-06-15 08:15:00,50.01,94.4621538790543
2026-06-15 08:30:00,30.14,50.45144081362167
2026-06-15 08:45:00,5.06,32.004783143613054
2026-06-15 09:00:00,9.98,4.692943222087388
2026-06-15 09:15:00,4.03,9.37249355855502
2026-06-15 09:30:00,1.57,3.7670127399784072
2026-06-15 09:45:00,6.31,1.6341399986944125
2026-06-15 10:00:00,0.75,6.949622229856221
2026-06-15 10:15:00,0.7,1.2479077128219933
2026-06-15 10:30:00,0.79,0.9737719302608692
2026-06-15 10:45:00,0.18,1.5323635069110069
2026-06-15 11:00:00,-0.4,0.38017491715030316
2026-06-15 11:15:00,-0.45,-0.6173693246802289
2026-06-15 11:30:00,-1.21,-0.6269881862767653
2026-06-15 11:45:00,-1.35,-2.1237772694904846
2026-06-15 12:00:00,-1.47,-1.5395226995355846
2026-06-15 12:15:00,-1.68,-1.5258039778144425
2026-06-15 12:30:00,-1.6,-1.5190774382230134
2026-06-15 12:45:00,-1.65,-1.4673218964871197
2026-06-15 13:00:00,-0.66,-1.1354196823085114
2026-06-15 13:15:00,-0.56,0.014278586675276076
2026-06-15 13:30:00,-0.24,0.016998134480212545
2026-06-15 13:45:00,-0.01,0.06074744701123861
2026-06-15 14:00:00,0.3,2.059517118303508
2026-06-15 14:15:00,1.22,9.488581277282135
2026-06-15 14:30:00,3.85,21.6797697831697
2026-06-15 14:45:00,12.47,15.801831578015854
2026-06-15 15:00:00,8.44,56.391437730384396
2026-06-15 15:15:00,33.98,57.97728135617536
2026-06-15 15:30:00,51.93,59.9628824824266
2026-06-15 15:45:00,93.5,66.26549820020931
2026-06-15 16:00:00,54.83,83.63221316680074
2026-06-15 16:15:00,84.66,70.16264771472879
2026-06-15 16:30:00,115.84,83.66841050506726
2026-06-15 16:45:00,135.17,118.20898081262773
2026-06-15 17:00:00,114.17,95.12691812558545
2026-06-15 17:15:00,124.26,113.89642781983403
2026-06-15 17:30:00,137.23,127.22093857817458
2026-06-15 17:45:00,150.35,136.02763020118718
2026-06-15 18:00:00,131.06,145.29270677257423
2026-06-15 18:15:00,137.59,133.7068490680545
2026-06-15 18:30:00,154.09,143.84166488949887
2026-06-15 18:45:00,175.2,167.45760426866744
2026-06-15 19:00:00,156.85,160.97131129796705
2026-06-15 19:15:00,157.77,150.911287282576
2026-06-15 19:30:00,159.94,151.89265827261602
2026-06-15 19:45:00,152.61,155.66127454042982
2026-06-15 20:00:00,162.7,147.92162972352665
2026-06-15 20:15:00,155.89,151.1530343877104
2026-06-15 20:30:00,155.08,151.198187183513
2026-06-15 20:45:00,141.5,147.71814732876854
2026-06-15 21:00:00,147.15,139.63052530642813
2026-06-15 21:15:00,133.33,142.08900193068726
2026-06-15 21:30:00,131.77,134.6933524541689
2026-06-15 21:45:00,127.39,127.9577612411595
2026-06-15 22:00:00,132.24,131.5145762847358
2026-06-15 22:15:00,127.26,129.07240621524375
2026-06-15 22:30:00,119.8,124.87161380323938
2026-06-15 22:45:00,118.64,118.50926777702361
2026-06-15 23:00:00,121.59,119.9440487257962
2026-06-15 23:15:00,117.91,120.81594306057158
2026-06-15 23:30:00,116.62,117.45731447739723
2026-06-15 23:45:00,115.37,116.14973265026984
2026-06-16 00:00:00,116.43,115.63029240319088
2026-06-16 00:15:00,115.13,116.13473772484707
2026-06-16 00:30:00,113.74,115.6187508970782
2026-06-16 00:45:00,110.12,113.2004122823153
2026-06-16 01:00:00,113.01,108.32625259276809
2026-06-16 01:15:00,112.8,112.01144529254479
2026-06-16 01:30:00,108.49,111.92434724766136
2026-06-16 01:45:00,106.84,107.40638049194548
2026-06-16 02:00:00,109.17,106.86623513002787
2026-06-16 02:15:00,108.8,107.69937098107853
2026-06-16 02:30:00,109.31,107.47311582434624
2026-06-16 02:45:00,111.21,107.83525156411253
2026-06-16 03:00:00,111.33,108.90924281735957
2026-06-16 03:15:00,112.02,109.12663181620705
2026-06-16 03:30:00,116.81,109.32773306421765
2026-06-16 03:45:00,118.14,116.58970186786586
2026-06-16 04:00:00,125.0,118.3985785835465
2026-06-16 04:15:00,127.7,121.18392493601374
2026-06-16 04:30:00,129.27,126.43072477422024
2026-06-16 04:45:00,130.0,126.87717889270095
2026-06-16 05:00:00,138.99,121.97197933803366
2026-06-16 05:15:00,133.31,132.31666462813143
2026-06-16 05:30:00,131.48,129.46556043366817
2026-06-16 05:45:00,123.0,125.17743220559248
2026-06-16 06:00:00,149.9,123.62895360436676
2026-06-16 06:15:00,135.84,144.15041554427515
2026-06-16 06:30:00,133.61,129.39710746579024
2026-06-16 06:45:00,132.76,129.44195103411744
2026-06-16 07:00:00,119.78,151.06048574969705
2026-06-16 07:15:00,126.66,114.99941685050091
2026-06-16 07:30:00,122.95,115.77637127444792
2026-06-16 07:45:00,123.39,113.64263818367763
2026-06-16 08:00:00,127.81,119.45473187972902
2026-06-16 08:15:00,122.27,118.99367170100396
2026-06-16 08:30:00,114.31,117.75588824110159
2026-06-16 08:45:00,101.31,114.2750582281447
2026-06-16 09:00:00,120.56,103.51462702102496
2026-06-16 09:15:00,112.26,117.19754209073626
2026-06-16 09:30:00,90.1,111.29787359299334
2026-06-16 09:45:00,78.23,88.15304682260683
2026-06-16 10:00:00,93.68,92.44188740310823
2026-06-16 10:15:00,82.03,93.03927094587873
2026-06-16 10:30:00,72.66,84.47634347047041
2026-06-16 10:45:00,69.71,71.62250370643434
2026-06-16 11:00:00,81.94,69.90173480224757
2026-06-16 11:15:00,74.92,85.88223357829251
2026-06-16 11:30:00,65.1,82.18274298470632
2026-06-16 11:45:00,50.38,62.879102820593715
2026-06-16 12:00:00,59.48,55.36483523077807
2026-06-16 12:15:00,60.1,50.65190733892932
2026-06-16 12:30:00,62.46,48.43039958433275
2026-06-16 12:45:00,70.31,50.05326093966266
2026-06-16 13:00:00,60.17,78.17874883282315
2026-06-16 13:15:00,71.07,48.03921054426114
2026-06-16 13:30:00,74.48,80.12385715125255
2026-06-16 13:45:00,88.27,82.80370350532827
2026-06-16 14:00:00,71.47,82.60792249252474
2026-06-16 14:15:00,86.44,80.79130027859293
2026-06-16 14:30:00,92.88,92.43257952544124
2026-06-16 14:45:00,100.29,98.32344295774837
2026-06-16 15:00:00,93.47,96.0206157069078
2026-06-16 15:15:00,101.17,97.37179716981204
2026-06-16 15:30:00,111.69,105.60434370580445
2026-06-16 15:45:00,122.13,119.44421417549869
2026-06-16 16:00:00,111.66,119.42057473256273
2026-06-16 16:15:00,120.39,118.9183721026386
2026-06-16 16:30:00,127.44,126.80385216179413
2026-06-16 16:45:00,142.73,139.02108175709625
2026-06-16 17:00:00,126.25,145.93941636530627
2026-06-16 17:15:00,140.67,130.12199845401193
2026-06-16 17:30:00,154.11,150.71607792289416
2026-06-16 17:45:00,169.99,159.34906129022085
2026-06-16 18:00:00,151.21,154.18423956162107
2026-06-16 18:15:00,170.31,152.52236489608046
2026-06-16 18:30:00,182.08,173.3370129307426
2026-06-16 18:45:00,198.92,196.68064378606329
2026-06-16 19:00:00,189.76,196.6111549099506
2026-06-16 19:15:00,195.69,186.21512030356982
2026-06-16 19:30:00,183.96,185.5419852152694
2026-06-16 19:45:00,165.47,175.1529675864036
2026-06-16 20:00:00,194.29,163.11630455162302
2026-06-16 20:15:00,163.53,176.32425332911745
2026-06-16 20:30:00,153.99,160.49936969140754
2026-06-16 20:45:00,147.4,150.0781590570589
2026-06-16 21:00:00,152.97,157.8300903596102
2026-06-16 21:15:00,146.48,146.83271686805256
2026-06-16 21:30:00,140.4,141.73796624920996
2026-06-16 21:45:00,134.23,137.0826475406464
2026-06-16 22:00:00,148.55,136.93451997756884
2026-06-16 22:15:00,142.42,146.5411674513069
2026-06-16 22:30:00,138.28,140.73505050586516
2026-06-16 22:45:00,133.33,133.9714534689607
2026-06-16 23:00:00,142.82,132.68987577160382
2026-06-16 23:15:00,133.76,140.80259502921638
2026-06-16 23:30:00,132.63,131.97769101356815
2026-06-16 23:45:00,129.76,130.1568197820785
2026-06-17 00:00:00,131.04,126.7065008876404
2026-06-17 00:15:00,128.27,129.49766500255208
2026-06-17 00:30:00,128.16,125.78737985001639
2026-06-17 00:45:00,126.85,125.7933148463921
2026-06-17 01:00:00,127.91,124.93588199948444
2026-06-17 01:15:00,126.61,125.59431129781551
2026-06-17 01:30:00,126.49,123.15267898515764
2026-06-17 01:45:00,125.27,123.13691428163824
2026-06-17 02:00:00,125.37,121.78345559089836
2026-06-17 02:15:00,124.85,121.99818779760746
2026-06-17 02:30:00,126.04,121.83979570355847
2026-06-17 02:45:00,127.86,122.78424865456118
2026-06-17 03:00:00,124.37,125.50563542066709
2026-06-17 03:15:00,125.97,122.1159499779321
2026-06-17 03:30:00,127.88,122.8610002435981
2026-06-17 03:45:00,130.32,125.92516979974927
2026-06-17 04:00:00,133.51,127.10886972857304
2026-06-17 04:15:00,138.48,133.84070241695966
2026-06-17 04:30:00,141.01,135.0177326440095
2026-06-17 04:45:00,134.21,138.57893295777149
2026-06-17 05:00:00,144.4,133.21073448520582
2026-06-17 05:15:00,135.94,139.55604198437754
2026-06-17 05:30:00,133.6,131.73958567671977
2026-06-17 05:45:00,122.31,130.38304485185586
2026-06-17 06:00:00,132.01,126.87058968441947
2026-06-17 06:15:00,124.94,127.4288550130216
2026-06-17 06:30:00,116.3,119.37152355177001
2026-06-17 06:45:00,108.48,113.42284389063389
2026-06-17 07:00:00,119.58,114.45490783847488
2026-06-17 07:15:00,105.29,114.9951623090426
2026-06-17 07:30:00,103.61,109.27650192836346
2026-06-17 07:45:00,110.2,105.5119483351727
2026-06-17 08:00:00,116.15,115.86116057943894
2026-06-17 08:15:00,105.98,117.40254751770614
2026-06-17 08:30:00,100.33,109.30634792234017
2026-06-17 08:45:00,86.27,96.32502714691734
2026-06-17 09:00:00,105.47,90.6677385490268
2026-06-17 09:15:00,93.83,109.08916318703764
2026-06-17 09:30:00,84.72,95.4496921719337
2026-06-17 09:45:00,85.87,86.51796317450147
2026-06-17 10:00:00,91.0,89.10668019678329
2026-06-17 10:15:00,88.1,92.90283813543816
2026-06-17 10:30:00,82.28,91.72718440575997
2026-06-17 10:45:00,87.16,86.2716130811507
2026-06-17 11:00:00,96.78,90.7213866982397
2026-06-17 11:15:00,90.77,91.9590840143275
2026-06-17 11:30:00,86.6,92.82386347713782
2026-06-17 11:45:00,80.45,90.68319422034412
2026-06-17 12:00:00,78.11,79.25330296512591
2026-06-17 12:15:00,78.93,76.87055963562021
2026-06-17 12:30:00,74.57,84.83515534653804
2026-06-17 12:45:00,70.3,80.46046181156295
2026-06-17 13:00:00,82.13,73.09980651238071
2026-06-17 13:15:00,74.94,90.31313617180535
2026-06-17 13:30:00,78.38,84.19326969530168
2026-06-17 13:45:00,81.22,85.9560982762051
2026-06-17 14:00:00,72.64,88.74819820837004
2026-06-17 14:15:00,79.94,79.97099073637621
2026-06-17 14:30:00,90.7,88.80351115950313
2026-06-17 14:45:00,98.39,100.24766029175129
2026-06-17 15:00:00,84.55,93.476415080455
2026-06-17 15:15:00,100.34,91.03317094195663
2026-06-17 15:30:00,109.23,101.44432523479996
2026-06-17 15:45:00,120.79,120.31903128892884
2026-06-17 16:00:00,105.5,108.64203331463108
2026-06-17 16:15:00,114.76,116.65439402650554
2026-06-17 16:30:00,122.09,125.21181903005716
2026-06-17 16:45:00,128.42,131.7745148937586
2026-06-17 17:00:00,126.12,134.2032145801142
2026-06-17 17:15:00,135.29,132.8502010777195
2026-06-17 17:30:00,147.78,144.89068258373808
2026-06-17 17:45:00,156.04,155.87451795177796
2026-06-17 18:00:00,145.17,162.96750419185264
2026-06-17 18:15:00,153.06,154.14095908713756
2026-06-17 18:30:00,168.18,167.53373651556652
2026-06-17 18:45:00,171.21,174.46943671893396
2026-06-17 19:00:00,169.56,174.629133132386
2026-06-17 19:15:00,166.66,170.96392047945275
2026-06-17 19:30:00,160.82,164.56638667925264
2026-06-17 19:45:00,152.4,159.39860287514995
2026-06-17 20:00:00,171.81,152.61166714051842
2026-06-17 20:15:00,159.19,163.6689224315417
2026-06-17 20:30:00,154.54,156.38142907163189
2026-06-17 20:45:00,146.83,151.35027469939234
2026-06-17 21:00:00,151.36,142.65230047021012
2026-06-17 21:15:00,144.47,146.7762488604373
2026-06-17 21:30:00,138.51,141.17077194281705
2026-06-17 21:45:00,134.06,133.27364716208334
2026-06-17 22:00:00,140.98,137.24114179934264
2026-06-17 22:15:00,133.9,138.37817147236328
2026-06-17 22:30:00,132.87,133.54772201536937
2026-06-17 22:45:00,125.23,132.6525190438679
2026-06-17 23:00:00,128.1,128.03233857945585
2026-06-17 23:15:00,124.65,127.53924074015124
2026-06-17 23:30:00,123.57,124.50156469386502
2026-06-17 23:45:00,121.41,124.28792024136769
2026-06-18 00:00:00,123.3,123.52590427697297
2026-06-18 00:15:00,120.77,124.08021604684915
2026-06-18 00:30:00,120.08,122.4837341429377
2026-06-18 00:45:00,119.26,120.33214803358182
2026-06-18 01:00:00,120.09,120.2589936288215
2026-06-18 01:15:00,117.32,120.34864819716093
2026-06-18 01:30:00,117.56,118.0761189897037
2026-06-18 01:45:00,117.83,118.17913790878694
2026-06-18 02:00:00,116.38,118.53687680652918
2026-06-18 02:15:00,116.77,117.29503187819229
2026-06-18 02:30:00,118.37,117.40794503134553
2026-06-18 02:45:00,119.62,120.65566426580301
2026-06-18 03:00:00,122.2,120.33857968070312
2026-06-18 03:15:00,123.37,123.53014384633313
2026-06-18 03:30:00,126.62,124.7067484985839
2026-06-18 03:45:00,129.73,125.63254138447681
2026-06-18 04:00:00,134.9,129.25377613511284
2026-06-18 04:15:00,135.86,134.03612195631683
2026-06-18 04:30:00,135.54,134.63633421083176
2026-06-18 04:45:00,133.17,133.126779360447
2026-06-18 05:00:00,143.56,131.7888218324202
2026-06-18 05:15:00,137.46,139.91204215315372
2026-06-18 05:30:00,134.66,132.15438600453516
2026-06-18 05:45:00,122.38,130.01066613070168
2026-06-18 06:00:00,131.0,123.87053105821398
2026-06-18 06:15:00,123.6,125.99093157246318
2026-06-18 06:30:00,117.22,118.45994903937492
2026-06-18 06:45:00,102.77,114.54370980345419
2026-06-18 07:00:00,117.0,115.71975049813283
2026-06-18 07:15:00,106.02,114.3224635011907
2026-06-18 07:30:00,105.89,104.39483081124878
2026-06-18 07:45:00,92.57,106.4544766731373
2026-06-18 08:00:00,112.06,96.51856731861216
2026-06-18 08:15:00,91.15,113.97381823057295
2026-06-18 08:30:00,77.79,93.34721536610597
2026-06-18 08:45:00,47.5,70.14199472678759
2026-06-18 09:00:00,79.87,74.2333964380372
2026-06-18 09:15:00,64.19,75.8720661380772
2026-06-18 09:30:00,42.0,58.45684134185565
2026-06-18 09:45:00,29.62,35.46421561903238
2026-06-18 10:00:00,39.95,35.603043944638806
2026-06-18 10:15:00,28.68,36.3538404893281
2026-06-18 10:30:00,24.99,28.63107527259434
2026-06-18 10:45:00,19.37,27.313114165546818
2026-06-18 11:00:00,26.7,22.8603616497305
2026-06-18 11:15:00,21.89,32.7404344362921
2026-06-18 11:30:00,15.97,23.056132916708304
2026-06-18 11:45:00,11.01,22.221159599371706
2026-06-18 12:00:00,21.13,23.639328972972223
2026-06-18 12:15:00,23.76,34.32216000031628
2026-06-18 12:30:00,26.27,39.31097381132722
2026-06-18 12:45:00,32.44,41.89843661193342
2026-06-18 13:00:00,25.0,40.59952297540781
2026-06-18 13:15:00,42.0,39.09967809440706
2026-06-18 13:30:00,54.1,40.54802502436626
2026-06-18 13:45:00,71.29,52.8084311941292
2026-06-18 14:00:00,46.78,79.77911952484709
2026-06-18 14:15:00,85.19,40.59965966843567
2026-06-18 14:30:00,96.79,87.5169312440692
2026-06-18 14:45:00,104.52,94.37053943891729
2026-06-18 15:00:00,82.99,81.0460442090513
2026-06-18 15:15:00,101.6,92.0160705895055
2026-06-18 15:30:00,116.63,109.81505149409308
2026-06-18 15:45:00,132.0,125.90814622412225
2026-06-18 16:00:00,101.22,102.01093003334492
2026-06-18 16:15:00,125.94,108.98832397669975
2026-06-18 16:30:00,142.5,130.9176017466343
2026-06-18 16:45:00,169.29,154.59545359012998
2026-06-18 17:00:00,150.43,136.5538274834303
2026-06-18 17:15:00,177.92,150.6323569002626
2026-06-18 17:30:00,289.61,196.8115816090893
2026-06-18 17:45:00,435.44,258.94144651070854
2026-06-18 18:00:00,334.94,326.55251111111096
2026-06-18 18:15:00,402.11,309.68644908322864
2026-06-18 18:30:00,522.88,333.27188063492025
2026-06-18 18:45:00,576.89,326.0755377777773
2026-06-18 19:00:00,562.6,331.3523659829053
2026-06-18 19:15:00,531.28,331.2873326495721
2026-06-18 19:30:00,410.95,327.8940993162388
2026-06-18 19:45:00,364.22,328.7113993162389
2026-06-18 20:00:00,421.58,313.397075463425
2026-06-18 20:15:00,309.76,319.14862820512775
2026-06-18 20:30:00,201.39,250.59349107855587
2026-06-18 20:45:00,166.6,204.60106311439694
2026-06-18 21:00:00,191.7,169.8073211188476
2026-06-18 21:15:00,165.77,198.48395161789148
2026-06-18 21:30:00,157.13,159.19880595919446
2026-06-18 21:45:00,147.81,149.7192926007279
2026-06-18 22:00:00,156.56,158.3100582240022
2026-06-18 22:15:00,150.09,152.97300837763777
2026-06-18 22:30:00,145.86,145.70798365619711
2026-06-18 22:45:00,142.54,137.92818047497963
2026-06-18 23:00:00,143.5,138.50154021446278
2026-06-18 23:15:00,137.03,138.07503481888264
2026-06-18 23:30:00,129.05,132.5159425550812
2026-06-18 23:45:00,124.52,128.415919305582
2026-06-19 00:00:00,129.56,128.72743960764547
2026-06-19 00:15:00,123.26,128.03791648742242
2026-06-19 00:30:00,121.18,125.44106492993578
2026-06-19 00:45:00,119.67,122.47794481479009
2026-06-19 01:00:00,120.98,121.37276926672857
2026-06-19 01:15:00,119.69,122.2301026096471
2026-06-19 01:30:00,119.02,120.20046888172682
2026-06-19 01:45:00,117.63,120.07018410848637
2026-06-19 02:00:00,115.91,119.64491103991055
2026-06-19 02:15:00,115.93,118.71504988019908
2026-06-19 02:30:00,116.01,118.78402837369826
2026-06-19 02:45:00,116.54,118.9104414186152
2026-06-19 03:00:00,116.46,119.49727761098202
2026-06-19 03:15:00,118.26,119.78030026717701
2026-06-19 03:30:00,118.7,125.99975835466884
2026-06-19 03:45:00,123.46,126.16749865237195
2026-06-19 04:00:00,147.7,132.83298619736385
2026-06-19 04:15:00,140.58,139.6874342890692
2026-06-19 04:30:00,139.41,137.81755422097007
2026-06-19 04:45:00,131.57,136.57084073979792
2026-06-19 05:00:00,140.64,129.53104959063697
2026-06-19 05:15:00,136.91,138.1124475836759
2026-06-19 05:30:00,123.3,135.50225887372264
2026-06-19 05:45:00,110.6,119.33714286430411
2026-06-19 06:00:00,124.52,122.41514027529459
2026-06-19 06:15:00,115.4,121.34425901561707
2026-06-19 06:30:00,115.05,115.85612704637771
2026-06-19 06:45:00,106.71,115.53006699944058
2026-06-19 07:00:00,117.87,116.25508059865284
2026-06-19 07:15:00,113.78,115.87252740402951
2026-06-19 07:30:00,97.59,114.81875838901712
2026-06-19 07:45:00,91.09,98.5266121416337
2026-06-19 08:00:00,103.68,89.42354706531552
2026-06-19 08:15:00,98.29,106.46383576630716
2026-06-19 08:30:00,79.92,102.31440464973126
2026-06-19 08:45:00,55.69,65.71552506072337
2026-06-19 09:00:00,60.1,52.55730668491526
2026-06-19 09:15:00,39.88,41.57356097689916
2026-06-19 09:30:00,27.13,39.070547815698326
2026-06-19 09:45:00,11.0,24.151409473217686
2026-06-19 10:00:00,21.8,13.715207510482518
2026-06-19 10:15:00,14.01,18.754176438660238
2026-06-19 10:30:00,14.2,18.65693836634023
2026-06-19 10:45:00,9.99,19.266672175696048
2026-06-19 11:00:00,12.97,14.026378681668781
2026-06-19 11:15:00,10.31,18.66985755563792
2026-06-19 11:30:00,16.57,14.459174198562753
2026-06-19 11:45:00,13.9,21.092213804712348
2026-06-19 12:00:00,11.04,37.11646569596826
2026-06-19 12:15:00,14.18,24.494859906396627
2026-06-19 12:30:00,17.23,37.10030907741107
2026-06-19 12:45:00,30.97,36.91809105740103
2026-06-19 13:00:00,18.74,48.009361559276265
2026-06-19 13:15:00,36.82,42.664131993921536
2026-06-19 13:30:00,68.8,47.12649244821444
2026-06-19 13:45:00,96.2,73.10078351260701
2026-06-19 14:00:00,70.29,96.08006621508747
2026-06-19 14:15:00,93.75,83.04582329713158
2026-06-19 14:30:00,102.3,105.77995960155567
2026-06-19 14:45:00,114.75,112.83996847221918
2026-06-19 15:00:00,99.86,125.4313923231262
2026-06-19 15:15:00,107.38,109.70901285535193
2026-06-19 15:30:00,116.0,122.29227747145273
2026-06-19 15:45:00,124.76,126.78732683092232
2026-06-19 16:00:00,107.79,129.81136971401105
2026-06-19 16:15:00,119.29,124.32916756378688
2026-06-19 16:30:00,132.7,131.50578020391887
2026-06-19 16:45:00,151.45,145.32957831942664
2026-06-19 17:00:00,139.67,146.64544203197855
2026-06-19 17:15:00,150.29,146.4182476737343
2026-06-19 17:30:00,175.54,167.3140179082381
2026-06-19 17:45:00,199.3,197.08921409442908
2026-06-19 18:00:00,194.29,198.0865239009301
2026-06-19 18:15:00,207.11,199.24236218119134
2026-06-19 18:30:00,215.39,205.58989777250153
2026-06-19 18:45:00,220.07,213.7988422094546
2026-06-19 19:00:00,208.31,210.35781191707028
2026-06-19 19:15:00,201.34,201.78707935887078
2026-06-19 19:30:00,188.25,194.78248423452425
2026-06-19 19:45:00,170.1,184.2944252427182
2026-06-19 20:00:00,175.8,186.8390568948652
2026-06-19 20:15:00,164.09,181.42893979038018
2026-06-19 20:30:00,150.1,163.26366642677263
2026-06-19 20:45:00,146.41,151.37505106836542
2026-06-19 21:00:00,148.22,147.04036281289808
2026-06-19 21:15:00,141.85,151.77016318469748
2026-06-19 21:30:00,133.72,142.52896830440554
2026-06-19 21:45:00,126.6,133.02344454464782
2026-06-19 22:00:00,141.65,136.0778001546974
2026-06-19 22:15:00,132.73,141.86582126720918
2026-06-19 22:30:00,123.61,131.5400710868181
2026-06-19 22:45:00,121.06,125.55281054494436
2026-06-19 23:00:00,123.6,129.67686488439188
2026-06-19 23:15:00,120.16,127.37612213412773
2026-06-19 23:30:00,120.11,123.00650778773823
2026-06-19 23:45:00,120.52,122.12128107098331
2026-06-20 00:00:00,120.55,124.90733440759075
2026-06-20 00:15:00,119.45,123.45171703670445
2026-06-20 00:30:00,117.95,122.12668922446484
2026-06-20 00:45:00,116.45,120.41132428383304
2026-06-20 01:00:00,118.24,119.17437515802337
2026-06-20 01:15:00,115.99,120.90198982555982
2026-06-20 01:30:00,116.41,119.10291524211593
2026-06-20 01:45:00,114.26,119.02425531243767
2026-06-20 02:00:00,113.88,119.01145854532324
2026-06-20 02:15:00,114.95,118.84913256842007
2026-06-20 02:30:00,113.94,118.99199905254393
2026-06-20 02:45:00,114.75,118.44306252609721
2026-06-20 03:00:00,114.96,118.90164509655447
2026-06-20 03:15:00,114.83,119.12342741886064
2026-06-20 03:30:00,112.7,119.1789441772607
2026-06-20 03:45:00,110.73,116.94259378218302
2026-06-20 04:00:00,116.12,115.84576416157047
2026-06-20 04:15:00,112.45,119.38974334109459
2026-06-20 04:30:00,109.16,116.4166044112501
2026-06-20 04:45:00,100.42,113.322982558286
2026-06-20 05:00:00,114.3,97.6988378963781
2026-06-20 05:15:00,108.42,115.96915331916432
2026-06-20 05:30:00,99.29,110.97604691374679
2026-06-20 05:45:00,90.79,92.40307352477629
2026-06-20 06:00:00,125.28,92.20635150935267
2026-06-20 06:15:00,112.32,119.1943118277648
2026-06-20 06:30:00,88.8,111.33808465351487
2026-06-20 06:45:00,71.54,92.55253108510225
2026-06-20 07:00:00,101.79,104.23028512824679
2026-06-20 07:15:00,67.25,103.88742119364538
2026-06-20 07:30:00,30.73,58.78063267906348
2026-06-20 07:45:00,4.23,27.85464880320731
2026-06-20 08:00:00,11.79,5.6011227128856405
2026-06-20 08:15:00,3.99,15.106749896753481
2026-06-20 08:30:00,0.71,5.25476041988331
2026-06-20 08:45:00,0.01,1.3414929340832105
2026-06-20 09:00:00,0.0,0.8120331526951642
2026-06-20 09:45:00,-0.01,0.7148539999985566
2026-06-20 10:45:00,-0.03,-0.045871143741872705
2026-06-20 11:00:00,-0.01,-0.37649777747569163
2026-06-20 11:15:00,-0.02,-0.03376303271281345
2026-06-20 12:00:00,-0.04,0.08995700598607695
2026-06-20 12:15:00,-0.02,-0.19302925456117662
2026-06-20 12:30:00,-0.01,0.10989852645391317
2026-06-20 13:00:00,0.0,0.7003400623701032
2026-06-20 13:45:00,1.0,2.196832071960029
2026-06-20 14:00:00,0.15,10.38475525592136
2026-06-20 14:15:00,5.11,5.100848045172971
2026-06-20 14:30:00,16.18,22.08226000471924
2026-06-20 14:45:00,50.04,41.588973656763606
2026-06-20 15:00:00,13.65,65.07574017264822
2026-06-20 15:15:00,77.39,66.19006930432384
2026-06-20 15:30:00,105.04,94.37642690707679
2026-06-20 15:45:00,132.22,86.78784433849839
2026-06-20 16:00:00,100.0,103.71718232624212
2026-06-20 16:15:00,115.64,103.41221089242293
2026-06-20 16:30:00,125.32,123.42517440377497
2026-06-20 16:45:00,134.93,131.00332439104673
2026-06-20 17:00:00,117.34,124.31370089884763
2026-06-20 17:15:00,139.27,125.99553560440812
2026-06-20 17:30:00,149.19,142.94296746906178
2026-06-20 17:45:00,168.1,158.0390377733914
2026-06-20 18:00:00,148.48,154.19960871555247
2026-06-20 18:15:00,167.6,158.4560249106913
2026-06-20 18:30:00,184.44,166.88265805277754
2026-06-20 18:45:00,200.41,197.0907796399006
2026-06-20 19:00:00,184.32,197.56891457366453
2026-06-20 19:15:00,182.77,192.2747897523396
2026-06-20 19:30:00,193.5,182.73747807346754
2026-06-20 19:45:00,183.44,185.42228274805558
2026-06-20 20:00:00,188.85,176.66905110096528
2026-06-20 20:15:00,168.07,185.85529269607576
2026-06-20 20:30:00,164.47,163.77959796011504
2026-06-20 20:45:00,151.91,164.5698293827697
2026-06-20 21:00:00,154.65,160.81615301342293
2026-06-20 21:15:00,147.5,153.70047101741915
2026-06-20 21:30:00,142.0,144.79289270623806
2026-06-20 21:45:00,137.76,144.94463547183454
2026-06-20 22:00:00,151.4,141.5960432665209
2026-06-20 22:15:00,139.58,151.26080671852145
2026-06-20 22:30:00,135.16,138.3397002928233
2026-06-20 22:45:00,129.55,137.0394738644675
2026-06-20 23:00:00,130.47,137.96335564885473
2026-06-20 23:15:00,128.24,129.30917334905567
2026-06-20 23:30:00,126.77,129.1567296948309
2026-06-20 23:45:00,124.6,125.92097720632184
2026-06-21 00:00:00,127.9,125.53358804652895
2026-06-21 00:15:00,124.98,127.66284901709022
2026-06-21 00:30:00,124.31,125.39400674958883
2026-06-21 00:45:00,123.01,125.79383586982226
2026-06-21 01:00:00,123.92,124.42076193608595
2026-06-21 01:15:00,122.47,124.21610678239868
2026-06-21 01:30:00,121.38,124.20232977011118
2026-06-21 01:45:00,118.5,123.84855803882834
2026-06-21 02:00:00,119.83,121.58325580293405
2026-06-21 02:15:00,119.03,121.97049146943229
2026-06-21 02:30:00,120.08,121.83309065865882
2026-06-21 02:45:00,118.79,121.0564814170965
2026-06-21 03:00:00,119.92,120.53340322503847
2026-06-21 03:15:00,116.75,120.08824833395158
2026-06-21 03:30:00,116.0,119.1411819931719
2026-06-21 03:45:00,109.76,116.95987096073067
2026-06-21 04:00:00,116.78,113.98637619013974
2026-06-21 04:15:00,113.56,117.53737456079858
2026-06-21 04:30:00,113.24,116.56558452854918
2026-06-21 04:45:00,120.22,116.40011279910144
2026-06-21 05:00:00,127.21,116.43392813054918
2026-06-21 05:15:00,113.78,123.84444821158787
2026-06-21 05:30:00,107.34,112.90898050260886
2026-06-21 05:45:00,98.61,109.5538518029677
2026-06-21 06:00:00,131.07,108.31727418174187
2026-06-21 06:15:00,110.51,129.56323718427078
2026-06-21 06:30:00,90.01,110.57146706465923
2026-06-21 06:45:00,43.49,94.13818607408511
2026-06-21 07:00:00,98.86,67.24839370370381
2026-06-21 07:15:00,66.99,92.73705724470966
2026-06-21 07:30:00,24.36,58.91815432017349
2026-06-21 07:45:00,5.76,20.75588244881319
2026-06-21 08:00:00,4.1,7.448671999211009
2026-06-21 08:15:00,1.31,5.267078277617613
2026-06-21 08:30:00,0.04,1.9614025770376657
2026-06-21 08:45:00,0.0,0.3558758406610877
2026-06-21 09:45:00,-0.01,0.27916308058326483
2026-06-21 10:00:00,0.0,-0.11049659113757215
2026-06-21 10:15:00,-0.01,0.3601929146148319
2026-06-21 12:30:00,0.0,0.4890802329151369
2026-06-21 13:45:00,0.03,2.586035368910647
2026-06-21 14:00:00,0.11,4.601212055764312
2026-06-21 14:15:00,2.05,5.056895558507019
2026-06-21 14:30:00,6.85,20.25221735616096
2026-06-21 14:45:00,40.57,23.423183424894802
2026-06-21 15:00:00,18.88,43.14996266789935
2026-06-21 15:15:00,66.88,66.53036282935906
2026-06-21 15:30:00,91.37,64.95051376675615
2026-06-21 15:45:00,117.87,88.24929593886498
2026-06-21 16:00:00,95.99,117.53048294558037
2026-06-21 16:15:00,110.15,96.61889159701981
2026-06-21 16:30:00,116.88,119.55715880887612
2026-06-21 16:45:00,132.83,124.30977503628732
2026-06-21 17:00:00,114.9,133.22988490836244
2026-06-21 17:15:00,133.46,123.762672954209
2026-06-21 17:30:00,138.54,140.78155104552937
2026-06-21 17:45:00,141.83,158.67233809996222
2026-06-21 18:00:00,141.26,151.01952206240287
2026-06-21 18:15:00,147.8,148.03562083664525
2026-06-21 18:30:00,150.29,152.82133114319726
2026-06-21 18:45:00,152.21,152.46075156547613
2026-06-21 19:00:00,150.76,151.3184988445558
2026-06-21 19:15:00,150.14,151.83565590242847
2026-06-21 19:30:00,151.12,152.3474297406515
2026-06-21 19:45:00,149.14,151.00672698299275
2026-06-21 20:00:00,149.5,150.22951566136456
2026-06-21 20:15:00,148.84,150.11285695673655
2026-06-21 20:30:00,145.54,150.30675760058878
2026-06-21 20:45:00,138.41,142.84093300112485
2026-06-21 21:00:00,142.58,135.26553498298145
2026-06-21 21:15:00,135.68,141.85812165247938
2026-06-21 21:30:00,132.3,135.6884301142919
2026-06-21 21:45:00,122.58,130.09654366894307
2026-06-21 22:00:00,136.24,131.5658997323729
2026-06-21 22:15:00,128.1,137.10790233216912
2026-06-21 22:30:00,123.37,129.53293568894907
2026-06-21 22:45:00,119.82,127.47983928724977
2026-06-21 23:00:00,122.26,129.306364180304
2026-06-21 23:15:00,120.58,126.83796409637776
2026-06-21 23:30:00,118.57,125.5660662291894
2026-06-21 23:45:00,116.69,121.26384990579675
2026-06-22 00:00:00,118.59,119.15665557769476
2026-06-22 00:15:00,113.89,121.30394893911377
2026-06-22 00:30:00,110.14,119.0589738621546
2026-06-22 00:45:00,106.58,116.059907924669
2026-06-22 01:00:00,112.15,112.55150170334035
2026-06-22 01:15:00,111.32,115.34441674216485
2026-06-22 01:30:00,110.69,114.92073984843485
2026-06-22 01:45:00,111.33,115.07152742021617
2026-06-22 02:00:00,110.74,114.90086448262706
2026-06-22 02:15:00,113.26,114.70343542948513
2026-06-22 02:30:00,113.08,115.3326831118213
2026-06-22 02:45:00,116.63,115.34968764862273
2026-06-22 03:00:00,115.41,117.68398549109966
2026-06-22 03:15:00,118.48,116.94302396756864
2026-06-22 03:30:00,120.68,120.08118032800208
2026-06-22 03:45:00,129.71,122.1137703202386
2026-06-22 04:00:00,132.75,128.85554774167457
2026-06-22 04:15:00,138.04,132.1988198191137
2026-06-22 04:30:00,139.21,134.1124564676336
2026-06-22 04:45:00,139.46,135.40403763987314
2026-06-22 05:00:00,152.11,133.51316130709185
2026-06-22 05:15:00,147.61,146.44205617447335
2026-06-22 05:30:00,145.6,142.68018908046656
2026-06-22 05:45:00,134.06,139.9004117133135
2026-06-22 06:00:00,146.35,132.38479800607007
2026-06-22 06:15:00,133.5,141.12188147937223
2026-06-22 06:30:00,124.96,129.60231701132554
2026-06-22 06:45:00,107.76,118.20469707874766
2026-06-22 07:00:00,124.55,118.29324079423107
2026-06-22 07:15:00,119.06,118.86749209963416
2026-06-22 07:30:00,106.35,113.59102840703801
2026-06-22 07:45:00,94.21,110.54944282171469
2026-06-22 08:00:00,111.73,104.134872602256
2026-06-22 08:15:00,92.13,117.44281247726263
2026-06-22 08:30:00,81.32,95.02232115284026
2026-06-22 08:45:00,65.0,74.73459822311226
2026-06-22 09:00:00,71.01,80.73441735687737
2026-06-22 09:15:00,61.2,70.71188974503957
2026-06-22 09:30:00,51.0,45.557687720060514
2026-06-22 09:45:00,46.0,45.030075207974086
2026-06-22 10:00:00,49.66,40.35716041754178
2026-06-22 10:15:00,40.5,45.42322557262842
2026-06-22 10:30:00,37.9,35.91362165357929
2026-06-22 10:45:00,30.01,35.75655683920479
2026-06-22 11:00:00,35.68,32.83340062623886
2026-06-22 11:15:00,33.19,35.606026016621776
2026-06-22 11:30:00,30.24,33.48273396290653
2026-06-22 11:45:00,30.11,33.04200402542229
2026-06-22 12:00:00,17.6,35.14114059586
2026-06-22 12:15:00,33.05,32.12573670248393
2026-06-22 12:30:00,37.03,36.072431011027014
2026-06-22 12:45:00,40.0,39.07655312393047
2026-06-22 13:00:00,47.38,41.60051602366925
2026-06-22 13:15:00,56.6,44.09570333562687
2026-06-22 13:30:00,65.51,52.54192940468944
2026-06-22 13:45:00,81.12,68.14999740515096
2026-06-22 14:00:00,72.3,83.97296591595801
2026-06-22 14:15:00,84.33,81.4942269045017
2026-06-22 14:30:00,94.0,90.28416701597669
2026-06-22 14:45:00,112.92,98.11485345433351
2026-06-22 15:00:00,92.07,107.19161924934072
2026-06-22 15:15:00,111.25,99.74369345234369
2026-06-22 15:30:00,119.74,119.9481360403712
2026-06-22 15:45:00,132.08,125.41536494593235
2026-06-22 16:00:00,114.9,116.93868602948183
2026-06-22 16:15:00,130.11,123.21073152066684
2026-06-22 16:30:00,149.14,134.04424054376832
2026-06-22 16:45:00,181.61,153.0956115224183
2026-06-22 17:00:00,150.06,198.9023523251775
2026-06-22 17:15:00,165.89,151.09975745492233
2026-06-22 17:30:00,207.2,147.34294406005196
2026-06-22 17:45:00,261.19,215.15527284348195
2026-06-22 18:00:00,219.85,228.60885856851348
2026-06-22 18:15:00,258.51,219.00267183038977
2026-06-22 18:30:00,292.53,249.17727388175612
2026-06-22 18:45:00,300.07,263.82773637818286
2026-06-22 19:00:00,300.04,254.90898792842452
2026-06-22 19:15:00,280.21,254.24544459157624
2026-06-22 19:30:00,248.71,256.5192270516625
2026-06-22 19:45:00,206.83,224.92540928966469
2026-06-22 20:00:00,234.42,210.54726189507437
2026-06-22 20:15:00,208.45,214.5342594161103
2026-06-22 20:30:00,170.6,203.0370118532505
2026-06-22 20:45:00,153.46,157.75653061281818
2026-06-22 21:00:00,164.49,174.03514288371485
2026-06-22 21:15:00,167.45,156.90701706441908
2026-06-22 21:30:00,160.21,154.9966742522168
2026-06-22 21:45:00,148.29,154.85480373205485
2026-06-22 22:00:00,154.13,146.7262551869548
2026-06-22 22:15:00,148.53,153.56459639587865
2026-06-22 22:30:00,142.36,147.1986552514743
2026-06-22 22:45:00,137.83,139.4642144983196
2026-06-22 23:00:00,142.29,135.28330847781612
2026-06-22 23:15:00,137.86,139.4642144983196
2026-06-22 23:30:00,136.72,133.22245313780775
2026-06-22 23:45:00,134.5,132.581956529623
2026-06-23 00:00:00,136.12,132.34512460188327
2026-06-23 00:15:00,134.17,132.3433022267354
2026-06-23 00:30:00,132.91,132.12226816268398
2026-06-23 00:45:00,133.5,131.9585020640476
2026-06-23 01:00:00,133.87,132.13087267563645
2026-06-23 01:15:00,135.18,132.2465665789443
2026-06-23 01:30:00,133.45,132.31801308476142
2026-06-23 01:45:00,135.35,132.21147258563698
2026-06-23 02:00:00,135.29,132.49513767591532
2026-06-23 02:15:00,134.87,132.40782496320477
2026-06-23 02:30:00,136.23,132.47688866987266
2026-06-23 02:45:00,140.78,132.66308636871665
2026-06-23 03:00:00,134.49,137.56674895011037
2026-06-23 03:15:00,135.58,132.8132534693325
2026-06-23 03:30:00,142.0,132.89818848891701
2026-06-23 03:45:00,152.08,139.65343417687293
2026-06-23 04:00:00,155.02,145.78533601439358
2026-06-23 04:15:00,166.51,149.65999547791841
2026-06-23 04:30:00,177.6,157.29784181063636
2026-06-23 04:45:00,192.22,187.08332373107316
2026-06-23 05:00:00,190.66,184.12965006720376
2026-06-23 05:15:00,173.43,176.85960315205136
2026-06-23 05:30:00,161.95,164.94169787640888
2026-06-23 05:45:00,140.6,153.4834248904952
2026-06-23 06:00:00,172.51,170.604906978109
2026-06-23 06:15:00,150.3,145.96634316087412
2026-06-23 06:30:00,123.0,140.99322934204713
2026-06-23 06:45:00,112.57,118.43184749946629
2026-06-23 07:00:00,125.91,135.2475790076385
2026-06-23 07:15:00,116.26,125.69321989332947
2026-06-23 07:30:00,108.11,112.98598957380698
2026-06-23 07:45:00,100.93,106.7437452245018
2026-06-23 08:00:00,113.91,104.49924442914359
2026-06-23 08:15:00,99.87,116.43599180838392
2026-06-23 08:30:00,89.95,95.62374457764356
2026-06-23 08:45:00,82.39,89.7646446027714
2026-06-23 09:00:00,86.57,81.27446156625567
2026-06-23 09:15:00,79.48,88.50691278148058
2026-06-23 09:30:00,70.23,77.22499559621133
2026-06-23 09:45:00,68.67,61.21471373057893
2026-06-23 10:00:00,76.72,58.22288389953895
2026-06-23 10:15:00,60.9,81.0363566312352
2026-06-23 10:30:00,52.41,37.96292660215368
2026-06-23 10:45:00,48.15,40.770621679820465
2026-06-23 11:00:00,46.65,37.267707165637006
2026-06-23 11:15:00,46.3,32.87931336374637
2026-06-23 11:30:00,40.0,32.96718841334874
2026-06-23 11:45:00,41.17,33.370399501238786
2026-06-23 12:00:00,31.53,35.033646368082664
2026-06-23 12:15:00,36.17,34.74502823138081
2026-06-23 12:30:00,40.0,36.16574772556232
2026-06-23 12:45:00,57.13,35.45704115064764
2026-06-23 13:00:00,0.0,46.59243249683278
2026-06-23 13:15:00,54.32,15.9110728265364
2026-06-23 13:30:00,71.8,52.96458063427685
2026-06-23 13:45:00,93.47,78.94140777731883
2026-06-23 14:00:00,77.18,112.95844811793943
2026-06-23 14:15:00,92.11,89.93572689114849
2026-06-23 14:30:00,108.51,104.88187680055013
2026-06-23 14:45:00,120.79,120.87092081466773
2026-06-23 15:00:00,103.77,112.36257470933333
2026-06-23 15:15:00,117.86,112.97408981907135
2026-06-23 15:30:00,124.07,126.0861511752262
2026-06-23 15:45:00,142.13,136.77087035161352
2026-06-23 16:00:00,120.25,135.46788672647057
2026-06-23 16:15:00,147.23,132.4716222261012
2026-06-23 16:30:00,178.52,157.88271132382758
2026-06-23 16:45:00,233.12,217.7445572863891
2026-06-23 17:00:00,180.97,215.27740898754516
2026-06-23 17:15:00,243.87,217.33599048837004
2026-06-23 17:30:00,423.57,242.5161656591954
2026-06-23 17:45:00,500.03,356.0980333333331
2026-06-23 18:00:00,481.44,343.2538666666664
2026-06-23 18:15:00,560.61,346.99279999999953
2026-06-23 18:30:00,614.45,377.8129666666671
2026-06-23 18:45:00,657.27,378.13486666666705
2026-06-23 19:00:00,599.34,377.31343333333376
2026-06-23 19:15:00,590.69,368.1385000000003
2026-06-23 19:30:00,585.77,339.752733333333
2026-06-23 19:45:00,477.8,335.92301666666634
2026-06-23 20:00:00,487.44,339.11004999999966
2026-06-23 20:15:00,444.5,335.2409499999996
2026-06-23 20:30:00,270.88,331.91605555555515
2026-06-23 20:45:00,197.18,257.8310870253732
2026-06-23 21:00:00,219.48,207.74424276887868
2026-06-23 21:15:00,248.22,199.36212050585823
2026-06-23 21:30:00,196.42,222.7780793845771
2026-06-23 21:45:00,171.24,182.77568954980987
2026-06-23 22:00:00,230.76,163.78691402299808
2026-06-23 22:15:00,189.14,202.93865878974438
2026-06-23 22:30:00,175.3,183.63946482344053
2026-06-23 22:45:00,164.14,163.99060183102145
2026-06-23 23:00:00,194.38,164.9937545359241
2026-06-23 23:15:00,173.92,181.74631036239714
2026-06-23 23:30:00,163.6,163.01601572714068
2026-06-23 23:45:00,154.51,162.75545344412512
2026-06-24 00:00:00,153.61,171.04041740070576
2026-06-24 00:15:00,149.93,155.62613497902478
2026-06-24 00:30:00,151.8,149.60435296699083
2026-06-24 00:45:00,149.65,149.4191518766557
2026-06-24 01:00:00,148.13,149.6686432470352
2026-06-24 01:15:00,148.17,146.52818072442994
2026-06-24 01:30:00,151.43,147.10267684654954
2026-06-24 01:45:00,151.23,150.03141296945435
2026-06-24 02:00:00,153.84,149.7801993283649
2026-06-24 02:15:00,155.6,154.88356435695417
2026-06-24 02:30:00,154.7,156.76990658051835
2026-06-24 02:45:00,155.5,154.23168239471312
2026-06-24 03:00:00,155.91,155.05280176479275
2026-06-24 03:15:00,155.0,156.2963949753973
2026-06-24 03:30:00,162.54,155.153347246705
2026-06-24 03:45:00,170.1,164.5345549391755
2026-06-24 04:00:00,181.09,165.42002933319236
2026-06-24 04:15:00,176.74,183.04564654015394
2026-06-24 04:30:00,189.48,179.7413254130973
2026-06-24 04:45:00,208.63,197.620951945934
2026-06-24 05:00:00,240.88,196.84108831363193
2026-06-24 05:15:00,191.83,218.81408542642816
2026-06-24 05:30:00,162.41,177.777927686933
2026-06-24 05:45:00,141.11,165.98588431366983
2026-06-24 06:00:00,206.53,193.90251304473304
2026-06-24 06:15:00,151.07,195.4990696229861
2026-06-24 06:30:00,141.12,145.97913278523754
2026-06-24 06:45:00,115.0,140.37417774122125
2026-06-24 07:00:00,140.11,161.4684207384402
2026-06-24 07:15:00,126.51,135.70704600437
2026-06-24 07:30:00,110.39,119.796216189802
2026-06-24 07:45:00,105.86,112.46789286103984
2026-06-24 08:00:00,123.91,121.77033559425533
2026-06-24 08:15:00,114.92,123.2479547193717
2026-06-24 08:30:00,100.16,122.00458577343804
2026-06-24 08:45:00,79.07,104.20074686690003
2026-06-24 09:00:00,100.31,86.20873308512326
2026-06-24 09:15:00,89.99,103.36453693487199
2026-06-24 09:30:00,73.53,76.52017118638246
2026-06-24 09:45:00,66.97,74.46773706235913
2026-06-24 10:00:00,86.63,42.436302850833165
2026-06-24 10:15:00,73.12,73.24654102787179
2026-06-24 10:30:00,56.65,74.9384927961945
2026-06-24 10:45:00,54.66,38.07388316406943
2026-06-24 11:00:00,68.74,41.89534044096813
2026-06-24 11:15:00,70.1,67.72416699336347
2026-06-24 11:30:00,64.3,72.56815481477946
2026-06-24 11:45:00,63.01,41.74678631998719
2026-06-24 12:00:00,48.43,31.701069578292415
2026-06-24 12:15:00,51.24,44.6100637784611
2026-06-24 12:30:00,67.56,47.28878683728645
2026-06-24 12:45:00,82.33,67.32491732560888
2026-06-24 13:00:00,30.71,90.6210909275568
2026-06-24 13:15:00,66.53,39.86322173476354
2026-06-24 13:30:00,74.47,58.382080035364304
2026-06-24 13:45:00,91.09,86.62993919943081
2026-06-24 14:00:00,95.19,77.72313933625504
2026-06-24 14:15:00,107.07,103.9946962616133
2026-06-24 14:30:00,110.89,113.86079510427774
2026-06-24 14:45:00,123.29,125.26271334150064
2026-06-24 15:00:00,109.91,128.96797213809862
2026-06-24 15:15:00,120.77,125.9898744839155
2026-06-24 15:30:00,137.0,135.61681702629625
2026-06-24 15:45:00,151.44,156.81332589974699
2026-06-24 16:00:00,138.42,143.82925590227032
2026-06-24 16:15:00,155.21,158.9714906013878
2026-06-24 16:30:00,205.26,165.19683132370344
2026-06-24 16:45:00,294.23,209.7889671152955
2026-06-24 17:00:00,240.0,261.47681444357534
2026-06-24 17:15:00,334.46,219.99519583663695
2026-06-24 17:30:00,660.79,362.2093960582013
2026-06-24 17:45:00,789.32,393.9548000000004
2026-06-24 18:00:00,641.24,393.54100000000034
2026-06-24 18:15:00,758.96,394.1566000000003
2026-06-24 18:30:00,833.33,393.538466666667
2026-06-24 18:45:00,902.47,393.538466666667
2026-06-24 19:00:00,826.97,393.578566666667
2026-06-24 19:15:00,812.99,391.8414333333337
2026-06-24 19:30:00,800.0,392.6762000000003
2026-06-24 19:45:00,757.46,394.37610000000035
2026-06-24 20:00:00,800.0,394.6998111111115
2026-06-24 20:15:00,643.67,393.6852444444449
2026-06-24 20:30:00,487.49,350.25344444444426
2026-06-24 20:45:00,340.39,333.1864563492059
2026-06-24 21:00:00,408.11,316.3186895899466
2026-06-24 21:15:00,338.46,328.18719444444406
2026-06-24 21:30:00,263.03,311.70309479196675
2026-06-24 21:45:00,199.14,234.65028887984184
2026-06-24 22:00:00,200.1,221.31666881252818
2026-06-24 22:15:00,171.0,224.3437688884621
2026-06-24 22:30:00,153.77,173.035414854159
2026-06-24 22:45:00,151.75,173.0314832382369
2026-06-24 23:00:00,162.61,172.70012452410245
2026-06-24 23:15:00,155.68,167.01902746989074
2026-06-24 23:30:00,150.04,159.67098040137262
2026-06-24 23:45:00,143.37,145.2343627359046
2026-06-25 00:00:00,149.45,141.73951674847396
2026-06-25 00:15:00,140.71,145.1372364178707
2026-06-25 00:30:00,139.13,141.38291768434513
2026-06-25 00:45:00,137.5,139.33329514920473
2026-06-25 01:00:00,142.53,138.24175139870533
2026-06-25 01:15:00,139.52,139.71789862174464
2026-06-25 01:30:00,137.95,138.8720661863617
2026-06-25 01:45:00,137.91,137.89224708760483
2026-06-25 02:00:00,136.46,138.57443312115976
2026-06-25 02:15:00,139.96,138.06809399551207
2026-06-25 02:30:00,139.38,139.08509594185003
2026-06-25 02:45:00,138.25,139.16750718159378
2026-06-25 03:00:00,137.39,139.0157221528738
2026-06-25 03:15:00,137.82,138.59108362321402
2026-06-25 03:30:00,141.1,140.88419808315936
2026-06-25 03:45:00,145.62,142.93421714831373
2026-06-25 04:00:00,160.9,144.3246675020834
2026-06-25 04:15:00,169.72,162.62082114378885
2026-06-25 04:30:00,161.2,170.48592281279906
2026-06-25 04:45:00,153.19,165.20796292775478
2026-06-25 05:00:00,174.66,159.10154004772295
2026-06-25 05:15:00,155.2,176.28611074973867
2026-06-25 05:30:00,139.97,164.91726414657367
2026-06-25 05:45:00,116.83,148.74732840614902
2026-06-25 06:00:00,141.28,143.97211455664564
2026-06-25 06:15:00,126.45,148.97391426096831
2026-06-25 06:30:00,112.54,128.87254268982377
2026-06-25 06:45:00,97.94,117.77432861438278
2026-06-25 07:00:00,121.26,114.73426905225749
2026-06-25 07:15:00,112.25,123.01150011205978
2026-06-25 07:30:00,103.77,115.82701325495131
2026-06-25 07:45:00,82.75,118.08985753897146
2026-06-25 08:00:00,110.5,82.20737468748894
2026-06-25 08:15:00,96.93,118.99648922292019
2026-06-25 08:30:00,80.01,94.35889790023894
2026-06-25 08:45:00,57.0,76.58735942829175
2026-06-25 09:00:00,88.49,80.91515544566545
2026-06-25 09:15:00,58.41,80.7149122941748
2026-06-25 09:30:00,34.12,37.051967698959736
2026-06-25 09:45:00,24.78,32.74067881200242
2026-06-25 10:00:00,27.68,31.65684033870009
2026-06-25 10:15:00,24.91,32.35689807634831
2026-06-25 10:30:00,10.2,32.93675339332357
2026-06-25 10:45:00,24.05,11.801160192352164
2026-06-25 11:00:00,22.24,34.92136783515511
2026-06-25 11:15:00,14.54,20.766149053261312
2026-06-25 11:30:00,5.83,20.414273431331953
2026-06-25 11:45:00,1.14,15.038004441746914
2026-06-25 12:00:00,12.2,6.357698364076079
2026-06-25 12:15:00,6.3,30.98641166482603
2026-06-25 12:30:00,12.99,18.856021223501255
2026-06-25 12:45:00,15.33,34.63789903521936
2026-06-25 13:00:00,21.26,42.21355201993768
2026-06-25 13:15:00,49.79,43.23298483408426
2026-06-25 13:30:00,64.7,50.435443518751086
2026-06-25 13:45:00,84.29,48.88648763646507
2026-06-25 14:00:00,63.16,88.53373792385187
2026-06-25 14:15:00,78.1,34.758097360204836
2026-06-25 14:30:00,92.51,85.52339770511465
2026-06-25 14:45:00,113.09,106.36283324802353
2026-06-25 15:00:00,78.56,124.76480998473531
2026-06-25 15:15:00,107.21,87.93893687803542
2026-06-25 15:30:00,109.69,126.94410919911756
2026-06-25 15:45:00,123.8,129.56665958120524
2026-06-25 16:00:00,91.52,114.04513017098897
2026-06-25 16:15:00,113.54,98.34535496413822
2026-06-25 16:30:00,141.34,133.16731233644666
2026-06-25 16:45:00,192.45,164.51848200382796
2026-06-25 17:00:00,138.14,150.72847755952378
2026-06-25 17:15:00,171.54,166.525101144721
2026-06-25 17:30:00,210.61,179.5119683703033
2026-06-25 17:45:00,297.8,214.02419913854993
2026-06-25 18:00:00,241.88,309.5347567266992
2026-06-25 18:15:00,295.81,234.90361125795977
2026-06-25 18:30:00,321.88,319.54874561558825
2026-06-25 18:45:00,332.56,357.98853994709
2026-06-25 19:00:00,295.12,365.4928096296298
2026-06-25 19:15:00,264.52,325.38701574074076
2026-06-25 19:30:00,250.1,285.96503438167025
2026-06-25 19:45:00,196.84,261.8255301658039
2026-06-25 20:00:00,221.51,217.806185707683
2026-06-25 20:15:00,202.95,212.98543492270792
2026-06-25 20:30:00,172.85,193.03168169614028
2026-06-25 20:45:00,159.49,189.961333882593
2026-06-25 21:00:00,175.71,182.64973725028022
2026-06-25 21:15:00,168.64,183.35941417592016
2026-06-25 21:30:00,148.75,167.06468632742698
2026-06-25 21:45:00,146.5,149.4169507333673
2026-06-25 22:00:00,151.22,148.57516172224462
2026-06-25 22:15:00,148.76,150.29367238924573
2026-06-25 22:30:00,141.36,146.9123935134119
2026-06-25 22:45:00,131.41,140.7091155252513
2026-06-25 23:00:00,136.23,138.3601542242471
2026-06-25 23:15:00,130.86,137.10570323943216
2026-06-25 23:30:00,128.92,132.67344229551128
2026-06-25 23:45:00,121.57,128.46528836422607
2026-06-26 00:00:00,125.38,127.69099259400076
2026-06-26 00:15:00,119.03,125.47084904716527
2026-06-26 00:30:00,119.18,121.44149324657573
2026-06-26 00:45:00,118.82,121.32724317729192
2026-06-26 01:00:00,124.03,121.1676489022506
2026-06-26 01:15:00,118.78,125.69177359809571
2026-06-26 01:30:00,118.45,121.22238927321207
2026-06-26 01:45:00,118.74,121.23025674472856
2026-06-26 02:00:00,122.4,121.34784560295525
2026-06-26 02:15:00,121.02,125.437578493649
2026-06-26 02:30:00,119.48,123.67123513482747
2026-06-26 02:45:00,122.83,121.45665321494954
2026-06-26 03:00:00,125.07,125.83901684559855
2026-06-26 03:15:00,125.3,126.22230134744142
2026-06-26 03:30:00,129.58,126.2120879016868
2026-06-26 03:45:00,134.3,129.85315790731192
2026-06-26 04:00:00,143.56,138.8562649155081
2026-06-26 04:15:00,152.72,144.6542403626917
2026-06-26 04:30:00,151.63,150.85722751036462
2026-06-26 04:45:00,141.45,147.8148071480156
2026-06-26 05:00:00,156.79,142.84076518821166
2026-06-26 05:15:00,147.13,162.02128354163386
2026-06-26 05:30:00,127.11,141.80056441170075
2026-06-26 05:45:00,119.2,122.2126859845717
2026-06-26 06:00:00,137.7,139.66809720319065
2026-06-26 06:15:00,122.17,134.5029387046061
2026-06-26 06:30:00,111.96,118.29407640083802
2026-06-26 06:45:00,100.0,112.3189058279801
2026-06-26 07:00:00,118.18,113.92634486155718
2026-06-26 07:15:00,105.31,115.27557397200147
2026-06-26 07:30:00,103.98,106.20879320447212
2026-06-26 07:45:00,94.93,98.57623811771886
2026-06-26 08:00:00,112.04,92.86604727619459
2026-06-26 08:15:00,104.44,115.67992478787603
2026-06-26 08:30:00,87.98,100.87576170082014
2026-06-26 08:45:00,69.68,79.4832978880055
2026-06-26 09:00:00,88.78,72.96623571111591
2026-06-26 09:15:00,74.7,81.21383465366196
2026-06-26 09:30:00,63.69,71.15531606198603
2026-06-26 09:45:00,49.8,37.33269938760403
2026-06-26 10:00:00,33.81,46.16920887777477
2026-06-26 10:15:00,25.1,32.783414391754334
2026-06-26 10:30:00,21.49,31.950464864431456
2026-06-26 10:45:00,34.43,18.434214604757774
2026-06-26 11:00:00,5.61,31.817298388084364
2026-06-26 11:15:00,12.71,14.439165430441308
2026-06-26 11:30:00,9.98,17.01545183690596
2026-06-26 11:45:00,11.7,12.660050365834888
2026-06-26 12:00:00,23.1,31.954010329288558
2026-06-26 12:15:00,33.04,44.31135990384901
2026-06-26 12:30:00,40.0,45.14926867632961
2026-06-26 12:45:00,40.09,38.002076445783146
2026-06-26 13:00:00,50.19,37.048674601620405
2026-06-26 13:15:00,65.54,57.19002279443578
2026-06-26 13:30:00,80.45,66.10101901284067
2026-06-26 13:45:00,93.06,90.36510233398981
2026-06-26 14:00:00,68.95,93.12165502479866
2026-06-26 14:15:00,83.35,69.7619404684382
2026-06-26 14:30:00,101.42,93.4458462407374
2026-06-26 14:45:00,120.85,109.80106233066445
2026-06-26 15:00:00,85.99,101.46921653343993
2026-06-26 15:15:00,109.07,97.10609024239271
2026-06-26 15:30:00,117.95,123.37701202191721
2026-06-26 15:45:00,133.97,130.18749850908065
2026-06-26 16:00:00,93.81,107.3508810136433
2026-06-26 16:15:00,135.28,102.10449441782703
2026-06-26 16:30:00,160.92,154.40239079651113
2026-06-26 16:45:00,212.14,163.08738453901455
2026-06-26 17:00:00,159.92,176.35344941445632
2026-06-26 17:15:00,193.13,162.17818940945892
2026-06-26 17:30:00,249.33,217.9059271940654
2026-06-26 17:45:00,377.37,280.13181441304727
2026-06-26 18:00:00,259.75,336.8685666666665
2026-06-26 18:15:00,342.29,298.48945329445417
2026-06-26 18:30:00,407.4,374.92960133597916
2026-06-26 18:45:00,414.56,388.15806250000026
2026-06-26 19:00:00,412.74,375.6666291666671
2026-06-26 19:15:00,340.09,341.9165624999995
2026-06-26 19:30:00,250.1,328.1604129629623
2026-06-26 19:45:00,194.74,224.97632680271553
2026-06-26 20:00:00,258.55,217.43451701994337
2026-06-26 20:15:00,205.88,245.90792363378245
2026-06-26 20:30:00,185.02,192.4884333437538
2026-06-26 20:45:00,161.32,181.92900195494747
2026-06-26 21:00:00,176.48,168.39413317184216
2026-06-26 21:15:00,157.47,168.85233402175646
2026-06-26 21:30:00,145.87,159.11802752578288
2026-06-26 21:45:00,139.62,144.52708425752866
2026-06-26 22:00:00,145.56,147.90358415790158
2026-06-26 22:15:00,134.1,144.72837726541078
2026-06-26 22:30:00,127.89,135.95258881671694
2026-06-26 22:45:00,121.67,129.39072896692122
2026-06-26 23:00:00,130.55,132.82066059687887
2026-06-26 23:15:00,126.0,129.09207449220835
2026-06-26 23:30:00,122.65,126.77912940913298
2026-06-26 23:45:00,119.13,124.56301433127885
2026-06-27 00:00:00,120.18,122.29284448159115
2026-06-27 00:15:00,119.08,121.91771980152444
2026-06-27 00:30:00,116.4,121.70002561529921
2026-06-27 00:45:00,116.62,122.55110837301662
2026-06-27 01:00:00,117.89,122.66490762734412
2026-06-27 01:15:00,114.32,122.34681536136026
2026-06-27 01:30:00,116.11,121.98480752745093
2026-06-27 01:45:00,115.0,122.14620981795444
2026-06-27 02:00:00,114.77,121.82529340825674
2026-06-27 02:15:00,116.11,121.6827353272616
2026-06-27 02:30:00,116.1,121.98993675422517
2026-06-27 02:45:00,114.32,121.07013011454316
2026-06-27 03:00:00,115.4,121.14435190962512
2026-06-27 03:15:00,113.85,121.04484462186142
2026-06-27 03:30:00,113.84,120.82920939859325
2026-06-27 03:45:00,112.91,120.8747237928789
2026-06-27 04:00:00,115.01,119.88524066085532
2026-06-27 04:15:00,112.91,122.66428648736947
2026-06-27 04:30:00,112.01,119.81104327399191
2026-06-27 04:45:00,110.97,114.0689995204222
2026-06-27 05:00:00,115.33,115.59235479431794
2026-06-27 05:15:00,113.84,121.24570054291775
2026-06-27 05:30:00,112.91,117.19902322369411
2026-06-27 05:45:00,95.01,113.98585352242357
2026-06-27 06:00:00,118.85,97.38113628593317
2026-06-27 06:15:00,112.61,116.17535378561205
2026-06-27 06:30:00,108.04,113.26539499575284
2026-06-27 06:45:00,84.02,110.27996833926203
2026-06-27 07:00:00,109.87,80.25191107467676
2026-06-27 07:15:00,86.72,111.6532198187533
2026-06-27 07:30:00,72.38,80.21371683608447
2026-06-27 07:45:00,33.0,70.47841172201288
2026-06-27 08:00:00,64.42,37.10140082586265
2026-06-27 08:15:00,42.82,37.687130650518405
2026-06-27 08:30:00,22.43,34.70348030416692
2026-06-27 08:45:00,14.43,15.813313589602625
2026-06-27 09:00:00,22.17,15.574433983327438
2026-06-27 09:15:00,13.87,15.916741270560745
2026-06-27 09:30:00,8.68,15.910499548492174
2026-06-27 09:45:00,4.47,12.959489034693966
2026-06-27 10:00:00,3.33,8.740768457074177
2026-06-27 10:15:00,0.82,8.192348251803388
2026-06-27 10:30:00,1.42,3.298525092121152
2026-06-27 10:45:00,2.48,5.791057499658856
2026-06-27 11:00:00,0.12,7.412330822981836
2026-06-27 11:15:00,0.01,1.0796434984471732
2026-06-27 11:30:00,0.0,1.019971772645192
2026-06-27 11:45:00,0.01,0.9689988084326916
2026-06-27 12:00:00,0.1,2.4089843979669308
2026-06-27 12:15:00,1.4,2.998702773751545
2026-06-27 12:30:00,4.08,7.508312022412357
2026-06-27 12:45:00,7.99,11.526519523102026
2026-06-27 13:00:00,2.14,23.830464888087395
2026-06-27 13:15:00,4.0,11.895241616264657
2026-06-27 13:30:00,12.86,11.720670391136053
2026-06-27 13:45:00,32.07,38.20495020806562
2026-06-27 14:00:00,9.1,43.73708107835196
2026-06-27 14:15:00,35.0,23.028892906057994
2026-06-27 14:30:00,65.32,49.175640625041304
2026-06-27 14:45:00,88.91,51.86066528341764
2026-06-27 15:00:00,61.97,74.26655921536697
2026-06-27 15:15:00,97.07,42.199866692439684
2026-06-27 15:30:00,107.7,102.64076080688528
2026-06-27 15:45:00,126.9,121.99172739524978
2026-06-27 16:00:00,107.81,101.64351481971916
2026-06-27 16:15:00,115.0,121.80408004531931
2026-06-27 16:30:00,130.06,130.2272233405292
2026-06-27 16:45:00,147.04,145.07660688714762
2026-06-27 17:00:00,135.93,149.73150719832344
2026-06-27 17:15:00,150.71,160.20145297736755
2026-06-27 17:30:00,183.22,167.0519001161507
2026-06-27 17:45:00,223.33,207.9786857726102
2026-06-27 18:00:00,204.23,210.85659282043778
2026-06-27 18:15:00,211.3,205.79548517140978
2026-06-27 18:30:00,232.64,215.27706437564981
2026-06-27 18:45:00,282.04,221.39489673827634
2026-06-27 19:00:00,228.97,290.6128113500198
2026-06-27 19:15:00,243.44,221.8334091291679
2026-06-27 19:30:00,239.02,224.2778667606309
2026-06-27 19:45:00,240.25,216.81404003526777
2026-06-27 20:00:00,207.74,222.41611369357324
2026-06-27 20:15:00,182.0,203.09694054172184
2026-06-27 20:30:00,170.09,168.2943682572801
2026-06-27 20:45:00,157.81,167.02549207127302
2026-06-27 21:00:00,161.12,159.9427412740764
2026-06-27 21:15:00,150.1,155.87743058344765
2026-06-27 21:30:00,141.12,145.35993708231058
2026-06-27 21:45:00,138.29,140.58155600725013
2026-06-27 22:00:00,145.17,143.0439888114163
2026-06-27 22:15:00,144.24,142.34836613534176
2026-06-27 22:30:00,134.7,142.03689819142525
2026-06-27 22:45:00,124.37,133.4937035588362
2026-06-27 23:00:00,132.26,131.7682377482137
2026-06-27 23:15:00,130.76,131.52384949435
2026-06-27 23:30:00,125.05,131.21832523792057
2026-06-27 23:45:00,122.04,123.63985524972074
2026-06-28 00:00:00,122.79,123.89066077392697
2026-06-28 00:15:00,120.62,123.2103305902254
2026-06-28 00:30:00,118.82,122.32427503387213
2026-06-28 00:45:00,116.5,120.76245123117175
2026-06-28 01:00:00,116.18,122.06145714554019
2026-06-28 01:15:00,115.59,121.06241172052631
2026-06-28 01:30:00,115.98,120.35581303830676
2026-06-28 01:45:00,115.0,120.45940750686107
2026-06-28 02:00:00,114.6,120.16722454220776
2026-06-28 02:15:00,114.57,120.09020196422779
2026-06-28 02:30:00,115.0,120.17270588075522
2026-06-28 02:45:00,114.77,120.38198971032432
2026-06-28 03:00:00,115.54,120.44591886606567
2026-06-28 03:15:00,115.09,120.45703120842514
2026-06-28 03:30:00,115.0,120.45827964321317
2026-06-28 03:45:00,114.86,120.42038006784462
2026-06-28 04:00:00,116.0,120.42672387918397
2026-06-28 04:15:00,115.0,118.8322027645227
2026-06-28 04:30:00,110.69,119.16062479015145
2026-06-28 04:45:00,106.56,115.40462511474742
2026-06-28 05:00:00,114.6,110.34226218156786
2026-06-28 05:15:00,112.36,115.69320098222221
2026-06-28 05:30:00,104.86,112.05352851645694
2026-06-28 05:45:00,85.9,106.11608469726251
2026-06-28 06:00:00,108.47,79.54963821146016
2026-06-28 06:15:00,82.99,111.41962412131477
2026-06-28 06:30:00,70.44,75.21447124622554
2026-06-28 06:45:00,44.84,58.78073406263126
2026-06-28 07:00:00,67.55,67.77196335497844
2026-06-28 07:15:00,37.96,54.66845665975041
2026-06-28 07:30:00,18.08,24.439729504322333
2026-06-28 07:45:00,7.66,9.938756793642064
2026-06-28 08:00:00,14.43,6.937081620937967
2026-06-28 08:15:00,4.99,10.813502883121673
2026-06-28 08:30:00,0.84,6.258974147982108
2026-06-28 08:45:00,0.0,1.5378013405977997
2026-06-28 09:00:00,0.54,0.280956133675103
2026-06-28 09:15:00,-0.01,0.9805444642844664
2026-06-28 09:45:00,-1.17,-0.17987504169376406
2026-06-28 10:00:00,-0.01,-2.051514951783305
2026-06-28 10:30:00,-0.12,-0.18309484146909624
2026-06-28 10:45:00,-0.16,-0.6598263873892665
2026-06-28 11:00:00,-2.07,-0.5425404269266988
2026-06-28 11:15:00,-2.06,-3.010148257779925
2026-06-28 11:30:00,-2.04,-2.780383650521634
2026-06-28 11:45:00,-2.0,-2.5547571835182863
2026-06-28 12:00:00,-0.23,-1.5285765938709588
2026-06-28 12:15:00,-0.03,-0.37622711499602096
2026-06-28 12:30:00,-0.01,-0.06758641391035351
2026-06-28 12:45:00,0.0,0.39280675419513905
2026-06-28 13:15:00,0.01,2.2368674099461883
2026-06-28 13:30:00,0.99,3.5014267911600974
2026-06-28 13:45:00,5.48,4.820079388118252
2026-06-28 14:00:00,0.45,26.55775751842107
2026-06-28 14:15:00,8.43,13.943025216332817
2026-06-28 14:30:00,26.19,18.724192555835813
2026-06-28 14:45:00,64.24,51.15444871057453
2026-06-28 15:00:00,27.73,56.71115829026465
2026-06-28 15:15:00,73.17,68.15870023091587
2026-06-28 15:30:00,101.65,89.38212818946724
2026-06-28 15:45:00,123.28,100.0123322780923
2026-06-28 16:00:00,105.26,102.18142851705859
2026-06-28 16:15:00,110.95,99.70258847375177
2026-06-28 16:30:00,113.29,123.11186562886515
2026-06-28 16:45:00,124.81,125.04000539587231
2026-06-28 17:00:00,107.59,131.10611461494446
2026-06-28 17:15:00,129.1,122.03484227590785
2026-06-28 17:30:00,128.56,140.20682863377286
2026-06-28 17:45:00,142.86,137.49690419509287
2026-06-28 18:00:00,133.9,144.56065521434826
2026-06-28 18:15:00,149.94,159.9714062795433
2026-06-28 18:30:00,153.37,155.24823979953814
2026-06-28 18:45:00,154.19,161.11422880662073
2026-06-28 19:00:00,158.72,160.5833818477294
2026-06-28 19:15:00,156.9,167.14832765807216
2026-06-28 19:30:00,153.68,176.09303170566793
2026-06-28 19:45:00,163.4,155.0453436511543
2026-06-28 20:00:00,159.36,164.8065095448604
2026-06-28 20:15:00,159.22,159.02319303405957
2026-06-28 20:30:00,153.31,159.06653560024404
2026-06-28 20:45:00,149.76,150.0356337329863
2026-06-28 21:00:00,150.62,148.3765093964688
2026-06-28 21:15:00,143.43,148.26975791813902
2026-06-28 21:30:00,141.54,139.80788707765421
2026-06-28 21:45:00,134.97,137.9856735224136
2026-06-28 22:00:00,132.75,137.0932806068374
2026-06-28 22:15:00,125.89,132.1074216592269
2026-06-28 22:30:00,119.83,129.1239170212156
2026-06-28 22:45:00,114.0,129.68506618925872
2026-06-28 23:00:00,115.99,124.8033463110363
2026-06-28 23:15:00,113.24,120.134516323217
2026-06-28 23:30:00,114.0,118.62594998137062
2026-06-28 23:45:00,111.43,119.8531137565921
2026-06-29 00:00:00,115.5,116.47967432866288
2026-06-29 00:15:00,114.0,119.534975225382
2026-06-29 00:30:00,111.97,118.25479320501273
2026-06-29 00:45:00,110.4,115.84315354289356
2026-06-29 01:00:00,110.0,115.49291913415708
2026-06-29 01:15:00,109.59,115.72482362313029
2026-06-29 01:30:00,109.45,115.55388164230114
2026-06-29 01:45:00,109.15,115.17476915378465
2026-06-29 02:00:00,110.53,114.88672019296489
2026-06-29 02:15:00,110.56,115.51805457152646
2026-06-29 02:30:00,114.54,115.63736062607272
2026-06-29 02:45:00,118.76,117.89254672073064
2026-06-29 03:00:00,117.13,120.47597175199543
2026-06-29 03:15:00,123.41,119.19446594621493
2026-06-29 03:30:00,128.34,122.99890140848768
2026-06-29 03:45:00,132.83,128.1139679640554
2026-06-29 04:00:00,148.0,133.8902550283201
2026-06-29 04:15:00,153.21,147.04794723259414
2026-06-29 04:30:00,147.88,150.8207225219731
2026-06-29 04:45:00,146.67,146.7065240018759
2026-06-29 05:00:00,162.4,141.4540331133359
2026-06-29 05:15:00,154.43,156.35996264425185
2026-06-29 05:30:00,156.17,149.91200549597073
2026-06-29 05:45:00,143.61,152.83797082055412
2026-06-29 06:00:00,160.31,141.25928336751016
2026-06-29 06:15:00,150.26,147.72194772700598
2026-06-29 06:30:00,139.6,142.46633458605433
2026-06-29 06:45:00,122.0,131.60920133460482
2026-06-29 07:00:00,132.0,134.4063492710885
2026-06-29 07:15:00,124.7,121.11675598920807
2026-06-29 07:30:00,117.06,116.91950079689663
2026-06-29 07:45:00,110.03,115.56450475586593
2026-06-29 08:00:00,117.05,118.08775687636788
2026-06-29 08:15:00,108.98,120.0374498725025
2026-06-29 08:30:00,104.21,113.52285553311707
2026-06-29 08:45:00,97.46,102.46299847682717
2026-06-29 09:00:00,108.63,94.47680070442699
2026-06-29 09:15:00,99.86,113.19260919115872
2026-06-29 09:30:00,97.45,97.00971640488893
2026-06-29 09:45:00,90.46,94.65953893637722
2026-06-29 10:00:00,93.0,93.02486140505209
2026-06-29 10:15:00,92.22,96.3127606881473
2026-06-29 10:30:00,90.0,95.99233193832188
2026-06-29 10:45:00,82.81,92.7124629729748
2026-06-29 11:00:00,89.0,86.4529187332252
2026-06-29 11:15:00,82.77,93.47648170054758
2026-06-29 11:30:00,79.08,86.98462656562238
2026-06-29 11:45:00,77.26,83.35324545469469
2026-06-29 12:00:00,81.0,84.46847871784125
2026-06-29 12:15:00,84.99,87.08874472070994
2026-06-29 12:30:00,88.0,89.48874394256895
2026-06-29 12:45:00,91.55,93.08397648393627
2026-06-29 13:00:00,88.8,97.54644693570167
2026-06-29 13:15:00,92.6,96.28430732155991
2026-06-29 13:30:00,98.88,98.45519494330381
2026-06-29 13:45:00,106.96,98.69619391303597
2026-06-29 14:00:00,93.5,118.1050906476538
2026-06-29 14:15:00,102.35,98.83924232225763
2026-06-29 14:30:00,105.59,105.91800979502914
2026-06-29 14:45:00,112.91,115.25792618959647
2026-06-29 15:00:00,89.9,121.34919857576463
2026-06-29 15:15:00,106.6,97.50999246887719
2026-06-29 15:30:00,123.59,116.6457796682862
2026-06-29 15:45:00,137.6,129.32417402781388
2026-06-29 16:00:00,100.38,113.76493295089024
2026-06-29 16:15:00,123.24,101.9038261115036
2026-06-29 16:30:00,148.06,128.3873810839248
2026-06-29 16:45:00,185.82,150.1967576649477
2026-06-29 17:00:00,147.1,158.3406334610844
2026-06-29 17:15:00,175.85,148.564325737831
2026-06-29 17:30:00,206.74,175.19366017167766
2026-06-29 17:45:00,285.25,223.8914879721281
2026-06-29 18:00:00,217.0,246.23042277894612
2026-06-29 18:15:00,295.39,226.89609091268076
2026-06-29 18:30:00,368.79,272.2977461505493
2026-06-29 18:45:00,420.0,353.93500000000023
2026-06-29 19:00:00,364.28,350.1272333333333
2026-06-29 19:15:00,357.51,346.07249619047616
2026-06-29 19:30:00,365.82,334.8383466666664
2026-06-29 19:45:00,317.46,344.70771999999965
2026-06-29 20:00:00,324.28,277.0262935327009
2026-06-29 20:15:00,291.29,320.412626797178
2026-06-29 20:30:00,209.2,262.7087381270717
2026-06-29 20:45:00,170.85,199.5775899451435
2026-06-29 21:00:00,218.94,171.81772710129752
2026-06-29 21:15:00,175.04,204.3873601894544
2026-06-29 21:30:00,166.44,158.9450767549902
2026-06-29 21:45:00,165.72,153.19612228197494
2026-06-29 22:00:00,197.61,153.94122676693402
2026-06-29 22:15:00,178.15,177.6190621519929
2026-06-29 22:30:00,174.79,173.17008428088982
2026-06-29 22:45:00,171.77,157.78996631750263
2026-06-29 23:00:00,171.57,154.81134729530848
2026-06-29 23:15:00,162.81,153.89444008504503
2026-06-29 23:30:00,150.72,151.91839577127558
2026-06-29 23:45:00,146.68,145.99953075168008
2026-06-30 00:00:00,153.11,140.85314185145373
2026-06-30 00:15:00,150.06,146.5669746326033
2026-06-30 00:30:00,150.92,145.41756824962792
2026-06-30 00:45:00,150.07,145.35947329641013
2026-06-30 01:00:00,158.73,145.72052197702192
2026-06-30 01:15:00,152.24,150.6752737222142
2026-06-30 01:30:00,150.07,146.33866082298914
2026-06-30 01:45:00,149.1,145.7062702676202
2026-06-30 02:00:00,155.79,146.1795826938726
2026-06-30 02:15:00,150.19,151.98258597498443
2026-06-30 02:30:00,151.8,145.6688777431815
2026-06-30 02:45:00,153.79,145.61305198236994
2026-06-30 03:00:00,153.13,147.84094845285034
2026-06-30 03:15:00,163.81,148.38538338780205
2026-06-30 03:30:00,166.66,153.5795412242119
2026-06-30 03:45:00,180.27,154.34178523519952
2026-06-30 04:00:00,183.35,179.51278106194195
2026-06-30 04:15:00,198.98,178.77641797311813
2026-06-30 04:30:00,197.94,185.1947340843677
2026-06-30 04:45:00,203.3,183.38849856930344
2026-06-30 05:00:00,219.9,188.40039398448206
2026-06-30 05:15:00,201.17,213.93140999240106
2026-06-30 05:30:00,190.84,191.56443215210587
2026-06-30 05:45:00,168.88,176.40182769299855
2026-06-30 06:00:00,206.66,168.17358235030997
2026-06-30 06:15:00,174.11,200.15433746756733
2026-06-30 06:30:00,144.99,162.31265052665174
2026-06-30 06:45:00,118.72,139.15850298128746
2026-06-30 07:00:00,163.5,164.42416318390323
2026-06-30 07:15:00,124.17,152.67571144619345
2026-06-30 07:30:00,111.01,123.23781286267452
2026-06-30 07:45:00,105.1,113.49898078502049
2026-06-30 08:00:00,118.38,128.53020428353196
2026-06-30 08:15:00,109.58,116.82901682434414
2026-06-30 08:30:00,107.71,115.59830504597548
2026-06-30 08:45:00,100.0,113.18395768015439
2026-06-30 09:00:00,110.69,101.94465133693375
2026-06-30 09:15:00,104.85,116.29306806881301
2026-06-30 09:30:00,98.49,108.42903591361615
2026-06-30 09:45:00,91.35,95.18894429051703
2026-06-30 10:00:00,99.71,91.45519641489066
2026-06-30 10:15:00,98.86,97.52729963152198
2026-06-30 10:30:00,99.28,95.87425729239685
2026-06-30 10:45:00,97.16,96.55621975478356
2026-06-30 11:00:00,96.82,92.93159113502897
2026-06-30 11:15:00,100.3,93.89563746235217
2026-06-30 11:30:00,100.49,98.03366804432201
2026-06-30 11:45:00,103.13,98.01240924545236
2026-06-30 12:00:00,97.14,102.7725889730425
2026-06-30 12:15:00,101.87,95.66408576446453
2026-06-30 12:30:00,107.82,104.59665112438998
2026-06-30 12:45:00,115.61,119.59688466947067
2026-06-30 13:00:00,108.46,122.48521862107582
2026-06-30 13:15:00,115.22,120.37891262192156
2026-06-30 13:30:00,119.4,123.08081436825063
2026-06-30 13:45:00,117.32,125.67159509462813
2026-06-30 14:00:00,115.24,125.15358765078689
2026-06-30 14:15:00,120.42,123.3102835139689
2026-06-30 14:30:00,126.33,127.08838448413388
2026-06-30 14:45:00,144.68,130.02113983101205
2026-06-30 15:00:00,129.65,147.23605603278332
2026-06-30 15:15:00,129.6,133.44209990213304
2026-06-30 15:30:00,180.3,133.64508971787322
2026-06-30 15:45:00,262.81,207.88473503527715
2026-06-30 16:00:00,167.03,218.93964223172534
2026-06-30 16:15:00,194.06,136.61767911377865
2026-06-30 16:30:00,288.72,196.80230601543133
2026-06-30 16:45:00,415.65,273.03145340518927
2026-06-30 17:00:00,394.21,337.43976666666657
2026-06-30 17:15:00,488.33,338.2622133333331
2026-06-30 17:30:00,515.51,352.6194333333331
2026-06-30 17:45:00,557.01,378.67418333333364
2026-06-30 18:00:00,508.23,349.0542333333329
2026-06-30 18:15:00,533.92,388.66626666666724
2026-06-30 18:30:00,582.11,403.3434000000005
2026-06-30 18:45:00,589.78,403.0128666666672
2026-06-30 19:00:00,503.89,403.9993666666673
2026-06-30 19:15:00,463.04,400.8295000000007
2026-06-30 19:30:00,421.32,402.0169333333339
2026-06-30 19:45:00,323.34,397.0674000000006
2026-06-30 20:00:00,374.66,358.3373703877753
2026-06-30 20:15:00,300.94,383.35636666666704
2026-06-30 20:30:00,258.56,280.478136839769
2026-06-30 20:45:00,256.47,250.25444757864994
2026-06-30 21:00:00,220.23,256.0827834644723
2026-06-30 21:15:00,215.02,196.94591470975774
2026-06-30 21:30:00,199.14,196.491776799132
2026-06-30 21:45:00,180.26,177.0326456958247
2026-06-30 22:00:00,179.65,188.55856575381537
2026-06-30 22:15:00,163.42,177.31606924515978
2026-06-30 22:30:00,156.23,166.45861364244146
2026-06-30 22:45:00,147.3,160.20636983882875
2026-06-30 23:00:00,160.45,150.0081259925007
2026-06-30 23:15:00,152.0,160.0439492900777
2026-06-30 23:30:00,144.38,150.28030189701926
2026-06-30 23:45:00,141.13,140.93374597069086
2026-07-01 00:00:00,143.66,142.19585784481194
2026-07-01 00:15:00,144.59,141.18396083793377
2026-07-01 00:30:00,145.69,141.29894913956824
2026-07-01 00:45:00,142.19,141.58078418328424
2026-07-01 01:00:00,147.43,141.84387364947082
2026-07-01 01:15:00,148.08,142.4783164896369
2026-07-01 01:30:00,145.53,146.22986989150326
2026-07-01 01:45:00,140.76,140.95607472555267
2026-07-01 02:00:00,146.26,140.45238006367373
2026-07-01 02:15:00,149.37,141.2537147477869
2026-07-01 02:30:00,149.34,150.80656254783304
2026-07-01 02:45:00,151.91,150.82441671407747
2026-07-01 03:00:00,150.42,150.5880903589406
2026-07-01 03:15:00,152.55,153.95982310239202
2026-07-01 03:30:00,157.65,158.3663390357525
2026-07-01 03:45:00,161.82,159.54870336408598
2026-07-01 04:00:00,183.57,163.21601867440435
2026-07-01 04:15:00,189.0,195.32557655599348
2026-07-01 04:30:00,189.59,198.89250196017647
2026-07-01 05:00:00,201.43,200.4788764128323
2026-07-01 05:15:00,200.52,201.95158997083274
2026-07-01 05:30:00,192.84,200.55598255638878
2026-07-01 05:45:00,195.91,195.20901138361594
2026-07-01 06:00:00,195.32,183.13240040390264
2026-07-01 06:15:00,189.74,204.29717711088367
2026-07-01 06:30:00,166.48,186.6996419924918
2026-07-01 06:45:00,145.18,140.28577237498027
2026-07-01 07:00:00,176.81,167.92018465571934
2026-07-01 07:15:00,151.62,167.46586181629323
2026-07-01 07:30:00,130.57,138.04072082218153
2026-07-01 07:45:00,119.51,119.25756384732703
2026-07-01 08:00:00,139.39,142.58921123883107
2026-07-01 08:15:00,123.0,135.87288708045864
2026-07-01 08:30:00,120.64,120.44778551331056
2026-07-01 08:45:00,111.01,117.80520936405786
2026-07-01 09:00:00,125.88,120.37113467085105
2026-07-01 09:15:00,116.05,123.04465995979706
2026-07-01 09:30:00,113.64,120.28773066119915
2026-07-01 09:45:00,109.77,119.859972884104
2026-07-01 10:00:00,117.52,119.97278758598996
2026-07-01 10:15:00,111.02,121.01927788291803
2026-07-01 10:30:00,114.85,116.61343678556577
2026-07-01 10:45:00,106.43,121.34122755493857
2026-07-01 11:00:00,113.94,114.2041669987469
2026-07-01 11:15:00,102.77,121.45850255417892
2026-07-01 11:30:00,97.26,110.19968977817871
2026-07-01 11:45:00,95.05,100.08814672182704
2026-07-01 12:00:00,98.43,98.54163039504773
2026-07-01 12:15:00,96.58,103.27690777290863
2026-07-01 12:30:00,95.83,97.54609769769253
2026-07-01 12:45:00,94.44,99.70651180446636
2026-07-01 13:00:00,91.54,102.22392881559321
2026-07-01 13:15:00,90.79,103.78987754968837
2026-07-01 13:30:00,91.16,103.7416652685464
2026-07-01 13:45:00,93.8,104.18753237331475
2026-07-01 14:00:00,85.44,105.85830293234862
2026-07-01 14:15:00,85.67,90.5662687770053
2026-07-01 14:30:00,95.12,90.66813309698865
2026-07-01 14:45:00,104.25,103.52751863938528
2026-07-01 15:00:00,92.89,118.67574263220362
2026-07-01 15:15:00,105.06,105.99377514606753
2026-07-01 15:30:00,106.38,123.14938760176902
2026-07-01 15:45:00,111.57,135.96196408000608
2026-07-01 16:00:00,104.93,135.678784663155
2026-07-01 16:15:00,108.62,132.11880054272888
2026-07-01 16:30:00,131.52,137.81539814499646
2026-07-01 16:45:00,139.93,157.34220737274643
2026-07-01 17:00:00,123.41,160.7703349680176
2026-07-01 17:15:00,151.49,142.96097715447573
2026-07-01 17:30:00,183.62,162.75363512102254
2026-07-01 17:45:00,209.68,209.77618353425427
2026-07-01 18:00:00,179.59,201.3949307730314
2026-07-01 18:15:00,211.22,205.0425165382681
2026-07-01 18:30:00,239.71,213.4881280584909
2026-07-01 18:45:00,280.4,239.8454130185073
2026-07-01 19:00:00,247.8,318.72378494215053
2026-07-01 19:15:00,253.6,280.02378470209464
2026-07-01 19:30:00,252.89,294.2464498657459
2026-07-01 19:45:00,222.03,280.2007409948307
2026-07-01 20:00:00,238.79,222.52120040281088
2026-07-01 20:15:00,204.14,235.68755739974668
2026-07-01 20:30:00,182.4,194.5824225170674
2026-07-01 20:45:00,170.19,187.29278136558324
2026-07-01 21:00:00,183.23,171.40059986430418
2026-07-01 21:15:00,168.37,185.28044702530232
2026-07-01 21:30:00,145.71,162.61581118613475
2026-07-01 21:45:00,132.32,146.0248899950167
2026-07-01 22:00:00,163.17,142.3509514587567
2026-07-01 22:15:00,159.44,163.6145181255289
2026-07-01 22:30:00,160.4,160.0887871059284
2026-07-01 22:45:00,150.2,159.3539686649621
2026-07-01 23:00:00,163.46,146.2337401773182
2026-07-01 23:15:00,142.94,162.04128878905397
2026-07-01 23:30:00,131.72,142.54217933065436
2026-07-01 23:45:00,130.22,134.2707958458812
2026-07-02 00:00:00,140.0,139.32025289296496
2026-07-02 00:15:00,133.66,137.72973456899183
2026-07-02 00:30:00,133.22,135.07984328299483
2026-07-02 00:45:00,126.4,135.02110024760472
2026-07-02 01:00:00,122.24,132.27966143602077
2026-07-02 01:15:00,119.64,128.69291436038392
2026-07-02 01:30:00,115.92,125.1425051590431
2026-07-02 01:45:00,109.16,122.45491585429693
2026-07-02 02:00:00,109.95,124.4769989915635
2026-07-02 02:15:00,112.07,120.54184036395185
2026-07-02 02:30:00,106.82,120.58220221503456
2026-07-02 02:45:00,106.41,118.84481940842952
2026-07-02 03:00:00,110.15,118.10899018439426
2026-07-02 03:15:00,110.49,118.7803569278417
2026-07-02 03:30:00,109.16,120.24837096093322
2026-07-02 03:45:00,111.61,121.08060256099283
2026-07-02 04:00:00,125.28,120.4138674832394
2026-07-02 04:15:00,119.52,126.54623234088707
2026-07-02 04:30:00,113.27,121.12660340096993
2026-07-02 04:45:00,107.08,120.64890646959786
2026-07-02 05:00:00,127.39,131.48478655467355
2026-07-02 05:15:00,116.85,125.65441251954908
2026-07-02 05:30:00,106.29,117.0760055785343
2026-07-02 05:45:00,90.98,121.67794186495145
2026-07-02 06:00:00,116.0,106.591109825057
2026-07-02 06:15:00,100.96,117.87544183287963
2026-07-02 06:30:00,86.32,102.69554168027646
2026-07-02 06:45:00,41.47,89.08934260013598
2026-07-02 07:00:00,80.53,67.14523216907898
2026-07-02 07:15:00,61.11,80.62267988544349
2026-07-02 07:30:00,23.94,50.952321972434284
2026-07-02 07:45:00,0.52,31.32385262261171
2026-07-02 08:00:00,17.3,5.73817265905754
2026-07-02 08:15:00,4.9,18.92787724723942
2026-07-02 08:30:00,0.64,5.1310020575542366
2026-07-02 08:45:00,1.04,1.8811137839225118
2026-07-02 09:00:00,2.06,2.5272185526644773
2026-07-02 09:15:00,4.48,3.1053801450534806
2026-07-02 09:30:00,8.48,5.467690376457186
2026-07-02 09:45:00,9.67,9.899156542030509
2026-07-02 10:00:00,2.93,11.75607348916895
2026-07-02 10:15:00,7.63,3.662934946002086
2026-07-02 10:30:00,7.71,7.115481175008967
2026-07-02 10:45:00,6.8,7.273315856017105
2026-07-02 11:00:00,7.08,9.295835344465418
2026-07-02 11:15:00,7.31,8.803848002564632
2026-07-02 11:30:00,5.41,9.067443648370096
2026-07-02 11:45:00,5.4,6.5884287915531505
2026-07-02 12:00:00,2.09,7.1312965261489305
2026-07-02 12:15:00,2.04,3.686625561745358
2026-07-02 12:30:00,2.55,3.691532109973097
2026-07-02 12:45:00,2.24,4.969491300978444
2026-07-02 13:00:00,-0.01,5.785668283408128
2026-07-02 13:15:00,-0.57,1.7345012299577194
2026-07-02 13:30:00,-0.34,0.6686056204321837
2026-07-02 13:45:00,0.0,0.6837952037808522
2026-07-02 14:00:00,0.16,4.944884910527798
2026-07-02 14:15:00,0.44,6.91191862648627
2026-07-02 14:30:00,1.64,14.35524085651751
2026-07-02 14:45:00,1.71,26.290859472401422
2026-07-02 15:00:00,2.65,32.32357217149249
2026-07-02 15:15:00,1.53,33.21399315007917
2026-07-02 15:30:00,2.93,34.64949713996634
2026-07-02 15:45:00,12.9,38.85487899507516
2026-07-02 16:00:00,16.92,53.28457031505529
2026-07-02 16:15:00,27.95,51.991885814161925
2026-07-02 16:30:00,68.53,72.45893188185907
2026-07-02 16:45:00,88.94,73.16525969680539
2026-07-02 17:00:00,67.22,87.00051858038044
2026-07-02 17:15:00,88.59,61.515865885542915
2026-07-02 17:30:00,96.22,89.53122544617091
2026-07-02 17:45:00,114.81,99.1980030787459
2026-07-02 18:00:00,93.51,111.39416039340485
2026-07-02 18:15:00,109.0,99.04270358021358
2026-07-02 18:30:00,127.29,119.91377706612535
2026-07-02 18:45:00,142.61,138.45001734098457
2026-07-02 19:00:00,114.08,135.42788032289653
2026-07-02 19:15:00,121.49,113.50067105861926
2026-07-02 19:30:00,139.99,126.46763671784373
2026-07-02 19:45:00,146.73,141.84766143736664
2026-07-02 20:00:00,144.8,146.13345695626134
2026-07-02 20:15:00,144.54,143.73306012449805
2026-07-02 20:30:00,147.9,143.74009045450686
2026-07-02 20:45:00,129.4,145.2652130530744
2026-07-02 21:00:00,141.23,130.4869177732152
2026-07-02 21:15:00,124.65,139.1654388966896
2026-07-02 21:30:00,135.18,129.9639373764806
2026-07-02 21:45:00,126.73,132.7195076469569
2026-07-02 22:00:00,144.7,130.4523838070707
2026-07-02 22:15:00,127.28,141.43951568192557
2026-07-02 22:30:00,107.1,128.77441465706244
2026-07-02 22:45:00,100.1,117.97965180697516
2026-07-02 23:00:00,133.5,130.54241685097327
2026-07-02 23:15:00,117.28,134.86824935976998
2026-07-02 23:30:00,100.39,119.30617676272377
2026-07-02 23:45:00,94.97,101.34201677210699
2026-07-03 00:00:00,103.3,112.70308771668769
2026-07-03 00:15:00,109.35,106.12442642882833
2026-07-03 00:30:00,107.8,113.0732072021406
2026-07-03 00:45:00,105.23,112.96871738396277
2026-07-03 01:00:00,104.71,111.34705172011842
2026-07-03 01:15:00,101.97,107.18405299464843
2026-07-03 01:30:00,98.24,103.54698178630943
2026-07-03 01:45:00,93.07,101.33873344012228
2026-07-03 02:00:00,101.98,97.95119859207743
2026-07-03 02:15:00,98.84,103.88651953347272
2026-07-03 02:30:00,93.95,100.73369952559506
2026-07-03 02:45:00,95.88,98.85071678912362
2026-07-03 03:00:00,94.77,100.67285711744726
2026-07-03 03:15:00,94.42,100.398775815699
2026-07-03 03:30:00,96.8,100.59332163445418
2026-07-03 03:45:00,99.95,100.38290457446556
2026-07-03 04:00:00,109.74,100.82567791692443
2026-07-03 04:15:00,113.8,111.30200550093606
2026-07-03 04:30:00,111.7,115.6493717050441
2026-07-03 04:45:00,109.79,113.18380030829641
2026-07-03 05:00:00,131.26,111.6977698258921
2026-07-03 05:15:00,117.4,129.2560687159169
2026-07-03 05:30:00,106.64,113.7860923013807
2026-07-03 05:45:00,88.02,108.02712111299904
2026-07-03 06:00:00,191.09,101.8031808281168
2026-07-03 06:15:00,103.41,167.48202830485744
2026-07-03 06:30:00,76.82,100.23722112938366
2026-07-03 06:45:00,52.88,75.4540606005422
2026-07-03 07:00:00,72.32,87.98610759139004
2026-07-03 07:15:00,49.95,72.20658794840035
2026-07-03 07:30:00,18.52,38.161228166950565
2026-07-03 07:45:00,0.49,12.403584469217895
2026-07-03 08:00:00,0.55,2.0370594560437105
2026-07-03 08:15:00,0.39,1.0683622360653444
2026-07-03 08:30:00,0.36,0.3748891319613911
2026-07-03 08:45:00,0.0,0.3807144234937602
2026-07-03 09:00:00,-0.01,0.2711946802120451
2026-07-03 09:15:00,-0.42,-0.18832753275361655
2026-07-03 09:30:00,-0.55,-0.7266747690368699
2026-07-03 09:45:00,-1.14,-0.7582502667430016
2026-07-03 10:00:00,-1.28,-2.1951473494851257
2026-07-03 10:15:00,-1.47,-1.8403905631284636
2026-07-03 10:30:00,-1.44,-1.8068579790833836
2026-07-03 10:45:00,-1.57,-1.7713110955333586
2026-07-03 11:00:00,-2.05,-1.5469774496358937
2026-07-03 11:15:00,-2.41,-2.3641945362520236
2026-07-03 11:30:00,-3.0,-2.865887058253045
2026-07-03 11:45:00,-4.0,-3.8148628237223305
2026-07-03 12:00:00,-3.74,-4.192642392024778
2026-07-03 12:15:00,-3.96,-4.1582223298015855
2026-07-03 12:30:00,-3.66,-4.055858249570243
2026-07-03 12:45:00,-4.03,-3.9471897939850327
2026-07-03 13:00:00,-3.5,-3.0014306604622734
2026-07-03 13:15:00,-3.55,-2.7454297681371718
2026-07-03 13:30:00,-1.44,-2.9974427732179563
2026-07-03 13:45:00,-2.44,-1.1275602894487036
2026-07-03 14:00:00,-0.81,-1.8575503313841644
2026-07-03 14:15:00,-1.47,0.05171506656715808
2026-07-03 14:30:00,-0.01,-0.9886400591435661
2026-07-03 14:45:00,0.73,0.659503547241785
2026-07-03 15:00:00,0.76,10.771078538781458
2026-07-03 15:15:00,2.7,11.86970730210921
2026-07-03 15:30:00,6.4,22.197776782606656
2026-07-03 15:45:00,9.9,32.29292740819084
2026-07-03 16:00:00,2.45,38.731433447051316
2026-07-03 16:15:00,23.42,23.89652634181501
2026-07-03 16:30:00,70.1,64.65425904906198
2026-07-03 16:45:00,92.05,71.89123970882086
2026-07-03 17:00:00,77.0,96.16433526407926
2026-07-03 17:15:00,107.4,90.38194616616751
2026-07-03 17:30:00,122.31,90.61336974886893
2026-07-03 17:45:00,130.27,117.71213626138469
2026-07-03 18:00:00,112.15,105.05397225122802
2026-07-03 18:15:00,119.91,116.26660075595542
2026-07-03 18:30:00,128.93,121.32436398434332
2026-07-03 18:45:00,152.5,133.19454609685565
2026-07-03 19:00:00,127.55,147.0936852174437
2026-07-03 19:15:00,135.44,127.74665907421591
2026-07-03 19:30:00,139.35,134.8913123399891
2026-07-03 19:45:00,142.2,138.53407025911963
2026-07-03 20:00:00,143.4,142.15180146799105
2026-07-03 20:15:00,139.43,142.62893069187746
2026-07-03 20:30:00,136.28,136.1952423291043
2026-07-03 20:45:00,131.27,132.0154741754059
2026-07-03 21:00:00,133.44,129.97836137156867
2026-07-03 21:15:00,129.36,130.92070880038992
2026-07-03 21:30:00,128.32,126.9692337422921
2026-07-03 21:45:00,120.47,125.9628559871032
2026-07-03 22:00:00,142.5,123.77742686154008
2026-07-03 22:15:00,129.61,139.62096804218447
2026-07-03 22:30:00,123.98,125.8310047958888
2026-07-03 22:45:00,114.97,121.1793796651561
2026-07-03 23:00:00,129.58,133.4220439660443
2026-07-03 23:15:00,119.75,125.98150615678688
2026-07-03 23:30:00,116.5,118.93308061231996
2026-07-03 23:45:00,114.87,116.41040949672919
2026-07-04 00:00:00,115.85,117.8388695008505
2026-07-04 00:15:00,114.32,116.24988427040199
2026-07-04 00:30:00,114.29,116.14203439268042
2026-07-04 00:45:00,112.71,116.0793906710317
2026-07-04 01:00:00,114.37,112.70098213995392
2026-07-04 01:15:00,111.77,116.1105804788803
2026-07-04 01:30:00,107.4,109.8876222950676
2026-07-04 01:45:00,104.99,108.33602610384382
2026-07-04 02:00:00,102.42,106.5575711116432
2026-07-04 02:15:00,104.07,102.02294073749202
2026-07-04 02:30:00,101.01,102.99219136298265
2026-07-04 02:45:00,101.71,101.03678514554174
2026-07-04 03:00:00,101.0,101.06620334031773
2026-07-04 03:15:00,101.68,100.6098485241879
2026-07-04 03:30:00,97.01,102.12184497443394
2026-07-04 03:45:00,90.97,99.74971593467912
2026-07-04 04:00:00,102.45,94.93793618322252
2026-07-04 04:15:00,98.0,102.96279846167354
2026-07-04 04:30:00,87.73,100.95869466423957
2026-07-04 04:45:00,73.02,89.86508830958996
2026-07-04 05:00:00,98.03,80.88211875651416
2026-07-04 05:15:00,77.62,100.77325147076168
2026-07-04 05:30:00,58.72,79.63178755826806
2026-07-04 05:45:00,44.76,44.71489595745608
2026-07-04 06:00:00,61.82,68.17250433194971
2026-07-04 06:15:00,32.53,43.1361685093578
2026-07-04 06:30:00,13.89,27.2066474568314
2026-07-04 06:45:00,4.48,12.079855958158877
2026-07-04 07:00:00,3.6,4.500792774311898
2026-07-04 07:15:00,0.05,3.685089197494303
2026-07-04 07:30:00,0.0,0.34925764722501207
2026-07-04 08:30:00,-0.01,0.27324404121604684
2026-07-04 08:45:00,-0.04,-0.18656078482220675
2026-07-04 09:00:00,-0.11,-0.5149591769154878
2026-07-04 09:15:00,-0.12,-0.6132072435387537
2026-07-04 09:30:00,-0.93,-0.5981818691649561
2026-07-04 09:45:00,-1.79,-1.8530963611236413
2026-07-04 10:00:00,-1.51,-1.7922585870078687
2026-07-04 10:15:00,-2.16,-1.7463830745851041
2026-07-04 10:30:00,-3.15,-3.0822373562932013
2026-07-04 10:45:00,-4.59,-4.002106262075479
2026-07-04 11:00:00,-5.91,-5.698836753563871
2026-07-04 11:15:00,-7.3,-6.267020575343328
2026-07-04 11:30:00,-8.0,-7.002577497214534
2026-07-04 11:45:00,-9.23,-8.669140832998531
2026-07-04 12:00:00,-10.95,-6.884055123433063
2026-07-04 12:15:00,-10.02,-9.028876456245882
2026-07-04 12:30:00,-9.26,-8.67927345498788
2026-07-04 12:45:00,-8.0,-7.277872736827144
2026-07-04 13:00:00,-5.57,-4.645839508303523
2026-07-04 13:15:00,-4.64,-2.5211367083930996
2026-07-04 13:30:00,-3.43,-2.405887135495644
2026-07-04 13:45:00,-2.23,-2.145233239452277
2026-07-04 14:00:00,-0.94,-1.7248879706938332
2026-07-04 14:15:00,-0.13,-0.8233044460089577
2026-07-04 14:30:00,-0.11,0.20542442188957583
2026-07-04 14:45:00,-0.01,0.23924147865711784
2026-07-04 15:00:00,0.0,3.4871850330069005
2026-07-04 15:15:00,0.22,5.933047280969046
2026-07-04 15:30:00,1.16,8.27939398846865
2026-07-04 15:45:00,16.64,16.196495763693346
2026-07-04 16:00:00,10.68,41.981273233458225
2026-07-04 16:15:00,44.26,38.56118999422192
2026-07-04 16:30:00,67.21,55.99312079305946
2026-07-04 16:45:00,85.9,66.49534954029677
2026-07-04 17:00:00,77.37,68.64444138861981
2026-07-04 17:15:00,93.38,90.18246276410896
2026-07-04 17:30:00,115.03,102.49541364593522
2026-07-04 17:45:00,123.98,123.65062723298863
2026-07-04 18:00:00,110.61,108.72756286445825
2026-07-04 18:15:00,117.41,117.36083816942482
2026-07-04 18:30:00,125.54,116.75904317587437
2026-07-04 18:45:00,137.38,124.28240752729556
2026-07-04 19:00:00,127.97,128.92188087179298
2026-07-04 19:15:00,129.86,129.55646672234212
2026-07-04 19:30:00,133.49,129.80344577847353
2026-07-04 19:45:00,131.17,132.36453714465085
2026-07-04 20:00:00,138.25,130.16606333850638
2026-07-04 20:15:00,129.41,135.2102557184846
2026-07-04 20:30:00,129.2,127.42942793969574
2026-07-04 20:45:00,119.08,127.36369790988032
2026-07-04 21:00:00,131.41,129.5437830370088
2026-07-04 21:15:00,120.1,129.72241898473757
2026-07-04 21:30:00,117.46,118.27430667270737
2026-07-04 21:45:00,119.95,113.46105371908739
2026-07-04 22:00:00,144.91,121.56810183925549
2026-07-04 22:15:00,141.13,138.82494888476847
2026-07-04 22:30:00,125.56,135.70540740294283
2026-07-04 22:45:00,114.04,125.66614992975526
2026-07-04 23:00:00,138.9,132.17569391500248
2026-07-04 23:15:00,117.21,134.3906873561646
2026-07-04 23:30:00,110.85,118.16655594922217
2026-07-04 23:45:00,101.63,115.15633181206918
2026-07-05 00:00:00,116.86,121.61852249809917
2026-07-05 00:15:00,124.32,117.00844337848716
2026-07-05 00:30:00,115.54,122.74681848771479
2026-07-05 00:45:00,103.33,116.47404040771217
2026-07-05 01:00:00,114.55,106.50279060060384
2026-07-05 01:15:00,108.38,116.50065369563825
2026-07-05 01:30:00,106.0,113.14184901917686
2026-07-05 01:45:00,96.67,110.58338941688096
2026-07-05 02:00:00,106.06,101.0953182644359
2026-07-05 02:15:00,101.91,110.65949876060242
2026-07-05 02:30:00,101.64,103.48693043311451
2026-07-05 02:45:00,101.73,103.73274398028
2026-07-05 03:00:00,102.52,103.8602890713609
2026-07-05 03:15:00,102.95,103.46384613774562
2026-07-05 03:30:00,98.47,103.96717194118125
2026-07-05 03:45:00,90.1,100.7668450577092
2026-07-05 04:00:00,108.91,92.7905192708034
2026-07-05 04:15:00,94.51,108.93685010926455
2026-07-05 04:30:00,80.0,96.5713325712229
2026-07-05 04:45:00,65.02,83.84011721482268
2026-07-05 05:00:00,92.73,88.80649491809903
2026-07-05 05:15:00,65.75,90.80071376565637
2026-07-05 05:30:00,40.02,57.9525428343411
2026-07-05 05:45:00,29.58,32.252894493194226
2026-07-05 06:00:00,43.58,29.092356658342464
2026-07-05 06:15:00,23.15,32.07107344234534
2026-07-05 06:30:00,10.13,24.456415527883248
2026-07-05 06:45:00,5.91,8.573098765594672
2026-07-05 07:00:00,5.99,6.278113794824507
2026-07-05 07:15:00,1.77,6.735798556543001
2026-07-05 07:30:00,0.03,1.796925443798427
2026-07-05 07:45:00,0.01,0.3907425223870896
2026-07-05 08:00:00,0.0,0.38810106816230205
2026-07-05 08:30:00,0.02,0.29257368039328907
2026-07-05 08:45:00,0.01,0.37387914978614445
2026-07-05 09:00:00,0.0,0.37123769556135694
2026-07-05 09:15:00,0.01,0.278565417598029
2026-07-05 09:30:00,0.0,0.3496250588193997
2026-07-05 09:45:00,-0.01,0.2959037024613138
2026-07-05 10:00:00,-0.08,-0.13693171835706028
2026-07-05 10:15:00,-0.09,-0.5456938511627452
2026-07-05 10:30:00,-0.11,0.30441083412495507
2026-07-05 10:45:00,-0.12,0.8443131062678113
2026-07-05 11:00:00,-0.16,0.948225211575926
2026-07-05 11:15:00,-0.21,0.9459885948720254
2026-07-05 11:30:00,-0.97,0.9699474130913535
2026-07-05 11:45:00,-1.04,-0.1850432713952107
2026-07-05 12:00:00,-1.27,0.10365327989647367
2026-07-05 12:15:00,-1.16,-0.49594299105406076
2026-07-05 12:30:00,-1.06,-1.2649287168417058
2026-07-05 12:45:00,-1.01,-1.2726819313528788
2026-07-05 13:00:00,-0.99,-0.842203090653924
2026-07-05 13:15:00,-1.02,-0.8017562898361252
2026-07-05 13:30:00,-0.98,-0.8899062665588631
2026-07-05 13:45:00,-0.97,-0.8208886272786434
2026-07-05 14:00:00,-0.06,-0.629991449907952
2026-07-05 14:30:00,-0.01,0.7269644217978193
2026-07-05 14:45:00,0.7,1.962579858178354
2026-07-05 15:00:00,0.0,13.603960539340347
2026-07-05 15:15:00,0.95,7.960045042277844
2026-07-05 15:30:00,13.07,16.01819519394021
2026-07-05 15:45:00,32.4,40.29930292593175
2026-07-05 16:00:00,33.67,58.24124994734928
2026-07-05 16:15:00,62.9,66.82546620050398
2026-07-05 16:30:00,106.62,57.298409516672265
2026-07-05 16:45:00,133.88,87.68896502126978
2026-07-05 17:00:00,83.65,100.2221382163724
2026-07-05 17:15:00,119.31,86.61481981374445
2026-07-05 17:30:00,143.51,123.51077038629495
2026-07-05 17:45:00,147.65,147.68314870181752
2026-07-05 18:00:00,126.18,120.33753496889376
2026-07-05 18:15:00,126.61,127.65107303045436
2026-07-05 18:30:00,138.41,126.60433683661005
2026-07-05 18:45:00,150.02,134.76902407119903
2026-07-05 19:00:00,130.87,143.88706999107168
2026-07-05 19:15:00,134.32,131.74243211205933
2026-07-05 19:30:00,145.04,132.7570803513244
2026-07-05 19:45:00,164.0,141.61820383214635
2026-07-05 20:00:00,148.68,155.99412226052056
2026-07-05 20:15:00,154.73,145.23831804701538
2026-07-05 20:30:00,140.1,149.65140426692824
2026-07-05 20:45:00,142.22,141.41798166546448
2026-07-05 21:00:00,135.91,138.81646278517218
2026-07-05 21:15:00,128.69,133.19874248662703
2026-07-05 21:30:00,135.15,126.88010203878095
2026-07-05 21:45:00,127.51,130.3980211329604
2026-07-05 22:00:00,151.91,125.37527155902792
2026-07-05 22:15:00,151.86,147.60516199457808
2026-07-05 22:30:00,135.8,150.9789744289853
2026-07-05 22:45:00,124.82,135.2092733315991
2026-07-05 23:00:00,131.27,135.06261462830486
2026-07-05 23:15:00,126.35,132.91534201005624
2026-07-05 23:30:00,124.1,127.21594344223342
2026-07-05 23:45:00,120.68,122.39584024127493
2026-07-06 00:00:00,125.22,121.34554469644793
2026-07-06 00:15:00,118.81,123.1281550015553
2026-07-06 00:30:00,116.79,119.10348100149473
2026-07-06 00:45:00,112.3,117.48424266326528
2026-07-06 01:00:00,113.56,115.84311981528028
2026-07-06 01:15:00,112.15,115.48204002787531
2026-07-06 01:30:00,113.61,115.43110535481445
2026-07-06 01:45:00,113.66,115.45195030876222
2026-07-06 02:00:00,111.8,115.21604950080398
2026-07-06 02:15:00,112.13,115.30079146046221
2026-07-06 02:30:00,114.19,116.01319184445039
2026-07-06 02:45:00,115.05,116.6871300501108
2026-07-06 03:00:00,114.38,116.9013518845014
2026-07-06 03:15:00,115.59,117.00335913427523
2026-07-06 03:30:00,119.43,117.04411111808787
2026-07-06 03:45:00,130.19,120.17546771907816
2026-07-06 04:00:00,128.06,129.38857008461946
2026-07-06 04:15:00,138.47,128.04553230603426
2026-07-06 04:30:00,138.73,134.24064246308293
2026-07-06 04:45:00,136.63,134.6908864207312
2026-07-06 05:00:00,155.69,128.85649607539673
2026-07-06 05:15:00,151.15,143.39152613916715
2026-07-06 05:30:00,139.15,142.58416993877975
2026-07-06 05:45:00,155.15,126.99608745828814
2026-07-06 06:00:00,164.96,145.57537194029356
2026-07-06 06:15:00,143.72,143.41238862918965
2026-07-06 06:30:00,138.85,137.6363922224955
2026-07-06 06:45:00,132.3,128.32998638581788
2026-07-06 07:00:00,135.93,133.09709540724714
2026-07-06 07:15:00,128.57,125.66613084610844
2026-07-06 07:30:00,116.36,115.06715071876606
2026-07-06 07:45:00,104.8,114.34358583492055
2026-07-06 08:00:00,136.61,107.42357686793852
2026-07-06 08:15:00,110.41,148.5627159008556
2026-07-06 08:30:00,95.18,111.99039467760059
2026-07-06 08:45:00,82.69,90.00907375080294
2026-07-06 09:00:00,106.05,104.48002955622634
2026-07-06 09:15:00,93.45,105.58207125250854
2026-07-06 09:30:00,64.8,93.99195013458822
2026-07-06 09:45:00,64.66,52.58763000403194
2026-07-06 10:00:00,66.79,74.24489026885985
2026-07-06 10:15:00,45.43,63.39403026925565
2026-07-06 10:30:00,37.11,36.65832458796056
2026-07-06 10:45:00,25.52,35.258562420562384
2026-07-06 11:00:00,39.28,28.567233687731367
2026-07-06 11:15:00,25.02,36.348853663487134
2026-07-06 11:30:00,14.16,29.212086177256168
2026-07-06 11:45:00,3.88,19.589119180560104
2026-07-06 12:00:00,19.26,5.224477038728329
2026-07-06 12:15:00,10.47,31.408708520774393
2026-07-06 12:30:00,9.48,19.554909964174364
2026-07-06 12:45:00,2.03,15.744238381972336
2026-07-06 13:00:00,4.64,6.07644668581226
2026-07-06 13:15:00,3.46,7.7528298809365195
2026-07-06 13:30:00,5.92,7.043790513560302
2026-07-06 13:45:00,12.59,11.532321850408659
2026-07-06 14:00:00,4.72,35.72806265688718
2026-07-06 14:15:00,18.2,19.175178164237813
2026-07-06 14:30:00,37.72,37.95833833588429
2026-07-06 14:45:00,56.71,43.36117429302163
2026-07-06 15:00:00,34.68,52.997458416192416
2026-07-06 15:15:00,73.73,48.544209944222935
2026-07-06 15:30:00,86.9,88.60472131532573
2026-07-06 15:45:00,102.7,83.00823117490728
2026-07-06 16:00:00,83.73,74.89853737987164
2026-07-06 16:15:00,100.01,91.83306687547739
2026-07-06 16:30:00,118.26,102.35773707555435
2026-07-06 16:45:00,123.67,128.48055990637297
2026-07-06 17:00:00,105.74,105.82589827324112
2026-07-06 17:15:00,112.81,117.93153128636247
2026-07-06 17:30:00,126.68,127.52994679780109
2026-07-06 17:45:00,136.22,133.17170411546556
2026-07-06 18:00:00,125.09,133.53012536679654
2026-07-06 18:15:00,136.27,130.47307798097518
2026-07-06 18:30:00,142.43,142.80556378176883
2026-07-06 18:45:00,156.8,152.78068951088716
2026-07-06 19:00:00,155.24,156.90846055113755
2026-07-06 19:15:00,159.98,157.09213147745814
2026-07-06 19:30:00,157.59,158.16260665645785
2026-07-06 19:45:00,147.46,157.25060134017306
2026-07-06 20:00:00,156.99,145.95536739838718
2026-07-06 20:15:00,146.82,155.22189624681587
2026-07-06 20:30:00,155.15,144.73137585314504
2026-07-06 20:45:00,146.09,154.4311990031877
2026-07-06 21:00:00,150.0,141.71664115105884
2026-07-06 21:15:00,139.27,146.30542896535113
2026-07-06 21:30:00,135.41,134.74756515960362
2026-07-06 21:45:00,131.15,131.7323205685989
2026-07-06 22:00:00,131.57,135.28968339838377
2026-07-06 22:15:00,129.42,131.52624678277158
2026-07-06 22:30:00,116.67,128.3920096524331
2026-07-06 22:45:00,111.91,122.0147731579107
2026-07-06 23:00:00,124.1,120.3721024527945
2026-07-06 23:15:00,115.15,124.39721893051443
2026-07-06 23:30:00,113.96,118.50222522235767
2026-07-06 23:45:00,110.67,116.88196028027654
2026-07-07 00:00:00,114.38,115.10403375531946
2026-07-07 00:15:00,109.99,116.79270610431634
2026-07-07 00:30:00,106.48,114.15210751863117
2026-07-07 00:45:00,110.51,109.99461806996689
2026-07-07 01:00:00,104.57,114.65155813826085
2026-07-07 01:15:00,102.21,106.16146472542697
2026-07-07 01:30:00,104.93,104.16604347161753
2026-07-07 01:45:00,106.97,109.32976532767731
2026-07-07 02:00:00,99.37,110.41058024477485
2026-07-07 02:15:00,102.09,99.50312528294799
2026-07-07 02:30:00,105.24,103.73449044580572
2026-07-07 02:45:00,106.27,109.61780290001256
2026-07-07 03:00:00,107.76,110.91462512448301
2026-07-07 03:15:00,106.35,113.18440642194966
2026-07-07 03:30:00,107.42,111.33716819229356
2026-07-07 03:45:00,112.34,112.68835994150274
2026-07-07 04:00:00,121.8,115.38953406860433
2026-07-07 04:15:00,125.14,123.80501991303534
2026-07-07 04:30:00,122.71,124.88133128454179
2026-07-07 04:45:00,121.28,124.24857281629362
2026-07-07 05:00:00,130.03,120.68949570632589
2026-07-07 05:15:00,125.36,124.35018828701796
2026-07-07 05:30:00,118.47,121.73830934809415
2026-07-07 05:45:00,116.66,117.56414975637672
2026-07-07 06:00:00,129.07,118.53534195084052
2026-07-07 06:15:00,114.45,124.01680771840128
2026-07-07 06:30:00,115.22,115.77588153735249
2026-07-07 06:45:00,112.87,115.44432489407926
2026-07-07 07:00:00,121.94,116.30953130593242
2026-07-07 07:15:00,111.22,118.84340916302322
2026-07-07 07:30:00,112.93,112.95871365743044
2026-07-07 07:45:00,78.15,114.28586670121668
2026-07-07 08:00:00,102.81,88.99741064314253
2026-07-07 08:15:00,73.47,104.30410274515995
2026-07-07 08:30:00,46.97,77.77236089384674
2026-07-07 08:45:00,7.25,39.402809371102535
2026-07-07 09:00:00,28.18,10.33964190913757
2026-07-07 09:15:00,3.82,27.074772057501143
2026-07-07 09:30:00,1.13,4.275993019089683
2026-07-07 09:45:00,1.12,1.735889491264427
2026-07-07 10:00:00,1.96,1.714004920045442
2026-07-07 10:15:00,1.35,2.460838739729786
2026-07-07 10:30:00,1.4,2.0421496374925
2026-07-07 10:45:00,-0.01,2.763040276128856
2026-07-07 11:00:00,0.0,-0.1535719182004107
2026-07-07 11:15:00,-1.03,0.27450259515384595
2026-07-07 11:30:00,-1.68,-1.671882708276007
2026-07-07 11:45:00,-2.44,-1.8432840760789884
2026-07-07 12:00:00,-2.34,-2.649328978207927
2026-07-07 12:15:00,-2.19,-2.5313812709657104
2026-07-07 12:30:00,-2.04,-2.418675248892398
2026-07-07 12:45:00,-2.02,-1.987161966983905
2026-07-07 13:00:00,-1.48,-1.2061120074933718
2026-07-07 13:15:00,-0.01,-1.2307331836850237
2026-07-07 13:30:00,2.01,0.9590422933711498
2026-07-07 13:45:00,4.84,9.358490902877513
2026-07-07 14:00:00,3.05,23.835642976478084
2026-07-07 14:15:00,5.45,23.171064577228417
2026-07-07 14:30:00,8.29,17.847767163987733
2026-07-07 14:45:00,21.1,15.780934512075355
2026-07-07 15:00:00,6.62,41.599397420229884
2026-07-07 15:15:00,16.6,36.39940129115723
2026-07-07 15:30:00,81.59,41.64893277067037
2026-07-07 15:45:00,163.08,89.09768421852037
2026-07-07 16:00:00,77.78,84.13341938017756
2026-07-07 16:15:00,110.1,93.84606759394046
2026-07-07 16:30:00,126.85,116.59436628313573
2026-07-07 16:45:00,150.72,134.41501187909063
2026-07-07 17:00:00,87.93,114.15625300118323
2026-07-07 17:15:00,110.0,93.89734434125567
2026-07-07 17:30:00,135.27,119.42602797608961
2026-07-07 17:45:00,150.48,140.16373132520766
2026-07-07 18:00:00,115.23,127.26118920491147
2026-07-07 18:15:00,125.64,114.23983489775776
2026-07-07 18:30:00,141.85,128.49798319062452
2026-07-07 18:45:00,182.97,145.42105099807097
2026-07-07 19:00:00,127.58,173.24080306653758
2026-07-07 19:15:00,138.73,129.0811227703332
2026-07-07 19:30:00,158.96,136.49892621124494
2026-07-07 19:45:00,174.47,156.25389201926222
2026-07-07 20:00:00,148.25,166.9478150554533
2026-07-07 20:15:00,150.9,147.68984757971725
2026-07-07 20:30:00,149.75,148.20340917420518
2026-07-07 20:45:00,144.86,147.86183442798082
2026-07-07 21:00:00,149.34,141.3773987250502
2026-07-07 21:15:00,140.1,146.24091792412224
2026-07-07 21:30:00,130.77,134.2696340034933
2026-07-07 21:45:00,138.1,129.8338947217187
2026-07-07 22:00:00,137.63,134.4374405707363
2026-07-07 22:15:00,126.48,133.6247801986414
2026-07-07 22:30:00,120.66,123.32741573692661
2026-07-07 22:45:00,115.62,123.67683287781256
2026-07-07 23:00:00,127.01,126.12134440252456
2026-07-07 23:15:00,120.23,125.39385636786966
2026-07-07 23:30:00,118.56,119.53749176803632
2026-07-07 23:45:00,111.68,118.40966687905417
2026-07-08 00:00:00,120.56,117.91570706045941
2026-07-08 00:15:00,114.48,120.37188914471454
2026-07-08 00:30:00,114.08,115.84288430331281
2026-07-08 00:45:00,110.51,115.93095745402975
2026-07-08 01:00:00,108.76,113.12041438871233
2026-07-08 01:15:00,111.67,110.26129147947297
2026-07-08 01:30:00,113.55,113.38028116122742
2026-07-08 01:45:00,115.84,114.81737408262464
2026-07-08 02:00:00,112.4,115.95283714906225
2026-07-08 02:15:00,120.5,113.58068659720193
2026-07-08 02:30:00,121.15,120.85986237567394
2026-07-08 02:45:00,125.96,121.47110029791892
2026-07-08 03:00:00,119.88,123.57634122099505
2026-07-08 03:15:00,124.01,119.3416879882128
2026-07-08 03:30:00,125.76,122.964753969999
2026-07-08 03:45:00,126.35,123.28837779572743
2026-07-08 04:00:00,134.22,124.52760193704626
2026-07-08 04:15:00,137.29,133.19930421298912
2026-07-08 04:30:00,139.64,133.29740935726414
2026-07-08 04:45:00,139.06,134.73299891685798
2026-07-08 05:00:00,140.71,133.6523933438961
2026-07-08 05:15:00,138.66,136.39487905229797
2026-07-08 05:30:00,136.23,131.64053083016393
2026-07-08 05:45:00,129.79,129.96438706066482
2026-07-08 06:00:00,148.88,122.89934536740945
2026-07-08 06:15:00,140.71,141.6154033681529
2026-07-08 06:30:00,128.89,135.04997568347216
2026-07-08 06:45:00,126.44,121.52800575437449
2026-07-08 07:00:00,138.28,125.71397757957233
2026-07-08 07:15:00,131.83,129.94047311855593
2026-07-08 07:30:00,101.83,126.17879024215931
2026-07-08 07:45:00,93.72,104.51396874304156
2026-07-08 08:00:00,107.66,114.03058266709714
2026-07-08 08:15:00,100.32,114.21382248587518
2026-07-08 08:30:00,98.57,96.61925616478005
2026-07-08 08:45:00,95.3,92.20558525156622
2026-07-08 09:00:00,102.51,89.27477103021846
2026-07-08 09:15:00,94.18,98.82264291595034
2026-07-08 09:30:00,91.96,91.32407812413435
2026-07-08 09:45:00,77.39,93.53359286581512
2026-07-08 10:00:00,70.17,72.50620998436149
2026-07-08 10:15:00,80.1,71.523084844871
2026-07-08 10:30:00,70.04,77.98816504893212
2026-07-08 10:45:00,56.92,65.16794811424501
2026-07-08 11:00:00,62.71,47.73962182431593
2026-07-08 11:15:00,50.4,45.6658300772414
2026-07-08 11:30:00,59.3,46.86909344393798
2026-07-08 11:45:00,55.23,47.294689406661945
2026-07-08 12:00:00,65.9,51.642484138393584
2026-07-08 12:15:00,56.89,66.20982744825113
2026-07-08 12:30:00,57.3,50.579955751223416
2026-07-08 12:45:00,55.91,50.876450306377656
2026-07-08 13:00:00,44.03,53.18888241961509
2026-07-08 13:15:00,53.02,45.5751401309242
2026-07-08 13:30:00,60.08,54.12968888822052
2026-07-08 13:45:00,66.47,49.137801628352854
2026-07-08 14:00:00,59.15,71.09182951726432
2026-07-08 14:15:00,51.09,52.972398749887354
2026-07-08 14:30:00,77.13,55.299359631327484
2026-07-08 14:45:00,99.56,87.5926127043615
2026-07-08 15:00:00,78.76,89.57082194274513
2026-07-08 15:15:00,88.18,89.29544092108979
2026-07-08 15:30:00,85.9,95.96220905062874
2026-07-08 15:45:00,90.19,97.74713279435198
2026-07-08 16:00:00,87.72,96.20114488098676
2026-07-08 16:15:00,95.99,97.5392680683261
2026-07-08 16:30:00,114.32,96.8710327398609
2026-07-08 16:45:00,132.81,126.46506876176524
2026-07-08 17:00:00,120.16,109.10461481211308
2026-07-08 17:15:00,135.44,121.18949768883431
2026-07-08 17:30:00,139.44,139.55450383582692
2026-07-08 17:45:00,153.71,146.2325652553024
2026-07-08 18:00:00,133.66,145.6345384847433
2026-07-08 18:15:00,147.82,136.01674497123457
2026-07-08 18:30:00,158.86,149.89908729479953
2026-07-08 18:45:00,174.84,172.72144552128398
2026-07-08 19:00:00,164.78,166.23988398758203
2026-07-08 19:15:00,161.07,157.95775061410203
2026-07-08 19:30:00,163.17,158.9514997954088
2026-07-08 19:45:00,159.73,162.6719056963161
2026-07-08 20:00:00,167.11,157.13963874538496
2026-07-08 20:15:00,163.15,160.9665532787388
2026-07-08 20:30:00,159.66,160.50747315319052
2026-07-08 20:45:00,147.1,156.7953324078711
2026-07-08 21:00:00,154.21,142.94922996736506
2026-07-08 21:15:00,145.52,150.10933177728782
2026-07-08 21:30:00,144.53,141.03586591038402
2026-07-08 21:45:00,137.9,141.6793242624919
2026-07-08 22:00:00,152.04,137.00058106401224
2026-07-08 22:15:00,145.0,146.52647127903361
2026-07-08 22:30:00,137.09,141.27192230710972
2026-07-08 22:45:00,131.51,132.44906135448997
2026-07-08 23:00:00,141.66,134.25306910728824
2026-07-08 23:15:00,134.28,138.041097048501
2026-07-08 23:30:00,130.98,131.96475509333558
2026-07-08 23:45:00,129.24,129.51184103771794
2026-07-09 00:00:00,128.53,126.95945970024518
2026-07-09 00:15:00,127.56,125.91042409904529
2026-07-09 00:30:00,127.06,125.09984763704718
2026-07-09 00:45:00,127.85,124.98149917831775
2026-07-09 01:00:00,123.44,125.08055648361437
2026-07-09 01:15:00,123.41,122.51272919180721
2026-07-09 01:30:00,124.61,122.51272919180721
2026-07-09 01:45:00,124.95,122.11440330885253
2026-07-09 02:00:00,119.42,121.92076936443111
2026-07-09 02:15:00,123.37,120.06105011464244
2026-07-09 02:30:00,125.94,122.67744309587219
2026-07-09 02:45:00,129.33,124.8490179548575
2026-07-09 03:00:00,127.79,127.7804590179196
2026-07-09 03:15:00,131.66,127.01094061140607
2026-07-09 03:30:00,135.0,130.6524364853063
2026-07-09 03:45:00,141.3,133.40733417560668
2026-07-09 04:00:00,149.16,139.15433407099945
2026-07-09 04:15:00,156.51,150.12905461250048
2026-07-09 04:30:00,162.55,155.6670837860889
2026-07-09 04:45:00,152.53,158.24676357349767
2026-07-09 05:00:00,169.87,149.21404708088622
2026-07-09 05:15:00,151.65,157.55486031846516
2026-07-09 05:30:00,143.06,146.1235807729624
2026-07-09 05:45:00,132.17,138.830411052047
2026-07-09 06:00:00,154.08,147.0140762254763
2026-07-09 06:15:00,139.93,154.10444363211295
2026-07-09 06:30:00,134.85,132.97603086085644
2026-07-09 06:45:00,125.62,131.06875038445526
2026-07-09 07:00:00,132.56,134.33622051809817
2026-07-09 07:15:00,123.24,128.86504111828427
2026-07-09 07:30:00,123.48,118.42778249565423
2026-07-09 07:45:00,117.34,118.17815281295647
2026-07-09 08:00:00,120.64,120.36978276879316
2026-07-09 08:15:00,116.1,117.93000727698505
2026-07-09 08:30:00,110.49,117.24481561488845
2026-07-09 08:45:00,101.99,113.10833541397398
2026-07-09 09:00:00,122.83,106.2324452968394
2026-07-09 09:15:00,99.6,123.58396874281864
2026-07-09 09:30:00,94.54,97.9923821814996
2026-07-09 09:45:00,92.99,94.94449091437868
2026-07-09 10:00:00,102.27,106.5132158334401
2026-07-09 10:15:00,83.36,102.02205331328287
2026-07-09 10:30:00,71.43,87.79625610433472
2026-07-09 10:45:00,65.96,70.82886690972923
2026-07-09 11:00:00,70.79,74.97478765668546
2026-07-09 11:15:00,63.34,70.87884813450948
2026-07-09 11:30:00,48.28,46.748622765169145
2026-07-09 11:45:00,29.55,43.81128418441126
2026-07-09 12:00:00,37.54,37.62896605036871
2026-07-09 12:15:00,39.77,37.95174936313696
2026-07-09 12:30:00,39.1,38.57266266162322
2026-07-09 12:45:00,47.95,38.86941247644709
2026-07-09 13:00:00,35.39,47.929582374607186
2026-07-09 13:15:00,50.1,38.29754620794339
2026-07-09 13:30:00,67.27,54.11155544491557
2026-07-09 13:45:00,91.53,70.59576099616153
2026-07-09 14:00:00,73.29,80.91224119606314
2026-07-09 14:15:00,91.39,82.00903883542814
2026-07-09 14:30:00,98.99,98.40714919545039
2026-07-09 14:45:00,109.4,97.30722261980752
2026-07-09 15:00:00,89.72,97.11370988301269
2026-07-09 15:15:00,110.09,100.0590684298793
2026-07-09 15:30:00,114.44,119.3681642424055
2026-07-09 15:45:00,130.18,122.70156401760255
2026-07-09 16:00:00,122.73,111.56391946386847
2026-07-09 16:15:00,123.58,131.36451592211952
2026-07-09 16:30:00,137.31,131.17357195505835
2026-07-09 16:45:00,147.83,142.606061232957
2026-07-09 17:00:00,144.06,153.66737647527137
2026-07-09 17:15:00,156.64,154.7911310929762
2026-07-09 17:30:00,174.12,157.57476750249475
2026-07-09 17:45:00,200.92,170.38327316751352
2026-07-09 18:00:00,190.97,213.57318683123134
2026-07-09 18:15:00,210.86,209.89676789760776
2026-07-09 18:30:00,239.06,215.6534800310265
2026-07-09 18:45:00,261.08,233.0070802612982
2026-07-09 19:00:00,257.59,253.43176403287535
2026-07-09 19:15:00,245.49,244.0020495950564
2026-07-09 19:30:00,221.81,233.74252305516333
2026-07-09 19:45:00,200.1,214.30804655456672
2026-07-09 20:00:00,221.02,180.5587425044819
2026-07-09 20:15:00,195.24,209.85813532461313
2026-07-09 20:30:00,174.8,173.09622110925702
2026-07-09 20:45:00,164.71,160.3161568120771
2026-07-09 21:00:00,175.62,160.76615448340584
2026-07-09 21:15:00,169.91,161.80833499205545
2026-07-09 21:30:00,157.23,160.176790999314
2026-07-09 21:45:00,160.1,152.62902009625955
2026-07-09 22:00:00,171.31,157.15712177082116
2026-07-09 22:15:00,154.65,161.16138213409656
2026-07-09 22:30:00,149.74,149.52364053783685
2026-07-09 22:45:00,148.19,145.36326839746616
2026-07-09 23:00:00,149.61,147.0521027648055
2026-07-09 23:15:00,144.16,144.98754957720695
2026-07-09 23:30:00,142.3,140.98185474931267
2026-07-09 23:45:00,140.34,140.3022922983759
2026-07-10 00:00:00,141.98,137.85238005907433
2026-07-10 00:15:00,141.16,139.9282526399248
2026-07-10 00:30:00,138.37,137.98719238547753
2026-07-10 00:45:00,141.91,135.01650612702355
2026-07-10 01:00:00,138.55,141.7697316299363
2026-07-10 01:15:00,138.43,134.61608904328045
2026-07-10 01:30:00,137.7,134.42772505413822
2026-07-10 01:45:00,138.93,133.98533339090784
2026-07-10 02:00:00,136.94,134.71900234313142
2026-07-10 02:15:00,137.09,133.15633656094568
2026-07-10 02:30:00,136.86,133.542866450888
2026-07-10 02:45:00,139.5,134.0932451713126
2026-07-10 03:00:00,141.89,136.64556094097932
2026-07-10 03:15:00,142.16,140.64452468316787
2026-07-10 03:30:00,142.44,141.65153444769535
2026-07-10 03:45:00,145.96,142.94443616113367
2026-07-10 04:00:00,147.3,143.62876488702202
2026-07-10 04:15:00,156.45,146.38920057489528
2026-07-10 04:30:00,152.31,158.25956578295146
2026-07-10 04:45:00,150.08,150.1049862146634
2026-07-10 05:00:00,162.52,155.70931006248702
2026-07-10 05:15:00,153.35,165.30980783439463
2026-07-10 05:30:00,144.96,152.02738932643652
2026-07-10 05:45:00,131.92,138.27166072086882
2026-07-10 06:00:00,155.02,137.81699479482398
2026-07-10 06:15:00,141.88,152.8375864561781
2026-07-10 06:30:00,132.32,137.60968499061033
2026-07-10 06:45:00,113.41,126.98180552081767
2026-07-10 07:00:00,138.6,134.56439557908115
2026-07-10 07:15:00,130.9,132.23215841627015
2026-07-10 07:30:00,115.47,125.24541773096372
2026-07-10 07:45:00,108.77,114.04700052697018
2026-07-10 08:00:00,116.58,119.21206108314631
2026-07-10 08:15:00,114.2,117.70070306546302
2026-07-10 08:30:00,95.24,117.94372940542722
2026-07-10 08:45:00,84.39,91.34616349822659
2026-07-10 09:00:00,89.7,88.41571547795515
2026-07-10 09:15:00,82.55,91.37215216429725
2026-07-10 09:30:00,75.0,85.50856194691777
2026-07-10 09:45:00,66.61,79.361672568404
2026-07-10 10:00:00,76.69,62.58083599686007
2026-07-10 10:15:00,66.61,80.49776786349639
2026-07-10 10:30:00,52.74,63.57408971904125
2026-07-10 10:45:00,40.01,49.00369938881676
2026-07-10 11:00:00,43.44,44.567528098111616
2026-07-10 11:15:00,39.0,40.66134208647968
2026-07-10 11:30:00,37.0,37.8083318716325
2026-07-10 11:45:00,30.0,35.7636087602793
2026-07-10 12:00:00,38.9,36.5850459462968
2026-07-10 12:15:00,40.0,39.54719529786099
2026-07-10 12:30:00,42.91,40.15734240417297
2026-07-10 12:45:00,41.99,41.701201761257884
2026-07-10 13:00:00,46.23,40.138779344375045
2026-07-10 13:15:00,55.83,40.886227256187915
2026-07-10 13:30:00,65.81,53.036312397988304
2026-07-10 13:45:00,80.53,70.47317652243534
2026-07-10 14:00:00,61.2,85.05223472048763
2026-07-10 14:15:00,83.11,50.61852276395633
2026-07-10 14:30:00,97.1,92.65657285906148
2026-07-10 14:45:00,111.0,96.68518073289236
2026-07-10 15:00:00,103.64,96.4951513820852
2026-07-10 15:15:00,106.72,112.50412040575885
2026-07-10 15:30:00,117.76,119.26217562728324
2026-07-10 15:45:00,128.86,128.287664841908
2026-07-10 16:00:00,109.28,136.03699005118543
2026-07-10 16:15:00,121.08,122.7848554055171
2026-07-10 16:30:00,138.91,133.73008424811476
2026-07-10 16:45:00,145.39,149.22491156736794
2026-07-10 17:00:00,140.95,145.13616357119915
2026-07-10 17:15:00,149.54,153.4698044860644
2026-07-10 17:30:00,170.74,167.75912025326392
2026-07-10 17:45:00,186.35,162.07618205838605
2026-07-10 18:00:00,169.18,207.10255552998794
2026-07-10 18:15:00,177.11,164.16065461276204
2026-07-10 18:30:00,186.97,194.7409144571607
2026-07-10 18:45:00,189.2,201.87833071950467
2026-07-10 19:00:00,185.14,201.54451893262322
2026-07-10 19:15:00,176.86,192.23354753391746
2026-07-10 19:30:00,170.0,176.01139119427498
2026-07-10 19:45:00,168.56,162.98687617940263
2026-07-10 20:00:00,172.7,161.75357672450326
2026-07-10 20:15:00,169.16,161.35182396613615
2026-07-10 20:30:00,168.55,161.77040175974125
2026-07-10 20:45:00,161.59,162.4123648354146
2026-07-10 21:00:00,162.26,157.89500936334903
2026-07-10 21:15:00,156.32,161.1169286889747
2026-07-10 21:30:00,153.37,153.96177618551033
2026-07-10 21:45:00,145.9,149.12134647135701
2026-07-10 22:00:00,160.31,143.9249525283912
2026-07-10 22:15:00,154.02,156.86569096183757
2026-07-10 22:30:00,146.5,149.5050041643497
2026-07-10 22:45:00,141.81,141.51455543472875
2026-07-10 23:00:00,145.62,140.68356389648412
2026-07-10 23:15:00,145.0,141.07276765428549
2026-07-10 23:30:00,144.98,141.14118046920478
2026-07-10 23:45:00,140.41,141.24405828736442
2026-07-11 00:00:00,143.47,138.515219532088
2026-07-11 00:15:00,140.71,140.62630580709103
2026-07-11 00:30:00,139.23,138.52778428775903
2026-07-11 00:45:00,138.36,136.85290854589917
2026-07-11 01:00:00,140.69,135.73871719261885
2026-07-11 01:15:00,138.95,138.49356834963183
2026-07-11 01:30:00,138.08,136.10751309109784
2026-07-11 01:45:00,138.01,135.57329928164052
2026-07-11 02:00:00,139.54,135.06137176269246
2026-07-11 02:15:00,141.77,136.4776706105136
2026-07-11 02:30:00,136.57,139.24158197976462
2026-07-11 02:45:00,136.68,134.856202013068
2026-07-11 03:00:00,138.71,135.36729132921357
2026-07-11 03:15:00,136.7,136.93508287525037
2026-07-11 03:30:00,136.43,135.5715434455253
2026-07-11 03:45:00,132.93,135.53396311032927
2026-07-11 04:00:00,142.13,134.91536535096367
2026-07-11 04:15:00,138.98,143.15868727950658
2026-07-11 04:30:00,131.6,137.58760406615545
2026-07-11 04:45:00,125.18,131.36738193653815
2026-07-11 05:00:00,131.74,125.87386139284494
2026-07-11 05:15:00,126.98,127.73456048314235
2026-07-11 05:30:00,122.42,122.19927568208745
2026-07-11 05:45:00,117.69,122.75669892303699
2026-07-11 06:00:00,142.16,120.78963134818783
2026-07-11 06:15:00,123.95,139.17184313936895
2026-07-11 06:30:00,105.58,121.5831404704541
2026-07-11 06:45:00,90.49,108.67176812835145
2026-07-11 07:00:00,107.07,117.09224215169672
2026-07-11 07:15:00,94.45,112.31821504737628
2026-07-11 07:30:00,67.22,93.95717390004637
2026-07-11 07:45:00,29.41,67.26010191342813
2026-07-11 08:00:00,40.0,35.19555023498755
2026-07-11 08:15:00,18.09,59.37547449235614
2026-07-11 08:30:00,5.18,17.52581981921019
2026-07-11 08:45:00,1.08,5.272592863837803
2026-07-11 09:00:00,1.0,1.6699807197621048
2026-07-11 09:15:00,0.29,1.471670652197833
2026-07-11 09:30:00,0.02,0.5274967351176127
2026-07-11 09:45:00,0.0,0.44982237580190004
2026-07-11 10:30:00,-0.01,0.408665734887414
2026-07-11 10:45:00,-0.03,-0.13999939236324954
2026-07-11 11:00:00,-0.15,-0.4006722578528177
2026-07-11 11:15:00,-1.85,-0.5733055630832136
2026-07-11 11:30:00,-2.07,-2.266726741105999
2026-07-11 11:45:00,-2.32,-3.2830779929736553
2026-07-11 12:30:00,-2.3,-2.900377991914523
2026-07-11 12:45:00,-2.02,-2.4843860858807263
2026-07-11 13:00:00,-2.01,-1.2663950158204498
2026-07-11 13:15:00,-0.95,-1.341865644269369
2026-07-11 13:30:00,-0.08,-1.041147591985352
2026-07-11 13:45:00,-0.31,0.1293145123068982
2026-07-11 14:00:00,-0.01,0.6073657579162071
2026-07-11 14:15:00,0.27,1.1244901872101454
2026-07-11 14:30:00,0.44,5.1263056643551534
2026-07-11 14:45:00,25.23,10.410084516999616
2026-07-11 15:00:00,14.58,62.58017556455659
2026-07-11 15:15:00,67.13,67.43989016050377
2026-07-11 15:30:00,94.75,66.23332896034658
2026-07-11 15:45:00,123.63,103.6348676619642
2026-07-11 16:00:00,98.02,101.26051612709435
2026-07-11 16:15:00,113.68,98.16851953278012
2026-07-11 16:30:00,131.18,125.47363747456055
2026-07-11 16:45:00,140.07,143.9331901643613
2026-07-11 17:00:00,130.17,121.83196095445588
2026-07-11 17:15:00,141.02,138.00926682642313
2026-07-11 17:30:00,144.14,156.770778830632
2026-07-11 17:45:00,148.74,157.7607451075629
2026-07-11 18:00:00,148.18,153.8211576800404
2026-07-11 18:15:00,151.27,152.17688265153555
2026-07-11 18:30:00,153.14,159.03921649907016
2026-07-11 18:45:00,154.47,162.03161409847004
2026-07-11 19:00:00,155.98,163.87465900892659
2026-07-11 19:15:00,154.63,165.48446841565908
2026-07-11 19:30:00,157.95,156.60675540165133
2026-07-11 19:45:00,156.54,158.97969790812974
2026-07-11 20:00:00,160.01,155.90608600499286
2026-07-11 20:15:00,155.31,157.51496115744197
2026-07-11 20:30:00,155.28,155.34373171791233
2026-07-11 20:45:00,148.95,154.99330883296204
2026-07-11 21:00:00,151.36,148.13862068207885
2026-07-11 21:15:00,145.21,148.60977382602562
2026-07-11 21:30:00,145.0,141.54119036541525
2026-07-11 21:45:00,140.78,140.95228966806133
2026-07-11 22:00:00,140.51,138.93061868085587
2026-07-11 22:15:00,140.0,138.08525096749656
2026-07-11 22:30:00,138.76,136.824392149493
2026-07-11 22:45:00,130.5,136.19909728164697
2026-07-11 23:00:00,135.2,130.19539718945757
2026-07-11 23:15:00,135.0,136.51541470227565
2026-07-11 23:30:00,131.34,134.78440182507092
2026-07-11 23:45:00,126.0,130.7524146975842
2026-07-12 00:00:00,127.94,126.2794275794478
2026-07-12 00:15:00,126.04,128.22370712282756
2026-07-12 00:30:00,124.8,124.98859227728295
2026-07-12 00:45:00,123.5,124.49295152103352
2026-07-12 01:00:00,127.93,124.47736219154683
2026-07-12 01:15:00,127.92,128.25719516875978
2026-07-12 01:30:00,122.85,127.75984918363169
2026-07-12 01:45:00,121.7,124.27462987517592
2026-07-12 02:00:00,127.0,123.71297136415188
2026-07-12 02:15:00,123.23,127.51241226691634
2026-07-12 02:30:00,121.11,124.67914840835695
2026-07-12 02:45:00,120.19,123.21304926893923
2026-07-12 03:00:00,124.0,121.36501045119303
2026-07-12 03:15:00,122.18,125.6779896533936
2026-07-12 03:30:00,120.54,124.81278361397179
2026-07-12 03:45:00,114.2,123.28660072630841
2026-07-12 04:00:00,118.64,117.84547159884377
2026-07-12 04:15:00,112.33,119.72591473401805
2026-07-12 04:30:00,110.0,114.55145688550137
2026-07-12 04:45:00,105.48,113.84660178491268
2026-07-12 05:00:00,112.31,109.49358300689785
2026-07-12 05:15:00,108.3,112.98656307414508
2026-07-12 05:30:00,101.21,110.6339484405005
2026-07-12 05:45:00,77.28,102.60982198739201
2026-07-12 06:00:00,103.56,81.58829176886884
2026-07-12 06:15:00,79.19,105.0255180276451
2026-07-12 06:30:00,52.09,75.31645146578107
2026-07-12 06:45:00,13.17,42.17089246959733
2026-07-12 07:00:00,20.0,22.648596397265116
2026-07-12 07:15:00,1.54,19.513744907257113
2026-07-12 07:30:00,0.0,2.10663499726964
2026-07-12 08:00:00,-0.01,0.2725448871471892
2026-07-12 08:30:00,-0.05,-0.1563387457447307
2026-07-12 08:45:00,-0.11,-0.4847574791773118
2026-07-12 09:00:00,-2.05,-0.5944346424150798
2026-07-12 09:15:00,-3.05,-3.1717779881282713
2026-07-12 09:30:00,-4.11,-4.358713834830881
2026-07-12 09:45:00,-7.04,-6.1480164563061
2026-07-12 10:00:00,-10.35,-8.416878754303488
2026-07-12 10:15:00,-13.2,-14.163988292858487
2026-07-12 10:30:00,-17.32,-18.534916864087865
2026-07-12 10:45:00,-20.0,-20.701712515943303
2026-07-12 11:00:00,-20.39,-24.556095832398654
2026-07-12 11:15:00,-21.56,-25.148352253792083
2026-07-12 11:30:00,-25.0,-25.195743012339097
2026-07-12 11:45:00,-25.1,-31.468582515243295
2026-07-12 12:00:00,-22.22,-23.938599899417433
2026-07-12 12:15:00,-21.74,-20.4270929714496
2026-07-12 12:30:00,-21.25,-18.69015106938966
2026-07-12 12:45:00,-20.0,-18.678035593199187
2026-07-12 13:00:00,-18.57,-18.4632202355987
2026-07-12 13:15:00,-13.2,-17.547041244905042
2026-07-12 13:30:00,-9.96,-8.987160524962235
2026-07-12 13:45:00,-6.0,-4.610870397506161
2026-07-12 14:00:00,-3.04,-2.054411350205887
2026-07-12 14:15:00,-2.04,-1.9179422236362378
2026-07-12 14:30:00,-2.0,-1.478443499420036
2026-07-12 14:45:00,-3.69,-1.116051867264296
2026-07-12 15:00:00,-1.16,-2.2275662794748947
2026-07-12 15:15:00,-0.01,0.9104130332949243
2026-07-12 15:30:00,0.97,2.8254082395315847
2026-07-12 15:45:00,29.1,14.05304509739424
2026-07-12 16:00:00,25.64,63.48289367484357
2026-07-12 16:15:00,90.67,71.32022318362193
2026-07-12 16:30:00,116.12,109.10421852930014
2026-07-12 16:45:00,132.01,119.93866392183023
2026-07-12 17:00:00,111.42,104.41132529086796
2026-07-12 17:15:00,133.75,123.43311287466577
2026-07-12 17:30:00,136.1,146.310096000364
2026-07-12 17:45:00,145.0,151.1591597077813
2026-07-12 18:00:00,135.56,147.12113038653206
2026-07-12 18:15:00,137.93,152.32375623163824
2026-07-12 18:30:00,140.92,152.57354485533827
2026-07-12 18:45:00,144.12,151.79438985360636
2026-07-12 19:00:00,140.1,143.91741527988088
2026-07-12 19:15:00,144.94,139.89471433211102
2026-07-12 19:30:00,145.93,142.38518494939265
2026-07-12 19:45:00,146.98,141.33062519913912
2026-07-12 20:00:00,149.7,141.76610113123732
2026-07-12 20:15:00,145.0,146.27286313392287
2026-07-12 20:30:00,144.94,141.2498508020982
2026-07-12 20:45:00,140.08,140.18632626454308
2026-07-12 21:00:00,144.97,135.53442255641608
2026-07-12 21:15:00,137.9,139.1718888326749
2026-07-12 21:30:00,138.47,133.7864144921349
2026-07-12 21:45:00,135.93,133.79232293338856
2026-07-12 22:00:00,131.94,134.94126844425247
2026-07-12 22:15:00,130.0,130.54997552632443
2026-07-12 22:30:00,129.41,128.69336074862184
2026-07-12 22:45:00,127.57,128.3152247382253
2026-07-12 23:00:00,128.42,127.26399069315558
2026-07-12 23:15:00,124.17,127.69752251467345
2026-07-12 23:30:00,123.7,124.57449964436894
2026-07-12 23:45:00,119.03,124.50918055032732
2026-07-13 00:00:00,122.93,120.2781336128128
2026-07-13 00:15:00,118.68,123.31613927006782
2026-07-13 00:30:00,116.93,120.02689774053329
2026-07-13 00:45:00,120.49,117.52000884141557
2026-07-13 01:00:00,118.52,121.6063485939938
2026-07-13 01:15:00,118.83,119.69390013792636
2026-07-13 01:30:00,121.92,120.19954321342472
2026-07-13 01:45:00,122.7,123.70803383329303
2026-07-13 02:00:00,118.68,122.69352538723446
2026-07-13 02:15:00,122.74,119.77507428557908
2026-07-13 02:30:00,125.75,124.47782882291918
2026-07-13 02:45:00,126.2,123.52850439532342
2026-07-13 03:00:00,124.98,124.1180982217739
2026-07-13 03:15:00,128.58,123.05831117165837
2026-07-13 03:30:00,135.14,126.86788324244093
2026-07-13 03:45:00,141.07,133.05639416381027
2026-07-13 04:00:00,143.74,138.01920328932576
2026-07-13 04:15:00,151.22,141.23292263021978
2026-07-13 04:30:00,149.6,147.82059250045106
2026-07-13 04:45:00,150.52,147.44353595131662
2026-07-13 05:00:00,160.31,145.60485793655832
2026-07-13 05:15:00,159.68,151.6063144446963
2026-07-13 05:30:00,149.99,151.84124732132148
2026-07-13 05:45:00,143.05,142.56061787793706
2026-07-13 06:00:00,149.55,137.19683069593748
2026-07-13 06:15:00,145.85,140.7102221718026
2026-07-13 06:30:00,130.1,136.36303838405965
2026-07-13 06:45:00,126.3,116.26506922525965
2026-07-13 07:00:00,142.85,123.77359631009148
2026-07-13 07:15:00,129.42,136.5668715917677
2026-07-13 07:30:00,113.88,112.60723764400008
2026-07-13 07:45:00,101.26,112.51888713459807
2026-07-13 08:00:00,118.35,112.81854392082926
2026-07-13 08:15:00,101.96,115.85323777917236
2026-07-13 08:30:00,94.5,90.53082310436251
2026-07-13 08:45:00,80.98,89.51586184234726
2026-07-13 09:00:00,87.28,84.1897222003866
2026-07-13 09:15:00,78.66,88.13415933230858
2026-07-13 09:30:00,70.0,58.418991451683844
2026-07-13 09:45:00,56.47,68.39762211727971
2026-07-13 10:00:00,58.79,45.01219580765325
2026-07-13 10:15:00,42.7,44.643647784938985
2026-07-13 10:30:00,31.43,34.58559716422449
2026-07-13 10:45:00,23.08,30.69630428184898
2026-07-13 11:00:00,29.26,27.163903736814415
2026-07-13 11:15:00,23.29,33.71301023671119
2026-07-13 11:30:00,14.8,28.76532966254907
2026-07-13 11:45:00,0.01,19.51285186704746
2026-07-13 12:00:00,6.83,2.0529689112529783
2026-07-13 12:15:00,7.24,11.722600076712371
2026-07-13 12:30:00,11.26,12.289496163019423
2026-07-13 12:45:00,20.77,32.08678444273409
2026-07-13 13:00:00,18.63,40.3158547520544
2026-07-13 13:15:00,40.0,39.803259921073064
2026-07-13 13:30:00,47.23,40.615183007492426
2026-07-13 13:45:00,61.5,43.17596515416542
2026-07-13 14:00:00,66.2,52.576473449427525
2026-07-13 14:15:00,89.22,76.86311176113074
2026-07-13 14:30:00,87.97,85.3465820947495
2026-07-13 14:45:00,92.45,93.19862560938148
2026-07-13 15:00:00,93.14,92.68833776334276
2026-07-13 15:15:00,107.78,100.11423595498007
2026-07-13 15:30:00,122.88,117.71700938615923
2026-07-13 15:45:00,131.22,118.15213226079747
2026-07-13 16:00:00,116.43,120.67991434725425
2026-07-13 16:15:00,120.44,124.00303263578938
2026-07-13 16:30:00,126.17,129.0253068993276
2026-07-13 16:45:00,136.52,134.0965113380806
2026-07-13 17:00:00,121.54,137.53861143256893
2026-07-13 17:15:00,147.12,132.2031737849919
2026-07-13 17:30:00,153.58,154.5860706256755
2026-07-13 17:45:00,170.33,155.40209193484586
2026-07-13 18:00:00,154.36,153.09776828093305
2026-07-13 18:15:00,166.93,156.47143365540344
2026-07-13 18:30:00,177.16,165.56967479497766
2026-07-13 18:45:00,179.29,195.69758632786517
2026-07-13 19:00:00,178.8,190.90639658921344
2026-07-13 19:15:00,176.15,182.10974585757825
2026-07-13 19:30:00,163.0,165.54448992331967
2026-07-13 19:45:00,153.31,159.8114117628432
2026-07-13 20:00:00,172.84,151.4229887591981
2026-07-13 20:15:00,155.98,159.9126635007518
2026-07-13 20:30:00,157.0,154.31777144725427
2026-07-13 20:45:00,150.47,153.46133076937866
2026-07-13 21:00:00,149.64,147.11855848520295
2026-07-13 21:15:00,144.4,146.42130545305972
2026-07-13 21:30:00,142.74,142.3352316680003
2026-07-13 21:45:00,138.99,140.51844751976162
2026-07-13 22:00:00,148.15,135.3047093485758
2026-07-13 22:15:00,140.99,144.3733413677557
2026-07-13 22:30:00,136.97,137.41093394936834
2026-07-13 22:45:00,131.91,133.21647611883523
2026-07-13 23:00:00,138.79,132.50944092776396
2026-07-13 23:15:00,134.5,134.59861255731576
2026-07-13 23:30:00,132.99,132.42244876415734
2026-07-13 23:45:00,129.27,132.26726903560694
2026-07-14 00:00:00,129.55,127.02462294581885
2026-07-14 00:15:00,126.71,126.72153194663238
2026-07-14 00:30:00,127.44,124.05374799817743
2026-07-14 00:45:00,125.7,126.02867906782
2026-07-14 01:00:00,128.0,123.52699676863126
2026-07-14 01:15:00,127.28,126.7876451129355
2026-07-14 01:30:00,127.09,126.0423050942481
2026-07-14 01:45:00,126.5,126.57986361246037
2026-07-14 02:00:00,125.62,123.84711412481825
2026-07-14 02:15:00,125.87,123.60770098705136
2026-07-14 02:30:00,128.23,124.74657499150346
2026-07-14 02:45:00,130.88,127.7141746534094
2026-07-14 03:00:00,130.27,130.59070438354775
2026-07-14 03:15:00,133.28,128.4184956925536
2026-07-14 03:30:00,136.93,134.21160565491434
2026-07-14 03:45:00,139.6,135.32307137994914
2026-07-14 04:00:00,142.86,137.1839003201576
2026-07-14 04:15:00,139.95,142.35246996590098
2026-07-14 04:30:00,145.42,137.31299251212639
2026-07-14 04:45:00,144.2,142.5118503618169
2026-07-14 05:00:00,148.41,142.18846497976267
2026-07-14 05:15:00,143.8,148.95416881184588
2026-07-14 05:30:00,141.53,140.25389073829038
2026-07-14 05:45:00,137.9,141.01209514184364
2026-07-14 06:00:00,148.37,139.3230098790249
2026-07-14 06:15:00,138.64,145.06210719095597
2026-07-14 06:30:00,131.7,132.94442954400145
2026-07-14 06:45:00,120.92,124.99815807150895
2026-07-14 07:00:00,134.58,128.22502136188555
2026-07-14 07:15:00,124.66,132.00867051596825
2026-07-14 07:30:00,115.13,119.49491073887262
2026-07-14 07:45:00,108.06,115.29037139641524
2026-07-14 08:00:00,118.22,116.82117516134254
2026-07-14 08:15:00,104.52,117.00767905491958
2026-07-14 08:30:00,97.59,104.01364623646879
2026-07-14 08:45:00,92.15,92.74644192063397
2026-07-14 09:00:00,95.49,94.63693663935906
2026-07-14 09:15:00,85.8,93.13276267539229
2026-07-14 09:30:00,58.23,87.6600034656692
2026-07-14 09:45:00,10.0,48.97990590034944
2026-07-14 10:00:00,42.5,12.858169274403307
2026-07-14 10:15:00,24.4,43.55577585270674
2026-07-14 10:30:00,20.7,25.621229892131012
2026-07-14 10:45:00,7.4,19.422908559420613
2026-07-14 11:00:00,0.0,10.821343372638736
2026-07-14 11:30:00,-0.01,0.3124754797603723
2026-07-14 12:00:00,0.0,0.4522276563406146
2026-07-14 13:00:00,5.0,3.411555342887549
2026-07-14 13:15:00,18.81,13.272250875965497
2026-07-14 13:30:00,25.0,38.24882780433011
2026-07-14 13:45:00,40.93,44.42259267908578
2026-07-14 14:00:00,52.71,39.813430919147265
2026-07-14 14:15:00,67.8,59.92412454358044
2026-07-14 14:30:00,84.37,66.83819213787089
2026-07-14 14:45:00,80.1,85.04867507483918
2026-07-14 15:00:00,94.46,88.26393139622158
2026-07-14 15:15:00,94.71,94.506595464061
2026-07-14 15:30:00,100.0,99.12660185573841
2026-07-14 15:45:00,109.2,105.21408928109686
2026-07-14 16:00:00,120.2,118.79515875350158
2026-07-14 16:15:00,104.79,122.19733039605026
2026-07-14 16:30:00,102.25,113.64701352235153
2026-07-14 16:45:00,115.23,110.41545935652972
2026-07-14 17:00:00,117.89,126.95997068996924
2026-07-14 17:15:00,135.03,125.60922468229518
2026-07-14 17:30:00,157.21,127.44237941498278
2026-07-14 17:45:00,160.1,148.82978329587215
2026-07-14 18:00:00,126.37,154.71619505708347
2026-07-14 18:15:00,154.52,127.7726376598117
2026-07-14 18:30:00,176.47,157.33107239879394
2026-07-14 18:45:00,182.76,195.50075915669566
2026-07-14 19:00:00,174.45,191.14288032044067
2026-07-14 19:15:00,174.32,167.30788525466434
2026-07-14 19:30:00,174.02,162.1549142245952
2026-07-14 19:45:00,171.96,162.7182760762812
2026-07-14 20:00:00,178.44,160.59253490976877
2026-07-14 20:15:00,170.58,168.38335092536474
2026-07-14 20:30:00,167.11,159.9278404311891
2026-07-14 20:45:00,158.93,161.05188652777744
2026-07-14 21:00:00,158.51,154.4945921636837
2026-07-14 21:15:00,153.0,154.90787241599446
2026-07-14 21:30:00,150.31,147.50930274274552
2026-07-14 21:45:00,144.26,147.50287851015645
2026-07-14 22:00:00,158.34,141.4245218065027
2026-07-14 22:15:00,154.5,154.22708183685708
2026-07-14 22:30:00,148.54,148.76103257214328
2026-07-14 22:45:00,142.29,146.03238912429333
2026-07-14 23:00:00,150.45,141.46530986655776
2026-07-14 23:15:00,145.0,145.38407433169246
2026-07-14 23:30:00,142.9,141.48217021577017
2026-07-14 23:45:00,139.44,140.77744087322438
2026-07-15 00:00:00,141.39,135.76948100461195
2026-07-15 00:15:00,138.28,138.75549415805617
2026-07-15 00:30:00,138.73,134.37769937594652
2026-07-15 00:45:00,134.21,134.6944668268234
2026-07-15 01:00:00,136.5,133.0512433904825
2026-07-15 01:15:00,124.23,133.29989441776385
2026-07-15 01:30:00,135.03,127.22995524316742
2026-07-15 01:45:00,131.28,133.01805421444715
2026-07-15 02:00:00,136.5,130.06880536986824
2026-07-15 02:15:00,134.0,134.19336719828627
2026-07-15 02:30:00,132.18,133.23827988149696
2026-07-15 02:45:00,136.96,130.92092391611564
2026-07-15 03:00:00,127.02,133.5539710518358
2026-07-15 03:15:00,138.8,127.20882382054066
2026-07-15 03:30:00,147.69,135.15237048197994
2026-07-15 03:45:00,154.07,143.26563340721103
2026-07-15 04:00:00,144.3,150.03015897896196
2026-07-15 04:15:00,155.0,142.10203041827103
2026-07-15 04:30:00,154.99,151.31718787555837
2026-07-15 04:45:00,152.53,151.8448594633045
2026-07-15 05:00:00,162.62,147.22546442248836
2026-07-15 05:15:00,163.97,161.3345085469257
2026-07-15 05:30:00,164.39,158.5787249448528
2026-07-15 05:45:00,159.04,164.29653545717846
2026-07-15 06:00:00,167.28,165.7945156040436
2026-07-15 06:15:00,159.17,160.71971649477635
2026-07-15 06:30:00,152.05,162.27160629707438
2026-07-15 06:45:00,139.88,142.709069167071
2026-07-15 07:00:00,149.73,151.485210687651
2026-07-15 07:15:00,139.48,143.50199088136867
2026-07-15 07:30:00,130.18,140.06258769316761
2026-07-15 07:45:00,120.37,122.68268101974546
2026-07-15 08:00:00,118.96,127.4789500073326
2026-07-15 08:15:00,105.02,124.20327964292777
2026-07-15 08:30:00,101.95,114.34140736609896
2026-07-15 08:45:00,98.07,106.16601100396079
2026-07-15 09:00:00,89.06,91.69461174790834
2026-07-15 09:15:00,90.01,90.89734450209872
2026-07-15 09:30:00,93.69,93.90899929124616
2026-07-15 09:45:00,64.91,95.5860428713626
2026-07-15 10:00:00,67.13,57.754124246571934
2026-07-15 10:15:00,49.39,65.60818926399502
2026-07-15 10:30:00,34.92,56.93598140385042
2026-07-15 10:45:00,28.28,33.33740255415729
2026-07-15 11:00:00,35.87,31.68704561103136
2026-07-15 11:15:00,35.29,34.10595777821425
2026-07-15 11:30:00,25.32,33.00881458114436
2026-07-15 11:45:00,23.53,30.5958310738157
2026-07-15 12:00:00,23.95,32.40781627204009
2026-07-15 12:15:00,20.55,33.72067178421661
2026-07-15 12:30:00,17.21,35.66699719984213
2026-07-15 12:45:00,14.59,35.82383462253848
2026-07-15 13:00:00,18.96,40.22860913247833
2026-07-15 13:15:00,33.47,39.27202706147288
2026-07-15 13:30:00,46.7,43.63936072309611
2026-07-15 13:45:00,50.38,40.994082827763094
2026-07-15 14:00:00,72.37,54.36611481274895
2026-07-15 14:15:00,80.65,79.69636893711743
2026-07-15 14:30:00,89.7,85.4128242154464
2026-07-15 14:45:00,92.6,82.31180843749783
2026-07-15 15:00:00,100.0,100.80488795154294
2026-07-15 15:15:00,99.1,103.0916788501907
2026-07-15 15:30:00,113.77,98.38392581673584
2026-07-15 15:45:00,126.66,123.4684480770997
2026-07-15 16:00:00,128.21,130.06224871181828
2026-07-15 16:15:00,130.01,132.27550862933123
2026-07-15 16:30:00,130.55,136.3239013950339
2026-07-15 16:45:00,140.66,131.94927753574586
2026-07-15 17:00:00,98.36,150.1937177643751
2026-07-15 17:15:00,130.51,106.04353337836069
2026-07-15 17:30:00,153.39,137.12549664238276
2026-07-15 17:45:00,180.62,158.3944228944103
2026-07-15 18:00:00,166.53,151.68186945246677
2026-07-15 18:15:00,183.91,158.59330350811143
2026-07-15 18:30:00,180.43,210.88896235244223
2026-07-15 18:45:00,187.25,199.05154707753883
2026-07-15 19:00:00,170.83,201.6241405984416
2026-07-15 19:15:00,196.12,164.16203020015053
2026-07-15 19:30:00,197.13,179.46598623555036
2026-07-15 19:45:00,192.33,178.76245866036257
2026-07-15 20:00:00,199.99,174.9361145787803
2026-07-15 20:15:00,190.0,177.51467924773416
2026-07-15 20:30:00,187.9,171.57515788215133
2026-07-15 20:45:00,175.63,169.25700161877336
2026-07-15 21:00:00,179.14,161.49642344729878
2026-07-15 21:15:00,171.94,165.81029992155445
2026-07-15 21:30:00,169.62,158.54278610928904
2026-07-15 21:45:00,164.96,159.33521812951471
2026-07-15 22:00:00,173.58,160.3989740003537
2026-07-15 22:15:00,169.04,160.79997297000997
2026-07-15 22:30:00,163.51,160.55867453414535
2026-07-15 22:45:00,158.0,159.40122286233148
2026-07-15 23:00:00,162.03,155.76625832143523
2026-07-15 23:15:00,158.0,158.00499234828712
2026-07-15 23:30:00,158.97,155.92105909436668
2026-07-15 23:45:00,157.8,156.30397544939257
2026-07-16 00:00:00,157.62,155.52322929934041
2026-07-16 00:15:00,154.67,154.13434376559465
2026-07-16 00:30:00,150.18,149.68275222074087
2026-07-16 00:45:00,147.32,144.8361610515505
2026-07-16 01:00:00,150.39,142.57251335984668
2026-07-16 01:15:00,147.23,145.27391699362778
2026-07-16 01:30:00,148.08,142.47276961797684
2026-07-16 01:45:00,147.92,143.96860086819177
2026-07-16 02:00:00,138.97,143.66519726059596
2026-07-16 02:15:00,143.83,135.48046916169264
2026-07-16 02:30:00,143.85,141.0793966352545
2026-07-16 02:45:00,149.47,141.51411916037088
2026-07-16 03:00:00,124.95,146.232126103424
2026-07-16 03:15:00,147.71,129.4978977957239
2026-07-16 03:30:00,160.1,144.123505070401
2026-07-16 03:45:00,163.28,157.461341978845
2026-07-16 04:00:00,148.56,161.5161697026036
2026-07-16 04:15:00,162.87,149.10031230687989
2026-07-16 04:30:00,163.52,161.1673068431761
2026-07-16 04:45:00,165.64,161.12369201279733
2026-07-16 05:00:00,166.09,164.8059441253148
2026-07-16 05:15:00,169.11,164.99673357160043
2026-07-16 05:30:00,168.21,169.13163150760155
2026-07-16 05:45:00,161.15,167.2084944334839
2026-07-16 06:00:00,169.39,171.879641957119
2026-07-16 06:15:00,166.08,163.69505294082924
2026-07-16 06:30:00,157.19,161.4059116022199
2026-07-16 06:45:00,138.05,145.00709532464884
2026-07-16 07:00:00,152.98,150.0249567262284
2026-07-16 07:15:00,138.24,143.26594450057053
2026-07-16 07:30:00,132.72,140.32176666355073
2026-07-16 07:45:00,123.74,127.24618318103288
2026-07-16 08:00:00,140.34,129.14779876844054
2026-07-16 08:15:00,122.62,136.74342352181813
2026-07-16 08:30:00,110.34,122.42594796869346
2026-07-16 08:45:00,100.21,114.09606102549148
2026-07-16 09:00:00,113.13,110.35988429544193
2026-07-16 09:15:00,109.09,118.14571380703266
2026-07-16 09:30:00,105.98,110.57353737698713
2026-07-16 09:45:00,100.36,106.06693392199209
2026-07-16 10:00:00,100.37,99.03514688920073
2026-07-16 10:15:00,94.65,99.20009809064845
2026-07-16 10:30:00,94.09,92.76407514316136
2026-07-16 10:45:00,92.85,94.32399548962407
2026-07-16 11:00:00,93.79,94.6338311776843
2026-07-16 11:15:00,92.69,95.60462533247653
2026-07-16 11:30:00,85.22,95.24392970845771
2026-07-16 11:45:00,83.38,87.7122082848718
2026-07-16 12:00:00,92.15,88.61566255338772
2026-07-16 12:15:00,94.01,96.91282637508861
2026-07-16 12:30:00,97.05,96.45151947472084
2026-07-16 12:45:00,103.01,92.01744450237925
2026-07-16 13:00:00,105.29,106.13156765671818
2026-07-16 13:15:00,107.46,111.3763538689741
2026-07-16 13:30:00,109.36,114.74826253613335
2026-07-16 13:45:00,112.44,116.5727762014916
2026-07-16 14:00:00,105.78,120.87727187138165
2026-07-16 14:15:00,112.67,112.63024101096674
2026-07-16 14:30:00,127.74,122.35893598576962
2026-07-16 14:45:00,129.47,132.69661331988544
2026-07-16 15:00:00,124.59,133.86692055956726
2026-07-16 15:15:00,135.37,131.0380535045367
2026-07-16 15:30:00,139.37,138.92687774454447
2026-07-16 15:45:00,148.06,146.29128454863405
2026-07-16 16:00:00,135.42,154.36852303379337
2026-07-16 16:15:00,159.96,141.9084833595636
2026-07-16 16:30:00,146.98,148.81119731934143
2026-07-16 16:45:00,177.63,155.10440020833903
2026-07-16 17:00:00,155.17,207.81496164088074
2026-07-16 17:15:00,184.62,153.00680753682428
2026-07-16 17:30:00,210.63,215.49898227349235
2026-07-16 17:45:00,229.75,223.3805506116746
2026-07-16 18:00:00,186.05,226.52652088225688
2026-07-16 18:15:00,198.69,201.7317896404795
2026-07-16 18:30:00,263.48,199.72633769564922
2026-07-16 18:45:00,300.07,256.88362761162654
2026-07-16 19:00:00,275.33,269.6735210108445
2026-07-16 19:15:00,245.58,269.27593332924846
2026-07-16 19:30:00,217.06,234.40213582423792
2026-07-16 19:45:00,203.75,218.62419928062585
2026-07-16 20:00:00,228.77,200.01854973732193
2026-07-16 20:15:00,203.75,212.66843821421455
2026-07-16 20:30:00,205.0,195.00462785037516
2026-07-16 20:45:00,189.84,195.25117617476243
2026-07-16 21:00:00,196.03,177.7009955312798
2026-07-16 21:15:00,180.6,178.84616381165017
2026-07-16 21:30:00,175.1,172.05042433092504
2026-07-16 21:45:00,169.52,163.45076116363785
2026-07-16 22:00:00,175.0,163.25882554097456
2026-07-16 22:15:00,171.31,164.20785283704373
2026-07-16 22:30:00,169.45,163.95405753908705
2026-07-16 22:45:00,166.5,162.3702322756893
2026-07-16 23:00:00,167.0,163.74952021317227
2026-07-16 23:15:00,162.88,161.49336914730347
2026-07-16 23:30:00,160.64,162.1882945443468
2026-07-16 23:45:00,155.28,158.4173956393266
2026-07-17 00:00:00,156.97,155.71980967738395
2026-07-17 00:15:00,153.0,156.55912426813177
2026-07-17 00:30:00,151.91,150.48025767087495
2026-07-17 00:45:00,146.02,147.8879754406007
2026-07-17 01:00:00,148.0,142.2568475261043
2026-07-17 01:15:00,145.0,145.5992447792024
2026-07-17 01:30:00,142.0,142.10232737877956
2026-07-17 01:45:00,140.76,141.05950115533082
2026-07-17 02:00:00,141.04,139.64146931157208
2026-07-17 02:15:00,142.2,139.47513344266065
2026-07-17 02:30:00,142.35,141.0534557914886
2026-07-17 02:45:00,146.01,141.52912639993264
2026-07-17 03:00:00,145.4,141.32807125663396
2026-07-17 03:15:00,143.12,142.38934875017307
2026-07-17 03:30:00,149.42,143.06684626043184
2026-07-17 03:45:00,157.48,151.201938320785
2026-07-17 04:00:00,151.02,158.05618890077668
2026-07-17 04:15:00,153.49,151.33010964008247
2026-07-17 04:30:00,153.92,155.19858401630705
2026-07-17 04:45:00,154.48,154.49568530296852
2026-07-17 05:00:00,156.74,154.96906028131193
2026-07-17 05:15:00,154.13,163.07417228553416
2026-07-17 05:30:00,160.73,159.33489113044993
2026-07-17 05:45:00,150.96,167.68217873382218
2026-07-17 06:00:00,155.19,152.543417185597
2026-07-17 06:15:00,158.83,169.2938055295454
2026-07-17 06:30:00,152.04,163.54433205966149
2026-07-17 06:45:00,124.86,141.3481442699545
2026-07-17 07:00:00,150.0,134.7010249807391
2026-07-17 07:15:00,138.6,139.3013848191149
2026-07-17 07:30:00,134.23,135.2191955493876
2026-07-17 07:45:00,118.81,131.75341898574572
2026-07-17 08:00:00,148.62,131.12337280947716
2026-07-17 08:15:00,131.9,141.65132082212145
2026-07-17 08:30:00,120.67,131.15398012299576
2026-07-17 08:45:00,112.41,118.353751159
2026-07-17 09:00:00,121.75,129.8459341120005
2026-07-17 09:15:00,112.47,122.99651718298038
2026-07-17 09:30:00,112.07,119.17875331238402
2026-07-17 09:45:00,110.91,113.78791118831008
2026-07-17 10:00:00,113.07,116.28977133653119
2026-07-17 10:15:00,105.0,118.63168028744415
2026-07-17 10:30:00,100.0,106.19334379407421
2026-07-17 10:45:00,98.3,98.56173509332713
2026-07-17 11:00:00,98.96,93.2346413906878
2026-07-17 11:15:00,98.35,94.99194818704247
2026-07-17 11:30:00,97.81,94.9847892632134
2026-07-17 11:45:00,97.68,94.55913769159858
2026-07-17 12:00:00,97.94,95.76829243516893
2026-07-17 12:15:00,98.09,95.76931719935708
2026-07-17 12:30:00,98.41,94.13595636264658
2026-07-17 12:45:00,99.36,94.79944293109287
2026-07-17 13:00:00,99.7,98.75298355767472
2026-07-17 13:15:00,105.3,100.36098130861579
2026-07-17 13:30:00,106.06,117.14706283637724
2026-07-17 13:45:00,103.18,119.74039689408637
2026-07-17 14:00:00,105.0,109.82540004964125
2026-07-17 14:15:00,111.55,120.02187504854803
2026-07-17 14:30:00,116.86,126.19858933436788
2026-07-17 14:45:00,124.79,126.39284459036651
2026-07-17 15:00:00,114.73,134.67064020324045
2026-07-17 15:15:00,122.57,125.29369801851286
2026-07-17 15:30:00,130.5,138.25068974364044
2026-07-17 15:45:00,141.79,139.63400477144975
2026-07-17 16:00:00,122.92,147.03575061661098
2026-07-17 16:15:00,137.9,137.59237689780855
2026-07-17 16:30:00,142.41,147.61941799984373
2026-07-17 16:45:00,149.33,160.50900296854638
2026-07-17 17:00:00,145.65,148.87986567606677
2026-07-17 17:15:00,153.84,154.76058125198927
2026-07-17 17:30:00,149.76,161.16261063005257
2026-07-17 17:45:00,157.94,161.31659322927393
2026-07-17 18:00:00,150.9,166.94743674992145
2026-07-17 18:15:00,157.88,158.11065188931033
2026-07-17 18:30:00,163.66,173.6131023651063
2026-07-17 18:45:00,171.47,186.0330306018132
2026-07-17 19:00:00,166.01,188.53824146162316
2026-07-17 19:15:00,166.34,169.82112973275818
2026-07-17 19:30:00,169.09,166.24607745312323
2026-07-17 19:45:00,168.39,163.4282160918899
2026-07-17 20:00:00,168.98,163.64804554866345
2026-07-17 20:15:00,165.61,162.8668439353715
2026-07-17 20:30:00,164.61,162.50868245267878
2026-07-17 20:45:00,160.03,162.53734874342436
2026-07-17 21:00:00,163.18,158.88561405415527
2026-07-17 21:15:00,160.78,162.49125424495747
2026-07-17 21:30:00,159.04,158.03348326481623
2026-07-17 21:45:00,150.48,157.50656278434565
2026-07-17 22:00:00,168.41,150.34353870535853
2026-07-17 22:15:00,160.22,163.3454729817314
2026-07-17 22:30:00,151.24,158.23019880839877
2026-07-17 22:45:00,145.0,149.47445722120813
2026-07-17 23:00:00,152.94,144.964527932767
2026-07-17 23:15:00,146.81,150.04375085887807
2026-07-17 23:30:00,143.43,143.44053173814146
2026-07-17 23:45:00,138.39,142.09786280713266
2026-07-18 00:00:00,146.13,139.35349739773721
2026-07-18 00:15:00,142.61,142.75648194804847
2026-07-18 00:30:00,139.09,141.64507850167823
2026-07-18 00:45:00,140.17,137.31381707129052
2026-07-18 01:00:00,137.21,137.68497534330834
2026-07-18 01:15:00,135.55,135.32416599935922
2026-07-18 01:30:00,135.0,134.50379375824798
2026-07-18 01:45:00,133.44,134.43028478756958
2026-07-18 02:00:00,137.6,134.33432737072616
2026-07-18 02:15:00,137.71,136.16693852090245
2026-07-18 02:30:00,135.12,136.28327888730786
2026-07-18 02:45:00,130.39,134.682577187152
2026-07-18 03:00:00,143.05,128.71465466000873
2026-07-18 03:15:00,135.17,142.6108948695757
2026-07-18 03:30:00,131.34,135.64208791910556
2026-07-18 03:45:00,123.55,132.00607278961408
2026-07-18 04:00:00,133.0,129.78609474865524
2026-07-18 04:15:00,130.4,135.90469967683
2026-07-18 04:30:00,127.99,128.6770569662148
2026-07-18 04:45:00,118.01,129.9957035617835
2026-07-18 05:00:00,154.46,120.7644766861838
2026-07-18 05:15:00,120.87,150.54634165713307
2026-07-18 05:30:00,109.52,119.84643200548766
2026-07-18 05:45:00,96.88,113.94779664726812
2026-07-18 06:00:00,122.73,124.31569619071568
2026-07-18 06:15:00,106.87,120.88885715482361
2026-07-18 06:30:00,91.03,112.37897268400977
2026-07-18 06:45:00,73.25,88.52919497513777
2026-07-18 07:00:00,82.67,93.75261267191237
2026-07-18 07:15:00,60.83,91.43754440154932
2026-07-18 07:30:00,27.97,67.59254184377399
2026-07-18 07:45:00,11.0,32.295681595879984
2026-07-18 08:00:00,23.15,20.32933492164362
2026-07-18 08:15:00,11.96,26.563874494377288
2026-07-18 08:30:00,4.99,16.966487548926818
2026-07-18 08:45:00,1.86,4.911189718364374
2026-07-18 09:00:00,0.87,2.7784412478334626
2026-07-18 09:15:00,0.85,2.3759841467494316
2026-07-18 09:30:00,0.33,2.411946196218572
2026-07-18 09:45:00,0.29,0.8113501443537003
2026-07-18 10:00:00,0.05,0.7822318110203671
2026-07-18 10:15:00,0.01,0.7731970785964719
2026-07-18 10:30:00,-0.01,0.7240823943289519
2026-07-18 10:45:00,-0.1,-0.23808822266111426
2026-07-18 11:00:00,-0.65,-0.7554065526080852
2026-07-18 11:15:00,-0.88,-1.0452562359041027
2026-07-18 11:30:00,-0.96,-2.3929083636559443
2026-07-18 11:45:00,-1.4,-1.8272256946609848
2026-07-18 12:00:00,-1.37,-1.6344686870902
2026-07-18 12:15:00,-1.48,-1.619341934053229
2026-07-18 12:30:00,-1.51,-1.398998503264146
2026-07-18 12:45:00,-1.85,-1.3992982861769225
2026-07-18 13:00:00,-1.68,-1.0453143747814844
2026-07-18 13:15:00,-1.91,-0.9380245991171161
2026-07-18 13:30:00,-2.35,-0.7116156128129789
2026-07-18 13:45:00,-4.0,-1.9069124659163728
2026-07-18 14:00:00,-1.68,-2.6106796538622103
2026-07-18 14:15:00,-0.89,4.675239896530645
2026-07-18 14:30:00,-0.53,5.013931646030655
2026-07-18 14:45:00,0.25,5.537420942643195
2026-07-18 15:00:00,-0.19,12.626580600414604
2026-07-18 15:15:00,0.22,10.801748607458974
2026-07-18 15:45:00,3.2,12.41439667662676
2026-07-18 16:00:00,3.53,26.380717699574408
2026-07-18 16:15:00,41.54,29.048008409867144
2026-07-18 16:30:00,84.43,66.65980809949085
2026-07-18 16:45:00,101.89,96.63421007038525
2026-07-18 17:00:00,90.23,101.96287997282133
2026-07-18 17:15:00,111.96,91.41399883323977
2026-07-18 17:30:00,119.02,121.67006875423475
2026-07-18 17:45:00,126.99,128.90641649239723
2026-07-18 18:00:00,121.92,123.50830490424218
2026-07-18 18:15:00,131.32,129.53353797810564
2026-07-18 18:30:00,138.06,146.17720959811624
2026-07-18 18:45:00,145.48,147.51814883008845
2026-07-18 19:00:00,144.95,145.63802095686836
2026-07-18 19:15:00,144.4,145.04109416386032
2026-07-18 19:30:00,147.28,144.6901355359791
2026-07-18 19:45:00,155.17,144.10407704995154
2026-07-18 20:00:00,155.51,153.88646914899266
2026-07-18 20:15:00,155.13,154.09088742702943
2026-07-18 20:30:00,154.96,151.76112419076858
2026-07-18 20:45:00,151.84,151.13452309298464
2026-07-18 21:00:00,151.99,146.7077766162957
2026-07-18 21:15:00,150.19,147.30450089190018
2026-07-18 21:30:00,147.81,146.71569197285623
2026-07-18 21:45:00,137.06,142.3934764192904
2026-07-18 22:00:00,145.59,137.1788757340407
2026-07-18 22:15:00,142.6,141.69096928011652
2026-07-18 22:30:00,135.63,140.35691418568015
2026-07-18 22:45:00,130.97,135.01582596818736
2026-07-18 23:00:00,135.0,132.7670152895037
2026-07-18 23:15:00,132.23,135.6759032288942
2026-07-18 23:30:00,130.06,131.18716495908492
2026-07-18 23:45:00,125.68,127.99853674451423
2026-07-19 00:00:00,127.55,127.05856643057842
2026-07-19 00:15:00,122.31,127.09268468408261
2026-07-19 00:30:00,120.85,123.84618453086118
2026-07-19 00:45:00,116.84,122.3983369761575
2026-07-19 01:00:00,121.07,118.16651873812994
2026-07-19 01:15:00,120.09,122.6867411492125
2026-07-19 01:30:00,118.88,120.60506650173882
2026-07-19 01:45:00,114.78,120.1670284566592
2026-07-19 02:00:00,116.88,117.02131411041111
2026-07-19 02:15:00,112.6,117.77323602260687
2026-07-19 02:30:00,112.52,115.23168715584734
2026-07-19 02:45:00,111.12,115.2333636900792
2026-07-19 03:00:00,107.59,114.28336051031741
2026-07-19 03:15:00,105.92,113.3163246415791
2026-07-19 03:30:00,106.42,112.18741522328196
2026-07-19 03:45:00,104.81,112.55837565704763
2026-07-19 04:00:00,105.13,110.1325537404588
2026-07-19 04:15:00,97.11,110.114832413633
2026-07-19 04:30:00,93.81,100.8680406386903
2026-07-19 04:45:00,82.4,99.92323236960402
2026-07-19 05:00:00,88.4,96.69046833880071
2026-07-19 05:15:00,81.33,90.89530110996205
2026-07-19 05:30:00,76.83,83.78795218777822
2026-07-19 05:45:00,63.63,76.98439412997072
2026-07-19 06:00:00,66.47,63.12331717144909
2026-07-19 06:15:00,49.43,59.79859997499414
2026-07-19 06:30:00,26.75,37.97251468005515
2026-07-19 06:45:00,9.07,24.7561338136291
2026-07-19 07:00:00,8.93,7.208354674485851
2026-07-19 07:15:00,3.76,7.10645015848225
2026-07-19 07:30:00,1.23,3.4310491049040235
2026-07-19 07:45:00,0.22,1.4816982947634691
2026-07-19 08:00:00,0.05,0.37119154047376274
2026-07-19 08:15:00,0.0,0.34925764722501207
2026-07-19 09:00:00,-0.01,0.27205519969256464
2026-07-19 09:15:00,-0.02,-0.15621492832711725
2026-07-19 09:30:00,-0.04,-0.3365101296061883
2026-07-19 09:45:00,-0.09,-0.5115878089290341
2026-07-19 10:00:00,-0.4,-0.5893111989063664
2026-07-19 10:15:00,-0.66,-0.6258004418547223
2026-07-19 10:30:00,-0.72,-0.6859792749330178
2026-07-19 10:45:00,-1.19,-0.6834267266673268
2026-07-19 11:00:00,-1.7,-1.438948596472969
2026-07-19 11:15:00,-2.3,-1.5471200482497578
2026-07-19 11:30:00,-3.02,-3.009324960197465
2026-07-19 11:45:00,-4.0,-4.028414543107259
2026-07-19 12:00:00,-4.47,-4.398878833855188
2026-07-19 12:15:00,-4.82,-4.272304775975733
2026-07-19 12:30:00,-4.81,-4.329984870973329
2026-07-19 12:45:00,-5.19,-4.177793549657549
2026-07-19 13:00:00,-5.43,-2.901056127269697
2026-07-19 13:15:00,-5.0,-2.9704778619607026
2026-07-19 13:30:00,-4.49,-2.953275959914038
2026-07-19 13:45:00,-3.6,-2.94579557463712
2026-07-19 14:00:00,-2.0,-2.927656280010358
2026-07-19 14:15:00,-2.45,-1.1308977950508783
2026-07-19 14:30:00,-3.03,-1.8807008472975046
2026-07-19 14:45:00,-1.3,-2.0287109256404676
2026-07-19 15:00:00,-0.97,0.5026852916318026
2026-07-19 15:15:00,-0.6,1.083019959677199
2026-07-19 15:30:00,0.08,1.756206830642305
2026-07-19 15:45:00,0.6,6.74493341635078
2026-07-19 16:00:00,1.0,12.046195217435478
2026-07-19 16:15:00,25.87,12.605662354727535
2026-07-19 16:30:00,56.74,57.0265584071278
2026-07-19 16:45:00,92.02,64.114513237237
2026-07-19 17:00:00,86.32,106.5599126434469
2026-07-19 17:15:00,108.05,76.19916623480759
2026-07-19 17:30:00,128.73,88.12390727800145
2026-07-19 17:45:00,137.91,117.76224179946676
2026-07-19 18:00:00,132.27,111.81610476505203
2026-07-19 18:15:00,140.12,137.56967564044476
2026-07-19 18:30:00,151.63,137.7078674559303
2026-07-19 18:45:00,158.07,145.6737432045672
2026-07-19 19:00:00,153.25,153.0053876306027
2026-07-19 19:15:00,150.92,148.38587937938325
2026-07-19 19:30:00,150.04,146.91661181056077
2026-07-19 19:45:00,146.46,145.84644302039618
2026-07-19 20:00:00,160.47,141.54320545693773
2026-07-19 20:15:00,151.69,155.1743981782669
2026-07-19 20:30:00,148.84,146.07261317876268
2026-07-19 20:45:00,140.43,146.26468546777613
2026-07-19 21:00:00,152.5,139.20199012380817
2026-07-19 21:15:00,137.02,147.4670203883633
2026-07-19 21:30:00,135.65,133.60077155936764
2026-07-19 21:45:00,128.43,133.5782458340376
2026-07-19 22:00:00,167.33,139.36131420273614
2026-07-19 22:15:00,150.11,157.3117651578356
2026-07-19 22:30:00,140.74,148.90143344059845
2026-07-19 22:45:00,131.63,139.03629077642861
2026-07-19 23:00:00,148.25,141.4238216127167
2026-07-19 23:15:00,140.01,144.09765580097243
2026-07-19 23:30:00,135.68,135.3466482382871
2026-07-19 23:45:00,129.99,133.10955991499395
2026-07-20 00:00:00,132.56,135.32527085842915
2026-07-20 00:15:00,131.3,130.41827372751118
2026-07-20 00:30:00,130.39,130.09551808425925
2026-07-20 00:45:00,134.36,126.53834711469356
2026-07-20 01:00:00,129.4,131.97482857834663
2026-07-20 01:15:00,127.5,126.14420527140079
2026-07-20 01:30:00,126.37,125.66662569111732
2026-07-20 01:45:00,126.67,123.54483253206745
2026-07-20 02:00:00,124.05,123.34968164173314
2026-07-20 02:15:00,129.31,121.73355573153101
2026-07-20 02:30:00,130.66,126.2793041070262
2026-07-20 02:45:00,133.99,128.9608393347445
2026-07-20 03:00:00,137.25,133.00863438996464
2026-07-20 03:15:00,139.28,133.36437444789777
2026-07-20 03:30:00,141.19,134.98156355867803
2026-07-20 03:45:00,145.48,137.5458307928928
2026-07-20 04:00:00,147.73,141.50758527189785
2026-07-20 04:15:00,150.03,142.21380870445148
2026-07-20 04:30:00,150.46,145.4358340261157
2026-07-20 04:45:00,149.19,145.46971847055704
2026-07-20 05:00:00,159.92,144.55692515829108
2026-07-20 05:15:00,152.96,146.20559271028674
2026-07-20 05:30:00,148.99,142.02800307773452
2026-07-20 05:45:00,141.83,141.22885219054535
2026-07-20 06:00:00,159.0,137.57915186980372
2026-07-20 06:15:00,140.0,141.3468149419255
2026-07-20 06:30:00,120.7,125.51271138126668
2026-07-20 06:45:00,104.29,117.6569244760273
2026-07-20 07:00:00,113.72,128.73346174565046
2026-07-20 07:15:00,102.0,114.22097749673443
2026-07-20 07:30:00,89.33,93.95568716477119
2026-07-20 07:45:00,65.82,82.58771520475048
2026-07-20 08:00:00,83.1,75.92285823703538
2026-07-20 08:15:00,73.36,76.42523134995984
2026-07-20 08:30:00,59.54,66.92382851464016
2026-07-20 08:45:00,33.16,46.361697079464584
2026-07-20 09:00:00,31.91,26.96901325747001
2026-07-20 09:15:00,28.91,27.032015497528825
2026-07-20 09:30:00,15.0,21.33332535320599
2026-07-20 09:45:00,10.27,14.32682401417351
2026-07-20 10:00:00,30.62,8.604912429466083
2026-07-20 10:15:00,15.82,29.45723228870639
2026-07-20 10:30:00,19.2,15.729608610258722
2026-07-20 10:45:00,14.9,16.31243840782336
2026-07-20 11:00:00,5.47,17.733735206303567
2026-07-20 11:15:00,5.44,5.838046945582408
2026-07-20 11:30:00,3.54,6.078974958145316
2026-07-20 11:45:00,3.36,4.181586676406645
2026-07-20 12:00:00,8.72,4.685815814352005
2026-07-20 12:15:00,8.9,12.338336355091139
2026-07-20 12:30:00,9.27,14.267502015437715
2026-07-20 12:45:00,11.18,15.233889535340367
2026-07-20 13:00:00,3.56,23.446206836876378
2026-07-20 13:15:00,4.85,6.228299095890141
2026-07-20 13:30:00,10.24,6.411829713101894
2026-07-20 13:45:00,10.0,21.984245245837617
2026-07-20 14:00:00,11.21,21.201557829488106
2026-07-20 14:15:00,11.38,25.018339935633268
2026-07-20 14:30:00,23.41,33.27965750626942
2026-07-20 14:45:00,62.15,48.423244526702916
2026-07-20 15:00:00,26.74,58.79880332712253
2026-07-20 15:15:00,80.0,61.506515835965146
2026-07-20 15:30:00,92.32,87.36412634722961
2026-07-20 15:45:00,108.17,92.96071898470313
2026-07-20 16:00:00,101.96,97.06634988556111
2026-07-20 16:15:00,111.94,104.69787269607642
2026-07-20 16:30:00,133.44,121.18757781315621
2026-07-20 16:45:00,144.85,130.83904180060566
2026-07-20 17:00:00,142.45,128.917603326209
2026-07-20 17:15:00,152.97,142.00053446376398
2026-07-20 17:30:00,162.06,146.06698870407814
2026-07-20 17:45:00,177.88,155.31224938140426
2026-07-20 18:00:00,161.95,201.42579530716804
2026-07-20 18:15:00,169.82,162.14383371298348
2026-07-20 18:30:00,180.14,170.22375953325238
2026-07-20 18:45:00,192.15,186.05638601612097
2026-07-20 19:00:00,180.0,190.35124505430002
2026-07-20 19:15:00,180.29,174.4136049170373
2026-07-20 19:30:00,179.92,167.72292806843208
2026-07-20 19:45:00,178.0,162.65960772454244
2026-07-20 20:00:00,186.34,163.58489165683793
2026-07-20 20:15:00,175.98,164.90581271460832
2026-07-20 20:30:00,171.94,159.57017934325935
2026-07-20 20:45:00,165.0,157.02057388989266
2026-07-20 21:00:00,168.43,160.05764396361835
2026-07-20 21:15:00,162.06,155.4074059575257
2026-07-20 21:30:00,158.48,151.6765813178236
2026-07-20 21:45:00,149.46,148.54872948085688
2026-07-20 22:00:00,154.74,149.5994587164723
2026-07-20 22:15:00,150.89,151.5125441083979
2026-07-20 22:30:00,146.95,146.81528930426353
2026-07-20 22:45:00,145.53,141.2728685723906
2026-07-20 23:00:00,152.2,140.9518225186185
2026-07-20 23:15:00,150.9,146.75082484838921
2026-07-20 23:30:00,149.78,146.13872578327218
2026-07-20 23:45:00,146.97,145.68892118825872
2026-07-21 00:00:00,147.17,140.95658842767898
2026-07-21 00:15:00,144.64,141.21158862103695
2026-07-21 00:30:00,143.66,140.3024203404524
2026-07-21 00:45:00,140.35,139.81129112067964
2026-07-21 01:00:00,140.62,137.02327602014762
2026-07-21 01:15:00,138.45,137.10678320529917
2026-07-21 01:30:00,138.56,133.53823955756846
2026-07-21 01:45:00,139.32,133.70341350605813
2026-07-21 02:00:00,135.03,134.52850808296307
2026-07-21 02:15:00,137.53,132.96251910148993
2026-07-21 02:30:00,141.44,133.73129640419876
2026-07-21 02:45:00,144.18,137.72201426996807
2026-07-21 03:00:00,141.19,141.01591505689956
2026-07-21 03:15:00,144.0,138.75494959289048
2026-07-21 03:30:00,147.4,140.91092196982464
2026-07-21 03:45:00,149.65,142.79978133508826
2026-07-21 04:00:00,155.03,149.12988801596794
2026-07-21 04:15:00,159.69,153.70436559740818
2026-07-21 04:30:00,159.86,157.17775229215894
2026-07-21 04:45:00,156.52,156.36811408480017
2026-07-21 05:00:00,167.0,155.01461845762051
2026-07-21 05:15:00,159.35,160.7464553615492
2026-07-21 05:30:00,155.01,158.8192891081916
2026-07-21 05:45:00,136.35,154.5247694297231
2026-07-21 06:00:00,164.78,153.0820588480192
2026-07-21 06:15:00,149.0,155.7957233291956
2026-07-21 06:30:00,142.16,142.95768250974777
2026-07-21 06:45:00,125.57,135.4991345123249
2026-07-21 07:00:00,153.01,140.02601375941242
2026-07-21 07:15:00,120.13,142.05521379427725
2026-07-21 07:30:00,107.37,117.99689385682856
2026-07-21 07:45:00,77.85,112.37098013042267
2026-07-21 08:00:00,100.55,97.76685610712951
2026-07-21 08:15:00,82.91,97.53625201589242
2026-07-21 08:30:00,71.83,83.5001284539971
2026-07-21 08:45:00,57.46,67.25335205368111
2026-07-21 09:00:00,58.4,52.55691840240458
2026-07-21 09:15:00,53.7,40.1547207082552
2026-07-21 09:30:00,34.23,40.4617442382922
2026-07-21 09:45:00,14.88,30.039988257927842
2026-07-21 10:00:00,17.27,12.347972400524856
2026-07-21 10:15:00,9.03,12.573137196186165
2026-07-21 10:30:00,7.45,8.936752097655118
2026-07-21 10:45:00,6.26,8.640252367525742
2026-07-21 11:00:00,4.97,8.15177267719095
2026-07-21 11:15:00,4.23,5.64561114793259
2026-07-21 11:30:00,4.35,4.703929169800204
2026-07-21 11:45:00,3.1,5.1339990701547285
2026-07-21 12:00:00,0.41,4.776190084678432
2026-07-21 12:15:00,0.58,1.9692196885504492
2026-07-21 12:30:00,0.62,2.140227849880706
2026-07-21 12:45:00,3.94,2.1192422703558824
2026-07-21 13:00:00,2.96,6.921589818913776
2026-07-21 13:15:00,6.11,6.395276679860576
2026-07-21 13:30:00,10.08,10.854431987082648
2026-07-21 13:45:00,28.85,20.992657315826825
2026-07-21 14:00:00,26.25,52.28771442568227
2026-07-21 14:15:00,56.22,52.189143641005536
2026-07-21 14:30:00,63.56,49.86748783605397
2026-07-21 14:45:00,74.12,51.460933174196605
2026-07-21 15:00:00,67.56,86.00601091468174
2026-07-21 15:15:00,84.76,70.44301931210042
2026-07-21 15:30:00,106.5,91.01391783863542
2026-07-21 15:45:00,124.3,93.61055984989282
2026-07-21 16:00:00,113.17,101.41732044787358
2026-07-21 16:15:00,129.49,121.1679519410251
2026-07-21 16:30:00,141.34,137.70418643539887
2026-07-21 16:45:00,153.02,156.4920564647621
2026-07-21 17:00:00,141.53,147.7222465155747
2026-07-21 17:15:00,150.92,157.89387489515016
2026-07-21 17:30:00,158.37,156.516135243852
2026-07-21 17:45:00,164.88,175.87951664032244
2026-07-21 18:00:00,165.44,169.94898674284104
2026-07-21 18:15:00,171.31,171.88402214391297
2026-07-21 18:30:00,174.1,171.44026692409446
2026-07-21 18:45:00,174.86,170.89823723947703
2026-07-21 19:00:00,176.89,164.81863466611708
2026-07-21 19:15:00,175.93,167.49095349646007
2026-07-21 19:30:00,174.82,162.15220380181637
2026-07-21 19:45:00,169.92,160.88618509073925
2026-07-21 20:00:00,176.26,160.14436344879198
2026-07-21 20:15:00,169.06,161.55062353742525
2026-07-21 20:30:00,171.61,160.705091888536
2026-07-21 20:45:00,159.38,162.15227312680767
2026-07-21 21:00:00,165.98,156.77417960710437
2026-07-21 21:15:00,156.19,162.04532678479973
2026-07-21 21:30:00,154.17,154.44786172762113
2026-07-21 21:45:00,146.36,150.2017161972321
2026-07-21 22:00:00,158.85,141.46822732664808
2026-07-21 22:15:00,157.76,157.41378956946912
2026-07-21 22:30:00,153.25,156.47824528072235
2026-07-21 22:45:00,147.16,149.0013054848796
2026-07-21 23:00:00,159.72,142.1156473915699
2026-07-21 23:15:00,151.15,156.98347149949146
2026-07-21 23:30:00,148.0,146.7454114485429
2026-07-21 23:45:00,144.41,143.8441502637841
2026-07-22 00:00:00,150.11,140.9320613958157
2026-07-22 00:15:00,147.76,147.32924838096426
2026-07-22 00:30:00,145.56,142.3081249580753
2026-07-22 00:45:00,139.92,140.82279383058358
2026-07-22 01:00:00,144.97,136.77134411965972
2026-07-22 01:15:00,136.71,140.80638470686873
2026-07-22 01:30:00,133.76,134.34967009436588
2026-07-22 01:45:00,132.41,133.67968892583298
2026-07-22 02:00:00,132.02,131.6976200440032
2026-07-22 02:15:00,131.51,130.93623329698556
2026-07-22 02:30:00,132.93,130.51518286281134
2026-07-22 02:45:00,133.56,134.43115927530948
2026-07-22 03:00:00,130.54,134.18181256950118
2026-07-22 03:15:00,136.85,128.42966223851147
2026-07-22 03:30:00,142.66,135.83537076938123
2026-07-22 03:45:00,148.21,140.58001957001918
2026-07-22 04:00:00,148.28,147.3826895423189
2026-07-22 04:15:00,154.36,149.56551050396683
2026-07-22 04:30:00,160.98,152.33467049349275
2026-07-22 04:45:00,150.74,156.28865802629838
2026-07-22 05:00:00,162.24,148.36409546153217
2026-07-22 05:15:00,154.32,159.18513637516642
2026-07-22 05:30:00,148.79,149.73115485961526
2026-07-22 05:45:00,130.61,143.2396929754685
2026-07-22 06:00:00,163.15,142.38244663086607
2026-07-22 06:15:00,143.94,165.09855063573667
2026-07-22 06:30:00,123.18,139.22360092394857
2026-07-22 06:45:00,107.79,118.87366516884227
2026-07-22 07:00:00,122.4,130.17521075046238
2026-07-22 07:15:00,105.05,120.5091931151581
2026-07-22 07:30:00,90.59,108.9998573534876
2026-07-22 07:45:00,85.38,87.99471690288715
2026-07-22 08:00:00,98.76,94.51808872301388
2026-07-22 08:15:00,83.71,94.89506254741116
2026-07-22 08:30:00,66.46,83.33739138875261
2026-07-22 08:45:00,53.87,56.2978493441542
2026-07-22 09:00:00,53.31,58.828839623713186
2026-07-22 09:15:00,48.15,50.59375335575767
2026-07-22 09:30:00,40.18,41.22161975822338
2026-07-22 09:45:00,31.27,36.794049934900066
2026-07-22 10:00:00,28.97,29.502962772090395
2026-07-22 10:15:00,27.37,27.159988721224003
2026-07-22 10:30:00,22.53,27.291482963467125
2026-07-22 10:45:00,17.13,16.41656081381789
2026-07-22 11:00:00,18.68,17.885800554453894
2026-07-22 11:15:00,14.45,18.099733613823698
2026-07-22 11:30:00,13.03,18.17898440827603
2026-07-22 11:45:00,10.44,16.717162367841627
2026-07-22 12:00:00,3.36,19.09959567740974
2026-07-22 12:15:00,3.23,4.938146073864704
2026-07-22 12:30:00,3.99,4.901810193991043
2026-07-22 12:45:00,5.0,5.102917576128188
2026-07-22 13:00:00,2.88,6.244560839552743
2026-07-22 13:15:00,2.63,4.915331060165245
2026-07-22 13:30:00,3.56,4.820704392654188
2026-07-22 13:45:00,8.41,5.4907768235471694
2026-07-22 14:00:00,5.11,16.904397409361554
2026-07-22 14:15:00,12.42,16.940615133272562
2026-07-22 14:30:00,13.88,34.77779187194848
2026-07-22 14:45:00,38.64,38.08781587779688
2026-07-22 15:00:00,24.99,61.45331308322865
2026-07-22 15:15:00,60.68,63.04198254652982
2026-07-22 15:30:00,77.67,69.7558571482814
2026-07-22 15:45:00,100.47,91.58479514390721
2026-07-22 16:00:00,88.08,80.54891193826984
2026-07-22 16:15:00,103.28,95.87864652165102
2026-07-22 16:30:00,115.88,109.13756694696207
2026-07-22 16:45:00,133.86,125.1400786832249
2026-07-22 17:00:00,124.07,126.24388541503919
2026-07-22 17:15:00,139.33,132.33820243114127
2026-07-22 17:30:00,148.97,161.49785625198
2026-07-22 17:45:00,149.01,159.1574862039228
2026-07-22 18:00:00,155.02,154.27241264884697
2026-07-22 18:15:00,158.78,162.60684694965136
2026-07-22 18:30:00,162.78,168.18491413016372
2026-07-22 18:45:00,169.29,167.26498552095708
2026-07-22 19:00:00,170.34,163.70774859488927
2026-07-22 19:15:00,165.77,163.78393698508395
2026-07-22 19:30:00,165.44,161.87844014291704
2026-07-22 19:45:00,159.12,161.40922825227602
2026-07-22 20:00:00,171.41,155.3640188432625
2026-07-22 20:15:00,162.65,161.15259401469828
2026-07-22 20:30:00,158.82,162.29665010370582
2026-07-22 20:45:00,149.97,155.2981821616302
2026-07-22 21:00:00,157.41,149.12403233500524
2026-07-22 21:15:00,153.17,154.35729643152962
2026-07-22 21:30:00,152.42,147.93500939332154
2026-07-22 21:45:00,139.65,146.38757257617476
2026-07-22 22:00:00,160.46,141.60873312998072
2026-07-22 22:15:00,151.45,156.5332688144348
2026-07-22 22:30:00,142.5,146.21023273606932
2026-07-22 22:45:00,132.39,139.9178130499415
2026-07-22 23:00:00,144.26,137.23918272224566
2026-07-22 23:15:00,141.54,140.38103132321345
2026-07-22 23:30:00,140.32,138.06110411815777
2026-07-22 23:45:00,133.36,137.65456716830397
2026-07-23 00:00:00,139.2,134.22092098964598
2026-07-23 00:15:00,135.4,136.54080777072284
2026-07-23 00:30:00,134.85,134.20135352784524
2026-07-23 00:45:00,133.16,133.53380483511017
2026-07-23 01:00:00,133.06,133.99177587365207
2026-07-23 01:15:00,135.76,132.9753478511536
2026-07-23 01:30:00,133.24,133.04600001616976
2026-07-23 01:45:00,133.25,132.84609402713778
2026-07-23 02:00:00,133.61,132.97969603092193
2026-07-23 02:15:00,134.7,132.99061061819464
2026-07-23 02:30:00,138.31,133.10864759852723
2026-07-23 02:45:00,141.85,134.31087430280857
2026-07-23 03:00:00,133.45,138.81125293353196
2026-07-23 03:15:00,139.08,133.4664909814297
2026-07-23 03:30:00,149.35,136.7396879017767
2026-07-23 03:45:00,155.95,148.9596537453322
2026-07-23 04:00:00,150.27,156.40865918108094
2026-07-23 04:15:00,162.55,148.8841354646138
2026-07-23 04:30:00,161.79,163.2182209521802
2026-07-23 04:45:00,164.01,157.86711612040588
2026-07-23 05:00:00,173.16,163.75189423908037
2026-07-23 05:15:00,173.72,161.16087981622863
2026-07-23 05:30:00,163.92,163.10549707053315
2026-07-23 05:45:00,161.23,152.1346098864998
2026-07-23 06:00:00,174.01,169.0760719805212
2026-07-23 06:15:00,162.8,172.28158636290962
2026-07-23 06:30:00,159.67,150.6456129986855
2026-07-23 06:45:00,142.3,145.44377434810963
2026-07-23 07:00:00,161.81,141.19245065324228
2026-07-23 07:15:00,143.88,141.2688954866738
2026-07-23 07:30:00,118.38,134.87961361025538
2026-07-23 07:45:00,111.43,117.44108450655027
2026-07-23 08:00:00,116.74,133.37147937591786
2026-07-23 08:15:00,112.18,122.78780599513907
2026-07-23 08:30:00,107.85,112.90084161244687
2026-07-23 08:45:00,93.22,108.14059957642931
2026-07-23 09:00:00,108.65,93.35884580581724
2026-07-23 09:15:00,87.81,108.95316432135769
2026-07-23 09:30:00,78.92,90.08807418617911
2026-07-23 09:45:00,80.07,68.62850916758474
2026-07-23 10:00:00,79.01,75.61892994623432
2026-07-23 10:15:00,42.72,80.29663867389301
2026-07-23 10:30:00,22.21,43.57838217140365
2026-07-23 10:45:00,9.5,17.5259344730246
2026-07-23 11:00:00,20.44,10.226592549167734
2026-07-23 11:15:00,10.35,15.893137688302525
2026-07-23 11:30:00,4.94,8.730959748519703
2026-07-23 11:45:00,3.69,5.020606557770467
2026-07-23 12:00:00,1.42,4.691653919335215
2026-07-23 12:15:00,1.63,3.3857169491724606
2026-07-23 12:30:00,5.14,3.374448709788938
2026-07-23 12:45:00,3.89,5.767552925508835
2026-07-23 13:00:00,1.14,6.612128357681203
2026-07-23 13:15:00,2.79,6.057285710731747
2026-07-23 13:30:00,2.84,6.935304504185413
2026-07-23 13:45:00,13.23,7.583122696191783
2026-07-23 14:00:00,4.18,35.717881158539
2026-07-23 14:15:00,15.97,23.89364712959885
2026-07-23 14:30:00,27.44,35.56943917125351
2026-07-23 14:45:00,60.09,52.00399371586146
2026-07-23 15:00:00,51.54,50.52936559212656
2026-07-23 15:15:00,93.75,65.49622991317638
2026-07-23 15:30:00,112.13,84.93866789642681
2026-07-23 15:45:00,125.18,95.36190451324876
2026-07-23 16:00:00,111.54,99.11024824509781
2026-07-23 16:15:00,138.77,120.30152033687258
2026-07-23 16:30:00,153.5,134.50727768126734
2026-07-23 16:45:00,165.0,146.76126267648786
2026-07-23 17:00:00,152.77,145.92969055725058
2026-07-23 17:15:00,164.67,150.79348311416197
2026-07-23 17:30:00,168.27,170.83831487371765
2026-07-23 17:45:00,178.69,171.5125208360858
2026-07-23 18:00:00,172.79,190.96378491502205
2026-07-23 18:15:00,184.53,169.48865345623503
2026-07-23 18:30:00,185.8,186.01497681782422
2026-07-23 18:45:00,197.5,180.30149695326057
2026-07-23 19:00:00,192.84,180.72954594691677
2026-07-23 19:15:00,191.79,174.51797464489516
2026-07-23 19:30:00,189.7,173.02259754769256
2026-07-23 19:45:00,185.67,170.3138934364833
2026-07-23 20:00:00,195.92,169.1649170774402
2026-07-23 20:15:00,188.96,170.24789752531836
2026-07-23 20:30:00,184.29,168.5479594460687
2026-07-23 20:45:00,177.0,165.0193598371921
2026-07-23 21:00:00,181.68,163.0720006886204
2026-07-23 21:15:00,170.66,164.27769363962787
2026-07-23 21:30:00,166.94,159.70894620805763
2026-07-23 21:45:00,162.4,155.81019912553222
2026-07-23 22:00:00,168.22,162.20136284724796
2026-07-23 22:15:00,163.65,160.46376614848015
2026-07-23 22:30:00,160.58,158.32022760581532
2026-07-23 22:45:00,151.56,151.27204218616654
2026-07-23 23:00:00,162.54,146.86355645252843
2026-07-23 23:15:00,157.95,158.6695841524036
2026-07-23 23:30:00,155.89,153.63029483704375
2026-07-23 23:45:00,151.94,151.50478145590313
2026-07-24 00:00:00,155.26,146.3727438707402
2026-07-24 00:15:00,151.69,151.88219089077623
2026-07-24 00:30:00,148.43,145.30751654809194
2026-07-24 00:45:00,145.73,144.79816770292013
2026-07-24 01:00:00,154.45,140.01279743579497
2026-07-24 01:15:00,151.85,149.53275686479284
2026-07-24 01:30:00,151.69,145.71981613793514
2026-07-24 01:45:00,152.13,145.7510807933241
2026-07-24 02:00:00,149.73,145.54566466981584
2026-07-24 02:15:00,150.33,145.86241339183766
2026-07-24 02:30:00,151.0,146.85969981147292
2026-07-24 02:45:00,163.06,147.2903858786153
2026-07-24 03:00:00,153.15,153.5835780720712
2026-07-24 03:15:00,158.68,147.9256778743229
2026-07-24 03:30:00,165.85,156.59174848037534
2026-07-24 03:45:00,169.86,163.2043721986531
2026-07-24 04:00:00,168.45,164.39734531266575
2026-07-24 04:15:00,177.73,164.3989574100813
2026-07-24 04:30:00,175.31,177.36864860186677
2026-07-24 04:45:00,172.12,164.16902722360257
2026-07-24 05:00:00,178.28,162.21305175675272
2026-07-24 05:15:00,172.39,170.20270546591195
2026-07-24 05:30:00,167.43,161.5948740084326
2026-07-24 05:45:00,152.73,160.44238401923135
2026-07-24 06:00:00,173.99,155.50626606315709
2026-07-24 06:15:00,166.76,173.01701590361057
2026-07-24 06:30:00,159.08,168.63404927280178
2026-07-24 06:45:00,139.84,164.60821029003037
2026-07-24 07:00:00,169.74,154.8486989494935
2026-07-24 07:15:00,133.75,156.9874292984085
2026-07-24 07:30:00,118.55,138.4221447023233
2026-07-24 07:45:00,119.67,117.60781058146456
2026-07-24 08:00:00,124.14,138.2120400274371
2026-07-24 08:15:00,115.25,120.14572412550008
2026-07-24 08:30:00,109.25,116.6429295135045
2026-07-24 08:45:00,102.12,110.4888804946764
2026-07-24 09:00:00,104.0,108.81514692016452
2026-07-24 09:15:00,96.22,102.31456877082566
2026-07-24 09:30:00,80.49,88.49016124396401
2026-07-24 09:45:00,64.93,71.66003799359221
2026-07-24 10:00:00,70.41,72.29453230146848
2026-07-24 10:15:00,73.87,68.22304028614562
2026-07-24 10:30:00,54.76,72.69281797659461
2026-07-24 10:45:00,36.14,43.57725798707223
2026-07-24 11:00:00,53.07,35.981746438095925
2026-07-24 11:15:00,33.67,46.94809134808212
2026-07-24 11:30:00,24.84,33.84541840340742
2026-07-24 11:45:00,12.22,30.450733748013025
2026-07-24 12:00:00,9.17,27.092453318379686
2026-07-24 12:15:00,8.6,12.667686324216671
2026-07-24 12:30:00,9.35,12.148302002114029
2026-07-24 12:45:00,14.34,14.568325860445844
2026-07-24 13:00:00,3.86,38.76319520292406
2026-07-24 13:15:00,7.15,7.31931047902992
2026-07-24 13:30:00,20.11,12.906432175575198
2026-07-24 13:45:00,39.91,37.94316730820664
2026-07-24 14:00:00,29.7,33.19298925553518
2026-07-24 14:15:00,55.16,49.20381092863095
2026-07-24 14:30:00,74.31,54.38848232594153
2026-07-24 14:45:00,92.83,83.56167028810601
2026-07-24 15:00:00,70.43,86.82112083157301
2026-07-24 15:15:00,103.17,78.13442299088264
2026-07-24 15:30:00,120.13,107.15122873906844
2026-07-24 15:45:00,140.87,125.80186827487455
2026-07-24 16:00:00,123.26,108.71425795700273
2026-07-24 16:15:00,145.4,133.58634787323382
2026-07-24 16:30:00,160.02,152.8490712336538
2026-07-24 16:45:00,179.82,161.84207424778413
2026-07-24 17:00:00,149.31,183.29539113778648
2026-07-24 17:15:00,173.61,159.39817231804653
2026-07-24 17:30:00,190.23,169.91226225672943
2026-07-24 17:45:00,204.95,196.45389683239964
2026-07-24 18:00:00,188.54,202.52452575970466
2026-07-24 18:15:00,194.59,192.43479682810442
2026-07-24 18:30:00,207.21,195.02053038782412
2026-07-24 18:45:00,213.38,211.78000817748352
2026-07-24 19:00:00,210.53,224.39030217635062
2026-07-24 19:15:00,207.8,214.55787454464328
2026-07-24 19:30:00,201.88,199.97610824255688
2026-07-24 19:45:00,195.72,183.96263919405558
2026-07-24 20:00:00,208.26,178.3339046328624
2026-07-24 20:15:00,197.9,202.67779598675997
2026-07-24 20:30:00,188.64,175.87496834573943
2026-07-24 20:45:00,184.5,170.54521575795326
2026-07-24 21:00:00,185.48,168.07241411585002
2026-07-24 21:15:00,183.0,167.91256972812178
2026-07-24 21:30:00,181.31,166.1330231173092
2026-07-24 21:45:00,170.67,166.07697663225943
