Method,VaR_95,Violation_Rate
Historical,-0.016665236,0.03191489
Parametric,-0.017350896,0.02393617
GARCH,-0.010111593,0.05452128
