Model,RMSE,MAE
Historical,0.0214155562,0.011276841
EWMA,0.030766,0.0307098733
GARCH,0.0304631757,0.0210012757
