MAE,RMSE,R2
941.0928658135123,1377.861042527418,0.990591966947883
