Total Return,Sharpe Ratio,Max Drawdown
0.2995183686626175,0.386169295239626,-0.09312626490100662
